node_id,compound_id,source_name,formula,counts,exact_mass,ion_mode,charge,generation_type,operation,path,source_nodes,fragment_atom_indices,reaction_site_elements,broken_bonds,h_shift,recombination_loss,rule_pack,trigger_feature,evidence,structure_score,ionization_score,path_score,formula_score,path_count,mechanism_count,source_fragment_count
node_0001,COC,Cyclic Olefin Copolymer,C11H20,"{""C"": 11, ""H"": 20}",152.1565006446,neutral,0,parent,source_molecule,M,,,,0,0,,,,,0.45,0.0,0.32,0.0,1,1,0
node_0002,COC,Cyclic Olefin Copolymer,C10H17,"{""C"": 10, ""H"": 17}",137.13302554791,neutral,0,fragment,bond_break,"M | fragment C,H from C-C bond break(s)",node_0001,1;2;3;4;5;6;7;8;9;10;14;15;16;17;18;19;20;21;22;23;24;25;26;27;28;29;30,C,1,0,,,,,0.64,0.0,0.434,0.0,1,1,0
node_0003,COC,Cyclic Olefin Copolymer,C2H5,"{""C"": 2, ""H"": 5}",29.03912516115,neutral,0,fragment,bond_break,"M | fragment C,H from C-C bond break(s)",node_0001,0;1;11;12;13;14;15,C,1,0,,,,,0.64,0.0,0.434,0.0,1,1,0
node_0004,COC,Cyclic Olefin Copolymer,C9H15,"{""C"": 9, ""H"": 15}",123.11737548345,neutral,0,fragment,bond_break,"M | fragment C,H from C-C bond break(s)",node_0001,2;3;4;5;6;7;8;9;10;16;17;18;19;20;21;22;23;24;25;26;27;28;29;30,C,1,0,,,,,0.64,0.0,0.434,0.0,1,1,0
node_0005,COC,Cyclic Olefin Copolymer,C9H15,"{""C"": 9, ""H"": 15}",123.11737548345,neutral,0,fragment,bond_break,"M | fragment C,H from C-C bond break(s)",node_0001,0;1;2;3;4;5;6;7;8;11;12;13;14;15;16;17;18;19;20;21;22;23;24;25,C,1,0,,,,,0.64,0.0,0.434,0.0,1,1,0
node_0006,COC,Cyclic Olefin Copolymer,C2H5,"{""C"": 2, ""H"": 5}",29.03912516115,neutral,0,fragment,bond_break,"M | fragment C,H from C-C bond break(s)",node_0001,9;10;26;27;28;29;30,C,1,0,,,,,0.64,0.0,0.434,0.0,1,1,0
node_0007,COC,Cyclic Olefin Copolymer,C10H17,"{""C"": 10, ""H"": 17}",137.13302554791,neutral,0,fragment,bond_break,"M | fragment C,H from C-C bond break(s)",node_0001,0;1;2;3;4;5;6;7;8;9;11;12;13;14;15;16;17;18;19;20;21;22;23;24;25;26;27,C,1,0,,,,,0.64,0.0,0.434,0.0,1,1,0
node_0008,COC,Cyclic Olefin Copolymer,C8H12,"{""C"": 8, ""H"": 12}",108.09390038676,neutral,0,fragment,bond_break,"M | fragment C,H from C-C+C-C bond break(s)",node_0001,1;2;3;4;5;6;7;8;14;15;16;17;18;19;20;21;22;23;24;25,C;C,2,0,,,,,0.5599999999999999,0.0,0.38599999999999995,0.0,1,1,0
node_0009,COC,Cyclic Olefin Copolymer,C9H14,"{""C"": 9, ""H"": 14}",122.10955045122,neutral,0,fragment,bond_break,"M | fragment C,H from C-C+C-C bond break(s)",node_0001,1;2;3;4;5;6;7;8;9;14;15;16;17;18;19;20;21;22;23;24;25;26;27,C;C,2,0,,,,,0.5599999999999999,0.0,0.38599999999999995,0.0,1,1,0
node_0010,COC,Cyclic Olefin Copolymer,C7H10,"{""C"": 7, ""H"": 10}",94.0782503223,neutral,0,fragment,bond_break,"M | fragment C,H from C-C+C-C bond break(s)",node_0001,2;3;4;5;6;7;8;16;17;18;19;20;21;22;23;24;25,C;C,2,0,,,,,0.5599999999999999,0.0,0.38599999999999995,0.0,1,1,0
node_0011,COC,Cyclic Olefin Copolymer,C8H12,"{""C"": 8, ""H"": 12}",108.09390038676,neutral,0,fragment,bond_break,"M | fragment C,H from C-C+C-C bond break(s)",node_0001,2;3;4;5;6;7;8;9;16;17;18;19;20;21;22;23;24;25;26;27,C;C,2,0,,,,,0.5599999999999999,0.0,0.38599999999999995,0.0,1,1,0
node_0012,COC,Cyclic Olefin Copolymer,C10H16,"{""C"": 10, ""H"": 16}",136.12520051568,neutral,0,fragment_h_shift,h_shift_-1,"M | fragment C,H from C-C bond break(s) | h_shift_-1",node_0002,1;2;3;4;5;6;7;8;9;10;14;15;16;17;18;19;20;21;22;23;24;25;26;27;28;29;30,C,1,-1,,,,,0.6000000000000001,0.0,0.38000000000000006,0.0,1,1,0
node_0013,COC,Cyclic Olefin Copolymer,C10H18,"{""C"": 10, ""H"": 18}",138.14085058014,neutral,0,fragment_h_shift,h_shift_+1,"M | fragment C,H from C-C bond break(s) | h_shift_+1",node_0002,1;2;3;4;5;6;7;8;9;10;14;15;16;17;18;19;20;21;22;23;24;25;26;27;28;29;30,C,1,1,,,,,0.6000000000000001,0.0,0.38000000000000006,0.0,1,1,0
node_0014,COC,Cyclic Olefin Copolymer,C2H4,"{""C"": 2, ""H"": 4}",28.03130012892,neutral,0,fragment_h_shift,h_shift_-1,"M | fragment C,H from C-C bond break(s) | h_shift_-1",node_0003,0;1;11;12;13;14;15,C,1,-1,,,,,0.6000000000000001,0.0,0.38000000000000006,0.0,1,1,0
node_0015,COC,Cyclic Olefin Copolymer,C2H6,"{""C"": 2, ""H"": 6}",30.04695019338,neutral,0,fragment_h_shift,h_shift_+1,"M | fragment C,H from C-C bond break(s) | h_shift_+1",node_0003,0;1;11;12;13;14;15,C,1,1,,,,,0.6000000000000001,0.0,0.38000000000000006,0.0,1,1,0
node_0016,COC,Cyclic Olefin Copolymer,C9H14,"{""C"": 9, ""H"": 14}",122.10955045122,neutral,0,fragment_h_shift,h_shift_-1,"M | fragment C,H from C-C bond break(s) | h_shift_-1",node_0004,2;3;4;5;6;7;8;9;10;16;17;18;19;20;21;22;23;24;25;26;27;28;29;30,C,1,-1,,,,,0.6000000000000001,0.0,0.38000000000000006,0.0,1,1,0
node_0017,COC,Cyclic Olefin Copolymer,C9H16,"{""C"": 9, ""H"": 16}",124.12520051568,neutral,0,fragment_h_shift,h_shift_+1,"M | fragment C,H from C-C bond break(s) | h_shift_+1",node_0004,2;3;4;5;6;7;8;9;10;16;17;18;19;20;21;22;23;24;25;26;27;28;29;30,C,1,1,,,,,0.6000000000000001,0.0,0.38000000000000006,0.0,1,1,0
node_0018,COC,Cyclic Olefin Copolymer,C9H14,"{""C"": 9, ""H"": 14}",122.10955045122,neutral,0,fragment_h_shift,h_shift_-1,"M | fragment C,H from C-C bond break(s) | h_shift_-1",node_0005,0;1;2;3;4;5;6;7;8;11;12;13;14;15;16;17;18;19;20;21;22;23;24;25,C,1,-1,,,,,0.6000000000000001,0.0,0.38000000000000006,0.0,1,1,0
node_0019,COC,Cyclic Olefin Copolymer,C9H16,"{""C"": 9, ""H"": 16}",124.12520051568,neutral,0,fragment_h_shift,h_shift_+1,"M | fragment C,H from C-C bond break(s) | h_shift_+1",node_0005,0;1;2;3;4;5;6;7;8;11;12;13;14;15;16;17;18;19;20;21;22;23;24;25,C,1,1,,,,,0.6000000000000001,0.0,0.38000000000000006,0.0,1,1,0
node_0020,COC,Cyclic Olefin Copolymer,C2H4,"{""C"": 2, ""H"": 4}",28.03130012892,neutral,0,fragment_h_shift,h_shift_-1,"M | fragment C,H from C-C bond break(s) | h_shift_-1",node_0006,9;10;26;27;28;29;30,C,1,-1,,,,,0.6000000000000001,0.0,0.38000000000000006,0.0,1,1,0
node_0021,COC,Cyclic Olefin Copolymer,C2H6,"{""C"": 2, ""H"": 6}",30.04695019338,neutral,0,fragment_h_shift,h_shift_+1,"M | fragment C,H from C-C bond break(s) | h_shift_+1",node_0006,9;10;26;27;28;29;30,C,1,1,,,,,0.6000000000000001,0.0,0.38000000000000006,0.0,1,1,0
node_0022,COC,Cyclic Olefin Copolymer,C10H16,"{""C"": 10, ""H"": 16}",136.12520051568,neutral,0,fragment_h_shift,h_shift_-1,"M | fragment C,H from C-C bond break(s) | h_shift_-1",node_0007,0;1;2;3;4;5;6;7;8;9;11;12;13;14;15;16;17;18;19;20;21;22;23;24;25;26;27,C,1,-1,,,,,0.6000000000000001,0.0,0.38000000000000006,0.0,1,1,0
node_0023,COC,Cyclic Olefin Copolymer,C10H18,"{""C"": 10, ""H"": 18}",138.14085058014,neutral,0,fragment_h_shift,h_shift_+1,"M | fragment C,H from C-C bond break(s) | h_shift_+1",node_0007,0;1;2;3;4;5;6;7;8;9;11;12;13;14;15;16;17;18;19;20;21;22;23;24;25;26;27,C,1,1,,,,,0.6000000000000001,0.0,0.38000000000000006,0.0,1,1,0
node_0024,COC,Cyclic Olefin Copolymer,C8H11,"{""C"": 8, ""H"": 11}",107.08607535453,neutral,0,fragment_h_shift,h_shift_-1,"M | fragment C,H from C-C+C-C bond break(s) | h_shift_-1",node_0008,1;2;3;4;5;6;7;8;14;15;16;17;18;19;20;21;22;23;24;25,C;C,2,-1,,,,,0.52,0.0,0.332,0.0,1,1,0
node_0025,COC,Cyclic Olefin Copolymer,C8H13,"{""C"": 8, ""H"": 13}",109.10172541899,neutral,0,fragment_h_shift,h_shift_+1,"M | fragment C,H from C-C+C-C bond break(s) | h_shift_+1",node_0008,1;2;3;4;5;6;7;8;14;15;16;17;18;19;20;21;22;23;24;25,C;C,2,1,,,,,0.52,0.0,0.332,0.0,1,1,0
node_0026,COC,Cyclic Olefin Copolymer,C9H13,"{""C"": 9, ""H"": 13}",121.10172541899,neutral,0,fragment_h_shift,h_shift_-1,"M | fragment C,H from C-C+C-C bond break(s) | h_shift_-1",node_0009,1;2;3;4;5;6;7;8;9;14;15;16;17;18;19;20;21;22;23;24;25;26;27,C;C,2,-1,,,,,0.52,0.0,0.332,0.0,1,1,0
node_0027,COC,Cyclic Olefin Copolymer,C9H15,"{""C"": 9, ""H"": 15}",123.11737548345,neutral,0,fragment_h_shift,h_shift_+1,"M | fragment C,H from C-C+C-C bond break(s) | h_shift_+1",node_0009,1;2;3;4;5;6;7;8;9;14;15;16;17;18;19;20;21;22;23;24;25;26;27,C;C,2,1,,,,,0.52,0.0,0.332,0.0,1,1,0
node_0028,COC,Cyclic Olefin Copolymer,C7H9,"{""C"": 7, ""H"": 9}",93.07042529007,neutral,0,fragment_h_shift,h_shift_-1,"M | fragment C,H from C-C+C-C bond break(s) | h_shift_-1",node_0010,2;3;4;5;6;7;8;16;17;18;19;20;21;22;23;24;25,C;C,2,-1,,,,,0.52,0.0,0.332,0.0,1,1,0
node_0029,COC,Cyclic Olefin Copolymer,C7H11,"{""C"": 7, ""H"": 11}",95.08607535453,neutral,0,fragment_h_shift,h_shift_+1,"M | fragment C,H from C-C+C-C bond break(s) | h_shift_+1",node_0010,2;3;4;5;6;7;8;16;17;18;19;20;21;22;23;24;25,C;C,2,1,,,,,0.52,0.0,0.332,0.0,1,1,0
node_0030,COC,Cyclic Olefin Copolymer,C8H11,"{""C"": 8, ""H"": 11}",107.08607535453,neutral,0,fragment_h_shift,h_shift_-1,"M | fragment C,H from C-C+C-C bond break(s) | h_shift_-1",node_0011,2;3;4;5;6;7;8;9;16;17;18;19;20;21;22;23;24;25;26;27,C;C,2,-1,,,,,0.52,0.0,0.332,0.0,1,1,0
node_0031,COC,Cyclic Olefin Copolymer,C8H13,"{""C"": 8, ""H"": 13}",109.10172541899,neutral,0,fragment_h_shift,h_shift_+1,"M | fragment C,H from C-C+C-C bond break(s) | h_shift_+1",node_0011,2;3;4;5;6;7;8;9;16;17;18;19;20;21;22;23;24;25;26;27,C;C,2,1,,,,,0.52,0.0,0.332,0.0,1,1,0
node_0032,COC,Cyclic Olefin Copolymer,C12H21,"{""C"": 12, ""H"": 21}",165.16432567683,neutral,0,recombination,single_dehydrogenative_recombination,node_0002 + node_0014 | single_dehydrogenative_recombination,node_0002;node_0014,,C,2,-1,H,,,,0.48,0.0,0.248,0.0,1,1,0
node_0033,COC,Cyclic Olefin Copolymer,C19H31,"{""C"": 19, ""H"": 31}",259.24257599913,neutral,0,recombination,single_dehydrogenative_recombination,node_0002 + node_0016 | single_dehydrogenative_recombination,node_0002;node_0016,,C,2,-1,H,,,,0.48,0.0,0.198,0.0,1,1,0
node_0034,COC,Cyclic Olefin Copolymer,C19H31,"{""C"": 19, ""H"": 31}",259.24257599913,neutral,0,recombination,single_dehydrogenative_recombination,node_0002 + node_0018 | single_dehydrogenative_recombination,node_0002;node_0018,,C,2,-1,H,,,,0.48,0.0,0.198,0.0,1,1,0
node_0035,COC,Cyclic Olefin Copolymer,C12H21,"{""C"": 12, ""H"": 21}",165.16432567683,neutral,0,recombination,single_dehydrogenative_recombination,node_0002 + node_0020 | single_dehydrogenative_recombination,node_0002;node_0020,,C,2,-1,H,,,,0.48,0.0,0.248,0.0,1,1,0
node_0036,COC,Cyclic Olefin Copolymer,C20H33,"{""C"": 20, ""H"": 33}",273.25822606359,neutral,0,recombination,single_dehydrogenative_recombination,node_0002 + node_0022 | single_dehydrogenative_recombination,node_0002;node_0022,,C,2,-1,H,,,,0.48,0.0,0.198,0.0,1,1,0
node_0037,COC,Cyclic Olefin Copolymer,C18H28,"{""C"": 18, ""H"": 28}",244.21910090244,neutral,0,recombination,single_dehydrogenative_recombination,node_0002 + node_0024 | single_dehydrogenative_recombination,node_0002;node_0024,,C,3,-1,H,,,,0.4,0.0,0.15,0.0,1,1,0
node_0038,COC,Cyclic Olefin Copolymer,C19H30,"{""C"": 19, ""H"": 30}",258.2347509669,neutral,0,recombination,single_dehydrogenative_recombination,node_0002 + node_0026 | single_dehydrogenative_recombination,node_0002;node_0026,,C,3,-1,H,,,,0.4,0.0,0.15,0.0,1,1,0
node_0039,COC,Cyclic Olefin Copolymer,C17H26,"{""C"": 17, ""H"": 26}",230.20345083798,neutral,0,recombination,single_dehydrogenative_recombination,node_0002 + node_0028 | single_dehydrogenative_recombination,node_0002;node_0028,,C,3,-1,H,,,,0.4,0.0,0.15,0.0,1,1,0
node_0040,COC,Cyclic Olefin Copolymer,C18H28,"{""C"": 18, ""H"": 28}",244.21910090244,neutral,0,recombination,single_dehydrogenative_recombination,node_0002 + node_0030 | single_dehydrogenative_recombination,node_0002;node_0030,,C,3,-1,H,,,,0.4,0.0,0.15,0.0,1,1,0
node_0041,COC,Cyclic Olefin Copolymer,C12H21,"{""C"": 12, ""H"": 21}",165.16432567683,neutral,0,recombination,single_dehydrogenative_recombination,node_0003 + node_0012 | single_dehydrogenative_recombination,node_0003;node_0012,,C,2,-1,H,,,,0.48,0.0,0.248,0.0,1,1,0
node_0042,COC,Cyclic Olefin Copolymer,C11H19,"{""C"": 11, ""H"": 19}",151.14867561237,neutral,0,recombination,single_dehydrogenative_recombination,node_0003 + node_0016 | single_dehydrogenative_recombination,node_0003;node_0016,,C,2,-1,H,,,,0.48,0.0,0.248,0.0,1,1,0
node_0043,COC,Cyclic Olefin Copolymer,C11H19,"{""C"": 11, ""H"": 19}",151.14867561237,neutral,0,recombination,single_dehydrogenative_recombination,node_0003 + node_0018 | single_dehydrogenative_recombination,node_0003;node_0018,,C,2,-1,H,,,,0.48,0.0,0.248,0.0,1,1,0
node_0044,COC,Cyclic Olefin Copolymer,C4H9,"{""C"": 4, ""H"": 9}",57.07042529007,neutral,0,recombination,single_dehydrogenative_recombination,node_0003 + node_0020 | single_dehydrogenative_recombination,node_0003;node_0020,,C,2,-1,H,,,,0.48,0.0,0.248,0.0,1,1,0
node_0045,COC,Cyclic Olefin Copolymer,C12H21,"{""C"": 12, ""H"": 21}",165.16432567683,neutral,0,recombination,single_dehydrogenative_recombination,node_0003 + node_0022 | single_dehydrogenative_recombination,node_0003;node_0022,,C,2,-1,H,,,,0.48,0.0,0.248,0.0,1,1,0
node_0046,COC,Cyclic Olefin Copolymer,C10H16,"{""C"": 10, ""H"": 16}",136.12520051568,neutral,0,recombination,single_dehydrogenative_recombination,node_0003 + node_0024 | single_dehydrogenative_recombination,node_0003;node_0024,,C,3,-1,H,,,,0.4,0.0,0.2,0.0,1,1,0
node_0047,COC,Cyclic Olefin Copolymer,C11H18,"{""C"": 11, ""H"": 18}",150.14085058014,neutral,0,recombination,single_dehydrogenative_recombination,node_0003 + node_0026 | single_dehydrogenative_recombination,node_0003;node_0026,,C,3,-1,H,,,,0.4,0.0,0.2,0.0,1,1,0
node_0048,COC,Cyclic Olefin Copolymer,C9H14,"{""C"": 9, ""H"": 14}",122.10955045122,neutral,0,recombination,single_dehydrogenative_recombination,node_0003 + node_0028 | single_dehydrogenative_recombination,node_0003;node_0028,,C,3,-1,H,,,,0.4,0.0,0.2,0.0,1,1,0
node_0049,COC,Cyclic Olefin Copolymer,C10H16,"{""C"": 10, ""H"": 16}",136.12520051568,neutral,0,recombination,single_dehydrogenative_recombination,node_0003 + node_0030 | single_dehydrogenative_recombination,node_0003;node_0030,,C,3,-1,H,,,,0.4,0.0,0.2,0.0,1,1,0
node_0050,COC,Cyclic Olefin Copolymer,C19H31,"{""C"": 19, ""H"": 31}",259.24257599913,neutral,0,recombination,single_dehydrogenative_recombination,node_0004 + node_0012 | single_dehydrogenative_recombination,node_0004;node_0012,,C,2,-1,H,,,,0.48,0.0,0.198,0.0,1,1,0
node_0051,COC,Cyclic Olefin Copolymer,C11H19,"{""C"": 11, ""H"": 19}",151.14867561237,neutral,0,recombination,single_dehydrogenative_recombination,node_0004 + node_0014 | single_dehydrogenative_recombination,node_0004;node_0014,,C,2,-1,H,,,,0.48,0.0,0.248,0.0,1,1,0
node_0052,COC,Cyclic Olefin Copolymer,C18H29,"{""C"": 18, ""H"": 29}",245.22692593467,neutral,0,recombination,single_dehydrogenative_recombination,node_0004 + node_0018 | single_dehydrogenative_recombination,node_0004;node_0018,,C,2,-1,H,,,,0.48,0.0,0.198,0.0,1,1,0
node_0053,COC,Cyclic Olefin Copolymer,C11H19,"{""C"": 11, ""H"": 19}",151.14867561237,neutral,0,recombination,single_dehydrogenative_recombination,node_0004 + node_0020 | single_dehydrogenative_recombination,node_0004;node_0020,,C,2,-1,H,,,,0.48,0.0,0.248,0.0,1,1,0
node_0054,COC,Cyclic Olefin Copolymer,C19H31,"{""C"": 19, ""H"": 31}",259.24257599913,neutral,0,recombination,single_dehydrogenative_recombination,node_0004 + node_0022 | single_dehydrogenative_recombination,node_0004;node_0022,,C,2,-1,H,,,,0.48,0.0,0.198,0.0,1,1,0
node_0055,COC,Cyclic Olefin Copolymer,C17H26,"{""C"": 17, ""H"": 26}",230.20345083798,neutral,0,recombination,single_dehydrogenative_recombination,node_0004 + node_0024 | single_dehydrogenative_recombination,node_0004;node_0024,,C,3,-1,H,,,,0.4,0.0,0.15,0.0,1,1,0
node_0056,COC,Cyclic Olefin Copolymer,C18H28,"{""C"": 18, ""H"": 28}",244.21910090244,neutral,0,recombination,single_dehydrogenative_recombination,node_0004 + node_0026 | single_dehydrogenative_recombination,node_0004;node_0026,,C,3,-1,H,,,,0.4,0.0,0.15,0.0,1,1,0
node_0057,COC,Cyclic Olefin Copolymer,C16H24,"{""C"": 16, ""H"": 24}",216.18780077352,neutral,0,recombination,single_dehydrogenative_recombination,node_0004 + node_0028 | single_dehydrogenative_recombination,node_0004;node_0028,,C,3,-1,H,,,,0.4,0.0,0.15,0.0,1,1,0
node_0058,COC,Cyclic Olefin Copolymer,C17H26,"{""C"": 17, ""H"": 26}",230.20345083798,neutral,0,recombination,single_dehydrogenative_recombination,node_0004 + node_0030 | single_dehydrogenative_recombination,node_0004;node_0030,,C,3,-1,H,,,,0.4,0.0,0.15,0.0,1,1,0
node_0059,COC,Cyclic Olefin Copolymer,C19H31,"{""C"": 19, ""H"": 31}",259.24257599913,neutral,0,recombination,single_dehydrogenative_recombination,node_0005 + node_0012 | single_dehydrogenative_recombination,node_0005;node_0012,,C,2,-1,H,,,,0.48,0.0,0.198,0.0,1,1,0
node_0060,COC,Cyclic Olefin Copolymer,C11H19,"{""C"": 11, ""H"": 19}",151.14867561237,neutral,0,recombination,single_dehydrogenative_recombination,node_0005 + node_0014 | single_dehydrogenative_recombination,node_0005;node_0014,,C,2,-1,H,,,,0.48,0.0,0.248,0.0,1,1,0
node_0061,COC,Cyclic Olefin Copolymer,C18H29,"{""C"": 18, ""H"": 29}",245.22692593467,neutral,0,recombination,single_dehydrogenative_recombination,node_0005 + node_0016 | single_dehydrogenative_recombination,node_0005;node_0016,,C,2,-1,H,,,,0.48,0.0,0.198,0.0,1,1,0
node_0062,COC,Cyclic Olefin Copolymer,C11H19,"{""C"": 11, ""H"": 19}",151.14867561237,neutral,0,recombination,single_dehydrogenative_recombination,node_0005 + node_0020 | single_dehydrogenative_recombination,node_0005;node_0020,,C,2,-1,H,,,,0.48,0.0,0.248,0.0,1,1,0
node_0063,COC,Cyclic Olefin Copolymer,C19H31,"{""C"": 19, ""H"": 31}",259.24257599913,neutral,0,recombination,single_dehydrogenative_recombination,node_0005 + node_0022 | single_dehydrogenative_recombination,node_0005;node_0022,,C,2,-1,H,,,,0.48,0.0,0.198,0.0,1,1,0
node_0064,COC,Cyclic Olefin Copolymer,C17H26,"{""C"": 17, ""H"": 26}",230.20345083798,neutral,0,recombination,single_dehydrogenative_recombination,node_0005 + node_0024 | single_dehydrogenative_recombination,node_0005;node_0024,,C,3,-1,H,,,,0.4,0.0,0.15,0.0,1,1,0
node_0065,COC,Cyclic Olefin Copolymer,C18H28,"{""C"": 18, ""H"": 28}",244.21910090244,neutral,0,recombination,single_dehydrogenative_recombination,node_0005 + node_0026 | single_dehydrogenative_recombination,node_0005;node_0026,,C,3,-1,H,,,,0.4,0.0,0.15,0.0,1,1,0
node_0066,COC,Cyclic Olefin Copolymer,C16H24,"{""C"": 16, ""H"": 24}",216.18780077352,neutral,0,recombination,single_dehydrogenative_recombination,node_0005 + node_0028 | single_dehydrogenative_recombination,node_0005;node_0028,,C,3,-1,H,,,,0.4,0.0,0.15,0.0,1,1,0
node_0067,COC,Cyclic Olefin Copolymer,C17H26,"{""C"": 17, ""H"": 26}",230.20345083798,neutral,0,recombination,single_dehydrogenative_recombination,node_0005 + node_0030 | single_dehydrogenative_recombination,node_0005;node_0030,,C,3,-1,H,,,,0.4,0.0,0.15,0.0,1,1,0
node_0068,COC,Cyclic Olefin Copolymer,C12H21,"{""C"": 12, ""H"": 21}",165.16432567683,neutral,0,recombination,single_dehydrogenative_recombination,node_0006 + node_0012 | single_dehydrogenative_recombination,node_0006;node_0012,,C,2,-1,H,,,,0.48,0.0,0.248,0.0,1,1,0
node_0069,COC,Cyclic Olefin Copolymer,C4H9,"{""C"": 4, ""H"": 9}",57.07042529007,neutral,0,recombination,single_dehydrogenative_recombination,node_0006 + node_0014 | single_dehydrogenative_recombination,node_0006;node_0014,,C,2,-1,H,,,,0.48,0.0,0.248,0.0,1,1,0
node_0070,COC,Cyclic Olefin Copolymer,C11H19,"{""C"": 11, ""H"": 19}",151.14867561237,neutral,0,recombination,single_dehydrogenative_recombination,node_0006 + node_0016 | single_dehydrogenative_recombination,node_0006;node_0016,,C,2,-1,H,,,,0.48,0.0,0.248,0.0,1,1,0
node_0071,COC,Cyclic Olefin Copolymer,C11H19,"{""C"": 11, ""H"": 19}",151.14867561237,neutral,0,recombination,single_dehydrogenative_recombination,node_0006 + node_0018 | single_dehydrogenative_recombination,node_0006;node_0018,,C,2,-1,H,,,,0.48,0.0,0.248,0.0,1,1,0
node_0072,COC,Cyclic Olefin Copolymer,C12H21,"{""C"": 12, ""H"": 21}",165.16432567683,neutral,0,recombination,single_dehydrogenative_recombination,node_0006 + node_0022 | single_dehydrogenative_recombination,node_0006;node_0022,,C,2,-1,H,,,,0.48,0.0,0.248,0.0,1,1,0
node_0073,COC,Cyclic Olefin Copolymer,C10H16,"{""C"": 10, ""H"": 16}",136.12520051568,neutral,0,recombination,single_dehydrogenative_recombination,node_0006 + node_0024 | single_dehydrogenative_recombination,node_0006;node_0024,,C,3,-1,H,,,,0.4,0.0,0.2,0.0,1,1,0
node_0074,COC,Cyclic Olefin Copolymer,C11H18,"{""C"": 11, ""H"": 18}",150.14085058014,neutral,0,recombination,single_dehydrogenative_recombination,node_0006 + node_0026 | single_dehydrogenative_recombination,node_0006;node_0026,,C,3,-1,H,,,,0.4,0.0,0.2,0.0,1,1,0
node_0075,COC,Cyclic Olefin Copolymer,C9H14,"{""C"": 9, ""H"": 14}",122.10955045122,neutral,0,recombination,single_dehydrogenative_recombination,node_0006 + node_0028 | single_dehydrogenative_recombination,node_0006;node_0028,,C,3,-1,H,,,,0.4,0.0,0.2,0.0,1,1,0
node_0076,COC,Cyclic Olefin Copolymer,C10H16,"{""C"": 10, ""H"": 16}",136.12520051568,neutral,0,recombination,single_dehydrogenative_recombination,node_0006 + node_0030 | single_dehydrogenative_recombination,node_0006;node_0030,,C,3,-1,H,,,,0.4,0.0,0.2,0.0,1,1,0
node_0077,COC,Cyclic Olefin Copolymer,C20H33,"{""C"": 20, ""H"": 33}",273.25822606359,neutral,0,recombination,single_dehydrogenative_recombination,node_0007 + node_0012 | single_dehydrogenative_recombination,node_0007;node_0012,,C,2,-1,H,,,,0.48,0.0,0.198,0.0,1,1,0
node_0078,COC,Cyclic Olefin Copolymer,C12H21,"{""C"": 12, ""H"": 21}",165.16432567683,neutral,0,recombination,single_dehydrogenative_recombination,node_0007 + node_0014 | single_dehydrogenative_recombination,node_0007;node_0014,,C,2,-1,H,,,,0.48,0.0,0.248,0.0,1,1,0
node_0079,COC,Cyclic Olefin Copolymer,C19H31,"{""C"": 19, ""H"": 31}",259.24257599913,neutral,0,recombination,single_dehydrogenative_recombination,node_0007 + node_0016 | single_dehydrogenative_recombination,node_0007;node_0016,,C,2,-1,H,,,,0.48,0.0,0.198,0.0,1,1,0
node_0080,COC,Cyclic Olefin Copolymer,C19H31,"{""C"": 19, ""H"": 31}",259.24257599913,neutral,0,recombination,single_dehydrogenative_recombination,node_0007 + node_0018 | single_dehydrogenative_recombination,node_0007;node_0018,,C,2,-1,H,,,,0.48,0.0,0.198,0.0,1,1,0
node_0081,COC,Cyclic Olefin Copolymer,C12H21,"{""C"": 12, ""H"": 21}",165.16432567683,neutral,0,recombination,single_dehydrogenative_recombination,node_0007 + node_0020 | single_dehydrogenative_recombination,node_0007;node_0020,,C,2,-1,H,,,,0.48,0.0,0.248,0.0,1,1,0
node_0082,COC,Cyclic Olefin Copolymer,C18H28,"{""C"": 18, ""H"": 28}",244.21910090244,neutral,0,recombination,single_dehydrogenative_recombination,node_0007 + node_0024 | single_dehydrogenative_recombination,node_0007;node_0024,,C,3,-1,H,,,,0.4,0.0,0.15,0.0,1,1,0
node_0083,COC,Cyclic Olefin Copolymer,C19H30,"{""C"": 19, ""H"": 30}",258.2347509669,neutral,0,recombination,single_dehydrogenative_recombination,node_0007 + node_0026 | single_dehydrogenative_recombination,node_0007;node_0026,,C,3,-1,H,,,,0.4,0.0,0.15,0.0,1,1,0
node_0084,COC,Cyclic Olefin Copolymer,C17H26,"{""C"": 17, ""H"": 26}",230.20345083798,neutral,0,recombination,single_dehydrogenative_recombination,node_0007 + node_0028 | single_dehydrogenative_recombination,node_0007;node_0028,,C,3,-1,H,,,,0.4,0.0,0.15,0.0,1,1,0
node_0085,COC,Cyclic Olefin Copolymer,C18H28,"{""C"": 18, ""H"": 28}",244.21910090244,neutral,0,recombination,single_dehydrogenative_recombination,node_0007 + node_0030 | single_dehydrogenative_recombination,node_0007;node_0030,,C,3,-1,H,,,,0.4,0.0,0.15,0.0,1,1,0
node_0086,COC,Cyclic Olefin Copolymer,C18H28,"{""C"": 18, ""H"": 28}",244.21910090244,neutral,0,recombination,single_dehydrogenative_recombination,node_0008 + node_0012 | single_dehydrogenative_recombination,node_0008;node_0012,,C,3,-1,H,,,,0.4,0.0,0.15,0.0,1,1,0
node_0087,COC,Cyclic Olefin Copolymer,C10H16,"{""C"": 10, ""H"": 16}",136.12520051568,neutral,0,recombination,single_dehydrogenative_recombination,node_0008 + node_0014 | single_dehydrogenative_recombination,node_0008;node_0014,,C,3,-1,H,,,,0.4,0.0,0.2,0.0,1,1,0
node_0088,COC,Cyclic Olefin Copolymer,C17H26,"{""C"": 17, ""H"": 26}",230.20345083798,neutral,0,recombination,single_dehydrogenative_recombination,node_0008 + node_0016 | single_dehydrogenative_recombination,node_0008;node_0016,,C,3,-1,H,,,,0.4,0.0,0.15,0.0,1,1,0
node_0089,COC,Cyclic Olefin Copolymer,C17H26,"{""C"": 17, ""H"": 26}",230.20345083798,neutral,0,recombination,single_dehydrogenative_recombination,node_0008 + node_0018 | single_dehydrogenative_recombination,node_0008;node_0018,,C,3,-1,H,,,,0.4,0.0,0.15,0.0,1,1,0
node_0090,COC,Cyclic Olefin Copolymer,C10H16,"{""C"": 10, ""H"": 16}",136.12520051568,neutral,0,recombination,single_dehydrogenative_recombination,node_0008 + node_0020 | single_dehydrogenative_recombination,node_0008;node_0020,,C,3,-1,H,,,,0.4,0.0,0.2,0.0,1,1,0
node_0091,COC,Cyclic Olefin Copolymer,C18H28,"{""C"": 18, ""H"": 28}",244.21910090244,neutral,0,recombination,single_dehydrogenative_recombination,node_0008 + node_0022 | single_dehydrogenative_recombination,node_0008;node_0022,,C,3,-1,H,,,,0.4,0.0,0.15,0.0,1,1,0
node_0092,COC,Cyclic Olefin Copolymer,C17H25,"{""C"": 17, ""H"": 25}",229.19562580575,neutral,0,recombination,single_dehydrogenative_recombination,node_0008 + node_0026 | single_dehydrogenative_recombination,node_0008;node_0026,,C,4,-1,H,,,,0.32,0.0,0.10200000000000001,0.0,1,1,0
node_0093,COC,Cyclic Olefin Copolymer,C15H21,"{""C"": 15, ""H"": 21}",201.16432567683,neutral,0,recombination,single_dehydrogenative_recombination,node_0008 + node_0028 | single_dehydrogenative_recombination,node_0008;node_0028,,C,4,-1,H,,,,0.32,0.0,0.10200000000000001,0.0,1,1,0
node_0094,COC,Cyclic Olefin Copolymer,C16H23,"{""C"": 16, ""H"": 23}",215.17997574129,neutral,0,recombination,single_dehydrogenative_recombination,node_0008 + node_0030 | single_dehydrogenative_recombination,node_0008;node_0030,,C,4,-1,H,,,,0.32,0.0,0.10200000000000001,0.0,1,1,0
node_0095,COC,Cyclic Olefin Copolymer,C19H30,"{""C"": 19, ""H"": 30}",258.2347509669,neutral,0,recombination,single_dehydrogenative_recombination,node_0009 + node_0012 | single_dehydrogenative_recombination,node_0009;node_0012,,C,3,-1,H,,,,0.4,0.0,0.15,0.0,1,1,0
node_0096,COC,Cyclic Olefin Copolymer,C11H18,"{""C"": 11, ""H"": 18}",150.14085058014,neutral,0,recombination,single_dehydrogenative_recombination,node_0009 + node_0014 | single_dehydrogenative_recombination,node_0009;node_0014,,C,3,-1,H,,,,0.4,0.0,0.2,0.0,1,1,0
node_0097,COC,Cyclic Olefin Copolymer,C18H28,"{""C"": 18, ""H"": 28}",244.21910090244,neutral,0,recombination,single_dehydrogenative_recombination,node_0009 + node_0016 | single_dehydrogenative_recombination,node_0009;node_0016,,C,3,-1,H,,,,0.4,0.0,0.15,0.0,1,1,0
node_0098,COC,Cyclic Olefin Copolymer,C18H28,"{""C"": 18, ""H"": 28}",244.21910090244,neutral,0,recombination,single_dehydrogenative_recombination,node_0009 + node_0018 | single_dehydrogenative_recombination,node_0009;node_0018,,C,3,-1,H,,,,0.4,0.0,0.15,0.0,1,1,0
node_0099,COC,Cyclic Olefin Copolymer,C11H18,"{""C"": 11, ""H"": 18}",150.14085058014,neutral,0,recombination,single_dehydrogenative_recombination,node_0009 + node_0020 | single_dehydrogenative_recombination,node_0009;node_0020,,C,3,-1,H,,,,0.4,0.0,0.2,0.0,1,1,0
node_0100,COC,Cyclic Olefin Copolymer,C19H30,"{""C"": 19, ""H"": 30}",258.2347509669,neutral,0,recombination,single_dehydrogenative_recombination,node_0009 + node_0022 | single_dehydrogenative_recombination,node_0009;node_0022,,C,3,-1,H,,,,0.4,0.0,0.15,0.0,1,1,0
node_0101,COC,Cyclic Olefin Copolymer,C17H25,"{""C"": 17, ""H"": 25}",229.19562580575,neutral,0,recombination,single_dehydrogenative_recombination,node_0009 + node_0024 | single_dehydrogenative_recombination,node_0009;node_0024,,C,4,-1,H,,,,0.32,0.0,0.10200000000000001,0.0,1,1,0
node_0102,COC,Cyclic Olefin Copolymer,C16H23,"{""C"": 16, ""H"": 23}",215.17997574129,neutral,0,recombination,single_dehydrogenative_recombination,node_0009 + node_0028 | single_dehydrogenative_recombination,node_0009;node_0028,,C,4,-1,H,,,,0.32,0.0,0.10200000000000001,0.0,1,1,0
node_0103,COC,Cyclic Olefin Copolymer,C17H25,"{""C"": 17, ""H"": 25}",229.19562580575,neutral,0,recombination,single_dehydrogenative_recombination,node_0009 + node_0030 | single_dehydrogenative_recombination,node_0009;node_0030,,C,4,-1,H,,,,0.32,0.0,0.10200000000000001,0.0,1,1,0
node_0104,COC,Cyclic Olefin Copolymer,C17H26,"{""C"": 17, ""H"": 26}",230.20345083798,neutral,0,recombination,single_dehydrogenative_recombination,node_0010 + node_0012 | single_dehydrogenative_recombination,node_0010;node_0012,,C,3,-1,H,,,,0.4,0.0,0.15,0.0,1,1,0
node_0105,COC,Cyclic Olefin Copolymer,C9H14,"{""C"": 9, ""H"": 14}",122.10955045122,neutral,0,recombination,single_dehydrogenative_recombination,node_0010 + node_0014 | single_dehydrogenative_recombination,node_0010;node_0014,,C,3,-1,H,,,,0.4,0.0,0.2,0.0,1,1,0
node_0106,COC,Cyclic Olefin Copolymer,C16H24,"{""C"": 16, ""H"": 24}",216.18780077352,neutral,0,recombination,single_dehydrogenative_recombination,node_0010 + node_0016 | single_dehydrogenative_recombination,node_0010;node_0016,,C,3,-1,H,,,,0.4,0.0,0.15,0.0,1,1,0
node_0107,COC,Cyclic Olefin Copolymer,C16H24,"{""C"": 16, ""H"": 24}",216.18780077352,neutral,0,recombination,single_dehydrogenative_recombination,node_0010 + node_0018 | single_dehydrogenative_recombination,node_0010;node_0018,,C,3,-1,H,,,,0.4,0.0,0.15,0.0,1,1,0
node_0108,COC,Cyclic Olefin Copolymer,C9H14,"{""C"": 9, ""H"": 14}",122.10955045122,neutral,0,recombination,single_dehydrogenative_recombination,node_0010 + node_0020 | single_dehydrogenative_recombination,node_0010;node_0020,,C,3,-1,H,,,,0.4,0.0,0.2,0.0,1,1,0
node_0109,COC,Cyclic Olefin Copolymer,C17H26,"{""C"": 17, ""H"": 26}",230.20345083798,neutral,0,recombination,single_dehydrogenative_recombination,node_0010 + node_0022 | single_dehydrogenative_recombination,node_0010;node_0022,,C,3,-1,H,,,,0.4,0.0,0.15,0.0,1,1,0
node_0110,COC,Cyclic Olefin Copolymer,C15H21,"{""C"": 15, ""H"": 21}",201.16432567683,neutral,0,recombination,single_dehydrogenative_recombination,node_0010 + node_0024 | single_dehydrogenative_recombination,node_0010;node_0024,,C,4,-1,H,,,,0.32,0.0,0.10200000000000001,0.0,1,1,0
node_0111,COC,Cyclic Olefin Copolymer,C16H23,"{""C"": 16, ""H"": 23}",215.17997574129,neutral,0,recombination,single_dehydrogenative_recombination,node_0010 + node_0026 | single_dehydrogenative_recombination,node_0010;node_0026,,C,4,-1,H,,,,0.32,0.0,0.10200000000000001,0.0,1,1,0
node_0112,COC,Cyclic Olefin Copolymer,C15H21,"{""C"": 15, ""H"": 21}",201.16432567683,neutral,0,recombination,single_dehydrogenative_recombination,node_0010 + node_0030 | single_dehydrogenative_recombination,node_0010;node_0030,,C,4,-1,H,,,,0.32,0.0,0.10200000000000001,0.0,1,1,0
node_0113,COC,Cyclic Olefin Copolymer,C18H28,"{""C"": 18, ""H"": 28}",244.21910090244,neutral,0,recombination,single_dehydrogenative_recombination,node_0011 + node_0012 | single_dehydrogenative_recombination,node_0011;node_0012,,C,3,-1,H,,,,0.4,0.0,0.15,0.0,1,1,0
node_0114,COC,Cyclic Olefin Copolymer,C10H16,"{""C"": 10, ""H"": 16}",136.12520051568,neutral,0,recombination,single_dehydrogenative_recombination,node_0011 + node_0014 | single_dehydrogenative_recombination,node_0011;node_0014,,C,3,-1,H,,,,0.4,0.0,0.2,0.0,1,1,0
node_0115,COC,Cyclic Olefin Copolymer,C17H26,"{""C"": 17, ""H"": 26}",230.20345083798,neutral,0,recombination,single_dehydrogenative_recombination,node_0011 + node_0016 | single_dehydrogenative_recombination,node_0011;node_0016,,C,3,-1,H,,,,0.4,0.0,0.15,0.0,1,1,0
node_0116,COC,Cyclic Olefin Copolymer,C17H26,"{""C"": 17, ""H"": 26}",230.20345083798,neutral,0,recombination,single_dehydrogenative_recombination,node_0011 + node_0018 | single_dehydrogenative_recombination,node_0011;node_0018,,C,3,-1,H,,,,0.4,0.0,0.15,0.0,1,1,0
node_0117,COC,Cyclic Olefin Copolymer,C10H16,"{""C"": 10, ""H"": 16}",136.12520051568,neutral,0,recombination,single_dehydrogenative_recombination,node_0011 + node_0020 | single_dehydrogenative_recombination,node_0011;node_0020,,C,3,-1,H,,,,0.4,0.0,0.2,0.0,1,1,0
node_0118,COC,Cyclic Olefin Copolymer,C18H28,"{""C"": 18, ""H"": 28}",244.21910090244,neutral,0,recombination,single_dehydrogenative_recombination,node_0011 + node_0022 | single_dehydrogenative_recombination,node_0011;node_0022,,C,3,-1,H,,,,0.4,0.0,0.15,0.0,1,1,0
node_0119,COC,Cyclic Olefin Copolymer,C16H23,"{""C"": 16, ""H"": 23}",215.17997574129,neutral,0,recombination,single_dehydrogenative_recombination,node_0011 + node_0024 | single_dehydrogenative_recombination,node_0011;node_0024,,C,4,-1,H,,,,0.32,0.0,0.10200000000000001,0.0,1,1,0
node_0120,COC,Cyclic Olefin Copolymer,C17H25,"{""C"": 17, ""H"": 25}",229.19562580575,neutral,0,recombination,single_dehydrogenative_recombination,node_0011 + node_0026 | single_dehydrogenative_recombination,node_0011;node_0026,,C,4,-1,H,,,,0.32,0.0,0.10200000000000001,0.0,1,1,0
node_0121,COC,Cyclic Olefin Copolymer,C15H21,"{""C"": 15, ""H"": 21}",201.16432567683,neutral,0,recombination,single_dehydrogenative_recombination,node_0011 + node_0028 | single_dehydrogenative_recombination,node_0011;node_0028,,C,4,-1,H,,,,0.32,0.0,0.10200000000000001,0.0,1,1,0
node_0122,COC,Cyclic Olefin Copolymer,C12H20,"{""C"": 12, ""H"": 20}",164.1565006446,neutral,0,recombination,dehydrogenative_coupling,node_0012 + node_0014 | dehydrogenative_coupling,node_0012;node_0014,,C,2,-2,H2,,,,0.48,0.0,0.21799999999999997,0.0,1,1,0
node_0123,COC,Cyclic Olefin Copolymer,C12H22,"{""C"": 12, ""H"": 22}",166.17215070906,neutral,0,recombination,h_transfer_recombination,node_0012 + node_0015 | h_transfer_recombination,node_0012;node_0015,,C,2,0,,,,,0.48,0.0,0.27799999999999997,0.0,1,1,0
node_0124,COC,Cyclic Olefin Copolymer,C19H30,"{""C"": 19, ""H"": 30}",258.2347509669,neutral,0,recombination,dehydrogenative_coupling,node_0012 + node_0016 | dehydrogenative_coupling,node_0012;node_0016,,C,2,-2,H2,,,,0.48,0.0,0.16799999999999998,0.0,1,1,0
node_0125,COC,Cyclic Olefin Copolymer,C19H32,"{""C"": 19, ""H"": 32}",260.25040103136,neutral,0,recombination,h_transfer_recombination,node_0012 + node_0017 | h_transfer_recombination,node_0012;node_0017,,C,2,0,,,,,0.48,0.0,0.22799999999999998,0.0,1,1,0
node_0126,COC,Cyclic Olefin Copolymer,C19H30,"{""C"": 19, ""H"": 30}",258.2347509669,neutral,0,recombination,dehydrogenative_coupling,node_0012 + node_0018 | dehydrogenative_coupling,node_0012;node_0018,,C,2,-2,H2,,,,0.48,0.0,0.16799999999999998,0.0,1,1,0
node_0127,COC,Cyclic Olefin Copolymer,C19H32,"{""C"": 19, ""H"": 32}",260.25040103136,neutral,0,recombination,h_transfer_recombination,node_0012 + node_0019 | h_transfer_recombination,node_0012;node_0019,,C,2,0,,,,,0.48,0.0,0.22799999999999998,0.0,1,1,0
node_0128,COC,Cyclic Olefin Copolymer,C12H20,"{""C"": 12, ""H"": 20}",164.1565006446,neutral,0,recombination,dehydrogenative_coupling,node_0012 + node_0020 | dehydrogenative_coupling,node_0012;node_0020,,C,2,-2,H2,,,,0.48,0.0,0.21799999999999997,0.0,1,1,0
node_0129,COC,Cyclic Olefin Copolymer,C12H22,"{""C"": 12, ""H"": 22}",166.17215070906,neutral,0,recombination,h_transfer_recombination,node_0012 + node_0021 | h_transfer_recombination,node_0012;node_0021,,C,2,0,,,,,0.48,0.0,0.27799999999999997,0.0,1,1,0
node_0130,COC,Cyclic Olefin Copolymer,C20H32,"{""C"": 20, ""H"": 32}",272.25040103136,neutral,0,recombination,dehydrogenative_coupling,node_0012 + node_0022 | dehydrogenative_coupling,node_0012;node_0022,,C,2,-2,H2,,,,0.48,0.0,0.16799999999999998,0.0,1,1,0
node_0131,COC,Cyclic Olefin Copolymer,C20H34,"{""C"": 20, ""H"": 34}",274.26605109582,neutral,0,recombination,h_transfer_recombination,node_0012 + node_0023 | h_transfer_recombination,node_0012;node_0023,,C,2,0,,,,,0.48,0.0,0.22799999999999998,0.0,1,1,0
node_0132,COC,Cyclic Olefin Copolymer,C18H27,"{""C"": 18, ""H"": 27}",243.21127587021,neutral,0,recombination,dehydrogenative_coupling,node_0012 + node_0024 | dehydrogenative_coupling,node_0012;node_0024,,C,3,-2,H2,,,,0.4,0.0,0.12,0.0,1,1,0
node_0133,COC,Cyclic Olefin Copolymer,C18H29,"{""C"": 18, ""H"": 29}",245.22692593467,neutral,0,recombination,h_transfer_recombination,node_0012 + node_0025 | h_transfer_recombination,node_0012;node_0025,,C,3,0,,,,,0.4,0.0,0.18,0.0,1,1,0
node_0134,COC,Cyclic Olefin Copolymer,C19H29,"{""C"": 19, ""H"": 29}",257.22692593467,neutral,0,recombination,dehydrogenative_coupling,node_0012 + node_0026 | dehydrogenative_coupling,node_0012;node_0026,,C,3,-2,H2,,,,0.4,0.0,0.12,0.0,1,1,0
node_0135,COC,Cyclic Olefin Copolymer,C19H31,"{""C"": 19, ""H"": 31}",259.24257599913,neutral,0,recombination,h_transfer_recombination,node_0012 + node_0027 | h_transfer_recombination,node_0012;node_0027,,C,3,0,,,,,0.4,0.0,0.18,0.0,1,1,0
node_0136,COC,Cyclic Olefin Copolymer,C17H25,"{""C"": 17, ""H"": 25}",229.19562580575,neutral,0,recombination,dehydrogenative_coupling,node_0012 + node_0028 | dehydrogenative_coupling,node_0012;node_0028,,C,3,-2,H2,,,,0.4,0.0,0.12,0.0,1,1,0
node_0137,COC,Cyclic Olefin Copolymer,C17H27,"{""C"": 17, ""H"": 27}",231.21127587021,neutral,0,recombination,h_transfer_recombination,node_0012 + node_0029 | h_transfer_recombination,node_0012;node_0029,,C,3,0,,,,,0.4,0.0,0.18,0.0,1,1,0
node_0138,COC,Cyclic Olefin Copolymer,C18H27,"{""C"": 18, ""H"": 27}",243.21127587021,neutral,0,recombination,dehydrogenative_coupling,node_0012 + node_0030 | dehydrogenative_coupling,node_0012;node_0030,,C,3,-2,H2,,,,0.4,0.0,0.12,0.0,1,1,0
node_0139,COC,Cyclic Olefin Copolymer,C18H29,"{""C"": 18, ""H"": 29}",245.22692593467,neutral,0,recombination,h_transfer_recombination,node_0012 + node_0031 | h_transfer_recombination,node_0012;node_0031,,C,3,0,,,,,0.4,0.0,0.18,0.0,1,1,0
node_0140,COC,Cyclic Olefin Copolymer,C12H22,"{""C"": 12, ""H"": 22}",166.17215070906,neutral,0,recombination,h_transfer_recombination,node_0013 + node_0014 | h_transfer_recombination,node_0013;node_0014,,C,2,0,,,,,0.48,0.0,0.27799999999999997,0.0,1,1,0
node_0141,COC,Cyclic Olefin Copolymer,C19H32,"{""C"": 19, ""H"": 32}",260.25040103136,neutral,0,recombination,h_transfer_recombination,node_0013 + node_0016 | h_transfer_recombination,node_0013;node_0016,,C,2,0,,,,,0.48,0.0,0.22799999999999998,0.0,1,1,0
node_0142,COC,Cyclic Olefin Copolymer,C19H32,"{""C"": 19, ""H"": 32}",260.25040103136,neutral,0,recombination,h_transfer_recombination,node_0013 + node_0018 | h_transfer_recombination,node_0013;node_0018,,C,2,0,,,,,0.48,0.0,0.22799999999999998,0.0,1,1,0
node_0143,COC,Cyclic Olefin Copolymer,C12H22,"{""C"": 12, ""H"": 22}",166.17215070906,neutral,0,recombination,h_transfer_recombination,node_0013 + node_0020 | h_transfer_recombination,node_0013;node_0020,,C,2,0,,,,,0.48,0.0,0.27799999999999997,0.0,1,1,0
node_0144,COC,Cyclic Olefin Copolymer,C20H34,"{""C"": 20, ""H"": 34}",274.26605109582,neutral,0,recombination,h_transfer_recombination,node_0013 + node_0022 | h_transfer_recombination,node_0013;node_0022,,C,2,0,,,,,0.48,0.0,0.22799999999999998,0.0,1,1,0
node_0145,COC,Cyclic Olefin Copolymer,C18H29,"{""C"": 18, ""H"": 29}",245.22692593467,neutral,0,recombination,h_transfer_recombination,node_0013 + node_0024 | h_transfer_recombination,node_0013;node_0024,,C,3,0,,,,,0.4,0.0,0.18,0.0,1,1,0
node_0146,COC,Cyclic Olefin Copolymer,C19H31,"{""C"": 19, ""H"": 31}",259.24257599913,neutral,0,recombination,h_transfer_recombination,node_0013 + node_0026 | h_transfer_recombination,node_0013;node_0026,,C,3,0,,,,,0.4,0.0,0.18,0.0,1,1,0
node_0147,COC,Cyclic Olefin Copolymer,C17H27,"{""C"": 17, ""H"": 27}",231.21127587021,neutral,0,recombination,h_transfer_recombination,node_0013 + node_0028 | h_transfer_recombination,node_0013;node_0028,,C,3,0,,,,,0.4,0.0,0.18,0.0,1,1,0
node_0148,COC,Cyclic Olefin Copolymer,C18H29,"{""C"": 18, ""H"": 29}",245.22692593467,neutral,0,recombination,h_transfer_recombination,node_0013 + node_0030 | h_transfer_recombination,node_0013;node_0030,,C,3,0,,,,,0.4,0.0,0.18,0.0,1,1,0
node_0149,COC,Cyclic Olefin Copolymer,C11H18,"{""C"": 11, ""H"": 18}",150.14085058014,neutral,0,recombination,dehydrogenative_coupling,node_0014 + node_0016 | dehydrogenative_coupling,node_0014;node_0016,,C,2,-2,H2,,,,0.48,0.0,0.21799999999999997,0.0,1,1,0
node_0150,COC,Cyclic Olefin Copolymer,C11H20,"{""C"": 11, ""H"": 20}",152.1565006446,neutral,0,recombination,h_transfer_recombination,node_0014 + node_0017 | h_transfer_recombination,node_0014;node_0017,,C,2,0,,,,,0.48,0.0,0.27799999999999997,0.0,1,1,0
node_0151,COC,Cyclic Olefin Copolymer,C11H18,"{""C"": 11, ""H"": 18}",150.14085058014,neutral,0,recombination,dehydrogenative_coupling,node_0014 + node_0018 | dehydrogenative_coupling,node_0014;node_0018,,C,2,-2,H2,,,,0.48,0.0,0.21799999999999997,0.0,1,1,0
node_0152,COC,Cyclic Olefin Copolymer,C11H20,"{""C"": 11, ""H"": 20}",152.1565006446,neutral,0,recombination,h_transfer_recombination,node_0014 + node_0019 | h_transfer_recombination,node_0014;node_0019,,C,2,0,,,,,0.48,0.0,0.27799999999999997,0.0,1,1,0
node_0153,COC,Cyclic Olefin Copolymer,C4H8,"{""C"": 4, ""H"": 8}",56.06260025784,neutral,0,recombination,dehydrogenative_coupling,node_0014 + node_0020 | dehydrogenative_coupling,node_0014;node_0020,,C,2,-2,H2,,,,0.48,0.0,0.21799999999999997,0.0,1,1,0
node_0154,COC,Cyclic Olefin Copolymer,C4H10,"{""C"": 4, ""H"": 10}",58.0782503223,neutral,0,recombination,h_transfer_recombination,node_0014 + node_0021 | h_transfer_recombination,node_0014;node_0021,,C,2,0,,,,,0.48,0.0,0.27799999999999997,0.0,1,1,0
node_0155,COC,Cyclic Olefin Copolymer,C12H20,"{""C"": 12, ""H"": 20}",164.1565006446,neutral,0,recombination,dehydrogenative_coupling,node_0014 + node_0022 | dehydrogenative_coupling,node_0014;node_0022,,C,2,-2,H2,,,,0.48,0.0,0.21799999999999997,0.0,1,1,0
node_0156,COC,Cyclic Olefin Copolymer,C12H22,"{""C"": 12, ""H"": 22}",166.17215070906,neutral,0,recombination,h_transfer_recombination,node_0014 + node_0023 | h_transfer_recombination,node_0014;node_0023,,C,2,0,,,,,0.48,0.0,0.27799999999999997,0.0,1,1,0
node_0157,COC,Cyclic Olefin Copolymer,C10H15,"{""C"": 10, ""H"": 15}",135.11737548345,neutral,0,recombination,dehydrogenative_coupling,node_0014 + node_0024 | dehydrogenative_coupling,node_0014;node_0024,,C,3,-2,H2,,,,0.4,0.0,0.16999999999999998,0.0,1,1,0
node_0158,COC,Cyclic Olefin Copolymer,C10H17,"{""C"": 10, ""H"": 17}",137.13302554791,neutral,0,recombination,h_transfer_recombination,node_0014 + node_0025 | h_transfer_recombination,node_0014;node_0025,,C,3,0,,,,,0.4,0.0,0.22999999999999998,0.0,1,1,0
node_0159,COC,Cyclic Olefin Copolymer,C11H17,"{""C"": 11, ""H"": 17}",149.13302554791,neutral,0,recombination,dehydrogenative_coupling,node_0014 + node_0026 | dehydrogenative_coupling,node_0014;node_0026,,C,3,-2,H2,,,,0.4,0.0,0.16999999999999998,0.0,1,1,0
node_0160,COC,Cyclic Olefin Copolymer,C11H19,"{""C"": 11, ""H"": 19}",151.14867561237,neutral,0,recombination,h_transfer_recombination,node_0014 + node_0027 | h_transfer_recombination,node_0014;node_0027,,C,3,0,,,,,0.4,0.0,0.22999999999999998,0.0,1,1,0
node_0161,COC,Cyclic Olefin Copolymer,C9H13,"{""C"": 9, ""H"": 13}",121.10172541899,neutral,0,recombination,dehydrogenative_coupling,node_0014 + node_0028 | dehydrogenative_coupling,node_0014;node_0028,,C,3,-2,H2,,,,0.4,0.0,0.16999999999999998,0.0,1,1,0
node_0162,COC,Cyclic Olefin Copolymer,C9H15,"{""C"": 9, ""H"": 15}",123.11737548345,neutral,0,recombination,h_transfer_recombination,node_0014 + node_0029 | h_transfer_recombination,node_0014;node_0029,,C,3,0,,,,,0.4,0.0,0.22999999999999998,0.0,1,1,0
node_0163,COC,Cyclic Olefin Copolymer,C10H15,"{""C"": 10, ""H"": 15}",135.11737548345,neutral,0,recombination,dehydrogenative_coupling,node_0014 + node_0030 | dehydrogenative_coupling,node_0014;node_0030,,C,3,-2,H2,,,,0.4,0.0,0.16999999999999998,0.0,1,1,0
node_0164,COC,Cyclic Olefin Copolymer,C10H17,"{""C"": 10, ""H"": 17}",137.13302554791,neutral,0,recombination,h_transfer_recombination,node_0014 + node_0031 | h_transfer_recombination,node_0014;node_0031,,C,3,0,,,,,0.4,0.0,0.22999999999999998,0.0,1,1,0
node_0165,COC,Cyclic Olefin Copolymer,C11H20,"{""C"": 11, ""H"": 20}",152.1565006446,neutral,0,recombination,h_transfer_recombination,node_0015 + node_0016 | h_transfer_recombination,node_0015;node_0016,,C,2,0,,,,,0.48,0.0,0.27799999999999997,0.0,1,1,0
node_0166,COC,Cyclic Olefin Copolymer,C11H20,"{""C"": 11, ""H"": 20}",152.1565006446,neutral,0,recombination,h_transfer_recombination,node_0015 + node_0018 | h_transfer_recombination,node_0015;node_0018,,C,2,0,,,,,0.48,0.0,0.27799999999999997,0.0,1,1,0
node_0167,COC,Cyclic Olefin Copolymer,C4H10,"{""C"": 4, ""H"": 10}",58.0782503223,neutral,0,recombination,h_transfer_recombination,node_0015 + node_0020 | h_transfer_recombination,node_0015;node_0020,,C,2,0,,,,,0.48,0.0,0.27799999999999997,0.0,1,1,0
node_0168,COC,Cyclic Olefin Copolymer,C12H22,"{""C"": 12, ""H"": 22}",166.17215070906,neutral,0,recombination,h_transfer_recombination,node_0015 + node_0022 | h_transfer_recombination,node_0015;node_0022,,C,2,0,,,,,0.48,0.0,0.27799999999999997,0.0,1,1,0
node_0169,COC,Cyclic Olefin Copolymer,C10H17,"{""C"": 10, ""H"": 17}",137.13302554791,neutral,0,recombination,h_transfer_recombination,node_0015 + node_0024 | h_transfer_recombination,node_0015;node_0024,,C,3,0,,,,,0.4,0.0,0.22999999999999998,0.0,1,1,0
node_0170,COC,Cyclic Olefin Copolymer,C11H19,"{""C"": 11, ""H"": 19}",151.14867561237,neutral,0,recombination,h_transfer_recombination,node_0015 + node_0026 | h_transfer_recombination,node_0015;node_0026,,C,3,0,,,,,0.4,0.0,0.22999999999999998,0.0,1,1,0
node_0171,COC,Cyclic Olefin Copolymer,C9H15,"{""C"": 9, ""H"": 15}",123.11737548345,neutral,0,recombination,h_transfer_recombination,node_0015 + node_0028 | h_transfer_recombination,node_0015;node_0028,,C,3,0,,,,,0.4,0.0,0.22999999999999998,0.0,1,1,0
node_0172,COC,Cyclic Olefin Copolymer,C10H17,"{""C"": 10, ""H"": 17}",137.13302554791,neutral,0,recombination,h_transfer_recombination,node_0015 + node_0030 | h_transfer_recombination,node_0015;node_0030,,C,3,0,,,,,0.4,0.0,0.22999999999999998,0.0,1,1,0
node_0173,COC,Cyclic Olefin Copolymer,C18H28,"{""C"": 18, ""H"": 28}",244.21910090244,neutral,0,recombination,dehydrogenative_coupling,node_0016 + node_0018 | dehydrogenative_coupling,node_0016;node_0018,,C,2,-2,H2,,,,0.48,0.0,0.16799999999999998,0.0,1,1,0
node_0174,COC,Cyclic Olefin Copolymer,C18H30,"{""C"": 18, ""H"": 30}",246.2347509669,neutral,0,recombination,h_transfer_recombination,node_0016 + node_0019 | h_transfer_recombination,node_0016;node_0019,,C,2,0,,,,,0.48,0.0,0.22799999999999998,0.0,1,1,0
node_0175,COC,Cyclic Olefin Copolymer,C11H18,"{""C"": 11, ""H"": 18}",150.14085058014,neutral,0,recombination,dehydrogenative_coupling,node_0016 + node_0020 | dehydrogenative_coupling,node_0016;node_0020,,C,2,-2,H2,,,,0.48,0.0,0.21799999999999997,0.0,1,1,0
node_0176,COC,Cyclic Olefin Copolymer,C11H20,"{""C"": 11, ""H"": 20}",152.1565006446,neutral,0,recombination,h_transfer_recombination,node_0016 + node_0021 | h_transfer_recombination,node_0016;node_0021,,C,2,0,,,,,0.48,0.0,0.27799999999999997,0.0,1,1,0
node_0177,COC,Cyclic Olefin Copolymer,C19H30,"{""C"": 19, ""H"": 30}",258.2347509669,neutral,0,recombination,dehydrogenative_coupling,node_0016 + node_0022 | dehydrogenative_coupling,node_0016;node_0022,,C,2,-2,H2,,,,0.48,0.0,0.16799999999999998,0.0,1,1,0
node_0178,COC,Cyclic Olefin Copolymer,C19H32,"{""C"": 19, ""H"": 32}",260.25040103136,neutral,0,recombination,h_transfer_recombination,node_0016 + node_0023 | h_transfer_recombination,node_0016;node_0023,,C,2,0,,,,,0.48,0.0,0.22799999999999998,0.0,1,1,0
node_0179,COC,Cyclic Olefin Copolymer,C17H25,"{""C"": 17, ""H"": 25}",229.19562580575,neutral,0,recombination,dehydrogenative_coupling,node_0016 + node_0024 | dehydrogenative_coupling,node_0016;node_0024,,C,3,-2,H2,,,,0.4,0.0,0.12,0.0,1,1,0
node_0180,COC,Cyclic Olefin Copolymer,C17H27,"{""C"": 17, ""H"": 27}",231.21127587021,neutral,0,recombination,h_transfer_recombination,node_0016 + node_0025 | h_transfer_recombination,node_0016;node_0025,,C,3,0,,,,,0.4,0.0,0.18,0.0,1,1,0
node_0181,COC,Cyclic Olefin Copolymer,C18H27,"{""C"": 18, ""H"": 27}",243.21127587021,neutral,0,recombination,dehydrogenative_coupling,node_0016 + node_0026 | dehydrogenative_coupling,node_0016;node_0026,,C,3,-2,H2,,,,0.4,0.0,0.12,0.0,1,1,0
node_0182,COC,Cyclic Olefin Copolymer,C18H29,"{""C"": 18, ""H"": 29}",245.22692593467,neutral,0,recombination,h_transfer_recombination,node_0016 + node_0027 | h_transfer_recombination,node_0016;node_0027,,C,3,0,,,,,0.4,0.0,0.18,0.0,1,1,0
node_0183,COC,Cyclic Olefin Copolymer,C16H23,"{""C"": 16, ""H"": 23}",215.17997574129,neutral,0,recombination,dehydrogenative_coupling,node_0016 + node_0028 | dehydrogenative_coupling,node_0016;node_0028,,C,3,-2,H2,,,,0.4,0.0,0.12,0.0,1,1,0
node_0184,COC,Cyclic Olefin Copolymer,C16H25,"{""C"": 16, ""H"": 25}",217.19562580575,neutral,0,recombination,h_transfer_recombination,node_0016 + node_0029 | h_transfer_recombination,node_0016;node_0029,,C,3,0,,,,,0.4,0.0,0.18,0.0,1,1,0
node_0185,COC,Cyclic Olefin Copolymer,C17H25,"{""C"": 17, ""H"": 25}",229.19562580575,neutral,0,recombination,dehydrogenative_coupling,node_0016 + node_0030 | dehydrogenative_coupling,node_0016;node_0030,,C,3,-2,H2,,,,0.4,0.0,0.12,0.0,1,1,0
node_0186,COC,Cyclic Olefin Copolymer,C17H27,"{""C"": 17, ""H"": 27}",231.21127587021,neutral,0,recombination,h_transfer_recombination,node_0016 + node_0031 | h_transfer_recombination,node_0016;node_0031,,C,3,0,,,,,0.4,0.0,0.18,0.0,1,1,0
node_0187,COC,Cyclic Olefin Copolymer,C18H30,"{""C"": 18, ""H"": 30}",246.2347509669,neutral,0,recombination,h_transfer_recombination,node_0017 + node_0018 | h_transfer_recombination,node_0017;node_0018,,C,2,0,,,,,0.48,0.0,0.22799999999999998,0.0,1,1,0
node_0188,COC,Cyclic Olefin Copolymer,C11H20,"{""C"": 11, ""H"": 20}",152.1565006446,neutral,0,recombination,h_transfer_recombination,node_0017 + node_0020 | h_transfer_recombination,node_0017;node_0020,,C,2,0,,,,,0.48,0.0,0.27799999999999997,0.0,1,1,0
node_0189,COC,Cyclic Olefin Copolymer,C19H32,"{""C"": 19, ""H"": 32}",260.25040103136,neutral,0,recombination,h_transfer_recombination,node_0017 + node_0022 | h_transfer_recombination,node_0017;node_0022,,C,2,0,,,,,0.48,0.0,0.22799999999999998,0.0,1,1,0
node_0190,COC,Cyclic Olefin Copolymer,C17H27,"{""C"": 17, ""H"": 27}",231.21127587021,neutral,0,recombination,h_transfer_recombination,node_0017 + node_0024 | h_transfer_recombination,node_0017;node_0024,,C,3,0,,,,,0.4,0.0,0.18,0.0,1,1,0
node_0191,COC,Cyclic Olefin Copolymer,C18H29,"{""C"": 18, ""H"": 29}",245.22692593467,neutral,0,recombination,h_transfer_recombination,node_0017 + node_0026 | h_transfer_recombination,node_0017;node_0026,,C,3,0,,,,,0.4,0.0,0.18,0.0,1,1,0
node_0192,COC,Cyclic Olefin Copolymer,C16H25,"{""C"": 16, ""H"": 25}",217.19562580575,neutral,0,recombination,h_transfer_recombination,node_0017 + node_0028 | h_transfer_recombination,node_0017;node_0028,,C,3,0,,,,,0.4,0.0,0.18,0.0,1,1,0
node_0193,COC,Cyclic Olefin Copolymer,C17H27,"{""C"": 17, ""H"": 27}",231.21127587021,neutral,0,recombination,h_transfer_recombination,node_0017 + node_0030 | h_transfer_recombination,node_0017;node_0030,,C,3,0,,,,,0.4,0.0,0.18,0.0,1,1,0
node_0194,COC,Cyclic Olefin Copolymer,C11H18,"{""C"": 11, ""H"": 18}",150.14085058014,neutral,0,recombination,dehydrogenative_coupling,node_0018 + node_0020 | dehydrogenative_coupling,node_0018;node_0020,,C,2,-2,H2,,,,0.48,0.0,0.21799999999999997,0.0,1,1,0
node_0195,COC,Cyclic Olefin Copolymer,C11H20,"{""C"": 11, ""H"": 20}",152.1565006446,neutral,0,recombination,h_transfer_recombination,node_0018 + node_0021 | h_transfer_recombination,node_0018;node_0021,,C,2,0,,,,,0.48,0.0,0.27799999999999997,0.0,1,1,0
node_0196,COC,Cyclic Olefin Copolymer,C19H30,"{""C"": 19, ""H"": 30}",258.2347509669,neutral,0,recombination,dehydrogenative_coupling,node_0018 + node_0022 | dehydrogenative_coupling,node_0018;node_0022,,C,2,-2,H2,,,,0.48,0.0,0.16799999999999998,0.0,1,1,0
node_0197,COC,Cyclic Olefin Copolymer,C19H32,"{""C"": 19, ""H"": 32}",260.25040103136,neutral,0,recombination,h_transfer_recombination,node_0018 + node_0023 | h_transfer_recombination,node_0018;node_0023,,C,2,0,,,,,0.48,0.0,0.22799999999999998,0.0,1,1,0
node_0198,COC,Cyclic Olefin Copolymer,C17H25,"{""C"": 17, ""H"": 25}",229.19562580575,neutral,0,recombination,dehydrogenative_coupling,node_0018 + node_0024 | dehydrogenative_coupling,node_0018;node_0024,,C,3,-2,H2,,,,0.4,0.0,0.12,0.0,1,1,0
node_0199,COC,Cyclic Olefin Copolymer,C17H27,"{""C"": 17, ""H"": 27}",231.21127587021,neutral,0,recombination,h_transfer_recombination,node_0018 + node_0025 | h_transfer_recombination,node_0018;node_0025,,C,3,0,,,,,0.4,0.0,0.18,0.0,1,1,0
node_0200,COC,Cyclic Olefin Copolymer,C18H27,"{""C"": 18, ""H"": 27}",243.21127587021,neutral,0,recombination,dehydrogenative_coupling,node_0018 + node_0026 | dehydrogenative_coupling,node_0018;node_0026,,C,3,-2,H2,,,,0.4,0.0,0.12,0.0,1,1,0
node_0201,COC,Cyclic Olefin Copolymer,C18H29,"{""C"": 18, ""H"": 29}",245.22692593467,neutral,0,recombination,h_transfer_recombination,node_0018 + node_0027 | h_transfer_recombination,node_0018;node_0027,,C,3,0,,,,,0.4,0.0,0.18,0.0,1,1,0
node_0202,COC,Cyclic Olefin Copolymer,C16H23,"{""C"": 16, ""H"": 23}",215.17997574129,neutral,0,recombination,dehydrogenative_coupling,node_0018 + node_0028 | dehydrogenative_coupling,node_0018;node_0028,,C,3,-2,H2,,,,0.4,0.0,0.12,0.0,1,1,0
node_0203,COC,Cyclic Olefin Copolymer,C16H25,"{""C"": 16, ""H"": 25}",217.19562580575,neutral,0,recombination,h_transfer_recombination,node_0018 + node_0029 | h_transfer_recombination,node_0018;node_0029,,C,3,0,,,,,0.4,0.0,0.18,0.0,1,1,0
node_0204,COC,Cyclic Olefin Copolymer,C17H25,"{""C"": 17, ""H"": 25}",229.19562580575,neutral,0,recombination,dehydrogenative_coupling,node_0018 + node_0030 | dehydrogenative_coupling,node_0018;node_0030,,C,3,-2,H2,,,,0.4,0.0,0.12,0.0,1,1,0
node_0205,COC,Cyclic Olefin Copolymer,C17H27,"{""C"": 17, ""H"": 27}",231.21127587021,neutral,0,recombination,h_transfer_recombination,node_0018 + node_0031 | h_transfer_recombination,node_0018;node_0031,,C,3,0,,,,,0.4,0.0,0.18,0.0,1,1,0
node_0206,COC,Cyclic Olefin Copolymer,C11H20,"{""C"": 11, ""H"": 20}",152.1565006446,neutral,0,recombination,h_transfer_recombination,node_0019 + node_0020 | h_transfer_recombination,node_0019;node_0020,,C,2,0,,,,,0.48,0.0,0.27799999999999997,0.0,1,1,0
node_0207,COC,Cyclic Olefin Copolymer,C19H32,"{""C"": 19, ""H"": 32}",260.25040103136,neutral,0,recombination,h_transfer_recombination,node_0019 + node_0022 | h_transfer_recombination,node_0019;node_0022,,C,2,0,,,,,0.48,0.0,0.22799999999999998,0.0,1,1,0
node_0208,COC,Cyclic Olefin Copolymer,C17H27,"{""C"": 17, ""H"": 27}",231.21127587021,neutral,0,recombination,h_transfer_recombination,node_0019 + node_0024 | h_transfer_recombination,node_0019;node_0024,,C,3,0,,,,,0.4,0.0,0.18,0.0,1,1,0
node_0209,COC,Cyclic Olefin Copolymer,C18H29,"{""C"": 18, ""H"": 29}",245.22692593467,neutral,0,recombination,h_transfer_recombination,node_0019 + node_0026 | h_transfer_recombination,node_0019;node_0026,,C,3,0,,,,,0.4,0.0,0.18,0.0,1,1,0
node_0210,COC,Cyclic Olefin Copolymer,C16H25,"{""C"": 16, ""H"": 25}",217.19562580575,neutral,0,recombination,h_transfer_recombination,node_0019 + node_0028 | h_transfer_recombination,node_0019;node_0028,,C,3,0,,,,,0.4,0.0,0.18,0.0,1,1,0
node_0211,COC,Cyclic Olefin Copolymer,C17H27,"{""C"": 17, ""H"": 27}",231.21127587021,neutral,0,recombination,h_transfer_recombination,node_0019 + node_0030 | h_transfer_recombination,node_0019;node_0030,,C,3,0,,,,,0.4,0.0,0.18,0.0,1,1,0
node_0212,COC,Cyclic Olefin Copolymer,C12H20,"{""C"": 12, ""H"": 20}",164.1565006446,neutral,0,recombination,dehydrogenative_coupling,node_0020 + node_0022 | dehydrogenative_coupling,node_0020;node_0022,,C,2,-2,H2,,,,0.48,0.0,0.21799999999999997,0.0,1,1,0
node_0213,COC,Cyclic Olefin Copolymer,C12H22,"{""C"": 12, ""H"": 22}",166.17215070906,neutral,0,recombination,h_transfer_recombination,node_0020 + node_0023 | h_transfer_recombination,node_0020;node_0023,,C,2,0,,,,,0.48,0.0,0.27799999999999997,0.0,1,1,0
node_0214,COC,Cyclic Olefin Copolymer,C10H15,"{""C"": 10, ""H"": 15}",135.11737548345,neutral,0,recombination,dehydrogenative_coupling,node_0020 + node_0024 | dehydrogenative_coupling,node_0020;node_0024,,C,3,-2,H2,,,,0.4,0.0,0.16999999999999998,0.0,1,1,0
node_0215,COC,Cyclic Olefin Copolymer,C10H17,"{""C"": 10, ""H"": 17}",137.13302554791,neutral,0,recombination,h_transfer_recombination,node_0020 + node_0025 | h_transfer_recombination,node_0020;node_0025,,C,3,0,,,,,0.4,0.0,0.22999999999999998,0.0,1,1,0
node_0216,COC,Cyclic Olefin Copolymer,C11H17,"{""C"": 11, ""H"": 17}",149.13302554791,neutral,0,recombination,dehydrogenative_coupling,node_0020 + node_0026 | dehydrogenative_coupling,node_0020;node_0026,,C,3,-2,H2,,,,0.4,0.0,0.16999999999999998,0.0,1,1,0
node_0217,COC,Cyclic Olefin Copolymer,C11H19,"{""C"": 11, ""H"": 19}",151.14867561237,neutral,0,recombination,h_transfer_recombination,node_0020 + node_0027 | h_transfer_recombination,node_0020;node_0027,,C,3,0,,,,,0.4,0.0,0.22999999999999998,0.0,1,1,0
node_0218,COC,Cyclic Olefin Copolymer,C9H13,"{""C"": 9, ""H"": 13}",121.10172541899,neutral,0,recombination,dehydrogenative_coupling,node_0020 + node_0028 | dehydrogenative_coupling,node_0020;node_0028,,C,3,-2,H2,,,,0.4,0.0,0.16999999999999998,0.0,1,1,0
node_0219,COC,Cyclic Olefin Copolymer,C9H15,"{""C"": 9, ""H"": 15}",123.11737548345,neutral,0,recombination,h_transfer_recombination,node_0020 + node_0029 | h_transfer_recombination,node_0020;node_0029,,C,3,0,,,,,0.4,0.0,0.22999999999999998,0.0,1,1,0
node_0220,COC,Cyclic Olefin Copolymer,C10H15,"{""C"": 10, ""H"": 15}",135.11737548345,neutral,0,recombination,dehydrogenative_coupling,node_0020 + node_0030 | dehydrogenative_coupling,node_0020;node_0030,,C,3,-2,H2,,,,0.4,0.0,0.16999999999999998,0.0,1,1,0
node_0221,COC,Cyclic Olefin Copolymer,C10H17,"{""C"": 10, ""H"": 17}",137.13302554791,neutral,0,recombination,h_transfer_recombination,node_0020 + node_0031 | h_transfer_recombination,node_0020;node_0031,,C,3,0,,,,,0.4,0.0,0.22999999999999998,0.0,1,1,0
node_0222,COC,Cyclic Olefin Copolymer,C12H22,"{""C"": 12, ""H"": 22}",166.17215070906,neutral,0,recombination,h_transfer_recombination,node_0021 + node_0022 | h_transfer_recombination,node_0021;node_0022,,C,2,0,,,,,0.48,0.0,0.27799999999999997,0.0,1,1,0
node_0223,COC,Cyclic Olefin Copolymer,C10H17,"{""C"": 10, ""H"": 17}",137.13302554791,neutral,0,recombination,h_transfer_recombination,node_0021 + node_0024 | h_transfer_recombination,node_0021;node_0024,,C,3,0,,,,,0.4,0.0,0.22999999999999998,0.0,1,1,0
node_0224,COC,Cyclic Olefin Copolymer,C11H19,"{""C"": 11, ""H"": 19}",151.14867561237,neutral,0,recombination,h_transfer_recombination,node_0021 + node_0026 | h_transfer_recombination,node_0021;node_0026,,C,3,0,,,,,0.4,0.0,0.22999999999999998,0.0,1,1,0
node_0225,COC,Cyclic Olefin Copolymer,C9H15,"{""C"": 9, ""H"": 15}",123.11737548345,neutral,0,recombination,h_transfer_recombination,node_0021 + node_0028 | h_transfer_recombination,node_0021;node_0028,,C,3,0,,,,,0.4,0.0,0.22999999999999998,0.0,1,1,0
node_0226,COC,Cyclic Olefin Copolymer,C10H17,"{""C"": 10, ""H"": 17}",137.13302554791,neutral,0,recombination,h_transfer_recombination,node_0021 + node_0030 | h_transfer_recombination,node_0021;node_0030,,C,3,0,,,,,0.4,0.0,0.22999999999999998,0.0,1,1,0
node_0227,COC,Cyclic Olefin Copolymer,C18H27,"{""C"": 18, ""H"": 27}",243.21127587021,neutral,0,recombination,dehydrogenative_coupling,node_0022 + node_0024 | dehydrogenative_coupling,node_0022;node_0024,,C,3,-2,H2,,,,0.4,0.0,0.12,0.0,1,1,0
node_0228,COC,Cyclic Olefin Copolymer,C18H29,"{""C"": 18, ""H"": 29}",245.22692593467,neutral,0,recombination,h_transfer_recombination,node_0022 + node_0025 | h_transfer_recombination,node_0022;node_0025,,C,3,0,,,,,0.4,0.0,0.18,0.0,1,1,0
node_0229,COC,Cyclic Olefin Copolymer,C19H29,"{""C"": 19, ""H"": 29}",257.22692593467,neutral,0,recombination,dehydrogenative_coupling,node_0022 + node_0026 | dehydrogenative_coupling,node_0022;node_0026,,C,3,-2,H2,,,,0.4,0.0,0.12,0.0,1,1,0
node_0230,COC,Cyclic Olefin Copolymer,C19H31,"{""C"": 19, ""H"": 31}",259.24257599913,neutral,0,recombination,h_transfer_recombination,node_0022 + node_0027 | h_transfer_recombination,node_0022;node_0027,,C,3,0,,,,,0.4,0.0,0.18,0.0,1,1,0
node_0231,COC,Cyclic Olefin Copolymer,C17H25,"{""C"": 17, ""H"": 25}",229.19562580575,neutral,0,recombination,dehydrogenative_coupling,node_0022 + node_0028 | dehydrogenative_coupling,node_0022;node_0028,,C,3,-2,H2,,,,0.4,0.0,0.12,0.0,1,1,0
node_0232,COC,Cyclic Olefin Copolymer,C17H27,"{""C"": 17, ""H"": 27}",231.21127587021,neutral,0,recombination,h_transfer_recombination,node_0022 + node_0029 | h_transfer_recombination,node_0022;node_0029,,C,3,0,,,,,0.4,0.0,0.18,0.0,1,1,0
node_0233,COC,Cyclic Olefin Copolymer,C18H27,"{""C"": 18, ""H"": 27}",243.21127587021,neutral,0,recombination,dehydrogenative_coupling,node_0022 + node_0030 | dehydrogenative_coupling,node_0022;node_0030,,C,3,-2,H2,,,,0.4,0.0,0.12,0.0,1,1,0
node_0234,COC,Cyclic Olefin Copolymer,C18H29,"{""C"": 18, ""H"": 29}",245.22692593467,neutral,0,recombination,h_transfer_recombination,node_0022 + node_0031 | h_transfer_recombination,node_0022;node_0031,,C,3,0,,,,,0.4,0.0,0.18,0.0,1,1,0
node_0235,COC,Cyclic Olefin Copolymer,C18H29,"{""C"": 18, ""H"": 29}",245.22692593467,neutral,0,recombination,h_transfer_recombination,node_0023 + node_0024 | h_transfer_recombination,node_0023;node_0024,,C,3,0,,,,,0.4,0.0,0.18,0.0,1,1,0
node_0236,COC,Cyclic Olefin Copolymer,C19H31,"{""C"": 19, ""H"": 31}",259.24257599913,neutral,0,recombination,h_transfer_recombination,node_0023 + node_0026 | h_transfer_recombination,node_0023;node_0026,,C,3,0,,,,,0.4,0.0,0.18,0.0,1,1,0
node_0237,COC,Cyclic Olefin Copolymer,C17H27,"{""C"": 17, ""H"": 27}",231.21127587021,neutral,0,recombination,h_transfer_recombination,node_0023 + node_0028 | h_transfer_recombination,node_0023;node_0028,,C,3,0,,,,,0.4,0.0,0.18,0.0,1,1,0
node_0238,COC,Cyclic Olefin Copolymer,C18H29,"{""C"": 18, ""H"": 29}",245.22692593467,neutral,0,recombination,h_transfer_recombination,node_0023 + node_0030 | h_transfer_recombination,node_0023;node_0030,,C,3,0,,,,,0.4,0.0,0.18,0.0,1,1,0
node_0239,COC,Cyclic Olefin Copolymer,C17H24,"{""C"": 17, ""H"": 24}",228.18780077352,neutral,0,recombination,dehydrogenative_coupling,node_0024 + node_0026 | dehydrogenative_coupling,node_0024;node_0026,,C,4,-2,H2,,,,0.32,0.0,0.07200000000000001,0.0,1,1,0
node_0240,COC,Cyclic Olefin Copolymer,C17H26,"{""C"": 17, ""H"": 26}",230.20345083798,neutral,0,recombination,h_transfer_recombination,node_0024 + node_0027 | h_transfer_recombination,node_0024;node_0027,,C,4,0,,,,,0.32,0.0,0.132,0.0,1,1,0
node_0241,COC,Cyclic Olefin Copolymer,C15H20,"{""C"": 15, ""H"": 20}",200.1565006446,neutral,0,recombination,dehydrogenative_coupling,node_0024 + node_0028 | dehydrogenative_coupling,node_0024;node_0028,,C,4,-2,H2,,,,0.32,0.0,0.07200000000000001,0.0,1,1,0
node_0242,COC,Cyclic Olefin Copolymer,C15H22,"{""C"": 15, ""H"": 22}",202.17215070906,neutral,0,recombination,h_transfer_recombination,node_0024 + node_0029 | h_transfer_recombination,node_0024;node_0029,,C,4,0,,,,,0.32,0.0,0.132,0.0,1,1,0
node_0243,COC,Cyclic Olefin Copolymer,C16H22,"{""C"": 16, ""H"": 22}",214.17215070906,neutral,0,recombination,dehydrogenative_coupling,node_0024 + node_0030 | dehydrogenative_coupling,node_0024;node_0030,,C,4,-2,H2,,,,0.32,0.0,0.07200000000000001,0.0,1,1,0
node_0244,COC,Cyclic Olefin Copolymer,C16H24,"{""C"": 16, ""H"": 24}",216.18780077352,neutral,0,recombination,h_transfer_recombination,node_0024 + node_0031 | h_transfer_recombination,node_0024;node_0031,,C,4,0,,,,,0.32,0.0,0.132,0.0,1,1,0
node_0245,COC,Cyclic Olefin Copolymer,C17H26,"{""C"": 17, ""H"": 26}",230.20345083798,neutral,0,recombination,h_transfer_recombination,node_0025 + node_0026 | h_transfer_recombination,node_0025;node_0026,,C,4,0,,,,,0.32,0.0,0.132,0.0,1,1,0
node_0246,COC,Cyclic Olefin Copolymer,C15H22,"{""C"": 15, ""H"": 22}",202.17215070906,neutral,0,recombination,h_transfer_recombination,node_0025 + node_0028 | h_transfer_recombination,node_0025;node_0028,,C,4,0,,,,,0.32,0.0,0.132,0.0,1,1,0
node_0247,COC,Cyclic Olefin Copolymer,C16H24,"{""C"": 16, ""H"": 24}",216.18780077352,neutral,0,recombination,h_transfer_recombination,node_0025 + node_0030 | h_transfer_recombination,node_0025;node_0030,,C,4,0,,,,,0.32,0.0,0.132,0.0,1,1,0
node_0248,COC,Cyclic Olefin Copolymer,C16H22,"{""C"": 16, ""H"": 22}",214.17215070906,neutral,0,recombination,dehydrogenative_coupling,node_0026 + node_0028 | dehydrogenative_coupling,node_0026;node_0028,,C,4,-2,H2,,,,0.32,0.0,0.07200000000000001,0.0,1,1,0
node_0249,COC,Cyclic Olefin Copolymer,C16H24,"{""C"": 16, ""H"": 24}",216.18780077352,neutral,0,recombination,h_transfer_recombination,node_0026 + node_0029 | h_transfer_recombination,node_0026;node_0029,,C,4,0,,,,,0.32,0.0,0.132,0.0,1,1,0
node_0250,COC,Cyclic Olefin Copolymer,C17H24,"{""C"": 17, ""H"": 24}",228.18780077352,neutral,0,recombination,dehydrogenative_coupling,node_0026 + node_0030 | dehydrogenative_coupling,node_0026;node_0030,,C,4,-2,H2,,,,0.32,0.0,0.07200000000000001,0.0,1,1,0
node_0251,COC,Cyclic Olefin Copolymer,C17H26,"{""C"": 17, ""H"": 26}",230.20345083798,neutral,0,recombination,h_transfer_recombination,node_0026 + node_0031 | h_transfer_recombination,node_0026;node_0031,,C,4,0,,,,,0.32,0.0,0.132,0.0,1,1,0
node_0252,COC,Cyclic Olefin Copolymer,C16H24,"{""C"": 16, ""H"": 24}",216.18780077352,neutral,0,recombination,h_transfer_recombination,node_0027 + node_0028 | h_transfer_recombination,node_0027;node_0028,,C,4,0,,,,,0.32,0.0,0.132,0.0,1,1,0
node_0253,COC,Cyclic Olefin Copolymer,C17H26,"{""C"": 17, ""H"": 26}",230.20345083798,neutral,0,recombination,h_transfer_recombination,node_0027 + node_0030 | h_transfer_recombination,node_0027;node_0030,,C,4,0,,,,,0.32,0.0,0.132,0.0,1,1,0
node_0254,COC,Cyclic Olefin Copolymer,C15H20,"{""C"": 15, ""H"": 20}",200.1565006446,neutral,0,recombination,dehydrogenative_coupling,node_0028 + node_0030 | dehydrogenative_coupling,node_0028;node_0030,,C,4,-2,H2,,,,0.32,0.0,0.07200000000000001,0.0,1,1,0
node_0255,COC,Cyclic Olefin Copolymer,C15H22,"{""C"": 15, ""H"": 22}",202.17215070906,neutral,0,recombination,h_transfer_recombination,node_0028 + node_0031 | h_transfer_recombination,node_0028;node_0031,,C,4,0,,,,,0.32,0.0,0.132,0.0,1,1,0
node_0256,COC,Cyclic Olefin Copolymer,C15H22,"{""C"": 15, ""H"": 22}",202.17215070906,neutral,0,recombination,h_transfer_recombination,node_0029 + node_0030 | h_transfer_recombination,node_0029;node_0030,,C,4,0,,,,,0.32,0.0,0.132,0.0,1,1,0
node_0257,COC,Cyclic Olefin Copolymer,C3H5,"{""C"": 3, ""H"": 5}",41.03912516115,positive,1,feature_rule,cycloaliphatic_C3H5,M | cyclic_aliphatic | cyclic_aliphatic_fragments | cycloaliphatic_C3H5,node_0001,,,0,0,,cyclic_aliphatic_fragments,cyclic_aliphatic,"non-aromatic ring detected; heavy element counts={'C': 11, 'H': 20}",0.7,0.8,0.79,0.8800000000000001,2,1,2
node_0258,COC,Cyclic Olefin Copolymer,C4H7,"{""C"": 4, ""H"": 7}",55.05477522561,positive,1,feature_rule,cycloaliphatic_C4H7,M | cyclic_aliphatic | cyclic_aliphatic_fragments | cycloaliphatic_C4H7,node_0001,,,0,0,,cyclic_aliphatic_fragments,cyclic_aliphatic,"non-aromatic ring detected; heavy element counts={'C': 11, 'H': 20}",0.7,0.8,0.79,0.8800000000000001,2,1,2
node_0259,COC,Cyclic Olefin Copolymer,C5H7,"{""C"": 5, ""H"": 7}",67.05477522561,positive,1,feature_rule,cycloaliphatic_C5H7,M | cyclic_aliphatic | cyclic_aliphatic_fragments | cycloaliphatic_C5H7,node_0001,,,0,0,,cyclic_aliphatic_fragments,cyclic_aliphatic,"non-aromatic ring detected; heavy element counts={'C': 11, 'H': 20}",0.7,0.8,0.79,0.8800000000000001,2,1,2
node_0260,COC,Cyclic Olefin Copolymer,C5H9,"{""C"": 5, ""H"": 9}",69.07042529007,positive,1,feature_rule,cycloaliphatic_C5H9,M | cyclic_aliphatic | cyclic_aliphatic_fragments | cycloaliphatic_C5H9,node_0001,,,0,0,,cyclic_aliphatic_fragments,cyclic_aliphatic,"non-aromatic ring detected; heavy element counts={'C': 11, 'H': 20}",0.7,0.8,0.79,0.8800000000000001,2,1,2
node_0261,COC,Cyclic Olefin Copolymer,C6H9,"{""C"": 6, ""H"": 9}",81.07042529007,positive,1,feature_rule,cycloaliphatic_C6H9,M | cyclic_aliphatic | cyclic_aliphatic_fragments | cycloaliphatic_C6H9,node_0001,,,0,0,,cyclic_aliphatic_fragments,cyclic_aliphatic,"non-aromatic ring detected; heavy element counts={'C': 11, 'H': 20}",0.7,0.8,0.79,0.8800000000000001,2,1,2
node_0262,COC,Cyclic Olefin Copolymer,C7H11,"{""C"": 7, ""H"": 11}",95.08607535453,positive,1,feature_rule,cycloaliphatic_C7H11,M | cyclic_aliphatic | cyclic_aliphatic_fragments | cycloaliphatic_C7H11,node_0001,,,0,0,,cyclic_aliphatic_fragments,cyclic_aliphatic,"non-aromatic ring detected; heavy element counts={'C': 11, 'H': 20}",0.7,0.8,0.79,0.99,3,3,2
node_0263,COC,Cyclic Olefin Copolymer,C7H9,"{""C"": 7, ""H"": 9}",93.07042529007,positive,1,feature_rule,cycloaliphatic_C7H9,M | cyclic_aliphatic | cyclic_aliphatic_fragments | cycloaliphatic_C7H9,node_0001,,,0,0,,cyclic_aliphatic_fragments,cyclic_aliphatic,"non-aromatic ring detected; heavy element counts={'C': 11, 'H': 20}",0.7,0.8,0.79,0.9300000000000002,2,2,2
node_0264,COC,Cyclic Olefin Copolymer,C3H3,"{""C"": 3, ""H"": 3}",39.02347509669,negative,-1,feature_rule,cycloaliphatic_C3H3,M | cyclic_aliphatic | cyclic_aliphatic_fragments | cycloaliphatic_C3H3,node_0001,,,0,0,,cyclic_aliphatic_fragments,cyclic_aliphatic,"non-aromatic ring detected; heavy element counts={'C': 11, 'H': 20}",0.7,0.8,0.79,0.79,1,1,1
node_0265,COC,Cyclic Olefin Copolymer,C4H3,"{""C"": 4, ""H"": 3}",51.02347509669,negative,-1,feature_rule,cycloaliphatic_C4H3,M | cyclic_aliphatic | cyclic_aliphatic_fragments | cycloaliphatic_C4H3,node_0001,,,0,0,,cyclic_aliphatic_fragments,cyclic_aliphatic,"non-aromatic ring detected; heavy element counts={'C': 11, 'H': 20}",0.7,0.8,0.79,0.79,1,1,1
node_0266,COC,Cyclic Olefin Copolymer,C5H5,"{""C"": 5, ""H"": 5}",65.03912516115,negative,-1,feature_rule,cycloaliphatic_C5H5,M | cyclic_aliphatic | cyclic_aliphatic_fragments | cycloaliphatic_C5H5,node_0001,,,0,0,,cyclic_aliphatic_fragments,cyclic_aliphatic,"non-aromatic ring detected; heavy element counts={'C': 11, 'H': 20}",0.7,0.8,0.79,0.79,1,1,1
node_0267,COC,Cyclic Olefin Copolymer,C8H9,"{""C"": 8, ""H"": 9}",105.07042529007,positive,1,feature_rule,cycloaliphatic_C8H9,M | cyclic_aliphatic | cyclic_aliphatic_fragments | cycloaliphatic_C8H9,node_0001,,,0,0,,cyclic_aliphatic_fragments,cyclic_aliphatic,"non-aromatic ring detected; heavy element counts={'C': 11, 'H': 20}",0.7,0.8,0.79,0.79,1,1,1
node_0268,COC,Cyclic Olefin Copolymer,C8H11,"{""C"": 8, ""H"": 11}",107.08607535453,positive,1,feature_rule,cycloaliphatic_C8H11,M | cyclic_aliphatic | cyclic_aliphatic_fragments | cycloaliphatic_C8H11,node_0001,,,0,0,,cyclic_aliphatic_fragments,cyclic_aliphatic,"non-aromatic ring detected; heavy element counts={'C': 11, 'H': 20}",0.7,0.8,0.79,0.99,3,2,3
node_0269,COC,Cyclic Olefin Copolymer,C8H13,"{""C"": 8, ""H"": 13}",109.10172541899,positive,1,feature_rule,cycloaliphatic_C8H13,M | cyclic_aliphatic | cyclic_aliphatic_fragments | cycloaliphatic_C8H13,node_0001,,,0,0,,cyclic_aliphatic_fragments,cyclic_aliphatic,"non-aromatic ring detected; heavy element counts={'C': 11, 'H': 20}",0.7,0.8,0.79,1.0,5,3,3
node_0270,COC,Cyclic Olefin Copolymer,C9H9,"{""C"": 9, ""H"": 9}",117.07042529007,positive,1,feature_rule,cycloaliphatic_C9H9,M | cyclic_aliphatic | cyclic_aliphatic_fragments | cycloaliphatic_C9H9,node_0001,,,0,0,,cyclic_aliphatic_fragments,cyclic_aliphatic,"non-aromatic ring detected; heavy element counts={'C': 11, 'H': 20}",0.7,0.8,0.79,0.79,1,1,1
node_0271,COC,Cyclic Olefin Copolymer,C9H11,"{""C"": 9, ""H"": 11}",119.08607535453,positive,1,feature_rule,cycloaliphatic_C9H11,M | cyclic_aliphatic | cyclic_aliphatic_fragments | cycloaliphatic_C9H11,node_0001,,,0,0,,cyclic_aliphatic_fragments,cyclic_aliphatic,"non-aromatic ring detected; heavy element counts={'C': 11, 'H': 20}",0.7,0.8,0.79,0.79,1,1,1
node_0272,COC,Cyclic Olefin Copolymer,C9H13,"{""C"": 9, ""H"": 13}",121.10172541899,positive,1,feature_rule,cycloaliphatic_C9H13,M | cyclic_aliphatic | cyclic_aliphatic_fragments | cycloaliphatic_C9H13,node_0001,,,0,0,,cyclic_aliphatic_fragments,cyclic_aliphatic,"non-aromatic ring detected; heavy element counts={'C': 11, 'H': 20}",0.7,0.8,0.79,1.0,4,3,4
node_0273,COC,Cyclic Olefin Copolymer,C10H9,"{""C"": 10, ""H"": 9}",129.07042529007,positive,1,feature_rule,cycloaliphatic_C10H9,M | cyclic_aliphatic | cyclic_aliphatic_fragments | cycloaliphatic_C10H9,node_0001,,,0,0,,cyclic_aliphatic_fragments,cyclic_aliphatic,"non-aromatic ring detected; heavy element counts={'C': 11, 'H': 20}",0.7,0.8,0.79,0.79,1,1,1
node_0274,COC,Cyclic Olefin Copolymer,C10H11,"{""C"": 10, ""H"": 11}",131.08607535453,positive,1,feature_rule,cycloaliphatic_C10H11,M | cyclic_aliphatic | cyclic_aliphatic_fragments | cycloaliphatic_C10H11,node_0001,,,0,0,,cyclic_aliphatic_fragments,cyclic_aliphatic,"non-aromatic ring detected; heavy element counts={'C': 11, 'H': 20}",0.7,0.8,0.79,0.79,1,1,1
node_0275,COC,Cyclic Olefin Copolymer,C10H13,"{""C"": 10, ""H"": 13}",133.10172541899,positive,1,feature_rule,cycloaliphatic_C10H13,M | cyclic_aliphatic | cyclic_aliphatic_fragments | cycloaliphatic_C10H13,node_0001,,,0,0,,cyclic_aliphatic_fragments,cyclic_aliphatic,"non-aromatic ring detected; heavy element counts={'C': 11, 'H': 20}",0.7,0.8,0.79,0.79,1,1,1
node_0276,COC,Cyclic Olefin Copolymer,C8H7,"{""C"": 8, ""H"": 7}",103.05477522561,negative,-1,feature_rule,cycloaliphatic_C8H7,M | cyclic_aliphatic | cyclic_aliphatic_fragments | cycloaliphatic_C8H7,node_0001,,,0,0,,cyclic_aliphatic_fragments,cyclic_aliphatic,"non-aromatic ring detected; heavy element counts={'C': 11, 'H': 20}",0.7,0.8,0.79,0.79,1,1,1
node_0277,COC,Cyclic Olefin Copolymer,C9H7,"{""C"": 9, ""H"": 7}",115.05477522561,negative,-1,feature_rule,cycloaliphatic_C9H7,M | cyclic_aliphatic | cyclic_aliphatic_fragments | cycloaliphatic_C9H7,node_0001,,,0,0,,cyclic_aliphatic_fragments,cyclic_aliphatic,"non-aromatic ring detected; heavy element counts={'C': 11, 'H': 20}",0.7,0.8,0.79,0.79,1,1,1
node_0278,COC,Cyclic Olefin Copolymer,C10H7,"{""C"": 10, ""H"": 7}",127.05477522561,negative,-1,feature_rule,cycloaliphatic_C10H7,M | cyclic_aliphatic | cyclic_aliphatic_fragments | cycloaliphatic_C10H7,node_0001,,,0,0,,cyclic_aliphatic_fragments,cyclic_aliphatic,"non-aromatic ring detected; heavy element counts={'C': 11, 'H': 20}",0.7,0.8,0.79,0.79,1,1,1
node_0279,COC,Cyclic Olefin Copolymer,C2H3,"{""C"": 2, ""H"": 3}",27.02347509669,positive,1,feature_rule,small_hc_C2H3,M | universal_hydrocarbon | hydrocarbon_small_fragments | small_hc_C2H3,node_0001,,,0,0,,hydrocarbon_small_fragments,universal_hydrocarbon,universal TOF-SIMS small HC fragments; parent C=11,0.48,0.8,0.6580000000000001,0.6580000000000001,1,1,1
node_0280,COC,Cyclic Olefin Copolymer,C2H5,"{""C"": 2, ""H"": 5}",29.03912516115,positive,1,feature_rule,small_hc_C2H5,M | universal_hydrocarbon | hydrocarbon_small_fragments | small_hc_C2H5,node_0001,,,0,0,,hydrocarbon_small_fragments,universal_hydrocarbon,universal TOF-SIMS small HC fragments; parent C=11,0.48,0.8,0.6580000000000001,0.8580000000000001,3,2,3
node_0281,COC,Cyclic Olefin Copolymer,C3H3,"{""C"": 3, ""H"": 3}",39.02347509669,positive,1,feature_rule,small_hc_C3H3,M | universal_hydrocarbon | hydrocarbon_small_fragments | small_hc_C3H3,node_0001,,,0,0,,hydrocarbon_small_fragments,universal_hydrocarbon,universal TOF-SIMS small HC fragments; parent C=11,0.48,0.8,0.6580000000000001,0.6580000000000001,1,1,1
node_0282,COC,Cyclic Olefin Copolymer,C3H5,"{""C"": 3, ""H"": 5}",41.03912516115,positive,1,feature_rule,small_hc_C3H5,M | universal_hydrocarbon | hydrocarbon_small_fragments | small_hc_C3H5,node_0001,,,0,0,,hydrocarbon_small_fragments,universal_hydrocarbon,universal TOF-SIMS small HC fragments; parent C=11,0.48,0.8,0.6580000000000001,0.8800000000000001,2,1,2
node_0283,COC,Cyclic Olefin Copolymer,C3H7,"{""C"": 3, ""H"": 7}",43.05477522561,positive,1,feature_rule,small_hc_C3H7,M | universal_hydrocarbon | hydrocarbon_small_fragments | small_hc_C3H7,node_0001,,,0,0,,hydrocarbon_small_fragments,universal_hydrocarbon,universal TOF-SIMS small HC fragments; parent C=11,0.48,0.8,0.6580000000000001,0.6580000000000001,1,1,1
node_0284,COC,Cyclic Olefin Copolymer,C4H3,"{""C"": 4, ""H"": 3}",51.02347509669,positive,1,feature_rule,small_hc_C4H3,M | universal_hydrocarbon | hydrocarbon_small_fragments | small_hc_C4H3,node_0001,,,0,0,,hydrocarbon_small_fragments,universal_hydrocarbon,universal TOF-SIMS small HC fragments; parent C=11,0.48,0.8,0.6580000000000001,0.6580000000000001,1,1,1
node_0285,COC,Cyclic Olefin Copolymer,C4H5,"{""C"": 4, ""H"": 5}",53.03912516115,positive,1,feature_rule,small_hc_C4H5,M | universal_hydrocarbon | hydrocarbon_small_fragments | small_hc_C4H5,node_0001,,,0,0,,hydrocarbon_small_fragments,universal_hydrocarbon,universal TOF-SIMS small HC fragments; parent C=11,0.48,0.8,0.6580000000000001,0.6580000000000001,1,1,1
node_0286,COC,Cyclic Olefin Copolymer,C4H7,"{""C"": 4, ""H"": 7}",55.05477522561,positive,1,feature_rule,small_hc_C4H7,M | universal_hydrocarbon | hydrocarbon_small_fragments | small_hc_C4H7,node_0001,,,0,0,,hydrocarbon_small_fragments,universal_hydrocarbon,universal TOF-SIMS small HC fragments; parent C=11,0.48,0.8,0.6580000000000001,0.8800000000000001,2,1,2
node_0287,COC,Cyclic Olefin Copolymer,C4H9,"{""C"": 4, ""H"": 9}",57.07042529007,positive,1,feature_rule,small_hc_C4H9,M | universal_hydrocarbon | hydrocarbon_small_fragments | small_hc_C4H9,node_0001,,,0,0,,hydrocarbon_small_fragments,universal_hydrocarbon,universal TOF-SIMS small HC fragments; parent C=11,0.48,0.8,0.6580000000000001,0.8780000000000001,4,2,4
node_0288,COC,Cyclic Olefin Copolymer,C5H5,"{""C"": 5, ""H"": 5}",65.03912516115,positive,1,feature_rule,small_hc_C5H5,M | universal_hydrocarbon | hydrocarbon_small_fragments | small_hc_C5H5,node_0001,,,0,0,,hydrocarbon_small_fragments,universal_hydrocarbon,universal TOF-SIMS small HC fragments; parent C=11,0.48,0.8,0.6580000000000001,0.6580000000000001,1,1,1
node_0289,COC,Cyclic Olefin Copolymer,C5H7,"{""C"": 5, ""H"": 7}",67.05477522561,positive,1,feature_rule,small_hc_C5H7,M | universal_hydrocarbon | hydrocarbon_small_fragments | small_hc_C5H7,node_0001,,,0,0,,hydrocarbon_small_fragments,universal_hydrocarbon,universal TOF-SIMS small HC fragments; parent C=11,0.48,0.8,0.6580000000000001,0.8800000000000001,2,1,2
node_0290,COC,Cyclic Olefin Copolymer,C5H9,"{""C"": 5, ""H"": 9}",69.07042529007,positive,1,feature_rule,small_hc_C5H9,M | universal_hydrocarbon | hydrocarbon_small_fragments | small_hc_C5H9,node_0001,,,0,0,,hydrocarbon_small_fragments,universal_hydrocarbon,universal TOF-SIMS small HC fragments; parent C=11,0.48,0.8,0.6580000000000001,0.8800000000000001,2,1,2
node_0291,COC,Cyclic Olefin Copolymer,C5H11,"{""C"": 5, ""H"": 11}",71.08607535453,positive,1,feature_rule,small_hc_C5H11,M | universal_hydrocarbon | hydrocarbon_small_fragments | small_hc_C5H11,node_0001,,,0,0,,hydrocarbon_small_fragments,universal_hydrocarbon,universal TOF-SIMS small HC fragments; parent C=11,0.48,0.8,0.6580000000000001,0.6580000000000001,1,1,1
node_0292,COC,Cyclic Olefin Copolymer,C6H5,"{""C"": 6, ""H"": 5}",77.03912516115,positive,1,feature_rule,small_hc_C6H5,M | universal_hydrocarbon | hydrocarbon_small_fragments | small_hc_C6H5,node_0001,,,0,0,,hydrocarbon_small_fragments,universal_hydrocarbon,universal TOF-SIMS small HC fragments; parent C=11,0.48,0.8,0.6580000000000001,0.6580000000000001,1,1,1
node_0293,COC,Cyclic Olefin Copolymer,C6H7,"{""C"": 6, ""H"": 7}",79.05477522561,positive,1,feature_rule,small_hc_C6H7,M | universal_hydrocarbon | hydrocarbon_small_fragments | small_hc_C6H7,node_0001,,,0,0,,hydrocarbon_small_fragments,universal_hydrocarbon,universal TOF-SIMS small HC fragments; parent C=11,0.48,0.8,0.6580000000000001,0.6580000000000001,1,1,1
node_0294,COC,Cyclic Olefin Copolymer,C6H9,"{""C"": 6, ""H"": 9}",81.07042529007,positive,1,feature_rule,small_hc_C6H9,M | universal_hydrocarbon | hydrocarbon_small_fragments | small_hc_C6H9,node_0001,,,0,0,,hydrocarbon_small_fragments,universal_hydrocarbon,universal TOF-SIMS small HC fragments; parent C=11,0.48,0.8,0.6580000000000001,0.8800000000000001,2,1,2
node_0295,COC,Cyclic Olefin Copolymer,C6H11,"{""C"": 6, ""H"": 11}",83.08607535453,positive,1,feature_rule,small_hc_C6H11,M | universal_hydrocarbon | hydrocarbon_small_fragments | small_hc_C6H11,node_0001,,,0,0,,hydrocarbon_small_fragments,universal_hydrocarbon,universal TOF-SIMS small HC fragments; parent C=11,0.48,0.8,0.6580000000000001,0.6580000000000001,1,1,1
node_0296,COC,Cyclic Olefin Copolymer,C2,"{""C"": 2}",24.0,negative,-1,feature_rule,small_hc_C2,M | universal_hydrocarbon | hydrocarbon_small_fragments | small_hc_C2,node_0001,,,0,0,,hydrocarbon_small_fragments,universal_hydrocarbon,universal TOF-SIMS small HC fragments; parent C=11,0.48,0.8,0.6080000000000001,0.6080000000000001,1,1,1
node_0297,COC,Cyclic Olefin Copolymer,C2H,"{""C"": 2, ""H"": 1}",25.00782503223,negative,-1,feature_rule,small_hc_C2H,M | universal_hydrocarbon | hydrocarbon_small_fragments | small_hc_C2H,node_0001,,,0,0,,hydrocarbon_small_fragments,universal_hydrocarbon,universal TOF-SIMS small HC fragments; parent C=11,0.48,0.8,0.6580000000000001,0.6580000000000001,1,1,1
node_0298,COC,Cyclic Olefin Copolymer,C3,"{""C"": 3}",36.0,negative,-1,feature_rule,small_hc_C3,M | universal_hydrocarbon | hydrocarbon_small_fragments | small_hc_C3,node_0001,,,0,0,,hydrocarbon_small_fragments,universal_hydrocarbon,universal TOF-SIMS small HC fragments; parent C=11,0.48,0.8,0.6580000000000001,0.6580000000000001,1,1,1
node_0299,COC,Cyclic Olefin Copolymer,C3H,"{""C"": 3, ""H"": 1}",37.00782503223,negative,-1,feature_rule,small_hc_C3H,M | universal_hydrocarbon | hydrocarbon_small_fragments | small_hc_C3H,node_0001,,,0,0,,hydrocarbon_small_fragments,universal_hydrocarbon,universal TOF-SIMS small HC fragments; parent C=11,0.48,0.8,0.6580000000000001,0.6580000000000001,1,1,1
node_0300,COC,Cyclic Olefin Copolymer,C4,"{""C"": 4}",48.0,negative,-1,feature_rule,small_hc_C4,M | universal_hydrocarbon | hydrocarbon_small_fragments | small_hc_C4,node_0001,,,0,0,,hydrocarbon_small_fragments,universal_hydrocarbon,universal TOF-SIMS small HC fragments; parent C=11,0.48,0.8,0.6580000000000001,0.6580000000000001,1,1,1
node_0301,COC,Cyclic Olefin Copolymer,C4H,"{""C"": 4, ""H"": 1}",49.00782503223,negative,-1,feature_rule,small_hc_C4H,M | universal_hydrocarbon | hydrocarbon_small_fragments | small_hc_C4H,node_0001,,,0,0,,hydrocarbon_small_fragments,universal_hydrocarbon,universal TOF-SIMS small HC fragments; parent C=11,0.48,0.8,0.6580000000000001,0.6580000000000001,1,1,1
node_0302,COC,Cyclic Olefin Copolymer,C5,"{""C"": 5}",60.0,negative,-1,feature_rule,small_hc_C5,M | universal_hydrocarbon | hydrocarbon_small_fragments | small_hc_C5,node_0001,,,0,0,,hydrocarbon_small_fragments,universal_hydrocarbon,universal TOF-SIMS small HC fragments; parent C=11,0.48,0.8,0.6580000000000001,0.6580000000000001,1,1,1
node_0303,COC,Cyclic Olefin Copolymer,C5H,"{""C"": 5, ""H"": 1}",61.00782503223,negative,-1,feature_rule,small_hc_C5H,M | universal_hydrocarbon | hydrocarbon_small_fragments | small_hc_C5H,node_0001,,,0,0,,hydrocarbon_small_fragments,universal_hydrocarbon,universal TOF-SIMS small HC fragments; parent C=11,0.48,0.8,0.6580000000000001,0.6580000000000001,1,1,1
node_0304,COC,Cyclic Olefin Copolymer,C6,"{""C"": 6}",72.0,negative,-1,feature_rule,small_hc_C6,M | universal_hydrocarbon | hydrocarbon_small_fragments | small_hc_C6,node_0001,,,0,0,,hydrocarbon_small_fragments,universal_hydrocarbon,universal TOF-SIMS small HC fragments; parent C=11,0.48,0.8,0.6580000000000001,0.6580000000000001,1,1,1
node_0305,COC,Cyclic Olefin Copolymer,C6H,"{""C"": 6, ""H"": 1}",73.00782503223,negative,-1,feature_rule,small_hc_C6H,M | universal_hydrocarbon | hydrocarbon_small_fragments | small_hc_C6H,node_0001,,,0,0,,hydrocarbon_small_fragments,universal_hydrocarbon,universal TOF-SIMS small HC fragments; parent C=11,0.48,0.8,0.6580000000000001,0.6580000000000001,1,1,1
node_0306,COC,Cyclic Olefin Copolymer,C11H20,"{""C"": 11, ""H"": 20}",152.1565006446,positive,1,parent,electron_loss,M | electron_loss,node_0001,,,0,0,,,,,0.45,0.37000000000000005,0.468,0.786,21,2,21
node_0307,COC,Cyclic Olefin Copolymer,C11H20,"{""C"": 11, ""H"": 20}",152.1565006446,negative,-1,parent,electron_gain,M | electron_gain,node_0001,,,0,0,,,,,0.45,0.37000000000000005,0.468,0.718,9,2,9
node_0308,COC,Cyclic Olefin Copolymer,C11H21,"{""C"": 11, ""H"": 21}",153.16432567683,positive,1,parent,protonation,M | protonation,node_0001,,,0,1,,,,,0.45,0.54,0.5060000000000001,0.756,9,2,9
node_0309,COC,Cyclic Olefin Copolymer,C11H19,"{""C"": 11, ""H"": 19}",151.14867561237,negative,-1,parent,deprotonation,M | deprotonation,node_0001,,,0,-1,,,,,0.45,0.54,0.5060000000000001,0.756,21,2,21
node_0310,COC,Cyclic Olefin Copolymer,C10H17,"{""C"": 10, ""H"": 17}",137.13302554791,positive,1,fragment,electron_loss,"M | fragment C,H from C-C bond break(s) | electron_loss",node_0002,1;2;3;4;5;6;7;8;9;10;14;15;16;17;18;19;20;21;22;23;24;25;26;27;28;29;30,C,1,0,,,,,0.64,0.55,0.6540000000000001,0.8740000000000001,18,2,18
node_0311,COC,Cyclic Olefin Copolymer,C10H17,"{""C"": 10, ""H"": 17}",137.13302554791,negative,-1,fragment,electron_gain,"M | fragment C,H from C-C bond break(s) | electron_gain",node_0002,1;2;3;4;5;6;7;8;9;10;14;15;16;17;18;19;20;21;22;23;24;25;26;27;28;29;30,C,1,0,,,,,0.64,0.55,0.6540000000000001,0.8740000000000001,10,2,10
node_0312,COC,Cyclic Olefin Copolymer,C10H18,"{""C"": 10, ""H"": 18}",138.14085058014,positive,1,fragment,protonation,"M | fragment C,H from C-C bond break(s) | protonation",node_0002,1;2;3;4;5;6;7;8;9;10;14;15;16;17;18;19;20;21;22;23;24;25;26;27;28;29;30,C,1,1,,,,,0.64,0.72,0.692,0.942,12,3,10
node_0313,COC,Cyclic Olefin Copolymer,C10H16,"{""C"": 10, ""H"": 16}",136.12520051568,negative,-1,fragment,deprotonation,"M | fragment C,H from C-C bond break(s) | deprotonation",node_0002,1;2;3;4;5;6;7;8;9;10;14;15;16;17;18;19;20;21;22;23;24;25;26;27;28;29;30,C,1,-1,,,,,0.64,0.72,0.692,0.942,20,3,18
node_0314,COC,Cyclic Olefin Copolymer,C2H5,"{""C"": 2, ""H"": 5}",29.03912516115,positive,1,fragment,electron_loss,"M | fragment C,H from C-C bond break(s) | electron_loss",node_0003,0;1;11;12;13;14;15,C,1,0,,,,,0.64,0.55,0.6540000000000001,0.8580000000000001,3,2,3
node_0315,COC,Cyclic Olefin Copolymer,C2H5,"{""C"": 2, ""H"": 5}",29.03912516115,negative,-1,fragment,electron_gain,"M | fragment C,H from C-C bond break(s) | electron_gain",node_0003,0;1;11;12;13;14;15,C,1,0,,,,,0.64,0.55,0.6540000000000001,0.7440000000000002,2,1,2
node_0316,COC,Cyclic Olefin Copolymer,C2H6,"{""C"": 2, ""H"": 6}",30.04695019338,positive,1,fragment,protonation,"M | fragment C,H from C-C bond break(s) | protonation",node_0003,0;1;11;12;13;14;15,C,1,1,,,,,0.64,0.72,0.692,0.882,4,2,2
node_0317,COC,Cyclic Olefin Copolymer,C2H4,"{""C"": 2, ""H"": 4}",28.03130012892,negative,-1,fragment,deprotonation,"M | fragment C,H from C-C bond break(s) | deprotonation",node_0003,0;1;11;12;13;14;15,C,1,-1,,,,,0.64,0.72,0.692,0.882,4,2,2
node_0318,COC,Cyclic Olefin Copolymer,C9H15,"{""C"": 9, ""H"": 15}",123.11737548345,positive,1,fragment,electron_loss,"M | fragment C,H from C-C bond break(s) | electron_loss",node_0004,2;3;4;5;6;7;8;9;10;16;17;18;19;20;21;22;23;24;25;26;27;28;29;30,C,1,0,,,,,0.64,0.55,0.6540000000000001,0.9040000000000001,12,3,11
node_0319,COC,Cyclic Olefin Copolymer,C9H15,"{""C"": 9, ""H"": 15}",123.11737548345,negative,-1,fragment,electron_gain,"M | fragment C,H from C-C bond break(s) | electron_gain",node_0004,2;3;4;5;6;7;8;9;10;16;17;18;19;20;21;22;23;24;25;26;27;28;29;30,C,1,0,,,,,0.64,0.55,0.6540000000000001,0.9040000000000001,7,3,7
node_0320,COC,Cyclic Olefin Copolymer,C9H16,"{""C"": 9, ""H"": 16}",124.12520051568,positive,1,fragment,protonation,"M | fragment C,H from C-C bond break(s) | protonation",node_0004,2;3;4;5;6;7;8;9;10;16;17;18;19;20;21;22;23;24;25;26;27;28;29;30,C,1,1,,,,,0.64,0.72,0.692,0.942,8,3,6
node_0321,COC,Cyclic Olefin Copolymer,C9H14,"{""C"": 9, ""H"": 14}",122.10955045122,negative,-1,fragment,deprotonation,"M | fragment C,H from C-C bond break(s) | deprotonation",node_0004,2;3;4;5;6;7;8;9;10;16;17;18;19;20;21;22;23;24;25;26;27;28;29;30,C,1,-1,,,,,0.64,0.72,0.692,0.942,13,3,11
node_0322,COC,Cyclic Olefin Copolymer,C9H15,"{""C"": 9, ""H"": 15}",123.11737548345,positive,1,fragment,electron_loss,"M | fragment C,H from C-C bond break(s) | electron_loss",node_0005,0;1;2;3;4;5;6;7;8;11;12;13;14;15;16;17;18;19;20;21;22;23;24;25,C,1,0,,,,,0.64,0.55,0.6540000000000001,0.9040000000000001,12,3,11
node_0323,COC,Cyclic Olefin Copolymer,C9H15,"{""C"": 9, ""H"": 15}",123.11737548345,negative,-1,fragment,electron_gain,"M | fragment C,H from C-C bond break(s) | electron_gain",node_0005,0;1;2;3;4;5;6;7;8;11;12;13;14;15;16;17;18;19;20;21;22;23;24;25,C,1,0,,,,,0.64,0.55,0.6540000000000001,0.9040000000000001,7,3,7
node_0324,COC,Cyclic Olefin Copolymer,C9H16,"{""C"": 9, ""H"": 16}",124.12520051568,positive,1,fragment,protonation,"M | fragment C,H from C-C bond break(s) | protonation",node_0005,0;1;2;3;4;5;6;7;8;11;12;13;14;15;16;17;18;19;20;21;22;23;24;25,C,1,1,,,,,0.64,0.72,0.692,0.942,8,3,6
node_0325,COC,Cyclic Olefin Copolymer,C9H14,"{""C"": 9, ""H"": 14}",122.10955045122,negative,-1,fragment,deprotonation,"M | fragment C,H from C-C bond break(s) | deprotonation",node_0005,0;1;2;3;4;5;6;7;8;11;12;13;14;15;16;17;18;19;20;21;22;23;24;25,C,1,-1,,,,,0.64,0.72,0.692,0.942,13,3,11
node_0326,COC,Cyclic Olefin Copolymer,C2H5,"{""C"": 2, ""H"": 5}",29.03912516115,positive,1,fragment,electron_loss,"M | fragment C,H from C-C bond break(s) | electron_loss",node_0006,9;10;26;27;28;29;30,C,1,0,,,,,0.64,0.55,0.6540000000000001,0.8580000000000001,3,2,3
node_0327,COC,Cyclic Olefin Copolymer,C2H5,"{""C"": 2, ""H"": 5}",29.03912516115,negative,-1,fragment,electron_gain,"M | fragment C,H from C-C bond break(s) | electron_gain",node_0006,9;10;26;27;28;29;30,C,1,0,,,,,0.64,0.55,0.6540000000000001,0.7440000000000002,2,1,2
node_0328,COC,Cyclic Olefin Copolymer,C2H6,"{""C"": 2, ""H"": 6}",30.04695019338,positive,1,fragment,protonation,"M | fragment C,H from C-C bond break(s) | protonation",node_0006,9;10;26;27;28;29;30,C,1,1,,,,,0.64,0.72,0.692,0.882,4,2,2
node_0329,COC,Cyclic Olefin Copolymer,C2H4,"{""C"": 2, ""H"": 4}",28.03130012892,negative,-1,fragment,deprotonation,"M | fragment C,H from C-C bond break(s) | deprotonation",node_0006,9;10;26;27;28;29;30,C,1,-1,,,,,0.64,0.72,0.692,0.882,4,2,2
node_0330,COC,Cyclic Olefin Copolymer,C10H17,"{""C"": 10, ""H"": 17}",137.13302554791,positive,1,fragment,electron_loss,"M | fragment C,H from C-C bond break(s) | electron_loss",node_0007,0;1;2;3;4;5;6;7;8;9;11;12;13;14;15;16;17;18;19;20;21;22;23;24;25;26;27,C,1,0,,,,,0.64,0.55,0.6540000000000001,0.8740000000000001,18,2,18
node_0331,COC,Cyclic Olefin Copolymer,C10H17,"{""C"": 10, ""H"": 17}",137.13302554791,negative,-1,fragment,electron_gain,"M | fragment C,H from C-C bond break(s) | electron_gain",node_0007,0;1;2;3;4;5;6;7;8;9;11;12;13;14;15;16;17;18;19;20;21;22;23;24;25;26;27,C,1,0,,,,,0.64,0.55,0.6540000000000001,0.8740000000000001,10,2,10
node_0332,COC,Cyclic Olefin Copolymer,C10H18,"{""C"": 10, ""H"": 18}",138.14085058014,positive,1,fragment,protonation,"M | fragment C,H from C-C bond break(s) | protonation",node_0007,0;1;2;3;4;5;6;7;8;9;11;12;13;14;15;16;17;18;19;20;21;22;23;24;25;26;27,C,1,1,,,,,0.64,0.72,0.692,0.942,12,3,10
node_0333,COC,Cyclic Olefin Copolymer,C10H16,"{""C"": 10, ""H"": 16}",136.12520051568,negative,-1,fragment,deprotonation,"M | fragment C,H from C-C bond break(s) | deprotonation",node_0007,0;1;2;3;4;5;6;7;8;9;11;12;13;14;15;16;17;18;19;20;21;22;23;24;25;26;27,C,1,-1,,,,,0.64,0.72,0.692,0.942,20,3,18
node_0334,COC,Cyclic Olefin Copolymer,C8H12,"{""C"": 8, ""H"": 12}",108.09390038676,positive,1,fragment,electron_loss,"M | fragment C,H from C-C+C-C bond break(s) | electron_loss",node_0008,1;2;3;4;5;6;7;8;14;15;16;17;18;19;20;21;22;23;24;25,C;C,2,0,,,,,0.5599999999999999,0.55,0.6060000000000001,0.6960000000000002,2,1,2
node_0335,COC,Cyclic Olefin Copolymer,C8H12,"{""C"": 8, ""H"": 12}",108.09390038676,negative,-1,fragment,electron_gain,"M | fragment C,H from C-C+C-C bond break(s) | electron_gain",node_0008,1;2;3;4;5;6;7;8;14;15;16;17;18;19;20;21;22;23;24;25,C;C,2,0,,,,,0.5599999999999999,0.55,0.6060000000000001,0.6960000000000002,2,1,2
node_0336,COC,Cyclic Olefin Copolymer,C8H13,"{""C"": 8, ""H"": 13}",109.10172541899,positive,1,fragment,protonation,"M | fragment C,H from C-C+C-C bond break(s) | protonation",node_0008,1;2;3;4;5;6;7;8;14;15;16;17;18;19;20;21;22;23;24;25,C;C,2,1,,,,,0.5599999999999999,0.72,0.6439999999999999,1.0,5,3,3
node_0337,COC,Cyclic Olefin Copolymer,C8H11,"{""C"": 8, ""H"": 11}",107.08607535453,negative,-1,fragment,deprotonation,"M | fragment C,H from C-C+C-C bond break(s) | deprotonation",node_0008,1;2;3;4;5;6;7;8;14;15;16;17;18;19;20;21;22;23;24;25,C;C,2,-1,,,,,0.5599999999999999,0.72,0.6439999999999999,0.834,4,2,2
node_0338,COC,Cyclic Olefin Copolymer,C9H14,"{""C"": 9, ""H"": 14}",122.10955045122,positive,1,fragment,electron_loss,"M | fragment C,H from C-C+C-C bond break(s) | electron_loss",node_0009,1;2;3;4;5;6;7;8;9;14;15;16;17;18;19;20;21;22;23;24;25;26;27,C;C,2,0,,,,,0.5599999999999999,0.55,0.6060000000000001,0.8560000000000001,9,3,9
node_0339,COC,Cyclic Olefin Copolymer,C9H14,"{""C"": 9, ""H"": 14}",122.10955045122,negative,-1,fragment,electron_gain,"M | fragment C,H from C-C+C-C bond break(s) | electron_gain",node_0009,1;2;3;4;5;6;7;8;9;14;15;16;17;18;19;20;21;22;23;24;25;26;27,C;C,2,0,,,,,0.5599999999999999,0.55,0.6060000000000001,0.942,13,3,11
node_0340,COC,Cyclic Olefin Copolymer,C9H15,"{""C"": 9, ""H"": 15}",123.11737548345,positive,1,fragment,protonation,"M | fragment C,H from C-C+C-C bond break(s) | protonation",node_0009,1;2;3;4;5;6;7;8;9;14;15;16;17;18;19;20;21;22;23;24;25;26;27,C;C,2,1,,,,,0.5599999999999999,0.72,0.6439999999999999,0.9040000000000001,12,3,11
node_0341,COC,Cyclic Olefin Copolymer,C9H13,"{""C"": 9, ""H"": 13}",121.10172541899,negative,-1,fragment,deprotonation,"M | fragment C,H from C-C+C-C bond break(s) | deprotonation",node_0009,1;2;3;4;5;6;7;8;9;14;15;16;17;18;19;20;21;22;23;24;25;26;27,C;C,2,-1,,,,,0.5599999999999999,0.72,0.6439999999999999,0.8939999999999999,8,3,7
node_0342,COC,Cyclic Olefin Copolymer,C7H10,"{""C"": 7, ""H"": 10}",94.0782503223,positive,1,fragment,electron_loss,"M | fragment C,H from C-C+C-C bond break(s) | electron_loss",node_0010,2;3;4;5;6;7;8;16;17;18;19;20;21;22;23;24;25,C;C,2,0,,,,,0.5599999999999999,0.55,0.6060000000000001,0.6060000000000001,1,1,1
node_0343,COC,Cyclic Olefin Copolymer,C7H10,"{""C"": 7, ""H"": 10}",94.0782503223,negative,-1,fragment,electron_gain,"M | fragment C,H from C-C+C-C bond break(s) | electron_gain",node_0010,2;3;4;5;6;7;8;16;17;18;19;20;21;22;23;24;25,C;C,2,0,,,,,0.5599999999999999,0.55,0.6060000000000001,0.6060000000000001,1,1,1
node_0344,COC,Cyclic Olefin Copolymer,C7H11,"{""C"": 7, ""H"": 11}",95.08607535453,positive,1,fragment,protonation,"M | fragment C,H from C-C+C-C bond break(s) | protonation",node_0010,2;3;4;5;6;7;8;16;17;18;19;20;21;22;23;24;25,C;C,2,1,,,,,0.5599999999999999,0.72,0.6439999999999999,0.99,3,3,2
node_0345,COC,Cyclic Olefin Copolymer,C7H9,"{""C"": 7, ""H"": 9}",93.07042529007,negative,-1,fragment,deprotonation,"M | fragment C,H from C-C+C-C bond break(s) | deprotonation",node_0010,2;3;4;5;6;7;8;16;17;18;19;20;21;22;23;24;25,C;C,2,-1,,,,,0.5599999999999999,0.72,0.6439999999999999,0.744,2,2,1
node_0346,COC,Cyclic Olefin Copolymer,C8H12,"{""C"": 8, ""H"": 12}",108.09390038676,positive,1,fragment,electron_loss,"M | fragment C,H from C-C+C-C bond break(s) | electron_loss",node_0011,2;3;4;5;6;7;8;9;16;17;18;19;20;21;22;23;24;25;26;27,C;C,2,0,,,,,0.5599999999999999,0.55,0.6060000000000001,0.6960000000000002,2,1,2
node_0347,COC,Cyclic Olefin Copolymer,C8H12,"{""C"": 8, ""H"": 12}",108.09390038676,negative,-1,fragment,electron_gain,"M | fragment C,H from C-C+C-C bond break(s) | electron_gain",node_0011,2;3;4;5;6;7;8;9;16;17;18;19;20;21;22;23;24;25;26;27,C;C,2,0,,,,,0.5599999999999999,0.55,0.6060000000000001,0.6960000000000002,2,1,2
node_0348,COC,Cyclic Olefin Copolymer,C8H13,"{""C"": 8, ""H"": 13}",109.10172541899,positive,1,fragment,protonation,"M | fragment C,H from C-C+C-C bond break(s) | protonation",node_0011,2;3;4;5;6;7;8;9;16;17;18;19;20;21;22;23;24;25;26;27,C;C,2,1,,,,,0.5599999999999999,0.72,0.6439999999999999,1.0,5,3,3
node_0349,COC,Cyclic Olefin Copolymer,C8H11,"{""C"": 8, ""H"": 11}",107.08607535453,negative,-1,fragment,deprotonation,"M | fragment C,H from C-C+C-C bond break(s) | deprotonation",node_0011,2;3;4;5;6;7;8;9;16;17;18;19;20;21;22;23;24;25;26;27,C;C,2,-1,,,,,0.5599999999999999,0.72,0.6439999999999999,0.834,4,2,2
node_0350,COC,Cyclic Olefin Copolymer,C10H16,"{""C"": 10, ""H"": 16}",136.12520051568,positive,1,fragment_h_shift,electron_loss,"M | fragment C,H from C-C bond break(s) | h_shift_-1 | electron_loss",node_0012,1;2;3;4;5;6;7;8;9;10;14;15;16;17;18;19;20;21;22;23;24;25;26;27;28;29;30,C,1,-1,,,,,0.6000000000000001,0.55,0.6000000000000001,0.8200000000000001,14,2,14
node_0351,COC,Cyclic Olefin Copolymer,C10H16,"{""C"": 10, ""H"": 16}",136.12520051568,negative,-1,fragment_h_shift,electron_gain,"M | fragment C,H from C-C bond break(s) | h_shift_-1 | electron_gain",node_0012,1;2;3;4;5;6;7;8;9;10;14;15;16;17;18;19;20;21;22;23;24;25;26;27;28;29;30,C,1,-1,,,,,0.6000000000000001,0.55,0.6000000000000001,0.942,20,3,18
node_0352,COC,Cyclic Olefin Copolymer,C10H18,"{""C"": 10, ""H"": 18}",138.14085058014,positive,1,fragment_h_shift,electron_loss,"M | fragment C,H from C-C bond break(s) | h_shift_+1 | electron_loss",node_0013,1;2;3;4;5;6;7;8;9;10;14;15;16;17;18;19;20;21;22;23;24;25;26;27;28;29;30,C,1,1,,,,,0.6000000000000001,0.55,0.6000000000000001,0.942,12,3,10
node_0353,COC,Cyclic Olefin Copolymer,C10H18,"{""C"": 10, ""H"": 18}",138.14085058014,negative,-1,fragment_h_shift,electron_gain,"M | fragment C,H from C-C bond break(s) | h_shift_+1 | electron_gain",node_0013,1;2;3;4;5;6;7;8;9;10;14;15;16;17;18;19;20;21;22;23;24;25;26;27;28;29;30,C,1,1,,,,,0.6000000000000001,0.55,0.6000000000000001,0.6900000000000002,2,1,2
node_0354,COC,Cyclic Olefin Copolymer,C2H4,"{""C"": 2, ""H"": 4}",28.03130012892,positive,1,fragment_h_shift,electron_loss,"M | fragment C,H from C-C bond break(s) | h_shift_-1 | electron_loss",node_0014,0;1;11;12;13;14;15,C,1,-1,,,,,0.6000000000000001,0.55,0.6000000000000001,0.6900000000000002,2,1,2
node_0355,COC,Cyclic Olefin Copolymer,C2H4,"{""C"": 2, ""H"": 4}",28.03130012892,negative,-1,fragment_h_shift,electron_gain,"M | fragment C,H from C-C bond break(s) | h_shift_-1 | electron_gain",node_0014,0;1;11;12;13;14;15,C,1,-1,,,,,0.6000000000000001,0.55,0.6000000000000001,0.882,4,2,2
node_0356,COC,Cyclic Olefin Copolymer,C2H6,"{""C"": 2, ""H"": 6}",30.04695019338,positive,1,fragment_h_shift,electron_loss,"M | fragment C,H from C-C bond break(s) | h_shift_+1 | electron_loss",node_0015,0;1;11;12;13;14;15,C,1,1,,,,,0.6000000000000001,0.55,0.6000000000000001,0.882,4,2,2
node_0357,COC,Cyclic Olefin Copolymer,C2H6,"{""C"": 2, ""H"": 6}",30.04695019338,negative,-1,fragment_h_shift,electron_gain,"M | fragment C,H from C-C bond break(s) | h_shift_+1 | electron_gain",node_0015,0;1;11;12;13;14;15,C,1,1,,,,,0.6000000000000001,0.55,0.6000000000000001,0.6900000000000002,2,1,2
node_0358,COC,Cyclic Olefin Copolymer,C9H14,"{""C"": 9, ""H"": 14}",122.10955045122,positive,1,fragment_h_shift,electron_loss,"M | fragment C,H from C-C bond break(s) | h_shift_-1 | electron_loss",node_0016,2;3;4;5;6;7;8;9;10;16;17;18;19;20;21;22;23;24;25;26;27;28;29;30,C,1,-1,,,,,0.6000000000000001,0.55,0.6000000000000001,0.8560000000000001,9,3,9
node_0359,COC,Cyclic Olefin Copolymer,C9H14,"{""C"": 9, ""H"": 14}",122.10955045122,negative,-1,fragment_h_shift,electron_gain,"M | fragment C,H from C-C bond break(s) | h_shift_-1 | electron_gain",node_0016,2;3;4;5;6;7;8;9;10;16;17;18;19;20;21;22;23;24;25;26;27;28;29;30,C,1,-1,,,,,0.6000000000000001,0.55,0.6000000000000001,0.942,13,3,11
node_0360,COC,Cyclic Olefin Copolymer,C9H16,"{""C"": 9, ""H"": 16}",124.12520051568,positive,1,fragment_h_shift,electron_loss,"M | fragment C,H from C-C bond break(s) | h_shift_+1 | electron_loss",node_0017,2;3;4;5;6;7;8;9;10;16;17;18;19;20;21;22;23;24;25;26;27;28;29;30,C,1,1,,,,,0.6000000000000001,0.55,0.6000000000000001,0.942,8,3,6
node_0361,COC,Cyclic Olefin Copolymer,C9H16,"{""C"": 9, ""H"": 16}",124.12520051568,negative,-1,fragment_h_shift,electron_gain,"M | fragment C,H from C-C bond break(s) | h_shift_+1 | electron_gain",node_0017,2;3;4;5;6;7;8;9;10;16;17;18;19;20;21;22;23;24;25;26;27;28;29;30,C,1,1,,,,,0.6000000000000001,0.55,0.6000000000000001,0.6900000000000002,2,1,2
node_0362,COC,Cyclic Olefin Copolymer,C9H14,"{""C"": 9, ""H"": 14}",122.10955045122,positive,1,fragment_h_shift,electron_loss,"M | fragment C,H from C-C bond break(s) | h_shift_-1 | electron_loss",node_0018,0;1;2;3;4;5;6;7;8;11;12;13;14;15;16;17;18;19;20;21;22;23;24;25,C,1,-1,,,,,0.6000000000000001,0.55,0.6000000000000001,0.8560000000000001,9,3,9
node_0363,COC,Cyclic Olefin Copolymer,C9H14,"{""C"": 9, ""H"": 14}",122.10955045122,negative,-1,fragment_h_shift,electron_gain,"M | fragment C,H from C-C bond break(s) | h_shift_-1 | electron_gain",node_0018,0;1;2;3;4;5;6;7;8;11;12;13;14;15;16;17;18;19;20;21;22;23;24;25,C,1,-1,,,,,0.6000000000000001,0.55,0.6000000000000001,0.942,13,3,11
node_0364,COC,Cyclic Olefin Copolymer,C9H16,"{""C"": 9, ""H"": 16}",124.12520051568,positive,1,fragment_h_shift,electron_loss,"M | fragment C,H from C-C bond break(s) | h_shift_+1 | electron_loss",node_0019,0;1;2;3;4;5;6;7;8;11;12;13;14;15;16;17;18;19;20;21;22;23;24;25,C,1,1,,,,,0.6000000000000001,0.55,0.6000000000000001,0.942,8,3,6
node_0365,COC,Cyclic Olefin Copolymer,C9H16,"{""C"": 9, ""H"": 16}",124.12520051568,negative,-1,fragment_h_shift,electron_gain,"M | fragment C,H from C-C bond break(s) | h_shift_+1 | electron_gain",node_0019,0;1;2;3;4;5;6;7;8;11;12;13;14;15;16;17;18;19;20;21;22;23;24;25,C,1,1,,,,,0.6000000000000001,0.55,0.6000000000000001,0.6900000000000002,2,1,2
node_0366,COC,Cyclic Olefin Copolymer,C2H4,"{""C"": 2, ""H"": 4}",28.03130012892,positive,1,fragment_h_shift,electron_loss,"M | fragment C,H from C-C bond break(s) | h_shift_-1 | electron_loss",node_0020,9;10;26;27;28;29;30,C,1,-1,,,,,0.6000000000000001,0.55,0.6000000000000001,0.6900000000000002,2,1,2
node_0367,COC,Cyclic Olefin Copolymer,C2H4,"{""C"": 2, ""H"": 4}",28.03130012892,negative,-1,fragment_h_shift,electron_gain,"M | fragment C,H from C-C bond break(s) | h_shift_-1 | electron_gain",node_0020,9;10;26;27;28;29;30,C,1,-1,,,,,0.6000000000000001,0.55,0.6000000000000001,0.882,4,2,2
node_0368,COC,Cyclic Olefin Copolymer,C2H6,"{""C"": 2, ""H"": 6}",30.04695019338,positive,1,fragment_h_shift,electron_loss,"M | fragment C,H from C-C bond break(s) | h_shift_+1 | electron_loss",node_0021,9;10;26;27;28;29;30,C,1,1,,,,,0.6000000000000001,0.55,0.6000000000000001,0.882,4,2,2
node_0369,COC,Cyclic Olefin Copolymer,C2H6,"{""C"": 2, ""H"": 6}",30.04695019338,negative,-1,fragment_h_shift,electron_gain,"M | fragment C,H from C-C bond break(s) | h_shift_+1 | electron_gain",node_0021,9;10;26;27;28;29;30,C,1,1,,,,,0.6000000000000001,0.55,0.6000000000000001,0.6900000000000002,2,1,2
node_0370,COC,Cyclic Olefin Copolymer,C10H16,"{""C"": 10, ""H"": 16}",136.12520051568,positive,1,fragment_h_shift,electron_loss,"M | fragment C,H from C-C bond break(s) | h_shift_-1 | electron_loss",node_0022,0;1;2;3;4;5;6;7;8;9;11;12;13;14;15;16;17;18;19;20;21;22;23;24;25;26;27,C,1,-1,,,,,0.6000000000000001,0.55,0.6000000000000001,0.8200000000000001,14,2,14
node_0371,COC,Cyclic Olefin Copolymer,C10H16,"{""C"": 10, ""H"": 16}",136.12520051568,negative,-1,fragment_h_shift,electron_gain,"M | fragment C,H from C-C bond break(s) | h_shift_-1 | electron_gain",node_0022,0;1;2;3;4;5;6;7;8;9;11;12;13;14;15;16;17;18;19;20;21;22;23;24;25;26;27,C,1,-1,,,,,0.6000000000000001,0.55,0.6000000000000001,0.942,20,3,18
node_0372,COC,Cyclic Olefin Copolymer,C10H18,"{""C"": 10, ""H"": 18}",138.14085058014,positive,1,fragment_h_shift,electron_loss,"M | fragment C,H from C-C bond break(s) | h_shift_+1 | electron_loss",node_0023,0;1;2;3;4;5;6;7;8;9;11;12;13;14;15;16;17;18;19;20;21;22;23;24;25;26;27,C,1,1,,,,,0.6000000000000001,0.55,0.6000000000000001,0.942,12,3,10
node_0373,COC,Cyclic Olefin Copolymer,C10H18,"{""C"": 10, ""H"": 18}",138.14085058014,negative,-1,fragment_h_shift,electron_gain,"M | fragment C,H from C-C bond break(s) | h_shift_+1 | electron_gain",node_0023,0;1;2;3;4;5;6;7;8;9;11;12;13;14;15;16;17;18;19;20;21;22;23;24;25;26;27,C,1,1,,,,,0.6000000000000001,0.55,0.6000000000000001,0.6900000000000002,2,1,2
node_0374,COC,Cyclic Olefin Copolymer,C8H11,"{""C"": 8, ""H"": 11}",107.08607535453,positive,1,fragment_h_shift,electron_loss,"M | fragment C,H from C-C+C-C bond break(s) | h_shift_-1 | electron_loss",node_0024,1;2;3;4;5;6;7;8;14;15;16;17;18;19;20;21;22;23;24;25,C;C,2,-1,,,,,0.52,0.55,0.552,0.99,3,2,3
node_0375,COC,Cyclic Olefin Copolymer,C8H11,"{""C"": 8, ""H"": 11}",107.08607535453,negative,-1,fragment_h_shift,electron_gain,"M | fragment C,H from C-C+C-C bond break(s) | h_shift_-1 | electron_gain",node_0024,1;2;3;4;5;6;7;8;14;15;16;17;18;19;20;21;22;23;24;25,C;C,2,-1,,,,,0.52,0.55,0.552,0.834,4,2,2
node_0376,COC,Cyclic Olefin Copolymer,C8H13,"{""C"": 8, ""H"": 13}",109.10172541899,positive,1,fragment_h_shift,electron_loss,"M | fragment C,H from C-C+C-C bond break(s) | h_shift_+1 | electron_loss",node_0025,1;2;3;4;5;6;7;8;14;15;16;17;18;19;20;21;22;23;24;25,C;C,2,1,,,,,0.52,0.55,0.552,1.0,5,3,3
node_0377,COC,Cyclic Olefin Copolymer,C8H13,"{""C"": 8, ""H"": 13}",109.10172541899,negative,-1,fragment_h_shift,electron_gain,"M | fragment C,H from C-C+C-C bond break(s) | h_shift_+1 | electron_gain",node_0025,1;2;3;4;5;6;7;8;14;15;16;17;18;19;20;21;22;23;24;25,C;C,2,1,,,,,0.52,0.55,0.552,0.6420000000000001,2,1,2
node_0378,COC,Cyclic Olefin Copolymer,C9H13,"{""C"": 9, ""H"": 13}",121.10172541899,positive,1,fragment_h_shift,electron_loss,"M | fragment C,H from C-C+C-C bond break(s) | h_shift_-1 | electron_loss",node_0026,1;2;3;4;5;6;7;8;9;14;15;16;17;18;19;20;21;22;23;24;25;26;27,C;C,2,-1,,,,,0.52,0.55,0.552,1.0,4,3,4
node_0379,COC,Cyclic Olefin Copolymer,C9H13,"{""C"": 9, ""H"": 13}",121.10172541899,negative,-1,fragment_h_shift,electron_gain,"M | fragment C,H from C-C+C-C bond break(s) | h_shift_-1 | electron_gain",node_0026,1;2;3;4;5;6;7;8;9;14;15;16;17;18;19;20;21;22;23;24;25;26;27,C;C,2,-1,,,,,0.52,0.55,0.552,0.8939999999999999,8,3,7
node_0380,COC,Cyclic Olefin Copolymer,C9H15,"{""C"": 9, ""H"": 15}",123.11737548345,positive,1,fragment_h_shift,electron_loss,"M | fragment C,H from C-C+C-C bond break(s) | h_shift_+1 | electron_loss",node_0027,1;2;3;4;5;6;7;8;9;14;15;16;17;18;19;20;21;22;23;24;25;26;27,C;C,2,1,,,,,0.52,0.55,0.552,0.9040000000000001,12,3,11
node_0381,COC,Cyclic Olefin Copolymer,C9H15,"{""C"": 9, ""H"": 15}",123.11737548345,negative,-1,fragment_h_shift,electron_gain,"M | fragment C,H from C-C+C-C bond break(s) | h_shift_+1 | electron_gain",node_0027,1;2;3;4;5;6;7;8;9;14;15;16;17;18;19;20;21;22;23;24;25;26;27,C;C,2,1,,,,,0.52,0.55,0.552,0.9040000000000001,7,3,7
node_0382,COC,Cyclic Olefin Copolymer,C7H9,"{""C"": 7, ""H"": 9}",93.07042529007,positive,1,fragment_h_shift,electron_loss,"M | fragment C,H from C-C+C-C bond break(s) | h_shift_-1 | electron_loss",node_0028,2;3;4;5;6;7;8;16;17;18;19;20;21;22;23;24;25,C;C,2,-1,,,,,0.52,0.55,0.552,0.9300000000000002,2,2,2
node_0383,COC,Cyclic Olefin Copolymer,C7H9,"{""C"": 7, ""H"": 9}",93.07042529007,negative,-1,fragment_h_shift,electron_gain,"M | fragment C,H from C-C+C-C bond break(s) | h_shift_-1 | electron_gain",node_0028,2;3;4;5;6;7;8;16;17;18;19;20;21;22;23;24;25,C;C,2,-1,,,,,0.52,0.55,0.552,0.744,2,2,1
node_0384,COC,Cyclic Olefin Copolymer,C7H11,"{""C"": 7, ""H"": 11}",95.08607535453,positive,1,fragment_h_shift,electron_loss,"M | fragment C,H from C-C+C-C bond break(s) | h_shift_+1 | electron_loss",node_0029,2;3;4;5;6;7;8;16;17;18;19;20;21;22;23;24;25,C;C,2,1,,,,,0.52,0.55,0.552,0.99,3,3,2
node_0385,COC,Cyclic Olefin Copolymer,C7H11,"{""C"": 7, ""H"": 11}",95.08607535453,negative,-1,fragment_h_shift,electron_gain,"M | fragment C,H from C-C+C-C bond break(s) | h_shift_+1 | electron_gain",node_0029,2;3;4;5;6;7;8;16;17;18;19;20;21;22;23;24;25,C;C,2,1,,,,,0.52,0.55,0.552,0.552,1,1,1
node_0386,COC,Cyclic Olefin Copolymer,C8H11,"{""C"": 8, ""H"": 11}",107.08607535453,positive,1,fragment_h_shift,electron_loss,"M | fragment C,H from C-C+C-C bond break(s) | h_shift_-1 | electron_loss",node_0030,2;3;4;5;6;7;8;9;16;17;18;19;20;21;22;23;24;25;26;27,C;C,2,-1,,,,,0.52,0.55,0.552,0.99,3,2,3
node_0387,COC,Cyclic Olefin Copolymer,C8H11,"{""C"": 8, ""H"": 11}",107.08607535453,negative,-1,fragment_h_shift,electron_gain,"M | fragment C,H from C-C+C-C bond break(s) | h_shift_-1 | electron_gain",node_0030,2;3;4;5;6;7;8;9;16;17;18;19;20;21;22;23;24;25;26;27,C;C,2,-1,,,,,0.52,0.55,0.552,0.834,4,2,2
node_0388,COC,Cyclic Olefin Copolymer,C8H13,"{""C"": 8, ""H"": 13}",109.10172541899,positive,1,fragment_h_shift,electron_loss,"M | fragment C,H from C-C+C-C bond break(s) | h_shift_+1 | electron_loss",node_0031,2;3;4;5;6;7;8;9;16;17;18;19;20;21;22;23;24;25;26;27,C;C,2,1,,,,,0.52,0.55,0.552,1.0,5,3,3
node_0389,COC,Cyclic Olefin Copolymer,C8H13,"{""C"": 8, ""H"": 13}",109.10172541899,negative,-1,fragment_h_shift,electron_gain,"M | fragment C,H from C-C+C-C bond break(s) | h_shift_+1 | electron_gain",node_0031,2;3;4;5;6;7;8;9;16;17;18;19;20;21;22;23;24;25;26;27,C;C,2,1,,,,,0.52,0.55,0.552,0.6420000000000001,2,1,2
node_0390,COC,Cyclic Olefin Copolymer,C12H21,"{""C"": 12, ""H"": 21}",165.16432567683,positive,1,recombination,electron_loss,node_0002 + node_0014 | single_dehydrogenative_recombination | electron_loss,node_0032,,C,2,-1,H,,,,0.48,0.55,0.46799999999999997,0.706,12,1,12
node_0391,COC,Cyclic Olefin Copolymer,C12H21,"{""C"": 12, ""H"": 21}",165.16432567683,negative,-1,recombination,electron_gain,node_0002 + node_0014 | single_dehydrogenative_recombination | electron_gain,node_0032,,C,2,-1,H,,,,0.48,0.55,0.46799999999999997,0.706,16,1,16
node_0392,COC,Cyclic Olefin Copolymer,C12H22,"{""C"": 12, ""H"": 22}",166.17215070906,positive,1,recombination,protonation,node_0002 + node_0014 | single_dehydrogenative_recombination | protonation,node_0032,,C,2,0,H,,,,0.48,0.72,0.5660000000000001,0.736,16,1,16
node_0393,COC,Cyclic Olefin Copolymer,C12H20,"{""C"": 12, ""H"": 20}",164.1565006446,negative,-1,recombination,deprotonation,node_0002 + node_0014 | single_dehydrogenative_recombination | deprotonation,node_0032,,C,2,-2,H,,,,0.48,0.72,0.506,0.6759999999999999,12,1,12
node_0394,COC,Cyclic Olefin Copolymer,C19H31,"{""C"": 19, ""H"": 31}",259.24257599913,positive,1,recombination,electron_loss,node_0002 + node_0016 | single_dehydrogenative_recombination | electron_loss,node_0033,,C,2,-1,H,,,,0.48,0.55,0.418,0.6559999999999999,20,1,20
node_0395,COC,Cyclic Olefin Copolymer,C19H31,"{""C"": 19, ""H"": 31}",259.24257599913,negative,-1,recombination,electron_gain,node_0002 + node_0016 | single_dehydrogenative_recombination | electron_gain,node_0033,,C,2,-1,H,,,,0.48,0.55,0.418,0.6559999999999999,20,1,20
node_0396,COC,Cyclic Olefin Copolymer,C19H32,"{""C"": 19, ""H"": 32}",260.25040103136,positive,1,recombination,protonation,node_0002 + node_0016 | single_dehydrogenative_recombination | protonation,node_0033,,C,2,0,H,,,,0.48,0.72,0.516,0.6859999999999999,20,1,20
node_0397,COC,Cyclic Olefin Copolymer,C19H30,"{""C"": 19, ""H"": 30}",258.2347509669,negative,-1,recombination,deprotonation,node_0002 + node_0016 | single_dehydrogenative_recombination | deprotonation,node_0033,,C,2,-2,H,,,,0.48,0.72,0.456,0.6260000000000001,20,1,20
node_0398,COC,Cyclic Olefin Copolymer,C19H31,"{""C"": 19, ""H"": 31}",259.24257599913,positive,1,recombination,electron_loss,node_0002 + node_0018 | single_dehydrogenative_recombination | electron_loss,node_0034,,C,2,-1,H,,,,0.48,0.55,0.418,0.6559999999999999,20,1,20
node_0399,COC,Cyclic Olefin Copolymer,C19H31,"{""C"": 19, ""H"": 31}",259.24257599913,negative,-1,recombination,electron_gain,node_0002 + node_0018 | single_dehydrogenative_recombination | electron_gain,node_0034,,C,2,-1,H,,,,0.48,0.55,0.418,0.6559999999999999,20,1,20
node_0400,COC,Cyclic Olefin Copolymer,C19H32,"{""C"": 19, ""H"": 32}",260.25040103136,positive,1,recombination,protonation,node_0002 + node_0018 | single_dehydrogenative_recombination | protonation,node_0034,,C,2,0,H,,,,0.48,0.72,0.516,0.6859999999999999,20,1,20
node_0401,COC,Cyclic Olefin Copolymer,C19H30,"{""C"": 19, ""H"": 30}",258.2347509669,negative,-1,recombination,deprotonation,node_0002 + node_0018 | single_dehydrogenative_recombination | deprotonation,node_0034,,C,2,-2,H,,,,0.48,0.72,0.456,0.6260000000000001,20,1,20
node_0402,COC,Cyclic Olefin Copolymer,C12H21,"{""C"": 12, ""H"": 21}",165.16432567683,positive,1,recombination,electron_loss,node_0002 + node_0020 | single_dehydrogenative_recombination | electron_loss,node_0035,,C,2,-1,H,,,,0.48,0.55,0.46799999999999997,0.706,12,1,12
node_0403,COC,Cyclic Olefin Copolymer,C12H21,"{""C"": 12, ""H"": 21}",165.16432567683,negative,-1,recombination,electron_gain,node_0002 + node_0020 | single_dehydrogenative_recombination | electron_gain,node_0035,,C,2,-1,H,,,,0.48,0.55,0.46799999999999997,0.706,16,1,16
node_0404,COC,Cyclic Olefin Copolymer,C12H22,"{""C"": 12, ""H"": 22}",166.17215070906,positive,1,recombination,protonation,node_0002 + node_0020 | single_dehydrogenative_recombination | protonation,node_0035,,C,2,0,H,,,,0.48,0.72,0.5660000000000001,0.736,16,1,16
node_0405,COC,Cyclic Olefin Copolymer,C12H20,"{""C"": 12, ""H"": 20}",164.1565006446,negative,-1,recombination,deprotonation,node_0002 + node_0020 | single_dehydrogenative_recombination | deprotonation,node_0035,,C,2,-2,H,,,,0.48,0.72,0.506,0.6759999999999999,12,1,12
node_0406,COC,Cyclic Olefin Copolymer,C20H33,"{""C"": 20, ""H"": 33}",273.25822606359,positive,1,recombination,electron_loss,node_0002 + node_0022 | single_dehydrogenative_recombination | electron_loss,node_0036,,C,2,-1,H,,,,0.48,0.55,0.418,0.6359999999999999,3,1,3
node_0407,COC,Cyclic Olefin Copolymer,C20H33,"{""C"": 20, ""H"": 33}",273.25822606359,negative,-1,recombination,electron_gain,node_0002 + node_0022 | single_dehydrogenative_recombination | electron_gain,node_0036,,C,2,-1,H,,,,0.48,0.55,0.418,0.6559999999999999,4,1,4
node_0408,COC,Cyclic Olefin Copolymer,C20H34,"{""C"": 20, ""H"": 34}",274.26605109582,positive,1,recombination,protonation,node_0002 + node_0022 | single_dehydrogenative_recombination | protonation,node_0036,,C,2,0,H,,,,0.48,0.72,0.516,0.6859999999999999,4,1,4
node_0409,COC,Cyclic Olefin Copolymer,C20H32,"{""C"": 20, ""H"": 32}",272.25040103136,negative,-1,recombination,deprotonation,node_0002 + node_0022 | single_dehydrogenative_recombination | deprotonation,node_0036,,C,2,-2,H,,,,0.48,0.72,0.456,0.6060000000000001,3,1,3
node_0410,COC,Cyclic Olefin Copolymer,C18H28,"{""C"": 18, ""H"": 28}",244.21910090244,positive,1,recombination,electron_loss,node_0002 + node_0024 | single_dehydrogenative_recombination | electron_loss,node_0037,,C,3,-1,H,,,,0.4,0.55,0.37000000000000005,0.6080000000000001,19,1,19
node_0411,COC,Cyclic Olefin Copolymer,C18H28,"{""C"": 18, ""H"": 28}",244.21910090244,negative,-1,recombination,electron_gain,node_0002 + node_0024 | single_dehydrogenative_recombination | electron_gain,node_0037,,C,3,-1,H,,,,0.4,0.55,0.37000000000000005,0.6260000000000001,27,1,27
node_0412,COC,Cyclic Olefin Copolymer,C18H29,"{""C"": 18, ""H"": 29}",245.22692593467,positive,1,recombination,protonation,node_0002 + node_0024 | single_dehydrogenative_recombination | protonation,node_0037,,C,3,0,H,,,,0.4,0.72,0.468,0.6559999999999999,27,1,27
node_0413,COC,Cyclic Olefin Copolymer,C18H27,"{""C"": 18, ""H"": 27}",243.21127587021,negative,-1,recombination,deprotonation,node_0002 + node_0024 | single_dehydrogenative_recombination | deprotonation,node_0037,,C,3,-2,H,,,,0.4,0.72,0.40800000000000003,0.5960000000000001,19,1,19
node_0414,COC,Cyclic Olefin Copolymer,C19H30,"{""C"": 19, ""H"": 30}",258.2347509669,positive,1,recombination,electron_loss,node_0002 + node_0026 | single_dehydrogenative_recombination | electron_loss,node_0038,,C,3,-1,H,,,,0.4,0.55,0.37000000000000005,0.6080000000000001,10,1,10
node_0415,COC,Cyclic Olefin Copolymer,C19H30,"{""C"": 19, ""H"": 30}",258.2347509669,negative,-1,recombination,electron_gain,node_0002 + node_0026 | single_dehydrogenative_recombination | electron_gain,node_0038,,C,3,-1,H,,,,0.4,0.55,0.37000000000000005,0.6260000000000001,20,1,20
node_0416,COC,Cyclic Olefin Copolymer,C19H31,"{""C"": 19, ""H"": 31}",259.24257599913,positive,1,recombination,protonation,node_0002 + node_0026 | single_dehydrogenative_recombination | protonation,node_0038,,C,3,0,H,,,,0.4,0.72,0.468,0.6559999999999999,20,1,20
node_0417,COC,Cyclic Olefin Copolymer,C19H29,"{""C"": 19, ""H"": 29}",257.22692593467,negative,-1,recombination,deprotonation,node_0002 + node_0026 | single_dehydrogenative_recombination | deprotonation,node_0038,,C,3,-2,H,,,,0.4,0.72,0.40800000000000003,0.5960000000000001,10,1,10
node_0418,COC,Cyclic Olefin Copolymer,C17H26,"{""C"": 17, ""H"": 26}",230.20345083798,positive,1,recombination,electron_loss,node_0002 + node_0028 | single_dehydrogenative_recombination | electron_loss,node_0039,,C,3,-1,H,,,,0.4,0.55,0.37000000000000005,0.6080000000000001,26,1,26
node_0419,COC,Cyclic Olefin Copolymer,C17H26,"{""C"": 17, ""H"": 26}",230.20345083798,negative,-1,recombination,electron_gain,node_0002 + node_0028 | single_dehydrogenative_recombination | electron_gain,node_0039,,C,3,-1,H,,,,0.4,0.55,0.37000000000000005,0.6080000000000001,28,1,28
node_0420,COC,Cyclic Olefin Copolymer,C17H27,"{""C"": 17, ""H"": 27}",231.21127587021,positive,1,recombination,protonation,node_0002 + node_0028 | single_dehydrogenative_recombination | protonation,node_0039,,C,3,0,H,,,,0.4,0.72,0.468,0.6380000000000001,28,1,28
node_0421,COC,Cyclic Olefin Copolymer,C17H25,"{""C"": 17, ""H"": 25}",229.19562580575,negative,-1,recombination,deprotonation,node_0002 + node_0028 | single_dehydrogenative_recombination | deprotonation,node_0039,,C,3,-2,H,,,,0.4,0.72,0.40800000000000003,0.5780000000000001,26,1,26
node_0422,COC,Cyclic Olefin Copolymer,C18H28,"{""C"": 18, ""H"": 28}",244.21910090244,positive,1,recombination,electron_loss,node_0002 + node_0030 | single_dehydrogenative_recombination | electron_loss,node_0040,,C,3,-1,H,,,,0.4,0.55,0.37000000000000005,0.6080000000000001,19,1,19
node_0423,COC,Cyclic Olefin Copolymer,C18H28,"{""C"": 18, ""H"": 28}",244.21910090244,negative,-1,recombination,electron_gain,node_0002 + node_0030 | single_dehydrogenative_recombination | electron_gain,node_0040,,C,3,-1,H,,,,0.4,0.55,0.37000000000000005,0.6260000000000001,27,1,27
node_0424,COC,Cyclic Olefin Copolymer,C18H29,"{""C"": 18, ""H"": 29}",245.22692593467,positive,1,recombination,protonation,node_0002 + node_0030 | single_dehydrogenative_recombination | protonation,node_0040,,C,3,0,H,,,,0.4,0.72,0.468,0.6559999999999999,27,1,27
node_0425,COC,Cyclic Olefin Copolymer,C18H27,"{""C"": 18, ""H"": 27}",243.21127587021,negative,-1,recombination,deprotonation,node_0002 + node_0030 | single_dehydrogenative_recombination | deprotonation,node_0040,,C,3,-2,H,,,,0.4,0.72,0.40800000000000003,0.5960000000000001,19,1,19
node_0426,COC,Cyclic Olefin Copolymer,C12H21,"{""C"": 12, ""H"": 21}",165.16432567683,positive,1,recombination,electron_loss,node_0003 + node_0012 | single_dehydrogenative_recombination | electron_loss,node_0041,,C,2,-1,H,,,,0.48,0.55,0.46799999999999997,0.706,12,1,12
node_0427,COC,Cyclic Olefin Copolymer,C12H21,"{""C"": 12, ""H"": 21}",165.16432567683,negative,-1,recombination,electron_gain,node_0003 + node_0012 | single_dehydrogenative_recombination | electron_gain,node_0041,,C,2,-1,H,,,,0.48,0.55,0.46799999999999997,0.706,16,1,16
node_0428,COC,Cyclic Olefin Copolymer,C12H22,"{""C"": 12, ""H"": 22}",166.17215070906,positive,1,recombination,protonation,node_0003 + node_0012 | single_dehydrogenative_recombination | protonation,node_0041,,C,2,0,H,,,,0.48,0.72,0.5660000000000001,0.736,16,1,16
node_0429,COC,Cyclic Olefin Copolymer,C12H20,"{""C"": 12, ""H"": 20}",164.1565006446,negative,-1,recombination,deprotonation,node_0003 + node_0012 | single_dehydrogenative_recombination | deprotonation,node_0041,,C,2,-2,H,,,,0.48,0.72,0.506,0.6759999999999999,12,1,12
node_0430,COC,Cyclic Olefin Copolymer,C11H19,"{""C"": 11, ""H"": 19}",151.14867561237,positive,1,recombination,electron_loss,node_0003 + node_0016 | single_dehydrogenative_recombination | electron_loss,node_0042,,C,2,-1,H,,,,0.48,0.55,0.46799999999999997,0.706,20,1,20
node_0431,COC,Cyclic Olefin Copolymer,C11H19,"{""C"": 11, ""H"": 19}",151.14867561237,negative,-1,recombination,electron_gain,node_0003 + node_0016 | single_dehydrogenative_recombination | electron_gain,node_0042,,C,2,-1,H,,,,0.48,0.55,0.46799999999999997,0.756,21,2,21
node_0432,COC,Cyclic Olefin Copolymer,C11H20,"{""C"": 11, ""H"": 20}",152.1565006446,positive,1,recombination,protonation,node_0003 + node_0016 | single_dehydrogenative_recombination | protonation,node_0042,,C,2,0,H,,,,0.48,0.72,0.5660000000000001,0.786,21,2,21
node_0433,COC,Cyclic Olefin Copolymer,C11H18,"{""C"": 11, ""H"": 18}",150.14085058014,negative,-1,recombination,deprotonation,node_0003 + node_0016 | single_dehydrogenative_recombination | deprotonation,node_0042,,C,2,-2,H,,,,0.48,0.72,0.506,0.6759999999999999,20,1,20
node_0434,COC,Cyclic Olefin Copolymer,C11H19,"{""C"": 11, ""H"": 19}",151.14867561237,positive,1,recombination,electron_loss,node_0003 + node_0018 | single_dehydrogenative_recombination | electron_loss,node_0043,,C,2,-1,H,,,,0.48,0.55,0.46799999999999997,0.706,20,1,20
node_0435,COC,Cyclic Olefin Copolymer,C11H19,"{""C"": 11, ""H"": 19}",151.14867561237,negative,-1,recombination,electron_gain,node_0003 + node_0018 | single_dehydrogenative_recombination | electron_gain,node_0043,,C,2,-1,H,,,,0.48,0.55,0.46799999999999997,0.756,21,2,21
node_0436,COC,Cyclic Olefin Copolymer,C11H20,"{""C"": 11, ""H"": 20}",152.1565006446,positive,1,recombination,protonation,node_0003 + node_0018 | single_dehydrogenative_recombination | protonation,node_0043,,C,2,0,H,,,,0.48,0.72,0.5660000000000001,0.786,21,2,21
node_0437,COC,Cyclic Olefin Copolymer,C11H18,"{""C"": 11, ""H"": 18}",150.14085058014,negative,-1,recombination,deprotonation,node_0003 + node_0018 | single_dehydrogenative_recombination | deprotonation,node_0043,,C,2,-2,H,,,,0.48,0.72,0.506,0.6759999999999999,20,1,20
node_0438,COC,Cyclic Olefin Copolymer,C4H9,"{""C"": 4, ""H"": 9}",57.07042529007,positive,1,recombination,electron_loss,node_0003 + node_0020 | single_dehydrogenative_recombination | electron_loss,node_0044,,C,2,-1,H,,,,0.48,0.55,0.46799999999999997,0.8780000000000001,4,2,4
node_0439,COC,Cyclic Olefin Copolymer,C4H9,"{""C"": 4, ""H"": 9}",57.07042529007,negative,-1,recombination,electron_gain,node_0003 + node_0020 | single_dehydrogenative_recombination | electron_gain,node_0044,,C,2,-1,H,,,,0.48,0.55,0.46799999999999997,0.706,4,1,4
node_0440,COC,Cyclic Olefin Copolymer,C4H10,"{""C"": 4, ""H"": 10}",58.0782503223,positive,1,recombination,protonation,node_0003 + node_0020 | single_dehydrogenative_recombination | protonation,node_0044,,C,2,0,H,,,,0.48,0.72,0.5660000000000001,0.736,4,1,4
node_0441,COC,Cyclic Olefin Copolymer,C4H8,"{""C"": 4, ""H"": 8}",56.06260025784,negative,-1,recombination,deprotonation,node_0003 + node_0020 | single_dehydrogenative_recombination | deprotonation,node_0044,,C,2,-2,H,,,,0.48,0.72,0.506,0.6559999999999999,3,1,3
node_0442,COC,Cyclic Olefin Copolymer,C12H21,"{""C"": 12, ""H"": 21}",165.16432567683,positive,1,recombination,electron_loss,node_0003 + node_0022 | single_dehydrogenative_recombination | electron_loss,node_0045,,C,2,-1,H,,,,0.48,0.55,0.46799999999999997,0.706,12,1,12
node_0443,COC,Cyclic Olefin Copolymer,C12H21,"{""C"": 12, ""H"": 21}",165.16432567683,negative,-1,recombination,electron_gain,node_0003 + node_0022 | single_dehydrogenative_recombination | electron_gain,node_0045,,C,2,-1,H,,,,0.48,0.55,0.46799999999999997,0.706,16,1,16
node_0444,COC,Cyclic Olefin Copolymer,C12H22,"{""C"": 12, ""H"": 22}",166.17215070906,positive,1,recombination,protonation,node_0003 + node_0022 | single_dehydrogenative_recombination | protonation,node_0045,,C,2,0,H,,,,0.48,0.72,0.5660000000000001,0.736,16,1,16
node_0445,COC,Cyclic Olefin Copolymer,C12H20,"{""C"": 12, ""H"": 20}",164.1565006446,negative,-1,recombination,deprotonation,node_0003 + node_0022 | single_dehydrogenative_recombination | deprotonation,node_0045,,C,2,-2,H,,,,0.48,0.72,0.506,0.6759999999999999,12,1,12
node_0446,COC,Cyclic Olefin Copolymer,C10H16,"{""C"": 10, ""H"": 16}",136.12520051568,positive,1,recombination,electron_loss,node_0003 + node_0024 | single_dehydrogenative_recombination | electron_loss,node_0046,,C,3,-1,H,,,,0.4,0.55,0.42000000000000004,0.8200000000000001,14,2,14
node_0447,COC,Cyclic Olefin Copolymer,C10H16,"{""C"": 10, ""H"": 16}",136.12520051568,negative,-1,recombination,electron_gain,node_0003 + node_0024 | single_dehydrogenative_recombination | electron_gain,node_0046,,C,3,-1,H,,,,0.4,0.55,0.42000000000000004,0.942,20,3,18
node_0448,COC,Cyclic Olefin Copolymer,C10H17,"{""C"": 10, ""H"": 17}",137.13302554791,positive,1,recombination,protonation,node_0003 + node_0024 | single_dehydrogenative_recombination | protonation,node_0046,,C,3,0,H,,,,0.4,0.72,0.518,0.8740000000000001,18,2,18
node_0449,COC,Cyclic Olefin Copolymer,C10H15,"{""C"": 10, ""H"": 15}",135.11737548345,negative,-1,recombination,deprotonation,node_0003 + node_0024 | single_dehydrogenative_recombination | deprotonation,node_0046,,C,3,-2,H,,,,0.4,0.72,0.458,0.6280000000000001,12,1,12
node_0450,COC,Cyclic Olefin Copolymer,C11H18,"{""C"": 11, ""H"": 18}",150.14085058014,positive,1,recombination,electron_loss,node_0003 + node_0026 | single_dehydrogenative_recombination | electron_loss,node_0047,,C,3,-1,H,,,,0.4,0.55,0.42000000000000004,0.6579999999999999,10,1,10
node_0451,COC,Cyclic Olefin Copolymer,C11H18,"{""C"": 11, ""H"": 18}",150.14085058014,negative,-1,recombination,electron_gain,node_0003 + node_0026 | single_dehydrogenative_recombination | electron_gain,node_0047,,C,3,-1,H,,,,0.4,0.55,0.42000000000000004,0.6759999999999999,20,1,20
node_0452,COC,Cyclic Olefin Copolymer,C11H19,"{""C"": 11, ""H"": 19}",151.14867561237,positive,1,recombination,protonation,node_0003 + node_0026 | single_dehydrogenative_recombination | protonation,node_0047,,C,3,0,H,,,,0.4,0.72,0.518,0.706,20,1,20
node_0453,COC,Cyclic Olefin Copolymer,C11H17,"{""C"": 11, ""H"": 17}",149.13302554791,negative,-1,recombination,deprotonation,node_0003 + node_0026 | single_dehydrogenative_recombination | deprotonation,node_0047,,C,3,-2,H,,,,0.4,0.72,0.458,0.6459999999999999,10,1,10
node_0454,COC,Cyclic Olefin Copolymer,C9H14,"{""C"": 9, ""H"": 14}",122.10955045122,positive,1,recombination,electron_loss,node_0003 + node_0028 | single_dehydrogenative_recombination | electron_loss,node_0048,,C,3,-1,H,,,,0.4,0.55,0.42000000000000004,0.8560000000000001,9,3,9
node_0455,COC,Cyclic Olefin Copolymer,C9H14,"{""C"": 9, ""H"": 14}",122.10955045122,negative,-1,recombination,electron_gain,node_0003 + node_0028 | single_dehydrogenative_recombination | electron_gain,node_0048,,C,3,-1,H,,,,0.4,0.55,0.42000000000000004,0.942,13,3,11
node_0456,COC,Cyclic Olefin Copolymer,C9H15,"{""C"": 9, ""H"": 15}",123.11737548345,positive,1,recombination,protonation,node_0003 + node_0028 | single_dehydrogenative_recombination | protonation,node_0048,,C,3,0,H,,,,0.4,0.72,0.518,0.9040000000000001,12,3,11
node_0457,COC,Cyclic Olefin Copolymer,C9H13,"{""C"": 9, ""H"": 13}",121.10172541899,negative,-1,recombination,deprotonation,node_0003 + node_0028 | single_dehydrogenative_recombination | deprotonation,node_0048,,C,3,-2,H,,,,0.4,0.72,0.458,0.8939999999999999,8,3,7
node_0458,COC,Cyclic Olefin Copolymer,C10H16,"{""C"": 10, ""H"": 16}",136.12520051568,positive,1,recombination,electron_loss,node_0003 + node_0030 | single_dehydrogenative_recombination | electron_loss,node_0049,,C,3,-1,H,,,,0.4,0.55,0.42000000000000004,0.8200000000000001,14,2,14
node_0459,COC,Cyclic Olefin Copolymer,C10H16,"{""C"": 10, ""H"": 16}",136.12520051568,negative,-1,recombination,electron_gain,node_0003 + node_0030 | single_dehydrogenative_recombination | electron_gain,node_0049,,C,3,-1,H,,,,0.4,0.55,0.42000000000000004,0.942,20,3,18
node_0460,COC,Cyclic Olefin Copolymer,C10H17,"{""C"": 10, ""H"": 17}",137.13302554791,positive,1,recombination,protonation,node_0003 + node_0030 | single_dehydrogenative_recombination | protonation,node_0049,,C,3,0,H,,,,0.4,0.72,0.518,0.8740000000000001,18,2,18
node_0461,COC,Cyclic Olefin Copolymer,C10H15,"{""C"": 10, ""H"": 15}",135.11737548345,negative,-1,recombination,deprotonation,node_0003 + node_0030 | single_dehydrogenative_recombination | deprotonation,node_0049,,C,3,-2,H,,,,0.4,0.72,0.458,0.6280000000000001,12,1,12
node_0462,COC,Cyclic Olefin Copolymer,C19H31,"{""C"": 19, ""H"": 31}",259.24257599913,positive,1,recombination,electron_loss,node_0004 + node_0012 | single_dehydrogenative_recombination | electron_loss,node_0050,,C,2,-1,H,,,,0.48,0.55,0.418,0.6559999999999999,20,1,20
node_0463,COC,Cyclic Olefin Copolymer,C19H31,"{""C"": 19, ""H"": 31}",259.24257599913,negative,-1,recombination,electron_gain,node_0004 + node_0012 | single_dehydrogenative_recombination | electron_gain,node_0050,,C,2,-1,H,,,,0.48,0.55,0.418,0.6559999999999999,20,1,20
node_0464,COC,Cyclic Olefin Copolymer,C19H32,"{""C"": 19, ""H"": 32}",260.25040103136,positive,1,recombination,protonation,node_0004 + node_0012 | single_dehydrogenative_recombination | protonation,node_0050,,C,2,0,H,,,,0.48,0.72,0.516,0.6859999999999999,20,1,20
node_0465,COC,Cyclic Olefin Copolymer,C19H30,"{""C"": 19, ""H"": 30}",258.2347509669,negative,-1,recombination,deprotonation,node_0004 + node_0012 | single_dehydrogenative_recombination | deprotonation,node_0050,,C,2,-2,H,,,,0.48,0.72,0.456,0.6260000000000001,20,1,20
node_0466,COC,Cyclic Olefin Copolymer,C11H19,"{""C"": 11, ""H"": 19}",151.14867561237,positive,1,recombination,electron_loss,node_0004 + node_0014 | single_dehydrogenative_recombination | electron_loss,node_0051,,C,2,-1,H,,,,0.48,0.55,0.46799999999999997,0.706,20,1,20
node_0467,COC,Cyclic Olefin Copolymer,C11H19,"{""C"": 11, ""H"": 19}",151.14867561237,negative,-1,recombination,electron_gain,node_0004 + node_0014 | single_dehydrogenative_recombination | electron_gain,node_0051,,C,2,-1,H,,,,0.48,0.55,0.46799999999999997,0.756,21,2,21
node_0468,COC,Cyclic Olefin Copolymer,C11H20,"{""C"": 11, ""H"": 20}",152.1565006446,positive,1,recombination,protonation,node_0004 + node_0014 | single_dehydrogenative_recombination | protonation,node_0051,,C,2,0,H,,,,0.48,0.72,0.5660000000000001,0.786,21,2,21
node_0469,COC,Cyclic Olefin Copolymer,C11H18,"{""C"": 11, ""H"": 18}",150.14085058014,negative,-1,recombination,deprotonation,node_0004 + node_0014 | single_dehydrogenative_recombination | deprotonation,node_0051,,C,2,-2,H,,,,0.48,0.72,0.506,0.6759999999999999,20,1,20
node_0470,COC,Cyclic Olefin Copolymer,C18H29,"{""C"": 18, ""H"": 29}",245.22692593467,positive,1,recombination,electron_loss,node_0004 + node_0018 | single_dehydrogenative_recombination | electron_loss,node_0052,,C,2,-1,H,,,,0.48,0.55,0.418,0.6559999999999999,27,1,27
node_0471,COC,Cyclic Olefin Copolymer,C18H29,"{""C"": 18, ""H"": 29}",245.22692593467,negative,-1,recombination,electron_gain,node_0004 + node_0018 | single_dehydrogenative_recombination | electron_gain,node_0052,,C,2,-1,H,,,,0.48,0.55,0.418,0.6559999999999999,16,1,16
node_0472,COC,Cyclic Olefin Copolymer,C18H30,"{""C"": 18, ""H"": 30}",246.2347509669,positive,1,recombination,protonation,node_0004 + node_0018 | single_dehydrogenative_recombination | protonation,node_0052,,C,2,0,H,,,,0.48,0.72,0.516,0.6859999999999999,16,1,16
node_0473,COC,Cyclic Olefin Copolymer,C18H28,"{""C"": 18, ""H"": 28}",244.21910090244,negative,-1,recombination,deprotonation,node_0004 + node_0018 | single_dehydrogenative_recombination | deprotonation,node_0052,,C,2,-2,H,,,,0.48,0.72,0.456,0.6260000000000001,27,1,27
node_0474,COC,Cyclic Olefin Copolymer,C11H19,"{""C"": 11, ""H"": 19}",151.14867561237,positive,1,recombination,electron_loss,node_0004 + node_0020 | single_dehydrogenative_recombination | electron_loss,node_0053,,C,2,-1,H,,,,0.48,0.55,0.46799999999999997,0.706,20,1,20
node_0475,COC,Cyclic Olefin Copolymer,C11H19,"{""C"": 11, ""H"": 19}",151.14867561237,negative,-1,recombination,electron_gain,node_0004 + node_0020 | single_dehydrogenative_recombination | electron_gain,node_0053,,C,2,-1,H,,,,0.48,0.55,0.46799999999999997,0.756,21,2,21
node_0476,COC,Cyclic Olefin Copolymer,C11H20,"{""C"": 11, ""H"": 20}",152.1565006446,positive,1,recombination,protonation,node_0004 + node_0020 | single_dehydrogenative_recombination | protonation,node_0053,,C,2,0,H,,,,0.48,0.72,0.5660000000000001,0.786,21,2,21
node_0477,COC,Cyclic Olefin Copolymer,C11H18,"{""C"": 11, ""H"": 18}",150.14085058014,negative,-1,recombination,deprotonation,node_0004 + node_0020 | single_dehydrogenative_recombination | deprotonation,node_0053,,C,2,-2,H,,,,0.48,0.72,0.506,0.6759999999999999,20,1,20
node_0478,COC,Cyclic Olefin Copolymer,C19H31,"{""C"": 19, ""H"": 31}",259.24257599913,positive,1,recombination,electron_loss,node_0004 + node_0022 | single_dehydrogenative_recombination | electron_loss,node_0054,,C,2,-1,H,,,,0.48,0.55,0.418,0.6559999999999999,20,1,20
node_0479,COC,Cyclic Olefin Copolymer,C19H31,"{""C"": 19, ""H"": 31}",259.24257599913,negative,-1,recombination,electron_gain,node_0004 + node_0022 | single_dehydrogenative_recombination | electron_gain,node_0054,,C,2,-1,H,,,,0.48,0.55,0.418,0.6559999999999999,20,1,20
node_0480,COC,Cyclic Olefin Copolymer,C19H32,"{""C"": 19, ""H"": 32}",260.25040103136,positive,1,recombination,protonation,node_0004 + node_0022 | single_dehydrogenative_recombination | protonation,node_0054,,C,2,0,H,,,,0.48,0.72,0.516,0.6859999999999999,20,1,20
node_0481,COC,Cyclic Olefin Copolymer,C19H30,"{""C"": 19, ""H"": 30}",258.2347509669,negative,-1,recombination,deprotonation,node_0004 + node_0022 | single_dehydrogenative_recombination | deprotonation,node_0054,,C,2,-2,H,,,,0.48,0.72,0.456,0.6260000000000001,20,1,20
node_0482,COC,Cyclic Olefin Copolymer,C17H26,"{""C"": 17, ""H"": 26}",230.20345083798,positive,1,recombination,electron_loss,node_0004 + node_0024 | single_dehydrogenative_recombination | electron_loss,node_0055,,C,3,-1,H,,,,0.4,0.55,0.37000000000000005,0.6080000000000001,26,1,26
node_0483,COC,Cyclic Olefin Copolymer,C17H26,"{""C"": 17, ""H"": 26}",230.20345083798,negative,-1,recombination,electron_gain,node_0004 + node_0024 | single_dehydrogenative_recombination | electron_gain,node_0055,,C,3,-1,H,,,,0.4,0.55,0.37000000000000005,0.6080000000000001,28,1,28
node_0484,COC,Cyclic Olefin Copolymer,C17H27,"{""C"": 17, ""H"": 27}",231.21127587021,positive,1,recombination,protonation,node_0004 + node_0024 | single_dehydrogenative_recombination | protonation,node_0055,,C,3,0,H,,,,0.4,0.72,0.468,0.6380000000000001,28,1,28
node_0485,COC,Cyclic Olefin Copolymer,C17H25,"{""C"": 17, ""H"": 25}",229.19562580575,negative,-1,recombination,deprotonation,node_0004 + node_0024 | single_dehydrogenative_recombination | deprotonation,node_0055,,C,3,-2,H,,,,0.4,0.72,0.40800000000000003,0.5780000000000001,26,1,26
node_0486,COC,Cyclic Olefin Copolymer,C18H28,"{""C"": 18, ""H"": 28}",244.21910090244,positive,1,recombination,electron_loss,node_0004 + node_0026 | single_dehydrogenative_recombination | electron_loss,node_0056,,C,3,-1,H,,,,0.4,0.55,0.37000000000000005,0.6080000000000001,19,1,19
node_0487,COC,Cyclic Olefin Copolymer,C18H28,"{""C"": 18, ""H"": 28}",244.21910090244,negative,-1,recombination,electron_gain,node_0004 + node_0026 | single_dehydrogenative_recombination | electron_gain,node_0056,,C,3,-1,H,,,,0.4,0.55,0.37000000000000005,0.6260000000000001,27,1,27
node_0488,COC,Cyclic Olefin Copolymer,C18H29,"{""C"": 18, ""H"": 29}",245.22692593467,positive,1,recombination,protonation,node_0004 + node_0026 | single_dehydrogenative_recombination | protonation,node_0056,,C,3,0,H,,,,0.4,0.72,0.468,0.6559999999999999,27,1,27
node_0489,COC,Cyclic Olefin Copolymer,C18H27,"{""C"": 18, ""H"": 27}",243.21127587021,negative,-1,recombination,deprotonation,node_0004 + node_0026 | single_dehydrogenative_recombination | deprotonation,node_0056,,C,3,-2,H,,,,0.4,0.72,0.40800000000000003,0.5960000000000001,19,1,19
node_0490,COC,Cyclic Olefin Copolymer,C16H24,"{""C"": 16, ""H"": 24}",216.18780077352,positive,1,recombination,electron_loss,node_0004 + node_0028 | single_dehydrogenative_recombination | electron_loss,node_0057,,C,3,-1,H,,,,0.4,0.55,0.37000000000000005,0.6080000000000001,14,1,14
node_0491,COC,Cyclic Olefin Copolymer,C16H24,"{""C"": 16, ""H"": 24}",216.18780077352,negative,-1,recombination,electron_gain,node_0004 + node_0028 | single_dehydrogenative_recombination | electron_gain,node_0057,,C,3,-1,H,,,,0.4,0.55,0.37000000000000005,0.6080000000000001,12,1,12
node_0492,COC,Cyclic Olefin Copolymer,C16H25,"{""C"": 16, ""H"": 25}",217.19562580575,positive,1,recombination,protonation,node_0004 + node_0028 | single_dehydrogenative_recombination | protonation,node_0057,,C,3,0,H,,,,0.4,0.72,0.468,0.6380000000000001,12,1,12
node_0493,COC,Cyclic Olefin Copolymer,C16H23,"{""C"": 16, ""H"": 23}",215.17997574129,negative,-1,recombination,deprotonation,node_0004 + node_0028 | single_dehydrogenative_recombination | deprotonation,node_0057,,C,3,-2,H,,,,0.4,0.72,0.40800000000000003,0.5780000000000001,14,1,14
node_0494,COC,Cyclic Olefin Copolymer,C17H26,"{""C"": 17, ""H"": 26}",230.20345083798,positive,1,recombination,electron_loss,node_0004 + node_0030 | single_dehydrogenative_recombination | electron_loss,node_0058,,C,3,-1,H,,,,0.4,0.55,0.37000000000000005,0.6080000000000001,26,1,26
node_0495,COC,Cyclic Olefin Copolymer,C17H26,"{""C"": 17, ""H"": 26}",230.20345083798,negative,-1,recombination,electron_gain,node_0004 + node_0030 | single_dehydrogenative_recombination | electron_gain,node_0058,,C,3,-1,H,,,,0.4,0.55,0.37000000000000005,0.6080000000000001,28,1,28
node_0496,COC,Cyclic Olefin Copolymer,C17H27,"{""C"": 17, ""H"": 27}",231.21127587021,positive,1,recombination,protonation,node_0004 + node_0030 | single_dehydrogenative_recombination | protonation,node_0058,,C,3,0,H,,,,0.4,0.72,0.468,0.6380000000000001,28,1,28
node_0497,COC,Cyclic Olefin Copolymer,C17H25,"{""C"": 17, ""H"": 25}",229.19562580575,negative,-1,recombination,deprotonation,node_0004 + node_0030 | single_dehydrogenative_recombination | deprotonation,node_0058,,C,3,-2,H,,,,0.4,0.72,0.40800000000000003,0.5780000000000001,26,1,26
node_0498,COC,Cyclic Olefin Copolymer,C19H31,"{""C"": 19, ""H"": 31}",259.24257599913,positive,1,recombination,electron_loss,node_0005 + node_0012 | single_dehydrogenative_recombination | electron_loss,node_0059,,C,2,-1,H,,,,0.48,0.55,0.418,0.6559999999999999,20,1,20
node_0499,COC,Cyclic Olefin Copolymer,C19H31,"{""C"": 19, ""H"": 31}",259.24257599913,negative,-1,recombination,electron_gain,node_0005 + node_0012 | single_dehydrogenative_recombination | electron_gain,node_0059,,C,2,-1,H,,,,0.48,0.55,0.418,0.6559999999999999,20,1,20
node_0500,COC,Cyclic Olefin Copolymer,C19H32,"{""C"": 19, ""H"": 32}",260.25040103136,positive,1,recombination,protonation,node_0005 + node_0012 | single_dehydrogenative_recombination | protonation,node_0059,,C,2,0,H,,,,0.48,0.72,0.516,0.6859999999999999,20,1,20
node_0501,COC,Cyclic Olefin Copolymer,C19H30,"{""C"": 19, ""H"": 30}",258.2347509669,negative,-1,recombination,deprotonation,node_0005 + node_0012 | single_dehydrogenative_recombination | deprotonation,node_0059,,C,2,-2,H,,,,0.48,0.72,0.456,0.6260000000000001,20,1,20
node_0502,COC,Cyclic Olefin Copolymer,C11H19,"{""C"": 11, ""H"": 19}",151.14867561237,positive,1,recombination,electron_loss,node_0005 + node_0014 | single_dehydrogenative_recombination | electron_loss,node_0060,,C,2,-1,H,,,,0.48,0.55,0.46799999999999997,0.706,20,1,20
node_0503,COC,Cyclic Olefin Copolymer,C11H19,"{""C"": 11, ""H"": 19}",151.14867561237,negative,-1,recombination,electron_gain,node_0005 + node_0014 | single_dehydrogenative_recombination | electron_gain,node_0060,,C,2,-1,H,,,,0.48,0.55,0.46799999999999997,0.756,21,2,21
node_0504,COC,Cyclic Olefin Copolymer,C11H20,"{""C"": 11, ""H"": 20}",152.1565006446,positive,1,recombination,protonation,node_0005 + node_0014 | single_dehydrogenative_recombination | protonation,node_0060,,C,2,0,H,,,,0.48,0.72,0.5660000000000001,0.786,21,2,21
node_0505,COC,Cyclic Olefin Copolymer,C11H18,"{""C"": 11, ""H"": 18}",150.14085058014,negative,-1,recombination,deprotonation,node_0005 + node_0014 | single_dehydrogenative_recombination | deprotonation,node_0060,,C,2,-2,H,,,,0.48,0.72,0.506,0.6759999999999999,20,1,20
node_0506,COC,Cyclic Olefin Copolymer,C18H29,"{""C"": 18, ""H"": 29}",245.22692593467,positive,1,recombination,electron_loss,node_0005 + node_0016 | single_dehydrogenative_recombination | electron_loss,node_0061,,C,2,-1,H,,,,0.48,0.55,0.418,0.6559999999999999,27,1,27
node_0507,COC,Cyclic Olefin Copolymer,C18H29,"{""C"": 18, ""H"": 29}",245.22692593467,negative,-1,recombination,electron_gain,node_0005 + node_0016 | single_dehydrogenative_recombination | electron_gain,node_0061,,C,2,-1,H,,,,0.48,0.55,0.418,0.6559999999999999,16,1,16
node_0508,COC,Cyclic Olefin Copolymer,C18H30,"{""C"": 18, ""H"": 30}",246.2347509669,positive,1,recombination,protonation,node_0005 + node_0016 | single_dehydrogenative_recombination | protonation,node_0061,,C,2,0,H,,,,0.48,0.72,0.516,0.6859999999999999,16,1,16
node_0509,COC,Cyclic Olefin Copolymer,C18H28,"{""C"": 18, ""H"": 28}",244.21910090244,negative,-1,recombination,deprotonation,node_0005 + node_0016 | single_dehydrogenative_recombination | deprotonation,node_0061,,C,2,-2,H,,,,0.48,0.72,0.456,0.6260000000000001,27,1,27
node_0510,COC,Cyclic Olefin Copolymer,C11H19,"{""C"": 11, ""H"": 19}",151.14867561237,positive,1,recombination,electron_loss,node_0005 + node_0020 | single_dehydrogenative_recombination | electron_loss,node_0062,,C,2,-1,H,,,,0.48,0.55,0.46799999999999997,0.706,20,1,20
node_0511,COC,Cyclic Olefin Copolymer,C11H19,"{""C"": 11, ""H"": 19}",151.14867561237,negative,-1,recombination,electron_gain,node_0005 + node_0020 | single_dehydrogenative_recombination | electron_gain,node_0062,,C,2,-1,H,,,,0.48,0.55,0.46799999999999997,0.756,21,2,21
node_0512,COC,Cyclic Olefin Copolymer,C11H20,"{""C"": 11, ""H"": 20}",152.1565006446,positive,1,recombination,protonation,node_0005 + node_0020 | single_dehydrogenative_recombination | protonation,node_0062,,C,2,0,H,,,,0.48,0.72,0.5660000000000001,0.786,21,2,21
node_0513,COC,Cyclic Olefin Copolymer,C11H18,"{""C"": 11, ""H"": 18}",150.14085058014,negative,-1,recombination,deprotonation,node_0005 + node_0020 | single_dehydrogenative_recombination | deprotonation,node_0062,,C,2,-2,H,,,,0.48,0.72,0.506,0.6759999999999999,20,1,20
node_0514,COC,Cyclic Olefin Copolymer,C19H31,"{""C"": 19, ""H"": 31}",259.24257599913,positive,1,recombination,electron_loss,node_0005 + node_0022 | single_dehydrogenative_recombination | electron_loss,node_0063,,C,2,-1,H,,,,0.48,0.55,0.418,0.6559999999999999,20,1,20
node_0515,COC,Cyclic Olefin Copolymer,C19H31,"{""C"": 19, ""H"": 31}",259.24257599913,negative,-1,recombination,electron_gain,node_0005 + node_0022 | single_dehydrogenative_recombination | electron_gain,node_0063,,C,2,-1,H,,,,0.48,0.55,0.418,0.6559999999999999,20,1,20
node_0516,COC,Cyclic Olefin Copolymer,C19H32,"{""C"": 19, ""H"": 32}",260.25040103136,positive,1,recombination,protonation,node_0005 + node_0022 | single_dehydrogenative_recombination | protonation,node_0063,,C,2,0,H,,,,0.48,0.72,0.516,0.6859999999999999,20,1,20
node_0517,COC,Cyclic Olefin Copolymer,C19H30,"{""C"": 19, ""H"": 30}",258.2347509669,negative,-1,recombination,deprotonation,node_0005 + node_0022 | single_dehydrogenative_recombination | deprotonation,node_0063,,C,2,-2,H,,,,0.48,0.72,0.456,0.6260000000000001,20,1,20
node_0518,COC,Cyclic Olefin Copolymer,C17H26,"{""C"": 17, ""H"": 26}",230.20345083798,positive,1,recombination,electron_loss,node_0005 + node_0024 | single_dehydrogenative_recombination | electron_loss,node_0064,,C,3,-1,H,,,,0.4,0.55,0.37000000000000005,0.6080000000000001,26,1,26
node_0519,COC,Cyclic Olefin Copolymer,C17H26,"{""C"": 17, ""H"": 26}",230.20345083798,negative,-1,recombination,electron_gain,node_0005 + node_0024 | single_dehydrogenative_recombination | electron_gain,node_0064,,C,3,-1,H,,,,0.4,0.55,0.37000000000000005,0.6080000000000001,28,1,28
node_0520,COC,Cyclic Olefin Copolymer,C17H27,"{""C"": 17, ""H"": 27}",231.21127587021,positive,1,recombination,protonation,node_0005 + node_0024 | single_dehydrogenative_recombination | protonation,node_0064,,C,3,0,H,,,,0.4,0.72,0.468,0.6380000000000001,28,1,28
node_0521,COC,Cyclic Olefin Copolymer,C17H25,"{""C"": 17, ""H"": 25}",229.19562580575,negative,-1,recombination,deprotonation,node_0005 + node_0024 | single_dehydrogenative_recombination | deprotonation,node_0064,,C,3,-2,H,,,,0.4,0.72,0.40800000000000003,0.5780000000000001,26,1,26
node_0522,COC,Cyclic Olefin Copolymer,C18H28,"{""C"": 18, ""H"": 28}",244.21910090244,positive,1,recombination,electron_loss,node_0005 + node_0026 | single_dehydrogenative_recombination | electron_loss,node_0065,,C,3,-1,H,,,,0.4,0.55,0.37000000000000005,0.6080000000000001,19,1,19
node_0523,COC,Cyclic Olefin Copolymer,C18H28,"{""C"": 18, ""H"": 28}",244.21910090244,negative,-1,recombination,electron_gain,node_0005 + node_0026 | single_dehydrogenative_recombination | electron_gain,node_0065,,C,3,-1,H,,,,0.4,0.55,0.37000000000000005,0.6260000000000001,27,1,27
node_0524,COC,Cyclic Olefin Copolymer,C18H29,"{""C"": 18, ""H"": 29}",245.22692593467,positive,1,recombination,protonation,node_0005 + node_0026 | single_dehydrogenative_recombination | protonation,node_0065,,C,3,0,H,,,,0.4,0.72,0.468,0.6559999999999999,27,1,27
node_0525,COC,Cyclic Olefin Copolymer,C18H27,"{""C"": 18, ""H"": 27}",243.21127587021,negative,-1,recombination,deprotonation,node_0005 + node_0026 | single_dehydrogenative_recombination | deprotonation,node_0065,,C,3,-2,H,,,,0.4,0.72,0.40800000000000003,0.5960000000000001,19,1,19
node_0526,COC,Cyclic Olefin Copolymer,C16H24,"{""C"": 16, ""H"": 24}",216.18780077352,positive,1,recombination,electron_loss,node_0005 + node_0028 | single_dehydrogenative_recombination | electron_loss,node_0066,,C,3,-1,H,,,,0.4,0.55,0.37000000000000005,0.6080000000000001,14,1,14
node_0527,COC,Cyclic Olefin Copolymer,C16H24,"{""C"": 16, ""H"": 24}",216.18780077352,negative,-1,recombination,electron_gain,node_0005 + node_0028 | single_dehydrogenative_recombination | electron_gain,node_0066,,C,3,-1,H,,,,0.4,0.55,0.37000000000000005,0.6080000000000001,12,1,12
node_0528,COC,Cyclic Olefin Copolymer,C16H25,"{""C"": 16, ""H"": 25}",217.19562580575,positive,1,recombination,protonation,node_0005 + node_0028 | single_dehydrogenative_recombination | protonation,node_0066,,C,3,0,H,,,,0.4,0.72,0.468,0.6380000000000001,12,1,12
node_0529,COC,Cyclic Olefin Copolymer,C16H23,"{""C"": 16, ""H"": 23}",215.17997574129,negative,-1,recombination,deprotonation,node_0005 + node_0028 | single_dehydrogenative_recombination | deprotonation,node_0066,,C,3,-2,H,,,,0.4,0.72,0.40800000000000003,0.5780000000000001,14,1,14
node_0530,COC,Cyclic Olefin Copolymer,C17H26,"{""C"": 17, ""H"": 26}",230.20345083798,positive,1,recombination,electron_loss,node_0005 + node_0030 | single_dehydrogenative_recombination | electron_loss,node_0067,,C,3,-1,H,,,,0.4,0.55,0.37000000000000005,0.6080000000000001,26,1,26
node_0531,COC,Cyclic Olefin Copolymer,C17H26,"{""C"": 17, ""H"": 26}",230.20345083798,negative,-1,recombination,electron_gain,node_0005 + node_0030 | single_dehydrogenative_recombination | electron_gain,node_0067,,C,3,-1,H,,,,0.4,0.55,0.37000000000000005,0.6080000000000001,28,1,28
node_0532,COC,Cyclic Olefin Copolymer,C17H27,"{""C"": 17, ""H"": 27}",231.21127587021,positive,1,recombination,protonation,node_0005 + node_0030 | single_dehydrogenative_recombination | protonation,node_0067,,C,3,0,H,,,,0.4,0.72,0.468,0.6380000000000001,28,1,28
node_0533,COC,Cyclic Olefin Copolymer,C17H25,"{""C"": 17, ""H"": 25}",229.19562580575,negative,-1,recombination,deprotonation,node_0005 + node_0030 | single_dehydrogenative_recombination | deprotonation,node_0067,,C,3,-2,H,,,,0.4,0.72,0.40800000000000003,0.5780000000000001,26,1,26
node_0534,COC,Cyclic Olefin Copolymer,C12H21,"{""C"": 12, ""H"": 21}",165.16432567683,positive,1,recombination,electron_loss,node_0006 + node_0012 | single_dehydrogenative_recombination | electron_loss,node_0068,,C,2,-1,H,,,,0.48,0.55,0.46799999999999997,0.706,12,1,12
node_0535,COC,Cyclic Olefin Copolymer,C12H21,"{""C"": 12, ""H"": 21}",165.16432567683,negative,-1,recombination,electron_gain,node_0006 + node_0012 | single_dehydrogenative_recombination | electron_gain,node_0068,,C,2,-1,H,,,,0.48,0.55,0.46799999999999997,0.706,16,1,16
node_0536,COC,Cyclic Olefin Copolymer,C12H22,"{""C"": 12, ""H"": 22}",166.17215070906,positive,1,recombination,protonation,node_0006 + node_0012 | single_dehydrogenative_recombination | protonation,node_0068,,C,2,0,H,,,,0.48,0.72,0.5660000000000001,0.736,16,1,16
node_0537,COC,Cyclic Olefin Copolymer,C12H20,"{""C"": 12, ""H"": 20}",164.1565006446,negative,-1,recombination,deprotonation,node_0006 + node_0012 | single_dehydrogenative_recombination | deprotonation,node_0068,,C,2,-2,H,,,,0.48,0.72,0.506,0.6759999999999999,12,1,12
node_0538,COC,Cyclic Olefin Copolymer,C4H9,"{""C"": 4, ""H"": 9}",57.07042529007,positive,1,recombination,electron_loss,node_0006 + node_0014 | single_dehydrogenative_recombination | electron_loss,node_0069,,C,2,-1,H,,,,0.48,0.55,0.46799999999999997,0.8780000000000001,4,2,4
node_0539,COC,Cyclic Olefin Copolymer,C4H9,"{""C"": 4, ""H"": 9}",57.07042529007,negative,-1,recombination,electron_gain,node_0006 + node_0014 | single_dehydrogenative_recombination | electron_gain,node_0069,,C,2,-1,H,,,,0.48,0.55,0.46799999999999997,0.706,4,1,4
node_0540,COC,Cyclic Olefin Copolymer,C4H10,"{""C"": 4, ""H"": 10}",58.0782503223,positive,1,recombination,protonation,node_0006 + node_0014 | single_dehydrogenative_recombination | protonation,node_0069,,C,2,0,H,,,,0.48,0.72,0.5660000000000001,0.736,4,1,4
node_0541,COC,Cyclic Olefin Copolymer,C4H8,"{""C"": 4, ""H"": 8}",56.06260025784,negative,-1,recombination,deprotonation,node_0006 + node_0014 | single_dehydrogenative_recombination | deprotonation,node_0069,,C,2,-2,H,,,,0.48,0.72,0.506,0.6559999999999999,3,1,3
node_0542,COC,Cyclic Olefin Copolymer,C11H19,"{""C"": 11, ""H"": 19}",151.14867561237,positive,1,recombination,electron_loss,node_0006 + node_0016 | single_dehydrogenative_recombination | electron_loss,node_0070,,C,2,-1,H,,,,0.48,0.55,0.46799999999999997,0.706,20,1,20
node_0543,COC,Cyclic Olefin Copolymer,C11H19,"{""C"": 11, ""H"": 19}",151.14867561237,negative,-1,recombination,electron_gain,node_0006 + node_0016 | single_dehydrogenative_recombination | electron_gain,node_0070,,C,2,-1,H,,,,0.48,0.55,0.46799999999999997,0.756,21,2,21
node_0544,COC,Cyclic Olefin Copolymer,C11H20,"{""C"": 11, ""H"": 20}",152.1565006446,positive,1,recombination,protonation,node_0006 + node_0016 | single_dehydrogenative_recombination | protonation,node_0070,,C,2,0,H,,,,0.48,0.72,0.5660000000000001,0.786,21,2,21
node_0545,COC,Cyclic Olefin Copolymer,C11H18,"{""C"": 11, ""H"": 18}",150.14085058014,negative,-1,recombination,deprotonation,node_0006 + node_0016 | single_dehydrogenative_recombination | deprotonation,node_0070,,C,2,-2,H,,,,0.48,0.72,0.506,0.6759999999999999,20,1,20
node_0546,COC,Cyclic Olefin Copolymer,C11H19,"{""C"": 11, ""H"": 19}",151.14867561237,positive,1,recombination,electron_loss,node_0006 + node_0018 | single_dehydrogenative_recombination | electron_loss,node_0071,,C,2,-1,H,,,,0.48,0.55,0.46799999999999997,0.706,20,1,20
node_0547,COC,Cyclic Olefin Copolymer,C11H19,"{""C"": 11, ""H"": 19}",151.14867561237,negative,-1,recombination,electron_gain,node_0006 + node_0018 | single_dehydrogenative_recombination | electron_gain,node_0071,,C,2,-1,H,,,,0.48,0.55,0.46799999999999997,0.756,21,2,21
node_0548,COC,Cyclic Olefin Copolymer,C11H20,"{""C"": 11, ""H"": 20}",152.1565006446,positive,1,recombination,protonation,node_0006 + node_0018 | single_dehydrogenative_recombination | protonation,node_0071,,C,2,0,H,,,,0.48,0.72,0.5660000000000001,0.786,21,2,21
node_0549,COC,Cyclic Olefin Copolymer,C11H18,"{""C"": 11, ""H"": 18}",150.14085058014,negative,-1,recombination,deprotonation,node_0006 + node_0018 | single_dehydrogenative_recombination | deprotonation,node_0071,,C,2,-2,H,,,,0.48,0.72,0.506,0.6759999999999999,20,1,20
node_0550,COC,Cyclic Olefin Copolymer,C12H21,"{""C"": 12, ""H"": 21}",165.16432567683,positive,1,recombination,electron_loss,node_0006 + node_0022 | single_dehydrogenative_recombination | electron_loss,node_0072,,C,2,-1,H,,,,0.48,0.55,0.46799999999999997,0.706,12,1,12
node_0551,COC,Cyclic Olefin Copolymer,C12H21,"{""C"": 12, ""H"": 21}",165.16432567683,negative,-1,recombination,electron_gain,node_0006 + node_0022 | single_dehydrogenative_recombination | electron_gain,node_0072,,C,2,-1,H,,,,0.48,0.55,0.46799999999999997,0.706,16,1,16
node_0552,COC,Cyclic Olefin Copolymer,C12H22,"{""C"": 12, ""H"": 22}",166.17215070906,positive,1,recombination,protonation,node_0006 + node_0022 | single_dehydrogenative_recombination | protonation,node_0072,,C,2,0,H,,,,0.48,0.72,0.5660000000000001,0.736,16,1,16
node_0553,COC,Cyclic Olefin Copolymer,C12H20,"{""C"": 12, ""H"": 20}",164.1565006446,negative,-1,recombination,deprotonation,node_0006 + node_0022 | single_dehydrogenative_recombination | deprotonation,node_0072,,C,2,-2,H,,,,0.48,0.72,0.506,0.6759999999999999,12,1,12
node_0554,COC,Cyclic Olefin Copolymer,C10H16,"{""C"": 10, ""H"": 16}",136.12520051568,positive,1,recombination,electron_loss,node_0006 + node_0024 | single_dehydrogenative_recombination | electron_loss,node_0073,,C,3,-1,H,,,,0.4,0.55,0.42000000000000004,0.8200000000000001,14,2,14
node_0555,COC,Cyclic Olefin Copolymer,C10H16,"{""C"": 10, ""H"": 16}",136.12520051568,negative,-1,recombination,electron_gain,node_0006 + node_0024 | single_dehydrogenative_recombination | electron_gain,node_0073,,C,3,-1,H,,,,0.4,0.55,0.42000000000000004,0.942,20,3,18
node_0556,COC,Cyclic Olefin Copolymer,C10H17,"{""C"": 10, ""H"": 17}",137.13302554791,positive,1,recombination,protonation,node_0006 + node_0024 | single_dehydrogenative_recombination | protonation,node_0073,,C,3,0,H,,,,0.4,0.72,0.518,0.8740000000000001,18,2,18
node_0557,COC,Cyclic Olefin Copolymer,C10H15,"{""C"": 10, ""H"": 15}",135.11737548345,negative,-1,recombination,deprotonation,node_0006 + node_0024 | single_dehydrogenative_recombination | deprotonation,node_0073,,C,3,-2,H,,,,0.4,0.72,0.458,0.6280000000000001,12,1,12
node_0558,COC,Cyclic Olefin Copolymer,C11H18,"{""C"": 11, ""H"": 18}",150.14085058014,positive,1,recombination,electron_loss,node_0006 + node_0026 | single_dehydrogenative_recombination | electron_loss,node_0074,,C,3,-1,H,,,,0.4,0.55,0.42000000000000004,0.6579999999999999,10,1,10
node_0559,COC,Cyclic Olefin Copolymer,C11H18,"{""C"": 11, ""H"": 18}",150.14085058014,negative,-1,recombination,electron_gain,node_0006 + node_0026 | single_dehydrogenative_recombination | electron_gain,node_0074,,C,3,-1,H,,,,0.4,0.55,0.42000000000000004,0.6759999999999999,20,1,20
node_0560,COC,Cyclic Olefin Copolymer,C11H19,"{""C"": 11, ""H"": 19}",151.14867561237,positive,1,recombination,protonation,node_0006 + node_0026 | single_dehydrogenative_recombination | protonation,node_0074,,C,3,0,H,,,,0.4,0.72,0.518,0.706,20,1,20
node_0561,COC,Cyclic Olefin Copolymer,C11H17,"{""C"": 11, ""H"": 17}",149.13302554791,negative,-1,recombination,deprotonation,node_0006 + node_0026 | single_dehydrogenative_recombination | deprotonation,node_0074,,C,3,-2,H,,,,0.4,0.72,0.458,0.6459999999999999,10,1,10
node_0562,COC,Cyclic Olefin Copolymer,C9H14,"{""C"": 9, ""H"": 14}",122.10955045122,positive,1,recombination,electron_loss,node_0006 + node_0028 | single_dehydrogenative_recombination | electron_loss,node_0075,,C,3,-1,H,,,,0.4,0.55,0.42000000000000004,0.8560000000000001,9,3,9
node_0563,COC,Cyclic Olefin Copolymer,C9H14,"{""C"": 9, ""H"": 14}",122.10955045122,negative,-1,recombination,electron_gain,node_0006 + node_0028 | single_dehydrogenative_recombination | electron_gain,node_0075,,C,3,-1,H,,,,0.4,0.55,0.42000000000000004,0.942,13,3,11
node_0564,COC,Cyclic Olefin Copolymer,C9H15,"{""C"": 9, ""H"": 15}",123.11737548345,positive,1,recombination,protonation,node_0006 + node_0028 | single_dehydrogenative_recombination | protonation,node_0075,,C,3,0,H,,,,0.4,0.72,0.518,0.9040000000000001,12,3,11
node_0565,COC,Cyclic Olefin Copolymer,C9H13,"{""C"": 9, ""H"": 13}",121.10172541899,negative,-1,recombination,deprotonation,node_0006 + node_0028 | single_dehydrogenative_recombination | deprotonation,node_0075,,C,3,-2,H,,,,0.4,0.72,0.458,0.8939999999999999,8,3,7
node_0566,COC,Cyclic Olefin Copolymer,C10H16,"{""C"": 10, ""H"": 16}",136.12520051568,positive,1,recombination,electron_loss,node_0006 + node_0030 | single_dehydrogenative_recombination | electron_loss,node_0076,,C,3,-1,H,,,,0.4,0.55,0.42000000000000004,0.8200000000000001,14,2,14
node_0567,COC,Cyclic Olefin Copolymer,C10H16,"{""C"": 10, ""H"": 16}",136.12520051568,negative,-1,recombination,electron_gain,node_0006 + node_0030 | single_dehydrogenative_recombination | electron_gain,node_0076,,C,3,-1,H,,,,0.4,0.55,0.42000000000000004,0.942,20,3,18
node_0568,COC,Cyclic Olefin Copolymer,C10H17,"{""C"": 10, ""H"": 17}",137.13302554791,positive,1,recombination,protonation,node_0006 + node_0030 | single_dehydrogenative_recombination | protonation,node_0076,,C,3,0,H,,,,0.4,0.72,0.518,0.8740000000000001,18,2,18
node_0569,COC,Cyclic Olefin Copolymer,C10H15,"{""C"": 10, ""H"": 15}",135.11737548345,negative,-1,recombination,deprotonation,node_0006 + node_0030 | single_dehydrogenative_recombination | deprotonation,node_0076,,C,3,-2,H,,,,0.4,0.72,0.458,0.6280000000000001,12,1,12
node_0570,COC,Cyclic Olefin Copolymer,C20H33,"{""C"": 20, ""H"": 33}",273.25822606359,positive,1,recombination,electron_loss,node_0007 + node_0012 | single_dehydrogenative_recombination | electron_loss,node_0077,,C,2,-1,H,,,,0.48,0.55,0.418,0.6359999999999999,3,1,3
node_0571,COC,Cyclic Olefin Copolymer,C20H33,"{""C"": 20, ""H"": 33}",273.25822606359,negative,-1,recombination,electron_gain,node_0007 + node_0012 | single_dehydrogenative_recombination | electron_gain,node_0077,,C,2,-1,H,,,,0.48,0.55,0.418,0.6559999999999999,4,1,4
node_0572,COC,Cyclic Olefin Copolymer,C20H34,"{""C"": 20, ""H"": 34}",274.26605109582,positive,1,recombination,protonation,node_0007 + node_0012 | single_dehydrogenative_recombination | protonation,node_0077,,C,2,0,H,,,,0.48,0.72,0.516,0.6859999999999999,4,1,4
node_0573,COC,Cyclic Olefin Copolymer,C20H32,"{""C"": 20, ""H"": 32}",272.25040103136,negative,-1,recombination,deprotonation,node_0007 + node_0012 | single_dehydrogenative_recombination | deprotonation,node_0077,,C,2,-2,H,,,,0.48,0.72,0.456,0.6060000000000001,3,1,3
node_0574,COC,Cyclic Olefin Copolymer,C12H21,"{""C"": 12, ""H"": 21}",165.16432567683,positive,1,recombination,electron_loss,node_0007 + node_0014 | single_dehydrogenative_recombination | electron_loss,node_0078,,C,2,-1,H,,,,0.48,0.55,0.46799999999999997,0.706,12,1,12
node_0575,COC,Cyclic Olefin Copolymer,C12H21,"{""C"": 12, ""H"": 21}",165.16432567683,negative,-1,recombination,electron_gain,node_0007 + node_0014 | single_dehydrogenative_recombination | electron_gain,node_0078,,C,2,-1,H,,,,0.48,0.55,0.46799999999999997,0.706,16,1,16
node_0576,COC,Cyclic Olefin Copolymer,C12H22,"{""C"": 12, ""H"": 22}",166.17215070906,positive,1,recombination,protonation,node_0007 + node_0014 | single_dehydrogenative_recombination | protonation,node_0078,,C,2,0,H,,,,0.48,0.72,0.5660000000000001,0.736,16,1,16
node_0577,COC,Cyclic Olefin Copolymer,C12H20,"{""C"": 12, ""H"": 20}",164.1565006446,negative,-1,recombination,deprotonation,node_0007 + node_0014 | single_dehydrogenative_recombination | deprotonation,node_0078,,C,2,-2,H,,,,0.48,0.72,0.506,0.6759999999999999,12,1,12
node_0578,COC,Cyclic Olefin Copolymer,C19H31,"{""C"": 19, ""H"": 31}",259.24257599913,positive,1,recombination,electron_loss,node_0007 + node_0016 | single_dehydrogenative_recombination | electron_loss,node_0079,,C,2,-1,H,,,,0.48,0.55,0.418,0.6559999999999999,20,1,20
node_0579,COC,Cyclic Olefin Copolymer,C19H31,"{""C"": 19, ""H"": 31}",259.24257599913,negative,-1,recombination,electron_gain,node_0007 + node_0016 | single_dehydrogenative_recombination | electron_gain,node_0079,,C,2,-1,H,,,,0.48,0.55,0.418,0.6559999999999999,20,1,20
node_0580,COC,Cyclic Olefin Copolymer,C19H32,"{""C"": 19, ""H"": 32}",260.25040103136,positive,1,recombination,protonation,node_0007 + node_0016 | single_dehydrogenative_recombination | protonation,node_0079,,C,2,0,H,,,,0.48,0.72,0.516,0.6859999999999999,20,1,20
node_0581,COC,Cyclic Olefin Copolymer,C19H30,"{""C"": 19, ""H"": 30}",258.2347509669,negative,-1,recombination,deprotonation,node_0007 + node_0016 | single_dehydrogenative_recombination | deprotonation,node_0079,,C,2,-2,H,,,,0.48,0.72,0.456,0.6260000000000001,20,1,20
node_0582,COC,Cyclic Olefin Copolymer,C19H31,"{""C"": 19, ""H"": 31}",259.24257599913,positive,1,recombination,electron_loss,node_0007 + node_0018 | single_dehydrogenative_recombination | electron_loss,node_0080,,C,2,-1,H,,,,0.48,0.55,0.418,0.6559999999999999,20,1,20
node_0583,COC,Cyclic Olefin Copolymer,C19H31,"{""C"": 19, ""H"": 31}",259.24257599913,negative,-1,recombination,electron_gain,node_0007 + node_0018 | single_dehydrogenative_recombination | electron_gain,node_0080,,C,2,-1,H,,,,0.48,0.55,0.418,0.6559999999999999,20,1,20
node_0584,COC,Cyclic Olefin Copolymer,C19H32,"{""C"": 19, ""H"": 32}",260.25040103136,positive,1,recombination,protonation,node_0007 + node_0018 | single_dehydrogenative_recombination | protonation,node_0080,,C,2,0,H,,,,0.48,0.72,0.516,0.6859999999999999,20,1,20
node_0585,COC,Cyclic Olefin Copolymer,C19H30,"{""C"": 19, ""H"": 30}",258.2347509669,negative,-1,recombination,deprotonation,node_0007 + node_0018 | single_dehydrogenative_recombination | deprotonation,node_0080,,C,2,-2,H,,,,0.48,0.72,0.456,0.6260000000000001,20,1,20
node_0586,COC,Cyclic Olefin Copolymer,C12H21,"{""C"": 12, ""H"": 21}",165.16432567683,positive,1,recombination,electron_loss,node_0007 + node_0020 | single_dehydrogenative_recombination | electron_loss,node_0081,,C,2,-1,H,,,,0.48,0.55,0.46799999999999997,0.706,12,1,12
node_0587,COC,Cyclic Olefin Copolymer,C12H21,"{""C"": 12, ""H"": 21}",165.16432567683,negative,-1,recombination,electron_gain,node_0007 + node_0020 | single_dehydrogenative_recombination | electron_gain,node_0081,,C,2,-1,H,,,,0.48,0.55,0.46799999999999997,0.706,16,1,16
node_0588,COC,Cyclic Olefin Copolymer,C12H22,"{""C"": 12, ""H"": 22}",166.17215070906,positive,1,recombination,protonation,node_0007 + node_0020 | single_dehydrogenative_recombination | protonation,node_0081,,C,2,0,H,,,,0.48,0.72,0.5660000000000001,0.736,16,1,16
node_0589,COC,Cyclic Olefin Copolymer,C12H20,"{""C"": 12, ""H"": 20}",164.1565006446,negative,-1,recombination,deprotonation,node_0007 + node_0020 | single_dehydrogenative_recombination | deprotonation,node_0081,,C,2,-2,H,,,,0.48,0.72,0.506,0.6759999999999999,12,1,12
node_0590,COC,Cyclic Olefin Copolymer,C18H28,"{""C"": 18, ""H"": 28}",244.21910090244,positive,1,recombination,electron_loss,node_0007 + node_0024 | single_dehydrogenative_recombination | electron_loss,node_0082,,C,3,-1,H,,,,0.4,0.55,0.37000000000000005,0.6080000000000001,19,1,19
node_0591,COC,Cyclic Olefin Copolymer,C18H28,"{""C"": 18, ""H"": 28}",244.21910090244,negative,-1,recombination,electron_gain,node_0007 + node_0024 | single_dehydrogenative_recombination | electron_gain,node_0082,,C,3,-1,H,,,,0.4,0.55,0.37000000000000005,0.6260000000000001,27,1,27
node_0592,COC,Cyclic Olefin Copolymer,C18H29,"{""C"": 18, ""H"": 29}",245.22692593467,positive,1,recombination,protonation,node_0007 + node_0024 | single_dehydrogenative_recombination | protonation,node_0082,,C,3,0,H,,,,0.4,0.72,0.468,0.6559999999999999,27,1,27
node_0593,COC,Cyclic Olefin Copolymer,C18H27,"{""C"": 18, ""H"": 27}",243.21127587021,negative,-1,recombination,deprotonation,node_0007 + node_0024 | single_dehydrogenative_recombination | deprotonation,node_0082,,C,3,-2,H,,,,0.4,0.72,0.40800000000000003,0.5960000000000001,19,1,19
node_0594,COC,Cyclic Olefin Copolymer,C19H30,"{""C"": 19, ""H"": 30}",258.2347509669,positive,1,recombination,electron_loss,node_0007 + node_0026 | single_dehydrogenative_recombination | electron_loss,node_0083,,C,3,-1,H,,,,0.4,0.55,0.37000000000000005,0.6080000000000001,10,1,10
node_0595,COC,Cyclic Olefin Copolymer,C19H30,"{""C"": 19, ""H"": 30}",258.2347509669,negative,-1,recombination,electron_gain,node_0007 + node_0026 | single_dehydrogenative_recombination | electron_gain,node_0083,,C,3,-1,H,,,,0.4,0.55,0.37000000000000005,0.6260000000000001,20,1,20
node_0596,COC,Cyclic Olefin Copolymer,C19H31,"{""C"": 19, ""H"": 31}",259.24257599913,positive,1,recombination,protonation,node_0007 + node_0026 | single_dehydrogenative_recombination | protonation,node_0083,,C,3,0,H,,,,0.4,0.72,0.468,0.6559999999999999,20,1,20
node_0597,COC,Cyclic Olefin Copolymer,C19H29,"{""C"": 19, ""H"": 29}",257.22692593467,negative,-1,recombination,deprotonation,node_0007 + node_0026 | single_dehydrogenative_recombination | deprotonation,node_0083,,C,3,-2,H,,,,0.4,0.72,0.40800000000000003,0.5960000000000001,10,1,10
node_0598,COC,Cyclic Olefin Copolymer,C17H26,"{""C"": 17, ""H"": 26}",230.20345083798,positive,1,recombination,electron_loss,node_0007 + node_0028 | single_dehydrogenative_recombination | electron_loss,node_0084,,C,3,-1,H,,,,0.4,0.55,0.37000000000000005,0.6080000000000001,26,1,26
node_0599,COC,Cyclic Olefin Copolymer,C17H26,"{""C"": 17, ""H"": 26}",230.20345083798,negative,-1,recombination,electron_gain,node_0007 + node_0028 | single_dehydrogenative_recombination | electron_gain,node_0084,,C,3,-1,H,,,,0.4,0.55,0.37000000000000005,0.6080000000000001,28,1,28
node_0600,COC,Cyclic Olefin Copolymer,C17H27,"{""C"": 17, ""H"": 27}",231.21127587021,positive,1,recombination,protonation,node_0007 + node_0028 | single_dehydrogenative_recombination | protonation,node_0084,,C,3,0,H,,,,0.4,0.72,0.468,0.6380000000000001,28,1,28
node_0601,COC,Cyclic Olefin Copolymer,C17H25,"{""C"": 17, ""H"": 25}",229.19562580575,negative,-1,recombination,deprotonation,node_0007 + node_0028 | single_dehydrogenative_recombination | deprotonation,node_0084,,C,3,-2,H,,,,0.4,0.72,0.40800000000000003,0.5780000000000001,26,1,26
node_0602,COC,Cyclic Olefin Copolymer,C18H28,"{""C"": 18, ""H"": 28}",244.21910090244,positive,1,recombination,electron_loss,node_0007 + node_0030 | single_dehydrogenative_recombination | electron_loss,node_0085,,C,3,-1,H,,,,0.4,0.55,0.37000000000000005,0.6080000000000001,19,1,19
node_0603,COC,Cyclic Olefin Copolymer,C18H28,"{""C"": 18, ""H"": 28}",244.21910090244,negative,-1,recombination,electron_gain,node_0007 + node_0030 | single_dehydrogenative_recombination | electron_gain,node_0085,,C,3,-1,H,,,,0.4,0.55,0.37000000000000005,0.6260000000000001,27,1,27
node_0604,COC,Cyclic Olefin Copolymer,C18H29,"{""C"": 18, ""H"": 29}",245.22692593467,positive,1,recombination,protonation,node_0007 + node_0030 | single_dehydrogenative_recombination | protonation,node_0085,,C,3,0,H,,,,0.4,0.72,0.468,0.6559999999999999,27,1,27
node_0605,COC,Cyclic Olefin Copolymer,C18H27,"{""C"": 18, ""H"": 27}",243.21127587021,negative,-1,recombination,deprotonation,node_0007 + node_0030 | single_dehydrogenative_recombination | deprotonation,node_0085,,C,3,-2,H,,,,0.4,0.72,0.40800000000000003,0.5960000000000001,19,1,19
node_0606,COC,Cyclic Olefin Copolymer,C18H28,"{""C"": 18, ""H"": 28}",244.21910090244,positive,1,recombination,electron_loss,node_0008 + node_0012 | single_dehydrogenative_recombination | electron_loss,node_0086,,C,3,-1,H,,,,0.4,0.55,0.37000000000000005,0.6080000000000001,19,1,19
node_0607,COC,Cyclic Olefin Copolymer,C18H28,"{""C"": 18, ""H"": 28}",244.21910090244,negative,-1,recombination,electron_gain,node_0008 + node_0012 | single_dehydrogenative_recombination | electron_gain,node_0086,,C,3,-1,H,,,,0.4,0.55,0.37000000000000005,0.6260000000000001,27,1,27
node_0608,COC,Cyclic Olefin Copolymer,C18H29,"{""C"": 18, ""H"": 29}",245.22692593467,positive,1,recombination,protonation,node_0008 + node_0012 | single_dehydrogenative_recombination | protonation,node_0086,,C,3,0,H,,,,0.4,0.72,0.468,0.6559999999999999,27,1,27
node_0609,COC,Cyclic Olefin Copolymer,C18H27,"{""C"": 18, ""H"": 27}",243.21127587021,negative,-1,recombination,deprotonation,node_0008 + node_0012 | single_dehydrogenative_recombination | deprotonation,node_0086,,C,3,-2,H,,,,0.4,0.72,0.40800000000000003,0.5960000000000001,19,1,19
node_0610,COC,Cyclic Olefin Copolymer,C10H16,"{""C"": 10, ""H"": 16}",136.12520051568,positive,1,recombination,electron_loss,node_0008 + node_0014 | single_dehydrogenative_recombination | electron_loss,node_0087,,C,3,-1,H,,,,0.4,0.55,0.42000000000000004,0.8200000000000001,14,2,14
node_0611,COC,Cyclic Olefin Copolymer,C10H16,"{""C"": 10, ""H"": 16}",136.12520051568,negative,-1,recombination,electron_gain,node_0008 + node_0014 | single_dehydrogenative_recombination | electron_gain,node_0087,,C,3,-1,H,,,,0.4,0.55,0.42000000000000004,0.942,20,3,18
node_0612,COC,Cyclic Olefin Copolymer,C10H17,"{""C"": 10, ""H"": 17}",137.13302554791,positive,1,recombination,protonation,node_0008 + node_0014 | single_dehydrogenative_recombination | protonation,node_0087,,C,3,0,H,,,,0.4,0.72,0.518,0.8740000000000001,18,2,18
node_0613,COC,Cyclic Olefin Copolymer,C10H15,"{""C"": 10, ""H"": 15}",135.11737548345,negative,-1,recombination,deprotonation,node_0008 + node_0014 | single_dehydrogenative_recombination | deprotonation,node_0087,,C,3,-2,H,,,,0.4,0.72,0.458,0.6280000000000001,12,1,12
node_0614,COC,Cyclic Olefin Copolymer,C17H26,"{""C"": 17, ""H"": 26}",230.20345083798,positive,1,recombination,electron_loss,node_0008 + node_0016 | single_dehydrogenative_recombination | electron_loss,node_0088,,C,3,-1,H,,,,0.4,0.55,0.37000000000000005,0.6080000000000001,26,1,26
node_0615,COC,Cyclic Olefin Copolymer,C17H26,"{""C"": 17, ""H"": 26}",230.20345083798,negative,-1,recombination,electron_gain,node_0008 + node_0016 | single_dehydrogenative_recombination | electron_gain,node_0088,,C,3,-1,H,,,,0.4,0.55,0.37000000000000005,0.6080000000000001,28,1,28
node_0616,COC,Cyclic Olefin Copolymer,C17H27,"{""C"": 17, ""H"": 27}",231.21127587021,positive,1,recombination,protonation,node_0008 + node_0016 | single_dehydrogenative_recombination | protonation,node_0088,,C,3,0,H,,,,0.4,0.72,0.468,0.6380000000000001,28,1,28
node_0617,COC,Cyclic Olefin Copolymer,C17H25,"{""C"": 17, ""H"": 25}",229.19562580575,negative,-1,recombination,deprotonation,node_0008 + node_0016 | single_dehydrogenative_recombination | deprotonation,node_0088,,C,3,-2,H,,,,0.4,0.72,0.40800000000000003,0.5780000000000001,26,1,26
node_0618,COC,Cyclic Olefin Copolymer,C17H26,"{""C"": 17, ""H"": 26}",230.20345083798,positive,1,recombination,electron_loss,node_0008 + node_0018 | single_dehydrogenative_recombination | electron_loss,node_0089,,C,3,-1,H,,,,0.4,0.55,0.37000000000000005,0.6080000000000001,26,1,26
node_0619,COC,Cyclic Olefin Copolymer,C17H26,"{""C"": 17, ""H"": 26}",230.20345083798,negative,-1,recombination,electron_gain,node_0008 + node_0018 | single_dehydrogenative_recombination | electron_gain,node_0089,,C,3,-1,H,,,,0.4,0.55,0.37000000000000005,0.6080000000000001,28,1,28
node_0620,COC,Cyclic Olefin Copolymer,C17H27,"{""C"": 17, ""H"": 27}",231.21127587021,positive,1,recombination,protonation,node_0008 + node_0018 | single_dehydrogenative_recombination | protonation,node_0089,,C,3,0,H,,,,0.4,0.72,0.468,0.6380000000000001,28,1,28
node_0621,COC,Cyclic Olefin Copolymer,C17H25,"{""C"": 17, ""H"": 25}",229.19562580575,negative,-1,recombination,deprotonation,node_0008 + node_0018 | single_dehydrogenative_recombination | deprotonation,node_0089,,C,3,-2,H,,,,0.4,0.72,0.40800000000000003,0.5780000000000001,26,1,26
node_0622,COC,Cyclic Olefin Copolymer,C10H16,"{""C"": 10, ""H"": 16}",136.12520051568,positive,1,recombination,electron_loss,node_0008 + node_0020 | single_dehydrogenative_recombination | electron_loss,node_0090,,C,3,-1,H,,,,0.4,0.55,0.42000000000000004,0.8200000000000001,14,2,14
node_0623,COC,Cyclic Olefin Copolymer,C10H16,"{""C"": 10, ""H"": 16}",136.12520051568,negative,-1,recombination,electron_gain,node_0008 + node_0020 | single_dehydrogenative_recombination | electron_gain,node_0090,,C,3,-1,H,,,,0.4,0.55,0.42000000000000004,0.942,20,3,18
node_0624,COC,Cyclic Olefin Copolymer,C10H17,"{""C"": 10, ""H"": 17}",137.13302554791,positive,1,recombination,protonation,node_0008 + node_0020 | single_dehydrogenative_recombination | protonation,node_0090,,C,3,0,H,,,,0.4,0.72,0.518,0.8740000000000001,18,2,18
node_0625,COC,Cyclic Olefin Copolymer,C10H15,"{""C"": 10, ""H"": 15}",135.11737548345,negative,-1,recombination,deprotonation,node_0008 + node_0020 | single_dehydrogenative_recombination | deprotonation,node_0090,,C,3,-2,H,,,,0.4,0.72,0.458,0.6280000000000001,12,1,12
node_0626,COC,Cyclic Olefin Copolymer,C18H28,"{""C"": 18, ""H"": 28}",244.21910090244,positive,1,recombination,electron_loss,node_0008 + node_0022 | single_dehydrogenative_recombination | electron_loss,node_0091,,C,3,-1,H,,,,0.4,0.55,0.37000000000000005,0.6080000000000001,19,1,19
node_0627,COC,Cyclic Olefin Copolymer,C18H28,"{""C"": 18, ""H"": 28}",244.21910090244,negative,-1,recombination,electron_gain,node_0008 + node_0022 | single_dehydrogenative_recombination | electron_gain,node_0091,,C,3,-1,H,,,,0.4,0.55,0.37000000000000005,0.6260000000000001,27,1,27
node_0628,COC,Cyclic Olefin Copolymer,C18H29,"{""C"": 18, ""H"": 29}",245.22692593467,positive,1,recombination,protonation,node_0008 + node_0022 | single_dehydrogenative_recombination | protonation,node_0091,,C,3,0,H,,,,0.4,0.72,0.468,0.6559999999999999,27,1,27
node_0629,COC,Cyclic Olefin Copolymer,C18H27,"{""C"": 18, ""H"": 27}",243.21127587021,negative,-1,recombination,deprotonation,node_0008 + node_0022 | single_dehydrogenative_recombination | deprotonation,node_0091,,C,3,-2,H,,,,0.4,0.72,0.40800000000000003,0.5960000000000001,19,1,19
node_0630,COC,Cyclic Olefin Copolymer,C17H25,"{""C"": 17, ""H"": 25}",229.19562580575,positive,1,recombination,electron_loss,node_0008 + node_0026 | single_dehydrogenative_recombination | electron_loss,node_0092,,C,4,-1,H,,,,0.32,0.55,0.322,0.56,12,1,12
node_0631,COC,Cyclic Olefin Copolymer,C17H25,"{""C"": 17, ""H"": 25}",229.19562580575,negative,-1,recombination,electron_gain,node_0008 + node_0026 | single_dehydrogenative_recombination | electron_gain,node_0092,,C,4,-1,H,,,,0.32,0.55,0.322,0.5780000000000001,26,1,26
node_0632,COC,Cyclic Olefin Copolymer,C17H26,"{""C"": 17, ""H"": 26}",230.20345083798,positive,1,recombination,protonation,node_0008 + node_0026 | single_dehydrogenative_recombination | protonation,node_0092,,C,4,0,H,,,,0.32,0.72,0.42,0.6080000000000001,26,1,26
node_0633,COC,Cyclic Olefin Copolymer,C17H24,"{""C"": 17, ""H"": 24}",228.18780077352,negative,-1,recombination,deprotonation,node_0008 + node_0026 | single_dehydrogenative_recombination | deprotonation,node_0092,,C,4,-2,H,,,,0.32,0.72,0.36,0.548,12,1,12
node_0634,COC,Cyclic Olefin Copolymer,C15H21,"{""C"": 15, ""H"": 21}",201.16432567683,positive,1,recombination,electron_loss,node_0008 + node_0028 | single_dehydrogenative_recombination | electron_loss,node_0093,,C,4,-1,H,,,,0.32,0.55,0.322,0.56,6,1,6
node_0635,COC,Cyclic Olefin Copolymer,C15H21,"{""C"": 15, ""H"": 21}",201.16432567683,negative,-1,recombination,electron_gain,node_0008 + node_0028 | single_dehydrogenative_recombination | electron_gain,node_0093,,C,4,-1,H,,,,0.32,0.55,0.322,0.56,8,1,8
node_0636,COC,Cyclic Olefin Copolymer,C15H22,"{""C"": 15, ""H"": 22}",202.17215070906,positive,1,recombination,protonation,node_0008 + node_0028 | single_dehydrogenative_recombination | protonation,node_0093,,C,4,0,H,,,,0.32,0.72,0.42,0.5900000000000001,8,1,8
node_0637,COC,Cyclic Olefin Copolymer,C15H20,"{""C"": 15, ""H"": 20}",200.1565006446,negative,-1,recombination,deprotonation,node_0008 + node_0028 | single_dehydrogenative_recombination | deprotonation,node_0093,,C,4,-2,H,,,,0.32,0.72,0.36,0.53,6,1,6
node_0638,COC,Cyclic Olefin Copolymer,C16H23,"{""C"": 16, ""H"": 23}",215.17997574129,positive,1,recombination,electron_loss,node_0008 + node_0030 | single_dehydrogenative_recombination | electron_loss,node_0094,,C,4,-1,H,,,,0.32,0.55,0.322,0.56,8,1,8
node_0639,COC,Cyclic Olefin Copolymer,C16H23,"{""C"": 16, ""H"": 23}",215.17997574129,negative,-1,recombination,electron_gain,node_0008 + node_0030 | single_dehydrogenative_recombination | electron_gain,node_0094,,C,4,-1,H,,,,0.32,0.55,0.322,0.5780000000000001,14,1,14
node_0640,COC,Cyclic Olefin Copolymer,C16H24,"{""C"": 16, ""H"": 24}",216.18780077352,positive,1,recombination,protonation,node_0008 + node_0030 | single_dehydrogenative_recombination | protonation,node_0094,,C,4,0,H,,,,0.32,0.72,0.42,0.6080000000000001,14,1,14
node_0641,COC,Cyclic Olefin Copolymer,C16H22,"{""C"": 16, ""H"": 22}",214.17215070906,negative,-1,recombination,deprotonation,node_0008 + node_0030 | single_dehydrogenative_recombination | deprotonation,node_0094,,C,4,-2,H,,,,0.32,0.72,0.36,0.548,8,1,8
node_0642,COC,Cyclic Olefin Copolymer,C19H30,"{""C"": 19, ""H"": 30}",258.2347509669,positive,1,recombination,electron_loss,node_0009 + node_0012 | single_dehydrogenative_recombination | electron_loss,node_0095,,C,3,-1,H,,,,0.4,0.55,0.37000000000000005,0.6080000000000001,10,1,10
node_0643,COC,Cyclic Olefin Copolymer,C19H30,"{""C"": 19, ""H"": 30}",258.2347509669,negative,-1,recombination,electron_gain,node_0009 + node_0012 | single_dehydrogenative_recombination | electron_gain,node_0095,,C,3,-1,H,,,,0.4,0.55,0.37000000000000005,0.6260000000000001,20,1,20
node_0644,COC,Cyclic Olefin Copolymer,C19H31,"{""C"": 19, ""H"": 31}",259.24257599913,positive,1,recombination,protonation,node_0009 + node_0012 | single_dehydrogenative_recombination | protonation,node_0095,,C,3,0,H,,,,0.4,0.72,0.468,0.6559999999999999,20,1,20
node_0645,COC,Cyclic Olefin Copolymer,C19H29,"{""C"": 19, ""H"": 29}",257.22692593467,negative,-1,recombination,deprotonation,node_0009 + node_0012 | single_dehydrogenative_recombination | deprotonation,node_0095,,C,3,-2,H,,,,0.4,0.72,0.40800000000000003,0.5960000000000001,10,1,10
node_0646,COC,Cyclic Olefin Copolymer,C11H18,"{""C"": 11, ""H"": 18}",150.14085058014,positive,1,recombination,electron_loss,node_0009 + node_0014 | single_dehydrogenative_recombination | electron_loss,node_0096,,C,3,-1,H,,,,0.4,0.55,0.42000000000000004,0.6579999999999999,10,1,10
node_0647,COC,Cyclic Olefin Copolymer,C11H18,"{""C"": 11, ""H"": 18}",150.14085058014,negative,-1,recombination,electron_gain,node_0009 + node_0014 | single_dehydrogenative_recombination | electron_gain,node_0096,,C,3,-1,H,,,,0.4,0.55,0.42000000000000004,0.6759999999999999,20,1,20
node_0648,COC,Cyclic Olefin Copolymer,C11H19,"{""C"": 11, ""H"": 19}",151.14867561237,positive,1,recombination,protonation,node_0009 + node_0014 | single_dehydrogenative_recombination | protonation,node_0096,,C,3,0,H,,,,0.4,0.72,0.518,0.706,20,1,20
node_0649,COC,Cyclic Olefin Copolymer,C11H17,"{""C"": 11, ""H"": 17}",149.13302554791,negative,-1,recombination,deprotonation,node_0009 + node_0014 | single_dehydrogenative_recombination | deprotonation,node_0096,,C,3,-2,H,,,,0.4,0.72,0.458,0.6459999999999999,10,1,10
node_0650,COC,Cyclic Olefin Copolymer,C18H28,"{""C"": 18, ""H"": 28}",244.21910090244,positive,1,recombination,electron_loss,node_0009 + node_0016 | single_dehydrogenative_recombination | electron_loss,node_0097,,C,3,-1,H,,,,0.4,0.55,0.37000000000000005,0.6080000000000001,19,1,19
node_0651,COC,Cyclic Olefin Copolymer,C18H28,"{""C"": 18, ""H"": 28}",244.21910090244,negative,-1,recombination,electron_gain,node_0009 + node_0016 | single_dehydrogenative_recombination | electron_gain,node_0097,,C,3,-1,H,,,,0.4,0.55,0.37000000000000005,0.6260000000000001,27,1,27
node_0652,COC,Cyclic Olefin Copolymer,C18H29,"{""C"": 18, ""H"": 29}",245.22692593467,positive,1,recombination,protonation,node_0009 + node_0016 | single_dehydrogenative_recombination | protonation,node_0097,,C,3,0,H,,,,0.4,0.72,0.468,0.6559999999999999,27,1,27
node_0653,COC,Cyclic Olefin Copolymer,C18H27,"{""C"": 18, ""H"": 27}",243.21127587021,negative,-1,recombination,deprotonation,node_0009 + node_0016 | single_dehydrogenative_recombination | deprotonation,node_0097,,C,3,-2,H,,,,0.4,0.72,0.40800000000000003,0.5960000000000001,19,1,19
node_0654,COC,Cyclic Olefin Copolymer,C18H28,"{""C"": 18, ""H"": 28}",244.21910090244,positive,1,recombination,electron_loss,node_0009 + node_0018 | single_dehydrogenative_recombination | electron_loss,node_0098,,C,3,-1,H,,,,0.4,0.55,0.37000000000000005,0.6080000000000001,19,1,19
node_0655,COC,Cyclic Olefin Copolymer,C18H28,"{""C"": 18, ""H"": 28}",244.21910090244,negative,-1,recombination,electron_gain,node_0009 + node_0018 | single_dehydrogenative_recombination | electron_gain,node_0098,,C,3,-1,H,,,,0.4,0.55,0.37000000000000005,0.6260000000000001,27,1,27
node_0656,COC,Cyclic Olefin Copolymer,C18H29,"{""C"": 18, ""H"": 29}",245.22692593467,positive,1,recombination,protonation,node_0009 + node_0018 | single_dehydrogenative_recombination | protonation,node_0098,,C,3,0,H,,,,0.4,0.72,0.468,0.6559999999999999,27,1,27
node_0657,COC,Cyclic Olefin Copolymer,C18H27,"{""C"": 18, ""H"": 27}",243.21127587021,negative,-1,recombination,deprotonation,node_0009 + node_0018 | single_dehydrogenative_recombination | deprotonation,node_0098,,C,3,-2,H,,,,0.4,0.72,0.40800000000000003,0.5960000000000001,19,1,19
node_0658,COC,Cyclic Olefin Copolymer,C11H18,"{""C"": 11, ""H"": 18}",150.14085058014,positive,1,recombination,electron_loss,node_0009 + node_0020 | single_dehydrogenative_recombination | electron_loss,node_0099,,C,3,-1,H,,,,0.4,0.55,0.42000000000000004,0.6579999999999999,10,1,10
node_0659,COC,Cyclic Olefin Copolymer,C11H18,"{""C"": 11, ""H"": 18}",150.14085058014,negative,-1,recombination,electron_gain,node_0009 + node_0020 | single_dehydrogenative_recombination | electron_gain,node_0099,,C,3,-1,H,,,,0.4,0.55,0.42000000000000004,0.6759999999999999,20,1,20
node_0660,COC,Cyclic Olefin Copolymer,C11H19,"{""C"": 11, ""H"": 19}",151.14867561237,positive,1,recombination,protonation,node_0009 + node_0020 | single_dehydrogenative_recombination | protonation,node_0099,,C,3,0,H,,,,0.4,0.72,0.518,0.706,20,1,20
node_0661,COC,Cyclic Olefin Copolymer,C11H17,"{""C"": 11, ""H"": 17}",149.13302554791,negative,-1,recombination,deprotonation,node_0009 + node_0020 | single_dehydrogenative_recombination | deprotonation,node_0099,,C,3,-2,H,,,,0.4,0.72,0.458,0.6459999999999999,10,1,10
node_0662,COC,Cyclic Olefin Copolymer,C19H30,"{""C"": 19, ""H"": 30}",258.2347509669,positive,1,recombination,electron_loss,node_0009 + node_0022 | single_dehydrogenative_recombination | electron_loss,node_0100,,C,3,-1,H,,,,0.4,0.55,0.37000000000000005,0.6080000000000001,10,1,10
node_0663,COC,Cyclic Olefin Copolymer,C19H30,"{""C"": 19, ""H"": 30}",258.2347509669,negative,-1,recombination,electron_gain,node_0009 + node_0022 | single_dehydrogenative_recombination | electron_gain,node_0100,,C,3,-1,H,,,,0.4,0.55,0.37000000000000005,0.6260000000000001,20,1,20
node_0664,COC,Cyclic Olefin Copolymer,C19H31,"{""C"": 19, ""H"": 31}",259.24257599913,positive,1,recombination,protonation,node_0009 + node_0022 | single_dehydrogenative_recombination | protonation,node_0100,,C,3,0,H,,,,0.4,0.72,0.468,0.6559999999999999,20,1,20
node_0665,COC,Cyclic Olefin Copolymer,C19H29,"{""C"": 19, ""H"": 29}",257.22692593467,negative,-1,recombination,deprotonation,node_0009 + node_0022 | single_dehydrogenative_recombination | deprotonation,node_0100,,C,3,-2,H,,,,0.4,0.72,0.40800000000000003,0.5960000000000001,10,1,10
node_0666,COC,Cyclic Olefin Copolymer,C17H25,"{""C"": 17, ""H"": 25}",229.19562580575,positive,1,recombination,electron_loss,node_0009 + node_0024 | single_dehydrogenative_recombination | electron_loss,node_0101,,C,4,-1,H,,,,0.32,0.55,0.322,0.56,12,1,12
node_0667,COC,Cyclic Olefin Copolymer,C17H25,"{""C"": 17, ""H"": 25}",229.19562580575,negative,-1,recombination,electron_gain,node_0009 + node_0024 | single_dehydrogenative_recombination | electron_gain,node_0101,,C,4,-1,H,,,,0.32,0.55,0.322,0.5780000000000001,26,1,26
node_0668,COC,Cyclic Olefin Copolymer,C17H26,"{""C"": 17, ""H"": 26}",230.20345083798,positive,1,recombination,protonation,node_0009 + node_0024 | single_dehydrogenative_recombination | protonation,node_0101,,C,4,0,H,,,,0.32,0.72,0.42,0.6080000000000001,26,1,26
node_0669,COC,Cyclic Olefin Copolymer,C17H24,"{""C"": 17, ""H"": 24}",228.18780077352,negative,-1,recombination,deprotonation,node_0009 + node_0024 | single_dehydrogenative_recombination | deprotonation,node_0101,,C,4,-2,H,,,,0.32,0.72,0.36,0.548,12,1,12
node_0670,COC,Cyclic Olefin Copolymer,C16H23,"{""C"": 16, ""H"": 23}",215.17997574129,positive,1,recombination,electron_loss,node_0009 + node_0028 | single_dehydrogenative_recombination | electron_loss,node_0102,,C,4,-1,H,,,,0.32,0.55,0.322,0.56,8,1,8
node_0671,COC,Cyclic Olefin Copolymer,C16H23,"{""C"": 16, ""H"": 23}",215.17997574129,negative,-1,recombination,electron_gain,node_0009 + node_0028 | single_dehydrogenative_recombination | electron_gain,node_0102,,C,4,-1,H,,,,0.32,0.55,0.322,0.5780000000000001,14,1,14
node_0672,COC,Cyclic Olefin Copolymer,C16H24,"{""C"": 16, ""H"": 24}",216.18780077352,positive,1,recombination,protonation,node_0009 + node_0028 | single_dehydrogenative_recombination | protonation,node_0102,,C,4,0,H,,,,0.32,0.72,0.42,0.6080000000000001,14,1,14
node_0673,COC,Cyclic Olefin Copolymer,C16H22,"{""C"": 16, ""H"": 22}",214.17215070906,negative,-1,recombination,deprotonation,node_0009 + node_0028 | single_dehydrogenative_recombination | deprotonation,node_0102,,C,4,-2,H,,,,0.32,0.72,0.36,0.548,8,1,8
node_0674,COC,Cyclic Olefin Copolymer,C17H25,"{""C"": 17, ""H"": 25}",229.19562580575,positive,1,recombination,electron_loss,node_0009 + node_0030 | single_dehydrogenative_recombination | electron_loss,node_0103,,C,4,-1,H,,,,0.32,0.55,0.322,0.56,12,1,12
node_0675,COC,Cyclic Olefin Copolymer,C17H25,"{""C"": 17, ""H"": 25}",229.19562580575,negative,-1,recombination,electron_gain,node_0009 + node_0030 | single_dehydrogenative_recombination | electron_gain,node_0103,,C,4,-1,H,,,,0.32,0.55,0.322,0.5780000000000001,26,1,26
node_0676,COC,Cyclic Olefin Copolymer,C17H26,"{""C"": 17, ""H"": 26}",230.20345083798,positive,1,recombination,protonation,node_0009 + node_0030 | single_dehydrogenative_recombination | protonation,node_0103,,C,4,0,H,,,,0.32,0.72,0.42,0.6080000000000001,26,1,26
node_0677,COC,Cyclic Olefin Copolymer,C17H24,"{""C"": 17, ""H"": 24}",228.18780077352,negative,-1,recombination,deprotonation,node_0009 + node_0030 | single_dehydrogenative_recombination | deprotonation,node_0103,,C,4,-2,H,,,,0.32,0.72,0.36,0.548,12,1,12
node_0678,COC,Cyclic Olefin Copolymer,C17H26,"{""C"": 17, ""H"": 26}",230.20345083798,positive,1,recombination,electron_loss,node_0010 + node_0012 | single_dehydrogenative_recombination | electron_loss,node_0104,,C,3,-1,H,,,,0.4,0.55,0.37000000000000005,0.6080000000000001,26,1,26
node_0679,COC,Cyclic Olefin Copolymer,C17H26,"{""C"": 17, ""H"": 26}",230.20345083798,negative,-1,recombination,electron_gain,node_0010 + node_0012 | single_dehydrogenative_recombination | electron_gain,node_0104,,C,3,-1,H,,,,0.4,0.55,0.37000000000000005,0.6080000000000001,28,1,28
node_0680,COC,Cyclic Olefin Copolymer,C17H27,"{""C"": 17, ""H"": 27}",231.21127587021,positive,1,recombination,protonation,node_0010 + node_0012 | single_dehydrogenative_recombination | protonation,node_0104,,C,3,0,H,,,,0.4,0.72,0.468,0.6380000000000001,28,1,28
node_0681,COC,Cyclic Olefin Copolymer,C17H25,"{""C"": 17, ""H"": 25}",229.19562580575,negative,-1,recombination,deprotonation,node_0010 + node_0012 | single_dehydrogenative_recombination | deprotonation,node_0104,,C,3,-2,H,,,,0.4,0.72,0.40800000000000003,0.5780000000000001,26,1,26
node_0682,COC,Cyclic Olefin Copolymer,C9H14,"{""C"": 9, ""H"": 14}",122.10955045122,positive,1,recombination,electron_loss,node_0010 + node_0014 | single_dehydrogenative_recombination | electron_loss,node_0105,,C,3,-1,H,,,,0.4,0.55,0.42000000000000004,0.8560000000000001,9,3,9
node_0683,COC,Cyclic Olefin Copolymer,C9H14,"{""C"": 9, ""H"": 14}",122.10955045122,negative,-1,recombination,electron_gain,node_0010 + node_0014 | single_dehydrogenative_recombination | electron_gain,node_0105,,C,3,-1,H,,,,0.4,0.55,0.42000000000000004,0.942,13,3,11
node_0684,COC,Cyclic Olefin Copolymer,C9H15,"{""C"": 9, ""H"": 15}",123.11737548345,positive,1,recombination,protonation,node_0010 + node_0014 | single_dehydrogenative_recombination | protonation,node_0105,,C,3,0,H,,,,0.4,0.72,0.518,0.9040000000000001,12,3,11
node_0685,COC,Cyclic Olefin Copolymer,C9H13,"{""C"": 9, ""H"": 13}",121.10172541899,negative,-1,recombination,deprotonation,node_0010 + node_0014 | single_dehydrogenative_recombination | deprotonation,node_0105,,C,3,-2,H,,,,0.4,0.72,0.458,0.8939999999999999,8,3,7
node_0686,COC,Cyclic Olefin Copolymer,C16H24,"{""C"": 16, ""H"": 24}",216.18780077352,positive,1,recombination,electron_loss,node_0010 + node_0016 | single_dehydrogenative_recombination | electron_loss,node_0106,,C,3,-1,H,,,,0.4,0.55,0.37000000000000005,0.6080000000000001,14,1,14
node_0687,COC,Cyclic Olefin Copolymer,C16H24,"{""C"": 16, ""H"": 24}",216.18780077352,negative,-1,recombination,electron_gain,node_0010 + node_0016 | single_dehydrogenative_recombination | electron_gain,node_0106,,C,3,-1,H,,,,0.4,0.55,0.37000000000000005,0.6080000000000001,12,1,12
node_0688,COC,Cyclic Olefin Copolymer,C16H25,"{""C"": 16, ""H"": 25}",217.19562580575,positive,1,recombination,protonation,node_0010 + node_0016 | single_dehydrogenative_recombination | protonation,node_0106,,C,3,0,H,,,,0.4,0.72,0.468,0.6380000000000001,12,1,12
node_0689,COC,Cyclic Olefin Copolymer,C16H23,"{""C"": 16, ""H"": 23}",215.17997574129,negative,-1,recombination,deprotonation,node_0010 + node_0016 | single_dehydrogenative_recombination | deprotonation,node_0106,,C,3,-2,H,,,,0.4,0.72,0.40800000000000003,0.5780000000000001,14,1,14
node_0690,COC,Cyclic Olefin Copolymer,C16H24,"{""C"": 16, ""H"": 24}",216.18780077352,positive,1,recombination,electron_loss,node_0010 + node_0018 | single_dehydrogenative_recombination | electron_loss,node_0107,,C,3,-1,H,,,,0.4,0.55,0.37000000000000005,0.6080000000000001,14,1,14
node_0691,COC,Cyclic Olefin Copolymer,C16H24,"{""C"": 16, ""H"": 24}",216.18780077352,negative,-1,recombination,electron_gain,node_0010 + node_0018 | single_dehydrogenative_recombination | electron_gain,node_0107,,C,3,-1,H,,,,0.4,0.55,0.37000000000000005,0.6080000000000001,12,1,12
node_0692,COC,Cyclic Olefin Copolymer,C16H25,"{""C"": 16, ""H"": 25}",217.19562580575,positive,1,recombination,protonation,node_0010 + node_0018 | single_dehydrogenative_recombination | protonation,node_0107,,C,3,0,H,,,,0.4,0.72,0.468,0.6380000000000001,12,1,12
node_0693,COC,Cyclic Olefin Copolymer,C16H23,"{""C"": 16, ""H"": 23}",215.17997574129,negative,-1,recombination,deprotonation,node_0010 + node_0018 | single_dehydrogenative_recombination | deprotonation,node_0107,,C,3,-2,H,,,,0.4,0.72,0.40800000000000003,0.5780000000000001,14,1,14
node_0694,COC,Cyclic Olefin Copolymer,C9H14,"{""C"": 9, ""H"": 14}",122.10955045122,positive,1,recombination,electron_loss,node_0010 + node_0020 | single_dehydrogenative_recombination | electron_loss,node_0108,,C,3,-1,H,,,,0.4,0.55,0.42000000000000004,0.8560000000000001,9,3,9
node_0695,COC,Cyclic Olefin Copolymer,C9H14,"{""C"": 9, ""H"": 14}",122.10955045122,negative,-1,recombination,electron_gain,node_0010 + node_0020 | single_dehydrogenative_recombination | electron_gain,node_0108,,C,3,-1,H,,,,0.4,0.55,0.42000000000000004,0.942,13,3,11
node_0696,COC,Cyclic Olefin Copolymer,C9H15,"{""C"": 9, ""H"": 15}",123.11737548345,positive,1,recombination,protonation,node_0010 + node_0020 | single_dehydrogenative_recombination | protonation,node_0108,,C,3,0,H,,,,0.4,0.72,0.518,0.9040000000000001,12,3,11
node_0697,COC,Cyclic Olefin Copolymer,C9H13,"{""C"": 9, ""H"": 13}",121.10172541899,negative,-1,recombination,deprotonation,node_0010 + node_0020 | single_dehydrogenative_recombination | deprotonation,node_0108,,C,3,-2,H,,,,0.4,0.72,0.458,0.8939999999999999,8,3,7
node_0698,COC,Cyclic Olefin Copolymer,C17H26,"{""C"": 17, ""H"": 26}",230.20345083798,positive,1,recombination,electron_loss,node_0010 + node_0022 | single_dehydrogenative_recombination | electron_loss,node_0109,,C,3,-1,H,,,,0.4,0.55,0.37000000000000005,0.6080000000000001,26,1,26
node_0699,COC,Cyclic Olefin Copolymer,C17H26,"{""C"": 17, ""H"": 26}",230.20345083798,negative,-1,recombination,electron_gain,node_0010 + node_0022 | single_dehydrogenative_recombination | electron_gain,node_0109,,C,3,-1,H,,,,0.4,0.55,0.37000000000000005,0.6080000000000001,28,1,28
node_0700,COC,Cyclic Olefin Copolymer,C17H27,"{""C"": 17, ""H"": 27}",231.21127587021,positive,1,recombination,protonation,node_0010 + node_0022 | single_dehydrogenative_recombination | protonation,node_0109,,C,3,0,H,,,,0.4,0.72,0.468,0.6380000000000001,28,1,28
node_0701,COC,Cyclic Olefin Copolymer,C17H25,"{""C"": 17, ""H"": 25}",229.19562580575,negative,-1,recombination,deprotonation,node_0010 + node_0022 | single_dehydrogenative_recombination | deprotonation,node_0109,,C,3,-2,H,,,,0.4,0.72,0.40800000000000003,0.5780000000000001,26,1,26
node_0702,COC,Cyclic Olefin Copolymer,C15H21,"{""C"": 15, ""H"": 21}",201.16432567683,positive,1,recombination,electron_loss,node_0010 + node_0024 | single_dehydrogenative_recombination | electron_loss,node_0110,,C,4,-1,H,,,,0.32,0.55,0.322,0.56,6,1,6
node_0703,COC,Cyclic Olefin Copolymer,C15H21,"{""C"": 15, ""H"": 21}",201.16432567683,negative,-1,recombination,electron_gain,node_0010 + node_0024 | single_dehydrogenative_recombination | electron_gain,node_0110,,C,4,-1,H,,,,0.32,0.55,0.322,0.56,8,1,8
node_0704,COC,Cyclic Olefin Copolymer,C15H22,"{""C"": 15, ""H"": 22}",202.17215070906,positive,1,recombination,protonation,node_0010 + node_0024 | single_dehydrogenative_recombination | protonation,node_0110,,C,4,0,H,,,,0.32,0.72,0.42,0.5900000000000001,8,1,8
node_0705,COC,Cyclic Olefin Copolymer,C15H20,"{""C"": 15, ""H"": 20}",200.1565006446,negative,-1,recombination,deprotonation,node_0010 + node_0024 | single_dehydrogenative_recombination | deprotonation,node_0110,,C,4,-2,H,,,,0.32,0.72,0.36,0.53,6,1,6
node_0706,COC,Cyclic Olefin Copolymer,C16H23,"{""C"": 16, ""H"": 23}",215.17997574129,positive,1,recombination,electron_loss,node_0010 + node_0026 | single_dehydrogenative_recombination | electron_loss,node_0111,,C,4,-1,H,,,,0.32,0.55,0.322,0.56,8,1,8
node_0707,COC,Cyclic Olefin Copolymer,C16H23,"{""C"": 16, ""H"": 23}",215.17997574129,negative,-1,recombination,electron_gain,node_0010 + node_0026 | single_dehydrogenative_recombination | electron_gain,node_0111,,C,4,-1,H,,,,0.32,0.55,0.322,0.5780000000000001,14,1,14
node_0708,COC,Cyclic Olefin Copolymer,C16H24,"{""C"": 16, ""H"": 24}",216.18780077352,positive,1,recombination,protonation,node_0010 + node_0026 | single_dehydrogenative_recombination | protonation,node_0111,,C,4,0,H,,,,0.32,0.72,0.42,0.6080000000000001,14,1,14
node_0709,COC,Cyclic Olefin Copolymer,C16H22,"{""C"": 16, ""H"": 22}",214.17215070906,negative,-1,recombination,deprotonation,node_0010 + node_0026 | single_dehydrogenative_recombination | deprotonation,node_0111,,C,4,-2,H,,,,0.32,0.72,0.36,0.548,8,1,8
node_0710,COC,Cyclic Olefin Copolymer,C15H21,"{""C"": 15, ""H"": 21}",201.16432567683,positive,1,recombination,electron_loss,node_0010 + node_0030 | single_dehydrogenative_recombination | electron_loss,node_0112,,C,4,-1,H,,,,0.32,0.55,0.322,0.56,6,1,6
node_0711,COC,Cyclic Olefin Copolymer,C15H21,"{""C"": 15, ""H"": 21}",201.16432567683,negative,-1,recombination,electron_gain,node_0010 + node_0030 | single_dehydrogenative_recombination | electron_gain,node_0112,,C,4,-1,H,,,,0.32,0.55,0.322,0.56,8,1,8
node_0712,COC,Cyclic Olefin Copolymer,C15H22,"{""C"": 15, ""H"": 22}",202.17215070906,positive,1,recombination,protonation,node_0010 + node_0030 | single_dehydrogenative_recombination | protonation,node_0112,,C,4,0,H,,,,0.32,0.72,0.42,0.5900000000000001,8,1,8
node_0713,COC,Cyclic Olefin Copolymer,C15H20,"{""C"": 15, ""H"": 20}",200.1565006446,negative,-1,recombination,deprotonation,node_0010 + node_0030 | single_dehydrogenative_recombination | deprotonation,node_0112,,C,4,-2,H,,,,0.32,0.72,0.36,0.53,6,1,6
node_0714,COC,Cyclic Olefin Copolymer,C18H28,"{""C"": 18, ""H"": 28}",244.21910090244,positive,1,recombination,electron_loss,node_0011 + node_0012 | single_dehydrogenative_recombination | electron_loss,node_0113,,C,3,-1,H,,,,0.4,0.55,0.37000000000000005,0.6080000000000001,19,1,19
node_0715,COC,Cyclic Olefin Copolymer,C18H28,"{""C"": 18, ""H"": 28}",244.21910090244,negative,-1,recombination,electron_gain,node_0011 + node_0012 | single_dehydrogenative_recombination | electron_gain,node_0113,,C,3,-1,H,,,,0.4,0.55,0.37000000000000005,0.6260000000000001,27,1,27
node_0716,COC,Cyclic Olefin Copolymer,C18H29,"{""C"": 18, ""H"": 29}",245.22692593467,positive,1,recombination,protonation,node_0011 + node_0012 | single_dehydrogenative_recombination | protonation,node_0113,,C,3,0,H,,,,0.4,0.72,0.468,0.6559999999999999,27,1,27
node_0717,COC,Cyclic Olefin Copolymer,C18H27,"{""C"": 18, ""H"": 27}",243.21127587021,negative,-1,recombination,deprotonation,node_0011 + node_0012 | single_dehydrogenative_recombination | deprotonation,node_0113,,C,3,-2,H,,,,0.4,0.72,0.40800000000000003,0.5960000000000001,19,1,19
node_0718,COC,Cyclic Olefin Copolymer,C10H16,"{""C"": 10, ""H"": 16}",136.12520051568,positive,1,recombination,electron_loss,node_0011 + node_0014 | single_dehydrogenative_recombination | electron_loss,node_0114,,C,3,-1,H,,,,0.4,0.55,0.42000000000000004,0.8200000000000001,14,2,14
node_0719,COC,Cyclic Olefin Copolymer,C10H16,"{""C"": 10, ""H"": 16}",136.12520051568,negative,-1,recombination,electron_gain,node_0011 + node_0014 | single_dehydrogenative_recombination | electron_gain,node_0114,,C,3,-1,H,,,,0.4,0.55,0.42000000000000004,0.942,20,3,18
node_0720,COC,Cyclic Olefin Copolymer,C10H17,"{""C"": 10, ""H"": 17}",137.13302554791,positive,1,recombination,protonation,node_0011 + node_0014 | single_dehydrogenative_recombination | protonation,node_0114,,C,3,0,H,,,,0.4,0.72,0.518,0.8740000000000001,18,2,18
node_0721,COC,Cyclic Olefin Copolymer,C10H15,"{""C"": 10, ""H"": 15}",135.11737548345,negative,-1,recombination,deprotonation,node_0011 + node_0014 | single_dehydrogenative_recombination | deprotonation,node_0114,,C,3,-2,H,,,,0.4,0.72,0.458,0.6280000000000001,12,1,12
node_0722,COC,Cyclic Olefin Copolymer,C17H26,"{""C"": 17, ""H"": 26}",230.20345083798,positive,1,recombination,electron_loss,node_0011 + node_0016 | single_dehydrogenative_recombination | electron_loss,node_0115,,C,3,-1,H,,,,0.4,0.55,0.37000000000000005,0.6080000000000001,26,1,26
node_0723,COC,Cyclic Olefin Copolymer,C17H26,"{""C"": 17, ""H"": 26}",230.20345083798,negative,-1,recombination,electron_gain,node_0011 + node_0016 | single_dehydrogenative_recombination | electron_gain,node_0115,,C,3,-1,H,,,,0.4,0.55,0.37000000000000005,0.6080000000000001,28,1,28
node_0724,COC,Cyclic Olefin Copolymer,C17H27,"{""C"": 17, ""H"": 27}",231.21127587021,positive,1,recombination,protonation,node_0011 + node_0016 | single_dehydrogenative_recombination | protonation,node_0115,,C,3,0,H,,,,0.4,0.72,0.468,0.6380000000000001,28,1,28
node_0725,COC,Cyclic Olefin Copolymer,C17H25,"{""C"": 17, ""H"": 25}",229.19562580575,negative,-1,recombination,deprotonation,node_0011 + node_0016 | single_dehydrogenative_recombination | deprotonation,node_0115,,C,3,-2,H,,,,0.4,0.72,0.40800000000000003,0.5780000000000001,26,1,26
node_0726,COC,Cyclic Olefin Copolymer,C17H26,"{""C"": 17, ""H"": 26}",230.20345083798,positive,1,recombination,electron_loss,node_0011 + node_0018 | single_dehydrogenative_recombination | electron_loss,node_0116,,C,3,-1,H,,,,0.4,0.55,0.37000000000000005,0.6080000000000001,26,1,26
node_0727,COC,Cyclic Olefin Copolymer,C17H26,"{""C"": 17, ""H"": 26}",230.20345083798,negative,-1,recombination,electron_gain,node_0011 + node_0018 | single_dehydrogenative_recombination | electron_gain,node_0116,,C,3,-1,H,,,,0.4,0.55,0.37000000000000005,0.6080000000000001,28,1,28
node_0728,COC,Cyclic Olefin Copolymer,C17H27,"{""C"": 17, ""H"": 27}",231.21127587021,positive,1,recombination,protonation,node_0011 + node_0018 | single_dehydrogenative_recombination | protonation,node_0116,,C,3,0,H,,,,0.4,0.72,0.468,0.6380000000000001,28,1,28
node_0729,COC,Cyclic Olefin Copolymer,C17H25,"{""C"": 17, ""H"": 25}",229.19562580575,negative,-1,recombination,deprotonation,node_0011 + node_0018 | single_dehydrogenative_recombination | deprotonation,node_0116,,C,3,-2,H,,,,0.4,0.72,0.40800000000000003,0.5780000000000001,26,1,26
node_0730,COC,Cyclic Olefin Copolymer,C10H16,"{""C"": 10, ""H"": 16}",136.12520051568,positive,1,recombination,electron_loss,node_0011 + node_0020 | single_dehydrogenative_recombination | electron_loss,node_0117,,C,3,-1,H,,,,0.4,0.55,0.42000000000000004,0.8200000000000001,14,2,14
node_0731,COC,Cyclic Olefin Copolymer,C10H16,"{""C"": 10, ""H"": 16}",136.12520051568,negative,-1,recombination,electron_gain,node_0011 + node_0020 | single_dehydrogenative_recombination | electron_gain,node_0117,,C,3,-1,H,,,,0.4,0.55,0.42000000000000004,0.942,20,3,18
node_0732,COC,Cyclic Olefin Copolymer,C10H17,"{""C"": 10, ""H"": 17}",137.13302554791,positive,1,recombination,protonation,node_0011 + node_0020 | single_dehydrogenative_recombination | protonation,node_0117,,C,3,0,H,,,,0.4,0.72,0.518,0.8740000000000001,18,2,18
node_0733,COC,Cyclic Olefin Copolymer,C10H15,"{""C"": 10, ""H"": 15}",135.11737548345,negative,-1,recombination,deprotonation,node_0011 + node_0020 | single_dehydrogenative_recombination | deprotonation,node_0117,,C,3,-2,H,,,,0.4,0.72,0.458,0.6280000000000001,12,1,12
node_0734,COC,Cyclic Olefin Copolymer,C18H28,"{""C"": 18, ""H"": 28}",244.21910090244,positive,1,recombination,electron_loss,node_0011 + node_0022 | single_dehydrogenative_recombination | electron_loss,node_0118,,C,3,-1,H,,,,0.4,0.55,0.37000000000000005,0.6080000000000001,19,1,19
node_0735,COC,Cyclic Olefin Copolymer,C18H28,"{""C"": 18, ""H"": 28}",244.21910090244,negative,-1,recombination,electron_gain,node_0011 + node_0022 | single_dehydrogenative_recombination | electron_gain,node_0118,,C,3,-1,H,,,,0.4,0.55,0.37000000000000005,0.6260000000000001,27,1,27
node_0736,COC,Cyclic Olefin Copolymer,C18H29,"{""C"": 18, ""H"": 29}",245.22692593467,positive,1,recombination,protonation,node_0011 + node_0022 | single_dehydrogenative_recombination | protonation,node_0118,,C,3,0,H,,,,0.4,0.72,0.468,0.6559999999999999,27,1,27
node_0737,COC,Cyclic Olefin Copolymer,C18H27,"{""C"": 18, ""H"": 27}",243.21127587021,negative,-1,recombination,deprotonation,node_0011 + node_0022 | single_dehydrogenative_recombination | deprotonation,node_0118,,C,3,-2,H,,,,0.4,0.72,0.40800000000000003,0.5960000000000001,19,1,19
node_0738,COC,Cyclic Olefin Copolymer,C16H23,"{""C"": 16, ""H"": 23}",215.17997574129,positive,1,recombination,electron_loss,node_0011 + node_0024 | single_dehydrogenative_recombination | electron_loss,node_0119,,C,4,-1,H,,,,0.32,0.55,0.322,0.56,8,1,8
node_0739,COC,Cyclic Olefin Copolymer,C16H23,"{""C"": 16, ""H"": 23}",215.17997574129,negative,-1,recombination,electron_gain,node_0011 + node_0024 | single_dehydrogenative_recombination | electron_gain,node_0119,,C,4,-1,H,,,,0.32,0.55,0.322,0.5780000000000001,14,1,14
node_0740,COC,Cyclic Olefin Copolymer,C16H24,"{""C"": 16, ""H"": 24}",216.18780077352,positive,1,recombination,protonation,node_0011 + node_0024 | single_dehydrogenative_recombination | protonation,node_0119,,C,4,0,H,,,,0.32,0.72,0.42,0.6080000000000001,14,1,14
node_0741,COC,Cyclic Olefin Copolymer,C16H22,"{""C"": 16, ""H"": 22}",214.17215070906,negative,-1,recombination,deprotonation,node_0011 + node_0024 | single_dehydrogenative_recombination | deprotonation,node_0119,,C,4,-2,H,,,,0.32,0.72,0.36,0.548,8,1,8
node_0742,COC,Cyclic Olefin Copolymer,C17H25,"{""C"": 17, ""H"": 25}",229.19562580575,positive,1,recombination,electron_loss,node_0011 + node_0026 | single_dehydrogenative_recombination | electron_loss,node_0120,,C,4,-1,H,,,,0.32,0.55,0.322,0.56,12,1,12
node_0743,COC,Cyclic Olefin Copolymer,C17H25,"{""C"": 17, ""H"": 25}",229.19562580575,negative,-1,recombination,electron_gain,node_0011 + node_0026 | single_dehydrogenative_recombination | electron_gain,node_0120,,C,4,-1,H,,,,0.32,0.55,0.322,0.5780000000000001,26,1,26
node_0744,COC,Cyclic Olefin Copolymer,C17H26,"{""C"": 17, ""H"": 26}",230.20345083798,positive,1,recombination,protonation,node_0011 + node_0026 | single_dehydrogenative_recombination | protonation,node_0120,,C,4,0,H,,,,0.32,0.72,0.42,0.6080000000000001,26,1,26
node_0745,COC,Cyclic Olefin Copolymer,C17H24,"{""C"": 17, ""H"": 24}",228.18780077352,negative,-1,recombination,deprotonation,node_0011 + node_0026 | single_dehydrogenative_recombination | deprotonation,node_0120,,C,4,-2,H,,,,0.32,0.72,0.36,0.548,12,1,12
node_0746,COC,Cyclic Olefin Copolymer,C15H21,"{""C"": 15, ""H"": 21}",201.16432567683,positive,1,recombination,electron_loss,node_0011 + node_0028 | single_dehydrogenative_recombination | electron_loss,node_0121,,C,4,-1,H,,,,0.32,0.55,0.322,0.56,6,1,6
node_0747,COC,Cyclic Olefin Copolymer,C15H21,"{""C"": 15, ""H"": 21}",201.16432567683,negative,-1,recombination,electron_gain,node_0011 + node_0028 | single_dehydrogenative_recombination | electron_gain,node_0121,,C,4,-1,H,,,,0.32,0.55,0.322,0.56,8,1,8
node_0748,COC,Cyclic Olefin Copolymer,C15H22,"{""C"": 15, ""H"": 22}",202.17215070906,positive,1,recombination,protonation,node_0011 + node_0028 | single_dehydrogenative_recombination | protonation,node_0121,,C,4,0,H,,,,0.32,0.72,0.42,0.5900000000000001,8,1,8
node_0749,COC,Cyclic Olefin Copolymer,C15H20,"{""C"": 15, ""H"": 20}",200.1565006446,negative,-1,recombination,deprotonation,node_0011 + node_0028 | single_dehydrogenative_recombination | deprotonation,node_0121,,C,4,-2,H,,,,0.32,0.72,0.36,0.53,6,1,6
node_0750,COC,Cyclic Olefin Copolymer,C12H20,"{""C"": 12, ""H"": 20}",164.1565006446,positive,1,recombination,electron_loss,node_0012 + node_0014 | dehydrogenative_coupling | electron_loss,node_0122,,C,2,-2,H2,,,,0.48,0.55,0.438,0.6080000000000001,4,1,4
node_0751,COC,Cyclic Olefin Copolymer,C12H20,"{""C"": 12, ""H"": 20}",164.1565006446,negative,-1,recombination,electron_gain,node_0012 + node_0014 | dehydrogenative_coupling | electron_gain,node_0122,,C,2,-2,H2,,,,0.48,0.55,0.438,0.6759999999999999,12,1,12
node_0752,COC,Cyclic Olefin Copolymer,C12H21,"{""C"": 12, ""H"": 21}",165.16432567683,positive,1,recombination,protonation,node_0012 + node_0014 | dehydrogenative_coupling | protonation,node_0122,,C,2,-1,H2,,,,0.48,0.72,0.5359999999999999,0.706,12,1,12
node_0753,COC,Cyclic Olefin Copolymer,C12H19,"{""C"": 12, ""H"": 19}",163.14867561237,negative,-1,recombination,deprotonation,node_0012 + node_0014 | dehydrogenative_coupling | deprotonation,node_0122,,C,2,-3,H2,,,,0.48,0.72,0.476,0.6459999999999999,4,1,4
node_0754,COC,Cyclic Olefin Copolymer,C12H22,"{""C"": 12, ""H"": 22}",166.17215070906,positive,1,recombination,electron_loss,node_0012 + node_0015 | h_transfer_recombination | electron_loss,node_0123,,C,2,0,,,,,0.48,0.55,0.498,0.736,16,1,16
node_0755,COC,Cyclic Olefin Copolymer,C12H22,"{""C"": 12, ""H"": 22}",166.17215070906,negative,-1,recombination,electron_gain,node_0012 + node_0015 | h_transfer_recombination | electron_gain,node_0123,,C,2,0,,,,,0.48,0.55,0.498,0.6679999999999999,8,1,8
node_0756,COC,Cyclic Olefin Copolymer,C12H23,"{""C"": 12, ""H"": 23}",167.17997574129,positive,1,recombination,protonation,node_0012 + node_0015 | h_transfer_recombination | protonation,node_0123,,C,2,1,,,,,0.48,0.72,0.5359999999999999,0.706,8,1,8
node_0757,COC,Cyclic Olefin Copolymer,C12H21,"{""C"": 12, ""H"": 21}",165.16432567683,negative,-1,recombination,deprotonation,node_0012 + node_0015 | h_transfer_recombination | deprotonation,node_0123,,C,2,-1,,,,,0.48,0.72,0.5359999999999999,0.706,16,1,16
node_0758,COC,Cyclic Olefin Copolymer,C19H30,"{""C"": 19, ""H"": 30}",258.2347509669,positive,1,recombination,electron_loss,node_0012 + node_0016 | dehydrogenative_coupling | electron_loss,node_0124,,C,2,-2,H2,,,,0.48,0.55,0.388,0.6080000000000001,10,1,10
node_0759,COC,Cyclic Olefin Copolymer,C19H30,"{""C"": 19, ""H"": 30}",258.2347509669,negative,-1,recombination,electron_gain,node_0012 + node_0016 | dehydrogenative_coupling | electron_gain,node_0124,,C,2,-2,H2,,,,0.48,0.55,0.388,0.6260000000000001,20,1,20
node_0760,COC,Cyclic Olefin Copolymer,C19H31,"{""C"": 19, ""H"": 31}",259.24257599913,positive,1,recombination,protonation,node_0012 + node_0016 | dehydrogenative_coupling | protonation,node_0124,,C,2,-1,H2,,,,0.48,0.72,0.48599999999999993,0.6559999999999999,20,1,20
node_0761,COC,Cyclic Olefin Copolymer,C19H29,"{""C"": 19, ""H"": 29}",257.22692593467,negative,-1,recombination,deprotonation,node_0012 + node_0016 | dehydrogenative_coupling | deprotonation,node_0124,,C,2,-3,H2,,,,0.48,0.72,0.426,0.5960000000000001,10,1,10
node_0762,COC,Cyclic Olefin Copolymer,C19H32,"{""C"": 19, ""H"": 32}",260.25040103136,positive,1,recombination,electron_loss,node_0012 + node_0017 | h_transfer_recombination | electron_loss,node_0125,,C,2,0,,,,,0.48,0.55,0.448,0.6859999999999999,20,1,20
node_0763,COC,Cyclic Olefin Copolymer,C19H32,"{""C"": 19, ""H"": 32}",260.25040103136,negative,-1,recombination,electron_gain,node_0012 + node_0017 | h_transfer_recombination | electron_gain,node_0125,,C,2,0,,,,,0.48,0.55,0.448,0.6180000000000001,8,1,8
node_0764,COC,Cyclic Olefin Copolymer,C19H33,"{""C"": 19, ""H"": 33}",261.25822606359,positive,1,recombination,protonation,node_0012 + node_0017 | h_transfer_recombination | protonation,node_0125,,C,2,1,,,,,0.48,0.72,0.48599999999999993,0.6559999999999999,8,1,8
node_0765,COC,Cyclic Olefin Copolymer,C19H31,"{""C"": 19, ""H"": 31}",259.24257599913,negative,-1,recombination,deprotonation,node_0012 + node_0017 | h_transfer_recombination | deprotonation,node_0125,,C,2,-1,,,,,0.48,0.72,0.48599999999999993,0.6559999999999999,20,1,20
node_0766,COC,Cyclic Olefin Copolymer,C19H30,"{""C"": 19, ""H"": 30}",258.2347509669,positive,1,recombination,electron_loss,node_0012 + node_0018 | dehydrogenative_coupling | electron_loss,node_0126,,C,2,-2,H2,,,,0.48,0.55,0.388,0.6080000000000001,10,1,10
node_0767,COC,Cyclic Olefin Copolymer,C19H30,"{""C"": 19, ""H"": 30}",258.2347509669,negative,-1,recombination,electron_gain,node_0012 + node_0018 | dehydrogenative_coupling | electron_gain,node_0126,,C,2,-2,H2,,,,0.48,0.55,0.388,0.6260000000000001,20,1,20
node_0768,COC,Cyclic Olefin Copolymer,C19H31,"{""C"": 19, ""H"": 31}",259.24257599913,positive,1,recombination,protonation,node_0012 + node_0018 | dehydrogenative_coupling | protonation,node_0126,,C,2,-1,H2,,,,0.48,0.72,0.48599999999999993,0.6559999999999999,20,1,20
node_0769,COC,Cyclic Olefin Copolymer,C19H29,"{""C"": 19, ""H"": 29}",257.22692593467,negative,-1,recombination,deprotonation,node_0012 + node_0018 | dehydrogenative_coupling | deprotonation,node_0126,,C,2,-3,H2,,,,0.48,0.72,0.426,0.5960000000000001,10,1,10
node_0770,COC,Cyclic Olefin Copolymer,C19H32,"{""C"": 19, ""H"": 32}",260.25040103136,positive,1,recombination,electron_loss,node_0012 + node_0019 | h_transfer_recombination | electron_loss,node_0127,,C,2,0,,,,,0.48,0.55,0.448,0.6859999999999999,20,1,20
node_0771,COC,Cyclic Olefin Copolymer,C19H32,"{""C"": 19, ""H"": 32}",260.25040103136,negative,-1,recombination,electron_gain,node_0012 + node_0019 | h_transfer_recombination | electron_gain,node_0127,,C,2,0,,,,,0.48,0.55,0.448,0.6180000000000001,8,1,8
node_0772,COC,Cyclic Olefin Copolymer,C19H33,"{""C"": 19, ""H"": 33}",261.25822606359,positive,1,recombination,protonation,node_0012 + node_0019 | h_transfer_recombination | protonation,node_0127,,C,2,1,,,,,0.48,0.72,0.48599999999999993,0.6559999999999999,8,1,8
node_0773,COC,Cyclic Olefin Copolymer,C19H31,"{""C"": 19, ""H"": 31}",259.24257599913,negative,-1,recombination,deprotonation,node_0012 + node_0019 | h_transfer_recombination | deprotonation,node_0127,,C,2,-1,,,,,0.48,0.72,0.48599999999999993,0.6559999999999999,20,1,20
node_0774,COC,Cyclic Olefin Copolymer,C12H20,"{""C"": 12, ""H"": 20}",164.1565006446,positive,1,recombination,electron_loss,node_0012 + node_0020 | dehydrogenative_coupling | electron_loss,node_0128,,C,2,-2,H2,,,,0.48,0.55,0.438,0.6080000000000001,4,1,4
node_0775,COC,Cyclic Olefin Copolymer,C12H20,"{""C"": 12, ""H"": 20}",164.1565006446,negative,-1,recombination,electron_gain,node_0012 + node_0020 | dehydrogenative_coupling | electron_gain,node_0128,,C,2,-2,H2,,,,0.48,0.55,0.438,0.6759999999999999,12,1,12
node_0776,COC,Cyclic Olefin Copolymer,C12H21,"{""C"": 12, ""H"": 21}",165.16432567683,positive,1,recombination,protonation,node_0012 + node_0020 | dehydrogenative_coupling | protonation,node_0128,,C,2,-1,H2,,,,0.48,0.72,0.5359999999999999,0.706,12,1,12
node_0777,COC,Cyclic Olefin Copolymer,C12H19,"{""C"": 12, ""H"": 19}",163.14867561237,negative,-1,recombination,deprotonation,node_0012 + node_0020 | dehydrogenative_coupling | deprotonation,node_0128,,C,2,-3,H2,,,,0.48,0.72,0.476,0.6459999999999999,4,1,4
node_0778,COC,Cyclic Olefin Copolymer,C12H22,"{""C"": 12, ""H"": 22}",166.17215070906,positive,1,recombination,electron_loss,node_0012 + node_0021 | h_transfer_recombination | electron_loss,node_0129,,C,2,0,,,,,0.48,0.55,0.498,0.736,16,1,16
node_0779,COC,Cyclic Olefin Copolymer,C12H22,"{""C"": 12, ""H"": 22}",166.17215070906,negative,-1,recombination,electron_gain,node_0012 + node_0021 | h_transfer_recombination | electron_gain,node_0129,,C,2,0,,,,,0.48,0.55,0.498,0.6679999999999999,8,1,8
node_0780,COC,Cyclic Olefin Copolymer,C12H23,"{""C"": 12, ""H"": 23}",167.17997574129,positive,1,recombination,protonation,node_0012 + node_0021 | h_transfer_recombination | protonation,node_0129,,C,2,1,,,,,0.48,0.72,0.5359999999999999,0.706,8,1,8
node_0781,COC,Cyclic Olefin Copolymer,C12H21,"{""C"": 12, ""H"": 21}",165.16432567683,negative,-1,recombination,deprotonation,node_0012 + node_0021 | h_transfer_recombination | deprotonation,node_0129,,C,2,-1,,,,,0.48,0.72,0.5359999999999999,0.706,16,1,16
node_0782,COC,Cyclic Olefin Copolymer,C20H32,"{""C"": 20, ""H"": 32}",272.25040103136,positive,1,recombination,electron_loss,node_0012 + node_0022 | dehydrogenative_coupling | electron_loss,node_0130,,C,2,-2,H2,,,,0.48,0.55,0.388,0.388,1,1,1
node_0783,COC,Cyclic Olefin Copolymer,C20H32,"{""C"": 20, ""H"": 32}",272.25040103136,negative,-1,recombination,electron_gain,node_0012 + node_0022 | dehydrogenative_coupling | electron_gain,node_0130,,C,2,-2,H2,,,,0.48,0.55,0.388,0.6060000000000001,3,1,3
node_0784,COC,Cyclic Olefin Copolymer,C20H33,"{""C"": 20, ""H"": 33}",273.25822606359,positive,1,recombination,protonation,node_0012 + node_0022 | dehydrogenative_coupling | protonation,node_0130,,C,2,-1,H2,,,,0.48,0.72,0.48599999999999993,0.6359999999999999,3,1,3
node_0785,COC,Cyclic Olefin Copolymer,C20H31,"{""C"": 20, ""H"": 31}",271.24257599913,negative,-1,recombination,deprotonation,node_0012 + node_0022 | dehydrogenative_coupling | deprotonation,node_0130,,C,2,-3,H2,,,,0.48,0.72,0.426,0.426,1,1,1
node_0786,COC,Cyclic Olefin Copolymer,C20H34,"{""C"": 20, ""H"": 34}",274.26605109582,positive,1,recombination,electron_loss,node_0012 + node_0023 | h_transfer_recombination | electron_loss,node_0131,,C,2,0,,,,,0.48,0.55,0.448,0.6859999999999999,4,1,4
node_0787,COC,Cyclic Olefin Copolymer,C20H34,"{""C"": 20, ""H"": 34}",274.26605109582,negative,-1,recombination,electron_gain,node_0012 + node_0023 | h_transfer_recombination | electron_gain,node_0131,,C,2,0,,,,,0.48,0.55,0.448,0.538,2,1,2
node_0788,COC,Cyclic Olefin Copolymer,C20H35,"{""C"": 20, ""H"": 35}",275.27387612805,positive,1,recombination,protonation,node_0012 + node_0023 | h_transfer_recombination | protonation,node_0131,,C,2,1,,,,,0.48,0.72,0.48599999999999993,0.576,2,1,2
node_0789,COC,Cyclic Olefin Copolymer,C20H33,"{""C"": 20, ""H"": 33}",273.25822606359,negative,-1,recombination,deprotonation,node_0012 + node_0023 | h_transfer_recombination | deprotonation,node_0131,,C,2,-1,,,,,0.48,0.72,0.48599999999999993,0.6559999999999999,4,1,4
node_0790,COC,Cyclic Olefin Copolymer,C18H27,"{""C"": 18, ""H"": 27}",243.21127587021,positive,1,recombination,electron_loss,node_0012 + node_0024 | dehydrogenative_coupling | electron_loss,node_0132,,C,3,-2,H2,,,,0.4,0.55,0.34,0.51,6,1,6
node_0791,COC,Cyclic Olefin Copolymer,C18H27,"{""C"": 18, ""H"": 27}",243.21127587021,negative,-1,recombination,electron_gain,node_0012 + node_0024 | dehydrogenative_coupling | electron_gain,node_0132,,C,3,-2,H2,,,,0.4,0.55,0.34,0.5960000000000001,19,1,19
node_0792,COC,Cyclic Olefin Copolymer,C18H28,"{""C"": 18, ""H"": 28}",244.21910090244,positive,1,recombination,protonation,node_0012 + node_0024 | dehydrogenative_coupling | protonation,node_0132,,C,3,-1,H2,,,,0.4,0.72,0.438,0.6080000000000001,19,1,19
node_0793,COC,Cyclic Olefin Copolymer,C18H26,"{""C"": 18, ""H"": 26}",242.20345083798,negative,-1,recombination,deprotonation,node_0012 + node_0024 | dehydrogenative_coupling | deprotonation,node_0132,,C,3,-3,H2,,,,0.4,0.72,0.37800000000000006,0.548,6,1,6
node_0794,COC,Cyclic Olefin Copolymer,C18H29,"{""C"": 18, ""H"": 29}",245.22692593467,positive,1,recombination,electron_loss,node_0012 + node_0025 | h_transfer_recombination | electron_loss,node_0133,,C,3,0,,,,,0.4,0.55,0.4,0.6559999999999999,27,1,27
node_0795,COC,Cyclic Olefin Copolymer,C18H29,"{""C"": 18, ""H"": 29}",245.22692593467,negative,-1,recombination,electron_gain,node_0012 + node_0025 | h_transfer_recombination | electron_gain,node_0133,,C,3,0,,,,,0.4,0.55,0.4,0.6559999999999999,16,1,16
node_0796,COC,Cyclic Olefin Copolymer,C18H30,"{""C"": 18, ""H"": 30}",246.2347509669,positive,1,recombination,protonation,node_0012 + node_0025 | h_transfer_recombination | protonation,node_0133,,C,3,1,,,,,0.4,0.72,0.438,0.6859999999999999,16,1,16
node_0797,COC,Cyclic Olefin Copolymer,C18H28,"{""C"": 18, ""H"": 28}",244.21910090244,negative,-1,recombination,deprotonation,node_0012 + node_0025 | h_transfer_recombination | deprotonation,node_0133,,C,3,-1,,,,,0.4,0.72,0.438,0.6260000000000001,27,1,27
node_0798,COC,Cyclic Olefin Copolymer,C19H29,"{""C"": 19, ""H"": 29}",257.22692593467,positive,1,recombination,electron_loss,node_0012 + node_0026 | dehydrogenative_coupling | electron_loss,node_0134,,C,3,-2,H2,,,,0.4,0.55,0.34,0.43,2,1,2
node_0799,COC,Cyclic Olefin Copolymer,C19H29,"{""C"": 19, ""H"": 29}",257.22692593467,negative,-1,recombination,electron_gain,node_0012 + node_0026 | dehydrogenative_coupling | electron_gain,node_0134,,C,3,-2,H2,,,,0.4,0.55,0.34,0.5960000000000001,10,1,10
node_0800,COC,Cyclic Olefin Copolymer,C19H30,"{""C"": 19, ""H"": 30}",258.2347509669,positive,1,recombination,protonation,node_0012 + node_0026 | dehydrogenative_coupling | protonation,node_0134,,C,3,-1,H2,,,,0.4,0.72,0.438,0.6080000000000001,10,1,10
node_0801,COC,Cyclic Olefin Copolymer,C19H28,"{""C"": 19, ""H"": 28}",256.21910090244,negative,-1,recombination,deprotonation,node_0012 + node_0026 | dehydrogenative_coupling | deprotonation,node_0134,,C,3,-3,H2,,,,0.4,0.72,0.37800000000000006,0.468,2,1,2
node_0802,COC,Cyclic Olefin Copolymer,C19H31,"{""C"": 19, ""H"": 31}",259.24257599913,positive,1,recombination,electron_loss,node_0012 + node_0027 | h_transfer_recombination | electron_loss,node_0135,,C,3,0,,,,,0.4,0.55,0.4,0.6559999999999999,20,1,20
node_0803,COC,Cyclic Olefin Copolymer,C19H31,"{""C"": 19, ""H"": 31}",259.24257599913,negative,-1,recombination,electron_gain,node_0012 + node_0027 | h_transfer_recombination | electron_gain,node_0135,,C,3,0,,,,,0.4,0.55,0.4,0.6559999999999999,20,1,20
node_0804,COC,Cyclic Olefin Copolymer,C19H32,"{""C"": 19, ""H"": 32}",260.25040103136,positive,1,recombination,protonation,node_0012 + node_0027 | h_transfer_recombination | protonation,node_0135,,C,3,1,,,,,0.4,0.72,0.438,0.6859999999999999,20,1,20
node_0805,COC,Cyclic Olefin Copolymer,C19H30,"{""C"": 19, ""H"": 30}",258.2347509669,negative,-1,recombination,deprotonation,node_0012 + node_0027 | h_transfer_recombination | deprotonation,node_0135,,C,3,-1,,,,,0.4,0.72,0.438,0.6260000000000001,20,1,20
node_0806,COC,Cyclic Olefin Copolymer,C17H25,"{""C"": 17, ""H"": 25}",229.19562580575,positive,1,recombination,electron_loss,node_0012 + node_0028 | dehydrogenative_coupling | electron_loss,node_0136,,C,3,-2,H2,,,,0.4,0.55,0.34,0.56,12,1,12
node_0807,COC,Cyclic Olefin Copolymer,C17H25,"{""C"": 17, ""H"": 25}",229.19562580575,negative,-1,recombination,electron_gain,node_0012 + node_0028 | dehydrogenative_coupling | electron_gain,node_0136,,C,3,-2,H2,,,,0.4,0.55,0.34,0.5780000000000001,26,1,26
node_0808,COC,Cyclic Olefin Copolymer,C17H26,"{""C"": 17, ""H"": 26}",230.20345083798,positive,1,recombination,protonation,node_0012 + node_0028 | dehydrogenative_coupling | protonation,node_0136,,C,3,-1,H2,,,,0.4,0.72,0.438,0.6080000000000001,26,1,26
node_0809,COC,Cyclic Olefin Copolymer,C17H24,"{""C"": 17, ""H"": 24}",228.18780077352,negative,-1,recombination,deprotonation,node_0012 + node_0028 | dehydrogenative_coupling | deprotonation,node_0136,,C,3,-3,H2,,,,0.4,0.72,0.37800000000000006,0.548,12,1,12
node_0810,COC,Cyclic Olefin Copolymer,C17H27,"{""C"": 17, ""H"": 27}",231.21127587021,positive,1,recombination,electron_loss,node_0012 + node_0029 | h_transfer_recombination | electron_loss,node_0137,,C,3,0,,,,,0.4,0.55,0.4,0.6380000000000001,28,1,28
node_0811,COC,Cyclic Olefin Copolymer,C17H27,"{""C"": 17, ""H"": 27}",231.21127587021,negative,-1,recombination,electron_gain,node_0012 + node_0029 | h_transfer_recombination | electron_gain,node_0137,,C,3,0,,,,,0.4,0.55,0.4,0.5700000000000001,12,1,12
node_0812,COC,Cyclic Olefin Copolymer,C17H28,"{""C"": 17, ""H"": 28}",232.21910090244,positive,1,recombination,protonation,node_0012 + node_0029 | h_transfer_recombination | protonation,node_0137,,C,3,1,,,,,0.4,0.72,0.438,0.6080000000000001,12,1,12
node_0813,COC,Cyclic Olefin Copolymer,C17H26,"{""C"": 17, ""H"": 26}",230.20345083798,negative,-1,recombination,deprotonation,node_0012 + node_0029 | h_transfer_recombination | deprotonation,node_0137,,C,3,-1,,,,,0.4,0.72,0.438,0.6080000000000001,28,1,28
node_0814,COC,Cyclic Olefin Copolymer,C18H27,"{""C"": 18, ""H"": 27}",243.21127587021,positive,1,recombination,electron_loss,node_0012 + node_0030 | dehydrogenative_coupling | electron_loss,node_0138,,C,3,-2,H2,,,,0.4,0.55,0.34,0.51,6,1,6
node_0815,COC,Cyclic Olefin Copolymer,C18H27,"{""C"": 18, ""H"": 27}",243.21127587021,negative,-1,recombination,electron_gain,node_0012 + node_0030 | dehydrogenative_coupling | electron_gain,node_0138,,C,3,-2,H2,,,,0.4,0.55,0.34,0.5960000000000001,19,1,19
node_0816,COC,Cyclic Olefin Copolymer,C18H28,"{""C"": 18, ""H"": 28}",244.21910090244,positive,1,recombination,protonation,node_0012 + node_0030 | dehydrogenative_coupling | protonation,node_0138,,C,3,-1,H2,,,,0.4,0.72,0.438,0.6080000000000001,19,1,19
node_0817,COC,Cyclic Olefin Copolymer,C18H26,"{""C"": 18, ""H"": 26}",242.20345083798,negative,-1,recombination,deprotonation,node_0012 + node_0030 | dehydrogenative_coupling | deprotonation,node_0138,,C,3,-3,H2,,,,0.4,0.72,0.37800000000000006,0.548,6,1,6
node_0818,COC,Cyclic Olefin Copolymer,C18H29,"{""C"": 18, ""H"": 29}",245.22692593467,positive,1,recombination,electron_loss,node_0012 + node_0031 | h_transfer_recombination | electron_loss,node_0139,,C,3,0,,,,,0.4,0.55,0.4,0.6559999999999999,27,1,27
node_0819,COC,Cyclic Olefin Copolymer,C18H29,"{""C"": 18, ""H"": 29}",245.22692593467,negative,-1,recombination,electron_gain,node_0012 + node_0031 | h_transfer_recombination | electron_gain,node_0139,,C,3,0,,,,,0.4,0.55,0.4,0.6559999999999999,16,1,16
node_0820,COC,Cyclic Olefin Copolymer,C18H30,"{""C"": 18, ""H"": 30}",246.2347509669,positive,1,recombination,protonation,node_0012 + node_0031 | h_transfer_recombination | protonation,node_0139,,C,3,1,,,,,0.4,0.72,0.438,0.6859999999999999,16,1,16
node_0821,COC,Cyclic Olefin Copolymer,C18H28,"{""C"": 18, ""H"": 28}",244.21910090244,negative,-1,recombination,deprotonation,node_0012 + node_0031 | h_transfer_recombination | deprotonation,node_0139,,C,3,-1,,,,,0.4,0.72,0.438,0.6260000000000001,27,1,27
node_0822,COC,Cyclic Olefin Copolymer,C12H22,"{""C"": 12, ""H"": 22}",166.17215070906,positive,1,recombination,electron_loss,node_0013 + node_0014 | h_transfer_recombination | electron_loss,node_0140,,C,2,0,,,,,0.48,0.55,0.498,0.736,16,1,16
node_0823,COC,Cyclic Olefin Copolymer,C12H22,"{""C"": 12, ""H"": 22}",166.17215070906,negative,-1,recombination,electron_gain,node_0013 + node_0014 | h_transfer_recombination | electron_gain,node_0140,,C,2,0,,,,,0.48,0.55,0.498,0.6679999999999999,8,1,8
node_0824,COC,Cyclic Olefin Copolymer,C12H23,"{""C"": 12, ""H"": 23}",167.17997574129,positive,1,recombination,protonation,node_0013 + node_0014 | h_transfer_recombination | protonation,node_0140,,C,2,1,,,,,0.48,0.72,0.5359999999999999,0.706,8,1,8
node_0825,COC,Cyclic Olefin Copolymer,C12H21,"{""C"": 12, ""H"": 21}",165.16432567683,negative,-1,recombination,deprotonation,node_0013 + node_0014 | h_transfer_recombination | deprotonation,node_0140,,C,2,-1,,,,,0.48,0.72,0.5359999999999999,0.706,16,1,16
node_0826,COC,Cyclic Olefin Copolymer,C19H32,"{""C"": 19, ""H"": 32}",260.25040103136,positive,1,recombination,electron_loss,node_0013 + node_0016 | h_transfer_recombination | electron_loss,node_0141,,C,2,0,,,,,0.48,0.55,0.448,0.6859999999999999,20,1,20
node_0827,COC,Cyclic Olefin Copolymer,C19H32,"{""C"": 19, ""H"": 32}",260.25040103136,negative,-1,recombination,electron_gain,node_0013 + node_0016 | h_transfer_recombination | electron_gain,node_0141,,C,2,0,,,,,0.48,0.55,0.448,0.6180000000000001,8,1,8
node_0828,COC,Cyclic Olefin Copolymer,C19H33,"{""C"": 19, ""H"": 33}",261.25822606359,positive,1,recombination,protonation,node_0013 + node_0016 | h_transfer_recombination | protonation,node_0141,,C,2,1,,,,,0.48,0.72,0.48599999999999993,0.6559999999999999,8,1,8
node_0829,COC,Cyclic Olefin Copolymer,C19H31,"{""C"": 19, ""H"": 31}",259.24257599913,negative,-1,recombination,deprotonation,node_0013 + node_0016 | h_transfer_recombination | deprotonation,node_0141,,C,2,-1,,,,,0.48,0.72,0.48599999999999993,0.6559999999999999,20,1,20
node_0830,COC,Cyclic Olefin Copolymer,C19H32,"{""C"": 19, ""H"": 32}",260.25040103136,positive,1,recombination,electron_loss,node_0013 + node_0018 | h_transfer_recombination | electron_loss,node_0142,,C,2,0,,,,,0.48,0.55,0.448,0.6859999999999999,20,1,20
node_0831,COC,Cyclic Olefin Copolymer,C19H32,"{""C"": 19, ""H"": 32}",260.25040103136,negative,-1,recombination,electron_gain,node_0013 + node_0018 | h_transfer_recombination | electron_gain,node_0142,,C,2,0,,,,,0.48,0.55,0.448,0.6180000000000001,8,1,8
node_0832,COC,Cyclic Olefin Copolymer,C19H33,"{""C"": 19, ""H"": 33}",261.25822606359,positive,1,recombination,protonation,node_0013 + node_0018 | h_transfer_recombination | protonation,node_0142,,C,2,1,,,,,0.48,0.72,0.48599999999999993,0.6559999999999999,8,1,8
node_0833,COC,Cyclic Olefin Copolymer,C19H31,"{""C"": 19, ""H"": 31}",259.24257599913,negative,-1,recombination,deprotonation,node_0013 + node_0018 | h_transfer_recombination | deprotonation,node_0142,,C,2,-1,,,,,0.48,0.72,0.48599999999999993,0.6559999999999999,20,1,20
node_0834,COC,Cyclic Olefin Copolymer,C12H22,"{""C"": 12, ""H"": 22}",166.17215070906,positive,1,recombination,electron_loss,node_0013 + node_0020 | h_transfer_recombination | electron_loss,node_0143,,C,2,0,,,,,0.48,0.55,0.498,0.736,16,1,16
node_0835,COC,Cyclic Olefin Copolymer,C12H22,"{""C"": 12, ""H"": 22}",166.17215070906,negative,-1,recombination,electron_gain,node_0013 + node_0020 | h_transfer_recombination | electron_gain,node_0143,,C,2,0,,,,,0.48,0.55,0.498,0.6679999999999999,8,1,8
node_0836,COC,Cyclic Olefin Copolymer,C12H23,"{""C"": 12, ""H"": 23}",167.17997574129,positive,1,recombination,protonation,node_0013 + node_0020 | h_transfer_recombination | protonation,node_0143,,C,2,1,,,,,0.48,0.72,0.5359999999999999,0.706,8,1,8
node_0837,COC,Cyclic Olefin Copolymer,C12H21,"{""C"": 12, ""H"": 21}",165.16432567683,negative,-1,recombination,deprotonation,node_0013 + node_0020 | h_transfer_recombination | deprotonation,node_0143,,C,2,-1,,,,,0.48,0.72,0.5359999999999999,0.706,16,1,16
node_0838,COC,Cyclic Olefin Copolymer,C20H34,"{""C"": 20, ""H"": 34}",274.26605109582,positive,1,recombination,electron_loss,node_0013 + node_0022 | h_transfer_recombination | electron_loss,node_0144,,C,2,0,,,,,0.48,0.55,0.448,0.6859999999999999,4,1,4
node_0839,COC,Cyclic Olefin Copolymer,C20H34,"{""C"": 20, ""H"": 34}",274.26605109582,negative,-1,recombination,electron_gain,node_0013 + node_0022 | h_transfer_recombination | electron_gain,node_0144,,C,2,0,,,,,0.48,0.55,0.448,0.538,2,1,2
node_0840,COC,Cyclic Olefin Copolymer,C20H35,"{""C"": 20, ""H"": 35}",275.27387612805,positive,1,recombination,protonation,node_0013 + node_0022 | h_transfer_recombination | protonation,node_0144,,C,2,1,,,,,0.48,0.72,0.48599999999999993,0.576,2,1,2
node_0841,COC,Cyclic Olefin Copolymer,C20H33,"{""C"": 20, ""H"": 33}",273.25822606359,negative,-1,recombination,deprotonation,node_0013 + node_0022 | h_transfer_recombination | deprotonation,node_0144,,C,2,-1,,,,,0.48,0.72,0.48599999999999993,0.6559999999999999,4,1,4
node_0842,COC,Cyclic Olefin Copolymer,C18H29,"{""C"": 18, ""H"": 29}",245.22692593467,positive,1,recombination,electron_loss,node_0013 + node_0024 | h_transfer_recombination | electron_loss,node_0145,,C,3,0,,,,,0.4,0.55,0.4,0.6559999999999999,27,1,27
node_0843,COC,Cyclic Olefin Copolymer,C18H29,"{""C"": 18, ""H"": 29}",245.22692593467,negative,-1,recombination,electron_gain,node_0013 + node_0024 | h_transfer_recombination | electron_gain,node_0145,,C,3,0,,,,,0.4,0.55,0.4,0.6559999999999999,16,1,16
node_0844,COC,Cyclic Olefin Copolymer,C18H30,"{""C"": 18, ""H"": 30}",246.2347509669,positive,1,recombination,protonation,node_0013 + node_0024 | h_transfer_recombination | protonation,node_0145,,C,3,1,,,,,0.4,0.72,0.438,0.6859999999999999,16,1,16
node_0845,COC,Cyclic Olefin Copolymer,C18H28,"{""C"": 18, ""H"": 28}",244.21910090244,negative,-1,recombination,deprotonation,node_0013 + node_0024 | h_transfer_recombination | deprotonation,node_0145,,C,3,-1,,,,,0.4,0.72,0.438,0.6260000000000001,27,1,27
node_0846,COC,Cyclic Olefin Copolymer,C19H31,"{""C"": 19, ""H"": 31}",259.24257599913,positive,1,recombination,electron_loss,node_0013 + node_0026 | h_transfer_recombination | electron_loss,node_0146,,C,3,0,,,,,0.4,0.55,0.4,0.6559999999999999,20,1,20
node_0847,COC,Cyclic Olefin Copolymer,C19H31,"{""C"": 19, ""H"": 31}",259.24257599913,negative,-1,recombination,electron_gain,node_0013 + node_0026 | h_transfer_recombination | electron_gain,node_0146,,C,3,0,,,,,0.4,0.55,0.4,0.6559999999999999,20,1,20
node_0848,COC,Cyclic Olefin Copolymer,C19H32,"{""C"": 19, ""H"": 32}",260.25040103136,positive,1,recombination,protonation,node_0013 + node_0026 | h_transfer_recombination | protonation,node_0146,,C,3,1,,,,,0.4,0.72,0.438,0.6859999999999999,20,1,20
node_0849,COC,Cyclic Olefin Copolymer,C19H30,"{""C"": 19, ""H"": 30}",258.2347509669,negative,-1,recombination,deprotonation,node_0013 + node_0026 | h_transfer_recombination | deprotonation,node_0146,,C,3,-1,,,,,0.4,0.72,0.438,0.6260000000000001,20,1,20
node_0850,COC,Cyclic Olefin Copolymer,C17H27,"{""C"": 17, ""H"": 27}",231.21127587021,positive,1,recombination,electron_loss,node_0013 + node_0028 | h_transfer_recombination | electron_loss,node_0147,,C,3,0,,,,,0.4,0.55,0.4,0.6380000000000001,28,1,28
node_0851,COC,Cyclic Olefin Copolymer,C17H27,"{""C"": 17, ""H"": 27}",231.21127587021,negative,-1,recombination,electron_gain,node_0013 + node_0028 | h_transfer_recombination | electron_gain,node_0147,,C,3,0,,,,,0.4,0.55,0.4,0.5700000000000001,12,1,12
node_0852,COC,Cyclic Olefin Copolymer,C17H28,"{""C"": 17, ""H"": 28}",232.21910090244,positive,1,recombination,protonation,node_0013 + node_0028 | h_transfer_recombination | protonation,node_0147,,C,3,1,,,,,0.4,0.72,0.438,0.6080000000000001,12,1,12
node_0853,COC,Cyclic Olefin Copolymer,C17H26,"{""C"": 17, ""H"": 26}",230.20345083798,negative,-1,recombination,deprotonation,node_0013 + node_0028 | h_transfer_recombination | deprotonation,node_0147,,C,3,-1,,,,,0.4,0.72,0.438,0.6080000000000001,28,1,28
node_0854,COC,Cyclic Olefin Copolymer,C18H29,"{""C"": 18, ""H"": 29}",245.22692593467,positive,1,recombination,electron_loss,node_0013 + node_0030 | h_transfer_recombination | electron_loss,node_0148,,C,3,0,,,,,0.4,0.55,0.4,0.6559999999999999,27,1,27
node_0855,COC,Cyclic Olefin Copolymer,C18H29,"{""C"": 18, ""H"": 29}",245.22692593467,negative,-1,recombination,electron_gain,node_0013 + node_0030 | h_transfer_recombination | electron_gain,node_0148,,C,3,0,,,,,0.4,0.55,0.4,0.6559999999999999,16,1,16
node_0856,COC,Cyclic Olefin Copolymer,C18H30,"{""C"": 18, ""H"": 30}",246.2347509669,positive,1,recombination,protonation,node_0013 + node_0030 | h_transfer_recombination | protonation,node_0148,,C,3,1,,,,,0.4,0.72,0.438,0.6859999999999999,16,1,16
node_0857,COC,Cyclic Olefin Copolymer,C18H28,"{""C"": 18, ""H"": 28}",244.21910090244,negative,-1,recombination,deprotonation,node_0013 + node_0030 | h_transfer_recombination | deprotonation,node_0148,,C,3,-1,,,,,0.4,0.72,0.438,0.6260000000000001,27,1,27
node_0858,COC,Cyclic Olefin Copolymer,C11H18,"{""C"": 11, ""H"": 18}",150.14085058014,positive,1,recombination,electron_loss,node_0014 + node_0016 | dehydrogenative_coupling | electron_loss,node_0149,,C,2,-2,H2,,,,0.48,0.55,0.438,0.6579999999999999,10,1,10
node_0859,COC,Cyclic Olefin Copolymer,C11H18,"{""C"": 11, ""H"": 18}",150.14085058014,negative,-1,recombination,electron_gain,node_0014 + node_0016 | dehydrogenative_coupling | electron_gain,node_0149,,C,2,-2,H2,,,,0.48,0.55,0.438,0.6759999999999999,20,1,20
node_0860,COC,Cyclic Olefin Copolymer,C11H19,"{""C"": 11, ""H"": 19}",151.14867561237,positive,1,recombination,protonation,node_0014 + node_0016 | dehydrogenative_coupling | protonation,node_0149,,C,2,-1,H2,,,,0.48,0.72,0.5359999999999999,0.706,20,1,20
node_0861,COC,Cyclic Olefin Copolymer,C11H17,"{""C"": 11, ""H"": 17}",149.13302554791,negative,-1,recombination,deprotonation,node_0014 + node_0016 | dehydrogenative_coupling | deprotonation,node_0149,,C,2,-3,H2,,,,0.48,0.72,0.476,0.6459999999999999,10,1,10
node_0862,COC,Cyclic Olefin Copolymer,C11H20,"{""C"": 11, ""H"": 20}",152.1565006446,positive,1,recombination,electron_loss,node_0014 + node_0017 | h_transfer_recombination | electron_loss,node_0150,,C,2,0,,,,,0.48,0.55,0.498,0.786,21,2,21
node_0863,COC,Cyclic Olefin Copolymer,C11H20,"{""C"": 11, ""H"": 20}",152.1565006446,negative,-1,recombination,electron_gain,node_0014 + node_0017 | h_transfer_recombination | electron_gain,node_0150,,C,2,0,,,,,0.48,0.55,0.498,0.718,9,2,9
node_0864,COC,Cyclic Olefin Copolymer,C11H21,"{""C"": 11, ""H"": 21}",153.16432567683,positive,1,recombination,protonation,node_0014 + node_0017 | h_transfer_recombination | protonation,node_0150,,C,2,1,,,,,0.48,0.72,0.5359999999999999,0.756,9,2,9
node_0865,COC,Cyclic Olefin Copolymer,C11H19,"{""C"": 11, ""H"": 19}",151.14867561237,negative,-1,recombination,deprotonation,node_0014 + node_0017 | h_transfer_recombination | deprotonation,node_0150,,C,2,-1,,,,,0.48,0.72,0.5359999999999999,0.756,21,2,21
node_0866,COC,Cyclic Olefin Copolymer,C11H18,"{""C"": 11, ""H"": 18}",150.14085058014,positive,1,recombination,electron_loss,node_0014 + node_0018 | dehydrogenative_coupling | electron_loss,node_0151,,C,2,-2,H2,,,,0.48,0.55,0.438,0.6579999999999999,10,1,10
node_0867,COC,Cyclic Olefin Copolymer,C11H18,"{""C"": 11, ""H"": 18}",150.14085058014,negative,-1,recombination,electron_gain,node_0014 + node_0018 | dehydrogenative_coupling | electron_gain,node_0151,,C,2,-2,H2,,,,0.48,0.55,0.438,0.6759999999999999,20,1,20
node_0868,COC,Cyclic Olefin Copolymer,C11H19,"{""C"": 11, ""H"": 19}",151.14867561237,positive,1,recombination,protonation,node_0014 + node_0018 | dehydrogenative_coupling | protonation,node_0151,,C,2,-1,H2,,,,0.48,0.72,0.5359999999999999,0.706,20,1,20
node_0869,COC,Cyclic Olefin Copolymer,C11H17,"{""C"": 11, ""H"": 17}",149.13302554791,negative,-1,recombination,deprotonation,node_0014 + node_0018 | dehydrogenative_coupling | deprotonation,node_0151,,C,2,-3,H2,,,,0.48,0.72,0.476,0.6459999999999999,10,1,10
node_0870,COC,Cyclic Olefin Copolymer,C11H20,"{""C"": 11, ""H"": 20}",152.1565006446,positive,1,recombination,electron_loss,node_0014 + node_0019 | h_transfer_recombination | electron_loss,node_0152,,C,2,0,,,,,0.48,0.55,0.498,0.786,21,2,21
node_0871,COC,Cyclic Olefin Copolymer,C11H20,"{""C"": 11, ""H"": 20}",152.1565006446,negative,-1,recombination,electron_gain,node_0014 + node_0019 | h_transfer_recombination | electron_gain,node_0152,,C,2,0,,,,,0.48,0.55,0.498,0.718,9,2,9
node_0872,COC,Cyclic Olefin Copolymer,C11H21,"{""C"": 11, ""H"": 21}",153.16432567683,positive,1,recombination,protonation,node_0014 + node_0019 | h_transfer_recombination | protonation,node_0152,,C,2,1,,,,,0.48,0.72,0.5359999999999999,0.756,9,2,9
node_0873,COC,Cyclic Olefin Copolymer,C11H19,"{""C"": 11, ""H"": 19}",151.14867561237,negative,-1,recombination,deprotonation,node_0014 + node_0019 | h_transfer_recombination | deprotonation,node_0152,,C,2,-1,,,,,0.48,0.72,0.5359999999999999,0.756,21,2,21
node_0874,COC,Cyclic Olefin Copolymer,C4H8,"{""C"": 4, ""H"": 8}",56.06260025784,positive,1,recombination,electron_loss,node_0014 + node_0020 | dehydrogenative_coupling | electron_loss,node_0153,,C,2,-2,H2,,,,0.48,0.55,0.438,0.438,1,1,1
node_0875,COC,Cyclic Olefin Copolymer,C4H8,"{""C"": 4, ""H"": 8}",56.06260025784,negative,-1,recombination,electron_gain,node_0014 + node_0020 | dehydrogenative_coupling | electron_gain,node_0153,,C,2,-2,H2,,,,0.48,0.55,0.438,0.6559999999999999,3,1,3
node_0876,COC,Cyclic Olefin Copolymer,C4H9,"{""C"": 4, ""H"": 9}",57.07042529007,positive,1,recombination,protonation,node_0014 + node_0020 | dehydrogenative_coupling | protonation,node_0153,,C,2,-1,H2,,,,0.48,0.72,0.5359999999999999,0.8780000000000001,4,2,4
node_0877,COC,Cyclic Olefin Copolymer,C4H7,"{""C"": 4, ""H"": 7}",55.05477522561,negative,-1,recombination,deprotonation,node_0014 + node_0020 | dehydrogenative_coupling | deprotonation,node_0153,,C,2,-3,H2,,,,0.48,0.72,0.476,0.476,1,1,1
node_0878,COC,Cyclic Olefin Copolymer,C4H10,"{""C"": 4, ""H"": 10}",58.0782503223,positive,1,recombination,electron_loss,node_0014 + node_0021 | h_transfer_recombination | electron_loss,node_0154,,C,2,0,,,,,0.48,0.55,0.498,0.736,4,1,4
node_0879,COC,Cyclic Olefin Copolymer,C4H10,"{""C"": 4, ""H"": 10}",58.0782503223,negative,-1,recombination,electron_gain,node_0014 + node_0021 | h_transfer_recombination | electron_gain,node_0154,,C,2,0,,,,,0.48,0.55,0.498,0.5880000000000001,2,1,2
node_0880,COC,Cyclic Olefin Copolymer,C4H11,"{""C"": 4, ""H"": 11}",59.086075354529996,positive,1,recombination,protonation,node_0014 + node_0021 | h_transfer_recombination | protonation,node_0154,,C,2,1,,,,,0.48,0.72,0.5359999999999999,0.626,2,1,2
node_0881,COC,Cyclic Olefin Copolymer,C4H9,"{""C"": 4, ""H"": 9}",57.07042529007,negative,-1,recombination,deprotonation,node_0014 + node_0021 | h_transfer_recombination | deprotonation,node_0154,,C,2,-1,,,,,0.48,0.72,0.5359999999999999,0.706,4,1,4
node_0882,COC,Cyclic Olefin Copolymer,C12H20,"{""C"": 12, ""H"": 20}",164.1565006446,positive,1,recombination,electron_loss,node_0014 + node_0022 | dehydrogenative_coupling | electron_loss,node_0155,,C,2,-2,H2,,,,0.48,0.55,0.438,0.6080000000000001,4,1,4
node_0883,COC,Cyclic Olefin Copolymer,C12H20,"{""C"": 12, ""H"": 20}",164.1565006446,negative,-1,recombination,electron_gain,node_0014 + node_0022 | dehydrogenative_coupling | electron_gain,node_0155,,C,2,-2,H2,,,,0.48,0.55,0.438,0.6759999999999999,12,1,12
node_0884,COC,Cyclic Olefin Copolymer,C12H21,"{""C"": 12, ""H"": 21}",165.16432567683,positive,1,recombination,protonation,node_0014 + node_0022 | dehydrogenative_coupling | protonation,node_0155,,C,2,-1,H2,,,,0.48,0.72,0.5359999999999999,0.706,12,1,12
node_0885,COC,Cyclic Olefin Copolymer,C12H19,"{""C"": 12, ""H"": 19}",163.14867561237,negative,-1,recombination,deprotonation,node_0014 + node_0022 | dehydrogenative_coupling | deprotonation,node_0155,,C,2,-3,H2,,,,0.48,0.72,0.476,0.6459999999999999,4,1,4
node_0886,COC,Cyclic Olefin Copolymer,C12H22,"{""C"": 12, ""H"": 22}",166.17215070906,positive,1,recombination,electron_loss,node_0014 + node_0023 | h_transfer_recombination | electron_loss,node_0156,,C,2,0,,,,,0.48,0.55,0.498,0.736,16,1,16
node_0887,COC,Cyclic Olefin Copolymer,C12H22,"{""C"": 12, ""H"": 22}",166.17215070906,negative,-1,recombination,electron_gain,node_0014 + node_0023 | h_transfer_recombination | electron_gain,node_0156,,C,2,0,,,,,0.48,0.55,0.498,0.6679999999999999,8,1,8
node_0888,COC,Cyclic Olefin Copolymer,C12H23,"{""C"": 12, ""H"": 23}",167.17997574129,positive,1,recombination,protonation,node_0014 + node_0023 | h_transfer_recombination | protonation,node_0156,,C,2,1,,,,,0.48,0.72,0.5359999999999999,0.706,8,1,8
node_0889,COC,Cyclic Olefin Copolymer,C12H21,"{""C"": 12, ""H"": 21}",165.16432567683,negative,-1,recombination,deprotonation,node_0014 + node_0023 | h_transfer_recombination | deprotonation,node_0156,,C,2,-1,,,,,0.48,0.72,0.5359999999999999,0.706,16,1,16
node_0890,COC,Cyclic Olefin Copolymer,C10H15,"{""C"": 10, ""H"": 15}",135.11737548345,positive,1,recombination,electron_loss,node_0014 + node_0024 | dehydrogenative_coupling | electron_loss,node_0157,,C,3,-2,H2,,,,0.4,0.55,0.39,0.56,4,1,4
node_0891,COC,Cyclic Olefin Copolymer,C10H15,"{""C"": 10, ""H"": 15}",135.11737548345,negative,-1,recombination,electron_gain,node_0014 + node_0024 | dehydrogenative_coupling | electron_gain,node_0157,,C,3,-2,H2,,,,0.4,0.55,0.39,0.6280000000000001,12,1,12
node_0892,COC,Cyclic Olefin Copolymer,C10H16,"{""C"": 10, ""H"": 16}",136.12520051568,positive,1,recombination,protonation,node_0014 + node_0024 | dehydrogenative_coupling | protonation,node_0157,,C,3,-1,H2,,,,0.4,0.72,0.488,0.8200000000000001,14,2,14
node_0893,COC,Cyclic Olefin Copolymer,C10H14,"{""C"": 10, ""H"": 14}",134.10955045122,negative,-1,recombination,deprotonation,node_0014 + node_0024 | dehydrogenative_coupling | deprotonation,node_0157,,C,3,-3,H2,,,,0.4,0.72,0.42800000000000005,0.5980000000000001,4,1,4
node_0894,COC,Cyclic Olefin Copolymer,C10H17,"{""C"": 10, ""H"": 17}",137.13302554791,positive,1,recombination,electron_loss,node_0014 + node_0025 | h_transfer_recombination | electron_loss,node_0158,,C,3,0,,,,,0.4,0.55,0.45,0.8740000000000001,18,2,18
node_0895,COC,Cyclic Olefin Copolymer,C10H17,"{""C"": 10, ""H"": 17}",137.13302554791,negative,-1,recombination,electron_gain,node_0014 + node_0025 | h_transfer_recombination | electron_gain,node_0158,,C,3,0,,,,,0.4,0.55,0.45,0.8740000000000001,10,2,10
node_0896,COC,Cyclic Olefin Copolymer,C10H18,"{""C"": 10, ""H"": 18}",138.14085058014,positive,1,recombination,protonation,node_0014 + node_0025 | h_transfer_recombination | protonation,node_0158,,C,3,1,,,,,0.4,0.72,0.488,0.942,12,3,10
node_0897,COC,Cyclic Olefin Copolymer,C10H16,"{""C"": 10, ""H"": 16}",136.12520051568,negative,-1,recombination,deprotonation,node_0014 + node_0025 | h_transfer_recombination | deprotonation,node_0158,,C,3,-1,,,,,0.4,0.72,0.488,0.942,20,3,18
node_0898,COC,Cyclic Olefin Copolymer,C11H17,"{""C"": 11, ""H"": 17}",149.13302554791,positive,1,recombination,electron_loss,node_0014 + node_0026 | dehydrogenative_coupling | electron_loss,node_0159,,C,3,-2,H2,,,,0.4,0.55,0.39,0.48,2,1,2
node_0899,COC,Cyclic Olefin Copolymer,C11H17,"{""C"": 11, ""H"": 17}",149.13302554791,negative,-1,recombination,electron_gain,node_0014 + node_0026 | dehydrogenative_coupling | electron_gain,node_0159,,C,3,-2,H2,,,,0.4,0.55,0.39,0.6459999999999999,10,1,10
node_0900,COC,Cyclic Olefin Copolymer,C11H18,"{""C"": 11, ""H"": 18}",150.14085058014,positive,1,recombination,protonation,node_0014 + node_0026 | dehydrogenative_coupling | protonation,node_0159,,C,3,-1,H2,,,,0.4,0.72,0.488,0.6579999999999999,10,1,10
node_0901,COC,Cyclic Olefin Copolymer,C11H16,"{""C"": 11, ""H"": 16}",148.12520051568,negative,-1,recombination,deprotonation,node_0014 + node_0026 | dehydrogenative_coupling | deprotonation,node_0159,,C,3,-3,H2,,,,0.4,0.72,0.42800000000000005,0.518,2,1,2
node_0902,COC,Cyclic Olefin Copolymer,C11H19,"{""C"": 11, ""H"": 19}",151.14867561237,positive,1,recombination,electron_loss,node_0014 + node_0027 | h_transfer_recombination | electron_loss,node_0160,,C,3,0,,,,,0.4,0.55,0.45,0.706,20,1,20
node_0903,COC,Cyclic Olefin Copolymer,C11H19,"{""C"": 11, ""H"": 19}",151.14867561237,negative,-1,recombination,electron_gain,node_0014 + node_0027 | h_transfer_recombination | electron_gain,node_0160,,C,3,0,,,,,0.4,0.55,0.45,0.756,21,2,21
node_0904,COC,Cyclic Olefin Copolymer,C11H20,"{""C"": 11, ""H"": 20}",152.1565006446,positive,1,recombination,protonation,node_0014 + node_0027 | h_transfer_recombination | protonation,node_0160,,C,3,1,,,,,0.4,0.72,0.488,0.786,21,2,21
node_0905,COC,Cyclic Olefin Copolymer,C11H18,"{""C"": 11, ""H"": 18}",150.14085058014,negative,-1,recombination,deprotonation,node_0014 + node_0027 | h_transfer_recombination | deprotonation,node_0160,,C,3,-1,,,,,0.4,0.72,0.488,0.6759999999999999,20,1,20
node_0906,COC,Cyclic Olefin Copolymer,C9H13,"{""C"": 9, ""H"": 13}",121.10172541899,positive,1,recombination,electron_loss,node_0014 + node_0028 | dehydrogenative_coupling | electron_loss,node_0161,,C,3,-2,H2,,,,0.4,0.55,0.39,1.0,4,3,4
node_0907,COC,Cyclic Olefin Copolymer,C9H13,"{""C"": 9, ""H"": 13}",121.10172541899,negative,-1,recombination,electron_gain,node_0014 + node_0028 | dehydrogenative_coupling | electron_gain,node_0161,,C,3,-2,H2,,,,0.4,0.55,0.39,0.8939999999999999,8,3,7
node_0908,COC,Cyclic Olefin Copolymer,C9H14,"{""C"": 9, ""H"": 14}",122.10955045122,positive,1,recombination,protonation,node_0014 + node_0028 | dehydrogenative_coupling | protonation,node_0161,,C,3,-1,H2,,,,0.4,0.72,0.488,0.8560000000000001,9,3,9
node_0909,COC,Cyclic Olefin Copolymer,C9H12,"{""C"": 9, ""H"": 12}",120.09390038676,negative,-1,recombination,deprotonation,node_0014 + node_0028 | dehydrogenative_coupling | deprotonation,node_0161,,C,3,-3,H2,,,,0.4,0.72,0.42800000000000005,0.518,2,1,2
node_0910,COC,Cyclic Olefin Copolymer,C9H15,"{""C"": 9, ""H"": 15}",123.11737548345,positive,1,recombination,electron_loss,node_0014 + node_0029 | h_transfer_recombination | electron_loss,node_0162,,C,3,0,,,,,0.4,0.55,0.45,0.9040000000000001,12,3,11
node_0911,COC,Cyclic Olefin Copolymer,C9H15,"{""C"": 9, ""H"": 15}",123.11737548345,negative,-1,recombination,electron_gain,node_0014 + node_0029 | h_transfer_recombination | electron_gain,node_0162,,C,3,0,,,,,0.4,0.55,0.45,0.9040000000000001,7,3,7
node_0912,COC,Cyclic Olefin Copolymer,C9H16,"{""C"": 9, ""H"": 16}",124.12520051568,positive,1,recombination,protonation,node_0014 + node_0029 | h_transfer_recombination | protonation,node_0162,,C,3,1,,,,,0.4,0.72,0.488,0.942,8,3,6
node_0913,COC,Cyclic Olefin Copolymer,C9H14,"{""C"": 9, ""H"": 14}",122.10955045122,negative,-1,recombination,deprotonation,node_0014 + node_0029 | h_transfer_recombination | deprotonation,node_0162,,C,3,-1,,,,,0.4,0.72,0.488,0.942,13,3,11
node_0914,COC,Cyclic Olefin Copolymer,C10H15,"{""C"": 10, ""H"": 15}",135.11737548345,positive,1,recombination,electron_loss,node_0014 + node_0030 | dehydrogenative_coupling | electron_loss,node_0163,,C,3,-2,H2,,,,0.4,0.55,0.39,0.56,4,1,4
node_0915,COC,Cyclic Olefin Copolymer,C10H15,"{""C"": 10, ""H"": 15}",135.11737548345,negative,-1,recombination,electron_gain,node_0014 + node_0030 | dehydrogenative_coupling | electron_gain,node_0163,,C,3,-2,H2,,,,0.4,0.55,0.39,0.6280000000000001,12,1,12
node_0916,COC,Cyclic Olefin Copolymer,C10H16,"{""C"": 10, ""H"": 16}",136.12520051568,positive,1,recombination,protonation,node_0014 + node_0030 | dehydrogenative_coupling | protonation,node_0163,,C,3,-1,H2,,,,0.4,0.72,0.488,0.8200000000000001,14,2,14
node_0917,COC,Cyclic Olefin Copolymer,C10H14,"{""C"": 10, ""H"": 14}",134.10955045122,negative,-1,recombination,deprotonation,node_0014 + node_0030 | dehydrogenative_coupling | deprotonation,node_0163,,C,3,-3,H2,,,,0.4,0.72,0.42800000000000005,0.5980000000000001,4,1,4
node_0918,COC,Cyclic Olefin Copolymer,C10H17,"{""C"": 10, ""H"": 17}",137.13302554791,positive,1,recombination,electron_loss,node_0014 + node_0031 | h_transfer_recombination | electron_loss,node_0164,,C,3,0,,,,,0.4,0.55,0.45,0.8740000000000001,18,2,18
node_0919,COC,Cyclic Olefin Copolymer,C10H17,"{""C"": 10, ""H"": 17}",137.13302554791,negative,-1,recombination,electron_gain,node_0014 + node_0031 | h_transfer_recombination | electron_gain,node_0164,,C,3,0,,,,,0.4,0.55,0.45,0.8740000000000001,10,2,10
node_0920,COC,Cyclic Olefin Copolymer,C10H18,"{""C"": 10, ""H"": 18}",138.14085058014,positive,1,recombination,protonation,node_0014 + node_0031 | h_transfer_recombination | protonation,node_0164,,C,3,1,,,,,0.4,0.72,0.488,0.942,12,3,10
node_0921,COC,Cyclic Olefin Copolymer,C10H16,"{""C"": 10, ""H"": 16}",136.12520051568,negative,-1,recombination,deprotonation,node_0014 + node_0031 | h_transfer_recombination | deprotonation,node_0164,,C,3,-1,,,,,0.4,0.72,0.488,0.942,20,3,18
node_0922,COC,Cyclic Olefin Copolymer,C11H20,"{""C"": 11, ""H"": 20}",152.1565006446,positive,1,recombination,electron_loss,node_0015 + node_0016 | h_transfer_recombination | electron_loss,node_0165,,C,2,0,,,,,0.48,0.55,0.498,0.786,21,2,21
node_0923,COC,Cyclic Olefin Copolymer,C11H20,"{""C"": 11, ""H"": 20}",152.1565006446,negative,-1,recombination,electron_gain,node_0015 + node_0016 | h_transfer_recombination | electron_gain,node_0165,,C,2,0,,,,,0.48,0.55,0.498,0.718,9,2,9
node_0924,COC,Cyclic Olefin Copolymer,C11H21,"{""C"": 11, ""H"": 21}",153.16432567683,positive,1,recombination,protonation,node_0015 + node_0016 | h_transfer_recombination | protonation,node_0165,,C,2,1,,,,,0.48,0.72,0.5359999999999999,0.756,9,2,9
node_0925,COC,Cyclic Olefin Copolymer,C11H19,"{""C"": 11, ""H"": 19}",151.14867561237,negative,-1,recombination,deprotonation,node_0015 + node_0016 | h_transfer_recombination | deprotonation,node_0165,,C,2,-1,,,,,0.48,0.72,0.5359999999999999,0.756,21,2,21
node_0926,COC,Cyclic Olefin Copolymer,C11H20,"{""C"": 11, ""H"": 20}",152.1565006446,positive,1,recombination,electron_loss,node_0015 + node_0018 | h_transfer_recombination | electron_loss,node_0166,,C,2,0,,,,,0.48,0.55,0.498,0.786,21,2,21
node_0927,COC,Cyclic Olefin Copolymer,C11H20,"{""C"": 11, ""H"": 20}",152.1565006446,negative,-1,recombination,electron_gain,node_0015 + node_0018 | h_transfer_recombination | electron_gain,node_0166,,C,2,0,,,,,0.48,0.55,0.498,0.718,9,2,9
node_0928,COC,Cyclic Olefin Copolymer,C11H21,"{""C"": 11, ""H"": 21}",153.16432567683,positive,1,recombination,protonation,node_0015 + node_0018 | h_transfer_recombination | protonation,node_0166,,C,2,1,,,,,0.48,0.72,0.5359999999999999,0.756,9,2,9
node_0929,COC,Cyclic Olefin Copolymer,C11H19,"{""C"": 11, ""H"": 19}",151.14867561237,negative,-1,recombination,deprotonation,node_0015 + node_0018 | h_transfer_recombination | deprotonation,node_0166,,C,2,-1,,,,,0.48,0.72,0.5359999999999999,0.756,21,2,21
node_0930,COC,Cyclic Olefin Copolymer,C4H10,"{""C"": 4, ""H"": 10}",58.0782503223,positive,1,recombination,electron_loss,node_0015 + node_0020 | h_transfer_recombination | electron_loss,node_0167,,C,2,0,,,,,0.48,0.55,0.498,0.736,4,1,4
node_0931,COC,Cyclic Olefin Copolymer,C4H10,"{""C"": 4, ""H"": 10}",58.0782503223,negative,-1,recombination,electron_gain,node_0015 + node_0020 | h_transfer_recombination | electron_gain,node_0167,,C,2,0,,,,,0.48,0.55,0.498,0.5880000000000001,2,1,2
node_0932,COC,Cyclic Olefin Copolymer,C4H11,"{""C"": 4, ""H"": 11}",59.086075354529996,positive,1,recombination,protonation,node_0015 + node_0020 | h_transfer_recombination | protonation,node_0167,,C,2,1,,,,,0.48,0.72,0.5359999999999999,0.626,2,1,2
node_0933,COC,Cyclic Olefin Copolymer,C4H9,"{""C"": 4, ""H"": 9}",57.07042529007,negative,-1,recombination,deprotonation,node_0015 + node_0020 | h_transfer_recombination | deprotonation,node_0167,,C,2,-1,,,,,0.48,0.72,0.5359999999999999,0.706,4,1,4
node_0934,COC,Cyclic Olefin Copolymer,C12H22,"{""C"": 12, ""H"": 22}",166.17215070906,positive,1,recombination,electron_loss,node_0015 + node_0022 | h_transfer_recombination | electron_loss,node_0168,,C,2,0,,,,,0.48,0.55,0.498,0.736,16,1,16
node_0935,COC,Cyclic Olefin Copolymer,C12H22,"{""C"": 12, ""H"": 22}",166.17215070906,negative,-1,recombination,electron_gain,node_0015 + node_0022 | h_transfer_recombination | electron_gain,node_0168,,C,2,0,,,,,0.48,0.55,0.498,0.6679999999999999,8,1,8
node_0936,COC,Cyclic Olefin Copolymer,C12H23,"{""C"": 12, ""H"": 23}",167.17997574129,positive,1,recombination,protonation,node_0015 + node_0022 | h_transfer_recombination | protonation,node_0168,,C,2,1,,,,,0.48,0.72,0.5359999999999999,0.706,8,1,8
node_0937,COC,Cyclic Olefin Copolymer,C12H21,"{""C"": 12, ""H"": 21}",165.16432567683,negative,-1,recombination,deprotonation,node_0015 + node_0022 | h_transfer_recombination | deprotonation,node_0168,,C,2,-1,,,,,0.48,0.72,0.5359999999999999,0.706,16,1,16
node_0938,COC,Cyclic Olefin Copolymer,C10H17,"{""C"": 10, ""H"": 17}",137.13302554791,positive,1,recombination,electron_loss,node_0015 + node_0024 | h_transfer_recombination | electron_loss,node_0169,,C,3,0,,,,,0.4,0.55,0.45,0.8740000000000001,18,2,18
node_0939,COC,Cyclic Olefin Copolymer,C10H17,"{""C"": 10, ""H"": 17}",137.13302554791,negative,-1,recombination,electron_gain,node_0015 + node_0024 | h_transfer_recombination | electron_gain,node_0169,,C,3,0,,,,,0.4,0.55,0.45,0.8740000000000001,10,2,10
node_0940,COC,Cyclic Olefin Copolymer,C10H18,"{""C"": 10, ""H"": 18}",138.14085058014,positive,1,recombination,protonation,node_0015 + node_0024 | h_transfer_recombination | protonation,node_0169,,C,3,1,,,,,0.4,0.72,0.488,0.942,12,3,10
node_0941,COC,Cyclic Olefin Copolymer,C10H16,"{""C"": 10, ""H"": 16}",136.12520051568,negative,-1,recombination,deprotonation,node_0015 + node_0024 | h_transfer_recombination | deprotonation,node_0169,,C,3,-1,,,,,0.4,0.72,0.488,0.942,20,3,18
node_0942,COC,Cyclic Olefin Copolymer,C11H19,"{""C"": 11, ""H"": 19}",151.14867561237,positive,1,recombination,electron_loss,node_0015 + node_0026 | h_transfer_recombination | electron_loss,node_0170,,C,3,0,,,,,0.4,0.55,0.45,0.706,20,1,20
node_0943,COC,Cyclic Olefin Copolymer,C11H19,"{""C"": 11, ""H"": 19}",151.14867561237,negative,-1,recombination,electron_gain,node_0015 + node_0026 | h_transfer_recombination | electron_gain,node_0170,,C,3,0,,,,,0.4,0.55,0.45,0.756,21,2,21
node_0944,COC,Cyclic Olefin Copolymer,C11H20,"{""C"": 11, ""H"": 20}",152.1565006446,positive,1,recombination,protonation,node_0015 + node_0026 | h_transfer_recombination | protonation,node_0170,,C,3,1,,,,,0.4,0.72,0.488,0.786,21,2,21
node_0945,COC,Cyclic Olefin Copolymer,C11H18,"{""C"": 11, ""H"": 18}",150.14085058014,negative,-1,recombination,deprotonation,node_0015 + node_0026 | h_transfer_recombination | deprotonation,node_0170,,C,3,-1,,,,,0.4,0.72,0.488,0.6759999999999999,20,1,20
node_0946,COC,Cyclic Olefin Copolymer,C9H15,"{""C"": 9, ""H"": 15}",123.11737548345,positive,1,recombination,electron_loss,node_0015 + node_0028 | h_transfer_recombination | electron_loss,node_0171,,C,3,0,,,,,0.4,0.55,0.45,0.9040000000000001,12,3,11
node_0947,COC,Cyclic Olefin Copolymer,C9H15,"{""C"": 9, ""H"": 15}",123.11737548345,negative,-1,recombination,electron_gain,node_0015 + node_0028 | h_transfer_recombination | electron_gain,node_0171,,C,3,0,,,,,0.4,0.55,0.45,0.9040000000000001,7,3,7
node_0948,COC,Cyclic Olefin Copolymer,C9H16,"{""C"": 9, ""H"": 16}",124.12520051568,positive,1,recombination,protonation,node_0015 + node_0028 | h_transfer_recombination | protonation,node_0171,,C,3,1,,,,,0.4,0.72,0.488,0.942,8,3,6
node_0949,COC,Cyclic Olefin Copolymer,C9H14,"{""C"": 9, ""H"": 14}",122.10955045122,negative,-1,recombination,deprotonation,node_0015 + node_0028 | h_transfer_recombination | deprotonation,node_0171,,C,3,-1,,,,,0.4,0.72,0.488,0.942,13,3,11
node_0950,COC,Cyclic Olefin Copolymer,C10H17,"{""C"": 10, ""H"": 17}",137.13302554791,positive,1,recombination,electron_loss,node_0015 + node_0030 | h_transfer_recombination | electron_loss,node_0172,,C,3,0,,,,,0.4,0.55,0.45,0.8740000000000001,18,2,18
node_0951,COC,Cyclic Olefin Copolymer,C10H17,"{""C"": 10, ""H"": 17}",137.13302554791,negative,-1,recombination,electron_gain,node_0015 + node_0030 | h_transfer_recombination | electron_gain,node_0172,,C,3,0,,,,,0.4,0.55,0.45,0.8740000000000001,10,2,10
node_0952,COC,Cyclic Olefin Copolymer,C10H18,"{""C"": 10, ""H"": 18}",138.14085058014,positive,1,recombination,protonation,node_0015 + node_0030 | h_transfer_recombination | protonation,node_0172,,C,3,1,,,,,0.4,0.72,0.488,0.942,12,3,10
node_0953,COC,Cyclic Olefin Copolymer,C10H16,"{""C"": 10, ""H"": 16}",136.12520051568,negative,-1,recombination,deprotonation,node_0015 + node_0030 | h_transfer_recombination | deprotonation,node_0172,,C,3,-1,,,,,0.4,0.72,0.488,0.942,20,3,18
node_0954,COC,Cyclic Olefin Copolymer,C18H28,"{""C"": 18, ""H"": 28}",244.21910090244,positive,1,recombination,electron_loss,node_0016 + node_0018 | dehydrogenative_coupling | electron_loss,node_0173,,C,2,-2,H2,,,,0.48,0.55,0.388,0.6080000000000001,19,1,19
node_0955,COC,Cyclic Olefin Copolymer,C18H28,"{""C"": 18, ""H"": 28}",244.21910090244,negative,-1,recombination,electron_gain,node_0016 + node_0018 | dehydrogenative_coupling | electron_gain,node_0173,,C,2,-2,H2,,,,0.48,0.55,0.388,0.6260000000000001,27,1,27
node_0956,COC,Cyclic Olefin Copolymer,C18H29,"{""C"": 18, ""H"": 29}",245.22692593467,positive,1,recombination,protonation,node_0016 + node_0018 | dehydrogenative_coupling | protonation,node_0173,,C,2,-1,H2,,,,0.48,0.72,0.48599999999999993,0.6559999999999999,27,1,27
node_0957,COC,Cyclic Olefin Copolymer,C18H27,"{""C"": 18, ""H"": 27}",243.21127587021,negative,-1,recombination,deprotonation,node_0016 + node_0018 | dehydrogenative_coupling | deprotonation,node_0173,,C,2,-3,H2,,,,0.48,0.72,0.426,0.5960000000000001,19,1,19
node_0958,COC,Cyclic Olefin Copolymer,C18H30,"{""C"": 18, ""H"": 30}",246.2347509669,positive,1,recombination,electron_loss,node_0016 + node_0019 | h_transfer_recombination | electron_loss,node_0174,,C,2,0,,,,,0.48,0.55,0.448,0.6859999999999999,16,1,16
node_0959,COC,Cyclic Olefin Copolymer,C18H30,"{""C"": 18, ""H"": 30}",246.2347509669,negative,-1,recombination,electron_gain,node_0016 + node_0019 | h_transfer_recombination | electron_gain,node_0174,,C,2,0,,,,,0.48,0.55,0.448,0.538,2,1,2
node_0960,COC,Cyclic Olefin Copolymer,C18H31,"{""C"": 18, ""H"": 31}",247.24257599913,positive,1,recombination,protonation,node_0016 + node_0019 | h_transfer_recombination | protonation,node_0174,,C,2,1,,,,,0.48,0.72,0.48599999999999993,0.576,2,1,2
node_0961,COC,Cyclic Olefin Copolymer,C18H29,"{""C"": 18, ""H"": 29}",245.22692593467,negative,-1,recombination,deprotonation,node_0016 + node_0019 | h_transfer_recombination | deprotonation,node_0174,,C,2,-1,,,,,0.48,0.72,0.48599999999999993,0.6559999999999999,16,1,16
node_0962,COC,Cyclic Olefin Copolymer,C11H18,"{""C"": 11, ""H"": 18}",150.14085058014,positive,1,recombination,electron_loss,node_0016 + node_0020 | dehydrogenative_coupling | electron_loss,node_0175,,C,2,-2,H2,,,,0.48,0.55,0.438,0.6579999999999999,10,1,10
node_0963,COC,Cyclic Olefin Copolymer,C11H18,"{""C"": 11, ""H"": 18}",150.14085058014,negative,-1,recombination,electron_gain,node_0016 + node_0020 | dehydrogenative_coupling | electron_gain,node_0175,,C,2,-2,H2,,,,0.48,0.55,0.438,0.6759999999999999,20,1,20
node_0964,COC,Cyclic Olefin Copolymer,C11H19,"{""C"": 11, ""H"": 19}",151.14867561237,positive,1,recombination,protonation,node_0016 + node_0020 | dehydrogenative_coupling | protonation,node_0175,,C,2,-1,H2,,,,0.48,0.72,0.5359999999999999,0.706,20,1,20
node_0965,COC,Cyclic Olefin Copolymer,C11H17,"{""C"": 11, ""H"": 17}",149.13302554791,negative,-1,recombination,deprotonation,node_0016 + node_0020 | dehydrogenative_coupling | deprotonation,node_0175,,C,2,-3,H2,,,,0.48,0.72,0.476,0.6459999999999999,10,1,10
node_0966,COC,Cyclic Olefin Copolymer,C11H20,"{""C"": 11, ""H"": 20}",152.1565006446,positive,1,recombination,electron_loss,node_0016 + node_0021 | h_transfer_recombination | electron_loss,node_0176,,C,2,0,,,,,0.48,0.55,0.498,0.786,21,2,21
node_0967,COC,Cyclic Olefin Copolymer,C11H20,"{""C"": 11, ""H"": 20}",152.1565006446,negative,-1,recombination,electron_gain,node_0016 + node_0021 | h_transfer_recombination | electron_gain,node_0176,,C,2,0,,,,,0.48,0.55,0.498,0.718,9,2,9
node_0968,COC,Cyclic Olefin Copolymer,C11H21,"{""C"": 11, ""H"": 21}",153.16432567683,positive,1,recombination,protonation,node_0016 + node_0021 | h_transfer_recombination | protonation,node_0176,,C,2,1,,,,,0.48,0.72,0.5359999999999999,0.756,9,2,9
node_0969,COC,Cyclic Olefin Copolymer,C11H19,"{""C"": 11, ""H"": 19}",151.14867561237,negative,-1,recombination,deprotonation,node_0016 + node_0021 | h_transfer_recombination | deprotonation,node_0176,,C,2,-1,,,,,0.48,0.72,0.5359999999999999,0.756,21,2,21
node_0970,COC,Cyclic Olefin Copolymer,C19H30,"{""C"": 19, ""H"": 30}",258.2347509669,positive,1,recombination,electron_loss,node_0016 + node_0022 | dehydrogenative_coupling | electron_loss,node_0177,,C,2,-2,H2,,,,0.48,0.55,0.388,0.6080000000000001,10,1,10
node_0971,COC,Cyclic Olefin Copolymer,C19H30,"{""C"": 19, ""H"": 30}",258.2347509669,negative,-1,recombination,electron_gain,node_0016 + node_0022 | dehydrogenative_coupling | electron_gain,node_0177,,C,2,-2,H2,,,,0.48,0.55,0.388,0.6260000000000001,20,1,20
node_0972,COC,Cyclic Olefin Copolymer,C19H31,"{""C"": 19, ""H"": 31}",259.24257599913,positive,1,recombination,protonation,node_0016 + node_0022 | dehydrogenative_coupling | protonation,node_0177,,C,2,-1,H2,,,,0.48,0.72,0.48599999999999993,0.6559999999999999,20,1,20
node_0973,COC,Cyclic Olefin Copolymer,C19H29,"{""C"": 19, ""H"": 29}",257.22692593467,negative,-1,recombination,deprotonation,node_0016 + node_0022 | dehydrogenative_coupling | deprotonation,node_0177,,C,2,-3,H2,,,,0.48,0.72,0.426,0.5960000000000001,10,1,10
node_0974,COC,Cyclic Olefin Copolymer,C19H32,"{""C"": 19, ""H"": 32}",260.25040103136,positive,1,recombination,electron_loss,node_0016 + node_0023 | h_transfer_recombination | electron_loss,node_0178,,C,2,0,,,,,0.48,0.55,0.448,0.6859999999999999,20,1,20
node_0975,COC,Cyclic Olefin Copolymer,C19H32,"{""C"": 19, ""H"": 32}",260.25040103136,negative,-1,recombination,electron_gain,node_0016 + node_0023 | h_transfer_recombination | electron_gain,node_0178,,C,2,0,,,,,0.48,0.55,0.448,0.6180000000000001,8,1,8
node_0976,COC,Cyclic Olefin Copolymer,C19H33,"{""C"": 19, ""H"": 33}",261.25822606359,positive,1,recombination,protonation,node_0016 + node_0023 | h_transfer_recombination | protonation,node_0178,,C,2,1,,,,,0.48,0.72,0.48599999999999993,0.6559999999999999,8,1,8
node_0977,COC,Cyclic Olefin Copolymer,C19H31,"{""C"": 19, ""H"": 31}",259.24257599913,negative,-1,recombination,deprotonation,node_0016 + node_0023 | h_transfer_recombination | deprotonation,node_0178,,C,2,-1,,,,,0.48,0.72,0.48599999999999993,0.6559999999999999,20,1,20
node_0978,COC,Cyclic Olefin Copolymer,C17H25,"{""C"": 17, ""H"": 25}",229.19562580575,positive,1,recombination,electron_loss,node_0016 + node_0024 | dehydrogenative_coupling | electron_loss,node_0179,,C,3,-2,H2,,,,0.4,0.55,0.34,0.56,12,1,12
node_0979,COC,Cyclic Olefin Copolymer,C17H25,"{""C"": 17, ""H"": 25}",229.19562580575,negative,-1,recombination,electron_gain,node_0016 + node_0024 | dehydrogenative_coupling | electron_gain,node_0179,,C,3,-2,H2,,,,0.4,0.55,0.34,0.5780000000000001,26,1,26
node_0980,COC,Cyclic Olefin Copolymer,C17H26,"{""C"": 17, ""H"": 26}",230.20345083798,positive,1,recombination,protonation,node_0016 + node_0024 | dehydrogenative_coupling | protonation,node_0179,,C,3,-1,H2,,,,0.4,0.72,0.438,0.6080000000000001,26,1,26
node_0981,COC,Cyclic Olefin Copolymer,C17H24,"{""C"": 17, ""H"": 24}",228.18780077352,negative,-1,recombination,deprotonation,node_0016 + node_0024 | dehydrogenative_coupling | deprotonation,node_0179,,C,3,-3,H2,,,,0.4,0.72,0.37800000000000006,0.548,12,1,12
node_0982,COC,Cyclic Olefin Copolymer,C17H27,"{""C"": 17, ""H"": 27}",231.21127587021,positive,1,recombination,electron_loss,node_0016 + node_0025 | h_transfer_recombination | electron_loss,node_0180,,C,3,0,,,,,0.4,0.55,0.4,0.6380000000000001,28,1,28
node_0983,COC,Cyclic Olefin Copolymer,C17H27,"{""C"": 17, ""H"": 27}",231.21127587021,negative,-1,recombination,electron_gain,node_0016 + node_0025 | h_transfer_recombination | electron_gain,node_0180,,C,3,0,,,,,0.4,0.55,0.4,0.5700000000000001,12,1,12
node_0984,COC,Cyclic Olefin Copolymer,C17H28,"{""C"": 17, ""H"": 28}",232.21910090244,positive,1,recombination,protonation,node_0016 + node_0025 | h_transfer_recombination | protonation,node_0180,,C,3,1,,,,,0.4,0.72,0.438,0.6080000000000001,12,1,12
node_0985,COC,Cyclic Olefin Copolymer,C17H26,"{""C"": 17, ""H"": 26}",230.20345083798,negative,-1,recombination,deprotonation,node_0016 + node_0025 | h_transfer_recombination | deprotonation,node_0180,,C,3,-1,,,,,0.4,0.72,0.438,0.6080000000000001,28,1,28
node_0986,COC,Cyclic Olefin Copolymer,C18H27,"{""C"": 18, ""H"": 27}",243.21127587021,positive,1,recombination,electron_loss,node_0016 + node_0026 | dehydrogenative_coupling | electron_loss,node_0181,,C,3,-2,H2,,,,0.4,0.55,0.34,0.51,6,1,6
node_0987,COC,Cyclic Olefin Copolymer,C18H27,"{""C"": 18, ""H"": 27}",243.21127587021,negative,-1,recombination,electron_gain,node_0016 + node_0026 | dehydrogenative_coupling | electron_gain,node_0181,,C,3,-2,H2,,,,0.4,0.55,0.34,0.5960000000000001,19,1,19
node_0988,COC,Cyclic Olefin Copolymer,C18H28,"{""C"": 18, ""H"": 28}",244.21910090244,positive,1,recombination,protonation,node_0016 + node_0026 | dehydrogenative_coupling | protonation,node_0181,,C,3,-1,H2,,,,0.4,0.72,0.438,0.6080000000000001,19,1,19
node_0989,COC,Cyclic Olefin Copolymer,C18H26,"{""C"": 18, ""H"": 26}",242.20345083798,negative,-1,recombination,deprotonation,node_0016 + node_0026 | dehydrogenative_coupling | deprotonation,node_0181,,C,3,-3,H2,,,,0.4,0.72,0.37800000000000006,0.548,6,1,6
node_0990,COC,Cyclic Olefin Copolymer,C18H29,"{""C"": 18, ""H"": 29}",245.22692593467,positive,1,recombination,electron_loss,node_0016 + node_0027 | h_transfer_recombination | electron_loss,node_0182,,C,3,0,,,,,0.4,0.55,0.4,0.6559999999999999,27,1,27
node_0991,COC,Cyclic Olefin Copolymer,C18H29,"{""C"": 18, ""H"": 29}",245.22692593467,negative,-1,recombination,electron_gain,node_0016 + node_0027 | h_transfer_recombination | electron_gain,node_0182,,C,3,0,,,,,0.4,0.55,0.4,0.6559999999999999,16,1,16
node_0992,COC,Cyclic Olefin Copolymer,C18H30,"{""C"": 18, ""H"": 30}",246.2347509669,positive,1,recombination,protonation,node_0016 + node_0027 | h_transfer_recombination | protonation,node_0182,,C,3,1,,,,,0.4,0.72,0.438,0.6859999999999999,16,1,16
node_0993,COC,Cyclic Olefin Copolymer,C18H28,"{""C"": 18, ""H"": 28}",244.21910090244,negative,-1,recombination,deprotonation,node_0016 + node_0027 | h_transfer_recombination | deprotonation,node_0182,,C,3,-1,,,,,0.4,0.72,0.438,0.6260000000000001,27,1,27
node_0994,COC,Cyclic Olefin Copolymer,C16H23,"{""C"": 16, ""H"": 23}",215.17997574129,positive,1,recombination,electron_loss,node_0016 + node_0028 | dehydrogenative_coupling | electron_loss,node_0183,,C,3,-2,H2,,,,0.4,0.55,0.34,0.56,8,1,8
node_0995,COC,Cyclic Olefin Copolymer,C16H23,"{""C"": 16, ""H"": 23}",215.17997574129,negative,-1,recombination,electron_gain,node_0016 + node_0028 | dehydrogenative_coupling | electron_gain,node_0183,,C,3,-2,H2,,,,0.4,0.55,0.34,0.5780000000000001,14,1,14
node_0996,COC,Cyclic Olefin Copolymer,C16H24,"{""C"": 16, ""H"": 24}",216.18780077352,positive,1,recombination,protonation,node_0016 + node_0028 | dehydrogenative_coupling | protonation,node_0183,,C,3,-1,H2,,,,0.4,0.72,0.438,0.6080000000000001,14,1,14
node_0997,COC,Cyclic Olefin Copolymer,C16H22,"{""C"": 16, ""H"": 22}",214.17215070906,negative,-1,recombination,deprotonation,node_0016 + node_0028 | dehydrogenative_coupling | deprotonation,node_0183,,C,3,-3,H2,,,,0.4,0.72,0.37800000000000006,0.548,8,1,8
node_0998,COC,Cyclic Olefin Copolymer,C16H25,"{""C"": 16, ""H"": 25}",217.19562580575,positive,1,recombination,electron_loss,node_0016 + node_0029 | h_transfer_recombination | electron_loss,node_0184,,C,3,0,,,,,0.4,0.55,0.4,0.6380000000000001,12,1,12
node_0999,COC,Cyclic Olefin Copolymer,C16H25,"{""C"": 16, ""H"": 25}",217.19562580575,negative,-1,recombination,electron_gain,node_0016 + node_0029 | h_transfer_recombination | electron_gain,node_0184,,C,3,0,,,,,0.4,0.55,0.4,0.5700000000000001,4,1,4
node_1000,COC,Cyclic Olefin Copolymer,C16H26,"{""C"": 16, ""H"": 26}",218.20345083798,positive,1,recombination,protonation,node_0016 + node_0029 | h_transfer_recombination | protonation,node_0184,,C,3,1,,,,,0.4,0.72,0.438,0.6080000000000001,4,1,4
node_1001,COC,Cyclic Olefin Copolymer,C16H24,"{""C"": 16, ""H"": 24}",216.18780077352,negative,-1,recombination,deprotonation,node_0016 + node_0029 | h_transfer_recombination | deprotonation,node_0184,,C,3,-1,,,,,0.4,0.72,0.438,0.6080000000000001,12,1,12
node_1002,COC,Cyclic Olefin Copolymer,C17H25,"{""C"": 17, ""H"": 25}",229.19562580575,positive,1,recombination,electron_loss,node_0016 + node_0030 | dehydrogenative_coupling | electron_loss,node_0185,,C,3,-2,H2,,,,0.4,0.55,0.34,0.56,12,1,12
node_1003,COC,Cyclic Olefin Copolymer,C17H25,"{""C"": 17, ""H"": 25}",229.19562580575,negative,-1,recombination,electron_gain,node_0016 + node_0030 | dehydrogenative_coupling | electron_gain,node_0185,,C,3,-2,H2,,,,0.4,0.55,0.34,0.5780000000000001,26,1,26
node_1004,COC,Cyclic Olefin Copolymer,C17H26,"{""C"": 17, ""H"": 26}",230.20345083798,positive,1,recombination,protonation,node_0016 + node_0030 | dehydrogenative_coupling | protonation,node_0185,,C,3,-1,H2,,,,0.4,0.72,0.438,0.6080000000000001,26,1,26
node_1005,COC,Cyclic Olefin Copolymer,C17H24,"{""C"": 17, ""H"": 24}",228.18780077352,negative,-1,recombination,deprotonation,node_0016 + node_0030 | dehydrogenative_coupling | deprotonation,node_0185,,C,3,-3,H2,,,,0.4,0.72,0.37800000000000006,0.548,12,1,12
node_1006,COC,Cyclic Olefin Copolymer,C17H27,"{""C"": 17, ""H"": 27}",231.21127587021,positive,1,recombination,electron_loss,node_0016 + node_0031 | h_transfer_recombination | electron_loss,node_0186,,C,3,0,,,,,0.4,0.55,0.4,0.6380000000000001,28,1,28
node_1007,COC,Cyclic Olefin Copolymer,C17H27,"{""C"": 17, ""H"": 27}",231.21127587021,negative,-1,recombination,electron_gain,node_0016 + node_0031 | h_transfer_recombination | electron_gain,node_0186,,C,3,0,,,,,0.4,0.55,0.4,0.5700000000000001,12,1,12
node_1008,COC,Cyclic Olefin Copolymer,C17H28,"{""C"": 17, ""H"": 28}",232.21910090244,positive,1,recombination,protonation,node_0016 + node_0031 | h_transfer_recombination | protonation,node_0186,,C,3,1,,,,,0.4,0.72,0.438,0.6080000000000001,12,1,12
node_1009,COC,Cyclic Olefin Copolymer,C17H26,"{""C"": 17, ""H"": 26}",230.20345083798,negative,-1,recombination,deprotonation,node_0016 + node_0031 | h_transfer_recombination | deprotonation,node_0186,,C,3,-1,,,,,0.4,0.72,0.438,0.6080000000000001,28,1,28
node_1010,COC,Cyclic Olefin Copolymer,C18H30,"{""C"": 18, ""H"": 30}",246.2347509669,positive,1,recombination,electron_loss,node_0017 + node_0018 | h_transfer_recombination | electron_loss,node_0187,,C,2,0,,,,,0.48,0.55,0.448,0.6859999999999999,16,1,16
node_1011,COC,Cyclic Olefin Copolymer,C18H30,"{""C"": 18, ""H"": 30}",246.2347509669,negative,-1,recombination,electron_gain,node_0017 + node_0018 | h_transfer_recombination | electron_gain,node_0187,,C,2,0,,,,,0.48,0.55,0.448,0.538,2,1,2
node_1012,COC,Cyclic Olefin Copolymer,C18H31,"{""C"": 18, ""H"": 31}",247.24257599913,positive,1,recombination,protonation,node_0017 + node_0018 | h_transfer_recombination | protonation,node_0187,,C,2,1,,,,,0.48,0.72,0.48599999999999993,0.576,2,1,2
node_1013,COC,Cyclic Olefin Copolymer,C18H29,"{""C"": 18, ""H"": 29}",245.22692593467,negative,-1,recombination,deprotonation,node_0017 + node_0018 | h_transfer_recombination | deprotonation,node_0187,,C,2,-1,,,,,0.48,0.72,0.48599999999999993,0.6559999999999999,16,1,16
node_1014,COC,Cyclic Olefin Copolymer,C11H20,"{""C"": 11, ""H"": 20}",152.1565006446,positive,1,recombination,electron_loss,node_0017 + node_0020 | h_transfer_recombination | electron_loss,node_0188,,C,2,0,,,,,0.48,0.55,0.498,0.786,21,2,21
node_1015,COC,Cyclic Olefin Copolymer,C11H20,"{""C"": 11, ""H"": 20}",152.1565006446,negative,-1,recombination,electron_gain,node_0017 + node_0020 | h_transfer_recombination | electron_gain,node_0188,,C,2,0,,,,,0.48,0.55,0.498,0.718,9,2,9
node_1016,COC,Cyclic Olefin Copolymer,C11H21,"{""C"": 11, ""H"": 21}",153.16432567683,positive,1,recombination,protonation,node_0017 + node_0020 | h_transfer_recombination | protonation,node_0188,,C,2,1,,,,,0.48,0.72,0.5359999999999999,0.756,9,2,9
node_1017,COC,Cyclic Olefin Copolymer,C11H19,"{""C"": 11, ""H"": 19}",151.14867561237,negative,-1,recombination,deprotonation,node_0017 + node_0020 | h_transfer_recombination | deprotonation,node_0188,,C,2,-1,,,,,0.48,0.72,0.5359999999999999,0.756,21,2,21
node_1018,COC,Cyclic Olefin Copolymer,C19H32,"{""C"": 19, ""H"": 32}",260.25040103136,positive,1,recombination,electron_loss,node_0017 + node_0022 | h_transfer_recombination | electron_loss,node_0189,,C,2,0,,,,,0.48,0.55,0.448,0.6859999999999999,20,1,20
node_1019,COC,Cyclic Olefin Copolymer,C19H32,"{""C"": 19, ""H"": 32}",260.25040103136,negative,-1,recombination,electron_gain,node_0017 + node_0022 | h_transfer_recombination | electron_gain,node_0189,,C,2,0,,,,,0.48,0.55,0.448,0.6180000000000001,8,1,8
node_1020,COC,Cyclic Olefin Copolymer,C19H33,"{""C"": 19, ""H"": 33}",261.25822606359,positive,1,recombination,protonation,node_0017 + node_0022 | h_transfer_recombination | protonation,node_0189,,C,2,1,,,,,0.48,0.72,0.48599999999999993,0.6559999999999999,8,1,8
node_1021,COC,Cyclic Olefin Copolymer,C19H31,"{""C"": 19, ""H"": 31}",259.24257599913,negative,-1,recombination,deprotonation,node_0017 + node_0022 | h_transfer_recombination | deprotonation,node_0189,,C,2,-1,,,,,0.48,0.72,0.48599999999999993,0.6559999999999999,20,1,20
node_1022,COC,Cyclic Olefin Copolymer,C17H27,"{""C"": 17, ""H"": 27}",231.21127587021,positive,1,recombination,electron_loss,node_0017 + node_0024 | h_transfer_recombination | electron_loss,node_0190,,C,3,0,,,,,0.4,0.55,0.4,0.6380000000000001,28,1,28
node_1023,COC,Cyclic Olefin Copolymer,C17H27,"{""C"": 17, ""H"": 27}",231.21127587021,negative,-1,recombination,electron_gain,node_0017 + node_0024 | h_transfer_recombination | electron_gain,node_0190,,C,3,0,,,,,0.4,0.55,0.4,0.5700000000000001,12,1,12
node_1024,COC,Cyclic Olefin Copolymer,C17H28,"{""C"": 17, ""H"": 28}",232.21910090244,positive,1,recombination,protonation,node_0017 + node_0024 | h_transfer_recombination | protonation,node_0190,,C,3,1,,,,,0.4,0.72,0.438,0.6080000000000001,12,1,12
node_1025,COC,Cyclic Olefin Copolymer,C17H26,"{""C"": 17, ""H"": 26}",230.20345083798,negative,-1,recombination,deprotonation,node_0017 + node_0024 | h_transfer_recombination | deprotonation,node_0190,,C,3,-1,,,,,0.4,0.72,0.438,0.6080000000000001,28,1,28
node_1026,COC,Cyclic Olefin Copolymer,C18H29,"{""C"": 18, ""H"": 29}",245.22692593467,positive,1,recombination,electron_loss,node_0017 + node_0026 | h_transfer_recombination | electron_loss,node_0191,,C,3,0,,,,,0.4,0.55,0.4,0.6559999999999999,27,1,27
node_1027,COC,Cyclic Olefin Copolymer,C18H29,"{""C"": 18, ""H"": 29}",245.22692593467,negative,-1,recombination,electron_gain,node_0017 + node_0026 | h_transfer_recombination | electron_gain,node_0191,,C,3,0,,,,,0.4,0.55,0.4,0.6559999999999999,16,1,16
node_1028,COC,Cyclic Olefin Copolymer,C18H30,"{""C"": 18, ""H"": 30}",246.2347509669,positive,1,recombination,protonation,node_0017 + node_0026 | h_transfer_recombination | protonation,node_0191,,C,3,1,,,,,0.4,0.72,0.438,0.6859999999999999,16,1,16
node_1029,COC,Cyclic Olefin Copolymer,C18H28,"{""C"": 18, ""H"": 28}",244.21910090244,negative,-1,recombination,deprotonation,node_0017 + node_0026 | h_transfer_recombination | deprotonation,node_0191,,C,3,-1,,,,,0.4,0.72,0.438,0.6260000000000001,27,1,27
node_1030,COC,Cyclic Olefin Copolymer,C16H25,"{""C"": 16, ""H"": 25}",217.19562580575,positive,1,recombination,electron_loss,node_0017 + node_0028 | h_transfer_recombination | electron_loss,node_0192,,C,3,0,,,,,0.4,0.55,0.4,0.6380000000000001,12,1,12
node_1031,COC,Cyclic Olefin Copolymer,C16H25,"{""C"": 16, ""H"": 25}",217.19562580575,negative,-1,recombination,electron_gain,node_0017 + node_0028 | h_transfer_recombination | electron_gain,node_0192,,C,3,0,,,,,0.4,0.55,0.4,0.5700000000000001,4,1,4
node_1032,COC,Cyclic Olefin Copolymer,C16H26,"{""C"": 16, ""H"": 26}",218.20345083798,positive,1,recombination,protonation,node_0017 + node_0028 | h_transfer_recombination | protonation,node_0192,,C,3,1,,,,,0.4,0.72,0.438,0.6080000000000001,4,1,4
node_1033,COC,Cyclic Olefin Copolymer,C16H24,"{""C"": 16, ""H"": 24}",216.18780077352,negative,-1,recombination,deprotonation,node_0017 + node_0028 | h_transfer_recombination | deprotonation,node_0192,,C,3,-1,,,,,0.4,0.72,0.438,0.6080000000000001,12,1,12
node_1034,COC,Cyclic Olefin Copolymer,C17H27,"{""C"": 17, ""H"": 27}",231.21127587021,positive,1,recombination,electron_loss,node_0017 + node_0030 | h_transfer_recombination | electron_loss,node_0193,,C,3,0,,,,,0.4,0.55,0.4,0.6380000000000001,28,1,28
node_1035,COC,Cyclic Olefin Copolymer,C17H27,"{""C"": 17, ""H"": 27}",231.21127587021,negative,-1,recombination,electron_gain,node_0017 + node_0030 | h_transfer_recombination | electron_gain,node_0193,,C,3,0,,,,,0.4,0.55,0.4,0.5700000000000001,12,1,12
node_1036,COC,Cyclic Olefin Copolymer,C17H28,"{""C"": 17, ""H"": 28}",232.21910090244,positive,1,recombination,protonation,node_0017 + node_0030 | h_transfer_recombination | protonation,node_0193,,C,3,1,,,,,0.4,0.72,0.438,0.6080000000000001,12,1,12
node_1037,COC,Cyclic Olefin Copolymer,C17H26,"{""C"": 17, ""H"": 26}",230.20345083798,negative,-1,recombination,deprotonation,node_0017 + node_0030 | h_transfer_recombination | deprotonation,node_0193,,C,3,-1,,,,,0.4,0.72,0.438,0.6080000000000001,28,1,28
node_1038,COC,Cyclic Olefin Copolymer,C11H18,"{""C"": 11, ""H"": 18}",150.14085058014,positive,1,recombination,electron_loss,node_0018 + node_0020 | dehydrogenative_coupling | electron_loss,node_0194,,C,2,-2,H2,,,,0.48,0.55,0.438,0.6579999999999999,10,1,10
node_1039,COC,Cyclic Olefin Copolymer,C11H18,"{""C"": 11, ""H"": 18}",150.14085058014,negative,-1,recombination,electron_gain,node_0018 + node_0020 | dehydrogenative_coupling | electron_gain,node_0194,,C,2,-2,H2,,,,0.48,0.55,0.438,0.6759999999999999,20,1,20
node_1040,COC,Cyclic Olefin Copolymer,C11H19,"{""C"": 11, ""H"": 19}",151.14867561237,positive,1,recombination,protonation,node_0018 + node_0020 | dehydrogenative_coupling | protonation,node_0194,,C,2,-1,H2,,,,0.48,0.72,0.5359999999999999,0.706,20,1,20
node_1041,COC,Cyclic Olefin Copolymer,C11H17,"{""C"": 11, ""H"": 17}",149.13302554791,negative,-1,recombination,deprotonation,node_0018 + node_0020 | dehydrogenative_coupling | deprotonation,node_0194,,C,2,-3,H2,,,,0.48,0.72,0.476,0.6459999999999999,10,1,10
node_1042,COC,Cyclic Olefin Copolymer,C11H20,"{""C"": 11, ""H"": 20}",152.1565006446,positive,1,recombination,electron_loss,node_0018 + node_0021 | h_transfer_recombination | electron_loss,node_0195,,C,2,0,,,,,0.48,0.55,0.498,0.786,21,2,21
node_1043,COC,Cyclic Olefin Copolymer,C11H20,"{""C"": 11, ""H"": 20}",152.1565006446,negative,-1,recombination,electron_gain,node_0018 + node_0021 | h_transfer_recombination | electron_gain,node_0195,,C,2,0,,,,,0.48,0.55,0.498,0.718,9,2,9
node_1044,COC,Cyclic Olefin Copolymer,C11H21,"{""C"": 11, ""H"": 21}",153.16432567683,positive,1,recombination,protonation,node_0018 + node_0021 | h_transfer_recombination | protonation,node_0195,,C,2,1,,,,,0.48,0.72,0.5359999999999999,0.756,9,2,9
node_1045,COC,Cyclic Olefin Copolymer,C11H19,"{""C"": 11, ""H"": 19}",151.14867561237,negative,-1,recombination,deprotonation,node_0018 + node_0021 | h_transfer_recombination | deprotonation,node_0195,,C,2,-1,,,,,0.48,0.72,0.5359999999999999,0.756,21,2,21
node_1046,COC,Cyclic Olefin Copolymer,C19H30,"{""C"": 19, ""H"": 30}",258.2347509669,positive,1,recombination,electron_loss,node_0018 + node_0022 | dehydrogenative_coupling | electron_loss,node_0196,,C,2,-2,H2,,,,0.48,0.55,0.388,0.6080000000000001,10,1,10
node_1047,COC,Cyclic Olefin Copolymer,C19H30,"{""C"": 19, ""H"": 30}",258.2347509669,negative,-1,recombination,electron_gain,node_0018 + node_0022 | dehydrogenative_coupling | electron_gain,node_0196,,C,2,-2,H2,,,,0.48,0.55,0.388,0.6260000000000001,20,1,20
node_1048,COC,Cyclic Olefin Copolymer,C19H31,"{""C"": 19, ""H"": 31}",259.24257599913,positive,1,recombination,protonation,node_0018 + node_0022 | dehydrogenative_coupling | protonation,node_0196,,C,2,-1,H2,,,,0.48,0.72,0.48599999999999993,0.6559999999999999,20,1,20
node_1049,COC,Cyclic Olefin Copolymer,C19H29,"{""C"": 19, ""H"": 29}",257.22692593467,negative,-1,recombination,deprotonation,node_0018 + node_0022 | dehydrogenative_coupling | deprotonation,node_0196,,C,2,-3,H2,,,,0.48,0.72,0.426,0.5960000000000001,10,1,10
node_1050,COC,Cyclic Olefin Copolymer,C19H32,"{""C"": 19, ""H"": 32}",260.25040103136,positive,1,recombination,electron_loss,node_0018 + node_0023 | h_transfer_recombination | electron_loss,node_0197,,C,2,0,,,,,0.48,0.55,0.448,0.6859999999999999,20,1,20
node_1051,COC,Cyclic Olefin Copolymer,C19H32,"{""C"": 19, ""H"": 32}",260.25040103136,negative,-1,recombination,electron_gain,node_0018 + node_0023 | h_transfer_recombination | electron_gain,node_0197,,C,2,0,,,,,0.48,0.55,0.448,0.6180000000000001,8,1,8
node_1052,COC,Cyclic Olefin Copolymer,C19H33,"{""C"": 19, ""H"": 33}",261.25822606359,positive,1,recombination,protonation,node_0018 + node_0023 | h_transfer_recombination | protonation,node_0197,,C,2,1,,,,,0.48,0.72,0.48599999999999993,0.6559999999999999,8,1,8
node_1053,COC,Cyclic Olefin Copolymer,C19H31,"{""C"": 19, ""H"": 31}",259.24257599913,negative,-1,recombination,deprotonation,node_0018 + node_0023 | h_transfer_recombination | deprotonation,node_0197,,C,2,-1,,,,,0.48,0.72,0.48599999999999993,0.6559999999999999,20,1,20
node_1054,COC,Cyclic Olefin Copolymer,C17H25,"{""C"": 17, ""H"": 25}",229.19562580575,positive,1,recombination,electron_loss,node_0018 + node_0024 | dehydrogenative_coupling | electron_loss,node_0198,,C,3,-2,H2,,,,0.4,0.55,0.34,0.56,12,1,12
node_1055,COC,Cyclic Olefin Copolymer,C17H25,"{""C"": 17, ""H"": 25}",229.19562580575,negative,-1,recombination,electron_gain,node_0018 + node_0024 | dehydrogenative_coupling | electron_gain,node_0198,,C,3,-2,H2,,,,0.4,0.55,0.34,0.5780000000000001,26,1,26
node_1056,COC,Cyclic Olefin Copolymer,C17H26,"{""C"": 17, ""H"": 26}",230.20345083798,positive,1,recombination,protonation,node_0018 + node_0024 | dehydrogenative_coupling | protonation,node_0198,,C,3,-1,H2,,,,0.4,0.72,0.438,0.6080000000000001,26,1,26
node_1057,COC,Cyclic Olefin Copolymer,C17H24,"{""C"": 17, ""H"": 24}",228.18780077352,negative,-1,recombination,deprotonation,node_0018 + node_0024 | dehydrogenative_coupling | deprotonation,node_0198,,C,3,-3,H2,,,,0.4,0.72,0.37800000000000006,0.548,12,1,12
node_1058,COC,Cyclic Olefin Copolymer,C17H27,"{""C"": 17, ""H"": 27}",231.21127587021,positive,1,recombination,electron_loss,node_0018 + node_0025 | h_transfer_recombination | electron_loss,node_0199,,C,3,0,,,,,0.4,0.55,0.4,0.6380000000000001,28,1,28
node_1059,COC,Cyclic Olefin Copolymer,C17H27,"{""C"": 17, ""H"": 27}",231.21127587021,negative,-1,recombination,electron_gain,node_0018 + node_0025 | h_transfer_recombination | electron_gain,node_0199,,C,3,0,,,,,0.4,0.55,0.4,0.5700000000000001,12,1,12
node_1060,COC,Cyclic Olefin Copolymer,C17H28,"{""C"": 17, ""H"": 28}",232.21910090244,positive,1,recombination,protonation,node_0018 + node_0025 | h_transfer_recombination | protonation,node_0199,,C,3,1,,,,,0.4,0.72,0.438,0.6080000000000001,12,1,12
node_1061,COC,Cyclic Olefin Copolymer,C17H26,"{""C"": 17, ""H"": 26}",230.20345083798,negative,-1,recombination,deprotonation,node_0018 + node_0025 | h_transfer_recombination | deprotonation,node_0199,,C,3,-1,,,,,0.4,0.72,0.438,0.6080000000000001,28,1,28
node_1062,COC,Cyclic Olefin Copolymer,C18H27,"{""C"": 18, ""H"": 27}",243.21127587021,positive,1,recombination,electron_loss,node_0018 + node_0026 | dehydrogenative_coupling | electron_loss,node_0200,,C,3,-2,H2,,,,0.4,0.55,0.34,0.51,6,1,6
node_1063,COC,Cyclic Olefin Copolymer,C18H27,"{""C"": 18, ""H"": 27}",243.21127587021,negative,-1,recombination,electron_gain,node_0018 + node_0026 | dehydrogenative_coupling | electron_gain,node_0200,,C,3,-2,H2,,,,0.4,0.55,0.34,0.5960000000000001,19,1,19
node_1064,COC,Cyclic Olefin Copolymer,C18H28,"{""C"": 18, ""H"": 28}",244.21910090244,positive,1,recombination,protonation,node_0018 + node_0026 | dehydrogenative_coupling | protonation,node_0200,,C,3,-1,H2,,,,0.4,0.72,0.438,0.6080000000000001,19,1,19
node_1065,COC,Cyclic Olefin Copolymer,C18H26,"{""C"": 18, ""H"": 26}",242.20345083798,negative,-1,recombination,deprotonation,node_0018 + node_0026 | dehydrogenative_coupling | deprotonation,node_0200,,C,3,-3,H2,,,,0.4,0.72,0.37800000000000006,0.548,6,1,6
node_1066,COC,Cyclic Olefin Copolymer,C18H29,"{""C"": 18, ""H"": 29}",245.22692593467,positive,1,recombination,electron_loss,node_0018 + node_0027 | h_transfer_recombination | electron_loss,node_0201,,C,3,0,,,,,0.4,0.55,0.4,0.6559999999999999,27,1,27
node_1067,COC,Cyclic Olefin Copolymer,C18H29,"{""C"": 18, ""H"": 29}",245.22692593467,negative,-1,recombination,electron_gain,node_0018 + node_0027 | h_transfer_recombination | electron_gain,node_0201,,C,3,0,,,,,0.4,0.55,0.4,0.6559999999999999,16,1,16
node_1068,COC,Cyclic Olefin Copolymer,C18H30,"{""C"": 18, ""H"": 30}",246.2347509669,positive,1,recombination,protonation,node_0018 + node_0027 | h_transfer_recombination | protonation,node_0201,,C,3,1,,,,,0.4,0.72,0.438,0.6859999999999999,16,1,16
node_1069,COC,Cyclic Olefin Copolymer,C18H28,"{""C"": 18, ""H"": 28}",244.21910090244,negative,-1,recombination,deprotonation,node_0018 + node_0027 | h_transfer_recombination | deprotonation,node_0201,,C,3,-1,,,,,0.4,0.72,0.438,0.6260000000000001,27,1,27
node_1070,COC,Cyclic Olefin Copolymer,C16H23,"{""C"": 16, ""H"": 23}",215.17997574129,positive,1,recombination,electron_loss,node_0018 + node_0028 | dehydrogenative_coupling | electron_loss,node_0202,,C,3,-2,H2,,,,0.4,0.55,0.34,0.56,8,1,8
node_1071,COC,Cyclic Olefin Copolymer,C16H23,"{""C"": 16, ""H"": 23}",215.17997574129,negative,-1,recombination,electron_gain,node_0018 + node_0028 | dehydrogenative_coupling | electron_gain,node_0202,,C,3,-2,H2,,,,0.4,0.55,0.34,0.5780000000000001,14,1,14
node_1072,COC,Cyclic Olefin Copolymer,C16H24,"{""C"": 16, ""H"": 24}",216.18780077352,positive,1,recombination,protonation,node_0018 + node_0028 | dehydrogenative_coupling | protonation,node_0202,,C,3,-1,H2,,,,0.4,0.72,0.438,0.6080000000000001,14,1,14
node_1073,COC,Cyclic Olefin Copolymer,C16H22,"{""C"": 16, ""H"": 22}",214.17215070906,negative,-1,recombination,deprotonation,node_0018 + node_0028 | dehydrogenative_coupling | deprotonation,node_0202,,C,3,-3,H2,,,,0.4,0.72,0.37800000000000006,0.548,8,1,8
node_1074,COC,Cyclic Olefin Copolymer,C16H25,"{""C"": 16, ""H"": 25}",217.19562580575,positive,1,recombination,electron_loss,node_0018 + node_0029 | h_transfer_recombination | electron_loss,node_0203,,C,3,0,,,,,0.4,0.55,0.4,0.6380000000000001,12,1,12
node_1075,COC,Cyclic Olefin Copolymer,C16H25,"{""C"": 16, ""H"": 25}",217.19562580575,negative,-1,recombination,electron_gain,node_0018 + node_0029 | h_transfer_recombination | electron_gain,node_0203,,C,3,0,,,,,0.4,0.55,0.4,0.5700000000000001,4,1,4
node_1076,COC,Cyclic Olefin Copolymer,C16H26,"{""C"": 16, ""H"": 26}",218.20345083798,positive,1,recombination,protonation,node_0018 + node_0029 | h_transfer_recombination | protonation,node_0203,,C,3,1,,,,,0.4,0.72,0.438,0.6080000000000001,4,1,4
node_1077,COC,Cyclic Olefin Copolymer,C16H24,"{""C"": 16, ""H"": 24}",216.18780077352,negative,-1,recombination,deprotonation,node_0018 + node_0029 | h_transfer_recombination | deprotonation,node_0203,,C,3,-1,,,,,0.4,0.72,0.438,0.6080000000000001,12,1,12
node_1078,COC,Cyclic Olefin Copolymer,C17H25,"{""C"": 17, ""H"": 25}",229.19562580575,positive,1,recombination,electron_loss,node_0018 + node_0030 | dehydrogenative_coupling | electron_loss,node_0204,,C,3,-2,H2,,,,0.4,0.55,0.34,0.56,12,1,12
node_1079,COC,Cyclic Olefin Copolymer,C17H25,"{""C"": 17, ""H"": 25}",229.19562580575,negative,-1,recombination,electron_gain,node_0018 + node_0030 | dehydrogenative_coupling | electron_gain,node_0204,,C,3,-2,H2,,,,0.4,0.55,0.34,0.5780000000000001,26,1,26
node_1080,COC,Cyclic Olefin Copolymer,C17H26,"{""C"": 17, ""H"": 26}",230.20345083798,positive,1,recombination,protonation,node_0018 + node_0030 | dehydrogenative_coupling | protonation,node_0204,,C,3,-1,H2,,,,0.4,0.72,0.438,0.6080000000000001,26,1,26
node_1081,COC,Cyclic Olefin Copolymer,C17H24,"{""C"": 17, ""H"": 24}",228.18780077352,negative,-1,recombination,deprotonation,node_0018 + node_0030 | dehydrogenative_coupling | deprotonation,node_0204,,C,3,-3,H2,,,,0.4,0.72,0.37800000000000006,0.548,12,1,12
node_1082,COC,Cyclic Olefin Copolymer,C17H27,"{""C"": 17, ""H"": 27}",231.21127587021,positive,1,recombination,electron_loss,node_0018 + node_0031 | h_transfer_recombination | electron_loss,node_0205,,C,3,0,,,,,0.4,0.55,0.4,0.6380000000000001,28,1,28
node_1083,COC,Cyclic Olefin Copolymer,C17H27,"{""C"": 17, ""H"": 27}",231.21127587021,negative,-1,recombination,electron_gain,node_0018 + node_0031 | h_transfer_recombination | electron_gain,node_0205,,C,3,0,,,,,0.4,0.55,0.4,0.5700000000000001,12,1,12
node_1084,COC,Cyclic Olefin Copolymer,C17H28,"{""C"": 17, ""H"": 28}",232.21910090244,positive,1,recombination,protonation,node_0018 + node_0031 | h_transfer_recombination | protonation,node_0205,,C,3,1,,,,,0.4,0.72,0.438,0.6080000000000001,12,1,12
node_1085,COC,Cyclic Olefin Copolymer,C17H26,"{""C"": 17, ""H"": 26}",230.20345083798,negative,-1,recombination,deprotonation,node_0018 + node_0031 | h_transfer_recombination | deprotonation,node_0205,,C,3,-1,,,,,0.4,0.72,0.438,0.6080000000000001,28,1,28
node_1086,COC,Cyclic Olefin Copolymer,C11H20,"{""C"": 11, ""H"": 20}",152.1565006446,positive,1,recombination,electron_loss,node_0019 + node_0020 | h_transfer_recombination | electron_loss,node_0206,,C,2,0,,,,,0.48,0.55,0.498,0.786,21,2,21
node_1087,COC,Cyclic Olefin Copolymer,C11H20,"{""C"": 11, ""H"": 20}",152.1565006446,negative,-1,recombination,electron_gain,node_0019 + node_0020 | h_transfer_recombination | electron_gain,node_0206,,C,2,0,,,,,0.48,0.55,0.498,0.718,9,2,9
node_1088,COC,Cyclic Olefin Copolymer,C11H21,"{""C"": 11, ""H"": 21}",153.16432567683,positive,1,recombination,protonation,node_0019 + node_0020 | h_transfer_recombination | protonation,node_0206,,C,2,1,,,,,0.48,0.72,0.5359999999999999,0.756,9,2,9
node_1089,COC,Cyclic Olefin Copolymer,C11H19,"{""C"": 11, ""H"": 19}",151.14867561237,negative,-1,recombination,deprotonation,node_0019 + node_0020 | h_transfer_recombination | deprotonation,node_0206,,C,2,-1,,,,,0.48,0.72,0.5359999999999999,0.756,21,2,21
node_1090,COC,Cyclic Olefin Copolymer,C19H32,"{""C"": 19, ""H"": 32}",260.25040103136,positive,1,recombination,electron_loss,node_0019 + node_0022 | h_transfer_recombination | electron_loss,node_0207,,C,2,0,,,,,0.48,0.55,0.448,0.6859999999999999,20,1,20
node_1091,COC,Cyclic Olefin Copolymer,C19H32,"{""C"": 19, ""H"": 32}",260.25040103136,negative,-1,recombination,electron_gain,node_0019 + node_0022 | h_transfer_recombination | electron_gain,node_0207,,C,2,0,,,,,0.48,0.55,0.448,0.6180000000000001,8,1,8
node_1092,COC,Cyclic Olefin Copolymer,C19H33,"{""C"": 19, ""H"": 33}",261.25822606359,positive,1,recombination,protonation,node_0019 + node_0022 | h_transfer_recombination | protonation,node_0207,,C,2,1,,,,,0.48,0.72,0.48599999999999993,0.6559999999999999,8,1,8
node_1093,COC,Cyclic Olefin Copolymer,C19H31,"{""C"": 19, ""H"": 31}",259.24257599913,negative,-1,recombination,deprotonation,node_0019 + node_0022 | h_transfer_recombination | deprotonation,node_0207,,C,2,-1,,,,,0.48,0.72,0.48599999999999993,0.6559999999999999,20,1,20
node_1094,COC,Cyclic Olefin Copolymer,C17H27,"{""C"": 17, ""H"": 27}",231.21127587021,positive,1,recombination,electron_loss,node_0019 + node_0024 | h_transfer_recombination | electron_loss,node_0208,,C,3,0,,,,,0.4,0.55,0.4,0.6380000000000001,28,1,28
node_1095,COC,Cyclic Olefin Copolymer,C17H27,"{""C"": 17, ""H"": 27}",231.21127587021,negative,-1,recombination,electron_gain,node_0019 + node_0024 | h_transfer_recombination | electron_gain,node_0208,,C,3,0,,,,,0.4,0.55,0.4,0.5700000000000001,12,1,12
node_1096,COC,Cyclic Olefin Copolymer,C17H28,"{""C"": 17, ""H"": 28}",232.21910090244,positive,1,recombination,protonation,node_0019 + node_0024 | h_transfer_recombination | protonation,node_0208,,C,3,1,,,,,0.4,0.72,0.438,0.6080000000000001,12,1,12
node_1097,COC,Cyclic Olefin Copolymer,C17H26,"{""C"": 17, ""H"": 26}",230.20345083798,negative,-1,recombination,deprotonation,node_0019 + node_0024 | h_transfer_recombination | deprotonation,node_0208,,C,3,-1,,,,,0.4,0.72,0.438,0.6080000000000001,28,1,28
node_1098,COC,Cyclic Olefin Copolymer,C18H29,"{""C"": 18, ""H"": 29}",245.22692593467,positive,1,recombination,electron_loss,node_0019 + node_0026 | h_transfer_recombination | electron_loss,node_0209,,C,3,0,,,,,0.4,0.55,0.4,0.6559999999999999,27,1,27
node_1099,COC,Cyclic Olefin Copolymer,C18H29,"{""C"": 18, ""H"": 29}",245.22692593467,negative,-1,recombination,electron_gain,node_0019 + node_0026 | h_transfer_recombination | electron_gain,node_0209,,C,3,0,,,,,0.4,0.55,0.4,0.6559999999999999,16,1,16
node_1100,COC,Cyclic Olefin Copolymer,C18H30,"{""C"": 18, ""H"": 30}",246.2347509669,positive,1,recombination,protonation,node_0019 + node_0026 | h_transfer_recombination | protonation,node_0209,,C,3,1,,,,,0.4,0.72,0.438,0.6859999999999999,16,1,16
node_1101,COC,Cyclic Olefin Copolymer,C18H28,"{""C"": 18, ""H"": 28}",244.21910090244,negative,-1,recombination,deprotonation,node_0019 + node_0026 | h_transfer_recombination | deprotonation,node_0209,,C,3,-1,,,,,0.4,0.72,0.438,0.6260000000000001,27,1,27
node_1102,COC,Cyclic Olefin Copolymer,C16H25,"{""C"": 16, ""H"": 25}",217.19562580575,positive,1,recombination,electron_loss,node_0019 + node_0028 | h_transfer_recombination | electron_loss,node_0210,,C,3,0,,,,,0.4,0.55,0.4,0.6380000000000001,12,1,12
node_1103,COC,Cyclic Olefin Copolymer,C16H25,"{""C"": 16, ""H"": 25}",217.19562580575,negative,-1,recombination,electron_gain,node_0019 + node_0028 | h_transfer_recombination | electron_gain,node_0210,,C,3,0,,,,,0.4,0.55,0.4,0.5700000000000001,4,1,4
node_1104,COC,Cyclic Olefin Copolymer,C16H26,"{""C"": 16, ""H"": 26}",218.20345083798,positive,1,recombination,protonation,node_0019 + node_0028 | h_transfer_recombination | protonation,node_0210,,C,3,1,,,,,0.4,0.72,0.438,0.6080000000000001,4,1,4
node_1105,COC,Cyclic Olefin Copolymer,C16H24,"{""C"": 16, ""H"": 24}",216.18780077352,negative,-1,recombination,deprotonation,node_0019 + node_0028 | h_transfer_recombination | deprotonation,node_0210,,C,3,-1,,,,,0.4,0.72,0.438,0.6080000000000001,12,1,12
node_1106,COC,Cyclic Olefin Copolymer,C17H27,"{""C"": 17, ""H"": 27}",231.21127587021,positive,1,recombination,electron_loss,node_0019 + node_0030 | h_transfer_recombination | electron_loss,node_0211,,C,3,0,,,,,0.4,0.55,0.4,0.6380000000000001,28,1,28
node_1107,COC,Cyclic Olefin Copolymer,C17H27,"{""C"": 17, ""H"": 27}",231.21127587021,negative,-1,recombination,electron_gain,node_0019 + node_0030 | h_transfer_recombination | electron_gain,node_0211,,C,3,0,,,,,0.4,0.55,0.4,0.5700000000000001,12,1,12
node_1108,COC,Cyclic Olefin Copolymer,C17H28,"{""C"": 17, ""H"": 28}",232.21910090244,positive,1,recombination,protonation,node_0019 + node_0030 | h_transfer_recombination | protonation,node_0211,,C,3,1,,,,,0.4,0.72,0.438,0.6080000000000001,12,1,12
node_1109,COC,Cyclic Olefin Copolymer,C17H26,"{""C"": 17, ""H"": 26}",230.20345083798,negative,-1,recombination,deprotonation,node_0019 + node_0030 | h_transfer_recombination | deprotonation,node_0211,,C,3,-1,,,,,0.4,0.72,0.438,0.6080000000000001,28,1,28
node_1110,COC,Cyclic Olefin Copolymer,C12H20,"{""C"": 12, ""H"": 20}",164.1565006446,positive,1,recombination,electron_loss,node_0020 + node_0022 | dehydrogenative_coupling | electron_loss,node_0212,,C,2,-2,H2,,,,0.48,0.55,0.438,0.6080000000000001,4,1,4
node_1111,COC,Cyclic Olefin Copolymer,C12H20,"{""C"": 12, ""H"": 20}",164.1565006446,negative,-1,recombination,electron_gain,node_0020 + node_0022 | dehydrogenative_coupling | electron_gain,node_0212,,C,2,-2,H2,,,,0.48,0.55,0.438,0.6759999999999999,12,1,12
node_1112,COC,Cyclic Olefin Copolymer,C12H21,"{""C"": 12, ""H"": 21}",165.16432567683,positive,1,recombination,protonation,node_0020 + node_0022 | dehydrogenative_coupling | protonation,node_0212,,C,2,-1,H2,,,,0.48,0.72,0.5359999999999999,0.706,12,1,12
node_1113,COC,Cyclic Olefin Copolymer,C12H19,"{""C"": 12, ""H"": 19}",163.14867561237,negative,-1,recombination,deprotonation,node_0020 + node_0022 | dehydrogenative_coupling | deprotonation,node_0212,,C,2,-3,H2,,,,0.48,0.72,0.476,0.6459999999999999,4,1,4
node_1114,COC,Cyclic Olefin Copolymer,C12H22,"{""C"": 12, ""H"": 22}",166.17215070906,positive,1,recombination,electron_loss,node_0020 + node_0023 | h_transfer_recombination | electron_loss,node_0213,,C,2,0,,,,,0.48,0.55,0.498,0.736,16,1,16
node_1115,COC,Cyclic Olefin Copolymer,C12H22,"{""C"": 12, ""H"": 22}",166.17215070906,negative,-1,recombination,electron_gain,node_0020 + node_0023 | h_transfer_recombination | electron_gain,node_0213,,C,2,0,,,,,0.48,0.55,0.498,0.6679999999999999,8,1,8
node_1116,COC,Cyclic Olefin Copolymer,C12H23,"{""C"": 12, ""H"": 23}",167.17997574129,positive,1,recombination,protonation,node_0020 + node_0023 | h_transfer_recombination | protonation,node_0213,,C,2,1,,,,,0.48,0.72,0.5359999999999999,0.706,8,1,8
node_1117,COC,Cyclic Olefin Copolymer,C12H21,"{""C"": 12, ""H"": 21}",165.16432567683,negative,-1,recombination,deprotonation,node_0020 + node_0023 | h_transfer_recombination | deprotonation,node_0213,,C,2,-1,,,,,0.48,0.72,0.5359999999999999,0.706,16,1,16
node_1118,COC,Cyclic Olefin Copolymer,C10H15,"{""C"": 10, ""H"": 15}",135.11737548345,positive,1,recombination,electron_loss,node_0020 + node_0024 | dehydrogenative_coupling | electron_loss,node_0214,,C,3,-2,H2,,,,0.4,0.55,0.39,0.56,4,1,4
node_1119,COC,Cyclic Olefin Copolymer,C10H15,"{""C"": 10, ""H"": 15}",135.11737548345,negative,-1,recombination,electron_gain,node_0020 + node_0024 | dehydrogenative_coupling | electron_gain,node_0214,,C,3,-2,H2,,,,0.4,0.55,0.39,0.6280000000000001,12,1,12
node_1120,COC,Cyclic Olefin Copolymer,C10H16,"{""C"": 10, ""H"": 16}",136.12520051568,positive,1,recombination,protonation,node_0020 + node_0024 | dehydrogenative_coupling | protonation,node_0214,,C,3,-1,H2,,,,0.4,0.72,0.488,0.8200000000000001,14,2,14
node_1121,COC,Cyclic Olefin Copolymer,C10H14,"{""C"": 10, ""H"": 14}",134.10955045122,negative,-1,recombination,deprotonation,node_0020 + node_0024 | dehydrogenative_coupling | deprotonation,node_0214,,C,3,-3,H2,,,,0.4,0.72,0.42800000000000005,0.5980000000000001,4,1,4
node_1122,COC,Cyclic Olefin Copolymer,C10H17,"{""C"": 10, ""H"": 17}",137.13302554791,positive,1,recombination,electron_loss,node_0020 + node_0025 | h_transfer_recombination | electron_loss,node_0215,,C,3,0,,,,,0.4,0.55,0.45,0.8740000000000001,18,2,18
node_1123,COC,Cyclic Olefin Copolymer,C10H17,"{""C"": 10, ""H"": 17}",137.13302554791,negative,-1,recombination,electron_gain,node_0020 + node_0025 | h_transfer_recombination | electron_gain,node_0215,,C,3,0,,,,,0.4,0.55,0.45,0.8740000000000001,10,2,10
node_1124,COC,Cyclic Olefin Copolymer,C10H18,"{""C"": 10, ""H"": 18}",138.14085058014,positive,1,recombination,protonation,node_0020 + node_0025 | h_transfer_recombination | protonation,node_0215,,C,3,1,,,,,0.4,0.72,0.488,0.942,12,3,10
node_1125,COC,Cyclic Olefin Copolymer,C10H16,"{""C"": 10, ""H"": 16}",136.12520051568,negative,-1,recombination,deprotonation,node_0020 + node_0025 | h_transfer_recombination | deprotonation,node_0215,,C,3,-1,,,,,0.4,0.72,0.488,0.942,20,3,18
node_1126,COC,Cyclic Olefin Copolymer,C11H17,"{""C"": 11, ""H"": 17}",149.13302554791,positive,1,recombination,electron_loss,node_0020 + node_0026 | dehydrogenative_coupling | electron_loss,node_0216,,C,3,-2,H2,,,,0.4,0.55,0.39,0.48,2,1,2
node_1127,COC,Cyclic Olefin Copolymer,C11H17,"{""C"": 11, ""H"": 17}",149.13302554791,negative,-1,recombination,electron_gain,node_0020 + node_0026 | dehydrogenative_coupling | electron_gain,node_0216,,C,3,-2,H2,,,,0.4,0.55,0.39,0.6459999999999999,10,1,10
node_1128,COC,Cyclic Olefin Copolymer,C11H18,"{""C"": 11, ""H"": 18}",150.14085058014,positive,1,recombination,protonation,node_0020 + node_0026 | dehydrogenative_coupling | protonation,node_0216,,C,3,-1,H2,,,,0.4,0.72,0.488,0.6579999999999999,10,1,10
node_1129,COC,Cyclic Olefin Copolymer,C11H16,"{""C"": 11, ""H"": 16}",148.12520051568,negative,-1,recombination,deprotonation,node_0020 + node_0026 | dehydrogenative_coupling | deprotonation,node_0216,,C,3,-3,H2,,,,0.4,0.72,0.42800000000000005,0.518,2,1,2
node_1130,COC,Cyclic Olefin Copolymer,C11H19,"{""C"": 11, ""H"": 19}",151.14867561237,positive,1,recombination,electron_loss,node_0020 + node_0027 | h_transfer_recombination | electron_loss,node_0217,,C,3,0,,,,,0.4,0.55,0.45,0.706,20,1,20
node_1131,COC,Cyclic Olefin Copolymer,C11H19,"{""C"": 11, ""H"": 19}",151.14867561237,negative,-1,recombination,electron_gain,node_0020 + node_0027 | h_transfer_recombination | electron_gain,node_0217,,C,3,0,,,,,0.4,0.55,0.45,0.756,21,2,21
node_1132,COC,Cyclic Olefin Copolymer,C11H20,"{""C"": 11, ""H"": 20}",152.1565006446,positive,1,recombination,protonation,node_0020 + node_0027 | h_transfer_recombination | protonation,node_0217,,C,3,1,,,,,0.4,0.72,0.488,0.786,21,2,21
node_1133,COC,Cyclic Olefin Copolymer,C11H18,"{""C"": 11, ""H"": 18}",150.14085058014,negative,-1,recombination,deprotonation,node_0020 + node_0027 | h_transfer_recombination | deprotonation,node_0217,,C,3,-1,,,,,0.4,0.72,0.488,0.6759999999999999,20,1,20
node_1134,COC,Cyclic Olefin Copolymer,C9H13,"{""C"": 9, ""H"": 13}",121.10172541899,positive,1,recombination,electron_loss,node_0020 + node_0028 | dehydrogenative_coupling | electron_loss,node_0218,,C,3,-2,H2,,,,0.4,0.55,0.39,1.0,4,3,4
node_1135,COC,Cyclic Olefin Copolymer,C9H13,"{""C"": 9, ""H"": 13}",121.10172541899,negative,-1,recombination,electron_gain,node_0020 + node_0028 | dehydrogenative_coupling | electron_gain,node_0218,,C,3,-2,H2,,,,0.4,0.55,0.39,0.8939999999999999,8,3,7
node_1136,COC,Cyclic Olefin Copolymer,C9H14,"{""C"": 9, ""H"": 14}",122.10955045122,positive,1,recombination,protonation,node_0020 + node_0028 | dehydrogenative_coupling | protonation,node_0218,,C,3,-1,H2,,,,0.4,0.72,0.488,0.8560000000000001,9,3,9
node_1137,COC,Cyclic Olefin Copolymer,C9H12,"{""C"": 9, ""H"": 12}",120.09390038676,negative,-1,recombination,deprotonation,node_0020 + node_0028 | dehydrogenative_coupling | deprotonation,node_0218,,C,3,-3,H2,,,,0.4,0.72,0.42800000000000005,0.518,2,1,2
node_1138,COC,Cyclic Olefin Copolymer,C9H15,"{""C"": 9, ""H"": 15}",123.11737548345,positive,1,recombination,electron_loss,node_0020 + node_0029 | h_transfer_recombination | electron_loss,node_0219,,C,3,0,,,,,0.4,0.55,0.45,0.9040000000000001,12,3,11
node_1139,COC,Cyclic Olefin Copolymer,C9H15,"{""C"": 9, ""H"": 15}",123.11737548345,negative,-1,recombination,electron_gain,node_0020 + node_0029 | h_transfer_recombination | electron_gain,node_0219,,C,3,0,,,,,0.4,0.55,0.45,0.9040000000000001,7,3,7
node_1140,COC,Cyclic Olefin Copolymer,C9H16,"{""C"": 9, ""H"": 16}",124.12520051568,positive,1,recombination,protonation,node_0020 + node_0029 | h_transfer_recombination | protonation,node_0219,,C,3,1,,,,,0.4,0.72,0.488,0.942,8,3,6
node_1141,COC,Cyclic Olefin Copolymer,C9H14,"{""C"": 9, ""H"": 14}",122.10955045122,negative,-1,recombination,deprotonation,node_0020 + node_0029 | h_transfer_recombination | deprotonation,node_0219,,C,3,-1,,,,,0.4,0.72,0.488,0.942,13,3,11
node_1142,COC,Cyclic Olefin Copolymer,C10H15,"{""C"": 10, ""H"": 15}",135.11737548345,positive,1,recombination,electron_loss,node_0020 + node_0030 | dehydrogenative_coupling | electron_loss,node_0220,,C,3,-2,H2,,,,0.4,0.55,0.39,0.56,4,1,4
node_1143,COC,Cyclic Olefin Copolymer,C10H15,"{""C"": 10, ""H"": 15}",135.11737548345,negative,-1,recombination,electron_gain,node_0020 + node_0030 | dehydrogenative_coupling | electron_gain,node_0220,,C,3,-2,H2,,,,0.4,0.55,0.39,0.6280000000000001,12,1,12
node_1144,COC,Cyclic Olefin Copolymer,C10H16,"{""C"": 10, ""H"": 16}",136.12520051568,positive,1,recombination,protonation,node_0020 + node_0030 | dehydrogenative_coupling | protonation,node_0220,,C,3,-1,H2,,,,0.4,0.72,0.488,0.8200000000000001,14,2,14
node_1145,COC,Cyclic Olefin Copolymer,C10H14,"{""C"": 10, ""H"": 14}",134.10955045122,negative,-1,recombination,deprotonation,node_0020 + node_0030 | dehydrogenative_coupling | deprotonation,node_0220,,C,3,-3,H2,,,,0.4,0.72,0.42800000000000005,0.5980000000000001,4,1,4
node_1146,COC,Cyclic Olefin Copolymer,C10H17,"{""C"": 10, ""H"": 17}",137.13302554791,positive,1,recombination,electron_loss,node_0020 + node_0031 | h_transfer_recombination | electron_loss,node_0221,,C,3,0,,,,,0.4,0.55,0.45,0.8740000000000001,18,2,18
node_1147,COC,Cyclic Olefin Copolymer,C10H17,"{""C"": 10, ""H"": 17}",137.13302554791,negative,-1,recombination,electron_gain,node_0020 + node_0031 | h_transfer_recombination | electron_gain,node_0221,,C,3,0,,,,,0.4,0.55,0.45,0.8740000000000001,10,2,10
node_1148,COC,Cyclic Olefin Copolymer,C10H18,"{""C"": 10, ""H"": 18}",138.14085058014,positive,1,recombination,protonation,node_0020 + node_0031 | h_transfer_recombination | protonation,node_0221,,C,3,1,,,,,0.4,0.72,0.488,0.942,12,3,10
node_1149,COC,Cyclic Olefin Copolymer,C10H16,"{""C"": 10, ""H"": 16}",136.12520051568,negative,-1,recombination,deprotonation,node_0020 + node_0031 | h_transfer_recombination | deprotonation,node_0221,,C,3,-1,,,,,0.4,0.72,0.488,0.942,20,3,18
node_1150,COC,Cyclic Olefin Copolymer,C12H22,"{""C"": 12, ""H"": 22}",166.17215070906,positive,1,recombination,electron_loss,node_0021 + node_0022 | h_transfer_recombination | electron_loss,node_0222,,C,2,0,,,,,0.48,0.55,0.498,0.736,16,1,16
node_1151,COC,Cyclic Olefin Copolymer,C12H22,"{""C"": 12, ""H"": 22}",166.17215070906,negative,-1,recombination,electron_gain,node_0021 + node_0022 | h_transfer_recombination | electron_gain,node_0222,,C,2,0,,,,,0.48,0.55,0.498,0.6679999999999999,8,1,8
node_1152,COC,Cyclic Olefin Copolymer,C12H23,"{""C"": 12, ""H"": 23}",167.17997574129,positive,1,recombination,protonation,node_0021 + node_0022 | h_transfer_recombination | protonation,node_0222,,C,2,1,,,,,0.48,0.72,0.5359999999999999,0.706,8,1,8
node_1153,COC,Cyclic Olefin Copolymer,C12H21,"{""C"": 12, ""H"": 21}",165.16432567683,negative,-1,recombination,deprotonation,node_0021 + node_0022 | h_transfer_recombination | deprotonation,node_0222,,C,2,-1,,,,,0.48,0.72,0.5359999999999999,0.706,16,1,16
node_1154,COC,Cyclic Olefin Copolymer,C10H17,"{""C"": 10, ""H"": 17}",137.13302554791,positive,1,recombination,electron_loss,node_0021 + node_0024 | h_transfer_recombination | electron_loss,node_0223,,C,3,0,,,,,0.4,0.55,0.45,0.8740000000000001,18,2,18
node_1155,COC,Cyclic Olefin Copolymer,C10H17,"{""C"": 10, ""H"": 17}",137.13302554791,negative,-1,recombination,electron_gain,node_0021 + node_0024 | h_transfer_recombination | electron_gain,node_0223,,C,3,0,,,,,0.4,0.55,0.45,0.8740000000000001,10,2,10
node_1156,COC,Cyclic Olefin Copolymer,C10H18,"{""C"": 10, ""H"": 18}",138.14085058014,positive,1,recombination,protonation,node_0021 + node_0024 | h_transfer_recombination | protonation,node_0223,,C,3,1,,,,,0.4,0.72,0.488,0.942,12,3,10
node_1157,COC,Cyclic Olefin Copolymer,C10H16,"{""C"": 10, ""H"": 16}",136.12520051568,negative,-1,recombination,deprotonation,node_0021 + node_0024 | h_transfer_recombination | deprotonation,node_0223,,C,3,-1,,,,,0.4,0.72,0.488,0.942,20,3,18
node_1158,COC,Cyclic Olefin Copolymer,C11H19,"{""C"": 11, ""H"": 19}",151.14867561237,positive,1,recombination,electron_loss,node_0021 + node_0026 | h_transfer_recombination | electron_loss,node_0224,,C,3,0,,,,,0.4,0.55,0.45,0.706,20,1,20
node_1159,COC,Cyclic Olefin Copolymer,C11H19,"{""C"": 11, ""H"": 19}",151.14867561237,negative,-1,recombination,electron_gain,node_0021 + node_0026 | h_transfer_recombination | electron_gain,node_0224,,C,3,0,,,,,0.4,0.55,0.45,0.756,21,2,21
node_1160,COC,Cyclic Olefin Copolymer,C11H20,"{""C"": 11, ""H"": 20}",152.1565006446,positive,1,recombination,protonation,node_0021 + node_0026 | h_transfer_recombination | protonation,node_0224,,C,3,1,,,,,0.4,0.72,0.488,0.786,21,2,21
node_1161,COC,Cyclic Olefin Copolymer,C11H18,"{""C"": 11, ""H"": 18}",150.14085058014,negative,-1,recombination,deprotonation,node_0021 + node_0026 | h_transfer_recombination | deprotonation,node_0224,,C,3,-1,,,,,0.4,0.72,0.488,0.6759999999999999,20,1,20
node_1162,COC,Cyclic Olefin Copolymer,C9H15,"{""C"": 9, ""H"": 15}",123.11737548345,positive,1,recombination,electron_loss,node_0021 + node_0028 | h_transfer_recombination | electron_loss,node_0225,,C,3,0,,,,,0.4,0.55,0.45,0.9040000000000001,12,3,11
node_1163,COC,Cyclic Olefin Copolymer,C9H15,"{""C"": 9, ""H"": 15}",123.11737548345,negative,-1,recombination,electron_gain,node_0021 + node_0028 | h_transfer_recombination | electron_gain,node_0225,,C,3,0,,,,,0.4,0.55,0.45,0.9040000000000001,7,3,7
node_1164,COC,Cyclic Olefin Copolymer,C9H16,"{""C"": 9, ""H"": 16}",124.12520051568,positive,1,recombination,protonation,node_0021 + node_0028 | h_transfer_recombination | protonation,node_0225,,C,3,1,,,,,0.4,0.72,0.488,0.942,8,3,6
node_1165,COC,Cyclic Olefin Copolymer,C9H14,"{""C"": 9, ""H"": 14}",122.10955045122,negative,-1,recombination,deprotonation,node_0021 + node_0028 | h_transfer_recombination | deprotonation,node_0225,,C,3,-1,,,,,0.4,0.72,0.488,0.942,13,3,11
node_1166,COC,Cyclic Olefin Copolymer,C10H17,"{""C"": 10, ""H"": 17}",137.13302554791,positive,1,recombination,electron_loss,node_0021 + node_0030 | h_transfer_recombination | electron_loss,node_0226,,C,3,0,,,,,0.4,0.55,0.45,0.8740000000000001,18,2,18
node_1167,COC,Cyclic Olefin Copolymer,C10H17,"{""C"": 10, ""H"": 17}",137.13302554791,negative,-1,recombination,electron_gain,node_0021 + node_0030 | h_transfer_recombination | electron_gain,node_0226,,C,3,0,,,,,0.4,0.55,0.45,0.8740000000000001,10,2,10
node_1168,COC,Cyclic Olefin Copolymer,C10H18,"{""C"": 10, ""H"": 18}",138.14085058014,positive,1,recombination,protonation,node_0021 + node_0030 | h_transfer_recombination | protonation,node_0226,,C,3,1,,,,,0.4,0.72,0.488,0.942,12,3,10
node_1169,COC,Cyclic Olefin Copolymer,C10H16,"{""C"": 10, ""H"": 16}",136.12520051568,negative,-1,recombination,deprotonation,node_0021 + node_0030 | h_transfer_recombination | deprotonation,node_0226,,C,3,-1,,,,,0.4,0.72,0.488,0.942,20,3,18
node_1170,COC,Cyclic Olefin Copolymer,C18H27,"{""C"": 18, ""H"": 27}",243.21127587021,positive,1,recombination,electron_loss,node_0022 + node_0024 | dehydrogenative_coupling | electron_loss,node_0227,,C,3,-2,H2,,,,0.4,0.55,0.34,0.51,6,1,6
node_1171,COC,Cyclic Olefin Copolymer,C18H27,"{""C"": 18, ""H"": 27}",243.21127587021,negative,-1,recombination,electron_gain,node_0022 + node_0024 | dehydrogenative_coupling | electron_gain,node_0227,,C,3,-2,H2,,,,0.4,0.55,0.34,0.5960000000000001,19,1,19
node_1172,COC,Cyclic Olefin Copolymer,C18H28,"{""C"": 18, ""H"": 28}",244.21910090244,positive,1,recombination,protonation,node_0022 + node_0024 | dehydrogenative_coupling | protonation,node_0227,,C,3,-1,H2,,,,0.4,0.72,0.438,0.6080000000000001,19,1,19
node_1173,COC,Cyclic Olefin Copolymer,C18H26,"{""C"": 18, ""H"": 26}",242.20345083798,negative,-1,recombination,deprotonation,node_0022 + node_0024 | dehydrogenative_coupling | deprotonation,node_0227,,C,3,-3,H2,,,,0.4,0.72,0.37800000000000006,0.548,6,1,6
node_1174,COC,Cyclic Olefin Copolymer,C18H29,"{""C"": 18, ""H"": 29}",245.22692593467,positive,1,recombination,electron_loss,node_0022 + node_0025 | h_transfer_recombination | electron_loss,node_0228,,C,3,0,,,,,0.4,0.55,0.4,0.6559999999999999,27,1,27
node_1175,COC,Cyclic Olefin Copolymer,C18H29,"{""C"": 18, ""H"": 29}",245.22692593467,negative,-1,recombination,electron_gain,node_0022 + node_0025 | h_transfer_recombination | electron_gain,node_0228,,C,3,0,,,,,0.4,0.55,0.4,0.6559999999999999,16,1,16
node_1176,COC,Cyclic Olefin Copolymer,C18H30,"{""C"": 18, ""H"": 30}",246.2347509669,positive,1,recombination,protonation,node_0022 + node_0025 | h_transfer_recombination | protonation,node_0228,,C,3,1,,,,,0.4,0.72,0.438,0.6859999999999999,16,1,16
node_1177,COC,Cyclic Olefin Copolymer,C18H28,"{""C"": 18, ""H"": 28}",244.21910090244,negative,-1,recombination,deprotonation,node_0022 + node_0025 | h_transfer_recombination | deprotonation,node_0228,,C,3,-1,,,,,0.4,0.72,0.438,0.6260000000000001,27,1,27
node_1178,COC,Cyclic Olefin Copolymer,C19H29,"{""C"": 19, ""H"": 29}",257.22692593467,positive,1,recombination,electron_loss,node_0022 + node_0026 | dehydrogenative_coupling | electron_loss,node_0229,,C,3,-2,H2,,,,0.4,0.55,0.34,0.43,2,1,2
node_1179,COC,Cyclic Olefin Copolymer,C19H29,"{""C"": 19, ""H"": 29}",257.22692593467,negative,-1,recombination,electron_gain,node_0022 + node_0026 | dehydrogenative_coupling | electron_gain,node_0229,,C,3,-2,H2,,,,0.4,0.55,0.34,0.5960000000000001,10,1,10
node_1180,COC,Cyclic Olefin Copolymer,C19H30,"{""C"": 19, ""H"": 30}",258.2347509669,positive,1,recombination,protonation,node_0022 + node_0026 | dehydrogenative_coupling | protonation,node_0229,,C,3,-1,H2,,,,0.4,0.72,0.438,0.6080000000000001,10,1,10
node_1181,COC,Cyclic Olefin Copolymer,C19H28,"{""C"": 19, ""H"": 28}",256.21910090244,negative,-1,recombination,deprotonation,node_0022 + node_0026 | dehydrogenative_coupling | deprotonation,node_0229,,C,3,-3,H2,,,,0.4,0.72,0.37800000000000006,0.468,2,1,2
node_1182,COC,Cyclic Olefin Copolymer,C19H31,"{""C"": 19, ""H"": 31}",259.24257599913,positive,1,recombination,electron_loss,node_0022 + node_0027 | h_transfer_recombination | electron_loss,node_0230,,C,3,0,,,,,0.4,0.55,0.4,0.6559999999999999,20,1,20
node_1183,COC,Cyclic Olefin Copolymer,C19H31,"{""C"": 19, ""H"": 31}",259.24257599913,negative,-1,recombination,electron_gain,node_0022 + node_0027 | h_transfer_recombination | electron_gain,node_0230,,C,3,0,,,,,0.4,0.55,0.4,0.6559999999999999,20,1,20
node_1184,COC,Cyclic Olefin Copolymer,C19H32,"{""C"": 19, ""H"": 32}",260.25040103136,positive,1,recombination,protonation,node_0022 + node_0027 | h_transfer_recombination | protonation,node_0230,,C,3,1,,,,,0.4,0.72,0.438,0.6859999999999999,20,1,20
node_1185,COC,Cyclic Olefin Copolymer,C19H30,"{""C"": 19, ""H"": 30}",258.2347509669,negative,-1,recombination,deprotonation,node_0022 + node_0027 | h_transfer_recombination | deprotonation,node_0230,,C,3,-1,,,,,0.4,0.72,0.438,0.6260000000000001,20,1,20
node_1186,COC,Cyclic Olefin Copolymer,C17H25,"{""C"": 17, ""H"": 25}",229.19562580575,positive,1,recombination,electron_loss,node_0022 + node_0028 | dehydrogenative_coupling | electron_loss,node_0231,,C,3,-2,H2,,,,0.4,0.55,0.34,0.56,12,1,12
node_1187,COC,Cyclic Olefin Copolymer,C17H25,"{""C"": 17, ""H"": 25}",229.19562580575,negative,-1,recombination,electron_gain,node_0022 + node_0028 | dehydrogenative_coupling | electron_gain,node_0231,,C,3,-2,H2,,,,0.4,0.55,0.34,0.5780000000000001,26,1,26
node_1188,COC,Cyclic Olefin Copolymer,C17H26,"{""C"": 17, ""H"": 26}",230.20345083798,positive,1,recombination,protonation,node_0022 + node_0028 | dehydrogenative_coupling | protonation,node_0231,,C,3,-1,H2,,,,0.4,0.72,0.438,0.6080000000000001,26,1,26
node_1189,COC,Cyclic Olefin Copolymer,C17H24,"{""C"": 17, ""H"": 24}",228.18780077352,negative,-1,recombination,deprotonation,node_0022 + node_0028 | dehydrogenative_coupling | deprotonation,node_0231,,C,3,-3,H2,,,,0.4,0.72,0.37800000000000006,0.548,12,1,12
node_1190,COC,Cyclic Olefin Copolymer,C17H27,"{""C"": 17, ""H"": 27}",231.21127587021,positive,1,recombination,electron_loss,node_0022 + node_0029 | h_transfer_recombination | electron_loss,node_0232,,C,3,0,,,,,0.4,0.55,0.4,0.6380000000000001,28,1,28
node_1191,COC,Cyclic Olefin Copolymer,C17H27,"{""C"": 17, ""H"": 27}",231.21127587021,negative,-1,recombination,electron_gain,node_0022 + node_0029 | h_transfer_recombination | electron_gain,node_0232,,C,3,0,,,,,0.4,0.55,0.4,0.5700000000000001,12,1,12
node_1192,COC,Cyclic Olefin Copolymer,C17H28,"{""C"": 17, ""H"": 28}",232.21910090244,positive,1,recombination,protonation,node_0022 + node_0029 | h_transfer_recombination | protonation,node_0232,,C,3,1,,,,,0.4,0.72,0.438,0.6080000000000001,12,1,12
node_1193,COC,Cyclic Olefin Copolymer,C17H26,"{""C"": 17, ""H"": 26}",230.20345083798,negative,-1,recombination,deprotonation,node_0022 + node_0029 | h_transfer_recombination | deprotonation,node_0232,,C,3,-1,,,,,0.4,0.72,0.438,0.6080000000000001,28,1,28
node_1194,COC,Cyclic Olefin Copolymer,C18H27,"{""C"": 18, ""H"": 27}",243.21127587021,positive,1,recombination,electron_loss,node_0022 + node_0030 | dehydrogenative_coupling | electron_loss,node_0233,,C,3,-2,H2,,,,0.4,0.55,0.34,0.51,6,1,6
node_1195,COC,Cyclic Olefin Copolymer,C18H27,"{""C"": 18, ""H"": 27}",243.21127587021,negative,-1,recombination,electron_gain,node_0022 + node_0030 | dehydrogenative_coupling | electron_gain,node_0233,,C,3,-2,H2,,,,0.4,0.55,0.34,0.5960000000000001,19,1,19
node_1196,COC,Cyclic Olefin Copolymer,C18H28,"{""C"": 18, ""H"": 28}",244.21910090244,positive,1,recombination,protonation,node_0022 + node_0030 | dehydrogenative_coupling | protonation,node_0233,,C,3,-1,H2,,,,0.4,0.72,0.438,0.6080000000000001,19,1,19
node_1197,COC,Cyclic Olefin Copolymer,C18H26,"{""C"": 18, ""H"": 26}",242.20345083798,negative,-1,recombination,deprotonation,node_0022 + node_0030 | dehydrogenative_coupling | deprotonation,node_0233,,C,3,-3,H2,,,,0.4,0.72,0.37800000000000006,0.548,6,1,6
node_1198,COC,Cyclic Olefin Copolymer,C18H29,"{""C"": 18, ""H"": 29}",245.22692593467,positive,1,recombination,electron_loss,node_0022 + node_0031 | h_transfer_recombination | electron_loss,node_0234,,C,3,0,,,,,0.4,0.55,0.4,0.6559999999999999,27,1,27
node_1199,COC,Cyclic Olefin Copolymer,C18H29,"{""C"": 18, ""H"": 29}",245.22692593467,negative,-1,recombination,electron_gain,node_0022 + node_0031 | h_transfer_recombination | electron_gain,node_0234,,C,3,0,,,,,0.4,0.55,0.4,0.6559999999999999,16,1,16
node_1200,COC,Cyclic Olefin Copolymer,C18H30,"{""C"": 18, ""H"": 30}",246.2347509669,positive,1,recombination,protonation,node_0022 + node_0031 | h_transfer_recombination | protonation,node_0234,,C,3,1,,,,,0.4,0.72,0.438,0.6859999999999999,16,1,16
node_1201,COC,Cyclic Olefin Copolymer,C18H28,"{""C"": 18, ""H"": 28}",244.21910090244,negative,-1,recombination,deprotonation,node_0022 + node_0031 | h_transfer_recombination | deprotonation,node_0234,,C,3,-1,,,,,0.4,0.72,0.438,0.6260000000000001,27,1,27
node_1202,COC,Cyclic Olefin Copolymer,C18H29,"{""C"": 18, ""H"": 29}",245.22692593467,positive,1,recombination,electron_loss,node_0023 + node_0024 | h_transfer_recombination | electron_loss,node_0235,,C,3,0,,,,,0.4,0.55,0.4,0.6559999999999999,27,1,27
node_1203,COC,Cyclic Olefin Copolymer,C18H29,"{""C"": 18, ""H"": 29}",245.22692593467,negative,-1,recombination,electron_gain,node_0023 + node_0024 | h_transfer_recombination | electron_gain,node_0235,,C,3,0,,,,,0.4,0.55,0.4,0.6559999999999999,16,1,16
node_1204,COC,Cyclic Olefin Copolymer,C18H30,"{""C"": 18, ""H"": 30}",246.2347509669,positive,1,recombination,protonation,node_0023 + node_0024 | h_transfer_recombination | protonation,node_0235,,C,3,1,,,,,0.4,0.72,0.438,0.6859999999999999,16,1,16
node_1205,COC,Cyclic Olefin Copolymer,C18H28,"{""C"": 18, ""H"": 28}",244.21910090244,negative,-1,recombination,deprotonation,node_0023 + node_0024 | h_transfer_recombination | deprotonation,node_0235,,C,3,-1,,,,,0.4,0.72,0.438,0.6260000000000001,27,1,27
node_1206,COC,Cyclic Olefin Copolymer,C19H31,"{""C"": 19, ""H"": 31}",259.24257599913,positive,1,recombination,electron_loss,node_0023 + node_0026 | h_transfer_recombination | electron_loss,node_0236,,C,3,0,,,,,0.4,0.55,0.4,0.6559999999999999,20,1,20
node_1207,COC,Cyclic Olefin Copolymer,C19H31,"{""C"": 19, ""H"": 31}",259.24257599913,negative,-1,recombination,electron_gain,node_0023 + node_0026 | h_transfer_recombination | electron_gain,node_0236,,C,3,0,,,,,0.4,0.55,0.4,0.6559999999999999,20,1,20
node_1208,COC,Cyclic Olefin Copolymer,C19H32,"{""C"": 19, ""H"": 32}",260.25040103136,positive,1,recombination,protonation,node_0023 + node_0026 | h_transfer_recombination | protonation,node_0236,,C,3,1,,,,,0.4,0.72,0.438,0.6859999999999999,20,1,20
node_1209,COC,Cyclic Olefin Copolymer,C19H30,"{""C"": 19, ""H"": 30}",258.2347509669,negative,-1,recombination,deprotonation,node_0023 + node_0026 | h_transfer_recombination | deprotonation,node_0236,,C,3,-1,,,,,0.4,0.72,0.438,0.6260000000000001,20,1,20
node_1210,COC,Cyclic Olefin Copolymer,C17H27,"{""C"": 17, ""H"": 27}",231.21127587021,positive,1,recombination,electron_loss,node_0023 + node_0028 | h_transfer_recombination | electron_loss,node_0237,,C,3,0,,,,,0.4,0.55,0.4,0.6380000000000001,28,1,28
node_1211,COC,Cyclic Olefin Copolymer,C17H27,"{""C"": 17, ""H"": 27}",231.21127587021,negative,-1,recombination,electron_gain,node_0023 + node_0028 | h_transfer_recombination | electron_gain,node_0237,,C,3,0,,,,,0.4,0.55,0.4,0.5700000000000001,12,1,12
node_1212,COC,Cyclic Olefin Copolymer,C17H28,"{""C"": 17, ""H"": 28}",232.21910090244,positive,1,recombination,protonation,node_0023 + node_0028 | h_transfer_recombination | protonation,node_0237,,C,3,1,,,,,0.4,0.72,0.438,0.6080000000000001,12,1,12
node_1213,COC,Cyclic Olefin Copolymer,C17H26,"{""C"": 17, ""H"": 26}",230.20345083798,negative,-1,recombination,deprotonation,node_0023 + node_0028 | h_transfer_recombination | deprotonation,node_0237,,C,3,-1,,,,,0.4,0.72,0.438,0.6080000000000001,28,1,28
node_1214,COC,Cyclic Olefin Copolymer,C18H29,"{""C"": 18, ""H"": 29}",245.22692593467,positive,1,recombination,electron_loss,node_0023 + node_0030 | h_transfer_recombination | electron_loss,node_0238,,C,3,0,,,,,0.4,0.55,0.4,0.6559999999999999,27,1,27
node_1215,COC,Cyclic Olefin Copolymer,C18H29,"{""C"": 18, ""H"": 29}",245.22692593467,negative,-1,recombination,electron_gain,node_0023 + node_0030 | h_transfer_recombination | electron_gain,node_0238,,C,3,0,,,,,0.4,0.55,0.4,0.6559999999999999,16,1,16
node_1216,COC,Cyclic Olefin Copolymer,C18H30,"{""C"": 18, ""H"": 30}",246.2347509669,positive,1,recombination,protonation,node_0023 + node_0030 | h_transfer_recombination | protonation,node_0238,,C,3,1,,,,,0.4,0.72,0.438,0.6859999999999999,16,1,16
node_1217,COC,Cyclic Olefin Copolymer,C18H28,"{""C"": 18, ""H"": 28}",244.21910090244,negative,-1,recombination,deprotonation,node_0023 + node_0030 | h_transfer_recombination | deprotonation,node_0238,,C,3,-1,,,,,0.4,0.72,0.438,0.6260000000000001,27,1,27
node_1218,COC,Cyclic Olefin Copolymer,C17H24,"{""C"": 17, ""H"": 24}",228.18780077352,positive,1,recombination,electron_loss,node_0024 + node_0026 | dehydrogenative_coupling | electron_loss,node_0239,,C,4,-2,H2,,,,0.32,0.55,0.29200000000000004,0.382,2,1,2
node_1219,COC,Cyclic Olefin Copolymer,C17H24,"{""C"": 17, ""H"": 24}",228.18780077352,negative,-1,recombination,electron_gain,node_0024 + node_0026 | dehydrogenative_coupling | electron_gain,node_0239,,C,4,-2,H2,,,,0.32,0.55,0.29200000000000004,0.548,12,1,12
node_1220,COC,Cyclic Olefin Copolymer,C17H25,"{""C"": 17, ""H"": 25}",229.19562580575,positive,1,recombination,protonation,node_0024 + node_0026 | dehydrogenative_coupling | protonation,node_0239,,C,4,-1,H2,,,,0.32,0.72,0.38999999999999996,0.56,12,1,12
node_1221,COC,Cyclic Olefin Copolymer,C17H23,"{""C"": 17, ""H"": 23}",227.17997574129,negative,-1,recombination,deprotonation,node_0024 + node_0026 | dehydrogenative_coupling | deprotonation,node_0239,,C,4,-3,H2,,,,0.32,0.72,0.33,0.42,2,1,2
node_1222,COC,Cyclic Olefin Copolymer,C17H26,"{""C"": 17, ""H"": 26}",230.20345083798,positive,1,recombination,electron_loss,node_0024 + node_0027 | h_transfer_recombination | electron_loss,node_0240,,C,4,0,,,,,0.32,0.55,0.35200000000000004,0.6080000000000001,26,1,26
node_1223,COC,Cyclic Olefin Copolymer,C17H26,"{""C"": 17, ""H"": 26}",230.20345083798,negative,-1,recombination,electron_gain,node_0024 + node_0027 | h_transfer_recombination | electron_gain,node_0240,,C,4,0,,,,,0.32,0.55,0.35200000000000004,0.6080000000000001,28,1,28
node_1224,COC,Cyclic Olefin Copolymer,C17H27,"{""C"": 17, ""H"": 27}",231.21127587021,positive,1,recombination,protonation,node_0024 + node_0027 | h_transfer_recombination | protonation,node_0240,,C,4,1,,,,,0.32,0.72,0.38999999999999996,0.6380000000000001,28,1,28
node_1225,COC,Cyclic Olefin Copolymer,C17H25,"{""C"": 17, ""H"": 25}",229.19562580575,negative,-1,recombination,deprotonation,node_0024 + node_0027 | h_transfer_recombination | deprotonation,node_0240,,C,4,-1,,,,,0.32,0.72,0.38999999999999996,0.5780000000000001,26,1,26
node_1226,COC,Cyclic Olefin Copolymer,C15H20,"{""C"": 15, ""H"": 20}",200.1565006446,positive,1,recombination,electron_loss,node_0024 + node_0028 | dehydrogenative_coupling | electron_loss,node_0241,,C,4,-2,H2,,,,0.32,0.55,0.29200000000000004,0.382,2,1,2
node_1227,COC,Cyclic Olefin Copolymer,C15H20,"{""C"": 15, ""H"": 20}",200.1565006446,negative,-1,recombination,electron_gain,node_0024 + node_0028 | dehydrogenative_coupling | electron_gain,node_0241,,C,4,-2,H2,,,,0.32,0.55,0.29200000000000004,0.53,6,1,6
node_1228,COC,Cyclic Olefin Copolymer,C15H21,"{""C"": 15, ""H"": 21}",201.16432567683,positive,1,recombination,protonation,node_0024 + node_0028 | dehydrogenative_coupling | protonation,node_0241,,C,4,-1,H2,,,,0.32,0.72,0.38999999999999996,0.56,6,1,6
node_1229,COC,Cyclic Olefin Copolymer,C15H19,"{""C"": 15, ""H"": 19}",199.14867561237,negative,-1,recombination,deprotonation,node_0024 + node_0028 | dehydrogenative_coupling | deprotonation,node_0241,,C,4,-3,H2,,,,0.32,0.72,0.38,0.47,2,1,2
node_1230,COC,Cyclic Olefin Copolymer,C15H22,"{""C"": 15, ""H"": 22}",202.17215070906,positive,1,recombination,electron_loss,node_0024 + node_0029 | h_transfer_recombination | electron_loss,node_0242,,C,4,0,,,,,0.32,0.55,0.35200000000000004,0.5900000000000001,8,1,8
node_1231,COC,Cyclic Olefin Copolymer,C15H22,"{""C"": 15, ""H"": 22}",202.17215070906,negative,-1,recombination,electron_gain,node_0024 + node_0029 | h_transfer_recombination | electron_gain,node_0242,,C,4,0,,,,,0.32,0.55,0.35200000000000004,0.522,4,1,4
node_1232,COC,Cyclic Olefin Copolymer,C15H23,"{""C"": 15, ""H"": 23}",203.17997574129,positive,1,recombination,protonation,node_0024 + node_0029 | h_transfer_recombination | protonation,node_0242,,C,4,1,,,,,0.32,0.72,0.38999999999999996,0.56,4,1,4
node_1233,COC,Cyclic Olefin Copolymer,C15H21,"{""C"": 15, ""H"": 21}",201.16432567683,negative,-1,recombination,deprotonation,node_0024 + node_0029 | h_transfer_recombination | deprotonation,node_0242,,C,4,-1,,,,,0.32,0.72,0.38999999999999996,0.56,8,1,8
node_1234,COC,Cyclic Olefin Copolymer,C16H22,"{""C"": 16, ""H"": 22}",214.17215070906,positive,1,recombination,electron_loss,node_0024 + node_0030 | dehydrogenative_coupling | electron_loss,node_0243,,C,4,-2,H2,,,,0.32,0.55,0.29200000000000004,0.382,2,1,2
node_1235,COC,Cyclic Olefin Copolymer,C16H22,"{""C"": 16, ""H"": 22}",214.17215070906,negative,-1,recombination,electron_gain,node_0024 + node_0030 | dehydrogenative_coupling | electron_gain,node_0243,,C,4,-2,H2,,,,0.32,0.55,0.29200000000000004,0.548,8,1,8
node_1236,COC,Cyclic Olefin Copolymer,C16H23,"{""C"": 16, ""H"": 23}",215.17997574129,positive,1,recombination,protonation,node_0024 + node_0030 | dehydrogenative_coupling | protonation,node_0243,,C,4,-1,H2,,,,0.32,0.72,0.38999999999999996,0.56,8,1,8
node_1237,COC,Cyclic Olefin Copolymer,C16H21,"{""C"": 16, ""H"": 21}",213.16432567683,negative,-1,recombination,deprotonation,node_0024 + node_0030 | dehydrogenative_coupling | deprotonation,node_0243,,C,4,-3,H2,,,,0.32,0.72,0.33,0.42,2,1,2
node_1238,COC,Cyclic Olefin Copolymer,C16H24,"{""C"": 16, ""H"": 24}",216.18780077352,positive,1,recombination,electron_loss,node_0024 + node_0031 | h_transfer_recombination | electron_loss,node_0244,,C,4,0,,,,,0.32,0.55,0.35200000000000004,0.6080000000000001,14,1,14
node_1239,COC,Cyclic Olefin Copolymer,C16H24,"{""C"": 16, ""H"": 24}",216.18780077352,negative,-1,recombination,electron_gain,node_0024 + node_0031 | h_transfer_recombination | electron_gain,node_0244,,C,4,0,,,,,0.32,0.55,0.35200000000000004,0.6080000000000001,12,1,12
node_1240,COC,Cyclic Olefin Copolymer,C16H25,"{""C"": 16, ""H"": 25}",217.19562580575,positive,1,recombination,protonation,node_0024 + node_0031 | h_transfer_recombination | protonation,node_0244,,C,4,1,,,,,0.32,0.72,0.38999999999999996,0.6380000000000001,12,1,12
node_1241,COC,Cyclic Olefin Copolymer,C16H23,"{""C"": 16, ""H"": 23}",215.17997574129,negative,-1,recombination,deprotonation,node_0024 + node_0031 | h_transfer_recombination | deprotonation,node_0244,,C,4,-1,,,,,0.32,0.72,0.38999999999999996,0.5780000000000001,14,1,14
node_1242,COC,Cyclic Olefin Copolymer,C17H26,"{""C"": 17, ""H"": 26}",230.20345083798,positive,1,recombination,electron_loss,node_0025 + node_0026 | h_transfer_recombination | electron_loss,node_0245,,C,4,0,,,,,0.32,0.55,0.35200000000000004,0.6080000000000001,26,1,26
node_1243,COC,Cyclic Olefin Copolymer,C17H26,"{""C"": 17, ""H"": 26}",230.20345083798,negative,-1,recombination,electron_gain,node_0025 + node_0026 | h_transfer_recombination | electron_gain,node_0245,,C,4,0,,,,,0.32,0.55,0.35200000000000004,0.6080000000000001,28,1,28
node_1244,COC,Cyclic Olefin Copolymer,C17H27,"{""C"": 17, ""H"": 27}",231.21127587021,positive,1,recombination,protonation,node_0025 + node_0026 | h_transfer_recombination | protonation,node_0245,,C,4,1,,,,,0.32,0.72,0.38999999999999996,0.6380000000000001,28,1,28
node_1245,COC,Cyclic Olefin Copolymer,C17H25,"{""C"": 17, ""H"": 25}",229.19562580575,negative,-1,recombination,deprotonation,node_0025 + node_0026 | h_transfer_recombination | deprotonation,node_0245,,C,4,-1,,,,,0.32,0.72,0.38999999999999996,0.5780000000000001,26,1,26
node_1246,COC,Cyclic Olefin Copolymer,C15H22,"{""C"": 15, ""H"": 22}",202.17215070906,positive,1,recombination,electron_loss,node_0025 + node_0028 | h_transfer_recombination | electron_loss,node_0246,,C,4,0,,,,,0.32,0.55,0.35200000000000004,0.5900000000000001,8,1,8
node_1247,COC,Cyclic Olefin Copolymer,C15H22,"{""C"": 15, ""H"": 22}",202.17215070906,negative,-1,recombination,electron_gain,node_0025 + node_0028 | h_transfer_recombination | electron_gain,node_0246,,C,4,0,,,,,0.32,0.55,0.35200000000000004,0.522,4,1,4
node_1248,COC,Cyclic Olefin Copolymer,C15H23,"{""C"": 15, ""H"": 23}",203.17997574129,positive,1,recombination,protonation,node_0025 + node_0028 | h_transfer_recombination | protonation,node_0246,,C,4,1,,,,,0.32,0.72,0.38999999999999996,0.56,4,1,4
node_1249,COC,Cyclic Olefin Copolymer,C15H21,"{""C"": 15, ""H"": 21}",201.16432567683,negative,-1,recombination,deprotonation,node_0025 + node_0028 | h_transfer_recombination | deprotonation,node_0246,,C,4,-1,,,,,0.32,0.72,0.38999999999999996,0.56,8,1,8
node_1250,COC,Cyclic Olefin Copolymer,C16H24,"{""C"": 16, ""H"": 24}",216.18780077352,positive,1,recombination,electron_loss,node_0025 + node_0030 | h_transfer_recombination | electron_loss,node_0247,,C,4,0,,,,,0.32,0.55,0.35200000000000004,0.6080000000000001,14,1,14
node_1251,COC,Cyclic Olefin Copolymer,C16H24,"{""C"": 16, ""H"": 24}",216.18780077352,negative,-1,recombination,electron_gain,node_0025 + node_0030 | h_transfer_recombination | electron_gain,node_0247,,C,4,0,,,,,0.32,0.55,0.35200000000000004,0.6080000000000001,12,1,12
node_1252,COC,Cyclic Olefin Copolymer,C16H25,"{""C"": 16, ""H"": 25}",217.19562580575,positive,1,recombination,protonation,node_0025 + node_0030 | h_transfer_recombination | protonation,node_0247,,C,4,1,,,,,0.32,0.72,0.38999999999999996,0.6380000000000001,12,1,12
node_1253,COC,Cyclic Olefin Copolymer,C16H23,"{""C"": 16, ""H"": 23}",215.17997574129,negative,-1,recombination,deprotonation,node_0025 + node_0030 | h_transfer_recombination | deprotonation,node_0247,,C,4,-1,,,,,0.32,0.72,0.38999999999999996,0.5780000000000001,14,1,14
node_1254,COC,Cyclic Olefin Copolymer,C16H22,"{""C"": 16, ""H"": 22}",214.17215070906,positive,1,recombination,electron_loss,node_0026 + node_0028 | dehydrogenative_coupling | electron_loss,node_0248,,C,4,-2,H2,,,,0.32,0.55,0.29200000000000004,0.382,2,1,2
node_1255,COC,Cyclic Olefin Copolymer,C16H22,"{""C"": 16, ""H"": 22}",214.17215070906,negative,-1,recombination,electron_gain,node_0026 + node_0028 | dehydrogenative_coupling | electron_gain,node_0248,,C,4,-2,H2,,,,0.32,0.55,0.29200000000000004,0.548,8,1,8
node_1256,COC,Cyclic Olefin Copolymer,C16H23,"{""C"": 16, ""H"": 23}",215.17997574129,positive,1,recombination,protonation,node_0026 + node_0028 | dehydrogenative_coupling | protonation,node_0248,,C,4,-1,H2,,,,0.32,0.72,0.38999999999999996,0.56,8,1,8
node_1257,COC,Cyclic Olefin Copolymer,C16H21,"{""C"": 16, ""H"": 21}",213.16432567683,negative,-1,recombination,deprotonation,node_0026 + node_0028 | dehydrogenative_coupling | deprotonation,node_0248,,C,4,-3,H2,,,,0.32,0.72,0.33,0.42,2,1,2
node_1258,COC,Cyclic Olefin Copolymer,C16H24,"{""C"": 16, ""H"": 24}",216.18780077352,positive,1,recombination,electron_loss,node_0026 + node_0029 | h_transfer_recombination | electron_loss,node_0249,,C,4,0,,,,,0.32,0.55,0.35200000000000004,0.6080000000000001,14,1,14
node_1259,COC,Cyclic Olefin Copolymer,C16H24,"{""C"": 16, ""H"": 24}",216.18780077352,negative,-1,recombination,electron_gain,node_0026 + node_0029 | h_transfer_recombination | electron_gain,node_0249,,C,4,0,,,,,0.32,0.55,0.35200000000000004,0.6080000000000001,12,1,12
node_1260,COC,Cyclic Olefin Copolymer,C16H25,"{""C"": 16, ""H"": 25}",217.19562580575,positive,1,recombination,protonation,node_0026 + node_0029 | h_transfer_recombination | protonation,node_0249,,C,4,1,,,,,0.32,0.72,0.38999999999999996,0.6380000000000001,12,1,12
node_1261,COC,Cyclic Olefin Copolymer,C16H23,"{""C"": 16, ""H"": 23}",215.17997574129,negative,-1,recombination,deprotonation,node_0026 + node_0029 | h_transfer_recombination | deprotonation,node_0249,,C,4,-1,,,,,0.32,0.72,0.38999999999999996,0.5780000000000001,14,1,14
node_1262,COC,Cyclic Olefin Copolymer,C17H24,"{""C"": 17, ""H"": 24}",228.18780077352,positive,1,recombination,electron_loss,node_0026 + node_0030 | dehydrogenative_coupling | electron_loss,node_0250,,C,4,-2,H2,,,,0.32,0.55,0.29200000000000004,0.382,2,1,2
node_1263,COC,Cyclic Olefin Copolymer,C17H24,"{""C"": 17, ""H"": 24}",228.18780077352,negative,-1,recombination,electron_gain,node_0026 + node_0030 | dehydrogenative_coupling | electron_gain,node_0250,,C,4,-2,H2,,,,0.32,0.55,0.29200000000000004,0.548,12,1,12
node_1264,COC,Cyclic Olefin Copolymer,C17H25,"{""C"": 17, ""H"": 25}",229.19562580575,positive,1,recombination,protonation,node_0026 + node_0030 | dehydrogenative_coupling | protonation,node_0250,,C,4,-1,H2,,,,0.32,0.72,0.38999999999999996,0.56,12,1,12
node_1265,COC,Cyclic Olefin Copolymer,C17H23,"{""C"": 17, ""H"": 23}",227.17997574129,negative,-1,recombination,deprotonation,node_0026 + node_0030 | dehydrogenative_coupling | deprotonation,node_0250,,C,4,-3,H2,,,,0.32,0.72,0.33,0.42,2,1,2
node_1266,COC,Cyclic Olefin Copolymer,C17H26,"{""C"": 17, ""H"": 26}",230.20345083798,positive,1,recombination,electron_loss,node_0026 + node_0031 | h_transfer_recombination | electron_loss,node_0251,,C,4,0,,,,,0.32,0.55,0.35200000000000004,0.6080000000000001,26,1,26
node_1267,COC,Cyclic Olefin Copolymer,C17H26,"{""C"": 17, ""H"": 26}",230.20345083798,negative,-1,recombination,electron_gain,node_0026 + node_0031 | h_transfer_recombination | electron_gain,node_0251,,C,4,0,,,,,0.32,0.55,0.35200000000000004,0.6080000000000001,28,1,28
node_1268,COC,Cyclic Olefin Copolymer,C17H27,"{""C"": 17, ""H"": 27}",231.21127587021,positive,1,recombination,protonation,node_0026 + node_0031 | h_transfer_recombination | protonation,node_0251,,C,4,1,,,,,0.32,0.72,0.38999999999999996,0.6380000000000001,28,1,28
node_1269,COC,Cyclic Olefin Copolymer,C17H25,"{""C"": 17, ""H"": 25}",229.19562580575,negative,-1,recombination,deprotonation,node_0026 + node_0031 | h_transfer_recombination | deprotonation,node_0251,,C,4,-1,,,,,0.32,0.72,0.38999999999999996,0.5780000000000001,26,1,26
node_1270,COC,Cyclic Olefin Copolymer,C16H24,"{""C"": 16, ""H"": 24}",216.18780077352,positive,1,recombination,electron_loss,node_0027 + node_0028 | h_transfer_recombination | electron_loss,node_0252,,C,4,0,,,,,0.32,0.55,0.35200000000000004,0.6080000000000001,14,1,14
node_1271,COC,Cyclic Olefin Copolymer,C16H24,"{""C"": 16, ""H"": 24}",216.18780077352,negative,-1,recombination,electron_gain,node_0027 + node_0028 | h_transfer_recombination | electron_gain,node_0252,,C,4,0,,,,,0.32,0.55,0.35200000000000004,0.6080000000000001,12,1,12
node_1272,COC,Cyclic Olefin Copolymer,C16H25,"{""C"": 16, ""H"": 25}",217.19562580575,positive,1,recombination,protonation,node_0027 + node_0028 | h_transfer_recombination | protonation,node_0252,,C,4,1,,,,,0.32,0.72,0.38999999999999996,0.6380000000000001,12,1,12
node_1273,COC,Cyclic Olefin Copolymer,C16H23,"{""C"": 16, ""H"": 23}",215.17997574129,negative,-1,recombination,deprotonation,node_0027 + node_0028 | h_transfer_recombination | deprotonation,node_0252,,C,4,-1,,,,,0.32,0.72,0.38999999999999996,0.5780000000000001,14,1,14
node_1274,COC,Cyclic Olefin Copolymer,C17H26,"{""C"": 17, ""H"": 26}",230.20345083798,positive,1,recombination,electron_loss,node_0027 + node_0030 | h_transfer_recombination | electron_loss,node_0253,,C,4,0,,,,,0.32,0.55,0.35200000000000004,0.6080000000000001,26,1,26
node_1275,COC,Cyclic Olefin Copolymer,C17H26,"{""C"": 17, ""H"": 26}",230.20345083798,negative,-1,recombination,electron_gain,node_0027 + node_0030 | h_transfer_recombination | electron_gain,node_0253,,C,4,0,,,,,0.32,0.55,0.35200000000000004,0.6080000000000001,28,1,28
node_1276,COC,Cyclic Olefin Copolymer,C17H27,"{""C"": 17, ""H"": 27}",231.21127587021,positive,1,recombination,protonation,node_0027 + node_0030 | h_transfer_recombination | protonation,node_0253,,C,4,1,,,,,0.32,0.72,0.38999999999999996,0.6380000000000001,28,1,28
node_1277,COC,Cyclic Olefin Copolymer,C17H25,"{""C"": 17, ""H"": 25}",229.19562580575,negative,-1,recombination,deprotonation,node_0027 + node_0030 | h_transfer_recombination | deprotonation,node_0253,,C,4,-1,,,,,0.32,0.72,0.38999999999999996,0.5780000000000001,26,1,26
node_1278,COC,Cyclic Olefin Copolymer,C15H20,"{""C"": 15, ""H"": 20}",200.1565006446,positive,1,recombination,electron_loss,node_0028 + node_0030 | dehydrogenative_coupling | electron_loss,node_0254,,C,4,-2,H2,,,,0.32,0.55,0.29200000000000004,0.382,2,1,2
node_1279,COC,Cyclic Olefin Copolymer,C15H20,"{""C"": 15, ""H"": 20}",200.1565006446,negative,-1,recombination,electron_gain,node_0028 + node_0030 | dehydrogenative_coupling | electron_gain,node_0254,,C,4,-2,H2,,,,0.32,0.55,0.29200000000000004,0.53,6,1,6
node_1280,COC,Cyclic Olefin Copolymer,C15H21,"{""C"": 15, ""H"": 21}",201.16432567683,positive,1,recombination,protonation,node_0028 + node_0030 | dehydrogenative_coupling | protonation,node_0254,,C,4,-1,H2,,,,0.32,0.72,0.38999999999999996,0.56,6,1,6
node_1281,COC,Cyclic Olefin Copolymer,C15H19,"{""C"": 15, ""H"": 19}",199.14867561237,negative,-1,recombination,deprotonation,node_0028 + node_0030 | dehydrogenative_coupling | deprotonation,node_0254,,C,4,-3,H2,,,,0.32,0.72,0.38,0.47,2,1,2
node_1282,COC,Cyclic Olefin Copolymer,C15H22,"{""C"": 15, ""H"": 22}",202.17215070906,positive,1,recombination,electron_loss,node_0028 + node_0031 | h_transfer_recombination | electron_loss,node_0255,,C,4,0,,,,,0.32,0.55,0.35200000000000004,0.5900000000000001,8,1,8
node_1283,COC,Cyclic Olefin Copolymer,C15H22,"{""C"": 15, ""H"": 22}",202.17215070906,negative,-1,recombination,electron_gain,node_0028 + node_0031 | h_transfer_recombination | electron_gain,node_0255,,C,4,0,,,,,0.32,0.55,0.35200000000000004,0.522,4,1,4
node_1284,COC,Cyclic Olefin Copolymer,C15H23,"{""C"": 15, ""H"": 23}",203.17997574129,positive,1,recombination,protonation,node_0028 + node_0031 | h_transfer_recombination | protonation,node_0255,,C,4,1,,,,,0.32,0.72,0.38999999999999996,0.56,4,1,4
node_1285,COC,Cyclic Olefin Copolymer,C15H21,"{""C"": 15, ""H"": 21}",201.16432567683,negative,-1,recombination,deprotonation,node_0028 + node_0031 | h_transfer_recombination | deprotonation,node_0255,,C,4,-1,,,,,0.32,0.72,0.38999999999999996,0.56,8,1,8
node_1286,COC,Cyclic Olefin Copolymer,C15H22,"{""C"": 15, ""H"": 22}",202.17215070906,positive,1,recombination,electron_loss,node_0029 + node_0030 | h_transfer_recombination | electron_loss,node_0256,,C,4,0,,,,,0.32,0.55,0.35200000000000004,0.5900000000000001,8,1,8
node_1287,COC,Cyclic Olefin Copolymer,C15H22,"{""C"": 15, ""H"": 22}",202.17215070906,negative,-1,recombination,electron_gain,node_0029 + node_0030 | h_transfer_recombination | electron_gain,node_0256,,C,4,0,,,,,0.32,0.55,0.35200000000000004,0.522,4,1,4
node_1288,COC,Cyclic Olefin Copolymer,C15H23,"{""C"": 15, ""H"": 23}",203.17997574129,positive,1,recombination,protonation,node_0029 + node_0030 | h_transfer_recombination | protonation,node_0256,,C,4,1,,,,,0.32,0.72,0.38999999999999996,0.56,4,1,4
node_1289,COC,Cyclic Olefin Copolymer,C15H21,"{""C"": 15, ""H"": 21}",201.16432567683,negative,-1,recombination,deprotonation,node_0029 + node_0030 | h_transfer_recombination | deprotonation,node_0256,,C,4,-1,,,,,0.32,0.72,0.38999999999999996,0.56,8,1,8
