edge_id,compound_id,source_node,target_node,operation,operation_type,weight
edge_0001,COC,node_0001,node_0002,bond_break,fragmentation,1.0
edge_0002,COC,node_0001,node_0003,bond_break,fragmentation,1.0
edge_0003,COC,node_0001,node_0004,bond_break,fragmentation,1.0
edge_0004,COC,node_0001,node_0005,bond_break,fragmentation,1.0
edge_0005,COC,node_0001,node_0006,bond_break,fragmentation,1.0
edge_0006,COC,node_0001,node_0007,bond_break,fragmentation,1.0
edge_0007,COC,node_0001,node_0008,bond_break,fragmentation,1.0
edge_0008,COC,node_0001,node_0009,bond_break,fragmentation,1.0
edge_0009,COC,node_0001,node_0010,bond_break,fragmentation,1.0
edge_0010,COC,node_0001,node_0011,bond_break,fragmentation,1.0
edge_0011,COC,node_0002,node_0012,h_shift_-1,h_shift,0.9
edge_0012,COC,node_0002,node_0013,h_shift_+1,h_shift,0.9
edge_0013,COC,node_0003,node_0014,h_shift_-1,h_shift,0.9
edge_0014,COC,node_0003,node_0015,h_shift_+1,h_shift,0.9
edge_0015,COC,node_0004,node_0016,h_shift_-1,h_shift,0.9
edge_0016,COC,node_0004,node_0017,h_shift_+1,h_shift,0.9
edge_0017,COC,node_0005,node_0018,h_shift_-1,h_shift,0.9
edge_0018,COC,node_0005,node_0019,h_shift_+1,h_shift,0.9
edge_0019,COC,node_0006,node_0020,h_shift_-1,h_shift,0.9
edge_0020,COC,node_0006,node_0021,h_shift_+1,h_shift,0.9
edge_0021,COC,node_0007,node_0022,h_shift_-1,h_shift,0.9
edge_0022,COC,node_0007,node_0023,h_shift_+1,h_shift,0.9
edge_0023,COC,node_0008,node_0024,h_shift_-1,h_shift,0.9
edge_0024,COC,node_0008,node_0025,h_shift_+1,h_shift,0.9
edge_0025,COC,node_0009,node_0026,h_shift_-1,h_shift,0.9
edge_0026,COC,node_0009,node_0027,h_shift_+1,h_shift,0.9
edge_0027,COC,node_0010,node_0028,h_shift_-1,h_shift,0.9
edge_0028,COC,node_0010,node_0029,h_shift_+1,h_shift,0.9
edge_0029,COC,node_0011,node_0030,h_shift_-1,h_shift,0.9
edge_0030,COC,node_0011,node_0031,h_shift_+1,h_shift,0.9
edge_0031,COC,node_0002,node_0032,single_dehydrogenative_recombination,recombination,0.8
edge_0032,COC,node_0014,node_0032,single_dehydrogenative_recombination,recombination,0.8
edge_0033,COC,node_0002,node_0033,single_dehydrogenative_recombination,recombination,0.8
edge_0034,COC,node_0016,node_0033,single_dehydrogenative_recombination,recombination,0.8
edge_0035,COC,node_0002,node_0034,single_dehydrogenative_recombination,recombination,0.8
edge_0036,COC,node_0018,node_0034,single_dehydrogenative_recombination,recombination,0.8
edge_0037,COC,node_0002,node_0035,single_dehydrogenative_recombination,recombination,0.8
edge_0038,COC,node_0020,node_0035,single_dehydrogenative_recombination,recombination,0.8
edge_0039,COC,node_0002,node_0036,single_dehydrogenative_recombination,recombination,0.8
edge_0040,COC,node_0022,node_0036,single_dehydrogenative_recombination,recombination,0.8
edge_0041,COC,node_0002,node_0037,single_dehydrogenative_recombination,recombination,0.8
edge_0042,COC,node_0024,node_0037,single_dehydrogenative_recombination,recombination,0.8
edge_0043,COC,node_0002,node_0038,single_dehydrogenative_recombination,recombination,0.8
edge_0044,COC,node_0026,node_0038,single_dehydrogenative_recombination,recombination,0.8
edge_0045,COC,node_0002,node_0039,single_dehydrogenative_recombination,recombination,0.8
edge_0046,COC,node_0028,node_0039,single_dehydrogenative_recombination,recombination,0.8
edge_0047,COC,node_0002,node_0040,single_dehydrogenative_recombination,recombination,0.8
edge_0048,COC,node_0030,node_0040,single_dehydrogenative_recombination,recombination,0.8
edge_0049,COC,node_0003,node_0041,single_dehydrogenative_recombination,recombination,0.8
edge_0050,COC,node_0012,node_0041,single_dehydrogenative_recombination,recombination,0.8
edge_0051,COC,node_0003,node_0042,single_dehydrogenative_recombination,recombination,0.8
edge_0052,COC,node_0016,node_0042,single_dehydrogenative_recombination,recombination,0.8
edge_0053,COC,node_0003,node_0043,single_dehydrogenative_recombination,recombination,0.8
edge_0054,COC,node_0018,node_0043,single_dehydrogenative_recombination,recombination,0.8
edge_0055,COC,node_0003,node_0044,single_dehydrogenative_recombination,recombination,0.8
edge_0056,COC,node_0020,node_0044,single_dehydrogenative_recombination,recombination,0.8
edge_0057,COC,node_0003,node_0045,single_dehydrogenative_recombination,recombination,0.8
edge_0058,COC,node_0022,node_0045,single_dehydrogenative_recombination,recombination,0.8
edge_0059,COC,node_0003,node_0046,single_dehydrogenative_recombination,recombination,0.8
edge_0060,COC,node_0024,node_0046,single_dehydrogenative_recombination,recombination,0.8
edge_0061,COC,node_0003,node_0047,single_dehydrogenative_recombination,recombination,0.8
edge_0062,COC,node_0026,node_0047,single_dehydrogenative_recombination,recombination,0.8
edge_0063,COC,node_0003,node_0048,single_dehydrogenative_recombination,recombination,0.8
edge_0064,COC,node_0028,node_0048,single_dehydrogenative_recombination,recombination,0.8
edge_0065,COC,node_0003,node_0049,single_dehydrogenative_recombination,recombination,0.8
edge_0066,COC,node_0030,node_0049,single_dehydrogenative_recombination,recombination,0.8
edge_0067,COC,node_0004,node_0050,single_dehydrogenative_recombination,recombination,0.8
edge_0068,COC,node_0012,node_0050,single_dehydrogenative_recombination,recombination,0.8
edge_0069,COC,node_0004,node_0051,single_dehydrogenative_recombination,recombination,0.8
edge_0070,COC,node_0014,node_0051,single_dehydrogenative_recombination,recombination,0.8
edge_0071,COC,node_0004,node_0052,single_dehydrogenative_recombination,recombination,0.8
edge_0072,COC,node_0018,node_0052,single_dehydrogenative_recombination,recombination,0.8
edge_0073,COC,node_0004,node_0053,single_dehydrogenative_recombination,recombination,0.8
edge_0074,COC,node_0020,node_0053,single_dehydrogenative_recombination,recombination,0.8
edge_0075,COC,node_0004,node_0054,single_dehydrogenative_recombination,recombination,0.8
edge_0076,COC,node_0022,node_0054,single_dehydrogenative_recombination,recombination,0.8
edge_0077,COC,node_0004,node_0055,single_dehydrogenative_recombination,recombination,0.8
edge_0078,COC,node_0024,node_0055,single_dehydrogenative_recombination,recombination,0.8
edge_0079,COC,node_0004,node_0056,single_dehydrogenative_recombination,recombination,0.8
edge_0080,COC,node_0026,node_0056,single_dehydrogenative_recombination,recombination,0.8
edge_0081,COC,node_0004,node_0057,single_dehydrogenative_recombination,recombination,0.8
edge_0082,COC,node_0028,node_0057,single_dehydrogenative_recombination,recombination,0.8
edge_0083,COC,node_0004,node_0058,single_dehydrogenative_recombination,recombination,0.8
edge_0084,COC,node_0030,node_0058,single_dehydrogenative_recombination,recombination,0.8
edge_0085,COC,node_0005,node_0059,single_dehydrogenative_recombination,recombination,0.8
edge_0086,COC,node_0012,node_0059,single_dehydrogenative_recombination,recombination,0.8
edge_0087,COC,node_0005,node_0060,single_dehydrogenative_recombination,recombination,0.8
edge_0088,COC,node_0014,node_0060,single_dehydrogenative_recombination,recombination,0.8
edge_0089,COC,node_0005,node_0061,single_dehydrogenative_recombination,recombination,0.8
edge_0090,COC,node_0016,node_0061,single_dehydrogenative_recombination,recombination,0.8
edge_0091,COC,node_0005,node_0062,single_dehydrogenative_recombination,recombination,0.8
edge_0092,COC,node_0020,node_0062,single_dehydrogenative_recombination,recombination,0.8
edge_0093,COC,node_0005,node_0063,single_dehydrogenative_recombination,recombination,0.8
edge_0094,COC,node_0022,node_0063,single_dehydrogenative_recombination,recombination,0.8
edge_0095,COC,node_0005,node_0064,single_dehydrogenative_recombination,recombination,0.8
edge_0096,COC,node_0024,node_0064,single_dehydrogenative_recombination,recombination,0.8
edge_0097,COC,node_0005,node_0065,single_dehydrogenative_recombination,recombination,0.8
edge_0098,COC,node_0026,node_0065,single_dehydrogenative_recombination,recombination,0.8
edge_0099,COC,node_0005,node_0066,single_dehydrogenative_recombination,recombination,0.8
edge_0100,COC,node_0028,node_0066,single_dehydrogenative_recombination,recombination,0.8
edge_0101,COC,node_0005,node_0067,single_dehydrogenative_recombination,recombination,0.8
edge_0102,COC,node_0030,node_0067,single_dehydrogenative_recombination,recombination,0.8
edge_0103,COC,node_0006,node_0068,single_dehydrogenative_recombination,recombination,0.8
edge_0104,COC,node_0012,node_0068,single_dehydrogenative_recombination,recombination,0.8
edge_0105,COC,node_0006,node_0069,single_dehydrogenative_recombination,recombination,0.8
edge_0106,COC,node_0014,node_0069,single_dehydrogenative_recombination,recombination,0.8
edge_0107,COC,node_0006,node_0070,single_dehydrogenative_recombination,recombination,0.8
edge_0108,COC,node_0016,node_0070,single_dehydrogenative_recombination,recombination,0.8
edge_0109,COC,node_0006,node_0071,single_dehydrogenative_recombination,recombination,0.8
edge_0110,COC,node_0018,node_0071,single_dehydrogenative_recombination,recombination,0.8
edge_0111,COC,node_0006,node_0072,single_dehydrogenative_recombination,recombination,0.8
edge_0112,COC,node_0022,node_0072,single_dehydrogenative_recombination,recombination,0.8
edge_0113,COC,node_0006,node_0073,single_dehydrogenative_recombination,recombination,0.8
edge_0114,COC,node_0024,node_0073,single_dehydrogenative_recombination,recombination,0.8
edge_0115,COC,node_0006,node_0074,single_dehydrogenative_recombination,recombination,0.8
edge_0116,COC,node_0026,node_0074,single_dehydrogenative_recombination,recombination,0.8
edge_0117,COC,node_0006,node_0075,single_dehydrogenative_recombination,recombination,0.8
edge_0118,COC,node_0028,node_0075,single_dehydrogenative_recombination,recombination,0.8
edge_0119,COC,node_0006,node_0076,single_dehydrogenative_recombination,recombination,0.8
edge_0120,COC,node_0030,node_0076,single_dehydrogenative_recombination,recombination,0.8
edge_0121,COC,node_0007,node_0077,single_dehydrogenative_recombination,recombination,0.8
edge_0122,COC,node_0012,node_0077,single_dehydrogenative_recombination,recombination,0.8
edge_0123,COC,node_0007,node_0078,single_dehydrogenative_recombination,recombination,0.8
edge_0124,COC,node_0014,node_0078,single_dehydrogenative_recombination,recombination,0.8
edge_0125,COC,node_0007,node_0079,single_dehydrogenative_recombination,recombination,0.8
edge_0126,COC,node_0016,node_0079,single_dehydrogenative_recombination,recombination,0.8
edge_0127,COC,node_0007,node_0080,single_dehydrogenative_recombination,recombination,0.8
edge_0128,COC,node_0018,node_0080,single_dehydrogenative_recombination,recombination,0.8
edge_0129,COC,node_0007,node_0081,single_dehydrogenative_recombination,recombination,0.8
edge_0130,COC,node_0020,node_0081,single_dehydrogenative_recombination,recombination,0.8
edge_0131,COC,node_0007,node_0082,single_dehydrogenative_recombination,recombination,0.8
edge_0132,COC,node_0024,node_0082,single_dehydrogenative_recombination,recombination,0.8
edge_0133,COC,node_0007,node_0083,single_dehydrogenative_recombination,recombination,0.8
edge_0134,COC,node_0026,node_0083,single_dehydrogenative_recombination,recombination,0.8
edge_0135,COC,node_0007,node_0084,single_dehydrogenative_recombination,recombination,0.8
edge_0136,COC,node_0028,node_0084,single_dehydrogenative_recombination,recombination,0.8
edge_0137,COC,node_0007,node_0085,single_dehydrogenative_recombination,recombination,0.8
edge_0138,COC,node_0030,node_0085,single_dehydrogenative_recombination,recombination,0.8
edge_0139,COC,node_0008,node_0086,single_dehydrogenative_recombination,recombination,0.8
edge_0140,COC,node_0012,node_0086,single_dehydrogenative_recombination,recombination,0.8
edge_0141,COC,node_0008,node_0087,single_dehydrogenative_recombination,recombination,0.8
edge_0142,COC,node_0014,node_0087,single_dehydrogenative_recombination,recombination,0.8
edge_0143,COC,node_0008,node_0088,single_dehydrogenative_recombination,recombination,0.8
edge_0144,COC,node_0016,node_0088,single_dehydrogenative_recombination,recombination,0.8
edge_0145,COC,node_0008,node_0089,single_dehydrogenative_recombination,recombination,0.8
edge_0146,COC,node_0018,node_0089,single_dehydrogenative_recombination,recombination,0.8
edge_0147,COC,node_0008,node_0090,single_dehydrogenative_recombination,recombination,0.8
edge_0148,COC,node_0020,node_0090,single_dehydrogenative_recombination,recombination,0.8
edge_0149,COC,node_0008,node_0091,single_dehydrogenative_recombination,recombination,0.8
edge_0150,COC,node_0022,node_0091,single_dehydrogenative_recombination,recombination,0.8
edge_0151,COC,node_0008,node_0092,single_dehydrogenative_recombination,recombination,0.8
edge_0152,COC,node_0026,node_0092,single_dehydrogenative_recombination,recombination,0.8
edge_0153,COC,node_0008,node_0093,single_dehydrogenative_recombination,recombination,0.8
edge_0154,COC,node_0028,node_0093,single_dehydrogenative_recombination,recombination,0.8
edge_0155,COC,node_0008,node_0094,single_dehydrogenative_recombination,recombination,0.8
edge_0156,COC,node_0030,node_0094,single_dehydrogenative_recombination,recombination,0.8
edge_0157,COC,node_0009,node_0095,single_dehydrogenative_recombination,recombination,0.8
edge_0158,COC,node_0012,node_0095,single_dehydrogenative_recombination,recombination,0.8
edge_0159,COC,node_0009,node_0096,single_dehydrogenative_recombination,recombination,0.8
edge_0160,COC,node_0014,node_0096,single_dehydrogenative_recombination,recombination,0.8
edge_0161,COC,node_0009,node_0097,single_dehydrogenative_recombination,recombination,0.8
edge_0162,COC,node_0016,node_0097,single_dehydrogenative_recombination,recombination,0.8
edge_0163,COC,node_0009,node_0098,single_dehydrogenative_recombination,recombination,0.8
edge_0164,COC,node_0018,node_0098,single_dehydrogenative_recombination,recombination,0.8
edge_0165,COC,node_0009,node_0099,single_dehydrogenative_recombination,recombination,0.8
edge_0166,COC,node_0020,node_0099,single_dehydrogenative_recombination,recombination,0.8
edge_0167,COC,node_0009,node_0100,single_dehydrogenative_recombination,recombination,0.8
edge_0168,COC,node_0022,node_0100,single_dehydrogenative_recombination,recombination,0.8
edge_0169,COC,node_0009,node_0101,single_dehydrogenative_recombination,recombination,0.8
edge_0170,COC,node_0024,node_0101,single_dehydrogenative_recombination,recombination,0.8
edge_0171,COC,node_0009,node_0102,single_dehydrogenative_recombination,recombination,0.8
edge_0172,COC,node_0028,node_0102,single_dehydrogenative_recombination,recombination,0.8
edge_0173,COC,node_0009,node_0103,single_dehydrogenative_recombination,recombination,0.8
edge_0174,COC,node_0030,node_0103,single_dehydrogenative_recombination,recombination,0.8
edge_0175,COC,node_0010,node_0104,single_dehydrogenative_recombination,recombination,0.8
edge_0176,COC,node_0012,node_0104,single_dehydrogenative_recombination,recombination,0.8
edge_0177,COC,node_0010,node_0105,single_dehydrogenative_recombination,recombination,0.8
edge_0178,COC,node_0014,node_0105,single_dehydrogenative_recombination,recombination,0.8
edge_0179,COC,node_0010,node_0106,single_dehydrogenative_recombination,recombination,0.8
edge_0180,COC,node_0016,node_0106,single_dehydrogenative_recombination,recombination,0.8
edge_0181,COC,node_0010,node_0107,single_dehydrogenative_recombination,recombination,0.8
edge_0182,COC,node_0018,node_0107,single_dehydrogenative_recombination,recombination,0.8
edge_0183,COC,node_0010,node_0108,single_dehydrogenative_recombination,recombination,0.8
edge_0184,COC,node_0020,node_0108,single_dehydrogenative_recombination,recombination,0.8
edge_0185,COC,node_0010,node_0109,single_dehydrogenative_recombination,recombination,0.8
edge_0186,COC,node_0022,node_0109,single_dehydrogenative_recombination,recombination,0.8
edge_0187,COC,node_0010,node_0110,single_dehydrogenative_recombination,recombination,0.8
edge_0188,COC,node_0024,node_0110,single_dehydrogenative_recombination,recombination,0.8
edge_0189,COC,node_0010,node_0111,single_dehydrogenative_recombination,recombination,0.8
edge_0190,COC,node_0026,node_0111,single_dehydrogenative_recombination,recombination,0.8
edge_0191,COC,node_0010,node_0112,single_dehydrogenative_recombination,recombination,0.8
edge_0192,COC,node_0030,node_0112,single_dehydrogenative_recombination,recombination,0.8
edge_0193,COC,node_0011,node_0113,single_dehydrogenative_recombination,recombination,0.8
edge_0194,COC,node_0012,node_0113,single_dehydrogenative_recombination,recombination,0.8
edge_0195,COC,node_0011,node_0114,single_dehydrogenative_recombination,recombination,0.8
edge_0196,COC,node_0014,node_0114,single_dehydrogenative_recombination,recombination,0.8
edge_0197,COC,node_0011,node_0115,single_dehydrogenative_recombination,recombination,0.8
edge_0198,COC,node_0016,node_0115,single_dehydrogenative_recombination,recombination,0.8
edge_0199,COC,node_0011,node_0116,single_dehydrogenative_recombination,recombination,0.8
edge_0200,COC,node_0018,node_0116,single_dehydrogenative_recombination,recombination,0.8
edge_0201,COC,node_0011,node_0117,single_dehydrogenative_recombination,recombination,0.8
edge_0202,COC,node_0020,node_0117,single_dehydrogenative_recombination,recombination,0.8
edge_0203,COC,node_0011,node_0118,single_dehydrogenative_recombination,recombination,0.8
edge_0204,COC,node_0022,node_0118,single_dehydrogenative_recombination,recombination,0.8
edge_0205,COC,node_0011,node_0119,single_dehydrogenative_recombination,recombination,0.8
edge_0206,COC,node_0024,node_0119,single_dehydrogenative_recombination,recombination,0.8
edge_0207,COC,node_0011,node_0120,single_dehydrogenative_recombination,recombination,0.8
edge_0208,COC,node_0026,node_0120,single_dehydrogenative_recombination,recombination,0.8
edge_0209,COC,node_0011,node_0121,single_dehydrogenative_recombination,recombination,0.8
edge_0210,COC,node_0028,node_0121,single_dehydrogenative_recombination,recombination,0.8
edge_0211,COC,node_0012,node_0122,dehydrogenative_coupling,recombination,0.8
edge_0212,COC,node_0014,node_0122,dehydrogenative_coupling,recombination,0.8
edge_0213,COC,node_0012,node_0123,h_transfer_recombination,recombination,0.8
edge_0214,COC,node_0015,node_0123,h_transfer_recombination,recombination,0.8
edge_0215,COC,node_0012,node_0124,dehydrogenative_coupling,recombination,0.8
edge_0216,COC,node_0016,node_0124,dehydrogenative_coupling,recombination,0.8
edge_0217,COC,node_0012,node_0125,h_transfer_recombination,recombination,0.8
edge_0218,COC,node_0017,node_0125,h_transfer_recombination,recombination,0.8
edge_0219,COC,node_0012,node_0126,dehydrogenative_coupling,recombination,0.8
edge_0220,COC,node_0018,node_0126,dehydrogenative_coupling,recombination,0.8
edge_0221,COC,node_0012,node_0127,h_transfer_recombination,recombination,0.8
edge_0222,COC,node_0019,node_0127,h_transfer_recombination,recombination,0.8
edge_0223,COC,node_0012,node_0128,dehydrogenative_coupling,recombination,0.8
edge_0224,COC,node_0020,node_0128,dehydrogenative_coupling,recombination,0.8
edge_0225,COC,node_0012,node_0129,h_transfer_recombination,recombination,0.8
edge_0226,COC,node_0021,node_0129,h_transfer_recombination,recombination,0.8
edge_0227,COC,node_0012,node_0130,dehydrogenative_coupling,recombination,0.8
edge_0228,COC,node_0022,node_0130,dehydrogenative_coupling,recombination,0.8
edge_0229,COC,node_0012,node_0131,h_transfer_recombination,recombination,0.8
edge_0230,COC,node_0023,node_0131,h_transfer_recombination,recombination,0.8
edge_0231,COC,node_0012,node_0132,dehydrogenative_coupling,recombination,0.8
edge_0232,COC,node_0024,node_0132,dehydrogenative_coupling,recombination,0.8
edge_0233,COC,node_0012,node_0133,h_transfer_recombination,recombination,0.8
edge_0234,COC,node_0025,node_0133,h_transfer_recombination,recombination,0.8
edge_0235,COC,node_0012,node_0134,dehydrogenative_coupling,recombination,0.8
edge_0236,COC,node_0026,node_0134,dehydrogenative_coupling,recombination,0.8
edge_0237,COC,node_0012,node_0135,h_transfer_recombination,recombination,0.8
edge_0238,COC,node_0027,node_0135,h_transfer_recombination,recombination,0.8
edge_0239,COC,node_0012,node_0136,dehydrogenative_coupling,recombination,0.8
edge_0240,COC,node_0028,node_0136,dehydrogenative_coupling,recombination,0.8
edge_0241,COC,node_0012,node_0137,h_transfer_recombination,recombination,0.8
edge_0242,COC,node_0029,node_0137,h_transfer_recombination,recombination,0.8
edge_0243,COC,node_0012,node_0138,dehydrogenative_coupling,recombination,0.8
edge_0244,COC,node_0030,node_0138,dehydrogenative_coupling,recombination,0.8
edge_0245,COC,node_0012,node_0139,h_transfer_recombination,recombination,0.8
edge_0246,COC,node_0031,node_0139,h_transfer_recombination,recombination,0.8
edge_0247,COC,node_0013,node_0140,h_transfer_recombination,recombination,0.8
edge_0248,COC,node_0014,node_0140,h_transfer_recombination,recombination,0.8
edge_0249,COC,node_0013,node_0141,h_transfer_recombination,recombination,0.8
edge_0250,COC,node_0016,node_0141,h_transfer_recombination,recombination,0.8
edge_0251,COC,node_0013,node_0142,h_transfer_recombination,recombination,0.8
edge_0252,COC,node_0018,node_0142,h_transfer_recombination,recombination,0.8
edge_0253,COC,node_0013,node_0143,h_transfer_recombination,recombination,0.8
edge_0254,COC,node_0020,node_0143,h_transfer_recombination,recombination,0.8
edge_0255,COC,node_0013,node_0144,h_transfer_recombination,recombination,0.8
edge_0256,COC,node_0022,node_0144,h_transfer_recombination,recombination,0.8
edge_0257,COC,node_0013,node_0145,h_transfer_recombination,recombination,0.8
edge_0258,COC,node_0024,node_0145,h_transfer_recombination,recombination,0.8
edge_0259,COC,node_0013,node_0146,h_transfer_recombination,recombination,0.8
edge_0260,COC,node_0026,node_0146,h_transfer_recombination,recombination,0.8
edge_0261,COC,node_0013,node_0147,h_transfer_recombination,recombination,0.8
edge_0262,COC,node_0028,node_0147,h_transfer_recombination,recombination,0.8
edge_0263,COC,node_0013,node_0148,h_transfer_recombination,recombination,0.8
edge_0264,COC,node_0030,node_0148,h_transfer_recombination,recombination,0.8
edge_0265,COC,node_0014,node_0149,dehydrogenative_coupling,recombination,0.8
edge_0266,COC,node_0016,node_0149,dehydrogenative_coupling,recombination,0.8
edge_0267,COC,node_0014,node_0150,h_transfer_recombination,recombination,0.8
edge_0268,COC,node_0017,node_0150,h_transfer_recombination,recombination,0.8
edge_0269,COC,node_0014,node_0151,dehydrogenative_coupling,recombination,0.8
edge_0270,COC,node_0018,node_0151,dehydrogenative_coupling,recombination,0.8
edge_0271,COC,node_0014,node_0152,h_transfer_recombination,recombination,0.8
edge_0272,COC,node_0019,node_0152,h_transfer_recombination,recombination,0.8
edge_0273,COC,node_0014,node_0153,dehydrogenative_coupling,recombination,0.8
edge_0274,COC,node_0020,node_0153,dehydrogenative_coupling,recombination,0.8
edge_0275,COC,node_0014,node_0154,h_transfer_recombination,recombination,0.8
edge_0276,COC,node_0021,node_0154,h_transfer_recombination,recombination,0.8
edge_0277,COC,node_0014,node_0155,dehydrogenative_coupling,recombination,0.8
edge_0278,COC,node_0022,node_0155,dehydrogenative_coupling,recombination,0.8
edge_0279,COC,node_0014,node_0156,h_transfer_recombination,recombination,0.8
edge_0280,COC,node_0023,node_0156,h_transfer_recombination,recombination,0.8
edge_0281,COC,node_0014,node_0157,dehydrogenative_coupling,recombination,0.8
edge_0282,COC,node_0024,node_0157,dehydrogenative_coupling,recombination,0.8
edge_0283,COC,node_0014,node_0158,h_transfer_recombination,recombination,0.8
edge_0284,COC,node_0025,node_0158,h_transfer_recombination,recombination,0.8
edge_0285,COC,node_0014,node_0159,dehydrogenative_coupling,recombination,0.8
edge_0286,COC,node_0026,node_0159,dehydrogenative_coupling,recombination,0.8
edge_0287,COC,node_0014,node_0160,h_transfer_recombination,recombination,0.8
edge_0288,COC,node_0027,node_0160,h_transfer_recombination,recombination,0.8
edge_0289,COC,node_0014,node_0161,dehydrogenative_coupling,recombination,0.8
edge_0290,COC,node_0028,node_0161,dehydrogenative_coupling,recombination,0.8
edge_0291,COC,node_0014,node_0162,h_transfer_recombination,recombination,0.8
edge_0292,COC,node_0029,node_0162,h_transfer_recombination,recombination,0.8
edge_0293,COC,node_0014,node_0163,dehydrogenative_coupling,recombination,0.8
edge_0294,COC,node_0030,node_0163,dehydrogenative_coupling,recombination,0.8
edge_0295,COC,node_0014,node_0164,h_transfer_recombination,recombination,0.8
edge_0296,COC,node_0031,node_0164,h_transfer_recombination,recombination,0.8
edge_0297,COC,node_0015,node_0165,h_transfer_recombination,recombination,0.8
edge_0298,COC,node_0016,node_0165,h_transfer_recombination,recombination,0.8
edge_0299,COC,node_0015,node_0166,h_transfer_recombination,recombination,0.8
edge_0300,COC,node_0018,node_0166,h_transfer_recombination,recombination,0.8
edge_0301,COC,node_0015,node_0167,h_transfer_recombination,recombination,0.8
edge_0302,COC,node_0020,node_0167,h_transfer_recombination,recombination,0.8
edge_0303,COC,node_0015,node_0168,h_transfer_recombination,recombination,0.8
edge_0304,COC,node_0022,node_0168,h_transfer_recombination,recombination,0.8
edge_0305,COC,node_0015,node_0169,h_transfer_recombination,recombination,0.8
edge_0306,COC,node_0024,node_0169,h_transfer_recombination,recombination,0.8
edge_0307,COC,node_0015,node_0170,h_transfer_recombination,recombination,0.8
edge_0308,COC,node_0026,node_0170,h_transfer_recombination,recombination,0.8
edge_0309,COC,node_0015,node_0171,h_transfer_recombination,recombination,0.8
edge_0310,COC,node_0028,node_0171,h_transfer_recombination,recombination,0.8
edge_0311,COC,node_0015,node_0172,h_transfer_recombination,recombination,0.8
edge_0312,COC,node_0030,node_0172,h_transfer_recombination,recombination,0.8
edge_0313,COC,node_0016,node_0173,dehydrogenative_coupling,recombination,0.8
edge_0314,COC,node_0018,node_0173,dehydrogenative_coupling,recombination,0.8
edge_0315,COC,node_0016,node_0174,h_transfer_recombination,recombination,0.8
edge_0316,COC,node_0019,node_0174,h_transfer_recombination,recombination,0.8
edge_0317,COC,node_0016,node_0175,dehydrogenative_coupling,recombination,0.8
edge_0318,COC,node_0020,node_0175,dehydrogenative_coupling,recombination,0.8
edge_0319,COC,node_0016,node_0176,h_transfer_recombination,recombination,0.8
edge_0320,COC,node_0021,node_0176,h_transfer_recombination,recombination,0.8
edge_0321,COC,node_0016,node_0177,dehydrogenative_coupling,recombination,0.8
edge_0322,COC,node_0022,node_0177,dehydrogenative_coupling,recombination,0.8
edge_0323,COC,node_0016,node_0178,h_transfer_recombination,recombination,0.8
edge_0324,COC,node_0023,node_0178,h_transfer_recombination,recombination,0.8
edge_0325,COC,node_0016,node_0179,dehydrogenative_coupling,recombination,0.8
edge_0326,COC,node_0024,node_0179,dehydrogenative_coupling,recombination,0.8
edge_0327,COC,node_0016,node_0180,h_transfer_recombination,recombination,0.8
edge_0328,COC,node_0025,node_0180,h_transfer_recombination,recombination,0.8
edge_0329,COC,node_0016,node_0181,dehydrogenative_coupling,recombination,0.8
edge_0330,COC,node_0026,node_0181,dehydrogenative_coupling,recombination,0.8
edge_0331,COC,node_0016,node_0182,h_transfer_recombination,recombination,0.8
edge_0332,COC,node_0027,node_0182,h_transfer_recombination,recombination,0.8
edge_0333,COC,node_0016,node_0183,dehydrogenative_coupling,recombination,0.8
edge_0334,COC,node_0028,node_0183,dehydrogenative_coupling,recombination,0.8
edge_0335,COC,node_0016,node_0184,h_transfer_recombination,recombination,0.8
edge_0336,COC,node_0029,node_0184,h_transfer_recombination,recombination,0.8
edge_0337,COC,node_0016,node_0185,dehydrogenative_coupling,recombination,0.8
edge_0338,COC,node_0030,node_0185,dehydrogenative_coupling,recombination,0.8
edge_0339,COC,node_0016,node_0186,h_transfer_recombination,recombination,0.8
edge_0340,COC,node_0031,node_0186,h_transfer_recombination,recombination,0.8
edge_0341,COC,node_0017,node_0187,h_transfer_recombination,recombination,0.8
edge_0342,COC,node_0018,node_0187,h_transfer_recombination,recombination,0.8
edge_0343,COC,node_0017,node_0188,h_transfer_recombination,recombination,0.8
edge_0344,COC,node_0020,node_0188,h_transfer_recombination,recombination,0.8
edge_0345,COC,node_0017,node_0189,h_transfer_recombination,recombination,0.8
edge_0346,COC,node_0022,node_0189,h_transfer_recombination,recombination,0.8
edge_0347,COC,node_0017,node_0190,h_transfer_recombination,recombination,0.8
edge_0348,COC,node_0024,node_0190,h_transfer_recombination,recombination,0.8
edge_0349,COC,node_0017,node_0191,h_transfer_recombination,recombination,0.8
edge_0350,COC,node_0026,node_0191,h_transfer_recombination,recombination,0.8
edge_0351,COC,node_0017,node_0192,h_transfer_recombination,recombination,0.8
edge_0352,COC,node_0028,node_0192,h_transfer_recombination,recombination,0.8
edge_0353,COC,node_0017,node_0193,h_transfer_recombination,recombination,0.8
edge_0354,COC,node_0030,node_0193,h_transfer_recombination,recombination,0.8
edge_0355,COC,node_0018,node_0194,dehydrogenative_coupling,recombination,0.8
edge_0356,COC,node_0020,node_0194,dehydrogenative_coupling,recombination,0.8
edge_0357,COC,node_0018,node_0195,h_transfer_recombination,recombination,0.8
edge_0358,COC,node_0021,node_0195,h_transfer_recombination,recombination,0.8
edge_0359,COC,node_0018,node_0196,dehydrogenative_coupling,recombination,0.8
edge_0360,COC,node_0022,node_0196,dehydrogenative_coupling,recombination,0.8
edge_0361,COC,node_0018,node_0197,h_transfer_recombination,recombination,0.8
edge_0362,COC,node_0023,node_0197,h_transfer_recombination,recombination,0.8
edge_0363,COC,node_0018,node_0198,dehydrogenative_coupling,recombination,0.8
edge_0364,COC,node_0024,node_0198,dehydrogenative_coupling,recombination,0.8
edge_0365,COC,node_0018,node_0199,h_transfer_recombination,recombination,0.8
edge_0366,COC,node_0025,node_0199,h_transfer_recombination,recombination,0.8
edge_0367,COC,node_0018,node_0200,dehydrogenative_coupling,recombination,0.8
edge_0368,COC,node_0026,node_0200,dehydrogenative_coupling,recombination,0.8
edge_0369,COC,node_0018,node_0201,h_transfer_recombination,recombination,0.8
edge_0370,COC,node_0027,node_0201,h_transfer_recombination,recombination,0.8
edge_0371,COC,node_0018,node_0202,dehydrogenative_coupling,recombination,0.8
edge_0372,COC,node_0028,node_0202,dehydrogenative_coupling,recombination,0.8
edge_0373,COC,node_0018,node_0203,h_transfer_recombination,recombination,0.8
edge_0374,COC,node_0029,node_0203,h_transfer_recombination,recombination,0.8
edge_0375,COC,node_0018,node_0204,dehydrogenative_coupling,recombination,0.8
edge_0376,COC,node_0030,node_0204,dehydrogenative_coupling,recombination,0.8
edge_0377,COC,node_0018,node_0205,h_transfer_recombination,recombination,0.8
edge_0378,COC,node_0031,node_0205,h_transfer_recombination,recombination,0.8
edge_0379,COC,node_0019,node_0206,h_transfer_recombination,recombination,0.8
edge_0380,COC,node_0020,node_0206,h_transfer_recombination,recombination,0.8
edge_0381,COC,node_0019,node_0207,h_transfer_recombination,recombination,0.8
edge_0382,COC,node_0022,node_0207,h_transfer_recombination,recombination,0.8
edge_0383,COC,node_0019,node_0208,h_transfer_recombination,recombination,0.8
edge_0384,COC,node_0024,node_0208,h_transfer_recombination,recombination,0.8
edge_0385,COC,node_0019,node_0209,h_transfer_recombination,recombination,0.8
edge_0386,COC,node_0026,node_0209,h_transfer_recombination,recombination,0.8
edge_0387,COC,node_0019,node_0210,h_transfer_recombination,recombination,0.8
edge_0388,COC,node_0028,node_0210,h_transfer_recombination,recombination,0.8
edge_0389,COC,node_0019,node_0211,h_transfer_recombination,recombination,0.8
edge_0390,COC,node_0030,node_0211,h_transfer_recombination,recombination,0.8
edge_0391,COC,node_0020,node_0212,dehydrogenative_coupling,recombination,0.8
edge_0392,COC,node_0022,node_0212,dehydrogenative_coupling,recombination,0.8
edge_0393,COC,node_0020,node_0213,h_transfer_recombination,recombination,0.8
edge_0394,COC,node_0023,node_0213,h_transfer_recombination,recombination,0.8
edge_0395,COC,node_0020,node_0214,dehydrogenative_coupling,recombination,0.8
edge_0396,COC,node_0024,node_0214,dehydrogenative_coupling,recombination,0.8
edge_0397,COC,node_0020,node_0215,h_transfer_recombination,recombination,0.8
edge_0398,COC,node_0025,node_0215,h_transfer_recombination,recombination,0.8
edge_0399,COC,node_0020,node_0216,dehydrogenative_coupling,recombination,0.8
edge_0400,COC,node_0026,node_0216,dehydrogenative_coupling,recombination,0.8
edge_0401,COC,node_0020,node_0217,h_transfer_recombination,recombination,0.8
edge_0402,COC,node_0027,node_0217,h_transfer_recombination,recombination,0.8
edge_0403,COC,node_0020,node_0218,dehydrogenative_coupling,recombination,0.8
edge_0404,COC,node_0028,node_0218,dehydrogenative_coupling,recombination,0.8
edge_0405,COC,node_0020,node_0219,h_transfer_recombination,recombination,0.8
edge_0406,COC,node_0029,node_0219,h_transfer_recombination,recombination,0.8
edge_0407,COC,node_0020,node_0220,dehydrogenative_coupling,recombination,0.8
edge_0408,COC,node_0030,node_0220,dehydrogenative_coupling,recombination,0.8
edge_0409,COC,node_0020,node_0221,h_transfer_recombination,recombination,0.8
edge_0410,COC,node_0031,node_0221,h_transfer_recombination,recombination,0.8
edge_0411,COC,node_0021,node_0222,h_transfer_recombination,recombination,0.8
edge_0412,COC,node_0022,node_0222,h_transfer_recombination,recombination,0.8
edge_0413,COC,node_0021,node_0223,h_transfer_recombination,recombination,0.8
edge_0414,COC,node_0024,node_0223,h_transfer_recombination,recombination,0.8
edge_0415,COC,node_0021,node_0224,h_transfer_recombination,recombination,0.8
edge_0416,COC,node_0026,node_0224,h_transfer_recombination,recombination,0.8
edge_0417,COC,node_0021,node_0225,h_transfer_recombination,recombination,0.8
edge_0418,COC,node_0028,node_0225,h_transfer_recombination,recombination,0.8
edge_0419,COC,node_0021,node_0226,h_transfer_recombination,recombination,0.8
edge_0420,COC,node_0030,node_0226,h_transfer_recombination,recombination,0.8
edge_0421,COC,node_0022,node_0227,dehydrogenative_coupling,recombination,0.8
edge_0422,COC,node_0024,node_0227,dehydrogenative_coupling,recombination,0.8
edge_0423,COC,node_0022,node_0228,h_transfer_recombination,recombination,0.8
edge_0424,COC,node_0025,node_0228,h_transfer_recombination,recombination,0.8
edge_0425,COC,node_0022,node_0229,dehydrogenative_coupling,recombination,0.8
edge_0426,COC,node_0026,node_0229,dehydrogenative_coupling,recombination,0.8
edge_0427,COC,node_0022,node_0230,h_transfer_recombination,recombination,0.8
edge_0428,COC,node_0027,node_0230,h_transfer_recombination,recombination,0.8
edge_0429,COC,node_0022,node_0231,dehydrogenative_coupling,recombination,0.8
edge_0430,COC,node_0028,node_0231,dehydrogenative_coupling,recombination,0.8
edge_0431,COC,node_0022,node_0232,h_transfer_recombination,recombination,0.8
edge_0432,COC,node_0029,node_0232,h_transfer_recombination,recombination,0.8
edge_0433,COC,node_0022,node_0233,dehydrogenative_coupling,recombination,0.8
edge_0434,COC,node_0030,node_0233,dehydrogenative_coupling,recombination,0.8
edge_0435,COC,node_0022,node_0234,h_transfer_recombination,recombination,0.8
edge_0436,COC,node_0031,node_0234,h_transfer_recombination,recombination,0.8
edge_0437,COC,node_0023,node_0235,h_transfer_recombination,recombination,0.8
edge_0438,COC,node_0024,node_0235,h_transfer_recombination,recombination,0.8
edge_0439,COC,node_0023,node_0236,h_transfer_recombination,recombination,0.8
edge_0440,COC,node_0026,node_0236,h_transfer_recombination,recombination,0.8
edge_0441,COC,node_0023,node_0237,h_transfer_recombination,recombination,0.8
edge_0442,COC,node_0028,node_0237,h_transfer_recombination,recombination,0.8
edge_0443,COC,node_0023,node_0238,h_transfer_recombination,recombination,0.8
edge_0444,COC,node_0030,node_0238,h_transfer_recombination,recombination,0.8
edge_0445,COC,node_0024,node_0239,dehydrogenative_coupling,recombination,0.8
edge_0446,COC,node_0026,node_0239,dehydrogenative_coupling,recombination,0.8
edge_0447,COC,node_0024,node_0240,h_transfer_recombination,recombination,0.8
edge_0448,COC,node_0027,node_0240,h_transfer_recombination,recombination,0.8
edge_0449,COC,node_0024,node_0241,dehydrogenative_coupling,recombination,0.8
edge_0450,COC,node_0028,node_0241,dehydrogenative_coupling,recombination,0.8
edge_0451,COC,node_0024,node_0242,h_transfer_recombination,recombination,0.8
edge_0452,COC,node_0029,node_0242,h_transfer_recombination,recombination,0.8
edge_0453,COC,node_0024,node_0243,dehydrogenative_coupling,recombination,0.8
edge_0454,COC,node_0030,node_0243,dehydrogenative_coupling,recombination,0.8
edge_0455,COC,node_0024,node_0244,h_transfer_recombination,recombination,0.8
edge_0456,COC,node_0031,node_0244,h_transfer_recombination,recombination,0.8
edge_0457,COC,node_0025,node_0245,h_transfer_recombination,recombination,0.8
edge_0458,COC,node_0026,node_0245,h_transfer_recombination,recombination,0.8
edge_0459,COC,node_0025,node_0246,h_transfer_recombination,recombination,0.8
edge_0460,COC,node_0028,node_0246,h_transfer_recombination,recombination,0.8
edge_0461,COC,node_0025,node_0247,h_transfer_recombination,recombination,0.8
edge_0462,COC,node_0030,node_0247,h_transfer_recombination,recombination,0.8
edge_0463,COC,node_0026,node_0248,dehydrogenative_coupling,recombination,0.8
edge_0464,COC,node_0028,node_0248,dehydrogenative_coupling,recombination,0.8
edge_0465,COC,node_0026,node_0249,h_transfer_recombination,recombination,0.8
edge_0466,COC,node_0029,node_0249,h_transfer_recombination,recombination,0.8
edge_0467,COC,node_0026,node_0250,dehydrogenative_coupling,recombination,0.8
edge_0468,COC,node_0030,node_0250,dehydrogenative_coupling,recombination,0.8
edge_0469,COC,node_0026,node_0251,h_transfer_recombination,recombination,0.8
edge_0470,COC,node_0031,node_0251,h_transfer_recombination,recombination,0.8
edge_0471,COC,node_0027,node_0252,h_transfer_recombination,recombination,0.8
edge_0472,COC,node_0028,node_0252,h_transfer_recombination,recombination,0.8
edge_0473,COC,node_0027,node_0253,h_transfer_recombination,recombination,0.8
edge_0474,COC,node_0030,node_0253,h_transfer_recombination,recombination,0.8
edge_0475,COC,node_0028,node_0254,dehydrogenative_coupling,recombination,0.8
edge_0476,COC,node_0030,node_0254,dehydrogenative_coupling,recombination,0.8
edge_0477,COC,node_0028,node_0255,h_transfer_recombination,recombination,0.8
edge_0478,COC,node_0031,node_0255,h_transfer_recombination,recombination,0.8
edge_0479,COC,node_0029,node_0256,h_transfer_recombination,recombination,0.8
edge_0480,COC,node_0030,node_0256,h_transfer_recombination,recombination,0.8
edge_0481,COC,node_0001,node_0257,cycloaliphatic_C3H5,feature_rule,0.7
edge_0482,COC,node_0001,node_0258,cycloaliphatic_C4H7,feature_rule,0.7
edge_0483,COC,node_0001,node_0259,cycloaliphatic_C5H7,feature_rule,0.7
edge_0484,COC,node_0001,node_0260,cycloaliphatic_C5H9,feature_rule,0.7
edge_0485,COC,node_0001,node_0261,cycloaliphatic_C6H9,feature_rule,0.7
edge_0486,COC,node_0001,node_0262,cycloaliphatic_C7H11,feature_rule,0.7
edge_0487,COC,node_0001,node_0263,cycloaliphatic_C7H9,feature_rule,0.7
edge_0488,COC,node_0001,node_0264,cycloaliphatic_C3H3,feature_rule,0.7
edge_0489,COC,node_0001,node_0265,cycloaliphatic_C4H3,feature_rule,0.7
edge_0490,COC,node_0001,node_0266,cycloaliphatic_C5H5,feature_rule,0.7
edge_0491,COC,node_0001,node_0267,cycloaliphatic_C8H9,feature_rule,0.7
edge_0492,COC,node_0001,node_0268,cycloaliphatic_C8H11,feature_rule,0.7
edge_0493,COC,node_0001,node_0269,cycloaliphatic_C8H13,feature_rule,0.7
edge_0494,COC,node_0001,node_0270,cycloaliphatic_C9H9,feature_rule,0.7
edge_0495,COC,node_0001,node_0271,cycloaliphatic_C9H11,feature_rule,0.7
edge_0496,COC,node_0001,node_0272,cycloaliphatic_C9H13,feature_rule,0.7
edge_0497,COC,node_0001,node_0273,cycloaliphatic_C10H9,feature_rule,0.7
edge_0498,COC,node_0001,node_0274,cycloaliphatic_C10H11,feature_rule,0.7
edge_0499,COC,node_0001,node_0275,cycloaliphatic_C10H13,feature_rule,0.7
edge_0500,COC,node_0001,node_0276,cycloaliphatic_C8H7,feature_rule,0.7
edge_0501,COC,node_0001,node_0277,cycloaliphatic_C9H7,feature_rule,0.7
edge_0502,COC,node_0001,node_0278,cycloaliphatic_C10H7,feature_rule,0.7
edge_0503,COC,node_0001,node_0279,small_hc_C2H3,feature_rule,0.7
edge_0504,COC,node_0001,node_0280,small_hc_C2H5,feature_rule,0.7
edge_0505,COC,node_0001,node_0281,small_hc_C3H3,feature_rule,0.7
edge_0506,COC,node_0001,node_0282,small_hc_C3H5,feature_rule,0.7
edge_0507,COC,node_0001,node_0283,small_hc_C3H7,feature_rule,0.7
edge_0508,COC,node_0001,node_0284,small_hc_C4H3,feature_rule,0.7
edge_0509,COC,node_0001,node_0285,small_hc_C4H5,feature_rule,0.7
edge_0510,COC,node_0001,node_0286,small_hc_C4H7,feature_rule,0.7
edge_0511,COC,node_0001,node_0287,small_hc_C4H9,feature_rule,0.7
edge_0512,COC,node_0001,node_0288,small_hc_C5H5,feature_rule,0.7
edge_0513,COC,node_0001,node_0289,small_hc_C5H7,feature_rule,0.7
edge_0514,COC,node_0001,node_0290,small_hc_C5H9,feature_rule,0.7
edge_0515,COC,node_0001,node_0291,small_hc_C5H11,feature_rule,0.7
edge_0516,COC,node_0001,node_0292,small_hc_C6H5,feature_rule,0.7
edge_0517,COC,node_0001,node_0293,small_hc_C6H7,feature_rule,0.7
edge_0518,COC,node_0001,node_0294,small_hc_C6H9,feature_rule,0.7
edge_0519,COC,node_0001,node_0295,small_hc_C6H11,feature_rule,0.7
edge_0520,COC,node_0001,node_0296,small_hc_C2,feature_rule,0.7
edge_0521,COC,node_0001,node_0297,small_hc_C2H,feature_rule,0.7
edge_0522,COC,node_0001,node_0298,small_hc_C3,feature_rule,0.7
edge_0523,COC,node_0001,node_0299,small_hc_C3H,feature_rule,0.7
edge_0524,COC,node_0001,node_0300,small_hc_C4,feature_rule,0.7
edge_0525,COC,node_0001,node_0301,small_hc_C4H,feature_rule,0.7
edge_0526,COC,node_0001,node_0302,small_hc_C5,feature_rule,0.7
edge_0527,COC,node_0001,node_0303,small_hc_C5H,feature_rule,0.7
edge_0528,COC,node_0001,node_0304,small_hc_C6,feature_rule,0.7
edge_0529,COC,node_0001,node_0305,small_hc_C6H,feature_rule,0.7
edge_0530,COC,node_0001,node_0306,electron_loss,ionization,1.0
edge_0531,COC,node_0001,node_0307,electron_gain,ionization,1.0
edge_0532,COC,node_0001,node_0308,protonation,ionization,1.0
edge_0533,COC,node_0001,node_0309,deprotonation,ionization,1.0
edge_0534,COC,node_0002,node_0310,electron_loss,ionization,1.0
edge_0535,COC,node_0002,node_0311,electron_gain,ionization,1.0
edge_0536,COC,node_0002,node_0312,protonation,ionization,1.0
edge_0537,COC,node_0002,node_0313,deprotonation,ionization,1.0
edge_0538,COC,node_0003,node_0314,electron_loss,ionization,1.0
edge_0539,COC,node_0003,node_0315,electron_gain,ionization,1.0
edge_0540,COC,node_0003,node_0316,protonation,ionization,1.0
edge_0541,COC,node_0003,node_0317,deprotonation,ionization,1.0
edge_0542,COC,node_0004,node_0318,electron_loss,ionization,1.0
edge_0543,COC,node_0004,node_0319,electron_gain,ionization,1.0
edge_0544,COC,node_0004,node_0320,protonation,ionization,1.0
edge_0545,COC,node_0004,node_0321,deprotonation,ionization,1.0
edge_0546,COC,node_0005,node_0322,electron_loss,ionization,1.0
edge_0547,COC,node_0005,node_0323,electron_gain,ionization,1.0
edge_0548,COC,node_0005,node_0324,protonation,ionization,1.0
edge_0549,COC,node_0005,node_0325,deprotonation,ionization,1.0
edge_0550,COC,node_0006,node_0326,electron_loss,ionization,1.0
edge_0551,COC,node_0006,node_0327,electron_gain,ionization,1.0
edge_0552,COC,node_0006,node_0328,protonation,ionization,1.0
edge_0553,COC,node_0006,node_0329,deprotonation,ionization,1.0
edge_0554,COC,node_0007,node_0330,electron_loss,ionization,1.0
edge_0555,COC,node_0007,node_0331,electron_gain,ionization,1.0
edge_0556,COC,node_0007,node_0332,protonation,ionization,1.0
edge_0557,COC,node_0007,node_0333,deprotonation,ionization,1.0
edge_0558,COC,node_0008,node_0334,electron_loss,ionization,1.0
edge_0559,COC,node_0008,node_0335,electron_gain,ionization,1.0
edge_0560,COC,node_0008,node_0336,protonation,ionization,1.0
edge_0561,COC,node_0008,node_0337,deprotonation,ionization,1.0
edge_0562,COC,node_0009,node_0338,electron_loss,ionization,1.0
edge_0563,COC,node_0009,node_0339,electron_gain,ionization,1.0
edge_0564,COC,node_0009,node_0340,protonation,ionization,1.0
edge_0565,COC,node_0009,node_0341,deprotonation,ionization,1.0
edge_0566,COC,node_0010,node_0342,electron_loss,ionization,1.0
edge_0567,COC,node_0010,node_0343,electron_gain,ionization,1.0
edge_0568,COC,node_0010,node_0344,protonation,ionization,1.0
edge_0569,COC,node_0010,node_0345,deprotonation,ionization,1.0
edge_0570,COC,node_0011,node_0346,electron_loss,ionization,1.0
edge_0571,COC,node_0011,node_0347,electron_gain,ionization,1.0
edge_0572,COC,node_0011,node_0348,protonation,ionization,1.0
edge_0573,COC,node_0011,node_0349,deprotonation,ionization,1.0
edge_0574,COC,node_0012,node_0350,electron_loss,ionization,1.0
edge_0575,COC,node_0012,node_0351,electron_gain,ionization,1.0
edge_0576,COC,node_0013,node_0352,electron_loss,ionization,1.0
edge_0577,COC,node_0013,node_0353,electron_gain,ionization,1.0
edge_0578,COC,node_0014,node_0354,electron_loss,ionization,1.0
edge_0579,COC,node_0014,node_0355,electron_gain,ionization,1.0
edge_0580,COC,node_0015,node_0356,electron_loss,ionization,1.0
edge_0581,COC,node_0015,node_0357,electron_gain,ionization,1.0
edge_0582,COC,node_0016,node_0358,electron_loss,ionization,1.0
edge_0583,COC,node_0016,node_0359,electron_gain,ionization,1.0
edge_0584,COC,node_0017,node_0360,electron_loss,ionization,1.0
edge_0585,COC,node_0017,node_0361,electron_gain,ionization,1.0
edge_0586,COC,node_0018,node_0362,electron_loss,ionization,1.0
edge_0587,COC,node_0018,node_0363,electron_gain,ionization,1.0
edge_0588,COC,node_0019,node_0364,electron_loss,ionization,1.0
edge_0589,COC,node_0019,node_0365,electron_gain,ionization,1.0
edge_0590,COC,node_0020,node_0366,electron_loss,ionization,1.0
edge_0591,COC,node_0020,node_0367,electron_gain,ionization,1.0
edge_0592,COC,node_0021,node_0368,electron_loss,ionization,1.0
edge_0593,COC,node_0021,node_0369,electron_gain,ionization,1.0
edge_0594,COC,node_0022,node_0370,electron_loss,ionization,1.0
edge_0595,COC,node_0022,node_0371,electron_gain,ionization,1.0
edge_0596,COC,node_0023,node_0372,electron_loss,ionization,1.0
edge_0597,COC,node_0023,node_0373,electron_gain,ionization,1.0
edge_0598,COC,node_0024,node_0374,electron_loss,ionization,1.0
edge_0599,COC,node_0024,node_0375,electron_gain,ionization,1.0
edge_0600,COC,node_0025,node_0376,electron_loss,ionization,1.0
edge_0601,COC,node_0025,node_0377,electron_gain,ionization,1.0
edge_0602,COC,node_0026,node_0378,electron_loss,ionization,1.0
edge_0603,COC,node_0026,node_0379,electron_gain,ionization,1.0
edge_0604,COC,node_0027,node_0380,electron_loss,ionization,1.0
edge_0605,COC,node_0027,node_0381,electron_gain,ionization,1.0
edge_0606,COC,node_0028,node_0382,electron_loss,ionization,1.0
edge_0607,COC,node_0028,node_0383,electron_gain,ionization,1.0
edge_0608,COC,node_0029,node_0384,electron_loss,ionization,1.0
edge_0609,COC,node_0029,node_0385,electron_gain,ionization,1.0
edge_0610,COC,node_0030,node_0386,electron_loss,ionization,1.0
edge_0611,COC,node_0030,node_0387,electron_gain,ionization,1.0
edge_0612,COC,node_0031,node_0388,electron_loss,ionization,1.0
edge_0613,COC,node_0031,node_0389,electron_gain,ionization,1.0
edge_0614,COC,node_0032,node_0390,electron_loss,ionization,1.0
edge_0615,COC,node_0032,node_0391,electron_gain,ionization,1.0
edge_0616,COC,node_0032,node_0392,protonation,ionization,1.0
edge_0617,COC,node_0032,node_0393,deprotonation,ionization,1.0
edge_0618,COC,node_0033,node_0394,electron_loss,ionization,1.0
edge_0619,COC,node_0033,node_0395,electron_gain,ionization,1.0
edge_0620,COC,node_0033,node_0396,protonation,ionization,1.0
edge_0621,COC,node_0033,node_0397,deprotonation,ionization,1.0
edge_0622,COC,node_0034,node_0398,electron_loss,ionization,1.0
edge_0623,COC,node_0034,node_0399,electron_gain,ionization,1.0
edge_0624,COC,node_0034,node_0400,protonation,ionization,1.0
edge_0625,COC,node_0034,node_0401,deprotonation,ionization,1.0
edge_0626,COC,node_0035,node_0402,electron_loss,ionization,1.0
edge_0627,COC,node_0035,node_0403,electron_gain,ionization,1.0
edge_0628,COC,node_0035,node_0404,protonation,ionization,1.0
edge_0629,COC,node_0035,node_0405,deprotonation,ionization,1.0
edge_0630,COC,node_0036,node_0406,electron_loss,ionization,1.0
edge_0631,COC,node_0036,node_0407,electron_gain,ionization,1.0
edge_0632,COC,node_0036,node_0408,protonation,ionization,1.0
edge_0633,COC,node_0036,node_0409,deprotonation,ionization,1.0
edge_0634,COC,node_0037,node_0410,electron_loss,ionization,1.0
edge_0635,COC,node_0037,node_0411,electron_gain,ionization,1.0
edge_0636,COC,node_0037,node_0412,protonation,ionization,1.0
edge_0637,COC,node_0037,node_0413,deprotonation,ionization,1.0
edge_0638,COC,node_0038,node_0414,electron_loss,ionization,1.0
edge_0639,COC,node_0038,node_0415,electron_gain,ionization,1.0
edge_0640,COC,node_0038,node_0416,protonation,ionization,1.0
edge_0641,COC,node_0038,node_0417,deprotonation,ionization,1.0
edge_0642,COC,node_0039,node_0418,electron_loss,ionization,1.0
edge_0643,COC,node_0039,node_0419,electron_gain,ionization,1.0
edge_0644,COC,node_0039,node_0420,protonation,ionization,1.0
edge_0645,COC,node_0039,node_0421,deprotonation,ionization,1.0
edge_0646,COC,node_0040,node_0422,electron_loss,ionization,1.0
edge_0647,COC,node_0040,node_0423,electron_gain,ionization,1.0
edge_0648,COC,node_0040,node_0424,protonation,ionization,1.0
edge_0649,COC,node_0040,node_0425,deprotonation,ionization,1.0
edge_0650,COC,node_0041,node_0426,electron_loss,ionization,1.0
edge_0651,COC,node_0041,node_0427,electron_gain,ionization,1.0
edge_0652,COC,node_0041,node_0428,protonation,ionization,1.0
edge_0653,COC,node_0041,node_0429,deprotonation,ionization,1.0
edge_0654,COC,node_0042,node_0430,electron_loss,ionization,1.0
edge_0655,COC,node_0042,node_0431,electron_gain,ionization,1.0
edge_0656,COC,node_0042,node_0432,protonation,ionization,1.0
edge_0657,COC,node_0042,node_0433,deprotonation,ionization,1.0
edge_0658,COC,node_0043,node_0434,electron_loss,ionization,1.0
edge_0659,COC,node_0043,node_0435,electron_gain,ionization,1.0
edge_0660,COC,node_0043,node_0436,protonation,ionization,1.0
edge_0661,COC,node_0043,node_0437,deprotonation,ionization,1.0
edge_0662,COC,node_0044,node_0438,electron_loss,ionization,1.0
edge_0663,COC,node_0044,node_0439,electron_gain,ionization,1.0
edge_0664,COC,node_0044,node_0440,protonation,ionization,1.0
edge_0665,COC,node_0044,node_0441,deprotonation,ionization,1.0
edge_0666,COC,node_0045,node_0442,electron_loss,ionization,1.0
edge_0667,COC,node_0045,node_0443,electron_gain,ionization,1.0
edge_0668,COC,node_0045,node_0444,protonation,ionization,1.0
edge_0669,COC,node_0045,node_0445,deprotonation,ionization,1.0
edge_0670,COC,node_0046,node_0446,electron_loss,ionization,1.0
edge_0671,COC,node_0046,node_0447,electron_gain,ionization,1.0
edge_0672,COC,node_0046,node_0448,protonation,ionization,1.0
edge_0673,COC,node_0046,node_0449,deprotonation,ionization,1.0
edge_0674,COC,node_0047,node_0450,electron_loss,ionization,1.0
edge_0675,COC,node_0047,node_0451,electron_gain,ionization,1.0
edge_0676,COC,node_0047,node_0452,protonation,ionization,1.0
edge_0677,COC,node_0047,node_0453,deprotonation,ionization,1.0
edge_0678,COC,node_0048,node_0454,electron_loss,ionization,1.0
edge_0679,COC,node_0048,node_0455,electron_gain,ionization,1.0
edge_0680,COC,node_0048,node_0456,protonation,ionization,1.0
edge_0681,COC,node_0048,node_0457,deprotonation,ionization,1.0
edge_0682,COC,node_0049,node_0458,electron_loss,ionization,1.0
edge_0683,COC,node_0049,node_0459,electron_gain,ionization,1.0
edge_0684,COC,node_0049,node_0460,protonation,ionization,1.0
edge_0685,COC,node_0049,node_0461,deprotonation,ionization,1.0
edge_0686,COC,node_0050,node_0462,electron_loss,ionization,1.0
edge_0687,COC,node_0050,node_0463,electron_gain,ionization,1.0
edge_0688,COC,node_0050,node_0464,protonation,ionization,1.0
edge_0689,COC,node_0050,node_0465,deprotonation,ionization,1.0
edge_0690,COC,node_0051,node_0466,electron_loss,ionization,1.0
edge_0691,COC,node_0051,node_0467,electron_gain,ionization,1.0
edge_0692,COC,node_0051,node_0468,protonation,ionization,1.0
edge_0693,COC,node_0051,node_0469,deprotonation,ionization,1.0
edge_0694,COC,node_0052,node_0470,electron_loss,ionization,1.0
edge_0695,COC,node_0052,node_0471,electron_gain,ionization,1.0
edge_0696,COC,node_0052,node_0472,protonation,ionization,1.0
edge_0697,COC,node_0052,node_0473,deprotonation,ionization,1.0
edge_0698,COC,node_0053,node_0474,electron_loss,ionization,1.0
edge_0699,COC,node_0053,node_0475,electron_gain,ionization,1.0
edge_0700,COC,node_0053,node_0476,protonation,ionization,1.0
edge_0701,COC,node_0053,node_0477,deprotonation,ionization,1.0
edge_0702,COC,node_0054,node_0478,electron_loss,ionization,1.0
edge_0703,COC,node_0054,node_0479,electron_gain,ionization,1.0
edge_0704,COC,node_0054,node_0480,protonation,ionization,1.0
edge_0705,COC,node_0054,node_0481,deprotonation,ionization,1.0
edge_0706,COC,node_0055,node_0482,electron_loss,ionization,1.0
edge_0707,COC,node_0055,node_0483,electron_gain,ionization,1.0
edge_0708,COC,node_0055,node_0484,protonation,ionization,1.0
edge_0709,COC,node_0055,node_0485,deprotonation,ionization,1.0
edge_0710,COC,node_0056,node_0486,electron_loss,ionization,1.0
edge_0711,COC,node_0056,node_0487,electron_gain,ionization,1.0
edge_0712,COC,node_0056,node_0488,protonation,ionization,1.0
edge_0713,COC,node_0056,node_0489,deprotonation,ionization,1.0
edge_0714,COC,node_0057,node_0490,electron_loss,ionization,1.0
edge_0715,COC,node_0057,node_0491,electron_gain,ionization,1.0
edge_0716,COC,node_0057,node_0492,protonation,ionization,1.0
edge_0717,COC,node_0057,node_0493,deprotonation,ionization,1.0
edge_0718,COC,node_0058,node_0494,electron_loss,ionization,1.0
edge_0719,COC,node_0058,node_0495,electron_gain,ionization,1.0
edge_0720,COC,node_0058,node_0496,protonation,ionization,1.0
edge_0721,COC,node_0058,node_0497,deprotonation,ionization,1.0
edge_0722,COC,node_0059,node_0498,electron_loss,ionization,1.0
edge_0723,COC,node_0059,node_0499,electron_gain,ionization,1.0
edge_0724,COC,node_0059,node_0500,protonation,ionization,1.0
edge_0725,COC,node_0059,node_0501,deprotonation,ionization,1.0
edge_0726,COC,node_0060,node_0502,electron_loss,ionization,1.0
edge_0727,COC,node_0060,node_0503,electron_gain,ionization,1.0
edge_0728,COC,node_0060,node_0504,protonation,ionization,1.0
edge_0729,COC,node_0060,node_0505,deprotonation,ionization,1.0
edge_0730,COC,node_0061,node_0506,electron_loss,ionization,1.0
edge_0731,COC,node_0061,node_0507,electron_gain,ionization,1.0
edge_0732,COC,node_0061,node_0508,protonation,ionization,1.0
edge_0733,COC,node_0061,node_0509,deprotonation,ionization,1.0
edge_0734,COC,node_0062,node_0510,electron_loss,ionization,1.0
edge_0735,COC,node_0062,node_0511,electron_gain,ionization,1.0
edge_0736,COC,node_0062,node_0512,protonation,ionization,1.0
edge_0737,COC,node_0062,node_0513,deprotonation,ionization,1.0
edge_0738,COC,node_0063,node_0514,electron_loss,ionization,1.0
edge_0739,COC,node_0063,node_0515,electron_gain,ionization,1.0
edge_0740,COC,node_0063,node_0516,protonation,ionization,1.0
edge_0741,COC,node_0063,node_0517,deprotonation,ionization,1.0
edge_0742,COC,node_0064,node_0518,electron_loss,ionization,1.0
edge_0743,COC,node_0064,node_0519,electron_gain,ionization,1.0
edge_0744,COC,node_0064,node_0520,protonation,ionization,1.0
edge_0745,COC,node_0064,node_0521,deprotonation,ionization,1.0
edge_0746,COC,node_0065,node_0522,electron_loss,ionization,1.0
edge_0747,COC,node_0065,node_0523,electron_gain,ionization,1.0
edge_0748,COC,node_0065,node_0524,protonation,ionization,1.0
edge_0749,COC,node_0065,node_0525,deprotonation,ionization,1.0
edge_0750,COC,node_0066,node_0526,electron_loss,ionization,1.0
edge_0751,COC,node_0066,node_0527,electron_gain,ionization,1.0
edge_0752,COC,node_0066,node_0528,protonation,ionization,1.0
edge_0753,COC,node_0066,node_0529,deprotonation,ionization,1.0
edge_0754,COC,node_0067,node_0530,electron_loss,ionization,1.0
edge_0755,COC,node_0067,node_0531,electron_gain,ionization,1.0
edge_0756,COC,node_0067,node_0532,protonation,ionization,1.0
edge_0757,COC,node_0067,node_0533,deprotonation,ionization,1.0
edge_0758,COC,node_0068,node_0534,electron_loss,ionization,1.0
edge_0759,COC,node_0068,node_0535,electron_gain,ionization,1.0
edge_0760,COC,node_0068,node_0536,protonation,ionization,1.0
edge_0761,COC,node_0068,node_0537,deprotonation,ionization,1.0
edge_0762,COC,node_0069,node_0538,electron_loss,ionization,1.0
edge_0763,COC,node_0069,node_0539,electron_gain,ionization,1.0
edge_0764,COC,node_0069,node_0540,protonation,ionization,1.0
edge_0765,COC,node_0069,node_0541,deprotonation,ionization,1.0
edge_0766,COC,node_0070,node_0542,electron_loss,ionization,1.0
edge_0767,COC,node_0070,node_0543,electron_gain,ionization,1.0
edge_0768,COC,node_0070,node_0544,protonation,ionization,1.0
edge_0769,COC,node_0070,node_0545,deprotonation,ionization,1.0
edge_0770,COC,node_0071,node_0546,electron_loss,ionization,1.0
edge_0771,COC,node_0071,node_0547,electron_gain,ionization,1.0
edge_0772,COC,node_0071,node_0548,protonation,ionization,1.0
edge_0773,COC,node_0071,node_0549,deprotonation,ionization,1.0
edge_0774,COC,node_0072,node_0550,electron_loss,ionization,1.0
edge_0775,COC,node_0072,node_0551,electron_gain,ionization,1.0
edge_0776,COC,node_0072,node_0552,protonation,ionization,1.0
edge_0777,COC,node_0072,node_0553,deprotonation,ionization,1.0
edge_0778,COC,node_0073,node_0554,electron_loss,ionization,1.0
edge_0779,COC,node_0073,node_0555,electron_gain,ionization,1.0
edge_0780,COC,node_0073,node_0556,protonation,ionization,1.0
edge_0781,COC,node_0073,node_0557,deprotonation,ionization,1.0
edge_0782,COC,node_0074,node_0558,electron_loss,ionization,1.0
edge_0783,COC,node_0074,node_0559,electron_gain,ionization,1.0
edge_0784,COC,node_0074,node_0560,protonation,ionization,1.0
edge_0785,COC,node_0074,node_0561,deprotonation,ionization,1.0
edge_0786,COC,node_0075,node_0562,electron_loss,ionization,1.0
edge_0787,COC,node_0075,node_0563,electron_gain,ionization,1.0
edge_0788,COC,node_0075,node_0564,protonation,ionization,1.0
edge_0789,COC,node_0075,node_0565,deprotonation,ionization,1.0
edge_0790,COC,node_0076,node_0566,electron_loss,ionization,1.0
edge_0791,COC,node_0076,node_0567,electron_gain,ionization,1.0
edge_0792,COC,node_0076,node_0568,protonation,ionization,1.0
edge_0793,COC,node_0076,node_0569,deprotonation,ionization,1.0
edge_0794,COC,node_0077,node_0570,electron_loss,ionization,1.0
edge_0795,COC,node_0077,node_0571,electron_gain,ionization,1.0
edge_0796,COC,node_0077,node_0572,protonation,ionization,1.0
edge_0797,COC,node_0077,node_0573,deprotonation,ionization,1.0
edge_0798,COC,node_0078,node_0574,electron_loss,ionization,1.0
edge_0799,COC,node_0078,node_0575,electron_gain,ionization,1.0
edge_0800,COC,node_0078,node_0576,protonation,ionization,1.0
edge_0801,COC,node_0078,node_0577,deprotonation,ionization,1.0
edge_0802,COC,node_0079,node_0578,electron_loss,ionization,1.0
edge_0803,COC,node_0079,node_0579,electron_gain,ionization,1.0
edge_0804,COC,node_0079,node_0580,protonation,ionization,1.0
edge_0805,COC,node_0079,node_0581,deprotonation,ionization,1.0
edge_0806,COC,node_0080,node_0582,electron_loss,ionization,1.0
edge_0807,COC,node_0080,node_0583,electron_gain,ionization,1.0
edge_0808,COC,node_0080,node_0584,protonation,ionization,1.0
edge_0809,COC,node_0080,node_0585,deprotonation,ionization,1.0
edge_0810,COC,node_0081,node_0586,electron_loss,ionization,1.0
edge_0811,COC,node_0081,node_0587,electron_gain,ionization,1.0
edge_0812,COC,node_0081,node_0588,protonation,ionization,1.0
edge_0813,COC,node_0081,node_0589,deprotonation,ionization,1.0
edge_0814,COC,node_0082,node_0590,electron_loss,ionization,1.0
edge_0815,COC,node_0082,node_0591,electron_gain,ionization,1.0
edge_0816,COC,node_0082,node_0592,protonation,ionization,1.0
edge_0817,COC,node_0082,node_0593,deprotonation,ionization,1.0
edge_0818,COC,node_0083,node_0594,electron_loss,ionization,1.0
edge_0819,COC,node_0083,node_0595,electron_gain,ionization,1.0
edge_0820,COC,node_0083,node_0596,protonation,ionization,1.0
edge_0821,COC,node_0083,node_0597,deprotonation,ionization,1.0
edge_0822,COC,node_0084,node_0598,electron_loss,ionization,1.0
edge_0823,COC,node_0084,node_0599,electron_gain,ionization,1.0
edge_0824,COC,node_0084,node_0600,protonation,ionization,1.0
edge_0825,COC,node_0084,node_0601,deprotonation,ionization,1.0
edge_0826,COC,node_0085,node_0602,electron_loss,ionization,1.0
edge_0827,COC,node_0085,node_0603,electron_gain,ionization,1.0
edge_0828,COC,node_0085,node_0604,protonation,ionization,1.0
edge_0829,COC,node_0085,node_0605,deprotonation,ionization,1.0
edge_0830,COC,node_0086,node_0606,electron_loss,ionization,1.0
edge_0831,COC,node_0086,node_0607,electron_gain,ionization,1.0
edge_0832,COC,node_0086,node_0608,protonation,ionization,1.0
edge_0833,COC,node_0086,node_0609,deprotonation,ionization,1.0
edge_0834,COC,node_0087,node_0610,electron_loss,ionization,1.0
edge_0835,COC,node_0087,node_0611,electron_gain,ionization,1.0
edge_0836,COC,node_0087,node_0612,protonation,ionization,1.0
edge_0837,COC,node_0087,node_0613,deprotonation,ionization,1.0
edge_0838,COC,node_0088,node_0614,electron_loss,ionization,1.0
edge_0839,COC,node_0088,node_0615,electron_gain,ionization,1.0
edge_0840,COC,node_0088,node_0616,protonation,ionization,1.0
edge_0841,COC,node_0088,node_0617,deprotonation,ionization,1.0
edge_0842,COC,node_0089,node_0618,electron_loss,ionization,1.0
edge_0843,COC,node_0089,node_0619,electron_gain,ionization,1.0
edge_0844,COC,node_0089,node_0620,protonation,ionization,1.0
edge_0845,COC,node_0089,node_0621,deprotonation,ionization,1.0
edge_0846,COC,node_0090,node_0622,electron_loss,ionization,1.0
edge_0847,COC,node_0090,node_0623,electron_gain,ionization,1.0
edge_0848,COC,node_0090,node_0624,protonation,ionization,1.0
edge_0849,COC,node_0090,node_0625,deprotonation,ionization,1.0
edge_0850,COC,node_0091,node_0626,electron_loss,ionization,1.0
edge_0851,COC,node_0091,node_0627,electron_gain,ionization,1.0
edge_0852,COC,node_0091,node_0628,protonation,ionization,1.0
edge_0853,COC,node_0091,node_0629,deprotonation,ionization,1.0
edge_0854,COC,node_0092,node_0630,electron_loss,ionization,1.0
edge_0855,COC,node_0092,node_0631,electron_gain,ionization,1.0
edge_0856,COC,node_0092,node_0632,protonation,ionization,1.0
edge_0857,COC,node_0092,node_0633,deprotonation,ionization,1.0
edge_0858,COC,node_0093,node_0634,electron_loss,ionization,1.0
edge_0859,COC,node_0093,node_0635,electron_gain,ionization,1.0
edge_0860,COC,node_0093,node_0636,protonation,ionization,1.0
edge_0861,COC,node_0093,node_0637,deprotonation,ionization,1.0
edge_0862,COC,node_0094,node_0638,electron_loss,ionization,1.0
edge_0863,COC,node_0094,node_0639,electron_gain,ionization,1.0
edge_0864,COC,node_0094,node_0640,protonation,ionization,1.0
edge_0865,COC,node_0094,node_0641,deprotonation,ionization,1.0
edge_0866,COC,node_0095,node_0642,electron_loss,ionization,1.0
edge_0867,COC,node_0095,node_0643,electron_gain,ionization,1.0
edge_0868,COC,node_0095,node_0644,protonation,ionization,1.0
edge_0869,COC,node_0095,node_0645,deprotonation,ionization,1.0
edge_0870,COC,node_0096,node_0646,electron_loss,ionization,1.0
edge_0871,COC,node_0096,node_0647,electron_gain,ionization,1.0
edge_0872,COC,node_0096,node_0648,protonation,ionization,1.0
edge_0873,COC,node_0096,node_0649,deprotonation,ionization,1.0
edge_0874,COC,node_0097,node_0650,electron_loss,ionization,1.0
edge_0875,COC,node_0097,node_0651,electron_gain,ionization,1.0
edge_0876,COC,node_0097,node_0652,protonation,ionization,1.0
edge_0877,COC,node_0097,node_0653,deprotonation,ionization,1.0
edge_0878,COC,node_0098,node_0654,electron_loss,ionization,1.0
edge_0879,COC,node_0098,node_0655,electron_gain,ionization,1.0
edge_0880,COC,node_0098,node_0656,protonation,ionization,1.0
edge_0881,COC,node_0098,node_0657,deprotonation,ionization,1.0
edge_0882,COC,node_0099,node_0658,electron_loss,ionization,1.0
edge_0883,COC,node_0099,node_0659,electron_gain,ionization,1.0
edge_0884,COC,node_0099,node_0660,protonation,ionization,1.0
edge_0885,COC,node_0099,node_0661,deprotonation,ionization,1.0
edge_0886,COC,node_0100,node_0662,electron_loss,ionization,1.0
edge_0887,COC,node_0100,node_0663,electron_gain,ionization,1.0
edge_0888,COC,node_0100,node_0664,protonation,ionization,1.0
edge_0889,COC,node_0100,node_0665,deprotonation,ionization,1.0
edge_0890,COC,node_0101,node_0666,electron_loss,ionization,1.0
edge_0891,COC,node_0101,node_0667,electron_gain,ionization,1.0
edge_0892,COC,node_0101,node_0668,protonation,ionization,1.0
edge_0893,COC,node_0101,node_0669,deprotonation,ionization,1.0
edge_0894,COC,node_0102,node_0670,electron_loss,ionization,1.0
edge_0895,COC,node_0102,node_0671,electron_gain,ionization,1.0
edge_0896,COC,node_0102,node_0672,protonation,ionization,1.0
edge_0897,COC,node_0102,node_0673,deprotonation,ionization,1.0
edge_0898,COC,node_0103,node_0674,electron_loss,ionization,1.0
edge_0899,COC,node_0103,node_0675,electron_gain,ionization,1.0
edge_0900,COC,node_0103,node_0676,protonation,ionization,1.0
edge_0901,COC,node_0103,node_0677,deprotonation,ionization,1.0
edge_0902,COC,node_0104,node_0678,electron_loss,ionization,1.0
edge_0903,COC,node_0104,node_0679,electron_gain,ionization,1.0
edge_0904,COC,node_0104,node_0680,protonation,ionization,1.0
edge_0905,COC,node_0104,node_0681,deprotonation,ionization,1.0
edge_0906,COC,node_0105,node_0682,electron_loss,ionization,1.0
edge_0907,COC,node_0105,node_0683,electron_gain,ionization,1.0
edge_0908,COC,node_0105,node_0684,protonation,ionization,1.0
edge_0909,COC,node_0105,node_0685,deprotonation,ionization,1.0
edge_0910,COC,node_0106,node_0686,electron_loss,ionization,1.0
edge_0911,COC,node_0106,node_0687,electron_gain,ionization,1.0
edge_0912,COC,node_0106,node_0688,protonation,ionization,1.0
edge_0913,COC,node_0106,node_0689,deprotonation,ionization,1.0
edge_0914,COC,node_0107,node_0690,electron_loss,ionization,1.0
edge_0915,COC,node_0107,node_0691,electron_gain,ionization,1.0
edge_0916,COC,node_0107,node_0692,protonation,ionization,1.0
edge_0917,COC,node_0107,node_0693,deprotonation,ionization,1.0
edge_0918,COC,node_0108,node_0694,electron_loss,ionization,1.0
edge_0919,COC,node_0108,node_0695,electron_gain,ionization,1.0
edge_0920,COC,node_0108,node_0696,protonation,ionization,1.0
edge_0921,COC,node_0108,node_0697,deprotonation,ionization,1.0
edge_0922,COC,node_0109,node_0698,electron_loss,ionization,1.0
edge_0923,COC,node_0109,node_0699,electron_gain,ionization,1.0
edge_0924,COC,node_0109,node_0700,protonation,ionization,1.0
edge_0925,COC,node_0109,node_0701,deprotonation,ionization,1.0
edge_0926,COC,node_0110,node_0702,electron_loss,ionization,1.0
edge_0927,COC,node_0110,node_0703,electron_gain,ionization,1.0
edge_0928,COC,node_0110,node_0704,protonation,ionization,1.0
edge_0929,COC,node_0110,node_0705,deprotonation,ionization,1.0
edge_0930,COC,node_0111,node_0706,electron_loss,ionization,1.0
edge_0931,COC,node_0111,node_0707,electron_gain,ionization,1.0
edge_0932,COC,node_0111,node_0708,protonation,ionization,1.0
edge_0933,COC,node_0111,node_0709,deprotonation,ionization,1.0
edge_0934,COC,node_0112,node_0710,electron_loss,ionization,1.0
edge_0935,COC,node_0112,node_0711,electron_gain,ionization,1.0
edge_0936,COC,node_0112,node_0712,protonation,ionization,1.0
edge_0937,COC,node_0112,node_0713,deprotonation,ionization,1.0
edge_0938,COC,node_0113,node_0714,electron_loss,ionization,1.0
edge_0939,COC,node_0113,node_0715,electron_gain,ionization,1.0
edge_0940,COC,node_0113,node_0716,protonation,ionization,1.0
edge_0941,COC,node_0113,node_0717,deprotonation,ionization,1.0
edge_0942,COC,node_0114,node_0718,electron_loss,ionization,1.0
edge_0943,COC,node_0114,node_0719,electron_gain,ionization,1.0
edge_0944,COC,node_0114,node_0720,protonation,ionization,1.0
edge_0945,COC,node_0114,node_0721,deprotonation,ionization,1.0
edge_0946,COC,node_0115,node_0722,electron_loss,ionization,1.0
edge_0947,COC,node_0115,node_0723,electron_gain,ionization,1.0
edge_0948,COC,node_0115,node_0724,protonation,ionization,1.0
edge_0949,COC,node_0115,node_0725,deprotonation,ionization,1.0
edge_0950,COC,node_0116,node_0726,electron_loss,ionization,1.0
edge_0951,COC,node_0116,node_0727,electron_gain,ionization,1.0
edge_0952,COC,node_0116,node_0728,protonation,ionization,1.0
edge_0953,COC,node_0116,node_0729,deprotonation,ionization,1.0
edge_0954,COC,node_0117,node_0730,electron_loss,ionization,1.0
edge_0955,COC,node_0117,node_0731,electron_gain,ionization,1.0
edge_0956,COC,node_0117,node_0732,protonation,ionization,1.0
edge_0957,COC,node_0117,node_0733,deprotonation,ionization,1.0
edge_0958,COC,node_0118,node_0734,electron_loss,ionization,1.0
edge_0959,COC,node_0118,node_0735,electron_gain,ionization,1.0
edge_0960,COC,node_0118,node_0736,protonation,ionization,1.0
edge_0961,COC,node_0118,node_0737,deprotonation,ionization,1.0
edge_0962,COC,node_0119,node_0738,electron_loss,ionization,1.0
edge_0963,COC,node_0119,node_0739,electron_gain,ionization,1.0
edge_0964,COC,node_0119,node_0740,protonation,ionization,1.0
edge_0965,COC,node_0119,node_0741,deprotonation,ionization,1.0
edge_0966,COC,node_0120,node_0742,electron_loss,ionization,1.0
edge_0967,COC,node_0120,node_0743,electron_gain,ionization,1.0
edge_0968,COC,node_0120,node_0744,protonation,ionization,1.0
edge_0969,COC,node_0120,node_0745,deprotonation,ionization,1.0
edge_0970,COC,node_0121,node_0746,electron_loss,ionization,1.0
edge_0971,COC,node_0121,node_0747,electron_gain,ionization,1.0
edge_0972,COC,node_0121,node_0748,protonation,ionization,1.0
edge_0973,COC,node_0121,node_0749,deprotonation,ionization,1.0
edge_0974,COC,node_0122,node_0750,electron_loss,ionization,1.0
edge_0975,COC,node_0122,node_0751,electron_gain,ionization,1.0
edge_0976,COC,node_0122,node_0752,protonation,ionization,1.0
edge_0977,COC,node_0122,node_0753,deprotonation,ionization,1.0
edge_0978,COC,node_0123,node_0754,electron_loss,ionization,1.0
edge_0979,COC,node_0123,node_0755,electron_gain,ionization,1.0
edge_0980,COC,node_0123,node_0756,protonation,ionization,1.0
edge_0981,COC,node_0123,node_0757,deprotonation,ionization,1.0
edge_0982,COC,node_0124,node_0758,electron_loss,ionization,1.0
edge_0983,COC,node_0124,node_0759,electron_gain,ionization,1.0
edge_0984,COC,node_0124,node_0760,protonation,ionization,1.0
edge_0985,COC,node_0124,node_0761,deprotonation,ionization,1.0
edge_0986,COC,node_0125,node_0762,electron_loss,ionization,1.0
edge_0987,COC,node_0125,node_0763,electron_gain,ionization,1.0
edge_0988,COC,node_0125,node_0764,protonation,ionization,1.0
edge_0989,COC,node_0125,node_0765,deprotonation,ionization,1.0
edge_0990,COC,node_0126,node_0766,electron_loss,ionization,1.0
edge_0991,COC,node_0126,node_0767,electron_gain,ionization,1.0
edge_0992,COC,node_0126,node_0768,protonation,ionization,1.0
edge_0993,COC,node_0126,node_0769,deprotonation,ionization,1.0
edge_0994,COC,node_0127,node_0770,electron_loss,ionization,1.0
edge_0995,COC,node_0127,node_0771,electron_gain,ionization,1.0
edge_0996,COC,node_0127,node_0772,protonation,ionization,1.0
edge_0997,COC,node_0127,node_0773,deprotonation,ionization,1.0
edge_0998,COC,node_0128,node_0774,electron_loss,ionization,1.0
edge_0999,COC,node_0128,node_0775,electron_gain,ionization,1.0
edge_1000,COC,node_0128,node_0776,protonation,ionization,1.0
edge_1001,COC,node_0128,node_0777,deprotonation,ionization,1.0
edge_1002,COC,node_0129,node_0778,electron_loss,ionization,1.0
edge_1003,COC,node_0129,node_0779,electron_gain,ionization,1.0
edge_1004,COC,node_0129,node_0780,protonation,ionization,1.0
edge_1005,COC,node_0129,node_0781,deprotonation,ionization,1.0
edge_1006,COC,node_0130,node_0782,electron_loss,ionization,1.0
edge_1007,COC,node_0130,node_0783,electron_gain,ionization,1.0
edge_1008,COC,node_0130,node_0784,protonation,ionization,1.0
edge_1009,COC,node_0130,node_0785,deprotonation,ionization,1.0
edge_1010,COC,node_0131,node_0786,electron_loss,ionization,1.0
edge_1011,COC,node_0131,node_0787,electron_gain,ionization,1.0
edge_1012,COC,node_0131,node_0788,protonation,ionization,1.0
edge_1013,COC,node_0131,node_0789,deprotonation,ionization,1.0
edge_1014,COC,node_0132,node_0790,electron_loss,ionization,1.0
edge_1015,COC,node_0132,node_0791,electron_gain,ionization,1.0
edge_1016,COC,node_0132,node_0792,protonation,ionization,1.0
edge_1017,COC,node_0132,node_0793,deprotonation,ionization,1.0
edge_1018,COC,node_0133,node_0794,electron_loss,ionization,1.0
edge_1019,COC,node_0133,node_0795,electron_gain,ionization,1.0
edge_1020,COC,node_0133,node_0796,protonation,ionization,1.0
edge_1021,COC,node_0133,node_0797,deprotonation,ionization,1.0
edge_1022,COC,node_0134,node_0798,electron_loss,ionization,1.0
edge_1023,COC,node_0134,node_0799,electron_gain,ionization,1.0
edge_1024,COC,node_0134,node_0800,protonation,ionization,1.0
edge_1025,COC,node_0134,node_0801,deprotonation,ionization,1.0
edge_1026,COC,node_0135,node_0802,electron_loss,ionization,1.0
edge_1027,COC,node_0135,node_0803,electron_gain,ionization,1.0
edge_1028,COC,node_0135,node_0804,protonation,ionization,1.0
edge_1029,COC,node_0135,node_0805,deprotonation,ionization,1.0
edge_1030,COC,node_0136,node_0806,electron_loss,ionization,1.0
edge_1031,COC,node_0136,node_0807,electron_gain,ionization,1.0
edge_1032,COC,node_0136,node_0808,protonation,ionization,1.0
edge_1033,COC,node_0136,node_0809,deprotonation,ionization,1.0
edge_1034,COC,node_0137,node_0810,electron_loss,ionization,1.0
edge_1035,COC,node_0137,node_0811,electron_gain,ionization,1.0
edge_1036,COC,node_0137,node_0812,protonation,ionization,1.0
edge_1037,COC,node_0137,node_0813,deprotonation,ionization,1.0
edge_1038,COC,node_0138,node_0814,electron_loss,ionization,1.0
edge_1039,COC,node_0138,node_0815,electron_gain,ionization,1.0
edge_1040,COC,node_0138,node_0816,protonation,ionization,1.0
edge_1041,COC,node_0138,node_0817,deprotonation,ionization,1.0
edge_1042,COC,node_0139,node_0818,electron_loss,ionization,1.0
edge_1043,COC,node_0139,node_0819,electron_gain,ionization,1.0
edge_1044,COC,node_0139,node_0820,protonation,ionization,1.0
edge_1045,COC,node_0139,node_0821,deprotonation,ionization,1.0
edge_1046,COC,node_0140,node_0822,electron_loss,ionization,1.0
edge_1047,COC,node_0140,node_0823,electron_gain,ionization,1.0
edge_1048,COC,node_0140,node_0824,protonation,ionization,1.0
edge_1049,COC,node_0140,node_0825,deprotonation,ionization,1.0
edge_1050,COC,node_0141,node_0826,electron_loss,ionization,1.0
edge_1051,COC,node_0141,node_0827,electron_gain,ionization,1.0
edge_1052,COC,node_0141,node_0828,protonation,ionization,1.0
edge_1053,COC,node_0141,node_0829,deprotonation,ionization,1.0
edge_1054,COC,node_0142,node_0830,electron_loss,ionization,1.0
edge_1055,COC,node_0142,node_0831,electron_gain,ionization,1.0
edge_1056,COC,node_0142,node_0832,protonation,ionization,1.0
edge_1057,COC,node_0142,node_0833,deprotonation,ionization,1.0
edge_1058,COC,node_0143,node_0834,electron_loss,ionization,1.0
edge_1059,COC,node_0143,node_0835,electron_gain,ionization,1.0
edge_1060,COC,node_0143,node_0836,protonation,ionization,1.0
edge_1061,COC,node_0143,node_0837,deprotonation,ionization,1.0
edge_1062,COC,node_0144,node_0838,electron_loss,ionization,1.0
edge_1063,COC,node_0144,node_0839,electron_gain,ionization,1.0
edge_1064,COC,node_0144,node_0840,protonation,ionization,1.0
edge_1065,COC,node_0144,node_0841,deprotonation,ionization,1.0
edge_1066,COC,node_0145,node_0842,electron_loss,ionization,1.0
edge_1067,COC,node_0145,node_0843,electron_gain,ionization,1.0
edge_1068,COC,node_0145,node_0844,protonation,ionization,1.0
edge_1069,COC,node_0145,node_0845,deprotonation,ionization,1.0
edge_1070,COC,node_0146,node_0846,electron_loss,ionization,1.0
edge_1071,COC,node_0146,node_0847,electron_gain,ionization,1.0
edge_1072,COC,node_0146,node_0848,protonation,ionization,1.0
edge_1073,COC,node_0146,node_0849,deprotonation,ionization,1.0
edge_1074,COC,node_0147,node_0850,electron_loss,ionization,1.0
edge_1075,COC,node_0147,node_0851,electron_gain,ionization,1.0
edge_1076,COC,node_0147,node_0852,protonation,ionization,1.0
edge_1077,COC,node_0147,node_0853,deprotonation,ionization,1.0
edge_1078,COC,node_0148,node_0854,electron_loss,ionization,1.0
edge_1079,COC,node_0148,node_0855,electron_gain,ionization,1.0
edge_1080,COC,node_0148,node_0856,protonation,ionization,1.0
edge_1081,COC,node_0148,node_0857,deprotonation,ionization,1.0
edge_1082,COC,node_0149,node_0858,electron_loss,ionization,1.0
edge_1083,COC,node_0149,node_0859,electron_gain,ionization,1.0
edge_1084,COC,node_0149,node_0860,protonation,ionization,1.0
edge_1085,COC,node_0149,node_0861,deprotonation,ionization,1.0
edge_1086,COC,node_0150,node_0862,electron_loss,ionization,1.0
edge_1087,COC,node_0150,node_0863,electron_gain,ionization,1.0
edge_1088,COC,node_0150,node_0864,protonation,ionization,1.0
edge_1089,COC,node_0150,node_0865,deprotonation,ionization,1.0
edge_1090,COC,node_0151,node_0866,electron_loss,ionization,1.0
edge_1091,COC,node_0151,node_0867,electron_gain,ionization,1.0
edge_1092,COC,node_0151,node_0868,protonation,ionization,1.0
edge_1093,COC,node_0151,node_0869,deprotonation,ionization,1.0
edge_1094,COC,node_0152,node_0870,electron_loss,ionization,1.0
edge_1095,COC,node_0152,node_0871,electron_gain,ionization,1.0
edge_1096,COC,node_0152,node_0872,protonation,ionization,1.0
edge_1097,COC,node_0152,node_0873,deprotonation,ionization,1.0
edge_1098,COC,node_0153,node_0874,electron_loss,ionization,1.0
edge_1099,COC,node_0153,node_0875,electron_gain,ionization,1.0
edge_1100,COC,node_0153,node_0876,protonation,ionization,1.0
edge_1101,COC,node_0153,node_0877,deprotonation,ionization,1.0
edge_1102,COC,node_0154,node_0878,electron_loss,ionization,1.0
edge_1103,COC,node_0154,node_0879,electron_gain,ionization,1.0
edge_1104,COC,node_0154,node_0880,protonation,ionization,1.0
edge_1105,COC,node_0154,node_0881,deprotonation,ionization,1.0
edge_1106,COC,node_0155,node_0882,electron_loss,ionization,1.0
edge_1107,COC,node_0155,node_0883,electron_gain,ionization,1.0
edge_1108,COC,node_0155,node_0884,protonation,ionization,1.0
edge_1109,COC,node_0155,node_0885,deprotonation,ionization,1.0
edge_1110,COC,node_0156,node_0886,electron_loss,ionization,1.0
edge_1111,COC,node_0156,node_0887,electron_gain,ionization,1.0
edge_1112,COC,node_0156,node_0888,protonation,ionization,1.0
edge_1113,COC,node_0156,node_0889,deprotonation,ionization,1.0
edge_1114,COC,node_0157,node_0890,electron_loss,ionization,1.0
edge_1115,COC,node_0157,node_0891,electron_gain,ionization,1.0
edge_1116,COC,node_0157,node_0892,protonation,ionization,1.0
edge_1117,COC,node_0157,node_0893,deprotonation,ionization,1.0
edge_1118,COC,node_0158,node_0894,electron_loss,ionization,1.0
edge_1119,COC,node_0158,node_0895,electron_gain,ionization,1.0
edge_1120,COC,node_0158,node_0896,protonation,ionization,1.0
edge_1121,COC,node_0158,node_0897,deprotonation,ionization,1.0
edge_1122,COC,node_0159,node_0898,electron_loss,ionization,1.0
edge_1123,COC,node_0159,node_0899,electron_gain,ionization,1.0
edge_1124,COC,node_0159,node_0900,protonation,ionization,1.0
edge_1125,COC,node_0159,node_0901,deprotonation,ionization,1.0
edge_1126,COC,node_0160,node_0902,electron_loss,ionization,1.0
edge_1127,COC,node_0160,node_0903,electron_gain,ionization,1.0
edge_1128,COC,node_0160,node_0904,protonation,ionization,1.0
edge_1129,COC,node_0160,node_0905,deprotonation,ionization,1.0
edge_1130,COC,node_0161,node_0906,electron_loss,ionization,1.0
edge_1131,COC,node_0161,node_0907,electron_gain,ionization,1.0
edge_1132,COC,node_0161,node_0908,protonation,ionization,1.0
edge_1133,COC,node_0161,node_0909,deprotonation,ionization,1.0
edge_1134,COC,node_0162,node_0910,electron_loss,ionization,1.0
edge_1135,COC,node_0162,node_0911,electron_gain,ionization,1.0
edge_1136,COC,node_0162,node_0912,protonation,ionization,1.0
edge_1137,COC,node_0162,node_0913,deprotonation,ionization,1.0
edge_1138,COC,node_0163,node_0914,electron_loss,ionization,1.0
edge_1139,COC,node_0163,node_0915,electron_gain,ionization,1.0
edge_1140,COC,node_0163,node_0916,protonation,ionization,1.0
edge_1141,COC,node_0163,node_0917,deprotonation,ionization,1.0
edge_1142,COC,node_0164,node_0918,electron_loss,ionization,1.0
edge_1143,COC,node_0164,node_0919,electron_gain,ionization,1.0
edge_1144,COC,node_0164,node_0920,protonation,ionization,1.0
edge_1145,COC,node_0164,node_0921,deprotonation,ionization,1.0
edge_1146,COC,node_0165,node_0922,electron_loss,ionization,1.0
edge_1147,COC,node_0165,node_0923,electron_gain,ionization,1.0
edge_1148,COC,node_0165,node_0924,protonation,ionization,1.0
edge_1149,COC,node_0165,node_0925,deprotonation,ionization,1.0
edge_1150,COC,node_0166,node_0926,electron_loss,ionization,1.0
edge_1151,COC,node_0166,node_0927,electron_gain,ionization,1.0
edge_1152,COC,node_0166,node_0928,protonation,ionization,1.0
edge_1153,COC,node_0166,node_0929,deprotonation,ionization,1.0
edge_1154,COC,node_0167,node_0930,electron_loss,ionization,1.0
edge_1155,COC,node_0167,node_0931,electron_gain,ionization,1.0
edge_1156,COC,node_0167,node_0932,protonation,ionization,1.0
edge_1157,COC,node_0167,node_0933,deprotonation,ionization,1.0
edge_1158,COC,node_0168,node_0934,electron_loss,ionization,1.0
edge_1159,COC,node_0168,node_0935,electron_gain,ionization,1.0
edge_1160,COC,node_0168,node_0936,protonation,ionization,1.0
edge_1161,COC,node_0168,node_0937,deprotonation,ionization,1.0
edge_1162,COC,node_0169,node_0938,electron_loss,ionization,1.0
edge_1163,COC,node_0169,node_0939,electron_gain,ionization,1.0
edge_1164,COC,node_0169,node_0940,protonation,ionization,1.0
edge_1165,COC,node_0169,node_0941,deprotonation,ionization,1.0
edge_1166,COC,node_0170,node_0942,electron_loss,ionization,1.0
edge_1167,COC,node_0170,node_0943,electron_gain,ionization,1.0
edge_1168,COC,node_0170,node_0944,protonation,ionization,1.0
edge_1169,COC,node_0170,node_0945,deprotonation,ionization,1.0
edge_1170,COC,node_0171,node_0946,electron_loss,ionization,1.0
edge_1171,COC,node_0171,node_0947,electron_gain,ionization,1.0
edge_1172,COC,node_0171,node_0948,protonation,ionization,1.0
edge_1173,COC,node_0171,node_0949,deprotonation,ionization,1.0
edge_1174,COC,node_0172,node_0950,electron_loss,ionization,1.0
edge_1175,COC,node_0172,node_0951,electron_gain,ionization,1.0
edge_1176,COC,node_0172,node_0952,protonation,ionization,1.0
edge_1177,COC,node_0172,node_0953,deprotonation,ionization,1.0
edge_1178,COC,node_0173,node_0954,electron_loss,ionization,1.0
edge_1179,COC,node_0173,node_0955,electron_gain,ionization,1.0
edge_1180,COC,node_0173,node_0956,protonation,ionization,1.0
edge_1181,COC,node_0173,node_0957,deprotonation,ionization,1.0
edge_1182,COC,node_0174,node_0958,electron_loss,ionization,1.0
edge_1183,COC,node_0174,node_0959,electron_gain,ionization,1.0
edge_1184,COC,node_0174,node_0960,protonation,ionization,1.0
edge_1185,COC,node_0174,node_0961,deprotonation,ionization,1.0
edge_1186,COC,node_0175,node_0962,electron_loss,ionization,1.0
edge_1187,COC,node_0175,node_0963,electron_gain,ionization,1.0
edge_1188,COC,node_0175,node_0964,protonation,ionization,1.0
edge_1189,COC,node_0175,node_0965,deprotonation,ionization,1.0
edge_1190,COC,node_0176,node_0966,electron_loss,ionization,1.0
edge_1191,COC,node_0176,node_0967,electron_gain,ionization,1.0
edge_1192,COC,node_0176,node_0968,protonation,ionization,1.0
edge_1193,COC,node_0176,node_0969,deprotonation,ionization,1.0
edge_1194,COC,node_0177,node_0970,electron_loss,ionization,1.0
edge_1195,COC,node_0177,node_0971,electron_gain,ionization,1.0
edge_1196,COC,node_0177,node_0972,protonation,ionization,1.0
edge_1197,COC,node_0177,node_0973,deprotonation,ionization,1.0
edge_1198,COC,node_0178,node_0974,electron_loss,ionization,1.0
edge_1199,COC,node_0178,node_0975,electron_gain,ionization,1.0
edge_1200,COC,node_0178,node_0976,protonation,ionization,1.0
edge_1201,COC,node_0178,node_0977,deprotonation,ionization,1.0
edge_1202,COC,node_0179,node_0978,electron_loss,ionization,1.0
edge_1203,COC,node_0179,node_0979,electron_gain,ionization,1.0
edge_1204,COC,node_0179,node_0980,protonation,ionization,1.0
edge_1205,COC,node_0179,node_0981,deprotonation,ionization,1.0
edge_1206,COC,node_0180,node_0982,electron_loss,ionization,1.0
edge_1207,COC,node_0180,node_0983,electron_gain,ionization,1.0
edge_1208,COC,node_0180,node_0984,protonation,ionization,1.0
edge_1209,COC,node_0180,node_0985,deprotonation,ionization,1.0
edge_1210,COC,node_0181,node_0986,electron_loss,ionization,1.0
edge_1211,COC,node_0181,node_0987,electron_gain,ionization,1.0
edge_1212,COC,node_0181,node_0988,protonation,ionization,1.0
edge_1213,COC,node_0181,node_0989,deprotonation,ionization,1.0
edge_1214,COC,node_0182,node_0990,electron_loss,ionization,1.0
edge_1215,COC,node_0182,node_0991,electron_gain,ionization,1.0
edge_1216,COC,node_0182,node_0992,protonation,ionization,1.0
edge_1217,COC,node_0182,node_0993,deprotonation,ionization,1.0
edge_1218,COC,node_0183,node_0994,electron_loss,ionization,1.0
edge_1219,COC,node_0183,node_0995,electron_gain,ionization,1.0
edge_1220,COC,node_0183,node_0996,protonation,ionization,1.0
edge_1221,COC,node_0183,node_0997,deprotonation,ionization,1.0
edge_1222,COC,node_0184,node_0998,electron_loss,ionization,1.0
edge_1223,COC,node_0184,node_0999,electron_gain,ionization,1.0
edge_1224,COC,node_0184,node_1000,protonation,ionization,1.0
edge_1225,COC,node_0184,node_1001,deprotonation,ionization,1.0
edge_1226,COC,node_0185,node_1002,electron_loss,ionization,1.0
edge_1227,COC,node_0185,node_1003,electron_gain,ionization,1.0
edge_1228,COC,node_0185,node_1004,protonation,ionization,1.0
edge_1229,COC,node_0185,node_1005,deprotonation,ionization,1.0
edge_1230,COC,node_0186,node_1006,electron_loss,ionization,1.0
edge_1231,COC,node_0186,node_1007,electron_gain,ionization,1.0
edge_1232,COC,node_0186,node_1008,protonation,ionization,1.0
edge_1233,COC,node_0186,node_1009,deprotonation,ionization,1.0
edge_1234,COC,node_0187,node_1010,electron_loss,ionization,1.0
edge_1235,COC,node_0187,node_1011,electron_gain,ionization,1.0
edge_1236,COC,node_0187,node_1012,protonation,ionization,1.0
edge_1237,COC,node_0187,node_1013,deprotonation,ionization,1.0
edge_1238,COC,node_0188,node_1014,electron_loss,ionization,1.0
edge_1239,COC,node_0188,node_1015,electron_gain,ionization,1.0
edge_1240,COC,node_0188,node_1016,protonation,ionization,1.0
edge_1241,COC,node_0188,node_1017,deprotonation,ionization,1.0
edge_1242,COC,node_0189,node_1018,electron_loss,ionization,1.0
edge_1243,COC,node_0189,node_1019,electron_gain,ionization,1.0
edge_1244,COC,node_0189,node_1020,protonation,ionization,1.0
edge_1245,COC,node_0189,node_1021,deprotonation,ionization,1.0
edge_1246,COC,node_0190,node_1022,electron_loss,ionization,1.0
edge_1247,COC,node_0190,node_1023,electron_gain,ionization,1.0
edge_1248,COC,node_0190,node_1024,protonation,ionization,1.0
edge_1249,COC,node_0190,node_1025,deprotonation,ionization,1.0
edge_1250,COC,node_0191,node_1026,electron_loss,ionization,1.0
edge_1251,COC,node_0191,node_1027,electron_gain,ionization,1.0
edge_1252,COC,node_0191,node_1028,protonation,ionization,1.0
edge_1253,COC,node_0191,node_1029,deprotonation,ionization,1.0
edge_1254,COC,node_0192,node_1030,electron_loss,ionization,1.0
edge_1255,COC,node_0192,node_1031,electron_gain,ionization,1.0
edge_1256,COC,node_0192,node_1032,protonation,ionization,1.0
edge_1257,COC,node_0192,node_1033,deprotonation,ionization,1.0
edge_1258,COC,node_0193,node_1034,electron_loss,ionization,1.0
edge_1259,COC,node_0193,node_1035,electron_gain,ionization,1.0
edge_1260,COC,node_0193,node_1036,protonation,ionization,1.0
edge_1261,COC,node_0193,node_1037,deprotonation,ionization,1.0
edge_1262,COC,node_0194,node_1038,electron_loss,ionization,1.0
edge_1263,COC,node_0194,node_1039,electron_gain,ionization,1.0
edge_1264,COC,node_0194,node_1040,protonation,ionization,1.0
edge_1265,COC,node_0194,node_1041,deprotonation,ionization,1.0
edge_1266,COC,node_0195,node_1042,electron_loss,ionization,1.0
edge_1267,COC,node_0195,node_1043,electron_gain,ionization,1.0
edge_1268,COC,node_0195,node_1044,protonation,ionization,1.0
edge_1269,COC,node_0195,node_1045,deprotonation,ionization,1.0
edge_1270,COC,node_0196,node_1046,electron_loss,ionization,1.0
edge_1271,COC,node_0196,node_1047,electron_gain,ionization,1.0
edge_1272,COC,node_0196,node_1048,protonation,ionization,1.0
edge_1273,COC,node_0196,node_1049,deprotonation,ionization,1.0
edge_1274,COC,node_0197,node_1050,electron_loss,ionization,1.0
edge_1275,COC,node_0197,node_1051,electron_gain,ionization,1.0
edge_1276,COC,node_0197,node_1052,protonation,ionization,1.0
edge_1277,COC,node_0197,node_1053,deprotonation,ionization,1.0
edge_1278,COC,node_0198,node_1054,electron_loss,ionization,1.0
edge_1279,COC,node_0198,node_1055,electron_gain,ionization,1.0
edge_1280,COC,node_0198,node_1056,protonation,ionization,1.0
edge_1281,COC,node_0198,node_1057,deprotonation,ionization,1.0
edge_1282,COC,node_0199,node_1058,electron_loss,ionization,1.0
edge_1283,COC,node_0199,node_1059,electron_gain,ionization,1.0
edge_1284,COC,node_0199,node_1060,protonation,ionization,1.0
edge_1285,COC,node_0199,node_1061,deprotonation,ionization,1.0
edge_1286,COC,node_0200,node_1062,electron_loss,ionization,1.0
edge_1287,COC,node_0200,node_1063,electron_gain,ionization,1.0
edge_1288,COC,node_0200,node_1064,protonation,ionization,1.0
edge_1289,COC,node_0200,node_1065,deprotonation,ionization,1.0
edge_1290,COC,node_0201,node_1066,electron_loss,ionization,1.0
edge_1291,COC,node_0201,node_1067,electron_gain,ionization,1.0
edge_1292,COC,node_0201,node_1068,protonation,ionization,1.0
edge_1293,COC,node_0201,node_1069,deprotonation,ionization,1.0
edge_1294,COC,node_0202,node_1070,electron_loss,ionization,1.0
edge_1295,COC,node_0202,node_1071,electron_gain,ionization,1.0
edge_1296,COC,node_0202,node_1072,protonation,ionization,1.0
edge_1297,COC,node_0202,node_1073,deprotonation,ionization,1.0
edge_1298,COC,node_0203,node_1074,electron_loss,ionization,1.0
edge_1299,COC,node_0203,node_1075,electron_gain,ionization,1.0
edge_1300,COC,node_0203,node_1076,protonation,ionization,1.0
edge_1301,COC,node_0203,node_1077,deprotonation,ionization,1.0
edge_1302,COC,node_0204,node_1078,electron_loss,ionization,1.0
edge_1303,COC,node_0204,node_1079,electron_gain,ionization,1.0
edge_1304,COC,node_0204,node_1080,protonation,ionization,1.0
edge_1305,COC,node_0204,node_1081,deprotonation,ionization,1.0
edge_1306,COC,node_0205,node_1082,electron_loss,ionization,1.0
edge_1307,COC,node_0205,node_1083,electron_gain,ionization,1.0
edge_1308,COC,node_0205,node_1084,protonation,ionization,1.0
edge_1309,COC,node_0205,node_1085,deprotonation,ionization,1.0
edge_1310,COC,node_0206,node_1086,electron_loss,ionization,1.0
edge_1311,COC,node_0206,node_1087,electron_gain,ionization,1.0
edge_1312,COC,node_0206,node_1088,protonation,ionization,1.0
edge_1313,COC,node_0206,node_1089,deprotonation,ionization,1.0
edge_1314,COC,node_0207,node_1090,electron_loss,ionization,1.0
edge_1315,COC,node_0207,node_1091,electron_gain,ionization,1.0
edge_1316,COC,node_0207,node_1092,protonation,ionization,1.0
edge_1317,COC,node_0207,node_1093,deprotonation,ionization,1.0
edge_1318,COC,node_0208,node_1094,electron_loss,ionization,1.0
edge_1319,COC,node_0208,node_1095,electron_gain,ionization,1.0
edge_1320,COC,node_0208,node_1096,protonation,ionization,1.0
edge_1321,COC,node_0208,node_1097,deprotonation,ionization,1.0
edge_1322,COC,node_0209,node_1098,electron_loss,ionization,1.0
edge_1323,COC,node_0209,node_1099,electron_gain,ionization,1.0
edge_1324,COC,node_0209,node_1100,protonation,ionization,1.0
edge_1325,COC,node_0209,node_1101,deprotonation,ionization,1.0
edge_1326,COC,node_0210,node_1102,electron_loss,ionization,1.0
edge_1327,COC,node_0210,node_1103,electron_gain,ionization,1.0
edge_1328,COC,node_0210,node_1104,protonation,ionization,1.0
edge_1329,COC,node_0210,node_1105,deprotonation,ionization,1.0
edge_1330,COC,node_0211,node_1106,electron_loss,ionization,1.0
edge_1331,COC,node_0211,node_1107,electron_gain,ionization,1.0
edge_1332,COC,node_0211,node_1108,protonation,ionization,1.0
edge_1333,COC,node_0211,node_1109,deprotonation,ionization,1.0
edge_1334,COC,node_0212,node_1110,electron_loss,ionization,1.0
edge_1335,COC,node_0212,node_1111,electron_gain,ionization,1.0
edge_1336,COC,node_0212,node_1112,protonation,ionization,1.0
edge_1337,COC,node_0212,node_1113,deprotonation,ionization,1.0
edge_1338,COC,node_0213,node_1114,electron_loss,ionization,1.0
edge_1339,COC,node_0213,node_1115,electron_gain,ionization,1.0
edge_1340,COC,node_0213,node_1116,protonation,ionization,1.0
edge_1341,COC,node_0213,node_1117,deprotonation,ionization,1.0
edge_1342,COC,node_0214,node_1118,electron_loss,ionization,1.0
edge_1343,COC,node_0214,node_1119,electron_gain,ionization,1.0
edge_1344,COC,node_0214,node_1120,protonation,ionization,1.0
edge_1345,COC,node_0214,node_1121,deprotonation,ionization,1.0
edge_1346,COC,node_0215,node_1122,electron_loss,ionization,1.0
edge_1347,COC,node_0215,node_1123,electron_gain,ionization,1.0
edge_1348,COC,node_0215,node_1124,protonation,ionization,1.0
edge_1349,COC,node_0215,node_1125,deprotonation,ionization,1.0
edge_1350,COC,node_0216,node_1126,electron_loss,ionization,1.0
edge_1351,COC,node_0216,node_1127,electron_gain,ionization,1.0
edge_1352,COC,node_0216,node_1128,protonation,ionization,1.0
edge_1353,COC,node_0216,node_1129,deprotonation,ionization,1.0
edge_1354,COC,node_0217,node_1130,electron_loss,ionization,1.0
edge_1355,COC,node_0217,node_1131,electron_gain,ionization,1.0
edge_1356,COC,node_0217,node_1132,protonation,ionization,1.0
edge_1357,COC,node_0217,node_1133,deprotonation,ionization,1.0
edge_1358,COC,node_0218,node_1134,electron_loss,ionization,1.0
edge_1359,COC,node_0218,node_1135,electron_gain,ionization,1.0
edge_1360,COC,node_0218,node_1136,protonation,ionization,1.0
edge_1361,COC,node_0218,node_1137,deprotonation,ionization,1.0
edge_1362,COC,node_0219,node_1138,electron_loss,ionization,1.0
edge_1363,COC,node_0219,node_1139,electron_gain,ionization,1.0
edge_1364,COC,node_0219,node_1140,protonation,ionization,1.0
edge_1365,COC,node_0219,node_1141,deprotonation,ionization,1.0
edge_1366,COC,node_0220,node_1142,electron_loss,ionization,1.0
edge_1367,COC,node_0220,node_1143,electron_gain,ionization,1.0
edge_1368,COC,node_0220,node_1144,protonation,ionization,1.0
edge_1369,COC,node_0220,node_1145,deprotonation,ionization,1.0
edge_1370,COC,node_0221,node_1146,electron_loss,ionization,1.0
edge_1371,COC,node_0221,node_1147,electron_gain,ionization,1.0
edge_1372,COC,node_0221,node_1148,protonation,ionization,1.0
edge_1373,COC,node_0221,node_1149,deprotonation,ionization,1.0
edge_1374,COC,node_0222,node_1150,electron_loss,ionization,1.0
edge_1375,COC,node_0222,node_1151,electron_gain,ionization,1.0
edge_1376,COC,node_0222,node_1152,protonation,ionization,1.0
edge_1377,COC,node_0222,node_1153,deprotonation,ionization,1.0
edge_1378,COC,node_0223,node_1154,electron_loss,ionization,1.0
edge_1379,COC,node_0223,node_1155,electron_gain,ionization,1.0
edge_1380,COC,node_0223,node_1156,protonation,ionization,1.0
edge_1381,COC,node_0223,node_1157,deprotonation,ionization,1.0
edge_1382,COC,node_0224,node_1158,electron_loss,ionization,1.0
edge_1383,COC,node_0224,node_1159,electron_gain,ionization,1.0
edge_1384,COC,node_0224,node_1160,protonation,ionization,1.0
edge_1385,COC,node_0224,node_1161,deprotonation,ionization,1.0
edge_1386,COC,node_0225,node_1162,electron_loss,ionization,1.0
edge_1387,COC,node_0225,node_1163,electron_gain,ionization,1.0
edge_1388,COC,node_0225,node_1164,protonation,ionization,1.0
edge_1389,COC,node_0225,node_1165,deprotonation,ionization,1.0
edge_1390,COC,node_0226,node_1166,electron_loss,ionization,1.0
edge_1391,COC,node_0226,node_1167,electron_gain,ionization,1.0
edge_1392,COC,node_0226,node_1168,protonation,ionization,1.0
edge_1393,COC,node_0226,node_1169,deprotonation,ionization,1.0
edge_1394,COC,node_0227,node_1170,electron_loss,ionization,1.0
edge_1395,COC,node_0227,node_1171,electron_gain,ionization,1.0
edge_1396,COC,node_0227,node_1172,protonation,ionization,1.0
edge_1397,COC,node_0227,node_1173,deprotonation,ionization,1.0
edge_1398,COC,node_0228,node_1174,electron_loss,ionization,1.0
edge_1399,COC,node_0228,node_1175,electron_gain,ionization,1.0
edge_1400,COC,node_0228,node_1176,protonation,ionization,1.0
edge_1401,COC,node_0228,node_1177,deprotonation,ionization,1.0
edge_1402,COC,node_0229,node_1178,electron_loss,ionization,1.0
edge_1403,COC,node_0229,node_1179,electron_gain,ionization,1.0
edge_1404,COC,node_0229,node_1180,protonation,ionization,1.0
edge_1405,COC,node_0229,node_1181,deprotonation,ionization,1.0
edge_1406,COC,node_0230,node_1182,electron_loss,ionization,1.0
edge_1407,COC,node_0230,node_1183,electron_gain,ionization,1.0
edge_1408,COC,node_0230,node_1184,protonation,ionization,1.0
edge_1409,COC,node_0230,node_1185,deprotonation,ionization,1.0
edge_1410,COC,node_0231,node_1186,electron_loss,ionization,1.0
edge_1411,COC,node_0231,node_1187,electron_gain,ionization,1.0
edge_1412,COC,node_0231,node_1188,protonation,ionization,1.0
edge_1413,COC,node_0231,node_1189,deprotonation,ionization,1.0
edge_1414,COC,node_0232,node_1190,electron_loss,ionization,1.0
edge_1415,COC,node_0232,node_1191,electron_gain,ionization,1.0
edge_1416,COC,node_0232,node_1192,protonation,ionization,1.0
edge_1417,COC,node_0232,node_1193,deprotonation,ionization,1.0
edge_1418,COC,node_0233,node_1194,electron_loss,ionization,1.0
edge_1419,COC,node_0233,node_1195,electron_gain,ionization,1.0
edge_1420,COC,node_0233,node_1196,protonation,ionization,1.0
edge_1421,COC,node_0233,node_1197,deprotonation,ionization,1.0
edge_1422,COC,node_0234,node_1198,electron_loss,ionization,1.0
edge_1423,COC,node_0234,node_1199,electron_gain,ionization,1.0
edge_1424,COC,node_0234,node_1200,protonation,ionization,1.0
edge_1425,COC,node_0234,node_1201,deprotonation,ionization,1.0
edge_1426,COC,node_0235,node_1202,electron_loss,ionization,1.0
edge_1427,COC,node_0235,node_1203,electron_gain,ionization,1.0
edge_1428,COC,node_0235,node_1204,protonation,ionization,1.0
edge_1429,COC,node_0235,node_1205,deprotonation,ionization,1.0
edge_1430,COC,node_0236,node_1206,electron_loss,ionization,1.0
edge_1431,COC,node_0236,node_1207,electron_gain,ionization,1.0
edge_1432,COC,node_0236,node_1208,protonation,ionization,1.0
edge_1433,COC,node_0236,node_1209,deprotonation,ionization,1.0
edge_1434,COC,node_0237,node_1210,electron_loss,ionization,1.0
edge_1435,COC,node_0237,node_1211,electron_gain,ionization,1.0
edge_1436,COC,node_0237,node_1212,protonation,ionization,1.0
edge_1437,COC,node_0237,node_1213,deprotonation,ionization,1.0
edge_1438,COC,node_0238,node_1214,electron_loss,ionization,1.0
edge_1439,COC,node_0238,node_1215,electron_gain,ionization,1.0
edge_1440,COC,node_0238,node_1216,protonation,ionization,1.0
edge_1441,COC,node_0238,node_1217,deprotonation,ionization,1.0
edge_1442,COC,node_0239,node_1218,electron_loss,ionization,1.0
edge_1443,COC,node_0239,node_1219,electron_gain,ionization,1.0
edge_1444,COC,node_0239,node_1220,protonation,ionization,1.0
edge_1445,COC,node_0239,node_1221,deprotonation,ionization,1.0
edge_1446,COC,node_0240,node_1222,electron_loss,ionization,1.0
edge_1447,COC,node_0240,node_1223,electron_gain,ionization,1.0
edge_1448,COC,node_0240,node_1224,protonation,ionization,1.0
edge_1449,COC,node_0240,node_1225,deprotonation,ionization,1.0
edge_1450,COC,node_0241,node_1226,electron_loss,ionization,1.0
edge_1451,COC,node_0241,node_1227,electron_gain,ionization,1.0
edge_1452,COC,node_0241,node_1228,protonation,ionization,1.0
edge_1453,COC,node_0241,node_1229,deprotonation,ionization,1.0
edge_1454,COC,node_0242,node_1230,electron_loss,ionization,1.0
edge_1455,COC,node_0242,node_1231,electron_gain,ionization,1.0
edge_1456,COC,node_0242,node_1232,protonation,ionization,1.0
edge_1457,COC,node_0242,node_1233,deprotonation,ionization,1.0
edge_1458,COC,node_0243,node_1234,electron_loss,ionization,1.0
edge_1459,COC,node_0243,node_1235,electron_gain,ionization,1.0
edge_1460,COC,node_0243,node_1236,protonation,ionization,1.0
edge_1461,COC,node_0243,node_1237,deprotonation,ionization,1.0
edge_1462,COC,node_0244,node_1238,electron_loss,ionization,1.0
edge_1463,COC,node_0244,node_1239,electron_gain,ionization,1.0
edge_1464,COC,node_0244,node_1240,protonation,ionization,1.0
edge_1465,COC,node_0244,node_1241,deprotonation,ionization,1.0
edge_1466,COC,node_0245,node_1242,electron_loss,ionization,1.0
edge_1467,COC,node_0245,node_1243,electron_gain,ionization,1.0
edge_1468,COC,node_0245,node_1244,protonation,ionization,1.0
edge_1469,COC,node_0245,node_1245,deprotonation,ionization,1.0
edge_1470,COC,node_0246,node_1246,electron_loss,ionization,1.0
edge_1471,COC,node_0246,node_1247,electron_gain,ionization,1.0
edge_1472,COC,node_0246,node_1248,protonation,ionization,1.0
edge_1473,COC,node_0246,node_1249,deprotonation,ionization,1.0
edge_1474,COC,node_0247,node_1250,electron_loss,ionization,1.0
edge_1475,COC,node_0247,node_1251,electron_gain,ionization,1.0
edge_1476,COC,node_0247,node_1252,protonation,ionization,1.0
edge_1477,COC,node_0247,node_1253,deprotonation,ionization,1.0
edge_1478,COC,node_0248,node_1254,electron_loss,ionization,1.0
edge_1479,COC,node_0248,node_1255,electron_gain,ionization,1.0
edge_1480,COC,node_0248,node_1256,protonation,ionization,1.0
edge_1481,COC,node_0248,node_1257,deprotonation,ionization,1.0
edge_1482,COC,node_0249,node_1258,electron_loss,ionization,1.0
edge_1483,COC,node_0249,node_1259,electron_gain,ionization,1.0
edge_1484,COC,node_0249,node_1260,protonation,ionization,1.0
edge_1485,COC,node_0249,node_1261,deprotonation,ionization,1.0
edge_1486,COC,node_0250,node_1262,electron_loss,ionization,1.0
edge_1487,COC,node_0250,node_1263,electron_gain,ionization,1.0
edge_1488,COC,node_0250,node_1264,protonation,ionization,1.0
edge_1489,COC,node_0250,node_1265,deprotonation,ionization,1.0
edge_1490,COC,node_0251,node_1266,electron_loss,ionization,1.0
edge_1491,COC,node_0251,node_1267,electron_gain,ionization,1.0
edge_1492,COC,node_0251,node_1268,protonation,ionization,1.0
edge_1493,COC,node_0251,node_1269,deprotonation,ionization,1.0
edge_1494,COC,node_0252,node_1270,electron_loss,ionization,1.0
edge_1495,COC,node_0252,node_1271,electron_gain,ionization,1.0
edge_1496,COC,node_0252,node_1272,protonation,ionization,1.0
edge_1497,COC,node_0252,node_1273,deprotonation,ionization,1.0
edge_1498,COC,node_0253,node_1274,electron_loss,ionization,1.0
edge_1499,COC,node_0253,node_1275,electron_gain,ionization,1.0
edge_1500,COC,node_0253,node_1276,protonation,ionization,1.0
edge_1501,COC,node_0253,node_1277,deprotonation,ionization,1.0
edge_1502,COC,node_0254,node_1278,electron_loss,ionization,1.0
edge_1503,COC,node_0254,node_1279,electron_gain,ionization,1.0
edge_1504,COC,node_0254,node_1280,protonation,ionization,1.0
edge_1505,COC,node_0254,node_1281,deprotonation,ionization,1.0
edge_1506,COC,node_0255,node_1282,electron_loss,ionization,1.0
edge_1507,COC,node_0255,node_1283,electron_gain,ionization,1.0
edge_1508,COC,node_0255,node_1284,protonation,ionization,1.0
edge_1509,COC,node_0255,node_1285,deprotonation,ionization,1.0
edge_1510,COC,node_0256,node_1286,electron_loss,ionization,1.0
edge_1511,COC,node_0256,node_1287,electron_gain,ionization,1.0
edge_1512,COC,node_0256,node_1288,protonation,ionization,1.0
edge_1513,COC,node_0256,node_1289,deprotonation,ionization,1.0
