edge_id,compound_id,source_node,target_node,operation,operation_type,weight
edge_0001,ETFE,node_0001,node_0002,bond_break,fragmentation,1.0
edge_0002,ETFE,node_0001,node_0003,bond_break,fragmentation,1.0
edge_0003,ETFE,node_0001,node_0004,bond_break,fragmentation,1.0
edge_0004,ETFE,node_0001,node_0005,bond_break,fragmentation,1.0
edge_0005,ETFE,node_0001,node_0006,bond_break,fragmentation,1.0
edge_0006,ETFE,node_0001,node_0007,bond_break,fragmentation,1.0
edge_0007,ETFE,node_0001,node_0008,bond_break,fragmentation,1.0
edge_0008,ETFE,node_0001,node_0009,bond_break,fragmentation,1.0
edge_0009,ETFE,node_0001,node_0010,bond_break,fragmentation,1.0
edge_0010,ETFE,node_0001,node_0011,bond_break,fragmentation,1.0
edge_0011,ETFE,node_0001,node_0012,bond_break,fragmentation,1.0
edge_0012,ETFE,node_0001,node_0013,bond_break,fragmentation,1.0
edge_0013,ETFE,node_0001,node_0014,bond_break,fragmentation,1.0
edge_0014,ETFE,node_0001,node_0015,bond_break,fragmentation,1.0
edge_0015,ETFE,node_0001,node_0016,bond_break,fragmentation,1.0
edge_0016,ETFE,node_0001,node_0017,bond_break,fragmentation,1.0
edge_0017,ETFE,node_0001,node_0018,bond_break,fragmentation,1.0
edge_0018,ETFE,node_0001,node_0019,bond_break,fragmentation,1.0
edge_0019,ETFE,node_0001,node_0020,bond_break,fragmentation,1.0
edge_0020,ETFE,node_0001,node_0021,bond_break,fragmentation,1.0
edge_0021,ETFE,node_0001,node_0022,bond_break,fragmentation,1.0
edge_0022,ETFE,node_0001,node_0023,bond_break,fragmentation,1.0
edge_0023,ETFE,node_0001,node_0024,bond_break,fragmentation,1.0
edge_0024,ETFE,node_0001,node_0025,bond_break,fragmentation,1.0
edge_0025,ETFE,node_0001,node_0026,bond_break,fragmentation,1.0
edge_0026,ETFE,node_0001,node_0027,bond_break,fragmentation,1.0
edge_0027,ETFE,node_0001,node_0028,bond_break,fragmentation,1.0
edge_0028,ETFE,node_0001,node_0029,bond_break,fragmentation,1.0
edge_0029,ETFE,node_0001,node_0030,bond_break,fragmentation,1.0
edge_0030,ETFE,node_0001,node_0031,bond_break,fragmentation,1.0
edge_0031,ETFE,node_0001,node_0032,bond_break,fragmentation,1.0
edge_0032,ETFE,node_0001,node_0033,bond_break,fragmentation,1.0
edge_0033,ETFE,node_0001,node_0034,bond_break,fragmentation,1.0
edge_0034,ETFE,node_0002,node_0035,h_shift_-1,h_shift,0.9
edge_0035,ETFE,node_0002,node_0036,h_shift_+1,h_shift,0.9
edge_0036,ETFE,node_0003,node_0037,h_shift_-1,h_shift,0.9
edge_0037,ETFE,node_0003,node_0038,h_shift_+1,h_shift,0.9
edge_0038,ETFE,node_0004,node_0039,h_shift_-1,h_shift,0.9
edge_0039,ETFE,node_0004,node_0040,h_shift_+1,h_shift,0.9
edge_0040,ETFE,node_0005,node_0041,h_shift_-1,h_shift,0.9
edge_0041,ETFE,node_0005,node_0042,h_shift_+1,h_shift,0.9
edge_0042,ETFE,node_0006,node_0043,h_shift_+1,h_shift,0.9
edge_0043,ETFE,node_0007,node_0044,h_shift_-1,h_shift,0.9
edge_0044,ETFE,node_0007,node_0045,h_shift_+1,h_shift,0.9
edge_0045,ETFE,node_0008,node_0046,h_shift_+1,h_shift,0.9
edge_0046,ETFE,node_0009,node_0047,h_shift_-1,h_shift,0.9
edge_0047,ETFE,node_0009,node_0048,h_shift_+1,h_shift,0.9
edge_0048,ETFE,node_0010,node_0049,h_shift_-1,h_shift,0.9
edge_0049,ETFE,node_0010,node_0050,h_shift_+1,h_shift,0.9
edge_0050,ETFE,node_0011,node_0051,h_shift_-1,h_shift,0.9
edge_0051,ETFE,node_0011,node_0052,h_shift_+1,h_shift,0.9
edge_0052,ETFE,node_0012,node_0053,h_shift_+1,h_shift,0.9
edge_0053,ETFE,node_0013,node_0054,h_shift_-1,h_shift,0.9
edge_0054,ETFE,node_0013,node_0055,h_shift_+1,h_shift,0.9
edge_0055,ETFE,node_0014,node_0056,h_shift_+1,h_shift,0.9
edge_0056,ETFE,node_0015,node_0057,h_shift_-1,h_shift,0.9
edge_0057,ETFE,node_0015,node_0058,h_shift_+1,h_shift,0.9
edge_0058,ETFE,node_0016,node_0059,h_shift_-1,h_shift,0.9
edge_0059,ETFE,node_0016,node_0060,h_shift_+1,h_shift,0.9
edge_0060,ETFE,node_0017,node_0061,h_shift_-1,h_shift,0.9
edge_0061,ETFE,node_0017,node_0062,h_shift_+1,h_shift,0.9
edge_0062,ETFE,node_0018,node_0063,h_shift_-1,h_shift,0.9
edge_0063,ETFE,node_0018,node_0064,h_shift_+1,h_shift,0.9
edge_0064,ETFE,node_0019,node_0065,h_shift_-1,h_shift,0.9
edge_0065,ETFE,node_0019,node_0066,h_shift_+1,h_shift,0.9
edge_0066,ETFE,node_0020,node_0067,h_shift_-1,h_shift,0.9
edge_0067,ETFE,node_0020,node_0068,h_shift_+1,h_shift,0.9
edge_0068,ETFE,node_0021,node_0069,h_shift_-1,h_shift,0.9
edge_0069,ETFE,node_0021,node_0070,h_shift_+1,h_shift,0.9
edge_0070,ETFE,node_0022,node_0071,h_shift_+1,h_shift,0.9
edge_0071,ETFE,node_0023,node_0072,h_shift_-1,h_shift,0.9
edge_0072,ETFE,node_0023,node_0073,h_shift_+1,h_shift,0.9
edge_0073,ETFE,node_0024,node_0074,h_shift_-1,h_shift,0.9
edge_0074,ETFE,node_0024,node_0075,h_shift_+1,h_shift,0.9
edge_0075,ETFE,node_0025,node_0076,h_shift_-1,h_shift,0.9
edge_0076,ETFE,node_0025,node_0077,h_shift_+1,h_shift,0.9
edge_0077,ETFE,node_0026,node_0078,h_shift_-1,h_shift,0.9
edge_0078,ETFE,node_0026,node_0079,h_shift_+1,h_shift,0.9
edge_0079,ETFE,node_0027,node_0080,h_shift_-1,h_shift,0.9
edge_0080,ETFE,node_0027,node_0081,h_shift_+1,h_shift,0.9
edge_0081,ETFE,node_0028,node_0082,h_shift_-1,h_shift,0.9
edge_0082,ETFE,node_0028,node_0083,h_shift_+1,h_shift,0.9
edge_0083,ETFE,node_0029,node_0084,h_shift_-1,h_shift,0.9
edge_0084,ETFE,node_0029,node_0085,h_shift_+1,h_shift,0.9
edge_0085,ETFE,node_0030,node_0086,h_shift_-1,h_shift,0.9
edge_0086,ETFE,node_0030,node_0087,h_shift_+1,h_shift,0.9
edge_0087,ETFE,node_0031,node_0088,h_shift_-1,h_shift,0.9
edge_0088,ETFE,node_0031,node_0089,h_shift_+1,h_shift,0.9
edge_0089,ETFE,node_0032,node_0090,h_shift_-1,h_shift,0.9
edge_0090,ETFE,node_0032,node_0091,h_shift_+1,h_shift,0.9
edge_0091,ETFE,node_0033,node_0092,h_shift_-1,h_shift,0.9
edge_0092,ETFE,node_0033,node_0093,h_shift_+1,h_shift,0.9
edge_0093,ETFE,node_0034,node_0094,h_shift_-1,h_shift,0.9
edge_0094,ETFE,node_0034,node_0095,h_shift_+1,h_shift,0.9
edge_0095,ETFE,node_0002,node_0096,single_dehydrogenative_recombination,recombination,0.8
edge_0096,ETFE,node_0037,node_0096,single_dehydrogenative_recombination,recombination,0.8
edge_0097,ETFE,node_0002,node_0097,single_dehydrogenative_recombination,recombination,0.8
edge_0098,ETFE,node_0039,node_0097,single_dehydrogenative_recombination,recombination,0.8
edge_0099,ETFE,node_0002,node_0098,single_dehydrogenative_recombination,recombination,0.8
edge_0100,ETFE,node_0041,node_0098,single_dehydrogenative_recombination,recombination,0.8
edge_0101,ETFE,node_0002,node_0099,single_dehydrogenative_recombination,recombination,0.8
edge_0102,ETFE,node_0044,node_0099,single_dehydrogenative_recombination,recombination,0.8
edge_0103,ETFE,node_0002,node_0100,single_dehydrogenative_recombination,recombination,0.8
edge_0104,ETFE,node_0047,node_0100,single_dehydrogenative_recombination,recombination,0.8
edge_0105,ETFE,node_0002,node_0101,single_dehydrogenative_recombination,recombination,0.8
edge_0106,ETFE,node_0049,node_0101,single_dehydrogenative_recombination,recombination,0.8
edge_0107,ETFE,node_0002,node_0102,single_dehydrogenative_recombination,recombination,0.8
edge_0108,ETFE,node_0051,node_0102,single_dehydrogenative_recombination,recombination,0.8
edge_0109,ETFE,node_0002,node_0103,single_dehydrogenative_recombination,recombination,0.8
edge_0110,ETFE,node_0054,node_0103,single_dehydrogenative_recombination,recombination,0.8
edge_0111,ETFE,node_0002,node_0104,single_dehydrogenative_recombination,recombination,0.8
edge_0112,ETFE,node_0057,node_0104,single_dehydrogenative_recombination,recombination,0.8
edge_0113,ETFE,node_0002,node_0105,single_dehydrogenative_recombination,recombination,0.8
edge_0114,ETFE,node_0059,node_0105,single_dehydrogenative_recombination,recombination,0.8
edge_0115,ETFE,node_0002,node_0106,single_dehydrogenative_recombination,recombination,0.8
edge_0116,ETFE,node_0061,node_0106,single_dehydrogenative_recombination,recombination,0.8
edge_0117,ETFE,node_0002,node_0107,single_dehydrogenative_recombination,recombination,0.8
edge_0118,ETFE,node_0063,node_0107,single_dehydrogenative_recombination,recombination,0.8
edge_0119,ETFE,node_0002,node_0108,single_dehydrogenative_recombination,recombination,0.8
edge_0120,ETFE,node_0065,node_0108,single_dehydrogenative_recombination,recombination,0.8
edge_0121,ETFE,node_0002,node_0109,single_dehydrogenative_recombination,recombination,0.8
edge_0122,ETFE,node_0067,node_0109,single_dehydrogenative_recombination,recombination,0.8
edge_0123,ETFE,node_0002,node_0110,single_dehydrogenative_recombination,recombination,0.8
edge_0124,ETFE,node_0069,node_0110,single_dehydrogenative_recombination,recombination,0.8
edge_0125,ETFE,node_0002,node_0111,single_dehydrogenative_recombination,recombination,0.8
edge_0126,ETFE,node_0072,node_0111,single_dehydrogenative_recombination,recombination,0.8
edge_0127,ETFE,node_0002,node_0112,single_dehydrogenative_recombination,recombination,0.8
edge_0128,ETFE,node_0074,node_0112,single_dehydrogenative_recombination,recombination,0.8
edge_0129,ETFE,node_0002,node_0113,single_dehydrogenative_recombination,recombination,0.8
edge_0130,ETFE,node_0076,node_0113,single_dehydrogenative_recombination,recombination,0.8
edge_0131,ETFE,node_0002,node_0114,single_dehydrogenative_recombination,recombination,0.8
edge_0132,ETFE,node_0078,node_0114,single_dehydrogenative_recombination,recombination,0.8
edge_0133,ETFE,node_0002,node_0115,single_dehydrogenative_recombination,recombination,0.8
edge_0134,ETFE,node_0080,node_0115,single_dehydrogenative_recombination,recombination,0.8
edge_0135,ETFE,node_0002,node_0116,single_dehydrogenative_recombination,recombination,0.8
edge_0136,ETFE,node_0082,node_0116,single_dehydrogenative_recombination,recombination,0.8
edge_0137,ETFE,node_0002,node_0117,single_dehydrogenative_recombination,recombination,0.8
edge_0138,ETFE,node_0084,node_0117,single_dehydrogenative_recombination,recombination,0.8
edge_0139,ETFE,node_0002,node_0118,single_dehydrogenative_recombination,recombination,0.8
edge_0140,ETFE,node_0086,node_0118,single_dehydrogenative_recombination,recombination,0.8
edge_0141,ETFE,node_0002,node_0119,single_dehydrogenative_recombination,recombination,0.8
edge_0142,ETFE,node_0088,node_0119,single_dehydrogenative_recombination,recombination,0.8
edge_0143,ETFE,node_0002,node_0120,single_dehydrogenative_recombination,recombination,0.8
edge_0144,ETFE,node_0090,node_0120,single_dehydrogenative_recombination,recombination,0.8
edge_0145,ETFE,node_0002,node_0121,single_dehydrogenative_recombination,recombination,0.8
edge_0146,ETFE,node_0092,node_0121,single_dehydrogenative_recombination,recombination,0.8
edge_0147,ETFE,node_0002,node_0122,single_dehydrogenative_recombination,recombination,0.8
edge_0148,ETFE,node_0094,node_0122,single_dehydrogenative_recombination,recombination,0.8
edge_0149,ETFE,node_0003,node_0123,single_dehydrogenative_recombination,recombination,0.8
edge_0150,ETFE,node_0035,node_0123,single_dehydrogenative_recombination,recombination,0.8
edge_0151,ETFE,node_0003,node_0124,single_dehydrogenative_recombination,recombination,0.8
edge_0152,ETFE,node_0039,node_0124,single_dehydrogenative_recombination,recombination,0.8
edge_0153,ETFE,node_0003,node_0125,single_dehydrogenative_recombination,recombination,0.8
edge_0154,ETFE,node_0041,node_0125,single_dehydrogenative_recombination,recombination,0.8
edge_0155,ETFE,node_0003,node_0126,single_dehydrogenative_recombination,recombination,0.8
edge_0156,ETFE,node_0044,node_0126,single_dehydrogenative_recombination,recombination,0.8
edge_0157,ETFE,node_0003,node_0127,single_dehydrogenative_recombination,recombination,0.8
edge_0158,ETFE,node_0047,node_0127,single_dehydrogenative_recombination,recombination,0.8
edge_0159,ETFE,node_0003,node_0128,single_dehydrogenative_recombination,recombination,0.8
edge_0160,ETFE,node_0049,node_0128,single_dehydrogenative_recombination,recombination,0.8
edge_0161,ETFE,node_0003,node_0129,single_dehydrogenative_recombination,recombination,0.8
edge_0162,ETFE,node_0051,node_0129,single_dehydrogenative_recombination,recombination,0.8
edge_0163,ETFE,node_0003,node_0130,single_dehydrogenative_recombination,recombination,0.8
edge_0164,ETFE,node_0054,node_0130,single_dehydrogenative_recombination,recombination,0.8
edge_0165,ETFE,node_0003,node_0131,single_dehydrogenative_recombination,recombination,0.8
edge_0166,ETFE,node_0057,node_0131,single_dehydrogenative_recombination,recombination,0.8
edge_0167,ETFE,node_0003,node_0132,single_dehydrogenative_recombination,recombination,0.8
edge_0168,ETFE,node_0059,node_0132,single_dehydrogenative_recombination,recombination,0.8
edge_0169,ETFE,node_0003,node_0133,single_dehydrogenative_recombination,recombination,0.8
edge_0170,ETFE,node_0061,node_0133,single_dehydrogenative_recombination,recombination,0.8
edge_0171,ETFE,node_0003,node_0134,single_dehydrogenative_recombination,recombination,0.8
edge_0172,ETFE,node_0063,node_0134,single_dehydrogenative_recombination,recombination,0.8
edge_0173,ETFE,node_0003,node_0135,single_dehydrogenative_recombination,recombination,0.8
edge_0174,ETFE,node_0065,node_0135,single_dehydrogenative_recombination,recombination,0.8
edge_0175,ETFE,node_0003,node_0136,single_dehydrogenative_recombination,recombination,0.8
edge_0176,ETFE,node_0067,node_0136,single_dehydrogenative_recombination,recombination,0.8
edge_0177,ETFE,node_0003,node_0137,single_dehydrogenative_recombination,recombination,0.8
edge_0178,ETFE,node_0069,node_0137,single_dehydrogenative_recombination,recombination,0.8
edge_0179,ETFE,node_0003,node_0138,single_dehydrogenative_recombination,recombination,0.8
edge_0180,ETFE,node_0072,node_0138,single_dehydrogenative_recombination,recombination,0.8
edge_0181,ETFE,node_0003,node_0139,single_dehydrogenative_recombination,recombination,0.8
edge_0182,ETFE,node_0074,node_0139,single_dehydrogenative_recombination,recombination,0.8
edge_0183,ETFE,node_0003,node_0140,single_dehydrogenative_recombination,recombination,0.8
edge_0184,ETFE,node_0076,node_0140,single_dehydrogenative_recombination,recombination,0.8
edge_0185,ETFE,node_0003,node_0141,single_dehydrogenative_recombination,recombination,0.8
edge_0186,ETFE,node_0078,node_0141,single_dehydrogenative_recombination,recombination,0.8
edge_0187,ETFE,node_0003,node_0142,single_dehydrogenative_recombination,recombination,0.8
edge_0188,ETFE,node_0080,node_0142,single_dehydrogenative_recombination,recombination,0.8
edge_0189,ETFE,node_0003,node_0143,single_dehydrogenative_recombination,recombination,0.8
edge_0190,ETFE,node_0082,node_0143,single_dehydrogenative_recombination,recombination,0.8
edge_0191,ETFE,node_0003,node_0144,single_dehydrogenative_recombination,recombination,0.8
edge_0192,ETFE,node_0084,node_0144,single_dehydrogenative_recombination,recombination,0.8
edge_0193,ETFE,node_0003,node_0145,single_dehydrogenative_recombination,recombination,0.8
edge_0194,ETFE,node_0086,node_0145,single_dehydrogenative_recombination,recombination,0.8
edge_0195,ETFE,node_0003,node_0146,single_dehydrogenative_recombination,recombination,0.8
edge_0196,ETFE,node_0088,node_0146,single_dehydrogenative_recombination,recombination,0.8
edge_0197,ETFE,node_0003,node_0147,single_dehydrogenative_recombination,recombination,0.8
edge_0198,ETFE,node_0090,node_0147,single_dehydrogenative_recombination,recombination,0.8
edge_0199,ETFE,node_0003,node_0148,single_dehydrogenative_recombination,recombination,0.8
edge_0200,ETFE,node_0092,node_0148,single_dehydrogenative_recombination,recombination,0.8
edge_0201,ETFE,node_0003,node_0149,single_dehydrogenative_recombination,recombination,0.8
edge_0202,ETFE,node_0094,node_0149,single_dehydrogenative_recombination,recombination,0.8
edge_0203,ETFE,node_0004,node_0150,single_dehydrogenative_recombination,recombination,0.8
edge_0204,ETFE,node_0035,node_0150,single_dehydrogenative_recombination,recombination,0.8
edge_0205,ETFE,node_0004,node_0151,single_dehydrogenative_recombination,recombination,0.8
edge_0206,ETFE,node_0037,node_0151,single_dehydrogenative_recombination,recombination,0.8
edge_0207,ETFE,node_0004,node_0152,single_dehydrogenative_recombination,recombination,0.8
edge_0208,ETFE,node_0041,node_0152,single_dehydrogenative_recombination,recombination,0.8
edge_0209,ETFE,node_0004,node_0153,single_dehydrogenative_recombination,recombination,0.8
edge_0210,ETFE,node_0044,node_0153,single_dehydrogenative_recombination,recombination,0.8
edge_0211,ETFE,node_0004,node_0154,single_dehydrogenative_recombination,recombination,0.8
edge_0212,ETFE,node_0047,node_0154,single_dehydrogenative_recombination,recombination,0.8
edge_0213,ETFE,node_0004,node_0155,single_dehydrogenative_recombination,recombination,0.8
edge_0214,ETFE,node_0049,node_0155,single_dehydrogenative_recombination,recombination,0.8
edge_0215,ETFE,node_0004,node_0156,single_dehydrogenative_recombination,recombination,0.8
edge_0216,ETFE,node_0051,node_0156,single_dehydrogenative_recombination,recombination,0.8
edge_0217,ETFE,node_0004,node_0157,single_dehydrogenative_recombination,recombination,0.8
edge_0218,ETFE,node_0054,node_0157,single_dehydrogenative_recombination,recombination,0.8
edge_0219,ETFE,node_0004,node_0158,single_dehydrogenative_recombination,recombination,0.8
edge_0220,ETFE,node_0057,node_0158,single_dehydrogenative_recombination,recombination,0.8
edge_0221,ETFE,node_0004,node_0159,single_dehydrogenative_recombination,recombination,0.8
edge_0222,ETFE,node_0059,node_0159,single_dehydrogenative_recombination,recombination,0.8
edge_0223,ETFE,node_0004,node_0160,single_dehydrogenative_recombination,recombination,0.8
edge_0224,ETFE,node_0061,node_0160,single_dehydrogenative_recombination,recombination,0.8
edge_0225,ETFE,node_0004,node_0161,single_dehydrogenative_recombination,recombination,0.8
edge_0226,ETFE,node_0063,node_0161,single_dehydrogenative_recombination,recombination,0.8
edge_0227,ETFE,node_0004,node_0162,single_dehydrogenative_recombination,recombination,0.8
edge_0228,ETFE,node_0065,node_0162,single_dehydrogenative_recombination,recombination,0.8
edge_0229,ETFE,node_0004,node_0163,single_dehydrogenative_recombination,recombination,0.8
edge_0230,ETFE,node_0067,node_0163,single_dehydrogenative_recombination,recombination,0.8
edge_0231,ETFE,node_0004,node_0164,single_dehydrogenative_recombination,recombination,0.8
edge_0232,ETFE,node_0069,node_0164,single_dehydrogenative_recombination,recombination,0.8
edge_0233,ETFE,node_0004,node_0165,single_dehydrogenative_recombination,recombination,0.8
edge_0234,ETFE,node_0072,node_0165,single_dehydrogenative_recombination,recombination,0.8
edge_0235,ETFE,node_0004,node_0166,single_dehydrogenative_recombination,recombination,0.8
edge_0236,ETFE,node_0074,node_0166,single_dehydrogenative_recombination,recombination,0.8
edge_0237,ETFE,node_0004,node_0167,single_dehydrogenative_recombination,recombination,0.8
edge_0238,ETFE,node_0076,node_0167,single_dehydrogenative_recombination,recombination,0.8
edge_0239,ETFE,node_0004,node_0168,single_dehydrogenative_recombination,recombination,0.8
edge_0240,ETFE,node_0078,node_0168,single_dehydrogenative_recombination,recombination,0.8
edge_0241,ETFE,node_0004,node_0169,single_dehydrogenative_recombination,recombination,0.8
edge_0242,ETFE,node_0080,node_0169,single_dehydrogenative_recombination,recombination,0.8
edge_0243,ETFE,node_0004,node_0170,single_dehydrogenative_recombination,recombination,0.8
edge_0244,ETFE,node_0082,node_0170,single_dehydrogenative_recombination,recombination,0.8
edge_0245,ETFE,node_0004,node_0171,single_dehydrogenative_recombination,recombination,0.8
edge_0246,ETFE,node_0084,node_0171,single_dehydrogenative_recombination,recombination,0.8
edge_0247,ETFE,node_0004,node_0172,single_dehydrogenative_recombination,recombination,0.8
edge_0248,ETFE,node_0086,node_0172,single_dehydrogenative_recombination,recombination,0.8
edge_0249,ETFE,node_0004,node_0173,single_dehydrogenative_recombination,recombination,0.8
edge_0250,ETFE,node_0088,node_0173,single_dehydrogenative_recombination,recombination,0.8
edge_0251,ETFE,node_0004,node_0174,single_dehydrogenative_recombination,recombination,0.8
edge_0252,ETFE,node_0090,node_0174,single_dehydrogenative_recombination,recombination,0.8
edge_0253,ETFE,node_0004,node_0175,single_dehydrogenative_recombination,recombination,0.8
edge_0254,ETFE,node_0092,node_0175,single_dehydrogenative_recombination,recombination,0.8
edge_0255,ETFE,node_0004,node_0176,single_dehydrogenative_recombination,recombination,0.8
edge_0256,ETFE,node_0094,node_0176,single_dehydrogenative_recombination,recombination,0.8
edge_0257,ETFE,node_0005,node_0177,single_dehydrogenative_recombination,recombination,0.8
edge_0258,ETFE,node_0035,node_0177,single_dehydrogenative_recombination,recombination,0.8
edge_0259,ETFE,node_0005,node_0178,single_dehydrogenative_recombination,recombination,0.8
edge_0260,ETFE,node_0037,node_0178,single_dehydrogenative_recombination,recombination,0.8
edge_0261,ETFE,node_0005,node_0179,single_dehydrogenative_recombination,recombination,0.8
edge_0262,ETFE,node_0039,node_0179,single_dehydrogenative_recombination,recombination,0.8
edge_0263,ETFE,node_0005,node_0180,single_dehydrogenative_recombination,recombination,0.8
edge_0264,ETFE,node_0044,node_0180,single_dehydrogenative_recombination,recombination,0.8
edge_0265,ETFE,node_0005,node_0181,single_dehydrogenative_recombination,recombination,0.8
edge_0266,ETFE,node_0047,node_0181,single_dehydrogenative_recombination,recombination,0.8
edge_0267,ETFE,node_0005,node_0182,single_dehydrogenative_recombination,recombination,0.8
edge_0268,ETFE,node_0049,node_0182,single_dehydrogenative_recombination,recombination,0.8
edge_0269,ETFE,node_0005,node_0183,single_dehydrogenative_recombination,recombination,0.8
edge_0270,ETFE,node_0051,node_0183,single_dehydrogenative_recombination,recombination,0.8
edge_0271,ETFE,node_0005,node_0184,single_dehydrogenative_recombination,recombination,0.8
edge_0272,ETFE,node_0054,node_0184,single_dehydrogenative_recombination,recombination,0.8
edge_0273,ETFE,node_0005,node_0185,single_dehydrogenative_recombination,recombination,0.8
edge_0274,ETFE,node_0057,node_0185,single_dehydrogenative_recombination,recombination,0.8
edge_0275,ETFE,node_0005,node_0186,single_dehydrogenative_recombination,recombination,0.8
edge_0276,ETFE,node_0059,node_0186,single_dehydrogenative_recombination,recombination,0.8
edge_0277,ETFE,node_0005,node_0187,single_dehydrogenative_recombination,recombination,0.8
edge_0278,ETFE,node_0061,node_0187,single_dehydrogenative_recombination,recombination,0.8
edge_0279,ETFE,node_0005,node_0188,single_dehydrogenative_recombination,recombination,0.8
edge_0280,ETFE,node_0063,node_0188,single_dehydrogenative_recombination,recombination,0.8
edge_0281,ETFE,node_0005,node_0189,single_dehydrogenative_recombination,recombination,0.8
edge_0282,ETFE,node_0065,node_0189,single_dehydrogenative_recombination,recombination,0.8
edge_0283,ETFE,node_0005,node_0190,single_dehydrogenative_recombination,recombination,0.8
edge_0284,ETFE,node_0067,node_0190,single_dehydrogenative_recombination,recombination,0.8
edge_0285,ETFE,node_0005,node_0191,single_dehydrogenative_recombination,recombination,0.8
edge_0286,ETFE,node_0069,node_0191,single_dehydrogenative_recombination,recombination,0.8
edge_0287,ETFE,node_0005,node_0192,single_dehydrogenative_recombination,recombination,0.8
edge_0288,ETFE,node_0072,node_0192,single_dehydrogenative_recombination,recombination,0.8
edge_0289,ETFE,node_0005,node_0193,single_dehydrogenative_recombination,recombination,0.8
edge_0290,ETFE,node_0074,node_0193,single_dehydrogenative_recombination,recombination,0.8
edge_0291,ETFE,node_0005,node_0194,single_dehydrogenative_recombination,recombination,0.8
edge_0292,ETFE,node_0076,node_0194,single_dehydrogenative_recombination,recombination,0.8
edge_0293,ETFE,node_0005,node_0195,single_dehydrogenative_recombination,recombination,0.8
edge_0294,ETFE,node_0078,node_0195,single_dehydrogenative_recombination,recombination,0.8
edge_0295,ETFE,node_0005,node_0196,single_dehydrogenative_recombination,recombination,0.8
edge_0296,ETFE,node_0080,node_0196,single_dehydrogenative_recombination,recombination,0.8
edge_0297,ETFE,node_0005,node_0197,single_dehydrogenative_recombination,recombination,0.8
edge_0298,ETFE,node_0082,node_0197,single_dehydrogenative_recombination,recombination,0.8
edge_0299,ETFE,node_0005,node_0198,single_dehydrogenative_recombination,recombination,0.8
edge_0300,ETFE,node_0084,node_0198,single_dehydrogenative_recombination,recombination,0.8
edge_0301,ETFE,node_0005,node_0199,single_dehydrogenative_recombination,recombination,0.8
edge_0302,ETFE,node_0086,node_0199,single_dehydrogenative_recombination,recombination,0.8
edge_0303,ETFE,node_0005,node_0200,single_dehydrogenative_recombination,recombination,0.8
edge_0304,ETFE,node_0088,node_0200,single_dehydrogenative_recombination,recombination,0.8
edge_0305,ETFE,node_0005,node_0201,single_dehydrogenative_recombination,recombination,0.8
edge_0306,ETFE,node_0090,node_0201,single_dehydrogenative_recombination,recombination,0.8
edge_0307,ETFE,node_0005,node_0202,single_dehydrogenative_recombination,recombination,0.8
edge_0308,ETFE,node_0092,node_0202,single_dehydrogenative_recombination,recombination,0.8
edge_0309,ETFE,node_0005,node_0203,single_dehydrogenative_recombination,recombination,0.8
edge_0310,ETFE,node_0094,node_0203,single_dehydrogenative_recombination,recombination,0.8
edge_0311,ETFE,node_0007,node_0204,single_dehydrogenative_recombination,recombination,0.8
edge_0312,ETFE,node_0035,node_0204,single_dehydrogenative_recombination,recombination,0.8
edge_0313,ETFE,node_0007,node_0205,single_dehydrogenative_recombination,recombination,0.8
edge_0314,ETFE,node_0037,node_0205,single_dehydrogenative_recombination,recombination,0.8
edge_0315,ETFE,node_0007,node_0206,single_dehydrogenative_recombination,recombination,0.8
edge_0316,ETFE,node_0039,node_0206,single_dehydrogenative_recombination,recombination,0.8
edge_0317,ETFE,node_0007,node_0207,single_dehydrogenative_recombination,recombination,0.8
edge_0318,ETFE,node_0041,node_0207,single_dehydrogenative_recombination,recombination,0.8
edge_0319,ETFE,node_0007,node_0208,single_dehydrogenative_recombination,recombination,0.8
edge_0320,ETFE,node_0047,node_0208,single_dehydrogenative_recombination,recombination,0.8
edge_0321,ETFE,node_0007,node_0209,single_dehydrogenative_recombination,recombination,0.8
edge_0322,ETFE,node_0049,node_0209,single_dehydrogenative_recombination,recombination,0.8
edge_0323,ETFE,node_0007,node_0210,single_dehydrogenative_recombination,recombination,0.8
edge_0324,ETFE,node_0051,node_0210,single_dehydrogenative_recombination,recombination,0.8
edge_0325,ETFE,node_0007,node_0211,single_dehydrogenative_recombination,recombination,0.8
edge_0326,ETFE,node_0054,node_0211,single_dehydrogenative_recombination,recombination,0.8
edge_0327,ETFE,node_0007,node_0212,single_dehydrogenative_recombination,recombination,0.8
edge_0328,ETFE,node_0057,node_0212,single_dehydrogenative_recombination,recombination,0.8
edge_0329,ETFE,node_0007,node_0213,single_dehydrogenative_recombination,recombination,0.8
edge_0330,ETFE,node_0059,node_0213,single_dehydrogenative_recombination,recombination,0.8
edge_0331,ETFE,node_0007,node_0214,single_dehydrogenative_recombination,recombination,0.8
edge_0332,ETFE,node_0061,node_0214,single_dehydrogenative_recombination,recombination,0.8
edge_0333,ETFE,node_0007,node_0215,single_dehydrogenative_recombination,recombination,0.8
edge_0334,ETFE,node_0063,node_0215,single_dehydrogenative_recombination,recombination,0.8
edge_0335,ETFE,node_0007,node_0216,single_dehydrogenative_recombination,recombination,0.8
edge_0336,ETFE,node_0065,node_0216,single_dehydrogenative_recombination,recombination,0.8
edge_0337,ETFE,node_0007,node_0217,single_dehydrogenative_recombination,recombination,0.8
edge_0338,ETFE,node_0067,node_0217,single_dehydrogenative_recombination,recombination,0.8
edge_0339,ETFE,node_0007,node_0218,single_dehydrogenative_recombination,recombination,0.8
edge_0340,ETFE,node_0069,node_0218,single_dehydrogenative_recombination,recombination,0.8
edge_0341,ETFE,node_0007,node_0219,single_dehydrogenative_recombination,recombination,0.8
edge_0342,ETFE,node_0072,node_0219,single_dehydrogenative_recombination,recombination,0.8
edge_0343,ETFE,node_0007,node_0220,single_dehydrogenative_recombination,recombination,0.8
edge_0344,ETFE,node_0074,node_0220,single_dehydrogenative_recombination,recombination,0.8
edge_0345,ETFE,node_0007,node_0221,single_dehydrogenative_recombination,recombination,0.8
edge_0346,ETFE,node_0076,node_0221,single_dehydrogenative_recombination,recombination,0.8
edge_0347,ETFE,node_0007,node_0222,single_dehydrogenative_recombination,recombination,0.8
edge_0348,ETFE,node_0078,node_0222,single_dehydrogenative_recombination,recombination,0.8
edge_0349,ETFE,node_0007,node_0223,single_dehydrogenative_recombination,recombination,0.8
edge_0350,ETFE,node_0080,node_0223,single_dehydrogenative_recombination,recombination,0.8
edge_0351,ETFE,node_0007,node_0224,single_dehydrogenative_recombination,recombination,0.8
edge_0352,ETFE,node_0082,node_0224,single_dehydrogenative_recombination,recombination,0.8
edge_0353,ETFE,node_0007,node_0225,single_dehydrogenative_recombination,recombination,0.8
edge_0354,ETFE,node_0084,node_0225,single_dehydrogenative_recombination,recombination,0.8
edge_0355,ETFE,node_0007,node_0226,single_dehydrogenative_recombination,recombination,0.8
edge_0356,ETFE,node_0086,node_0226,single_dehydrogenative_recombination,recombination,0.8
edge_0357,ETFE,node_0007,node_0227,single_dehydrogenative_recombination,recombination,0.8
edge_0358,ETFE,node_0088,node_0227,single_dehydrogenative_recombination,recombination,0.8
edge_0359,ETFE,node_0007,node_0228,single_dehydrogenative_recombination,recombination,0.8
edge_0360,ETFE,node_0090,node_0228,single_dehydrogenative_recombination,recombination,0.8
edge_0361,ETFE,node_0007,node_0229,single_dehydrogenative_recombination,recombination,0.8
edge_0362,ETFE,node_0092,node_0229,single_dehydrogenative_recombination,recombination,0.8
edge_0363,ETFE,node_0007,node_0230,single_dehydrogenative_recombination,recombination,0.8
edge_0364,ETFE,node_0094,node_0230,single_dehydrogenative_recombination,recombination,0.8
edge_0365,ETFE,node_0009,node_0231,single_dehydrogenative_recombination,recombination,0.8
edge_0366,ETFE,node_0035,node_0231,single_dehydrogenative_recombination,recombination,0.8
edge_0367,ETFE,node_0009,node_0232,single_dehydrogenative_recombination,recombination,0.8
edge_0368,ETFE,node_0037,node_0232,single_dehydrogenative_recombination,recombination,0.8
edge_0369,ETFE,node_0009,node_0233,single_dehydrogenative_recombination,recombination,0.8
edge_0370,ETFE,node_0039,node_0233,single_dehydrogenative_recombination,recombination,0.8
edge_0371,ETFE,node_0009,node_0234,single_dehydrogenative_recombination,recombination,0.8
edge_0372,ETFE,node_0041,node_0234,single_dehydrogenative_recombination,recombination,0.8
edge_0373,ETFE,node_0009,node_0235,single_dehydrogenative_recombination,recombination,0.8
edge_0374,ETFE,node_0044,node_0235,single_dehydrogenative_recombination,recombination,0.8
edge_0375,ETFE,node_0009,node_0236,single_dehydrogenative_recombination,recombination,0.8
edge_0376,ETFE,node_0049,node_0236,single_dehydrogenative_recombination,recombination,0.8
edge_0377,ETFE,node_0009,node_0237,single_dehydrogenative_recombination,recombination,0.8
edge_0378,ETFE,node_0051,node_0237,single_dehydrogenative_recombination,recombination,0.8
edge_0379,ETFE,node_0009,node_0238,single_dehydrogenative_recombination,recombination,0.8
edge_0380,ETFE,node_0054,node_0238,single_dehydrogenative_recombination,recombination,0.8
edge_0381,ETFE,node_0009,node_0239,single_dehydrogenative_recombination,recombination,0.8
edge_0382,ETFE,node_0057,node_0239,single_dehydrogenative_recombination,recombination,0.8
edge_0383,ETFE,node_0009,node_0240,single_dehydrogenative_recombination,recombination,0.8
edge_0384,ETFE,node_0059,node_0240,single_dehydrogenative_recombination,recombination,0.8
edge_0385,ETFE,node_0009,node_0241,single_dehydrogenative_recombination,recombination,0.8
edge_0386,ETFE,node_0061,node_0241,single_dehydrogenative_recombination,recombination,0.8
edge_0387,ETFE,node_0009,node_0242,single_dehydrogenative_recombination,recombination,0.8
edge_0388,ETFE,node_0063,node_0242,single_dehydrogenative_recombination,recombination,0.8
edge_0389,ETFE,node_0009,node_0243,single_dehydrogenative_recombination,recombination,0.8
edge_0390,ETFE,node_0065,node_0243,single_dehydrogenative_recombination,recombination,0.8
edge_0391,ETFE,node_0009,node_0244,single_dehydrogenative_recombination,recombination,0.8
edge_0392,ETFE,node_0067,node_0244,single_dehydrogenative_recombination,recombination,0.8
edge_0393,ETFE,node_0009,node_0245,single_dehydrogenative_recombination,recombination,0.8
edge_0394,ETFE,node_0069,node_0245,single_dehydrogenative_recombination,recombination,0.8
edge_0395,ETFE,node_0009,node_0246,single_dehydrogenative_recombination,recombination,0.8
edge_0396,ETFE,node_0072,node_0246,single_dehydrogenative_recombination,recombination,0.8
edge_0397,ETFE,node_0009,node_0247,single_dehydrogenative_recombination,recombination,0.8
edge_0398,ETFE,node_0074,node_0247,single_dehydrogenative_recombination,recombination,0.8
edge_0399,ETFE,node_0009,node_0248,single_dehydrogenative_recombination,recombination,0.8
edge_0400,ETFE,node_0076,node_0248,single_dehydrogenative_recombination,recombination,0.8
edge_0401,ETFE,node_0009,node_0249,single_dehydrogenative_recombination,recombination,0.8
edge_0402,ETFE,node_0078,node_0249,single_dehydrogenative_recombination,recombination,0.8
edge_0403,ETFE,node_0009,node_0250,single_dehydrogenative_recombination,recombination,0.8
edge_0404,ETFE,node_0080,node_0250,single_dehydrogenative_recombination,recombination,0.8
edge_0405,ETFE,node_0009,node_0251,single_dehydrogenative_recombination,recombination,0.8
edge_0406,ETFE,node_0082,node_0251,single_dehydrogenative_recombination,recombination,0.8
edge_0407,ETFE,node_0009,node_0252,single_dehydrogenative_recombination,recombination,0.8
edge_0408,ETFE,node_0084,node_0252,single_dehydrogenative_recombination,recombination,0.8
edge_0409,ETFE,node_0009,node_0253,single_dehydrogenative_recombination,recombination,0.8
edge_0410,ETFE,node_0086,node_0253,single_dehydrogenative_recombination,recombination,0.8
edge_0411,ETFE,node_0009,node_0254,single_dehydrogenative_recombination,recombination,0.8
edge_0412,ETFE,node_0088,node_0254,single_dehydrogenative_recombination,recombination,0.8
edge_0413,ETFE,node_0009,node_0255,single_dehydrogenative_recombination,recombination,0.8
edge_0414,ETFE,node_0090,node_0255,single_dehydrogenative_recombination,recombination,0.8
edge_0415,ETFE,node_0009,node_0256,single_dehydrogenative_recombination,recombination,0.8
edge_0416,ETFE,node_0092,node_0256,single_dehydrogenative_recombination,recombination,0.8
edge_0417,ETFE,node_0009,node_0257,single_dehydrogenative_recombination,recombination,0.8
edge_0418,ETFE,node_0094,node_0257,single_dehydrogenative_recombination,recombination,0.8
edge_0419,ETFE,node_0010,node_0258,single_dehydrogenative_recombination,recombination,0.8
edge_0420,ETFE,node_0035,node_0258,single_dehydrogenative_recombination,recombination,0.8
edge_0421,ETFE,node_0010,node_0259,single_dehydrogenative_recombination,recombination,0.8
edge_0422,ETFE,node_0037,node_0259,single_dehydrogenative_recombination,recombination,0.8
edge_0423,ETFE,node_0010,node_0260,single_dehydrogenative_recombination,recombination,0.8
edge_0424,ETFE,node_0039,node_0260,single_dehydrogenative_recombination,recombination,0.8
edge_0425,ETFE,node_0010,node_0261,single_dehydrogenative_recombination,recombination,0.8
edge_0426,ETFE,node_0041,node_0261,single_dehydrogenative_recombination,recombination,0.8
edge_0427,ETFE,node_0010,node_0262,single_dehydrogenative_recombination,recombination,0.8
edge_0428,ETFE,node_0044,node_0262,single_dehydrogenative_recombination,recombination,0.8
edge_0429,ETFE,node_0010,node_0263,single_dehydrogenative_recombination,recombination,0.8
edge_0430,ETFE,node_0047,node_0263,single_dehydrogenative_recombination,recombination,0.8
edge_0431,ETFE,node_0010,node_0264,single_dehydrogenative_recombination,recombination,0.8
edge_0432,ETFE,node_0051,node_0264,single_dehydrogenative_recombination,recombination,0.8
edge_0433,ETFE,node_0010,node_0265,single_dehydrogenative_recombination,recombination,0.8
edge_0434,ETFE,node_0054,node_0265,single_dehydrogenative_recombination,recombination,0.8
edge_0435,ETFE,node_0010,node_0266,single_dehydrogenative_recombination,recombination,0.8
edge_0436,ETFE,node_0057,node_0266,single_dehydrogenative_recombination,recombination,0.8
edge_0437,ETFE,node_0010,node_0267,single_dehydrogenative_recombination,recombination,0.8
edge_0438,ETFE,node_0059,node_0267,single_dehydrogenative_recombination,recombination,0.8
edge_0439,ETFE,node_0010,node_0268,single_dehydrogenative_recombination,recombination,0.8
edge_0440,ETFE,node_0061,node_0268,single_dehydrogenative_recombination,recombination,0.8
edge_0441,ETFE,node_0010,node_0269,single_dehydrogenative_recombination,recombination,0.8
edge_0442,ETFE,node_0063,node_0269,single_dehydrogenative_recombination,recombination,0.8
edge_0443,ETFE,node_0010,node_0270,single_dehydrogenative_recombination,recombination,0.8
edge_0444,ETFE,node_0065,node_0270,single_dehydrogenative_recombination,recombination,0.8
edge_0445,ETFE,node_0010,node_0271,single_dehydrogenative_recombination,recombination,0.8
edge_0446,ETFE,node_0067,node_0271,single_dehydrogenative_recombination,recombination,0.8
edge_0447,ETFE,node_0010,node_0272,single_dehydrogenative_recombination,recombination,0.8
edge_0448,ETFE,node_0069,node_0272,single_dehydrogenative_recombination,recombination,0.8
edge_0449,ETFE,node_0010,node_0273,single_dehydrogenative_recombination,recombination,0.8
edge_0450,ETFE,node_0072,node_0273,single_dehydrogenative_recombination,recombination,0.8
edge_0451,ETFE,node_0010,node_0274,single_dehydrogenative_recombination,recombination,0.8
edge_0452,ETFE,node_0074,node_0274,single_dehydrogenative_recombination,recombination,0.8
edge_0453,ETFE,node_0010,node_0275,single_dehydrogenative_recombination,recombination,0.8
edge_0454,ETFE,node_0076,node_0275,single_dehydrogenative_recombination,recombination,0.8
edge_0455,ETFE,node_0010,node_0276,single_dehydrogenative_recombination,recombination,0.8
edge_0456,ETFE,node_0078,node_0276,single_dehydrogenative_recombination,recombination,0.8
edge_0457,ETFE,node_0010,node_0277,single_dehydrogenative_recombination,recombination,0.8
edge_0458,ETFE,node_0080,node_0277,single_dehydrogenative_recombination,recombination,0.8
edge_0459,ETFE,node_0010,node_0278,single_dehydrogenative_recombination,recombination,0.8
edge_0460,ETFE,node_0082,node_0278,single_dehydrogenative_recombination,recombination,0.8
edge_0461,ETFE,node_0010,node_0279,single_dehydrogenative_recombination,recombination,0.8
edge_0462,ETFE,node_0084,node_0279,single_dehydrogenative_recombination,recombination,0.8
edge_0463,ETFE,node_0010,node_0280,single_dehydrogenative_recombination,recombination,0.8
edge_0464,ETFE,node_0086,node_0280,single_dehydrogenative_recombination,recombination,0.8
edge_0465,ETFE,node_0010,node_0281,single_dehydrogenative_recombination,recombination,0.8
edge_0466,ETFE,node_0088,node_0281,single_dehydrogenative_recombination,recombination,0.8
edge_0467,ETFE,node_0010,node_0282,single_dehydrogenative_recombination,recombination,0.8
edge_0468,ETFE,node_0090,node_0282,single_dehydrogenative_recombination,recombination,0.8
edge_0469,ETFE,node_0010,node_0283,single_dehydrogenative_recombination,recombination,0.8
edge_0470,ETFE,node_0092,node_0283,single_dehydrogenative_recombination,recombination,0.8
edge_0471,ETFE,node_0010,node_0284,single_dehydrogenative_recombination,recombination,0.8
edge_0472,ETFE,node_0094,node_0284,single_dehydrogenative_recombination,recombination,0.8
edge_0473,ETFE,node_0011,node_0285,single_dehydrogenative_recombination,recombination,0.8
edge_0474,ETFE,node_0035,node_0285,single_dehydrogenative_recombination,recombination,0.8
edge_0475,ETFE,node_0011,node_0286,single_dehydrogenative_recombination,recombination,0.8
edge_0476,ETFE,node_0037,node_0286,single_dehydrogenative_recombination,recombination,0.8
edge_0477,ETFE,node_0011,node_0287,single_dehydrogenative_recombination,recombination,0.8
edge_0478,ETFE,node_0039,node_0287,single_dehydrogenative_recombination,recombination,0.8
edge_0479,ETFE,node_0011,node_0288,single_dehydrogenative_recombination,recombination,0.8
edge_0480,ETFE,node_0041,node_0288,single_dehydrogenative_recombination,recombination,0.8
edge_0481,ETFE,node_0011,node_0289,single_dehydrogenative_recombination,recombination,0.8
edge_0482,ETFE,node_0044,node_0289,single_dehydrogenative_recombination,recombination,0.8
edge_0483,ETFE,node_0011,node_0290,single_dehydrogenative_recombination,recombination,0.8
edge_0484,ETFE,node_0047,node_0290,single_dehydrogenative_recombination,recombination,0.8
edge_0485,ETFE,node_0011,node_0291,single_dehydrogenative_recombination,recombination,0.8
edge_0486,ETFE,node_0049,node_0291,single_dehydrogenative_recombination,recombination,0.8
edge_0487,ETFE,node_0011,node_0292,single_dehydrogenative_recombination,recombination,0.8
edge_0488,ETFE,node_0054,node_0292,single_dehydrogenative_recombination,recombination,0.8
edge_0489,ETFE,node_0011,node_0293,single_dehydrogenative_recombination,recombination,0.8
edge_0490,ETFE,node_0057,node_0293,single_dehydrogenative_recombination,recombination,0.8
edge_0491,ETFE,node_0011,node_0294,single_dehydrogenative_recombination,recombination,0.8
edge_0492,ETFE,node_0059,node_0294,single_dehydrogenative_recombination,recombination,0.8
edge_0493,ETFE,node_0011,node_0295,single_dehydrogenative_recombination,recombination,0.8
edge_0494,ETFE,node_0061,node_0295,single_dehydrogenative_recombination,recombination,0.8
edge_0495,ETFE,node_0011,node_0296,single_dehydrogenative_recombination,recombination,0.8
edge_0496,ETFE,node_0063,node_0296,single_dehydrogenative_recombination,recombination,0.8
edge_0497,ETFE,node_0011,node_0297,single_dehydrogenative_recombination,recombination,0.8
edge_0498,ETFE,node_0065,node_0297,single_dehydrogenative_recombination,recombination,0.8
edge_0499,ETFE,node_0011,node_0298,single_dehydrogenative_recombination,recombination,0.8
edge_0500,ETFE,node_0067,node_0298,single_dehydrogenative_recombination,recombination,0.8
edge_0501,ETFE,node_0011,node_0299,single_dehydrogenative_recombination,recombination,0.8
edge_0502,ETFE,node_0069,node_0299,single_dehydrogenative_recombination,recombination,0.8
edge_0503,ETFE,node_0011,node_0300,single_dehydrogenative_recombination,recombination,0.8
edge_0504,ETFE,node_0072,node_0300,single_dehydrogenative_recombination,recombination,0.8
edge_0505,ETFE,node_0011,node_0301,single_dehydrogenative_recombination,recombination,0.8
edge_0506,ETFE,node_0074,node_0301,single_dehydrogenative_recombination,recombination,0.8
edge_0507,ETFE,node_0011,node_0302,single_dehydrogenative_recombination,recombination,0.8
edge_0508,ETFE,node_0076,node_0302,single_dehydrogenative_recombination,recombination,0.8
edge_0509,ETFE,node_0011,node_0303,single_dehydrogenative_recombination,recombination,0.8
edge_0510,ETFE,node_0078,node_0303,single_dehydrogenative_recombination,recombination,0.8
edge_0511,ETFE,node_0011,node_0304,single_dehydrogenative_recombination,recombination,0.8
edge_0512,ETFE,node_0080,node_0304,single_dehydrogenative_recombination,recombination,0.8
edge_0513,ETFE,node_0011,node_0305,single_dehydrogenative_recombination,recombination,0.8
edge_0514,ETFE,node_0082,node_0305,single_dehydrogenative_recombination,recombination,0.8
edge_0515,ETFE,node_0011,node_0306,single_dehydrogenative_recombination,recombination,0.8
edge_0516,ETFE,node_0084,node_0306,single_dehydrogenative_recombination,recombination,0.8
edge_0517,ETFE,node_0011,node_0307,single_dehydrogenative_recombination,recombination,0.8
edge_0518,ETFE,node_0086,node_0307,single_dehydrogenative_recombination,recombination,0.8
edge_0519,ETFE,node_0011,node_0308,single_dehydrogenative_recombination,recombination,0.8
edge_0520,ETFE,node_0088,node_0308,single_dehydrogenative_recombination,recombination,0.8
edge_0521,ETFE,node_0011,node_0309,single_dehydrogenative_recombination,recombination,0.8
edge_0522,ETFE,node_0090,node_0309,single_dehydrogenative_recombination,recombination,0.8
edge_0523,ETFE,node_0011,node_0310,single_dehydrogenative_recombination,recombination,0.8
edge_0524,ETFE,node_0092,node_0310,single_dehydrogenative_recombination,recombination,0.8
edge_0525,ETFE,node_0011,node_0311,single_dehydrogenative_recombination,recombination,0.8
edge_0526,ETFE,node_0094,node_0311,single_dehydrogenative_recombination,recombination,0.8
edge_0527,ETFE,node_0013,node_0312,single_dehydrogenative_recombination,recombination,0.8
edge_0528,ETFE,node_0035,node_0312,single_dehydrogenative_recombination,recombination,0.8
edge_0529,ETFE,node_0013,node_0313,single_dehydrogenative_recombination,recombination,0.8
edge_0530,ETFE,node_0037,node_0313,single_dehydrogenative_recombination,recombination,0.8
edge_0531,ETFE,node_0013,node_0314,single_dehydrogenative_recombination,recombination,0.8
edge_0532,ETFE,node_0039,node_0314,single_dehydrogenative_recombination,recombination,0.8
edge_0533,ETFE,node_0013,node_0315,single_dehydrogenative_recombination,recombination,0.8
edge_0534,ETFE,node_0041,node_0315,single_dehydrogenative_recombination,recombination,0.8
edge_0535,ETFE,node_0013,node_0316,single_dehydrogenative_recombination,recombination,0.8
edge_0536,ETFE,node_0044,node_0316,single_dehydrogenative_recombination,recombination,0.8
edge_0537,ETFE,node_0013,node_0317,single_dehydrogenative_recombination,recombination,0.8
edge_0538,ETFE,node_0047,node_0317,single_dehydrogenative_recombination,recombination,0.8
edge_0539,ETFE,node_0013,node_0318,single_dehydrogenative_recombination,recombination,0.8
edge_0540,ETFE,node_0049,node_0318,single_dehydrogenative_recombination,recombination,0.8
edge_0541,ETFE,node_0013,node_0319,single_dehydrogenative_recombination,recombination,0.8
edge_0542,ETFE,node_0051,node_0319,single_dehydrogenative_recombination,recombination,0.8
edge_0543,ETFE,node_0013,node_0320,single_dehydrogenative_recombination,recombination,0.8
edge_0544,ETFE,node_0057,node_0320,single_dehydrogenative_recombination,recombination,0.8
edge_0545,ETFE,node_0013,node_0321,single_dehydrogenative_recombination,recombination,0.8
edge_0546,ETFE,node_0059,node_0321,single_dehydrogenative_recombination,recombination,0.8
edge_0547,ETFE,node_0013,node_0322,single_dehydrogenative_recombination,recombination,0.8
edge_0548,ETFE,node_0061,node_0322,single_dehydrogenative_recombination,recombination,0.8
edge_0549,ETFE,node_0013,node_0323,single_dehydrogenative_recombination,recombination,0.8
edge_0550,ETFE,node_0063,node_0323,single_dehydrogenative_recombination,recombination,0.8
edge_0551,ETFE,node_0013,node_0324,single_dehydrogenative_recombination,recombination,0.8
edge_0552,ETFE,node_0065,node_0324,single_dehydrogenative_recombination,recombination,0.8
edge_0553,ETFE,node_0013,node_0325,single_dehydrogenative_recombination,recombination,0.8
edge_0554,ETFE,node_0067,node_0325,single_dehydrogenative_recombination,recombination,0.8
edge_0555,ETFE,node_0013,node_0326,single_dehydrogenative_recombination,recombination,0.8
edge_0556,ETFE,node_0069,node_0326,single_dehydrogenative_recombination,recombination,0.8
edge_0557,ETFE,node_0013,node_0327,single_dehydrogenative_recombination,recombination,0.8
edge_0558,ETFE,node_0072,node_0327,single_dehydrogenative_recombination,recombination,0.8
edge_0559,ETFE,node_0013,node_0328,single_dehydrogenative_recombination,recombination,0.8
edge_0560,ETFE,node_0074,node_0328,single_dehydrogenative_recombination,recombination,0.8
edge_0561,ETFE,node_0013,node_0329,single_dehydrogenative_recombination,recombination,0.8
edge_0562,ETFE,node_0076,node_0329,single_dehydrogenative_recombination,recombination,0.8
edge_0563,ETFE,node_0013,node_0330,single_dehydrogenative_recombination,recombination,0.8
edge_0564,ETFE,node_0078,node_0330,single_dehydrogenative_recombination,recombination,0.8
edge_0565,ETFE,node_0013,node_0331,single_dehydrogenative_recombination,recombination,0.8
edge_0566,ETFE,node_0080,node_0331,single_dehydrogenative_recombination,recombination,0.8
edge_0567,ETFE,node_0013,node_0332,single_dehydrogenative_recombination,recombination,0.8
edge_0568,ETFE,node_0082,node_0332,single_dehydrogenative_recombination,recombination,0.8
edge_0569,ETFE,node_0013,node_0333,single_dehydrogenative_recombination,recombination,0.8
edge_0570,ETFE,node_0084,node_0333,single_dehydrogenative_recombination,recombination,0.8
edge_0571,ETFE,node_0013,node_0334,single_dehydrogenative_recombination,recombination,0.8
edge_0572,ETFE,node_0086,node_0334,single_dehydrogenative_recombination,recombination,0.8
edge_0573,ETFE,node_0013,node_0335,single_dehydrogenative_recombination,recombination,0.8
edge_0574,ETFE,node_0088,node_0335,single_dehydrogenative_recombination,recombination,0.8
edge_0575,ETFE,node_0013,node_0336,single_dehydrogenative_recombination,recombination,0.8
edge_0576,ETFE,node_0090,node_0336,single_dehydrogenative_recombination,recombination,0.8
edge_0577,ETFE,node_0013,node_0337,single_dehydrogenative_recombination,recombination,0.8
edge_0578,ETFE,node_0092,node_0337,single_dehydrogenative_recombination,recombination,0.8
edge_0579,ETFE,node_0013,node_0338,single_dehydrogenative_recombination,recombination,0.8
edge_0580,ETFE,node_0094,node_0338,single_dehydrogenative_recombination,recombination,0.8
edge_0581,ETFE,node_0015,node_0339,single_dehydrogenative_recombination,recombination,0.8
edge_0582,ETFE,node_0035,node_0339,single_dehydrogenative_recombination,recombination,0.8
edge_0583,ETFE,node_0015,node_0340,single_dehydrogenative_recombination,recombination,0.8
edge_0584,ETFE,node_0037,node_0340,single_dehydrogenative_recombination,recombination,0.8
edge_0585,ETFE,node_0015,node_0341,single_dehydrogenative_recombination,recombination,0.8
edge_0586,ETFE,node_0039,node_0341,single_dehydrogenative_recombination,recombination,0.8
edge_0587,ETFE,node_0015,node_0342,single_dehydrogenative_recombination,recombination,0.8
edge_0588,ETFE,node_0041,node_0342,single_dehydrogenative_recombination,recombination,0.8
edge_0589,ETFE,node_0015,node_0343,single_dehydrogenative_recombination,recombination,0.8
edge_0590,ETFE,node_0044,node_0343,single_dehydrogenative_recombination,recombination,0.8
edge_0591,ETFE,node_0015,node_0344,single_dehydrogenative_recombination,recombination,0.8
edge_0592,ETFE,node_0047,node_0344,single_dehydrogenative_recombination,recombination,0.8
edge_0593,ETFE,node_0015,node_0345,single_dehydrogenative_recombination,recombination,0.8
edge_0594,ETFE,node_0049,node_0345,single_dehydrogenative_recombination,recombination,0.8
edge_0595,ETFE,node_0015,node_0346,single_dehydrogenative_recombination,recombination,0.8
edge_0596,ETFE,node_0051,node_0346,single_dehydrogenative_recombination,recombination,0.8
edge_0597,ETFE,node_0015,node_0347,single_dehydrogenative_recombination,recombination,0.8
edge_0598,ETFE,node_0054,node_0347,single_dehydrogenative_recombination,recombination,0.8
edge_0599,ETFE,node_0015,node_0348,single_dehydrogenative_recombination,recombination,0.8
edge_0600,ETFE,node_0059,node_0348,single_dehydrogenative_recombination,recombination,0.8
edge_0601,ETFE,node_0015,node_0349,single_dehydrogenative_recombination,recombination,0.8
edge_0602,ETFE,node_0061,node_0349,single_dehydrogenative_recombination,recombination,0.8
edge_0603,ETFE,node_0015,node_0350,single_dehydrogenative_recombination,recombination,0.8
edge_0604,ETFE,node_0063,node_0350,single_dehydrogenative_recombination,recombination,0.8
edge_0605,ETFE,node_0015,node_0351,single_dehydrogenative_recombination,recombination,0.8
edge_0606,ETFE,node_0065,node_0351,single_dehydrogenative_recombination,recombination,0.8
edge_0607,ETFE,node_0015,node_0352,single_dehydrogenative_recombination,recombination,0.8
edge_0608,ETFE,node_0067,node_0352,single_dehydrogenative_recombination,recombination,0.8
edge_0609,ETFE,node_0015,node_0353,single_dehydrogenative_recombination,recombination,0.8
edge_0610,ETFE,node_0069,node_0353,single_dehydrogenative_recombination,recombination,0.8
edge_0611,ETFE,node_0015,node_0354,single_dehydrogenative_recombination,recombination,0.8
edge_0612,ETFE,node_0072,node_0354,single_dehydrogenative_recombination,recombination,0.8
edge_0613,ETFE,node_0015,node_0355,single_dehydrogenative_recombination,recombination,0.8
edge_0614,ETFE,node_0074,node_0355,single_dehydrogenative_recombination,recombination,0.8
edge_0615,ETFE,node_0015,node_0356,single_dehydrogenative_recombination,recombination,0.8
edge_0616,ETFE,node_0076,node_0356,single_dehydrogenative_recombination,recombination,0.8
edge_0617,ETFE,node_0015,node_0357,single_dehydrogenative_recombination,recombination,0.8
edge_0618,ETFE,node_0078,node_0357,single_dehydrogenative_recombination,recombination,0.8
edge_0619,ETFE,node_0015,node_0358,single_dehydrogenative_recombination,recombination,0.8
edge_0620,ETFE,node_0080,node_0358,single_dehydrogenative_recombination,recombination,0.8
edge_0621,ETFE,node_0015,node_0359,single_dehydrogenative_recombination,recombination,0.8
edge_0622,ETFE,node_0082,node_0359,single_dehydrogenative_recombination,recombination,0.8
edge_0623,ETFE,node_0015,node_0360,single_dehydrogenative_recombination,recombination,0.8
edge_0624,ETFE,node_0084,node_0360,single_dehydrogenative_recombination,recombination,0.8
edge_0625,ETFE,node_0015,node_0361,single_dehydrogenative_recombination,recombination,0.8
edge_0626,ETFE,node_0086,node_0361,single_dehydrogenative_recombination,recombination,0.8
edge_0627,ETFE,node_0015,node_0362,single_dehydrogenative_recombination,recombination,0.8
edge_0628,ETFE,node_0088,node_0362,single_dehydrogenative_recombination,recombination,0.8
edge_0629,ETFE,node_0015,node_0363,single_dehydrogenative_recombination,recombination,0.8
edge_0630,ETFE,node_0090,node_0363,single_dehydrogenative_recombination,recombination,0.8
edge_0631,ETFE,node_0015,node_0364,single_dehydrogenative_recombination,recombination,0.8
edge_0632,ETFE,node_0092,node_0364,single_dehydrogenative_recombination,recombination,0.8
edge_0633,ETFE,node_0015,node_0365,single_dehydrogenative_recombination,recombination,0.8
edge_0634,ETFE,node_0094,node_0365,single_dehydrogenative_recombination,recombination,0.8
edge_0635,ETFE,node_0016,node_0366,single_dehydrogenative_recombination,recombination,0.8
edge_0636,ETFE,node_0035,node_0366,single_dehydrogenative_recombination,recombination,0.8
edge_0637,ETFE,node_0016,node_0367,single_dehydrogenative_recombination,recombination,0.8
edge_0638,ETFE,node_0037,node_0367,single_dehydrogenative_recombination,recombination,0.8
edge_0639,ETFE,node_0016,node_0368,single_dehydrogenative_recombination,recombination,0.8
edge_0640,ETFE,node_0039,node_0368,single_dehydrogenative_recombination,recombination,0.8
edge_0641,ETFE,node_0016,node_0369,single_dehydrogenative_recombination,recombination,0.8
edge_0642,ETFE,node_0041,node_0369,single_dehydrogenative_recombination,recombination,0.8
edge_0643,ETFE,node_0016,node_0370,single_dehydrogenative_recombination,recombination,0.8
edge_0644,ETFE,node_0044,node_0370,single_dehydrogenative_recombination,recombination,0.8
edge_0645,ETFE,node_0016,node_0371,single_dehydrogenative_recombination,recombination,0.8
edge_0646,ETFE,node_0047,node_0371,single_dehydrogenative_recombination,recombination,0.8
edge_0647,ETFE,node_0016,node_0372,single_dehydrogenative_recombination,recombination,0.8
edge_0648,ETFE,node_0049,node_0372,single_dehydrogenative_recombination,recombination,0.8
edge_0649,ETFE,node_0016,node_0373,single_dehydrogenative_recombination,recombination,0.8
edge_0650,ETFE,node_0051,node_0373,single_dehydrogenative_recombination,recombination,0.8
edge_0651,ETFE,node_0016,node_0374,single_dehydrogenative_recombination,recombination,0.8
edge_0652,ETFE,node_0054,node_0374,single_dehydrogenative_recombination,recombination,0.8
edge_0653,ETFE,node_0016,node_0375,single_dehydrogenative_recombination,recombination,0.8
edge_0654,ETFE,node_0057,node_0375,single_dehydrogenative_recombination,recombination,0.8
edge_0655,ETFE,node_0016,node_0376,single_dehydrogenative_recombination,recombination,0.8
edge_0656,ETFE,node_0061,node_0376,single_dehydrogenative_recombination,recombination,0.8
edge_0657,ETFE,node_0016,node_0377,single_dehydrogenative_recombination,recombination,0.8
edge_0658,ETFE,node_0063,node_0377,single_dehydrogenative_recombination,recombination,0.8
edge_0659,ETFE,node_0016,node_0378,single_dehydrogenative_recombination,recombination,0.8
edge_0660,ETFE,node_0065,node_0378,single_dehydrogenative_recombination,recombination,0.8
edge_0661,ETFE,node_0016,node_0379,single_dehydrogenative_recombination,recombination,0.8
edge_0662,ETFE,node_0067,node_0379,single_dehydrogenative_recombination,recombination,0.8
edge_0663,ETFE,node_0016,node_0380,single_dehydrogenative_recombination,recombination,0.8
edge_0664,ETFE,node_0069,node_0380,single_dehydrogenative_recombination,recombination,0.8
edge_0665,ETFE,node_0016,node_0381,single_dehydrogenative_recombination,recombination,0.8
edge_0666,ETFE,node_0072,node_0381,single_dehydrogenative_recombination,recombination,0.8
edge_0667,ETFE,node_0016,node_0382,single_dehydrogenative_recombination,recombination,0.8
edge_0668,ETFE,node_0074,node_0382,single_dehydrogenative_recombination,recombination,0.8
edge_0669,ETFE,node_0016,node_0383,single_dehydrogenative_recombination,recombination,0.8
edge_0670,ETFE,node_0076,node_0383,single_dehydrogenative_recombination,recombination,0.8
edge_0671,ETFE,node_0016,node_0384,single_dehydrogenative_recombination,recombination,0.8
edge_0672,ETFE,node_0078,node_0384,single_dehydrogenative_recombination,recombination,0.8
edge_0673,ETFE,node_0016,node_0385,single_dehydrogenative_recombination,recombination,0.8
edge_0674,ETFE,node_0080,node_0385,single_dehydrogenative_recombination,recombination,0.8
edge_0675,ETFE,node_0016,node_0386,single_dehydrogenative_recombination,recombination,0.8
edge_0676,ETFE,node_0082,node_0386,single_dehydrogenative_recombination,recombination,0.8
edge_0677,ETFE,node_0016,node_0387,single_dehydrogenative_recombination,recombination,0.8
edge_0678,ETFE,node_0084,node_0387,single_dehydrogenative_recombination,recombination,0.8
edge_0679,ETFE,node_0016,node_0388,single_dehydrogenative_recombination,recombination,0.8
edge_0680,ETFE,node_0086,node_0388,single_dehydrogenative_recombination,recombination,0.8
edge_0681,ETFE,node_0016,node_0389,single_dehydrogenative_recombination,recombination,0.8
edge_0682,ETFE,node_0088,node_0389,single_dehydrogenative_recombination,recombination,0.8
edge_0683,ETFE,node_0016,node_0390,single_dehydrogenative_recombination,recombination,0.8
edge_0684,ETFE,node_0090,node_0390,single_dehydrogenative_recombination,recombination,0.8
edge_0685,ETFE,node_0016,node_0391,single_dehydrogenative_recombination,recombination,0.8
edge_0686,ETFE,node_0092,node_0391,single_dehydrogenative_recombination,recombination,0.8
edge_0687,ETFE,node_0016,node_0392,single_dehydrogenative_recombination,recombination,0.8
edge_0688,ETFE,node_0094,node_0392,single_dehydrogenative_recombination,recombination,0.8
edge_0689,ETFE,node_0017,node_0393,single_dehydrogenative_recombination,recombination,0.8
edge_0690,ETFE,node_0035,node_0393,single_dehydrogenative_recombination,recombination,0.8
edge_0691,ETFE,node_0017,node_0394,single_dehydrogenative_recombination,recombination,0.8
edge_0692,ETFE,node_0037,node_0394,single_dehydrogenative_recombination,recombination,0.8
edge_0693,ETFE,node_0017,node_0395,single_dehydrogenative_recombination,recombination,0.8
edge_0694,ETFE,node_0039,node_0395,single_dehydrogenative_recombination,recombination,0.8
edge_0695,ETFE,node_0017,node_0396,single_dehydrogenative_recombination,recombination,0.8
edge_0696,ETFE,node_0041,node_0396,single_dehydrogenative_recombination,recombination,0.8
edge_0697,ETFE,node_0017,node_0397,single_dehydrogenative_recombination,recombination,0.8
edge_0698,ETFE,node_0044,node_0397,single_dehydrogenative_recombination,recombination,0.8
edge_0699,ETFE,node_0017,node_0398,single_dehydrogenative_recombination,recombination,0.8
edge_0700,ETFE,node_0047,node_0398,single_dehydrogenative_recombination,recombination,0.8
edge_0701,ETFE,node_0017,node_0399,single_dehydrogenative_recombination,recombination,0.8
edge_0702,ETFE,node_0049,node_0399,single_dehydrogenative_recombination,recombination,0.8
edge_0703,ETFE,node_0017,node_0400,single_dehydrogenative_recombination,recombination,0.8
edge_0704,ETFE,node_0051,node_0400,single_dehydrogenative_recombination,recombination,0.8
edge_0705,ETFE,node_0017,node_0401,single_dehydrogenative_recombination,recombination,0.8
edge_0706,ETFE,node_0054,node_0401,single_dehydrogenative_recombination,recombination,0.8
edge_0707,ETFE,node_0017,node_0402,single_dehydrogenative_recombination,recombination,0.8
edge_0708,ETFE,node_0057,node_0402,single_dehydrogenative_recombination,recombination,0.8
edge_0709,ETFE,node_0017,node_0403,single_dehydrogenative_recombination,recombination,0.8
edge_0710,ETFE,node_0059,node_0403,single_dehydrogenative_recombination,recombination,0.8
edge_0711,ETFE,node_0017,node_0404,single_dehydrogenative_recombination,recombination,0.8
edge_0712,ETFE,node_0063,node_0404,single_dehydrogenative_recombination,recombination,0.8
edge_0713,ETFE,node_0017,node_0405,single_dehydrogenative_recombination,recombination,0.8
edge_0714,ETFE,node_0065,node_0405,single_dehydrogenative_recombination,recombination,0.8
edge_0715,ETFE,node_0017,node_0406,single_dehydrogenative_recombination,recombination,0.8
edge_0716,ETFE,node_0067,node_0406,single_dehydrogenative_recombination,recombination,0.8
edge_0717,ETFE,node_0017,node_0407,single_dehydrogenative_recombination,recombination,0.8
edge_0718,ETFE,node_0069,node_0407,single_dehydrogenative_recombination,recombination,0.8
edge_0719,ETFE,node_0017,node_0408,single_dehydrogenative_recombination,recombination,0.8
edge_0720,ETFE,node_0072,node_0408,single_dehydrogenative_recombination,recombination,0.8
edge_0721,ETFE,node_0017,node_0409,single_dehydrogenative_recombination,recombination,0.8
edge_0722,ETFE,node_0074,node_0409,single_dehydrogenative_recombination,recombination,0.8
edge_0723,ETFE,node_0017,node_0410,single_dehydrogenative_recombination,recombination,0.8
edge_0724,ETFE,node_0076,node_0410,single_dehydrogenative_recombination,recombination,0.8
edge_0725,ETFE,node_0017,node_0411,single_dehydrogenative_recombination,recombination,0.8
edge_0726,ETFE,node_0078,node_0411,single_dehydrogenative_recombination,recombination,0.8
edge_0727,ETFE,node_0017,node_0412,single_dehydrogenative_recombination,recombination,0.8
edge_0728,ETFE,node_0080,node_0412,single_dehydrogenative_recombination,recombination,0.8
edge_0729,ETFE,node_0017,node_0413,single_dehydrogenative_recombination,recombination,0.8
edge_0730,ETFE,node_0082,node_0413,single_dehydrogenative_recombination,recombination,0.8
edge_0731,ETFE,node_0017,node_0414,single_dehydrogenative_recombination,recombination,0.8
edge_0732,ETFE,node_0084,node_0414,single_dehydrogenative_recombination,recombination,0.8
edge_0733,ETFE,node_0017,node_0415,single_dehydrogenative_recombination,recombination,0.8
edge_0734,ETFE,node_0086,node_0415,single_dehydrogenative_recombination,recombination,0.8
edge_0735,ETFE,node_0017,node_0416,single_dehydrogenative_recombination,recombination,0.8
edge_0736,ETFE,node_0088,node_0416,single_dehydrogenative_recombination,recombination,0.8
edge_0737,ETFE,node_0017,node_0417,single_dehydrogenative_recombination,recombination,0.8
edge_0738,ETFE,node_0090,node_0417,single_dehydrogenative_recombination,recombination,0.8
edge_0739,ETFE,node_0017,node_0418,single_dehydrogenative_recombination,recombination,0.8
edge_0740,ETFE,node_0092,node_0418,single_dehydrogenative_recombination,recombination,0.8
edge_0741,ETFE,node_0017,node_0419,single_dehydrogenative_recombination,recombination,0.8
edge_0742,ETFE,node_0094,node_0419,single_dehydrogenative_recombination,recombination,0.8
edge_0743,ETFE,node_0018,node_0420,single_dehydrogenative_recombination,recombination,0.8
edge_0744,ETFE,node_0035,node_0420,single_dehydrogenative_recombination,recombination,0.8
edge_0745,ETFE,node_0018,node_0421,single_dehydrogenative_recombination,recombination,0.8
edge_0746,ETFE,node_0037,node_0421,single_dehydrogenative_recombination,recombination,0.8
edge_0747,ETFE,node_0018,node_0422,single_dehydrogenative_recombination,recombination,0.8
edge_0748,ETFE,node_0039,node_0422,single_dehydrogenative_recombination,recombination,0.8
edge_0749,ETFE,node_0018,node_0423,single_dehydrogenative_recombination,recombination,0.8
edge_0750,ETFE,node_0041,node_0423,single_dehydrogenative_recombination,recombination,0.8
edge_0751,ETFE,node_0018,node_0424,single_dehydrogenative_recombination,recombination,0.8
edge_0752,ETFE,node_0044,node_0424,single_dehydrogenative_recombination,recombination,0.8
edge_0753,ETFE,node_0018,node_0425,single_dehydrogenative_recombination,recombination,0.8
edge_0754,ETFE,node_0047,node_0425,single_dehydrogenative_recombination,recombination,0.8
edge_0755,ETFE,node_0018,node_0426,single_dehydrogenative_recombination,recombination,0.8
edge_0756,ETFE,node_0049,node_0426,single_dehydrogenative_recombination,recombination,0.8
edge_0757,ETFE,node_0018,node_0427,single_dehydrogenative_recombination,recombination,0.8
edge_0758,ETFE,node_0051,node_0427,single_dehydrogenative_recombination,recombination,0.8
edge_0759,ETFE,node_0018,node_0428,single_dehydrogenative_recombination,recombination,0.8
edge_0760,ETFE,node_0054,node_0428,single_dehydrogenative_recombination,recombination,0.8
edge_0761,ETFE,node_0018,node_0429,single_dehydrogenative_recombination,recombination,0.8
edge_0762,ETFE,node_0057,node_0429,single_dehydrogenative_recombination,recombination,0.8
edge_0763,ETFE,node_0018,node_0430,single_dehydrogenative_recombination,recombination,0.8
edge_0764,ETFE,node_0059,node_0430,single_dehydrogenative_recombination,recombination,0.8
edge_0765,ETFE,node_0018,node_0431,single_dehydrogenative_recombination,recombination,0.8
edge_0766,ETFE,node_0061,node_0431,single_dehydrogenative_recombination,recombination,0.8
edge_0767,ETFE,node_0018,node_0432,single_dehydrogenative_recombination,recombination,0.8
edge_0768,ETFE,node_0065,node_0432,single_dehydrogenative_recombination,recombination,0.8
edge_0769,ETFE,node_0018,node_0433,single_dehydrogenative_recombination,recombination,0.8
edge_0770,ETFE,node_0067,node_0433,single_dehydrogenative_recombination,recombination,0.8
edge_0771,ETFE,node_0018,node_0434,single_dehydrogenative_recombination,recombination,0.8
edge_0772,ETFE,node_0069,node_0434,single_dehydrogenative_recombination,recombination,0.8
edge_0773,ETFE,node_0018,node_0435,single_dehydrogenative_recombination,recombination,0.8
edge_0774,ETFE,node_0072,node_0435,single_dehydrogenative_recombination,recombination,0.8
edge_0775,ETFE,node_0018,node_0436,single_dehydrogenative_recombination,recombination,0.8
edge_0776,ETFE,node_0074,node_0436,single_dehydrogenative_recombination,recombination,0.8
edge_0777,ETFE,node_0018,node_0437,single_dehydrogenative_recombination,recombination,0.8
edge_0778,ETFE,node_0076,node_0437,single_dehydrogenative_recombination,recombination,0.8
edge_0779,ETFE,node_0018,node_0438,single_dehydrogenative_recombination,recombination,0.8
edge_0780,ETFE,node_0078,node_0438,single_dehydrogenative_recombination,recombination,0.8
edge_0781,ETFE,node_0018,node_0439,single_dehydrogenative_recombination,recombination,0.8
edge_0782,ETFE,node_0080,node_0439,single_dehydrogenative_recombination,recombination,0.8
edge_0783,ETFE,node_0018,node_0440,single_dehydrogenative_recombination,recombination,0.8
edge_0784,ETFE,node_0082,node_0440,single_dehydrogenative_recombination,recombination,0.8
edge_0785,ETFE,node_0018,node_0441,single_dehydrogenative_recombination,recombination,0.8
edge_0786,ETFE,node_0084,node_0441,single_dehydrogenative_recombination,recombination,0.8
edge_0787,ETFE,node_0018,node_0442,single_dehydrogenative_recombination,recombination,0.8
edge_0788,ETFE,node_0086,node_0442,single_dehydrogenative_recombination,recombination,0.8
edge_0789,ETFE,node_0018,node_0443,single_dehydrogenative_recombination,recombination,0.8
edge_0790,ETFE,node_0088,node_0443,single_dehydrogenative_recombination,recombination,0.8
edge_0791,ETFE,node_0018,node_0444,single_dehydrogenative_recombination,recombination,0.8
edge_0792,ETFE,node_0090,node_0444,single_dehydrogenative_recombination,recombination,0.8
edge_0793,ETFE,node_0018,node_0445,single_dehydrogenative_recombination,recombination,0.8
edge_0794,ETFE,node_0092,node_0445,single_dehydrogenative_recombination,recombination,0.8
edge_0795,ETFE,node_0018,node_0446,single_dehydrogenative_recombination,recombination,0.8
edge_0796,ETFE,node_0094,node_0446,single_dehydrogenative_recombination,recombination,0.8
edge_0797,ETFE,node_0019,node_0447,single_dehydrogenative_recombination,recombination,0.8
edge_0798,ETFE,node_0035,node_0447,single_dehydrogenative_recombination,recombination,0.8
edge_0799,ETFE,node_0019,node_0448,single_dehydrogenative_recombination,recombination,0.8
edge_0800,ETFE,node_0037,node_0448,single_dehydrogenative_recombination,recombination,0.8
edge_0801,ETFE,node_0019,node_0449,single_dehydrogenative_recombination,recombination,0.8
edge_0802,ETFE,node_0039,node_0449,single_dehydrogenative_recombination,recombination,0.8
edge_0803,ETFE,node_0019,node_0450,single_dehydrogenative_recombination,recombination,0.8
edge_0804,ETFE,node_0041,node_0450,single_dehydrogenative_recombination,recombination,0.8
edge_0805,ETFE,node_0019,node_0451,single_dehydrogenative_recombination,recombination,0.8
edge_0806,ETFE,node_0044,node_0451,single_dehydrogenative_recombination,recombination,0.8
edge_0807,ETFE,node_0019,node_0452,single_dehydrogenative_recombination,recombination,0.8
edge_0808,ETFE,node_0047,node_0452,single_dehydrogenative_recombination,recombination,0.8
edge_0809,ETFE,node_0019,node_0453,single_dehydrogenative_recombination,recombination,0.8
edge_0810,ETFE,node_0049,node_0453,single_dehydrogenative_recombination,recombination,0.8
edge_0811,ETFE,node_0019,node_0454,single_dehydrogenative_recombination,recombination,0.8
edge_0812,ETFE,node_0051,node_0454,single_dehydrogenative_recombination,recombination,0.8
edge_0813,ETFE,node_0019,node_0455,single_dehydrogenative_recombination,recombination,0.8
edge_0814,ETFE,node_0054,node_0455,single_dehydrogenative_recombination,recombination,0.8
edge_0815,ETFE,node_0019,node_0456,single_dehydrogenative_recombination,recombination,0.8
edge_0816,ETFE,node_0057,node_0456,single_dehydrogenative_recombination,recombination,0.8
edge_0817,ETFE,node_0019,node_0457,single_dehydrogenative_recombination,recombination,0.8
edge_0818,ETFE,node_0059,node_0457,single_dehydrogenative_recombination,recombination,0.8
edge_0819,ETFE,node_0019,node_0458,single_dehydrogenative_recombination,recombination,0.8
edge_0820,ETFE,node_0061,node_0458,single_dehydrogenative_recombination,recombination,0.8
edge_0821,ETFE,node_0019,node_0459,single_dehydrogenative_recombination,recombination,0.8
edge_0822,ETFE,node_0063,node_0459,single_dehydrogenative_recombination,recombination,0.8
edge_0823,ETFE,node_0019,node_0460,single_dehydrogenative_recombination,recombination,0.8
edge_0824,ETFE,node_0067,node_0460,single_dehydrogenative_recombination,recombination,0.8
edge_0825,ETFE,node_0019,node_0461,single_dehydrogenative_recombination,recombination,0.8
edge_0826,ETFE,node_0069,node_0461,single_dehydrogenative_recombination,recombination,0.8
edge_0827,ETFE,node_0019,node_0462,single_dehydrogenative_recombination,recombination,0.8
edge_0828,ETFE,node_0072,node_0462,single_dehydrogenative_recombination,recombination,0.8
edge_0829,ETFE,node_0019,node_0463,single_dehydrogenative_recombination,recombination,0.8
edge_0830,ETFE,node_0074,node_0463,single_dehydrogenative_recombination,recombination,0.8
edge_0831,ETFE,node_0019,node_0464,single_dehydrogenative_recombination,recombination,0.8
edge_0832,ETFE,node_0076,node_0464,single_dehydrogenative_recombination,recombination,0.8
edge_0833,ETFE,node_0019,node_0465,single_dehydrogenative_recombination,recombination,0.8
edge_0834,ETFE,node_0078,node_0465,single_dehydrogenative_recombination,recombination,0.8
edge_0835,ETFE,node_0019,node_0466,single_dehydrogenative_recombination,recombination,0.8
edge_0836,ETFE,node_0080,node_0466,single_dehydrogenative_recombination,recombination,0.8
edge_0837,ETFE,node_0019,node_0467,single_dehydrogenative_recombination,recombination,0.8
edge_0838,ETFE,node_0082,node_0467,single_dehydrogenative_recombination,recombination,0.8
edge_0839,ETFE,node_0019,node_0468,single_dehydrogenative_recombination,recombination,0.8
edge_0840,ETFE,node_0084,node_0468,single_dehydrogenative_recombination,recombination,0.8
edge_0841,ETFE,node_0019,node_0469,single_dehydrogenative_recombination,recombination,0.8
edge_0842,ETFE,node_0086,node_0469,single_dehydrogenative_recombination,recombination,0.8
edge_0843,ETFE,node_0019,node_0470,single_dehydrogenative_recombination,recombination,0.8
edge_0844,ETFE,node_0088,node_0470,single_dehydrogenative_recombination,recombination,0.8
edge_0845,ETFE,node_0019,node_0471,single_dehydrogenative_recombination,recombination,0.8
edge_0846,ETFE,node_0090,node_0471,single_dehydrogenative_recombination,recombination,0.8
edge_0847,ETFE,node_0019,node_0472,single_dehydrogenative_recombination,recombination,0.8
edge_0848,ETFE,node_0092,node_0472,single_dehydrogenative_recombination,recombination,0.8
edge_0849,ETFE,node_0019,node_0473,single_dehydrogenative_recombination,recombination,0.8
edge_0850,ETFE,node_0094,node_0473,single_dehydrogenative_recombination,recombination,0.8
edge_0851,ETFE,node_0020,node_0474,single_dehydrogenative_recombination,recombination,0.8
edge_0852,ETFE,node_0035,node_0474,single_dehydrogenative_recombination,recombination,0.8
edge_0853,ETFE,node_0020,node_0475,single_dehydrogenative_recombination,recombination,0.8
edge_0854,ETFE,node_0037,node_0475,single_dehydrogenative_recombination,recombination,0.8
edge_0855,ETFE,node_0020,node_0476,single_dehydrogenative_recombination,recombination,0.8
edge_0856,ETFE,node_0039,node_0476,single_dehydrogenative_recombination,recombination,0.8
edge_0857,ETFE,node_0020,node_0477,single_dehydrogenative_recombination,recombination,0.8
edge_0858,ETFE,node_0041,node_0477,single_dehydrogenative_recombination,recombination,0.8
edge_0859,ETFE,node_0020,node_0478,single_dehydrogenative_recombination,recombination,0.8
edge_0860,ETFE,node_0044,node_0478,single_dehydrogenative_recombination,recombination,0.8
edge_0861,ETFE,node_0020,node_0479,single_dehydrogenative_recombination,recombination,0.8
edge_0862,ETFE,node_0047,node_0479,single_dehydrogenative_recombination,recombination,0.8
edge_0863,ETFE,node_0020,node_0480,single_dehydrogenative_recombination,recombination,0.8
edge_0864,ETFE,node_0049,node_0480,single_dehydrogenative_recombination,recombination,0.8
edge_0865,ETFE,node_0020,node_0481,single_dehydrogenative_recombination,recombination,0.8
edge_0866,ETFE,node_0051,node_0481,single_dehydrogenative_recombination,recombination,0.8
edge_0867,ETFE,node_0020,node_0482,single_dehydrogenative_recombination,recombination,0.8
edge_0868,ETFE,node_0054,node_0482,single_dehydrogenative_recombination,recombination,0.8
edge_0869,ETFE,node_0020,node_0483,single_dehydrogenative_recombination,recombination,0.8
edge_0870,ETFE,node_0057,node_0483,single_dehydrogenative_recombination,recombination,0.8
edge_0871,ETFE,node_0020,node_0484,single_dehydrogenative_recombination,recombination,0.8
edge_0872,ETFE,node_0059,node_0484,single_dehydrogenative_recombination,recombination,0.8
edge_0873,ETFE,node_0020,node_0485,single_dehydrogenative_recombination,recombination,0.8
edge_0874,ETFE,node_0061,node_0485,single_dehydrogenative_recombination,recombination,0.8
edge_0875,ETFE,node_0020,node_0486,single_dehydrogenative_recombination,recombination,0.8
edge_0876,ETFE,node_0063,node_0486,single_dehydrogenative_recombination,recombination,0.8
edge_0877,ETFE,node_0020,node_0487,single_dehydrogenative_recombination,recombination,0.8
edge_0878,ETFE,node_0065,node_0487,single_dehydrogenative_recombination,recombination,0.8
edge_0879,ETFE,node_0020,node_0488,single_dehydrogenative_recombination,recombination,0.8
edge_0880,ETFE,node_0069,node_0488,single_dehydrogenative_recombination,recombination,0.8
edge_0881,ETFE,node_0020,node_0489,single_dehydrogenative_recombination,recombination,0.8
edge_0882,ETFE,node_0072,node_0489,single_dehydrogenative_recombination,recombination,0.8
edge_0883,ETFE,node_0020,node_0490,single_dehydrogenative_recombination,recombination,0.8
edge_0884,ETFE,node_0074,node_0490,single_dehydrogenative_recombination,recombination,0.8
edge_0885,ETFE,node_0020,node_0491,single_dehydrogenative_recombination,recombination,0.8
edge_0886,ETFE,node_0076,node_0491,single_dehydrogenative_recombination,recombination,0.8
edge_0887,ETFE,node_0020,node_0492,single_dehydrogenative_recombination,recombination,0.8
edge_0888,ETFE,node_0078,node_0492,single_dehydrogenative_recombination,recombination,0.8
edge_0889,ETFE,node_0020,node_0493,single_dehydrogenative_recombination,recombination,0.8
edge_0890,ETFE,node_0080,node_0493,single_dehydrogenative_recombination,recombination,0.8
edge_0891,ETFE,node_0020,node_0494,single_dehydrogenative_recombination,recombination,0.8
edge_0892,ETFE,node_0082,node_0494,single_dehydrogenative_recombination,recombination,0.8
edge_0893,ETFE,node_0020,node_0495,single_dehydrogenative_recombination,recombination,0.8
edge_0894,ETFE,node_0084,node_0495,single_dehydrogenative_recombination,recombination,0.8
edge_0895,ETFE,node_0020,node_0496,single_dehydrogenative_recombination,recombination,0.8
edge_0896,ETFE,node_0086,node_0496,single_dehydrogenative_recombination,recombination,0.8
edge_0897,ETFE,node_0020,node_0497,single_dehydrogenative_recombination,recombination,0.8
edge_0898,ETFE,node_0088,node_0497,single_dehydrogenative_recombination,recombination,0.8
edge_0899,ETFE,node_0020,node_0498,single_dehydrogenative_recombination,recombination,0.8
edge_0900,ETFE,node_0090,node_0498,single_dehydrogenative_recombination,recombination,0.8
edge_0901,ETFE,node_0020,node_0499,single_dehydrogenative_recombination,recombination,0.8
edge_0902,ETFE,node_0092,node_0499,single_dehydrogenative_recombination,recombination,0.8
edge_0903,ETFE,node_0020,node_0500,single_dehydrogenative_recombination,recombination,0.8
edge_0904,ETFE,node_0094,node_0500,single_dehydrogenative_recombination,recombination,0.8
edge_0905,ETFE,node_0021,node_0501,single_dehydrogenative_recombination,recombination,0.8
edge_0906,ETFE,node_0035,node_0501,single_dehydrogenative_recombination,recombination,0.8
edge_0907,ETFE,node_0021,node_0502,single_dehydrogenative_recombination,recombination,0.8
edge_0908,ETFE,node_0037,node_0502,single_dehydrogenative_recombination,recombination,0.8
edge_0909,ETFE,node_0021,node_0503,single_dehydrogenative_recombination,recombination,0.8
edge_0910,ETFE,node_0039,node_0503,single_dehydrogenative_recombination,recombination,0.8
edge_0911,ETFE,node_0021,node_0504,single_dehydrogenative_recombination,recombination,0.8
edge_0912,ETFE,node_0041,node_0504,single_dehydrogenative_recombination,recombination,0.8
edge_0913,ETFE,node_0021,node_0505,single_dehydrogenative_recombination,recombination,0.8
edge_0914,ETFE,node_0044,node_0505,single_dehydrogenative_recombination,recombination,0.8
edge_0915,ETFE,node_0021,node_0506,single_dehydrogenative_recombination,recombination,0.8
edge_0916,ETFE,node_0047,node_0506,single_dehydrogenative_recombination,recombination,0.8
edge_0917,ETFE,node_0021,node_0507,single_dehydrogenative_recombination,recombination,0.8
edge_0918,ETFE,node_0049,node_0507,single_dehydrogenative_recombination,recombination,0.8
edge_0919,ETFE,node_0021,node_0508,single_dehydrogenative_recombination,recombination,0.8
edge_0920,ETFE,node_0051,node_0508,single_dehydrogenative_recombination,recombination,0.8
edge_0921,ETFE,node_0021,node_0509,single_dehydrogenative_recombination,recombination,0.8
edge_0922,ETFE,node_0054,node_0509,single_dehydrogenative_recombination,recombination,0.8
edge_0923,ETFE,node_0021,node_0510,single_dehydrogenative_recombination,recombination,0.8
edge_0924,ETFE,node_0057,node_0510,single_dehydrogenative_recombination,recombination,0.8
edge_0925,ETFE,node_0021,node_0511,single_dehydrogenative_recombination,recombination,0.8
edge_0926,ETFE,node_0059,node_0511,single_dehydrogenative_recombination,recombination,0.8
edge_0927,ETFE,node_0021,node_0512,single_dehydrogenative_recombination,recombination,0.8
edge_0928,ETFE,node_0061,node_0512,single_dehydrogenative_recombination,recombination,0.8
edge_0929,ETFE,node_0021,node_0513,single_dehydrogenative_recombination,recombination,0.8
edge_0930,ETFE,node_0063,node_0513,single_dehydrogenative_recombination,recombination,0.8
edge_0931,ETFE,node_0021,node_0514,single_dehydrogenative_recombination,recombination,0.8
edge_0932,ETFE,node_0065,node_0514,single_dehydrogenative_recombination,recombination,0.8
edge_0933,ETFE,node_0021,node_0515,single_dehydrogenative_recombination,recombination,0.8
edge_0934,ETFE,node_0067,node_0515,single_dehydrogenative_recombination,recombination,0.8
edge_0935,ETFE,node_0021,node_0516,single_dehydrogenative_recombination,recombination,0.8
edge_0936,ETFE,node_0072,node_0516,single_dehydrogenative_recombination,recombination,0.8
edge_0937,ETFE,node_0021,node_0517,single_dehydrogenative_recombination,recombination,0.8
edge_0938,ETFE,node_0074,node_0517,single_dehydrogenative_recombination,recombination,0.8
edge_0939,ETFE,node_0021,node_0518,single_dehydrogenative_recombination,recombination,0.8
edge_0940,ETFE,node_0076,node_0518,single_dehydrogenative_recombination,recombination,0.8
edge_0941,ETFE,node_0021,node_0519,single_dehydrogenative_recombination,recombination,0.8
edge_0942,ETFE,node_0078,node_0519,single_dehydrogenative_recombination,recombination,0.8
edge_0943,ETFE,node_0021,node_0520,single_dehydrogenative_recombination,recombination,0.8
edge_0944,ETFE,node_0080,node_0520,single_dehydrogenative_recombination,recombination,0.8
edge_0945,ETFE,node_0021,node_0521,single_dehydrogenative_recombination,recombination,0.8
edge_0946,ETFE,node_0082,node_0521,single_dehydrogenative_recombination,recombination,0.8
edge_0947,ETFE,node_0021,node_0522,single_dehydrogenative_recombination,recombination,0.8
edge_0948,ETFE,node_0084,node_0522,single_dehydrogenative_recombination,recombination,0.8
edge_0949,ETFE,node_0021,node_0523,single_dehydrogenative_recombination,recombination,0.8
edge_0950,ETFE,node_0086,node_0523,single_dehydrogenative_recombination,recombination,0.8
edge_0951,ETFE,node_0021,node_0524,single_dehydrogenative_recombination,recombination,0.8
edge_0952,ETFE,node_0088,node_0524,single_dehydrogenative_recombination,recombination,0.8
edge_0953,ETFE,node_0021,node_0525,single_dehydrogenative_recombination,recombination,0.8
edge_0954,ETFE,node_0090,node_0525,single_dehydrogenative_recombination,recombination,0.8
edge_0955,ETFE,node_0021,node_0526,single_dehydrogenative_recombination,recombination,0.8
edge_0956,ETFE,node_0092,node_0526,single_dehydrogenative_recombination,recombination,0.8
edge_0957,ETFE,node_0021,node_0527,single_dehydrogenative_recombination,recombination,0.8
edge_0958,ETFE,node_0094,node_0527,single_dehydrogenative_recombination,recombination,0.8
edge_0959,ETFE,node_0022,node_0528,single_dehydrogenative_recombination,recombination,0.8
edge_0960,ETFE,node_0035,node_0528,single_dehydrogenative_recombination,recombination,0.8
edge_0961,ETFE,node_0022,node_0529,single_dehydrogenative_recombination,recombination,0.8
edge_0962,ETFE,node_0037,node_0529,single_dehydrogenative_recombination,recombination,0.8
edge_0963,ETFE,node_0022,node_0530,single_dehydrogenative_recombination,recombination,0.8
edge_0964,ETFE,node_0039,node_0530,single_dehydrogenative_recombination,recombination,0.8
edge_0965,ETFE,node_0022,node_0531,single_dehydrogenative_recombination,recombination,0.8
edge_0966,ETFE,node_0041,node_0531,single_dehydrogenative_recombination,recombination,0.8
edge_0967,ETFE,node_0022,node_0532,single_dehydrogenative_recombination,recombination,0.8
edge_0968,ETFE,node_0044,node_0532,single_dehydrogenative_recombination,recombination,0.8
edge_0969,ETFE,node_0022,node_0533,single_dehydrogenative_recombination,recombination,0.8
edge_0970,ETFE,node_0047,node_0533,single_dehydrogenative_recombination,recombination,0.8
edge_0971,ETFE,node_0022,node_0534,single_dehydrogenative_recombination,recombination,0.8
edge_0972,ETFE,node_0049,node_0534,single_dehydrogenative_recombination,recombination,0.8
edge_0973,ETFE,node_0022,node_0535,single_dehydrogenative_recombination,recombination,0.8
edge_0974,ETFE,node_0051,node_0535,single_dehydrogenative_recombination,recombination,0.8
edge_0975,ETFE,node_0022,node_0536,single_dehydrogenative_recombination,recombination,0.8
edge_0976,ETFE,node_0054,node_0536,single_dehydrogenative_recombination,recombination,0.8
edge_0977,ETFE,node_0022,node_0537,single_dehydrogenative_recombination,recombination,0.8
edge_0978,ETFE,node_0057,node_0537,single_dehydrogenative_recombination,recombination,0.8
edge_0979,ETFE,node_0022,node_0538,single_dehydrogenative_recombination,recombination,0.8
edge_0980,ETFE,node_0059,node_0538,single_dehydrogenative_recombination,recombination,0.8
edge_0981,ETFE,node_0022,node_0539,single_dehydrogenative_recombination,recombination,0.8
edge_0982,ETFE,node_0061,node_0539,single_dehydrogenative_recombination,recombination,0.8
edge_0983,ETFE,node_0022,node_0540,single_dehydrogenative_recombination,recombination,0.8
edge_0984,ETFE,node_0063,node_0540,single_dehydrogenative_recombination,recombination,0.8
edge_0985,ETFE,node_0022,node_0541,single_dehydrogenative_recombination,recombination,0.8
edge_0986,ETFE,node_0065,node_0541,single_dehydrogenative_recombination,recombination,0.8
edge_0987,ETFE,node_0022,node_0542,single_dehydrogenative_recombination,recombination,0.8
edge_0988,ETFE,node_0067,node_0542,single_dehydrogenative_recombination,recombination,0.8
edge_0989,ETFE,node_0022,node_0543,single_dehydrogenative_recombination,recombination,0.8
edge_0990,ETFE,node_0069,node_0543,single_dehydrogenative_recombination,recombination,0.8
edge_0991,ETFE,node_0022,node_0544,single_dehydrogenative_recombination,recombination,0.8
edge_0992,ETFE,node_0072,node_0544,single_dehydrogenative_recombination,recombination,0.8
edge_0993,ETFE,node_0022,node_0545,single_dehydrogenative_recombination,recombination,0.8
edge_0994,ETFE,node_0074,node_0545,single_dehydrogenative_recombination,recombination,0.8
edge_0995,ETFE,node_0022,node_0546,single_dehydrogenative_recombination,recombination,0.8
edge_0996,ETFE,node_0076,node_0546,single_dehydrogenative_recombination,recombination,0.8
edge_0997,ETFE,node_0022,node_0547,single_dehydrogenative_recombination,recombination,0.8
edge_0998,ETFE,node_0078,node_0547,single_dehydrogenative_recombination,recombination,0.8
edge_0999,ETFE,node_0022,node_0548,single_dehydrogenative_recombination,recombination,0.8
edge_1000,ETFE,node_0080,node_0548,single_dehydrogenative_recombination,recombination,0.8
edge_1001,ETFE,node_0022,node_0549,single_dehydrogenative_recombination,recombination,0.8
edge_1002,ETFE,node_0082,node_0549,single_dehydrogenative_recombination,recombination,0.8
edge_1003,ETFE,node_0022,node_0550,single_dehydrogenative_recombination,recombination,0.8
edge_1004,ETFE,node_0084,node_0550,single_dehydrogenative_recombination,recombination,0.8
edge_1005,ETFE,node_0022,node_0551,single_dehydrogenative_recombination,recombination,0.8
edge_1006,ETFE,node_0086,node_0551,single_dehydrogenative_recombination,recombination,0.8
edge_1007,ETFE,node_0022,node_0552,single_dehydrogenative_recombination,recombination,0.8
edge_1008,ETFE,node_0088,node_0552,single_dehydrogenative_recombination,recombination,0.8
edge_1009,ETFE,node_0022,node_0553,single_dehydrogenative_recombination,recombination,0.8
edge_1010,ETFE,node_0090,node_0553,single_dehydrogenative_recombination,recombination,0.8
edge_1011,ETFE,node_0022,node_0554,single_dehydrogenative_recombination,recombination,0.8
edge_1012,ETFE,node_0092,node_0554,single_dehydrogenative_recombination,recombination,0.8
edge_1013,ETFE,node_0022,node_0555,single_dehydrogenative_recombination,recombination,0.8
edge_1014,ETFE,node_0094,node_0555,single_dehydrogenative_recombination,recombination,0.8
edge_1015,ETFE,node_0023,node_0556,single_dehydrogenative_recombination,recombination,0.8
edge_1016,ETFE,node_0035,node_0556,single_dehydrogenative_recombination,recombination,0.8
edge_1017,ETFE,node_0023,node_0557,single_dehydrogenative_recombination,recombination,0.8
edge_1018,ETFE,node_0037,node_0557,single_dehydrogenative_recombination,recombination,0.8
edge_1019,ETFE,node_0023,node_0558,single_dehydrogenative_recombination,recombination,0.8
edge_1020,ETFE,node_0039,node_0558,single_dehydrogenative_recombination,recombination,0.8
edge_1021,ETFE,node_0023,node_0559,single_dehydrogenative_recombination,recombination,0.8
edge_1022,ETFE,node_0041,node_0559,single_dehydrogenative_recombination,recombination,0.8
edge_1023,ETFE,node_0023,node_0560,single_dehydrogenative_recombination,recombination,0.8
edge_1024,ETFE,node_0044,node_0560,single_dehydrogenative_recombination,recombination,0.8
edge_1025,ETFE,node_0023,node_0561,single_dehydrogenative_recombination,recombination,0.8
edge_1026,ETFE,node_0047,node_0561,single_dehydrogenative_recombination,recombination,0.8
edge_1027,ETFE,node_0023,node_0562,single_dehydrogenative_recombination,recombination,0.8
edge_1028,ETFE,node_0049,node_0562,single_dehydrogenative_recombination,recombination,0.8
edge_1029,ETFE,node_0023,node_0563,single_dehydrogenative_recombination,recombination,0.8
edge_1030,ETFE,node_0051,node_0563,single_dehydrogenative_recombination,recombination,0.8
edge_1031,ETFE,node_0023,node_0564,single_dehydrogenative_recombination,recombination,0.8
edge_1032,ETFE,node_0054,node_0564,single_dehydrogenative_recombination,recombination,0.8
edge_1033,ETFE,node_0023,node_0565,single_dehydrogenative_recombination,recombination,0.8
edge_1034,ETFE,node_0057,node_0565,single_dehydrogenative_recombination,recombination,0.8
edge_1035,ETFE,node_0023,node_0566,single_dehydrogenative_recombination,recombination,0.8
edge_1036,ETFE,node_0059,node_0566,single_dehydrogenative_recombination,recombination,0.8
edge_1037,ETFE,node_0023,node_0567,single_dehydrogenative_recombination,recombination,0.8
edge_1038,ETFE,node_0061,node_0567,single_dehydrogenative_recombination,recombination,0.8
edge_1039,ETFE,node_0023,node_0568,single_dehydrogenative_recombination,recombination,0.8
edge_1040,ETFE,node_0063,node_0568,single_dehydrogenative_recombination,recombination,0.8
edge_1041,ETFE,node_0023,node_0569,single_dehydrogenative_recombination,recombination,0.8
edge_1042,ETFE,node_0065,node_0569,single_dehydrogenative_recombination,recombination,0.8
edge_1043,ETFE,node_0023,node_0570,single_dehydrogenative_recombination,recombination,0.8
edge_1044,ETFE,node_0067,node_0570,single_dehydrogenative_recombination,recombination,0.8
edge_1045,ETFE,node_0023,node_0571,single_dehydrogenative_recombination,recombination,0.8
edge_1046,ETFE,node_0069,node_0571,single_dehydrogenative_recombination,recombination,0.8
edge_1047,ETFE,node_0023,node_0572,single_dehydrogenative_recombination,recombination,0.8
edge_1048,ETFE,node_0074,node_0572,single_dehydrogenative_recombination,recombination,0.8
edge_1049,ETFE,node_0023,node_0573,single_dehydrogenative_recombination,recombination,0.8
edge_1050,ETFE,node_0076,node_0573,single_dehydrogenative_recombination,recombination,0.8
edge_1051,ETFE,node_0023,node_0574,single_dehydrogenative_recombination,recombination,0.8
edge_1052,ETFE,node_0078,node_0574,single_dehydrogenative_recombination,recombination,0.8
edge_1053,ETFE,node_0023,node_0575,single_dehydrogenative_recombination,recombination,0.8
edge_1054,ETFE,node_0080,node_0575,single_dehydrogenative_recombination,recombination,0.8
edge_1055,ETFE,node_0023,node_0576,single_dehydrogenative_recombination,recombination,0.8
edge_1056,ETFE,node_0082,node_0576,single_dehydrogenative_recombination,recombination,0.8
edge_1057,ETFE,node_0023,node_0577,single_dehydrogenative_recombination,recombination,0.8
edge_1058,ETFE,node_0084,node_0577,single_dehydrogenative_recombination,recombination,0.8
edge_1059,ETFE,node_0023,node_0578,single_dehydrogenative_recombination,recombination,0.8
edge_1060,ETFE,node_0086,node_0578,single_dehydrogenative_recombination,recombination,0.8
edge_1061,ETFE,node_0023,node_0579,single_dehydrogenative_recombination,recombination,0.8
edge_1062,ETFE,node_0088,node_0579,single_dehydrogenative_recombination,recombination,0.8
edge_1063,ETFE,node_0023,node_0580,single_dehydrogenative_recombination,recombination,0.8
edge_1064,ETFE,node_0090,node_0580,single_dehydrogenative_recombination,recombination,0.8
edge_1065,ETFE,node_0023,node_0581,single_dehydrogenative_recombination,recombination,0.8
edge_1066,ETFE,node_0092,node_0581,single_dehydrogenative_recombination,recombination,0.8
edge_1067,ETFE,node_0023,node_0582,single_dehydrogenative_recombination,recombination,0.8
edge_1068,ETFE,node_0094,node_0582,single_dehydrogenative_recombination,recombination,0.8
edge_1069,ETFE,node_0024,node_0583,single_dehydrogenative_recombination,recombination,0.8
edge_1070,ETFE,node_0035,node_0583,single_dehydrogenative_recombination,recombination,0.8
edge_1071,ETFE,node_0024,node_0584,single_dehydrogenative_recombination,recombination,0.8
edge_1072,ETFE,node_0037,node_0584,single_dehydrogenative_recombination,recombination,0.8
edge_1073,ETFE,node_0024,node_0585,single_dehydrogenative_recombination,recombination,0.8
edge_1074,ETFE,node_0039,node_0585,single_dehydrogenative_recombination,recombination,0.8
edge_1075,ETFE,node_0024,node_0586,single_dehydrogenative_recombination,recombination,0.8
edge_1076,ETFE,node_0041,node_0586,single_dehydrogenative_recombination,recombination,0.8
edge_1077,ETFE,node_0024,node_0587,single_dehydrogenative_recombination,recombination,0.8
edge_1078,ETFE,node_0044,node_0587,single_dehydrogenative_recombination,recombination,0.8
edge_1079,ETFE,node_0024,node_0588,single_dehydrogenative_recombination,recombination,0.8
edge_1080,ETFE,node_0047,node_0588,single_dehydrogenative_recombination,recombination,0.8
edge_1081,ETFE,node_0024,node_0589,single_dehydrogenative_recombination,recombination,0.8
edge_1082,ETFE,node_0049,node_0589,single_dehydrogenative_recombination,recombination,0.8
edge_1083,ETFE,node_0024,node_0590,single_dehydrogenative_recombination,recombination,0.8
edge_1084,ETFE,node_0051,node_0590,single_dehydrogenative_recombination,recombination,0.8
edge_1085,ETFE,node_0024,node_0591,single_dehydrogenative_recombination,recombination,0.8
edge_1086,ETFE,node_0054,node_0591,single_dehydrogenative_recombination,recombination,0.8
edge_1087,ETFE,node_0024,node_0592,single_dehydrogenative_recombination,recombination,0.8
edge_1088,ETFE,node_0057,node_0592,single_dehydrogenative_recombination,recombination,0.8
edge_1089,ETFE,node_0024,node_0593,single_dehydrogenative_recombination,recombination,0.8
edge_1090,ETFE,node_0059,node_0593,single_dehydrogenative_recombination,recombination,0.8
edge_1091,ETFE,node_0024,node_0594,single_dehydrogenative_recombination,recombination,0.8
edge_1092,ETFE,node_0061,node_0594,single_dehydrogenative_recombination,recombination,0.8
edge_1093,ETFE,node_0024,node_0595,single_dehydrogenative_recombination,recombination,0.8
edge_1094,ETFE,node_0063,node_0595,single_dehydrogenative_recombination,recombination,0.8
edge_1095,ETFE,node_0024,node_0596,single_dehydrogenative_recombination,recombination,0.8
edge_1096,ETFE,node_0065,node_0596,single_dehydrogenative_recombination,recombination,0.8
edge_1097,ETFE,node_0024,node_0597,single_dehydrogenative_recombination,recombination,0.8
edge_1098,ETFE,node_0067,node_0597,single_dehydrogenative_recombination,recombination,0.8
edge_1099,ETFE,node_0024,node_0598,single_dehydrogenative_recombination,recombination,0.8
edge_1100,ETFE,node_0069,node_0598,single_dehydrogenative_recombination,recombination,0.8
edge_1101,ETFE,node_0024,node_0599,single_dehydrogenative_recombination,recombination,0.8
edge_1102,ETFE,node_0072,node_0599,single_dehydrogenative_recombination,recombination,0.8
edge_1103,ETFE,node_0024,node_0600,single_dehydrogenative_recombination,recombination,0.8
edge_1104,ETFE,node_0076,node_0600,single_dehydrogenative_recombination,recombination,0.8
edge_1105,ETFE,node_0024,node_0601,single_dehydrogenative_recombination,recombination,0.8
edge_1106,ETFE,node_0078,node_0601,single_dehydrogenative_recombination,recombination,0.8
edge_1107,ETFE,node_0024,node_0602,single_dehydrogenative_recombination,recombination,0.8
edge_1108,ETFE,node_0080,node_0602,single_dehydrogenative_recombination,recombination,0.8
edge_1109,ETFE,node_0024,node_0603,single_dehydrogenative_recombination,recombination,0.8
edge_1110,ETFE,node_0082,node_0603,single_dehydrogenative_recombination,recombination,0.8
edge_1111,ETFE,node_0024,node_0604,single_dehydrogenative_recombination,recombination,0.8
edge_1112,ETFE,node_0084,node_0604,single_dehydrogenative_recombination,recombination,0.8
edge_1113,ETFE,node_0024,node_0605,single_dehydrogenative_recombination,recombination,0.8
edge_1114,ETFE,node_0086,node_0605,single_dehydrogenative_recombination,recombination,0.8
edge_1115,ETFE,node_0024,node_0606,single_dehydrogenative_recombination,recombination,0.8
edge_1116,ETFE,node_0088,node_0606,single_dehydrogenative_recombination,recombination,0.8
edge_1117,ETFE,node_0024,node_0607,single_dehydrogenative_recombination,recombination,0.8
edge_1118,ETFE,node_0090,node_0607,single_dehydrogenative_recombination,recombination,0.8
edge_1119,ETFE,node_0024,node_0608,single_dehydrogenative_recombination,recombination,0.8
edge_1120,ETFE,node_0092,node_0608,single_dehydrogenative_recombination,recombination,0.8
edge_1121,ETFE,node_0024,node_0609,single_dehydrogenative_recombination,recombination,0.8
edge_1122,ETFE,node_0094,node_0609,single_dehydrogenative_recombination,recombination,0.8
edge_1123,ETFE,node_0025,node_0610,single_dehydrogenative_recombination,recombination,0.8
edge_1124,ETFE,node_0035,node_0610,single_dehydrogenative_recombination,recombination,0.8
edge_1125,ETFE,node_0025,node_0611,single_dehydrogenative_recombination,recombination,0.8
edge_1126,ETFE,node_0037,node_0611,single_dehydrogenative_recombination,recombination,0.8
edge_1127,ETFE,node_0025,node_0612,single_dehydrogenative_recombination,recombination,0.8
edge_1128,ETFE,node_0039,node_0612,single_dehydrogenative_recombination,recombination,0.8
edge_1129,ETFE,node_0025,node_0613,single_dehydrogenative_recombination,recombination,0.8
edge_1130,ETFE,node_0041,node_0613,single_dehydrogenative_recombination,recombination,0.8
edge_1131,ETFE,node_0025,node_0614,single_dehydrogenative_recombination,recombination,0.8
edge_1132,ETFE,node_0044,node_0614,single_dehydrogenative_recombination,recombination,0.8
edge_1133,ETFE,node_0025,node_0615,single_dehydrogenative_recombination,recombination,0.8
edge_1134,ETFE,node_0047,node_0615,single_dehydrogenative_recombination,recombination,0.8
edge_1135,ETFE,node_0025,node_0616,single_dehydrogenative_recombination,recombination,0.8
edge_1136,ETFE,node_0049,node_0616,single_dehydrogenative_recombination,recombination,0.8
edge_1137,ETFE,node_0025,node_0617,single_dehydrogenative_recombination,recombination,0.8
edge_1138,ETFE,node_0051,node_0617,single_dehydrogenative_recombination,recombination,0.8
edge_1139,ETFE,node_0025,node_0618,single_dehydrogenative_recombination,recombination,0.8
edge_1140,ETFE,node_0054,node_0618,single_dehydrogenative_recombination,recombination,0.8
edge_1141,ETFE,node_0025,node_0619,single_dehydrogenative_recombination,recombination,0.8
edge_1142,ETFE,node_0057,node_0619,single_dehydrogenative_recombination,recombination,0.8
edge_1143,ETFE,node_0025,node_0620,single_dehydrogenative_recombination,recombination,0.8
edge_1144,ETFE,node_0059,node_0620,single_dehydrogenative_recombination,recombination,0.8
edge_1145,ETFE,node_0025,node_0621,single_dehydrogenative_recombination,recombination,0.8
edge_1146,ETFE,node_0061,node_0621,single_dehydrogenative_recombination,recombination,0.8
edge_1147,ETFE,node_0025,node_0622,single_dehydrogenative_recombination,recombination,0.8
edge_1148,ETFE,node_0063,node_0622,single_dehydrogenative_recombination,recombination,0.8
edge_1149,ETFE,node_0025,node_0623,single_dehydrogenative_recombination,recombination,0.8
edge_1150,ETFE,node_0065,node_0623,single_dehydrogenative_recombination,recombination,0.8
edge_1151,ETFE,node_0025,node_0624,single_dehydrogenative_recombination,recombination,0.8
edge_1152,ETFE,node_0067,node_0624,single_dehydrogenative_recombination,recombination,0.8
edge_1153,ETFE,node_0025,node_0625,single_dehydrogenative_recombination,recombination,0.8
edge_1154,ETFE,node_0069,node_0625,single_dehydrogenative_recombination,recombination,0.8
edge_1155,ETFE,node_0025,node_0626,single_dehydrogenative_recombination,recombination,0.8
edge_1156,ETFE,node_0072,node_0626,single_dehydrogenative_recombination,recombination,0.8
edge_1157,ETFE,node_0025,node_0627,single_dehydrogenative_recombination,recombination,0.8
edge_1158,ETFE,node_0074,node_0627,single_dehydrogenative_recombination,recombination,0.8
edge_1159,ETFE,node_0025,node_0628,single_dehydrogenative_recombination,recombination,0.8
edge_1160,ETFE,node_0078,node_0628,single_dehydrogenative_recombination,recombination,0.8
edge_1161,ETFE,node_0025,node_0629,single_dehydrogenative_recombination,recombination,0.8
edge_1162,ETFE,node_0080,node_0629,single_dehydrogenative_recombination,recombination,0.8
edge_1163,ETFE,node_0025,node_0630,single_dehydrogenative_recombination,recombination,0.8
edge_1164,ETFE,node_0082,node_0630,single_dehydrogenative_recombination,recombination,0.8
edge_1165,ETFE,node_0025,node_0631,single_dehydrogenative_recombination,recombination,0.8
edge_1166,ETFE,node_0084,node_0631,single_dehydrogenative_recombination,recombination,0.8
edge_1167,ETFE,node_0025,node_0632,single_dehydrogenative_recombination,recombination,0.8
edge_1168,ETFE,node_0086,node_0632,single_dehydrogenative_recombination,recombination,0.8
edge_1169,ETFE,node_0025,node_0633,single_dehydrogenative_recombination,recombination,0.8
edge_1170,ETFE,node_0088,node_0633,single_dehydrogenative_recombination,recombination,0.8
edge_1171,ETFE,node_0025,node_0634,single_dehydrogenative_recombination,recombination,0.8
edge_1172,ETFE,node_0090,node_0634,single_dehydrogenative_recombination,recombination,0.8
edge_1173,ETFE,node_0025,node_0635,single_dehydrogenative_recombination,recombination,0.8
edge_1174,ETFE,node_0092,node_0635,single_dehydrogenative_recombination,recombination,0.8
edge_1175,ETFE,node_0025,node_0636,single_dehydrogenative_recombination,recombination,0.8
edge_1176,ETFE,node_0094,node_0636,single_dehydrogenative_recombination,recombination,0.8
edge_1177,ETFE,node_0026,node_0637,single_dehydrogenative_recombination,recombination,0.8
edge_1178,ETFE,node_0035,node_0637,single_dehydrogenative_recombination,recombination,0.8
edge_1179,ETFE,node_0026,node_0638,single_dehydrogenative_recombination,recombination,0.8
edge_1180,ETFE,node_0037,node_0638,single_dehydrogenative_recombination,recombination,0.8
edge_1181,ETFE,node_0026,node_0639,single_dehydrogenative_recombination,recombination,0.8
edge_1182,ETFE,node_0039,node_0639,single_dehydrogenative_recombination,recombination,0.8
edge_1183,ETFE,node_0026,node_0640,single_dehydrogenative_recombination,recombination,0.8
edge_1184,ETFE,node_0041,node_0640,single_dehydrogenative_recombination,recombination,0.8
edge_1185,ETFE,node_0026,node_0641,single_dehydrogenative_recombination,recombination,0.8
edge_1186,ETFE,node_0044,node_0641,single_dehydrogenative_recombination,recombination,0.8
edge_1187,ETFE,node_0026,node_0642,single_dehydrogenative_recombination,recombination,0.8
edge_1188,ETFE,node_0047,node_0642,single_dehydrogenative_recombination,recombination,0.8
edge_1189,ETFE,node_0026,node_0643,single_dehydrogenative_recombination,recombination,0.8
edge_1190,ETFE,node_0049,node_0643,single_dehydrogenative_recombination,recombination,0.8
edge_1191,ETFE,node_0026,node_0644,single_dehydrogenative_recombination,recombination,0.8
edge_1192,ETFE,node_0051,node_0644,single_dehydrogenative_recombination,recombination,0.8
edge_1193,ETFE,node_0026,node_0645,single_dehydrogenative_recombination,recombination,0.8
edge_1194,ETFE,node_0054,node_0645,single_dehydrogenative_recombination,recombination,0.8
edge_1195,ETFE,node_0026,node_0646,single_dehydrogenative_recombination,recombination,0.8
edge_1196,ETFE,node_0057,node_0646,single_dehydrogenative_recombination,recombination,0.8
edge_1197,ETFE,node_0026,node_0647,single_dehydrogenative_recombination,recombination,0.8
edge_1198,ETFE,node_0059,node_0647,single_dehydrogenative_recombination,recombination,0.8
edge_1199,ETFE,node_0026,node_0648,single_dehydrogenative_recombination,recombination,0.8
edge_1200,ETFE,node_0061,node_0648,single_dehydrogenative_recombination,recombination,0.8
edge_1201,ETFE,node_0026,node_0649,single_dehydrogenative_recombination,recombination,0.8
edge_1202,ETFE,node_0063,node_0649,single_dehydrogenative_recombination,recombination,0.8
edge_1203,ETFE,node_0026,node_0650,single_dehydrogenative_recombination,recombination,0.8
edge_1204,ETFE,node_0065,node_0650,single_dehydrogenative_recombination,recombination,0.8
edge_1205,ETFE,node_0026,node_0651,single_dehydrogenative_recombination,recombination,0.8
edge_1206,ETFE,node_0067,node_0651,single_dehydrogenative_recombination,recombination,0.8
edge_1207,ETFE,node_0026,node_0652,single_dehydrogenative_recombination,recombination,0.8
edge_1208,ETFE,node_0069,node_0652,single_dehydrogenative_recombination,recombination,0.8
edge_1209,ETFE,node_0026,node_0653,single_dehydrogenative_recombination,recombination,0.8
edge_1210,ETFE,node_0072,node_0653,single_dehydrogenative_recombination,recombination,0.8
edge_1211,ETFE,node_0026,node_0654,single_dehydrogenative_recombination,recombination,0.8
edge_1212,ETFE,node_0074,node_0654,single_dehydrogenative_recombination,recombination,0.8
edge_1213,ETFE,node_0026,node_0655,single_dehydrogenative_recombination,recombination,0.8
edge_1214,ETFE,node_0076,node_0655,single_dehydrogenative_recombination,recombination,0.8
edge_1215,ETFE,node_0026,node_0656,single_dehydrogenative_recombination,recombination,0.8
edge_1216,ETFE,node_0080,node_0656,single_dehydrogenative_recombination,recombination,0.8
edge_1217,ETFE,node_0026,node_0657,single_dehydrogenative_recombination,recombination,0.8
edge_1218,ETFE,node_0082,node_0657,single_dehydrogenative_recombination,recombination,0.8
edge_1219,ETFE,node_0026,node_0658,single_dehydrogenative_recombination,recombination,0.8
edge_1220,ETFE,node_0084,node_0658,single_dehydrogenative_recombination,recombination,0.8
edge_1221,ETFE,node_0026,node_0659,single_dehydrogenative_recombination,recombination,0.8
edge_1222,ETFE,node_0086,node_0659,single_dehydrogenative_recombination,recombination,0.8
edge_1223,ETFE,node_0026,node_0660,single_dehydrogenative_recombination,recombination,0.8
edge_1224,ETFE,node_0088,node_0660,single_dehydrogenative_recombination,recombination,0.8
edge_1225,ETFE,node_0026,node_0661,single_dehydrogenative_recombination,recombination,0.8
edge_1226,ETFE,node_0090,node_0661,single_dehydrogenative_recombination,recombination,0.8
edge_1227,ETFE,node_0026,node_0662,single_dehydrogenative_recombination,recombination,0.8
edge_1228,ETFE,node_0092,node_0662,single_dehydrogenative_recombination,recombination,0.8
edge_1229,ETFE,node_0026,node_0663,single_dehydrogenative_recombination,recombination,0.8
edge_1230,ETFE,node_0094,node_0663,single_dehydrogenative_recombination,recombination,0.8
edge_1231,ETFE,node_0027,node_0664,single_dehydrogenative_recombination,recombination,0.8
edge_1232,ETFE,node_0035,node_0664,single_dehydrogenative_recombination,recombination,0.8
edge_1233,ETFE,node_0027,node_0665,single_dehydrogenative_recombination,recombination,0.8
edge_1234,ETFE,node_0037,node_0665,single_dehydrogenative_recombination,recombination,0.8
edge_1235,ETFE,node_0027,node_0666,single_dehydrogenative_recombination,recombination,0.8
edge_1236,ETFE,node_0039,node_0666,single_dehydrogenative_recombination,recombination,0.8
edge_1237,ETFE,node_0027,node_0667,single_dehydrogenative_recombination,recombination,0.8
edge_1238,ETFE,node_0041,node_0667,single_dehydrogenative_recombination,recombination,0.8
edge_1239,ETFE,node_0027,node_0668,single_dehydrogenative_recombination,recombination,0.8
edge_1240,ETFE,node_0044,node_0668,single_dehydrogenative_recombination,recombination,0.8
edge_1241,ETFE,node_0027,node_0669,single_dehydrogenative_recombination,recombination,0.8
edge_1242,ETFE,node_0047,node_0669,single_dehydrogenative_recombination,recombination,0.8
edge_1243,ETFE,node_0027,node_0670,single_dehydrogenative_recombination,recombination,0.8
edge_1244,ETFE,node_0049,node_0670,single_dehydrogenative_recombination,recombination,0.8
edge_1245,ETFE,node_0027,node_0671,single_dehydrogenative_recombination,recombination,0.8
edge_1246,ETFE,node_0051,node_0671,single_dehydrogenative_recombination,recombination,0.8
edge_1247,ETFE,node_0027,node_0672,single_dehydrogenative_recombination,recombination,0.8
edge_1248,ETFE,node_0054,node_0672,single_dehydrogenative_recombination,recombination,0.8
edge_1249,ETFE,node_0027,node_0673,single_dehydrogenative_recombination,recombination,0.8
edge_1250,ETFE,node_0057,node_0673,single_dehydrogenative_recombination,recombination,0.8
edge_1251,ETFE,node_0027,node_0674,single_dehydrogenative_recombination,recombination,0.8
edge_1252,ETFE,node_0059,node_0674,single_dehydrogenative_recombination,recombination,0.8
edge_1253,ETFE,node_0027,node_0675,single_dehydrogenative_recombination,recombination,0.8
edge_1254,ETFE,node_0061,node_0675,single_dehydrogenative_recombination,recombination,0.8
edge_1255,ETFE,node_0027,node_0676,single_dehydrogenative_recombination,recombination,0.8
edge_1256,ETFE,node_0063,node_0676,single_dehydrogenative_recombination,recombination,0.8
edge_1257,ETFE,node_0027,node_0677,single_dehydrogenative_recombination,recombination,0.8
edge_1258,ETFE,node_0065,node_0677,single_dehydrogenative_recombination,recombination,0.8
edge_1259,ETFE,node_0027,node_0678,single_dehydrogenative_recombination,recombination,0.8
edge_1260,ETFE,node_0067,node_0678,single_dehydrogenative_recombination,recombination,0.8
edge_1261,ETFE,node_0027,node_0679,single_dehydrogenative_recombination,recombination,0.8
edge_1262,ETFE,node_0069,node_0679,single_dehydrogenative_recombination,recombination,0.8
edge_1263,ETFE,node_0027,node_0680,single_dehydrogenative_recombination,recombination,0.8
edge_1264,ETFE,node_0072,node_0680,single_dehydrogenative_recombination,recombination,0.8
edge_1265,ETFE,node_0027,node_0681,single_dehydrogenative_recombination,recombination,0.8
edge_1266,ETFE,node_0074,node_0681,single_dehydrogenative_recombination,recombination,0.8
edge_1267,ETFE,node_0027,node_0682,single_dehydrogenative_recombination,recombination,0.8
edge_1268,ETFE,node_0076,node_0682,single_dehydrogenative_recombination,recombination,0.8
edge_1269,ETFE,node_0027,node_0683,single_dehydrogenative_recombination,recombination,0.8
edge_1270,ETFE,node_0078,node_0683,single_dehydrogenative_recombination,recombination,0.8
edge_1271,ETFE,node_0027,node_0684,single_dehydrogenative_recombination,recombination,0.8
edge_1272,ETFE,node_0082,node_0684,single_dehydrogenative_recombination,recombination,0.8
edge_1273,ETFE,node_0027,node_0685,single_dehydrogenative_recombination,recombination,0.8
edge_1274,ETFE,node_0084,node_0685,single_dehydrogenative_recombination,recombination,0.8
edge_1275,ETFE,node_0027,node_0686,single_dehydrogenative_recombination,recombination,0.8
edge_1276,ETFE,node_0086,node_0686,single_dehydrogenative_recombination,recombination,0.8
edge_1277,ETFE,node_0027,node_0687,single_dehydrogenative_recombination,recombination,0.8
edge_1278,ETFE,node_0088,node_0687,single_dehydrogenative_recombination,recombination,0.8
edge_1279,ETFE,node_0027,node_0688,single_dehydrogenative_recombination,recombination,0.8
edge_1280,ETFE,node_0090,node_0688,single_dehydrogenative_recombination,recombination,0.8
edge_1281,ETFE,node_0027,node_0689,single_dehydrogenative_recombination,recombination,0.8
edge_1282,ETFE,node_0092,node_0689,single_dehydrogenative_recombination,recombination,0.8
edge_1283,ETFE,node_0027,node_0690,single_dehydrogenative_recombination,recombination,0.8
edge_1284,ETFE,node_0094,node_0690,single_dehydrogenative_recombination,recombination,0.8
edge_1285,ETFE,node_0028,node_0691,single_dehydrogenative_recombination,recombination,0.8
edge_1286,ETFE,node_0035,node_0691,single_dehydrogenative_recombination,recombination,0.8
edge_1287,ETFE,node_0028,node_0692,single_dehydrogenative_recombination,recombination,0.8
edge_1288,ETFE,node_0037,node_0692,single_dehydrogenative_recombination,recombination,0.8
edge_1289,ETFE,node_0028,node_0693,single_dehydrogenative_recombination,recombination,0.8
edge_1290,ETFE,node_0039,node_0693,single_dehydrogenative_recombination,recombination,0.8
edge_1291,ETFE,node_0028,node_0694,single_dehydrogenative_recombination,recombination,0.8
edge_1292,ETFE,node_0041,node_0694,single_dehydrogenative_recombination,recombination,0.8
edge_1293,ETFE,node_0028,node_0695,single_dehydrogenative_recombination,recombination,0.8
edge_1294,ETFE,node_0044,node_0695,single_dehydrogenative_recombination,recombination,0.8
edge_1295,ETFE,node_0028,node_0696,single_dehydrogenative_recombination,recombination,0.8
edge_1296,ETFE,node_0047,node_0696,single_dehydrogenative_recombination,recombination,0.8
edge_1297,ETFE,node_0028,node_0697,single_dehydrogenative_recombination,recombination,0.8
edge_1298,ETFE,node_0049,node_0697,single_dehydrogenative_recombination,recombination,0.8
edge_1299,ETFE,node_0028,node_0698,single_dehydrogenative_recombination,recombination,0.8
edge_1300,ETFE,node_0051,node_0698,single_dehydrogenative_recombination,recombination,0.8
edge_1301,ETFE,node_0028,node_0699,single_dehydrogenative_recombination,recombination,0.8
edge_1302,ETFE,node_0054,node_0699,single_dehydrogenative_recombination,recombination,0.8
edge_1303,ETFE,node_0028,node_0700,single_dehydrogenative_recombination,recombination,0.8
edge_1304,ETFE,node_0057,node_0700,single_dehydrogenative_recombination,recombination,0.8
edge_1305,ETFE,node_0028,node_0701,single_dehydrogenative_recombination,recombination,0.8
edge_1306,ETFE,node_0059,node_0701,single_dehydrogenative_recombination,recombination,0.8
edge_1307,ETFE,node_0028,node_0702,single_dehydrogenative_recombination,recombination,0.8
edge_1308,ETFE,node_0061,node_0702,single_dehydrogenative_recombination,recombination,0.8
edge_1309,ETFE,node_0028,node_0703,single_dehydrogenative_recombination,recombination,0.8
edge_1310,ETFE,node_0063,node_0703,single_dehydrogenative_recombination,recombination,0.8
edge_1311,ETFE,node_0028,node_0704,single_dehydrogenative_recombination,recombination,0.8
edge_1312,ETFE,node_0065,node_0704,single_dehydrogenative_recombination,recombination,0.8
edge_1313,ETFE,node_0028,node_0705,single_dehydrogenative_recombination,recombination,0.8
edge_1314,ETFE,node_0067,node_0705,single_dehydrogenative_recombination,recombination,0.8
edge_1315,ETFE,node_0028,node_0706,single_dehydrogenative_recombination,recombination,0.8
edge_1316,ETFE,node_0069,node_0706,single_dehydrogenative_recombination,recombination,0.8
edge_1317,ETFE,node_0028,node_0707,single_dehydrogenative_recombination,recombination,0.8
edge_1318,ETFE,node_0072,node_0707,single_dehydrogenative_recombination,recombination,0.8
edge_1319,ETFE,node_0028,node_0708,single_dehydrogenative_recombination,recombination,0.8
edge_1320,ETFE,node_0074,node_0708,single_dehydrogenative_recombination,recombination,0.8
edge_1321,ETFE,node_0028,node_0709,single_dehydrogenative_recombination,recombination,0.8
edge_1322,ETFE,node_0076,node_0709,single_dehydrogenative_recombination,recombination,0.8
edge_1323,ETFE,node_0028,node_0710,single_dehydrogenative_recombination,recombination,0.8
edge_1324,ETFE,node_0078,node_0710,single_dehydrogenative_recombination,recombination,0.8
edge_1325,ETFE,node_0028,node_0711,single_dehydrogenative_recombination,recombination,0.8
edge_1326,ETFE,node_0080,node_0711,single_dehydrogenative_recombination,recombination,0.8
edge_1327,ETFE,node_0028,node_0712,single_dehydrogenative_recombination,recombination,0.8
edge_1328,ETFE,node_0084,node_0712,single_dehydrogenative_recombination,recombination,0.8
edge_1329,ETFE,node_0028,node_0713,single_dehydrogenative_recombination,recombination,0.8
edge_1330,ETFE,node_0086,node_0713,single_dehydrogenative_recombination,recombination,0.8
edge_1331,ETFE,node_0028,node_0714,single_dehydrogenative_recombination,recombination,0.8
edge_1332,ETFE,node_0088,node_0714,single_dehydrogenative_recombination,recombination,0.8
edge_1333,ETFE,node_0028,node_0715,single_dehydrogenative_recombination,recombination,0.8
edge_1334,ETFE,node_0090,node_0715,single_dehydrogenative_recombination,recombination,0.8
edge_1335,ETFE,node_0028,node_0716,single_dehydrogenative_recombination,recombination,0.8
edge_1336,ETFE,node_0092,node_0716,single_dehydrogenative_recombination,recombination,0.8
edge_1337,ETFE,node_0028,node_0717,single_dehydrogenative_recombination,recombination,0.8
edge_1338,ETFE,node_0094,node_0717,single_dehydrogenative_recombination,recombination,0.8
edge_1339,ETFE,node_0029,node_0718,single_dehydrogenative_recombination,recombination,0.8
edge_1340,ETFE,node_0035,node_0718,single_dehydrogenative_recombination,recombination,0.8
edge_1341,ETFE,node_0029,node_0719,single_dehydrogenative_recombination,recombination,0.8
edge_1342,ETFE,node_0037,node_0719,single_dehydrogenative_recombination,recombination,0.8
edge_1343,ETFE,node_0029,node_0720,single_dehydrogenative_recombination,recombination,0.8
edge_1344,ETFE,node_0039,node_0720,single_dehydrogenative_recombination,recombination,0.8
edge_1345,ETFE,node_0029,node_0721,single_dehydrogenative_recombination,recombination,0.8
edge_1346,ETFE,node_0041,node_0721,single_dehydrogenative_recombination,recombination,0.8
edge_1347,ETFE,node_0029,node_0722,single_dehydrogenative_recombination,recombination,0.8
edge_1348,ETFE,node_0044,node_0722,single_dehydrogenative_recombination,recombination,0.8
edge_1349,ETFE,node_0029,node_0723,single_dehydrogenative_recombination,recombination,0.8
edge_1350,ETFE,node_0047,node_0723,single_dehydrogenative_recombination,recombination,0.8
edge_1351,ETFE,node_0029,node_0724,single_dehydrogenative_recombination,recombination,0.8
edge_1352,ETFE,node_0049,node_0724,single_dehydrogenative_recombination,recombination,0.8
edge_1353,ETFE,node_0029,node_0725,single_dehydrogenative_recombination,recombination,0.8
edge_1354,ETFE,node_0051,node_0725,single_dehydrogenative_recombination,recombination,0.8
edge_1355,ETFE,node_0029,node_0726,single_dehydrogenative_recombination,recombination,0.8
edge_1356,ETFE,node_0054,node_0726,single_dehydrogenative_recombination,recombination,0.8
edge_1357,ETFE,node_0029,node_0727,single_dehydrogenative_recombination,recombination,0.8
edge_1358,ETFE,node_0057,node_0727,single_dehydrogenative_recombination,recombination,0.8
edge_1359,ETFE,node_0029,node_0728,single_dehydrogenative_recombination,recombination,0.8
edge_1360,ETFE,node_0059,node_0728,single_dehydrogenative_recombination,recombination,0.8
edge_1361,ETFE,node_0029,node_0729,single_dehydrogenative_recombination,recombination,0.8
edge_1362,ETFE,node_0061,node_0729,single_dehydrogenative_recombination,recombination,0.8
edge_1363,ETFE,node_0029,node_0730,single_dehydrogenative_recombination,recombination,0.8
edge_1364,ETFE,node_0063,node_0730,single_dehydrogenative_recombination,recombination,0.8
edge_1365,ETFE,node_0029,node_0731,single_dehydrogenative_recombination,recombination,0.8
edge_1366,ETFE,node_0065,node_0731,single_dehydrogenative_recombination,recombination,0.8
edge_1367,ETFE,node_0029,node_0732,single_dehydrogenative_recombination,recombination,0.8
edge_1368,ETFE,node_0067,node_0732,single_dehydrogenative_recombination,recombination,0.8
edge_1369,ETFE,node_0029,node_0733,single_dehydrogenative_recombination,recombination,0.8
edge_1370,ETFE,node_0069,node_0733,single_dehydrogenative_recombination,recombination,0.8
edge_1371,ETFE,node_0029,node_0734,single_dehydrogenative_recombination,recombination,0.8
edge_1372,ETFE,node_0072,node_0734,single_dehydrogenative_recombination,recombination,0.8
edge_1373,ETFE,node_0029,node_0735,single_dehydrogenative_recombination,recombination,0.8
edge_1374,ETFE,node_0074,node_0735,single_dehydrogenative_recombination,recombination,0.8
edge_1375,ETFE,node_0029,node_0736,single_dehydrogenative_recombination,recombination,0.8
edge_1376,ETFE,node_0076,node_0736,single_dehydrogenative_recombination,recombination,0.8
edge_1377,ETFE,node_0029,node_0737,single_dehydrogenative_recombination,recombination,0.8
edge_1378,ETFE,node_0078,node_0737,single_dehydrogenative_recombination,recombination,0.8
edge_1379,ETFE,node_0029,node_0738,single_dehydrogenative_recombination,recombination,0.8
edge_1380,ETFE,node_0080,node_0738,single_dehydrogenative_recombination,recombination,0.8
edge_1381,ETFE,node_0029,node_0739,single_dehydrogenative_recombination,recombination,0.8
edge_1382,ETFE,node_0082,node_0739,single_dehydrogenative_recombination,recombination,0.8
edge_1383,ETFE,node_0029,node_0740,single_dehydrogenative_recombination,recombination,0.8
edge_1384,ETFE,node_0086,node_0740,single_dehydrogenative_recombination,recombination,0.8
edge_1385,ETFE,node_0029,node_0741,single_dehydrogenative_recombination,recombination,0.8
edge_1386,ETFE,node_0088,node_0741,single_dehydrogenative_recombination,recombination,0.8
edge_1387,ETFE,node_0029,node_0742,single_dehydrogenative_recombination,recombination,0.8
edge_1388,ETFE,node_0090,node_0742,single_dehydrogenative_recombination,recombination,0.8
edge_1389,ETFE,node_0029,node_0743,single_dehydrogenative_recombination,recombination,0.8
edge_1390,ETFE,node_0092,node_0743,single_dehydrogenative_recombination,recombination,0.8
edge_1391,ETFE,node_0029,node_0744,single_dehydrogenative_recombination,recombination,0.8
edge_1392,ETFE,node_0094,node_0744,single_dehydrogenative_recombination,recombination,0.8
edge_1393,ETFE,node_0030,node_0745,single_dehydrogenative_recombination,recombination,0.8
edge_1394,ETFE,node_0035,node_0745,single_dehydrogenative_recombination,recombination,0.8
edge_1395,ETFE,node_0030,node_0746,single_dehydrogenative_recombination,recombination,0.8
edge_1396,ETFE,node_0037,node_0746,single_dehydrogenative_recombination,recombination,0.8
edge_1397,ETFE,node_0030,node_0747,single_dehydrogenative_recombination,recombination,0.8
edge_1398,ETFE,node_0039,node_0747,single_dehydrogenative_recombination,recombination,0.8
edge_1399,ETFE,node_0030,node_0748,single_dehydrogenative_recombination,recombination,0.8
edge_1400,ETFE,node_0041,node_0748,single_dehydrogenative_recombination,recombination,0.8
edge_1401,ETFE,node_0030,node_0749,single_dehydrogenative_recombination,recombination,0.8
edge_1402,ETFE,node_0044,node_0749,single_dehydrogenative_recombination,recombination,0.8
edge_1403,ETFE,node_0030,node_0750,single_dehydrogenative_recombination,recombination,0.8
edge_1404,ETFE,node_0047,node_0750,single_dehydrogenative_recombination,recombination,0.8
edge_1405,ETFE,node_0030,node_0751,single_dehydrogenative_recombination,recombination,0.8
edge_1406,ETFE,node_0049,node_0751,single_dehydrogenative_recombination,recombination,0.8
edge_1407,ETFE,node_0030,node_0752,single_dehydrogenative_recombination,recombination,0.8
edge_1408,ETFE,node_0051,node_0752,single_dehydrogenative_recombination,recombination,0.8
edge_1409,ETFE,node_0030,node_0753,single_dehydrogenative_recombination,recombination,0.8
edge_1410,ETFE,node_0054,node_0753,single_dehydrogenative_recombination,recombination,0.8
edge_1411,ETFE,node_0030,node_0754,single_dehydrogenative_recombination,recombination,0.8
edge_1412,ETFE,node_0057,node_0754,single_dehydrogenative_recombination,recombination,0.8
edge_1413,ETFE,node_0030,node_0755,single_dehydrogenative_recombination,recombination,0.8
edge_1414,ETFE,node_0059,node_0755,single_dehydrogenative_recombination,recombination,0.8
edge_1415,ETFE,node_0030,node_0756,single_dehydrogenative_recombination,recombination,0.8
edge_1416,ETFE,node_0061,node_0756,single_dehydrogenative_recombination,recombination,0.8
edge_1417,ETFE,node_0030,node_0757,single_dehydrogenative_recombination,recombination,0.8
edge_1418,ETFE,node_0063,node_0757,single_dehydrogenative_recombination,recombination,0.8
edge_1419,ETFE,node_0030,node_0758,single_dehydrogenative_recombination,recombination,0.8
edge_1420,ETFE,node_0065,node_0758,single_dehydrogenative_recombination,recombination,0.8
edge_1421,ETFE,node_0030,node_0759,single_dehydrogenative_recombination,recombination,0.8
edge_1422,ETFE,node_0067,node_0759,single_dehydrogenative_recombination,recombination,0.8
edge_1423,ETFE,node_0030,node_0760,single_dehydrogenative_recombination,recombination,0.8
edge_1424,ETFE,node_0069,node_0760,single_dehydrogenative_recombination,recombination,0.8
edge_1425,ETFE,node_0030,node_0761,single_dehydrogenative_recombination,recombination,0.8
edge_1426,ETFE,node_0072,node_0761,single_dehydrogenative_recombination,recombination,0.8
edge_1427,ETFE,node_0030,node_0762,single_dehydrogenative_recombination,recombination,0.8
edge_1428,ETFE,node_0074,node_0762,single_dehydrogenative_recombination,recombination,0.8
edge_1429,ETFE,node_0030,node_0763,single_dehydrogenative_recombination,recombination,0.8
edge_1430,ETFE,node_0076,node_0763,single_dehydrogenative_recombination,recombination,0.8
edge_1431,ETFE,node_0030,node_0764,single_dehydrogenative_recombination,recombination,0.8
edge_1432,ETFE,node_0078,node_0764,single_dehydrogenative_recombination,recombination,0.8
edge_1433,ETFE,node_0030,node_0765,single_dehydrogenative_recombination,recombination,0.8
edge_1434,ETFE,node_0080,node_0765,single_dehydrogenative_recombination,recombination,0.8
edge_1435,ETFE,node_0030,node_0766,single_dehydrogenative_recombination,recombination,0.8
edge_1436,ETFE,node_0082,node_0766,single_dehydrogenative_recombination,recombination,0.8
edge_1437,ETFE,node_0030,node_0767,single_dehydrogenative_recombination,recombination,0.8
edge_1438,ETFE,node_0084,node_0767,single_dehydrogenative_recombination,recombination,0.8
edge_1439,ETFE,node_0030,node_0768,single_dehydrogenative_recombination,recombination,0.8
edge_1440,ETFE,node_0088,node_0768,single_dehydrogenative_recombination,recombination,0.8
edge_1441,ETFE,node_0030,node_0769,single_dehydrogenative_recombination,recombination,0.8
edge_1442,ETFE,node_0090,node_0769,single_dehydrogenative_recombination,recombination,0.8
edge_1443,ETFE,node_0030,node_0770,single_dehydrogenative_recombination,recombination,0.8
edge_1444,ETFE,node_0092,node_0770,single_dehydrogenative_recombination,recombination,0.8
edge_1445,ETFE,node_0030,node_0771,single_dehydrogenative_recombination,recombination,0.8
edge_1446,ETFE,node_0094,node_0771,single_dehydrogenative_recombination,recombination,0.8
edge_1447,ETFE,node_0031,node_0772,single_dehydrogenative_recombination,recombination,0.8
edge_1448,ETFE,node_0035,node_0772,single_dehydrogenative_recombination,recombination,0.8
edge_1449,ETFE,node_0031,node_0773,single_dehydrogenative_recombination,recombination,0.8
edge_1450,ETFE,node_0037,node_0773,single_dehydrogenative_recombination,recombination,0.8
edge_1451,ETFE,node_0031,node_0774,single_dehydrogenative_recombination,recombination,0.8
edge_1452,ETFE,node_0039,node_0774,single_dehydrogenative_recombination,recombination,0.8
edge_1453,ETFE,node_0031,node_0775,single_dehydrogenative_recombination,recombination,0.8
edge_1454,ETFE,node_0041,node_0775,single_dehydrogenative_recombination,recombination,0.8
edge_1455,ETFE,node_0031,node_0776,single_dehydrogenative_recombination,recombination,0.8
edge_1456,ETFE,node_0044,node_0776,single_dehydrogenative_recombination,recombination,0.8
edge_1457,ETFE,node_0031,node_0777,single_dehydrogenative_recombination,recombination,0.8
edge_1458,ETFE,node_0047,node_0777,single_dehydrogenative_recombination,recombination,0.8
edge_1459,ETFE,node_0031,node_0778,single_dehydrogenative_recombination,recombination,0.8
edge_1460,ETFE,node_0049,node_0778,single_dehydrogenative_recombination,recombination,0.8
edge_1461,ETFE,node_0031,node_0779,single_dehydrogenative_recombination,recombination,0.8
edge_1462,ETFE,node_0051,node_0779,single_dehydrogenative_recombination,recombination,0.8
edge_1463,ETFE,node_0031,node_0780,single_dehydrogenative_recombination,recombination,0.8
edge_1464,ETFE,node_0054,node_0780,single_dehydrogenative_recombination,recombination,0.8
edge_1465,ETFE,node_0031,node_0781,single_dehydrogenative_recombination,recombination,0.8
edge_1466,ETFE,node_0057,node_0781,single_dehydrogenative_recombination,recombination,0.8
edge_1467,ETFE,node_0031,node_0782,single_dehydrogenative_recombination,recombination,0.8
edge_1468,ETFE,node_0059,node_0782,single_dehydrogenative_recombination,recombination,0.8
edge_1469,ETFE,node_0031,node_0783,single_dehydrogenative_recombination,recombination,0.8
edge_1470,ETFE,node_0061,node_0783,single_dehydrogenative_recombination,recombination,0.8
edge_1471,ETFE,node_0031,node_0784,single_dehydrogenative_recombination,recombination,0.8
edge_1472,ETFE,node_0063,node_0784,single_dehydrogenative_recombination,recombination,0.8
edge_1473,ETFE,node_0031,node_0785,single_dehydrogenative_recombination,recombination,0.8
edge_1474,ETFE,node_0065,node_0785,single_dehydrogenative_recombination,recombination,0.8
edge_1475,ETFE,node_0031,node_0786,single_dehydrogenative_recombination,recombination,0.8
edge_1476,ETFE,node_0067,node_0786,single_dehydrogenative_recombination,recombination,0.8
edge_1477,ETFE,node_0031,node_0787,single_dehydrogenative_recombination,recombination,0.8
edge_1478,ETFE,node_0069,node_0787,single_dehydrogenative_recombination,recombination,0.8
edge_1479,ETFE,node_0031,node_0788,single_dehydrogenative_recombination,recombination,0.8
edge_1480,ETFE,node_0072,node_0788,single_dehydrogenative_recombination,recombination,0.8
edge_1481,ETFE,node_0031,node_0789,single_dehydrogenative_recombination,recombination,0.8
edge_1482,ETFE,node_0074,node_0789,single_dehydrogenative_recombination,recombination,0.8
edge_1483,ETFE,node_0031,node_0790,single_dehydrogenative_recombination,recombination,0.8
edge_1484,ETFE,node_0076,node_0790,single_dehydrogenative_recombination,recombination,0.8
edge_1485,ETFE,node_0031,node_0791,single_dehydrogenative_recombination,recombination,0.8
edge_1486,ETFE,node_0078,node_0791,single_dehydrogenative_recombination,recombination,0.8
edge_1487,ETFE,node_0031,node_0792,single_dehydrogenative_recombination,recombination,0.8
edge_1488,ETFE,node_0080,node_0792,single_dehydrogenative_recombination,recombination,0.8
edge_1489,ETFE,node_0031,node_0793,single_dehydrogenative_recombination,recombination,0.8
edge_1490,ETFE,node_0082,node_0793,single_dehydrogenative_recombination,recombination,0.8
edge_1491,ETFE,node_0031,node_0794,single_dehydrogenative_recombination,recombination,0.8
edge_1492,ETFE,node_0084,node_0794,single_dehydrogenative_recombination,recombination,0.8
edge_1493,ETFE,node_0031,node_0795,single_dehydrogenative_recombination,recombination,0.8
edge_1494,ETFE,node_0086,node_0795,single_dehydrogenative_recombination,recombination,0.8
edge_1495,ETFE,node_0031,node_0796,single_dehydrogenative_recombination,recombination,0.8
edge_1496,ETFE,node_0090,node_0796,single_dehydrogenative_recombination,recombination,0.8
edge_1497,ETFE,node_0031,node_0797,single_dehydrogenative_recombination,recombination,0.8
edge_1498,ETFE,node_0092,node_0797,single_dehydrogenative_recombination,recombination,0.8
edge_1499,ETFE,node_0031,node_0798,single_dehydrogenative_recombination,recombination,0.8
edge_1500,ETFE,node_0094,node_0798,single_dehydrogenative_recombination,recombination,0.8
edge_1501,ETFE,node_0032,node_0799,single_dehydrogenative_recombination,recombination,0.8
edge_1502,ETFE,node_0035,node_0799,single_dehydrogenative_recombination,recombination,0.8
edge_1503,ETFE,node_0032,node_0800,single_dehydrogenative_recombination,recombination,0.8
edge_1504,ETFE,node_0037,node_0800,single_dehydrogenative_recombination,recombination,0.8
edge_1505,ETFE,node_0032,node_0801,single_dehydrogenative_recombination,recombination,0.8
edge_1506,ETFE,node_0039,node_0801,single_dehydrogenative_recombination,recombination,0.8
edge_1507,ETFE,node_0032,node_0802,single_dehydrogenative_recombination,recombination,0.8
edge_1508,ETFE,node_0041,node_0802,single_dehydrogenative_recombination,recombination,0.8
edge_1509,ETFE,node_0032,node_0803,single_dehydrogenative_recombination,recombination,0.8
edge_1510,ETFE,node_0044,node_0803,single_dehydrogenative_recombination,recombination,0.8
edge_1511,ETFE,node_0032,node_0804,single_dehydrogenative_recombination,recombination,0.8
edge_1512,ETFE,node_0047,node_0804,single_dehydrogenative_recombination,recombination,0.8
edge_1513,ETFE,node_0032,node_0805,single_dehydrogenative_recombination,recombination,0.8
edge_1514,ETFE,node_0049,node_0805,single_dehydrogenative_recombination,recombination,0.8
edge_1515,ETFE,node_0032,node_0806,single_dehydrogenative_recombination,recombination,0.8
edge_1516,ETFE,node_0051,node_0806,single_dehydrogenative_recombination,recombination,0.8
edge_1517,ETFE,node_0032,node_0807,single_dehydrogenative_recombination,recombination,0.8
edge_1518,ETFE,node_0054,node_0807,single_dehydrogenative_recombination,recombination,0.8
edge_1519,ETFE,node_0032,node_0808,single_dehydrogenative_recombination,recombination,0.8
edge_1520,ETFE,node_0057,node_0808,single_dehydrogenative_recombination,recombination,0.8
edge_1521,ETFE,node_0032,node_0809,single_dehydrogenative_recombination,recombination,0.8
edge_1522,ETFE,node_0059,node_0809,single_dehydrogenative_recombination,recombination,0.8
edge_1523,ETFE,node_0032,node_0810,single_dehydrogenative_recombination,recombination,0.8
edge_1524,ETFE,node_0061,node_0810,single_dehydrogenative_recombination,recombination,0.8
edge_1525,ETFE,node_0032,node_0811,single_dehydrogenative_recombination,recombination,0.8
edge_1526,ETFE,node_0063,node_0811,single_dehydrogenative_recombination,recombination,0.8
edge_1527,ETFE,node_0032,node_0812,single_dehydrogenative_recombination,recombination,0.8
edge_1528,ETFE,node_0065,node_0812,single_dehydrogenative_recombination,recombination,0.8
edge_1529,ETFE,node_0032,node_0813,single_dehydrogenative_recombination,recombination,0.8
edge_1530,ETFE,node_0067,node_0813,single_dehydrogenative_recombination,recombination,0.8
edge_1531,ETFE,node_0032,node_0814,single_dehydrogenative_recombination,recombination,0.8
edge_1532,ETFE,node_0069,node_0814,single_dehydrogenative_recombination,recombination,0.8
edge_1533,ETFE,node_0032,node_0815,single_dehydrogenative_recombination,recombination,0.8
edge_1534,ETFE,node_0072,node_0815,single_dehydrogenative_recombination,recombination,0.8
edge_1535,ETFE,node_0032,node_0816,single_dehydrogenative_recombination,recombination,0.8
edge_1536,ETFE,node_0074,node_0816,single_dehydrogenative_recombination,recombination,0.8
edge_1537,ETFE,node_0032,node_0817,single_dehydrogenative_recombination,recombination,0.8
edge_1538,ETFE,node_0076,node_0817,single_dehydrogenative_recombination,recombination,0.8
edge_1539,ETFE,node_0032,node_0818,single_dehydrogenative_recombination,recombination,0.8
edge_1540,ETFE,node_0078,node_0818,single_dehydrogenative_recombination,recombination,0.8
edge_1541,ETFE,node_0032,node_0819,single_dehydrogenative_recombination,recombination,0.8
edge_1542,ETFE,node_0080,node_0819,single_dehydrogenative_recombination,recombination,0.8
edge_1543,ETFE,node_0032,node_0820,single_dehydrogenative_recombination,recombination,0.8
edge_1544,ETFE,node_0082,node_0820,single_dehydrogenative_recombination,recombination,0.8
edge_1545,ETFE,node_0032,node_0821,single_dehydrogenative_recombination,recombination,0.8
edge_1546,ETFE,node_0084,node_0821,single_dehydrogenative_recombination,recombination,0.8
edge_1547,ETFE,node_0032,node_0822,single_dehydrogenative_recombination,recombination,0.8
edge_1548,ETFE,node_0086,node_0822,single_dehydrogenative_recombination,recombination,0.8
edge_1549,ETFE,node_0032,node_0823,single_dehydrogenative_recombination,recombination,0.8
edge_1550,ETFE,node_0088,node_0823,single_dehydrogenative_recombination,recombination,0.8
edge_1551,ETFE,node_0032,node_0824,single_dehydrogenative_recombination,recombination,0.8
edge_1552,ETFE,node_0092,node_0824,single_dehydrogenative_recombination,recombination,0.8
edge_1553,ETFE,node_0032,node_0825,single_dehydrogenative_recombination,recombination,0.8
edge_1554,ETFE,node_0094,node_0825,single_dehydrogenative_recombination,recombination,0.8
edge_1555,ETFE,node_0033,node_0826,single_dehydrogenative_recombination,recombination,0.8
edge_1556,ETFE,node_0035,node_0826,single_dehydrogenative_recombination,recombination,0.8
edge_1557,ETFE,node_0033,node_0827,single_dehydrogenative_recombination,recombination,0.8
edge_1558,ETFE,node_0037,node_0827,single_dehydrogenative_recombination,recombination,0.8
edge_1559,ETFE,node_0033,node_0828,single_dehydrogenative_recombination,recombination,0.8
edge_1560,ETFE,node_0039,node_0828,single_dehydrogenative_recombination,recombination,0.8
edge_1561,ETFE,node_0033,node_0829,single_dehydrogenative_recombination,recombination,0.8
edge_1562,ETFE,node_0041,node_0829,single_dehydrogenative_recombination,recombination,0.8
edge_1563,ETFE,node_0033,node_0830,single_dehydrogenative_recombination,recombination,0.8
edge_1564,ETFE,node_0044,node_0830,single_dehydrogenative_recombination,recombination,0.8
edge_1565,ETFE,node_0033,node_0831,single_dehydrogenative_recombination,recombination,0.8
edge_1566,ETFE,node_0047,node_0831,single_dehydrogenative_recombination,recombination,0.8
edge_1567,ETFE,node_0033,node_0832,single_dehydrogenative_recombination,recombination,0.8
edge_1568,ETFE,node_0049,node_0832,single_dehydrogenative_recombination,recombination,0.8
edge_1569,ETFE,node_0033,node_0833,single_dehydrogenative_recombination,recombination,0.8
edge_1570,ETFE,node_0051,node_0833,single_dehydrogenative_recombination,recombination,0.8
edge_1571,ETFE,node_0033,node_0834,single_dehydrogenative_recombination,recombination,0.8
edge_1572,ETFE,node_0054,node_0834,single_dehydrogenative_recombination,recombination,0.8
edge_1573,ETFE,node_0033,node_0835,single_dehydrogenative_recombination,recombination,0.8
edge_1574,ETFE,node_0057,node_0835,single_dehydrogenative_recombination,recombination,0.8
edge_1575,ETFE,node_0033,node_0836,single_dehydrogenative_recombination,recombination,0.8
edge_1576,ETFE,node_0059,node_0836,single_dehydrogenative_recombination,recombination,0.8
edge_1577,ETFE,node_0033,node_0837,single_dehydrogenative_recombination,recombination,0.8
edge_1578,ETFE,node_0061,node_0837,single_dehydrogenative_recombination,recombination,0.8
edge_1579,ETFE,node_0033,node_0838,single_dehydrogenative_recombination,recombination,0.8
edge_1580,ETFE,node_0063,node_0838,single_dehydrogenative_recombination,recombination,0.8
edge_1581,ETFE,node_0033,node_0839,single_dehydrogenative_recombination,recombination,0.8
edge_1582,ETFE,node_0065,node_0839,single_dehydrogenative_recombination,recombination,0.8
edge_1583,ETFE,node_0033,node_0840,single_dehydrogenative_recombination,recombination,0.8
edge_1584,ETFE,node_0067,node_0840,single_dehydrogenative_recombination,recombination,0.8
edge_1585,ETFE,node_0033,node_0841,single_dehydrogenative_recombination,recombination,0.8
edge_1586,ETFE,node_0069,node_0841,single_dehydrogenative_recombination,recombination,0.8
edge_1587,ETFE,node_0033,node_0842,single_dehydrogenative_recombination,recombination,0.8
edge_1588,ETFE,node_0072,node_0842,single_dehydrogenative_recombination,recombination,0.8
edge_1589,ETFE,node_0033,node_0843,single_dehydrogenative_recombination,recombination,0.8
edge_1590,ETFE,node_0074,node_0843,single_dehydrogenative_recombination,recombination,0.8
edge_1591,ETFE,node_0033,node_0844,single_dehydrogenative_recombination,recombination,0.8
edge_1592,ETFE,node_0076,node_0844,single_dehydrogenative_recombination,recombination,0.8
edge_1593,ETFE,node_0033,node_0845,single_dehydrogenative_recombination,recombination,0.8
edge_1594,ETFE,node_0078,node_0845,single_dehydrogenative_recombination,recombination,0.8
edge_1595,ETFE,node_0033,node_0846,single_dehydrogenative_recombination,recombination,0.8
edge_1596,ETFE,node_0080,node_0846,single_dehydrogenative_recombination,recombination,0.8
edge_1597,ETFE,node_0033,node_0847,single_dehydrogenative_recombination,recombination,0.8
edge_1598,ETFE,node_0082,node_0847,single_dehydrogenative_recombination,recombination,0.8
edge_1599,ETFE,node_0033,node_0848,single_dehydrogenative_recombination,recombination,0.8
edge_1600,ETFE,node_0084,node_0848,single_dehydrogenative_recombination,recombination,0.8
edge_1601,ETFE,node_0033,node_0849,single_dehydrogenative_recombination,recombination,0.8
edge_1602,ETFE,node_0086,node_0849,single_dehydrogenative_recombination,recombination,0.8
edge_1603,ETFE,node_0033,node_0850,single_dehydrogenative_recombination,recombination,0.8
edge_1604,ETFE,node_0088,node_0850,single_dehydrogenative_recombination,recombination,0.8
edge_1605,ETFE,node_0033,node_0851,single_dehydrogenative_recombination,recombination,0.8
edge_1606,ETFE,node_0090,node_0851,single_dehydrogenative_recombination,recombination,0.8
edge_1607,ETFE,node_0033,node_0852,single_dehydrogenative_recombination,recombination,0.8
edge_1608,ETFE,node_0094,node_0852,single_dehydrogenative_recombination,recombination,0.8
edge_1609,ETFE,node_0034,node_0853,single_dehydrogenative_recombination,recombination,0.8
edge_1610,ETFE,node_0035,node_0853,single_dehydrogenative_recombination,recombination,0.8
edge_1611,ETFE,node_0034,node_0854,single_dehydrogenative_recombination,recombination,0.8
edge_1612,ETFE,node_0037,node_0854,single_dehydrogenative_recombination,recombination,0.8
edge_1613,ETFE,node_0034,node_0855,single_dehydrogenative_recombination,recombination,0.8
edge_1614,ETFE,node_0039,node_0855,single_dehydrogenative_recombination,recombination,0.8
edge_1615,ETFE,node_0034,node_0856,single_dehydrogenative_recombination,recombination,0.8
edge_1616,ETFE,node_0041,node_0856,single_dehydrogenative_recombination,recombination,0.8
edge_1617,ETFE,node_0034,node_0857,single_dehydrogenative_recombination,recombination,0.8
edge_1618,ETFE,node_0044,node_0857,single_dehydrogenative_recombination,recombination,0.8
edge_1619,ETFE,node_0034,node_0858,single_dehydrogenative_recombination,recombination,0.8
edge_1620,ETFE,node_0047,node_0858,single_dehydrogenative_recombination,recombination,0.8
edge_1621,ETFE,node_0034,node_0859,single_dehydrogenative_recombination,recombination,0.8
edge_1622,ETFE,node_0049,node_0859,single_dehydrogenative_recombination,recombination,0.8
edge_1623,ETFE,node_0034,node_0860,single_dehydrogenative_recombination,recombination,0.8
edge_1624,ETFE,node_0051,node_0860,single_dehydrogenative_recombination,recombination,0.8
edge_1625,ETFE,node_0034,node_0861,single_dehydrogenative_recombination,recombination,0.8
edge_1626,ETFE,node_0054,node_0861,single_dehydrogenative_recombination,recombination,0.8
edge_1627,ETFE,node_0034,node_0862,single_dehydrogenative_recombination,recombination,0.8
edge_1628,ETFE,node_0057,node_0862,single_dehydrogenative_recombination,recombination,0.8
edge_1629,ETFE,node_0034,node_0863,single_dehydrogenative_recombination,recombination,0.8
edge_1630,ETFE,node_0059,node_0863,single_dehydrogenative_recombination,recombination,0.8
edge_1631,ETFE,node_0034,node_0864,single_dehydrogenative_recombination,recombination,0.8
edge_1632,ETFE,node_0061,node_0864,single_dehydrogenative_recombination,recombination,0.8
edge_1633,ETFE,node_0034,node_0865,single_dehydrogenative_recombination,recombination,0.8
edge_1634,ETFE,node_0063,node_0865,single_dehydrogenative_recombination,recombination,0.8
edge_1635,ETFE,node_0034,node_0866,single_dehydrogenative_recombination,recombination,0.8
edge_1636,ETFE,node_0065,node_0866,single_dehydrogenative_recombination,recombination,0.8
edge_1637,ETFE,node_0034,node_0867,single_dehydrogenative_recombination,recombination,0.8
edge_1638,ETFE,node_0067,node_0867,single_dehydrogenative_recombination,recombination,0.8
edge_1639,ETFE,node_0034,node_0868,single_dehydrogenative_recombination,recombination,0.8
edge_1640,ETFE,node_0069,node_0868,single_dehydrogenative_recombination,recombination,0.8
edge_1641,ETFE,node_0034,node_0869,single_dehydrogenative_recombination,recombination,0.8
edge_1642,ETFE,node_0072,node_0869,single_dehydrogenative_recombination,recombination,0.8
edge_1643,ETFE,node_0034,node_0870,single_dehydrogenative_recombination,recombination,0.8
edge_1644,ETFE,node_0074,node_0870,single_dehydrogenative_recombination,recombination,0.8
edge_1645,ETFE,node_0034,node_0871,single_dehydrogenative_recombination,recombination,0.8
edge_1646,ETFE,node_0076,node_0871,single_dehydrogenative_recombination,recombination,0.8
edge_1647,ETFE,node_0034,node_0872,single_dehydrogenative_recombination,recombination,0.8
edge_1648,ETFE,node_0078,node_0872,single_dehydrogenative_recombination,recombination,0.8
edge_1649,ETFE,node_0034,node_0873,single_dehydrogenative_recombination,recombination,0.8
edge_1650,ETFE,node_0080,node_0873,single_dehydrogenative_recombination,recombination,0.8
edge_1651,ETFE,node_0034,node_0874,single_dehydrogenative_recombination,recombination,0.8
edge_1652,ETFE,node_0082,node_0874,single_dehydrogenative_recombination,recombination,0.8
edge_1653,ETFE,node_0034,node_0875,single_dehydrogenative_recombination,recombination,0.8
edge_1654,ETFE,node_0084,node_0875,single_dehydrogenative_recombination,recombination,0.8
edge_1655,ETFE,node_0034,node_0876,single_dehydrogenative_recombination,recombination,0.8
edge_1656,ETFE,node_0086,node_0876,single_dehydrogenative_recombination,recombination,0.8
edge_1657,ETFE,node_0034,node_0877,single_dehydrogenative_recombination,recombination,0.8
edge_1658,ETFE,node_0088,node_0877,single_dehydrogenative_recombination,recombination,0.8
edge_1659,ETFE,node_0034,node_0878,single_dehydrogenative_recombination,recombination,0.8
edge_1660,ETFE,node_0090,node_0878,single_dehydrogenative_recombination,recombination,0.8
edge_1661,ETFE,node_0034,node_0879,single_dehydrogenative_recombination,recombination,0.8
edge_1662,ETFE,node_0092,node_0879,single_dehydrogenative_recombination,recombination,0.8
edge_1663,ETFE,node_0035,node_0880,dehydrogenative_coupling,recombination,0.8
edge_1664,ETFE,node_0037,node_0880,dehydrogenative_coupling,recombination,0.8
edge_1665,ETFE,node_0035,node_0881,h_transfer_recombination,recombination,0.8
edge_1666,ETFE,node_0038,node_0881,h_transfer_recombination,recombination,0.8
edge_1667,ETFE,node_0035,node_0882,dehydrogenative_coupling,recombination,0.8
edge_1668,ETFE,node_0039,node_0882,dehydrogenative_coupling,recombination,0.8
edge_1669,ETFE,node_0035,node_0883,h_transfer_recombination,recombination,0.8
edge_1670,ETFE,node_0040,node_0883,h_transfer_recombination,recombination,0.8
edge_1671,ETFE,node_0035,node_0884,dehydrogenative_coupling,recombination,0.8
edge_1672,ETFE,node_0041,node_0884,dehydrogenative_coupling,recombination,0.8
edge_1673,ETFE,node_0035,node_0885,h_transfer_recombination,recombination,0.8
edge_1674,ETFE,node_0042,node_0885,h_transfer_recombination,recombination,0.8
edge_1675,ETFE,node_0035,node_0886,dehydrogenative_coupling,recombination,0.8
edge_1676,ETFE,node_0044,node_0886,dehydrogenative_coupling,recombination,0.8
edge_1677,ETFE,node_0035,node_0887,h_transfer_recombination,recombination,0.8
edge_1678,ETFE,node_0045,node_0887,h_transfer_recombination,recombination,0.8
edge_1679,ETFE,node_0035,node_0888,dehydrogenative_coupling,recombination,0.8
edge_1680,ETFE,node_0047,node_0888,dehydrogenative_coupling,recombination,0.8
edge_1681,ETFE,node_0035,node_0889,h_transfer_recombination,recombination,0.8
edge_1682,ETFE,node_0048,node_0889,h_transfer_recombination,recombination,0.8
edge_1683,ETFE,node_0035,node_0890,dehydrogenative_coupling,recombination,0.8
edge_1684,ETFE,node_0049,node_0890,dehydrogenative_coupling,recombination,0.8
edge_1685,ETFE,node_0035,node_0891,h_transfer_recombination,recombination,0.8
edge_1686,ETFE,node_0050,node_0891,h_transfer_recombination,recombination,0.8
edge_1687,ETFE,node_0035,node_0892,dehydrogenative_coupling,recombination,0.8
edge_1688,ETFE,node_0051,node_0892,dehydrogenative_coupling,recombination,0.8
edge_1689,ETFE,node_0035,node_0893,h_transfer_recombination,recombination,0.8
edge_1690,ETFE,node_0052,node_0893,h_transfer_recombination,recombination,0.8
edge_1691,ETFE,node_0035,node_0894,dehydrogenative_coupling,recombination,0.8
edge_1692,ETFE,node_0054,node_0894,dehydrogenative_coupling,recombination,0.8
edge_1693,ETFE,node_0035,node_0895,h_transfer_recombination,recombination,0.8
edge_1694,ETFE,node_0055,node_0895,h_transfer_recombination,recombination,0.8
edge_1695,ETFE,node_0035,node_0896,dehydrogenative_coupling,recombination,0.8
edge_1696,ETFE,node_0057,node_0896,dehydrogenative_coupling,recombination,0.8
edge_1697,ETFE,node_0035,node_0897,h_transfer_recombination,recombination,0.8
edge_1698,ETFE,node_0058,node_0897,h_transfer_recombination,recombination,0.8
edge_1699,ETFE,node_0035,node_0898,dehydrogenative_coupling,recombination,0.8
edge_1700,ETFE,node_0059,node_0898,dehydrogenative_coupling,recombination,0.8
edge_1701,ETFE,node_0035,node_0899,h_transfer_recombination,recombination,0.8
edge_1702,ETFE,node_0060,node_0899,h_transfer_recombination,recombination,0.8
edge_1703,ETFE,node_0035,node_0900,dehydrogenative_coupling,recombination,0.8
edge_1704,ETFE,node_0061,node_0900,dehydrogenative_coupling,recombination,0.8
edge_1705,ETFE,node_0035,node_0901,h_transfer_recombination,recombination,0.8
edge_1706,ETFE,node_0062,node_0901,h_transfer_recombination,recombination,0.8
edge_1707,ETFE,node_0035,node_0902,dehydrogenative_coupling,recombination,0.8
edge_1708,ETFE,node_0063,node_0902,dehydrogenative_coupling,recombination,0.8
edge_1709,ETFE,node_0035,node_0903,h_transfer_recombination,recombination,0.8
edge_1710,ETFE,node_0064,node_0903,h_transfer_recombination,recombination,0.8
edge_1711,ETFE,node_0035,node_0904,dehydrogenative_coupling,recombination,0.8
edge_1712,ETFE,node_0065,node_0904,dehydrogenative_coupling,recombination,0.8
edge_1713,ETFE,node_0035,node_0905,h_transfer_recombination,recombination,0.8
edge_1714,ETFE,node_0066,node_0905,h_transfer_recombination,recombination,0.8
edge_1715,ETFE,node_0035,node_0906,dehydrogenative_coupling,recombination,0.8
edge_1716,ETFE,node_0067,node_0906,dehydrogenative_coupling,recombination,0.8
edge_1717,ETFE,node_0035,node_0907,h_transfer_recombination,recombination,0.8
edge_1718,ETFE,node_0068,node_0907,h_transfer_recombination,recombination,0.8
edge_1719,ETFE,node_0035,node_0908,dehydrogenative_coupling,recombination,0.8
edge_1720,ETFE,node_0069,node_0908,dehydrogenative_coupling,recombination,0.8
edge_1721,ETFE,node_0035,node_0909,h_transfer_recombination,recombination,0.8
edge_1722,ETFE,node_0070,node_0909,h_transfer_recombination,recombination,0.8
edge_1723,ETFE,node_0035,node_0910,h_transfer_recombination,recombination,0.8
edge_1724,ETFE,node_0071,node_0910,h_transfer_recombination,recombination,0.8
edge_1725,ETFE,node_0035,node_0911,dehydrogenative_coupling,recombination,0.8
edge_1726,ETFE,node_0072,node_0911,dehydrogenative_coupling,recombination,0.8
edge_1727,ETFE,node_0035,node_0912,h_transfer_recombination,recombination,0.8
edge_1728,ETFE,node_0073,node_0912,h_transfer_recombination,recombination,0.8
edge_1729,ETFE,node_0035,node_0913,dehydrogenative_coupling,recombination,0.8
edge_1730,ETFE,node_0074,node_0913,dehydrogenative_coupling,recombination,0.8
edge_1731,ETFE,node_0035,node_0914,h_transfer_recombination,recombination,0.8
edge_1732,ETFE,node_0075,node_0914,h_transfer_recombination,recombination,0.8
edge_1733,ETFE,node_0035,node_0915,dehydrogenative_coupling,recombination,0.8
edge_1734,ETFE,node_0076,node_0915,dehydrogenative_coupling,recombination,0.8
edge_1735,ETFE,node_0035,node_0916,h_transfer_recombination,recombination,0.8
edge_1736,ETFE,node_0077,node_0916,h_transfer_recombination,recombination,0.8
edge_1737,ETFE,node_0035,node_0917,dehydrogenative_coupling,recombination,0.8
edge_1738,ETFE,node_0078,node_0917,dehydrogenative_coupling,recombination,0.8
edge_1739,ETFE,node_0035,node_0918,h_transfer_recombination,recombination,0.8
edge_1740,ETFE,node_0079,node_0918,h_transfer_recombination,recombination,0.8
edge_1741,ETFE,node_0035,node_0919,dehydrogenative_coupling,recombination,0.8
edge_1742,ETFE,node_0080,node_0919,dehydrogenative_coupling,recombination,0.8
edge_1743,ETFE,node_0035,node_0920,h_transfer_recombination,recombination,0.8
edge_1744,ETFE,node_0081,node_0920,h_transfer_recombination,recombination,0.8
edge_1745,ETFE,node_0035,node_0921,dehydrogenative_coupling,recombination,0.8
edge_1746,ETFE,node_0082,node_0921,dehydrogenative_coupling,recombination,0.8
edge_1747,ETFE,node_0035,node_0922,h_transfer_recombination,recombination,0.8
edge_1748,ETFE,node_0083,node_0922,h_transfer_recombination,recombination,0.8
edge_1749,ETFE,node_0035,node_0923,dehydrogenative_coupling,recombination,0.8
edge_1750,ETFE,node_0084,node_0923,dehydrogenative_coupling,recombination,0.8
edge_1751,ETFE,node_0035,node_0924,h_transfer_recombination,recombination,0.8
edge_1752,ETFE,node_0085,node_0924,h_transfer_recombination,recombination,0.8
edge_1753,ETFE,node_0035,node_0925,dehydrogenative_coupling,recombination,0.8
edge_1754,ETFE,node_0086,node_0925,dehydrogenative_coupling,recombination,0.8
edge_1755,ETFE,node_0035,node_0926,h_transfer_recombination,recombination,0.8
edge_1756,ETFE,node_0087,node_0926,h_transfer_recombination,recombination,0.8
edge_1757,ETFE,node_0035,node_0927,dehydrogenative_coupling,recombination,0.8
edge_1758,ETFE,node_0088,node_0927,dehydrogenative_coupling,recombination,0.8
edge_1759,ETFE,node_0035,node_0928,h_transfer_recombination,recombination,0.8
edge_1760,ETFE,node_0089,node_0928,h_transfer_recombination,recombination,0.8
edge_1761,ETFE,node_0035,node_0929,dehydrogenative_coupling,recombination,0.8
edge_1762,ETFE,node_0090,node_0929,dehydrogenative_coupling,recombination,0.8
edge_1763,ETFE,node_0035,node_0930,h_transfer_recombination,recombination,0.8
edge_1764,ETFE,node_0091,node_0930,h_transfer_recombination,recombination,0.8
edge_1765,ETFE,node_0035,node_0931,dehydrogenative_coupling,recombination,0.8
edge_1766,ETFE,node_0092,node_0931,dehydrogenative_coupling,recombination,0.8
edge_1767,ETFE,node_0035,node_0932,h_transfer_recombination,recombination,0.8
edge_1768,ETFE,node_0093,node_0932,h_transfer_recombination,recombination,0.8
edge_1769,ETFE,node_0035,node_0933,dehydrogenative_coupling,recombination,0.8
edge_1770,ETFE,node_0094,node_0933,dehydrogenative_coupling,recombination,0.8
edge_1771,ETFE,node_0035,node_0934,h_transfer_recombination,recombination,0.8
edge_1772,ETFE,node_0095,node_0934,h_transfer_recombination,recombination,0.8
edge_1773,ETFE,node_0036,node_0935,h_transfer_recombination,recombination,0.8
edge_1774,ETFE,node_0037,node_0935,h_transfer_recombination,recombination,0.8
edge_1775,ETFE,node_0036,node_0936,h_transfer_recombination,recombination,0.8
edge_1776,ETFE,node_0039,node_0936,h_transfer_recombination,recombination,0.8
edge_1777,ETFE,node_0036,node_0937,h_transfer_recombination,recombination,0.8
edge_1778,ETFE,node_0041,node_0937,h_transfer_recombination,recombination,0.8
edge_1779,ETFE,node_0036,node_0938,h_transfer_recombination,recombination,0.8
edge_1780,ETFE,node_0044,node_0938,h_transfer_recombination,recombination,0.8
edge_1781,ETFE,node_0036,node_0939,h_transfer_recombination,recombination,0.8
edge_1782,ETFE,node_0047,node_0939,h_transfer_recombination,recombination,0.8
edge_1783,ETFE,node_0036,node_0940,h_transfer_recombination,recombination,0.8
edge_1784,ETFE,node_0049,node_0940,h_transfer_recombination,recombination,0.8
edge_1785,ETFE,node_0036,node_0941,h_transfer_recombination,recombination,0.8
edge_1786,ETFE,node_0051,node_0941,h_transfer_recombination,recombination,0.8
edge_1787,ETFE,node_0036,node_0942,h_transfer_recombination,recombination,0.8
edge_1788,ETFE,node_0054,node_0942,h_transfer_recombination,recombination,0.8
edge_1789,ETFE,node_0036,node_0943,h_transfer_recombination,recombination,0.8
edge_1790,ETFE,node_0057,node_0943,h_transfer_recombination,recombination,0.8
edge_1791,ETFE,node_0036,node_0944,h_transfer_recombination,recombination,0.8
edge_1792,ETFE,node_0059,node_0944,h_transfer_recombination,recombination,0.8
edge_1793,ETFE,node_0036,node_0945,h_transfer_recombination,recombination,0.8
edge_1794,ETFE,node_0061,node_0945,h_transfer_recombination,recombination,0.8
edge_1795,ETFE,node_0036,node_0946,h_transfer_recombination,recombination,0.8
edge_1796,ETFE,node_0063,node_0946,h_transfer_recombination,recombination,0.8
edge_1797,ETFE,node_0036,node_0947,h_transfer_recombination,recombination,0.8
edge_1798,ETFE,node_0065,node_0947,h_transfer_recombination,recombination,0.8
edge_1799,ETFE,node_0036,node_0948,h_transfer_recombination,recombination,0.8
edge_1800,ETFE,node_0067,node_0948,h_transfer_recombination,recombination,0.8
edge_1801,ETFE,node_0036,node_0949,h_transfer_recombination,recombination,0.8
edge_1802,ETFE,node_0069,node_0949,h_transfer_recombination,recombination,0.8
edge_1803,ETFE,node_0036,node_0950,h_transfer_recombination,recombination,0.8
edge_1804,ETFE,node_0072,node_0950,h_transfer_recombination,recombination,0.8
edge_1805,ETFE,node_0036,node_0951,h_transfer_recombination,recombination,0.8
edge_1806,ETFE,node_0074,node_0951,h_transfer_recombination,recombination,0.8
edge_1807,ETFE,node_0036,node_0952,h_transfer_recombination,recombination,0.8
edge_1808,ETFE,node_0076,node_0952,h_transfer_recombination,recombination,0.8
edge_1809,ETFE,node_0036,node_0953,h_transfer_recombination,recombination,0.8
edge_1810,ETFE,node_0078,node_0953,h_transfer_recombination,recombination,0.8
edge_1811,ETFE,node_0036,node_0954,h_transfer_recombination,recombination,0.8
edge_1812,ETFE,node_0080,node_0954,h_transfer_recombination,recombination,0.8
edge_1813,ETFE,node_0036,node_0955,h_transfer_recombination,recombination,0.8
edge_1814,ETFE,node_0082,node_0955,h_transfer_recombination,recombination,0.8
edge_1815,ETFE,node_0036,node_0956,h_transfer_recombination,recombination,0.8
edge_1816,ETFE,node_0084,node_0956,h_transfer_recombination,recombination,0.8
edge_1817,ETFE,node_0036,node_0957,h_transfer_recombination,recombination,0.8
edge_1818,ETFE,node_0086,node_0957,h_transfer_recombination,recombination,0.8
edge_1819,ETFE,node_0036,node_0958,h_transfer_recombination,recombination,0.8
edge_1820,ETFE,node_0088,node_0958,h_transfer_recombination,recombination,0.8
edge_1821,ETFE,node_0036,node_0959,h_transfer_recombination,recombination,0.8
edge_1822,ETFE,node_0090,node_0959,h_transfer_recombination,recombination,0.8
edge_1823,ETFE,node_0036,node_0960,h_transfer_recombination,recombination,0.8
edge_1824,ETFE,node_0092,node_0960,h_transfer_recombination,recombination,0.8
edge_1825,ETFE,node_0036,node_0961,h_transfer_recombination,recombination,0.8
edge_1826,ETFE,node_0094,node_0961,h_transfer_recombination,recombination,0.8
edge_1827,ETFE,node_0037,node_0962,dehydrogenative_coupling,recombination,0.8
edge_1828,ETFE,node_0039,node_0962,dehydrogenative_coupling,recombination,0.8
edge_1829,ETFE,node_0037,node_0963,h_transfer_recombination,recombination,0.8
edge_1830,ETFE,node_0040,node_0963,h_transfer_recombination,recombination,0.8
edge_1831,ETFE,node_0037,node_0964,dehydrogenative_coupling,recombination,0.8
edge_1832,ETFE,node_0041,node_0964,dehydrogenative_coupling,recombination,0.8
edge_1833,ETFE,node_0037,node_0965,h_transfer_recombination,recombination,0.8
edge_1834,ETFE,node_0042,node_0965,h_transfer_recombination,recombination,0.8
edge_1835,ETFE,node_0037,node_0966,dehydrogenative_coupling,recombination,0.8
edge_1836,ETFE,node_0044,node_0966,dehydrogenative_coupling,recombination,0.8
edge_1837,ETFE,node_0037,node_0967,h_transfer_recombination,recombination,0.8
edge_1838,ETFE,node_0045,node_0967,h_transfer_recombination,recombination,0.8
edge_1839,ETFE,node_0037,node_0968,dehydrogenative_coupling,recombination,0.8
edge_1840,ETFE,node_0047,node_0968,dehydrogenative_coupling,recombination,0.8
edge_1841,ETFE,node_0037,node_0969,h_transfer_recombination,recombination,0.8
edge_1842,ETFE,node_0048,node_0969,h_transfer_recombination,recombination,0.8
edge_1843,ETFE,node_0037,node_0970,dehydrogenative_coupling,recombination,0.8
edge_1844,ETFE,node_0049,node_0970,dehydrogenative_coupling,recombination,0.8
edge_1845,ETFE,node_0037,node_0971,h_transfer_recombination,recombination,0.8
edge_1846,ETFE,node_0050,node_0971,h_transfer_recombination,recombination,0.8
edge_1847,ETFE,node_0037,node_0972,dehydrogenative_coupling,recombination,0.8
edge_1848,ETFE,node_0051,node_0972,dehydrogenative_coupling,recombination,0.8
edge_1849,ETFE,node_0037,node_0973,h_transfer_recombination,recombination,0.8
edge_1850,ETFE,node_0052,node_0973,h_transfer_recombination,recombination,0.8
edge_1851,ETFE,node_0037,node_0974,dehydrogenative_coupling,recombination,0.8
edge_1852,ETFE,node_0054,node_0974,dehydrogenative_coupling,recombination,0.8
edge_1853,ETFE,node_0037,node_0975,h_transfer_recombination,recombination,0.8
edge_1854,ETFE,node_0055,node_0975,h_transfer_recombination,recombination,0.8
edge_1855,ETFE,node_0037,node_0976,dehydrogenative_coupling,recombination,0.8
edge_1856,ETFE,node_0057,node_0976,dehydrogenative_coupling,recombination,0.8
edge_1857,ETFE,node_0037,node_0977,h_transfer_recombination,recombination,0.8
edge_1858,ETFE,node_0058,node_0977,h_transfer_recombination,recombination,0.8
edge_1859,ETFE,node_0037,node_0978,dehydrogenative_coupling,recombination,0.8
edge_1860,ETFE,node_0059,node_0978,dehydrogenative_coupling,recombination,0.8
edge_1861,ETFE,node_0037,node_0979,h_transfer_recombination,recombination,0.8
edge_1862,ETFE,node_0060,node_0979,h_transfer_recombination,recombination,0.8
edge_1863,ETFE,node_0037,node_0980,dehydrogenative_coupling,recombination,0.8
edge_1864,ETFE,node_0061,node_0980,dehydrogenative_coupling,recombination,0.8
edge_1865,ETFE,node_0037,node_0981,h_transfer_recombination,recombination,0.8
edge_1866,ETFE,node_0062,node_0981,h_transfer_recombination,recombination,0.8
edge_1867,ETFE,node_0037,node_0982,dehydrogenative_coupling,recombination,0.8
edge_1868,ETFE,node_0063,node_0982,dehydrogenative_coupling,recombination,0.8
edge_1869,ETFE,node_0037,node_0983,h_transfer_recombination,recombination,0.8
edge_1870,ETFE,node_0064,node_0983,h_transfer_recombination,recombination,0.8
edge_1871,ETFE,node_0037,node_0984,dehydrogenative_coupling,recombination,0.8
edge_1872,ETFE,node_0065,node_0984,dehydrogenative_coupling,recombination,0.8
edge_1873,ETFE,node_0037,node_0985,h_transfer_recombination,recombination,0.8
edge_1874,ETFE,node_0066,node_0985,h_transfer_recombination,recombination,0.8
edge_1875,ETFE,node_0037,node_0986,dehydrogenative_coupling,recombination,0.8
edge_1876,ETFE,node_0067,node_0986,dehydrogenative_coupling,recombination,0.8
edge_1877,ETFE,node_0037,node_0987,h_transfer_recombination,recombination,0.8
edge_1878,ETFE,node_0068,node_0987,h_transfer_recombination,recombination,0.8
edge_1879,ETFE,node_0037,node_0988,dehydrogenative_coupling,recombination,0.8
edge_1880,ETFE,node_0069,node_0988,dehydrogenative_coupling,recombination,0.8
edge_1881,ETFE,node_0037,node_0989,h_transfer_recombination,recombination,0.8
edge_1882,ETFE,node_0070,node_0989,h_transfer_recombination,recombination,0.8
edge_1883,ETFE,node_0037,node_0990,h_transfer_recombination,recombination,0.8
edge_1884,ETFE,node_0071,node_0990,h_transfer_recombination,recombination,0.8
edge_1885,ETFE,node_0037,node_0991,dehydrogenative_coupling,recombination,0.8
edge_1886,ETFE,node_0072,node_0991,dehydrogenative_coupling,recombination,0.8
edge_1887,ETFE,node_0037,node_0992,h_transfer_recombination,recombination,0.8
edge_1888,ETFE,node_0073,node_0992,h_transfer_recombination,recombination,0.8
edge_1889,ETFE,node_0037,node_0993,dehydrogenative_coupling,recombination,0.8
edge_1890,ETFE,node_0074,node_0993,dehydrogenative_coupling,recombination,0.8
edge_1891,ETFE,node_0037,node_0994,h_transfer_recombination,recombination,0.8
edge_1892,ETFE,node_0075,node_0994,h_transfer_recombination,recombination,0.8
edge_1893,ETFE,node_0037,node_0995,dehydrogenative_coupling,recombination,0.8
edge_1894,ETFE,node_0076,node_0995,dehydrogenative_coupling,recombination,0.8
edge_1895,ETFE,node_0037,node_0996,h_transfer_recombination,recombination,0.8
edge_1896,ETFE,node_0077,node_0996,h_transfer_recombination,recombination,0.8
edge_1897,ETFE,node_0037,node_0997,dehydrogenative_coupling,recombination,0.8
edge_1898,ETFE,node_0078,node_0997,dehydrogenative_coupling,recombination,0.8
edge_1899,ETFE,node_0037,node_0998,h_transfer_recombination,recombination,0.8
edge_1900,ETFE,node_0079,node_0998,h_transfer_recombination,recombination,0.8
edge_1901,ETFE,node_0037,node_0999,dehydrogenative_coupling,recombination,0.8
edge_1902,ETFE,node_0080,node_0999,dehydrogenative_coupling,recombination,0.8
edge_1903,ETFE,node_0037,node_1000,h_transfer_recombination,recombination,0.8
edge_1904,ETFE,node_0081,node_1000,h_transfer_recombination,recombination,0.8
edge_1905,ETFE,node_0037,node_1001,dehydrogenative_coupling,recombination,0.8
edge_1906,ETFE,node_0082,node_1001,dehydrogenative_coupling,recombination,0.8
edge_1907,ETFE,node_0037,node_1002,h_transfer_recombination,recombination,0.8
edge_1908,ETFE,node_0083,node_1002,h_transfer_recombination,recombination,0.8
edge_1909,ETFE,node_0037,node_1003,dehydrogenative_coupling,recombination,0.8
edge_1910,ETFE,node_0084,node_1003,dehydrogenative_coupling,recombination,0.8
edge_1911,ETFE,node_0037,node_1004,h_transfer_recombination,recombination,0.8
edge_1912,ETFE,node_0085,node_1004,h_transfer_recombination,recombination,0.8
edge_1913,ETFE,node_0037,node_1005,dehydrogenative_coupling,recombination,0.8
edge_1914,ETFE,node_0086,node_1005,dehydrogenative_coupling,recombination,0.8
edge_1915,ETFE,node_0037,node_1006,h_transfer_recombination,recombination,0.8
edge_1916,ETFE,node_0087,node_1006,h_transfer_recombination,recombination,0.8
edge_1917,ETFE,node_0037,node_1007,dehydrogenative_coupling,recombination,0.8
edge_1918,ETFE,node_0088,node_1007,dehydrogenative_coupling,recombination,0.8
edge_1919,ETFE,node_0037,node_1008,h_transfer_recombination,recombination,0.8
edge_1920,ETFE,node_0089,node_1008,h_transfer_recombination,recombination,0.8
edge_1921,ETFE,node_0037,node_1009,dehydrogenative_coupling,recombination,0.8
edge_1922,ETFE,node_0090,node_1009,dehydrogenative_coupling,recombination,0.8
edge_1923,ETFE,node_0037,node_1010,h_transfer_recombination,recombination,0.8
edge_1924,ETFE,node_0091,node_1010,h_transfer_recombination,recombination,0.8
edge_1925,ETFE,node_0037,node_1011,dehydrogenative_coupling,recombination,0.8
edge_1926,ETFE,node_0092,node_1011,dehydrogenative_coupling,recombination,0.8
edge_1927,ETFE,node_0037,node_1012,h_transfer_recombination,recombination,0.8
edge_1928,ETFE,node_0093,node_1012,h_transfer_recombination,recombination,0.8
edge_1929,ETFE,node_0037,node_1013,dehydrogenative_coupling,recombination,0.8
edge_1930,ETFE,node_0094,node_1013,dehydrogenative_coupling,recombination,0.8
edge_1931,ETFE,node_0037,node_1014,h_transfer_recombination,recombination,0.8
edge_1932,ETFE,node_0095,node_1014,h_transfer_recombination,recombination,0.8
edge_1933,ETFE,node_0038,node_1015,h_transfer_recombination,recombination,0.8
edge_1934,ETFE,node_0039,node_1015,h_transfer_recombination,recombination,0.8
edge_1935,ETFE,node_0038,node_1016,h_transfer_recombination,recombination,0.8
edge_1936,ETFE,node_0041,node_1016,h_transfer_recombination,recombination,0.8
edge_1937,ETFE,node_0038,node_1017,h_transfer_recombination,recombination,0.8
edge_1938,ETFE,node_0044,node_1017,h_transfer_recombination,recombination,0.8
edge_1939,ETFE,node_0038,node_1018,h_transfer_recombination,recombination,0.8
edge_1940,ETFE,node_0047,node_1018,h_transfer_recombination,recombination,0.8
edge_1941,ETFE,node_0038,node_1019,h_transfer_recombination,recombination,0.8
edge_1942,ETFE,node_0049,node_1019,h_transfer_recombination,recombination,0.8
edge_1943,ETFE,node_0038,node_1020,h_transfer_recombination,recombination,0.8
edge_1944,ETFE,node_0051,node_1020,h_transfer_recombination,recombination,0.8
edge_1945,ETFE,node_0038,node_1021,h_transfer_recombination,recombination,0.8
edge_1946,ETFE,node_0054,node_1021,h_transfer_recombination,recombination,0.8
edge_1947,ETFE,node_0038,node_1022,h_transfer_recombination,recombination,0.8
edge_1948,ETFE,node_0057,node_1022,h_transfer_recombination,recombination,0.8
edge_1949,ETFE,node_0038,node_1023,h_transfer_recombination,recombination,0.8
edge_1950,ETFE,node_0059,node_1023,h_transfer_recombination,recombination,0.8
edge_1951,ETFE,node_0038,node_1024,h_transfer_recombination,recombination,0.8
edge_1952,ETFE,node_0061,node_1024,h_transfer_recombination,recombination,0.8
edge_1953,ETFE,node_0038,node_1025,h_transfer_recombination,recombination,0.8
edge_1954,ETFE,node_0063,node_1025,h_transfer_recombination,recombination,0.8
edge_1955,ETFE,node_0038,node_1026,h_transfer_recombination,recombination,0.8
edge_1956,ETFE,node_0065,node_1026,h_transfer_recombination,recombination,0.8
edge_1957,ETFE,node_0038,node_1027,h_transfer_recombination,recombination,0.8
edge_1958,ETFE,node_0067,node_1027,h_transfer_recombination,recombination,0.8
edge_1959,ETFE,node_0038,node_1028,h_transfer_recombination,recombination,0.8
edge_1960,ETFE,node_0069,node_1028,h_transfer_recombination,recombination,0.8
edge_1961,ETFE,node_0038,node_1029,h_transfer_recombination,recombination,0.8
edge_1962,ETFE,node_0072,node_1029,h_transfer_recombination,recombination,0.8
edge_1963,ETFE,node_0038,node_1030,h_transfer_recombination,recombination,0.8
edge_1964,ETFE,node_0074,node_1030,h_transfer_recombination,recombination,0.8
edge_1965,ETFE,node_0038,node_1031,h_transfer_recombination,recombination,0.8
edge_1966,ETFE,node_0076,node_1031,h_transfer_recombination,recombination,0.8
edge_1967,ETFE,node_0038,node_1032,h_transfer_recombination,recombination,0.8
edge_1968,ETFE,node_0078,node_1032,h_transfer_recombination,recombination,0.8
edge_1969,ETFE,node_0038,node_1033,h_transfer_recombination,recombination,0.8
edge_1970,ETFE,node_0080,node_1033,h_transfer_recombination,recombination,0.8
edge_1971,ETFE,node_0038,node_1034,h_transfer_recombination,recombination,0.8
edge_1972,ETFE,node_0082,node_1034,h_transfer_recombination,recombination,0.8
edge_1973,ETFE,node_0038,node_1035,h_transfer_recombination,recombination,0.8
edge_1974,ETFE,node_0084,node_1035,h_transfer_recombination,recombination,0.8
edge_1975,ETFE,node_0038,node_1036,h_transfer_recombination,recombination,0.8
edge_1976,ETFE,node_0086,node_1036,h_transfer_recombination,recombination,0.8
edge_1977,ETFE,node_0038,node_1037,h_transfer_recombination,recombination,0.8
edge_1978,ETFE,node_0088,node_1037,h_transfer_recombination,recombination,0.8
edge_1979,ETFE,node_0038,node_1038,h_transfer_recombination,recombination,0.8
edge_1980,ETFE,node_0090,node_1038,h_transfer_recombination,recombination,0.8
edge_1981,ETFE,node_0038,node_1039,h_transfer_recombination,recombination,0.8
edge_1982,ETFE,node_0092,node_1039,h_transfer_recombination,recombination,0.8
edge_1983,ETFE,node_0038,node_1040,h_transfer_recombination,recombination,0.8
edge_1984,ETFE,node_0094,node_1040,h_transfer_recombination,recombination,0.8
edge_1985,ETFE,node_0039,node_1041,dehydrogenative_coupling,recombination,0.8
edge_1986,ETFE,node_0041,node_1041,dehydrogenative_coupling,recombination,0.8
edge_1987,ETFE,node_0039,node_1042,h_transfer_recombination,recombination,0.8
edge_1988,ETFE,node_0042,node_1042,h_transfer_recombination,recombination,0.8
edge_1989,ETFE,node_0039,node_1043,dehydrogenative_coupling,recombination,0.8
edge_1990,ETFE,node_0044,node_1043,dehydrogenative_coupling,recombination,0.8
edge_1991,ETFE,node_0039,node_1044,h_transfer_recombination,recombination,0.8
edge_1992,ETFE,node_0045,node_1044,h_transfer_recombination,recombination,0.8
edge_1993,ETFE,node_0039,node_1045,dehydrogenative_coupling,recombination,0.8
edge_1994,ETFE,node_0047,node_1045,dehydrogenative_coupling,recombination,0.8
edge_1995,ETFE,node_0039,node_1046,h_transfer_recombination,recombination,0.8
edge_1996,ETFE,node_0048,node_1046,h_transfer_recombination,recombination,0.8
edge_1997,ETFE,node_0039,node_1047,dehydrogenative_coupling,recombination,0.8
edge_1998,ETFE,node_0049,node_1047,dehydrogenative_coupling,recombination,0.8
edge_1999,ETFE,node_0039,node_1048,h_transfer_recombination,recombination,0.8
edge_2000,ETFE,node_0050,node_1048,h_transfer_recombination,recombination,0.8
edge_2001,ETFE,node_0039,node_1049,dehydrogenative_coupling,recombination,0.8
edge_2002,ETFE,node_0051,node_1049,dehydrogenative_coupling,recombination,0.8
edge_2003,ETFE,node_0039,node_1050,h_transfer_recombination,recombination,0.8
edge_2004,ETFE,node_0052,node_1050,h_transfer_recombination,recombination,0.8
edge_2005,ETFE,node_0039,node_1051,dehydrogenative_coupling,recombination,0.8
edge_2006,ETFE,node_0054,node_1051,dehydrogenative_coupling,recombination,0.8
edge_2007,ETFE,node_0039,node_1052,h_transfer_recombination,recombination,0.8
edge_2008,ETFE,node_0055,node_1052,h_transfer_recombination,recombination,0.8
edge_2009,ETFE,node_0039,node_1053,dehydrogenative_coupling,recombination,0.8
edge_2010,ETFE,node_0057,node_1053,dehydrogenative_coupling,recombination,0.8
edge_2011,ETFE,node_0039,node_1054,h_transfer_recombination,recombination,0.8
edge_2012,ETFE,node_0058,node_1054,h_transfer_recombination,recombination,0.8
edge_2013,ETFE,node_0039,node_1055,dehydrogenative_coupling,recombination,0.8
edge_2014,ETFE,node_0059,node_1055,dehydrogenative_coupling,recombination,0.8
edge_2015,ETFE,node_0039,node_1056,h_transfer_recombination,recombination,0.8
edge_2016,ETFE,node_0060,node_1056,h_transfer_recombination,recombination,0.8
edge_2017,ETFE,node_0039,node_1057,dehydrogenative_coupling,recombination,0.8
edge_2018,ETFE,node_0061,node_1057,dehydrogenative_coupling,recombination,0.8
edge_2019,ETFE,node_0039,node_1058,h_transfer_recombination,recombination,0.8
edge_2020,ETFE,node_0062,node_1058,h_transfer_recombination,recombination,0.8
edge_2021,ETFE,node_0039,node_1059,dehydrogenative_coupling,recombination,0.8
edge_2022,ETFE,node_0063,node_1059,dehydrogenative_coupling,recombination,0.8
edge_2023,ETFE,node_0039,node_1060,h_transfer_recombination,recombination,0.8
edge_2024,ETFE,node_0064,node_1060,h_transfer_recombination,recombination,0.8
edge_2025,ETFE,node_0039,node_1061,dehydrogenative_coupling,recombination,0.8
edge_2026,ETFE,node_0065,node_1061,dehydrogenative_coupling,recombination,0.8
edge_2027,ETFE,node_0039,node_1062,h_transfer_recombination,recombination,0.8
edge_2028,ETFE,node_0066,node_1062,h_transfer_recombination,recombination,0.8
edge_2029,ETFE,node_0039,node_1063,dehydrogenative_coupling,recombination,0.8
edge_2030,ETFE,node_0067,node_1063,dehydrogenative_coupling,recombination,0.8
edge_2031,ETFE,node_0039,node_1064,h_transfer_recombination,recombination,0.8
edge_2032,ETFE,node_0068,node_1064,h_transfer_recombination,recombination,0.8
edge_2033,ETFE,node_0039,node_1065,dehydrogenative_coupling,recombination,0.8
edge_2034,ETFE,node_0069,node_1065,dehydrogenative_coupling,recombination,0.8
edge_2035,ETFE,node_0039,node_1066,h_transfer_recombination,recombination,0.8
edge_2036,ETFE,node_0070,node_1066,h_transfer_recombination,recombination,0.8
edge_2037,ETFE,node_0039,node_1067,h_transfer_recombination,recombination,0.8
edge_2038,ETFE,node_0071,node_1067,h_transfer_recombination,recombination,0.8
edge_2039,ETFE,node_0039,node_1068,dehydrogenative_coupling,recombination,0.8
edge_2040,ETFE,node_0072,node_1068,dehydrogenative_coupling,recombination,0.8
edge_2041,ETFE,node_0039,node_1069,h_transfer_recombination,recombination,0.8
edge_2042,ETFE,node_0073,node_1069,h_transfer_recombination,recombination,0.8
edge_2043,ETFE,node_0039,node_1070,dehydrogenative_coupling,recombination,0.8
edge_2044,ETFE,node_0074,node_1070,dehydrogenative_coupling,recombination,0.8
edge_2045,ETFE,node_0039,node_1071,h_transfer_recombination,recombination,0.8
edge_2046,ETFE,node_0075,node_1071,h_transfer_recombination,recombination,0.8
edge_2047,ETFE,node_0039,node_1072,dehydrogenative_coupling,recombination,0.8
edge_2048,ETFE,node_0076,node_1072,dehydrogenative_coupling,recombination,0.8
edge_2049,ETFE,node_0039,node_1073,h_transfer_recombination,recombination,0.8
edge_2050,ETFE,node_0077,node_1073,h_transfer_recombination,recombination,0.8
edge_2051,ETFE,node_0039,node_1074,dehydrogenative_coupling,recombination,0.8
edge_2052,ETFE,node_0078,node_1074,dehydrogenative_coupling,recombination,0.8
edge_2053,ETFE,node_0039,node_1075,h_transfer_recombination,recombination,0.8
edge_2054,ETFE,node_0079,node_1075,h_transfer_recombination,recombination,0.8
edge_2055,ETFE,node_0039,node_1076,dehydrogenative_coupling,recombination,0.8
edge_2056,ETFE,node_0080,node_1076,dehydrogenative_coupling,recombination,0.8
edge_2057,ETFE,node_0039,node_1077,h_transfer_recombination,recombination,0.8
edge_2058,ETFE,node_0081,node_1077,h_transfer_recombination,recombination,0.8
edge_2059,ETFE,node_0039,node_1078,dehydrogenative_coupling,recombination,0.8
edge_2060,ETFE,node_0082,node_1078,dehydrogenative_coupling,recombination,0.8
edge_2061,ETFE,node_0039,node_1079,h_transfer_recombination,recombination,0.8
edge_2062,ETFE,node_0083,node_1079,h_transfer_recombination,recombination,0.8
edge_2063,ETFE,node_0039,node_1080,dehydrogenative_coupling,recombination,0.8
edge_2064,ETFE,node_0084,node_1080,dehydrogenative_coupling,recombination,0.8
edge_2065,ETFE,node_0039,node_1081,h_transfer_recombination,recombination,0.8
edge_2066,ETFE,node_0085,node_1081,h_transfer_recombination,recombination,0.8
edge_2067,ETFE,node_0039,node_1082,dehydrogenative_coupling,recombination,0.8
edge_2068,ETFE,node_0086,node_1082,dehydrogenative_coupling,recombination,0.8
edge_2069,ETFE,node_0039,node_1083,h_transfer_recombination,recombination,0.8
edge_2070,ETFE,node_0087,node_1083,h_transfer_recombination,recombination,0.8
edge_2071,ETFE,node_0039,node_1084,dehydrogenative_coupling,recombination,0.8
edge_2072,ETFE,node_0088,node_1084,dehydrogenative_coupling,recombination,0.8
edge_2073,ETFE,node_0039,node_1085,h_transfer_recombination,recombination,0.8
edge_2074,ETFE,node_0089,node_1085,h_transfer_recombination,recombination,0.8
edge_2075,ETFE,node_0039,node_1086,dehydrogenative_coupling,recombination,0.8
edge_2076,ETFE,node_0090,node_1086,dehydrogenative_coupling,recombination,0.8
edge_2077,ETFE,node_0039,node_1087,h_transfer_recombination,recombination,0.8
edge_2078,ETFE,node_0091,node_1087,h_transfer_recombination,recombination,0.8
edge_2079,ETFE,node_0039,node_1088,dehydrogenative_coupling,recombination,0.8
edge_2080,ETFE,node_0092,node_1088,dehydrogenative_coupling,recombination,0.8
edge_2081,ETFE,node_0039,node_1089,h_transfer_recombination,recombination,0.8
edge_2082,ETFE,node_0093,node_1089,h_transfer_recombination,recombination,0.8
edge_2083,ETFE,node_0039,node_1090,dehydrogenative_coupling,recombination,0.8
edge_2084,ETFE,node_0094,node_1090,dehydrogenative_coupling,recombination,0.8
edge_2085,ETFE,node_0039,node_1091,h_transfer_recombination,recombination,0.8
edge_2086,ETFE,node_0095,node_1091,h_transfer_recombination,recombination,0.8
edge_2087,ETFE,node_0040,node_1092,h_transfer_recombination,recombination,0.8
edge_2088,ETFE,node_0041,node_1092,h_transfer_recombination,recombination,0.8
edge_2089,ETFE,node_0040,node_1093,h_transfer_recombination,recombination,0.8
edge_2090,ETFE,node_0044,node_1093,h_transfer_recombination,recombination,0.8
edge_2091,ETFE,node_0040,node_1094,h_transfer_recombination,recombination,0.8
edge_2092,ETFE,node_0047,node_1094,h_transfer_recombination,recombination,0.8
edge_2093,ETFE,node_0040,node_1095,h_transfer_recombination,recombination,0.8
edge_2094,ETFE,node_0049,node_1095,h_transfer_recombination,recombination,0.8
edge_2095,ETFE,node_0040,node_1096,h_transfer_recombination,recombination,0.8
edge_2096,ETFE,node_0051,node_1096,h_transfer_recombination,recombination,0.8
edge_2097,ETFE,node_0040,node_1097,h_transfer_recombination,recombination,0.8
edge_2098,ETFE,node_0054,node_1097,h_transfer_recombination,recombination,0.8
edge_2099,ETFE,node_0040,node_1098,h_transfer_recombination,recombination,0.8
edge_2100,ETFE,node_0057,node_1098,h_transfer_recombination,recombination,0.8
edge_2101,ETFE,node_0040,node_1099,h_transfer_recombination,recombination,0.8
edge_2102,ETFE,node_0059,node_1099,h_transfer_recombination,recombination,0.8
edge_2103,ETFE,node_0040,node_1100,h_transfer_recombination,recombination,0.8
edge_2104,ETFE,node_0061,node_1100,h_transfer_recombination,recombination,0.8
edge_2105,ETFE,node_0040,node_1101,h_transfer_recombination,recombination,0.8
edge_2106,ETFE,node_0063,node_1101,h_transfer_recombination,recombination,0.8
edge_2107,ETFE,node_0040,node_1102,h_transfer_recombination,recombination,0.8
edge_2108,ETFE,node_0065,node_1102,h_transfer_recombination,recombination,0.8
edge_2109,ETFE,node_0040,node_1103,h_transfer_recombination,recombination,0.8
edge_2110,ETFE,node_0067,node_1103,h_transfer_recombination,recombination,0.8
edge_2111,ETFE,node_0040,node_1104,h_transfer_recombination,recombination,0.8
edge_2112,ETFE,node_0069,node_1104,h_transfer_recombination,recombination,0.8
edge_2113,ETFE,node_0040,node_1105,h_transfer_recombination,recombination,0.8
edge_2114,ETFE,node_0072,node_1105,h_transfer_recombination,recombination,0.8
edge_2115,ETFE,node_0040,node_1106,h_transfer_recombination,recombination,0.8
edge_2116,ETFE,node_0074,node_1106,h_transfer_recombination,recombination,0.8
edge_2117,ETFE,node_0040,node_1107,h_transfer_recombination,recombination,0.8
edge_2118,ETFE,node_0076,node_1107,h_transfer_recombination,recombination,0.8
edge_2119,ETFE,node_0040,node_1108,h_transfer_recombination,recombination,0.8
edge_2120,ETFE,node_0078,node_1108,h_transfer_recombination,recombination,0.8
edge_2121,ETFE,node_0040,node_1109,h_transfer_recombination,recombination,0.8
edge_2122,ETFE,node_0080,node_1109,h_transfer_recombination,recombination,0.8
edge_2123,ETFE,node_0040,node_1110,h_transfer_recombination,recombination,0.8
edge_2124,ETFE,node_0082,node_1110,h_transfer_recombination,recombination,0.8
edge_2125,ETFE,node_0040,node_1111,h_transfer_recombination,recombination,0.8
edge_2126,ETFE,node_0084,node_1111,h_transfer_recombination,recombination,0.8
edge_2127,ETFE,node_0040,node_1112,h_transfer_recombination,recombination,0.8
edge_2128,ETFE,node_0086,node_1112,h_transfer_recombination,recombination,0.8
edge_2129,ETFE,node_0040,node_1113,h_transfer_recombination,recombination,0.8
edge_2130,ETFE,node_0088,node_1113,h_transfer_recombination,recombination,0.8
edge_2131,ETFE,node_0040,node_1114,h_transfer_recombination,recombination,0.8
edge_2132,ETFE,node_0090,node_1114,h_transfer_recombination,recombination,0.8
edge_2133,ETFE,node_0040,node_1115,h_transfer_recombination,recombination,0.8
edge_2134,ETFE,node_0092,node_1115,h_transfer_recombination,recombination,0.8
edge_2135,ETFE,node_0040,node_1116,h_transfer_recombination,recombination,0.8
edge_2136,ETFE,node_0094,node_1116,h_transfer_recombination,recombination,0.8
edge_2137,ETFE,node_0041,node_1117,dehydrogenative_coupling,recombination,0.8
edge_2138,ETFE,node_0044,node_1117,dehydrogenative_coupling,recombination,0.8
edge_2139,ETFE,node_0041,node_1118,h_transfer_recombination,recombination,0.8
edge_2140,ETFE,node_0045,node_1118,h_transfer_recombination,recombination,0.8
edge_2141,ETFE,node_0041,node_1119,dehydrogenative_coupling,recombination,0.8
edge_2142,ETFE,node_0047,node_1119,dehydrogenative_coupling,recombination,0.8
edge_2143,ETFE,node_0041,node_1120,h_transfer_recombination,recombination,0.8
edge_2144,ETFE,node_0048,node_1120,h_transfer_recombination,recombination,0.8
edge_2145,ETFE,node_0041,node_1121,dehydrogenative_coupling,recombination,0.8
edge_2146,ETFE,node_0049,node_1121,dehydrogenative_coupling,recombination,0.8
edge_2147,ETFE,node_0041,node_1122,h_transfer_recombination,recombination,0.8
edge_2148,ETFE,node_0050,node_1122,h_transfer_recombination,recombination,0.8
edge_2149,ETFE,node_0041,node_1123,dehydrogenative_coupling,recombination,0.8
edge_2150,ETFE,node_0051,node_1123,dehydrogenative_coupling,recombination,0.8
edge_2151,ETFE,node_0041,node_1124,h_transfer_recombination,recombination,0.8
edge_2152,ETFE,node_0052,node_1124,h_transfer_recombination,recombination,0.8
edge_2153,ETFE,node_0041,node_1125,dehydrogenative_coupling,recombination,0.8
edge_2154,ETFE,node_0054,node_1125,dehydrogenative_coupling,recombination,0.8
edge_2155,ETFE,node_0041,node_1126,h_transfer_recombination,recombination,0.8
edge_2156,ETFE,node_0055,node_1126,h_transfer_recombination,recombination,0.8
edge_2157,ETFE,node_0041,node_1127,dehydrogenative_coupling,recombination,0.8
edge_2158,ETFE,node_0057,node_1127,dehydrogenative_coupling,recombination,0.8
edge_2159,ETFE,node_0041,node_1128,h_transfer_recombination,recombination,0.8
edge_2160,ETFE,node_0058,node_1128,h_transfer_recombination,recombination,0.8
edge_2161,ETFE,node_0041,node_1129,dehydrogenative_coupling,recombination,0.8
edge_2162,ETFE,node_0059,node_1129,dehydrogenative_coupling,recombination,0.8
edge_2163,ETFE,node_0041,node_1130,h_transfer_recombination,recombination,0.8
edge_2164,ETFE,node_0060,node_1130,h_transfer_recombination,recombination,0.8
edge_2165,ETFE,node_0041,node_1131,dehydrogenative_coupling,recombination,0.8
edge_2166,ETFE,node_0061,node_1131,dehydrogenative_coupling,recombination,0.8
edge_2167,ETFE,node_0041,node_1132,h_transfer_recombination,recombination,0.8
edge_2168,ETFE,node_0062,node_1132,h_transfer_recombination,recombination,0.8
edge_2169,ETFE,node_0041,node_1133,dehydrogenative_coupling,recombination,0.8
edge_2170,ETFE,node_0063,node_1133,dehydrogenative_coupling,recombination,0.8
edge_2171,ETFE,node_0041,node_1134,h_transfer_recombination,recombination,0.8
edge_2172,ETFE,node_0064,node_1134,h_transfer_recombination,recombination,0.8
edge_2173,ETFE,node_0041,node_1135,dehydrogenative_coupling,recombination,0.8
edge_2174,ETFE,node_0065,node_1135,dehydrogenative_coupling,recombination,0.8
edge_2175,ETFE,node_0041,node_1136,h_transfer_recombination,recombination,0.8
edge_2176,ETFE,node_0066,node_1136,h_transfer_recombination,recombination,0.8
edge_2177,ETFE,node_0041,node_1137,dehydrogenative_coupling,recombination,0.8
edge_2178,ETFE,node_0067,node_1137,dehydrogenative_coupling,recombination,0.8
edge_2179,ETFE,node_0041,node_1138,h_transfer_recombination,recombination,0.8
edge_2180,ETFE,node_0068,node_1138,h_transfer_recombination,recombination,0.8
edge_2181,ETFE,node_0041,node_1139,dehydrogenative_coupling,recombination,0.8
edge_2182,ETFE,node_0069,node_1139,dehydrogenative_coupling,recombination,0.8
edge_2183,ETFE,node_0041,node_1140,h_transfer_recombination,recombination,0.8
edge_2184,ETFE,node_0070,node_1140,h_transfer_recombination,recombination,0.8
edge_2185,ETFE,node_0041,node_1141,h_transfer_recombination,recombination,0.8
edge_2186,ETFE,node_0071,node_1141,h_transfer_recombination,recombination,0.8
edge_2187,ETFE,node_0041,node_1142,dehydrogenative_coupling,recombination,0.8
edge_2188,ETFE,node_0072,node_1142,dehydrogenative_coupling,recombination,0.8
edge_2189,ETFE,node_0041,node_1143,h_transfer_recombination,recombination,0.8
edge_2190,ETFE,node_0073,node_1143,h_transfer_recombination,recombination,0.8
edge_2191,ETFE,node_0041,node_1144,dehydrogenative_coupling,recombination,0.8
edge_2192,ETFE,node_0074,node_1144,dehydrogenative_coupling,recombination,0.8
edge_2193,ETFE,node_0041,node_1145,h_transfer_recombination,recombination,0.8
edge_2194,ETFE,node_0075,node_1145,h_transfer_recombination,recombination,0.8
edge_2195,ETFE,node_0041,node_1146,dehydrogenative_coupling,recombination,0.8
edge_2196,ETFE,node_0076,node_1146,dehydrogenative_coupling,recombination,0.8
edge_2197,ETFE,node_0041,node_1147,h_transfer_recombination,recombination,0.8
edge_2198,ETFE,node_0077,node_1147,h_transfer_recombination,recombination,0.8
edge_2199,ETFE,node_0041,node_1148,dehydrogenative_coupling,recombination,0.8
edge_2200,ETFE,node_0078,node_1148,dehydrogenative_coupling,recombination,0.8
edge_2201,ETFE,node_0041,node_1149,h_transfer_recombination,recombination,0.8
edge_2202,ETFE,node_0079,node_1149,h_transfer_recombination,recombination,0.8
edge_2203,ETFE,node_0041,node_1150,dehydrogenative_coupling,recombination,0.8
edge_2204,ETFE,node_0080,node_1150,dehydrogenative_coupling,recombination,0.8
edge_2205,ETFE,node_0041,node_1151,h_transfer_recombination,recombination,0.8
edge_2206,ETFE,node_0081,node_1151,h_transfer_recombination,recombination,0.8
edge_2207,ETFE,node_0041,node_1152,dehydrogenative_coupling,recombination,0.8
edge_2208,ETFE,node_0082,node_1152,dehydrogenative_coupling,recombination,0.8
edge_2209,ETFE,node_0041,node_1153,h_transfer_recombination,recombination,0.8
edge_2210,ETFE,node_0083,node_1153,h_transfer_recombination,recombination,0.8
edge_2211,ETFE,node_0041,node_1154,dehydrogenative_coupling,recombination,0.8
edge_2212,ETFE,node_0084,node_1154,dehydrogenative_coupling,recombination,0.8
edge_2213,ETFE,node_0041,node_1155,h_transfer_recombination,recombination,0.8
edge_2214,ETFE,node_0085,node_1155,h_transfer_recombination,recombination,0.8
edge_2215,ETFE,node_0041,node_1156,dehydrogenative_coupling,recombination,0.8
edge_2216,ETFE,node_0086,node_1156,dehydrogenative_coupling,recombination,0.8
edge_2217,ETFE,node_0041,node_1157,h_transfer_recombination,recombination,0.8
edge_2218,ETFE,node_0087,node_1157,h_transfer_recombination,recombination,0.8
edge_2219,ETFE,node_0041,node_1158,dehydrogenative_coupling,recombination,0.8
edge_2220,ETFE,node_0088,node_1158,dehydrogenative_coupling,recombination,0.8
edge_2221,ETFE,node_0041,node_1159,h_transfer_recombination,recombination,0.8
edge_2222,ETFE,node_0089,node_1159,h_transfer_recombination,recombination,0.8
edge_2223,ETFE,node_0041,node_1160,dehydrogenative_coupling,recombination,0.8
edge_2224,ETFE,node_0090,node_1160,dehydrogenative_coupling,recombination,0.8
edge_2225,ETFE,node_0041,node_1161,h_transfer_recombination,recombination,0.8
edge_2226,ETFE,node_0091,node_1161,h_transfer_recombination,recombination,0.8
edge_2227,ETFE,node_0041,node_1162,dehydrogenative_coupling,recombination,0.8
edge_2228,ETFE,node_0092,node_1162,dehydrogenative_coupling,recombination,0.8
edge_2229,ETFE,node_0041,node_1163,h_transfer_recombination,recombination,0.8
edge_2230,ETFE,node_0093,node_1163,h_transfer_recombination,recombination,0.8
edge_2231,ETFE,node_0041,node_1164,dehydrogenative_coupling,recombination,0.8
edge_2232,ETFE,node_0094,node_1164,dehydrogenative_coupling,recombination,0.8
edge_2233,ETFE,node_0041,node_1165,h_transfer_recombination,recombination,0.8
edge_2234,ETFE,node_0095,node_1165,h_transfer_recombination,recombination,0.8
edge_2235,ETFE,node_0042,node_1166,h_transfer_recombination,recombination,0.8
edge_2236,ETFE,node_0044,node_1166,h_transfer_recombination,recombination,0.8
edge_2237,ETFE,node_0042,node_1167,h_transfer_recombination,recombination,0.8
edge_2238,ETFE,node_0047,node_1167,h_transfer_recombination,recombination,0.8
edge_2239,ETFE,node_0042,node_1168,h_transfer_recombination,recombination,0.8
edge_2240,ETFE,node_0049,node_1168,h_transfer_recombination,recombination,0.8
edge_2241,ETFE,node_0042,node_1169,h_transfer_recombination,recombination,0.8
edge_2242,ETFE,node_0051,node_1169,h_transfer_recombination,recombination,0.8
edge_2243,ETFE,node_0042,node_1170,h_transfer_recombination,recombination,0.8
edge_2244,ETFE,node_0054,node_1170,h_transfer_recombination,recombination,0.8
edge_2245,ETFE,node_0042,node_1171,h_transfer_recombination,recombination,0.8
edge_2246,ETFE,node_0057,node_1171,h_transfer_recombination,recombination,0.8
edge_2247,ETFE,node_0042,node_1172,h_transfer_recombination,recombination,0.8
edge_2248,ETFE,node_0059,node_1172,h_transfer_recombination,recombination,0.8
edge_2249,ETFE,node_0042,node_1173,h_transfer_recombination,recombination,0.8
edge_2250,ETFE,node_0061,node_1173,h_transfer_recombination,recombination,0.8
edge_2251,ETFE,node_0042,node_1174,h_transfer_recombination,recombination,0.8
edge_2252,ETFE,node_0063,node_1174,h_transfer_recombination,recombination,0.8
edge_2253,ETFE,node_0042,node_1175,h_transfer_recombination,recombination,0.8
edge_2254,ETFE,node_0065,node_1175,h_transfer_recombination,recombination,0.8
edge_2255,ETFE,node_0042,node_1176,h_transfer_recombination,recombination,0.8
edge_2256,ETFE,node_0067,node_1176,h_transfer_recombination,recombination,0.8
edge_2257,ETFE,node_0042,node_1177,h_transfer_recombination,recombination,0.8
edge_2258,ETFE,node_0069,node_1177,h_transfer_recombination,recombination,0.8
edge_2259,ETFE,node_0042,node_1178,h_transfer_recombination,recombination,0.8
edge_2260,ETFE,node_0072,node_1178,h_transfer_recombination,recombination,0.8
edge_2261,ETFE,node_0042,node_1179,h_transfer_recombination,recombination,0.8
edge_2262,ETFE,node_0074,node_1179,h_transfer_recombination,recombination,0.8
edge_2263,ETFE,node_0042,node_1180,h_transfer_recombination,recombination,0.8
edge_2264,ETFE,node_0076,node_1180,h_transfer_recombination,recombination,0.8
edge_2265,ETFE,node_0042,node_1181,h_transfer_recombination,recombination,0.8
edge_2266,ETFE,node_0078,node_1181,h_transfer_recombination,recombination,0.8
edge_2267,ETFE,node_0042,node_1182,h_transfer_recombination,recombination,0.8
edge_2268,ETFE,node_0080,node_1182,h_transfer_recombination,recombination,0.8
edge_2269,ETFE,node_0042,node_1183,h_transfer_recombination,recombination,0.8
edge_2270,ETFE,node_0082,node_1183,h_transfer_recombination,recombination,0.8
edge_2271,ETFE,node_0042,node_1184,h_transfer_recombination,recombination,0.8
edge_2272,ETFE,node_0084,node_1184,h_transfer_recombination,recombination,0.8
edge_2273,ETFE,node_0042,node_1185,h_transfer_recombination,recombination,0.8
edge_2274,ETFE,node_0086,node_1185,h_transfer_recombination,recombination,0.8
edge_2275,ETFE,node_0042,node_1186,h_transfer_recombination,recombination,0.8
edge_2276,ETFE,node_0088,node_1186,h_transfer_recombination,recombination,0.8
edge_2277,ETFE,node_0042,node_1187,h_transfer_recombination,recombination,0.8
edge_2278,ETFE,node_0090,node_1187,h_transfer_recombination,recombination,0.8
edge_2279,ETFE,node_0042,node_1188,h_transfer_recombination,recombination,0.8
edge_2280,ETFE,node_0092,node_1188,h_transfer_recombination,recombination,0.8
edge_2281,ETFE,node_0042,node_1189,h_transfer_recombination,recombination,0.8
edge_2282,ETFE,node_0094,node_1189,h_transfer_recombination,recombination,0.8
edge_2283,ETFE,node_0044,node_1190,dehydrogenative_coupling,recombination,0.8
edge_2284,ETFE,node_0047,node_1190,dehydrogenative_coupling,recombination,0.8
edge_2285,ETFE,node_0044,node_1191,h_transfer_recombination,recombination,0.8
edge_2286,ETFE,node_0048,node_1191,h_transfer_recombination,recombination,0.8
edge_2287,ETFE,node_0044,node_1192,dehydrogenative_coupling,recombination,0.8
edge_2288,ETFE,node_0049,node_1192,dehydrogenative_coupling,recombination,0.8
edge_2289,ETFE,node_0044,node_1193,h_transfer_recombination,recombination,0.8
edge_2290,ETFE,node_0050,node_1193,h_transfer_recombination,recombination,0.8
edge_2291,ETFE,node_0044,node_1194,dehydrogenative_coupling,recombination,0.8
edge_2292,ETFE,node_0051,node_1194,dehydrogenative_coupling,recombination,0.8
edge_2293,ETFE,node_0044,node_1195,h_transfer_recombination,recombination,0.8
edge_2294,ETFE,node_0052,node_1195,h_transfer_recombination,recombination,0.8
edge_2295,ETFE,node_0044,node_1196,dehydrogenative_coupling,recombination,0.8
edge_2296,ETFE,node_0054,node_1196,dehydrogenative_coupling,recombination,0.8
edge_2297,ETFE,node_0044,node_1197,h_transfer_recombination,recombination,0.8
edge_2298,ETFE,node_0055,node_1197,h_transfer_recombination,recombination,0.8
edge_2299,ETFE,node_0044,node_1198,dehydrogenative_coupling,recombination,0.8
edge_2300,ETFE,node_0057,node_1198,dehydrogenative_coupling,recombination,0.8
edge_2301,ETFE,node_0044,node_1199,h_transfer_recombination,recombination,0.8
edge_2302,ETFE,node_0058,node_1199,h_transfer_recombination,recombination,0.8
edge_2303,ETFE,node_0044,node_1200,dehydrogenative_coupling,recombination,0.8
edge_2304,ETFE,node_0059,node_1200,dehydrogenative_coupling,recombination,0.8
edge_2305,ETFE,node_0044,node_1201,h_transfer_recombination,recombination,0.8
edge_2306,ETFE,node_0060,node_1201,h_transfer_recombination,recombination,0.8
edge_2307,ETFE,node_0044,node_1202,dehydrogenative_coupling,recombination,0.8
edge_2308,ETFE,node_0061,node_1202,dehydrogenative_coupling,recombination,0.8
edge_2309,ETFE,node_0044,node_1203,h_transfer_recombination,recombination,0.8
edge_2310,ETFE,node_0062,node_1203,h_transfer_recombination,recombination,0.8
edge_2311,ETFE,node_0044,node_1204,dehydrogenative_coupling,recombination,0.8
edge_2312,ETFE,node_0063,node_1204,dehydrogenative_coupling,recombination,0.8
edge_2313,ETFE,node_0044,node_1205,h_transfer_recombination,recombination,0.8
edge_2314,ETFE,node_0064,node_1205,h_transfer_recombination,recombination,0.8
edge_2315,ETFE,node_0044,node_1206,dehydrogenative_coupling,recombination,0.8
edge_2316,ETFE,node_0065,node_1206,dehydrogenative_coupling,recombination,0.8
edge_2317,ETFE,node_0044,node_1207,h_transfer_recombination,recombination,0.8
edge_2318,ETFE,node_0066,node_1207,h_transfer_recombination,recombination,0.8
edge_2319,ETFE,node_0044,node_1208,dehydrogenative_coupling,recombination,0.8
edge_2320,ETFE,node_0067,node_1208,dehydrogenative_coupling,recombination,0.8
edge_2321,ETFE,node_0044,node_1209,h_transfer_recombination,recombination,0.8
edge_2322,ETFE,node_0068,node_1209,h_transfer_recombination,recombination,0.8
edge_2323,ETFE,node_0044,node_1210,dehydrogenative_coupling,recombination,0.8
edge_2324,ETFE,node_0069,node_1210,dehydrogenative_coupling,recombination,0.8
edge_2325,ETFE,node_0044,node_1211,h_transfer_recombination,recombination,0.8
edge_2326,ETFE,node_0070,node_1211,h_transfer_recombination,recombination,0.8
edge_2327,ETFE,node_0044,node_1212,h_transfer_recombination,recombination,0.8
edge_2328,ETFE,node_0071,node_1212,h_transfer_recombination,recombination,0.8
edge_2329,ETFE,node_0044,node_1213,dehydrogenative_coupling,recombination,0.8
edge_2330,ETFE,node_0072,node_1213,dehydrogenative_coupling,recombination,0.8
edge_2331,ETFE,node_0044,node_1214,h_transfer_recombination,recombination,0.8
edge_2332,ETFE,node_0073,node_1214,h_transfer_recombination,recombination,0.8
edge_2333,ETFE,node_0044,node_1215,dehydrogenative_coupling,recombination,0.8
edge_2334,ETFE,node_0074,node_1215,dehydrogenative_coupling,recombination,0.8
edge_2335,ETFE,node_0044,node_1216,h_transfer_recombination,recombination,0.8
edge_2336,ETFE,node_0075,node_1216,h_transfer_recombination,recombination,0.8
edge_2337,ETFE,node_0044,node_1217,dehydrogenative_coupling,recombination,0.8
edge_2338,ETFE,node_0076,node_1217,dehydrogenative_coupling,recombination,0.8
edge_2339,ETFE,node_0044,node_1218,h_transfer_recombination,recombination,0.8
edge_2340,ETFE,node_0077,node_1218,h_transfer_recombination,recombination,0.8
edge_2341,ETFE,node_0044,node_1219,dehydrogenative_coupling,recombination,0.8
edge_2342,ETFE,node_0078,node_1219,dehydrogenative_coupling,recombination,0.8
edge_2343,ETFE,node_0044,node_1220,h_transfer_recombination,recombination,0.8
edge_2344,ETFE,node_0079,node_1220,h_transfer_recombination,recombination,0.8
edge_2345,ETFE,node_0044,node_1221,dehydrogenative_coupling,recombination,0.8
edge_2346,ETFE,node_0080,node_1221,dehydrogenative_coupling,recombination,0.8
edge_2347,ETFE,node_0044,node_1222,h_transfer_recombination,recombination,0.8
edge_2348,ETFE,node_0081,node_1222,h_transfer_recombination,recombination,0.8
edge_2349,ETFE,node_0044,node_1223,dehydrogenative_coupling,recombination,0.8
edge_2350,ETFE,node_0082,node_1223,dehydrogenative_coupling,recombination,0.8
edge_2351,ETFE,node_0044,node_1224,h_transfer_recombination,recombination,0.8
edge_2352,ETFE,node_0083,node_1224,h_transfer_recombination,recombination,0.8
edge_2353,ETFE,node_0044,node_1225,dehydrogenative_coupling,recombination,0.8
edge_2354,ETFE,node_0084,node_1225,dehydrogenative_coupling,recombination,0.8
edge_2355,ETFE,node_0044,node_1226,h_transfer_recombination,recombination,0.8
edge_2356,ETFE,node_0085,node_1226,h_transfer_recombination,recombination,0.8
edge_2357,ETFE,node_0044,node_1227,dehydrogenative_coupling,recombination,0.8
edge_2358,ETFE,node_0086,node_1227,dehydrogenative_coupling,recombination,0.8
edge_2359,ETFE,node_0044,node_1228,h_transfer_recombination,recombination,0.8
edge_2360,ETFE,node_0087,node_1228,h_transfer_recombination,recombination,0.8
edge_2361,ETFE,node_0044,node_1229,dehydrogenative_coupling,recombination,0.8
edge_2362,ETFE,node_0088,node_1229,dehydrogenative_coupling,recombination,0.8
edge_2363,ETFE,node_0044,node_1230,h_transfer_recombination,recombination,0.8
edge_2364,ETFE,node_0089,node_1230,h_transfer_recombination,recombination,0.8
edge_2365,ETFE,node_0044,node_1231,dehydrogenative_coupling,recombination,0.8
edge_2366,ETFE,node_0090,node_1231,dehydrogenative_coupling,recombination,0.8
edge_2367,ETFE,node_0044,node_1232,h_transfer_recombination,recombination,0.8
edge_2368,ETFE,node_0091,node_1232,h_transfer_recombination,recombination,0.8
edge_2369,ETFE,node_0044,node_1233,dehydrogenative_coupling,recombination,0.8
edge_2370,ETFE,node_0092,node_1233,dehydrogenative_coupling,recombination,0.8
edge_2371,ETFE,node_0044,node_1234,h_transfer_recombination,recombination,0.8
edge_2372,ETFE,node_0093,node_1234,h_transfer_recombination,recombination,0.8
edge_2373,ETFE,node_0044,node_1235,dehydrogenative_coupling,recombination,0.8
edge_2374,ETFE,node_0094,node_1235,dehydrogenative_coupling,recombination,0.8
edge_2375,ETFE,node_0044,node_1236,h_transfer_recombination,recombination,0.8
edge_2376,ETFE,node_0095,node_1236,h_transfer_recombination,recombination,0.8
edge_2377,ETFE,node_0045,node_1237,h_transfer_recombination,recombination,0.8
edge_2378,ETFE,node_0047,node_1237,h_transfer_recombination,recombination,0.8
edge_2379,ETFE,node_0045,node_1238,h_transfer_recombination,recombination,0.8
edge_2380,ETFE,node_0049,node_1238,h_transfer_recombination,recombination,0.8
edge_2381,ETFE,node_0045,node_1239,h_transfer_recombination,recombination,0.8
edge_2382,ETFE,node_0051,node_1239,h_transfer_recombination,recombination,0.8
edge_2383,ETFE,node_0045,node_1240,h_transfer_recombination,recombination,0.8
edge_2384,ETFE,node_0054,node_1240,h_transfer_recombination,recombination,0.8
edge_2385,ETFE,node_0045,node_1241,h_transfer_recombination,recombination,0.8
edge_2386,ETFE,node_0057,node_1241,h_transfer_recombination,recombination,0.8
edge_2387,ETFE,node_0045,node_1242,h_transfer_recombination,recombination,0.8
edge_2388,ETFE,node_0059,node_1242,h_transfer_recombination,recombination,0.8
edge_2389,ETFE,node_0045,node_1243,h_transfer_recombination,recombination,0.8
edge_2390,ETFE,node_0061,node_1243,h_transfer_recombination,recombination,0.8
edge_2391,ETFE,node_0045,node_1244,h_transfer_recombination,recombination,0.8
edge_2392,ETFE,node_0063,node_1244,h_transfer_recombination,recombination,0.8
edge_2393,ETFE,node_0045,node_1245,h_transfer_recombination,recombination,0.8
edge_2394,ETFE,node_0065,node_1245,h_transfer_recombination,recombination,0.8
edge_2395,ETFE,node_0045,node_1246,h_transfer_recombination,recombination,0.8
edge_2396,ETFE,node_0067,node_1246,h_transfer_recombination,recombination,0.8
edge_2397,ETFE,node_0045,node_1247,h_transfer_recombination,recombination,0.8
edge_2398,ETFE,node_0069,node_1247,h_transfer_recombination,recombination,0.8
edge_2399,ETFE,node_0045,node_1248,h_transfer_recombination,recombination,0.8
edge_2400,ETFE,node_0072,node_1248,h_transfer_recombination,recombination,0.8
edge_2401,ETFE,node_0045,node_1249,h_transfer_recombination,recombination,0.8
edge_2402,ETFE,node_0074,node_1249,h_transfer_recombination,recombination,0.8
edge_2403,ETFE,node_0045,node_1250,h_transfer_recombination,recombination,0.8
edge_2404,ETFE,node_0076,node_1250,h_transfer_recombination,recombination,0.8
edge_2405,ETFE,node_0045,node_1251,h_transfer_recombination,recombination,0.8
edge_2406,ETFE,node_0078,node_1251,h_transfer_recombination,recombination,0.8
edge_2407,ETFE,node_0045,node_1252,h_transfer_recombination,recombination,0.8
edge_2408,ETFE,node_0080,node_1252,h_transfer_recombination,recombination,0.8
edge_2409,ETFE,node_0045,node_1253,h_transfer_recombination,recombination,0.8
edge_2410,ETFE,node_0082,node_1253,h_transfer_recombination,recombination,0.8
edge_2411,ETFE,node_0045,node_1254,h_transfer_recombination,recombination,0.8
edge_2412,ETFE,node_0084,node_1254,h_transfer_recombination,recombination,0.8
edge_2413,ETFE,node_0045,node_1255,h_transfer_recombination,recombination,0.8
edge_2414,ETFE,node_0086,node_1255,h_transfer_recombination,recombination,0.8
edge_2415,ETFE,node_0045,node_1256,h_transfer_recombination,recombination,0.8
edge_2416,ETFE,node_0088,node_1256,h_transfer_recombination,recombination,0.8
edge_2417,ETFE,node_0045,node_1257,h_transfer_recombination,recombination,0.8
edge_2418,ETFE,node_0090,node_1257,h_transfer_recombination,recombination,0.8
edge_2419,ETFE,node_0045,node_1258,h_transfer_recombination,recombination,0.8
edge_2420,ETFE,node_0092,node_1258,h_transfer_recombination,recombination,0.8
edge_2421,ETFE,node_0045,node_1259,h_transfer_recombination,recombination,0.8
edge_2422,ETFE,node_0094,node_1259,h_transfer_recombination,recombination,0.8
edge_2423,ETFE,node_0047,node_1260,dehydrogenative_coupling,recombination,0.8
edge_2424,ETFE,node_0049,node_1260,dehydrogenative_coupling,recombination,0.8
edge_2425,ETFE,node_0047,node_1261,h_transfer_recombination,recombination,0.8
edge_2426,ETFE,node_0050,node_1261,h_transfer_recombination,recombination,0.8
edge_2427,ETFE,node_0047,node_1262,dehydrogenative_coupling,recombination,0.8
edge_2428,ETFE,node_0051,node_1262,dehydrogenative_coupling,recombination,0.8
edge_2429,ETFE,node_0047,node_1263,h_transfer_recombination,recombination,0.8
edge_2430,ETFE,node_0052,node_1263,h_transfer_recombination,recombination,0.8
edge_2431,ETFE,node_0047,node_1264,dehydrogenative_coupling,recombination,0.8
edge_2432,ETFE,node_0054,node_1264,dehydrogenative_coupling,recombination,0.8
edge_2433,ETFE,node_0047,node_1265,h_transfer_recombination,recombination,0.8
edge_2434,ETFE,node_0055,node_1265,h_transfer_recombination,recombination,0.8
edge_2435,ETFE,node_0047,node_1266,dehydrogenative_coupling,recombination,0.8
edge_2436,ETFE,node_0057,node_1266,dehydrogenative_coupling,recombination,0.8
edge_2437,ETFE,node_0047,node_1267,h_transfer_recombination,recombination,0.8
edge_2438,ETFE,node_0058,node_1267,h_transfer_recombination,recombination,0.8
edge_2439,ETFE,node_0047,node_1268,dehydrogenative_coupling,recombination,0.8
edge_2440,ETFE,node_0059,node_1268,dehydrogenative_coupling,recombination,0.8
edge_2441,ETFE,node_0047,node_1269,h_transfer_recombination,recombination,0.8
edge_2442,ETFE,node_0060,node_1269,h_transfer_recombination,recombination,0.8
edge_2443,ETFE,node_0047,node_1270,dehydrogenative_coupling,recombination,0.8
edge_2444,ETFE,node_0061,node_1270,dehydrogenative_coupling,recombination,0.8
edge_2445,ETFE,node_0047,node_1271,h_transfer_recombination,recombination,0.8
edge_2446,ETFE,node_0062,node_1271,h_transfer_recombination,recombination,0.8
edge_2447,ETFE,node_0047,node_1272,dehydrogenative_coupling,recombination,0.8
edge_2448,ETFE,node_0063,node_1272,dehydrogenative_coupling,recombination,0.8
edge_2449,ETFE,node_0047,node_1273,h_transfer_recombination,recombination,0.8
edge_2450,ETFE,node_0064,node_1273,h_transfer_recombination,recombination,0.8
edge_2451,ETFE,node_0047,node_1274,dehydrogenative_coupling,recombination,0.8
edge_2452,ETFE,node_0065,node_1274,dehydrogenative_coupling,recombination,0.8
edge_2453,ETFE,node_0047,node_1275,h_transfer_recombination,recombination,0.8
edge_2454,ETFE,node_0066,node_1275,h_transfer_recombination,recombination,0.8
edge_2455,ETFE,node_0047,node_1276,dehydrogenative_coupling,recombination,0.8
edge_2456,ETFE,node_0067,node_1276,dehydrogenative_coupling,recombination,0.8
edge_2457,ETFE,node_0047,node_1277,h_transfer_recombination,recombination,0.8
edge_2458,ETFE,node_0068,node_1277,h_transfer_recombination,recombination,0.8
edge_2459,ETFE,node_0047,node_1278,dehydrogenative_coupling,recombination,0.8
edge_2460,ETFE,node_0069,node_1278,dehydrogenative_coupling,recombination,0.8
edge_2461,ETFE,node_0047,node_1279,h_transfer_recombination,recombination,0.8
edge_2462,ETFE,node_0070,node_1279,h_transfer_recombination,recombination,0.8
edge_2463,ETFE,node_0047,node_1280,h_transfer_recombination,recombination,0.8
edge_2464,ETFE,node_0071,node_1280,h_transfer_recombination,recombination,0.8
edge_2465,ETFE,node_0047,node_1281,dehydrogenative_coupling,recombination,0.8
edge_2466,ETFE,node_0072,node_1281,dehydrogenative_coupling,recombination,0.8
edge_2467,ETFE,node_0047,node_1282,h_transfer_recombination,recombination,0.8
edge_2468,ETFE,node_0073,node_1282,h_transfer_recombination,recombination,0.8
edge_2469,ETFE,node_0047,node_1283,dehydrogenative_coupling,recombination,0.8
edge_2470,ETFE,node_0074,node_1283,dehydrogenative_coupling,recombination,0.8
edge_2471,ETFE,node_0047,node_1284,h_transfer_recombination,recombination,0.8
edge_2472,ETFE,node_0075,node_1284,h_transfer_recombination,recombination,0.8
edge_2473,ETFE,node_0047,node_1285,dehydrogenative_coupling,recombination,0.8
edge_2474,ETFE,node_0076,node_1285,dehydrogenative_coupling,recombination,0.8
edge_2475,ETFE,node_0047,node_1286,h_transfer_recombination,recombination,0.8
edge_2476,ETFE,node_0077,node_1286,h_transfer_recombination,recombination,0.8
edge_2477,ETFE,node_0047,node_1287,dehydrogenative_coupling,recombination,0.8
edge_2478,ETFE,node_0078,node_1287,dehydrogenative_coupling,recombination,0.8
edge_2479,ETFE,node_0047,node_1288,h_transfer_recombination,recombination,0.8
edge_2480,ETFE,node_0079,node_1288,h_transfer_recombination,recombination,0.8
edge_2481,ETFE,node_0047,node_1289,dehydrogenative_coupling,recombination,0.8
edge_2482,ETFE,node_0080,node_1289,dehydrogenative_coupling,recombination,0.8
edge_2483,ETFE,node_0047,node_1290,h_transfer_recombination,recombination,0.8
edge_2484,ETFE,node_0081,node_1290,h_transfer_recombination,recombination,0.8
edge_2485,ETFE,node_0047,node_1291,dehydrogenative_coupling,recombination,0.8
edge_2486,ETFE,node_0082,node_1291,dehydrogenative_coupling,recombination,0.8
edge_2487,ETFE,node_0047,node_1292,h_transfer_recombination,recombination,0.8
edge_2488,ETFE,node_0083,node_1292,h_transfer_recombination,recombination,0.8
edge_2489,ETFE,node_0047,node_1293,dehydrogenative_coupling,recombination,0.8
edge_2490,ETFE,node_0084,node_1293,dehydrogenative_coupling,recombination,0.8
edge_2491,ETFE,node_0047,node_1294,h_transfer_recombination,recombination,0.8
edge_2492,ETFE,node_0085,node_1294,h_transfer_recombination,recombination,0.8
edge_2493,ETFE,node_0047,node_1295,dehydrogenative_coupling,recombination,0.8
edge_2494,ETFE,node_0086,node_1295,dehydrogenative_coupling,recombination,0.8
edge_2495,ETFE,node_0047,node_1296,h_transfer_recombination,recombination,0.8
edge_2496,ETFE,node_0087,node_1296,h_transfer_recombination,recombination,0.8
edge_2497,ETFE,node_0047,node_1297,dehydrogenative_coupling,recombination,0.8
edge_2498,ETFE,node_0088,node_1297,dehydrogenative_coupling,recombination,0.8
edge_2499,ETFE,node_0047,node_1298,h_transfer_recombination,recombination,0.8
edge_2500,ETFE,node_0089,node_1298,h_transfer_recombination,recombination,0.8
edge_2501,ETFE,node_0047,node_1299,dehydrogenative_coupling,recombination,0.8
edge_2502,ETFE,node_0090,node_1299,dehydrogenative_coupling,recombination,0.8
edge_2503,ETFE,node_0047,node_1300,h_transfer_recombination,recombination,0.8
edge_2504,ETFE,node_0091,node_1300,h_transfer_recombination,recombination,0.8
edge_2505,ETFE,node_0047,node_1301,dehydrogenative_coupling,recombination,0.8
edge_2506,ETFE,node_0092,node_1301,dehydrogenative_coupling,recombination,0.8
edge_2507,ETFE,node_0047,node_1302,h_transfer_recombination,recombination,0.8
edge_2508,ETFE,node_0093,node_1302,h_transfer_recombination,recombination,0.8
edge_2509,ETFE,node_0047,node_1303,dehydrogenative_coupling,recombination,0.8
edge_2510,ETFE,node_0094,node_1303,dehydrogenative_coupling,recombination,0.8
edge_2511,ETFE,node_0047,node_1304,h_transfer_recombination,recombination,0.8
edge_2512,ETFE,node_0095,node_1304,h_transfer_recombination,recombination,0.8
edge_2513,ETFE,node_0048,node_1305,h_transfer_recombination,recombination,0.8
edge_2514,ETFE,node_0049,node_1305,h_transfer_recombination,recombination,0.8
edge_2515,ETFE,node_0048,node_1306,h_transfer_recombination,recombination,0.8
edge_2516,ETFE,node_0051,node_1306,h_transfer_recombination,recombination,0.8
edge_2517,ETFE,node_0048,node_1307,h_transfer_recombination,recombination,0.8
edge_2518,ETFE,node_0054,node_1307,h_transfer_recombination,recombination,0.8
edge_2519,ETFE,node_0048,node_1308,h_transfer_recombination,recombination,0.8
edge_2520,ETFE,node_0057,node_1308,h_transfer_recombination,recombination,0.8
edge_2521,ETFE,node_0048,node_1309,h_transfer_recombination,recombination,0.8
edge_2522,ETFE,node_0059,node_1309,h_transfer_recombination,recombination,0.8
edge_2523,ETFE,node_0048,node_1310,h_transfer_recombination,recombination,0.8
edge_2524,ETFE,node_0061,node_1310,h_transfer_recombination,recombination,0.8
edge_2525,ETFE,node_0048,node_1311,h_transfer_recombination,recombination,0.8
edge_2526,ETFE,node_0063,node_1311,h_transfer_recombination,recombination,0.8
edge_2527,ETFE,node_0048,node_1312,h_transfer_recombination,recombination,0.8
edge_2528,ETFE,node_0065,node_1312,h_transfer_recombination,recombination,0.8
edge_2529,ETFE,node_0048,node_1313,h_transfer_recombination,recombination,0.8
edge_2530,ETFE,node_0067,node_1313,h_transfer_recombination,recombination,0.8
edge_2531,ETFE,node_0048,node_1314,h_transfer_recombination,recombination,0.8
edge_2532,ETFE,node_0069,node_1314,h_transfer_recombination,recombination,0.8
edge_2533,ETFE,node_0048,node_1315,h_transfer_recombination,recombination,0.8
edge_2534,ETFE,node_0072,node_1315,h_transfer_recombination,recombination,0.8
edge_2535,ETFE,node_0048,node_1316,h_transfer_recombination,recombination,0.8
edge_2536,ETFE,node_0074,node_1316,h_transfer_recombination,recombination,0.8
edge_2537,ETFE,node_0048,node_1317,h_transfer_recombination,recombination,0.8
edge_2538,ETFE,node_0076,node_1317,h_transfer_recombination,recombination,0.8
edge_2539,ETFE,node_0048,node_1318,h_transfer_recombination,recombination,0.8
edge_2540,ETFE,node_0078,node_1318,h_transfer_recombination,recombination,0.8
edge_2541,ETFE,node_0048,node_1319,h_transfer_recombination,recombination,0.8
edge_2542,ETFE,node_0080,node_1319,h_transfer_recombination,recombination,0.8
edge_2543,ETFE,node_0048,node_1320,h_transfer_recombination,recombination,0.8
edge_2544,ETFE,node_0082,node_1320,h_transfer_recombination,recombination,0.8
edge_2545,ETFE,node_0048,node_1321,h_transfer_recombination,recombination,0.8
edge_2546,ETFE,node_0084,node_1321,h_transfer_recombination,recombination,0.8
edge_2547,ETFE,node_0048,node_1322,h_transfer_recombination,recombination,0.8
edge_2548,ETFE,node_0086,node_1322,h_transfer_recombination,recombination,0.8
edge_2549,ETFE,node_0048,node_1323,h_transfer_recombination,recombination,0.8
edge_2550,ETFE,node_0088,node_1323,h_transfer_recombination,recombination,0.8
edge_2551,ETFE,node_0048,node_1324,h_transfer_recombination,recombination,0.8
edge_2552,ETFE,node_0090,node_1324,h_transfer_recombination,recombination,0.8
edge_2553,ETFE,node_0048,node_1325,h_transfer_recombination,recombination,0.8
edge_2554,ETFE,node_0092,node_1325,h_transfer_recombination,recombination,0.8
edge_2555,ETFE,node_0048,node_1326,h_transfer_recombination,recombination,0.8
edge_2556,ETFE,node_0094,node_1326,h_transfer_recombination,recombination,0.8
edge_2557,ETFE,node_0049,node_1327,dehydrogenative_coupling,recombination,0.8
edge_2558,ETFE,node_0051,node_1327,dehydrogenative_coupling,recombination,0.8
edge_2559,ETFE,node_0049,node_1328,h_transfer_recombination,recombination,0.8
edge_2560,ETFE,node_0052,node_1328,h_transfer_recombination,recombination,0.8
edge_2561,ETFE,node_0049,node_1329,dehydrogenative_coupling,recombination,0.8
edge_2562,ETFE,node_0054,node_1329,dehydrogenative_coupling,recombination,0.8
edge_2563,ETFE,node_0049,node_1330,h_transfer_recombination,recombination,0.8
edge_2564,ETFE,node_0055,node_1330,h_transfer_recombination,recombination,0.8
edge_2565,ETFE,node_0049,node_1331,dehydrogenative_coupling,recombination,0.8
edge_2566,ETFE,node_0057,node_1331,dehydrogenative_coupling,recombination,0.8
edge_2567,ETFE,node_0049,node_1332,h_transfer_recombination,recombination,0.8
edge_2568,ETFE,node_0058,node_1332,h_transfer_recombination,recombination,0.8
edge_2569,ETFE,node_0049,node_1333,dehydrogenative_coupling,recombination,0.8
edge_2570,ETFE,node_0059,node_1333,dehydrogenative_coupling,recombination,0.8
edge_2571,ETFE,node_0049,node_1334,h_transfer_recombination,recombination,0.8
edge_2572,ETFE,node_0060,node_1334,h_transfer_recombination,recombination,0.8
edge_2573,ETFE,node_0049,node_1335,dehydrogenative_coupling,recombination,0.8
edge_2574,ETFE,node_0061,node_1335,dehydrogenative_coupling,recombination,0.8
edge_2575,ETFE,node_0049,node_1336,h_transfer_recombination,recombination,0.8
edge_2576,ETFE,node_0062,node_1336,h_transfer_recombination,recombination,0.8
edge_2577,ETFE,node_0049,node_1337,dehydrogenative_coupling,recombination,0.8
edge_2578,ETFE,node_0063,node_1337,dehydrogenative_coupling,recombination,0.8
edge_2579,ETFE,node_0049,node_1338,h_transfer_recombination,recombination,0.8
edge_2580,ETFE,node_0064,node_1338,h_transfer_recombination,recombination,0.8
edge_2581,ETFE,node_0049,node_1339,dehydrogenative_coupling,recombination,0.8
edge_2582,ETFE,node_0065,node_1339,dehydrogenative_coupling,recombination,0.8
edge_2583,ETFE,node_0049,node_1340,h_transfer_recombination,recombination,0.8
edge_2584,ETFE,node_0066,node_1340,h_transfer_recombination,recombination,0.8
edge_2585,ETFE,node_0049,node_1341,dehydrogenative_coupling,recombination,0.8
edge_2586,ETFE,node_0067,node_1341,dehydrogenative_coupling,recombination,0.8
edge_2587,ETFE,node_0049,node_1342,h_transfer_recombination,recombination,0.8
edge_2588,ETFE,node_0068,node_1342,h_transfer_recombination,recombination,0.8
edge_2589,ETFE,node_0049,node_1343,dehydrogenative_coupling,recombination,0.8
edge_2590,ETFE,node_0069,node_1343,dehydrogenative_coupling,recombination,0.8
edge_2591,ETFE,node_0049,node_1344,h_transfer_recombination,recombination,0.8
edge_2592,ETFE,node_0070,node_1344,h_transfer_recombination,recombination,0.8
edge_2593,ETFE,node_0049,node_1345,h_transfer_recombination,recombination,0.8
edge_2594,ETFE,node_0071,node_1345,h_transfer_recombination,recombination,0.8
edge_2595,ETFE,node_0049,node_1346,dehydrogenative_coupling,recombination,0.8
edge_2596,ETFE,node_0072,node_1346,dehydrogenative_coupling,recombination,0.8
edge_2597,ETFE,node_0049,node_1347,h_transfer_recombination,recombination,0.8
edge_2598,ETFE,node_0073,node_1347,h_transfer_recombination,recombination,0.8
edge_2599,ETFE,node_0049,node_1348,dehydrogenative_coupling,recombination,0.8
edge_2600,ETFE,node_0074,node_1348,dehydrogenative_coupling,recombination,0.8
edge_2601,ETFE,node_0049,node_1349,h_transfer_recombination,recombination,0.8
edge_2602,ETFE,node_0075,node_1349,h_transfer_recombination,recombination,0.8
edge_2603,ETFE,node_0049,node_1350,dehydrogenative_coupling,recombination,0.8
edge_2604,ETFE,node_0076,node_1350,dehydrogenative_coupling,recombination,0.8
edge_2605,ETFE,node_0049,node_1351,h_transfer_recombination,recombination,0.8
edge_2606,ETFE,node_0077,node_1351,h_transfer_recombination,recombination,0.8
edge_2607,ETFE,node_0049,node_1352,dehydrogenative_coupling,recombination,0.8
edge_2608,ETFE,node_0078,node_1352,dehydrogenative_coupling,recombination,0.8
edge_2609,ETFE,node_0049,node_1353,h_transfer_recombination,recombination,0.8
edge_2610,ETFE,node_0079,node_1353,h_transfer_recombination,recombination,0.8
edge_2611,ETFE,node_0049,node_1354,dehydrogenative_coupling,recombination,0.8
edge_2612,ETFE,node_0080,node_1354,dehydrogenative_coupling,recombination,0.8
edge_2613,ETFE,node_0049,node_1355,h_transfer_recombination,recombination,0.8
edge_2614,ETFE,node_0081,node_1355,h_transfer_recombination,recombination,0.8
edge_2615,ETFE,node_0049,node_1356,dehydrogenative_coupling,recombination,0.8
edge_2616,ETFE,node_0082,node_1356,dehydrogenative_coupling,recombination,0.8
edge_2617,ETFE,node_0049,node_1357,h_transfer_recombination,recombination,0.8
edge_2618,ETFE,node_0083,node_1357,h_transfer_recombination,recombination,0.8
edge_2619,ETFE,node_0049,node_1358,dehydrogenative_coupling,recombination,0.8
edge_2620,ETFE,node_0084,node_1358,dehydrogenative_coupling,recombination,0.8
edge_2621,ETFE,node_0049,node_1359,h_transfer_recombination,recombination,0.8
edge_2622,ETFE,node_0085,node_1359,h_transfer_recombination,recombination,0.8
edge_2623,ETFE,node_0049,node_1360,dehydrogenative_coupling,recombination,0.8
edge_2624,ETFE,node_0086,node_1360,dehydrogenative_coupling,recombination,0.8
edge_2625,ETFE,node_0049,node_1361,h_transfer_recombination,recombination,0.8
edge_2626,ETFE,node_0087,node_1361,h_transfer_recombination,recombination,0.8
edge_2627,ETFE,node_0049,node_1362,dehydrogenative_coupling,recombination,0.8
edge_2628,ETFE,node_0088,node_1362,dehydrogenative_coupling,recombination,0.8
edge_2629,ETFE,node_0049,node_1363,h_transfer_recombination,recombination,0.8
edge_2630,ETFE,node_0089,node_1363,h_transfer_recombination,recombination,0.8
edge_2631,ETFE,node_0049,node_1364,dehydrogenative_coupling,recombination,0.8
edge_2632,ETFE,node_0090,node_1364,dehydrogenative_coupling,recombination,0.8
edge_2633,ETFE,node_0049,node_1365,h_transfer_recombination,recombination,0.8
edge_2634,ETFE,node_0091,node_1365,h_transfer_recombination,recombination,0.8
edge_2635,ETFE,node_0049,node_1366,dehydrogenative_coupling,recombination,0.8
edge_2636,ETFE,node_0092,node_1366,dehydrogenative_coupling,recombination,0.8
edge_2637,ETFE,node_0049,node_1367,h_transfer_recombination,recombination,0.8
edge_2638,ETFE,node_0093,node_1367,h_transfer_recombination,recombination,0.8
edge_2639,ETFE,node_0049,node_1368,dehydrogenative_coupling,recombination,0.8
edge_2640,ETFE,node_0094,node_1368,dehydrogenative_coupling,recombination,0.8
edge_2641,ETFE,node_0049,node_1369,h_transfer_recombination,recombination,0.8
edge_2642,ETFE,node_0095,node_1369,h_transfer_recombination,recombination,0.8
edge_2643,ETFE,node_0050,node_1370,h_transfer_recombination,recombination,0.8
edge_2644,ETFE,node_0051,node_1370,h_transfer_recombination,recombination,0.8
edge_2645,ETFE,node_0050,node_1371,h_transfer_recombination,recombination,0.8
edge_2646,ETFE,node_0054,node_1371,h_transfer_recombination,recombination,0.8
edge_2647,ETFE,node_0050,node_1372,h_transfer_recombination,recombination,0.8
edge_2648,ETFE,node_0057,node_1372,h_transfer_recombination,recombination,0.8
edge_2649,ETFE,node_0050,node_1373,h_transfer_recombination,recombination,0.8
edge_2650,ETFE,node_0059,node_1373,h_transfer_recombination,recombination,0.8
edge_2651,ETFE,node_0050,node_1374,h_transfer_recombination,recombination,0.8
edge_2652,ETFE,node_0061,node_1374,h_transfer_recombination,recombination,0.8
edge_2653,ETFE,node_0050,node_1375,h_transfer_recombination,recombination,0.8
edge_2654,ETFE,node_0063,node_1375,h_transfer_recombination,recombination,0.8
edge_2655,ETFE,node_0050,node_1376,h_transfer_recombination,recombination,0.8
edge_2656,ETFE,node_0065,node_1376,h_transfer_recombination,recombination,0.8
edge_2657,ETFE,node_0050,node_1377,h_transfer_recombination,recombination,0.8
edge_2658,ETFE,node_0067,node_1377,h_transfer_recombination,recombination,0.8
edge_2659,ETFE,node_0050,node_1378,h_transfer_recombination,recombination,0.8
edge_2660,ETFE,node_0069,node_1378,h_transfer_recombination,recombination,0.8
edge_2661,ETFE,node_0050,node_1379,h_transfer_recombination,recombination,0.8
edge_2662,ETFE,node_0072,node_1379,h_transfer_recombination,recombination,0.8
edge_2663,ETFE,node_0050,node_1380,h_transfer_recombination,recombination,0.8
edge_2664,ETFE,node_0074,node_1380,h_transfer_recombination,recombination,0.8
edge_2665,ETFE,node_0050,node_1381,h_transfer_recombination,recombination,0.8
edge_2666,ETFE,node_0076,node_1381,h_transfer_recombination,recombination,0.8
edge_2667,ETFE,node_0050,node_1382,h_transfer_recombination,recombination,0.8
edge_2668,ETFE,node_0078,node_1382,h_transfer_recombination,recombination,0.8
edge_2669,ETFE,node_0050,node_1383,h_transfer_recombination,recombination,0.8
edge_2670,ETFE,node_0080,node_1383,h_transfer_recombination,recombination,0.8
edge_2671,ETFE,node_0050,node_1384,h_transfer_recombination,recombination,0.8
edge_2672,ETFE,node_0082,node_1384,h_transfer_recombination,recombination,0.8
edge_2673,ETFE,node_0050,node_1385,h_transfer_recombination,recombination,0.8
edge_2674,ETFE,node_0084,node_1385,h_transfer_recombination,recombination,0.8
edge_2675,ETFE,node_0050,node_1386,h_transfer_recombination,recombination,0.8
edge_2676,ETFE,node_0086,node_1386,h_transfer_recombination,recombination,0.8
edge_2677,ETFE,node_0050,node_1387,h_transfer_recombination,recombination,0.8
edge_2678,ETFE,node_0088,node_1387,h_transfer_recombination,recombination,0.8
edge_2679,ETFE,node_0050,node_1388,h_transfer_recombination,recombination,0.8
edge_2680,ETFE,node_0090,node_1388,h_transfer_recombination,recombination,0.8
edge_2681,ETFE,node_0050,node_1389,h_transfer_recombination,recombination,0.8
edge_2682,ETFE,node_0092,node_1389,h_transfer_recombination,recombination,0.8
edge_2683,ETFE,node_0050,node_1390,h_transfer_recombination,recombination,0.8
edge_2684,ETFE,node_0094,node_1390,h_transfer_recombination,recombination,0.8
edge_2685,ETFE,node_0051,node_1391,dehydrogenative_coupling,recombination,0.8
edge_2686,ETFE,node_0054,node_1391,dehydrogenative_coupling,recombination,0.8
edge_2687,ETFE,node_0051,node_1392,h_transfer_recombination,recombination,0.8
edge_2688,ETFE,node_0055,node_1392,h_transfer_recombination,recombination,0.8
edge_2689,ETFE,node_0051,node_1393,dehydrogenative_coupling,recombination,0.8
edge_2690,ETFE,node_0057,node_1393,dehydrogenative_coupling,recombination,0.8
edge_2691,ETFE,node_0051,node_1394,h_transfer_recombination,recombination,0.8
edge_2692,ETFE,node_0058,node_1394,h_transfer_recombination,recombination,0.8
edge_2693,ETFE,node_0051,node_1395,dehydrogenative_coupling,recombination,0.8
edge_2694,ETFE,node_0059,node_1395,dehydrogenative_coupling,recombination,0.8
edge_2695,ETFE,node_0051,node_1396,h_transfer_recombination,recombination,0.8
edge_2696,ETFE,node_0060,node_1396,h_transfer_recombination,recombination,0.8
edge_2697,ETFE,node_0051,node_1397,dehydrogenative_coupling,recombination,0.8
edge_2698,ETFE,node_0061,node_1397,dehydrogenative_coupling,recombination,0.8
edge_2699,ETFE,node_0051,node_1398,h_transfer_recombination,recombination,0.8
edge_2700,ETFE,node_0062,node_1398,h_transfer_recombination,recombination,0.8
edge_2701,ETFE,node_0051,node_1399,dehydrogenative_coupling,recombination,0.8
edge_2702,ETFE,node_0063,node_1399,dehydrogenative_coupling,recombination,0.8
edge_2703,ETFE,node_0051,node_1400,h_transfer_recombination,recombination,0.8
edge_2704,ETFE,node_0064,node_1400,h_transfer_recombination,recombination,0.8
edge_2705,ETFE,node_0051,node_1401,dehydrogenative_coupling,recombination,0.8
edge_2706,ETFE,node_0065,node_1401,dehydrogenative_coupling,recombination,0.8
edge_2707,ETFE,node_0051,node_1402,h_transfer_recombination,recombination,0.8
edge_2708,ETFE,node_0066,node_1402,h_transfer_recombination,recombination,0.8
edge_2709,ETFE,node_0051,node_1403,dehydrogenative_coupling,recombination,0.8
edge_2710,ETFE,node_0067,node_1403,dehydrogenative_coupling,recombination,0.8
edge_2711,ETFE,node_0051,node_1404,h_transfer_recombination,recombination,0.8
edge_2712,ETFE,node_0068,node_1404,h_transfer_recombination,recombination,0.8
edge_2713,ETFE,node_0051,node_1405,dehydrogenative_coupling,recombination,0.8
edge_2714,ETFE,node_0069,node_1405,dehydrogenative_coupling,recombination,0.8
edge_2715,ETFE,node_0051,node_1406,h_transfer_recombination,recombination,0.8
edge_2716,ETFE,node_0070,node_1406,h_transfer_recombination,recombination,0.8
edge_2717,ETFE,node_0051,node_1407,h_transfer_recombination,recombination,0.8
edge_2718,ETFE,node_0071,node_1407,h_transfer_recombination,recombination,0.8
edge_2719,ETFE,node_0051,node_1408,dehydrogenative_coupling,recombination,0.8
edge_2720,ETFE,node_0072,node_1408,dehydrogenative_coupling,recombination,0.8
edge_2721,ETFE,node_0051,node_1409,h_transfer_recombination,recombination,0.8
edge_2722,ETFE,node_0073,node_1409,h_transfer_recombination,recombination,0.8
edge_2723,ETFE,node_0051,node_1410,dehydrogenative_coupling,recombination,0.8
edge_2724,ETFE,node_0074,node_1410,dehydrogenative_coupling,recombination,0.8
edge_2725,ETFE,node_0051,node_1411,h_transfer_recombination,recombination,0.8
edge_2726,ETFE,node_0075,node_1411,h_transfer_recombination,recombination,0.8
edge_2727,ETFE,node_0051,node_1412,dehydrogenative_coupling,recombination,0.8
edge_2728,ETFE,node_0076,node_1412,dehydrogenative_coupling,recombination,0.8
edge_2729,ETFE,node_0051,node_1413,h_transfer_recombination,recombination,0.8
edge_2730,ETFE,node_0077,node_1413,h_transfer_recombination,recombination,0.8
edge_2731,ETFE,node_0051,node_1414,dehydrogenative_coupling,recombination,0.8
edge_2732,ETFE,node_0078,node_1414,dehydrogenative_coupling,recombination,0.8
edge_2733,ETFE,node_0051,node_1415,h_transfer_recombination,recombination,0.8
edge_2734,ETFE,node_0079,node_1415,h_transfer_recombination,recombination,0.8
edge_2735,ETFE,node_0051,node_1416,dehydrogenative_coupling,recombination,0.8
edge_2736,ETFE,node_0080,node_1416,dehydrogenative_coupling,recombination,0.8
edge_2737,ETFE,node_0051,node_1417,h_transfer_recombination,recombination,0.8
edge_2738,ETFE,node_0081,node_1417,h_transfer_recombination,recombination,0.8
edge_2739,ETFE,node_0051,node_1418,dehydrogenative_coupling,recombination,0.8
edge_2740,ETFE,node_0082,node_1418,dehydrogenative_coupling,recombination,0.8
edge_2741,ETFE,node_0051,node_1419,h_transfer_recombination,recombination,0.8
edge_2742,ETFE,node_0083,node_1419,h_transfer_recombination,recombination,0.8
edge_2743,ETFE,node_0051,node_1420,dehydrogenative_coupling,recombination,0.8
edge_2744,ETFE,node_0084,node_1420,dehydrogenative_coupling,recombination,0.8
edge_2745,ETFE,node_0051,node_1421,h_transfer_recombination,recombination,0.8
edge_2746,ETFE,node_0085,node_1421,h_transfer_recombination,recombination,0.8
edge_2747,ETFE,node_0051,node_1422,dehydrogenative_coupling,recombination,0.8
edge_2748,ETFE,node_0086,node_1422,dehydrogenative_coupling,recombination,0.8
edge_2749,ETFE,node_0051,node_1423,h_transfer_recombination,recombination,0.8
edge_2750,ETFE,node_0087,node_1423,h_transfer_recombination,recombination,0.8
edge_2751,ETFE,node_0051,node_1424,dehydrogenative_coupling,recombination,0.8
edge_2752,ETFE,node_0088,node_1424,dehydrogenative_coupling,recombination,0.8
edge_2753,ETFE,node_0051,node_1425,h_transfer_recombination,recombination,0.8
edge_2754,ETFE,node_0089,node_1425,h_transfer_recombination,recombination,0.8
edge_2755,ETFE,node_0051,node_1426,dehydrogenative_coupling,recombination,0.8
edge_2756,ETFE,node_0090,node_1426,dehydrogenative_coupling,recombination,0.8
edge_2757,ETFE,node_0051,node_1427,h_transfer_recombination,recombination,0.8
edge_2758,ETFE,node_0091,node_1427,h_transfer_recombination,recombination,0.8
edge_2759,ETFE,node_0051,node_1428,dehydrogenative_coupling,recombination,0.8
edge_2760,ETFE,node_0092,node_1428,dehydrogenative_coupling,recombination,0.8
edge_2761,ETFE,node_0051,node_1429,h_transfer_recombination,recombination,0.8
edge_2762,ETFE,node_0093,node_1429,h_transfer_recombination,recombination,0.8
edge_2763,ETFE,node_0051,node_1430,dehydrogenative_coupling,recombination,0.8
edge_2764,ETFE,node_0094,node_1430,dehydrogenative_coupling,recombination,0.8
edge_2765,ETFE,node_0051,node_1431,h_transfer_recombination,recombination,0.8
edge_2766,ETFE,node_0095,node_1431,h_transfer_recombination,recombination,0.8
edge_2767,ETFE,node_0052,node_1432,h_transfer_recombination,recombination,0.8
edge_2768,ETFE,node_0054,node_1432,h_transfer_recombination,recombination,0.8
edge_2769,ETFE,node_0052,node_1433,h_transfer_recombination,recombination,0.8
edge_2770,ETFE,node_0057,node_1433,h_transfer_recombination,recombination,0.8
edge_2771,ETFE,node_0052,node_1434,h_transfer_recombination,recombination,0.8
edge_2772,ETFE,node_0059,node_1434,h_transfer_recombination,recombination,0.8
edge_2773,ETFE,node_0052,node_1435,h_transfer_recombination,recombination,0.8
edge_2774,ETFE,node_0061,node_1435,h_transfer_recombination,recombination,0.8
edge_2775,ETFE,node_0052,node_1436,h_transfer_recombination,recombination,0.8
edge_2776,ETFE,node_0063,node_1436,h_transfer_recombination,recombination,0.8
edge_2777,ETFE,node_0052,node_1437,h_transfer_recombination,recombination,0.8
edge_2778,ETFE,node_0065,node_1437,h_transfer_recombination,recombination,0.8
edge_2779,ETFE,node_0052,node_1438,h_transfer_recombination,recombination,0.8
edge_2780,ETFE,node_0067,node_1438,h_transfer_recombination,recombination,0.8
edge_2781,ETFE,node_0052,node_1439,h_transfer_recombination,recombination,0.8
edge_2782,ETFE,node_0069,node_1439,h_transfer_recombination,recombination,0.8
edge_2783,ETFE,node_0052,node_1440,h_transfer_recombination,recombination,0.8
edge_2784,ETFE,node_0072,node_1440,h_transfer_recombination,recombination,0.8
edge_2785,ETFE,node_0052,node_1441,h_transfer_recombination,recombination,0.8
edge_2786,ETFE,node_0074,node_1441,h_transfer_recombination,recombination,0.8
edge_2787,ETFE,node_0052,node_1442,h_transfer_recombination,recombination,0.8
edge_2788,ETFE,node_0076,node_1442,h_transfer_recombination,recombination,0.8
edge_2789,ETFE,node_0052,node_1443,h_transfer_recombination,recombination,0.8
edge_2790,ETFE,node_0078,node_1443,h_transfer_recombination,recombination,0.8
edge_2791,ETFE,node_0052,node_1444,h_transfer_recombination,recombination,0.8
edge_2792,ETFE,node_0080,node_1444,h_transfer_recombination,recombination,0.8
edge_2793,ETFE,node_0052,node_1445,h_transfer_recombination,recombination,0.8
edge_2794,ETFE,node_0082,node_1445,h_transfer_recombination,recombination,0.8
edge_2795,ETFE,node_0052,node_1446,h_transfer_recombination,recombination,0.8
edge_2796,ETFE,node_0084,node_1446,h_transfer_recombination,recombination,0.8
edge_2797,ETFE,node_0052,node_1447,h_transfer_recombination,recombination,0.8
edge_2798,ETFE,node_0086,node_1447,h_transfer_recombination,recombination,0.8
edge_2799,ETFE,node_0052,node_1448,h_transfer_recombination,recombination,0.8
edge_2800,ETFE,node_0088,node_1448,h_transfer_recombination,recombination,0.8
edge_2801,ETFE,node_0052,node_1449,h_transfer_recombination,recombination,0.8
edge_2802,ETFE,node_0090,node_1449,h_transfer_recombination,recombination,0.8
edge_2803,ETFE,node_0052,node_1450,h_transfer_recombination,recombination,0.8
edge_2804,ETFE,node_0092,node_1450,h_transfer_recombination,recombination,0.8
edge_2805,ETFE,node_0052,node_1451,h_transfer_recombination,recombination,0.8
edge_2806,ETFE,node_0094,node_1451,h_transfer_recombination,recombination,0.8
edge_2807,ETFE,node_0054,node_1452,dehydrogenative_coupling,recombination,0.8
edge_2808,ETFE,node_0057,node_1452,dehydrogenative_coupling,recombination,0.8
edge_2809,ETFE,node_0054,node_1453,h_transfer_recombination,recombination,0.8
edge_2810,ETFE,node_0058,node_1453,h_transfer_recombination,recombination,0.8
edge_2811,ETFE,node_0054,node_1454,dehydrogenative_coupling,recombination,0.8
edge_2812,ETFE,node_0059,node_1454,dehydrogenative_coupling,recombination,0.8
edge_2813,ETFE,node_0054,node_1455,h_transfer_recombination,recombination,0.8
edge_2814,ETFE,node_0060,node_1455,h_transfer_recombination,recombination,0.8
edge_2815,ETFE,node_0054,node_1456,dehydrogenative_coupling,recombination,0.8
edge_2816,ETFE,node_0061,node_1456,dehydrogenative_coupling,recombination,0.8
edge_2817,ETFE,node_0054,node_1457,h_transfer_recombination,recombination,0.8
edge_2818,ETFE,node_0062,node_1457,h_transfer_recombination,recombination,0.8
edge_2819,ETFE,node_0054,node_1458,dehydrogenative_coupling,recombination,0.8
edge_2820,ETFE,node_0063,node_1458,dehydrogenative_coupling,recombination,0.8
edge_2821,ETFE,node_0054,node_1459,h_transfer_recombination,recombination,0.8
edge_2822,ETFE,node_0064,node_1459,h_transfer_recombination,recombination,0.8
edge_2823,ETFE,node_0054,node_1460,dehydrogenative_coupling,recombination,0.8
edge_2824,ETFE,node_0065,node_1460,dehydrogenative_coupling,recombination,0.8
edge_2825,ETFE,node_0054,node_1461,h_transfer_recombination,recombination,0.8
edge_2826,ETFE,node_0066,node_1461,h_transfer_recombination,recombination,0.8
edge_2827,ETFE,node_0054,node_1462,dehydrogenative_coupling,recombination,0.8
edge_2828,ETFE,node_0067,node_1462,dehydrogenative_coupling,recombination,0.8
edge_2829,ETFE,node_0054,node_1463,h_transfer_recombination,recombination,0.8
edge_2830,ETFE,node_0068,node_1463,h_transfer_recombination,recombination,0.8
edge_2831,ETFE,node_0054,node_1464,dehydrogenative_coupling,recombination,0.8
edge_2832,ETFE,node_0069,node_1464,dehydrogenative_coupling,recombination,0.8
edge_2833,ETFE,node_0054,node_1465,h_transfer_recombination,recombination,0.8
edge_2834,ETFE,node_0070,node_1465,h_transfer_recombination,recombination,0.8
edge_2835,ETFE,node_0054,node_1466,h_transfer_recombination,recombination,0.8
edge_2836,ETFE,node_0071,node_1466,h_transfer_recombination,recombination,0.8
edge_2837,ETFE,node_0054,node_1467,dehydrogenative_coupling,recombination,0.8
edge_2838,ETFE,node_0072,node_1467,dehydrogenative_coupling,recombination,0.8
edge_2839,ETFE,node_0054,node_1468,h_transfer_recombination,recombination,0.8
edge_2840,ETFE,node_0073,node_1468,h_transfer_recombination,recombination,0.8
edge_2841,ETFE,node_0054,node_1469,dehydrogenative_coupling,recombination,0.8
edge_2842,ETFE,node_0074,node_1469,dehydrogenative_coupling,recombination,0.8
edge_2843,ETFE,node_0054,node_1470,h_transfer_recombination,recombination,0.8
edge_2844,ETFE,node_0075,node_1470,h_transfer_recombination,recombination,0.8
edge_2845,ETFE,node_0054,node_1471,dehydrogenative_coupling,recombination,0.8
edge_2846,ETFE,node_0076,node_1471,dehydrogenative_coupling,recombination,0.8
edge_2847,ETFE,node_0054,node_1472,h_transfer_recombination,recombination,0.8
edge_2848,ETFE,node_0077,node_1472,h_transfer_recombination,recombination,0.8
edge_2849,ETFE,node_0054,node_1473,dehydrogenative_coupling,recombination,0.8
edge_2850,ETFE,node_0078,node_1473,dehydrogenative_coupling,recombination,0.8
edge_2851,ETFE,node_0054,node_1474,h_transfer_recombination,recombination,0.8
edge_2852,ETFE,node_0079,node_1474,h_transfer_recombination,recombination,0.8
edge_2853,ETFE,node_0054,node_1475,dehydrogenative_coupling,recombination,0.8
edge_2854,ETFE,node_0080,node_1475,dehydrogenative_coupling,recombination,0.8
edge_2855,ETFE,node_0054,node_1476,h_transfer_recombination,recombination,0.8
edge_2856,ETFE,node_0081,node_1476,h_transfer_recombination,recombination,0.8
edge_2857,ETFE,node_0054,node_1477,dehydrogenative_coupling,recombination,0.8
edge_2858,ETFE,node_0082,node_1477,dehydrogenative_coupling,recombination,0.8
edge_2859,ETFE,node_0054,node_1478,h_transfer_recombination,recombination,0.8
edge_2860,ETFE,node_0083,node_1478,h_transfer_recombination,recombination,0.8
edge_2861,ETFE,node_0054,node_1479,dehydrogenative_coupling,recombination,0.8
edge_2862,ETFE,node_0084,node_1479,dehydrogenative_coupling,recombination,0.8
edge_2863,ETFE,node_0054,node_1480,h_transfer_recombination,recombination,0.8
edge_2864,ETFE,node_0085,node_1480,h_transfer_recombination,recombination,0.8
edge_2865,ETFE,node_0054,node_1481,dehydrogenative_coupling,recombination,0.8
edge_2866,ETFE,node_0086,node_1481,dehydrogenative_coupling,recombination,0.8
edge_2867,ETFE,node_0054,node_1482,h_transfer_recombination,recombination,0.8
edge_2868,ETFE,node_0087,node_1482,h_transfer_recombination,recombination,0.8
edge_2869,ETFE,node_0054,node_1483,dehydrogenative_coupling,recombination,0.8
edge_2870,ETFE,node_0088,node_1483,dehydrogenative_coupling,recombination,0.8
edge_2871,ETFE,node_0054,node_1484,h_transfer_recombination,recombination,0.8
edge_2872,ETFE,node_0089,node_1484,h_transfer_recombination,recombination,0.8
edge_2873,ETFE,node_0054,node_1485,dehydrogenative_coupling,recombination,0.8
edge_2874,ETFE,node_0090,node_1485,dehydrogenative_coupling,recombination,0.8
edge_2875,ETFE,node_0054,node_1486,h_transfer_recombination,recombination,0.8
edge_2876,ETFE,node_0091,node_1486,h_transfer_recombination,recombination,0.8
edge_2877,ETFE,node_0054,node_1487,dehydrogenative_coupling,recombination,0.8
edge_2878,ETFE,node_0092,node_1487,dehydrogenative_coupling,recombination,0.8
edge_2879,ETFE,node_0054,node_1488,h_transfer_recombination,recombination,0.8
edge_2880,ETFE,node_0093,node_1488,h_transfer_recombination,recombination,0.8
edge_2881,ETFE,node_0054,node_1489,dehydrogenative_coupling,recombination,0.8
edge_2882,ETFE,node_0094,node_1489,dehydrogenative_coupling,recombination,0.8
edge_2883,ETFE,node_0054,node_1490,h_transfer_recombination,recombination,0.8
edge_2884,ETFE,node_0095,node_1490,h_transfer_recombination,recombination,0.8
edge_2885,ETFE,node_0055,node_1491,h_transfer_recombination,recombination,0.8
edge_2886,ETFE,node_0057,node_1491,h_transfer_recombination,recombination,0.8
edge_2887,ETFE,node_0055,node_1492,h_transfer_recombination,recombination,0.8
edge_2888,ETFE,node_0059,node_1492,h_transfer_recombination,recombination,0.8
edge_2889,ETFE,node_0055,node_1493,h_transfer_recombination,recombination,0.8
edge_2890,ETFE,node_0061,node_1493,h_transfer_recombination,recombination,0.8
edge_2891,ETFE,node_0055,node_1494,h_transfer_recombination,recombination,0.8
edge_2892,ETFE,node_0063,node_1494,h_transfer_recombination,recombination,0.8
edge_2893,ETFE,node_0055,node_1495,h_transfer_recombination,recombination,0.8
edge_2894,ETFE,node_0065,node_1495,h_transfer_recombination,recombination,0.8
edge_2895,ETFE,node_0055,node_1496,h_transfer_recombination,recombination,0.8
edge_2896,ETFE,node_0067,node_1496,h_transfer_recombination,recombination,0.8
edge_2897,ETFE,node_0055,node_1497,h_transfer_recombination,recombination,0.8
edge_2898,ETFE,node_0069,node_1497,h_transfer_recombination,recombination,0.8
edge_2899,ETFE,node_0055,node_1498,h_transfer_recombination,recombination,0.8
edge_2900,ETFE,node_0072,node_1498,h_transfer_recombination,recombination,0.8
edge_2901,ETFE,node_0055,node_1499,h_transfer_recombination,recombination,0.8
edge_2902,ETFE,node_0074,node_1499,h_transfer_recombination,recombination,0.8
edge_2903,ETFE,node_0055,node_1500,h_transfer_recombination,recombination,0.8
edge_2904,ETFE,node_0076,node_1500,h_transfer_recombination,recombination,0.8
edge_2905,ETFE,node_0055,node_1501,h_transfer_recombination,recombination,0.8
edge_2906,ETFE,node_0078,node_1501,h_transfer_recombination,recombination,0.8
edge_2907,ETFE,node_0055,node_1502,h_transfer_recombination,recombination,0.8
edge_2908,ETFE,node_0080,node_1502,h_transfer_recombination,recombination,0.8
edge_2909,ETFE,node_0055,node_1503,h_transfer_recombination,recombination,0.8
edge_2910,ETFE,node_0082,node_1503,h_transfer_recombination,recombination,0.8
edge_2911,ETFE,node_0055,node_1504,h_transfer_recombination,recombination,0.8
edge_2912,ETFE,node_0084,node_1504,h_transfer_recombination,recombination,0.8
edge_2913,ETFE,node_0055,node_1505,h_transfer_recombination,recombination,0.8
edge_2914,ETFE,node_0086,node_1505,h_transfer_recombination,recombination,0.8
edge_2915,ETFE,node_0055,node_1506,h_transfer_recombination,recombination,0.8
edge_2916,ETFE,node_0088,node_1506,h_transfer_recombination,recombination,0.8
edge_2917,ETFE,node_0055,node_1507,h_transfer_recombination,recombination,0.8
edge_2918,ETFE,node_0090,node_1507,h_transfer_recombination,recombination,0.8
edge_2919,ETFE,node_0055,node_1508,h_transfer_recombination,recombination,0.8
edge_2920,ETFE,node_0092,node_1508,h_transfer_recombination,recombination,0.8
edge_2921,ETFE,node_0055,node_1509,h_transfer_recombination,recombination,0.8
edge_2922,ETFE,node_0094,node_1509,h_transfer_recombination,recombination,0.8
edge_2923,ETFE,node_0057,node_1510,dehydrogenative_coupling,recombination,0.8
edge_2924,ETFE,node_0059,node_1510,dehydrogenative_coupling,recombination,0.8
edge_2925,ETFE,node_0057,node_1511,h_transfer_recombination,recombination,0.8
edge_2926,ETFE,node_0060,node_1511,h_transfer_recombination,recombination,0.8
edge_2927,ETFE,node_0057,node_1512,dehydrogenative_coupling,recombination,0.8
edge_2928,ETFE,node_0061,node_1512,dehydrogenative_coupling,recombination,0.8
edge_2929,ETFE,node_0057,node_1513,h_transfer_recombination,recombination,0.8
edge_2930,ETFE,node_0062,node_1513,h_transfer_recombination,recombination,0.8
edge_2931,ETFE,node_0057,node_1514,dehydrogenative_coupling,recombination,0.8
edge_2932,ETFE,node_0063,node_1514,dehydrogenative_coupling,recombination,0.8
edge_2933,ETFE,node_0057,node_1515,h_transfer_recombination,recombination,0.8
edge_2934,ETFE,node_0064,node_1515,h_transfer_recombination,recombination,0.8
edge_2935,ETFE,node_0057,node_1516,dehydrogenative_coupling,recombination,0.8
edge_2936,ETFE,node_0065,node_1516,dehydrogenative_coupling,recombination,0.8
edge_2937,ETFE,node_0057,node_1517,h_transfer_recombination,recombination,0.8
edge_2938,ETFE,node_0066,node_1517,h_transfer_recombination,recombination,0.8
edge_2939,ETFE,node_0057,node_1518,dehydrogenative_coupling,recombination,0.8
edge_2940,ETFE,node_0067,node_1518,dehydrogenative_coupling,recombination,0.8
edge_2941,ETFE,node_0057,node_1519,h_transfer_recombination,recombination,0.8
edge_2942,ETFE,node_0068,node_1519,h_transfer_recombination,recombination,0.8
edge_2943,ETFE,node_0057,node_1520,dehydrogenative_coupling,recombination,0.8
edge_2944,ETFE,node_0069,node_1520,dehydrogenative_coupling,recombination,0.8
edge_2945,ETFE,node_0057,node_1521,h_transfer_recombination,recombination,0.8
edge_2946,ETFE,node_0070,node_1521,h_transfer_recombination,recombination,0.8
edge_2947,ETFE,node_0057,node_1522,h_transfer_recombination,recombination,0.8
edge_2948,ETFE,node_0071,node_1522,h_transfer_recombination,recombination,0.8
edge_2949,ETFE,node_0057,node_1523,dehydrogenative_coupling,recombination,0.8
edge_2950,ETFE,node_0072,node_1523,dehydrogenative_coupling,recombination,0.8
edge_2951,ETFE,node_0057,node_1524,h_transfer_recombination,recombination,0.8
edge_2952,ETFE,node_0073,node_1524,h_transfer_recombination,recombination,0.8
edge_2953,ETFE,node_0057,node_1525,dehydrogenative_coupling,recombination,0.8
edge_2954,ETFE,node_0074,node_1525,dehydrogenative_coupling,recombination,0.8
edge_2955,ETFE,node_0057,node_1526,h_transfer_recombination,recombination,0.8
edge_2956,ETFE,node_0075,node_1526,h_transfer_recombination,recombination,0.8
edge_2957,ETFE,node_0057,node_1527,dehydrogenative_coupling,recombination,0.8
edge_2958,ETFE,node_0076,node_1527,dehydrogenative_coupling,recombination,0.8
edge_2959,ETFE,node_0057,node_1528,h_transfer_recombination,recombination,0.8
edge_2960,ETFE,node_0077,node_1528,h_transfer_recombination,recombination,0.8
edge_2961,ETFE,node_0057,node_1529,dehydrogenative_coupling,recombination,0.8
edge_2962,ETFE,node_0078,node_1529,dehydrogenative_coupling,recombination,0.8
edge_2963,ETFE,node_0057,node_1530,h_transfer_recombination,recombination,0.8
edge_2964,ETFE,node_0079,node_1530,h_transfer_recombination,recombination,0.8
edge_2965,ETFE,node_0057,node_1531,dehydrogenative_coupling,recombination,0.8
edge_2966,ETFE,node_0080,node_1531,dehydrogenative_coupling,recombination,0.8
edge_2967,ETFE,node_0057,node_1532,h_transfer_recombination,recombination,0.8
edge_2968,ETFE,node_0081,node_1532,h_transfer_recombination,recombination,0.8
edge_2969,ETFE,node_0057,node_1533,dehydrogenative_coupling,recombination,0.8
edge_2970,ETFE,node_0082,node_1533,dehydrogenative_coupling,recombination,0.8
edge_2971,ETFE,node_0057,node_1534,h_transfer_recombination,recombination,0.8
edge_2972,ETFE,node_0083,node_1534,h_transfer_recombination,recombination,0.8
edge_2973,ETFE,node_0057,node_1535,dehydrogenative_coupling,recombination,0.8
edge_2974,ETFE,node_0084,node_1535,dehydrogenative_coupling,recombination,0.8
edge_2975,ETFE,node_0057,node_1536,h_transfer_recombination,recombination,0.8
edge_2976,ETFE,node_0085,node_1536,h_transfer_recombination,recombination,0.8
edge_2977,ETFE,node_0057,node_1537,dehydrogenative_coupling,recombination,0.8
edge_2978,ETFE,node_0086,node_1537,dehydrogenative_coupling,recombination,0.8
edge_2979,ETFE,node_0057,node_1538,h_transfer_recombination,recombination,0.8
edge_2980,ETFE,node_0087,node_1538,h_transfer_recombination,recombination,0.8
edge_2981,ETFE,node_0057,node_1539,dehydrogenative_coupling,recombination,0.8
edge_2982,ETFE,node_0088,node_1539,dehydrogenative_coupling,recombination,0.8
edge_2983,ETFE,node_0057,node_1540,h_transfer_recombination,recombination,0.8
edge_2984,ETFE,node_0089,node_1540,h_transfer_recombination,recombination,0.8
edge_2985,ETFE,node_0057,node_1541,dehydrogenative_coupling,recombination,0.8
edge_2986,ETFE,node_0090,node_1541,dehydrogenative_coupling,recombination,0.8
edge_2987,ETFE,node_0057,node_1542,h_transfer_recombination,recombination,0.8
edge_2988,ETFE,node_0091,node_1542,h_transfer_recombination,recombination,0.8
edge_2989,ETFE,node_0057,node_1543,dehydrogenative_coupling,recombination,0.8
edge_2990,ETFE,node_0092,node_1543,dehydrogenative_coupling,recombination,0.8
edge_2991,ETFE,node_0057,node_1544,h_transfer_recombination,recombination,0.8
edge_2992,ETFE,node_0093,node_1544,h_transfer_recombination,recombination,0.8
edge_2993,ETFE,node_0057,node_1545,dehydrogenative_coupling,recombination,0.8
edge_2994,ETFE,node_0094,node_1545,dehydrogenative_coupling,recombination,0.8
edge_2995,ETFE,node_0057,node_1546,h_transfer_recombination,recombination,0.8
edge_2996,ETFE,node_0095,node_1546,h_transfer_recombination,recombination,0.8
edge_2997,ETFE,node_0058,node_1547,h_transfer_recombination,recombination,0.8
edge_2998,ETFE,node_0059,node_1547,h_transfer_recombination,recombination,0.8
edge_2999,ETFE,node_0058,node_1548,h_transfer_recombination,recombination,0.8
edge_3000,ETFE,node_0061,node_1548,h_transfer_recombination,recombination,0.8
edge_3001,ETFE,node_0058,node_1549,h_transfer_recombination,recombination,0.8
edge_3002,ETFE,node_0063,node_1549,h_transfer_recombination,recombination,0.8
edge_3003,ETFE,node_0058,node_1550,h_transfer_recombination,recombination,0.8
edge_3004,ETFE,node_0065,node_1550,h_transfer_recombination,recombination,0.8
edge_3005,ETFE,node_0058,node_1551,h_transfer_recombination,recombination,0.8
edge_3006,ETFE,node_0067,node_1551,h_transfer_recombination,recombination,0.8
edge_3007,ETFE,node_0058,node_1552,h_transfer_recombination,recombination,0.8
edge_3008,ETFE,node_0069,node_1552,h_transfer_recombination,recombination,0.8
edge_3009,ETFE,node_0058,node_1553,h_transfer_recombination,recombination,0.8
edge_3010,ETFE,node_0072,node_1553,h_transfer_recombination,recombination,0.8
edge_3011,ETFE,node_0058,node_1554,h_transfer_recombination,recombination,0.8
edge_3012,ETFE,node_0074,node_1554,h_transfer_recombination,recombination,0.8
edge_3013,ETFE,node_0058,node_1555,h_transfer_recombination,recombination,0.8
edge_3014,ETFE,node_0076,node_1555,h_transfer_recombination,recombination,0.8
edge_3015,ETFE,node_0058,node_1556,h_transfer_recombination,recombination,0.8
edge_3016,ETFE,node_0078,node_1556,h_transfer_recombination,recombination,0.8
edge_3017,ETFE,node_0058,node_1557,h_transfer_recombination,recombination,0.8
edge_3018,ETFE,node_0080,node_1557,h_transfer_recombination,recombination,0.8
edge_3019,ETFE,node_0058,node_1558,h_transfer_recombination,recombination,0.8
edge_3020,ETFE,node_0082,node_1558,h_transfer_recombination,recombination,0.8
edge_3021,ETFE,node_0058,node_1559,h_transfer_recombination,recombination,0.8
edge_3022,ETFE,node_0084,node_1559,h_transfer_recombination,recombination,0.8
edge_3023,ETFE,node_0058,node_1560,h_transfer_recombination,recombination,0.8
edge_3024,ETFE,node_0086,node_1560,h_transfer_recombination,recombination,0.8
edge_3025,ETFE,node_0058,node_1561,h_transfer_recombination,recombination,0.8
edge_3026,ETFE,node_0088,node_1561,h_transfer_recombination,recombination,0.8
edge_3027,ETFE,node_0058,node_1562,h_transfer_recombination,recombination,0.8
edge_3028,ETFE,node_0090,node_1562,h_transfer_recombination,recombination,0.8
edge_3029,ETFE,node_0058,node_1563,h_transfer_recombination,recombination,0.8
edge_3030,ETFE,node_0092,node_1563,h_transfer_recombination,recombination,0.8
edge_3031,ETFE,node_0058,node_1564,h_transfer_recombination,recombination,0.8
edge_3032,ETFE,node_0094,node_1564,h_transfer_recombination,recombination,0.8
edge_3033,ETFE,node_0059,node_1565,dehydrogenative_coupling,recombination,0.8
edge_3034,ETFE,node_0061,node_1565,dehydrogenative_coupling,recombination,0.8
edge_3035,ETFE,node_0059,node_1566,h_transfer_recombination,recombination,0.8
edge_3036,ETFE,node_0062,node_1566,h_transfer_recombination,recombination,0.8
edge_3037,ETFE,node_0059,node_1567,dehydrogenative_coupling,recombination,0.8
edge_3038,ETFE,node_0063,node_1567,dehydrogenative_coupling,recombination,0.8
edge_3039,ETFE,node_0059,node_1568,h_transfer_recombination,recombination,0.8
edge_3040,ETFE,node_0064,node_1568,h_transfer_recombination,recombination,0.8
edge_3041,ETFE,node_0059,node_1569,dehydrogenative_coupling,recombination,0.8
edge_3042,ETFE,node_0065,node_1569,dehydrogenative_coupling,recombination,0.8
edge_3043,ETFE,node_0059,node_1570,h_transfer_recombination,recombination,0.8
edge_3044,ETFE,node_0066,node_1570,h_transfer_recombination,recombination,0.8
edge_3045,ETFE,node_0059,node_1571,dehydrogenative_coupling,recombination,0.8
edge_3046,ETFE,node_0067,node_1571,dehydrogenative_coupling,recombination,0.8
edge_3047,ETFE,node_0059,node_1572,h_transfer_recombination,recombination,0.8
edge_3048,ETFE,node_0068,node_1572,h_transfer_recombination,recombination,0.8
edge_3049,ETFE,node_0059,node_1573,dehydrogenative_coupling,recombination,0.8
edge_3050,ETFE,node_0069,node_1573,dehydrogenative_coupling,recombination,0.8
edge_3051,ETFE,node_0059,node_1574,h_transfer_recombination,recombination,0.8
edge_3052,ETFE,node_0070,node_1574,h_transfer_recombination,recombination,0.8
edge_3053,ETFE,node_0059,node_1575,h_transfer_recombination,recombination,0.8
edge_3054,ETFE,node_0071,node_1575,h_transfer_recombination,recombination,0.8
edge_3055,ETFE,node_0059,node_1576,dehydrogenative_coupling,recombination,0.8
edge_3056,ETFE,node_0072,node_1576,dehydrogenative_coupling,recombination,0.8
edge_3057,ETFE,node_0059,node_1577,h_transfer_recombination,recombination,0.8
edge_3058,ETFE,node_0073,node_1577,h_transfer_recombination,recombination,0.8
edge_3059,ETFE,node_0059,node_1578,dehydrogenative_coupling,recombination,0.8
edge_3060,ETFE,node_0074,node_1578,dehydrogenative_coupling,recombination,0.8
edge_3061,ETFE,node_0059,node_1579,h_transfer_recombination,recombination,0.8
edge_3062,ETFE,node_0075,node_1579,h_transfer_recombination,recombination,0.8
edge_3063,ETFE,node_0059,node_1580,dehydrogenative_coupling,recombination,0.8
edge_3064,ETFE,node_0076,node_1580,dehydrogenative_coupling,recombination,0.8
edge_3065,ETFE,node_0059,node_1581,h_transfer_recombination,recombination,0.8
edge_3066,ETFE,node_0077,node_1581,h_transfer_recombination,recombination,0.8
edge_3067,ETFE,node_0059,node_1582,dehydrogenative_coupling,recombination,0.8
edge_3068,ETFE,node_0078,node_1582,dehydrogenative_coupling,recombination,0.8
edge_3069,ETFE,node_0059,node_1583,h_transfer_recombination,recombination,0.8
edge_3070,ETFE,node_0079,node_1583,h_transfer_recombination,recombination,0.8
edge_3071,ETFE,node_0059,node_1584,dehydrogenative_coupling,recombination,0.8
edge_3072,ETFE,node_0080,node_1584,dehydrogenative_coupling,recombination,0.8
edge_3073,ETFE,node_0059,node_1585,h_transfer_recombination,recombination,0.8
edge_3074,ETFE,node_0081,node_1585,h_transfer_recombination,recombination,0.8
edge_3075,ETFE,node_0059,node_1586,dehydrogenative_coupling,recombination,0.8
edge_3076,ETFE,node_0082,node_1586,dehydrogenative_coupling,recombination,0.8
edge_3077,ETFE,node_0059,node_1587,h_transfer_recombination,recombination,0.8
edge_3078,ETFE,node_0083,node_1587,h_transfer_recombination,recombination,0.8
edge_3079,ETFE,node_0059,node_1588,dehydrogenative_coupling,recombination,0.8
edge_3080,ETFE,node_0084,node_1588,dehydrogenative_coupling,recombination,0.8
edge_3081,ETFE,node_0059,node_1589,h_transfer_recombination,recombination,0.8
edge_3082,ETFE,node_0085,node_1589,h_transfer_recombination,recombination,0.8
edge_3083,ETFE,node_0059,node_1590,dehydrogenative_coupling,recombination,0.8
edge_3084,ETFE,node_0086,node_1590,dehydrogenative_coupling,recombination,0.8
edge_3085,ETFE,node_0059,node_1591,h_transfer_recombination,recombination,0.8
edge_3086,ETFE,node_0087,node_1591,h_transfer_recombination,recombination,0.8
edge_3087,ETFE,node_0059,node_1592,dehydrogenative_coupling,recombination,0.8
edge_3088,ETFE,node_0088,node_1592,dehydrogenative_coupling,recombination,0.8
edge_3089,ETFE,node_0059,node_1593,h_transfer_recombination,recombination,0.8
edge_3090,ETFE,node_0089,node_1593,h_transfer_recombination,recombination,0.8
edge_3091,ETFE,node_0059,node_1594,dehydrogenative_coupling,recombination,0.8
edge_3092,ETFE,node_0090,node_1594,dehydrogenative_coupling,recombination,0.8
edge_3093,ETFE,node_0059,node_1595,h_transfer_recombination,recombination,0.8
edge_3094,ETFE,node_0091,node_1595,h_transfer_recombination,recombination,0.8
edge_3095,ETFE,node_0059,node_1596,dehydrogenative_coupling,recombination,0.8
edge_3096,ETFE,node_0092,node_1596,dehydrogenative_coupling,recombination,0.8
edge_3097,ETFE,node_0059,node_1597,h_transfer_recombination,recombination,0.8
edge_3098,ETFE,node_0093,node_1597,h_transfer_recombination,recombination,0.8
edge_3099,ETFE,node_0059,node_1598,dehydrogenative_coupling,recombination,0.8
edge_3100,ETFE,node_0094,node_1598,dehydrogenative_coupling,recombination,0.8
edge_3101,ETFE,node_0059,node_1599,h_transfer_recombination,recombination,0.8
edge_3102,ETFE,node_0095,node_1599,h_transfer_recombination,recombination,0.8
edge_3103,ETFE,node_0060,node_1600,h_transfer_recombination,recombination,0.8
edge_3104,ETFE,node_0061,node_1600,h_transfer_recombination,recombination,0.8
edge_3105,ETFE,node_0060,node_1601,h_transfer_recombination,recombination,0.8
edge_3106,ETFE,node_0063,node_1601,h_transfer_recombination,recombination,0.8
edge_3107,ETFE,node_0060,node_1602,h_transfer_recombination,recombination,0.8
edge_3108,ETFE,node_0065,node_1602,h_transfer_recombination,recombination,0.8
edge_3109,ETFE,node_0060,node_1603,h_transfer_recombination,recombination,0.8
edge_3110,ETFE,node_0067,node_1603,h_transfer_recombination,recombination,0.8
edge_3111,ETFE,node_0060,node_1604,h_transfer_recombination,recombination,0.8
edge_3112,ETFE,node_0069,node_1604,h_transfer_recombination,recombination,0.8
edge_3113,ETFE,node_0060,node_1605,h_transfer_recombination,recombination,0.8
edge_3114,ETFE,node_0072,node_1605,h_transfer_recombination,recombination,0.8
edge_3115,ETFE,node_0060,node_1606,h_transfer_recombination,recombination,0.8
edge_3116,ETFE,node_0074,node_1606,h_transfer_recombination,recombination,0.8
edge_3117,ETFE,node_0060,node_1607,h_transfer_recombination,recombination,0.8
edge_3118,ETFE,node_0076,node_1607,h_transfer_recombination,recombination,0.8
edge_3119,ETFE,node_0060,node_1608,h_transfer_recombination,recombination,0.8
edge_3120,ETFE,node_0078,node_1608,h_transfer_recombination,recombination,0.8
edge_3121,ETFE,node_0060,node_1609,h_transfer_recombination,recombination,0.8
edge_3122,ETFE,node_0080,node_1609,h_transfer_recombination,recombination,0.8
edge_3123,ETFE,node_0060,node_1610,h_transfer_recombination,recombination,0.8
edge_3124,ETFE,node_0082,node_1610,h_transfer_recombination,recombination,0.8
edge_3125,ETFE,node_0060,node_1611,h_transfer_recombination,recombination,0.8
edge_3126,ETFE,node_0084,node_1611,h_transfer_recombination,recombination,0.8
edge_3127,ETFE,node_0060,node_1612,h_transfer_recombination,recombination,0.8
edge_3128,ETFE,node_0086,node_1612,h_transfer_recombination,recombination,0.8
edge_3129,ETFE,node_0060,node_1613,h_transfer_recombination,recombination,0.8
edge_3130,ETFE,node_0088,node_1613,h_transfer_recombination,recombination,0.8
edge_3131,ETFE,node_0060,node_1614,h_transfer_recombination,recombination,0.8
edge_3132,ETFE,node_0090,node_1614,h_transfer_recombination,recombination,0.8
edge_3133,ETFE,node_0060,node_1615,h_transfer_recombination,recombination,0.8
edge_3134,ETFE,node_0092,node_1615,h_transfer_recombination,recombination,0.8
edge_3135,ETFE,node_0060,node_1616,h_transfer_recombination,recombination,0.8
edge_3136,ETFE,node_0094,node_1616,h_transfer_recombination,recombination,0.8
edge_3137,ETFE,node_0061,node_1617,dehydrogenative_coupling,recombination,0.8
edge_3138,ETFE,node_0063,node_1617,dehydrogenative_coupling,recombination,0.8
edge_3139,ETFE,node_0061,node_1618,h_transfer_recombination,recombination,0.8
edge_3140,ETFE,node_0064,node_1618,h_transfer_recombination,recombination,0.8
edge_3141,ETFE,node_0061,node_1619,dehydrogenative_coupling,recombination,0.8
edge_3142,ETFE,node_0065,node_1619,dehydrogenative_coupling,recombination,0.8
edge_3143,ETFE,node_0061,node_1620,h_transfer_recombination,recombination,0.8
edge_3144,ETFE,node_0066,node_1620,h_transfer_recombination,recombination,0.8
edge_3145,ETFE,node_0061,node_1621,dehydrogenative_coupling,recombination,0.8
edge_3146,ETFE,node_0067,node_1621,dehydrogenative_coupling,recombination,0.8
edge_3147,ETFE,node_0061,node_1622,h_transfer_recombination,recombination,0.8
edge_3148,ETFE,node_0068,node_1622,h_transfer_recombination,recombination,0.8
edge_3149,ETFE,node_0061,node_1623,dehydrogenative_coupling,recombination,0.8
edge_3150,ETFE,node_0069,node_1623,dehydrogenative_coupling,recombination,0.8
edge_3151,ETFE,node_0061,node_1624,h_transfer_recombination,recombination,0.8
edge_3152,ETFE,node_0070,node_1624,h_transfer_recombination,recombination,0.8
edge_3153,ETFE,node_0061,node_1625,h_transfer_recombination,recombination,0.8
edge_3154,ETFE,node_0071,node_1625,h_transfer_recombination,recombination,0.8
edge_3155,ETFE,node_0061,node_1626,dehydrogenative_coupling,recombination,0.8
edge_3156,ETFE,node_0072,node_1626,dehydrogenative_coupling,recombination,0.8
edge_3157,ETFE,node_0061,node_1627,h_transfer_recombination,recombination,0.8
edge_3158,ETFE,node_0073,node_1627,h_transfer_recombination,recombination,0.8
edge_3159,ETFE,node_0061,node_1628,dehydrogenative_coupling,recombination,0.8
edge_3160,ETFE,node_0074,node_1628,dehydrogenative_coupling,recombination,0.8
edge_3161,ETFE,node_0061,node_1629,h_transfer_recombination,recombination,0.8
edge_3162,ETFE,node_0075,node_1629,h_transfer_recombination,recombination,0.8
edge_3163,ETFE,node_0061,node_1630,dehydrogenative_coupling,recombination,0.8
edge_3164,ETFE,node_0076,node_1630,dehydrogenative_coupling,recombination,0.8
edge_3165,ETFE,node_0061,node_1631,h_transfer_recombination,recombination,0.8
edge_3166,ETFE,node_0077,node_1631,h_transfer_recombination,recombination,0.8
edge_3167,ETFE,node_0061,node_1632,dehydrogenative_coupling,recombination,0.8
edge_3168,ETFE,node_0078,node_1632,dehydrogenative_coupling,recombination,0.8
edge_3169,ETFE,node_0061,node_1633,h_transfer_recombination,recombination,0.8
edge_3170,ETFE,node_0079,node_1633,h_transfer_recombination,recombination,0.8
edge_3171,ETFE,node_0061,node_1634,dehydrogenative_coupling,recombination,0.8
edge_3172,ETFE,node_0080,node_1634,dehydrogenative_coupling,recombination,0.8
edge_3173,ETFE,node_0061,node_1635,h_transfer_recombination,recombination,0.8
edge_3174,ETFE,node_0081,node_1635,h_transfer_recombination,recombination,0.8
edge_3175,ETFE,node_0061,node_1636,dehydrogenative_coupling,recombination,0.8
edge_3176,ETFE,node_0082,node_1636,dehydrogenative_coupling,recombination,0.8
edge_3177,ETFE,node_0061,node_1637,h_transfer_recombination,recombination,0.8
edge_3178,ETFE,node_0083,node_1637,h_transfer_recombination,recombination,0.8
edge_3179,ETFE,node_0061,node_1638,dehydrogenative_coupling,recombination,0.8
edge_3180,ETFE,node_0084,node_1638,dehydrogenative_coupling,recombination,0.8
edge_3181,ETFE,node_0061,node_1639,h_transfer_recombination,recombination,0.8
edge_3182,ETFE,node_0085,node_1639,h_transfer_recombination,recombination,0.8
edge_3183,ETFE,node_0061,node_1640,dehydrogenative_coupling,recombination,0.8
edge_3184,ETFE,node_0086,node_1640,dehydrogenative_coupling,recombination,0.8
edge_3185,ETFE,node_0061,node_1641,h_transfer_recombination,recombination,0.8
edge_3186,ETFE,node_0087,node_1641,h_transfer_recombination,recombination,0.8
edge_3187,ETFE,node_0061,node_1642,dehydrogenative_coupling,recombination,0.8
edge_3188,ETFE,node_0088,node_1642,dehydrogenative_coupling,recombination,0.8
edge_3189,ETFE,node_0061,node_1643,h_transfer_recombination,recombination,0.8
edge_3190,ETFE,node_0089,node_1643,h_transfer_recombination,recombination,0.8
edge_3191,ETFE,node_0061,node_1644,dehydrogenative_coupling,recombination,0.8
edge_3192,ETFE,node_0090,node_1644,dehydrogenative_coupling,recombination,0.8
edge_3193,ETFE,node_0061,node_1645,h_transfer_recombination,recombination,0.8
edge_3194,ETFE,node_0091,node_1645,h_transfer_recombination,recombination,0.8
edge_3195,ETFE,node_0061,node_1646,dehydrogenative_coupling,recombination,0.8
edge_3196,ETFE,node_0092,node_1646,dehydrogenative_coupling,recombination,0.8
edge_3197,ETFE,node_0061,node_1647,h_transfer_recombination,recombination,0.8
edge_3198,ETFE,node_0093,node_1647,h_transfer_recombination,recombination,0.8
edge_3199,ETFE,node_0061,node_1648,dehydrogenative_coupling,recombination,0.8
edge_3200,ETFE,node_0094,node_1648,dehydrogenative_coupling,recombination,0.8
edge_3201,ETFE,node_0061,node_1649,h_transfer_recombination,recombination,0.8
edge_3202,ETFE,node_0095,node_1649,h_transfer_recombination,recombination,0.8
edge_3203,ETFE,node_0062,node_1650,h_transfer_recombination,recombination,0.8
edge_3204,ETFE,node_0063,node_1650,h_transfer_recombination,recombination,0.8
edge_3205,ETFE,node_0062,node_1651,h_transfer_recombination,recombination,0.8
edge_3206,ETFE,node_0065,node_1651,h_transfer_recombination,recombination,0.8
edge_3207,ETFE,node_0062,node_1652,h_transfer_recombination,recombination,0.8
edge_3208,ETFE,node_0067,node_1652,h_transfer_recombination,recombination,0.8
edge_3209,ETFE,node_0062,node_1653,h_transfer_recombination,recombination,0.8
edge_3210,ETFE,node_0069,node_1653,h_transfer_recombination,recombination,0.8
edge_3211,ETFE,node_0062,node_1654,h_transfer_recombination,recombination,0.8
edge_3212,ETFE,node_0072,node_1654,h_transfer_recombination,recombination,0.8
edge_3213,ETFE,node_0062,node_1655,h_transfer_recombination,recombination,0.8
edge_3214,ETFE,node_0074,node_1655,h_transfer_recombination,recombination,0.8
edge_3215,ETFE,node_0062,node_1656,h_transfer_recombination,recombination,0.8
edge_3216,ETFE,node_0076,node_1656,h_transfer_recombination,recombination,0.8
edge_3217,ETFE,node_0062,node_1657,h_transfer_recombination,recombination,0.8
edge_3218,ETFE,node_0078,node_1657,h_transfer_recombination,recombination,0.8
edge_3219,ETFE,node_0062,node_1658,h_transfer_recombination,recombination,0.8
edge_3220,ETFE,node_0080,node_1658,h_transfer_recombination,recombination,0.8
edge_3221,ETFE,node_0062,node_1659,h_transfer_recombination,recombination,0.8
edge_3222,ETFE,node_0082,node_1659,h_transfer_recombination,recombination,0.8
edge_3223,ETFE,node_0062,node_1660,h_transfer_recombination,recombination,0.8
edge_3224,ETFE,node_0084,node_1660,h_transfer_recombination,recombination,0.8
edge_3225,ETFE,node_0062,node_1661,h_transfer_recombination,recombination,0.8
edge_3226,ETFE,node_0086,node_1661,h_transfer_recombination,recombination,0.8
edge_3227,ETFE,node_0062,node_1662,h_transfer_recombination,recombination,0.8
edge_3228,ETFE,node_0088,node_1662,h_transfer_recombination,recombination,0.8
edge_3229,ETFE,node_0062,node_1663,h_transfer_recombination,recombination,0.8
edge_3230,ETFE,node_0090,node_1663,h_transfer_recombination,recombination,0.8
edge_3231,ETFE,node_0062,node_1664,h_transfer_recombination,recombination,0.8
edge_3232,ETFE,node_0092,node_1664,h_transfer_recombination,recombination,0.8
edge_3233,ETFE,node_0062,node_1665,h_transfer_recombination,recombination,0.8
edge_3234,ETFE,node_0094,node_1665,h_transfer_recombination,recombination,0.8
edge_3235,ETFE,node_0063,node_1666,dehydrogenative_coupling,recombination,0.8
edge_3236,ETFE,node_0065,node_1666,dehydrogenative_coupling,recombination,0.8
edge_3237,ETFE,node_0063,node_1667,h_transfer_recombination,recombination,0.8
edge_3238,ETFE,node_0066,node_1667,h_transfer_recombination,recombination,0.8
edge_3239,ETFE,node_0063,node_1668,dehydrogenative_coupling,recombination,0.8
edge_3240,ETFE,node_0067,node_1668,dehydrogenative_coupling,recombination,0.8
edge_3241,ETFE,node_0063,node_1669,h_transfer_recombination,recombination,0.8
edge_3242,ETFE,node_0068,node_1669,h_transfer_recombination,recombination,0.8
edge_3243,ETFE,node_0063,node_1670,dehydrogenative_coupling,recombination,0.8
edge_3244,ETFE,node_0069,node_1670,dehydrogenative_coupling,recombination,0.8
edge_3245,ETFE,node_0063,node_1671,h_transfer_recombination,recombination,0.8
edge_3246,ETFE,node_0070,node_1671,h_transfer_recombination,recombination,0.8
edge_3247,ETFE,node_0063,node_1672,h_transfer_recombination,recombination,0.8
edge_3248,ETFE,node_0071,node_1672,h_transfer_recombination,recombination,0.8
edge_3249,ETFE,node_0063,node_1673,dehydrogenative_coupling,recombination,0.8
edge_3250,ETFE,node_0072,node_1673,dehydrogenative_coupling,recombination,0.8
edge_3251,ETFE,node_0063,node_1674,h_transfer_recombination,recombination,0.8
edge_3252,ETFE,node_0073,node_1674,h_transfer_recombination,recombination,0.8
edge_3253,ETFE,node_0063,node_1675,dehydrogenative_coupling,recombination,0.8
edge_3254,ETFE,node_0074,node_1675,dehydrogenative_coupling,recombination,0.8
edge_3255,ETFE,node_0063,node_1676,h_transfer_recombination,recombination,0.8
edge_3256,ETFE,node_0075,node_1676,h_transfer_recombination,recombination,0.8
edge_3257,ETFE,node_0063,node_1677,dehydrogenative_coupling,recombination,0.8
edge_3258,ETFE,node_0076,node_1677,dehydrogenative_coupling,recombination,0.8
edge_3259,ETFE,node_0063,node_1678,h_transfer_recombination,recombination,0.8
edge_3260,ETFE,node_0077,node_1678,h_transfer_recombination,recombination,0.8
edge_3261,ETFE,node_0063,node_1679,dehydrogenative_coupling,recombination,0.8
edge_3262,ETFE,node_0078,node_1679,dehydrogenative_coupling,recombination,0.8
edge_3263,ETFE,node_0063,node_1680,h_transfer_recombination,recombination,0.8
edge_3264,ETFE,node_0079,node_1680,h_transfer_recombination,recombination,0.8
edge_3265,ETFE,node_0063,node_1681,dehydrogenative_coupling,recombination,0.8
edge_3266,ETFE,node_0080,node_1681,dehydrogenative_coupling,recombination,0.8
edge_3267,ETFE,node_0063,node_1682,h_transfer_recombination,recombination,0.8
edge_3268,ETFE,node_0081,node_1682,h_transfer_recombination,recombination,0.8
edge_3269,ETFE,node_0063,node_1683,dehydrogenative_coupling,recombination,0.8
edge_3270,ETFE,node_0082,node_1683,dehydrogenative_coupling,recombination,0.8
edge_3271,ETFE,node_0063,node_1684,h_transfer_recombination,recombination,0.8
edge_3272,ETFE,node_0083,node_1684,h_transfer_recombination,recombination,0.8
edge_3273,ETFE,node_0063,node_1685,dehydrogenative_coupling,recombination,0.8
edge_3274,ETFE,node_0084,node_1685,dehydrogenative_coupling,recombination,0.8
edge_3275,ETFE,node_0063,node_1686,h_transfer_recombination,recombination,0.8
edge_3276,ETFE,node_0085,node_1686,h_transfer_recombination,recombination,0.8
edge_3277,ETFE,node_0063,node_1687,dehydrogenative_coupling,recombination,0.8
edge_3278,ETFE,node_0086,node_1687,dehydrogenative_coupling,recombination,0.8
edge_3279,ETFE,node_0063,node_1688,h_transfer_recombination,recombination,0.8
edge_3280,ETFE,node_0087,node_1688,h_transfer_recombination,recombination,0.8
edge_3281,ETFE,node_0063,node_1689,dehydrogenative_coupling,recombination,0.8
edge_3282,ETFE,node_0088,node_1689,dehydrogenative_coupling,recombination,0.8
edge_3283,ETFE,node_0063,node_1690,h_transfer_recombination,recombination,0.8
edge_3284,ETFE,node_0089,node_1690,h_transfer_recombination,recombination,0.8
edge_3285,ETFE,node_0063,node_1691,dehydrogenative_coupling,recombination,0.8
edge_3286,ETFE,node_0090,node_1691,dehydrogenative_coupling,recombination,0.8
edge_3287,ETFE,node_0063,node_1692,h_transfer_recombination,recombination,0.8
edge_3288,ETFE,node_0091,node_1692,h_transfer_recombination,recombination,0.8
edge_3289,ETFE,node_0063,node_1693,dehydrogenative_coupling,recombination,0.8
edge_3290,ETFE,node_0092,node_1693,dehydrogenative_coupling,recombination,0.8
edge_3291,ETFE,node_0063,node_1694,h_transfer_recombination,recombination,0.8
edge_3292,ETFE,node_0093,node_1694,h_transfer_recombination,recombination,0.8
edge_3293,ETFE,node_0063,node_1695,dehydrogenative_coupling,recombination,0.8
edge_3294,ETFE,node_0094,node_1695,dehydrogenative_coupling,recombination,0.8
edge_3295,ETFE,node_0063,node_1696,h_transfer_recombination,recombination,0.8
edge_3296,ETFE,node_0095,node_1696,h_transfer_recombination,recombination,0.8
edge_3297,ETFE,node_0064,node_1697,h_transfer_recombination,recombination,0.8
edge_3298,ETFE,node_0065,node_1697,h_transfer_recombination,recombination,0.8
edge_3299,ETFE,node_0064,node_1698,h_transfer_recombination,recombination,0.8
edge_3300,ETFE,node_0067,node_1698,h_transfer_recombination,recombination,0.8
edge_3301,ETFE,node_0064,node_1699,h_transfer_recombination,recombination,0.8
edge_3302,ETFE,node_0069,node_1699,h_transfer_recombination,recombination,0.8
edge_3303,ETFE,node_0064,node_1700,h_transfer_recombination,recombination,0.8
edge_3304,ETFE,node_0072,node_1700,h_transfer_recombination,recombination,0.8
edge_3305,ETFE,node_0064,node_1701,h_transfer_recombination,recombination,0.8
edge_3306,ETFE,node_0074,node_1701,h_transfer_recombination,recombination,0.8
edge_3307,ETFE,node_0064,node_1702,h_transfer_recombination,recombination,0.8
edge_3308,ETFE,node_0076,node_1702,h_transfer_recombination,recombination,0.8
edge_3309,ETFE,node_0064,node_1703,h_transfer_recombination,recombination,0.8
edge_3310,ETFE,node_0078,node_1703,h_transfer_recombination,recombination,0.8
edge_3311,ETFE,node_0064,node_1704,h_transfer_recombination,recombination,0.8
edge_3312,ETFE,node_0080,node_1704,h_transfer_recombination,recombination,0.8
edge_3313,ETFE,node_0064,node_1705,h_transfer_recombination,recombination,0.8
edge_3314,ETFE,node_0082,node_1705,h_transfer_recombination,recombination,0.8
edge_3315,ETFE,node_0064,node_1706,h_transfer_recombination,recombination,0.8
edge_3316,ETFE,node_0084,node_1706,h_transfer_recombination,recombination,0.8
edge_3317,ETFE,node_0064,node_1707,h_transfer_recombination,recombination,0.8
edge_3318,ETFE,node_0086,node_1707,h_transfer_recombination,recombination,0.8
edge_3319,ETFE,node_0064,node_1708,h_transfer_recombination,recombination,0.8
edge_3320,ETFE,node_0088,node_1708,h_transfer_recombination,recombination,0.8
edge_3321,ETFE,node_0064,node_1709,h_transfer_recombination,recombination,0.8
edge_3322,ETFE,node_0090,node_1709,h_transfer_recombination,recombination,0.8
edge_3323,ETFE,node_0064,node_1710,h_transfer_recombination,recombination,0.8
edge_3324,ETFE,node_0092,node_1710,h_transfer_recombination,recombination,0.8
edge_3325,ETFE,node_0064,node_1711,h_transfer_recombination,recombination,0.8
edge_3326,ETFE,node_0094,node_1711,h_transfer_recombination,recombination,0.8
edge_3327,ETFE,node_0065,node_1712,dehydrogenative_coupling,recombination,0.8
edge_3328,ETFE,node_0067,node_1712,dehydrogenative_coupling,recombination,0.8
edge_3329,ETFE,node_0065,node_1713,h_transfer_recombination,recombination,0.8
edge_3330,ETFE,node_0068,node_1713,h_transfer_recombination,recombination,0.8
edge_3331,ETFE,node_0065,node_1714,dehydrogenative_coupling,recombination,0.8
edge_3332,ETFE,node_0069,node_1714,dehydrogenative_coupling,recombination,0.8
edge_3333,ETFE,node_0065,node_1715,h_transfer_recombination,recombination,0.8
edge_3334,ETFE,node_0070,node_1715,h_transfer_recombination,recombination,0.8
edge_3335,ETFE,node_0065,node_1716,h_transfer_recombination,recombination,0.8
edge_3336,ETFE,node_0071,node_1716,h_transfer_recombination,recombination,0.8
edge_3337,ETFE,node_0065,node_1717,dehydrogenative_coupling,recombination,0.8
edge_3338,ETFE,node_0072,node_1717,dehydrogenative_coupling,recombination,0.8
edge_3339,ETFE,node_0065,node_1718,h_transfer_recombination,recombination,0.8
edge_3340,ETFE,node_0073,node_1718,h_transfer_recombination,recombination,0.8
edge_3341,ETFE,node_0065,node_1719,dehydrogenative_coupling,recombination,0.8
edge_3342,ETFE,node_0074,node_1719,dehydrogenative_coupling,recombination,0.8
edge_3343,ETFE,node_0065,node_1720,h_transfer_recombination,recombination,0.8
edge_3344,ETFE,node_0075,node_1720,h_transfer_recombination,recombination,0.8
edge_3345,ETFE,node_0065,node_1721,dehydrogenative_coupling,recombination,0.8
edge_3346,ETFE,node_0076,node_1721,dehydrogenative_coupling,recombination,0.8
edge_3347,ETFE,node_0065,node_1722,h_transfer_recombination,recombination,0.8
edge_3348,ETFE,node_0077,node_1722,h_transfer_recombination,recombination,0.8
edge_3349,ETFE,node_0065,node_1723,dehydrogenative_coupling,recombination,0.8
edge_3350,ETFE,node_0078,node_1723,dehydrogenative_coupling,recombination,0.8
edge_3351,ETFE,node_0065,node_1724,h_transfer_recombination,recombination,0.8
edge_3352,ETFE,node_0079,node_1724,h_transfer_recombination,recombination,0.8
edge_3353,ETFE,node_0065,node_1725,dehydrogenative_coupling,recombination,0.8
edge_3354,ETFE,node_0080,node_1725,dehydrogenative_coupling,recombination,0.8
edge_3355,ETFE,node_0065,node_1726,h_transfer_recombination,recombination,0.8
edge_3356,ETFE,node_0081,node_1726,h_transfer_recombination,recombination,0.8
edge_3357,ETFE,node_0065,node_1727,dehydrogenative_coupling,recombination,0.8
edge_3358,ETFE,node_0082,node_1727,dehydrogenative_coupling,recombination,0.8
edge_3359,ETFE,node_0065,node_1728,h_transfer_recombination,recombination,0.8
edge_3360,ETFE,node_0083,node_1728,h_transfer_recombination,recombination,0.8
edge_3361,ETFE,node_0065,node_1729,dehydrogenative_coupling,recombination,0.8
edge_3362,ETFE,node_0084,node_1729,dehydrogenative_coupling,recombination,0.8
edge_3363,ETFE,node_0065,node_1730,h_transfer_recombination,recombination,0.8
edge_3364,ETFE,node_0085,node_1730,h_transfer_recombination,recombination,0.8
edge_3365,ETFE,node_0065,node_1731,dehydrogenative_coupling,recombination,0.8
edge_3366,ETFE,node_0086,node_1731,dehydrogenative_coupling,recombination,0.8
edge_3367,ETFE,node_0065,node_1732,h_transfer_recombination,recombination,0.8
edge_3368,ETFE,node_0087,node_1732,h_transfer_recombination,recombination,0.8
edge_3369,ETFE,node_0065,node_1733,dehydrogenative_coupling,recombination,0.8
edge_3370,ETFE,node_0088,node_1733,dehydrogenative_coupling,recombination,0.8
edge_3371,ETFE,node_0065,node_1734,h_transfer_recombination,recombination,0.8
edge_3372,ETFE,node_0089,node_1734,h_transfer_recombination,recombination,0.8
edge_3373,ETFE,node_0065,node_1735,dehydrogenative_coupling,recombination,0.8
edge_3374,ETFE,node_0090,node_1735,dehydrogenative_coupling,recombination,0.8
edge_3375,ETFE,node_0065,node_1736,h_transfer_recombination,recombination,0.8
edge_3376,ETFE,node_0091,node_1736,h_transfer_recombination,recombination,0.8
edge_3377,ETFE,node_0065,node_1737,dehydrogenative_coupling,recombination,0.8
edge_3378,ETFE,node_0092,node_1737,dehydrogenative_coupling,recombination,0.8
edge_3379,ETFE,node_0065,node_1738,h_transfer_recombination,recombination,0.8
edge_3380,ETFE,node_0093,node_1738,h_transfer_recombination,recombination,0.8
edge_3381,ETFE,node_0065,node_1739,dehydrogenative_coupling,recombination,0.8
edge_3382,ETFE,node_0094,node_1739,dehydrogenative_coupling,recombination,0.8
edge_3383,ETFE,node_0065,node_1740,h_transfer_recombination,recombination,0.8
edge_3384,ETFE,node_0095,node_1740,h_transfer_recombination,recombination,0.8
edge_3385,ETFE,node_0066,node_1741,h_transfer_recombination,recombination,0.8
edge_3386,ETFE,node_0067,node_1741,h_transfer_recombination,recombination,0.8
edge_3387,ETFE,node_0066,node_1742,h_transfer_recombination,recombination,0.8
edge_3388,ETFE,node_0069,node_1742,h_transfer_recombination,recombination,0.8
edge_3389,ETFE,node_0066,node_1743,h_transfer_recombination,recombination,0.8
edge_3390,ETFE,node_0072,node_1743,h_transfer_recombination,recombination,0.8
edge_3391,ETFE,node_0066,node_1744,h_transfer_recombination,recombination,0.8
edge_3392,ETFE,node_0074,node_1744,h_transfer_recombination,recombination,0.8
edge_3393,ETFE,node_0066,node_1745,h_transfer_recombination,recombination,0.8
edge_3394,ETFE,node_0076,node_1745,h_transfer_recombination,recombination,0.8
edge_3395,ETFE,node_0066,node_1746,h_transfer_recombination,recombination,0.8
edge_3396,ETFE,node_0078,node_1746,h_transfer_recombination,recombination,0.8
edge_3397,ETFE,node_0066,node_1747,h_transfer_recombination,recombination,0.8
edge_3398,ETFE,node_0080,node_1747,h_transfer_recombination,recombination,0.8
edge_3399,ETFE,node_0066,node_1748,h_transfer_recombination,recombination,0.8
edge_3400,ETFE,node_0082,node_1748,h_transfer_recombination,recombination,0.8
edge_3401,ETFE,node_0066,node_1749,h_transfer_recombination,recombination,0.8
edge_3402,ETFE,node_0084,node_1749,h_transfer_recombination,recombination,0.8
edge_3403,ETFE,node_0066,node_1750,h_transfer_recombination,recombination,0.8
edge_3404,ETFE,node_0086,node_1750,h_transfer_recombination,recombination,0.8
edge_3405,ETFE,node_0066,node_1751,h_transfer_recombination,recombination,0.8
edge_3406,ETFE,node_0088,node_1751,h_transfer_recombination,recombination,0.8
edge_3407,ETFE,node_0066,node_1752,h_transfer_recombination,recombination,0.8
edge_3408,ETFE,node_0090,node_1752,h_transfer_recombination,recombination,0.8
edge_3409,ETFE,node_0066,node_1753,h_transfer_recombination,recombination,0.8
edge_3410,ETFE,node_0092,node_1753,h_transfer_recombination,recombination,0.8
edge_3411,ETFE,node_0066,node_1754,h_transfer_recombination,recombination,0.8
edge_3412,ETFE,node_0094,node_1754,h_transfer_recombination,recombination,0.8
edge_3413,ETFE,node_0067,node_1755,dehydrogenative_coupling,recombination,0.8
edge_3414,ETFE,node_0069,node_1755,dehydrogenative_coupling,recombination,0.8
edge_3415,ETFE,node_0067,node_1756,h_transfer_recombination,recombination,0.8
edge_3416,ETFE,node_0070,node_1756,h_transfer_recombination,recombination,0.8
edge_3417,ETFE,node_0067,node_1757,h_transfer_recombination,recombination,0.8
edge_3418,ETFE,node_0071,node_1757,h_transfer_recombination,recombination,0.8
edge_3419,ETFE,node_0067,node_1758,dehydrogenative_coupling,recombination,0.8
edge_3420,ETFE,node_0072,node_1758,dehydrogenative_coupling,recombination,0.8
edge_3421,ETFE,node_0067,node_1759,h_transfer_recombination,recombination,0.8
edge_3422,ETFE,node_0073,node_1759,h_transfer_recombination,recombination,0.8
edge_3423,ETFE,node_0067,node_1760,dehydrogenative_coupling,recombination,0.8
edge_3424,ETFE,node_0074,node_1760,dehydrogenative_coupling,recombination,0.8
edge_3425,ETFE,node_0067,node_1761,h_transfer_recombination,recombination,0.8
edge_3426,ETFE,node_0075,node_1761,h_transfer_recombination,recombination,0.8
edge_3427,ETFE,node_0067,node_1762,dehydrogenative_coupling,recombination,0.8
edge_3428,ETFE,node_0076,node_1762,dehydrogenative_coupling,recombination,0.8
edge_3429,ETFE,node_0067,node_1763,h_transfer_recombination,recombination,0.8
edge_3430,ETFE,node_0077,node_1763,h_transfer_recombination,recombination,0.8
edge_3431,ETFE,node_0067,node_1764,dehydrogenative_coupling,recombination,0.8
edge_3432,ETFE,node_0078,node_1764,dehydrogenative_coupling,recombination,0.8
edge_3433,ETFE,node_0067,node_1765,h_transfer_recombination,recombination,0.8
edge_3434,ETFE,node_0079,node_1765,h_transfer_recombination,recombination,0.8
edge_3435,ETFE,node_0067,node_1766,dehydrogenative_coupling,recombination,0.8
edge_3436,ETFE,node_0080,node_1766,dehydrogenative_coupling,recombination,0.8
edge_3437,ETFE,node_0067,node_1767,h_transfer_recombination,recombination,0.8
edge_3438,ETFE,node_0081,node_1767,h_transfer_recombination,recombination,0.8
edge_3439,ETFE,node_0067,node_1768,dehydrogenative_coupling,recombination,0.8
edge_3440,ETFE,node_0082,node_1768,dehydrogenative_coupling,recombination,0.8
edge_3441,ETFE,node_0067,node_1769,h_transfer_recombination,recombination,0.8
edge_3442,ETFE,node_0083,node_1769,h_transfer_recombination,recombination,0.8
edge_3443,ETFE,node_0067,node_1770,dehydrogenative_coupling,recombination,0.8
edge_3444,ETFE,node_0084,node_1770,dehydrogenative_coupling,recombination,0.8
edge_3445,ETFE,node_0067,node_1771,h_transfer_recombination,recombination,0.8
edge_3446,ETFE,node_0085,node_1771,h_transfer_recombination,recombination,0.8
edge_3447,ETFE,node_0067,node_1772,dehydrogenative_coupling,recombination,0.8
edge_3448,ETFE,node_0086,node_1772,dehydrogenative_coupling,recombination,0.8
edge_3449,ETFE,node_0067,node_1773,h_transfer_recombination,recombination,0.8
edge_3450,ETFE,node_0087,node_1773,h_transfer_recombination,recombination,0.8
edge_3451,ETFE,node_0067,node_1774,dehydrogenative_coupling,recombination,0.8
edge_3452,ETFE,node_0088,node_1774,dehydrogenative_coupling,recombination,0.8
edge_3453,ETFE,node_0067,node_1775,h_transfer_recombination,recombination,0.8
edge_3454,ETFE,node_0089,node_1775,h_transfer_recombination,recombination,0.8
edge_3455,ETFE,node_0067,node_1776,dehydrogenative_coupling,recombination,0.8
edge_3456,ETFE,node_0090,node_1776,dehydrogenative_coupling,recombination,0.8
edge_3457,ETFE,node_0067,node_1777,h_transfer_recombination,recombination,0.8
edge_3458,ETFE,node_0091,node_1777,h_transfer_recombination,recombination,0.8
edge_3459,ETFE,node_0067,node_1778,dehydrogenative_coupling,recombination,0.8
edge_3460,ETFE,node_0092,node_1778,dehydrogenative_coupling,recombination,0.8
edge_3461,ETFE,node_0067,node_1779,h_transfer_recombination,recombination,0.8
edge_3462,ETFE,node_0093,node_1779,h_transfer_recombination,recombination,0.8
edge_3463,ETFE,node_0067,node_1780,dehydrogenative_coupling,recombination,0.8
edge_3464,ETFE,node_0094,node_1780,dehydrogenative_coupling,recombination,0.8
edge_3465,ETFE,node_0067,node_1781,h_transfer_recombination,recombination,0.8
edge_3466,ETFE,node_0095,node_1781,h_transfer_recombination,recombination,0.8
edge_3467,ETFE,node_0068,node_1782,h_transfer_recombination,recombination,0.8
edge_3468,ETFE,node_0069,node_1782,h_transfer_recombination,recombination,0.8
edge_3469,ETFE,node_0068,node_1783,h_transfer_recombination,recombination,0.8
edge_3470,ETFE,node_0072,node_1783,h_transfer_recombination,recombination,0.8
edge_3471,ETFE,node_0068,node_1784,h_transfer_recombination,recombination,0.8
edge_3472,ETFE,node_0074,node_1784,h_transfer_recombination,recombination,0.8
edge_3473,ETFE,node_0068,node_1785,h_transfer_recombination,recombination,0.8
edge_3474,ETFE,node_0076,node_1785,h_transfer_recombination,recombination,0.8
edge_3475,ETFE,node_0068,node_1786,h_transfer_recombination,recombination,0.8
edge_3476,ETFE,node_0078,node_1786,h_transfer_recombination,recombination,0.8
edge_3477,ETFE,node_0068,node_1787,h_transfer_recombination,recombination,0.8
edge_3478,ETFE,node_0080,node_1787,h_transfer_recombination,recombination,0.8
edge_3479,ETFE,node_0068,node_1788,h_transfer_recombination,recombination,0.8
edge_3480,ETFE,node_0082,node_1788,h_transfer_recombination,recombination,0.8
edge_3481,ETFE,node_0068,node_1789,h_transfer_recombination,recombination,0.8
edge_3482,ETFE,node_0084,node_1789,h_transfer_recombination,recombination,0.8
edge_3483,ETFE,node_0068,node_1790,h_transfer_recombination,recombination,0.8
edge_3484,ETFE,node_0086,node_1790,h_transfer_recombination,recombination,0.8
edge_3485,ETFE,node_0068,node_1791,h_transfer_recombination,recombination,0.8
edge_3486,ETFE,node_0088,node_1791,h_transfer_recombination,recombination,0.8
edge_3487,ETFE,node_0068,node_1792,h_transfer_recombination,recombination,0.8
edge_3488,ETFE,node_0090,node_1792,h_transfer_recombination,recombination,0.8
edge_3489,ETFE,node_0068,node_1793,h_transfer_recombination,recombination,0.8
edge_3490,ETFE,node_0092,node_1793,h_transfer_recombination,recombination,0.8
edge_3491,ETFE,node_0068,node_1794,h_transfer_recombination,recombination,0.8
edge_3492,ETFE,node_0094,node_1794,h_transfer_recombination,recombination,0.8
edge_3493,ETFE,node_0069,node_1795,h_transfer_recombination,recombination,0.8
edge_3494,ETFE,node_0071,node_1795,h_transfer_recombination,recombination,0.8
edge_3495,ETFE,node_0069,node_1796,dehydrogenative_coupling,recombination,0.8
edge_3496,ETFE,node_0072,node_1796,dehydrogenative_coupling,recombination,0.8
edge_3497,ETFE,node_0069,node_1797,h_transfer_recombination,recombination,0.8
edge_3498,ETFE,node_0073,node_1797,h_transfer_recombination,recombination,0.8
edge_3499,ETFE,node_0069,node_1798,dehydrogenative_coupling,recombination,0.8
edge_3500,ETFE,node_0074,node_1798,dehydrogenative_coupling,recombination,0.8
edge_3501,ETFE,node_0069,node_1799,h_transfer_recombination,recombination,0.8
edge_3502,ETFE,node_0075,node_1799,h_transfer_recombination,recombination,0.8
edge_3503,ETFE,node_0069,node_1800,dehydrogenative_coupling,recombination,0.8
edge_3504,ETFE,node_0076,node_1800,dehydrogenative_coupling,recombination,0.8
edge_3505,ETFE,node_0069,node_1801,h_transfer_recombination,recombination,0.8
edge_3506,ETFE,node_0077,node_1801,h_transfer_recombination,recombination,0.8
edge_3507,ETFE,node_0069,node_1802,dehydrogenative_coupling,recombination,0.8
edge_3508,ETFE,node_0078,node_1802,dehydrogenative_coupling,recombination,0.8
edge_3509,ETFE,node_0069,node_1803,h_transfer_recombination,recombination,0.8
edge_3510,ETFE,node_0079,node_1803,h_transfer_recombination,recombination,0.8
edge_3511,ETFE,node_0069,node_1804,dehydrogenative_coupling,recombination,0.8
edge_3512,ETFE,node_0080,node_1804,dehydrogenative_coupling,recombination,0.8
edge_3513,ETFE,node_0069,node_1805,h_transfer_recombination,recombination,0.8
edge_3514,ETFE,node_0081,node_1805,h_transfer_recombination,recombination,0.8
edge_3515,ETFE,node_0069,node_1806,dehydrogenative_coupling,recombination,0.8
edge_3516,ETFE,node_0082,node_1806,dehydrogenative_coupling,recombination,0.8
edge_3517,ETFE,node_0069,node_1807,h_transfer_recombination,recombination,0.8
edge_3518,ETFE,node_0083,node_1807,h_transfer_recombination,recombination,0.8
edge_3519,ETFE,node_0069,node_1808,dehydrogenative_coupling,recombination,0.8
edge_3520,ETFE,node_0084,node_1808,dehydrogenative_coupling,recombination,0.8
edge_3521,ETFE,node_0069,node_1809,h_transfer_recombination,recombination,0.8
edge_3522,ETFE,node_0085,node_1809,h_transfer_recombination,recombination,0.8
edge_3523,ETFE,node_0069,node_1810,dehydrogenative_coupling,recombination,0.8
edge_3524,ETFE,node_0086,node_1810,dehydrogenative_coupling,recombination,0.8
edge_3525,ETFE,node_0069,node_1811,h_transfer_recombination,recombination,0.8
edge_3526,ETFE,node_0087,node_1811,h_transfer_recombination,recombination,0.8
edge_3527,ETFE,node_0069,node_1812,dehydrogenative_coupling,recombination,0.8
edge_3528,ETFE,node_0088,node_1812,dehydrogenative_coupling,recombination,0.8
edge_3529,ETFE,node_0069,node_1813,h_transfer_recombination,recombination,0.8
edge_3530,ETFE,node_0089,node_1813,h_transfer_recombination,recombination,0.8
edge_3531,ETFE,node_0069,node_1814,dehydrogenative_coupling,recombination,0.8
edge_3532,ETFE,node_0090,node_1814,dehydrogenative_coupling,recombination,0.8
edge_3533,ETFE,node_0069,node_1815,h_transfer_recombination,recombination,0.8
edge_3534,ETFE,node_0091,node_1815,h_transfer_recombination,recombination,0.8
edge_3535,ETFE,node_0069,node_1816,dehydrogenative_coupling,recombination,0.8
edge_3536,ETFE,node_0092,node_1816,dehydrogenative_coupling,recombination,0.8
edge_3537,ETFE,node_0069,node_1817,h_transfer_recombination,recombination,0.8
edge_3538,ETFE,node_0093,node_1817,h_transfer_recombination,recombination,0.8
edge_3539,ETFE,node_0069,node_1818,dehydrogenative_coupling,recombination,0.8
edge_3540,ETFE,node_0094,node_1818,dehydrogenative_coupling,recombination,0.8
edge_3541,ETFE,node_0069,node_1819,h_transfer_recombination,recombination,0.8
edge_3542,ETFE,node_0095,node_1819,h_transfer_recombination,recombination,0.8
edge_3543,ETFE,node_0070,node_1820,h_transfer_recombination,recombination,0.8
edge_3544,ETFE,node_0072,node_1820,h_transfer_recombination,recombination,0.8
edge_3545,ETFE,node_0070,node_1821,h_transfer_recombination,recombination,0.8
edge_3546,ETFE,node_0074,node_1821,h_transfer_recombination,recombination,0.8
edge_3547,ETFE,node_0070,node_1822,h_transfer_recombination,recombination,0.8
edge_3548,ETFE,node_0076,node_1822,h_transfer_recombination,recombination,0.8
edge_3549,ETFE,node_0070,node_1823,h_transfer_recombination,recombination,0.8
edge_3550,ETFE,node_0078,node_1823,h_transfer_recombination,recombination,0.8
edge_3551,ETFE,node_0070,node_1824,h_transfer_recombination,recombination,0.8
edge_3552,ETFE,node_0080,node_1824,h_transfer_recombination,recombination,0.8
edge_3553,ETFE,node_0070,node_1825,h_transfer_recombination,recombination,0.8
edge_3554,ETFE,node_0082,node_1825,h_transfer_recombination,recombination,0.8
edge_3555,ETFE,node_0070,node_1826,h_transfer_recombination,recombination,0.8
edge_3556,ETFE,node_0084,node_1826,h_transfer_recombination,recombination,0.8
edge_3557,ETFE,node_0070,node_1827,h_transfer_recombination,recombination,0.8
edge_3558,ETFE,node_0086,node_1827,h_transfer_recombination,recombination,0.8
edge_3559,ETFE,node_0070,node_1828,h_transfer_recombination,recombination,0.8
edge_3560,ETFE,node_0088,node_1828,h_transfer_recombination,recombination,0.8
edge_3561,ETFE,node_0070,node_1829,h_transfer_recombination,recombination,0.8
edge_3562,ETFE,node_0090,node_1829,h_transfer_recombination,recombination,0.8
edge_3563,ETFE,node_0070,node_1830,h_transfer_recombination,recombination,0.8
edge_3564,ETFE,node_0092,node_1830,h_transfer_recombination,recombination,0.8
edge_3565,ETFE,node_0070,node_1831,h_transfer_recombination,recombination,0.8
edge_3566,ETFE,node_0094,node_1831,h_transfer_recombination,recombination,0.8
edge_3567,ETFE,node_0071,node_1832,h_transfer_recombination,recombination,0.8
edge_3568,ETFE,node_0072,node_1832,h_transfer_recombination,recombination,0.8
edge_3569,ETFE,node_0071,node_1833,h_transfer_recombination,recombination,0.8
edge_3570,ETFE,node_0074,node_1833,h_transfer_recombination,recombination,0.8
edge_3571,ETFE,node_0071,node_1834,h_transfer_recombination,recombination,0.8
edge_3572,ETFE,node_0076,node_1834,h_transfer_recombination,recombination,0.8
edge_3573,ETFE,node_0071,node_1835,h_transfer_recombination,recombination,0.8
edge_3574,ETFE,node_0078,node_1835,h_transfer_recombination,recombination,0.8
edge_3575,ETFE,node_0071,node_1836,h_transfer_recombination,recombination,0.8
edge_3576,ETFE,node_0080,node_1836,h_transfer_recombination,recombination,0.8
edge_3577,ETFE,node_0071,node_1837,h_transfer_recombination,recombination,0.8
edge_3578,ETFE,node_0082,node_1837,h_transfer_recombination,recombination,0.8
edge_3579,ETFE,node_0071,node_1838,h_transfer_recombination,recombination,0.8
edge_3580,ETFE,node_0084,node_1838,h_transfer_recombination,recombination,0.8
edge_3581,ETFE,node_0071,node_1839,h_transfer_recombination,recombination,0.8
edge_3582,ETFE,node_0086,node_1839,h_transfer_recombination,recombination,0.8
edge_3583,ETFE,node_0071,node_1840,h_transfer_recombination,recombination,0.8
edge_3584,ETFE,node_0088,node_1840,h_transfer_recombination,recombination,0.8
edge_3585,ETFE,node_0071,node_1841,h_transfer_recombination,recombination,0.8
edge_3586,ETFE,node_0090,node_1841,h_transfer_recombination,recombination,0.8
edge_3587,ETFE,node_0071,node_1842,h_transfer_recombination,recombination,0.8
edge_3588,ETFE,node_0092,node_1842,h_transfer_recombination,recombination,0.8
edge_3589,ETFE,node_0071,node_1843,h_transfer_recombination,recombination,0.8
edge_3590,ETFE,node_0094,node_1843,h_transfer_recombination,recombination,0.8
edge_3591,ETFE,node_0072,node_1844,dehydrogenative_coupling,recombination,0.8
edge_3592,ETFE,node_0074,node_1844,dehydrogenative_coupling,recombination,0.8
edge_3593,ETFE,node_0072,node_1845,h_transfer_recombination,recombination,0.8
edge_3594,ETFE,node_0075,node_1845,h_transfer_recombination,recombination,0.8
edge_3595,ETFE,node_0072,node_1846,dehydrogenative_coupling,recombination,0.8
edge_3596,ETFE,node_0076,node_1846,dehydrogenative_coupling,recombination,0.8
edge_3597,ETFE,node_0072,node_1847,h_transfer_recombination,recombination,0.8
edge_3598,ETFE,node_0077,node_1847,h_transfer_recombination,recombination,0.8
edge_3599,ETFE,node_0072,node_1848,dehydrogenative_coupling,recombination,0.8
edge_3600,ETFE,node_0078,node_1848,dehydrogenative_coupling,recombination,0.8
edge_3601,ETFE,node_0072,node_1849,h_transfer_recombination,recombination,0.8
edge_3602,ETFE,node_0079,node_1849,h_transfer_recombination,recombination,0.8
edge_3603,ETFE,node_0072,node_1850,dehydrogenative_coupling,recombination,0.8
edge_3604,ETFE,node_0080,node_1850,dehydrogenative_coupling,recombination,0.8
edge_3605,ETFE,node_0072,node_1851,h_transfer_recombination,recombination,0.8
edge_3606,ETFE,node_0081,node_1851,h_transfer_recombination,recombination,0.8
edge_3607,ETFE,node_0072,node_1852,dehydrogenative_coupling,recombination,0.8
edge_3608,ETFE,node_0082,node_1852,dehydrogenative_coupling,recombination,0.8
edge_3609,ETFE,node_0072,node_1853,h_transfer_recombination,recombination,0.8
edge_3610,ETFE,node_0083,node_1853,h_transfer_recombination,recombination,0.8
edge_3611,ETFE,node_0072,node_1854,dehydrogenative_coupling,recombination,0.8
edge_3612,ETFE,node_0084,node_1854,dehydrogenative_coupling,recombination,0.8
edge_3613,ETFE,node_0072,node_1855,h_transfer_recombination,recombination,0.8
edge_3614,ETFE,node_0085,node_1855,h_transfer_recombination,recombination,0.8
edge_3615,ETFE,node_0072,node_1856,dehydrogenative_coupling,recombination,0.8
edge_3616,ETFE,node_0086,node_1856,dehydrogenative_coupling,recombination,0.8
edge_3617,ETFE,node_0072,node_1857,h_transfer_recombination,recombination,0.8
edge_3618,ETFE,node_0087,node_1857,h_transfer_recombination,recombination,0.8
edge_3619,ETFE,node_0072,node_1858,dehydrogenative_coupling,recombination,0.8
edge_3620,ETFE,node_0088,node_1858,dehydrogenative_coupling,recombination,0.8
edge_3621,ETFE,node_0072,node_1859,h_transfer_recombination,recombination,0.8
edge_3622,ETFE,node_0089,node_1859,h_transfer_recombination,recombination,0.8
edge_3623,ETFE,node_0072,node_1860,dehydrogenative_coupling,recombination,0.8
edge_3624,ETFE,node_0090,node_1860,dehydrogenative_coupling,recombination,0.8
edge_3625,ETFE,node_0072,node_1861,h_transfer_recombination,recombination,0.8
edge_3626,ETFE,node_0091,node_1861,h_transfer_recombination,recombination,0.8
edge_3627,ETFE,node_0072,node_1862,dehydrogenative_coupling,recombination,0.8
edge_3628,ETFE,node_0092,node_1862,dehydrogenative_coupling,recombination,0.8
edge_3629,ETFE,node_0072,node_1863,h_transfer_recombination,recombination,0.8
edge_3630,ETFE,node_0093,node_1863,h_transfer_recombination,recombination,0.8
edge_3631,ETFE,node_0072,node_1864,dehydrogenative_coupling,recombination,0.8
edge_3632,ETFE,node_0094,node_1864,dehydrogenative_coupling,recombination,0.8
edge_3633,ETFE,node_0072,node_1865,h_transfer_recombination,recombination,0.8
edge_3634,ETFE,node_0095,node_1865,h_transfer_recombination,recombination,0.8
edge_3635,ETFE,node_0073,node_1866,h_transfer_recombination,recombination,0.8
edge_3636,ETFE,node_0074,node_1866,h_transfer_recombination,recombination,0.8
edge_3637,ETFE,node_0073,node_1867,h_transfer_recombination,recombination,0.8
edge_3638,ETFE,node_0076,node_1867,h_transfer_recombination,recombination,0.8
edge_3639,ETFE,node_0073,node_1868,h_transfer_recombination,recombination,0.8
edge_3640,ETFE,node_0078,node_1868,h_transfer_recombination,recombination,0.8
edge_3641,ETFE,node_0073,node_1869,h_transfer_recombination,recombination,0.8
edge_3642,ETFE,node_0080,node_1869,h_transfer_recombination,recombination,0.8
edge_3643,ETFE,node_0073,node_1870,h_transfer_recombination,recombination,0.8
edge_3644,ETFE,node_0082,node_1870,h_transfer_recombination,recombination,0.8
edge_3645,ETFE,node_0073,node_1871,h_transfer_recombination,recombination,0.8
edge_3646,ETFE,node_0084,node_1871,h_transfer_recombination,recombination,0.8
edge_3647,ETFE,node_0073,node_1872,h_transfer_recombination,recombination,0.8
edge_3648,ETFE,node_0086,node_1872,h_transfer_recombination,recombination,0.8
edge_3649,ETFE,node_0073,node_1873,h_transfer_recombination,recombination,0.8
edge_3650,ETFE,node_0088,node_1873,h_transfer_recombination,recombination,0.8
edge_3651,ETFE,node_0073,node_1874,h_transfer_recombination,recombination,0.8
edge_3652,ETFE,node_0090,node_1874,h_transfer_recombination,recombination,0.8
edge_3653,ETFE,node_0073,node_1875,h_transfer_recombination,recombination,0.8
edge_3654,ETFE,node_0092,node_1875,h_transfer_recombination,recombination,0.8
edge_3655,ETFE,node_0073,node_1876,h_transfer_recombination,recombination,0.8
edge_3656,ETFE,node_0094,node_1876,h_transfer_recombination,recombination,0.8
edge_3657,ETFE,node_0074,node_1877,dehydrogenative_coupling,recombination,0.8
edge_3658,ETFE,node_0076,node_1877,dehydrogenative_coupling,recombination,0.8
edge_3659,ETFE,node_0074,node_1878,h_transfer_recombination,recombination,0.8
edge_3660,ETFE,node_0077,node_1878,h_transfer_recombination,recombination,0.8
edge_3661,ETFE,node_0074,node_1879,dehydrogenative_coupling,recombination,0.8
edge_3662,ETFE,node_0078,node_1879,dehydrogenative_coupling,recombination,0.8
edge_3663,ETFE,node_0074,node_1880,h_transfer_recombination,recombination,0.8
edge_3664,ETFE,node_0079,node_1880,h_transfer_recombination,recombination,0.8
edge_3665,ETFE,node_0074,node_1881,dehydrogenative_coupling,recombination,0.8
edge_3666,ETFE,node_0080,node_1881,dehydrogenative_coupling,recombination,0.8
edge_3667,ETFE,node_0074,node_1882,h_transfer_recombination,recombination,0.8
edge_3668,ETFE,node_0081,node_1882,h_transfer_recombination,recombination,0.8
edge_3669,ETFE,node_0074,node_1883,dehydrogenative_coupling,recombination,0.8
edge_3670,ETFE,node_0082,node_1883,dehydrogenative_coupling,recombination,0.8
edge_3671,ETFE,node_0074,node_1884,h_transfer_recombination,recombination,0.8
edge_3672,ETFE,node_0083,node_1884,h_transfer_recombination,recombination,0.8
edge_3673,ETFE,node_0074,node_1885,dehydrogenative_coupling,recombination,0.8
edge_3674,ETFE,node_0084,node_1885,dehydrogenative_coupling,recombination,0.8
edge_3675,ETFE,node_0074,node_1886,h_transfer_recombination,recombination,0.8
edge_3676,ETFE,node_0085,node_1886,h_transfer_recombination,recombination,0.8
edge_3677,ETFE,node_0074,node_1887,dehydrogenative_coupling,recombination,0.8
edge_3678,ETFE,node_0086,node_1887,dehydrogenative_coupling,recombination,0.8
edge_3679,ETFE,node_0074,node_1888,h_transfer_recombination,recombination,0.8
edge_3680,ETFE,node_0087,node_1888,h_transfer_recombination,recombination,0.8
edge_3681,ETFE,node_0074,node_1889,dehydrogenative_coupling,recombination,0.8
edge_3682,ETFE,node_0088,node_1889,dehydrogenative_coupling,recombination,0.8
edge_3683,ETFE,node_0074,node_1890,h_transfer_recombination,recombination,0.8
edge_3684,ETFE,node_0089,node_1890,h_transfer_recombination,recombination,0.8
edge_3685,ETFE,node_0074,node_1891,dehydrogenative_coupling,recombination,0.8
edge_3686,ETFE,node_0090,node_1891,dehydrogenative_coupling,recombination,0.8
edge_3687,ETFE,node_0074,node_1892,h_transfer_recombination,recombination,0.8
edge_3688,ETFE,node_0091,node_1892,h_transfer_recombination,recombination,0.8
edge_3689,ETFE,node_0074,node_1893,dehydrogenative_coupling,recombination,0.8
edge_3690,ETFE,node_0092,node_1893,dehydrogenative_coupling,recombination,0.8
edge_3691,ETFE,node_0074,node_1894,h_transfer_recombination,recombination,0.8
edge_3692,ETFE,node_0093,node_1894,h_transfer_recombination,recombination,0.8
edge_3693,ETFE,node_0074,node_1895,dehydrogenative_coupling,recombination,0.8
edge_3694,ETFE,node_0094,node_1895,dehydrogenative_coupling,recombination,0.8
edge_3695,ETFE,node_0074,node_1896,h_transfer_recombination,recombination,0.8
edge_3696,ETFE,node_0095,node_1896,h_transfer_recombination,recombination,0.8
edge_3697,ETFE,node_0075,node_1897,h_transfer_recombination,recombination,0.8
edge_3698,ETFE,node_0076,node_1897,h_transfer_recombination,recombination,0.8
edge_3699,ETFE,node_0075,node_1898,h_transfer_recombination,recombination,0.8
edge_3700,ETFE,node_0078,node_1898,h_transfer_recombination,recombination,0.8
edge_3701,ETFE,node_0075,node_1899,h_transfer_recombination,recombination,0.8
edge_3702,ETFE,node_0080,node_1899,h_transfer_recombination,recombination,0.8
edge_3703,ETFE,node_0075,node_1900,h_transfer_recombination,recombination,0.8
edge_3704,ETFE,node_0082,node_1900,h_transfer_recombination,recombination,0.8
edge_3705,ETFE,node_0075,node_1901,h_transfer_recombination,recombination,0.8
edge_3706,ETFE,node_0084,node_1901,h_transfer_recombination,recombination,0.8
edge_3707,ETFE,node_0075,node_1902,h_transfer_recombination,recombination,0.8
edge_3708,ETFE,node_0086,node_1902,h_transfer_recombination,recombination,0.8
edge_3709,ETFE,node_0075,node_1903,h_transfer_recombination,recombination,0.8
edge_3710,ETFE,node_0088,node_1903,h_transfer_recombination,recombination,0.8
edge_3711,ETFE,node_0075,node_1904,h_transfer_recombination,recombination,0.8
edge_3712,ETFE,node_0090,node_1904,h_transfer_recombination,recombination,0.8
edge_3713,ETFE,node_0075,node_1905,h_transfer_recombination,recombination,0.8
edge_3714,ETFE,node_0092,node_1905,h_transfer_recombination,recombination,0.8
edge_3715,ETFE,node_0075,node_1906,h_transfer_recombination,recombination,0.8
edge_3716,ETFE,node_0094,node_1906,h_transfer_recombination,recombination,0.8
edge_3717,ETFE,node_0076,node_1907,dehydrogenative_coupling,recombination,0.8
edge_3718,ETFE,node_0078,node_1907,dehydrogenative_coupling,recombination,0.8
edge_3719,ETFE,node_0076,node_1908,h_transfer_recombination,recombination,0.8
edge_3720,ETFE,node_0079,node_1908,h_transfer_recombination,recombination,0.8
edge_3721,ETFE,node_0076,node_1909,dehydrogenative_coupling,recombination,0.8
edge_3722,ETFE,node_0080,node_1909,dehydrogenative_coupling,recombination,0.8
edge_3723,ETFE,node_0076,node_1910,h_transfer_recombination,recombination,0.8
edge_3724,ETFE,node_0081,node_1910,h_transfer_recombination,recombination,0.8
edge_3725,ETFE,node_0076,node_1911,dehydrogenative_coupling,recombination,0.8
edge_3726,ETFE,node_0082,node_1911,dehydrogenative_coupling,recombination,0.8
edge_3727,ETFE,node_0076,node_1912,h_transfer_recombination,recombination,0.8
edge_3728,ETFE,node_0083,node_1912,h_transfer_recombination,recombination,0.8
edge_3729,ETFE,node_0076,node_1913,dehydrogenative_coupling,recombination,0.8
edge_3730,ETFE,node_0084,node_1913,dehydrogenative_coupling,recombination,0.8
edge_3731,ETFE,node_0076,node_1914,h_transfer_recombination,recombination,0.8
edge_3732,ETFE,node_0085,node_1914,h_transfer_recombination,recombination,0.8
edge_3733,ETFE,node_0076,node_1915,dehydrogenative_coupling,recombination,0.8
edge_3734,ETFE,node_0086,node_1915,dehydrogenative_coupling,recombination,0.8
edge_3735,ETFE,node_0076,node_1916,h_transfer_recombination,recombination,0.8
edge_3736,ETFE,node_0087,node_1916,h_transfer_recombination,recombination,0.8
edge_3737,ETFE,node_0076,node_1917,dehydrogenative_coupling,recombination,0.8
edge_3738,ETFE,node_0088,node_1917,dehydrogenative_coupling,recombination,0.8
edge_3739,ETFE,node_0076,node_1918,h_transfer_recombination,recombination,0.8
edge_3740,ETFE,node_0089,node_1918,h_transfer_recombination,recombination,0.8
edge_3741,ETFE,node_0076,node_1919,dehydrogenative_coupling,recombination,0.8
edge_3742,ETFE,node_0090,node_1919,dehydrogenative_coupling,recombination,0.8
edge_3743,ETFE,node_0076,node_1920,h_transfer_recombination,recombination,0.8
edge_3744,ETFE,node_0091,node_1920,h_transfer_recombination,recombination,0.8
edge_3745,ETFE,node_0076,node_1921,dehydrogenative_coupling,recombination,0.8
edge_3746,ETFE,node_0092,node_1921,dehydrogenative_coupling,recombination,0.8
edge_3747,ETFE,node_0076,node_1922,h_transfer_recombination,recombination,0.8
edge_3748,ETFE,node_0093,node_1922,h_transfer_recombination,recombination,0.8
edge_3749,ETFE,node_0076,node_1923,dehydrogenative_coupling,recombination,0.8
edge_3750,ETFE,node_0094,node_1923,dehydrogenative_coupling,recombination,0.8
edge_3751,ETFE,node_0076,node_1924,h_transfer_recombination,recombination,0.8
edge_3752,ETFE,node_0095,node_1924,h_transfer_recombination,recombination,0.8
edge_3753,ETFE,node_0077,node_1925,h_transfer_recombination,recombination,0.8
edge_3754,ETFE,node_0078,node_1925,h_transfer_recombination,recombination,0.8
edge_3755,ETFE,node_0077,node_1926,h_transfer_recombination,recombination,0.8
edge_3756,ETFE,node_0080,node_1926,h_transfer_recombination,recombination,0.8
edge_3757,ETFE,node_0077,node_1927,h_transfer_recombination,recombination,0.8
edge_3758,ETFE,node_0082,node_1927,h_transfer_recombination,recombination,0.8
edge_3759,ETFE,node_0077,node_1928,h_transfer_recombination,recombination,0.8
edge_3760,ETFE,node_0084,node_1928,h_transfer_recombination,recombination,0.8
edge_3761,ETFE,node_0077,node_1929,h_transfer_recombination,recombination,0.8
edge_3762,ETFE,node_0086,node_1929,h_transfer_recombination,recombination,0.8
edge_3763,ETFE,node_0077,node_1930,h_transfer_recombination,recombination,0.8
edge_3764,ETFE,node_0088,node_1930,h_transfer_recombination,recombination,0.8
edge_3765,ETFE,node_0077,node_1931,h_transfer_recombination,recombination,0.8
edge_3766,ETFE,node_0090,node_1931,h_transfer_recombination,recombination,0.8
edge_3767,ETFE,node_0077,node_1932,h_transfer_recombination,recombination,0.8
edge_3768,ETFE,node_0092,node_1932,h_transfer_recombination,recombination,0.8
edge_3769,ETFE,node_0077,node_1933,h_transfer_recombination,recombination,0.8
edge_3770,ETFE,node_0094,node_1933,h_transfer_recombination,recombination,0.8
edge_3771,ETFE,node_0078,node_1934,dehydrogenative_coupling,recombination,0.8
edge_3772,ETFE,node_0080,node_1934,dehydrogenative_coupling,recombination,0.8
edge_3773,ETFE,node_0078,node_1935,h_transfer_recombination,recombination,0.8
edge_3774,ETFE,node_0081,node_1935,h_transfer_recombination,recombination,0.8
edge_3775,ETFE,node_0078,node_1936,dehydrogenative_coupling,recombination,0.8
edge_3776,ETFE,node_0082,node_1936,dehydrogenative_coupling,recombination,0.8
edge_3777,ETFE,node_0078,node_1937,h_transfer_recombination,recombination,0.8
edge_3778,ETFE,node_0083,node_1937,h_transfer_recombination,recombination,0.8
edge_3779,ETFE,node_0078,node_1938,dehydrogenative_coupling,recombination,0.8
edge_3780,ETFE,node_0084,node_1938,dehydrogenative_coupling,recombination,0.8
edge_3781,ETFE,node_0078,node_1939,h_transfer_recombination,recombination,0.8
edge_3782,ETFE,node_0085,node_1939,h_transfer_recombination,recombination,0.8
edge_3783,ETFE,node_0078,node_1940,dehydrogenative_coupling,recombination,0.8
edge_3784,ETFE,node_0086,node_1940,dehydrogenative_coupling,recombination,0.8
edge_3785,ETFE,node_0078,node_1941,h_transfer_recombination,recombination,0.8
edge_3786,ETFE,node_0087,node_1941,h_transfer_recombination,recombination,0.8
edge_3787,ETFE,node_0078,node_1942,dehydrogenative_coupling,recombination,0.8
edge_3788,ETFE,node_0088,node_1942,dehydrogenative_coupling,recombination,0.8
edge_3789,ETFE,node_0078,node_1943,h_transfer_recombination,recombination,0.8
edge_3790,ETFE,node_0089,node_1943,h_transfer_recombination,recombination,0.8
edge_3791,ETFE,node_0078,node_1944,dehydrogenative_coupling,recombination,0.8
edge_3792,ETFE,node_0090,node_1944,dehydrogenative_coupling,recombination,0.8
edge_3793,ETFE,node_0078,node_1945,h_transfer_recombination,recombination,0.8
edge_3794,ETFE,node_0091,node_1945,h_transfer_recombination,recombination,0.8
edge_3795,ETFE,node_0078,node_1946,dehydrogenative_coupling,recombination,0.8
edge_3796,ETFE,node_0092,node_1946,dehydrogenative_coupling,recombination,0.8
edge_3797,ETFE,node_0078,node_1947,h_transfer_recombination,recombination,0.8
edge_3798,ETFE,node_0093,node_1947,h_transfer_recombination,recombination,0.8
edge_3799,ETFE,node_0078,node_1948,dehydrogenative_coupling,recombination,0.8
edge_3800,ETFE,node_0094,node_1948,dehydrogenative_coupling,recombination,0.8
edge_3801,ETFE,node_0078,node_1949,h_transfer_recombination,recombination,0.8
edge_3802,ETFE,node_0095,node_1949,h_transfer_recombination,recombination,0.8
edge_3803,ETFE,node_0079,node_1950,h_transfer_recombination,recombination,0.8
edge_3804,ETFE,node_0080,node_1950,h_transfer_recombination,recombination,0.8
edge_3805,ETFE,node_0079,node_1951,h_transfer_recombination,recombination,0.8
edge_3806,ETFE,node_0082,node_1951,h_transfer_recombination,recombination,0.8
edge_3807,ETFE,node_0079,node_1952,h_transfer_recombination,recombination,0.8
edge_3808,ETFE,node_0084,node_1952,h_transfer_recombination,recombination,0.8
edge_3809,ETFE,node_0079,node_1953,h_transfer_recombination,recombination,0.8
edge_3810,ETFE,node_0086,node_1953,h_transfer_recombination,recombination,0.8
edge_3811,ETFE,node_0079,node_1954,h_transfer_recombination,recombination,0.8
edge_3812,ETFE,node_0088,node_1954,h_transfer_recombination,recombination,0.8
edge_3813,ETFE,node_0079,node_1955,h_transfer_recombination,recombination,0.8
edge_3814,ETFE,node_0090,node_1955,h_transfer_recombination,recombination,0.8
edge_3815,ETFE,node_0079,node_1956,h_transfer_recombination,recombination,0.8
edge_3816,ETFE,node_0092,node_1956,h_transfer_recombination,recombination,0.8
edge_3817,ETFE,node_0079,node_1957,h_transfer_recombination,recombination,0.8
edge_3818,ETFE,node_0094,node_1957,h_transfer_recombination,recombination,0.8
edge_3819,ETFE,node_0080,node_1958,dehydrogenative_coupling,recombination,0.8
edge_3820,ETFE,node_0082,node_1958,dehydrogenative_coupling,recombination,0.8
edge_3821,ETFE,node_0080,node_1959,h_transfer_recombination,recombination,0.8
edge_3822,ETFE,node_0083,node_1959,h_transfer_recombination,recombination,0.8
edge_3823,ETFE,node_0080,node_1960,dehydrogenative_coupling,recombination,0.8
edge_3824,ETFE,node_0084,node_1960,dehydrogenative_coupling,recombination,0.8
edge_3825,ETFE,node_0080,node_1961,h_transfer_recombination,recombination,0.8
edge_3826,ETFE,node_0085,node_1961,h_transfer_recombination,recombination,0.8
edge_3827,ETFE,node_0080,node_1962,dehydrogenative_coupling,recombination,0.8
edge_3828,ETFE,node_0086,node_1962,dehydrogenative_coupling,recombination,0.8
edge_3829,ETFE,node_0080,node_1963,h_transfer_recombination,recombination,0.8
edge_3830,ETFE,node_0087,node_1963,h_transfer_recombination,recombination,0.8
edge_3831,ETFE,node_0080,node_1964,dehydrogenative_coupling,recombination,0.8
edge_3832,ETFE,node_0088,node_1964,dehydrogenative_coupling,recombination,0.8
edge_3833,ETFE,node_0080,node_1965,h_transfer_recombination,recombination,0.8
edge_3834,ETFE,node_0089,node_1965,h_transfer_recombination,recombination,0.8
edge_3835,ETFE,node_0080,node_1966,dehydrogenative_coupling,recombination,0.8
edge_3836,ETFE,node_0090,node_1966,dehydrogenative_coupling,recombination,0.8
edge_3837,ETFE,node_0080,node_1967,h_transfer_recombination,recombination,0.8
edge_3838,ETFE,node_0091,node_1967,h_transfer_recombination,recombination,0.8
edge_3839,ETFE,node_0080,node_1968,dehydrogenative_coupling,recombination,0.8
edge_3840,ETFE,node_0092,node_1968,dehydrogenative_coupling,recombination,0.8
edge_3841,ETFE,node_0080,node_1969,h_transfer_recombination,recombination,0.8
edge_3842,ETFE,node_0093,node_1969,h_transfer_recombination,recombination,0.8
edge_3843,ETFE,node_0080,node_1970,dehydrogenative_coupling,recombination,0.8
edge_3844,ETFE,node_0094,node_1970,dehydrogenative_coupling,recombination,0.8
edge_3845,ETFE,node_0080,node_1971,h_transfer_recombination,recombination,0.8
edge_3846,ETFE,node_0095,node_1971,h_transfer_recombination,recombination,0.8
edge_3847,ETFE,node_0081,node_1972,h_transfer_recombination,recombination,0.8
edge_3848,ETFE,node_0082,node_1972,h_transfer_recombination,recombination,0.8
edge_3849,ETFE,node_0081,node_1973,h_transfer_recombination,recombination,0.8
edge_3850,ETFE,node_0084,node_1973,h_transfer_recombination,recombination,0.8
edge_3851,ETFE,node_0081,node_1974,h_transfer_recombination,recombination,0.8
edge_3852,ETFE,node_0086,node_1974,h_transfer_recombination,recombination,0.8
edge_3853,ETFE,node_0081,node_1975,h_transfer_recombination,recombination,0.8
edge_3854,ETFE,node_0088,node_1975,h_transfer_recombination,recombination,0.8
edge_3855,ETFE,node_0081,node_1976,h_transfer_recombination,recombination,0.8
edge_3856,ETFE,node_0090,node_1976,h_transfer_recombination,recombination,0.8
edge_3857,ETFE,node_0081,node_1977,h_transfer_recombination,recombination,0.8
edge_3858,ETFE,node_0092,node_1977,h_transfer_recombination,recombination,0.8
edge_3859,ETFE,node_0081,node_1978,h_transfer_recombination,recombination,0.8
edge_3860,ETFE,node_0094,node_1978,h_transfer_recombination,recombination,0.8
edge_3861,ETFE,node_0082,node_1979,dehydrogenative_coupling,recombination,0.8
edge_3862,ETFE,node_0084,node_1979,dehydrogenative_coupling,recombination,0.8
edge_3863,ETFE,node_0082,node_1980,h_transfer_recombination,recombination,0.8
edge_3864,ETFE,node_0085,node_1980,h_transfer_recombination,recombination,0.8
edge_3865,ETFE,node_0082,node_1981,dehydrogenative_coupling,recombination,0.8
edge_3866,ETFE,node_0086,node_1981,dehydrogenative_coupling,recombination,0.8
edge_3867,ETFE,node_0082,node_1982,h_transfer_recombination,recombination,0.8
edge_3868,ETFE,node_0087,node_1982,h_transfer_recombination,recombination,0.8
edge_3869,ETFE,node_0082,node_1983,dehydrogenative_coupling,recombination,0.8
edge_3870,ETFE,node_0088,node_1983,dehydrogenative_coupling,recombination,0.8
edge_3871,ETFE,node_0082,node_1984,h_transfer_recombination,recombination,0.8
edge_3872,ETFE,node_0089,node_1984,h_transfer_recombination,recombination,0.8
edge_3873,ETFE,node_0082,node_1985,dehydrogenative_coupling,recombination,0.8
edge_3874,ETFE,node_0090,node_1985,dehydrogenative_coupling,recombination,0.8
edge_3875,ETFE,node_0082,node_1986,h_transfer_recombination,recombination,0.8
edge_3876,ETFE,node_0091,node_1986,h_transfer_recombination,recombination,0.8
edge_3877,ETFE,node_0082,node_1987,dehydrogenative_coupling,recombination,0.8
edge_3878,ETFE,node_0092,node_1987,dehydrogenative_coupling,recombination,0.8
edge_3879,ETFE,node_0082,node_1988,h_transfer_recombination,recombination,0.8
edge_3880,ETFE,node_0093,node_1988,h_transfer_recombination,recombination,0.8
edge_3881,ETFE,node_0082,node_1989,dehydrogenative_coupling,recombination,0.8
edge_3882,ETFE,node_0094,node_1989,dehydrogenative_coupling,recombination,0.8
edge_3883,ETFE,node_0082,node_1990,h_transfer_recombination,recombination,0.8
edge_3884,ETFE,node_0095,node_1990,h_transfer_recombination,recombination,0.8
edge_3885,ETFE,node_0083,node_1991,h_transfer_recombination,recombination,0.8
edge_3886,ETFE,node_0084,node_1991,h_transfer_recombination,recombination,0.8
edge_3887,ETFE,node_0083,node_1992,h_transfer_recombination,recombination,0.8
edge_3888,ETFE,node_0086,node_1992,h_transfer_recombination,recombination,0.8
edge_3889,ETFE,node_0083,node_1993,h_transfer_recombination,recombination,0.8
edge_3890,ETFE,node_0088,node_1993,h_transfer_recombination,recombination,0.8
edge_3891,ETFE,node_0083,node_1994,h_transfer_recombination,recombination,0.8
edge_3892,ETFE,node_0090,node_1994,h_transfer_recombination,recombination,0.8
edge_3893,ETFE,node_0083,node_1995,h_transfer_recombination,recombination,0.8
edge_3894,ETFE,node_0092,node_1995,h_transfer_recombination,recombination,0.8
edge_3895,ETFE,node_0083,node_1996,h_transfer_recombination,recombination,0.8
edge_3896,ETFE,node_0094,node_1996,h_transfer_recombination,recombination,0.8
edge_3897,ETFE,node_0084,node_1997,dehydrogenative_coupling,recombination,0.8
edge_3898,ETFE,node_0086,node_1997,dehydrogenative_coupling,recombination,0.8
edge_3899,ETFE,node_0084,node_1998,h_transfer_recombination,recombination,0.8
edge_3900,ETFE,node_0087,node_1998,h_transfer_recombination,recombination,0.8
edge_3901,ETFE,node_0084,node_1999,dehydrogenative_coupling,recombination,0.8
edge_3902,ETFE,node_0088,node_1999,dehydrogenative_coupling,recombination,0.8
edge_3903,ETFE,node_0084,node_2000,h_transfer_recombination,recombination,0.8
edge_3904,ETFE,node_0089,node_2000,h_transfer_recombination,recombination,0.8
edge_3905,ETFE,node_0084,node_2001,dehydrogenative_coupling,recombination,0.8
edge_3906,ETFE,node_0090,node_2001,dehydrogenative_coupling,recombination,0.8
edge_3907,ETFE,node_0084,node_2002,h_transfer_recombination,recombination,0.8
edge_3908,ETFE,node_0091,node_2002,h_transfer_recombination,recombination,0.8
edge_3909,ETFE,node_0084,node_2003,dehydrogenative_coupling,recombination,0.8
edge_3910,ETFE,node_0092,node_2003,dehydrogenative_coupling,recombination,0.8
edge_3911,ETFE,node_0084,node_2004,h_transfer_recombination,recombination,0.8
edge_3912,ETFE,node_0093,node_2004,h_transfer_recombination,recombination,0.8
edge_3913,ETFE,node_0084,node_2005,dehydrogenative_coupling,recombination,0.8
edge_3914,ETFE,node_0094,node_2005,dehydrogenative_coupling,recombination,0.8
edge_3915,ETFE,node_0084,node_2006,h_transfer_recombination,recombination,0.8
edge_3916,ETFE,node_0095,node_2006,h_transfer_recombination,recombination,0.8
edge_3917,ETFE,node_0085,node_2007,h_transfer_recombination,recombination,0.8
edge_3918,ETFE,node_0086,node_2007,h_transfer_recombination,recombination,0.8
edge_3919,ETFE,node_0085,node_2008,h_transfer_recombination,recombination,0.8
edge_3920,ETFE,node_0088,node_2008,h_transfer_recombination,recombination,0.8
edge_3921,ETFE,node_0085,node_2009,h_transfer_recombination,recombination,0.8
edge_3922,ETFE,node_0090,node_2009,h_transfer_recombination,recombination,0.8
edge_3923,ETFE,node_0085,node_2010,h_transfer_recombination,recombination,0.8
edge_3924,ETFE,node_0092,node_2010,h_transfer_recombination,recombination,0.8
edge_3925,ETFE,node_0085,node_2011,h_transfer_recombination,recombination,0.8
edge_3926,ETFE,node_0094,node_2011,h_transfer_recombination,recombination,0.8
edge_3927,ETFE,node_0086,node_2012,dehydrogenative_coupling,recombination,0.8
edge_3928,ETFE,node_0088,node_2012,dehydrogenative_coupling,recombination,0.8
edge_3929,ETFE,node_0086,node_2013,h_transfer_recombination,recombination,0.8
edge_3930,ETFE,node_0089,node_2013,h_transfer_recombination,recombination,0.8
edge_3931,ETFE,node_0086,node_2014,dehydrogenative_coupling,recombination,0.8
edge_3932,ETFE,node_0090,node_2014,dehydrogenative_coupling,recombination,0.8
edge_3933,ETFE,node_0086,node_2015,h_transfer_recombination,recombination,0.8
edge_3934,ETFE,node_0091,node_2015,h_transfer_recombination,recombination,0.8
edge_3935,ETFE,node_0086,node_2016,dehydrogenative_coupling,recombination,0.8
edge_3936,ETFE,node_0092,node_2016,dehydrogenative_coupling,recombination,0.8
edge_3937,ETFE,node_0086,node_2017,h_transfer_recombination,recombination,0.8
edge_3938,ETFE,node_0093,node_2017,h_transfer_recombination,recombination,0.8
edge_3939,ETFE,node_0086,node_2018,dehydrogenative_coupling,recombination,0.8
edge_3940,ETFE,node_0094,node_2018,dehydrogenative_coupling,recombination,0.8
edge_3941,ETFE,node_0086,node_2019,h_transfer_recombination,recombination,0.8
edge_3942,ETFE,node_0095,node_2019,h_transfer_recombination,recombination,0.8
edge_3943,ETFE,node_0087,node_2020,h_transfer_recombination,recombination,0.8
edge_3944,ETFE,node_0088,node_2020,h_transfer_recombination,recombination,0.8
edge_3945,ETFE,node_0087,node_2021,h_transfer_recombination,recombination,0.8
edge_3946,ETFE,node_0090,node_2021,h_transfer_recombination,recombination,0.8
edge_3947,ETFE,node_0087,node_2022,h_transfer_recombination,recombination,0.8
edge_3948,ETFE,node_0092,node_2022,h_transfer_recombination,recombination,0.8
edge_3949,ETFE,node_0087,node_2023,h_transfer_recombination,recombination,0.8
edge_3950,ETFE,node_0094,node_2023,h_transfer_recombination,recombination,0.8
edge_3951,ETFE,node_0088,node_2024,dehydrogenative_coupling,recombination,0.8
edge_3952,ETFE,node_0090,node_2024,dehydrogenative_coupling,recombination,0.8
edge_3953,ETFE,node_0088,node_2025,h_transfer_recombination,recombination,0.8
edge_3954,ETFE,node_0091,node_2025,h_transfer_recombination,recombination,0.8
edge_3955,ETFE,node_0088,node_2026,dehydrogenative_coupling,recombination,0.8
edge_3956,ETFE,node_0092,node_2026,dehydrogenative_coupling,recombination,0.8
edge_3957,ETFE,node_0088,node_2027,h_transfer_recombination,recombination,0.8
edge_3958,ETFE,node_0093,node_2027,h_transfer_recombination,recombination,0.8
edge_3959,ETFE,node_0088,node_2028,dehydrogenative_coupling,recombination,0.8
edge_3960,ETFE,node_0094,node_2028,dehydrogenative_coupling,recombination,0.8
edge_3961,ETFE,node_0088,node_2029,h_transfer_recombination,recombination,0.8
edge_3962,ETFE,node_0095,node_2029,h_transfer_recombination,recombination,0.8
edge_3963,ETFE,node_0089,node_2030,h_transfer_recombination,recombination,0.8
edge_3964,ETFE,node_0090,node_2030,h_transfer_recombination,recombination,0.8
edge_3965,ETFE,node_0089,node_2031,h_transfer_recombination,recombination,0.8
edge_3966,ETFE,node_0092,node_2031,h_transfer_recombination,recombination,0.8
edge_3967,ETFE,node_0089,node_2032,h_transfer_recombination,recombination,0.8
edge_3968,ETFE,node_0094,node_2032,h_transfer_recombination,recombination,0.8
edge_3969,ETFE,node_0090,node_2033,dehydrogenative_coupling,recombination,0.8
edge_3970,ETFE,node_0092,node_2033,dehydrogenative_coupling,recombination,0.8
edge_3971,ETFE,node_0090,node_2034,h_transfer_recombination,recombination,0.8
edge_3972,ETFE,node_0093,node_2034,h_transfer_recombination,recombination,0.8
edge_3973,ETFE,node_0090,node_2035,dehydrogenative_coupling,recombination,0.8
edge_3974,ETFE,node_0094,node_2035,dehydrogenative_coupling,recombination,0.8
edge_3975,ETFE,node_0090,node_2036,h_transfer_recombination,recombination,0.8
edge_3976,ETFE,node_0095,node_2036,h_transfer_recombination,recombination,0.8
edge_3977,ETFE,node_0091,node_2037,h_transfer_recombination,recombination,0.8
edge_3978,ETFE,node_0092,node_2037,h_transfer_recombination,recombination,0.8
edge_3979,ETFE,node_0091,node_2038,h_transfer_recombination,recombination,0.8
edge_3980,ETFE,node_0094,node_2038,h_transfer_recombination,recombination,0.8
edge_3981,ETFE,node_0092,node_2039,dehydrogenative_coupling,recombination,0.8
edge_3982,ETFE,node_0094,node_2039,dehydrogenative_coupling,recombination,0.8
edge_3983,ETFE,node_0092,node_2040,h_transfer_recombination,recombination,0.8
edge_3984,ETFE,node_0095,node_2040,h_transfer_recombination,recombination,0.8
edge_3985,ETFE,node_0093,node_2041,h_transfer_recombination,recombination,0.8
edge_3986,ETFE,node_0094,node_2041,h_transfer_recombination,recombination,0.8
edge_3987,ETFE,node_0001,node_2042,diagnostic_CF,feature_rule,0.7
edge_3988,ETFE,node_0001,node_2043,diagnostic_CF2,feature_rule,0.7
edge_3989,ETFE,node_0001,node_2044,diagnostic_CF3,feature_rule,0.7
edge_3990,ETFE,node_0001,node_2045,diagnostic_C2F3,feature_rule,0.7
edge_3991,ETFE,node_0001,node_2046,diagnostic_C2F4,feature_rule,0.7
edge_3992,ETFE,node_0001,node_2047,diagnostic_C2F5,feature_rule,0.7
edge_3993,ETFE,node_0001,node_2048,diagnostic_C3F3,feature_rule,0.7
edge_3994,ETFE,node_0001,node_2049,diagnostic_C3F5,feature_rule,0.7
edge_3995,ETFE,node_0001,node_2050,diagnostic_C3F7,feature_rule,0.7
edge_3996,ETFE,node_0001,node_2051,diagnostic_F,feature_rule,0.7
edge_3997,ETFE,node_0001,node_2052,diagnostic_CF,feature_rule,0.7
edge_3998,ETFE,node_0001,node_2053,diagnostic_CF3,feature_rule,0.7
edge_3999,ETFE,node_0001,node_2054,diagnostic_C2F3,feature_rule,0.7
edge_4000,ETFE,node_0001,node_2055,diagnostic_C2F4,feature_rule,0.7
edge_4001,ETFE,node_0001,node_2056,diagnostic_C2F5,feature_rule,0.7
edge_4002,ETFE,node_0001,node_2057,diagnostic_C3F5,feature_rule,0.7
edge_4003,ETFE,node_0001,node_2058,hfc_CHF2,feature_rule,0.7
edge_4004,ETFE,node_0001,node_2059,hfc_CH2F,feature_rule,0.7
edge_4005,ETFE,node_0001,node_2060,hfc_C2HF2,feature_rule,0.7
edge_4006,ETFE,node_0001,node_2061,hfc_C2H2F,feature_rule,0.7
edge_4007,ETFE,node_0001,node_2062,hfc_C2H2F2,feature_rule,0.7
edge_4008,ETFE,node_0001,node_2063,hfc_C2HF4,feature_rule,0.7
edge_4009,ETFE,node_0001,node_2064,hfc_C3H2F3,feature_rule,0.7
edge_4010,ETFE,node_0001,node_2065,hfc_C3H3F2,feature_rule,0.7
edge_4011,ETFE,node_0001,node_2066,small_hc_C2H3,feature_rule,0.7
edge_4012,ETFE,node_0001,node_2067,small_hc_C2H5,feature_rule,0.7
edge_4013,ETFE,node_0001,node_2068,small_hc_C3H3,feature_rule,0.7
edge_4014,ETFE,node_0001,node_2069,small_hc_C3H5,feature_rule,0.7
edge_4015,ETFE,node_0001,node_2070,small_hc_C3H7,feature_rule,0.7
edge_4016,ETFE,node_0001,node_2071,small_hc_C4H3,feature_rule,0.7
edge_4017,ETFE,node_0001,node_2072,small_hc_C4H5,feature_rule,0.7
edge_4018,ETFE,node_0001,node_2073,small_hc_C4H7,feature_rule,0.7
edge_4019,ETFE,node_0001,node_2074,small_hc_C4H9,feature_rule,0.7
edge_4020,ETFE,node_0001,node_2075,small_hc_C2,feature_rule,0.7
edge_4021,ETFE,node_0001,node_2076,small_hc_C2H,feature_rule,0.7
edge_4022,ETFE,node_0001,node_2077,small_hc_C3,feature_rule,0.7
edge_4023,ETFE,node_0001,node_2078,small_hc_C3H,feature_rule,0.7
edge_4024,ETFE,node_0001,node_2079,small_hc_C4,feature_rule,0.7
edge_4025,ETFE,node_0001,node_2080,small_hc_C4H,feature_rule,0.7
edge_4026,ETFE,node_0001,node_2081,electron_loss,ionization,1.0
edge_4027,ETFE,node_0001,node_2082,electron_gain,ionization,1.0
edge_4028,ETFE,node_0001,node_2083,protonation,ionization,1.0
edge_4029,ETFE,node_0001,node_2084,deprotonation,ionization,1.0
edge_4030,ETFE,node_0002,node_2085,electron_loss,ionization,1.0
edge_4031,ETFE,node_0002,node_2086,electron_gain,ionization,1.0
edge_4032,ETFE,node_0002,node_2087,protonation,ionization,1.0
edge_4033,ETFE,node_0002,node_2088,deprotonation,ionization,1.0
edge_4034,ETFE,node_0003,node_2089,electron_loss,ionization,1.0
edge_4035,ETFE,node_0003,node_2090,electron_gain,ionization,1.0
edge_4036,ETFE,node_0003,node_2091,protonation,ionization,1.0
edge_4037,ETFE,node_0003,node_2092,deprotonation,ionization,1.0
edge_4038,ETFE,node_0004,node_2093,electron_loss,ionization,1.0
edge_4039,ETFE,node_0004,node_2094,electron_gain,ionization,1.0
edge_4040,ETFE,node_0004,node_2095,protonation,ionization,1.0
edge_4041,ETFE,node_0004,node_2096,deprotonation,ionization,1.0
edge_4042,ETFE,node_0005,node_2097,electron_loss,ionization,1.0
edge_4043,ETFE,node_0005,node_2098,electron_gain,ionization,1.0
edge_4044,ETFE,node_0005,node_2099,protonation,ionization,1.0
edge_4045,ETFE,node_0005,node_2100,deprotonation,ionization,1.0
edge_4046,ETFE,node_0006,node_2101,electron_loss,ionization,1.0
edge_4047,ETFE,node_0006,node_2102,electron_gain,ionization,1.0
edge_4048,ETFE,node_0006,node_2103,protonation,ionization,1.0
edge_4049,ETFE,node_0007,node_2104,electron_loss,ionization,1.0
edge_4050,ETFE,node_0007,node_2105,electron_gain,ionization,1.0
edge_4051,ETFE,node_0007,node_2106,protonation,ionization,1.0
edge_4052,ETFE,node_0007,node_2107,deprotonation,ionization,1.0
edge_4053,ETFE,node_0008,node_2108,electron_loss,ionization,1.0
edge_4054,ETFE,node_0008,node_2109,electron_gain,ionization,1.0
edge_4055,ETFE,node_0008,node_2110,protonation,ionization,1.0
edge_4056,ETFE,node_0009,node_2111,electron_loss,ionization,1.0
edge_4057,ETFE,node_0009,node_2112,electron_gain,ionization,1.0
edge_4058,ETFE,node_0009,node_2113,protonation,ionization,1.0
edge_4059,ETFE,node_0009,node_2114,deprotonation,ionization,1.0
edge_4060,ETFE,node_0010,node_2115,electron_loss,ionization,1.0
edge_4061,ETFE,node_0010,node_2116,electron_gain,ionization,1.0
edge_4062,ETFE,node_0010,node_2117,protonation,ionization,1.0
edge_4063,ETFE,node_0010,node_2118,deprotonation,ionization,1.0
edge_4064,ETFE,node_0011,node_2119,electron_loss,ionization,1.0
edge_4065,ETFE,node_0011,node_2120,electron_gain,ionization,1.0
edge_4066,ETFE,node_0011,node_2121,protonation,ionization,1.0
edge_4067,ETFE,node_0011,node_2122,deprotonation,ionization,1.0
edge_4068,ETFE,node_0012,node_2123,electron_loss,ionization,1.0
edge_4069,ETFE,node_0012,node_2124,electron_gain,ionization,1.0
edge_4070,ETFE,node_0012,node_2125,protonation,ionization,1.0
edge_4071,ETFE,node_0013,node_2126,electron_loss,ionization,1.0
edge_4072,ETFE,node_0013,node_2127,electron_gain,ionization,1.0
edge_4073,ETFE,node_0013,node_2128,protonation,ionization,1.0
edge_4074,ETFE,node_0013,node_2129,deprotonation,ionization,1.0
edge_4075,ETFE,node_0014,node_2130,electron_loss,ionization,1.0
edge_4076,ETFE,node_0014,node_2131,electron_gain,ionization,1.0
edge_4077,ETFE,node_0014,node_2132,protonation,ionization,1.0
edge_4078,ETFE,node_0015,node_2133,electron_loss,ionization,1.0
edge_4079,ETFE,node_0015,node_2134,electron_gain,ionization,1.0
edge_4080,ETFE,node_0015,node_2135,protonation,ionization,1.0
edge_4081,ETFE,node_0015,node_2136,deprotonation,ionization,1.0
edge_4082,ETFE,node_0016,node_2137,electron_loss,ionization,1.0
edge_4083,ETFE,node_0016,node_2138,electron_gain,ionization,1.0
edge_4084,ETFE,node_0016,node_2139,protonation,ionization,1.0
edge_4085,ETFE,node_0016,node_2140,deprotonation,ionization,1.0
edge_4086,ETFE,node_0017,node_2141,electron_loss,ionization,1.0
edge_4087,ETFE,node_0017,node_2142,electron_gain,ionization,1.0
edge_4088,ETFE,node_0017,node_2143,protonation,ionization,1.0
edge_4089,ETFE,node_0017,node_2144,deprotonation,ionization,1.0
edge_4090,ETFE,node_0018,node_2145,electron_loss,ionization,1.0
edge_4091,ETFE,node_0018,node_2146,electron_gain,ionization,1.0
edge_4092,ETFE,node_0018,node_2147,protonation,ionization,1.0
edge_4093,ETFE,node_0018,node_2148,deprotonation,ionization,1.0
edge_4094,ETFE,node_0019,node_2149,electron_loss,ionization,1.0
edge_4095,ETFE,node_0019,node_2150,electron_gain,ionization,1.0
edge_4096,ETFE,node_0019,node_2151,protonation,ionization,1.0
edge_4097,ETFE,node_0019,node_2152,deprotonation,ionization,1.0
edge_4098,ETFE,node_0020,node_2153,electron_loss,ionization,1.0
edge_4099,ETFE,node_0020,node_2154,electron_gain,ionization,1.0
edge_4100,ETFE,node_0020,node_2155,protonation,ionization,1.0
edge_4101,ETFE,node_0020,node_2156,deprotonation,ionization,1.0
edge_4102,ETFE,node_0021,node_2157,electron_loss,ionization,1.0
edge_4103,ETFE,node_0021,node_2158,electron_gain,ionization,1.0
edge_4104,ETFE,node_0021,node_2159,protonation,ionization,1.0
edge_4105,ETFE,node_0021,node_2160,deprotonation,ionization,1.0
edge_4106,ETFE,node_0022,node_2161,electron_loss,ionization,1.0
edge_4107,ETFE,node_0022,node_2162,electron_gain,ionization,1.0
edge_4108,ETFE,node_0022,node_2163,protonation,ionization,1.0
edge_4109,ETFE,node_0023,node_2164,electron_loss,ionization,1.0
edge_4110,ETFE,node_0023,node_2165,electron_gain,ionization,1.0
edge_4111,ETFE,node_0023,node_2166,protonation,ionization,1.0
edge_4112,ETFE,node_0023,node_2167,deprotonation,ionization,1.0
edge_4113,ETFE,node_0024,node_2168,electron_loss,ionization,1.0
edge_4114,ETFE,node_0024,node_2169,electron_gain,ionization,1.0
edge_4115,ETFE,node_0024,node_2170,protonation,ionization,1.0
edge_4116,ETFE,node_0024,node_2171,deprotonation,ionization,1.0
edge_4117,ETFE,node_0025,node_2172,electron_loss,ionization,1.0
edge_4118,ETFE,node_0025,node_2173,electron_gain,ionization,1.0
edge_4119,ETFE,node_0025,node_2174,protonation,ionization,1.0
edge_4120,ETFE,node_0025,node_2175,deprotonation,ionization,1.0
edge_4121,ETFE,node_0026,node_2176,electron_loss,ionization,1.0
edge_4122,ETFE,node_0026,node_2177,electron_gain,ionization,1.0
edge_4123,ETFE,node_0026,node_2178,protonation,ionization,1.0
edge_4124,ETFE,node_0026,node_2179,deprotonation,ionization,1.0
edge_4125,ETFE,node_0027,node_2180,electron_loss,ionization,1.0
edge_4126,ETFE,node_0027,node_2181,electron_gain,ionization,1.0
edge_4127,ETFE,node_0027,node_2182,protonation,ionization,1.0
edge_4128,ETFE,node_0027,node_2183,deprotonation,ionization,1.0
edge_4129,ETFE,node_0028,node_2184,electron_loss,ionization,1.0
edge_4130,ETFE,node_0028,node_2185,electron_gain,ionization,1.0
edge_4131,ETFE,node_0028,node_2186,protonation,ionization,1.0
edge_4132,ETFE,node_0028,node_2187,deprotonation,ionization,1.0
edge_4133,ETFE,node_0029,node_2188,electron_loss,ionization,1.0
edge_4134,ETFE,node_0029,node_2189,electron_gain,ionization,1.0
edge_4135,ETFE,node_0029,node_2190,protonation,ionization,1.0
edge_4136,ETFE,node_0029,node_2191,deprotonation,ionization,1.0
edge_4137,ETFE,node_0030,node_2192,electron_loss,ionization,1.0
edge_4138,ETFE,node_0030,node_2193,electron_gain,ionization,1.0
edge_4139,ETFE,node_0030,node_2194,protonation,ionization,1.0
edge_4140,ETFE,node_0030,node_2195,deprotonation,ionization,1.0
edge_4141,ETFE,node_0031,node_2196,electron_loss,ionization,1.0
edge_4142,ETFE,node_0031,node_2197,electron_gain,ionization,1.0
edge_4143,ETFE,node_0031,node_2198,protonation,ionization,1.0
edge_4144,ETFE,node_0031,node_2199,deprotonation,ionization,1.0
edge_4145,ETFE,node_0032,node_2200,electron_loss,ionization,1.0
edge_4146,ETFE,node_0032,node_2201,electron_gain,ionization,1.0
edge_4147,ETFE,node_0032,node_2202,protonation,ionization,1.0
edge_4148,ETFE,node_0032,node_2203,deprotonation,ionization,1.0
edge_4149,ETFE,node_0033,node_2204,electron_loss,ionization,1.0
edge_4150,ETFE,node_0033,node_2205,electron_gain,ionization,1.0
edge_4151,ETFE,node_0033,node_2206,protonation,ionization,1.0
edge_4152,ETFE,node_0033,node_2207,deprotonation,ionization,1.0
edge_4153,ETFE,node_0034,node_2208,electron_loss,ionization,1.0
edge_4154,ETFE,node_0034,node_2209,electron_gain,ionization,1.0
edge_4155,ETFE,node_0034,node_2210,protonation,ionization,1.0
edge_4156,ETFE,node_0034,node_2211,deprotonation,ionization,1.0
edge_4157,ETFE,node_0035,node_2212,electron_loss,ionization,1.0
edge_4158,ETFE,node_0035,node_2213,electron_gain,ionization,1.0
edge_4159,ETFE,node_0036,node_2214,electron_loss,ionization,1.0
edge_4160,ETFE,node_0036,node_2215,electron_gain,ionization,1.0
edge_4161,ETFE,node_0037,node_2216,electron_loss,ionization,1.0
edge_4162,ETFE,node_0037,node_2217,electron_gain,ionization,1.0
edge_4163,ETFE,node_0038,node_2218,electron_loss,ionization,1.0
edge_4164,ETFE,node_0038,node_2219,electron_gain,ionization,1.0
edge_4165,ETFE,node_0039,node_2220,electron_loss,ionization,1.0
edge_4166,ETFE,node_0039,node_2221,electron_gain,ionization,1.0
edge_4167,ETFE,node_0040,node_2222,electron_loss,ionization,1.0
edge_4168,ETFE,node_0040,node_2223,electron_gain,ionization,1.0
edge_4169,ETFE,node_0041,node_2224,electron_loss,ionization,1.0
edge_4170,ETFE,node_0041,node_2225,electron_gain,ionization,1.0
edge_4171,ETFE,node_0042,node_2226,electron_loss,ionization,1.0
edge_4172,ETFE,node_0042,node_2227,electron_gain,ionization,1.0
edge_4173,ETFE,node_0043,node_2228,electron_loss,ionization,1.0
edge_4174,ETFE,node_0043,node_2229,electron_gain,ionization,1.0
edge_4175,ETFE,node_0044,node_2230,electron_loss,ionization,1.0
edge_4176,ETFE,node_0044,node_2231,electron_gain,ionization,1.0
edge_4177,ETFE,node_0045,node_2232,electron_loss,ionization,1.0
edge_4178,ETFE,node_0045,node_2233,electron_gain,ionization,1.0
edge_4179,ETFE,node_0046,node_2234,electron_loss,ionization,1.0
edge_4180,ETFE,node_0046,node_2235,electron_gain,ionization,1.0
edge_4181,ETFE,node_0047,node_2236,electron_loss,ionization,1.0
edge_4182,ETFE,node_0047,node_2237,electron_gain,ionization,1.0
edge_4183,ETFE,node_0048,node_2238,electron_loss,ionization,1.0
edge_4184,ETFE,node_0048,node_2239,electron_gain,ionization,1.0
edge_4185,ETFE,node_0049,node_2240,electron_loss,ionization,1.0
edge_4186,ETFE,node_0049,node_2241,electron_gain,ionization,1.0
edge_4187,ETFE,node_0050,node_2242,electron_loss,ionization,1.0
edge_4188,ETFE,node_0050,node_2243,electron_gain,ionization,1.0
edge_4189,ETFE,node_0051,node_2244,electron_loss,ionization,1.0
edge_4190,ETFE,node_0051,node_2245,electron_gain,ionization,1.0
edge_4191,ETFE,node_0052,node_2246,electron_loss,ionization,1.0
edge_4192,ETFE,node_0052,node_2247,electron_gain,ionization,1.0
edge_4193,ETFE,node_0053,node_2248,electron_loss,ionization,1.0
edge_4194,ETFE,node_0053,node_2249,electron_gain,ionization,1.0
edge_4195,ETFE,node_0054,node_2250,electron_loss,ionization,1.0
edge_4196,ETFE,node_0054,node_2251,electron_gain,ionization,1.0
edge_4197,ETFE,node_0055,node_2252,electron_loss,ionization,1.0
edge_4198,ETFE,node_0055,node_2253,electron_gain,ionization,1.0
edge_4199,ETFE,node_0056,node_2254,electron_loss,ionization,1.0
edge_4200,ETFE,node_0056,node_2255,electron_gain,ionization,1.0
edge_4201,ETFE,node_0057,node_2256,electron_loss,ionization,1.0
edge_4202,ETFE,node_0057,node_2257,electron_gain,ionization,1.0
edge_4203,ETFE,node_0058,node_2258,electron_loss,ionization,1.0
edge_4204,ETFE,node_0058,node_2259,electron_gain,ionization,1.0
edge_4205,ETFE,node_0059,node_2260,electron_loss,ionization,1.0
edge_4206,ETFE,node_0059,node_2261,electron_gain,ionization,1.0
edge_4207,ETFE,node_0060,node_2262,electron_loss,ionization,1.0
edge_4208,ETFE,node_0060,node_2263,electron_gain,ionization,1.0
edge_4209,ETFE,node_0061,node_2264,electron_loss,ionization,1.0
edge_4210,ETFE,node_0061,node_2265,electron_gain,ionization,1.0
edge_4211,ETFE,node_0062,node_2266,electron_loss,ionization,1.0
edge_4212,ETFE,node_0062,node_2267,electron_gain,ionization,1.0
edge_4213,ETFE,node_0063,node_2268,electron_loss,ionization,1.0
edge_4214,ETFE,node_0063,node_2269,electron_gain,ionization,1.0
edge_4215,ETFE,node_0064,node_2270,electron_loss,ionization,1.0
edge_4216,ETFE,node_0064,node_2271,electron_gain,ionization,1.0
edge_4217,ETFE,node_0065,node_2272,electron_loss,ionization,1.0
edge_4218,ETFE,node_0065,node_2273,electron_gain,ionization,1.0
edge_4219,ETFE,node_0066,node_2274,electron_loss,ionization,1.0
edge_4220,ETFE,node_0066,node_2275,electron_gain,ionization,1.0
edge_4221,ETFE,node_0067,node_2276,electron_loss,ionization,1.0
edge_4222,ETFE,node_0067,node_2277,electron_gain,ionization,1.0
edge_4223,ETFE,node_0068,node_2278,electron_loss,ionization,1.0
edge_4224,ETFE,node_0068,node_2279,electron_gain,ionization,1.0
edge_4225,ETFE,node_0069,node_2280,electron_loss,ionization,1.0
edge_4226,ETFE,node_0069,node_2281,electron_gain,ionization,1.0
edge_4227,ETFE,node_0070,node_2282,electron_loss,ionization,1.0
edge_4228,ETFE,node_0070,node_2283,electron_gain,ionization,1.0
edge_4229,ETFE,node_0071,node_2284,electron_loss,ionization,1.0
edge_4230,ETFE,node_0071,node_2285,electron_gain,ionization,1.0
edge_4231,ETFE,node_0072,node_2286,electron_loss,ionization,1.0
edge_4232,ETFE,node_0072,node_2287,electron_gain,ionization,1.0
edge_4233,ETFE,node_0073,node_2288,electron_loss,ionization,1.0
edge_4234,ETFE,node_0073,node_2289,electron_gain,ionization,1.0
edge_4235,ETFE,node_0074,node_2290,electron_loss,ionization,1.0
edge_4236,ETFE,node_0074,node_2291,electron_gain,ionization,1.0
edge_4237,ETFE,node_0075,node_2292,electron_loss,ionization,1.0
edge_4238,ETFE,node_0075,node_2293,electron_gain,ionization,1.0
edge_4239,ETFE,node_0076,node_2294,electron_loss,ionization,1.0
edge_4240,ETFE,node_0076,node_2295,electron_gain,ionization,1.0
edge_4241,ETFE,node_0077,node_2296,electron_loss,ionization,1.0
edge_4242,ETFE,node_0077,node_2297,electron_gain,ionization,1.0
edge_4243,ETFE,node_0078,node_2298,electron_loss,ionization,1.0
edge_4244,ETFE,node_0078,node_2299,electron_gain,ionization,1.0
edge_4245,ETFE,node_0079,node_2300,electron_loss,ionization,1.0
edge_4246,ETFE,node_0079,node_2301,electron_gain,ionization,1.0
edge_4247,ETFE,node_0080,node_2302,electron_loss,ionization,1.0
edge_4248,ETFE,node_0080,node_2303,electron_gain,ionization,1.0
edge_4249,ETFE,node_0081,node_2304,electron_loss,ionization,1.0
edge_4250,ETFE,node_0081,node_2305,electron_gain,ionization,1.0
edge_4251,ETFE,node_0082,node_2306,electron_loss,ionization,1.0
edge_4252,ETFE,node_0082,node_2307,electron_gain,ionization,1.0
edge_4253,ETFE,node_0083,node_2308,electron_loss,ionization,1.0
edge_4254,ETFE,node_0083,node_2309,electron_gain,ionization,1.0
edge_4255,ETFE,node_0084,node_2310,electron_loss,ionization,1.0
edge_4256,ETFE,node_0084,node_2311,electron_gain,ionization,1.0
edge_4257,ETFE,node_0085,node_2312,electron_loss,ionization,1.0
edge_4258,ETFE,node_0085,node_2313,electron_gain,ionization,1.0
edge_4259,ETFE,node_0086,node_2314,electron_loss,ionization,1.0
edge_4260,ETFE,node_0086,node_2315,electron_gain,ionization,1.0
edge_4261,ETFE,node_0087,node_2316,electron_loss,ionization,1.0
edge_4262,ETFE,node_0087,node_2317,electron_gain,ionization,1.0
edge_4263,ETFE,node_0088,node_2318,electron_loss,ionization,1.0
edge_4264,ETFE,node_0088,node_2319,electron_gain,ionization,1.0
edge_4265,ETFE,node_0089,node_2320,electron_loss,ionization,1.0
edge_4266,ETFE,node_0089,node_2321,electron_gain,ionization,1.0
edge_4267,ETFE,node_0090,node_2322,electron_loss,ionization,1.0
edge_4268,ETFE,node_0090,node_2323,electron_gain,ionization,1.0
edge_4269,ETFE,node_0091,node_2324,electron_loss,ionization,1.0
edge_4270,ETFE,node_0091,node_2325,electron_gain,ionization,1.0
edge_4271,ETFE,node_0092,node_2326,electron_loss,ionization,1.0
edge_4272,ETFE,node_0092,node_2327,electron_gain,ionization,1.0
edge_4273,ETFE,node_0093,node_2328,electron_loss,ionization,1.0
edge_4274,ETFE,node_0093,node_2329,electron_gain,ionization,1.0
edge_4275,ETFE,node_0094,node_2330,electron_loss,ionization,1.0
edge_4276,ETFE,node_0094,node_2331,electron_gain,ionization,1.0
edge_4277,ETFE,node_0095,node_2332,electron_loss,ionization,1.0
edge_4278,ETFE,node_0095,node_2333,electron_gain,ionization,1.0
edge_4279,ETFE,node_0096,node_2334,electron_loss,ionization,1.0
edge_4280,ETFE,node_0096,node_2335,electron_gain,ionization,1.0
edge_4281,ETFE,node_0096,node_2336,protonation,ionization,1.0
edge_4282,ETFE,node_0096,node_2337,deprotonation,ionization,1.0
edge_4283,ETFE,node_0097,node_2338,electron_loss,ionization,1.0
edge_4284,ETFE,node_0097,node_2339,electron_gain,ionization,1.0
edge_4285,ETFE,node_0097,node_2340,protonation,ionization,1.0
edge_4286,ETFE,node_0097,node_2341,deprotonation,ionization,1.0
edge_4287,ETFE,node_0098,node_2342,electron_loss,ionization,1.0
edge_4288,ETFE,node_0098,node_2343,electron_gain,ionization,1.0
edge_4289,ETFE,node_0098,node_2344,protonation,ionization,1.0
edge_4290,ETFE,node_0098,node_2345,deprotonation,ionization,1.0
edge_4291,ETFE,node_0099,node_2346,electron_loss,ionization,1.0
edge_4292,ETFE,node_0099,node_2347,electron_gain,ionization,1.0
edge_4293,ETFE,node_0099,node_2348,protonation,ionization,1.0
edge_4294,ETFE,node_0099,node_2349,deprotonation,ionization,1.0
edge_4295,ETFE,node_0100,node_2350,electron_loss,ionization,1.0
edge_4296,ETFE,node_0100,node_2351,electron_gain,ionization,1.0
edge_4297,ETFE,node_0100,node_2352,protonation,ionization,1.0
edge_4298,ETFE,node_0100,node_2353,deprotonation,ionization,1.0
edge_4299,ETFE,node_0101,node_2354,electron_loss,ionization,1.0
edge_4300,ETFE,node_0101,node_2355,electron_gain,ionization,1.0
edge_4301,ETFE,node_0101,node_2356,protonation,ionization,1.0
edge_4302,ETFE,node_0101,node_2357,deprotonation,ionization,1.0
edge_4303,ETFE,node_0102,node_2358,electron_loss,ionization,1.0
edge_4304,ETFE,node_0102,node_2359,electron_gain,ionization,1.0
edge_4305,ETFE,node_0102,node_2360,protonation,ionization,1.0
edge_4306,ETFE,node_0102,node_2361,deprotonation,ionization,1.0
edge_4307,ETFE,node_0103,node_2362,electron_loss,ionization,1.0
edge_4308,ETFE,node_0103,node_2363,electron_gain,ionization,1.0
edge_4309,ETFE,node_0103,node_2364,protonation,ionization,1.0
edge_4310,ETFE,node_0103,node_2365,deprotonation,ionization,1.0
edge_4311,ETFE,node_0104,node_2366,electron_loss,ionization,1.0
edge_4312,ETFE,node_0104,node_2367,electron_gain,ionization,1.0
edge_4313,ETFE,node_0104,node_2368,protonation,ionization,1.0
edge_4314,ETFE,node_0104,node_2369,deprotonation,ionization,1.0
edge_4315,ETFE,node_0105,node_2370,electron_loss,ionization,1.0
edge_4316,ETFE,node_0105,node_2371,electron_gain,ionization,1.0
edge_4317,ETFE,node_0105,node_2372,protonation,ionization,1.0
edge_4318,ETFE,node_0105,node_2373,deprotonation,ionization,1.0
edge_4319,ETFE,node_0106,node_2374,electron_loss,ionization,1.0
edge_4320,ETFE,node_0106,node_2375,electron_gain,ionization,1.0
edge_4321,ETFE,node_0106,node_2376,protonation,ionization,1.0
edge_4322,ETFE,node_0106,node_2377,deprotonation,ionization,1.0
edge_4323,ETFE,node_0107,node_2378,electron_loss,ionization,1.0
edge_4324,ETFE,node_0107,node_2379,electron_gain,ionization,1.0
edge_4325,ETFE,node_0107,node_2380,protonation,ionization,1.0
edge_4326,ETFE,node_0107,node_2381,deprotonation,ionization,1.0
edge_4327,ETFE,node_0108,node_2382,electron_loss,ionization,1.0
edge_4328,ETFE,node_0108,node_2383,electron_gain,ionization,1.0
edge_4329,ETFE,node_0108,node_2384,protonation,ionization,1.0
edge_4330,ETFE,node_0108,node_2385,deprotonation,ionization,1.0
edge_4331,ETFE,node_0109,node_2386,electron_loss,ionization,1.0
edge_4332,ETFE,node_0109,node_2387,electron_gain,ionization,1.0
edge_4333,ETFE,node_0109,node_2388,protonation,ionization,1.0
edge_4334,ETFE,node_0109,node_2389,deprotonation,ionization,1.0
edge_4335,ETFE,node_0110,node_2390,electron_loss,ionization,1.0
edge_4336,ETFE,node_0110,node_2391,electron_gain,ionization,1.0
edge_4337,ETFE,node_0110,node_2392,protonation,ionization,1.0
edge_4338,ETFE,node_0110,node_2393,deprotonation,ionization,1.0
edge_4339,ETFE,node_0111,node_2394,electron_loss,ionization,1.0
edge_4340,ETFE,node_0111,node_2395,electron_gain,ionization,1.0
edge_4341,ETFE,node_0111,node_2396,protonation,ionization,1.0
edge_4342,ETFE,node_0111,node_2397,deprotonation,ionization,1.0
edge_4343,ETFE,node_0112,node_2398,electron_loss,ionization,1.0
edge_4344,ETFE,node_0112,node_2399,electron_gain,ionization,1.0
edge_4345,ETFE,node_0112,node_2400,protonation,ionization,1.0
edge_4346,ETFE,node_0112,node_2401,deprotonation,ionization,1.0
edge_4347,ETFE,node_0113,node_2402,electron_loss,ionization,1.0
edge_4348,ETFE,node_0113,node_2403,electron_gain,ionization,1.0
edge_4349,ETFE,node_0113,node_2404,protonation,ionization,1.0
edge_4350,ETFE,node_0113,node_2405,deprotonation,ionization,1.0
edge_4351,ETFE,node_0114,node_2406,electron_loss,ionization,1.0
edge_4352,ETFE,node_0114,node_2407,electron_gain,ionization,1.0
edge_4353,ETFE,node_0114,node_2408,protonation,ionization,1.0
edge_4354,ETFE,node_0114,node_2409,deprotonation,ionization,1.0
edge_4355,ETFE,node_0115,node_2410,electron_loss,ionization,1.0
edge_4356,ETFE,node_0115,node_2411,electron_gain,ionization,1.0
edge_4357,ETFE,node_0115,node_2412,protonation,ionization,1.0
edge_4358,ETFE,node_0115,node_2413,deprotonation,ionization,1.0
edge_4359,ETFE,node_0116,node_2414,electron_loss,ionization,1.0
edge_4360,ETFE,node_0116,node_2415,electron_gain,ionization,1.0
edge_4361,ETFE,node_0116,node_2416,protonation,ionization,1.0
edge_4362,ETFE,node_0116,node_2417,deprotonation,ionization,1.0
edge_4363,ETFE,node_0117,node_2418,electron_loss,ionization,1.0
edge_4364,ETFE,node_0117,node_2419,electron_gain,ionization,1.0
edge_4365,ETFE,node_0117,node_2420,protonation,ionization,1.0
edge_4366,ETFE,node_0117,node_2421,deprotonation,ionization,1.0
edge_4367,ETFE,node_0118,node_2422,electron_loss,ionization,1.0
edge_4368,ETFE,node_0118,node_2423,electron_gain,ionization,1.0
edge_4369,ETFE,node_0118,node_2424,protonation,ionization,1.0
edge_4370,ETFE,node_0118,node_2425,deprotonation,ionization,1.0
edge_4371,ETFE,node_0119,node_2426,electron_loss,ionization,1.0
edge_4372,ETFE,node_0119,node_2427,electron_gain,ionization,1.0
edge_4373,ETFE,node_0119,node_2428,protonation,ionization,1.0
edge_4374,ETFE,node_0119,node_2429,deprotonation,ionization,1.0
edge_4375,ETFE,node_0120,node_2430,electron_loss,ionization,1.0
edge_4376,ETFE,node_0120,node_2431,electron_gain,ionization,1.0
edge_4377,ETFE,node_0120,node_2432,protonation,ionization,1.0
edge_4378,ETFE,node_0120,node_2433,deprotonation,ionization,1.0
edge_4379,ETFE,node_0121,node_2434,electron_loss,ionization,1.0
edge_4380,ETFE,node_0121,node_2435,electron_gain,ionization,1.0
edge_4381,ETFE,node_0121,node_2436,protonation,ionization,1.0
edge_4382,ETFE,node_0121,node_2437,deprotonation,ionization,1.0
edge_4383,ETFE,node_0122,node_2438,electron_loss,ionization,1.0
edge_4384,ETFE,node_0122,node_2439,electron_gain,ionization,1.0
edge_4385,ETFE,node_0122,node_2440,protonation,ionization,1.0
edge_4386,ETFE,node_0122,node_2441,deprotonation,ionization,1.0
edge_4387,ETFE,node_0123,node_2442,electron_loss,ionization,1.0
edge_4388,ETFE,node_0123,node_2443,electron_gain,ionization,1.0
edge_4389,ETFE,node_0123,node_2444,protonation,ionization,1.0
edge_4390,ETFE,node_0123,node_2445,deprotonation,ionization,1.0
edge_4391,ETFE,node_0124,node_2446,electron_loss,ionization,1.0
edge_4392,ETFE,node_0124,node_2447,electron_gain,ionization,1.0
edge_4393,ETFE,node_0124,node_2448,protonation,ionization,1.0
edge_4394,ETFE,node_0124,node_2449,deprotonation,ionization,1.0
edge_4395,ETFE,node_0125,node_2450,electron_loss,ionization,1.0
edge_4396,ETFE,node_0125,node_2451,electron_gain,ionization,1.0
edge_4397,ETFE,node_0125,node_2452,protonation,ionization,1.0
edge_4398,ETFE,node_0125,node_2453,deprotonation,ionization,1.0
edge_4399,ETFE,node_0126,node_2454,electron_loss,ionization,1.0
edge_4400,ETFE,node_0126,node_2455,electron_gain,ionization,1.0
edge_4401,ETFE,node_0126,node_2456,protonation,ionization,1.0
edge_4402,ETFE,node_0126,node_2457,deprotonation,ionization,1.0
edge_4403,ETFE,node_0127,node_2458,electron_loss,ionization,1.0
edge_4404,ETFE,node_0127,node_2459,electron_gain,ionization,1.0
edge_4405,ETFE,node_0127,node_2460,protonation,ionization,1.0
edge_4406,ETFE,node_0127,node_2461,deprotonation,ionization,1.0
edge_4407,ETFE,node_0128,node_2462,electron_loss,ionization,1.0
edge_4408,ETFE,node_0128,node_2463,electron_gain,ionization,1.0
edge_4409,ETFE,node_0128,node_2464,protonation,ionization,1.0
edge_4410,ETFE,node_0128,node_2465,deprotonation,ionization,1.0
edge_4411,ETFE,node_0129,node_2466,electron_loss,ionization,1.0
edge_4412,ETFE,node_0129,node_2467,electron_gain,ionization,1.0
edge_4413,ETFE,node_0129,node_2468,protonation,ionization,1.0
edge_4414,ETFE,node_0129,node_2469,deprotonation,ionization,1.0
edge_4415,ETFE,node_0130,node_2470,electron_loss,ionization,1.0
edge_4416,ETFE,node_0130,node_2471,electron_gain,ionization,1.0
edge_4417,ETFE,node_0130,node_2472,protonation,ionization,1.0
edge_4418,ETFE,node_0130,node_2473,deprotonation,ionization,1.0
edge_4419,ETFE,node_0131,node_2474,electron_loss,ionization,1.0
edge_4420,ETFE,node_0131,node_2475,electron_gain,ionization,1.0
edge_4421,ETFE,node_0131,node_2476,protonation,ionization,1.0
edge_4422,ETFE,node_0131,node_2477,deprotonation,ionization,1.0
edge_4423,ETFE,node_0132,node_2478,electron_loss,ionization,1.0
edge_4424,ETFE,node_0132,node_2479,electron_gain,ionization,1.0
edge_4425,ETFE,node_0132,node_2480,protonation,ionization,1.0
edge_4426,ETFE,node_0132,node_2481,deprotonation,ionization,1.0
edge_4427,ETFE,node_0133,node_2482,electron_loss,ionization,1.0
edge_4428,ETFE,node_0133,node_2483,electron_gain,ionization,1.0
edge_4429,ETFE,node_0133,node_2484,protonation,ionization,1.0
edge_4430,ETFE,node_0133,node_2485,deprotonation,ionization,1.0
edge_4431,ETFE,node_0134,node_2486,electron_loss,ionization,1.0
edge_4432,ETFE,node_0134,node_2487,electron_gain,ionization,1.0
edge_4433,ETFE,node_0134,node_2488,protonation,ionization,1.0
edge_4434,ETFE,node_0134,node_2489,deprotonation,ionization,1.0
edge_4435,ETFE,node_0135,node_2490,electron_loss,ionization,1.0
edge_4436,ETFE,node_0135,node_2491,electron_gain,ionization,1.0
edge_4437,ETFE,node_0135,node_2492,protonation,ionization,1.0
edge_4438,ETFE,node_0135,node_2493,deprotonation,ionization,1.0
edge_4439,ETFE,node_0136,node_2494,electron_loss,ionization,1.0
edge_4440,ETFE,node_0136,node_2495,electron_gain,ionization,1.0
edge_4441,ETFE,node_0136,node_2496,protonation,ionization,1.0
edge_4442,ETFE,node_0136,node_2497,deprotonation,ionization,1.0
edge_4443,ETFE,node_0137,node_2498,electron_loss,ionization,1.0
edge_4444,ETFE,node_0137,node_2499,electron_gain,ionization,1.0
edge_4445,ETFE,node_0137,node_2500,protonation,ionization,1.0
edge_4446,ETFE,node_0137,node_2501,deprotonation,ionization,1.0
edge_4447,ETFE,node_0138,node_2502,electron_loss,ionization,1.0
edge_4448,ETFE,node_0138,node_2503,electron_gain,ionization,1.0
edge_4449,ETFE,node_0138,node_2504,protonation,ionization,1.0
edge_4450,ETFE,node_0138,node_2505,deprotonation,ionization,1.0
edge_4451,ETFE,node_0139,node_2506,electron_loss,ionization,1.0
edge_4452,ETFE,node_0139,node_2507,electron_gain,ionization,1.0
edge_4453,ETFE,node_0139,node_2508,protonation,ionization,1.0
edge_4454,ETFE,node_0139,node_2509,deprotonation,ionization,1.0
edge_4455,ETFE,node_0140,node_2510,electron_loss,ionization,1.0
edge_4456,ETFE,node_0140,node_2511,electron_gain,ionization,1.0
edge_4457,ETFE,node_0140,node_2512,protonation,ionization,1.0
edge_4458,ETFE,node_0140,node_2513,deprotonation,ionization,1.0
edge_4459,ETFE,node_0141,node_2514,electron_loss,ionization,1.0
edge_4460,ETFE,node_0141,node_2515,electron_gain,ionization,1.0
edge_4461,ETFE,node_0141,node_2516,protonation,ionization,1.0
edge_4462,ETFE,node_0141,node_2517,deprotonation,ionization,1.0
edge_4463,ETFE,node_0142,node_2518,electron_loss,ionization,1.0
edge_4464,ETFE,node_0142,node_2519,electron_gain,ionization,1.0
edge_4465,ETFE,node_0142,node_2520,protonation,ionization,1.0
edge_4466,ETFE,node_0142,node_2521,deprotonation,ionization,1.0
edge_4467,ETFE,node_0143,node_2522,electron_loss,ionization,1.0
edge_4468,ETFE,node_0143,node_2523,electron_gain,ionization,1.0
edge_4469,ETFE,node_0143,node_2524,protonation,ionization,1.0
edge_4470,ETFE,node_0143,node_2525,deprotonation,ionization,1.0
edge_4471,ETFE,node_0144,node_2526,electron_loss,ionization,1.0
edge_4472,ETFE,node_0144,node_2527,electron_gain,ionization,1.0
edge_4473,ETFE,node_0144,node_2528,protonation,ionization,1.0
edge_4474,ETFE,node_0144,node_2529,deprotonation,ionization,1.0
edge_4475,ETFE,node_0145,node_2530,electron_loss,ionization,1.0
edge_4476,ETFE,node_0145,node_2531,electron_gain,ionization,1.0
edge_4477,ETFE,node_0145,node_2532,protonation,ionization,1.0
edge_4478,ETFE,node_0145,node_2533,deprotonation,ionization,1.0
edge_4479,ETFE,node_0146,node_2534,electron_loss,ionization,1.0
edge_4480,ETFE,node_0146,node_2535,electron_gain,ionization,1.0
edge_4481,ETFE,node_0146,node_2536,protonation,ionization,1.0
edge_4482,ETFE,node_0146,node_2537,deprotonation,ionization,1.0
edge_4483,ETFE,node_0147,node_2538,electron_loss,ionization,1.0
edge_4484,ETFE,node_0147,node_2539,electron_gain,ionization,1.0
edge_4485,ETFE,node_0147,node_2540,protonation,ionization,1.0
edge_4486,ETFE,node_0147,node_2541,deprotonation,ionization,1.0
edge_4487,ETFE,node_0148,node_2542,electron_loss,ionization,1.0
edge_4488,ETFE,node_0148,node_2543,electron_gain,ionization,1.0
edge_4489,ETFE,node_0148,node_2544,protonation,ionization,1.0
edge_4490,ETFE,node_0148,node_2545,deprotonation,ionization,1.0
edge_4491,ETFE,node_0149,node_2546,electron_loss,ionization,1.0
edge_4492,ETFE,node_0149,node_2547,electron_gain,ionization,1.0
edge_4493,ETFE,node_0149,node_2548,protonation,ionization,1.0
edge_4494,ETFE,node_0149,node_2549,deprotonation,ionization,1.0
edge_4495,ETFE,node_0150,node_2550,electron_loss,ionization,1.0
edge_4496,ETFE,node_0150,node_2551,electron_gain,ionization,1.0
edge_4497,ETFE,node_0150,node_2552,protonation,ionization,1.0
edge_4498,ETFE,node_0150,node_2553,deprotonation,ionization,1.0
edge_4499,ETFE,node_0151,node_2554,electron_loss,ionization,1.0
edge_4500,ETFE,node_0151,node_2555,electron_gain,ionization,1.0
edge_4501,ETFE,node_0151,node_2556,protonation,ionization,1.0
edge_4502,ETFE,node_0151,node_2557,deprotonation,ionization,1.0
edge_4503,ETFE,node_0152,node_2558,electron_loss,ionization,1.0
edge_4504,ETFE,node_0152,node_2559,electron_gain,ionization,1.0
edge_4505,ETFE,node_0152,node_2560,protonation,ionization,1.0
edge_4506,ETFE,node_0152,node_2561,deprotonation,ionization,1.0
edge_4507,ETFE,node_0153,node_2562,electron_loss,ionization,1.0
edge_4508,ETFE,node_0153,node_2563,electron_gain,ionization,1.0
edge_4509,ETFE,node_0153,node_2564,protonation,ionization,1.0
edge_4510,ETFE,node_0153,node_2565,deprotonation,ionization,1.0
edge_4511,ETFE,node_0154,node_2566,electron_loss,ionization,1.0
edge_4512,ETFE,node_0154,node_2567,electron_gain,ionization,1.0
edge_4513,ETFE,node_0154,node_2568,protonation,ionization,1.0
edge_4514,ETFE,node_0154,node_2569,deprotonation,ionization,1.0
edge_4515,ETFE,node_0155,node_2570,electron_loss,ionization,1.0
edge_4516,ETFE,node_0155,node_2571,electron_gain,ionization,1.0
edge_4517,ETFE,node_0155,node_2572,protonation,ionization,1.0
edge_4518,ETFE,node_0155,node_2573,deprotonation,ionization,1.0
edge_4519,ETFE,node_0156,node_2574,electron_loss,ionization,1.0
edge_4520,ETFE,node_0156,node_2575,electron_gain,ionization,1.0
edge_4521,ETFE,node_0156,node_2576,protonation,ionization,1.0
edge_4522,ETFE,node_0156,node_2577,deprotonation,ionization,1.0
edge_4523,ETFE,node_0157,node_2578,electron_loss,ionization,1.0
edge_4524,ETFE,node_0157,node_2579,electron_gain,ionization,1.0
edge_4525,ETFE,node_0157,node_2580,protonation,ionization,1.0
edge_4526,ETFE,node_0157,node_2581,deprotonation,ionization,1.0
edge_4527,ETFE,node_0158,node_2582,electron_loss,ionization,1.0
edge_4528,ETFE,node_0158,node_2583,electron_gain,ionization,1.0
edge_4529,ETFE,node_0158,node_2584,protonation,ionization,1.0
edge_4530,ETFE,node_0158,node_2585,deprotonation,ionization,1.0
edge_4531,ETFE,node_0159,node_2586,electron_loss,ionization,1.0
edge_4532,ETFE,node_0159,node_2587,electron_gain,ionization,1.0
edge_4533,ETFE,node_0159,node_2588,protonation,ionization,1.0
edge_4534,ETFE,node_0159,node_2589,deprotonation,ionization,1.0
edge_4535,ETFE,node_0160,node_2590,electron_loss,ionization,1.0
edge_4536,ETFE,node_0160,node_2591,electron_gain,ionization,1.0
edge_4537,ETFE,node_0160,node_2592,protonation,ionization,1.0
edge_4538,ETFE,node_0160,node_2593,deprotonation,ionization,1.0
edge_4539,ETFE,node_0161,node_2594,electron_loss,ionization,1.0
edge_4540,ETFE,node_0161,node_2595,electron_gain,ionization,1.0
edge_4541,ETFE,node_0161,node_2596,protonation,ionization,1.0
edge_4542,ETFE,node_0161,node_2597,deprotonation,ionization,1.0
edge_4543,ETFE,node_0162,node_2598,electron_loss,ionization,1.0
edge_4544,ETFE,node_0162,node_2599,electron_gain,ionization,1.0
edge_4545,ETFE,node_0162,node_2600,protonation,ionization,1.0
edge_4546,ETFE,node_0162,node_2601,deprotonation,ionization,1.0
edge_4547,ETFE,node_0163,node_2602,electron_loss,ionization,1.0
edge_4548,ETFE,node_0163,node_2603,electron_gain,ionization,1.0
edge_4549,ETFE,node_0163,node_2604,protonation,ionization,1.0
edge_4550,ETFE,node_0163,node_2605,deprotonation,ionization,1.0
edge_4551,ETFE,node_0164,node_2606,electron_loss,ionization,1.0
edge_4552,ETFE,node_0164,node_2607,electron_gain,ionization,1.0
edge_4553,ETFE,node_0164,node_2608,protonation,ionization,1.0
edge_4554,ETFE,node_0164,node_2609,deprotonation,ionization,1.0
edge_4555,ETFE,node_0165,node_2610,electron_loss,ionization,1.0
edge_4556,ETFE,node_0165,node_2611,electron_gain,ionization,1.0
edge_4557,ETFE,node_0165,node_2612,protonation,ionization,1.0
edge_4558,ETFE,node_0165,node_2613,deprotonation,ionization,1.0
edge_4559,ETFE,node_0166,node_2614,electron_loss,ionization,1.0
edge_4560,ETFE,node_0166,node_2615,electron_gain,ionization,1.0
edge_4561,ETFE,node_0166,node_2616,protonation,ionization,1.0
edge_4562,ETFE,node_0166,node_2617,deprotonation,ionization,1.0
edge_4563,ETFE,node_0167,node_2618,electron_loss,ionization,1.0
edge_4564,ETFE,node_0167,node_2619,electron_gain,ionization,1.0
edge_4565,ETFE,node_0167,node_2620,protonation,ionization,1.0
edge_4566,ETFE,node_0167,node_2621,deprotonation,ionization,1.0
edge_4567,ETFE,node_0168,node_2622,electron_loss,ionization,1.0
edge_4568,ETFE,node_0168,node_2623,electron_gain,ionization,1.0
edge_4569,ETFE,node_0168,node_2624,protonation,ionization,1.0
edge_4570,ETFE,node_0168,node_2625,deprotonation,ionization,1.0
edge_4571,ETFE,node_0169,node_2626,electron_loss,ionization,1.0
edge_4572,ETFE,node_0169,node_2627,electron_gain,ionization,1.0
edge_4573,ETFE,node_0169,node_2628,protonation,ionization,1.0
edge_4574,ETFE,node_0169,node_2629,deprotonation,ionization,1.0
edge_4575,ETFE,node_0170,node_2630,electron_loss,ionization,1.0
edge_4576,ETFE,node_0170,node_2631,electron_gain,ionization,1.0
edge_4577,ETFE,node_0170,node_2632,protonation,ionization,1.0
edge_4578,ETFE,node_0170,node_2633,deprotonation,ionization,1.0
edge_4579,ETFE,node_0171,node_2634,electron_loss,ionization,1.0
edge_4580,ETFE,node_0171,node_2635,electron_gain,ionization,1.0
edge_4581,ETFE,node_0171,node_2636,protonation,ionization,1.0
edge_4582,ETFE,node_0171,node_2637,deprotonation,ionization,1.0
edge_4583,ETFE,node_0172,node_2638,electron_loss,ionization,1.0
edge_4584,ETFE,node_0172,node_2639,electron_gain,ionization,1.0
edge_4585,ETFE,node_0172,node_2640,protonation,ionization,1.0
edge_4586,ETFE,node_0172,node_2641,deprotonation,ionization,1.0
edge_4587,ETFE,node_0173,node_2642,electron_loss,ionization,1.0
edge_4588,ETFE,node_0173,node_2643,electron_gain,ionization,1.0
edge_4589,ETFE,node_0173,node_2644,protonation,ionization,1.0
edge_4590,ETFE,node_0173,node_2645,deprotonation,ionization,1.0
edge_4591,ETFE,node_0174,node_2646,electron_loss,ionization,1.0
edge_4592,ETFE,node_0174,node_2647,electron_gain,ionization,1.0
edge_4593,ETFE,node_0174,node_2648,protonation,ionization,1.0
edge_4594,ETFE,node_0174,node_2649,deprotonation,ionization,1.0
edge_4595,ETFE,node_0175,node_2650,electron_loss,ionization,1.0
edge_4596,ETFE,node_0175,node_2651,electron_gain,ionization,1.0
edge_4597,ETFE,node_0175,node_2652,protonation,ionization,1.0
edge_4598,ETFE,node_0175,node_2653,deprotonation,ionization,1.0
edge_4599,ETFE,node_0176,node_2654,electron_loss,ionization,1.0
edge_4600,ETFE,node_0176,node_2655,electron_gain,ionization,1.0
edge_4601,ETFE,node_0176,node_2656,protonation,ionization,1.0
edge_4602,ETFE,node_0176,node_2657,deprotonation,ionization,1.0
edge_4603,ETFE,node_0177,node_2658,electron_loss,ionization,1.0
edge_4604,ETFE,node_0177,node_2659,electron_gain,ionization,1.0
edge_4605,ETFE,node_0177,node_2660,protonation,ionization,1.0
edge_4606,ETFE,node_0177,node_2661,deprotonation,ionization,1.0
edge_4607,ETFE,node_0178,node_2662,electron_loss,ionization,1.0
edge_4608,ETFE,node_0178,node_2663,electron_gain,ionization,1.0
edge_4609,ETFE,node_0178,node_2664,protonation,ionization,1.0
edge_4610,ETFE,node_0178,node_2665,deprotonation,ionization,1.0
edge_4611,ETFE,node_0179,node_2666,electron_loss,ionization,1.0
edge_4612,ETFE,node_0179,node_2667,electron_gain,ionization,1.0
edge_4613,ETFE,node_0179,node_2668,protonation,ionization,1.0
edge_4614,ETFE,node_0179,node_2669,deprotonation,ionization,1.0
edge_4615,ETFE,node_0180,node_2670,electron_loss,ionization,1.0
edge_4616,ETFE,node_0180,node_2671,electron_gain,ionization,1.0
edge_4617,ETFE,node_0180,node_2672,protonation,ionization,1.0
edge_4618,ETFE,node_0180,node_2673,deprotonation,ionization,1.0
edge_4619,ETFE,node_0181,node_2674,electron_loss,ionization,1.0
edge_4620,ETFE,node_0181,node_2675,electron_gain,ionization,1.0
edge_4621,ETFE,node_0181,node_2676,protonation,ionization,1.0
edge_4622,ETFE,node_0181,node_2677,deprotonation,ionization,1.0
edge_4623,ETFE,node_0182,node_2678,electron_loss,ionization,1.0
edge_4624,ETFE,node_0182,node_2679,electron_gain,ionization,1.0
edge_4625,ETFE,node_0182,node_2680,protonation,ionization,1.0
edge_4626,ETFE,node_0182,node_2681,deprotonation,ionization,1.0
edge_4627,ETFE,node_0183,node_2682,electron_loss,ionization,1.0
edge_4628,ETFE,node_0183,node_2683,electron_gain,ionization,1.0
edge_4629,ETFE,node_0183,node_2684,protonation,ionization,1.0
edge_4630,ETFE,node_0183,node_2685,deprotonation,ionization,1.0
edge_4631,ETFE,node_0184,node_2686,electron_loss,ionization,1.0
edge_4632,ETFE,node_0184,node_2687,electron_gain,ionization,1.0
edge_4633,ETFE,node_0184,node_2688,protonation,ionization,1.0
edge_4634,ETFE,node_0184,node_2689,deprotonation,ionization,1.0
edge_4635,ETFE,node_0185,node_2690,electron_loss,ionization,1.0
edge_4636,ETFE,node_0185,node_2691,electron_gain,ionization,1.0
edge_4637,ETFE,node_0185,node_2692,protonation,ionization,1.0
edge_4638,ETFE,node_0185,node_2693,deprotonation,ionization,1.0
edge_4639,ETFE,node_0186,node_2694,electron_loss,ionization,1.0
edge_4640,ETFE,node_0186,node_2695,electron_gain,ionization,1.0
edge_4641,ETFE,node_0186,node_2696,protonation,ionization,1.0
edge_4642,ETFE,node_0186,node_2697,deprotonation,ionization,1.0
edge_4643,ETFE,node_0187,node_2698,electron_loss,ionization,1.0
edge_4644,ETFE,node_0187,node_2699,electron_gain,ionization,1.0
edge_4645,ETFE,node_0187,node_2700,protonation,ionization,1.0
edge_4646,ETFE,node_0187,node_2701,deprotonation,ionization,1.0
edge_4647,ETFE,node_0188,node_2702,electron_loss,ionization,1.0
edge_4648,ETFE,node_0188,node_2703,electron_gain,ionization,1.0
edge_4649,ETFE,node_0188,node_2704,protonation,ionization,1.0
edge_4650,ETFE,node_0188,node_2705,deprotonation,ionization,1.0
edge_4651,ETFE,node_0189,node_2706,electron_loss,ionization,1.0
edge_4652,ETFE,node_0189,node_2707,electron_gain,ionization,1.0
edge_4653,ETFE,node_0189,node_2708,protonation,ionization,1.0
edge_4654,ETFE,node_0189,node_2709,deprotonation,ionization,1.0
edge_4655,ETFE,node_0190,node_2710,electron_loss,ionization,1.0
edge_4656,ETFE,node_0190,node_2711,electron_gain,ionization,1.0
edge_4657,ETFE,node_0190,node_2712,protonation,ionization,1.0
edge_4658,ETFE,node_0190,node_2713,deprotonation,ionization,1.0
edge_4659,ETFE,node_0191,node_2714,electron_loss,ionization,1.0
edge_4660,ETFE,node_0191,node_2715,electron_gain,ionization,1.0
edge_4661,ETFE,node_0191,node_2716,protonation,ionization,1.0
edge_4662,ETFE,node_0191,node_2717,deprotonation,ionization,1.0
edge_4663,ETFE,node_0192,node_2718,electron_loss,ionization,1.0
edge_4664,ETFE,node_0192,node_2719,electron_gain,ionization,1.0
edge_4665,ETFE,node_0192,node_2720,protonation,ionization,1.0
edge_4666,ETFE,node_0192,node_2721,deprotonation,ionization,1.0
edge_4667,ETFE,node_0193,node_2722,electron_loss,ionization,1.0
edge_4668,ETFE,node_0193,node_2723,electron_gain,ionization,1.0
edge_4669,ETFE,node_0193,node_2724,protonation,ionization,1.0
edge_4670,ETFE,node_0193,node_2725,deprotonation,ionization,1.0
edge_4671,ETFE,node_0194,node_2726,electron_loss,ionization,1.0
edge_4672,ETFE,node_0194,node_2727,electron_gain,ionization,1.0
edge_4673,ETFE,node_0194,node_2728,protonation,ionization,1.0
edge_4674,ETFE,node_0194,node_2729,deprotonation,ionization,1.0
edge_4675,ETFE,node_0195,node_2730,electron_loss,ionization,1.0
edge_4676,ETFE,node_0195,node_2731,electron_gain,ionization,1.0
edge_4677,ETFE,node_0195,node_2732,protonation,ionization,1.0
edge_4678,ETFE,node_0195,node_2733,deprotonation,ionization,1.0
edge_4679,ETFE,node_0196,node_2734,electron_loss,ionization,1.0
edge_4680,ETFE,node_0196,node_2735,electron_gain,ionization,1.0
edge_4681,ETFE,node_0196,node_2736,protonation,ionization,1.0
edge_4682,ETFE,node_0196,node_2737,deprotonation,ionization,1.0
edge_4683,ETFE,node_0197,node_2738,electron_loss,ionization,1.0
edge_4684,ETFE,node_0197,node_2739,electron_gain,ionization,1.0
edge_4685,ETFE,node_0197,node_2740,protonation,ionization,1.0
edge_4686,ETFE,node_0197,node_2741,deprotonation,ionization,1.0
edge_4687,ETFE,node_0198,node_2742,electron_loss,ionization,1.0
edge_4688,ETFE,node_0198,node_2743,electron_gain,ionization,1.0
edge_4689,ETFE,node_0198,node_2744,protonation,ionization,1.0
edge_4690,ETFE,node_0198,node_2745,deprotonation,ionization,1.0
edge_4691,ETFE,node_0199,node_2746,electron_loss,ionization,1.0
edge_4692,ETFE,node_0199,node_2747,electron_gain,ionization,1.0
edge_4693,ETFE,node_0199,node_2748,protonation,ionization,1.0
edge_4694,ETFE,node_0199,node_2749,deprotonation,ionization,1.0
edge_4695,ETFE,node_0200,node_2750,electron_loss,ionization,1.0
edge_4696,ETFE,node_0200,node_2751,electron_gain,ionization,1.0
edge_4697,ETFE,node_0200,node_2752,protonation,ionization,1.0
edge_4698,ETFE,node_0200,node_2753,deprotonation,ionization,1.0
edge_4699,ETFE,node_0201,node_2754,electron_loss,ionization,1.0
edge_4700,ETFE,node_0201,node_2755,electron_gain,ionization,1.0
edge_4701,ETFE,node_0201,node_2756,protonation,ionization,1.0
edge_4702,ETFE,node_0201,node_2757,deprotonation,ionization,1.0
edge_4703,ETFE,node_0202,node_2758,electron_loss,ionization,1.0
edge_4704,ETFE,node_0202,node_2759,electron_gain,ionization,1.0
edge_4705,ETFE,node_0202,node_2760,protonation,ionization,1.0
edge_4706,ETFE,node_0202,node_2761,deprotonation,ionization,1.0
edge_4707,ETFE,node_0203,node_2762,electron_loss,ionization,1.0
edge_4708,ETFE,node_0203,node_2763,electron_gain,ionization,1.0
edge_4709,ETFE,node_0203,node_2764,protonation,ionization,1.0
edge_4710,ETFE,node_0203,node_2765,deprotonation,ionization,1.0
edge_4711,ETFE,node_0204,node_2766,electron_loss,ionization,1.0
edge_4712,ETFE,node_0204,node_2767,electron_gain,ionization,1.0
edge_4713,ETFE,node_0204,node_2768,protonation,ionization,1.0
edge_4714,ETFE,node_0204,node_2769,deprotonation,ionization,1.0
edge_4715,ETFE,node_0205,node_2770,electron_loss,ionization,1.0
edge_4716,ETFE,node_0205,node_2771,electron_gain,ionization,1.0
edge_4717,ETFE,node_0205,node_2772,protonation,ionization,1.0
edge_4718,ETFE,node_0205,node_2773,deprotonation,ionization,1.0
edge_4719,ETFE,node_0206,node_2774,electron_loss,ionization,1.0
edge_4720,ETFE,node_0206,node_2775,electron_gain,ionization,1.0
edge_4721,ETFE,node_0206,node_2776,protonation,ionization,1.0
edge_4722,ETFE,node_0206,node_2777,deprotonation,ionization,1.0
edge_4723,ETFE,node_0207,node_2778,electron_loss,ionization,1.0
edge_4724,ETFE,node_0207,node_2779,electron_gain,ionization,1.0
edge_4725,ETFE,node_0207,node_2780,protonation,ionization,1.0
edge_4726,ETFE,node_0207,node_2781,deprotonation,ionization,1.0
edge_4727,ETFE,node_0208,node_2782,electron_loss,ionization,1.0
edge_4728,ETFE,node_0208,node_2783,electron_gain,ionization,1.0
edge_4729,ETFE,node_0208,node_2784,protonation,ionization,1.0
edge_4730,ETFE,node_0208,node_2785,deprotonation,ionization,1.0
edge_4731,ETFE,node_0209,node_2786,electron_loss,ionization,1.0
edge_4732,ETFE,node_0209,node_2787,electron_gain,ionization,1.0
edge_4733,ETFE,node_0209,node_2788,protonation,ionization,1.0
edge_4734,ETFE,node_0209,node_2789,deprotonation,ionization,1.0
edge_4735,ETFE,node_0210,node_2790,electron_loss,ionization,1.0
edge_4736,ETFE,node_0210,node_2791,electron_gain,ionization,1.0
edge_4737,ETFE,node_0210,node_2792,protonation,ionization,1.0
edge_4738,ETFE,node_0210,node_2793,deprotonation,ionization,1.0
edge_4739,ETFE,node_0211,node_2794,electron_loss,ionization,1.0
edge_4740,ETFE,node_0211,node_2795,electron_gain,ionization,1.0
edge_4741,ETFE,node_0211,node_2796,protonation,ionization,1.0
edge_4742,ETFE,node_0211,node_2797,deprotonation,ionization,1.0
edge_4743,ETFE,node_0212,node_2798,electron_loss,ionization,1.0
edge_4744,ETFE,node_0212,node_2799,electron_gain,ionization,1.0
edge_4745,ETFE,node_0212,node_2800,protonation,ionization,1.0
edge_4746,ETFE,node_0212,node_2801,deprotonation,ionization,1.0
edge_4747,ETFE,node_0213,node_2802,electron_loss,ionization,1.0
edge_4748,ETFE,node_0213,node_2803,electron_gain,ionization,1.0
edge_4749,ETFE,node_0213,node_2804,protonation,ionization,1.0
edge_4750,ETFE,node_0213,node_2805,deprotonation,ionization,1.0
edge_4751,ETFE,node_0214,node_2806,electron_loss,ionization,1.0
edge_4752,ETFE,node_0214,node_2807,electron_gain,ionization,1.0
edge_4753,ETFE,node_0214,node_2808,protonation,ionization,1.0
edge_4754,ETFE,node_0214,node_2809,deprotonation,ionization,1.0
edge_4755,ETFE,node_0215,node_2810,electron_loss,ionization,1.0
edge_4756,ETFE,node_0215,node_2811,electron_gain,ionization,1.0
edge_4757,ETFE,node_0215,node_2812,protonation,ionization,1.0
edge_4758,ETFE,node_0215,node_2813,deprotonation,ionization,1.0
edge_4759,ETFE,node_0216,node_2814,electron_loss,ionization,1.0
edge_4760,ETFE,node_0216,node_2815,electron_gain,ionization,1.0
edge_4761,ETFE,node_0216,node_2816,protonation,ionization,1.0
edge_4762,ETFE,node_0216,node_2817,deprotonation,ionization,1.0
edge_4763,ETFE,node_0217,node_2818,electron_loss,ionization,1.0
edge_4764,ETFE,node_0217,node_2819,electron_gain,ionization,1.0
edge_4765,ETFE,node_0217,node_2820,protonation,ionization,1.0
edge_4766,ETFE,node_0217,node_2821,deprotonation,ionization,1.0
edge_4767,ETFE,node_0218,node_2822,electron_loss,ionization,1.0
edge_4768,ETFE,node_0218,node_2823,electron_gain,ionization,1.0
edge_4769,ETFE,node_0218,node_2824,protonation,ionization,1.0
edge_4770,ETFE,node_0218,node_2825,deprotonation,ionization,1.0
edge_4771,ETFE,node_0219,node_2826,electron_loss,ionization,1.0
edge_4772,ETFE,node_0219,node_2827,electron_gain,ionization,1.0
edge_4773,ETFE,node_0219,node_2828,protonation,ionization,1.0
edge_4774,ETFE,node_0219,node_2829,deprotonation,ionization,1.0
edge_4775,ETFE,node_0220,node_2830,electron_loss,ionization,1.0
edge_4776,ETFE,node_0220,node_2831,electron_gain,ionization,1.0
edge_4777,ETFE,node_0220,node_2832,protonation,ionization,1.0
edge_4778,ETFE,node_0220,node_2833,deprotonation,ionization,1.0
edge_4779,ETFE,node_0221,node_2834,electron_loss,ionization,1.0
edge_4780,ETFE,node_0221,node_2835,electron_gain,ionization,1.0
edge_4781,ETFE,node_0221,node_2836,protonation,ionization,1.0
edge_4782,ETFE,node_0221,node_2837,deprotonation,ionization,1.0
edge_4783,ETFE,node_0222,node_2838,electron_loss,ionization,1.0
edge_4784,ETFE,node_0222,node_2839,electron_gain,ionization,1.0
edge_4785,ETFE,node_0222,node_2840,protonation,ionization,1.0
edge_4786,ETFE,node_0222,node_2841,deprotonation,ionization,1.0
edge_4787,ETFE,node_0223,node_2842,electron_loss,ionization,1.0
edge_4788,ETFE,node_0223,node_2843,electron_gain,ionization,1.0
edge_4789,ETFE,node_0223,node_2844,protonation,ionization,1.0
edge_4790,ETFE,node_0223,node_2845,deprotonation,ionization,1.0
edge_4791,ETFE,node_0224,node_2846,electron_loss,ionization,1.0
edge_4792,ETFE,node_0224,node_2847,electron_gain,ionization,1.0
edge_4793,ETFE,node_0224,node_2848,protonation,ionization,1.0
edge_4794,ETFE,node_0224,node_2849,deprotonation,ionization,1.0
edge_4795,ETFE,node_0225,node_2850,electron_loss,ionization,1.0
edge_4796,ETFE,node_0225,node_2851,electron_gain,ionization,1.0
edge_4797,ETFE,node_0225,node_2852,protonation,ionization,1.0
edge_4798,ETFE,node_0225,node_2853,deprotonation,ionization,1.0
edge_4799,ETFE,node_0226,node_2854,electron_loss,ionization,1.0
edge_4800,ETFE,node_0226,node_2855,electron_gain,ionization,1.0
edge_4801,ETFE,node_0226,node_2856,protonation,ionization,1.0
edge_4802,ETFE,node_0226,node_2857,deprotonation,ionization,1.0
edge_4803,ETFE,node_0227,node_2858,electron_loss,ionization,1.0
edge_4804,ETFE,node_0227,node_2859,electron_gain,ionization,1.0
edge_4805,ETFE,node_0227,node_2860,protonation,ionization,1.0
edge_4806,ETFE,node_0227,node_2861,deprotonation,ionization,1.0
edge_4807,ETFE,node_0228,node_2862,electron_loss,ionization,1.0
edge_4808,ETFE,node_0228,node_2863,electron_gain,ionization,1.0
edge_4809,ETFE,node_0228,node_2864,protonation,ionization,1.0
edge_4810,ETFE,node_0228,node_2865,deprotonation,ionization,1.0
edge_4811,ETFE,node_0229,node_2866,electron_loss,ionization,1.0
edge_4812,ETFE,node_0229,node_2867,electron_gain,ionization,1.0
edge_4813,ETFE,node_0229,node_2868,protonation,ionization,1.0
edge_4814,ETFE,node_0229,node_2869,deprotonation,ionization,1.0
edge_4815,ETFE,node_0230,node_2870,electron_loss,ionization,1.0
edge_4816,ETFE,node_0230,node_2871,electron_gain,ionization,1.0
edge_4817,ETFE,node_0230,node_2872,protonation,ionization,1.0
edge_4818,ETFE,node_0230,node_2873,deprotonation,ionization,1.0
edge_4819,ETFE,node_0231,node_2874,electron_loss,ionization,1.0
edge_4820,ETFE,node_0231,node_2875,electron_gain,ionization,1.0
edge_4821,ETFE,node_0231,node_2876,protonation,ionization,1.0
edge_4822,ETFE,node_0231,node_2877,deprotonation,ionization,1.0
edge_4823,ETFE,node_0232,node_2878,electron_loss,ionization,1.0
edge_4824,ETFE,node_0232,node_2879,electron_gain,ionization,1.0
edge_4825,ETFE,node_0232,node_2880,protonation,ionization,1.0
edge_4826,ETFE,node_0232,node_2881,deprotonation,ionization,1.0
edge_4827,ETFE,node_0233,node_2882,electron_loss,ionization,1.0
edge_4828,ETFE,node_0233,node_2883,electron_gain,ionization,1.0
edge_4829,ETFE,node_0233,node_2884,protonation,ionization,1.0
edge_4830,ETFE,node_0233,node_2885,deprotonation,ionization,1.0
edge_4831,ETFE,node_0234,node_2886,electron_loss,ionization,1.0
edge_4832,ETFE,node_0234,node_2887,electron_gain,ionization,1.0
edge_4833,ETFE,node_0234,node_2888,protonation,ionization,1.0
edge_4834,ETFE,node_0234,node_2889,deprotonation,ionization,1.0
edge_4835,ETFE,node_0235,node_2890,electron_loss,ionization,1.0
edge_4836,ETFE,node_0235,node_2891,electron_gain,ionization,1.0
edge_4837,ETFE,node_0235,node_2892,protonation,ionization,1.0
edge_4838,ETFE,node_0235,node_2893,deprotonation,ionization,1.0
edge_4839,ETFE,node_0236,node_2894,electron_loss,ionization,1.0
edge_4840,ETFE,node_0236,node_2895,electron_gain,ionization,1.0
edge_4841,ETFE,node_0236,node_2896,protonation,ionization,1.0
edge_4842,ETFE,node_0236,node_2897,deprotonation,ionization,1.0
edge_4843,ETFE,node_0237,node_2898,electron_loss,ionization,1.0
edge_4844,ETFE,node_0237,node_2899,electron_gain,ionization,1.0
edge_4845,ETFE,node_0237,node_2900,protonation,ionization,1.0
edge_4846,ETFE,node_0237,node_2901,deprotonation,ionization,1.0
edge_4847,ETFE,node_0238,node_2902,electron_loss,ionization,1.0
edge_4848,ETFE,node_0238,node_2903,electron_gain,ionization,1.0
edge_4849,ETFE,node_0238,node_2904,protonation,ionization,1.0
edge_4850,ETFE,node_0238,node_2905,deprotonation,ionization,1.0
edge_4851,ETFE,node_0239,node_2906,electron_loss,ionization,1.0
edge_4852,ETFE,node_0239,node_2907,electron_gain,ionization,1.0
edge_4853,ETFE,node_0239,node_2908,protonation,ionization,1.0
edge_4854,ETFE,node_0239,node_2909,deprotonation,ionization,1.0
edge_4855,ETFE,node_0240,node_2910,electron_loss,ionization,1.0
edge_4856,ETFE,node_0240,node_2911,electron_gain,ionization,1.0
edge_4857,ETFE,node_0240,node_2912,protonation,ionization,1.0
edge_4858,ETFE,node_0240,node_2913,deprotonation,ionization,1.0
edge_4859,ETFE,node_0241,node_2914,electron_loss,ionization,1.0
edge_4860,ETFE,node_0241,node_2915,electron_gain,ionization,1.0
edge_4861,ETFE,node_0241,node_2916,protonation,ionization,1.0
edge_4862,ETFE,node_0241,node_2917,deprotonation,ionization,1.0
edge_4863,ETFE,node_0242,node_2918,electron_loss,ionization,1.0
edge_4864,ETFE,node_0242,node_2919,electron_gain,ionization,1.0
edge_4865,ETFE,node_0242,node_2920,protonation,ionization,1.0
edge_4866,ETFE,node_0242,node_2921,deprotonation,ionization,1.0
edge_4867,ETFE,node_0243,node_2922,electron_loss,ionization,1.0
edge_4868,ETFE,node_0243,node_2923,electron_gain,ionization,1.0
edge_4869,ETFE,node_0243,node_2924,protonation,ionization,1.0
edge_4870,ETFE,node_0243,node_2925,deprotonation,ionization,1.0
edge_4871,ETFE,node_0244,node_2926,electron_loss,ionization,1.0
edge_4872,ETFE,node_0244,node_2927,electron_gain,ionization,1.0
edge_4873,ETFE,node_0244,node_2928,protonation,ionization,1.0
edge_4874,ETFE,node_0244,node_2929,deprotonation,ionization,1.0
edge_4875,ETFE,node_0245,node_2930,electron_loss,ionization,1.0
edge_4876,ETFE,node_0245,node_2931,electron_gain,ionization,1.0
edge_4877,ETFE,node_0245,node_2932,protonation,ionization,1.0
edge_4878,ETFE,node_0245,node_2933,deprotonation,ionization,1.0
edge_4879,ETFE,node_0246,node_2934,electron_loss,ionization,1.0
edge_4880,ETFE,node_0246,node_2935,electron_gain,ionization,1.0
edge_4881,ETFE,node_0246,node_2936,protonation,ionization,1.0
edge_4882,ETFE,node_0246,node_2937,deprotonation,ionization,1.0
edge_4883,ETFE,node_0247,node_2938,electron_loss,ionization,1.0
edge_4884,ETFE,node_0247,node_2939,electron_gain,ionization,1.0
edge_4885,ETFE,node_0247,node_2940,protonation,ionization,1.0
edge_4886,ETFE,node_0247,node_2941,deprotonation,ionization,1.0
edge_4887,ETFE,node_0248,node_2942,electron_loss,ionization,1.0
edge_4888,ETFE,node_0248,node_2943,electron_gain,ionization,1.0
edge_4889,ETFE,node_0248,node_2944,protonation,ionization,1.0
edge_4890,ETFE,node_0248,node_2945,deprotonation,ionization,1.0
edge_4891,ETFE,node_0249,node_2946,electron_loss,ionization,1.0
edge_4892,ETFE,node_0249,node_2947,electron_gain,ionization,1.0
edge_4893,ETFE,node_0249,node_2948,protonation,ionization,1.0
edge_4894,ETFE,node_0249,node_2949,deprotonation,ionization,1.0
edge_4895,ETFE,node_0250,node_2950,electron_loss,ionization,1.0
edge_4896,ETFE,node_0250,node_2951,electron_gain,ionization,1.0
edge_4897,ETFE,node_0250,node_2952,protonation,ionization,1.0
edge_4898,ETFE,node_0250,node_2953,deprotonation,ionization,1.0
edge_4899,ETFE,node_0251,node_2954,electron_loss,ionization,1.0
edge_4900,ETFE,node_0251,node_2955,electron_gain,ionization,1.0
edge_4901,ETFE,node_0251,node_2956,protonation,ionization,1.0
edge_4902,ETFE,node_0251,node_2957,deprotonation,ionization,1.0
edge_4903,ETFE,node_0252,node_2958,electron_loss,ionization,1.0
edge_4904,ETFE,node_0252,node_2959,electron_gain,ionization,1.0
edge_4905,ETFE,node_0252,node_2960,protonation,ionization,1.0
edge_4906,ETFE,node_0252,node_2961,deprotonation,ionization,1.0
edge_4907,ETFE,node_0253,node_2962,electron_loss,ionization,1.0
edge_4908,ETFE,node_0253,node_2963,electron_gain,ionization,1.0
edge_4909,ETFE,node_0253,node_2964,protonation,ionization,1.0
edge_4910,ETFE,node_0253,node_2965,deprotonation,ionization,1.0
edge_4911,ETFE,node_0254,node_2966,electron_loss,ionization,1.0
edge_4912,ETFE,node_0254,node_2967,electron_gain,ionization,1.0
edge_4913,ETFE,node_0254,node_2968,protonation,ionization,1.0
edge_4914,ETFE,node_0254,node_2969,deprotonation,ionization,1.0
edge_4915,ETFE,node_0255,node_2970,electron_loss,ionization,1.0
edge_4916,ETFE,node_0255,node_2971,electron_gain,ionization,1.0
edge_4917,ETFE,node_0255,node_2972,protonation,ionization,1.0
edge_4918,ETFE,node_0255,node_2973,deprotonation,ionization,1.0
edge_4919,ETFE,node_0256,node_2974,electron_loss,ionization,1.0
edge_4920,ETFE,node_0256,node_2975,electron_gain,ionization,1.0
edge_4921,ETFE,node_0256,node_2976,protonation,ionization,1.0
edge_4922,ETFE,node_0256,node_2977,deprotonation,ionization,1.0
edge_4923,ETFE,node_0257,node_2978,electron_loss,ionization,1.0
edge_4924,ETFE,node_0257,node_2979,electron_gain,ionization,1.0
edge_4925,ETFE,node_0257,node_2980,protonation,ionization,1.0
edge_4926,ETFE,node_0257,node_2981,deprotonation,ionization,1.0
edge_4927,ETFE,node_0258,node_2982,electron_loss,ionization,1.0
edge_4928,ETFE,node_0258,node_2983,electron_gain,ionization,1.0
edge_4929,ETFE,node_0258,node_2984,protonation,ionization,1.0
edge_4930,ETFE,node_0258,node_2985,deprotonation,ionization,1.0
edge_4931,ETFE,node_0259,node_2986,electron_loss,ionization,1.0
edge_4932,ETFE,node_0259,node_2987,electron_gain,ionization,1.0
edge_4933,ETFE,node_0259,node_2988,protonation,ionization,1.0
edge_4934,ETFE,node_0259,node_2989,deprotonation,ionization,1.0
edge_4935,ETFE,node_0260,node_2990,electron_loss,ionization,1.0
edge_4936,ETFE,node_0260,node_2991,electron_gain,ionization,1.0
edge_4937,ETFE,node_0260,node_2992,protonation,ionization,1.0
edge_4938,ETFE,node_0260,node_2993,deprotonation,ionization,1.0
edge_4939,ETFE,node_0261,node_2994,electron_loss,ionization,1.0
edge_4940,ETFE,node_0261,node_2995,electron_gain,ionization,1.0
edge_4941,ETFE,node_0261,node_2996,protonation,ionization,1.0
edge_4942,ETFE,node_0261,node_2997,deprotonation,ionization,1.0
edge_4943,ETFE,node_0262,node_2998,electron_loss,ionization,1.0
edge_4944,ETFE,node_0262,node_2999,electron_gain,ionization,1.0
edge_4945,ETFE,node_0262,node_3000,protonation,ionization,1.0
edge_4946,ETFE,node_0262,node_3001,deprotonation,ionization,1.0
edge_4947,ETFE,node_0263,node_3002,electron_loss,ionization,1.0
edge_4948,ETFE,node_0263,node_3003,electron_gain,ionization,1.0
edge_4949,ETFE,node_0263,node_3004,protonation,ionization,1.0
edge_4950,ETFE,node_0263,node_3005,deprotonation,ionization,1.0
edge_4951,ETFE,node_0264,node_3006,electron_loss,ionization,1.0
edge_4952,ETFE,node_0264,node_3007,electron_gain,ionization,1.0
edge_4953,ETFE,node_0264,node_3008,protonation,ionization,1.0
edge_4954,ETFE,node_0264,node_3009,deprotonation,ionization,1.0
edge_4955,ETFE,node_0265,node_3010,electron_loss,ionization,1.0
edge_4956,ETFE,node_0265,node_3011,electron_gain,ionization,1.0
edge_4957,ETFE,node_0265,node_3012,protonation,ionization,1.0
edge_4958,ETFE,node_0265,node_3013,deprotonation,ionization,1.0
edge_4959,ETFE,node_0266,node_3014,electron_loss,ionization,1.0
edge_4960,ETFE,node_0266,node_3015,electron_gain,ionization,1.0
edge_4961,ETFE,node_0266,node_3016,protonation,ionization,1.0
edge_4962,ETFE,node_0266,node_3017,deprotonation,ionization,1.0
edge_4963,ETFE,node_0267,node_3018,electron_loss,ionization,1.0
edge_4964,ETFE,node_0267,node_3019,electron_gain,ionization,1.0
edge_4965,ETFE,node_0267,node_3020,protonation,ionization,1.0
edge_4966,ETFE,node_0267,node_3021,deprotonation,ionization,1.0
edge_4967,ETFE,node_0268,node_3022,electron_loss,ionization,1.0
edge_4968,ETFE,node_0268,node_3023,electron_gain,ionization,1.0
edge_4969,ETFE,node_0268,node_3024,protonation,ionization,1.0
edge_4970,ETFE,node_0268,node_3025,deprotonation,ionization,1.0
edge_4971,ETFE,node_0269,node_3026,electron_loss,ionization,1.0
edge_4972,ETFE,node_0269,node_3027,electron_gain,ionization,1.0
edge_4973,ETFE,node_0269,node_3028,protonation,ionization,1.0
edge_4974,ETFE,node_0269,node_3029,deprotonation,ionization,1.0
edge_4975,ETFE,node_0270,node_3030,electron_loss,ionization,1.0
edge_4976,ETFE,node_0270,node_3031,electron_gain,ionization,1.0
edge_4977,ETFE,node_0270,node_3032,protonation,ionization,1.0
edge_4978,ETFE,node_0270,node_3033,deprotonation,ionization,1.0
edge_4979,ETFE,node_0271,node_3034,electron_loss,ionization,1.0
edge_4980,ETFE,node_0271,node_3035,electron_gain,ionization,1.0
edge_4981,ETFE,node_0271,node_3036,protonation,ionization,1.0
edge_4982,ETFE,node_0271,node_3037,deprotonation,ionization,1.0
edge_4983,ETFE,node_0272,node_3038,electron_loss,ionization,1.0
edge_4984,ETFE,node_0272,node_3039,electron_gain,ionization,1.0
edge_4985,ETFE,node_0272,node_3040,protonation,ionization,1.0
edge_4986,ETFE,node_0272,node_3041,deprotonation,ionization,1.0
edge_4987,ETFE,node_0273,node_3042,electron_loss,ionization,1.0
edge_4988,ETFE,node_0273,node_3043,electron_gain,ionization,1.0
edge_4989,ETFE,node_0273,node_3044,protonation,ionization,1.0
edge_4990,ETFE,node_0273,node_3045,deprotonation,ionization,1.0
edge_4991,ETFE,node_0274,node_3046,electron_loss,ionization,1.0
edge_4992,ETFE,node_0274,node_3047,electron_gain,ionization,1.0
edge_4993,ETFE,node_0274,node_3048,protonation,ionization,1.0
edge_4994,ETFE,node_0274,node_3049,deprotonation,ionization,1.0
edge_4995,ETFE,node_0275,node_3050,electron_loss,ionization,1.0
edge_4996,ETFE,node_0275,node_3051,electron_gain,ionization,1.0
edge_4997,ETFE,node_0275,node_3052,protonation,ionization,1.0
edge_4998,ETFE,node_0275,node_3053,deprotonation,ionization,1.0
edge_4999,ETFE,node_0276,node_3054,electron_loss,ionization,1.0
edge_5000,ETFE,node_0276,node_3055,electron_gain,ionization,1.0
edge_5001,ETFE,node_0276,node_3056,protonation,ionization,1.0
edge_5002,ETFE,node_0276,node_3057,deprotonation,ionization,1.0
edge_5003,ETFE,node_0277,node_3058,electron_loss,ionization,1.0
edge_5004,ETFE,node_0277,node_3059,electron_gain,ionization,1.0
edge_5005,ETFE,node_0277,node_3060,protonation,ionization,1.0
edge_5006,ETFE,node_0277,node_3061,deprotonation,ionization,1.0
edge_5007,ETFE,node_0278,node_3062,electron_loss,ionization,1.0
edge_5008,ETFE,node_0278,node_3063,electron_gain,ionization,1.0
edge_5009,ETFE,node_0278,node_3064,protonation,ionization,1.0
edge_5010,ETFE,node_0278,node_3065,deprotonation,ionization,1.0
edge_5011,ETFE,node_0279,node_3066,electron_loss,ionization,1.0
edge_5012,ETFE,node_0279,node_3067,electron_gain,ionization,1.0
edge_5013,ETFE,node_0279,node_3068,protonation,ionization,1.0
edge_5014,ETFE,node_0279,node_3069,deprotonation,ionization,1.0
edge_5015,ETFE,node_0280,node_3070,electron_loss,ionization,1.0
edge_5016,ETFE,node_0280,node_3071,electron_gain,ionization,1.0
edge_5017,ETFE,node_0280,node_3072,protonation,ionization,1.0
edge_5018,ETFE,node_0280,node_3073,deprotonation,ionization,1.0
edge_5019,ETFE,node_0281,node_3074,electron_loss,ionization,1.0
edge_5020,ETFE,node_0281,node_3075,electron_gain,ionization,1.0
edge_5021,ETFE,node_0281,node_3076,protonation,ionization,1.0
edge_5022,ETFE,node_0281,node_3077,deprotonation,ionization,1.0
edge_5023,ETFE,node_0282,node_3078,electron_loss,ionization,1.0
edge_5024,ETFE,node_0282,node_3079,electron_gain,ionization,1.0
edge_5025,ETFE,node_0282,node_3080,protonation,ionization,1.0
edge_5026,ETFE,node_0282,node_3081,deprotonation,ionization,1.0
edge_5027,ETFE,node_0283,node_3082,electron_loss,ionization,1.0
edge_5028,ETFE,node_0283,node_3083,electron_gain,ionization,1.0
edge_5029,ETFE,node_0283,node_3084,protonation,ionization,1.0
edge_5030,ETFE,node_0283,node_3085,deprotonation,ionization,1.0
edge_5031,ETFE,node_0284,node_3086,electron_loss,ionization,1.0
edge_5032,ETFE,node_0284,node_3087,electron_gain,ionization,1.0
edge_5033,ETFE,node_0284,node_3088,protonation,ionization,1.0
edge_5034,ETFE,node_0284,node_3089,deprotonation,ionization,1.0
edge_5035,ETFE,node_0285,node_3090,electron_loss,ionization,1.0
edge_5036,ETFE,node_0285,node_3091,electron_gain,ionization,1.0
edge_5037,ETFE,node_0285,node_3092,protonation,ionization,1.0
edge_5038,ETFE,node_0285,node_3093,deprotonation,ionization,1.0
edge_5039,ETFE,node_0286,node_3094,electron_loss,ionization,1.0
edge_5040,ETFE,node_0286,node_3095,electron_gain,ionization,1.0
edge_5041,ETFE,node_0286,node_3096,protonation,ionization,1.0
edge_5042,ETFE,node_0286,node_3097,deprotonation,ionization,1.0
edge_5043,ETFE,node_0287,node_3098,electron_loss,ionization,1.0
edge_5044,ETFE,node_0287,node_3099,electron_gain,ionization,1.0
edge_5045,ETFE,node_0287,node_3100,protonation,ionization,1.0
edge_5046,ETFE,node_0287,node_3101,deprotonation,ionization,1.0
edge_5047,ETFE,node_0288,node_3102,electron_loss,ionization,1.0
edge_5048,ETFE,node_0288,node_3103,electron_gain,ionization,1.0
edge_5049,ETFE,node_0288,node_3104,protonation,ionization,1.0
edge_5050,ETFE,node_0288,node_3105,deprotonation,ionization,1.0
edge_5051,ETFE,node_0289,node_3106,electron_loss,ionization,1.0
edge_5052,ETFE,node_0289,node_3107,electron_gain,ionization,1.0
edge_5053,ETFE,node_0289,node_3108,protonation,ionization,1.0
edge_5054,ETFE,node_0289,node_3109,deprotonation,ionization,1.0
edge_5055,ETFE,node_0290,node_3110,electron_loss,ionization,1.0
edge_5056,ETFE,node_0290,node_3111,electron_gain,ionization,1.0
edge_5057,ETFE,node_0290,node_3112,protonation,ionization,1.0
edge_5058,ETFE,node_0290,node_3113,deprotonation,ionization,1.0
edge_5059,ETFE,node_0291,node_3114,electron_loss,ionization,1.0
edge_5060,ETFE,node_0291,node_3115,electron_gain,ionization,1.0
edge_5061,ETFE,node_0291,node_3116,protonation,ionization,1.0
edge_5062,ETFE,node_0291,node_3117,deprotonation,ionization,1.0
edge_5063,ETFE,node_0292,node_3118,electron_loss,ionization,1.0
edge_5064,ETFE,node_0292,node_3119,electron_gain,ionization,1.0
edge_5065,ETFE,node_0292,node_3120,protonation,ionization,1.0
edge_5066,ETFE,node_0292,node_3121,deprotonation,ionization,1.0
edge_5067,ETFE,node_0293,node_3122,electron_loss,ionization,1.0
edge_5068,ETFE,node_0293,node_3123,electron_gain,ionization,1.0
edge_5069,ETFE,node_0293,node_3124,protonation,ionization,1.0
edge_5070,ETFE,node_0293,node_3125,deprotonation,ionization,1.0
edge_5071,ETFE,node_0294,node_3126,electron_loss,ionization,1.0
edge_5072,ETFE,node_0294,node_3127,electron_gain,ionization,1.0
edge_5073,ETFE,node_0294,node_3128,protonation,ionization,1.0
edge_5074,ETFE,node_0294,node_3129,deprotonation,ionization,1.0
edge_5075,ETFE,node_0295,node_3130,electron_loss,ionization,1.0
edge_5076,ETFE,node_0295,node_3131,electron_gain,ionization,1.0
edge_5077,ETFE,node_0295,node_3132,protonation,ionization,1.0
edge_5078,ETFE,node_0295,node_3133,deprotonation,ionization,1.0
edge_5079,ETFE,node_0296,node_3134,electron_loss,ionization,1.0
edge_5080,ETFE,node_0296,node_3135,electron_gain,ionization,1.0
edge_5081,ETFE,node_0296,node_3136,protonation,ionization,1.0
edge_5082,ETFE,node_0296,node_3137,deprotonation,ionization,1.0
edge_5083,ETFE,node_0297,node_3138,electron_loss,ionization,1.0
edge_5084,ETFE,node_0297,node_3139,electron_gain,ionization,1.0
edge_5085,ETFE,node_0297,node_3140,protonation,ionization,1.0
edge_5086,ETFE,node_0297,node_3141,deprotonation,ionization,1.0
edge_5087,ETFE,node_0298,node_3142,electron_loss,ionization,1.0
edge_5088,ETFE,node_0298,node_3143,electron_gain,ionization,1.0
edge_5089,ETFE,node_0298,node_3144,protonation,ionization,1.0
edge_5090,ETFE,node_0298,node_3145,deprotonation,ionization,1.0
edge_5091,ETFE,node_0299,node_3146,electron_loss,ionization,1.0
edge_5092,ETFE,node_0299,node_3147,electron_gain,ionization,1.0
edge_5093,ETFE,node_0299,node_3148,protonation,ionization,1.0
edge_5094,ETFE,node_0299,node_3149,deprotonation,ionization,1.0
edge_5095,ETFE,node_0300,node_3150,electron_loss,ionization,1.0
edge_5096,ETFE,node_0300,node_3151,electron_gain,ionization,1.0
edge_5097,ETFE,node_0300,node_3152,protonation,ionization,1.0
edge_5098,ETFE,node_0300,node_3153,deprotonation,ionization,1.0
edge_5099,ETFE,node_0301,node_3154,electron_loss,ionization,1.0
edge_5100,ETFE,node_0301,node_3155,electron_gain,ionization,1.0
edge_5101,ETFE,node_0301,node_3156,protonation,ionization,1.0
edge_5102,ETFE,node_0301,node_3157,deprotonation,ionization,1.0
edge_5103,ETFE,node_0302,node_3158,electron_loss,ionization,1.0
edge_5104,ETFE,node_0302,node_3159,electron_gain,ionization,1.0
edge_5105,ETFE,node_0302,node_3160,protonation,ionization,1.0
edge_5106,ETFE,node_0302,node_3161,deprotonation,ionization,1.0
edge_5107,ETFE,node_0303,node_3162,electron_loss,ionization,1.0
edge_5108,ETFE,node_0303,node_3163,electron_gain,ionization,1.0
edge_5109,ETFE,node_0303,node_3164,protonation,ionization,1.0
edge_5110,ETFE,node_0303,node_3165,deprotonation,ionization,1.0
edge_5111,ETFE,node_0304,node_3166,electron_loss,ionization,1.0
edge_5112,ETFE,node_0304,node_3167,electron_gain,ionization,1.0
edge_5113,ETFE,node_0304,node_3168,protonation,ionization,1.0
edge_5114,ETFE,node_0304,node_3169,deprotonation,ionization,1.0
edge_5115,ETFE,node_0305,node_3170,electron_loss,ionization,1.0
edge_5116,ETFE,node_0305,node_3171,electron_gain,ionization,1.0
edge_5117,ETFE,node_0305,node_3172,protonation,ionization,1.0
edge_5118,ETFE,node_0305,node_3173,deprotonation,ionization,1.0
edge_5119,ETFE,node_0306,node_3174,electron_loss,ionization,1.0
edge_5120,ETFE,node_0306,node_3175,electron_gain,ionization,1.0
edge_5121,ETFE,node_0306,node_3176,protonation,ionization,1.0
edge_5122,ETFE,node_0306,node_3177,deprotonation,ionization,1.0
edge_5123,ETFE,node_0307,node_3178,electron_loss,ionization,1.0
edge_5124,ETFE,node_0307,node_3179,electron_gain,ionization,1.0
edge_5125,ETFE,node_0307,node_3180,protonation,ionization,1.0
edge_5126,ETFE,node_0307,node_3181,deprotonation,ionization,1.0
edge_5127,ETFE,node_0308,node_3182,electron_loss,ionization,1.0
edge_5128,ETFE,node_0308,node_3183,electron_gain,ionization,1.0
edge_5129,ETFE,node_0308,node_3184,protonation,ionization,1.0
edge_5130,ETFE,node_0308,node_3185,deprotonation,ionization,1.0
edge_5131,ETFE,node_0309,node_3186,electron_loss,ionization,1.0
edge_5132,ETFE,node_0309,node_3187,electron_gain,ionization,1.0
edge_5133,ETFE,node_0309,node_3188,protonation,ionization,1.0
edge_5134,ETFE,node_0309,node_3189,deprotonation,ionization,1.0
edge_5135,ETFE,node_0310,node_3190,electron_loss,ionization,1.0
edge_5136,ETFE,node_0310,node_3191,electron_gain,ionization,1.0
edge_5137,ETFE,node_0310,node_3192,protonation,ionization,1.0
edge_5138,ETFE,node_0310,node_3193,deprotonation,ionization,1.0
edge_5139,ETFE,node_0311,node_3194,electron_loss,ionization,1.0
edge_5140,ETFE,node_0311,node_3195,electron_gain,ionization,1.0
edge_5141,ETFE,node_0311,node_3196,protonation,ionization,1.0
edge_5142,ETFE,node_0311,node_3197,deprotonation,ionization,1.0
edge_5143,ETFE,node_0312,node_3198,electron_loss,ionization,1.0
edge_5144,ETFE,node_0312,node_3199,electron_gain,ionization,1.0
edge_5145,ETFE,node_0312,node_3200,protonation,ionization,1.0
edge_5146,ETFE,node_0312,node_3201,deprotonation,ionization,1.0
edge_5147,ETFE,node_0313,node_3202,electron_loss,ionization,1.0
edge_5148,ETFE,node_0313,node_3203,electron_gain,ionization,1.0
edge_5149,ETFE,node_0313,node_3204,protonation,ionization,1.0
edge_5150,ETFE,node_0313,node_3205,deprotonation,ionization,1.0
edge_5151,ETFE,node_0314,node_3206,electron_loss,ionization,1.0
edge_5152,ETFE,node_0314,node_3207,electron_gain,ionization,1.0
edge_5153,ETFE,node_0314,node_3208,protonation,ionization,1.0
edge_5154,ETFE,node_0314,node_3209,deprotonation,ionization,1.0
edge_5155,ETFE,node_0315,node_3210,electron_loss,ionization,1.0
edge_5156,ETFE,node_0315,node_3211,electron_gain,ionization,1.0
edge_5157,ETFE,node_0315,node_3212,protonation,ionization,1.0
edge_5158,ETFE,node_0315,node_3213,deprotonation,ionization,1.0
edge_5159,ETFE,node_0316,node_3214,electron_loss,ionization,1.0
edge_5160,ETFE,node_0316,node_3215,electron_gain,ionization,1.0
edge_5161,ETFE,node_0316,node_3216,protonation,ionization,1.0
edge_5162,ETFE,node_0316,node_3217,deprotonation,ionization,1.0
edge_5163,ETFE,node_0317,node_3218,electron_loss,ionization,1.0
edge_5164,ETFE,node_0317,node_3219,electron_gain,ionization,1.0
edge_5165,ETFE,node_0317,node_3220,protonation,ionization,1.0
edge_5166,ETFE,node_0317,node_3221,deprotonation,ionization,1.0
edge_5167,ETFE,node_0318,node_3222,electron_loss,ionization,1.0
edge_5168,ETFE,node_0318,node_3223,electron_gain,ionization,1.0
edge_5169,ETFE,node_0318,node_3224,protonation,ionization,1.0
edge_5170,ETFE,node_0318,node_3225,deprotonation,ionization,1.0
edge_5171,ETFE,node_0319,node_3226,electron_loss,ionization,1.0
edge_5172,ETFE,node_0319,node_3227,electron_gain,ionization,1.0
edge_5173,ETFE,node_0319,node_3228,protonation,ionization,1.0
edge_5174,ETFE,node_0319,node_3229,deprotonation,ionization,1.0
edge_5175,ETFE,node_0320,node_3230,electron_loss,ionization,1.0
edge_5176,ETFE,node_0320,node_3231,electron_gain,ionization,1.0
edge_5177,ETFE,node_0320,node_3232,protonation,ionization,1.0
edge_5178,ETFE,node_0320,node_3233,deprotonation,ionization,1.0
edge_5179,ETFE,node_0321,node_3234,electron_loss,ionization,1.0
edge_5180,ETFE,node_0321,node_3235,electron_gain,ionization,1.0
edge_5181,ETFE,node_0321,node_3236,protonation,ionization,1.0
edge_5182,ETFE,node_0321,node_3237,deprotonation,ionization,1.0
edge_5183,ETFE,node_0322,node_3238,electron_loss,ionization,1.0
edge_5184,ETFE,node_0322,node_3239,electron_gain,ionization,1.0
edge_5185,ETFE,node_0322,node_3240,protonation,ionization,1.0
edge_5186,ETFE,node_0322,node_3241,deprotonation,ionization,1.0
edge_5187,ETFE,node_0323,node_3242,electron_loss,ionization,1.0
edge_5188,ETFE,node_0323,node_3243,electron_gain,ionization,1.0
edge_5189,ETFE,node_0323,node_3244,protonation,ionization,1.0
edge_5190,ETFE,node_0323,node_3245,deprotonation,ionization,1.0
edge_5191,ETFE,node_0324,node_3246,electron_loss,ionization,1.0
edge_5192,ETFE,node_0324,node_3247,electron_gain,ionization,1.0
edge_5193,ETFE,node_0324,node_3248,protonation,ionization,1.0
edge_5194,ETFE,node_0324,node_3249,deprotonation,ionization,1.0
edge_5195,ETFE,node_0325,node_3250,electron_loss,ionization,1.0
edge_5196,ETFE,node_0325,node_3251,electron_gain,ionization,1.0
edge_5197,ETFE,node_0325,node_3252,protonation,ionization,1.0
edge_5198,ETFE,node_0325,node_3253,deprotonation,ionization,1.0
edge_5199,ETFE,node_0326,node_3254,electron_loss,ionization,1.0
edge_5200,ETFE,node_0326,node_3255,electron_gain,ionization,1.0
edge_5201,ETFE,node_0326,node_3256,protonation,ionization,1.0
edge_5202,ETFE,node_0326,node_3257,deprotonation,ionization,1.0
edge_5203,ETFE,node_0327,node_3258,electron_loss,ionization,1.0
edge_5204,ETFE,node_0327,node_3259,electron_gain,ionization,1.0
edge_5205,ETFE,node_0327,node_3260,protonation,ionization,1.0
edge_5206,ETFE,node_0327,node_3261,deprotonation,ionization,1.0
edge_5207,ETFE,node_0328,node_3262,electron_loss,ionization,1.0
edge_5208,ETFE,node_0328,node_3263,electron_gain,ionization,1.0
edge_5209,ETFE,node_0328,node_3264,protonation,ionization,1.0
edge_5210,ETFE,node_0328,node_3265,deprotonation,ionization,1.0
edge_5211,ETFE,node_0329,node_3266,electron_loss,ionization,1.0
edge_5212,ETFE,node_0329,node_3267,electron_gain,ionization,1.0
edge_5213,ETFE,node_0329,node_3268,protonation,ionization,1.0
edge_5214,ETFE,node_0329,node_3269,deprotonation,ionization,1.0
edge_5215,ETFE,node_0330,node_3270,electron_loss,ionization,1.0
edge_5216,ETFE,node_0330,node_3271,electron_gain,ionization,1.0
edge_5217,ETFE,node_0330,node_3272,protonation,ionization,1.0
edge_5218,ETFE,node_0330,node_3273,deprotonation,ionization,1.0
edge_5219,ETFE,node_0331,node_3274,electron_loss,ionization,1.0
edge_5220,ETFE,node_0331,node_3275,electron_gain,ionization,1.0
edge_5221,ETFE,node_0331,node_3276,protonation,ionization,1.0
edge_5222,ETFE,node_0331,node_3277,deprotonation,ionization,1.0
edge_5223,ETFE,node_0332,node_3278,electron_loss,ionization,1.0
edge_5224,ETFE,node_0332,node_3279,electron_gain,ionization,1.0
edge_5225,ETFE,node_0332,node_3280,protonation,ionization,1.0
edge_5226,ETFE,node_0332,node_3281,deprotonation,ionization,1.0
edge_5227,ETFE,node_0333,node_3282,electron_loss,ionization,1.0
edge_5228,ETFE,node_0333,node_3283,electron_gain,ionization,1.0
edge_5229,ETFE,node_0333,node_3284,protonation,ionization,1.0
edge_5230,ETFE,node_0333,node_3285,deprotonation,ionization,1.0
edge_5231,ETFE,node_0334,node_3286,electron_loss,ionization,1.0
edge_5232,ETFE,node_0334,node_3287,electron_gain,ionization,1.0
edge_5233,ETFE,node_0334,node_3288,protonation,ionization,1.0
edge_5234,ETFE,node_0334,node_3289,deprotonation,ionization,1.0
edge_5235,ETFE,node_0335,node_3290,electron_loss,ionization,1.0
edge_5236,ETFE,node_0335,node_3291,electron_gain,ionization,1.0
edge_5237,ETFE,node_0335,node_3292,protonation,ionization,1.0
edge_5238,ETFE,node_0335,node_3293,deprotonation,ionization,1.0
edge_5239,ETFE,node_0336,node_3294,electron_loss,ionization,1.0
edge_5240,ETFE,node_0336,node_3295,electron_gain,ionization,1.0
edge_5241,ETFE,node_0336,node_3296,protonation,ionization,1.0
edge_5242,ETFE,node_0336,node_3297,deprotonation,ionization,1.0
edge_5243,ETFE,node_0337,node_3298,electron_loss,ionization,1.0
edge_5244,ETFE,node_0337,node_3299,electron_gain,ionization,1.0
edge_5245,ETFE,node_0337,node_3300,protonation,ionization,1.0
edge_5246,ETFE,node_0337,node_3301,deprotonation,ionization,1.0
edge_5247,ETFE,node_0338,node_3302,electron_loss,ionization,1.0
edge_5248,ETFE,node_0338,node_3303,electron_gain,ionization,1.0
edge_5249,ETFE,node_0338,node_3304,protonation,ionization,1.0
edge_5250,ETFE,node_0338,node_3305,deprotonation,ionization,1.0
edge_5251,ETFE,node_0339,node_3306,electron_loss,ionization,1.0
edge_5252,ETFE,node_0339,node_3307,electron_gain,ionization,1.0
edge_5253,ETFE,node_0339,node_3308,protonation,ionization,1.0
edge_5254,ETFE,node_0339,node_3309,deprotonation,ionization,1.0
edge_5255,ETFE,node_0340,node_3310,electron_loss,ionization,1.0
edge_5256,ETFE,node_0340,node_3311,electron_gain,ionization,1.0
edge_5257,ETFE,node_0340,node_3312,protonation,ionization,1.0
edge_5258,ETFE,node_0340,node_3313,deprotonation,ionization,1.0
edge_5259,ETFE,node_0341,node_3314,electron_loss,ionization,1.0
edge_5260,ETFE,node_0341,node_3315,electron_gain,ionization,1.0
edge_5261,ETFE,node_0341,node_3316,protonation,ionization,1.0
edge_5262,ETFE,node_0341,node_3317,deprotonation,ionization,1.0
edge_5263,ETFE,node_0342,node_3318,electron_loss,ionization,1.0
edge_5264,ETFE,node_0342,node_3319,electron_gain,ionization,1.0
edge_5265,ETFE,node_0342,node_3320,protonation,ionization,1.0
edge_5266,ETFE,node_0342,node_3321,deprotonation,ionization,1.0
edge_5267,ETFE,node_0343,node_3322,electron_loss,ionization,1.0
edge_5268,ETFE,node_0343,node_3323,electron_gain,ionization,1.0
edge_5269,ETFE,node_0343,node_3324,protonation,ionization,1.0
edge_5270,ETFE,node_0343,node_3325,deprotonation,ionization,1.0
edge_5271,ETFE,node_0344,node_3326,electron_loss,ionization,1.0
edge_5272,ETFE,node_0344,node_3327,electron_gain,ionization,1.0
edge_5273,ETFE,node_0344,node_3328,protonation,ionization,1.0
edge_5274,ETFE,node_0344,node_3329,deprotonation,ionization,1.0
edge_5275,ETFE,node_0345,node_3330,electron_loss,ionization,1.0
edge_5276,ETFE,node_0345,node_3331,electron_gain,ionization,1.0
edge_5277,ETFE,node_0345,node_3332,protonation,ionization,1.0
edge_5278,ETFE,node_0345,node_3333,deprotonation,ionization,1.0
edge_5279,ETFE,node_0346,node_3334,electron_loss,ionization,1.0
edge_5280,ETFE,node_0346,node_3335,electron_gain,ionization,1.0
edge_5281,ETFE,node_0346,node_3336,protonation,ionization,1.0
edge_5282,ETFE,node_0346,node_3337,deprotonation,ionization,1.0
edge_5283,ETFE,node_0347,node_3338,electron_loss,ionization,1.0
edge_5284,ETFE,node_0347,node_3339,electron_gain,ionization,1.0
edge_5285,ETFE,node_0347,node_3340,protonation,ionization,1.0
edge_5286,ETFE,node_0347,node_3341,deprotonation,ionization,1.0
edge_5287,ETFE,node_0348,node_3342,electron_loss,ionization,1.0
edge_5288,ETFE,node_0348,node_3343,electron_gain,ionization,1.0
edge_5289,ETFE,node_0348,node_3344,protonation,ionization,1.0
edge_5290,ETFE,node_0348,node_3345,deprotonation,ionization,1.0
edge_5291,ETFE,node_0349,node_3346,electron_loss,ionization,1.0
edge_5292,ETFE,node_0349,node_3347,electron_gain,ionization,1.0
edge_5293,ETFE,node_0349,node_3348,protonation,ionization,1.0
edge_5294,ETFE,node_0349,node_3349,deprotonation,ionization,1.0
edge_5295,ETFE,node_0350,node_3350,electron_loss,ionization,1.0
edge_5296,ETFE,node_0350,node_3351,electron_gain,ionization,1.0
edge_5297,ETFE,node_0350,node_3352,protonation,ionization,1.0
edge_5298,ETFE,node_0350,node_3353,deprotonation,ionization,1.0
edge_5299,ETFE,node_0351,node_3354,electron_loss,ionization,1.0
edge_5300,ETFE,node_0351,node_3355,electron_gain,ionization,1.0
edge_5301,ETFE,node_0351,node_3356,protonation,ionization,1.0
edge_5302,ETFE,node_0351,node_3357,deprotonation,ionization,1.0
edge_5303,ETFE,node_0352,node_3358,electron_loss,ionization,1.0
edge_5304,ETFE,node_0352,node_3359,electron_gain,ionization,1.0
edge_5305,ETFE,node_0352,node_3360,protonation,ionization,1.0
edge_5306,ETFE,node_0352,node_3361,deprotonation,ionization,1.0
edge_5307,ETFE,node_0353,node_3362,electron_loss,ionization,1.0
edge_5308,ETFE,node_0353,node_3363,electron_gain,ionization,1.0
edge_5309,ETFE,node_0353,node_3364,protonation,ionization,1.0
edge_5310,ETFE,node_0353,node_3365,deprotonation,ionization,1.0
edge_5311,ETFE,node_0354,node_3366,electron_loss,ionization,1.0
edge_5312,ETFE,node_0354,node_3367,electron_gain,ionization,1.0
edge_5313,ETFE,node_0354,node_3368,protonation,ionization,1.0
edge_5314,ETFE,node_0354,node_3369,deprotonation,ionization,1.0
edge_5315,ETFE,node_0355,node_3370,electron_loss,ionization,1.0
edge_5316,ETFE,node_0355,node_3371,electron_gain,ionization,1.0
edge_5317,ETFE,node_0355,node_3372,protonation,ionization,1.0
edge_5318,ETFE,node_0355,node_3373,deprotonation,ionization,1.0
edge_5319,ETFE,node_0356,node_3374,electron_loss,ionization,1.0
edge_5320,ETFE,node_0356,node_3375,electron_gain,ionization,1.0
edge_5321,ETFE,node_0356,node_3376,protonation,ionization,1.0
edge_5322,ETFE,node_0356,node_3377,deprotonation,ionization,1.0
edge_5323,ETFE,node_0357,node_3378,electron_loss,ionization,1.0
edge_5324,ETFE,node_0357,node_3379,electron_gain,ionization,1.0
edge_5325,ETFE,node_0357,node_3380,protonation,ionization,1.0
edge_5326,ETFE,node_0357,node_3381,deprotonation,ionization,1.0
edge_5327,ETFE,node_0358,node_3382,electron_loss,ionization,1.0
edge_5328,ETFE,node_0358,node_3383,electron_gain,ionization,1.0
edge_5329,ETFE,node_0358,node_3384,protonation,ionization,1.0
edge_5330,ETFE,node_0358,node_3385,deprotonation,ionization,1.0
edge_5331,ETFE,node_0359,node_3386,electron_loss,ionization,1.0
edge_5332,ETFE,node_0359,node_3387,electron_gain,ionization,1.0
edge_5333,ETFE,node_0359,node_3388,protonation,ionization,1.0
edge_5334,ETFE,node_0359,node_3389,deprotonation,ionization,1.0
edge_5335,ETFE,node_0360,node_3390,electron_loss,ionization,1.0
edge_5336,ETFE,node_0360,node_3391,electron_gain,ionization,1.0
edge_5337,ETFE,node_0360,node_3392,protonation,ionization,1.0
edge_5338,ETFE,node_0360,node_3393,deprotonation,ionization,1.0
edge_5339,ETFE,node_0361,node_3394,electron_loss,ionization,1.0
edge_5340,ETFE,node_0361,node_3395,electron_gain,ionization,1.0
edge_5341,ETFE,node_0361,node_3396,protonation,ionization,1.0
edge_5342,ETFE,node_0361,node_3397,deprotonation,ionization,1.0
edge_5343,ETFE,node_0362,node_3398,electron_loss,ionization,1.0
edge_5344,ETFE,node_0362,node_3399,electron_gain,ionization,1.0
edge_5345,ETFE,node_0362,node_3400,protonation,ionization,1.0
edge_5346,ETFE,node_0362,node_3401,deprotonation,ionization,1.0
edge_5347,ETFE,node_0363,node_3402,electron_loss,ionization,1.0
edge_5348,ETFE,node_0363,node_3403,electron_gain,ionization,1.0
edge_5349,ETFE,node_0363,node_3404,protonation,ionization,1.0
edge_5350,ETFE,node_0363,node_3405,deprotonation,ionization,1.0
edge_5351,ETFE,node_0364,node_3406,electron_loss,ionization,1.0
edge_5352,ETFE,node_0364,node_3407,electron_gain,ionization,1.0
edge_5353,ETFE,node_0364,node_3408,protonation,ionization,1.0
edge_5354,ETFE,node_0364,node_3409,deprotonation,ionization,1.0
edge_5355,ETFE,node_0365,node_3410,electron_loss,ionization,1.0
edge_5356,ETFE,node_0365,node_3411,electron_gain,ionization,1.0
edge_5357,ETFE,node_0365,node_3412,protonation,ionization,1.0
edge_5358,ETFE,node_0365,node_3413,deprotonation,ionization,1.0
edge_5359,ETFE,node_0366,node_3414,electron_loss,ionization,1.0
edge_5360,ETFE,node_0366,node_3415,electron_gain,ionization,1.0
edge_5361,ETFE,node_0366,node_3416,protonation,ionization,1.0
edge_5362,ETFE,node_0366,node_3417,deprotonation,ionization,1.0
edge_5363,ETFE,node_0367,node_3418,electron_loss,ionization,1.0
edge_5364,ETFE,node_0367,node_3419,electron_gain,ionization,1.0
edge_5365,ETFE,node_0367,node_3420,protonation,ionization,1.0
edge_5366,ETFE,node_0367,node_3421,deprotonation,ionization,1.0
edge_5367,ETFE,node_0368,node_3422,electron_loss,ionization,1.0
edge_5368,ETFE,node_0368,node_3423,electron_gain,ionization,1.0
edge_5369,ETFE,node_0368,node_3424,protonation,ionization,1.0
edge_5370,ETFE,node_0368,node_3425,deprotonation,ionization,1.0
edge_5371,ETFE,node_0369,node_3426,electron_loss,ionization,1.0
edge_5372,ETFE,node_0369,node_3427,electron_gain,ionization,1.0
edge_5373,ETFE,node_0369,node_3428,protonation,ionization,1.0
edge_5374,ETFE,node_0369,node_3429,deprotonation,ionization,1.0
edge_5375,ETFE,node_0370,node_3430,electron_loss,ionization,1.0
edge_5376,ETFE,node_0370,node_3431,electron_gain,ionization,1.0
edge_5377,ETFE,node_0370,node_3432,protonation,ionization,1.0
edge_5378,ETFE,node_0370,node_3433,deprotonation,ionization,1.0
edge_5379,ETFE,node_0371,node_3434,electron_loss,ionization,1.0
edge_5380,ETFE,node_0371,node_3435,electron_gain,ionization,1.0
edge_5381,ETFE,node_0371,node_3436,protonation,ionization,1.0
edge_5382,ETFE,node_0371,node_3437,deprotonation,ionization,1.0
edge_5383,ETFE,node_0372,node_3438,electron_loss,ionization,1.0
edge_5384,ETFE,node_0372,node_3439,electron_gain,ionization,1.0
edge_5385,ETFE,node_0372,node_3440,protonation,ionization,1.0
edge_5386,ETFE,node_0372,node_3441,deprotonation,ionization,1.0
edge_5387,ETFE,node_0373,node_3442,electron_loss,ionization,1.0
edge_5388,ETFE,node_0373,node_3443,electron_gain,ionization,1.0
edge_5389,ETFE,node_0373,node_3444,protonation,ionization,1.0
edge_5390,ETFE,node_0373,node_3445,deprotonation,ionization,1.0
edge_5391,ETFE,node_0374,node_3446,electron_loss,ionization,1.0
edge_5392,ETFE,node_0374,node_3447,electron_gain,ionization,1.0
edge_5393,ETFE,node_0374,node_3448,protonation,ionization,1.0
edge_5394,ETFE,node_0374,node_3449,deprotonation,ionization,1.0
edge_5395,ETFE,node_0375,node_3450,electron_loss,ionization,1.0
edge_5396,ETFE,node_0375,node_3451,electron_gain,ionization,1.0
edge_5397,ETFE,node_0375,node_3452,protonation,ionization,1.0
edge_5398,ETFE,node_0375,node_3453,deprotonation,ionization,1.0
edge_5399,ETFE,node_0376,node_3454,electron_loss,ionization,1.0
edge_5400,ETFE,node_0376,node_3455,electron_gain,ionization,1.0
edge_5401,ETFE,node_0376,node_3456,protonation,ionization,1.0
edge_5402,ETFE,node_0376,node_3457,deprotonation,ionization,1.0
edge_5403,ETFE,node_0377,node_3458,electron_loss,ionization,1.0
edge_5404,ETFE,node_0377,node_3459,electron_gain,ionization,1.0
edge_5405,ETFE,node_0377,node_3460,protonation,ionization,1.0
edge_5406,ETFE,node_0377,node_3461,deprotonation,ionization,1.0
edge_5407,ETFE,node_0378,node_3462,electron_loss,ionization,1.0
edge_5408,ETFE,node_0378,node_3463,electron_gain,ionization,1.0
edge_5409,ETFE,node_0378,node_3464,protonation,ionization,1.0
edge_5410,ETFE,node_0378,node_3465,deprotonation,ionization,1.0
edge_5411,ETFE,node_0379,node_3466,electron_loss,ionization,1.0
edge_5412,ETFE,node_0379,node_3467,electron_gain,ionization,1.0
edge_5413,ETFE,node_0379,node_3468,protonation,ionization,1.0
edge_5414,ETFE,node_0379,node_3469,deprotonation,ionization,1.0
edge_5415,ETFE,node_0380,node_3470,electron_loss,ionization,1.0
edge_5416,ETFE,node_0380,node_3471,electron_gain,ionization,1.0
edge_5417,ETFE,node_0380,node_3472,protonation,ionization,1.0
edge_5418,ETFE,node_0380,node_3473,deprotonation,ionization,1.0
edge_5419,ETFE,node_0381,node_3474,electron_loss,ionization,1.0
edge_5420,ETFE,node_0381,node_3475,electron_gain,ionization,1.0
edge_5421,ETFE,node_0381,node_3476,protonation,ionization,1.0
edge_5422,ETFE,node_0381,node_3477,deprotonation,ionization,1.0
edge_5423,ETFE,node_0382,node_3478,electron_loss,ionization,1.0
edge_5424,ETFE,node_0382,node_3479,electron_gain,ionization,1.0
edge_5425,ETFE,node_0382,node_3480,protonation,ionization,1.0
edge_5426,ETFE,node_0382,node_3481,deprotonation,ionization,1.0
edge_5427,ETFE,node_0383,node_3482,electron_loss,ionization,1.0
edge_5428,ETFE,node_0383,node_3483,electron_gain,ionization,1.0
edge_5429,ETFE,node_0383,node_3484,protonation,ionization,1.0
edge_5430,ETFE,node_0383,node_3485,deprotonation,ionization,1.0
edge_5431,ETFE,node_0384,node_3486,electron_loss,ionization,1.0
edge_5432,ETFE,node_0384,node_3487,electron_gain,ionization,1.0
edge_5433,ETFE,node_0384,node_3488,protonation,ionization,1.0
edge_5434,ETFE,node_0384,node_3489,deprotonation,ionization,1.0
edge_5435,ETFE,node_0385,node_3490,electron_loss,ionization,1.0
edge_5436,ETFE,node_0385,node_3491,electron_gain,ionization,1.0
edge_5437,ETFE,node_0385,node_3492,protonation,ionization,1.0
edge_5438,ETFE,node_0385,node_3493,deprotonation,ionization,1.0
edge_5439,ETFE,node_0386,node_3494,electron_loss,ionization,1.0
edge_5440,ETFE,node_0386,node_3495,electron_gain,ionization,1.0
edge_5441,ETFE,node_0386,node_3496,protonation,ionization,1.0
edge_5442,ETFE,node_0386,node_3497,deprotonation,ionization,1.0
edge_5443,ETFE,node_0387,node_3498,electron_loss,ionization,1.0
edge_5444,ETFE,node_0387,node_3499,electron_gain,ionization,1.0
edge_5445,ETFE,node_0387,node_3500,protonation,ionization,1.0
edge_5446,ETFE,node_0387,node_3501,deprotonation,ionization,1.0
edge_5447,ETFE,node_0388,node_3502,electron_loss,ionization,1.0
edge_5448,ETFE,node_0388,node_3503,electron_gain,ionization,1.0
edge_5449,ETFE,node_0388,node_3504,protonation,ionization,1.0
edge_5450,ETFE,node_0388,node_3505,deprotonation,ionization,1.0
edge_5451,ETFE,node_0389,node_3506,electron_loss,ionization,1.0
edge_5452,ETFE,node_0389,node_3507,electron_gain,ionization,1.0
edge_5453,ETFE,node_0389,node_3508,protonation,ionization,1.0
edge_5454,ETFE,node_0389,node_3509,deprotonation,ionization,1.0
edge_5455,ETFE,node_0390,node_3510,electron_loss,ionization,1.0
edge_5456,ETFE,node_0390,node_3511,electron_gain,ionization,1.0
edge_5457,ETFE,node_0390,node_3512,protonation,ionization,1.0
edge_5458,ETFE,node_0390,node_3513,deprotonation,ionization,1.0
edge_5459,ETFE,node_0391,node_3514,electron_loss,ionization,1.0
edge_5460,ETFE,node_0391,node_3515,electron_gain,ionization,1.0
edge_5461,ETFE,node_0391,node_3516,protonation,ionization,1.0
edge_5462,ETFE,node_0391,node_3517,deprotonation,ionization,1.0
edge_5463,ETFE,node_0392,node_3518,electron_loss,ionization,1.0
edge_5464,ETFE,node_0392,node_3519,electron_gain,ionization,1.0
edge_5465,ETFE,node_0392,node_3520,protonation,ionization,1.0
edge_5466,ETFE,node_0392,node_3521,deprotonation,ionization,1.0
edge_5467,ETFE,node_0393,node_3522,electron_loss,ionization,1.0
edge_5468,ETFE,node_0393,node_3523,electron_gain,ionization,1.0
edge_5469,ETFE,node_0393,node_3524,protonation,ionization,1.0
edge_5470,ETFE,node_0393,node_3525,deprotonation,ionization,1.0
edge_5471,ETFE,node_0394,node_3526,electron_loss,ionization,1.0
edge_5472,ETFE,node_0394,node_3527,electron_gain,ionization,1.0
edge_5473,ETFE,node_0394,node_3528,protonation,ionization,1.0
edge_5474,ETFE,node_0394,node_3529,deprotonation,ionization,1.0
edge_5475,ETFE,node_0395,node_3530,electron_loss,ionization,1.0
edge_5476,ETFE,node_0395,node_3531,electron_gain,ionization,1.0
edge_5477,ETFE,node_0395,node_3532,protonation,ionization,1.0
edge_5478,ETFE,node_0395,node_3533,deprotonation,ionization,1.0
edge_5479,ETFE,node_0396,node_3534,electron_loss,ionization,1.0
edge_5480,ETFE,node_0396,node_3535,electron_gain,ionization,1.0
edge_5481,ETFE,node_0396,node_3536,protonation,ionization,1.0
edge_5482,ETFE,node_0396,node_3537,deprotonation,ionization,1.0
edge_5483,ETFE,node_0397,node_3538,electron_loss,ionization,1.0
edge_5484,ETFE,node_0397,node_3539,electron_gain,ionization,1.0
edge_5485,ETFE,node_0397,node_3540,protonation,ionization,1.0
edge_5486,ETFE,node_0397,node_3541,deprotonation,ionization,1.0
edge_5487,ETFE,node_0398,node_3542,electron_loss,ionization,1.0
edge_5488,ETFE,node_0398,node_3543,electron_gain,ionization,1.0
edge_5489,ETFE,node_0398,node_3544,protonation,ionization,1.0
edge_5490,ETFE,node_0398,node_3545,deprotonation,ionization,1.0
edge_5491,ETFE,node_0399,node_3546,electron_loss,ionization,1.0
edge_5492,ETFE,node_0399,node_3547,electron_gain,ionization,1.0
edge_5493,ETFE,node_0399,node_3548,protonation,ionization,1.0
edge_5494,ETFE,node_0399,node_3549,deprotonation,ionization,1.0
edge_5495,ETFE,node_0400,node_3550,electron_loss,ionization,1.0
edge_5496,ETFE,node_0400,node_3551,electron_gain,ionization,1.0
edge_5497,ETFE,node_0400,node_3552,protonation,ionization,1.0
edge_5498,ETFE,node_0400,node_3553,deprotonation,ionization,1.0
edge_5499,ETFE,node_0401,node_3554,electron_loss,ionization,1.0
edge_5500,ETFE,node_0401,node_3555,electron_gain,ionization,1.0
edge_5501,ETFE,node_0401,node_3556,protonation,ionization,1.0
edge_5502,ETFE,node_0401,node_3557,deprotonation,ionization,1.0
edge_5503,ETFE,node_0402,node_3558,electron_loss,ionization,1.0
edge_5504,ETFE,node_0402,node_3559,electron_gain,ionization,1.0
edge_5505,ETFE,node_0402,node_3560,protonation,ionization,1.0
edge_5506,ETFE,node_0402,node_3561,deprotonation,ionization,1.0
edge_5507,ETFE,node_0403,node_3562,electron_loss,ionization,1.0
edge_5508,ETFE,node_0403,node_3563,electron_gain,ionization,1.0
edge_5509,ETFE,node_0403,node_3564,protonation,ionization,1.0
edge_5510,ETFE,node_0403,node_3565,deprotonation,ionization,1.0
edge_5511,ETFE,node_0404,node_3566,electron_loss,ionization,1.0
edge_5512,ETFE,node_0404,node_3567,electron_gain,ionization,1.0
edge_5513,ETFE,node_0404,node_3568,protonation,ionization,1.0
edge_5514,ETFE,node_0404,node_3569,deprotonation,ionization,1.0
edge_5515,ETFE,node_0405,node_3570,electron_loss,ionization,1.0
edge_5516,ETFE,node_0405,node_3571,electron_gain,ionization,1.0
edge_5517,ETFE,node_0405,node_3572,protonation,ionization,1.0
edge_5518,ETFE,node_0405,node_3573,deprotonation,ionization,1.0
edge_5519,ETFE,node_0406,node_3574,electron_loss,ionization,1.0
edge_5520,ETFE,node_0406,node_3575,electron_gain,ionization,1.0
edge_5521,ETFE,node_0406,node_3576,protonation,ionization,1.0
edge_5522,ETFE,node_0406,node_3577,deprotonation,ionization,1.0
edge_5523,ETFE,node_0407,node_3578,electron_loss,ionization,1.0
edge_5524,ETFE,node_0407,node_3579,electron_gain,ionization,1.0
edge_5525,ETFE,node_0407,node_3580,protonation,ionization,1.0
edge_5526,ETFE,node_0407,node_3581,deprotonation,ionization,1.0
edge_5527,ETFE,node_0408,node_3582,electron_loss,ionization,1.0
edge_5528,ETFE,node_0408,node_3583,electron_gain,ionization,1.0
edge_5529,ETFE,node_0408,node_3584,protonation,ionization,1.0
edge_5530,ETFE,node_0408,node_3585,deprotonation,ionization,1.0
edge_5531,ETFE,node_0409,node_3586,electron_loss,ionization,1.0
edge_5532,ETFE,node_0409,node_3587,electron_gain,ionization,1.0
edge_5533,ETFE,node_0409,node_3588,protonation,ionization,1.0
edge_5534,ETFE,node_0409,node_3589,deprotonation,ionization,1.0
edge_5535,ETFE,node_0410,node_3590,electron_loss,ionization,1.0
edge_5536,ETFE,node_0410,node_3591,electron_gain,ionization,1.0
edge_5537,ETFE,node_0410,node_3592,protonation,ionization,1.0
edge_5538,ETFE,node_0410,node_3593,deprotonation,ionization,1.0
edge_5539,ETFE,node_0411,node_3594,electron_loss,ionization,1.0
edge_5540,ETFE,node_0411,node_3595,electron_gain,ionization,1.0
edge_5541,ETFE,node_0411,node_3596,protonation,ionization,1.0
edge_5542,ETFE,node_0411,node_3597,deprotonation,ionization,1.0
edge_5543,ETFE,node_0412,node_3598,electron_loss,ionization,1.0
edge_5544,ETFE,node_0412,node_3599,electron_gain,ionization,1.0
edge_5545,ETFE,node_0412,node_3600,protonation,ionization,1.0
edge_5546,ETFE,node_0412,node_3601,deprotonation,ionization,1.0
edge_5547,ETFE,node_0413,node_3602,electron_loss,ionization,1.0
edge_5548,ETFE,node_0413,node_3603,electron_gain,ionization,1.0
edge_5549,ETFE,node_0413,node_3604,protonation,ionization,1.0
edge_5550,ETFE,node_0413,node_3605,deprotonation,ionization,1.0
edge_5551,ETFE,node_0414,node_3606,electron_loss,ionization,1.0
edge_5552,ETFE,node_0414,node_3607,electron_gain,ionization,1.0
edge_5553,ETFE,node_0414,node_3608,protonation,ionization,1.0
edge_5554,ETFE,node_0414,node_3609,deprotonation,ionization,1.0
edge_5555,ETFE,node_0415,node_3610,electron_loss,ionization,1.0
edge_5556,ETFE,node_0415,node_3611,electron_gain,ionization,1.0
edge_5557,ETFE,node_0415,node_3612,protonation,ionization,1.0
edge_5558,ETFE,node_0415,node_3613,deprotonation,ionization,1.0
edge_5559,ETFE,node_0416,node_3614,electron_loss,ionization,1.0
edge_5560,ETFE,node_0416,node_3615,electron_gain,ionization,1.0
edge_5561,ETFE,node_0416,node_3616,protonation,ionization,1.0
edge_5562,ETFE,node_0416,node_3617,deprotonation,ionization,1.0
edge_5563,ETFE,node_0417,node_3618,electron_loss,ionization,1.0
edge_5564,ETFE,node_0417,node_3619,electron_gain,ionization,1.0
edge_5565,ETFE,node_0417,node_3620,protonation,ionization,1.0
edge_5566,ETFE,node_0417,node_3621,deprotonation,ionization,1.0
edge_5567,ETFE,node_0418,node_3622,electron_loss,ionization,1.0
edge_5568,ETFE,node_0418,node_3623,electron_gain,ionization,1.0
edge_5569,ETFE,node_0418,node_3624,protonation,ionization,1.0
edge_5570,ETFE,node_0418,node_3625,deprotonation,ionization,1.0
edge_5571,ETFE,node_0419,node_3626,electron_loss,ionization,1.0
edge_5572,ETFE,node_0419,node_3627,electron_gain,ionization,1.0
edge_5573,ETFE,node_0419,node_3628,protonation,ionization,1.0
edge_5574,ETFE,node_0419,node_3629,deprotonation,ionization,1.0
edge_5575,ETFE,node_0420,node_3630,electron_loss,ionization,1.0
edge_5576,ETFE,node_0420,node_3631,electron_gain,ionization,1.0
edge_5577,ETFE,node_0420,node_3632,protonation,ionization,1.0
edge_5578,ETFE,node_0420,node_3633,deprotonation,ionization,1.0
edge_5579,ETFE,node_0421,node_3634,electron_loss,ionization,1.0
edge_5580,ETFE,node_0421,node_3635,electron_gain,ionization,1.0
edge_5581,ETFE,node_0421,node_3636,protonation,ionization,1.0
edge_5582,ETFE,node_0421,node_3637,deprotonation,ionization,1.0
edge_5583,ETFE,node_0422,node_3638,electron_loss,ionization,1.0
edge_5584,ETFE,node_0422,node_3639,electron_gain,ionization,1.0
edge_5585,ETFE,node_0422,node_3640,protonation,ionization,1.0
edge_5586,ETFE,node_0422,node_3641,deprotonation,ionization,1.0
edge_5587,ETFE,node_0423,node_3642,electron_loss,ionization,1.0
edge_5588,ETFE,node_0423,node_3643,electron_gain,ionization,1.0
edge_5589,ETFE,node_0423,node_3644,protonation,ionization,1.0
edge_5590,ETFE,node_0423,node_3645,deprotonation,ionization,1.0
edge_5591,ETFE,node_0424,node_3646,electron_loss,ionization,1.0
edge_5592,ETFE,node_0424,node_3647,electron_gain,ionization,1.0
edge_5593,ETFE,node_0424,node_3648,protonation,ionization,1.0
edge_5594,ETFE,node_0424,node_3649,deprotonation,ionization,1.0
edge_5595,ETFE,node_0425,node_3650,electron_loss,ionization,1.0
edge_5596,ETFE,node_0425,node_3651,electron_gain,ionization,1.0
edge_5597,ETFE,node_0425,node_3652,protonation,ionization,1.0
edge_5598,ETFE,node_0425,node_3653,deprotonation,ionization,1.0
edge_5599,ETFE,node_0426,node_3654,electron_loss,ionization,1.0
edge_5600,ETFE,node_0426,node_3655,electron_gain,ionization,1.0
edge_5601,ETFE,node_0426,node_3656,protonation,ionization,1.0
edge_5602,ETFE,node_0426,node_3657,deprotonation,ionization,1.0
edge_5603,ETFE,node_0427,node_3658,electron_loss,ionization,1.0
edge_5604,ETFE,node_0427,node_3659,electron_gain,ionization,1.0
edge_5605,ETFE,node_0427,node_3660,protonation,ionization,1.0
edge_5606,ETFE,node_0427,node_3661,deprotonation,ionization,1.0
edge_5607,ETFE,node_0428,node_3662,electron_loss,ionization,1.0
edge_5608,ETFE,node_0428,node_3663,electron_gain,ionization,1.0
edge_5609,ETFE,node_0428,node_3664,protonation,ionization,1.0
edge_5610,ETFE,node_0428,node_3665,deprotonation,ionization,1.0
edge_5611,ETFE,node_0429,node_3666,electron_loss,ionization,1.0
edge_5612,ETFE,node_0429,node_3667,electron_gain,ionization,1.0
edge_5613,ETFE,node_0429,node_3668,protonation,ionization,1.0
edge_5614,ETFE,node_0429,node_3669,deprotonation,ionization,1.0
edge_5615,ETFE,node_0430,node_3670,electron_loss,ionization,1.0
edge_5616,ETFE,node_0430,node_3671,electron_gain,ionization,1.0
edge_5617,ETFE,node_0430,node_3672,protonation,ionization,1.0
edge_5618,ETFE,node_0430,node_3673,deprotonation,ionization,1.0
edge_5619,ETFE,node_0431,node_3674,electron_loss,ionization,1.0
edge_5620,ETFE,node_0431,node_3675,electron_gain,ionization,1.0
edge_5621,ETFE,node_0431,node_3676,protonation,ionization,1.0
edge_5622,ETFE,node_0431,node_3677,deprotonation,ionization,1.0
edge_5623,ETFE,node_0432,node_3678,electron_loss,ionization,1.0
edge_5624,ETFE,node_0432,node_3679,electron_gain,ionization,1.0
edge_5625,ETFE,node_0432,node_3680,protonation,ionization,1.0
edge_5626,ETFE,node_0432,node_3681,deprotonation,ionization,1.0
edge_5627,ETFE,node_0433,node_3682,electron_loss,ionization,1.0
edge_5628,ETFE,node_0433,node_3683,electron_gain,ionization,1.0
edge_5629,ETFE,node_0433,node_3684,protonation,ionization,1.0
edge_5630,ETFE,node_0433,node_3685,deprotonation,ionization,1.0
edge_5631,ETFE,node_0434,node_3686,electron_loss,ionization,1.0
edge_5632,ETFE,node_0434,node_3687,electron_gain,ionization,1.0
edge_5633,ETFE,node_0434,node_3688,protonation,ionization,1.0
edge_5634,ETFE,node_0434,node_3689,deprotonation,ionization,1.0
edge_5635,ETFE,node_0435,node_3690,electron_loss,ionization,1.0
edge_5636,ETFE,node_0435,node_3691,electron_gain,ionization,1.0
edge_5637,ETFE,node_0435,node_3692,protonation,ionization,1.0
edge_5638,ETFE,node_0435,node_3693,deprotonation,ionization,1.0
edge_5639,ETFE,node_0436,node_3694,electron_loss,ionization,1.0
edge_5640,ETFE,node_0436,node_3695,electron_gain,ionization,1.0
edge_5641,ETFE,node_0436,node_3696,protonation,ionization,1.0
edge_5642,ETFE,node_0436,node_3697,deprotonation,ionization,1.0
edge_5643,ETFE,node_0437,node_3698,electron_loss,ionization,1.0
edge_5644,ETFE,node_0437,node_3699,electron_gain,ionization,1.0
edge_5645,ETFE,node_0437,node_3700,protonation,ionization,1.0
edge_5646,ETFE,node_0437,node_3701,deprotonation,ionization,1.0
edge_5647,ETFE,node_0438,node_3702,electron_loss,ionization,1.0
edge_5648,ETFE,node_0438,node_3703,electron_gain,ionization,1.0
edge_5649,ETFE,node_0438,node_3704,protonation,ionization,1.0
edge_5650,ETFE,node_0438,node_3705,deprotonation,ionization,1.0
edge_5651,ETFE,node_0439,node_3706,electron_loss,ionization,1.0
edge_5652,ETFE,node_0439,node_3707,electron_gain,ionization,1.0
edge_5653,ETFE,node_0439,node_3708,protonation,ionization,1.0
edge_5654,ETFE,node_0439,node_3709,deprotonation,ionization,1.0
edge_5655,ETFE,node_0440,node_3710,electron_loss,ionization,1.0
edge_5656,ETFE,node_0440,node_3711,electron_gain,ionization,1.0
edge_5657,ETFE,node_0440,node_3712,protonation,ionization,1.0
edge_5658,ETFE,node_0440,node_3713,deprotonation,ionization,1.0
edge_5659,ETFE,node_0441,node_3714,electron_loss,ionization,1.0
edge_5660,ETFE,node_0441,node_3715,electron_gain,ionization,1.0
edge_5661,ETFE,node_0441,node_3716,protonation,ionization,1.0
edge_5662,ETFE,node_0441,node_3717,deprotonation,ionization,1.0
edge_5663,ETFE,node_0442,node_3718,electron_loss,ionization,1.0
edge_5664,ETFE,node_0442,node_3719,electron_gain,ionization,1.0
edge_5665,ETFE,node_0442,node_3720,protonation,ionization,1.0
edge_5666,ETFE,node_0442,node_3721,deprotonation,ionization,1.0
edge_5667,ETFE,node_0443,node_3722,electron_loss,ionization,1.0
edge_5668,ETFE,node_0443,node_3723,electron_gain,ionization,1.0
edge_5669,ETFE,node_0443,node_3724,protonation,ionization,1.0
edge_5670,ETFE,node_0443,node_3725,deprotonation,ionization,1.0
edge_5671,ETFE,node_0444,node_3726,electron_loss,ionization,1.0
edge_5672,ETFE,node_0444,node_3727,electron_gain,ionization,1.0
edge_5673,ETFE,node_0444,node_3728,protonation,ionization,1.0
edge_5674,ETFE,node_0444,node_3729,deprotonation,ionization,1.0
edge_5675,ETFE,node_0445,node_3730,electron_loss,ionization,1.0
edge_5676,ETFE,node_0445,node_3731,electron_gain,ionization,1.0
edge_5677,ETFE,node_0445,node_3732,protonation,ionization,1.0
edge_5678,ETFE,node_0445,node_3733,deprotonation,ionization,1.0
edge_5679,ETFE,node_0446,node_3734,electron_loss,ionization,1.0
edge_5680,ETFE,node_0446,node_3735,electron_gain,ionization,1.0
edge_5681,ETFE,node_0446,node_3736,protonation,ionization,1.0
edge_5682,ETFE,node_0446,node_3737,deprotonation,ionization,1.0
edge_5683,ETFE,node_0447,node_3738,electron_loss,ionization,1.0
edge_5684,ETFE,node_0447,node_3739,electron_gain,ionization,1.0
edge_5685,ETFE,node_0447,node_3740,protonation,ionization,1.0
edge_5686,ETFE,node_0447,node_3741,deprotonation,ionization,1.0
edge_5687,ETFE,node_0448,node_3742,electron_loss,ionization,1.0
edge_5688,ETFE,node_0448,node_3743,electron_gain,ionization,1.0
edge_5689,ETFE,node_0448,node_3744,protonation,ionization,1.0
edge_5690,ETFE,node_0448,node_3745,deprotonation,ionization,1.0
edge_5691,ETFE,node_0449,node_3746,electron_loss,ionization,1.0
edge_5692,ETFE,node_0449,node_3747,electron_gain,ionization,1.0
edge_5693,ETFE,node_0449,node_3748,protonation,ionization,1.0
edge_5694,ETFE,node_0449,node_3749,deprotonation,ionization,1.0
edge_5695,ETFE,node_0450,node_3750,electron_loss,ionization,1.0
edge_5696,ETFE,node_0450,node_3751,electron_gain,ionization,1.0
edge_5697,ETFE,node_0450,node_3752,protonation,ionization,1.0
edge_5698,ETFE,node_0450,node_3753,deprotonation,ionization,1.0
edge_5699,ETFE,node_0451,node_3754,electron_loss,ionization,1.0
edge_5700,ETFE,node_0451,node_3755,electron_gain,ionization,1.0
edge_5701,ETFE,node_0451,node_3756,protonation,ionization,1.0
edge_5702,ETFE,node_0451,node_3757,deprotonation,ionization,1.0
edge_5703,ETFE,node_0452,node_3758,electron_loss,ionization,1.0
edge_5704,ETFE,node_0452,node_3759,electron_gain,ionization,1.0
edge_5705,ETFE,node_0452,node_3760,protonation,ionization,1.0
edge_5706,ETFE,node_0452,node_3761,deprotonation,ionization,1.0
edge_5707,ETFE,node_0453,node_3762,electron_loss,ionization,1.0
edge_5708,ETFE,node_0453,node_3763,electron_gain,ionization,1.0
edge_5709,ETFE,node_0453,node_3764,protonation,ionization,1.0
edge_5710,ETFE,node_0453,node_3765,deprotonation,ionization,1.0
edge_5711,ETFE,node_0454,node_3766,electron_loss,ionization,1.0
edge_5712,ETFE,node_0454,node_3767,electron_gain,ionization,1.0
edge_5713,ETFE,node_0454,node_3768,protonation,ionization,1.0
edge_5714,ETFE,node_0454,node_3769,deprotonation,ionization,1.0
edge_5715,ETFE,node_0455,node_3770,electron_loss,ionization,1.0
edge_5716,ETFE,node_0455,node_3771,electron_gain,ionization,1.0
edge_5717,ETFE,node_0455,node_3772,protonation,ionization,1.0
edge_5718,ETFE,node_0455,node_3773,deprotonation,ionization,1.0
edge_5719,ETFE,node_0456,node_3774,electron_loss,ionization,1.0
edge_5720,ETFE,node_0456,node_3775,electron_gain,ionization,1.0
edge_5721,ETFE,node_0456,node_3776,protonation,ionization,1.0
edge_5722,ETFE,node_0456,node_3777,deprotonation,ionization,1.0
edge_5723,ETFE,node_0457,node_3778,electron_loss,ionization,1.0
edge_5724,ETFE,node_0457,node_3779,electron_gain,ionization,1.0
edge_5725,ETFE,node_0457,node_3780,protonation,ionization,1.0
edge_5726,ETFE,node_0457,node_3781,deprotonation,ionization,1.0
edge_5727,ETFE,node_0458,node_3782,electron_loss,ionization,1.0
edge_5728,ETFE,node_0458,node_3783,electron_gain,ionization,1.0
edge_5729,ETFE,node_0458,node_3784,protonation,ionization,1.0
edge_5730,ETFE,node_0458,node_3785,deprotonation,ionization,1.0
edge_5731,ETFE,node_0459,node_3786,electron_loss,ionization,1.0
edge_5732,ETFE,node_0459,node_3787,electron_gain,ionization,1.0
edge_5733,ETFE,node_0459,node_3788,protonation,ionization,1.0
edge_5734,ETFE,node_0459,node_3789,deprotonation,ionization,1.0
edge_5735,ETFE,node_0460,node_3790,electron_loss,ionization,1.0
edge_5736,ETFE,node_0460,node_3791,electron_gain,ionization,1.0
edge_5737,ETFE,node_0460,node_3792,protonation,ionization,1.0
edge_5738,ETFE,node_0460,node_3793,deprotonation,ionization,1.0
edge_5739,ETFE,node_0461,node_3794,electron_loss,ionization,1.0
edge_5740,ETFE,node_0461,node_3795,electron_gain,ionization,1.0
edge_5741,ETFE,node_0461,node_3796,protonation,ionization,1.0
edge_5742,ETFE,node_0461,node_3797,deprotonation,ionization,1.0
edge_5743,ETFE,node_0462,node_3798,electron_loss,ionization,1.0
edge_5744,ETFE,node_0462,node_3799,electron_gain,ionization,1.0
edge_5745,ETFE,node_0462,node_3800,protonation,ionization,1.0
edge_5746,ETFE,node_0462,node_3801,deprotonation,ionization,1.0
edge_5747,ETFE,node_0463,node_3802,electron_loss,ionization,1.0
edge_5748,ETFE,node_0463,node_3803,electron_gain,ionization,1.0
edge_5749,ETFE,node_0463,node_3804,protonation,ionization,1.0
edge_5750,ETFE,node_0463,node_3805,deprotonation,ionization,1.0
edge_5751,ETFE,node_0464,node_3806,electron_loss,ionization,1.0
edge_5752,ETFE,node_0464,node_3807,electron_gain,ionization,1.0
edge_5753,ETFE,node_0464,node_3808,protonation,ionization,1.0
edge_5754,ETFE,node_0464,node_3809,deprotonation,ionization,1.0
edge_5755,ETFE,node_0465,node_3810,electron_loss,ionization,1.0
edge_5756,ETFE,node_0465,node_3811,electron_gain,ionization,1.0
edge_5757,ETFE,node_0465,node_3812,protonation,ionization,1.0
edge_5758,ETFE,node_0465,node_3813,deprotonation,ionization,1.0
edge_5759,ETFE,node_0466,node_3814,electron_loss,ionization,1.0
edge_5760,ETFE,node_0466,node_3815,electron_gain,ionization,1.0
edge_5761,ETFE,node_0466,node_3816,protonation,ionization,1.0
edge_5762,ETFE,node_0466,node_3817,deprotonation,ionization,1.0
edge_5763,ETFE,node_0467,node_3818,electron_loss,ionization,1.0
edge_5764,ETFE,node_0467,node_3819,electron_gain,ionization,1.0
edge_5765,ETFE,node_0467,node_3820,protonation,ionization,1.0
edge_5766,ETFE,node_0467,node_3821,deprotonation,ionization,1.0
edge_5767,ETFE,node_0468,node_3822,electron_loss,ionization,1.0
edge_5768,ETFE,node_0468,node_3823,electron_gain,ionization,1.0
edge_5769,ETFE,node_0468,node_3824,protonation,ionization,1.0
edge_5770,ETFE,node_0468,node_3825,deprotonation,ionization,1.0
edge_5771,ETFE,node_0469,node_3826,electron_loss,ionization,1.0
edge_5772,ETFE,node_0469,node_3827,electron_gain,ionization,1.0
edge_5773,ETFE,node_0469,node_3828,protonation,ionization,1.0
edge_5774,ETFE,node_0469,node_3829,deprotonation,ionization,1.0
edge_5775,ETFE,node_0470,node_3830,electron_loss,ionization,1.0
edge_5776,ETFE,node_0470,node_3831,electron_gain,ionization,1.0
edge_5777,ETFE,node_0470,node_3832,protonation,ionization,1.0
edge_5778,ETFE,node_0470,node_3833,deprotonation,ionization,1.0
edge_5779,ETFE,node_0471,node_3834,electron_loss,ionization,1.0
edge_5780,ETFE,node_0471,node_3835,electron_gain,ionization,1.0
edge_5781,ETFE,node_0471,node_3836,protonation,ionization,1.0
edge_5782,ETFE,node_0471,node_3837,deprotonation,ionization,1.0
edge_5783,ETFE,node_0472,node_3838,electron_loss,ionization,1.0
edge_5784,ETFE,node_0472,node_3839,electron_gain,ionization,1.0
edge_5785,ETFE,node_0472,node_3840,protonation,ionization,1.0
edge_5786,ETFE,node_0472,node_3841,deprotonation,ionization,1.0
edge_5787,ETFE,node_0473,node_3842,electron_loss,ionization,1.0
edge_5788,ETFE,node_0473,node_3843,electron_gain,ionization,1.0
edge_5789,ETFE,node_0473,node_3844,protonation,ionization,1.0
edge_5790,ETFE,node_0473,node_3845,deprotonation,ionization,1.0
edge_5791,ETFE,node_0474,node_3846,electron_loss,ionization,1.0
edge_5792,ETFE,node_0474,node_3847,electron_gain,ionization,1.0
edge_5793,ETFE,node_0474,node_3848,protonation,ionization,1.0
edge_5794,ETFE,node_0474,node_3849,deprotonation,ionization,1.0
edge_5795,ETFE,node_0475,node_3850,electron_loss,ionization,1.0
edge_5796,ETFE,node_0475,node_3851,electron_gain,ionization,1.0
edge_5797,ETFE,node_0475,node_3852,protonation,ionization,1.0
edge_5798,ETFE,node_0475,node_3853,deprotonation,ionization,1.0
edge_5799,ETFE,node_0476,node_3854,electron_loss,ionization,1.0
edge_5800,ETFE,node_0476,node_3855,electron_gain,ionization,1.0
edge_5801,ETFE,node_0476,node_3856,protonation,ionization,1.0
edge_5802,ETFE,node_0476,node_3857,deprotonation,ionization,1.0
edge_5803,ETFE,node_0477,node_3858,electron_loss,ionization,1.0
edge_5804,ETFE,node_0477,node_3859,electron_gain,ionization,1.0
edge_5805,ETFE,node_0477,node_3860,protonation,ionization,1.0
edge_5806,ETFE,node_0477,node_3861,deprotonation,ionization,1.0
edge_5807,ETFE,node_0478,node_3862,electron_loss,ionization,1.0
edge_5808,ETFE,node_0478,node_3863,electron_gain,ionization,1.0
edge_5809,ETFE,node_0478,node_3864,protonation,ionization,1.0
edge_5810,ETFE,node_0478,node_3865,deprotonation,ionization,1.0
edge_5811,ETFE,node_0479,node_3866,electron_loss,ionization,1.0
edge_5812,ETFE,node_0479,node_3867,electron_gain,ionization,1.0
edge_5813,ETFE,node_0479,node_3868,protonation,ionization,1.0
edge_5814,ETFE,node_0479,node_3869,deprotonation,ionization,1.0
edge_5815,ETFE,node_0480,node_3870,electron_loss,ionization,1.0
edge_5816,ETFE,node_0480,node_3871,electron_gain,ionization,1.0
edge_5817,ETFE,node_0480,node_3872,protonation,ionization,1.0
edge_5818,ETFE,node_0480,node_3873,deprotonation,ionization,1.0
edge_5819,ETFE,node_0481,node_3874,electron_loss,ionization,1.0
edge_5820,ETFE,node_0481,node_3875,electron_gain,ionization,1.0
edge_5821,ETFE,node_0481,node_3876,protonation,ionization,1.0
edge_5822,ETFE,node_0481,node_3877,deprotonation,ionization,1.0
edge_5823,ETFE,node_0482,node_3878,electron_loss,ionization,1.0
edge_5824,ETFE,node_0482,node_3879,electron_gain,ionization,1.0
edge_5825,ETFE,node_0482,node_3880,protonation,ionization,1.0
edge_5826,ETFE,node_0482,node_3881,deprotonation,ionization,1.0
edge_5827,ETFE,node_0483,node_3882,electron_loss,ionization,1.0
edge_5828,ETFE,node_0483,node_3883,electron_gain,ionization,1.0
edge_5829,ETFE,node_0483,node_3884,protonation,ionization,1.0
edge_5830,ETFE,node_0483,node_3885,deprotonation,ionization,1.0
edge_5831,ETFE,node_0484,node_3886,electron_loss,ionization,1.0
edge_5832,ETFE,node_0484,node_3887,electron_gain,ionization,1.0
edge_5833,ETFE,node_0484,node_3888,protonation,ionization,1.0
edge_5834,ETFE,node_0484,node_3889,deprotonation,ionization,1.0
edge_5835,ETFE,node_0485,node_3890,electron_loss,ionization,1.0
edge_5836,ETFE,node_0485,node_3891,electron_gain,ionization,1.0
edge_5837,ETFE,node_0485,node_3892,protonation,ionization,1.0
edge_5838,ETFE,node_0485,node_3893,deprotonation,ionization,1.0
edge_5839,ETFE,node_0486,node_3894,electron_loss,ionization,1.0
edge_5840,ETFE,node_0486,node_3895,electron_gain,ionization,1.0
edge_5841,ETFE,node_0486,node_3896,protonation,ionization,1.0
edge_5842,ETFE,node_0486,node_3897,deprotonation,ionization,1.0
edge_5843,ETFE,node_0487,node_3898,electron_loss,ionization,1.0
edge_5844,ETFE,node_0487,node_3899,electron_gain,ionization,1.0
edge_5845,ETFE,node_0487,node_3900,protonation,ionization,1.0
edge_5846,ETFE,node_0487,node_3901,deprotonation,ionization,1.0
edge_5847,ETFE,node_0488,node_3902,electron_loss,ionization,1.0
edge_5848,ETFE,node_0488,node_3903,electron_gain,ionization,1.0
edge_5849,ETFE,node_0488,node_3904,protonation,ionization,1.0
edge_5850,ETFE,node_0488,node_3905,deprotonation,ionization,1.0
edge_5851,ETFE,node_0489,node_3906,electron_loss,ionization,1.0
edge_5852,ETFE,node_0489,node_3907,electron_gain,ionization,1.0
edge_5853,ETFE,node_0489,node_3908,protonation,ionization,1.0
edge_5854,ETFE,node_0489,node_3909,deprotonation,ionization,1.0
edge_5855,ETFE,node_0490,node_3910,electron_loss,ionization,1.0
edge_5856,ETFE,node_0490,node_3911,electron_gain,ionization,1.0
edge_5857,ETFE,node_0490,node_3912,protonation,ionization,1.0
edge_5858,ETFE,node_0490,node_3913,deprotonation,ionization,1.0
edge_5859,ETFE,node_0491,node_3914,electron_loss,ionization,1.0
edge_5860,ETFE,node_0491,node_3915,electron_gain,ionization,1.0
edge_5861,ETFE,node_0491,node_3916,protonation,ionization,1.0
edge_5862,ETFE,node_0491,node_3917,deprotonation,ionization,1.0
edge_5863,ETFE,node_0492,node_3918,electron_loss,ionization,1.0
edge_5864,ETFE,node_0492,node_3919,electron_gain,ionization,1.0
edge_5865,ETFE,node_0492,node_3920,protonation,ionization,1.0
edge_5866,ETFE,node_0492,node_3921,deprotonation,ionization,1.0
edge_5867,ETFE,node_0493,node_3922,electron_loss,ionization,1.0
edge_5868,ETFE,node_0493,node_3923,electron_gain,ionization,1.0
edge_5869,ETFE,node_0493,node_3924,protonation,ionization,1.0
edge_5870,ETFE,node_0493,node_3925,deprotonation,ionization,1.0
edge_5871,ETFE,node_0494,node_3926,electron_loss,ionization,1.0
edge_5872,ETFE,node_0494,node_3927,electron_gain,ionization,1.0
edge_5873,ETFE,node_0494,node_3928,protonation,ionization,1.0
edge_5874,ETFE,node_0494,node_3929,deprotonation,ionization,1.0
edge_5875,ETFE,node_0495,node_3930,electron_loss,ionization,1.0
edge_5876,ETFE,node_0495,node_3931,electron_gain,ionization,1.0
edge_5877,ETFE,node_0495,node_3932,protonation,ionization,1.0
edge_5878,ETFE,node_0495,node_3933,deprotonation,ionization,1.0
edge_5879,ETFE,node_0496,node_3934,electron_loss,ionization,1.0
edge_5880,ETFE,node_0496,node_3935,electron_gain,ionization,1.0
edge_5881,ETFE,node_0496,node_3936,protonation,ionization,1.0
edge_5882,ETFE,node_0496,node_3937,deprotonation,ionization,1.0
edge_5883,ETFE,node_0497,node_3938,electron_loss,ionization,1.0
edge_5884,ETFE,node_0497,node_3939,electron_gain,ionization,1.0
edge_5885,ETFE,node_0497,node_3940,protonation,ionization,1.0
edge_5886,ETFE,node_0497,node_3941,deprotonation,ionization,1.0
edge_5887,ETFE,node_0498,node_3942,electron_loss,ionization,1.0
edge_5888,ETFE,node_0498,node_3943,electron_gain,ionization,1.0
edge_5889,ETFE,node_0498,node_3944,protonation,ionization,1.0
edge_5890,ETFE,node_0498,node_3945,deprotonation,ionization,1.0
edge_5891,ETFE,node_0499,node_3946,electron_loss,ionization,1.0
edge_5892,ETFE,node_0499,node_3947,electron_gain,ionization,1.0
edge_5893,ETFE,node_0499,node_3948,protonation,ionization,1.0
edge_5894,ETFE,node_0499,node_3949,deprotonation,ionization,1.0
edge_5895,ETFE,node_0500,node_3950,electron_loss,ionization,1.0
edge_5896,ETFE,node_0500,node_3951,electron_gain,ionization,1.0
edge_5897,ETFE,node_0500,node_3952,protonation,ionization,1.0
edge_5898,ETFE,node_0500,node_3953,deprotonation,ionization,1.0
edge_5899,ETFE,node_0501,node_3954,electron_loss,ionization,1.0
edge_5900,ETFE,node_0501,node_3955,electron_gain,ionization,1.0
edge_5901,ETFE,node_0501,node_3956,protonation,ionization,1.0
edge_5902,ETFE,node_0501,node_3957,deprotonation,ionization,1.0
edge_5903,ETFE,node_0502,node_3958,electron_loss,ionization,1.0
edge_5904,ETFE,node_0502,node_3959,electron_gain,ionization,1.0
edge_5905,ETFE,node_0502,node_3960,protonation,ionization,1.0
edge_5906,ETFE,node_0502,node_3961,deprotonation,ionization,1.0
edge_5907,ETFE,node_0503,node_3962,electron_loss,ionization,1.0
edge_5908,ETFE,node_0503,node_3963,electron_gain,ionization,1.0
edge_5909,ETFE,node_0503,node_3964,protonation,ionization,1.0
edge_5910,ETFE,node_0503,node_3965,deprotonation,ionization,1.0
edge_5911,ETFE,node_0504,node_3966,electron_loss,ionization,1.0
edge_5912,ETFE,node_0504,node_3967,electron_gain,ionization,1.0
edge_5913,ETFE,node_0504,node_3968,protonation,ionization,1.0
edge_5914,ETFE,node_0504,node_3969,deprotonation,ionization,1.0
edge_5915,ETFE,node_0505,node_3970,electron_loss,ionization,1.0
edge_5916,ETFE,node_0505,node_3971,electron_gain,ionization,1.0
edge_5917,ETFE,node_0505,node_3972,protonation,ionization,1.0
edge_5918,ETFE,node_0505,node_3973,deprotonation,ionization,1.0
edge_5919,ETFE,node_0506,node_3974,electron_loss,ionization,1.0
edge_5920,ETFE,node_0506,node_3975,electron_gain,ionization,1.0
edge_5921,ETFE,node_0506,node_3976,protonation,ionization,1.0
edge_5922,ETFE,node_0506,node_3977,deprotonation,ionization,1.0
edge_5923,ETFE,node_0507,node_3978,electron_loss,ionization,1.0
edge_5924,ETFE,node_0507,node_3979,electron_gain,ionization,1.0
edge_5925,ETFE,node_0507,node_3980,protonation,ionization,1.0
edge_5926,ETFE,node_0507,node_3981,deprotonation,ionization,1.0
edge_5927,ETFE,node_0508,node_3982,electron_loss,ionization,1.0
edge_5928,ETFE,node_0508,node_3983,electron_gain,ionization,1.0
edge_5929,ETFE,node_0508,node_3984,protonation,ionization,1.0
edge_5930,ETFE,node_0508,node_3985,deprotonation,ionization,1.0
edge_5931,ETFE,node_0509,node_3986,electron_loss,ionization,1.0
edge_5932,ETFE,node_0509,node_3987,electron_gain,ionization,1.0
edge_5933,ETFE,node_0509,node_3988,protonation,ionization,1.0
edge_5934,ETFE,node_0509,node_3989,deprotonation,ionization,1.0
edge_5935,ETFE,node_0510,node_3990,electron_loss,ionization,1.0
edge_5936,ETFE,node_0510,node_3991,electron_gain,ionization,1.0
edge_5937,ETFE,node_0510,node_3992,protonation,ionization,1.0
edge_5938,ETFE,node_0510,node_3993,deprotonation,ionization,1.0
edge_5939,ETFE,node_0511,node_3994,electron_loss,ionization,1.0
edge_5940,ETFE,node_0511,node_3995,electron_gain,ionization,1.0
edge_5941,ETFE,node_0511,node_3996,protonation,ionization,1.0
edge_5942,ETFE,node_0511,node_3997,deprotonation,ionization,1.0
edge_5943,ETFE,node_0512,node_3998,electron_loss,ionization,1.0
edge_5944,ETFE,node_0512,node_3999,electron_gain,ionization,1.0
edge_5945,ETFE,node_0512,node_4000,protonation,ionization,1.0
edge_5946,ETFE,node_0512,node_4001,deprotonation,ionization,1.0
edge_5947,ETFE,node_0513,node_4002,electron_loss,ionization,1.0
edge_5948,ETFE,node_0513,node_4003,electron_gain,ionization,1.0
edge_5949,ETFE,node_0513,node_4004,protonation,ionization,1.0
edge_5950,ETFE,node_0513,node_4005,deprotonation,ionization,1.0
edge_5951,ETFE,node_0514,node_4006,electron_loss,ionization,1.0
edge_5952,ETFE,node_0514,node_4007,electron_gain,ionization,1.0
edge_5953,ETFE,node_0514,node_4008,protonation,ionization,1.0
edge_5954,ETFE,node_0514,node_4009,deprotonation,ionization,1.0
edge_5955,ETFE,node_0515,node_4010,electron_loss,ionization,1.0
edge_5956,ETFE,node_0515,node_4011,electron_gain,ionization,1.0
edge_5957,ETFE,node_0515,node_4012,protonation,ionization,1.0
edge_5958,ETFE,node_0515,node_4013,deprotonation,ionization,1.0
edge_5959,ETFE,node_0516,node_4014,electron_loss,ionization,1.0
edge_5960,ETFE,node_0516,node_4015,electron_gain,ionization,1.0
edge_5961,ETFE,node_0516,node_4016,protonation,ionization,1.0
edge_5962,ETFE,node_0516,node_4017,deprotonation,ionization,1.0
edge_5963,ETFE,node_0517,node_4018,electron_loss,ionization,1.0
edge_5964,ETFE,node_0517,node_4019,electron_gain,ionization,1.0
edge_5965,ETFE,node_0517,node_4020,protonation,ionization,1.0
edge_5966,ETFE,node_0517,node_4021,deprotonation,ionization,1.0
edge_5967,ETFE,node_0518,node_4022,electron_loss,ionization,1.0
edge_5968,ETFE,node_0518,node_4023,electron_gain,ionization,1.0
edge_5969,ETFE,node_0518,node_4024,protonation,ionization,1.0
edge_5970,ETFE,node_0518,node_4025,deprotonation,ionization,1.0
edge_5971,ETFE,node_0519,node_4026,electron_loss,ionization,1.0
edge_5972,ETFE,node_0519,node_4027,electron_gain,ionization,1.0
edge_5973,ETFE,node_0519,node_4028,protonation,ionization,1.0
edge_5974,ETFE,node_0519,node_4029,deprotonation,ionization,1.0
edge_5975,ETFE,node_0520,node_4030,electron_loss,ionization,1.0
edge_5976,ETFE,node_0520,node_4031,electron_gain,ionization,1.0
edge_5977,ETFE,node_0520,node_4032,protonation,ionization,1.0
edge_5978,ETFE,node_0520,node_4033,deprotonation,ionization,1.0
edge_5979,ETFE,node_0521,node_4034,electron_loss,ionization,1.0
edge_5980,ETFE,node_0521,node_4035,electron_gain,ionization,1.0
edge_5981,ETFE,node_0521,node_4036,protonation,ionization,1.0
edge_5982,ETFE,node_0521,node_4037,deprotonation,ionization,1.0
edge_5983,ETFE,node_0522,node_4038,electron_loss,ionization,1.0
edge_5984,ETFE,node_0522,node_4039,electron_gain,ionization,1.0
edge_5985,ETFE,node_0522,node_4040,protonation,ionization,1.0
edge_5986,ETFE,node_0522,node_4041,deprotonation,ionization,1.0
edge_5987,ETFE,node_0523,node_4042,electron_loss,ionization,1.0
edge_5988,ETFE,node_0523,node_4043,electron_gain,ionization,1.0
edge_5989,ETFE,node_0523,node_4044,protonation,ionization,1.0
edge_5990,ETFE,node_0523,node_4045,deprotonation,ionization,1.0
edge_5991,ETFE,node_0524,node_4046,electron_loss,ionization,1.0
edge_5992,ETFE,node_0524,node_4047,electron_gain,ionization,1.0
edge_5993,ETFE,node_0524,node_4048,protonation,ionization,1.0
edge_5994,ETFE,node_0524,node_4049,deprotonation,ionization,1.0
edge_5995,ETFE,node_0525,node_4050,electron_loss,ionization,1.0
edge_5996,ETFE,node_0525,node_4051,electron_gain,ionization,1.0
edge_5997,ETFE,node_0525,node_4052,protonation,ionization,1.0
edge_5998,ETFE,node_0525,node_4053,deprotonation,ionization,1.0
edge_5999,ETFE,node_0526,node_4054,electron_loss,ionization,1.0
edge_6000,ETFE,node_0526,node_4055,electron_gain,ionization,1.0
edge_6001,ETFE,node_0526,node_4056,protonation,ionization,1.0
edge_6002,ETFE,node_0526,node_4057,deprotonation,ionization,1.0
edge_6003,ETFE,node_0527,node_4058,electron_loss,ionization,1.0
edge_6004,ETFE,node_0527,node_4059,electron_gain,ionization,1.0
edge_6005,ETFE,node_0527,node_4060,protonation,ionization,1.0
edge_6006,ETFE,node_0527,node_4061,deprotonation,ionization,1.0
edge_6007,ETFE,node_0528,node_4062,electron_loss,ionization,1.0
edge_6008,ETFE,node_0528,node_4063,electron_gain,ionization,1.0
edge_6009,ETFE,node_0528,node_4064,protonation,ionization,1.0
edge_6010,ETFE,node_0528,node_4065,deprotonation,ionization,1.0
edge_6011,ETFE,node_0529,node_4066,electron_loss,ionization,1.0
edge_6012,ETFE,node_0529,node_4067,electron_gain,ionization,1.0
edge_6013,ETFE,node_0529,node_4068,protonation,ionization,1.0
edge_6014,ETFE,node_0529,node_4069,deprotonation,ionization,1.0
edge_6015,ETFE,node_0530,node_4070,electron_loss,ionization,1.0
edge_6016,ETFE,node_0530,node_4071,electron_gain,ionization,1.0
edge_6017,ETFE,node_0530,node_4072,protonation,ionization,1.0
edge_6018,ETFE,node_0531,node_4073,electron_loss,ionization,1.0
edge_6019,ETFE,node_0531,node_4074,electron_gain,ionization,1.0
edge_6020,ETFE,node_0531,node_4075,protonation,ionization,1.0
edge_6021,ETFE,node_0531,node_4076,deprotonation,ionization,1.0
edge_6022,ETFE,node_0532,node_4077,electron_loss,ionization,1.0
edge_6023,ETFE,node_0532,node_4078,electron_gain,ionization,1.0
edge_6024,ETFE,node_0532,node_4079,protonation,ionization,1.0
edge_6025,ETFE,node_0532,node_4080,deprotonation,ionization,1.0
edge_6026,ETFE,node_0533,node_4081,electron_loss,ionization,1.0
edge_6027,ETFE,node_0533,node_4082,electron_gain,ionization,1.0
edge_6028,ETFE,node_0533,node_4083,protonation,ionization,1.0
edge_6029,ETFE,node_0533,node_4084,deprotonation,ionization,1.0
edge_6030,ETFE,node_0534,node_4085,electron_loss,ionization,1.0
edge_6031,ETFE,node_0534,node_4086,electron_gain,ionization,1.0
edge_6032,ETFE,node_0534,node_4087,protonation,ionization,1.0
edge_6033,ETFE,node_0535,node_4088,electron_loss,ionization,1.0
edge_6034,ETFE,node_0535,node_4089,electron_gain,ionization,1.0
edge_6035,ETFE,node_0535,node_4090,protonation,ionization,1.0
edge_6036,ETFE,node_0535,node_4091,deprotonation,ionization,1.0
edge_6037,ETFE,node_0536,node_4092,electron_loss,ionization,1.0
edge_6038,ETFE,node_0536,node_4093,electron_gain,ionization,1.0
edge_6039,ETFE,node_0536,node_4094,protonation,ionization,1.0
edge_6040,ETFE,node_0536,node_4095,deprotonation,ionization,1.0
edge_6041,ETFE,node_0537,node_4096,electron_loss,ionization,1.0
edge_6042,ETFE,node_0537,node_4097,electron_gain,ionization,1.0
edge_6043,ETFE,node_0537,node_4098,protonation,ionization,1.0
edge_6044,ETFE,node_0537,node_4099,deprotonation,ionization,1.0
edge_6045,ETFE,node_0538,node_4100,electron_loss,ionization,1.0
edge_6046,ETFE,node_0538,node_4101,electron_gain,ionization,1.0
edge_6047,ETFE,node_0538,node_4102,protonation,ionization,1.0
edge_6048,ETFE,node_0538,node_4103,deprotonation,ionization,1.0
edge_6049,ETFE,node_0539,node_4104,electron_loss,ionization,1.0
edge_6050,ETFE,node_0539,node_4105,electron_gain,ionization,1.0
edge_6051,ETFE,node_0539,node_4106,protonation,ionization,1.0
edge_6052,ETFE,node_0539,node_4107,deprotonation,ionization,1.0
edge_6053,ETFE,node_0540,node_4108,electron_loss,ionization,1.0
edge_6054,ETFE,node_0540,node_4109,electron_gain,ionization,1.0
edge_6055,ETFE,node_0540,node_4110,protonation,ionization,1.0
edge_6056,ETFE,node_0540,node_4111,deprotonation,ionization,1.0
edge_6057,ETFE,node_0541,node_4112,electron_loss,ionization,1.0
edge_6058,ETFE,node_0541,node_4113,electron_gain,ionization,1.0
edge_6059,ETFE,node_0541,node_4114,protonation,ionization,1.0
edge_6060,ETFE,node_0541,node_4115,deprotonation,ionization,1.0
edge_6061,ETFE,node_0542,node_4116,electron_loss,ionization,1.0
edge_6062,ETFE,node_0542,node_4117,electron_gain,ionization,1.0
edge_6063,ETFE,node_0542,node_4118,protonation,ionization,1.0
edge_6064,ETFE,node_0543,node_4119,electron_loss,ionization,1.0
edge_6065,ETFE,node_0543,node_4120,electron_gain,ionization,1.0
edge_6066,ETFE,node_0543,node_4121,protonation,ionization,1.0
edge_6067,ETFE,node_0544,node_4122,electron_loss,ionization,1.0
edge_6068,ETFE,node_0544,node_4123,electron_gain,ionization,1.0
edge_6069,ETFE,node_0544,node_4124,protonation,ionization,1.0
edge_6070,ETFE,node_0545,node_4125,electron_loss,ionization,1.0
edge_6071,ETFE,node_0545,node_4126,electron_gain,ionization,1.0
edge_6072,ETFE,node_0545,node_4127,protonation,ionization,1.0
edge_6073,ETFE,node_0546,node_4128,electron_loss,ionization,1.0
edge_6074,ETFE,node_0546,node_4129,electron_gain,ionization,1.0
edge_6075,ETFE,node_0546,node_4130,protonation,ionization,1.0
edge_6076,ETFE,node_0546,node_4131,deprotonation,ionization,1.0
edge_6077,ETFE,node_0547,node_4132,electron_loss,ionization,1.0
edge_6078,ETFE,node_0547,node_4133,electron_gain,ionization,1.0
edge_6079,ETFE,node_0547,node_4134,protonation,ionization,1.0
edge_6080,ETFE,node_0547,node_4135,deprotonation,ionization,1.0
edge_6081,ETFE,node_0548,node_4136,electron_loss,ionization,1.0
edge_6082,ETFE,node_0548,node_4137,electron_gain,ionization,1.0
edge_6083,ETFE,node_0548,node_4138,protonation,ionization,1.0
edge_6084,ETFE,node_0548,node_4139,deprotonation,ionization,1.0
edge_6085,ETFE,node_0549,node_4140,electron_loss,ionization,1.0
edge_6086,ETFE,node_0549,node_4141,electron_gain,ionization,1.0
edge_6087,ETFE,node_0549,node_4142,protonation,ionization,1.0
edge_6088,ETFE,node_0549,node_4143,deprotonation,ionization,1.0
edge_6089,ETFE,node_0550,node_4144,electron_loss,ionization,1.0
edge_6090,ETFE,node_0550,node_4145,electron_gain,ionization,1.0
edge_6091,ETFE,node_0550,node_4146,protonation,ionization,1.0
edge_6092,ETFE,node_0550,node_4147,deprotonation,ionization,1.0
edge_6093,ETFE,node_0551,node_4148,electron_loss,ionization,1.0
edge_6094,ETFE,node_0551,node_4149,electron_gain,ionization,1.0
edge_6095,ETFE,node_0551,node_4150,protonation,ionization,1.0
edge_6096,ETFE,node_0551,node_4151,deprotonation,ionization,1.0
edge_6097,ETFE,node_0552,node_4152,electron_loss,ionization,1.0
edge_6098,ETFE,node_0552,node_4153,electron_gain,ionization,1.0
edge_6099,ETFE,node_0552,node_4154,protonation,ionization,1.0
edge_6100,ETFE,node_0552,node_4155,deprotonation,ionization,1.0
edge_6101,ETFE,node_0553,node_4156,electron_loss,ionization,1.0
edge_6102,ETFE,node_0553,node_4157,electron_gain,ionization,1.0
edge_6103,ETFE,node_0553,node_4158,protonation,ionization,1.0
edge_6104,ETFE,node_0554,node_4159,electron_loss,ionization,1.0
edge_6105,ETFE,node_0554,node_4160,electron_gain,ionization,1.0
edge_6106,ETFE,node_0554,node_4161,protonation,ionization,1.0
edge_6107,ETFE,node_0555,node_4162,electron_loss,ionization,1.0
edge_6108,ETFE,node_0555,node_4163,electron_gain,ionization,1.0
edge_6109,ETFE,node_0555,node_4164,protonation,ionization,1.0
edge_6110,ETFE,node_0555,node_4165,deprotonation,ionization,1.0
edge_6111,ETFE,node_0556,node_4166,electron_loss,ionization,1.0
edge_6112,ETFE,node_0556,node_4167,electron_gain,ionization,1.0
edge_6113,ETFE,node_0556,node_4168,protonation,ionization,1.0
edge_6114,ETFE,node_0556,node_4169,deprotonation,ionization,1.0
edge_6115,ETFE,node_0557,node_4170,electron_loss,ionization,1.0
edge_6116,ETFE,node_0557,node_4171,electron_gain,ionization,1.0
edge_6117,ETFE,node_0557,node_4172,protonation,ionization,1.0
edge_6118,ETFE,node_0557,node_4173,deprotonation,ionization,1.0
edge_6119,ETFE,node_0558,node_4174,electron_loss,ionization,1.0
edge_6120,ETFE,node_0558,node_4175,electron_gain,ionization,1.0
edge_6121,ETFE,node_0558,node_4176,protonation,ionization,1.0
edge_6122,ETFE,node_0558,node_4177,deprotonation,ionization,1.0
edge_6123,ETFE,node_0559,node_4178,electron_loss,ionization,1.0
edge_6124,ETFE,node_0559,node_4179,electron_gain,ionization,1.0
edge_6125,ETFE,node_0559,node_4180,protonation,ionization,1.0
edge_6126,ETFE,node_0559,node_4181,deprotonation,ionization,1.0
edge_6127,ETFE,node_0560,node_4182,electron_loss,ionization,1.0
edge_6128,ETFE,node_0560,node_4183,electron_gain,ionization,1.0
edge_6129,ETFE,node_0560,node_4184,protonation,ionization,1.0
edge_6130,ETFE,node_0560,node_4185,deprotonation,ionization,1.0
edge_6131,ETFE,node_0561,node_4186,electron_loss,ionization,1.0
edge_6132,ETFE,node_0561,node_4187,electron_gain,ionization,1.0
edge_6133,ETFE,node_0561,node_4188,protonation,ionization,1.0
edge_6134,ETFE,node_0561,node_4189,deprotonation,ionization,1.0
edge_6135,ETFE,node_0562,node_4190,electron_loss,ionization,1.0
edge_6136,ETFE,node_0562,node_4191,electron_gain,ionization,1.0
edge_6137,ETFE,node_0562,node_4192,protonation,ionization,1.0
edge_6138,ETFE,node_0562,node_4193,deprotonation,ionization,1.0
edge_6139,ETFE,node_0563,node_4194,electron_loss,ionization,1.0
edge_6140,ETFE,node_0563,node_4195,electron_gain,ionization,1.0
edge_6141,ETFE,node_0563,node_4196,protonation,ionization,1.0
edge_6142,ETFE,node_0563,node_4197,deprotonation,ionization,1.0
edge_6143,ETFE,node_0564,node_4198,electron_loss,ionization,1.0
edge_6144,ETFE,node_0564,node_4199,electron_gain,ionization,1.0
edge_6145,ETFE,node_0564,node_4200,protonation,ionization,1.0
edge_6146,ETFE,node_0564,node_4201,deprotonation,ionization,1.0
edge_6147,ETFE,node_0565,node_4202,electron_loss,ionization,1.0
edge_6148,ETFE,node_0565,node_4203,electron_gain,ionization,1.0
edge_6149,ETFE,node_0565,node_4204,protonation,ionization,1.0
edge_6150,ETFE,node_0565,node_4205,deprotonation,ionization,1.0
edge_6151,ETFE,node_0566,node_4206,electron_loss,ionization,1.0
edge_6152,ETFE,node_0566,node_4207,electron_gain,ionization,1.0
edge_6153,ETFE,node_0566,node_4208,protonation,ionization,1.0
edge_6154,ETFE,node_0566,node_4209,deprotonation,ionization,1.0
edge_6155,ETFE,node_0567,node_4210,electron_loss,ionization,1.0
edge_6156,ETFE,node_0567,node_4211,electron_gain,ionization,1.0
edge_6157,ETFE,node_0567,node_4212,protonation,ionization,1.0
edge_6158,ETFE,node_0567,node_4213,deprotonation,ionization,1.0
edge_6159,ETFE,node_0568,node_4214,electron_loss,ionization,1.0
edge_6160,ETFE,node_0568,node_4215,electron_gain,ionization,1.0
edge_6161,ETFE,node_0568,node_4216,protonation,ionization,1.0
edge_6162,ETFE,node_0568,node_4217,deprotonation,ionization,1.0
edge_6163,ETFE,node_0569,node_4218,electron_loss,ionization,1.0
edge_6164,ETFE,node_0569,node_4219,electron_gain,ionization,1.0
edge_6165,ETFE,node_0569,node_4220,protonation,ionization,1.0
edge_6166,ETFE,node_0569,node_4221,deprotonation,ionization,1.0
edge_6167,ETFE,node_0570,node_4222,electron_loss,ionization,1.0
edge_6168,ETFE,node_0570,node_4223,electron_gain,ionization,1.0
edge_6169,ETFE,node_0570,node_4224,protonation,ionization,1.0
edge_6170,ETFE,node_0570,node_4225,deprotonation,ionization,1.0
edge_6171,ETFE,node_0571,node_4226,electron_loss,ionization,1.0
edge_6172,ETFE,node_0571,node_4227,electron_gain,ionization,1.0
edge_6173,ETFE,node_0571,node_4228,protonation,ionization,1.0
edge_6174,ETFE,node_0571,node_4229,deprotonation,ionization,1.0
edge_6175,ETFE,node_0572,node_4230,electron_loss,ionization,1.0
edge_6176,ETFE,node_0572,node_4231,electron_gain,ionization,1.0
edge_6177,ETFE,node_0572,node_4232,protonation,ionization,1.0
edge_6178,ETFE,node_0572,node_4233,deprotonation,ionization,1.0
edge_6179,ETFE,node_0573,node_4234,electron_loss,ionization,1.0
edge_6180,ETFE,node_0573,node_4235,electron_gain,ionization,1.0
edge_6181,ETFE,node_0573,node_4236,protonation,ionization,1.0
edge_6182,ETFE,node_0573,node_4237,deprotonation,ionization,1.0
edge_6183,ETFE,node_0574,node_4238,electron_loss,ionization,1.0
edge_6184,ETFE,node_0574,node_4239,electron_gain,ionization,1.0
edge_6185,ETFE,node_0574,node_4240,protonation,ionization,1.0
edge_6186,ETFE,node_0574,node_4241,deprotonation,ionization,1.0
edge_6187,ETFE,node_0575,node_4242,electron_loss,ionization,1.0
edge_6188,ETFE,node_0575,node_4243,electron_gain,ionization,1.0
edge_6189,ETFE,node_0575,node_4244,protonation,ionization,1.0
edge_6190,ETFE,node_0575,node_4245,deprotonation,ionization,1.0
edge_6191,ETFE,node_0576,node_4246,electron_loss,ionization,1.0
edge_6192,ETFE,node_0576,node_4247,electron_gain,ionization,1.0
edge_6193,ETFE,node_0576,node_4248,protonation,ionization,1.0
edge_6194,ETFE,node_0576,node_4249,deprotonation,ionization,1.0
edge_6195,ETFE,node_0577,node_4250,electron_loss,ionization,1.0
edge_6196,ETFE,node_0577,node_4251,electron_gain,ionization,1.0
edge_6197,ETFE,node_0577,node_4252,protonation,ionization,1.0
edge_6198,ETFE,node_0577,node_4253,deprotonation,ionization,1.0
edge_6199,ETFE,node_0578,node_4254,electron_loss,ionization,1.0
edge_6200,ETFE,node_0578,node_4255,electron_gain,ionization,1.0
edge_6201,ETFE,node_0578,node_4256,protonation,ionization,1.0
edge_6202,ETFE,node_0578,node_4257,deprotonation,ionization,1.0
edge_6203,ETFE,node_0579,node_4258,electron_loss,ionization,1.0
edge_6204,ETFE,node_0579,node_4259,electron_gain,ionization,1.0
edge_6205,ETFE,node_0579,node_4260,protonation,ionization,1.0
edge_6206,ETFE,node_0579,node_4261,deprotonation,ionization,1.0
edge_6207,ETFE,node_0580,node_4262,electron_loss,ionization,1.0
edge_6208,ETFE,node_0580,node_4263,electron_gain,ionization,1.0
edge_6209,ETFE,node_0580,node_4264,protonation,ionization,1.0
edge_6210,ETFE,node_0580,node_4265,deprotonation,ionization,1.0
edge_6211,ETFE,node_0581,node_4266,electron_loss,ionization,1.0
edge_6212,ETFE,node_0581,node_4267,electron_gain,ionization,1.0
edge_6213,ETFE,node_0581,node_4268,protonation,ionization,1.0
edge_6214,ETFE,node_0581,node_4269,deprotonation,ionization,1.0
edge_6215,ETFE,node_0582,node_4270,electron_loss,ionization,1.0
edge_6216,ETFE,node_0582,node_4271,electron_gain,ionization,1.0
edge_6217,ETFE,node_0582,node_4272,protonation,ionization,1.0
edge_6218,ETFE,node_0582,node_4273,deprotonation,ionization,1.0
edge_6219,ETFE,node_0583,node_4274,electron_loss,ionization,1.0
edge_6220,ETFE,node_0583,node_4275,electron_gain,ionization,1.0
edge_6221,ETFE,node_0583,node_4276,protonation,ionization,1.0
edge_6222,ETFE,node_0583,node_4277,deprotonation,ionization,1.0
edge_6223,ETFE,node_0584,node_4278,electron_loss,ionization,1.0
edge_6224,ETFE,node_0584,node_4279,electron_gain,ionization,1.0
edge_6225,ETFE,node_0584,node_4280,protonation,ionization,1.0
edge_6226,ETFE,node_0584,node_4281,deprotonation,ionization,1.0
edge_6227,ETFE,node_0585,node_4282,electron_loss,ionization,1.0
edge_6228,ETFE,node_0585,node_4283,electron_gain,ionization,1.0
edge_6229,ETFE,node_0585,node_4284,protonation,ionization,1.0
edge_6230,ETFE,node_0585,node_4285,deprotonation,ionization,1.0
edge_6231,ETFE,node_0586,node_4286,electron_loss,ionization,1.0
edge_6232,ETFE,node_0586,node_4287,electron_gain,ionization,1.0
edge_6233,ETFE,node_0586,node_4288,protonation,ionization,1.0
edge_6234,ETFE,node_0586,node_4289,deprotonation,ionization,1.0
edge_6235,ETFE,node_0587,node_4290,electron_loss,ionization,1.0
edge_6236,ETFE,node_0587,node_4291,electron_gain,ionization,1.0
edge_6237,ETFE,node_0587,node_4292,protonation,ionization,1.0
edge_6238,ETFE,node_0587,node_4293,deprotonation,ionization,1.0
edge_6239,ETFE,node_0588,node_4294,electron_loss,ionization,1.0
edge_6240,ETFE,node_0588,node_4295,electron_gain,ionization,1.0
edge_6241,ETFE,node_0588,node_4296,protonation,ionization,1.0
edge_6242,ETFE,node_0588,node_4297,deprotonation,ionization,1.0
edge_6243,ETFE,node_0589,node_4298,electron_loss,ionization,1.0
edge_6244,ETFE,node_0589,node_4299,electron_gain,ionization,1.0
edge_6245,ETFE,node_0589,node_4300,protonation,ionization,1.0
edge_6246,ETFE,node_0589,node_4301,deprotonation,ionization,1.0
edge_6247,ETFE,node_0590,node_4302,electron_loss,ionization,1.0
edge_6248,ETFE,node_0590,node_4303,electron_gain,ionization,1.0
edge_6249,ETFE,node_0590,node_4304,protonation,ionization,1.0
edge_6250,ETFE,node_0590,node_4305,deprotonation,ionization,1.0
edge_6251,ETFE,node_0591,node_4306,electron_loss,ionization,1.0
edge_6252,ETFE,node_0591,node_4307,electron_gain,ionization,1.0
edge_6253,ETFE,node_0591,node_4308,protonation,ionization,1.0
edge_6254,ETFE,node_0591,node_4309,deprotonation,ionization,1.0
edge_6255,ETFE,node_0592,node_4310,electron_loss,ionization,1.0
edge_6256,ETFE,node_0592,node_4311,electron_gain,ionization,1.0
edge_6257,ETFE,node_0592,node_4312,protonation,ionization,1.0
edge_6258,ETFE,node_0592,node_4313,deprotonation,ionization,1.0
edge_6259,ETFE,node_0593,node_4314,electron_loss,ionization,1.0
edge_6260,ETFE,node_0593,node_4315,electron_gain,ionization,1.0
edge_6261,ETFE,node_0593,node_4316,protonation,ionization,1.0
edge_6262,ETFE,node_0593,node_4317,deprotonation,ionization,1.0
edge_6263,ETFE,node_0594,node_4318,electron_loss,ionization,1.0
edge_6264,ETFE,node_0594,node_4319,electron_gain,ionization,1.0
edge_6265,ETFE,node_0594,node_4320,protonation,ionization,1.0
edge_6266,ETFE,node_0594,node_4321,deprotonation,ionization,1.0
edge_6267,ETFE,node_0595,node_4322,electron_loss,ionization,1.0
edge_6268,ETFE,node_0595,node_4323,electron_gain,ionization,1.0
edge_6269,ETFE,node_0595,node_4324,protonation,ionization,1.0
edge_6270,ETFE,node_0595,node_4325,deprotonation,ionization,1.0
edge_6271,ETFE,node_0596,node_4326,electron_loss,ionization,1.0
edge_6272,ETFE,node_0596,node_4327,electron_gain,ionization,1.0
edge_6273,ETFE,node_0596,node_4328,protonation,ionization,1.0
edge_6274,ETFE,node_0596,node_4329,deprotonation,ionization,1.0
edge_6275,ETFE,node_0597,node_4330,electron_loss,ionization,1.0
edge_6276,ETFE,node_0597,node_4331,electron_gain,ionization,1.0
edge_6277,ETFE,node_0597,node_4332,protonation,ionization,1.0
edge_6278,ETFE,node_0597,node_4333,deprotonation,ionization,1.0
edge_6279,ETFE,node_0598,node_4334,electron_loss,ionization,1.0
edge_6280,ETFE,node_0598,node_4335,electron_gain,ionization,1.0
edge_6281,ETFE,node_0598,node_4336,protonation,ionization,1.0
edge_6282,ETFE,node_0598,node_4337,deprotonation,ionization,1.0
edge_6283,ETFE,node_0599,node_4338,electron_loss,ionization,1.0
edge_6284,ETFE,node_0599,node_4339,electron_gain,ionization,1.0
edge_6285,ETFE,node_0599,node_4340,protonation,ionization,1.0
edge_6286,ETFE,node_0599,node_4341,deprotonation,ionization,1.0
edge_6287,ETFE,node_0600,node_4342,electron_loss,ionization,1.0
edge_6288,ETFE,node_0600,node_4343,electron_gain,ionization,1.0
edge_6289,ETFE,node_0600,node_4344,protonation,ionization,1.0
edge_6290,ETFE,node_0600,node_4345,deprotonation,ionization,1.0
edge_6291,ETFE,node_0601,node_4346,electron_loss,ionization,1.0
edge_6292,ETFE,node_0601,node_4347,electron_gain,ionization,1.0
edge_6293,ETFE,node_0601,node_4348,protonation,ionization,1.0
edge_6294,ETFE,node_0601,node_4349,deprotonation,ionization,1.0
edge_6295,ETFE,node_0602,node_4350,electron_loss,ionization,1.0
edge_6296,ETFE,node_0602,node_4351,electron_gain,ionization,1.0
edge_6297,ETFE,node_0602,node_4352,protonation,ionization,1.0
edge_6298,ETFE,node_0602,node_4353,deprotonation,ionization,1.0
edge_6299,ETFE,node_0603,node_4354,electron_loss,ionization,1.0
edge_6300,ETFE,node_0603,node_4355,electron_gain,ionization,1.0
edge_6301,ETFE,node_0603,node_4356,protonation,ionization,1.0
edge_6302,ETFE,node_0603,node_4357,deprotonation,ionization,1.0
edge_6303,ETFE,node_0604,node_4358,electron_loss,ionization,1.0
edge_6304,ETFE,node_0604,node_4359,electron_gain,ionization,1.0
edge_6305,ETFE,node_0604,node_4360,protonation,ionization,1.0
edge_6306,ETFE,node_0604,node_4361,deprotonation,ionization,1.0
edge_6307,ETFE,node_0605,node_4362,electron_loss,ionization,1.0
edge_6308,ETFE,node_0605,node_4363,electron_gain,ionization,1.0
edge_6309,ETFE,node_0605,node_4364,protonation,ionization,1.0
edge_6310,ETFE,node_0605,node_4365,deprotonation,ionization,1.0
edge_6311,ETFE,node_0606,node_4366,electron_loss,ionization,1.0
edge_6312,ETFE,node_0606,node_4367,electron_gain,ionization,1.0
edge_6313,ETFE,node_0606,node_4368,protonation,ionization,1.0
edge_6314,ETFE,node_0606,node_4369,deprotonation,ionization,1.0
edge_6315,ETFE,node_0607,node_4370,electron_loss,ionization,1.0
edge_6316,ETFE,node_0607,node_4371,electron_gain,ionization,1.0
edge_6317,ETFE,node_0607,node_4372,protonation,ionization,1.0
edge_6318,ETFE,node_0607,node_4373,deprotonation,ionization,1.0
edge_6319,ETFE,node_0608,node_4374,electron_loss,ionization,1.0
edge_6320,ETFE,node_0608,node_4375,electron_gain,ionization,1.0
edge_6321,ETFE,node_0608,node_4376,protonation,ionization,1.0
edge_6322,ETFE,node_0608,node_4377,deprotonation,ionization,1.0
edge_6323,ETFE,node_0609,node_4378,electron_loss,ionization,1.0
edge_6324,ETFE,node_0609,node_4379,electron_gain,ionization,1.0
edge_6325,ETFE,node_0609,node_4380,protonation,ionization,1.0
edge_6326,ETFE,node_0609,node_4381,deprotonation,ionization,1.0
edge_6327,ETFE,node_0610,node_4382,electron_loss,ionization,1.0
edge_6328,ETFE,node_0610,node_4383,electron_gain,ionization,1.0
edge_6329,ETFE,node_0610,node_4384,protonation,ionization,1.0
edge_6330,ETFE,node_0610,node_4385,deprotonation,ionization,1.0
edge_6331,ETFE,node_0611,node_4386,electron_loss,ionization,1.0
edge_6332,ETFE,node_0611,node_4387,electron_gain,ionization,1.0
edge_6333,ETFE,node_0611,node_4388,protonation,ionization,1.0
edge_6334,ETFE,node_0611,node_4389,deprotonation,ionization,1.0
edge_6335,ETFE,node_0612,node_4390,electron_loss,ionization,1.0
edge_6336,ETFE,node_0612,node_4391,electron_gain,ionization,1.0
edge_6337,ETFE,node_0612,node_4392,protonation,ionization,1.0
edge_6338,ETFE,node_0612,node_4393,deprotonation,ionization,1.0
edge_6339,ETFE,node_0613,node_4394,electron_loss,ionization,1.0
edge_6340,ETFE,node_0613,node_4395,electron_gain,ionization,1.0
edge_6341,ETFE,node_0613,node_4396,protonation,ionization,1.0
edge_6342,ETFE,node_0613,node_4397,deprotonation,ionization,1.0
edge_6343,ETFE,node_0614,node_4398,electron_loss,ionization,1.0
edge_6344,ETFE,node_0614,node_4399,electron_gain,ionization,1.0
edge_6345,ETFE,node_0614,node_4400,protonation,ionization,1.0
edge_6346,ETFE,node_0614,node_4401,deprotonation,ionization,1.0
edge_6347,ETFE,node_0615,node_4402,electron_loss,ionization,1.0
edge_6348,ETFE,node_0615,node_4403,electron_gain,ionization,1.0
edge_6349,ETFE,node_0615,node_4404,protonation,ionization,1.0
edge_6350,ETFE,node_0615,node_4405,deprotonation,ionization,1.0
edge_6351,ETFE,node_0616,node_4406,electron_loss,ionization,1.0
edge_6352,ETFE,node_0616,node_4407,electron_gain,ionization,1.0
edge_6353,ETFE,node_0616,node_4408,protonation,ionization,1.0
edge_6354,ETFE,node_0616,node_4409,deprotonation,ionization,1.0
edge_6355,ETFE,node_0617,node_4410,electron_loss,ionization,1.0
edge_6356,ETFE,node_0617,node_4411,electron_gain,ionization,1.0
edge_6357,ETFE,node_0617,node_4412,protonation,ionization,1.0
edge_6358,ETFE,node_0617,node_4413,deprotonation,ionization,1.0
edge_6359,ETFE,node_0618,node_4414,electron_loss,ionization,1.0
edge_6360,ETFE,node_0618,node_4415,electron_gain,ionization,1.0
edge_6361,ETFE,node_0618,node_4416,protonation,ionization,1.0
edge_6362,ETFE,node_0618,node_4417,deprotonation,ionization,1.0
edge_6363,ETFE,node_0619,node_4418,electron_loss,ionization,1.0
edge_6364,ETFE,node_0619,node_4419,electron_gain,ionization,1.0
edge_6365,ETFE,node_0619,node_4420,protonation,ionization,1.0
edge_6366,ETFE,node_0619,node_4421,deprotonation,ionization,1.0
edge_6367,ETFE,node_0620,node_4422,electron_loss,ionization,1.0
edge_6368,ETFE,node_0620,node_4423,electron_gain,ionization,1.0
edge_6369,ETFE,node_0620,node_4424,protonation,ionization,1.0
edge_6370,ETFE,node_0620,node_4425,deprotonation,ionization,1.0
edge_6371,ETFE,node_0621,node_4426,electron_loss,ionization,1.0
edge_6372,ETFE,node_0621,node_4427,electron_gain,ionization,1.0
edge_6373,ETFE,node_0621,node_4428,protonation,ionization,1.0
edge_6374,ETFE,node_0621,node_4429,deprotonation,ionization,1.0
edge_6375,ETFE,node_0622,node_4430,electron_loss,ionization,1.0
edge_6376,ETFE,node_0622,node_4431,electron_gain,ionization,1.0
edge_6377,ETFE,node_0622,node_4432,protonation,ionization,1.0
edge_6378,ETFE,node_0622,node_4433,deprotonation,ionization,1.0
edge_6379,ETFE,node_0623,node_4434,electron_loss,ionization,1.0
edge_6380,ETFE,node_0623,node_4435,electron_gain,ionization,1.0
edge_6381,ETFE,node_0623,node_4436,protonation,ionization,1.0
edge_6382,ETFE,node_0623,node_4437,deprotonation,ionization,1.0
edge_6383,ETFE,node_0624,node_4438,electron_loss,ionization,1.0
edge_6384,ETFE,node_0624,node_4439,electron_gain,ionization,1.0
edge_6385,ETFE,node_0624,node_4440,protonation,ionization,1.0
edge_6386,ETFE,node_0624,node_4441,deprotonation,ionization,1.0
edge_6387,ETFE,node_0625,node_4442,electron_loss,ionization,1.0
edge_6388,ETFE,node_0625,node_4443,electron_gain,ionization,1.0
edge_6389,ETFE,node_0625,node_4444,protonation,ionization,1.0
edge_6390,ETFE,node_0625,node_4445,deprotonation,ionization,1.0
edge_6391,ETFE,node_0626,node_4446,electron_loss,ionization,1.0
edge_6392,ETFE,node_0626,node_4447,electron_gain,ionization,1.0
edge_6393,ETFE,node_0626,node_4448,protonation,ionization,1.0
edge_6394,ETFE,node_0626,node_4449,deprotonation,ionization,1.0
edge_6395,ETFE,node_0627,node_4450,electron_loss,ionization,1.0
edge_6396,ETFE,node_0627,node_4451,electron_gain,ionization,1.0
edge_6397,ETFE,node_0627,node_4452,protonation,ionization,1.0
edge_6398,ETFE,node_0627,node_4453,deprotonation,ionization,1.0
edge_6399,ETFE,node_0628,node_4454,electron_loss,ionization,1.0
edge_6400,ETFE,node_0628,node_4455,electron_gain,ionization,1.0
edge_6401,ETFE,node_0628,node_4456,protonation,ionization,1.0
edge_6402,ETFE,node_0628,node_4457,deprotonation,ionization,1.0
edge_6403,ETFE,node_0629,node_4458,electron_loss,ionization,1.0
edge_6404,ETFE,node_0629,node_4459,electron_gain,ionization,1.0
edge_6405,ETFE,node_0629,node_4460,protonation,ionization,1.0
edge_6406,ETFE,node_0629,node_4461,deprotonation,ionization,1.0
edge_6407,ETFE,node_0630,node_4462,electron_loss,ionization,1.0
edge_6408,ETFE,node_0630,node_4463,electron_gain,ionization,1.0
edge_6409,ETFE,node_0630,node_4464,protonation,ionization,1.0
edge_6410,ETFE,node_0630,node_4465,deprotonation,ionization,1.0
edge_6411,ETFE,node_0631,node_4466,electron_loss,ionization,1.0
edge_6412,ETFE,node_0631,node_4467,electron_gain,ionization,1.0
edge_6413,ETFE,node_0631,node_4468,protonation,ionization,1.0
edge_6414,ETFE,node_0631,node_4469,deprotonation,ionization,1.0
edge_6415,ETFE,node_0632,node_4470,electron_loss,ionization,1.0
edge_6416,ETFE,node_0632,node_4471,electron_gain,ionization,1.0
edge_6417,ETFE,node_0632,node_4472,protonation,ionization,1.0
edge_6418,ETFE,node_0632,node_4473,deprotonation,ionization,1.0
edge_6419,ETFE,node_0633,node_4474,electron_loss,ionization,1.0
edge_6420,ETFE,node_0633,node_4475,electron_gain,ionization,1.0
edge_6421,ETFE,node_0633,node_4476,protonation,ionization,1.0
edge_6422,ETFE,node_0633,node_4477,deprotonation,ionization,1.0
edge_6423,ETFE,node_0634,node_4478,electron_loss,ionization,1.0
edge_6424,ETFE,node_0634,node_4479,electron_gain,ionization,1.0
edge_6425,ETFE,node_0634,node_4480,protonation,ionization,1.0
edge_6426,ETFE,node_0634,node_4481,deprotonation,ionization,1.0
edge_6427,ETFE,node_0635,node_4482,electron_loss,ionization,1.0
edge_6428,ETFE,node_0635,node_4483,electron_gain,ionization,1.0
edge_6429,ETFE,node_0635,node_4484,protonation,ionization,1.0
edge_6430,ETFE,node_0635,node_4485,deprotonation,ionization,1.0
edge_6431,ETFE,node_0636,node_4486,electron_loss,ionization,1.0
edge_6432,ETFE,node_0636,node_4487,electron_gain,ionization,1.0
edge_6433,ETFE,node_0636,node_4488,protonation,ionization,1.0
edge_6434,ETFE,node_0636,node_4489,deprotonation,ionization,1.0
edge_6435,ETFE,node_0637,node_4490,electron_loss,ionization,1.0
edge_6436,ETFE,node_0637,node_4491,electron_gain,ionization,1.0
edge_6437,ETFE,node_0637,node_4492,protonation,ionization,1.0
edge_6438,ETFE,node_0637,node_4493,deprotonation,ionization,1.0
edge_6439,ETFE,node_0638,node_4494,electron_loss,ionization,1.0
edge_6440,ETFE,node_0638,node_4495,electron_gain,ionization,1.0
edge_6441,ETFE,node_0638,node_4496,protonation,ionization,1.0
edge_6442,ETFE,node_0638,node_4497,deprotonation,ionization,1.0
edge_6443,ETFE,node_0639,node_4498,electron_loss,ionization,1.0
edge_6444,ETFE,node_0639,node_4499,electron_gain,ionization,1.0
edge_6445,ETFE,node_0639,node_4500,protonation,ionization,1.0
edge_6446,ETFE,node_0639,node_4501,deprotonation,ionization,1.0
edge_6447,ETFE,node_0640,node_4502,electron_loss,ionization,1.0
edge_6448,ETFE,node_0640,node_4503,electron_gain,ionization,1.0
edge_6449,ETFE,node_0640,node_4504,protonation,ionization,1.0
edge_6450,ETFE,node_0640,node_4505,deprotonation,ionization,1.0
edge_6451,ETFE,node_0641,node_4506,electron_loss,ionization,1.0
edge_6452,ETFE,node_0641,node_4507,electron_gain,ionization,1.0
edge_6453,ETFE,node_0641,node_4508,protonation,ionization,1.0
edge_6454,ETFE,node_0641,node_4509,deprotonation,ionization,1.0
edge_6455,ETFE,node_0642,node_4510,electron_loss,ionization,1.0
edge_6456,ETFE,node_0642,node_4511,electron_gain,ionization,1.0
edge_6457,ETFE,node_0642,node_4512,protonation,ionization,1.0
edge_6458,ETFE,node_0642,node_4513,deprotonation,ionization,1.0
edge_6459,ETFE,node_0643,node_4514,electron_loss,ionization,1.0
edge_6460,ETFE,node_0643,node_4515,electron_gain,ionization,1.0
edge_6461,ETFE,node_0643,node_4516,protonation,ionization,1.0
edge_6462,ETFE,node_0643,node_4517,deprotonation,ionization,1.0
edge_6463,ETFE,node_0644,node_4518,electron_loss,ionization,1.0
edge_6464,ETFE,node_0644,node_4519,electron_gain,ionization,1.0
edge_6465,ETFE,node_0644,node_4520,protonation,ionization,1.0
edge_6466,ETFE,node_0644,node_4521,deprotonation,ionization,1.0
edge_6467,ETFE,node_0645,node_4522,electron_loss,ionization,1.0
edge_6468,ETFE,node_0645,node_4523,electron_gain,ionization,1.0
edge_6469,ETFE,node_0645,node_4524,protonation,ionization,1.0
edge_6470,ETFE,node_0645,node_4525,deprotonation,ionization,1.0
edge_6471,ETFE,node_0646,node_4526,electron_loss,ionization,1.0
edge_6472,ETFE,node_0646,node_4527,electron_gain,ionization,1.0
edge_6473,ETFE,node_0646,node_4528,protonation,ionization,1.0
edge_6474,ETFE,node_0646,node_4529,deprotonation,ionization,1.0
edge_6475,ETFE,node_0647,node_4530,electron_loss,ionization,1.0
edge_6476,ETFE,node_0647,node_4531,electron_gain,ionization,1.0
edge_6477,ETFE,node_0647,node_4532,protonation,ionization,1.0
edge_6478,ETFE,node_0647,node_4533,deprotonation,ionization,1.0
edge_6479,ETFE,node_0648,node_4534,electron_loss,ionization,1.0
edge_6480,ETFE,node_0648,node_4535,electron_gain,ionization,1.0
edge_6481,ETFE,node_0648,node_4536,protonation,ionization,1.0
edge_6482,ETFE,node_0648,node_4537,deprotonation,ionization,1.0
edge_6483,ETFE,node_0649,node_4538,electron_loss,ionization,1.0
edge_6484,ETFE,node_0649,node_4539,electron_gain,ionization,1.0
edge_6485,ETFE,node_0649,node_4540,protonation,ionization,1.0
edge_6486,ETFE,node_0649,node_4541,deprotonation,ionization,1.0
edge_6487,ETFE,node_0650,node_4542,electron_loss,ionization,1.0
edge_6488,ETFE,node_0650,node_4543,electron_gain,ionization,1.0
edge_6489,ETFE,node_0650,node_4544,protonation,ionization,1.0
edge_6490,ETFE,node_0650,node_4545,deprotonation,ionization,1.0
edge_6491,ETFE,node_0651,node_4546,electron_loss,ionization,1.0
edge_6492,ETFE,node_0651,node_4547,electron_gain,ionization,1.0
edge_6493,ETFE,node_0651,node_4548,protonation,ionization,1.0
edge_6494,ETFE,node_0651,node_4549,deprotonation,ionization,1.0
edge_6495,ETFE,node_0652,node_4550,electron_loss,ionization,1.0
edge_6496,ETFE,node_0652,node_4551,electron_gain,ionization,1.0
edge_6497,ETFE,node_0652,node_4552,protonation,ionization,1.0
edge_6498,ETFE,node_0652,node_4553,deprotonation,ionization,1.0
edge_6499,ETFE,node_0653,node_4554,electron_loss,ionization,1.0
edge_6500,ETFE,node_0653,node_4555,electron_gain,ionization,1.0
edge_6501,ETFE,node_0653,node_4556,protonation,ionization,1.0
edge_6502,ETFE,node_0653,node_4557,deprotonation,ionization,1.0
edge_6503,ETFE,node_0654,node_4558,electron_loss,ionization,1.0
edge_6504,ETFE,node_0654,node_4559,electron_gain,ionization,1.0
edge_6505,ETFE,node_0654,node_4560,protonation,ionization,1.0
edge_6506,ETFE,node_0654,node_4561,deprotonation,ionization,1.0
edge_6507,ETFE,node_0655,node_4562,electron_loss,ionization,1.0
edge_6508,ETFE,node_0655,node_4563,electron_gain,ionization,1.0
edge_6509,ETFE,node_0655,node_4564,protonation,ionization,1.0
edge_6510,ETFE,node_0655,node_4565,deprotonation,ionization,1.0
edge_6511,ETFE,node_0656,node_4566,electron_loss,ionization,1.0
edge_6512,ETFE,node_0656,node_4567,electron_gain,ionization,1.0
edge_6513,ETFE,node_0656,node_4568,protonation,ionization,1.0
edge_6514,ETFE,node_0656,node_4569,deprotonation,ionization,1.0
edge_6515,ETFE,node_0657,node_4570,electron_loss,ionization,1.0
edge_6516,ETFE,node_0657,node_4571,electron_gain,ionization,1.0
edge_6517,ETFE,node_0657,node_4572,protonation,ionization,1.0
edge_6518,ETFE,node_0657,node_4573,deprotonation,ionization,1.0
edge_6519,ETFE,node_0658,node_4574,electron_loss,ionization,1.0
edge_6520,ETFE,node_0658,node_4575,electron_gain,ionization,1.0
edge_6521,ETFE,node_0658,node_4576,protonation,ionization,1.0
edge_6522,ETFE,node_0658,node_4577,deprotonation,ionization,1.0
edge_6523,ETFE,node_0659,node_4578,electron_loss,ionization,1.0
edge_6524,ETFE,node_0659,node_4579,electron_gain,ionization,1.0
edge_6525,ETFE,node_0659,node_4580,protonation,ionization,1.0
edge_6526,ETFE,node_0659,node_4581,deprotonation,ionization,1.0
edge_6527,ETFE,node_0660,node_4582,electron_loss,ionization,1.0
edge_6528,ETFE,node_0660,node_4583,electron_gain,ionization,1.0
edge_6529,ETFE,node_0660,node_4584,protonation,ionization,1.0
edge_6530,ETFE,node_0660,node_4585,deprotonation,ionization,1.0
edge_6531,ETFE,node_0661,node_4586,electron_loss,ionization,1.0
edge_6532,ETFE,node_0661,node_4587,electron_gain,ionization,1.0
edge_6533,ETFE,node_0661,node_4588,protonation,ionization,1.0
edge_6534,ETFE,node_0661,node_4589,deprotonation,ionization,1.0
edge_6535,ETFE,node_0662,node_4590,electron_loss,ionization,1.0
edge_6536,ETFE,node_0662,node_4591,electron_gain,ionization,1.0
edge_6537,ETFE,node_0662,node_4592,protonation,ionization,1.0
edge_6538,ETFE,node_0662,node_4593,deprotonation,ionization,1.0
edge_6539,ETFE,node_0663,node_4594,electron_loss,ionization,1.0
edge_6540,ETFE,node_0663,node_4595,electron_gain,ionization,1.0
edge_6541,ETFE,node_0663,node_4596,protonation,ionization,1.0
edge_6542,ETFE,node_0663,node_4597,deprotonation,ionization,1.0
edge_6543,ETFE,node_0664,node_4598,electron_loss,ionization,1.0
edge_6544,ETFE,node_0664,node_4599,electron_gain,ionization,1.0
edge_6545,ETFE,node_0664,node_4600,protonation,ionization,1.0
edge_6546,ETFE,node_0664,node_4601,deprotonation,ionization,1.0
edge_6547,ETFE,node_0665,node_4602,electron_loss,ionization,1.0
edge_6548,ETFE,node_0665,node_4603,electron_gain,ionization,1.0
edge_6549,ETFE,node_0665,node_4604,protonation,ionization,1.0
edge_6550,ETFE,node_0665,node_4605,deprotonation,ionization,1.0
edge_6551,ETFE,node_0666,node_4606,electron_loss,ionization,1.0
edge_6552,ETFE,node_0666,node_4607,electron_gain,ionization,1.0
edge_6553,ETFE,node_0666,node_4608,protonation,ionization,1.0
edge_6554,ETFE,node_0666,node_4609,deprotonation,ionization,1.0
edge_6555,ETFE,node_0667,node_4610,electron_loss,ionization,1.0
edge_6556,ETFE,node_0667,node_4611,electron_gain,ionization,1.0
edge_6557,ETFE,node_0667,node_4612,protonation,ionization,1.0
edge_6558,ETFE,node_0667,node_4613,deprotonation,ionization,1.0
edge_6559,ETFE,node_0668,node_4614,electron_loss,ionization,1.0
edge_6560,ETFE,node_0668,node_4615,electron_gain,ionization,1.0
edge_6561,ETFE,node_0668,node_4616,protonation,ionization,1.0
edge_6562,ETFE,node_0668,node_4617,deprotonation,ionization,1.0
edge_6563,ETFE,node_0669,node_4618,electron_loss,ionization,1.0
edge_6564,ETFE,node_0669,node_4619,electron_gain,ionization,1.0
edge_6565,ETFE,node_0669,node_4620,protonation,ionization,1.0
edge_6566,ETFE,node_0669,node_4621,deprotonation,ionization,1.0
edge_6567,ETFE,node_0670,node_4622,electron_loss,ionization,1.0
edge_6568,ETFE,node_0670,node_4623,electron_gain,ionization,1.0
edge_6569,ETFE,node_0670,node_4624,protonation,ionization,1.0
edge_6570,ETFE,node_0670,node_4625,deprotonation,ionization,1.0
edge_6571,ETFE,node_0671,node_4626,electron_loss,ionization,1.0
edge_6572,ETFE,node_0671,node_4627,electron_gain,ionization,1.0
edge_6573,ETFE,node_0671,node_4628,protonation,ionization,1.0
edge_6574,ETFE,node_0671,node_4629,deprotonation,ionization,1.0
edge_6575,ETFE,node_0672,node_4630,electron_loss,ionization,1.0
edge_6576,ETFE,node_0672,node_4631,electron_gain,ionization,1.0
edge_6577,ETFE,node_0672,node_4632,protonation,ionization,1.0
edge_6578,ETFE,node_0672,node_4633,deprotonation,ionization,1.0
edge_6579,ETFE,node_0673,node_4634,electron_loss,ionization,1.0
edge_6580,ETFE,node_0673,node_4635,electron_gain,ionization,1.0
edge_6581,ETFE,node_0673,node_4636,protonation,ionization,1.0
edge_6582,ETFE,node_0673,node_4637,deprotonation,ionization,1.0
edge_6583,ETFE,node_0674,node_4638,electron_loss,ionization,1.0
edge_6584,ETFE,node_0674,node_4639,electron_gain,ionization,1.0
edge_6585,ETFE,node_0674,node_4640,protonation,ionization,1.0
edge_6586,ETFE,node_0674,node_4641,deprotonation,ionization,1.0
edge_6587,ETFE,node_0675,node_4642,electron_loss,ionization,1.0
edge_6588,ETFE,node_0675,node_4643,electron_gain,ionization,1.0
edge_6589,ETFE,node_0675,node_4644,protonation,ionization,1.0
edge_6590,ETFE,node_0675,node_4645,deprotonation,ionization,1.0
edge_6591,ETFE,node_0676,node_4646,electron_loss,ionization,1.0
edge_6592,ETFE,node_0676,node_4647,electron_gain,ionization,1.0
edge_6593,ETFE,node_0676,node_4648,protonation,ionization,1.0
edge_6594,ETFE,node_0676,node_4649,deprotonation,ionization,1.0
edge_6595,ETFE,node_0677,node_4650,electron_loss,ionization,1.0
edge_6596,ETFE,node_0677,node_4651,electron_gain,ionization,1.0
edge_6597,ETFE,node_0677,node_4652,protonation,ionization,1.0
edge_6598,ETFE,node_0677,node_4653,deprotonation,ionization,1.0
edge_6599,ETFE,node_0678,node_4654,electron_loss,ionization,1.0
edge_6600,ETFE,node_0678,node_4655,electron_gain,ionization,1.0
edge_6601,ETFE,node_0678,node_4656,protonation,ionization,1.0
edge_6602,ETFE,node_0678,node_4657,deprotonation,ionization,1.0
edge_6603,ETFE,node_0679,node_4658,electron_loss,ionization,1.0
edge_6604,ETFE,node_0679,node_4659,electron_gain,ionization,1.0
edge_6605,ETFE,node_0679,node_4660,protonation,ionization,1.0
edge_6606,ETFE,node_0679,node_4661,deprotonation,ionization,1.0
edge_6607,ETFE,node_0680,node_4662,electron_loss,ionization,1.0
edge_6608,ETFE,node_0680,node_4663,electron_gain,ionization,1.0
edge_6609,ETFE,node_0680,node_4664,protonation,ionization,1.0
edge_6610,ETFE,node_0680,node_4665,deprotonation,ionization,1.0
edge_6611,ETFE,node_0681,node_4666,electron_loss,ionization,1.0
edge_6612,ETFE,node_0681,node_4667,electron_gain,ionization,1.0
edge_6613,ETFE,node_0681,node_4668,protonation,ionization,1.0
edge_6614,ETFE,node_0681,node_4669,deprotonation,ionization,1.0
edge_6615,ETFE,node_0682,node_4670,electron_loss,ionization,1.0
edge_6616,ETFE,node_0682,node_4671,electron_gain,ionization,1.0
edge_6617,ETFE,node_0682,node_4672,protonation,ionization,1.0
edge_6618,ETFE,node_0682,node_4673,deprotonation,ionization,1.0
edge_6619,ETFE,node_0683,node_4674,electron_loss,ionization,1.0
edge_6620,ETFE,node_0683,node_4675,electron_gain,ionization,1.0
edge_6621,ETFE,node_0683,node_4676,protonation,ionization,1.0
edge_6622,ETFE,node_0683,node_4677,deprotonation,ionization,1.0
edge_6623,ETFE,node_0684,node_4678,electron_loss,ionization,1.0
edge_6624,ETFE,node_0684,node_4679,electron_gain,ionization,1.0
edge_6625,ETFE,node_0684,node_4680,protonation,ionization,1.0
edge_6626,ETFE,node_0684,node_4681,deprotonation,ionization,1.0
edge_6627,ETFE,node_0685,node_4682,electron_loss,ionization,1.0
edge_6628,ETFE,node_0685,node_4683,electron_gain,ionization,1.0
edge_6629,ETFE,node_0685,node_4684,protonation,ionization,1.0
edge_6630,ETFE,node_0685,node_4685,deprotonation,ionization,1.0
edge_6631,ETFE,node_0686,node_4686,electron_loss,ionization,1.0
edge_6632,ETFE,node_0686,node_4687,electron_gain,ionization,1.0
edge_6633,ETFE,node_0686,node_4688,protonation,ionization,1.0
edge_6634,ETFE,node_0686,node_4689,deprotonation,ionization,1.0
edge_6635,ETFE,node_0687,node_4690,electron_loss,ionization,1.0
edge_6636,ETFE,node_0687,node_4691,electron_gain,ionization,1.0
edge_6637,ETFE,node_0687,node_4692,protonation,ionization,1.0
edge_6638,ETFE,node_0687,node_4693,deprotonation,ionization,1.0
edge_6639,ETFE,node_0688,node_4694,electron_loss,ionization,1.0
edge_6640,ETFE,node_0688,node_4695,electron_gain,ionization,1.0
edge_6641,ETFE,node_0688,node_4696,protonation,ionization,1.0
edge_6642,ETFE,node_0688,node_4697,deprotonation,ionization,1.0
edge_6643,ETFE,node_0689,node_4698,electron_loss,ionization,1.0
edge_6644,ETFE,node_0689,node_4699,electron_gain,ionization,1.0
edge_6645,ETFE,node_0689,node_4700,protonation,ionization,1.0
edge_6646,ETFE,node_0689,node_4701,deprotonation,ionization,1.0
edge_6647,ETFE,node_0690,node_4702,electron_loss,ionization,1.0
edge_6648,ETFE,node_0690,node_4703,electron_gain,ionization,1.0
edge_6649,ETFE,node_0690,node_4704,protonation,ionization,1.0
edge_6650,ETFE,node_0690,node_4705,deprotonation,ionization,1.0
edge_6651,ETFE,node_0691,node_4706,electron_loss,ionization,1.0
edge_6652,ETFE,node_0691,node_4707,electron_gain,ionization,1.0
edge_6653,ETFE,node_0691,node_4708,protonation,ionization,1.0
edge_6654,ETFE,node_0691,node_4709,deprotonation,ionization,1.0
edge_6655,ETFE,node_0692,node_4710,electron_loss,ionization,1.0
edge_6656,ETFE,node_0692,node_4711,electron_gain,ionization,1.0
edge_6657,ETFE,node_0692,node_4712,protonation,ionization,1.0
edge_6658,ETFE,node_0692,node_4713,deprotonation,ionization,1.0
edge_6659,ETFE,node_0693,node_4714,electron_loss,ionization,1.0
edge_6660,ETFE,node_0693,node_4715,electron_gain,ionization,1.0
edge_6661,ETFE,node_0693,node_4716,protonation,ionization,1.0
edge_6662,ETFE,node_0693,node_4717,deprotonation,ionization,1.0
edge_6663,ETFE,node_0694,node_4718,electron_loss,ionization,1.0
edge_6664,ETFE,node_0694,node_4719,electron_gain,ionization,1.0
edge_6665,ETFE,node_0694,node_4720,protonation,ionization,1.0
edge_6666,ETFE,node_0694,node_4721,deprotonation,ionization,1.0
edge_6667,ETFE,node_0695,node_4722,electron_loss,ionization,1.0
edge_6668,ETFE,node_0695,node_4723,electron_gain,ionization,1.0
edge_6669,ETFE,node_0695,node_4724,protonation,ionization,1.0
edge_6670,ETFE,node_0695,node_4725,deprotonation,ionization,1.0
edge_6671,ETFE,node_0696,node_4726,electron_loss,ionization,1.0
edge_6672,ETFE,node_0696,node_4727,electron_gain,ionization,1.0
edge_6673,ETFE,node_0696,node_4728,protonation,ionization,1.0
edge_6674,ETFE,node_0696,node_4729,deprotonation,ionization,1.0
edge_6675,ETFE,node_0697,node_4730,electron_loss,ionization,1.0
edge_6676,ETFE,node_0697,node_4731,electron_gain,ionization,1.0
edge_6677,ETFE,node_0697,node_4732,protonation,ionization,1.0
edge_6678,ETFE,node_0697,node_4733,deprotonation,ionization,1.0
edge_6679,ETFE,node_0698,node_4734,electron_loss,ionization,1.0
edge_6680,ETFE,node_0698,node_4735,electron_gain,ionization,1.0
edge_6681,ETFE,node_0698,node_4736,protonation,ionization,1.0
edge_6682,ETFE,node_0698,node_4737,deprotonation,ionization,1.0
edge_6683,ETFE,node_0699,node_4738,electron_loss,ionization,1.0
edge_6684,ETFE,node_0699,node_4739,electron_gain,ionization,1.0
edge_6685,ETFE,node_0699,node_4740,protonation,ionization,1.0
edge_6686,ETFE,node_0699,node_4741,deprotonation,ionization,1.0
edge_6687,ETFE,node_0700,node_4742,electron_loss,ionization,1.0
edge_6688,ETFE,node_0700,node_4743,electron_gain,ionization,1.0
edge_6689,ETFE,node_0700,node_4744,protonation,ionization,1.0
edge_6690,ETFE,node_0700,node_4745,deprotonation,ionization,1.0
edge_6691,ETFE,node_0701,node_4746,electron_loss,ionization,1.0
edge_6692,ETFE,node_0701,node_4747,electron_gain,ionization,1.0
edge_6693,ETFE,node_0701,node_4748,protonation,ionization,1.0
edge_6694,ETFE,node_0701,node_4749,deprotonation,ionization,1.0
edge_6695,ETFE,node_0702,node_4750,electron_loss,ionization,1.0
edge_6696,ETFE,node_0702,node_4751,electron_gain,ionization,1.0
edge_6697,ETFE,node_0702,node_4752,protonation,ionization,1.0
edge_6698,ETFE,node_0702,node_4753,deprotonation,ionization,1.0
edge_6699,ETFE,node_0703,node_4754,electron_loss,ionization,1.0
edge_6700,ETFE,node_0703,node_4755,electron_gain,ionization,1.0
edge_6701,ETFE,node_0703,node_4756,protonation,ionization,1.0
edge_6702,ETFE,node_0703,node_4757,deprotonation,ionization,1.0
edge_6703,ETFE,node_0704,node_4758,electron_loss,ionization,1.0
edge_6704,ETFE,node_0704,node_4759,electron_gain,ionization,1.0
edge_6705,ETFE,node_0704,node_4760,protonation,ionization,1.0
edge_6706,ETFE,node_0704,node_4761,deprotonation,ionization,1.0
edge_6707,ETFE,node_0705,node_4762,electron_loss,ionization,1.0
edge_6708,ETFE,node_0705,node_4763,electron_gain,ionization,1.0
edge_6709,ETFE,node_0705,node_4764,protonation,ionization,1.0
edge_6710,ETFE,node_0705,node_4765,deprotonation,ionization,1.0
edge_6711,ETFE,node_0706,node_4766,electron_loss,ionization,1.0
edge_6712,ETFE,node_0706,node_4767,electron_gain,ionization,1.0
edge_6713,ETFE,node_0706,node_4768,protonation,ionization,1.0
edge_6714,ETFE,node_0706,node_4769,deprotonation,ionization,1.0
edge_6715,ETFE,node_0707,node_4770,electron_loss,ionization,1.0
edge_6716,ETFE,node_0707,node_4771,electron_gain,ionization,1.0
edge_6717,ETFE,node_0707,node_4772,protonation,ionization,1.0
edge_6718,ETFE,node_0707,node_4773,deprotonation,ionization,1.0
edge_6719,ETFE,node_0708,node_4774,electron_loss,ionization,1.0
edge_6720,ETFE,node_0708,node_4775,electron_gain,ionization,1.0
edge_6721,ETFE,node_0708,node_4776,protonation,ionization,1.0
edge_6722,ETFE,node_0708,node_4777,deprotonation,ionization,1.0
edge_6723,ETFE,node_0709,node_4778,electron_loss,ionization,1.0
edge_6724,ETFE,node_0709,node_4779,electron_gain,ionization,1.0
edge_6725,ETFE,node_0709,node_4780,protonation,ionization,1.0
edge_6726,ETFE,node_0709,node_4781,deprotonation,ionization,1.0
edge_6727,ETFE,node_0710,node_4782,electron_loss,ionization,1.0
edge_6728,ETFE,node_0710,node_4783,electron_gain,ionization,1.0
edge_6729,ETFE,node_0710,node_4784,protonation,ionization,1.0
edge_6730,ETFE,node_0710,node_4785,deprotonation,ionization,1.0
edge_6731,ETFE,node_0711,node_4786,electron_loss,ionization,1.0
edge_6732,ETFE,node_0711,node_4787,electron_gain,ionization,1.0
edge_6733,ETFE,node_0711,node_4788,protonation,ionization,1.0
edge_6734,ETFE,node_0711,node_4789,deprotonation,ionization,1.0
edge_6735,ETFE,node_0712,node_4790,electron_loss,ionization,1.0
edge_6736,ETFE,node_0712,node_4791,electron_gain,ionization,1.0
edge_6737,ETFE,node_0712,node_4792,protonation,ionization,1.0
edge_6738,ETFE,node_0712,node_4793,deprotonation,ionization,1.0
edge_6739,ETFE,node_0713,node_4794,electron_loss,ionization,1.0
edge_6740,ETFE,node_0713,node_4795,electron_gain,ionization,1.0
edge_6741,ETFE,node_0713,node_4796,protonation,ionization,1.0
edge_6742,ETFE,node_0713,node_4797,deprotonation,ionization,1.0
edge_6743,ETFE,node_0714,node_4798,electron_loss,ionization,1.0
edge_6744,ETFE,node_0714,node_4799,electron_gain,ionization,1.0
edge_6745,ETFE,node_0714,node_4800,protonation,ionization,1.0
edge_6746,ETFE,node_0714,node_4801,deprotonation,ionization,1.0
edge_6747,ETFE,node_0715,node_4802,electron_loss,ionization,1.0
edge_6748,ETFE,node_0715,node_4803,electron_gain,ionization,1.0
edge_6749,ETFE,node_0715,node_4804,protonation,ionization,1.0
edge_6750,ETFE,node_0715,node_4805,deprotonation,ionization,1.0
edge_6751,ETFE,node_0716,node_4806,electron_loss,ionization,1.0
edge_6752,ETFE,node_0716,node_4807,electron_gain,ionization,1.0
edge_6753,ETFE,node_0716,node_4808,protonation,ionization,1.0
edge_6754,ETFE,node_0716,node_4809,deprotonation,ionization,1.0
edge_6755,ETFE,node_0717,node_4810,electron_loss,ionization,1.0
edge_6756,ETFE,node_0717,node_4811,electron_gain,ionization,1.0
edge_6757,ETFE,node_0717,node_4812,protonation,ionization,1.0
edge_6758,ETFE,node_0717,node_4813,deprotonation,ionization,1.0
edge_6759,ETFE,node_0718,node_4814,electron_loss,ionization,1.0
edge_6760,ETFE,node_0718,node_4815,electron_gain,ionization,1.0
edge_6761,ETFE,node_0718,node_4816,protonation,ionization,1.0
edge_6762,ETFE,node_0718,node_4817,deprotonation,ionization,1.0
edge_6763,ETFE,node_0719,node_4818,electron_loss,ionization,1.0
edge_6764,ETFE,node_0719,node_4819,electron_gain,ionization,1.0
edge_6765,ETFE,node_0719,node_4820,protonation,ionization,1.0
edge_6766,ETFE,node_0719,node_4821,deprotonation,ionization,1.0
edge_6767,ETFE,node_0720,node_4822,electron_loss,ionization,1.0
edge_6768,ETFE,node_0720,node_4823,electron_gain,ionization,1.0
edge_6769,ETFE,node_0720,node_4824,protonation,ionization,1.0
edge_6770,ETFE,node_0720,node_4825,deprotonation,ionization,1.0
edge_6771,ETFE,node_0721,node_4826,electron_loss,ionization,1.0
edge_6772,ETFE,node_0721,node_4827,electron_gain,ionization,1.0
edge_6773,ETFE,node_0721,node_4828,protonation,ionization,1.0
edge_6774,ETFE,node_0721,node_4829,deprotonation,ionization,1.0
edge_6775,ETFE,node_0722,node_4830,electron_loss,ionization,1.0
edge_6776,ETFE,node_0722,node_4831,electron_gain,ionization,1.0
edge_6777,ETFE,node_0722,node_4832,protonation,ionization,1.0
edge_6778,ETFE,node_0722,node_4833,deprotonation,ionization,1.0
edge_6779,ETFE,node_0723,node_4834,electron_loss,ionization,1.0
edge_6780,ETFE,node_0723,node_4835,electron_gain,ionization,1.0
edge_6781,ETFE,node_0723,node_4836,protonation,ionization,1.0
edge_6782,ETFE,node_0723,node_4837,deprotonation,ionization,1.0
edge_6783,ETFE,node_0724,node_4838,electron_loss,ionization,1.0
edge_6784,ETFE,node_0724,node_4839,electron_gain,ionization,1.0
edge_6785,ETFE,node_0724,node_4840,protonation,ionization,1.0
edge_6786,ETFE,node_0724,node_4841,deprotonation,ionization,1.0
edge_6787,ETFE,node_0725,node_4842,electron_loss,ionization,1.0
edge_6788,ETFE,node_0725,node_4843,electron_gain,ionization,1.0
edge_6789,ETFE,node_0725,node_4844,protonation,ionization,1.0
edge_6790,ETFE,node_0725,node_4845,deprotonation,ionization,1.0
edge_6791,ETFE,node_0726,node_4846,electron_loss,ionization,1.0
edge_6792,ETFE,node_0726,node_4847,electron_gain,ionization,1.0
edge_6793,ETFE,node_0726,node_4848,protonation,ionization,1.0
edge_6794,ETFE,node_0726,node_4849,deprotonation,ionization,1.0
edge_6795,ETFE,node_0727,node_4850,electron_loss,ionization,1.0
edge_6796,ETFE,node_0727,node_4851,electron_gain,ionization,1.0
edge_6797,ETFE,node_0727,node_4852,protonation,ionization,1.0
edge_6798,ETFE,node_0727,node_4853,deprotonation,ionization,1.0
edge_6799,ETFE,node_0728,node_4854,electron_loss,ionization,1.0
edge_6800,ETFE,node_0728,node_4855,electron_gain,ionization,1.0
edge_6801,ETFE,node_0728,node_4856,protonation,ionization,1.0
edge_6802,ETFE,node_0728,node_4857,deprotonation,ionization,1.0
edge_6803,ETFE,node_0729,node_4858,electron_loss,ionization,1.0
edge_6804,ETFE,node_0729,node_4859,electron_gain,ionization,1.0
edge_6805,ETFE,node_0729,node_4860,protonation,ionization,1.0
edge_6806,ETFE,node_0729,node_4861,deprotonation,ionization,1.0
edge_6807,ETFE,node_0730,node_4862,electron_loss,ionization,1.0
edge_6808,ETFE,node_0730,node_4863,electron_gain,ionization,1.0
edge_6809,ETFE,node_0730,node_4864,protonation,ionization,1.0
edge_6810,ETFE,node_0730,node_4865,deprotonation,ionization,1.0
edge_6811,ETFE,node_0731,node_4866,electron_loss,ionization,1.0
edge_6812,ETFE,node_0731,node_4867,electron_gain,ionization,1.0
edge_6813,ETFE,node_0731,node_4868,protonation,ionization,1.0
edge_6814,ETFE,node_0731,node_4869,deprotonation,ionization,1.0
edge_6815,ETFE,node_0732,node_4870,electron_loss,ionization,1.0
edge_6816,ETFE,node_0732,node_4871,electron_gain,ionization,1.0
edge_6817,ETFE,node_0732,node_4872,protonation,ionization,1.0
edge_6818,ETFE,node_0732,node_4873,deprotonation,ionization,1.0
edge_6819,ETFE,node_0733,node_4874,electron_loss,ionization,1.0
edge_6820,ETFE,node_0733,node_4875,electron_gain,ionization,1.0
edge_6821,ETFE,node_0733,node_4876,protonation,ionization,1.0
edge_6822,ETFE,node_0733,node_4877,deprotonation,ionization,1.0
edge_6823,ETFE,node_0734,node_4878,electron_loss,ionization,1.0
edge_6824,ETFE,node_0734,node_4879,electron_gain,ionization,1.0
edge_6825,ETFE,node_0734,node_4880,protonation,ionization,1.0
edge_6826,ETFE,node_0734,node_4881,deprotonation,ionization,1.0
edge_6827,ETFE,node_0735,node_4882,electron_loss,ionization,1.0
edge_6828,ETFE,node_0735,node_4883,electron_gain,ionization,1.0
edge_6829,ETFE,node_0735,node_4884,protonation,ionization,1.0
edge_6830,ETFE,node_0735,node_4885,deprotonation,ionization,1.0
edge_6831,ETFE,node_0736,node_4886,electron_loss,ionization,1.0
edge_6832,ETFE,node_0736,node_4887,electron_gain,ionization,1.0
edge_6833,ETFE,node_0736,node_4888,protonation,ionization,1.0
edge_6834,ETFE,node_0736,node_4889,deprotonation,ionization,1.0
edge_6835,ETFE,node_0737,node_4890,electron_loss,ionization,1.0
edge_6836,ETFE,node_0737,node_4891,electron_gain,ionization,1.0
edge_6837,ETFE,node_0737,node_4892,protonation,ionization,1.0
edge_6838,ETFE,node_0737,node_4893,deprotonation,ionization,1.0
edge_6839,ETFE,node_0738,node_4894,electron_loss,ionization,1.0
edge_6840,ETFE,node_0738,node_4895,electron_gain,ionization,1.0
edge_6841,ETFE,node_0738,node_4896,protonation,ionization,1.0
edge_6842,ETFE,node_0738,node_4897,deprotonation,ionization,1.0
edge_6843,ETFE,node_0739,node_4898,electron_loss,ionization,1.0
edge_6844,ETFE,node_0739,node_4899,electron_gain,ionization,1.0
edge_6845,ETFE,node_0739,node_4900,protonation,ionization,1.0
edge_6846,ETFE,node_0739,node_4901,deprotonation,ionization,1.0
edge_6847,ETFE,node_0740,node_4902,electron_loss,ionization,1.0
edge_6848,ETFE,node_0740,node_4903,electron_gain,ionization,1.0
edge_6849,ETFE,node_0740,node_4904,protonation,ionization,1.0
edge_6850,ETFE,node_0740,node_4905,deprotonation,ionization,1.0
edge_6851,ETFE,node_0741,node_4906,electron_loss,ionization,1.0
edge_6852,ETFE,node_0741,node_4907,electron_gain,ionization,1.0
edge_6853,ETFE,node_0741,node_4908,protonation,ionization,1.0
edge_6854,ETFE,node_0741,node_4909,deprotonation,ionization,1.0
edge_6855,ETFE,node_0742,node_4910,electron_loss,ionization,1.0
edge_6856,ETFE,node_0742,node_4911,electron_gain,ionization,1.0
edge_6857,ETFE,node_0742,node_4912,protonation,ionization,1.0
edge_6858,ETFE,node_0742,node_4913,deprotonation,ionization,1.0
edge_6859,ETFE,node_0743,node_4914,electron_loss,ionization,1.0
edge_6860,ETFE,node_0743,node_4915,electron_gain,ionization,1.0
edge_6861,ETFE,node_0743,node_4916,protonation,ionization,1.0
edge_6862,ETFE,node_0743,node_4917,deprotonation,ionization,1.0
edge_6863,ETFE,node_0744,node_4918,electron_loss,ionization,1.0
edge_6864,ETFE,node_0744,node_4919,electron_gain,ionization,1.0
edge_6865,ETFE,node_0744,node_4920,protonation,ionization,1.0
edge_6866,ETFE,node_0744,node_4921,deprotonation,ionization,1.0
edge_6867,ETFE,node_0745,node_4922,electron_loss,ionization,1.0
edge_6868,ETFE,node_0745,node_4923,electron_gain,ionization,1.0
edge_6869,ETFE,node_0745,node_4924,protonation,ionization,1.0
edge_6870,ETFE,node_0745,node_4925,deprotonation,ionization,1.0
edge_6871,ETFE,node_0746,node_4926,electron_loss,ionization,1.0
edge_6872,ETFE,node_0746,node_4927,electron_gain,ionization,1.0
edge_6873,ETFE,node_0746,node_4928,protonation,ionization,1.0
edge_6874,ETFE,node_0746,node_4929,deprotonation,ionization,1.0
edge_6875,ETFE,node_0747,node_4930,electron_loss,ionization,1.0
edge_6876,ETFE,node_0747,node_4931,electron_gain,ionization,1.0
edge_6877,ETFE,node_0747,node_4932,protonation,ionization,1.0
edge_6878,ETFE,node_0747,node_4933,deprotonation,ionization,1.0
edge_6879,ETFE,node_0748,node_4934,electron_loss,ionization,1.0
edge_6880,ETFE,node_0748,node_4935,electron_gain,ionization,1.0
edge_6881,ETFE,node_0748,node_4936,protonation,ionization,1.0
edge_6882,ETFE,node_0748,node_4937,deprotonation,ionization,1.0
edge_6883,ETFE,node_0749,node_4938,electron_loss,ionization,1.0
edge_6884,ETFE,node_0749,node_4939,electron_gain,ionization,1.0
edge_6885,ETFE,node_0749,node_4940,protonation,ionization,1.0
edge_6886,ETFE,node_0749,node_4941,deprotonation,ionization,1.0
edge_6887,ETFE,node_0750,node_4942,electron_loss,ionization,1.0
edge_6888,ETFE,node_0750,node_4943,electron_gain,ionization,1.0
edge_6889,ETFE,node_0750,node_4944,protonation,ionization,1.0
edge_6890,ETFE,node_0750,node_4945,deprotonation,ionization,1.0
edge_6891,ETFE,node_0751,node_4946,electron_loss,ionization,1.0
edge_6892,ETFE,node_0751,node_4947,electron_gain,ionization,1.0
edge_6893,ETFE,node_0751,node_4948,protonation,ionization,1.0
edge_6894,ETFE,node_0751,node_4949,deprotonation,ionization,1.0
edge_6895,ETFE,node_0752,node_4950,electron_loss,ionization,1.0
edge_6896,ETFE,node_0752,node_4951,electron_gain,ionization,1.0
edge_6897,ETFE,node_0752,node_4952,protonation,ionization,1.0
edge_6898,ETFE,node_0752,node_4953,deprotonation,ionization,1.0
edge_6899,ETFE,node_0753,node_4954,electron_loss,ionization,1.0
edge_6900,ETFE,node_0753,node_4955,electron_gain,ionization,1.0
edge_6901,ETFE,node_0753,node_4956,protonation,ionization,1.0
edge_6902,ETFE,node_0753,node_4957,deprotonation,ionization,1.0
edge_6903,ETFE,node_0754,node_4958,electron_loss,ionization,1.0
edge_6904,ETFE,node_0754,node_4959,electron_gain,ionization,1.0
edge_6905,ETFE,node_0754,node_4960,protonation,ionization,1.0
edge_6906,ETFE,node_0754,node_4961,deprotonation,ionization,1.0
edge_6907,ETFE,node_0755,node_4962,electron_loss,ionization,1.0
edge_6908,ETFE,node_0755,node_4963,electron_gain,ionization,1.0
edge_6909,ETFE,node_0755,node_4964,protonation,ionization,1.0
edge_6910,ETFE,node_0755,node_4965,deprotonation,ionization,1.0
edge_6911,ETFE,node_0756,node_4966,electron_loss,ionization,1.0
edge_6912,ETFE,node_0756,node_4967,electron_gain,ionization,1.0
edge_6913,ETFE,node_0756,node_4968,protonation,ionization,1.0
edge_6914,ETFE,node_0756,node_4969,deprotonation,ionization,1.0
edge_6915,ETFE,node_0757,node_4970,electron_loss,ionization,1.0
edge_6916,ETFE,node_0757,node_4971,electron_gain,ionization,1.0
edge_6917,ETFE,node_0757,node_4972,protonation,ionization,1.0
edge_6918,ETFE,node_0757,node_4973,deprotonation,ionization,1.0
edge_6919,ETFE,node_0758,node_4974,electron_loss,ionization,1.0
edge_6920,ETFE,node_0758,node_4975,electron_gain,ionization,1.0
edge_6921,ETFE,node_0758,node_4976,protonation,ionization,1.0
edge_6922,ETFE,node_0758,node_4977,deprotonation,ionization,1.0
edge_6923,ETFE,node_0759,node_4978,electron_loss,ionization,1.0
edge_6924,ETFE,node_0759,node_4979,electron_gain,ionization,1.0
edge_6925,ETFE,node_0759,node_4980,protonation,ionization,1.0
edge_6926,ETFE,node_0759,node_4981,deprotonation,ionization,1.0
edge_6927,ETFE,node_0760,node_4982,electron_loss,ionization,1.0
edge_6928,ETFE,node_0760,node_4983,electron_gain,ionization,1.0
edge_6929,ETFE,node_0760,node_4984,protonation,ionization,1.0
edge_6930,ETFE,node_0760,node_4985,deprotonation,ionization,1.0
edge_6931,ETFE,node_0761,node_4986,electron_loss,ionization,1.0
edge_6932,ETFE,node_0761,node_4987,electron_gain,ionization,1.0
edge_6933,ETFE,node_0761,node_4988,protonation,ionization,1.0
edge_6934,ETFE,node_0761,node_4989,deprotonation,ionization,1.0
edge_6935,ETFE,node_0762,node_4990,electron_loss,ionization,1.0
edge_6936,ETFE,node_0762,node_4991,electron_gain,ionization,1.0
edge_6937,ETFE,node_0762,node_4992,protonation,ionization,1.0
edge_6938,ETFE,node_0762,node_4993,deprotonation,ionization,1.0
edge_6939,ETFE,node_0763,node_4994,electron_loss,ionization,1.0
edge_6940,ETFE,node_0763,node_4995,electron_gain,ionization,1.0
edge_6941,ETFE,node_0763,node_4996,protonation,ionization,1.0
edge_6942,ETFE,node_0763,node_4997,deprotonation,ionization,1.0
edge_6943,ETFE,node_0764,node_4998,electron_loss,ionization,1.0
edge_6944,ETFE,node_0764,node_4999,electron_gain,ionization,1.0
edge_6945,ETFE,node_0764,node_5000,protonation,ionization,1.0
edge_6946,ETFE,node_0764,node_5001,deprotonation,ionization,1.0
edge_6947,ETFE,node_0765,node_5002,electron_loss,ionization,1.0
edge_6948,ETFE,node_0765,node_5003,electron_gain,ionization,1.0
edge_6949,ETFE,node_0765,node_5004,protonation,ionization,1.0
edge_6950,ETFE,node_0765,node_5005,deprotonation,ionization,1.0
edge_6951,ETFE,node_0766,node_5006,electron_loss,ionization,1.0
edge_6952,ETFE,node_0766,node_5007,electron_gain,ionization,1.0
edge_6953,ETFE,node_0766,node_5008,protonation,ionization,1.0
edge_6954,ETFE,node_0766,node_5009,deprotonation,ionization,1.0
edge_6955,ETFE,node_0767,node_5010,electron_loss,ionization,1.0
edge_6956,ETFE,node_0767,node_5011,electron_gain,ionization,1.0
edge_6957,ETFE,node_0767,node_5012,protonation,ionization,1.0
edge_6958,ETFE,node_0767,node_5013,deprotonation,ionization,1.0
edge_6959,ETFE,node_0768,node_5014,electron_loss,ionization,1.0
edge_6960,ETFE,node_0768,node_5015,electron_gain,ionization,1.0
edge_6961,ETFE,node_0768,node_5016,protonation,ionization,1.0
edge_6962,ETFE,node_0768,node_5017,deprotonation,ionization,1.0
edge_6963,ETFE,node_0769,node_5018,electron_loss,ionization,1.0
edge_6964,ETFE,node_0769,node_5019,electron_gain,ionization,1.0
edge_6965,ETFE,node_0769,node_5020,protonation,ionization,1.0
edge_6966,ETFE,node_0769,node_5021,deprotonation,ionization,1.0
edge_6967,ETFE,node_0770,node_5022,electron_loss,ionization,1.0
edge_6968,ETFE,node_0770,node_5023,electron_gain,ionization,1.0
edge_6969,ETFE,node_0770,node_5024,protonation,ionization,1.0
edge_6970,ETFE,node_0770,node_5025,deprotonation,ionization,1.0
edge_6971,ETFE,node_0771,node_5026,electron_loss,ionization,1.0
edge_6972,ETFE,node_0771,node_5027,electron_gain,ionization,1.0
edge_6973,ETFE,node_0771,node_5028,protonation,ionization,1.0
edge_6974,ETFE,node_0771,node_5029,deprotonation,ionization,1.0
edge_6975,ETFE,node_0772,node_5030,electron_loss,ionization,1.0
edge_6976,ETFE,node_0772,node_5031,electron_gain,ionization,1.0
edge_6977,ETFE,node_0772,node_5032,protonation,ionization,1.0
edge_6978,ETFE,node_0772,node_5033,deprotonation,ionization,1.0
edge_6979,ETFE,node_0773,node_5034,electron_loss,ionization,1.0
edge_6980,ETFE,node_0773,node_5035,electron_gain,ionization,1.0
edge_6981,ETFE,node_0773,node_5036,protonation,ionization,1.0
edge_6982,ETFE,node_0773,node_5037,deprotonation,ionization,1.0
edge_6983,ETFE,node_0774,node_5038,electron_loss,ionization,1.0
edge_6984,ETFE,node_0774,node_5039,electron_gain,ionization,1.0
edge_6985,ETFE,node_0774,node_5040,protonation,ionization,1.0
edge_6986,ETFE,node_0774,node_5041,deprotonation,ionization,1.0
edge_6987,ETFE,node_0775,node_5042,electron_loss,ionization,1.0
edge_6988,ETFE,node_0775,node_5043,electron_gain,ionization,1.0
edge_6989,ETFE,node_0775,node_5044,protonation,ionization,1.0
edge_6990,ETFE,node_0775,node_5045,deprotonation,ionization,1.0
edge_6991,ETFE,node_0776,node_5046,electron_loss,ionization,1.0
edge_6992,ETFE,node_0776,node_5047,electron_gain,ionization,1.0
edge_6993,ETFE,node_0776,node_5048,protonation,ionization,1.0
edge_6994,ETFE,node_0776,node_5049,deprotonation,ionization,1.0
edge_6995,ETFE,node_0777,node_5050,electron_loss,ionization,1.0
edge_6996,ETFE,node_0777,node_5051,electron_gain,ionization,1.0
edge_6997,ETFE,node_0777,node_5052,protonation,ionization,1.0
edge_6998,ETFE,node_0777,node_5053,deprotonation,ionization,1.0
edge_6999,ETFE,node_0778,node_5054,electron_loss,ionization,1.0
edge_7000,ETFE,node_0778,node_5055,electron_gain,ionization,1.0
edge_7001,ETFE,node_0778,node_5056,protonation,ionization,1.0
edge_7002,ETFE,node_0778,node_5057,deprotonation,ionization,1.0
edge_7003,ETFE,node_0779,node_5058,electron_loss,ionization,1.0
edge_7004,ETFE,node_0779,node_5059,electron_gain,ionization,1.0
edge_7005,ETFE,node_0779,node_5060,protonation,ionization,1.0
edge_7006,ETFE,node_0779,node_5061,deprotonation,ionization,1.0
edge_7007,ETFE,node_0780,node_5062,electron_loss,ionization,1.0
edge_7008,ETFE,node_0780,node_5063,electron_gain,ionization,1.0
edge_7009,ETFE,node_0780,node_5064,protonation,ionization,1.0
edge_7010,ETFE,node_0780,node_5065,deprotonation,ionization,1.0
edge_7011,ETFE,node_0781,node_5066,electron_loss,ionization,1.0
edge_7012,ETFE,node_0781,node_5067,electron_gain,ionization,1.0
edge_7013,ETFE,node_0781,node_5068,protonation,ionization,1.0
edge_7014,ETFE,node_0781,node_5069,deprotonation,ionization,1.0
edge_7015,ETFE,node_0782,node_5070,electron_loss,ionization,1.0
edge_7016,ETFE,node_0782,node_5071,electron_gain,ionization,1.0
edge_7017,ETFE,node_0782,node_5072,protonation,ionization,1.0
edge_7018,ETFE,node_0782,node_5073,deprotonation,ionization,1.0
edge_7019,ETFE,node_0783,node_5074,electron_loss,ionization,1.0
edge_7020,ETFE,node_0783,node_5075,electron_gain,ionization,1.0
edge_7021,ETFE,node_0783,node_5076,protonation,ionization,1.0
edge_7022,ETFE,node_0783,node_5077,deprotonation,ionization,1.0
edge_7023,ETFE,node_0784,node_5078,electron_loss,ionization,1.0
edge_7024,ETFE,node_0784,node_5079,electron_gain,ionization,1.0
edge_7025,ETFE,node_0784,node_5080,protonation,ionization,1.0
edge_7026,ETFE,node_0784,node_5081,deprotonation,ionization,1.0
edge_7027,ETFE,node_0785,node_5082,electron_loss,ionization,1.0
edge_7028,ETFE,node_0785,node_5083,electron_gain,ionization,1.0
edge_7029,ETFE,node_0785,node_5084,protonation,ionization,1.0
edge_7030,ETFE,node_0785,node_5085,deprotonation,ionization,1.0
edge_7031,ETFE,node_0786,node_5086,electron_loss,ionization,1.0
edge_7032,ETFE,node_0786,node_5087,electron_gain,ionization,1.0
edge_7033,ETFE,node_0786,node_5088,protonation,ionization,1.0
edge_7034,ETFE,node_0786,node_5089,deprotonation,ionization,1.0
edge_7035,ETFE,node_0787,node_5090,electron_loss,ionization,1.0
edge_7036,ETFE,node_0787,node_5091,electron_gain,ionization,1.0
edge_7037,ETFE,node_0787,node_5092,protonation,ionization,1.0
edge_7038,ETFE,node_0787,node_5093,deprotonation,ionization,1.0
edge_7039,ETFE,node_0788,node_5094,electron_loss,ionization,1.0
edge_7040,ETFE,node_0788,node_5095,electron_gain,ionization,1.0
edge_7041,ETFE,node_0788,node_5096,protonation,ionization,1.0
edge_7042,ETFE,node_0788,node_5097,deprotonation,ionization,1.0
edge_7043,ETFE,node_0789,node_5098,electron_loss,ionization,1.0
edge_7044,ETFE,node_0789,node_5099,electron_gain,ionization,1.0
edge_7045,ETFE,node_0789,node_5100,protonation,ionization,1.0
edge_7046,ETFE,node_0789,node_5101,deprotonation,ionization,1.0
edge_7047,ETFE,node_0790,node_5102,electron_loss,ionization,1.0
edge_7048,ETFE,node_0790,node_5103,electron_gain,ionization,1.0
edge_7049,ETFE,node_0790,node_5104,protonation,ionization,1.0
edge_7050,ETFE,node_0790,node_5105,deprotonation,ionization,1.0
edge_7051,ETFE,node_0791,node_5106,electron_loss,ionization,1.0
edge_7052,ETFE,node_0791,node_5107,electron_gain,ionization,1.0
edge_7053,ETFE,node_0791,node_5108,protonation,ionization,1.0
edge_7054,ETFE,node_0791,node_5109,deprotonation,ionization,1.0
edge_7055,ETFE,node_0792,node_5110,electron_loss,ionization,1.0
edge_7056,ETFE,node_0792,node_5111,electron_gain,ionization,1.0
edge_7057,ETFE,node_0792,node_5112,protonation,ionization,1.0
edge_7058,ETFE,node_0792,node_5113,deprotonation,ionization,1.0
edge_7059,ETFE,node_0793,node_5114,electron_loss,ionization,1.0
edge_7060,ETFE,node_0793,node_5115,electron_gain,ionization,1.0
edge_7061,ETFE,node_0793,node_5116,protonation,ionization,1.0
edge_7062,ETFE,node_0793,node_5117,deprotonation,ionization,1.0
edge_7063,ETFE,node_0794,node_5118,electron_loss,ionization,1.0
edge_7064,ETFE,node_0794,node_5119,electron_gain,ionization,1.0
edge_7065,ETFE,node_0794,node_5120,protonation,ionization,1.0
edge_7066,ETFE,node_0794,node_5121,deprotonation,ionization,1.0
edge_7067,ETFE,node_0795,node_5122,electron_loss,ionization,1.0
edge_7068,ETFE,node_0795,node_5123,electron_gain,ionization,1.0
edge_7069,ETFE,node_0795,node_5124,protonation,ionization,1.0
edge_7070,ETFE,node_0795,node_5125,deprotonation,ionization,1.0
edge_7071,ETFE,node_0796,node_5126,electron_loss,ionization,1.0
edge_7072,ETFE,node_0796,node_5127,electron_gain,ionization,1.0
edge_7073,ETFE,node_0796,node_5128,protonation,ionization,1.0
edge_7074,ETFE,node_0796,node_5129,deprotonation,ionization,1.0
edge_7075,ETFE,node_0797,node_5130,electron_loss,ionization,1.0
edge_7076,ETFE,node_0797,node_5131,electron_gain,ionization,1.0
edge_7077,ETFE,node_0797,node_5132,protonation,ionization,1.0
edge_7078,ETFE,node_0797,node_5133,deprotonation,ionization,1.0
edge_7079,ETFE,node_0798,node_5134,electron_loss,ionization,1.0
edge_7080,ETFE,node_0798,node_5135,electron_gain,ionization,1.0
edge_7081,ETFE,node_0798,node_5136,protonation,ionization,1.0
edge_7082,ETFE,node_0798,node_5137,deprotonation,ionization,1.0
edge_7083,ETFE,node_0799,node_5138,electron_loss,ionization,1.0
edge_7084,ETFE,node_0799,node_5139,electron_gain,ionization,1.0
edge_7085,ETFE,node_0799,node_5140,protonation,ionization,1.0
edge_7086,ETFE,node_0799,node_5141,deprotonation,ionization,1.0
edge_7087,ETFE,node_0800,node_5142,electron_loss,ionization,1.0
edge_7088,ETFE,node_0800,node_5143,electron_gain,ionization,1.0
edge_7089,ETFE,node_0800,node_5144,protonation,ionization,1.0
edge_7090,ETFE,node_0800,node_5145,deprotonation,ionization,1.0
edge_7091,ETFE,node_0801,node_5146,electron_loss,ionization,1.0
edge_7092,ETFE,node_0801,node_5147,electron_gain,ionization,1.0
edge_7093,ETFE,node_0801,node_5148,protonation,ionization,1.0
edge_7094,ETFE,node_0801,node_5149,deprotonation,ionization,1.0
edge_7095,ETFE,node_0802,node_5150,electron_loss,ionization,1.0
edge_7096,ETFE,node_0802,node_5151,electron_gain,ionization,1.0
edge_7097,ETFE,node_0802,node_5152,protonation,ionization,1.0
edge_7098,ETFE,node_0802,node_5153,deprotonation,ionization,1.0
edge_7099,ETFE,node_0803,node_5154,electron_loss,ionization,1.0
edge_7100,ETFE,node_0803,node_5155,electron_gain,ionization,1.0
edge_7101,ETFE,node_0803,node_5156,protonation,ionization,1.0
edge_7102,ETFE,node_0803,node_5157,deprotonation,ionization,1.0
edge_7103,ETFE,node_0804,node_5158,electron_loss,ionization,1.0
edge_7104,ETFE,node_0804,node_5159,electron_gain,ionization,1.0
edge_7105,ETFE,node_0804,node_5160,protonation,ionization,1.0
edge_7106,ETFE,node_0804,node_5161,deprotonation,ionization,1.0
edge_7107,ETFE,node_0805,node_5162,electron_loss,ionization,1.0
edge_7108,ETFE,node_0805,node_5163,electron_gain,ionization,1.0
edge_7109,ETFE,node_0805,node_5164,protonation,ionization,1.0
edge_7110,ETFE,node_0805,node_5165,deprotonation,ionization,1.0
edge_7111,ETFE,node_0806,node_5166,electron_loss,ionization,1.0
edge_7112,ETFE,node_0806,node_5167,electron_gain,ionization,1.0
edge_7113,ETFE,node_0806,node_5168,protonation,ionization,1.0
edge_7114,ETFE,node_0806,node_5169,deprotonation,ionization,1.0
edge_7115,ETFE,node_0807,node_5170,electron_loss,ionization,1.0
edge_7116,ETFE,node_0807,node_5171,electron_gain,ionization,1.0
edge_7117,ETFE,node_0807,node_5172,protonation,ionization,1.0
edge_7118,ETFE,node_0807,node_5173,deprotonation,ionization,1.0
edge_7119,ETFE,node_0808,node_5174,electron_loss,ionization,1.0
edge_7120,ETFE,node_0808,node_5175,electron_gain,ionization,1.0
edge_7121,ETFE,node_0808,node_5176,protonation,ionization,1.0
edge_7122,ETFE,node_0808,node_5177,deprotonation,ionization,1.0
edge_7123,ETFE,node_0809,node_5178,electron_loss,ionization,1.0
edge_7124,ETFE,node_0809,node_5179,electron_gain,ionization,1.0
edge_7125,ETFE,node_0809,node_5180,protonation,ionization,1.0
edge_7126,ETFE,node_0809,node_5181,deprotonation,ionization,1.0
edge_7127,ETFE,node_0810,node_5182,electron_loss,ionization,1.0
edge_7128,ETFE,node_0810,node_5183,electron_gain,ionization,1.0
edge_7129,ETFE,node_0810,node_5184,protonation,ionization,1.0
edge_7130,ETFE,node_0810,node_5185,deprotonation,ionization,1.0
edge_7131,ETFE,node_0811,node_5186,electron_loss,ionization,1.0
edge_7132,ETFE,node_0811,node_5187,electron_gain,ionization,1.0
edge_7133,ETFE,node_0811,node_5188,protonation,ionization,1.0
edge_7134,ETFE,node_0811,node_5189,deprotonation,ionization,1.0
edge_7135,ETFE,node_0812,node_5190,electron_loss,ionization,1.0
edge_7136,ETFE,node_0812,node_5191,electron_gain,ionization,1.0
edge_7137,ETFE,node_0812,node_5192,protonation,ionization,1.0
edge_7138,ETFE,node_0812,node_5193,deprotonation,ionization,1.0
edge_7139,ETFE,node_0813,node_5194,electron_loss,ionization,1.0
edge_7140,ETFE,node_0813,node_5195,electron_gain,ionization,1.0
edge_7141,ETFE,node_0813,node_5196,protonation,ionization,1.0
edge_7142,ETFE,node_0813,node_5197,deprotonation,ionization,1.0
edge_7143,ETFE,node_0814,node_5198,electron_loss,ionization,1.0
edge_7144,ETFE,node_0814,node_5199,electron_gain,ionization,1.0
edge_7145,ETFE,node_0814,node_5200,protonation,ionization,1.0
edge_7146,ETFE,node_0814,node_5201,deprotonation,ionization,1.0
edge_7147,ETFE,node_0815,node_5202,electron_loss,ionization,1.0
edge_7148,ETFE,node_0815,node_5203,electron_gain,ionization,1.0
edge_7149,ETFE,node_0815,node_5204,protonation,ionization,1.0
edge_7150,ETFE,node_0815,node_5205,deprotonation,ionization,1.0
edge_7151,ETFE,node_0816,node_5206,electron_loss,ionization,1.0
edge_7152,ETFE,node_0816,node_5207,electron_gain,ionization,1.0
edge_7153,ETFE,node_0816,node_5208,protonation,ionization,1.0
edge_7154,ETFE,node_0816,node_5209,deprotonation,ionization,1.0
edge_7155,ETFE,node_0817,node_5210,electron_loss,ionization,1.0
edge_7156,ETFE,node_0817,node_5211,electron_gain,ionization,1.0
edge_7157,ETFE,node_0817,node_5212,protonation,ionization,1.0
edge_7158,ETFE,node_0817,node_5213,deprotonation,ionization,1.0
edge_7159,ETFE,node_0818,node_5214,electron_loss,ionization,1.0
edge_7160,ETFE,node_0818,node_5215,electron_gain,ionization,1.0
edge_7161,ETFE,node_0818,node_5216,protonation,ionization,1.0
edge_7162,ETFE,node_0818,node_5217,deprotonation,ionization,1.0
edge_7163,ETFE,node_0819,node_5218,electron_loss,ionization,1.0
edge_7164,ETFE,node_0819,node_5219,electron_gain,ionization,1.0
edge_7165,ETFE,node_0819,node_5220,protonation,ionization,1.0
edge_7166,ETFE,node_0819,node_5221,deprotonation,ionization,1.0
edge_7167,ETFE,node_0820,node_5222,electron_loss,ionization,1.0
edge_7168,ETFE,node_0820,node_5223,electron_gain,ionization,1.0
edge_7169,ETFE,node_0820,node_5224,protonation,ionization,1.0
edge_7170,ETFE,node_0820,node_5225,deprotonation,ionization,1.0
edge_7171,ETFE,node_0821,node_5226,electron_loss,ionization,1.0
edge_7172,ETFE,node_0821,node_5227,electron_gain,ionization,1.0
edge_7173,ETFE,node_0821,node_5228,protonation,ionization,1.0
edge_7174,ETFE,node_0821,node_5229,deprotonation,ionization,1.0
edge_7175,ETFE,node_0822,node_5230,electron_loss,ionization,1.0
edge_7176,ETFE,node_0822,node_5231,electron_gain,ionization,1.0
edge_7177,ETFE,node_0822,node_5232,protonation,ionization,1.0
edge_7178,ETFE,node_0822,node_5233,deprotonation,ionization,1.0
edge_7179,ETFE,node_0823,node_5234,electron_loss,ionization,1.0
edge_7180,ETFE,node_0823,node_5235,electron_gain,ionization,1.0
edge_7181,ETFE,node_0823,node_5236,protonation,ionization,1.0
edge_7182,ETFE,node_0823,node_5237,deprotonation,ionization,1.0
edge_7183,ETFE,node_0824,node_5238,electron_loss,ionization,1.0
edge_7184,ETFE,node_0824,node_5239,electron_gain,ionization,1.0
edge_7185,ETFE,node_0824,node_5240,protonation,ionization,1.0
edge_7186,ETFE,node_0824,node_5241,deprotonation,ionization,1.0
edge_7187,ETFE,node_0825,node_5242,electron_loss,ionization,1.0
edge_7188,ETFE,node_0825,node_5243,electron_gain,ionization,1.0
edge_7189,ETFE,node_0825,node_5244,protonation,ionization,1.0
edge_7190,ETFE,node_0825,node_5245,deprotonation,ionization,1.0
edge_7191,ETFE,node_0826,node_5246,electron_loss,ionization,1.0
edge_7192,ETFE,node_0826,node_5247,electron_gain,ionization,1.0
edge_7193,ETFE,node_0826,node_5248,protonation,ionization,1.0
edge_7194,ETFE,node_0826,node_5249,deprotonation,ionization,1.0
edge_7195,ETFE,node_0827,node_5250,electron_loss,ionization,1.0
edge_7196,ETFE,node_0827,node_5251,electron_gain,ionization,1.0
edge_7197,ETFE,node_0827,node_5252,protonation,ionization,1.0
edge_7198,ETFE,node_0827,node_5253,deprotonation,ionization,1.0
edge_7199,ETFE,node_0828,node_5254,electron_loss,ionization,1.0
edge_7200,ETFE,node_0828,node_5255,electron_gain,ionization,1.0
edge_7201,ETFE,node_0828,node_5256,protonation,ionization,1.0
edge_7202,ETFE,node_0828,node_5257,deprotonation,ionization,1.0
edge_7203,ETFE,node_0829,node_5258,electron_loss,ionization,1.0
edge_7204,ETFE,node_0829,node_5259,electron_gain,ionization,1.0
edge_7205,ETFE,node_0829,node_5260,protonation,ionization,1.0
edge_7206,ETFE,node_0829,node_5261,deprotonation,ionization,1.0
edge_7207,ETFE,node_0830,node_5262,electron_loss,ionization,1.0
edge_7208,ETFE,node_0830,node_5263,electron_gain,ionization,1.0
edge_7209,ETFE,node_0830,node_5264,protonation,ionization,1.0
edge_7210,ETFE,node_0830,node_5265,deprotonation,ionization,1.0
edge_7211,ETFE,node_0831,node_5266,electron_loss,ionization,1.0
edge_7212,ETFE,node_0831,node_5267,electron_gain,ionization,1.0
edge_7213,ETFE,node_0831,node_5268,protonation,ionization,1.0
edge_7214,ETFE,node_0831,node_5269,deprotonation,ionization,1.0
edge_7215,ETFE,node_0832,node_5270,electron_loss,ionization,1.0
edge_7216,ETFE,node_0832,node_5271,electron_gain,ionization,1.0
edge_7217,ETFE,node_0832,node_5272,protonation,ionization,1.0
edge_7218,ETFE,node_0832,node_5273,deprotonation,ionization,1.0
edge_7219,ETFE,node_0833,node_5274,electron_loss,ionization,1.0
edge_7220,ETFE,node_0833,node_5275,electron_gain,ionization,1.0
edge_7221,ETFE,node_0833,node_5276,protonation,ionization,1.0
edge_7222,ETFE,node_0833,node_5277,deprotonation,ionization,1.0
edge_7223,ETFE,node_0834,node_5278,electron_loss,ionization,1.0
edge_7224,ETFE,node_0834,node_5279,electron_gain,ionization,1.0
edge_7225,ETFE,node_0834,node_5280,protonation,ionization,1.0
edge_7226,ETFE,node_0834,node_5281,deprotonation,ionization,1.0
edge_7227,ETFE,node_0835,node_5282,electron_loss,ionization,1.0
edge_7228,ETFE,node_0835,node_5283,electron_gain,ionization,1.0
edge_7229,ETFE,node_0835,node_5284,protonation,ionization,1.0
edge_7230,ETFE,node_0835,node_5285,deprotonation,ionization,1.0
edge_7231,ETFE,node_0836,node_5286,electron_loss,ionization,1.0
edge_7232,ETFE,node_0836,node_5287,electron_gain,ionization,1.0
edge_7233,ETFE,node_0836,node_5288,protonation,ionization,1.0
edge_7234,ETFE,node_0836,node_5289,deprotonation,ionization,1.0
edge_7235,ETFE,node_0837,node_5290,electron_loss,ionization,1.0
edge_7236,ETFE,node_0837,node_5291,electron_gain,ionization,1.0
edge_7237,ETFE,node_0837,node_5292,protonation,ionization,1.0
edge_7238,ETFE,node_0837,node_5293,deprotonation,ionization,1.0
edge_7239,ETFE,node_0838,node_5294,electron_loss,ionization,1.0
edge_7240,ETFE,node_0838,node_5295,electron_gain,ionization,1.0
edge_7241,ETFE,node_0838,node_5296,protonation,ionization,1.0
edge_7242,ETFE,node_0838,node_5297,deprotonation,ionization,1.0
edge_7243,ETFE,node_0839,node_5298,electron_loss,ionization,1.0
edge_7244,ETFE,node_0839,node_5299,electron_gain,ionization,1.0
edge_7245,ETFE,node_0839,node_5300,protonation,ionization,1.0
edge_7246,ETFE,node_0839,node_5301,deprotonation,ionization,1.0
edge_7247,ETFE,node_0840,node_5302,electron_loss,ionization,1.0
edge_7248,ETFE,node_0840,node_5303,electron_gain,ionization,1.0
edge_7249,ETFE,node_0840,node_5304,protonation,ionization,1.0
edge_7250,ETFE,node_0840,node_5305,deprotonation,ionization,1.0
edge_7251,ETFE,node_0841,node_5306,electron_loss,ionization,1.0
edge_7252,ETFE,node_0841,node_5307,electron_gain,ionization,1.0
edge_7253,ETFE,node_0841,node_5308,protonation,ionization,1.0
edge_7254,ETFE,node_0841,node_5309,deprotonation,ionization,1.0
edge_7255,ETFE,node_0842,node_5310,electron_loss,ionization,1.0
edge_7256,ETFE,node_0842,node_5311,electron_gain,ionization,1.0
edge_7257,ETFE,node_0842,node_5312,protonation,ionization,1.0
edge_7258,ETFE,node_0842,node_5313,deprotonation,ionization,1.0
edge_7259,ETFE,node_0843,node_5314,electron_loss,ionization,1.0
edge_7260,ETFE,node_0843,node_5315,electron_gain,ionization,1.0
edge_7261,ETFE,node_0843,node_5316,protonation,ionization,1.0
edge_7262,ETFE,node_0843,node_5317,deprotonation,ionization,1.0
edge_7263,ETFE,node_0844,node_5318,electron_loss,ionization,1.0
edge_7264,ETFE,node_0844,node_5319,electron_gain,ionization,1.0
edge_7265,ETFE,node_0844,node_5320,protonation,ionization,1.0
edge_7266,ETFE,node_0844,node_5321,deprotonation,ionization,1.0
edge_7267,ETFE,node_0845,node_5322,electron_loss,ionization,1.0
edge_7268,ETFE,node_0845,node_5323,electron_gain,ionization,1.0
edge_7269,ETFE,node_0845,node_5324,protonation,ionization,1.0
edge_7270,ETFE,node_0845,node_5325,deprotonation,ionization,1.0
edge_7271,ETFE,node_0846,node_5326,electron_loss,ionization,1.0
edge_7272,ETFE,node_0846,node_5327,electron_gain,ionization,1.0
edge_7273,ETFE,node_0846,node_5328,protonation,ionization,1.0
edge_7274,ETFE,node_0846,node_5329,deprotonation,ionization,1.0
edge_7275,ETFE,node_0847,node_5330,electron_loss,ionization,1.0
edge_7276,ETFE,node_0847,node_5331,electron_gain,ionization,1.0
edge_7277,ETFE,node_0847,node_5332,protonation,ionization,1.0
edge_7278,ETFE,node_0847,node_5333,deprotonation,ionization,1.0
edge_7279,ETFE,node_0848,node_5334,electron_loss,ionization,1.0
edge_7280,ETFE,node_0848,node_5335,electron_gain,ionization,1.0
edge_7281,ETFE,node_0848,node_5336,protonation,ionization,1.0
edge_7282,ETFE,node_0848,node_5337,deprotonation,ionization,1.0
edge_7283,ETFE,node_0849,node_5338,electron_loss,ionization,1.0
edge_7284,ETFE,node_0849,node_5339,electron_gain,ionization,1.0
edge_7285,ETFE,node_0849,node_5340,protonation,ionization,1.0
edge_7286,ETFE,node_0849,node_5341,deprotonation,ionization,1.0
edge_7287,ETFE,node_0850,node_5342,electron_loss,ionization,1.0
edge_7288,ETFE,node_0850,node_5343,electron_gain,ionization,1.0
edge_7289,ETFE,node_0850,node_5344,protonation,ionization,1.0
edge_7290,ETFE,node_0850,node_5345,deprotonation,ionization,1.0
edge_7291,ETFE,node_0851,node_5346,electron_loss,ionization,1.0
edge_7292,ETFE,node_0851,node_5347,electron_gain,ionization,1.0
edge_7293,ETFE,node_0851,node_5348,protonation,ionization,1.0
edge_7294,ETFE,node_0851,node_5349,deprotonation,ionization,1.0
edge_7295,ETFE,node_0852,node_5350,electron_loss,ionization,1.0
edge_7296,ETFE,node_0852,node_5351,electron_gain,ionization,1.0
edge_7297,ETFE,node_0852,node_5352,protonation,ionization,1.0
edge_7298,ETFE,node_0852,node_5353,deprotonation,ionization,1.0
edge_7299,ETFE,node_0853,node_5354,electron_loss,ionization,1.0
edge_7300,ETFE,node_0853,node_5355,electron_gain,ionization,1.0
edge_7301,ETFE,node_0853,node_5356,protonation,ionization,1.0
edge_7302,ETFE,node_0853,node_5357,deprotonation,ionization,1.0
edge_7303,ETFE,node_0854,node_5358,electron_loss,ionization,1.0
edge_7304,ETFE,node_0854,node_5359,electron_gain,ionization,1.0
edge_7305,ETFE,node_0854,node_5360,protonation,ionization,1.0
edge_7306,ETFE,node_0854,node_5361,deprotonation,ionization,1.0
edge_7307,ETFE,node_0855,node_5362,electron_loss,ionization,1.0
edge_7308,ETFE,node_0855,node_5363,electron_gain,ionization,1.0
edge_7309,ETFE,node_0855,node_5364,protonation,ionization,1.0
edge_7310,ETFE,node_0855,node_5365,deprotonation,ionization,1.0
edge_7311,ETFE,node_0856,node_5366,electron_loss,ionization,1.0
edge_7312,ETFE,node_0856,node_5367,electron_gain,ionization,1.0
edge_7313,ETFE,node_0856,node_5368,protonation,ionization,1.0
edge_7314,ETFE,node_0856,node_5369,deprotonation,ionization,1.0
edge_7315,ETFE,node_0857,node_5370,electron_loss,ionization,1.0
edge_7316,ETFE,node_0857,node_5371,electron_gain,ionization,1.0
edge_7317,ETFE,node_0857,node_5372,protonation,ionization,1.0
edge_7318,ETFE,node_0857,node_5373,deprotonation,ionization,1.0
edge_7319,ETFE,node_0858,node_5374,electron_loss,ionization,1.0
edge_7320,ETFE,node_0858,node_5375,electron_gain,ionization,1.0
edge_7321,ETFE,node_0858,node_5376,protonation,ionization,1.0
edge_7322,ETFE,node_0858,node_5377,deprotonation,ionization,1.0
edge_7323,ETFE,node_0859,node_5378,electron_loss,ionization,1.0
edge_7324,ETFE,node_0859,node_5379,electron_gain,ionization,1.0
edge_7325,ETFE,node_0859,node_5380,protonation,ionization,1.0
edge_7326,ETFE,node_0859,node_5381,deprotonation,ionization,1.0
edge_7327,ETFE,node_0860,node_5382,electron_loss,ionization,1.0
edge_7328,ETFE,node_0860,node_5383,electron_gain,ionization,1.0
edge_7329,ETFE,node_0860,node_5384,protonation,ionization,1.0
edge_7330,ETFE,node_0860,node_5385,deprotonation,ionization,1.0
edge_7331,ETFE,node_0861,node_5386,electron_loss,ionization,1.0
edge_7332,ETFE,node_0861,node_5387,electron_gain,ionization,1.0
edge_7333,ETFE,node_0861,node_5388,protonation,ionization,1.0
edge_7334,ETFE,node_0861,node_5389,deprotonation,ionization,1.0
edge_7335,ETFE,node_0862,node_5390,electron_loss,ionization,1.0
edge_7336,ETFE,node_0862,node_5391,electron_gain,ionization,1.0
edge_7337,ETFE,node_0862,node_5392,protonation,ionization,1.0
edge_7338,ETFE,node_0862,node_5393,deprotonation,ionization,1.0
edge_7339,ETFE,node_0863,node_5394,electron_loss,ionization,1.0
edge_7340,ETFE,node_0863,node_5395,electron_gain,ionization,1.0
edge_7341,ETFE,node_0863,node_5396,protonation,ionization,1.0
edge_7342,ETFE,node_0863,node_5397,deprotonation,ionization,1.0
edge_7343,ETFE,node_0864,node_5398,electron_loss,ionization,1.0
edge_7344,ETFE,node_0864,node_5399,electron_gain,ionization,1.0
edge_7345,ETFE,node_0864,node_5400,protonation,ionization,1.0
edge_7346,ETFE,node_0864,node_5401,deprotonation,ionization,1.0
edge_7347,ETFE,node_0865,node_5402,electron_loss,ionization,1.0
edge_7348,ETFE,node_0865,node_5403,electron_gain,ionization,1.0
edge_7349,ETFE,node_0865,node_5404,protonation,ionization,1.0
edge_7350,ETFE,node_0865,node_5405,deprotonation,ionization,1.0
edge_7351,ETFE,node_0866,node_5406,electron_loss,ionization,1.0
edge_7352,ETFE,node_0866,node_5407,electron_gain,ionization,1.0
edge_7353,ETFE,node_0866,node_5408,protonation,ionization,1.0
edge_7354,ETFE,node_0866,node_5409,deprotonation,ionization,1.0
edge_7355,ETFE,node_0867,node_5410,electron_loss,ionization,1.0
edge_7356,ETFE,node_0867,node_5411,electron_gain,ionization,1.0
edge_7357,ETFE,node_0867,node_5412,protonation,ionization,1.0
edge_7358,ETFE,node_0867,node_5413,deprotonation,ionization,1.0
edge_7359,ETFE,node_0868,node_5414,electron_loss,ionization,1.0
edge_7360,ETFE,node_0868,node_5415,electron_gain,ionization,1.0
edge_7361,ETFE,node_0868,node_5416,protonation,ionization,1.0
edge_7362,ETFE,node_0868,node_5417,deprotonation,ionization,1.0
edge_7363,ETFE,node_0869,node_5418,electron_loss,ionization,1.0
edge_7364,ETFE,node_0869,node_5419,electron_gain,ionization,1.0
edge_7365,ETFE,node_0869,node_5420,protonation,ionization,1.0
edge_7366,ETFE,node_0869,node_5421,deprotonation,ionization,1.0
edge_7367,ETFE,node_0870,node_5422,electron_loss,ionization,1.0
edge_7368,ETFE,node_0870,node_5423,electron_gain,ionization,1.0
edge_7369,ETFE,node_0870,node_5424,protonation,ionization,1.0
edge_7370,ETFE,node_0870,node_5425,deprotonation,ionization,1.0
edge_7371,ETFE,node_0871,node_5426,electron_loss,ionization,1.0
edge_7372,ETFE,node_0871,node_5427,electron_gain,ionization,1.0
edge_7373,ETFE,node_0871,node_5428,protonation,ionization,1.0
edge_7374,ETFE,node_0871,node_5429,deprotonation,ionization,1.0
edge_7375,ETFE,node_0872,node_5430,electron_loss,ionization,1.0
edge_7376,ETFE,node_0872,node_5431,electron_gain,ionization,1.0
edge_7377,ETFE,node_0872,node_5432,protonation,ionization,1.0
edge_7378,ETFE,node_0872,node_5433,deprotonation,ionization,1.0
edge_7379,ETFE,node_0873,node_5434,electron_loss,ionization,1.0
edge_7380,ETFE,node_0873,node_5435,electron_gain,ionization,1.0
edge_7381,ETFE,node_0873,node_5436,protonation,ionization,1.0
edge_7382,ETFE,node_0873,node_5437,deprotonation,ionization,1.0
edge_7383,ETFE,node_0874,node_5438,electron_loss,ionization,1.0
edge_7384,ETFE,node_0874,node_5439,electron_gain,ionization,1.0
edge_7385,ETFE,node_0874,node_5440,protonation,ionization,1.0
edge_7386,ETFE,node_0874,node_5441,deprotonation,ionization,1.0
edge_7387,ETFE,node_0875,node_5442,electron_loss,ionization,1.0
edge_7388,ETFE,node_0875,node_5443,electron_gain,ionization,1.0
edge_7389,ETFE,node_0875,node_5444,protonation,ionization,1.0
edge_7390,ETFE,node_0875,node_5445,deprotonation,ionization,1.0
edge_7391,ETFE,node_0876,node_5446,electron_loss,ionization,1.0
edge_7392,ETFE,node_0876,node_5447,electron_gain,ionization,1.0
edge_7393,ETFE,node_0876,node_5448,protonation,ionization,1.0
edge_7394,ETFE,node_0876,node_5449,deprotonation,ionization,1.0
edge_7395,ETFE,node_0877,node_5450,electron_loss,ionization,1.0
edge_7396,ETFE,node_0877,node_5451,electron_gain,ionization,1.0
edge_7397,ETFE,node_0877,node_5452,protonation,ionization,1.0
edge_7398,ETFE,node_0877,node_5453,deprotonation,ionization,1.0
edge_7399,ETFE,node_0878,node_5454,electron_loss,ionization,1.0
edge_7400,ETFE,node_0878,node_5455,electron_gain,ionization,1.0
edge_7401,ETFE,node_0878,node_5456,protonation,ionization,1.0
edge_7402,ETFE,node_0878,node_5457,deprotonation,ionization,1.0
edge_7403,ETFE,node_0879,node_5458,electron_loss,ionization,1.0
edge_7404,ETFE,node_0879,node_5459,electron_gain,ionization,1.0
edge_7405,ETFE,node_0879,node_5460,protonation,ionization,1.0
edge_7406,ETFE,node_0879,node_5461,deprotonation,ionization,1.0
edge_7407,ETFE,node_0880,node_5462,electron_loss,ionization,1.0
edge_7408,ETFE,node_0880,node_5463,electron_gain,ionization,1.0
edge_7409,ETFE,node_0880,node_5464,protonation,ionization,1.0
edge_7410,ETFE,node_0880,node_5465,deprotonation,ionization,1.0
edge_7411,ETFE,node_0881,node_5466,electron_loss,ionization,1.0
edge_7412,ETFE,node_0881,node_5467,electron_gain,ionization,1.0
edge_7413,ETFE,node_0881,node_5468,protonation,ionization,1.0
edge_7414,ETFE,node_0881,node_5469,deprotonation,ionization,1.0
edge_7415,ETFE,node_0882,node_5470,electron_loss,ionization,1.0
edge_7416,ETFE,node_0882,node_5471,electron_gain,ionization,1.0
edge_7417,ETFE,node_0882,node_5472,protonation,ionization,1.0
edge_7418,ETFE,node_0882,node_5473,deprotonation,ionization,1.0
edge_7419,ETFE,node_0883,node_5474,electron_loss,ionization,1.0
edge_7420,ETFE,node_0883,node_5475,electron_gain,ionization,1.0
edge_7421,ETFE,node_0883,node_5476,protonation,ionization,1.0
edge_7422,ETFE,node_0883,node_5477,deprotonation,ionization,1.0
edge_7423,ETFE,node_0884,node_5478,electron_loss,ionization,1.0
edge_7424,ETFE,node_0884,node_5479,electron_gain,ionization,1.0
edge_7425,ETFE,node_0884,node_5480,protonation,ionization,1.0
edge_7426,ETFE,node_0884,node_5481,deprotonation,ionization,1.0
edge_7427,ETFE,node_0885,node_5482,electron_loss,ionization,1.0
edge_7428,ETFE,node_0885,node_5483,electron_gain,ionization,1.0
edge_7429,ETFE,node_0885,node_5484,protonation,ionization,1.0
edge_7430,ETFE,node_0885,node_5485,deprotonation,ionization,1.0
edge_7431,ETFE,node_0886,node_5486,electron_loss,ionization,1.0
edge_7432,ETFE,node_0886,node_5487,electron_gain,ionization,1.0
edge_7433,ETFE,node_0886,node_5488,protonation,ionization,1.0
edge_7434,ETFE,node_0886,node_5489,deprotonation,ionization,1.0
edge_7435,ETFE,node_0887,node_5490,electron_loss,ionization,1.0
edge_7436,ETFE,node_0887,node_5491,electron_gain,ionization,1.0
edge_7437,ETFE,node_0887,node_5492,protonation,ionization,1.0
edge_7438,ETFE,node_0887,node_5493,deprotonation,ionization,1.0
edge_7439,ETFE,node_0888,node_5494,electron_loss,ionization,1.0
edge_7440,ETFE,node_0888,node_5495,electron_gain,ionization,1.0
edge_7441,ETFE,node_0888,node_5496,protonation,ionization,1.0
edge_7442,ETFE,node_0888,node_5497,deprotonation,ionization,1.0
edge_7443,ETFE,node_0889,node_5498,electron_loss,ionization,1.0
edge_7444,ETFE,node_0889,node_5499,electron_gain,ionization,1.0
edge_7445,ETFE,node_0889,node_5500,protonation,ionization,1.0
edge_7446,ETFE,node_0889,node_5501,deprotonation,ionization,1.0
edge_7447,ETFE,node_0890,node_5502,electron_loss,ionization,1.0
edge_7448,ETFE,node_0890,node_5503,electron_gain,ionization,1.0
edge_7449,ETFE,node_0890,node_5504,protonation,ionization,1.0
edge_7450,ETFE,node_0890,node_5505,deprotonation,ionization,1.0
edge_7451,ETFE,node_0891,node_5506,electron_loss,ionization,1.0
edge_7452,ETFE,node_0891,node_5507,electron_gain,ionization,1.0
edge_7453,ETFE,node_0891,node_5508,protonation,ionization,1.0
edge_7454,ETFE,node_0891,node_5509,deprotonation,ionization,1.0
edge_7455,ETFE,node_0892,node_5510,electron_loss,ionization,1.0
edge_7456,ETFE,node_0892,node_5511,electron_gain,ionization,1.0
edge_7457,ETFE,node_0892,node_5512,protonation,ionization,1.0
edge_7458,ETFE,node_0892,node_5513,deprotonation,ionization,1.0
edge_7459,ETFE,node_0893,node_5514,electron_loss,ionization,1.0
edge_7460,ETFE,node_0893,node_5515,electron_gain,ionization,1.0
edge_7461,ETFE,node_0893,node_5516,protonation,ionization,1.0
edge_7462,ETFE,node_0893,node_5517,deprotonation,ionization,1.0
edge_7463,ETFE,node_0894,node_5518,electron_loss,ionization,1.0
edge_7464,ETFE,node_0894,node_5519,electron_gain,ionization,1.0
edge_7465,ETFE,node_0894,node_5520,protonation,ionization,1.0
edge_7466,ETFE,node_0894,node_5521,deprotonation,ionization,1.0
edge_7467,ETFE,node_0895,node_5522,electron_loss,ionization,1.0
edge_7468,ETFE,node_0895,node_5523,electron_gain,ionization,1.0
edge_7469,ETFE,node_0895,node_5524,protonation,ionization,1.0
edge_7470,ETFE,node_0895,node_5525,deprotonation,ionization,1.0
edge_7471,ETFE,node_0896,node_5526,electron_loss,ionization,1.0
edge_7472,ETFE,node_0896,node_5527,electron_gain,ionization,1.0
edge_7473,ETFE,node_0896,node_5528,protonation,ionization,1.0
edge_7474,ETFE,node_0896,node_5529,deprotonation,ionization,1.0
edge_7475,ETFE,node_0897,node_5530,electron_loss,ionization,1.0
edge_7476,ETFE,node_0897,node_5531,electron_gain,ionization,1.0
edge_7477,ETFE,node_0897,node_5532,protonation,ionization,1.0
edge_7478,ETFE,node_0897,node_5533,deprotonation,ionization,1.0
edge_7479,ETFE,node_0898,node_5534,electron_loss,ionization,1.0
edge_7480,ETFE,node_0898,node_5535,electron_gain,ionization,1.0
edge_7481,ETFE,node_0898,node_5536,protonation,ionization,1.0
edge_7482,ETFE,node_0898,node_5537,deprotonation,ionization,1.0
edge_7483,ETFE,node_0899,node_5538,electron_loss,ionization,1.0
edge_7484,ETFE,node_0899,node_5539,electron_gain,ionization,1.0
edge_7485,ETFE,node_0899,node_5540,protonation,ionization,1.0
edge_7486,ETFE,node_0899,node_5541,deprotonation,ionization,1.0
edge_7487,ETFE,node_0900,node_5542,electron_loss,ionization,1.0
edge_7488,ETFE,node_0900,node_5543,electron_gain,ionization,1.0
edge_7489,ETFE,node_0900,node_5544,protonation,ionization,1.0
edge_7490,ETFE,node_0900,node_5545,deprotonation,ionization,1.0
edge_7491,ETFE,node_0901,node_5546,electron_loss,ionization,1.0
edge_7492,ETFE,node_0901,node_5547,electron_gain,ionization,1.0
edge_7493,ETFE,node_0901,node_5548,protonation,ionization,1.0
edge_7494,ETFE,node_0901,node_5549,deprotonation,ionization,1.0
edge_7495,ETFE,node_0902,node_5550,electron_loss,ionization,1.0
edge_7496,ETFE,node_0902,node_5551,electron_gain,ionization,1.0
edge_7497,ETFE,node_0902,node_5552,protonation,ionization,1.0
edge_7498,ETFE,node_0902,node_5553,deprotonation,ionization,1.0
edge_7499,ETFE,node_0903,node_5554,electron_loss,ionization,1.0
edge_7500,ETFE,node_0903,node_5555,electron_gain,ionization,1.0
edge_7501,ETFE,node_0903,node_5556,protonation,ionization,1.0
edge_7502,ETFE,node_0903,node_5557,deprotonation,ionization,1.0
edge_7503,ETFE,node_0904,node_5558,electron_loss,ionization,1.0
edge_7504,ETFE,node_0904,node_5559,electron_gain,ionization,1.0
edge_7505,ETFE,node_0904,node_5560,protonation,ionization,1.0
edge_7506,ETFE,node_0904,node_5561,deprotonation,ionization,1.0
edge_7507,ETFE,node_0905,node_5562,electron_loss,ionization,1.0
edge_7508,ETFE,node_0905,node_5563,electron_gain,ionization,1.0
edge_7509,ETFE,node_0905,node_5564,protonation,ionization,1.0
edge_7510,ETFE,node_0905,node_5565,deprotonation,ionization,1.0
edge_7511,ETFE,node_0906,node_5566,electron_loss,ionization,1.0
edge_7512,ETFE,node_0906,node_5567,electron_gain,ionization,1.0
edge_7513,ETFE,node_0906,node_5568,protonation,ionization,1.0
edge_7514,ETFE,node_0906,node_5569,deprotonation,ionization,1.0
edge_7515,ETFE,node_0907,node_5570,electron_loss,ionization,1.0
edge_7516,ETFE,node_0907,node_5571,electron_gain,ionization,1.0
edge_7517,ETFE,node_0907,node_5572,protonation,ionization,1.0
edge_7518,ETFE,node_0907,node_5573,deprotonation,ionization,1.0
edge_7519,ETFE,node_0908,node_5574,electron_loss,ionization,1.0
edge_7520,ETFE,node_0908,node_5575,electron_gain,ionization,1.0
edge_7521,ETFE,node_0908,node_5576,protonation,ionization,1.0
edge_7522,ETFE,node_0908,node_5577,deprotonation,ionization,1.0
edge_7523,ETFE,node_0909,node_5578,electron_loss,ionization,1.0
edge_7524,ETFE,node_0909,node_5579,electron_gain,ionization,1.0
edge_7525,ETFE,node_0909,node_5580,protonation,ionization,1.0
edge_7526,ETFE,node_0909,node_5581,deprotonation,ionization,1.0
edge_7527,ETFE,node_0910,node_5582,electron_loss,ionization,1.0
edge_7528,ETFE,node_0910,node_5583,electron_gain,ionization,1.0
edge_7529,ETFE,node_0910,node_5584,protonation,ionization,1.0
edge_7530,ETFE,node_0910,node_5585,deprotonation,ionization,1.0
edge_7531,ETFE,node_0911,node_5586,electron_loss,ionization,1.0
edge_7532,ETFE,node_0911,node_5587,electron_gain,ionization,1.0
edge_7533,ETFE,node_0911,node_5588,protonation,ionization,1.0
edge_7534,ETFE,node_0911,node_5589,deprotonation,ionization,1.0
edge_7535,ETFE,node_0912,node_5590,electron_loss,ionization,1.0
edge_7536,ETFE,node_0912,node_5591,electron_gain,ionization,1.0
edge_7537,ETFE,node_0912,node_5592,protonation,ionization,1.0
edge_7538,ETFE,node_0912,node_5593,deprotonation,ionization,1.0
edge_7539,ETFE,node_0913,node_5594,electron_loss,ionization,1.0
edge_7540,ETFE,node_0913,node_5595,electron_gain,ionization,1.0
edge_7541,ETFE,node_0913,node_5596,protonation,ionization,1.0
edge_7542,ETFE,node_0913,node_5597,deprotonation,ionization,1.0
edge_7543,ETFE,node_0914,node_5598,electron_loss,ionization,1.0
edge_7544,ETFE,node_0914,node_5599,electron_gain,ionization,1.0
edge_7545,ETFE,node_0914,node_5600,protonation,ionization,1.0
edge_7546,ETFE,node_0914,node_5601,deprotonation,ionization,1.0
edge_7547,ETFE,node_0915,node_5602,electron_loss,ionization,1.0
edge_7548,ETFE,node_0915,node_5603,electron_gain,ionization,1.0
edge_7549,ETFE,node_0915,node_5604,protonation,ionization,1.0
edge_7550,ETFE,node_0915,node_5605,deprotonation,ionization,1.0
edge_7551,ETFE,node_0916,node_5606,electron_loss,ionization,1.0
edge_7552,ETFE,node_0916,node_5607,electron_gain,ionization,1.0
edge_7553,ETFE,node_0916,node_5608,protonation,ionization,1.0
edge_7554,ETFE,node_0916,node_5609,deprotonation,ionization,1.0
edge_7555,ETFE,node_0917,node_5610,electron_loss,ionization,1.0
edge_7556,ETFE,node_0917,node_5611,electron_gain,ionization,1.0
edge_7557,ETFE,node_0917,node_5612,protonation,ionization,1.0
edge_7558,ETFE,node_0917,node_5613,deprotonation,ionization,1.0
edge_7559,ETFE,node_0918,node_5614,electron_loss,ionization,1.0
edge_7560,ETFE,node_0918,node_5615,electron_gain,ionization,1.0
edge_7561,ETFE,node_0918,node_5616,protonation,ionization,1.0
edge_7562,ETFE,node_0918,node_5617,deprotonation,ionization,1.0
edge_7563,ETFE,node_0919,node_5618,electron_loss,ionization,1.0
edge_7564,ETFE,node_0919,node_5619,electron_gain,ionization,1.0
edge_7565,ETFE,node_0919,node_5620,protonation,ionization,1.0
edge_7566,ETFE,node_0919,node_5621,deprotonation,ionization,1.0
edge_7567,ETFE,node_0920,node_5622,electron_loss,ionization,1.0
edge_7568,ETFE,node_0920,node_5623,electron_gain,ionization,1.0
edge_7569,ETFE,node_0920,node_5624,protonation,ionization,1.0
edge_7570,ETFE,node_0920,node_5625,deprotonation,ionization,1.0
edge_7571,ETFE,node_0921,node_5626,electron_loss,ionization,1.0
edge_7572,ETFE,node_0921,node_5627,electron_gain,ionization,1.0
edge_7573,ETFE,node_0921,node_5628,protonation,ionization,1.0
edge_7574,ETFE,node_0921,node_5629,deprotonation,ionization,1.0
edge_7575,ETFE,node_0922,node_5630,electron_loss,ionization,1.0
edge_7576,ETFE,node_0922,node_5631,electron_gain,ionization,1.0
edge_7577,ETFE,node_0922,node_5632,protonation,ionization,1.0
edge_7578,ETFE,node_0922,node_5633,deprotonation,ionization,1.0
edge_7579,ETFE,node_0923,node_5634,electron_loss,ionization,1.0
edge_7580,ETFE,node_0923,node_5635,electron_gain,ionization,1.0
edge_7581,ETFE,node_0923,node_5636,protonation,ionization,1.0
edge_7582,ETFE,node_0923,node_5637,deprotonation,ionization,1.0
edge_7583,ETFE,node_0924,node_5638,electron_loss,ionization,1.0
edge_7584,ETFE,node_0924,node_5639,electron_gain,ionization,1.0
edge_7585,ETFE,node_0924,node_5640,protonation,ionization,1.0
edge_7586,ETFE,node_0924,node_5641,deprotonation,ionization,1.0
edge_7587,ETFE,node_0925,node_5642,electron_loss,ionization,1.0
edge_7588,ETFE,node_0925,node_5643,electron_gain,ionization,1.0
edge_7589,ETFE,node_0925,node_5644,protonation,ionization,1.0
edge_7590,ETFE,node_0925,node_5645,deprotonation,ionization,1.0
edge_7591,ETFE,node_0926,node_5646,electron_loss,ionization,1.0
edge_7592,ETFE,node_0926,node_5647,electron_gain,ionization,1.0
edge_7593,ETFE,node_0926,node_5648,protonation,ionization,1.0
edge_7594,ETFE,node_0926,node_5649,deprotonation,ionization,1.0
edge_7595,ETFE,node_0927,node_5650,electron_loss,ionization,1.0
edge_7596,ETFE,node_0927,node_5651,electron_gain,ionization,1.0
edge_7597,ETFE,node_0927,node_5652,protonation,ionization,1.0
edge_7598,ETFE,node_0927,node_5653,deprotonation,ionization,1.0
edge_7599,ETFE,node_0928,node_5654,electron_loss,ionization,1.0
edge_7600,ETFE,node_0928,node_5655,electron_gain,ionization,1.0
edge_7601,ETFE,node_0928,node_5656,protonation,ionization,1.0
edge_7602,ETFE,node_0928,node_5657,deprotonation,ionization,1.0
edge_7603,ETFE,node_0929,node_5658,electron_loss,ionization,1.0
edge_7604,ETFE,node_0929,node_5659,electron_gain,ionization,1.0
edge_7605,ETFE,node_0929,node_5660,protonation,ionization,1.0
edge_7606,ETFE,node_0929,node_5661,deprotonation,ionization,1.0
edge_7607,ETFE,node_0930,node_5662,electron_loss,ionization,1.0
edge_7608,ETFE,node_0930,node_5663,electron_gain,ionization,1.0
edge_7609,ETFE,node_0930,node_5664,protonation,ionization,1.0
edge_7610,ETFE,node_0930,node_5665,deprotonation,ionization,1.0
edge_7611,ETFE,node_0931,node_5666,electron_loss,ionization,1.0
edge_7612,ETFE,node_0931,node_5667,electron_gain,ionization,1.0
edge_7613,ETFE,node_0931,node_5668,protonation,ionization,1.0
edge_7614,ETFE,node_0931,node_5669,deprotonation,ionization,1.0
edge_7615,ETFE,node_0932,node_5670,electron_loss,ionization,1.0
edge_7616,ETFE,node_0932,node_5671,electron_gain,ionization,1.0
edge_7617,ETFE,node_0932,node_5672,protonation,ionization,1.0
edge_7618,ETFE,node_0932,node_5673,deprotonation,ionization,1.0
edge_7619,ETFE,node_0933,node_5674,electron_loss,ionization,1.0
edge_7620,ETFE,node_0933,node_5675,electron_gain,ionization,1.0
edge_7621,ETFE,node_0933,node_5676,protonation,ionization,1.0
edge_7622,ETFE,node_0933,node_5677,deprotonation,ionization,1.0
edge_7623,ETFE,node_0934,node_5678,electron_loss,ionization,1.0
edge_7624,ETFE,node_0934,node_5679,electron_gain,ionization,1.0
edge_7625,ETFE,node_0934,node_5680,protonation,ionization,1.0
edge_7626,ETFE,node_0934,node_5681,deprotonation,ionization,1.0
edge_7627,ETFE,node_0935,node_5682,electron_loss,ionization,1.0
edge_7628,ETFE,node_0935,node_5683,electron_gain,ionization,1.0
edge_7629,ETFE,node_0935,node_5684,protonation,ionization,1.0
edge_7630,ETFE,node_0935,node_5685,deprotonation,ionization,1.0
edge_7631,ETFE,node_0936,node_5686,electron_loss,ionization,1.0
edge_7632,ETFE,node_0936,node_5687,electron_gain,ionization,1.0
edge_7633,ETFE,node_0936,node_5688,protonation,ionization,1.0
edge_7634,ETFE,node_0936,node_5689,deprotonation,ionization,1.0
edge_7635,ETFE,node_0937,node_5690,electron_loss,ionization,1.0
edge_7636,ETFE,node_0937,node_5691,electron_gain,ionization,1.0
edge_7637,ETFE,node_0937,node_5692,protonation,ionization,1.0
edge_7638,ETFE,node_0937,node_5693,deprotonation,ionization,1.0
edge_7639,ETFE,node_0938,node_5694,electron_loss,ionization,1.0
edge_7640,ETFE,node_0938,node_5695,electron_gain,ionization,1.0
edge_7641,ETFE,node_0938,node_5696,protonation,ionization,1.0
edge_7642,ETFE,node_0938,node_5697,deprotonation,ionization,1.0
edge_7643,ETFE,node_0939,node_5698,electron_loss,ionization,1.0
edge_7644,ETFE,node_0939,node_5699,electron_gain,ionization,1.0
edge_7645,ETFE,node_0939,node_5700,protonation,ionization,1.0
edge_7646,ETFE,node_0939,node_5701,deprotonation,ionization,1.0
edge_7647,ETFE,node_0940,node_5702,electron_loss,ionization,1.0
edge_7648,ETFE,node_0940,node_5703,electron_gain,ionization,1.0
edge_7649,ETFE,node_0940,node_5704,protonation,ionization,1.0
edge_7650,ETFE,node_0940,node_5705,deprotonation,ionization,1.0
edge_7651,ETFE,node_0941,node_5706,electron_loss,ionization,1.0
edge_7652,ETFE,node_0941,node_5707,electron_gain,ionization,1.0
edge_7653,ETFE,node_0941,node_5708,protonation,ionization,1.0
edge_7654,ETFE,node_0941,node_5709,deprotonation,ionization,1.0
edge_7655,ETFE,node_0942,node_5710,electron_loss,ionization,1.0
edge_7656,ETFE,node_0942,node_5711,electron_gain,ionization,1.0
edge_7657,ETFE,node_0942,node_5712,protonation,ionization,1.0
edge_7658,ETFE,node_0942,node_5713,deprotonation,ionization,1.0
edge_7659,ETFE,node_0943,node_5714,electron_loss,ionization,1.0
edge_7660,ETFE,node_0943,node_5715,electron_gain,ionization,1.0
edge_7661,ETFE,node_0943,node_5716,protonation,ionization,1.0
edge_7662,ETFE,node_0943,node_5717,deprotonation,ionization,1.0
edge_7663,ETFE,node_0944,node_5718,electron_loss,ionization,1.0
edge_7664,ETFE,node_0944,node_5719,electron_gain,ionization,1.0
edge_7665,ETFE,node_0944,node_5720,protonation,ionization,1.0
edge_7666,ETFE,node_0944,node_5721,deprotonation,ionization,1.0
edge_7667,ETFE,node_0945,node_5722,electron_loss,ionization,1.0
edge_7668,ETFE,node_0945,node_5723,electron_gain,ionization,1.0
edge_7669,ETFE,node_0945,node_5724,protonation,ionization,1.0
edge_7670,ETFE,node_0945,node_5725,deprotonation,ionization,1.0
edge_7671,ETFE,node_0946,node_5726,electron_loss,ionization,1.0
edge_7672,ETFE,node_0946,node_5727,electron_gain,ionization,1.0
edge_7673,ETFE,node_0946,node_5728,protonation,ionization,1.0
edge_7674,ETFE,node_0946,node_5729,deprotonation,ionization,1.0
edge_7675,ETFE,node_0947,node_5730,electron_loss,ionization,1.0
edge_7676,ETFE,node_0947,node_5731,electron_gain,ionization,1.0
edge_7677,ETFE,node_0947,node_5732,protonation,ionization,1.0
edge_7678,ETFE,node_0947,node_5733,deprotonation,ionization,1.0
edge_7679,ETFE,node_0948,node_5734,electron_loss,ionization,1.0
edge_7680,ETFE,node_0948,node_5735,electron_gain,ionization,1.0
edge_7681,ETFE,node_0948,node_5736,protonation,ionization,1.0
edge_7682,ETFE,node_0948,node_5737,deprotonation,ionization,1.0
edge_7683,ETFE,node_0949,node_5738,electron_loss,ionization,1.0
edge_7684,ETFE,node_0949,node_5739,electron_gain,ionization,1.0
edge_7685,ETFE,node_0949,node_5740,protonation,ionization,1.0
edge_7686,ETFE,node_0949,node_5741,deprotonation,ionization,1.0
edge_7687,ETFE,node_0950,node_5742,electron_loss,ionization,1.0
edge_7688,ETFE,node_0950,node_5743,electron_gain,ionization,1.0
edge_7689,ETFE,node_0950,node_5744,protonation,ionization,1.0
edge_7690,ETFE,node_0950,node_5745,deprotonation,ionization,1.0
edge_7691,ETFE,node_0951,node_5746,electron_loss,ionization,1.0
edge_7692,ETFE,node_0951,node_5747,electron_gain,ionization,1.0
edge_7693,ETFE,node_0951,node_5748,protonation,ionization,1.0
edge_7694,ETFE,node_0951,node_5749,deprotonation,ionization,1.0
edge_7695,ETFE,node_0952,node_5750,electron_loss,ionization,1.0
edge_7696,ETFE,node_0952,node_5751,electron_gain,ionization,1.0
edge_7697,ETFE,node_0952,node_5752,protonation,ionization,1.0
edge_7698,ETFE,node_0952,node_5753,deprotonation,ionization,1.0
edge_7699,ETFE,node_0953,node_5754,electron_loss,ionization,1.0
edge_7700,ETFE,node_0953,node_5755,electron_gain,ionization,1.0
edge_7701,ETFE,node_0953,node_5756,protonation,ionization,1.0
edge_7702,ETFE,node_0953,node_5757,deprotonation,ionization,1.0
edge_7703,ETFE,node_0954,node_5758,electron_loss,ionization,1.0
edge_7704,ETFE,node_0954,node_5759,electron_gain,ionization,1.0
edge_7705,ETFE,node_0954,node_5760,protonation,ionization,1.0
edge_7706,ETFE,node_0954,node_5761,deprotonation,ionization,1.0
edge_7707,ETFE,node_0955,node_5762,electron_loss,ionization,1.0
edge_7708,ETFE,node_0955,node_5763,electron_gain,ionization,1.0
edge_7709,ETFE,node_0955,node_5764,protonation,ionization,1.0
edge_7710,ETFE,node_0955,node_5765,deprotonation,ionization,1.0
edge_7711,ETFE,node_0956,node_5766,electron_loss,ionization,1.0
edge_7712,ETFE,node_0956,node_5767,electron_gain,ionization,1.0
edge_7713,ETFE,node_0956,node_5768,protonation,ionization,1.0
edge_7714,ETFE,node_0956,node_5769,deprotonation,ionization,1.0
edge_7715,ETFE,node_0957,node_5770,electron_loss,ionization,1.0
edge_7716,ETFE,node_0957,node_5771,electron_gain,ionization,1.0
edge_7717,ETFE,node_0957,node_5772,protonation,ionization,1.0
edge_7718,ETFE,node_0957,node_5773,deprotonation,ionization,1.0
edge_7719,ETFE,node_0958,node_5774,electron_loss,ionization,1.0
edge_7720,ETFE,node_0958,node_5775,electron_gain,ionization,1.0
edge_7721,ETFE,node_0958,node_5776,protonation,ionization,1.0
edge_7722,ETFE,node_0958,node_5777,deprotonation,ionization,1.0
edge_7723,ETFE,node_0959,node_5778,electron_loss,ionization,1.0
edge_7724,ETFE,node_0959,node_5779,electron_gain,ionization,1.0
edge_7725,ETFE,node_0959,node_5780,protonation,ionization,1.0
edge_7726,ETFE,node_0959,node_5781,deprotonation,ionization,1.0
edge_7727,ETFE,node_0960,node_5782,electron_loss,ionization,1.0
edge_7728,ETFE,node_0960,node_5783,electron_gain,ionization,1.0
edge_7729,ETFE,node_0960,node_5784,protonation,ionization,1.0
edge_7730,ETFE,node_0960,node_5785,deprotonation,ionization,1.0
edge_7731,ETFE,node_0961,node_5786,electron_loss,ionization,1.0
edge_7732,ETFE,node_0961,node_5787,electron_gain,ionization,1.0
edge_7733,ETFE,node_0961,node_5788,protonation,ionization,1.0
edge_7734,ETFE,node_0961,node_5789,deprotonation,ionization,1.0
edge_7735,ETFE,node_0962,node_5790,electron_loss,ionization,1.0
edge_7736,ETFE,node_0962,node_5791,electron_gain,ionization,1.0
edge_7737,ETFE,node_0962,node_5792,protonation,ionization,1.0
edge_7738,ETFE,node_0962,node_5793,deprotonation,ionization,1.0
edge_7739,ETFE,node_0963,node_5794,electron_loss,ionization,1.0
edge_7740,ETFE,node_0963,node_5795,electron_gain,ionization,1.0
edge_7741,ETFE,node_0963,node_5796,protonation,ionization,1.0
edge_7742,ETFE,node_0963,node_5797,deprotonation,ionization,1.0
edge_7743,ETFE,node_0964,node_5798,electron_loss,ionization,1.0
edge_7744,ETFE,node_0964,node_5799,electron_gain,ionization,1.0
edge_7745,ETFE,node_0964,node_5800,protonation,ionization,1.0
edge_7746,ETFE,node_0964,node_5801,deprotonation,ionization,1.0
edge_7747,ETFE,node_0965,node_5802,electron_loss,ionization,1.0
edge_7748,ETFE,node_0965,node_5803,electron_gain,ionization,1.0
edge_7749,ETFE,node_0965,node_5804,protonation,ionization,1.0
edge_7750,ETFE,node_0965,node_5805,deprotonation,ionization,1.0
edge_7751,ETFE,node_0966,node_5806,electron_loss,ionization,1.0
edge_7752,ETFE,node_0966,node_5807,electron_gain,ionization,1.0
edge_7753,ETFE,node_0966,node_5808,protonation,ionization,1.0
edge_7754,ETFE,node_0966,node_5809,deprotonation,ionization,1.0
edge_7755,ETFE,node_0967,node_5810,electron_loss,ionization,1.0
edge_7756,ETFE,node_0967,node_5811,electron_gain,ionization,1.0
edge_7757,ETFE,node_0967,node_5812,protonation,ionization,1.0
edge_7758,ETFE,node_0967,node_5813,deprotonation,ionization,1.0
edge_7759,ETFE,node_0968,node_5814,electron_loss,ionization,1.0
edge_7760,ETFE,node_0968,node_5815,electron_gain,ionization,1.0
edge_7761,ETFE,node_0968,node_5816,protonation,ionization,1.0
edge_7762,ETFE,node_0968,node_5817,deprotonation,ionization,1.0
edge_7763,ETFE,node_0969,node_5818,electron_loss,ionization,1.0
edge_7764,ETFE,node_0969,node_5819,electron_gain,ionization,1.0
edge_7765,ETFE,node_0969,node_5820,protonation,ionization,1.0
edge_7766,ETFE,node_0969,node_5821,deprotonation,ionization,1.0
edge_7767,ETFE,node_0970,node_5822,electron_loss,ionization,1.0
edge_7768,ETFE,node_0970,node_5823,electron_gain,ionization,1.0
edge_7769,ETFE,node_0970,node_5824,protonation,ionization,1.0
edge_7770,ETFE,node_0970,node_5825,deprotonation,ionization,1.0
edge_7771,ETFE,node_0971,node_5826,electron_loss,ionization,1.0
edge_7772,ETFE,node_0971,node_5827,electron_gain,ionization,1.0
edge_7773,ETFE,node_0971,node_5828,protonation,ionization,1.0
edge_7774,ETFE,node_0971,node_5829,deprotonation,ionization,1.0
edge_7775,ETFE,node_0972,node_5830,electron_loss,ionization,1.0
edge_7776,ETFE,node_0972,node_5831,electron_gain,ionization,1.0
edge_7777,ETFE,node_0972,node_5832,protonation,ionization,1.0
edge_7778,ETFE,node_0972,node_5833,deprotonation,ionization,1.0
edge_7779,ETFE,node_0973,node_5834,electron_loss,ionization,1.0
edge_7780,ETFE,node_0973,node_5835,electron_gain,ionization,1.0
edge_7781,ETFE,node_0973,node_5836,protonation,ionization,1.0
edge_7782,ETFE,node_0973,node_5837,deprotonation,ionization,1.0
edge_7783,ETFE,node_0974,node_5838,electron_loss,ionization,1.0
edge_7784,ETFE,node_0974,node_5839,electron_gain,ionization,1.0
edge_7785,ETFE,node_0974,node_5840,protonation,ionization,1.0
edge_7786,ETFE,node_0974,node_5841,deprotonation,ionization,1.0
edge_7787,ETFE,node_0975,node_5842,electron_loss,ionization,1.0
edge_7788,ETFE,node_0975,node_5843,electron_gain,ionization,1.0
edge_7789,ETFE,node_0975,node_5844,protonation,ionization,1.0
edge_7790,ETFE,node_0975,node_5845,deprotonation,ionization,1.0
edge_7791,ETFE,node_0976,node_5846,electron_loss,ionization,1.0
edge_7792,ETFE,node_0976,node_5847,electron_gain,ionization,1.0
edge_7793,ETFE,node_0976,node_5848,protonation,ionization,1.0
edge_7794,ETFE,node_0976,node_5849,deprotonation,ionization,1.0
edge_7795,ETFE,node_0977,node_5850,electron_loss,ionization,1.0
edge_7796,ETFE,node_0977,node_5851,electron_gain,ionization,1.0
edge_7797,ETFE,node_0977,node_5852,protonation,ionization,1.0
edge_7798,ETFE,node_0977,node_5853,deprotonation,ionization,1.0
edge_7799,ETFE,node_0978,node_5854,electron_loss,ionization,1.0
edge_7800,ETFE,node_0978,node_5855,electron_gain,ionization,1.0
edge_7801,ETFE,node_0978,node_5856,protonation,ionization,1.0
edge_7802,ETFE,node_0978,node_5857,deprotonation,ionization,1.0
edge_7803,ETFE,node_0979,node_5858,electron_loss,ionization,1.0
edge_7804,ETFE,node_0979,node_5859,electron_gain,ionization,1.0
edge_7805,ETFE,node_0979,node_5860,protonation,ionization,1.0
edge_7806,ETFE,node_0979,node_5861,deprotonation,ionization,1.0
edge_7807,ETFE,node_0980,node_5862,electron_loss,ionization,1.0
edge_7808,ETFE,node_0980,node_5863,electron_gain,ionization,1.0
edge_7809,ETFE,node_0980,node_5864,protonation,ionization,1.0
edge_7810,ETFE,node_0980,node_5865,deprotonation,ionization,1.0
edge_7811,ETFE,node_0981,node_5866,electron_loss,ionization,1.0
edge_7812,ETFE,node_0981,node_5867,electron_gain,ionization,1.0
edge_7813,ETFE,node_0981,node_5868,protonation,ionization,1.0
edge_7814,ETFE,node_0981,node_5869,deprotonation,ionization,1.0
edge_7815,ETFE,node_0982,node_5870,electron_loss,ionization,1.0
edge_7816,ETFE,node_0982,node_5871,electron_gain,ionization,1.0
edge_7817,ETFE,node_0982,node_5872,protonation,ionization,1.0
edge_7818,ETFE,node_0982,node_5873,deprotonation,ionization,1.0
edge_7819,ETFE,node_0983,node_5874,electron_loss,ionization,1.0
edge_7820,ETFE,node_0983,node_5875,electron_gain,ionization,1.0
edge_7821,ETFE,node_0983,node_5876,protonation,ionization,1.0
edge_7822,ETFE,node_0983,node_5877,deprotonation,ionization,1.0
edge_7823,ETFE,node_0984,node_5878,electron_loss,ionization,1.0
edge_7824,ETFE,node_0984,node_5879,electron_gain,ionization,1.0
edge_7825,ETFE,node_0984,node_5880,protonation,ionization,1.0
edge_7826,ETFE,node_0984,node_5881,deprotonation,ionization,1.0
edge_7827,ETFE,node_0985,node_5882,electron_loss,ionization,1.0
edge_7828,ETFE,node_0985,node_5883,electron_gain,ionization,1.0
edge_7829,ETFE,node_0985,node_5884,protonation,ionization,1.0
edge_7830,ETFE,node_0985,node_5885,deprotonation,ionization,1.0
edge_7831,ETFE,node_0986,node_5886,electron_loss,ionization,1.0
edge_7832,ETFE,node_0986,node_5887,electron_gain,ionization,1.0
edge_7833,ETFE,node_0986,node_5888,protonation,ionization,1.0
edge_7834,ETFE,node_0986,node_5889,deprotonation,ionization,1.0
edge_7835,ETFE,node_0987,node_5890,electron_loss,ionization,1.0
edge_7836,ETFE,node_0987,node_5891,electron_gain,ionization,1.0
edge_7837,ETFE,node_0987,node_5892,protonation,ionization,1.0
edge_7838,ETFE,node_0987,node_5893,deprotonation,ionization,1.0
edge_7839,ETFE,node_0988,node_5894,electron_loss,ionization,1.0
edge_7840,ETFE,node_0988,node_5895,electron_gain,ionization,1.0
edge_7841,ETFE,node_0988,node_5896,protonation,ionization,1.0
edge_7842,ETFE,node_0988,node_5897,deprotonation,ionization,1.0
edge_7843,ETFE,node_0989,node_5898,electron_loss,ionization,1.0
edge_7844,ETFE,node_0989,node_5899,electron_gain,ionization,1.0
edge_7845,ETFE,node_0989,node_5900,protonation,ionization,1.0
edge_7846,ETFE,node_0989,node_5901,deprotonation,ionization,1.0
edge_7847,ETFE,node_0990,node_5902,electron_loss,ionization,1.0
edge_7848,ETFE,node_0990,node_5903,electron_gain,ionization,1.0
edge_7849,ETFE,node_0990,node_5904,protonation,ionization,1.0
edge_7850,ETFE,node_0990,node_5905,deprotonation,ionization,1.0
edge_7851,ETFE,node_0991,node_5906,electron_loss,ionization,1.0
edge_7852,ETFE,node_0991,node_5907,electron_gain,ionization,1.0
edge_7853,ETFE,node_0991,node_5908,protonation,ionization,1.0
edge_7854,ETFE,node_0991,node_5909,deprotonation,ionization,1.0
edge_7855,ETFE,node_0992,node_5910,electron_loss,ionization,1.0
edge_7856,ETFE,node_0992,node_5911,electron_gain,ionization,1.0
edge_7857,ETFE,node_0992,node_5912,protonation,ionization,1.0
edge_7858,ETFE,node_0992,node_5913,deprotonation,ionization,1.0
edge_7859,ETFE,node_0993,node_5914,electron_loss,ionization,1.0
edge_7860,ETFE,node_0993,node_5915,electron_gain,ionization,1.0
edge_7861,ETFE,node_0993,node_5916,protonation,ionization,1.0
edge_7862,ETFE,node_0993,node_5917,deprotonation,ionization,1.0
edge_7863,ETFE,node_0994,node_5918,electron_loss,ionization,1.0
edge_7864,ETFE,node_0994,node_5919,electron_gain,ionization,1.0
edge_7865,ETFE,node_0994,node_5920,protonation,ionization,1.0
edge_7866,ETFE,node_0994,node_5921,deprotonation,ionization,1.0
edge_7867,ETFE,node_0995,node_5922,electron_loss,ionization,1.0
edge_7868,ETFE,node_0995,node_5923,electron_gain,ionization,1.0
edge_7869,ETFE,node_0995,node_5924,protonation,ionization,1.0
edge_7870,ETFE,node_0995,node_5925,deprotonation,ionization,1.0
edge_7871,ETFE,node_0996,node_5926,electron_loss,ionization,1.0
edge_7872,ETFE,node_0996,node_5927,electron_gain,ionization,1.0
edge_7873,ETFE,node_0996,node_5928,protonation,ionization,1.0
edge_7874,ETFE,node_0996,node_5929,deprotonation,ionization,1.0
edge_7875,ETFE,node_0997,node_5930,electron_loss,ionization,1.0
edge_7876,ETFE,node_0997,node_5931,electron_gain,ionization,1.0
edge_7877,ETFE,node_0997,node_5932,protonation,ionization,1.0
edge_7878,ETFE,node_0997,node_5933,deprotonation,ionization,1.0
edge_7879,ETFE,node_0998,node_5934,electron_loss,ionization,1.0
edge_7880,ETFE,node_0998,node_5935,electron_gain,ionization,1.0
edge_7881,ETFE,node_0998,node_5936,protonation,ionization,1.0
edge_7882,ETFE,node_0998,node_5937,deprotonation,ionization,1.0
edge_7883,ETFE,node_0999,node_5938,electron_loss,ionization,1.0
edge_7884,ETFE,node_0999,node_5939,electron_gain,ionization,1.0
edge_7885,ETFE,node_0999,node_5940,protonation,ionization,1.0
edge_7886,ETFE,node_0999,node_5941,deprotonation,ionization,1.0
edge_7887,ETFE,node_1000,node_5942,electron_loss,ionization,1.0
edge_7888,ETFE,node_1000,node_5943,electron_gain,ionization,1.0
edge_7889,ETFE,node_1000,node_5944,protonation,ionization,1.0
edge_7890,ETFE,node_1000,node_5945,deprotonation,ionization,1.0
edge_7891,ETFE,node_1001,node_5946,electron_loss,ionization,1.0
edge_7892,ETFE,node_1001,node_5947,electron_gain,ionization,1.0
edge_7893,ETFE,node_1001,node_5948,protonation,ionization,1.0
edge_7894,ETFE,node_1001,node_5949,deprotonation,ionization,1.0
edge_7895,ETFE,node_1002,node_5950,electron_loss,ionization,1.0
edge_7896,ETFE,node_1002,node_5951,electron_gain,ionization,1.0
edge_7897,ETFE,node_1002,node_5952,protonation,ionization,1.0
edge_7898,ETFE,node_1002,node_5953,deprotonation,ionization,1.0
edge_7899,ETFE,node_1003,node_5954,electron_loss,ionization,1.0
edge_7900,ETFE,node_1003,node_5955,electron_gain,ionization,1.0
edge_7901,ETFE,node_1003,node_5956,protonation,ionization,1.0
edge_7902,ETFE,node_1003,node_5957,deprotonation,ionization,1.0
edge_7903,ETFE,node_1004,node_5958,electron_loss,ionization,1.0
edge_7904,ETFE,node_1004,node_5959,electron_gain,ionization,1.0
edge_7905,ETFE,node_1004,node_5960,protonation,ionization,1.0
edge_7906,ETFE,node_1004,node_5961,deprotonation,ionization,1.0
edge_7907,ETFE,node_1005,node_5962,electron_loss,ionization,1.0
edge_7908,ETFE,node_1005,node_5963,electron_gain,ionization,1.0
edge_7909,ETFE,node_1005,node_5964,protonation,ionization,1.0
edge_7910,ETFE,node_1005,node_5965,deprotonation,ionization,1.0
edge_7911,ETFE,node_1006,node_5966,electron_loss,ionization,1.0
edge_7912,ETFE,node_1006,node_5967,electron_gain,ionization,1.0
edge_7913,ETFE,node_1006,node_5968,protonation,ionization,1.0
edge_7914,ETFE,node_1006,node_5969,deprotonation,ionization,1.0
edge_7915,ETFE,node_1007,node_5970,electron_loss,ionization,1.0
edge_7916,ETFE,node_1007,node_5971,electron_gain,ionization,1.0
edge_7917,ETFE,node_1007,node_5972,protonation,ionization,1.0
edge_7918,ETFE,node_1007,node_5973,deprotonation,ionization,1.0
edge_7919,ETFE,node_1008,node_5974,electron_loss,ionization,1.0
edge_7920,ETFE,node_1008,node_5975,electron_gain,ionization,1.0
edge_7921,ETFE,node_1008,node_5976,protonation,ionization,1.0
edge_7922,ETFE,node_1008,node_5977,deprotonation,ionization,1.0
edge_7923,ETFE,node_1009,node_5978,electron_loss,ionization,1.0
edge_7924,ETFE,node_1009,node_5979,electron_gain,ionization,1.0
edge_7925,ETFE,node_1009,node_5980,protonation,ionization,1.0
edge_7926,ETFE,node_1009,node_5981,deprotonation,ionization,1.0
edge_7927,ETFE,node_1010,node_5982,electron_loss,ionization,1.0
edge_7928,ETFE,node_1010,node_5983,electron_gain,ionization,1.0
edge_7929,ETFE,node_1010,node_5984,protonation,ionization,1.0
edge_7930,ETFE,node_1010,node_5985,deprotonation,ionization,1.0
edge_7931,ETFE,node_1011,node_5986,electron_loss,ionization,1.0
edge_7932,ETFE,node_1011,node_5987,electron_gain,ionization,1.0
edge_7933,ETFE,node_1011,node_5988,protonation,ionization,1.0
edge_7934,ETFE,node_1011,node_5989,deprotonation,ionization,1.0
edge_7935,ETFE,node_1012,node_5990,electron_loss,ionization,1.0
edge_7936,ETFE,node_1012,node_5991,electron_gain,ionization,1.0
edge_7937,ETFE,node_1012,node_5992,protonation,ionization,1.0
edge_7938,ETFE,node_1012,node_5993,deprotonation,ionization,1.0
edge_7939,ETFE,node_1013,node_5994,electron_loss,ionization,1.0
edge_7940,ETFE,node_1013,node_5995,electron_gain,ionization,1.0
edge_7941,ETFE,node_1013,node_5996,protonation,ionization,1.0
edge_7942,ETFE,node_1013,node_5997,deprotonation,ionization,1.0
edge_7943,ETFE,node_1014,node_5998,electron_loss,ionization,1.0
edge_7944,ETFE,node_1014,node_5999,electron_gain,ionization,1.0
edge_7945,ETFE,node_1014,node_6000,protonation,ionization,1.0
edge_7946,ETFE,node_1014,node_6001,deprotonation,ionization,1.0
edge_7947,ETFE,node_1015,node_6002,electron_loss,ionization,1.0
edge_7948,ETFE,node_1015,node_6003,electron_gain,ionization,1.0
edge_7949,ETFE,node_1015,node_6004,protonation,ionization,1.0
edge_7950,ETFE,node_1015,node_6005,deprotonation,ionization,1.0
edge_7951,ETFE,node_1016,node_6006,electron_loss,ionization,1.0
edge_7952,ETFE,node_1016,node_6007,electron_gain,ionization,1.0
edge_7953,ETFE,node_1016,node_6008,protonation,ionization,1.0
edge_7954,ETFE,node_1016,node_6009,deprotonation,ionization,1.0
edge_7955,ETFE,node_1017,node_6010,electron_loss,ionization,1.0
edge_7956,ETFE,node_1017,node_6011,electron_gain,ionization,1.0
edge_7957,ETFE,node_1017,node_6012,protonation,ionization,1.0
edge_7958,ETFE,node_1017,node_6013,deprotonation,ionization,1.0
edge_7959,ETFE,node_1018,node_6014,electron_loss,ionization,1.0
edge_7960,ETFE,node_1018,node_6015,electron_gain,ionization,1.0
edge_7961,ETFE,node_1018,node_6016,protonation,ionization,1.0
edge_7962,ETFE,node_1018,node_6017,deprotonation,ionization,1.0
edge_7963,ETFE,node_1019,node_6018,electron_loss,ionization,1.0
edge_7964,ETFE,node_1019,node_6019,electron_gain,ionization,1.0
edge_7965,ETFE,node_1019,node_6020,protonation,ionization,1.0
edge_7966,ETFE,node_1019,node_6021,deprotonation,ionization,1.0
edge_7967,ETFE,node_1020,node_6022,electron_loss,ionization,1.0
edge_7968,ETFE,node_1020,node_6023,electron_gain,ionization,1.0
edge_7969,ETFE,node_1020,node_6024,protonation,ionization,1.0
edge_7970,ETFE,node_1020,node_6025,deprotonation,ionization,1.0
edge_7971,ETFE,node_1021,node_6026,electron_loss,ionization,1.0
edge_7972,ETFE,node_1021,node_6027,electron_gain,ionization,1.0
edge_7973,ETFE,node_1021,node_6028,protonation,ionization,1.0
edge_7974,ETFE,node_1021,node_6029,deprotonation,ionization,1.0
edge_7975,ETFE,node_1022,node_6030,electron_loss,ionization,1.0
edge_7976,ETFE,node_1022,node_6031,electron_gain,ionization,1.0
edge_7977,ETFE,node_1022,node_6032,protonation,ionization,1.0
edge_7978,ETFE,node_1022,node_6033,deprotonation,ionization,1.0
edge_7979,ETFE,node_1023,node_6034,electron_loss,ionization,1.0
edge_7980,ETFE,node_1023,node_6035,electron_gain,ionization,1.0
edge_7981,ETFE,node_1023,node_6036,protonation,ionization,1.0
edge_7982,ETFE,node_1023,node_6037,deprotonation,ionization,1.0
edge_7983,ETFE,node_1024,node_6038,electron_loss,ionization,1.0
edge_7984,ETFE,node_1024,node_6039,electron_gain,ionization,1.0
edge_7985,ETFE,node_1024,node_6040,protonation,ionization,1.0
edge_7986,ETFE,node_1024,node_6041,deprotonation,ionization,1.0
edge_7987,ETFE,node_1025,node_6042,electron_loss,ionization,1.0
edge_7988,ETFE,node_1025,node_6043,electron_gain,ionization,1.0
edge_7989,ETFE,node_1025,node_6044,protonation,ionization,1.0
edge_7990,ETFE,node_1025,node_6045,deprotonation,ionization,1.0
edge_7991,ETFE,node_1026,node_6046,electron_loss,ionization,1.0
edge_7992,ETFE,node_1026,node_6047,electron_gain,ionization,1.0
edge_7993,ETFE,node_1026,node_6048,protonation,ionization,1.0
edge_7994,ETFE,node_1026,node_6049,deprotonation,ionization,1.0
edge_7995,ETFE,node_1027,node_6050,electron_loss,ionization,1.0
edge_7996,ETFE,node_1027,node_6051,electron_gain,ionization,1.0
edge_7997,ETFE,node_1027,node_6052,protonation,ionization,1.0
edge_7998,ETFE,node_1027,node_6053,deprotonation,ionization,1.0
edge_7999,ETFE,node_1028,node_6054,electron_loss,ionization,1.0
edge_8000,ETFE,node_1028,node_6055,electron_gain,ionization,1.0
edge_8001,ETFE,node_1028,node_6056,protonation,ionization,1.0
edge_8002,ETFE,node_1028,node_6057,deprotonation,ionization,1.0
edge_8003,ETFE,node_1029,node_6058,electron_loss,ionization,1.0
edge_8004,ETFE,node_1029,node_6059,electron_gain,ionization,1.0
edge_8005,ETFE,node_1029,node_6060,protonation,ionization,1.0
edge_8006,ETFE,node_1029,node_6061,deprotonation,ionization,1.0
edge_8007,ETFE,node_1030,node_6062,electron_loss,ionization,1.0
edge_8008,ETFE,node_1030,node_6063,electron_gain,ionization,1.0
edge_8009,ETFE,node_1030,node_6064,protonation,ionization,1.0
edge_8010,ETFE,node_1030,node_6065,deprotonation,ionization,1.0
edge_8011,ETFE,node_1031,node_6066,electron_loss,ionization,1.0
edge_8012,ETFE,node_1031,node_6067,electron_gain,ionization,1.0
edge_8013,ETFE,node_1031,node_6068,protonation,ionization,1.0
edge_8014,ETFE,node_1031,node_6069,deprotonation,ionization,1.0
edge_8015,ETFE,node_1032,node_6070,electron_loss,ionization,1.0
edge_8016,ETFE,node_1032,node_6071,electron_gain,ionization,1.0
edge_8017,ETFE,node_1032,node_6072,protonation,ionization,1.0
edge_8018,ETFE,node_1032,node_6073,deprotonation,ionization,1.0
edge_8019,ETFE,node_1033,node_6074,electron_loss,ionization,1.0
edge_8020,ETFE,node_1033,node_6075,electron_gain,ionization,1.0
edge_8021,ETFE,node_1033,node_6076,protonation,ionization,1.0
edge_8022,ETFE,node_1033,node_6077,deprotonation,ionization,1.0
edge_8023,ETFE,node_1034,node_6078,electron_loss,ionization,1.0
edge_8024,ETFE,node_1034,node_6079,electron_gain,ionization,1.0
edge_8025,ETFE,node_1034,node_6080,protonation,ionization,1.0
edge_8026,ETFE,node_1034,node_6081,deprotonation,ionization,1.0
edge_8027,ETFE,node_1035,node_6082,electron_loss,ionization,1.0
edge_8028,ETFE,node_1035,node_6083,electron_gain,ionization,1.0
edge_8029,ETFE,node_1035,node_6084,protonation,ionization,1.0
edge_8030,ETFE,node_1035,node_6085,deprotonation,ionization,1.0
edge_8031,ETFE,node_1036,node_6086,electron_loss,ionization,1.0
edge_8032,ETFE,node_1036,node_6087,electron_gain,ionization,1.0
edge_8033,ETFE,node_1036,node_6088,protonation,ionization,1.0
edge_8034,ETFE,node_1036,node_6089,deprotonation,ionization,1.0
edge_8035,ETFE,node_1037,node_6090,electron_loss,ionization,1.0
edge_8036,ETFE,node_1037,node_6091,electron_gain,ionization,1.0
edge_8037,ETFE,node_1037,node_6092,protonation,ionization,1.0
edge_8038,ETFE,node_1037,node_6093,deprotonation,ionization,1.0
edge_8039,ETFE,node_1038,node_6094,electron_loss,ionization,1.0
edge_8040,ETFE,node_1038,node_6095,electron_gain,ionization,1.0
edge_8041,ETFE,node_1038,node_6096,protonation,ionization,1.0
edge_8042,ETFE,node_1038,node_6097,deprotonation,ionization,1.0
edge_8043,ETFE,node_1039,node_6098,electron_loss,ionization,1.0
edge_8044,ETFE,node_1039,node_6099,electron_gain,ionization,1.0
edge_8045,ETFE,node_1039,node_6100,protonation,ionization,1.0
edge_8046,ETFE,node_1039,node_6101,deprotonation,ionization,1.0
edge_8047,ETFE,node_1040,node_6102,electron_loss,ionization,1.0
edge_8048,ETFE,node_1040,node_6103,electron_gain,ionization,1.0
edge_8049,ETFE,node_1040,node_6104,protonation,ionization,1.0
edge_8050,ETFE,node_1040,node_6105,deprotonation,ionization,1.0
edge_8051,ETFE,node_1041,node_6106,electron_loss,ionization,1.0
edge_8052,ETFE,node_1041,node_6107,electron_gain,ionization,1.0
edge_8053,ETFE,node_1041,node_6108,protonation,ionization,1.0
edge_8054,ETFE,node_1041,node_6109,deprotonation,ionization,1.0
edge_8055,ETFE,node_1042,node_6110,electron_loss,ionization,1.0
edge_8056,ETFE,node_1042,node_6111,electron_gain,ionization,1.0
edge_8057,ETFE,node_1042,node_6112,protonation,ionization,1.0
edge_8058,ETFE,node_1042,node_6113,deprotonation,ionization,1.0
edge_8059,ETFE,node_1043,node_6114,electron_loss,ionization,1.0
edge_8060,ETFE,node_1043,node_6115,electron_gain,ionization,1.0
edge_8061,ETFE,node_1043,node_6116,protonation,ionization,1.0
edge_8062,ETFE,node_1043,node_6117,deprotonation,ionization,1.0
edge_8063,ETFE,node_1044,node_6118,electron_loss,ionization,1.0
edge_8064,ETFE,node_1044,node_6119,electron_gain,ionization,1.0
edge_8065,ETFE,node_1044,node_6120,protonation,ionization,1.0
edge_8066,ETFE,node_1044,node_6121,deprotonation,ionization,1.0
edge_8067,ETFE,node_1045,node_6122,electron_loss,ionization,1.0
edge_8068,ETFE,node_1045,node_6123,electron_gain,ionization,1.0
edge_8069,ETFE,node_1045,node_6124,protonation,ionization,1.0
edge_8070,ETFE,node_1045,node_6125,deprotonation,ionization,1.0
edge_8071,ETFE,node_1046,node_6126,electron_loss,ionization,1.0
edge_8072,ETFE,node_1046,node_6127,electron_gain,ionization,1.0
edge_8073,ETFE,node_1046,node_6128,protonation,ionization,1.0
edge_8074,ETFE,node_1046,node_6129,deprotonation,ionization,1.0
edge_8075,ETFE,node_1047,node_6130,electron_loss,ionization,1.0
edge_8076,ETFE,node_1047,node_6131,electron_gain,ionization,1.0
edge_8077,ETFE,node_1047,node_6132,protonation,ionization,1.0
edge_8078,ETFE,node_1048,node_6133,electron_loss,ionization,1.0
edge_8079,ETFE,node_1048,node_6134,electron_gain,ionization,1.0
edge_8080,ETFE,node_1048,node_6135,protonation,ionization,1.0
edge_8081,ETFE,node_1048,node_6136,deprotonation,ionization,1.0
edge_8082,ETFE,node_1049,node_6137,electron_loss,ionization,1.0
edge_8083,ETFE,node_1049,node_6138,electron_gain,ionization,1.0
edge_8084,ETFE,node_1049,node_6139,protonation,ionization,1.0
edge_8085,ETFE,node_1049,node_6140,deprotonation,ionization,1.0
edge_8086,ETFE,node_1050,node_6141,electron_loss,ionization,1.0
edge_8087,ETFE,node_1050,node_6142,electron_gain,ionization,1.0
edge_8088,ETFE,node_1050,node_6143,protonation,ionization,1.0
edge_8089,ETFE,node_1050,node_6144,deprotonation,ionization,1.0
edge_8090,ETFE,node_1051,node_6145,electron_loss,ionization,1.0
edge_8091,ETFE,node_1051,node_6146,electron_gain,ionization,1.0
edge_8092,ETFE,node_1051,node_6147,protonation,ionization,1.0
edge_8093,ETFE,node_1051,node_6148,deprotonation,ionization,1.0
edge_8094,ETFE,node_1052,node_6149,electron_loss,ionization,1.0
edge_8095,ETFE,node_1052,node_6150,electron_gain,ionization,1.0
edge_8096,ETFE,node_1052,node_6151,protonation,ionization,1.0
edge_8097,ETFE,node_1052,node_6152,deprotonation,ionization,1.0
edge_8098,ETFE,node_1053,node_6153,electron_loss,ionization,1.0
edge_8099,ETFE,node_1053,node_6154,electron_gain,ionization,1.0
edge_8100,ETFE,node_1053,node_6155,protonation,ionization,1.0
edge_8101,ETFE,node_1053,node_6156,deprotonation,ionization,1.0
edge_8102,ETFE,node_1054,node_6157,electron_loss,ionization,1.0
edge_8103,ETFE,node_1054,node_6158,electron_gain,ionization,1.0
edge_8104,ETFE,node_1054,node_6159,protonation,ionization,1.0
edge_8105,ETFE,node_1054,node_6160,deprotonation,ionization,1.0
edge_8106,ETFE,node_1055,node_6161,electron_loss,ionization,1.0
edge_8107,ETFE,node_1055,node_6162,electron_gain,ionization,1.0
edge_8108,ETFE,node_1055,node_6163,protonation,ionization,1.0
edge_8109,ETFE,node_1055,node_6164,deprotonation,ionization,1.0
edge_8110,ETFE,node_1056,node_6165,electron_loss,ionization,1.0
edge_8111,ETFE,node_1056,node_6166,electron_gain,ionization,1.0
edge_8112,ETFE,node_1056,node_6167,protonation,ionization,1.0
edge_8113,ETFE,node_1056,node_6168,deprotonation,ionization,1.0
edge_8114,ETFE,node_1057,node_6169,electron_loss,ionization,1.0
edge_8115,ETFE,node_1057,node_6170,electron_gain,ionization,1.0
edge_8116,ETFE,node_1057,node_6171,protonation,ionization,1.0
edge_8117,ETFE,node_1057,node_6172,deprotonation,ionization,1.0
edge_8118,ETFE,node_1058,node_6173,electron_loss,ionization,1.0
edge_8119,ETFE,node_1058,node_6174,electron_gain,ionization,1.0
edge_8120,ETFE,node_1058,node_6175,protonation,ionization,1.0
edge_8121,ETFE,node_1058,node_6176,deprotonation,ionization,1.0
edge_8122,ETFE,node_1059,node_6177,electron_loss,ionization,1.0
edge_8123,ETFE,node_1059,node_6178,electron_gain,ionization,1.0
edge_8124,ETFE,node_1059,node_6179,protonation,ionization,1.0
edge_8125,ETFE,node_1059,node_6180,deprotonation,ionization,1.0
edge_8126,ETFE,node_1060,node_6181,electron_loss,ionization,1.0
edge_8127,ETFE,node_1060,node_6182,electron_gain,ionization,1.0
edge_8128,ETFE,node_1060,node_6183,protonation,ionization,1.0
edge_8129,ETFE,node_1060,node_6184,deprotonation,ionization,1.0
edge_8130,ETFE,node_1061,node_6185,electron_loss,ionization,1.0
edge_8131,ETFE,node_1061,node_6186,electron_gain,ionization,1.0
edge_8132,ETFE,node_1061,node_6187,protonation,ionization,1.0
edge_8133,ETFE,node_1061,node_6188,deprotonation,ionization,1.0
edge_8134,ETFE,node_1062,node_6189,electron_loss,ionization,1.0
edge_8135,ETFE,node_1062,node_6190,electron_gain,ionization,1.0
edge_8136,ETFE,node_1062,node_6191,protonation,ionization,1.0
edge_8137,ETFE,node_1062,node_6192,deprotonation,ionization,1.0
edge_8138,ETFE,node_1063,node_6193,electron_loss,ionization,1.0
edge_8139,ETFE,node_1063,node_6194,electron_gain,ionization,1.0
edge_8140,ETFE,node_1063,node_6195,protonation,ionization,1.0
edge_8141,ETFE,node_1064,node_6196,electron_loss,ionization,1.0
edge_8142,ETFE,node_1064,node_6197,electron_gain,ionization,1.0
edge_8143,ETFE,node_1064,node_6198,protonation,ionization,1.0
edge_8144,ETFE,node_1064,node_6199,deprotonation,ionization,1.0
edge_8145,ETFE,node_1065,node_6200,electron_loss,ionization,1.0
edge_8146,ETFE,node_1065,node_6201,electron_gain,ionization,1.0
edge_8147,ETFE,node_1065,node_6202,protonation,ionization,1.0
edge_8148,ETFE,node_1066,node_6203,electron_loss,ionization,1.0
edge_8149,ETFE,node_1066,node_6204,electron_gain,ionization,1.0
edge_8150,ETFE,node_1066,node_6205,protonation,ionization,1.0
edge_8151,ETFE,node_1066,node_6206,deprotonation,ionization,1.0
edge_8152,ETFE,node_1067,node_6207,electron_loss,ionization,1.0
edge_8153,ETFE,node_1067,node_6208,electron_gain,ionization,1.0
edge_8154,ETFE,node_1067,node_6209,protonation,ionization,1.0
edge_8155,ETFE,node_1067,node_6210,deprotonation,ionization,1.0
edge_8156,ETFE,node_1068,node_6211,electron_loss,ionization,1.0
edge_8157,ETFE,node_1068,node_6212,electron_gain,ionization,1.0
edge_8158,ETFE,node_1068,node_6213,protonation,ionization,1.0
edge_8159,ETFE,node_1069,node_6214,electron_loss,ionization,1.0
edge_8160,ETFE,node_1069,node_6215,electron_gain,ionization,1.0
edge_8161,ETFE,node_1069,node_6216,protonation,ionization,1.0
edge_8162,ETFE,node_1069,node_6217,deprotonation,ionization,1.0
edge_8163,ETFE,node_1070,node_6218,electron_loss,ionization,1.0
edge_8164,ETFE,node_1070,node_6219,electron_gain,ionization,1.0
edge_8165,ETFE,node_1070,node_6220,protonation,ionization,1.0
edge_8166,ETFE,node_1071,node_6221,electron_loss,ionization,1.0
edge_8167,ETFE,node_1071,node_6222,electron_gain,ionization,1.0
edge_8168,ETFE,node_1071,node_6223,protonation,ionization,1.0
edge_8169,ETFE,node_1071,node_6224,deprotonation,ionization,1.0
edge_8170,ETFE,node_1072,node_6225,electron_loss,ionization,1.0
edge_8171,ETFE,node_1072,node_6226,electron_gain,ionization,1.0
edge_8172,ETFE,node_1072,node_6227,protonation,ionization,1.0
edge_8173,ETFE,node_1072,node_6228,deprotonation,ionization,1.0
edge_8174,ETFE,node_1073,node_6229,electron_loss,ionization,1.0
edge_8175,ETFE,node_1073,node_6230,electron_gain,ionization,1.0
edge_8176,ETFE,node_1073,node_6231,protonation,ionization,1.0
edge_8177,ETFE,node_1073,node_6232,deprotonation,ionization,1.0
edge_8178,ETFE,node_1074,node_6233,electron_loss,ionization,1.0
edge_8179,ETFE,node_1074,node_6234,electron_gain,ionization,1.0
edge_8180,ETFE,node_1074,node_6235,protonation,ionization,1.0
edge_8181,ETFE,node_1074,node_6236,deprotonation,ionization,1.0
edge_8182,ETFE,node_1075,node_6237,electron_loss,ionization,1.0
edge_8183,ETFE,node_1075,node_6238,electron_gain,ionization,1.0
edge_8184,ETFE,node_1075,node_6239,protonation,ionization,1.0
edge_8185,ETFE,node_1075,node_6240,deprotonation,ionization,1.0
edge_8186,ETFE,node_1076,node_6241,electron_loss,ionization,1.0
edge_8187,ETFE,node_1076,node_6242,electron_gain,ionization,1.0
edge_8188,ETFE,node_1076,node_6243,protonation,ionization,1.0
edge_8189,ETFE,node_1076,node_6244,deprotonation,ionization,1.0
edge_8190,ETFE,node_1077,node_6245,electron_loss,ionization,1.0
edge_8191,ETFE,node_1077,node_6246,electron_gain,ionization,1.0
edge_8192,ETFE,node_1077,node_6247,protonation,ionization,1.0
edge_8193,ETFE,node_1077,node_6248,deprotonation,ionization,1.0
edge_8194,ETFE,node_1078,node_6249,electron_loss,ionization,1.0
edge_8195,ETFE,node_1078,node_6250,electron_gain,ionization,1.0
edge_8196,ETFE,node_1078,node_6251,protonation,ionization,1.0
edge_8197,ETFE,node_1078,node_6252,deprotonation,ionization,1.0
edge_8198,ETFE,node_1079,node_6253,electron_loss,ionization,1.0
edge_8199,ETFE,node_1079,node_6254,electron_gain,ionization,1.0
edge_8200,ETFE,node_1079,node_6255,protonation,ionization,1.0
edge_8201,ETFE,node_1079,node_6256,deprotonation,ionization,1.0
edge_8202,ETFE,node_1080,node_6257,electron_loss,ionization,1.0
edge_8203,ETFE,node_1080,node_6258,electron_gain,ionization,1.0
edge_8204,ETFE,node_1080,node_6259,protonation,ionization,1.0
edge_8205,ETFE,node_1080,node_6260,deprotonation,ionization,1.0
edge_8206,ETFE,node_1081,node_6261,electron_loss,ionization,1.0
edge_8207,ETFE,node_1081,node_6262,electron_gain,ionization,1.0
edge_8208,ETFE,node_1081,node_6263,protonation,ionization,1.0
edge_8209,ETFE,node_1081,node_6264,deprotonation,ionization,1.0
edge_8210,ETFE,node_1082,node_6265,electron_loss,ionization,1.0
edge_8211,ETFE,node_1082,node_6266,electron_gain,ionization,1.0
edge_8212,ETFE,node_1082,node_6267,protonation,ionization,1.0
edge_8213,ETFE,node_1082,node_6268,deprotonation,ionization,1.0
edge_8214,ETFE,node_1083,node_6269,electron_loss,ionization,1.0
edge_8215,ETFE,node_1083,node_6270,electron_gain,ionization,1.0
edge_8216,ETFE,node_1083,node_6271,protonation,ionization,1.0
edge_8217,ETFE,node_1083,node_6272,deprotonation,ionization,1.0
edge_8218,ETFE,node_1084,node_6273,electron_loss,ionization,1.0
edge_8219,ETFE,node_1084,node_6274,electron_gain,ionization,1.0
edge_8220,ETFE,node_1084,node_6275,protonation,ionization,1.0
edge_8221,ETFE,node_1084,node_6276,deprotonation,ionization,1.0
edge_8222,ETFE,node_1085,node_6277,electron_loss,ionization,1.0
edge_8223,ETFE,node_1085,node_6278,electron_gain,ionization,1.0
edge_8224,ETFE,node_1085,node_6279,protonation,ionization,1.0
edge_8225,ETFE,node_1085,node_6280,deprotonation,ionization,1.0
edge_8226,ETFE,node_1086,node_6281,electron_loss,ionization,1.0
edge_8227,ETFE,node_1086,node_6282,electron_gain,ionization,1.0
edge_8228,ETFE,node_1086,node_6283,protonation,ionization,1.0
edge_8229,ETFE,node_1087,node_6284,electron_loss,ionization,1.0
edge_8230,ETFE,node_1087,node_6285,electron_gain,ionization,1.0
edge_8231,ETFE,node_1087,node_6286,protonation,ionization,1.0
edge_8232,ETFE,node_1087,node_6287,deprotonation,ionization,1.0
edge_8233,ETFE,node_1088,node_6288,electron_loss,ionization,1.0
edge_8234,ETFE,node_1088,node_6289,electron_gain,ionization,1.0
edge_8235,ETFE,node_1088,node_6290,protonation,ionization,1.0
edge_8236,ETFE,node_1089,node_6291,electron_loss,ionization,1.0
edge_8237,ETFE,node_1089,node_6292,electron_gain,ionization,1.0
edge_8238,ETFE,node_1089,node_6293,protonation,ionization,1.0
edge_8239,ETFE,node_1089,node_6294,deprotonation,ionization,1.0
edge_8240,ETFE,node_1090,node_6295,electron_loss,ionization,1.0
edge_8241,ETFE,node_1090,node_6296,electron_gain,ionization,1.0
edge_8242,ETFE,node_1090,node_6297,protonation,ionization,1.0
edge_8243,ETFE,node_1090,node_6298,deprotonation,ionization,1.0
edge_8244,ETFE,node_1091,node_6299,electron_loss,ionization,1.0
edge_8245,ETFE,node_1091,node_6300,electron_gain,ionization,1.0
edge_8246,ETFE,node_1091,node_6301,protonation,ionization,1.0
edge_8247,ETFE,node_1091,node_6302,deprotonation,ionization,1.0
edge_8248,ETFE,node_1092,node_6303,electron_loss,ionization,1.0
edge_8249,ETFE,node_1092,node_6304,electron_gain,ionization,1.0
edge_8250,ETFE,node_1092,node_6305,protonation,ionization,1.0
edge_8251,ETFE,node_1092,node_6306,deprotonation,ionization,1.0
edge_8252,ETFE,node_1093,node_6307,electron_loss,ionization,1.0
edge_8253,ETFE,node_1093,node_6308,electron_gain,ionization,1.0
edge_8254,ETFE,node_1093,node_6309,protonation,ionization,1.0
edge_8255,ETFE,node_1093,node_6310,deprotonation,ionization,1.0
edge_8256,ETFE,node_1094,node_6311,electron_loss,ionization,1.0
edge_8257,ETFE,node_1094,node_6312,electron_gain,ionization,1.0
edge_8258,ETFE,node_1094,node_6313,protonation,ionization,1.0
edge_8259,ETFE,node_1094,node_6314,deprotonation,ionization,1.0
edge_8260,ETFE,node_1095,node_6315,electron_loss,ionization,1.0
edge_8261,ETFE,node_1095,node_6316,electron_gain,ionization,1.0
edge_8262,ETFE,node_1095,node_6317,protonation,ionization,1.0
edge_8263,ETFE,node_1095,node_6318,deprotonation,ionization,1.0
edge_8264,ETFE,node_1096,node_6319,electron_loss,ionization,1.0
edge_8265,ETFE,node_1096,node_6320,electron_gain,ionization,1.0
edge_8266,ETFE,node_1096,node_6321,protonation,ionization,1.0
edge_8267,ETFE,node_1096,node_6322,deprotonation,ionization,1.0
edge_8268,ETFE,node_1097,node_6323,electron_loss,ionization,1.0
edge_8269,ETFE,node_1097,node_6324,electron_gain,ionization,1.0
edge_8270,ETFE,node_1097,node_6325,protonation,ionization,1.0
edge_8271,ETFE,node_1097,node_6326,deprotonation,ionization,1.0
edge_8272,ETFE,node_1098,node_6327,electron_loss,ionization,1.0
edge_8273,ETFE,node_1098,node_6328,electron_gain,ionization,1.0
edge_8274,ETFE,node_1098,node_6329,protonation,ionization,1.0
edge_8275,ETFE,node_1098,node_6330,deprotonation,ionization,1.0
edge_8276,ETFE,node_1099,node_6331,electron_loss,ionization,1.0
edge_8277,ETFE,node_1099,node_6332,electron_gain,ionization,1.0
edge_8278,ETFE,node_1099,node_6333,protonation,ionization,1.0
edge_8279,ETFE,node_1099,node_6334,deprotonation,ionization,1.0
edge_8280,ETFE,node_1100,node_6335,electron_loss,ionization,1.0
edge_8281,ETFE,node_1100,node_6336,electron_gain,ionization,1.0
edge_8282,ETFE,node_1100,node_6337,protonation,ionization,1.0
edge_8283,ETFE,node_1100,node_6338,deprotonation,ionization,1.0
edge_8284,ETFE,node_1101,node_6339,electron_loss,ionization,1.0
edge_8285,ETFE,node_1101,node_6340,electron_gain,ionization,1.0
edge_8286,ETFE,node_1101,node_6341,protonation,ionization,1.0
edge_8287,ETFE,node_1101,node_6342,deprotonation,ionization,1.0
edge_8288,ETFE,node_1102,node_6343,electron_loss,ionization,1.0
edge_8289,ETFE,node_1102,node_6344,electron_gain,ionization,1.0
edge_8290,ETFE,node_1102,node_6345,protonation,ionization,1.0
edge_8291,ETFE,node_1102,node_6346,deprotonation,ionization,1.0
edge_8292,ETFE,node_1103,node_6347,electron_loss,ionization,1.0
edge_8293,ETFE,node_1103,node_6348,electron_gain,ionization,1.0
edge_8294,ETFE,node_1103,node_6349,protonation,ionization,1.0
edge_8295,ETFE,node_1103,node_6350,deprotonation,ionization,1.0
edge_8296,ETFE,node_1104,node_6351,electron_loss,ionization,1.0
edge_8297,ETFE,node_1104,node_6352,electron_gain,ionization,1.0
edge_8298,ETFE,node_1104,node_6353,protonation,ionization,1.0
edge_8299,ETFE,node_1104,node_6354,deprotonation,ionization,1.0
edge_8300,ETFE,node_1105,node_6355,electron_loss,ionization,1.0
edge_8301,ETFE,node_1105,node_6356,electron_gain,ionization,1.0
edge_8302,ETFE,node_1105,node_6357,protonation,ionization,1.0
edge_8303,ETFE,node_1105,node_6358,deprotonation,ionization,1.0
edge_8304,ETFE,node_1106,node_6359,electron_loss,ionization,1.0
edge_8305,ETFE,node_1106,node_6360,electron_gain,ionization,1.0
edge_8306,ETFE,node_1106,node_6361,protonation,ionization,1.0
edge_8307,ETFE,node_1106,node_6362,deprotonation,ionization,1.0
edge_8308,ETFE,node_1107,node_6363,electron_loss,ionization,1.0
edge_8309,ETFE,node_1107,node_6364,electron_gain,ionization,1.0
edge_8310,ETFE,node_1107,node_6365,protonation,ionization,1.0
edge_8311,ETFE,node_1107,node_6366,deprotonation,ionization,1.0
edge_8312,ETFE,node_1108,node_6367,electron_loss,ionization,1.0
edge_8313,ETFE,node_1108,node_6368,electron_gain,ionization,1.0
edge_8314,ETFE,node_1108,node_6369,protonation,ionization,1.0
edge_8315,ETFE,node_1108,node_6370,deprotonation,ionization,1.0
edge_8316,ETFE,node_1109,node_6371,electron_loss,ionization,1.0
edge_8317,ETFE,node_1109,node_6372,electron_gain,ionization,1.0
edge_8318,ETFE,node_1109,node_6373,protonation,ionization,1.0
edge_8319,ETFE,node_1109,node_6374,deprotonation,ionization,1.0
edge_8320,ETFE,node_1110,node_6375,electron_loss,ionization,1.0
edge_8321,ETFE,node_1110,node_6376,electron_gain,ionization,1.0
edge_8322,ETFE,node_1110,node_6377,protonation,ionization,1.0
edge_8323,ETFE,node_1110,node_6378,deprotonation,ionization,1.0
edge_8324,ETFE,node_1111,node_6379,electron_loss,ionization,1.0
edge_8325,ETFE,node_1111,node_6380,electron_gain,ionization,1.0
edge_8326,ETFE,node_1111,node_6381,protonation,ionization,1.0
edge_8327,ETFE,node_1111,node_6382,deprotonation,ionization,1.0
edge_8328,ETFE,node_1112,node_6383,electron_loss,ionization,1.0
edge_8329,ETFE,node_1112,node_6384,electron_gain,ionization,1.0
edge_8330,ETFE,node_1112,node_6385,protonation,ionization,1.0
edge_8331,ETFE,node_1112,node_6386,deprotonation,ionization,1.0
edge_8332,ETFE,node_1113,node_6387,electron_loss,ionization,1.0
edge_8333,ETFE,node_1113,node_6388,electron_gain,ionization,1.0
edge_8334,ETFE,node_1113,node_6389,protonation,ionization,1.0
edge_8335,ETFE,node_1113,node_6390,deprotonation,ionization,1.0
edge_8336,ETFE,node_1114,node_6391,electron_loss,ionization,1.0
edge_8337,ETFE,node_1114,node_6392,electron_gain,ionization,1.0
edge_8338,ETFE,node_1114,node_6393,protonation,ionization,1.0
edge_8339,ETFE,node_1114,node_6394,deprotonation,ionization,1.0
edge_8340,ETFE,node_1115,node_6395,electron_loss,ionization,1.0
edge_8341,ETFE,node_1115,node_6396,electron_gain,ionization,1.0
edge_8342,ETFE,node_1115,node_6397,protonation,ionization,1.0
edge_8343,ETFE,node_1115,node_6398,deprotonation,ionization,1.0
edge_8344,ETFE,node_1116,node_6399,electron_loss,ionization,1.0
edge_8345,ETFE,node_1116,node_6400,electron_gain,ionization,1.0
edge_8346,ETFE,node_1116,node_6401,protonation,ionization,1.0
edge_8347,ETFE,node_1116,node_6402,deprotonation,ionization,1.0
edge_8348,ETFE,node_1117,node_6403,electron_loss,ionization,1.0
edge_8349,ETFE,node_1117,node_6404,electron_gain,ionization,1.0
edge_8350,ETFE,node_1117,node_6405,protonation,ionization,1.0
edge_8351,ETFE,node_1117,node_6406,deprotonation,ionization,1.0
edge_8352,ETFE,node_1118,node_6407,electron_loss,ionization,1.0
edge_8353,ETFE,node_1118,node_6408,electron_gain,ionization,1.0
edge_8354,ETFE,node_1118,node_6409,protonation,ionization,1.0
edge_8355,ETFE,node_1118,node_6410,deprotonation,ionization,1.0
edge_8356,ETFE,node_1119,node_6411,electron_loss,ionization,1.0
edge_8357,ETFE,node_1119,node_6412,electron_gain,ionization,1.0
edge_8358,ETFE,node_1119,node_6413,protonation,ionization,1.0
edge_8359,ETFE,node_1119,node_6414,deprotonation,ionization,1.0
edge_8360,ETFE,node_1120,node_6415,electron_loss,ionization,1.0
edge_8361,ETFE,node_1120,node_6416,electron_gain,ionization,1.0
edge_8362,ETFE,node_1120,node_6417,protonation,ionization,1.0
edge_8363,ETFE,node_1120,node_6418,deprotonation,ionization,1.0
edge_8364,ETFE,node_1121,node_6419,electron_loss,ionization,1.0
edge_8365,ETFE,node_1121,node_6420,electron_gain,ionization,1.0
edge_8366,ETFE,node_1121,node_6421,protonation,ionization,1.0
edge_8367,ETFE,node_1121,node_6422,deprotonation,ionization,1.0
edge_8368,ETFE,node_1122,node_6423,electron_loss,ionization,1.0
edge_8369,ETFE,node_1122,node_6424,electron_gain,ionization,1.0
edge_8370,ETFE,node_1122,node_6425,protonation,ionization,1.0
edge_8371,ETFE,node_1122,node_6426,deprotonation,ionization,1.0
edge_8372,ETFE,node_1123,node_6427,electron_loss,ionization,1.0
edge_8373,ETFE,node_1123,node_6428,electron_gain,ionization,1.0
edge_8374,ETFE,node_1123,node_6429,protonation,ionization,1.0
edge_8375,ETFE,node_1123,node_6430,deprotonation,ionization,1.0
edge_8376,ETFE,node_1124,node_6431,electron_loss,ionization,1.0
edge_8377,ETFE,node_1124,node_6432,electron_gain,ionization,1.0
edge_8378,ETFE,node_1124,node_6433,protonation,ionization,1.0
edge_8379,ETFE,node_1124,node_6434,deprotonation,ionization,1.0
edge_8380,ETFE,node_1125,node_6435,electron_loss,ionization,1.0
edge_8381,ETFE,node_1125,node_6436,electron_gain,ionization,1.0
edge_8382,ETFE,node_1125,node_6437,protonation,ionization,1.0
edge_8383,ETFE,node_1125,node_6438,deprotonation,ionization,1.0
edge_8384,ETFE,node_1126,node_6439,electron_loss,ionization,1.0
edge_8385,ETFE,node_1126,node_6440,electron_gain,ionization,1.0
edge_8386,ETFE,node_1126,node_6441,protonation,ionization,1.0
edge_8387,ETFE,node_1126,node_6442,deprotonation,ionization,1.0
edge_8388,ETFE,node_1127,node_6443,electron_loss,ionization,1.0
edge_8389,ETFE,node_1127,node_6444,electron_gain,ionization,1.0
edge_8390,ETFE,node_1127,node_6445,protonation,ionization,1.0
edge_8391,ETFE,node_1127,node_6446,deprotonation,ionization,1.0
edge_8392,ETFE,node_1128,node_6447,electron_loss,ionization,1.0
edge_8393,ETFE,node_1128,node_6448,electron_gain,ionization,1.0
edge_8394,ETFE,node_1128,node_6449,protonation,ionization,1.0
edge_8395,ETFE,node_1128,node_6450,deprotonation,ionization,1.0
edge_8396,ETFE,node_1129,node_6451,electron_loss,ionization,1.0
edge_8397,ETFE,node_1129,node_6452,electron_gain,ionization,1.0
edge_8398,ETFE,node_1129,node_6453,protonation,ionization,1.0
edge_8399,ETFE,node_1129,node_6454,deprotonation,ionization,1.0
edge_8400,ETFE,node_1130,node_6455,electron_loss,ionization,1.0
edge_8401,ETFE,node_1130,node_6456,electron_gain,ionization,1.0
edge_8402,ETFE,node_1130,node_6457,protonation,ionization,1.0
edge_8403,ETFE,node_1130,node_6458,deprotonation,ionization,1.0
edge_8404,ETFE,node_1131,node_6459,electron_loss,ionization,1.0
edge_8405,ETFE,node_1131,node_6460,electron_gain,ionization,1.0
edge_8406,ETFE,node_1131,node_6461,protonation,ionization,1.0
edge_8407,ETFE,node_1131,node_6462,deprotonation,ionization,1.0
edge_8408,ETFE,node_1132,node_6463,electron_loss,ionization,1.0
edge_8409,ETFE,node_1132,node_6464,electron_gain,ionization,1.0
edge_8410,ETFE,node_1132,node_6465,protonation,ionization,1.0
edge_8411,ETFE,node_1132,node_6466,deprotonation,ionization,1.0
edge_8412,ETFE,node_1133,node_6467,electron_loss,ionization,1.0
edge_8413,ETFE,node_1133,node_6468,electron_gain,ionization,1.0
edge_8414,ETFE,node_1133,node_6469,protonation,ionization,1.0
edge_8415,ETFE,node_1133,node_6470,deprotonation,ionization,1.0
edge_8416,ETFE,node_1134,node_6471,electron_loss,ionization,1.0
edge_8417,ETFE,node_1134,node_6472,electron_gain,ionization,1.0
edge_8418,ETFE,node_1134,node_6473,protonation,ionization,1.0
edge_8419,ETFE,node_1134,node_6474,deprotonation,ionization,1.0
edge_8420,ETFE,node_1135,node_6475,electron_loss,ionization,1.0
edge_8421,ETFE,node_1135,node_6476,electron_gain,ionization,1.0
edge_8422,ETFE,node_1135,node_6477,protonation,ionization,1.0
edge_8423,ETFE,node_1135,node_6478,deprotonation,ionization,1.0
edge_8424,ETFE,node_1136,node_6479,electron_loss,ionization,1.0
edge_8425,ETFE,node_1136,node_6480,electron_gain,ionization,1.0
edge_8426,ETFE,node_1136,node_6481,protonation,ionization,1.0
edge_8427,ETFE,node_1136,node_6482,deprotonation,ionization,1.0
edge_8428,ETFE,node_1137,node_6483,electron_loss,ionization,1.0
edge_8429,ETFE,node_1137,node_6484,electron_gain,ionization,1.0
edge_8430,ETFE,node_1137,node_6485,protonation,ionization,1.0
edge_8431,ETFE,node_1137,node_6486,deprotonation,ionization,1.0
edge_8432,ETFE,node_1138,node_6487,electron_loss,ionization,1.0
edge_8433,ETFE,node_1138,node_6488,electron_gain,ionization,1.0
edge_8434,ETFE,node_1138,node_6489,protonation,ionization,1.0
edge_8435,ETFE,node_1138,node_6490,deprotonation,ionization,1.0
edge_8436,ETFE,node_1139,node_6491,electron_loss,ionization,1.0
edge_8437,ETFE,node_1139,node_6492,electron_gain,ionization,1.0
edge_8438,ETFE,node_1139,node_6493,protonation,ionization,1.0
edge_8439,ETFE,node_1139,node_6494,deprotonation,ionization,1.0
edge_8440,ETFE,node_1140,node_6495,electron_loss,ionization,1.0
edge_8441,ETFE,node_1140,node_6496,electron_gain,ionization,1.0
edge_8442,ETFE,node_1140,node_6497,protonation,ionization,1.0
edge_8443,ETFE,node_1140,node_6498,deprotonation,ionization,1.0
edge_8444,ETFE,node_1141,node_6499,electron_loss,ionization,1.0
edge_8445,ETFE,node_1141,node_6500,electron_gain,ionization,1.0
edge_8446,ETFE,node_1141,node_6501,protonation,ionization,1.0
edge_8447,ETFE,node_1141,node_6502,deprotonation,ionization,1.0
edge_8448,ETFE,node_1142,node_6503,electron_loss,ionization,1.0
edge_8449,ETFE,node_1142,node_6504,electron_gain,ionization,1.0
edge_8450,ETFE,node_1142,node_6505,protonation,ionization,1.0
edge_8451,ETFE,node_1142,node_6506,deprotonation,ionization,1.0
edge_8452,ETFE,node_1143,node_6507,electron_loss,ionization,1.0
edge_8453,ETFE,node_1143,node_6508,electron_gain,ionization,1.0
edge_8454,ETFE,node_1143,node_6509,protonation,ionization,1.0
edge_8455,ETFE,node_1143,node_6510,deprotonation,ionization,1.0
edge_8456,ETFE,node_1144,node_6511,electron_loss,ionization,1.0
edge_8457,ETFE,node_1144,node_6512,electron_gain,ionization,1.0
edge_8458,ETFE,node_1144,node_6513,protonation,ionization,1.0
edge_8459,ETFE,node_1144,node_6514,deprotonation,ionization,1.0
edge_8460,ETFE,node_1145,node_6515,electron_loss,ionization,1.0
edge_8461,ETFE,node_1145,node_6516,electron_gain,ionization,1.0
edge_8462,ETFE,node_1145,node_6517,protonation,ionization,1.0
edge_8463,ETFE,node_1145,node_6518,deprotonation,ionization,1.0
edge_8464,ETFE,node_1146,node_6519,electron_loss,ionization,1.0
edge_8465,ETFE,node_1146,node_6520,electron_gain,ionization,1.0
edge_8466,ETFE,node_1146,node_6521,protonation,ionization,1.0
edge_8467,ETFE,node_1146,node_6522,deprotonation,ionization,1.0
edge_8468,ETFE,node_1147,node_6523,electron_loss,ionization,1.0
edge_8469,ETFE,node_1147,node_6524,electron_gain,ionization,1.0
edge_8470,ETFE,node_1147,node_6525,protonation,ionization,1.0
edge_8471,ETFE,node_1147,node_6526,deprotonation,ionization,1.0
edge_8472,ETFE,node_1148,node_6527,electron_loss,ionization,1.0
edge_8473,ETFE,node_1148,node_6528,electron_gain,ionization,1.0
edge_8474,ETFE,node_1148,node_6529,protonation,ionization,1.0
edge_8475,ETFE,node_1148,node_6530,deprotonation,ionization,1.0
edge_8476,ETFE,node_1149,node_6531,electron_loss,ionization,1.0
edge_8477,ETFE,node_1149,node_6532,electron_gain,ionization,1.0
edge_8478,ETFE,node_1149,node_6533,protonation,ionization,1.0
edge_8479,ETFE,node_1149,node_6534,deprotonation,ionization,1.0
edge_8480,ETFE,node_1150,node_6535,electron_loss,ionization,1.0
edge_8481,ETFE,node_1150,node_6536,electron_gain,ionization,1.0
edge_8482,ETFE,node_1150,node_6537,protonation,ionization,1.0
edge_8483,ETFE,node_1150,node_6538,deprotonation,ionization,1.0
edge_8484,ETFE,node_1151,node_6539,electron_loss,ionization,1.0
edge_8485,ETFE,node_1151,node_6540,electron_gain,ionization,1.0
edge_8486,ETFE,node_1151,node_6541,protonation,ionization,1.0
edge_8487,ETFE,node_1151,node_6542,deprotonation,ionization,1.0
edge_8488,ETFE,node_1152,node_6543,electron_loss,ionization,1.0
edge_8489,ETFE,node_1152,node_6544,electron_gain,ionization,1.0
edge_8490,ETFE,node_1152,node_6545,protonation,ionization,1.0
edge_8491,ETFE,node_1152,node_6546,deprotonation,ionization,1.0
edge_8492,ETFE,node_1153,node_6547,electron_loss,ionization,1.0
edge_8493,ETFE,node_1153,node_6548,electron_gain,ionization,1.0
edge_8494,ETFE,node_1153,node_6549,protonation,ionization,1.0
edge_8495,ETFE,node_1153,node_6550,deprotonation,ionization,1.0
edge_8496,ETFE,node_1154,node_6551,electron_loss,ionization,1.0
edge_8497,ETFE,node_1154,node_6552,electron_gain,ionization,1.0
edge_8498,ETFE,node_1154,node_6553,protonation,ionization,1.0
edge_8499,ETFE,node_1154,node_6554,deprotonation,ionization,1.0
edge_8500,ETFE,node_1155,node_6555,electron_loss,ionization,1.0
edge_8501,ETFE,node_1155,node_6556,electron_gain,ionization,1.0
edge_8502,ETFE,node_1155,node_6557,protonation,ionization,1.0
edge_8503,ETFE,node_1155,node_6558,deprotonation,ionization,1.0
edge_8504,ETFE,node_1156,node_6559,electron_loss,ionization,1.0
edge_8505,ETFE,node_1156,node_6560,electron_gain,ionization,1.0
edge_8506,ETFE,node_1156,node_6561,protonation,ionization,1.0
edge_8507,ETFE,node_1156,node_6562,deprotonation,ionization,1.0
edge_8508,ETFE,node_1157,node_6563,electron_loss,ionization,1.0
edge_8509,ETFE,node_1157,node_6564,electron_gain,ionization,1.0
edge_8510,ETFE,node_1157,node_6565,protonation,ionization,1.0
edge_8511,ETFE,node_1157,node_6566,deprotonation,ionization,1.0
edge_8512,ETFE,node_1158,node_6567,electron_loss,ionization,1.0
edge_8513,ETFE,node_1158,node_6568,electron_gain,ionization,1.0
edge_8514,ETFE,node_1158,node_6569,protonation,ionization,1.0
edge_8515,ETFE,node_1158,node_6570,deprotonation,ionization,1.0
edge_8516,ETFE,node_1159,node_6571,electron_loss,ionization,1.0
edge_8517,ETFE,node_1159,node_6572,electron_gain,ionization,1.0
edge_8518,ETFE,node_1159,node_6573,protonation,ionization,1.0
edge_8519,ETFE,node_1159,node_6574,deprotonation,ionization,1.0
edge_8520,ETFE,node_1160,node_6575,electron_loss,ionization,1.0
edge_8521,ETFE,node_1160,node_6576,electron_gain,ionization,1.0
edge_8522,ETFE,node_1160,node_6577,protonation,ionization,1.0
edge_8523,ETFE,node_1160,node_6578,deprotonation,ionization,1.0
edge_8524,ETFE,node_1161,node_6579,electron_loss,ionization,1.0
edge_8525,ETFE,node_1161,node_6580,electron_gain,ionization,1.0
edge_8526,ETFE,node_1161,node_6581,protonation,ionization,1.0
edge_8527,ETFE,node_1161,node_6582,deprotonation,ionization,1.0
edge_8528,ETFE,node_1162,node_6583,electron_loss,ionization,1.0
edge_8529,ETFE,node_1162,node_6584,electron_gain,ionization,1.0
edge_8530,ETFE,node_1162,node_6585,protonation,ionization,1.0
edge_8531,ETFE,node_1162,node_6586,deprotonation,ionization,1.0
edge_8532,ETFE,node_1163,node_6587,electron_loss,ionization,1.0
edge_8533,ETFE,node_1163,node_6588,electron_gain,ionization,1.0
edge_8534,ETFE,node_1163,node_6589,protonation,ionization,1.0
edge_8535,ETFE,node_1163,node_6590,deprotonation,ionization,1.0
edge_8536,ETFE,node_1164,node_6591,electron_loss,ionization,1.0
edge_8537,ETFE,node_1164,node_6592,electron_gain,ionization,1.0
edge_8538,ETFE,node_1164,node_6593,protonation,ionization,1.0
edge_8539,ETFE,node_1164,node_6594,deprotonation,ionization,1.0
edge_8540,ETFE,node_1165,node_6595,electron_loss,ionization,1.0
edge_8541,ETFE,node_1165,node_6596,electron_gain,ionization,1.0
edge_8542,ETFE,node_1165,node_6597,protonation,ionization,1.0
edge_8543,ETFE,node_1165,node_6598,deprotonation,ionization,1.0
edge_8544,ETFE,node_1166,node_6599,electron_loss,ionization,1.0
edge_8545,ETFE,node_1166,node_6600,electron_gain,ionization,1.0
edge_8546,ETFE,node_1166,node_6601,protonation,ionization,1.0
edge_8547,ETFE,node_1166,node_6602,deprotonation,ionization,1.0
edge_8548,ETFE,node_1167,node_6603,electron_loss,ionization,1.0
edge_8549,ETFE,node_1167,node_6604,electron_gain,ionization,1.0
edge_8550,ETFE,node_1167,node_6605,protonation,ionization,1.0
edge_8551,ETFE,node_1167,node_6606,deprotonation,ionization,1.0
edge_8552,ETFE,node_1168,node_6607,electron_loss,ionization,1.0
edge_8553,ETFE,node_1168,node_6608,electron_gain,ionization,1.0
edge_8554,ETFE,node_1168,node_6609,protonation,ionization,1.0
edge_8555,ETFE,node_1168,node_6610,deprotonation,ionization,1.0
edge_8556,ETFE,node_1169,node_6611,electron_loss,ionization,1.0
edge_8557,ETFE,node_1169,node_6612,electron_gain,ionization,1.0
edge_8558,ETFE,node_1169,node_6613,protonation,ionization,1.0
edge_8559,ETFE,node_1169,node_6614,deprotonation,ionization,1.0
edge_8560,ETFE,node_1170,node_6615,electron_loss,ionization,1.0
edge_8561,ETFE,node_1170,node_6616,electron_gain,ionization,1.0
edge_8562,ETFE,node_1170,node_6617,protonation,ionization,1.0
edge_8563,ETFE,node_1170,node_6618,deprotonation,ionization,1.0
edge_8564,ETFE,node_1171,node_6619,electron_loss,ionization,1.0
edge_8565,ETFE,node_1171,node_6620,electron_gain,ionization,1.0
edge_8566,ETFE,node_1171,node_6621,protonation,ionization,1.0
edge_8567,ETFE,node_1171,node_6622,deprotonation,ionization,1.0
edge_8568,ETFE,node_1172,node_6623,electron_loss,ionization,1.0
edge_8569,ETFE,node_1172,node_6624,electron_gain,ionization,1.0
edge_8570,ETFE,node_1172,node_6625,protonation,ionization,1.0
edge_8571,ETFE,node_1172,node_6626,deprotonation,ionization,1.0
edge_8572,ETFE,node_1173,node_6627,electron_loss,ionization,1.0
edge_8573,ETFE,node_1173,node_6628,electron_gain,ionization,1.0
edge_8574,ETFE,node_1173,node_6629,protonation,ionization,1.0
edge_8575,ETFE,node_1173,node_6630,deprotonation,ionization,1.0
edge_8576,ETFE,node_1174,node_6631,electron_loss,ionization,1.0
edge_8577,ETFE,node_1174,node_6632,electron_gain,ionization,1.0
edge_8578,ETFE,node_1174,node_6633,protonation,ionization,1.0
edge_8579,ETFE,node_1174,node_6634,deprotonation,ionization,1.0
edge_8580,ETFE,node_1175,node_6635,electron_loss,ionization,1.0
edge_8581,ETFE,node_1175,node_6636,electron_gain,ionization,1.0
edge_8582,ETFE,node_1175,node_6637,protonation,ionization,1.0
edge_8583,ETFE,node_1175,node_6638,deprotonation,ionization,1.0
edge_8584,ETFE,node_1176,node_6639,electron_loss,ionization,1.0
edge_8585,ETFE,node_1176,node_6640,electron_gain,ionization,1.0
edge_8586,ETFE,node_1176,node_6641,protonation,ionization,1.0
edge_8587,ETFE,node_1176,node_6642,deprotonation,ionization,1.0
edge_8588,ETFE,node_1177,node_6643,electron_loss,ionization,1.0
edge_8589,ETFE,node_1177,node_6644,electron_gain,ionization,1.0
edge_8590,ETFE,node_1177,node_6645,protonation,ionization,1.0
edge_8591,ETFE,node_1177,node_6646,deprotonation,ionization,1.0
edge_8592,ETFE,node_1178,node_6647,electron_loss,ionization,1.0
edge_8593,ETFE,node_1178,node_6648,electron_gain,ionization,1.0
edge_8594,ETFE,node_1178,node_6649,protonation,ionization,1.0
edge_8595,ETFE,node_1178,node_6650,deprotonation,ionization,1.0
edge_8596,ETFE,node_1179,node_6651,electron_loss,ionization,1.0
edge_8597,ETFE,node_1179,node_6652,electron_gain,ionization,1.0
edge_8598,ETFE,node_1179,node_6653,protonation,ionization,1.0
edge_8599,ETFE,node_1179,node_6654,deprotonation,ionization,1.0
edge_8600,ETFE,node_1180,node_6655,electron_loss,ionization,1.0
edge_8601,ETFE,node_1180,node_6656,electron_gain,ionization,1.0
edge_8602,ETFE,node_1180,node_6657,protonation,ionization,1.0
edge_8603,ETFE,node_1180,node_6658,deprotonation,ionization,1.0
edge_8604,ETFE,node_1181,node_6659,electron_loss,ionization,1.0
edge_8605,ETFE,node_1181,node_6660,electron_gain,ionization,1.0
edge_8606,ETFE,node_1181,node_6661,protonation,ionization,1.0
edge_8607,ETFE,node_1181,node_6662,deprotonation,ionization,1.0
edge_8608,ETFE,node_1182,node_6663,electron_loss,ionization,1.0
edge_8609,ETFE,node_1182,node_6664,electron_gain,ionization,1.0
edge_8610,ETFE,node_1182,node_6665,protonation,ionization,1.0
edge_8611,ETFE,node_1182,node_6666,deprotonation,ionization,1.0
edge_8612,ETFE,node_1183,node_6667,electron_loss,ionization,1.0
edge_8613,ETFE,node_1183,node_6668,electron_gain,ionization,1.0
edge_8614,ETFE,node_1183,node_6669,protonation,ionization,1.0
edge_8615,ETFE,node_1183,node_6670,deprotonation,ionization,1.0
edge_8616,ETFE,node_1184,node_6671,electron_loss,ionization,1.0
edge_8617,ETFE,node_1184,node_6672,electron_gain,ionization,1.0
edge_8618,ETFE,node_1184,node_6673,protonation,ionization,1.0
edge_8619,ETFE,node_1184,node_6674,deprotonation,ionization,1.0
edge_8620,ETFE,node_1185,node_6675,electron_loss,ionization,1.0
edge_8621,ETFE,node_1185,node_6676,electron_gain,ionization,1.0
edge_8622,ETFE,node_1185,node_6677,protonation,ionization,1.0
edge_8623,ETFE,node_1185,node_6678,deprotonation,ionization,1.0
edge_8624,ETFE,node_1186,node_6679,electron_loss,ionization,1.0
edge_8625,ETFE,node_1186,node_6680,electron_gain,ionization,1.0
edge_8626,ETFE,node_1186,node_6681,protonation,ionization,1.0
edge_8627,ETFE,node_1186,node_6682,deprotonation,ionization,1.0
edge_8628,ETFE,node_1187,node_6683,electron_loss,ionization,1.0
edge_8629,ETFE,node_1187,node_6684,electron_gain,ionization,1.0
edge_8630,ETFE,node_1187,node_6685,protonation,ionization,1.0
edge_8631,ETFE,node_1187,node_6686,deprotonation,ionization,1.0
edge_8632,ETFE,node_1188,node_6687,electron_loss,ionization,1.0
edge_8633,ETFE,node_1188,node_6688,electron_gain,ionization,1.0
edge_8634,ETFE,node_1188,node_6689,protonation,ionization,1.0
edge_8635,ETFE,node_1188,node_6690,deprotonation,ionization,1.0
edge_8636,ETFE,node_1189,node_6691,electron_loss,ionization,1.0
edge_8637,ETFE,node_1189,node_6692,electron_gain,ionization,1.0
edge_8638,ETFE,node_1189,node_6693,protonation,ionization,1.0
edge_8639,ETFE,node_1189,node_6694,deprotonation,ionization,1.0
edge_8640,ETFE,node_1190,node_6695,electron_loss,ionization,1.0
edge_8641,ETFE,node_1190,node_6696,electron_gain,ionization,1.0
edge_8642,ETFE,node_1190,node_6697,protonation,ionization,1.0
edge_8643,ETFE,node_1190,node_6698,deprotonation,ionization,1.0
edge_8644,ETFE,node_1191,node_6699,electron_loss,ionization,1.0
edge_8645,ETFE,node_1191,node_6700,electron_gain,ionization,1.0
edge_8646,ETFE,node_1191,node_6701,protonation,ionization,1.0
edge_8647,ETFE,node_1191,node_6702,deprotonation,ionization,1.0
edge_8648,ETFE,node_1192,node_6703,electron_loss,ionization,1.0
edge_8649,ETFE,node_1192,node_6704,electron_gain,ionization,1.0
edge_8650,ETFE,node_1192,node_6705,protonation,ionization,1.0
edge_8651,ETFE,node_1192,node_6706,deprotonation,ionization,1.0
edge_8652,ETFE,node_1193,node_6707,electron_loss,ionization,1.0
edge_8653,ETFE,node_1193,node_6708,electron_gain,ionization,1.0
edge_8654,ETFE,node_1193,node_6709,protonation,ionization,1.0
edge_8655,ETFE,node_1193,node_6710,deprotonation,ionization,1.0
edge_8656,ETFE,node_1194,node_6711,electron_loss,ionization,1.0
edge_8657,ETFE,node_1194,node_6712,electron_gain,ionization,1.0
edge_8658,ETFE,node_1194,node_6713,protonation,ionization,1.0
edge_8659,ETFE,node_1194,node_6714,deprotonation,ionization,1.0
edge_8660,ETFE,node_1195,node_6715,electron_loss,ionization,1.0
edge_8661,ETFE,node_1195,node_6716,electron_gain,ionization,1.0
edge_8662,ETFE,node_1195,node_6717,protonation,ionization,1.0
edge_8663,ETFE,node_1195,node_6718,deprotonation,ionization,1.0
edge_8664,ETFE,node_1196,node_6719,electron_loss,ionization,1.0
edge_8665,ETFE,node_1196,node_6720,electron_gain,ionization,1.0
edge_8666,ETFE,node_1196,node_6721,protonation,ionization,1.0
edge_8667,ETFE,node_1196,node_6722,deprotonation,ionization,1.0
edge_8668,ETFE,node_1197,node_6723,electron_loss,ionization,1.0
edge_8669,ETFE,node_1197,node_6724,electron_gain,ionization,1.0
edge_8670,ETFE,node_1197,node_6725,protonation,ionization,1.0
edge_8671,ETFE,node_1197,node_6726,deprotonation,ionization,1.0
edge_8672,ETFE,node_1198,node_6727,electron_loss,ionization,1.0
edge_8673,ETFE,node_1198,node_6728,electron_gain,ionization,1.0
edge_8674,ETFE,node_1198,node_6729,protonation,ionization,1.0
edge_8675,ETFE,node_1198,node_6730,deprotonation,ionization,1.0
edge_8676,ETFE,node_1199,node_6731,electron_loss,ionization,1.0
edge_8677,ETFE,node_1199,node_6732,electron_gain,ionization,1.0
edge_8678,ETFE,node_1199,node_6733,protonation,ionization,1.0
edge_8679,ETFE,node_1199,node_6734,deprotonation,ionization,1.0
edge_8680,ETFE,node_1200,node_6735,electron_loss,ionization,1.0
edge_8681,ETFE,node_1200,node_6736,electron_gain,ionization,1.0
edge_8682,ETFE,node_1200,node_6737,protonation,ionization,1.0
edge_8683,ETFE,node_1200,node_6738,deprotonation,ionization,1.0
edge_8684,ETFE,node_1201,node_6739,electron_loss,ionization,1.0
edge_8685,ETFE,node_1201,node_6740,electron_gain,ionization,1.0
edge_8686,ETFE,node_1201,node_6741,protonation,ionization,1.0
edge_8687,ETFE,node_1201,node_6742,deprotonation,ionization,1.0
edge_8688,ETFE,node_1202,node_6743,electron_loss,ionization,1.0
edge_8689,ETFE,node_1202,node_6744,electron_gain,ionization,1.0
edge_8690,ETFE,node_1202,node_6745,protonation,ionization,1.0
edge_8691,ETFE,node_1202,node_6746,deprotonation,ionization,1.0
edge_8692,ETFE,node_1203,node_6747,electron_loss,ionization,1.0
edge_8693,ETFE,node_1203,node_6748,electron_gain,ionization,1.0
edge_8694,ETFE,node_1203,node_6749,protonation,ionization,1.0
edge_8695,ETFE,node_1203,node_6750,deprotonation,ionization,1.0
edge_8696,ETFE,node_1204,node_6751,electron_loss,ionization,1.0
edge_8697,ETFE,node_1204,node_6752,electron_gain,ionization,1.0
edge_8698,ETFE,node_1204,node_6753,protonation,ionization,1.0
edge_8699,ETFE,node_1204,node_6754,deprotonation,ionization,1.0
edge_8700,ETFE,node_1205,node_6755,electron_loss,ionization,1.0
edge_8701,ETFE,node_1205,node_6756,electron_gain,ionization,1.0
edge_8702,ETFE,node_1205,node_6757,protonation,ionization,1.0
edge_8703,ETFE,node_1205,node_6758,deprotonation,ionization,1.0
edge_8704,ETFE,node_1206,node_6759,electron_loss,ionization,1.0
edge_8705,ETFE,node_1206,node_6760,electron_gain,ionization,1.0
edge_8706,ETFE,node_1206,node_6761,protonation,ionization,1.0
edge_8707,ETFE,node_1206,node_6762,deprotonation,ionization,1.0
edge_8708,ETFE,node_1207,node_6763,electron_loss,ionization,1.0
edge_8709,ETFE,node_1207,node_6764,electron_gain,ionization,1.0
edge_8710,ETFE,node_1207,node_6765,protonation,ionization,1.0
edge_8711,ETFE,node_1207,node_6766,deprotonation,ionization,1.0
edge_8712,ETFE,node_1208,node_6767,electron_loss,ionization,1.0
edge_8713,ETFE,node_1208,node_6768,electron_gain,ionization,1.0
edge_8714,ETFE,node_1208,node_6769,protonation,ionization,1.0
edge_8715,ETFE,node_1208,node_6770,deprotonation,ionization,1.0
edge_8716,ETFE,node_1209,node_6771,electron_loss,ionization,1.0
edge_8717,ETFE,node_1209,node_6772,electron_gain,ionization,1.0
edge_8718,ETFE,node_1209,node_6773,protonation,ionization,1.0
edge_8719,ETFE,node_1209,node_6774,deprotonation,ionization,1.0
edge_8720,ETFE,node_1210,node_6775,electron_loss,ionization,1.0
edge_8721,ETFE,node_1210,node_6776,electron_gain,ionization,1.0
edge_8722,ETFE,node_1210,node_6777,protonation,ionization,1.0
edge_8723,ETFE,node_1210,node_6778,deprotonation,ionization,1.0
edge_8724,ETFE,node_1211,node_6779,electron_loss,ionization,1.0
edge_8725,ETFE,node_1211,node_6780,electron_gain,ionization,1.0
edge_8726,ETFE,node_1211,node_6781,protonation,ionization,1.0
edge_8727,ETFE,node_1211,node_6782,deprotonation,ionization,1.0
edge_8728,ETFE,node_1212,node_6783,electron_loss,ionization,1.0
edge_8729,ETFE,node_1212,node_6784,electron_gain,ionization,1.0
edge_8730,ETFE,node_1212,node_6785,protonation,ionization,1.0
edge_8731,ETFE,node_1212,node_6786,deprotonation,ionization,1.0
edge_8732,ETFE,node_1213,node_6787,electron_loss,ionization,1.0
edge_8733,ETFE,node_1213,node_6788,electron_gain,ionization,1.0
edge_8734,ETFE,node_1213,node_6789,protonation,ionization,1.0
edge_8735,ETFE,node_1213,node_6790,deprotonation,ionization,1.0
edge_8736,ETFE,node_1214,node_6791,electron_loss,ionization,1.0
edge_8737,ETFE,node_1214,node_6792,electron_gain,ionization,1.0
edge_8738,ETFE,node_1214,node_6793,protonation,ionization,1.0
edge_8739,ETFE,node_1214,node_6794,deprotonation,ionization,1.0
edge_8740,ETFE,node_1215,node_6795,electron_loss,ionization,1.0
edge_8741,ETFE,node_1215,node_6796,electron_gain,ionization,1.0
edge_8742,ETFE,node_1215,node_6797,protonation,ionization,1.0
edge_8743,ETFE,node_1215,node_6798,deprotonation,ionization,1.0
edge_8744,ETFE,node_1216,node_6799,electron_loss,ionization,1.0
edge_8745,ETFE,node_1216,node_6800,electron_gain,ionization,1.0
edge_8746,ETFE,node_1216,node_6801,protonation,ionization,1.0
edge_8747,ETFE,node_1216,node_6802,deprotonation,ionization,1.0
edge_8748,ETFE,node_1217,node_6803,electron_loss,ionization,1.0
edge_8749,ETFE,node_1217,node_6804,electron_gain,ionization,1.0
edge_8750,ETFE,node_1217,node_6805,protonation,ionization,1.0
edge_8751,ETFE,node_1217,node_6806,deprotonation,ionization,1.0
edge_8752,ETFE,node_1218,node_6807,electron_loss,ionization,1.0
edge_8753,ETFE,node_1218,node_6808,electron_gain,ionization,1.0
edge_8754,ETFE,node_1218,node_6809,protonation,ionization,1.0
edge_8755,ETFE,node_1218,node_6810,deprotonation,ionization,1.0
edge_8756,ETFE,node_1219,node_6811,electron_loss,ionization,1.0
edge_8757,ETFE,node_1219,node_6812,electron_gain,ionization,1.0
edge_8758,ETFE,node_1219,node_6813,protonation,ionization,1.0
edge_8759,ETFE,node_1219,node_6814,deprotonation,ionization,1.0
edge_8760,ETFE,node_1220,node_6815,electron_loss,ionization,1.0
edge_8761,ETFE,node_1220,node_6816,electron_gain,ionization,1.0
edge_8762,ETFE,node_1220,node_6817,protonation,ionization,1.0
edge_8763,ETFE,node_1220,node_6818,deprotonation,ionization,1.0
edge_8764,ETFE,node_1221,node_6819,electron_loss,ionization,1.0
edge_8765,ETFE,node_1221,node_6820,electron_gain,ionization,1.0
edge_8766,ETFE,node_1221,node_6821,protonation,ionization,1.0
edge_8767,ETFE,node_1221,node_6822,deprotonation,ionization,1.0
edge_8768,ETFE,node_1222,node_6823,electron_loss,ionization,1.0
edge_8769,ETFE,node_1222,node_6824,electron_gain,ionization,1.0
edge_8770,ETFE,node_1222,node_6825,protonation,ionization,1.0
edge_8771,ETFE,node_1222,node_6826,deprotonation,ionization,1.0
edge_8772,ETFE,node_1223,node_6827,electron_loss,ionization,1.0
edge_8773,ETFE,node_1223,node_6828,electron_gain,ionization,1.0
edge_8774,ETFE,node_1223,node_6829,protonation,ionization,1.0
edge_8775,ETFE,node_1223,node_6830,deprotonation,ionization,1.0
edge_8776,ETFE,node_1224,node_6831,electron_loss,ionization,1.0
edge_8777,ETFE,node_1224,node_6832,electron_gain,ionization,1.0
edge_8778,ETFE,node_1224,node_6833,protonation,ionization,1.0
edge_8779,ETFE,node_1224,node_6834,deprotonation,ionization,1.0
edge_8780,ETFE,node_1225,node_6835,electron_loss,ionization,1.0
edge_8781,ETFE,node_1225,node_6836,electron_gain,ionization,1.0
edge_8782,ETFE,node_1225,node_6837,protonation,ionization,1.0
edge_8783,ETFE,node_1225,node_6838,deprotonation,ionization,1.0
edge_8784,ETFE,node_1226,node_6839,electron_loss,ionization,1.0
edge_8785,ETFE,node_1226,node_6840,electron_gain,ionization,1.0
edge_8786,ETFE,node_1226,node_6841,protonation,ionization,1.0
edge_8787,ETFE,node_1226,node_6842,deprotonation,ionization,1.0
edge_8788,ETFE,node_1227,node_6843,electron_loss,ionization,1.0
edge_8789,ETFE,node_1227,node_6844,electron_gain,ionization,1.0
edge_8790,ETFE,node_1227,node_6845,protonation,ionization,1.0
edge_8791,ETFE,node_1227,node_6846,deprotonation,ionization,1.0
edge_8792,ETFE,node_1228,node_6847,electron_loss,ionization,1.0
edge_8793,ETFE,node_1228,node_6848,electron_gain,ionization,1.0
edge_8794,ETFE,node_1228,node_6849,protonation,ionization,1.0
edge_8795,ETFE,node_1228,node_6850,deprotonation,ionization,1.0
edge_8796,ETFE,node_1229,node_6851,electron_loss,ionization,1.0
edge_8797,ETFE,node_1229,node_6852,electron_gain,ionization,1.0
edge_8798,ETFE,node_1229,node_6853,protonation,ionization,1.0
edge_8799,ETFE,node_1229,node_6854,deprotonation,ionization,1.0
edge_8800,ETFE,node_1230,node_6855,electron_loss,ionization,1.0
edge_8801,ETFE,node_1230,node_6856,electron_gain,ionization,1.0
edge_8802,ETFE,node_1230,node_6857,protonation,ionization,1.0
edge_8803,ETFE,node_1230,node_6858,deprotonation,ionization,1.0
edge_8804,ETFE,node_1231,node_6859,electron_loss,ionization,1.0
edge_8805,ETFE,node_1231,node_6860,electron_gain,ionization,1.0
edge_8806,ETFE,node_1231,node_6861,protonation,ionization,1.0
edge_8807,ETFE,node_1231,node_6862,deprotonation,ionization,1.0
edge_8808,ETFE,node_1232,node_6863,electron_loss,ionization,1.0
edge_8809,ETFE,node_1232,node_6864,electron_gain,ionization,1.0
edge_8810,ETFE,node_1232,node_6865,protonation,ionization,1.0
edge_8811,ETFE,node_1232,node_6866,deprotonation,ionization,1.0
edge_8812,ETFE,node_1233,node_6867,electron_loss,ionization,1.0
edge_8813,ETFE,node_1233,node_6868,electron_gain,ionization,1.0
edge_8814,ETFE,node_1233,node_6869,protonation,ionization,1.0
edge_8815,ETFE,node_1233,node_6870,deprotonation,ionization,1.0
edge_8816,ETFE,node_1234,node_6871,electron_loss,ionization,1.0
edge_8817,ETFE,node_1234,node_6872,electron_gain,ionization,1.0
edge_8818,ETFE,node_1234,node_6873,protonation,ionization,1.0
edge_8819,ETFE,node_1234,node_6874,deprotonation,ionization,1.0
edge_8820,ETFE,node_1235,node_6875,electron_loss,ionization,1.0
edge_8821,ETFE,node_1235,node_6876,electron_gain,ionization,1.0
edge_8822,ETFE,node_1235,node_6877,protonation,ionization,1.0
edge_8823,ETFE,node_1235,node_6878,deprotonation,ionization,1.0
edge_8824,ETFE,node_1236,node_6879,electron_loss,ionization,1.0
edge_8825,ETFE,node_1236,node_6880,electron_gain,ionization,1.0
edge_8826,ETFE,node_1236,node_6881,protonation,ionization,1.0
edge_8827,ETFE,node_1236,node_6882,deprotonation,ionization,1.0
edge_8828,ETFE,node_1237,node_6883,electron_loss,ionization,1.0
edge_8829,ETFE,node_1237,node_6884,electron_gain,ionization,1.0
edge_8830,ETFE,node_1237,node_6885,protonation,ionization,1.0
edge_8831,ETFE,node_1237,node_6886,deprotonation,ionization,1.0
edge_8832,ETFE,node_1238,node_6887,electron_loss,ionization,1.0
edge_8833,ETFE,node_1238,node_6888,electron_gain,ionization,1.0
edge_8834,ETFE,node_1238,node_6889,protonation,ionization,1.0
edge_8835,ETFE,node_1238,node_6890,deprotonation,ionization,1.0
edge_8836,ETFE,node_1239,node_6891,electron_loss,ionization,1.0
edge_8837,ETFE,node_1239,node_6892,electron_gain,ionization,1.0
edge_8838,ETFE,node_1239,node_6893,protonation,ionization,1.0
edge_8839,ETFE,node_1239,node_6894,deprotonation,ionization,1.0
edge_8840,ETFE,node_1240,node_6895,electron_loss,ionization,1.0
edge_8841,ETFE,node_1240,node_6896,electron_gain,ionization,1.0
edge_8842,ETFE,node_1240,node_6897,protonation,ionization,1.0
edge_8843,ETFE,node_1240,node_6898,deprotonation,ionization,1.0
edge_8844,ETFE,node_1241,node_6899,electron_loss,ionization,1.0
edge_8845,ETFE,node_1241,node_6900,electron_gain,ionization,1.0
edge_8846,ETFE,node_1241,node_6901,protonation,ionization,1.0
edge_8847,ETFE,node_1241,node_6902,deprotonation,ionization,1.0
edge_8848,ETFE,node_1242,node_6903,electron_loss,ionization,1.0
edge_8849,ETFE,node_1242,node_6904,electron_gain,ionization,1.0
edge_8850,ETFE,node_1242,node_6905,protonation,ionization,1.0
edge_8851,ETFE,node_1242,node_6906,deprotonation,ionization,1.0
edge_8852,ETFE,node_1243,node_6907,electron_loss,ionization,1.0
edge_8853,ETFE,node_1243,node_6908,electron_gain,ionization,1.0
edge_8854,ETFE,node_1243,node_6909,protonation,ionization,1.0
edge_8855,ETFE,node_1243,node_6910,deprotonation,ionization,1.0
edge_8856,ETFE,node_1244,node_6911,electron_loss,ionization,1.0
edge_8857,ETFE,node_1244,node_6912,electron_gain,ionization,1.0
edge_8858,ETFE,node_1244,node_6913,protonation,ionization,1.0
edge_8859,ETFE,node_1244,node_6914,deprotonation,ionization,1.0
edge_8860,ETFE,node_1245,node_6915,electron_loss,ionization,1.0
edge_8861,ETFE,node_1245,node_6916,electron_gain,ionization,1.0
edge_8862,ETFE,node_1245,node_6917,protonation,ionization,1.0
edge_8863,ETFE,node_1245,node_6918,deprotonation,ionization,1.0
edge_8864,ETFE,node_1246,node_6919,electron_loss,ionization,1.0
edge_8865,ETFE,node_1246,node_6920,electron_gain,ionization,1.0
edge_8866,ETFE,node_1246,node_6921,protonation,ionization,1.0
edge_8867,ETFE,node_1246,node_6922,deprotonation,ionization,1.0
edge_8868,ETFE,node_1247,node_6923,electron_loss,ionization,1.0
edge_8869,ETFE,node_1247,node_6924,electron_gain,ionization,1.0
edge_8870,ETFE,node_1247,node_6925,protonation,ionization,1.0
edge_8871,ETFE,node_1247,node_6926,deprotonation,ionization,1.0
edge_8872,ETFE,node_1248,node_6927,electron_loss,ionization,1.0
edge_8873,ETFE,node_1248,node_6928,electron_gain,ionization,1.0
edge_8874,ETFE,node_1248,node_6929,protonation,ionization,1.0
edge_8875,ETFE,node_1248,node_6930,deprotonation,ionization,1.0
edge_8876,ETFE,node_1249,node_6931,electron_loss,ionization,1.0
edge_8877,ETFE,node_1249,node_6932,electron_gain,ionization,1.0
edge_8878,ETFE,node_1249,node_6933,protonation,ionization,1.0
edge_8879,ETFE,node_1249,node_6934,deprotonation,ionization,1.0
edge_8880,ETFE,node_1250,node_6935,electron_loss,ionization,1.0
edge_8881,ETFE,node_1250,node_6936,electron_gain,ionization,1.0
edge_8882,ETFE,node_1250,node_6937,protonation,ionization,1.0
edge_8883,ETFE,node_1250,node_6938,deprotonation,ionization,1.0
edge_8884,ETFE,node_1251,node_6939,electron_loss,ionization,1.0
edge_8885,ETFE,node_1251,node_6940,electron_gain,ionization,1.0
edge_8886,ETFE,node_1251,node_6941,protonation,ionization,1.0
edge_8887,ETFE,node_1251,node_6942,deprotonation,ionization,1.0
edge_8888,ETFE,node_1252,node_6943,electron_loss,ionization,1.0
edge_8889,ETFE,node_1252,node_6944,electron_gain,ionization,1.0
edge_8890,ETFE,node_1252,node_6945,protonation,ionization,1.0
edge_8891,ETFE,node_1252,node_6946,deprotonation,ionization,1.0
edge_8892,ETFE,node_1253,node_6947,electron_loss,ionization,1.0
edge_8893,ETFE,node_1253,node_6948,electron_gain,ionization,1.0
edge_8894,ETFE,node_1253,node_6949,protonation,ionization,1.0
edge_8895,ETFE,node_1253,node_6950,deprotonation,ionization,1.0
edge_8896,ETFE,node_1254,node_6951,electron_loss,ionization,1.0
edge_8897,ETFE,node_1254,node_6952,electron_gain,ionization,1.0
edge_8898,ETFE,node_1254,node_6953,protonation,ionization,1.0
edge_8899,ETFE,node_1254,node_6954,deprotonation,ionization,1.0
edge_8900,ETFE,node_1255,node_6955,electron_loss,ionization,1.0
edge_8901,ETFE,node_1255,node_6956,electron_gain,ionization,1.0
edge_8902,ETFE,node_1255,node_6957,protonation,ionization,1.0
edge_8903,ETFE,node_1255,node_6958,deprotonation,ionization,1.0
edge_8904,ETFE,node_1256,node_6959,electron_loss,ionization,1.0
edge_8905,ETFE,node_1256,node_6960,electron_gain,ionization,1.0
edge_8906,ETFE,node_1256,node_6961,protonation,ionization,1.0
edge_8907,ETFE,node_1256,node_6962,deprotonation,ionization,1.0
edge_8908,ETFE,node_1257,node_6963,electron_loss,ionization,1.0
edge_8909,ETFE,node_1257,node_6964,electron_gain,ionization,1.0
edge_8910,ETFE,node_1257,node_6965,protonation,ionization,1.0
edge_8911,ETFE,node_1257,node_6966,deprotonation,ionization,1.0
edge_8912,ETFE,node_1258,node_6967,electron_loss,ionization,1.0
edge_8913,ETFE,node_1258,node_6968,electron_gain,ionization,1.0
edge_8914,ETFE,node_1258,node_6969,protonation,ionization,1.0
edge_8915,ETFE,node_1258,node_6970,deprotonation,ionization,1.0
edge_8916,ETFE,node_1259,node_6971,electron_loss,ionization,1.0
edge_8917,ETFE,node_1259,node_6972,electron_gain,ionization,1.0
edge_8918,ETFE,node_1259,node_6973,protonation,ionization,1.0
edge_8919,ETFE,node_1259,node_6974,deprotonation,ionization,1.0
edge_8920,ETFE,node_1260,node_6975,electron_loss,ionization,1.0
edge_8921,ETFE,node_1260,node_6976,electron_gain,ionization,1.0
edge_8922,ETFE,node_1260,node_6977,protonation,ionization,1.0
edge_8923,ETFE,node_1260,node_6978,deprotonation,ionization,1.0
edge_8924,ETFE,node_1261,node_6979,electron_loss,ionization,1.0
edge_8925,ETFE,node_1261,node_6980,electron_gain,ionization,1.0
edge_8926,ETFE,node_1261,node_6981,protonation,ionization,1.0
edge_8927,ETFE,node_1261,node_6982,deprotonation,ionization,1.0
edge_8928,ETFE,node_1262,node_6983,electron_loss,ionization,1.0
edge_8929,ETFE,node_1262,node_6984,electron_gain,ionization,1.0
edge_8930,ETFE,node_1262,node_6985,protonation,ionization,1.0
edge_8931,ETFE,node_1262,node_6986,deprotonation,ionization,1.0
edge_8932,ETFE,node_1263,node_6987,electron_loss,ionization,1.0
edge_8933,ETFE,node_1263,node_6988,electron_gain,ionization,1.0
edge_8934,ETFE,node_1263,node_6989,protonation,ionization,1.0
edge_8935,ETFE,node_1263,node_6990,deprotonation,ionization,1.0
edge_8936,ETFE,node_1264,node_6991,electron_loss,ionization,1.0
edge_8937,ETFE,node_1264,node_6992,electron_gain,ionization,1.0
edge_8938,ETFE,node_1264,node_6993,protonation,ionization,1.0
edge_8939,ETFE,node_1264,node_6994,deprotonation,ionization,1.0
edge_8940,ETFE,node_1265,node_6995,electron_loss,ionization,1.0
edge_8941,ETFE,node_1265,node_6996,electron_gain,ionization,1.0
edge_8942,ETFE,node_1265,node_6997,protonation,ionization,1.0
edge_8943,ETFE,node_1265,node_6998,deprotonation,ionization,1.0
edge_8944,ETFE,node_1266,node_6999,electron_loss,ionization,1.0
edge_8945,ETFE,node_1266,node_7000,electron_gain,ionization,1.0
edge_8946,ETFE,node_1266,node_7001,protonation,ionization,1.0
edge_8947,ETFE,node_1266,node_7002,deprotonation,ionization,1.0
edge_8948,ETFE,node_1267,node_7003,electron_loss,ionization,1.0
edge_8949,ETFE,node_1267,node_7004,electron_gain,ionization,1.0
edge_8950,ETFE,node_1267,node_7005,protonation,ionization,1.0
edge_8951,ETFE,node_1267,node_7006,deprotonation,ionization,1.0
edge_8952,ETFE,node_1268,node_7007,electron_loss,ionization,1.0
edge_8953,ETFE,node_1268,node_7008,electron_gain,ionization,1.0
edge_8954,ETFE,node_1268,node_7009,protonation,ionization,1.0
edge_8955,ETFE,node_1268,node_7010,deprotonation,ionization,1.0
edge_8956,ETFE,node_1269,node_7011,electron_loss,ionization,1.0
edge_8957,ETFE,node_1269,node_7012,electron_gain,ionization,1.0
edge_8958,ETFE,node_1269,node_7013,protonation,ionization,1.0
edge_8959,ETFE,node_1269,node_7014,deprotonation,ionization,1.0
edge_8960,ETFE,node_1270,node_7015,electron_loss,ionization,1.0
edge_8961,ETFE,node_1270,node_7016,electron_gain,ionization,1.0
edge_8962,ETFE,node_1270,node_7017,protonation,ionization,1.0
edge_8963,ETFE,node_1270,node_7018,deprotonation,ionization,1.0
edge_8964,ETFE,node_1271,node_7019,electron_loss,ionization,1.0
edge_8965,ETFE,node_1271,node_7020,electron_gain,ionization,1.0
edge_8966,ETFE,node_1271,node_7021,protonation,ionization,1.0
edge_8967,ETFE,node_1271,node_7022,deprotonation,ionization,1.0
edge_8968,ETFE,node_1272,node_7023,electron_loss,ionization,1.0
edge_8969,ETFE,node_1272,node_7024,electron_gain,ionization,1.0
edge_8970,ETFE,node_1272,node_7025,protonation,ionization,1.0
edge_8971,ETFE,node_1272,node_7026,deprotonation,ionization,1.0
edge_8972,ETFE,node_1273,node_7027,electron_loss,ionization,1.0
edge_8973,ETFE,node_1273,node_7028,electron_gain,ionization,1.0
edge_8974,ETFE,node_1273,node_7029,protonation,ionization,1.0
edge_8975,ETFE,node_1273,node_7030,deprotonation,ionization,1.0
edge_8976,ETFE,node_1274,node_7031,electron_loss,ionization,1.0
edge_8977,ETFE,node_1274,node_7032,electron_gain,ionization,1.0
edge_8978,ETFE,node_1274,node_7033,protonation,ionization,1.0
edge_8979,ETFE,node_1274,node_7034,deprotonation,ionization,1.0
edge_8980,ETFE,node_1275,node_7035,electron_loss,ionization,1.0
edge_8981,ETFE,node_1275,node_7036,electron_gain,ionization,1.0
edge_8982,ETFE,node_1275,node_7037,protonation,ionization,1.0
edge_8983,ETFE,node_1275,node_7038,deprotonation,ionization,1.0
edge_8984,ETFE,node_1276,node_7039,electron_loss,ionization,1.0
edge_8985,ETFE,node_1276,node_7040,electron_gain,ionization,1.0
edge_8986,ETFE,node_1276,node_7041,protonation,ionization,1.0
edge_8987,ETFE,node_1276,node_7042,deprotonation,ionization,1.0
edge_8988,ETFE,node_1277,node_7043,electron_loss,ionization,1.0
edge_8989,ETFE,node_1277,node_7044,electron_gain,ionization,1.0
edge_8990,ETFE,node_1277,node_7045,protonation,ionization,1.0
edge_8991,ETFE,node_1277,node_7046,deprotonation,ionization,1.0
edge_8992,ETFE,node_1278,node_7047,electron_loss,ionization,1.0
edge_8993,ETFE,node_1278,node_7048,electron_gain,ionization,1.0
edge_8994,ETFE,node_1278,node_7049,protonation,ionization,1.0
edge_8995,ETFE,node_1278,node_7050,deprotonation,ionization,1.0
edge_8996,ETFE,node_1279,node_7051,electron_loss,ionization,1.0
edge_8997,ETFE,node_1279,node_7052,electron_gain,ionization,1.0
edge_8998,ETFE,node_1279,node_7053,protonation,ionization,1.0
edge_8999,ETFE,node_1279,node_7054,deprotonation,ionization,1.0
edge_9000,ETFE,node_1280,node_7055,electron_loss,ionization,1.0
edge_9001,ETFE,node_1280,node_7056,electron_gain,ionization,1.0
edge_9002,ETFE,node_1280,node_7057,protonation,ionization,1.0
edge_9003,ETFE,node_1280,node_7058,deprotonation,ionization,1.0
edge_9004,ETFE,node_1281,node_7059,electron_loss,ionization,1.0
edge_9005,ETFE,node_1281,node_7060,electron_gain,ionization,1.0
edge_9006,ETFE,node_1281,node_7061,protonation,ionization,1.0
edge_9007,ETFE,node_1281,node_7062,deprotonation,ionization,1.0
edge_9008,ETFE,node_1282,node_7063,electron_loss,ionization,1.0
edge_9009,ETFE,node_1282,node_7064,electron_gain,ionization,1.0
edge_9010,ETFE,node_1282,node_7065,protonation,ionization,1.0
edge_9011,ETFE,node_1282,node_7066,deprotonation,ionization,1.0
edge_9012,ETFE,node_1283,node_7067,electron_loss,ionization,1.0
edge_9013,ETFE,node_1283,node_7068,electron_gain,ionization,1.0
edge_9014,ETFE,node_1283,node_7069,protonation,ionization,1.0
edge_9015,ETFE,node_1283,node_7070,deprotonation,ionization,1.0
edge_9016,ETFE,node_1284,node_7071,electron_loss,ionization,1.0
edge_9017,ETFE,node_1284,node_7072,electron_gain,ionization,1.0
edge_9018,ETFE,node_1284,node_7073,protonation,ionization,1.0
edge_9019,ETFE,node_1284,node_7074,deprotonation,ionization,1.0
edge_9020,ETFE,node_1285,node_7075,electron_loss,ionization,1.0
edge_9021,ETFE,node_1285,node_7076,electron_gain,ionization,1.0
edge_9022,ETFE,node_1285,node_7077,protonation,ionization,1.0
edge_9023,ETFE,node_1285,node_7078,deprotonation,ionization,1.0
edge_9024,ETFE,node_1286,node_7079,electron_loss,ionization,1.0
edge_9025,ETFE,node_1286,node_7080,electron_gain,ionization,1.0
edge_9026,ETFE,node_1286,node_7081,protonation,ionization,1.0
edge_9027,ETFE,node_1286,node_7082,deprotonation,ionization,1.0
edge_9028,ETFE,node_1287,node_7083,electron_loss,ionization,1.0
edge_9029,ETFE,node_1287,node_7084,electron_gain,ionization,1.0
edge_9030,ETFE,node_1287,node_7085,protonation,ionization,1.0
edge_9031,ETFE,node_1287,node_7086,deprotonation,ionization,1.0
edge_9032,ETFE,node_1288,node_7087,electron_loss,ionization,1.0
edge_9033,ETFE,node_1288,node_7088,electron_gain,ionization,1.0
edge_9034,ETFE,node_1288,node_7089,protonation,ionization,1.0
edge_9035,ETFE,node_1288,node_7090,deprotonation,ionization,1.0
edge_9036,ETFE,node_1289,node_7091,electron_loss,ionization,1.0
edge_9037,ETFE,node_1289,node_7092,electron_gain,ionization,1.0
edge_9038,ETFE,node_1289,node_7093,protonation,ionization,1.0
edge_9039,ETFE,node_1289,node_7094,deprotonation,ionization,1.0
edge_9040,ETFE,node_1290,node_7095,electron_loss,ionization,1.0
edge_9041,ETFE,node_1290,node_7096,electron_gain,ionization,1.0
edge_9042,ETFE,node_1290,node_7097,protonation,ionization,1.0
edge_9043,ETFE,node_1290,node_7098,deprotonation,ionization,1.0
edge_9044,ETFE,node_1291,node_7099,electron_loss,ionization,1.0
edge_9045,ETFE,node_1291,node_7100,electron_gain,ionization,1.0
edge_9046,ETFE,node_1291,node_7101,protonation,ionization,1.0
edge_9047,ETFE,node_1291,node_7102,deprotonation,ionization,1.0
edge_9048,ETFE,node_1292,node_7103,electron_loss,ionization,1.0
edge_9049,ETFE,node_1292,node_7104,electron_gain,ionization,1.0
edge_9050,ETFE,node_1292,node_7105,protonation,ionization,1.0
edge_9051,ETFE,node_1292,node_7106,deprotonation,ionization,1.0
edge_9052,ETFE,node_1293,node_7107,electron_loss,ionization,1.0
edge_9053,ETFE,node_1293,node_7108,electron_gain,ionization,1.0
edge_9054,ETFE,node_1293,node_7109,protonation,ionization,1.0
edge_9055,ETFE,node_1293,node_7110,deprotonation,ionization,1.0
edge_9056,ETFE,node_1294,node_7111,electron_loss,ionization,1.0
edge_9057,ETFE,node_1294,node_7112,electron_gain,ionization,1.0
edge_9058,ETFE,node_1294,node_7113,protonation,ionization,1.0
edge_9059,ETFE,node_1294,node_7114,deprotonation,ionization,1.0
edge_9060,ETFE,node_1295,node_7115,electron_loss,ionization,1.0
edge_9061,ETFE,node_1295,node_7116,electron_gain,ionization,1.0
edge_9062,ETFE,node_1295,node_7117,protonation,ionization,1.0
edge_9063,ETFE,node_1295,node_7118,deprotonation,ionization,1.0
edge_9064,ETFE,node_1296,node_7119,electron_loss,ionization,1.0
edge_9065,ETFE,node_1296,node_7120,electron_gain,ionization,1.0
edge_9066,ETFE,node_1296,node_7121,protonation,ionization,1.0
edge_9067,ETFE,node_1296,node_7122,deprotonation,ionization,1.0
edge_9068,ETFE,node_1297,node_7123,electron_loss,ionization,1.0
edge_9069,ETFE,node_1297,node_7124,electron_gain,ionization,1.0
edge_9070,ETFE,node_1297,node_7125,protonation,ionization,1.0
edge_9071,ETFE,node_1297,node_7126,deprotonation,ionization,1.0
edge_9072,ETFE,node_1298,node_7127,electron_loss,ionization,1.0
edge_9073,ETFE,node_1298,node_7128,electron_gain,ionization,1.0
edge_9074,ETFE,node_1298,node_7129,protonation,ionization,1.0
edge_9075,ETFE,node_1298,node_7130,deprotonation,ionization,1.0
edge_9076,ETFE,node_1299,node_7131,electron_loss,ionization,1.0
edge_9077,ETFE,node_1299,node_7132,electron_gain,ionization,1.0
edge_9078,ETFE,node_1299,node_7133,protonation,ionization,1.0
edge_9079,ETFE,node_1299,node_7134,deprotonation,ionization,1.0
edge_9080,ETFE,node_1300,node_7135,electron_loss,ionization,1.0
edge_9081,ETFE,node_1300,node_7136,electron_gain,ionization,1.0
edge_9082,ETFE,node_1300,node_7137,protonation,ionization,1.0
edge_9083,ETFE,node_1300,node_7138,deprotonation,ionization,1.0
edge_9084,ETFE,node_1301,node_7139,electron_loss,ionization,1.0
edge_9085,ETFE,node_1301,node_7140,electron_gain,ionization,1.0
edge_9086,ETFE,node_1301,node_7141,protonation,ionization,1.0
edge_9087,ETFE,node_1301,node_7142,deprotonation,ionization,1.0
edge_9088,ETFE,node_1302,node_7143,electron_loss,ionization,1.0
edge_9089,ETFE,node_1302,node_7144,electron_gain,ionization,1.0
edge_9090,ETFE,node_1302,node_7145,protonation,ionization,1.0
edge_9091,ETFE,node_1302,node_7146,deprotonation,ionization,1.0
edge_9092,ETFE,node_1303,node_7147,electron_loss,ionization,1.0
edge_9093,ETFE,node_1303,node_7148,electron_gain,ionization,1.0
edge_9094,ETFE,node_1303,node_7149,protonation,ionization,1.0
edge_9095,ETFE,node_1303,node_7150,deprotonation,ionization,1.0
edge_9096,ETFE,node_1304,node_7151,electron_loss,ionization,1.0
edge_9097,ETFE,node_1304,node_7152,electron_gain,ionization,1.0
edge_9098,ETFE,node_1304,node_7153,protonation,ionization,1.0
edge_9099,ETFE,node_1304,node_7154,deprotonation,ionization,1.0
edge_9100,ETFE,node_1305,node_7155,electron_loss,ionization,1.0
edge_9101,ETFE,node_1305,node_7156,electron_gain,ionization,1.0
edge_9102,ETFE,node_1305,node_7157,protonation,ionization,1.0
edge_9103,ETFE,node_1305,node_7158,deprotonation,ionization,1.0
edge_9104,ETFE,node_1306,node_7159,electron_loss,ionization,1.0
edge_9105,ETFE,node_1306,node_7160,electron_gain,ionization,1.0
edge_9106,ETFE,node_1306,node_7161,protonation,ionization,1.0
edge_9107,ETFE,node_1306,node_7162,deprotonation,ionization,1.0
edge_9108,ETFE,node_1307,node_7163,electron_loss,ionization,1.0
edge_9109,ETFE,node_1307,node_7164,electron_gain,ionization,1.0
edge_9110,ETFE,node_1307,node_7165,protonation,ionization,1.0
edge_9111,ETFE,node_1307,node_7166,deprotonation,ionization,1.0
edge_9112,ETFE,node_1308,node_7167,electron_loss,ionization,1.0
edge_9113,ETFE,node_1308,node_7168,electron_gain,ionization,1.0
edge_9114,ETFE,node_1308,node_7169,protonation,ionization,1.0
edge_9115,ETFE,node_1308,node_7170,deprotonation,ionization,1.0
edge_9116,ETFE,node_1309,node_7171,electron_loss,ionization,1.0
edge_9117,ETFE,node_1309,node_7172,electron_gain,ionization,1.0
edge_9118,ETFE,node_1309,node_7173,protonation,ionization,1.0
edge_9119,ETFE,node_1309,node_7174,deprotonation,ionization,1.0
edge_9120,ETFE,node_1310,node_7175,electron_loss,ionization,1.0
edge_9121,ETFE,node_1310,node_7176,electron_gain,ionization,1.0
edge_9122,ETFE,node_1310,node_7177,protonation,ionization,1.0
edge_9123,ETFE,node_1310,node_7178,deprotonation,ionization,1.0
edge_9124,ETFE,node_1311,node_7179,electron_loss,ionization,1.0
edge_9125,ETFE,node_1311,node_7180,electron_gain,ionization,1.0
edge_9126,ETFE,node_1311,node_7181,protonation,ionization,1.0
edge_9127,ETFE,node_1311,node_7182,deprotonation,ionization,1.0
edge_9128,ETFE,node_1312,node_7183,electron_loss,ionization,1.0
edge_9129,ETFE,node_1312,node_7184,electron_gain,ionization,1.0
edge_9130,ETFE,node_1312,node_7185,protonation,ionization,1.0
edge_9131,ETFE,node_1312,node_7186,deprotonation,ionization,1.0
edge_9132,ETFE,node_1313,node_7187,electron_loss,ionization,1.0
edge_9133,ETFE,node_1313,node_7188,electron_gain,ionization,1.0
edge_9134,ETFE,node_1313,node_7189,protonation,ionization,1.0
edge_9135,ETFE,node_1313,node_7190,deprotonation,ionization,1.0
edge_9136,ETFE,node_1314,node_7191,electron_loss,ionization,1.0
edge_9137,ETFE,node_1314,node_7192,electron_gain,ionization,1.0
edge_9138,ETFE,node_1314,node_7193,protonation,ionization,1.0
edge_9139,ETFE,node_1314,node_7194,deprotonation,ionization,1.0
edge_9140,ETFE,node_1315,node_7195,electron_loss,ionization,1.0
edge_9141,ETFE,node_1315,node_7196,electron_gain,ionization,1.0
edge_9142,ETFE,node_1315,node_7197,protonation,ionization,1.0
edge_9143,ETFE,node_1315,node_7198,deprotonation,ionization,1.0
edge_9144,ETFE,node_1316,node_7199,electron_loss,ionization,1.0
edge_9145,ETFE,node_1316,node_7200,electron_gain,ionization,1.0
edge_9146,ETFE,node_1316,node_7201,protonation,ionization,1.0
edge_9147,ETFE,node_1316,node_7202,deprotonation,ionization,1.0
edge_9148,ETFE,node_1317,node_7203,electron_loss,ionization,1.0
edge_9149,ETFE,node_1317,node_7204,electron_gain,ionization,1.0
edge_9150,ETFE,node_1317,node_7205,protonation,ionization,1.0
edge_9151,ETFE,node_1317,node_7206,deprotonation,ionization,1.0
edge_9152,ETFE,node_1318,node_7207,electron_loss,ionization,1.0
edge_9153,ETFE,node_1318,node_7208,electron_gain,ionization,1.0
edge_9154,ETFE,node_1318,node_7209,protonation,ionization,1.0
edge_9155,ETFE,node_1318,node_7210,deprotonation,ionization,1.0
edge_9156,ETFE,node_1319,node_7211,electron_loss,ionization,1.0
edge_9157,ETFE,node_1319,node_7212,electron_gain,ionization,1.0
edge_9158,ETFE,node_1319,node_7213,protonation,ionization,1.0
edge_9159,ETFE,node_1319,node_7214,deprotonation,ionization,1.0
edge_9160,ETFE,node_1320,node_7215,electron_loss,ionization,1.0
edge_9161,ETFE,node_1320,node_7216,electron_gain,ionization,1.0
edge_9162,ETFE,node_1320,node_7217,protonation,ionization,1.0
edge_9163,ETFE,node_1320,node_7218,deprotonation,ionization,1.0
edge_9164,ETFE,node_1321,node_7219,electron_loss,ionization,1.0
edge_9165,ETFE,node_1321,node_7220,electron_gain,ionization,1.0
edge_9166,ETFE,node_1321,node_7221,protonation,ionization,1.0
edge_9167,ETFE,node_1321,node_7222,deprotonation,ionization,1.0
edge_9168,ETFE,node_1322,node_7223,electron_loss,ionization,1.0
edge_9169,ETFE,node_1322,node_7224,electron_gain,ionization,1.0
edge_9170,ETFE,node_1322,node_7225,protonation,ionization,1.0
edge_9171,ETFE,node_1322,node_7226,deprotonation,ionization,1.0
edge_9172,ETFE,node_1323,node_7227,electron_loss,ionization,1.0
edge_9173,ETFE,node_1323,node_7228,electron_gain,ionization,1.0
edge_9174,ETFE,node_1323,node_7229,protonation,ionization,1.0
edge_9175,ETFE,node_1323,node_7230,deprotonation,ionization,1.0
edge_9176,ETFE,node_1324,node_7231,electron_loss,ionization,1.0
edge_9177,ETFE,node_1324,node_7232,electron_gain,ionization,1.0
edge_9178,ETFE,node_1324,node_7233,protonation,ionization,1.0
edge_9179,ETFE,node_1324,node_7234,deprotonation,ionization,1.0
edge_9180,ETFE,node_1325,node_7235,electron_loss,ionization,1.0
edge_9181,ETFE,node_1325,node_7236,electron_gain,ionization,1.0
edge_9182,ETFE,node_1325,node_7237,protonation,ionization,1.0
edge_9183,ETFE,node_1325,node_7238,deprotonation,ionization,1.0
edge_9184,ETFE,node_1326,node_7239,electron_loss,ionization,1.0
edge_9185,ETFE,node_1326,node_7240,electron_gain,ionization,1.0
edge_9186,ETFE,node_1326,node_7241,protonation,ionization,1.0
edge_9187,ETFE,node_1326,node_7242,deprotonation,ionization,1.0
edge_9188,ETFE,node_1327,node_7243,electron_loss,ionization,1.0
edge_9189,ETFE,node_1327,node_7244,electron_gain,ionization,1.0
edge_9190,ETFE,node_1327,node_7245,protonation,ionization,1.0
edge_9191,ETFE,node_1327,node_7246,deprotonation,ionization,1.0
edge_9192,ETFE,node_1328,node_7247,electron_loss,ionization,1.0
edge_9193,ETFE,node_1328,node_7248,electron_gain,ionization,1.0
edge_9194,ETFE,node_1328,node_7249,protonation,ionization,1.0
edge_9195,ETFE,node_1328,node_7250,deprotonation,ionization,1.0
edge_9196,ETFE,node_1329,node_7251,electron_loss,ionization,1.0
edge_9197,ETFE,node_1329,node_7252,electron_gain,ionization,1.0
edge_9198,ETFE,node_1329,node_7253,protonation,ionization,1.0
edge_9199,ETFE,node_1329,node_7254,deprotonation,ionization,1.0
edge_9200,ETFE,node_1330,node_7255,electron_loss,ionization,1.0
edge_9201,ETFE,node_1330,node_7256,electron_gain,ionization,1.0
edge_9202,ETFE,node_1330,node_7257,protonation,ionization,1.0
edge_9203,ETFE,node_1330,node_7258,deprotonation,ionization,1.0
edge_9204,ETFE,node_1331,node_7259,electron_loss,ionization,1.0
edge_9205,ETFE,node_1331,node_7260,electron_gain,ionization,1.0
edge_9206,ETFE,node_1331,node_7261,protonation,ionization,1.0
edge_9207,ETFE,node_1331,node_7262,deprotonation,ionization,1.0
edge_9208,ETFE,node_1332,node_7263,electron_loss,ionization,1.0
edge_9209,ETFE,node_1332,node_7264,electron_gain,ionization,1.0
edge_9210,ETFE,node_1332,node_7265,protonation,ionization,1.0
edge_9211,ETFE,node_1332,node_7266,deprotonation,ionization,1.0
edge_9212,ETFE,node_1333,node_7267,electron_loss,ionization,1.0
edge_9213,ETFE,node_1333,node_7268,electron_gain,ionization,1.0
edge_9214,ETFE,node_1333,node_7269,protonation,ionization,1.0
edge_9215,ETFE,node_1333,node_7270,deprotonation,ionization,1.0
edge_9216,ETFE,node_1334,node_7271,electron_loss,ionization,1.0
edge_9217,ETFE,node_1334,node_7272,electron_gain,ionization,1.0
edge_9218,ETFE,node_1334,node_7273,protonation,ionization,1.0
edge_9219,ETFE,node_1334,node_7274,deprotonation,ionization,1.0
edge_9220,ETFE,node_1335,node_7275,electron_loss,ionization,1.0
edge_9221,ETFE,node_1335,node_7276,electron_gain,ionization,1.0
edge_9222,ETFE,node_1335,node_7277,protonation,ionization,1.0
edge_9223,ETFE,node_1335,node_7278,deprotonation,ionization,1.0
edge_9224,ETFE,node_1336,node_7279,electron_loss,ionization,1.0
edge_9225,ETFE,node_1336,node_7280,electron_gain,ionization,1.0
edge_9226,ETFE,node_1336,node_7281,protonation,ionization,1.0
edge_9227,ETFE,node_1336,node_7282,deprotonation,ionization,1.0
edge_9228,ETFE,node_1337,node_7283,electron_loss,ionization,1.0
edge_9229,ETFE,node_1337,node_7284,electron_gain,ionization,1.0
edge_9230,ETFE,node_1337,node_7285,protonation,ionization,1.0
edge_9231,ETFE,node_1337,node_7286,deprotonation,ionization,1.0
edge_9232,ETFE,node_1338,node_7287,electron_loss,ionization,1.0
edge_9233,ETFE,node_1338,node_7288,electron_gain,ionization,1.0
edge_9234,ETFE,node_1338,node_7289,protonation,ionization,1.0
edge_9235,ETFE,node_1338,node_7290,deprotonation,ionization,1.0
edge_9236,ETFE,node_1339,node_7291,electron_loss,ionization,1.0
edge_9237,ETFE,node_1339,node_7292,electron_gain,ionization,1.0
edge_9238,ETFE,node_1339,node_7293,protonation,ionization,1.0
edge_9239,ETFE,node_1339,node_7294,deprotonation,ionization,1.0
edge_9240,ETFE,node_1340,node_7295,electron_loss,ionization,1.0
edge_9241,ETFE,node_1340,node_7296,electron_gain,ionization,1.0
edge_9242,ETFE,node_1340,node_7297,protonation,ionization,1.0
edge_9243,ETFE,node_1340,node_7298,deprotonation,ionization,1.0
edge_9244,ETFE,node_1341,node_7299,electron_loss,ionization,1.0
edge_9245,ETFE,node_1341,node_7300,electron_gain,ionization,1.0
edge_9246,ETFE,node_1341,node_7301,protonation,ionization,1.0
edge_9247,ETFE,node_1342,node_7302,electron_loss,ionization,1.0
edge_9248,ETFE,node_1342,node_7303,electron_gain,ionization,1.0
edge_9249,ETFE,node_1342,node_7304,protonation,ionization,1.0
edge_9250,ETFE,node_1342,node_7305,deprotonation,ionization,1.0
edge_9251,ETFE,node_1343,node_7306,electron_loss,ionization,1.0
edge_9252,ETFE,node_1343,node_7307,electron_gain,ionization,1.0
edge_9253,ETFE,node_1343,node_7308,protonation,ionization,1.0
edge_9254,ETFE,node_1344,node_7309,electron_loss,ionization,1.0
edge_9255,ETFE,node_1344,node_7310,electron_gain,ionization,1.0
edge_9256,ETFE,node_1344,node_7311,protonation,ionization,1.0
edge_9257,ETFE,node_1344,node_7312,deprotonation,ionization,1.0
edge_9258,ETFE,node_1345,node_7313,electron_loss,ionization,1.0
edge_9259,ETFE,node_1345,node_7314,electron_gain,ionization,1.0
edge_9260,ETFE,node_1345,node_7315,protonation,ionization,1.0
edge_9261,ETFE,node_1345,node_7316,deprotonation,ionization,1.0
edge_9262,ETFE,node_1346,node_7317,electron_loss,ionization,1.0
edge_9263,ETFE,node_1346,node_7318,electron_gain,ionization,1.0
edge_9264,ETFE,node_1346,node_7319,protonation,ionization,1.0
edge_9265,ETFE,node_1347,node_7320,electron_loss,ionization,1.0
edge_9266,ETFE,node_1347,node_7321,electron_gain,ionization,1.0
edge_9267,ETFE,node_1347,node_7322,protonation,ionization,1.0
edge_9268,ETFE,node_1347,node_7323,deprotonation,ionization,1.0
edge_9269,ETFE,node_1348,node_7324,electron_loss,ionization,1.0
edge_9270,ETFE,node_1348,node_7325,electron_gain,ionization,1.0
edge_9271,ETFE,node_1348,node_7326,protonation,ionization,1.0
edge_9272,ETFE,node_1349,node_7327,electron_loss,ionization,1.0
edge_9273,ETFE,node_1349,node_7328,electron_gain,ionization,1.0
edge_9274,ETFE,node_1349,node_7329,protonation,ionization,1.0
edge_9275,ETFE,node_1349,node_7330,deprotonation,ionization,1.0
edge_9276,ETFE,node_1350,node_7331,electron_loss,ionization,1.0
edge_9277,ETFE,node_1350,node_7332,electron_gain,ionization,1.0
edge_9278,ETFE,node_1350,node_7333,protonation,ionization,1.0
edge_9279,ETFE,node_1350,node_7334,deprotonation,ionization,1.0
edge_9280,ETFE,node_1351,node_7335,electron_loss,ionization,1.0
edge_9281,ETFE,node_1351,node_7336,electron_gain,ionization,1.0
edge_9282,ETFE,node_1351,node_7337,protonation,ionization,1.0
edge_9283,ETFE,node_1351,node_7338,deprotonation,ionization,1.0
edge_9284,ETFE,node_1352,node_7339,electron_loss,ionization,1.0
edge_9285,ETFE,node_1352,node_7340,electron_gain,ionization,1.0
edge_9286,ETFE,node_1352,node_7341,protonation,ionization,1.0
edge_9287,ETFE,node_1352,node_7342,deprotonation,ionization,1.0
edge_9288,ETFE,node_1353,node_7343,electron_loss,ionization,1.0
edge_9289,ETFE,node_1353,node_7344,electron_gain,ionization,1.0
edge_9290,ETFE,node_1353,node_7345,protonation,ionization,1.0
edge_9291,ETFE,node_1353,node_7346,deprotonation,ionization,1.0
edge_9292,ETFE,node_1354,node_7347,electron_loss,ionization,1.0
edge_9293,ETFE,node_1354,node_7348,electron_gain,ionization,1.0
edge_9294,ETFE,node_1354,node_7349,protonation,ionization,1.0
edge_9295,ETFE,node_1354,node_7350,deprotonation,ionization,1.0
edge_9296,ETFE,node_1355,node_7351,electron_loss,ionization,1.0
edge_9297,ETFE,node_1355,node_7352,electron_gain,ionization,1.0
edge_9298,ETFE,node_1355,node_7353,protonation,ionization,1.0
edge_9299,ETFE,node_1355,node_7354,deprotonation,ionization,1.0
edge_9300,ETFE,node_1356,node_7355,electron_loss,ionization,1.0
edge_9301,ETFE,node_1356,node_7356,electron_gain,ionization,1.0
edge_9302,ETFE,node_1356,node_7357,protonation,ionization,1.0
edge_9303,ETFE,node_1356,node_7358,deprotonation,ionization,1.0
edge_9304,ETFE,node_1357,node_7359,electron_loss,ionization,1.0
edge_9305,ETFE,node_1357,node_7360,electron_gain,ionization,1.0
edge_9306,ETFE,node_1357,node_7361,protonation,ionization,1.0
edge_9307,ETFE,node_1357,node_7362,deprotonation,ionization,1.0
edge_9308,ETFE,node_1358,node_7363,electron_loss,ionization,1.0
edge_9309,ETFE,node_1358,node_7364,electron_gain,ionization,1.0
edge_9310,ETFE,node_1358,node_7365,protonation,ionization,1.0
edge_9311,ETFE,node_1358,node_7366,deprotonation,ionization,1.0
edge_9312,ETFE,node_1359,node_7367,electron_loss,ionization,1.0
edge_9313,ETFE,node_1359,node_7368,electron_gain,ionization,1.0
edge_9314,ETFE,node_1359,node_7369,protonation,ionization,1.0
edge_9315,ETFE,node_1359,node_7370,deprotonation,ionization,1.0
edge_9316,ETFE,node_1360,node_7371,electron_loss,ionization,1.0
edge_9317,ETFE,node_1360,node_7372,electron_gain,ionization,1.0
edge_9318,ETFE,node_1360,node_7373,protonation,ionization,1.0
edge_9319,ETFE,node_1360,node_7374,deprotonation,ionization,1.0
edge_9320,ETFE,node_1361,node_7375,electron_loss,ionization,1.0
edge_9321,ETFE,node_1361,node_7376,electron_gain,ionization,1.0
edge_9322,ETFE,node_1361,node_7377,protonation,ionization,1.0
edge_9323,ETFE,node_1361,node_7378,deprotonation,ionization,1.0
edge_9324,ETFE,node_1362,node_7379,electron_loss,ionization,1.0
edge_9325,ETFE,node_1362,node_7380,electron_gain,ionization,1.0
edge_9326,ETFE,node_1362,node_7381,protonation,ionization,1.0
edge_9327,ETFE,node_1362,node_7382,deprotonation,ionization,1.0
edge_9328,ETFE,node_1363,node_7383,electron_loss,ionization,1.0
edge_9329,ETFE,node_1363,node_7384,electron_gain,ionization,1.0
edge_9330,ETFE,node_1363,node_7385,protonation,ionization,1.0
edge_9331,ETFE,node_1363,node_7386,deprotonation,ionization,1.0
edge_9332,ETFE,node_1364,node_7387,electron_loss,ionization,1.0
edge_9333,ETFE,node_1364,node_7388,electron_gain,ionization,1.0
edge_9334,ETFE,node_1364,node_7389,protonation,ionization,1.0
edge_9335,ETFE,node_1365,node_7390,electron_loss,ionization,1.0
edge_9336,ETFE,node_1365,node_7391,electron_gain,ionization,1.0
edge_9337,ETFE,node_1365,node_7392,protonation,ionization,1.0
edge_9338,ETFE,node_1365,node_7393,deprotonation,ionization,1.0
edge_9339,ETFE,node_1366,node_7394,electron_loss,ionization,1.0
edge_9340,ETFE,node_1366,node_7395,electron_gain,ionization,1.0
edge_9341,ETFE,node_1366,node_7396,protonation,ionization,1.0
edge_9342,ETFE,node_1367,node_7397,electron_loss,ionization,1.0
edge_9343,ETFE,node_1367,node_7398,electron_gain,ionization,1.0
edge_9344,ETFE,node_1367,node_7399,protonation,ionization,1.0
edge_9345,ETFE,node_1367,node_7400,deprotonation,ionization,1.0
edge_9346,ETFE,node_1368,node_7401,electron_loss,ionization,1.0
edge_9347,ETFE,node_1368,node_7402,electron_gain,ionization,1.0
edge_9348,ETFE,node_1368,node_7403,protonation,ionization,1.0
edge_9349,ETFE,node_1368,node_7404,deprotonation,ionization,1.0
edge_9350,ETFE,node_1369,node_7405,electron_loss,ionization,1.0
edge_9351,ETFE,node_1369,node_7406,electron_gain,ionization,1.0
edge_9352,ETFE,node_1369,node_7407,protonation,ionization,1.0
edge_9353,ETFE,node_1369,node_7408,deprotonation,ionization,1.0
edge_9354,ETFE,node_1370,node_7409,electron_loss,ionization,1.0
edge_9355,ETFE,node_1370,node_7410,electron_gain,ionization,1.0
edge_9356,ETFE,node_1370,node_7411,protonation,ionization,1.0
edge_9357,ETFE,node_1370,node_7412,deprotonation,ionization,1.0
edge_9358,ETFE,node_1371,node_7413,electron_loss,ionization,1.0
edge_9359,ETFE,node_1371,node_7414,electron_gain,ionization,1.0
edge_9360,ETFE,node_1371,node_7415,protonation,ionization,1.0
edge_9361,ETFE,node_1371,node_7416,deprotonation,ionization,1.0
edge_9362,ETFE,node_1372,node_7417,electron_loss,ionization,1.0
edge_9363,ETFE,node_1372,node_7418,electron_gain,ionization,1.0
edge_9364,ETFE,node_1372,node_7419,protonation,ionization,1.0
edge_9365,ETFE,node_1372,node_7420,deprotonation,ionization,1.0
edge_9366,ETFE,node_1373,node_7421,electron_loss,ionization,1.0
edge_9367,ETFE,node_1373,node_7422,electron_gain,ionization,1.0
edge_9368,ETFE,node_1373,node_7423,protonation,ionization,1.0
edge_9369,ETFE,node_1373,node_7424,deprotonation,ionization,1.0
edge_9370,ETFE,node_1374,node_7425,electron_loss,ionization,1.0
edge_9371,ETFE,node_1374,node_7426,electron_gain,ionization,1.0
edge_9372,ETFE,node_1374,node_7427,protonation,ionization,1.0
edge_9373,ETFE,node_1374,node_7428,deprotonation,ionization,1.0
edge_9374,ETFE,node_1375,node_7429,electron_loss,ionization,1.0
edge_9375,ETFE,node_1375,node_7430,electron_gain,ionization,1.0
edge_9376,ETFE,node_1375,node_7431,protonation,ionization,1.0
edge_9377,ETFE,node_1375,node_7432,deprotonation,ionization,1.0
edge_9378,ETFE,node_1376,node_7433,electron_loss,ionization,1.0
edge_9379,ETFE,node_1376,node_7434,electron_gain,ionization,1.0
edge_9380,ETFE,node_1376,node_7435,protonation,ionization,1.0
edge_9381,ETFE,node_1376,node_7436,deprotonation,ionization,1.0
edge_9382,ETFE,node_1377,node_7437,electron_loss,ionization,1.0
edge_9383,ETFE,node_1377,node_7438,electron_gain,ionization,1.0
edge_9384,ETFE,node_1377,node_7439,protonation,ionization,1.0
edge_9385,ETFE,node_1377,node_7440,deprotonation,ionization,1.0
edge_9386,ETFE,node_1378,node_7441,electron_loss,ionization,1.0
edge_9387,ETFE,node_1378,node_7442,electron_gain,ionization,1.0
edge_9388,ETFE,node_1378,node_7443,protonation,ionization,1.0
edge_9389,ETFE,node_1378,node_7444,deprotonation,ionization,1.0
edge_9390,ETFE,node_1379,node_7445,electron_loss,ionization,1.0
edge_9391,ETFE,node_1379,node_7446,electron_gain,ionization,1.0
edge_9392,ETFE,node_1379,node_7447,protonation,ionization,1.0
edge_9393,ETFE,node_1379,node_7448,deprotonation,ionization,1.0
edge_9394,ETFE,node_1380,node_7449,electron_loss,ionization,1.0
edge_9395,ETFE,node_1380,node_7450,electron_gain,ionization,1.0
edge_9396,ETFE,node_1380,node_7451,protonation,ionization,1.0
edge_9397,ETFE,node_1380,node_7452,deprotonation,ionization,1.0
edge_9398,ETFE,node_1381,node_7453,electron_loss,ionization,1.0
edge_9399,ETFE,node_1381,node_7454,electron_gain,ionization,1.0
edge_9400,ETFE,node_1381,node_7455,protonation,ionization,1.0
edge_9401,ETFE,node_1381,node_7456,deprotonation,ionization,1.0
edge_9402,ETFE,node_1382,node_7457,electron_loss,ionization,1.0
edge_9403,ETFE,node_1382,node_7458,electron_gain,ionization,1.0
edge_9404,ETFE,node_1382,node_7459,protonation,ionization,1.0
edge_9405,ETFE,node_1382,node_7460,deprotonation,ionization,1.0
edge_9406,ETFE,node_1383,node_7461,electron_loss,ionization,1.0
edge_9407,ETFE,node_1383,node_7462,electron_gain,ionization,1.0
edge_9408,ETFE,node_1383,node_7463,protonation,ionization,1.0
edge_9409,ETFE,node_1383,node_7464,deprotonation,ionization,1.0
edge_9410,ETFE,node_1384,node_7465,electron_loss,ionization,1.0
edge_9411,ETFE,node_1384,node_7466,electron_gain,ionization,1.0
edge_9412,ETFE,node_1384,node_7467,protonation,ionization,1.0
edge_9413,ETFE,node_1384,node_7468,deprotonation,ionization,1.0
edge_9414,ETFE,node_1385,node_7469,electron_loss,ionization,1.0
edge_9415,ETFE,node_1385,node_7470,electron_gain,ionization,1.0
edge_9416,ETFE,node_1385,node_7471,protonation,ionization,1.0
edge_9417,ETFE,node_1385,node_7472,deprotonation,ionization,1.0
edge_9418,ETFE,node_1386,node_7473,electron_loss,ionization,1.0
edge_9419,ETFE,node_1386,node_7474,electron_gain,ionization,1.0
edge_9420,ETFE,node_1386,node_7475,protonation,ionization,1.0
edge_9421,ETFE,node_1386,node_7476,deprotonation,ionization,1.0
edge_9422,ETFE,node_1387,node_7477,electron_loss,ionization,1.0
edge_9423,ETFE,node_1387,node_7478,electron_gain,ionization,1.0
edge_9424,ETFE,node_1387,node_7479,protonation,ionization,1.0
edge_9425,ETFE,node_1387,node_7480,deprotonation,ionization,1.0
edge_9426,ETFE,node_1388,node_7481,electron_loss,ionization,1.0
edge_9427,ETFE,node_1388,node_7482,electron_gain,ionization,1.0
edge_9428,ETFE,node_1388,node_7483,protonation,ionization,1.0
edge_9429,ETFE,node_1388,node_7484,deprotonation,ionization,1.0
edge_9430,ETFE,node_1389,node_7485,electron_loss,ionization,1.0
edge_9431,ETFE,node_1389,node_7486,electron_gain,ionization,1.0
edge_9432,ETFE,node_1389,node_7487,protonation,ionization,1.0
edge_9433,ETFE,node_1389,node_7488,deprotonation,ionization,1.0
edge_9434,ETFE,node_1390,node_7489,electron_loss,ionization,1.0
edge_9435,ETFE,node_1390,node_7490,electron_gain,ionization,1.0
edge_9436,ETFE,node_1390,node_7491,protonation,ionization,1.0
edge_9437,ETFE,node_1390,node_7492,deprotonation,ionization,1.0
edge_9438,ETFE,node_1391,node_7493,electron_loss,ionization,1.0
edge_9439,ETFE,node_1391,node_7494,electron_gain,ionization,1.0
edge_9440,ETFE,node_1391,node_7495,protonation,ionization,1.0
edge_9441,ETFE,node_1391,node_7496,deprotonation,ionization,1.0
edge_9442,ETFE,node_1392,node_7497,electron_loss,ionization,1.0
edge_9443,ETFE,node_1392,node_7498,electron_gain,ionization,1.0
edge_9444,ETFE,node_1392,node_7499,protonation,ionization,1.0
edge_9445,ETFE,node_1392,node_7500,deprotonation,ionization,1.0
edge_9446,ETFE,node_1393,node_7501,electron_loss,ionization,1.0
edge_9447,ETFE,node_1393,node_7502,electron_gain,ionization,1.0
edge_9448,ETFE,node_1393,node_7503,protonation,ionization,1.0
edge_9449,ETFE,node_1393,node_7504,deprotonation,ionization,1.0
edge_9450,ETFE,node_1394,node_7505,electron_loss,ionization,1.0
edge_9451,ETFE,node_1394,node_7506,electron_gain,ionization,1.0
edge_9452,ETFE,node_1394,node_7507,protonation,ionization,1.0
edge_9453,ETFE,node_1394,node_7508,deprotonation,ionization,1.0
edge_9454,ETFE,node_1395,node_7509,electron_loss,ionization,1.0
edge_9455,ETFE,node_1395,node_7510,electron_gain,ionization,1.0
edge_9456,ETFE,node_1395,node_7511,protonation,ionization,1.0
edge_9457,ETFE,node_1395,node_7512,deprotonation,ionization,1.0
edge_9458,ETFE,node_1396,node_7513,electron_loss,ionization,1.0
edge_9459,ETFE,node_1396,node_7514,electron_gain,ionization,1.0
edge_9460,ETFE,node_1396,node_7515,protonation,ionization,1.0
edge_9461,ETFE,node_1396,node_7516,deprotonation,ionization,1.0
edge_9462,ETFE,node_1397,node_7517,electron_loss,ionization,1.0
edge_9463,ETFE,node_1397,node_7518,electron_gain,ionization,1.0
edge_9464,ETFE,node_1397,node_7519,protonation,ionization,1.0
edge_9465,ETFE,node_1397,node_7520,deprotonation,ionization,1.0
edge_9466,ETFE,node_1398,node_7521,electron_loss,ionization,1.0
edge_9467,ETFE,node_1398,node_7522,electron_gain,ionization,1.0
edge_9468,ETFE,node_1398,node_7523,protonation,ionization,1.0
edge_9469,ETFE,node_1398,node_7524,deprotonation,ionization,1.0
edge_9470,ETFE,node_1399,node_7525,electron_loss,ionization,1.0
edge_9471,ETFE,node_1399,node_7526,electron_gain,ionization,1.0
edge_9472,ETFE,node_1399,node_7527,protonation,ionization,1.0
edge_9473,ETFE,node_1399,node_7528,deprotonation,ionization,1.0
edge_9474,ETFE,node_1400,node_7529,electron_loss,ionization,1.0
edge_9475,ETFE,node_1400,node_7530,electron_gain,ionization,1.0
edge_9476,ETFE,node_1400,node_7531,protonation,ionization,1.0
edge_9477,ETFE,node_1400,node_7532,deprotonation,ionization,1.0
edge_9478,ETFE,node_1401,node_7533,electron_loss,ionization,1.0
edge_9479,ETFE,node_1401,node_7534,electron_gain,ionization,1.0
edge_9480,ETFE,node_1401,node_7535,protonation,ionization,1.0
edge_9481,ETFE,node_1401,node_7536,deprotonation,ionization,1.0
edge_9482,ETFE,node_1402,node_7537,electron_loss,ionization,1.0
edge_9483,ETFE,node_1402,node_7538,electron_gain,ionization,1.0
edge_9484,ETFE,node_1402,node_7539,protonation,ionization,1.0
edge_9485,ETFE,node_1402,node_7540,deprotonation,ionization,1.0
edge_9486,ETFE,node_1403,node_7541,electron_loss,ionization,1.0
edge_9487,ETFE,node_1403,node_7542,electron_gain,ionization,1.0
edge_9488,ETFE,node_1403,node_7543,protonation,ionization,1.0
edge_9489,ETFE,node_1403,node_7544,deprotonation,ionization,1.0
edge_9490,ETFE,node_1404,node_7545,electron_loss,ionization,1.0
edge_9491,ETFE,node_1404,node_7546,electron_gain,ionization,1.0
edge_9492,ETFE,node_1404,node_7547,protonation,ionization,1.0
edge_9493,ETFE,node_1404,node_7548,deprotonation,ionization,1.0
edge_9494,ETFE,node_1405,node_7549,electron_loss,ionization,1.0
edge_9495,ETFE,node_1405,node_7550,electron_gain,ionization,1.0
edge_9496,ETFE,node_1405,node_7551,protonation,ionization,1.0
edge_9497,ETFE,node_1405,node_7552,deprotonation,ionization,1.0
edge_9498,ETFE,node_1406,node_7553,electron_loss,ionization,1.0
edge_9499,ETFE,node_1406,node_7554,electron_gain,ionization,1.0
edge_9500,ETFE,node_1406,node_7555,protonation,ionization,1.0
edge_9501,ETFE,node_1406,node_7556,deprotonation,ionization,1.0
edge_9502,ETFE,node_1407,node_7557,electron_loss,ionization,1.0
edge_9503,ETFE,node_1407,node_7558,electron_gain,ionization,1.0
edge_9504,ETFE,node_1407,node_7559,protonation,ionization,1.0
edge_9505,ETFE,node_1407,node_7560,deprotonation,ionization,1.0
edge_9506,ETFE,node_1408,node_7561,electron_loss,ionization,1.0
edge_9507,ETFE,node_1408,node_7562,electron_gain,ionization,1.0
edge_9508,ETFE,node_1408,node_7563,protonation,ionization,1.0
edge_9509,ETFE,node_1408,node_7564,deprotonation,ionization,1.0
edge_9510,ETFE,node_1409,node_7565,electron_loss,ionization,1.0
edge_9511,ETFE,node_1409,node_7566,electron_gain,ionization,1.0
edge_9512,ETFE,node_1409,node_7567,protonation,ionization,1.0
edge_9513,ETFE,node_1409,node_7568,deprotonation,ionization,1.0
edge_9514,ETFE,node_1410,node_7569,electron_loss,ionization,1.0
edge_9515,ETFE,node_1410,node_7570,electron_gain,ionization,1.0
edge_9516,ETFE,node_1410,node_7571,protonation,ionization,1.0
edge_9517,ETFE,node_1410,node_7572,deprotonation,ionization,1.0
edge_9518,ETFE,node_1411,node_7573,electron_loss,ionization,1.0
edge_9519,ETFE,node_1411,node_7574,electron_gain,ionization,1.0
edge_9520,ETFE,node_1411,node_7575,protonation,ionization,1.0
edge_9521,ETFE,node_1411,node_7576,deprotonation,ionization,1.0
edge_9522,ETFE,node_1412,node_7577,electron_loss,ionization,1.0
edge_9523,ETFE,node_1412,node_7578,electron_gain,ionization,1.0
edge_9524,ETFE,node_1412,node_7579,protonation,ionization,1.0
edge_9525,ETFE,node_1412,node_7580,deprotonation,ionization,1.0
edge_9526,ETFE,node_1413,node_7581,electron_loss,ionization,1.0
edge_9527,ETFE,node_1413,node_7582,electron_gain,ionization,1.0
edge_9528,ETFE,node_1413,node_7583,protonation,ionization,1.0
edge_9529,ETFE,node_1413,node_7584,deprotonation,ionization,1.0
edge_9530,ETFE,node_1414,node_7585,electron_loss,ionization,1.0
edge_9531,ETFE,node_1414,node_7586,electron_gain,ionization,1.0
edge_9532,ETFE,node_1414,node_7587,protonation,ionization,1.0
edge_9533,ETFE,node_1414,node_7588,deprotonation,ionization,1.0
edge_9534,ETFE,node_1415,node_7589,electron_loss,ionization,1.0
edge_9535,ETFE,node_1415,node_7590,electron_gain,ionization,1.0
edge_9536,ETFE,node_1415,node_7591,protonation,ionization,1.0
edge_9537,ETFE,node_1415,node_7592,deprotonation,ionization,1.0
edge_9538,ETFE,node_1416,node_7593,electron_loss,ionization,1.0
edge_9539,ETFE,node_1416,node_7594,electron_gain,ionization,1.0
edge_9540,ETFE,node_1416,node_7595,protonation,ionization,1.0
edge_9541,ETFE,node_1416,node_7596,deprotonation,ionization,1.0
edge_9542,ETFE,node_1417,node_7597,electron_loss,ionization,1.0
edge_9543,ETFE,node_1417,node_7598,electron_gain,ionization,1.0
edge_9544,ETFE,node_1417,node_7599,protonation,ionization,1.0
edge_9545,ETFE,node_1417,node_7600,deprotonation,ionization,1.0
edge_9546,ETFE,node_1418,node_7601,electron_loss,ionization,1.0
edge_9547,ETFE,node_1418,node_7602,electron_gain,ionization,1.0
edge_9548,ETFE,node_1418,node_7603,protonation,ionization,1.0
edge_9549,ETFE,node_1418,node_7604,deprotonation,ionization,1.0
edge_9550,ETFE,node_1419,node_7605,electron_loss,ionization,1.0
edge_9551,ETFE,node_1419,node_7606,electron_gain,ionization,1.0
edge_9552,ETFE,node_1419,node_7607,protonation,ionization,1.0
edge_9553,ETFE,node_1419,node_7608,deprotonation,ionization,1.0
edge_9554,ETFE,node_1420,node_7609,electron_loss,ionization,1.0
edge_9555,ETFE,node_1420,node_7610,electron_gain,ionization,1.0
edge_9556,ETFE,node_1420,node_7611,protonation,ionization,1.0
edge_9557,ETFE,node_1420,node_7612,deprotonation,ionization,1.0
edge_9558,ETFE,node_1421,node_7613,electron_loss,ionization,1.0
edge_9559,ETFE,node_1421,node_7614,electron_gain,ionization,1.0
edge_9560,ETFE,node_1421,node_7615,protonation,ionization,1.0
edge_9561,ETFE,node_1421,node_7616,deprotonation,ionization,1.0
edge_9562,ETFE,node_1422,node_7617,electron_loss,ionization,1.0
edge_9563,ETFE,node_1422,node_7618,electron_gain,ionization,1.0
edge_9564,ETFE,node_1422,node_7619,protonation,ionization,1.0
edge_9565,ETFE,node_1422,node_7620,deprotonation,ionization,1.0
edge_9566,ETFE,node_1423,node_7621,electron_loss,ionization,1.0
edge_9567,ETFE,node_1423,node_7622,electron_gain,ionization,1.0
edge_9568,ETFE,node_1423,node_7623,protonation,ionization,1.0
edge_9569,ETFE,node_1423,node_7624,deprotonation,ionization,1.0
edge_9570,ETFE,node_1424,node_7625,electron_loss,ionization,1.0
edge_9571,ETFE,node_1424,node_7626,electron_gain,ionization,1.0
edge_9572,ETFE,node_1424,node_7627,protonation,ionization,1.0
edge_9573,ETFE,node_1424,node_7628,deprotonation,ionization,1.0
edge_9574,ETFE,node_1425,node_7629,electron_loss,ionization,1.0
edge_9575,ETFE,node_1425,node_7630,electron_gain,ionization,1.0
edge_9576,ETFE,node_1425,node_7631,protonation,ionization,1.0
edge_9577,ETFE,node_1425,node_7632,deprotonation,ionization,1.0
edge_9578,ETFE,node_1426,node_7633,electron_loss,ionization,1.0
edge_9579,ETFE,node_1426,node_7634,electron_gain,ionization,1.0
edge_9580,ETFE,node_1426,node_7635,protonation,ionization,1.0
edge_9581,ETFE,node_1426,node_7636,deprotonation,ionization,1.0
edge_9582,ETFE,node_1427,node_7637,electron_loss,ionization,1.0
edge_9583,ETFE,node_1427,node_7638,electron_gain,ionization,1.0
edge_9584,ETFE,node_1427,node_7639,protonation,ionization,1.0
edge_9585,ETFE,node_1427,node_7640,deprotonation,ionization,1.0
edge_9586,ETFE,node_1428,node_7641,electron_loss,ionization,1.0
edge_9587,ETFE,node_1428,node_7642,electron_gain,ionization,1.0
edge_9588,ETFE,node_1428,node_7643,protonation,ionization,1.0
edge_9589,ETFE,node_1428,node_7644,deprotonation,ionization,1.0
edge_9590,ETFE,node_1429,node_7645,electron_loss,ionization,1.0
edge_9591,ETFE,node_1429,node_7646,electron_gain,ionization,1.0
edge_9592,ETFE,node_1429,node_7647,protonation,ionization,1.0
edge_9593,ETFE,node_1429,node_7648,deprotonation,ionization,1.0
edge_9594,ETFE,node_1430,node_7649,electron_loss,ionization,1.0
edge_9595,ETFE,node_1430,node_7650,electron_gain,ionization,1.0
edge_9596,ETFE,node_1430,node_7651,protonation,ionization,1.0
edge_9597,ETFE,node_1430,node_7652,deprotonation,ionization,1.0
edge_9598,ETFE,node_1431,node_7653,electron_loss,ionization,1.0
edge_9599,ETFE,node_1431,node_7654,electron_gain,ionization,1.0
edge_9600,ETFE,node_1431,node_7655,protonation,ionization,1.0
edge_9601,ETFE,node_1431,node_7656,deprotonation,ionization,1.0
edge_9602,ETFE,node_1432,node_7657,electron_loss,ionization,1.0
edge_9603,ETFE,node_1432,node_7658,electron_gain,ionization,1.0
edge_9604,ETFE,node_1432,node_7659,protonation,ionization,1.0
edge_9605,ETFE,node_1432,node_7660,deprotonation,ionization,1.0
edge_9606,ETFE,node_1433,node_7661,electron_loss,ionization,1.0
edge_9607,ETFE,node_1433,node_7662,electron_gain,ionization,1.0
edge_9608,ETFE,node_1433,node_7663,protonation,ionization,1.0
edge_9609,ETFE,node_1433,node_7664,deprotonation,ionization,1.0
edge_9610,ETFE,node_1434,node_7665,electron_loss,ionization,1.0
edge_9611,ETFE,node_1434,node_7666,electron_gain,ionization,1.0
edge_9612,ETFE,node_1434,node_7667,protonation,ionization,1.0
edge_9613,ETFE,node_1434,node_7668,deprotonation,ionization,1.0
edge_9614,ETFE,node_1435,node_7669,electron_loss,ionization,1.0
edge_9615,ETFE,node_1435,node_7670,electron_gain,ionization,1.0
edge_9616,ETFE,node_1435,node_7671,protonation,ionization,1.0
edge_9617,ETFE,node_1435,node_7672,deprotonation,ionization,1.0
edge_9618,ETFE,node_1436,node_7673,electron_loss,ionization,1.0
edge_9619,ETFE,node_1436,node_7674,electron_gain,ionization,1.0
edge_9620,ETFE,node_1436,node_7675,protonation,ionization,1.0
edge_9621,ETFE,node_1436,node_7676,deprotonation,ionization,1.0
edge_9622,ETFE,node_1437,node_7677,electron_loss,ionization,1.0
edge_9623,ETFE,node_1437,node_7678,electron_gain,ionization,1.0
edge_9624,ETFE,node_1437,node_7679,protonation,ionization,1.0
edge_9625,ETFE,node_1437,node_7680,deprotonation,ionization,1.0
edge_9626,ETFE,node_1438,node_7681,electron_loss,ionization,1.0
edge_9627,ETFE,node_1438,node_7682,electron_gain,ionization,1.0
edge_9628,ETFE,node_1438,node_7683,protonation,ionization,1.0
edge_9629,ETFE,node_1438,node_7684,deprotonation,ionization,1.0
edge_9630,ETFE,node_1439,node_7685,electron_loss,ionization,1.0
edge_9631,ETFE,node_1439,node_7686,electron_gain,ionization,1.0
edge_9632,ETFE,node_1439,node_7687,protonation,ionization,1.0
edge_9633,ETFE,node_1439,node_7688,deprotonation,ionization,1.0
edge_9634,ETFE,node_1440,node_7689,electron_loss,ionization,1.0
edge_9635,ETFE,node_1440,node_7690,electron_gain,ionization,1.0
edge_9636,ETFE,node_1440,node_7691,protonation,ionization,1.0
edge_9637,ETFE,node_1440,node_7692,deprotonation,ionization,1.0
edge_9638,ETFE,node_1441,node_7693,electron_loss,ionization,1.0
edge_9639,ETFE,node_1441,node_7694,electron_gain,ionization,1.0
edge_9640,ETFE,node_1441,node_7695,protonation,ionization,1.0
edge_9641,ETFE,node_1441,node_7696,deprotonation,ionization,1.0
edge_9642,ETFE,node_1442,node_7697,electron_loss,ionization,1.0
edge_9643,ETFE,node_1442,node_7698,electron_gain,ionization,1.0
edge_9644,ETFE,node_1442,node_7699,protonation,ionization,1.0
edge_9645,ETFE,node_1442,node_7700,deprotonation,ionization,1.0
edge_9646,ETFE,node_1443,node_7701,electron_loss,ionization,1.0
edge_9647,ETFE,node_1443,node_7702,electron_gain,ionization,1.0
edge_9648,ETFE,node_1443,node_7703,protonation,ionization,1.0
edge_9649,ETFE,node_1443,node_7704,deprotonation,ionization,1.0
edge_9650,ETFE,node_1444,node_7705,electron_loss,ionization,1.0
edge_9651,ETFE,node_1444,node_7706,electron_gain,ionization,1.0
edge_9652,ETFE,node_1444,node_7707,protonation,ionization,1.0
edge_9653,ETFE,node_1444,node_7708,deprotonation,ionization,1.0
edge_9654,ETFE,node_1445,node_7709,electron_loss,ionization,1.0
edge_9655,ETFE,node_1445,node_7710,electron_gain,ionization,1.0
edge_9656,ETFE,node_1445,node_7711,protonation,ionization,1.0
edge_9657,ETFE,node_1445,node_7712,deprotonation,ionization,1.0
edge_9658,ETFE,node_1446,node_7713,electron_loss,ionization,1.0
edge_9659,ETFE,node_1446,node_7714,electron_gain,ionization,1.0
edge_9660,ETFE,node_1446,node_7715,protonation,ionization,1.0
edge_9661,ETFE,node_1446,node_7716,deprotonation,ionization,1.0
edge_9662,ETFE,node_1447,node_7717,electron_loss,ionization,1.0
edge_9663,ETFE,node_1447,node_7718,electron_gain,ionization,1.0
edge_9664,ETFE,node_1447,node_7719,protonation,ionization,1.0
edge_9665,ETFE,node_1447,node_7720,deprotonation,ionization,1.0
edge_9666,ETFE,node_1448,node_7721,electron_loss,ionization,1.0
edge_9667,ETFE,node_1448,node_7722,electron_gain,ionization,1.0
edge_9668,ETFE,node_1448,node_7723,protonation,ionization,1.0
edge_9669,ETFE,node_1448,node_7724,deprotonation,ionization,1.0
edge_9670,ETFE,node_1449,node_7725,electron_loss,ionization,1.0
edge_9671,ETFE,node_1449,node_7726,electron_gain,ionization,1.0
edge_9672,ETFE,node_1449,node_7727,protonation,ionization,1.0
edge_9673,ETFE,node_1449,node_7728,deprotonation,ionization,1.0
edge_9674,ETFE,node_1450,node_7729,electron_loss,ionization,1.0
edge_9675,ETFE,node_1450,node_7730,electron_gain,ionization,1.0
edge_9676,ETFE,node_1450,node_7731,protonation,ionization,1.0
edge_9677,ETFE,node_1450,node_7732,deprotonation,ionization,1.0
edge_9678,ETFE,node_1451,node_7733,electron_loss,ionization,1.0
edge_9679,ETFE,node_1451,node_7734,electron_gain,ionization,1.0
edge_9680,ETFE,node_1451,node_7735,protonation,ionization,1.0
edge_9681,ETFE,node_1451,node_7736,deprotonation,ionization,1.0
edge_9682,ETFE,node_1452,node_7737,electron_loss,ionization,1.0
edge_9683,ETFE,node_1452,node_7738,electron_gain,ionization,1.0
edge_9684,ETFE,node_1452,node_7739,protonation,ionization,1.0
edge_9685,ETFE,node_1452,node_7740,deprotonation,ionization,1.0
edge_9686,ETFE,node_1453,node_7741,electron_loss,ionization,1.0
edge_9687,ETFE,node_1453,node_7742,electron_gain,ionization,1.0
edge_9688,ETFE,node_1453,node_7743,protonation,ionization,1.0
edge_9689,ETFE,node_1453,node_7744,deprotonation,ionization,1.0
edge_9690,ETFE,node_1454,node_7745,electron_loss,ionization,1.0
edge_9691,ETFE,node_1454,node_7746,electron_gain,ionization,1.0
edge_9692,ETFE,node_1454,node_7747,protonation,ionization,1.0
edge_9693,ETFE,node_1454,node_7748,deprotonation,ionization,1.0
edge_9694,ETFE,node_1455,node_7749,electron_loss,ionization,1.0
edge_9695,ETFE,node_1455,node_7750,electron_gain,ionization,1.0
edge_9696,ETFE,node_1455,node_7751,protonation,ionization,1.0
edge_9697,ETFE,node_1455,node_7752,deprotonation,ionization,1.0
edge_9698,ETFE,node_1456,node_7753,electron_loss,ionization,1.0
edge_9699,ETFE,node_1456,node_7754,electron_gain,ionization,1.0
edge_9700,ETFE,node_1456,node_7755,protonation,ionization,1.0
edge_9701,ETFE,node_1456,node_7756,deprotonation,ionization,1.0
edge_9702,ETFE,node_1457,node_7757,electron_loss,ionization,1.0
edge_9703,ETFE,node_1457,node_7758,electron_gain,ionization,1.0
edge_9704,ETFE,node_1457,node_7759,protonation,ionization,1.0
edge_9705,ETFE,node_1457,node_7760,deprotonation,ionization,1.0
edge_9706,ETFE,node_1458,node_7761,electron_loss,ionization,1.0
edge_9707,ETFE,node_1458,node_7762,electron_gain,ionization,1.0
edge_9708,ETFE,node_1458,node_7763,protonation,ionization,1.0
edge_9709,ETFE,node_1458,node_7764,deprotonation,ionization,1.0
edge_9710,ETFE,node_1459,node_7765,electron_loss,ionization,1.0
edge_9711,ETFE,node_1459,node_7766,electron_gain,ionization,1.0
edge_9712,ETFE,node_1459,node_7767,protonation,ionization,1.0
edge_9713,ETFE,node_1459,node_7768,deprotonation,ionization,1.0
edge_9714,ETFE,node_1460,node_7769,electron_loss,ionization,1.0
edge_9715,ETFE,node_1460,node_7770,electron_gain,ionization,1.0
edge_9716,ETFE,node_1460,node_7771,protonation,ionization,1.0
edge_9717,ETFE,node_1460,node_7772,deprotonation,ionization,1.0
edge_9718,ETFE,node_1461,node_7773,electron_loss,ionization,1.0
edge_9719,ETFE,node_1461,node_7774,electron_gain,ionization,1.0
edge_9720,ETFE,node_1461,node_7775,protonation,ionization,1.0
edge_9721,ETFE,node_1461,node_7776,deprotonation,ionization,1.0
edge_9722,ETFE,node_1462,node_7777,electron_loss,ionization,1.0
edge_9723,ETFE,node_1462,node_7778,electron_gain,ionization,1.0
edge_9724,ETFE,node_1462,node_7779,protonation,ionization,1.0
edge_9725,ETFE,node_1462,node_7780,deprotonation,ionization,1.0
edge_9726,ETFE,node_1463,node_7781,electron_loss,ionization,1.0
edge_9727,ETFE,node_1463,node_7782,electron_gain,ionization,1.0
edge_9728,ETFE,node_1463,node_7783,protonation,ionization,1.0
edge_9729,ETFE,node_1463,node_7784,deprotonation,ionization,1.0
edge_9730,ETFE,node_1464,node_7785,electron_loss,ionization,1.0
edge_9731,ETFE,node_1464,node_7786,electron_gain,ionization,1.0
edge_9732,ETFE,node_1464,node_7787,protonation,ionization,1.0
edge_9733,ETFE,node_1464,node_7788,deprotonation,ionization,1.0
edge_9734,ETFE,node_1465,node_7789,electron_loss,ionization,1.0
edge_9735,ETFE,node_1465,node_7790,electron_gain,ionization,1.0
edge_9736,ETFE,node_1465,node_7791,protonation,ionization,1.0
edge_9737,ETFE,node_1465,node_7792,deprotonation,ionization,1.0
edge_9738,ETFE,node_1466,node_7793,electron_loss,ionization,1.0
edge_9739,ETFE,node_1466,node_7794,electron_gain,ionization,1.0
edge_9740,ETFE,node_1466,node_7795,protonation,ionization,1.0
edge_9741,ETFE,node_1466,node_7796,deprotonation,ionization,1.0
edge_9742,ETFE,node_1467,node_7797,electron_loss,ionization,1.0
edge_9743,ETFE,node_1467,node_7798,electron_gain,ionization,1.0
edge_9744,ETFE,node_1467,node_7799,protonation,ionization,1.0
edge_9745,ETFE,node_1467,node_7800,deprotonation,ionization,1.0
edge_9746,ETFE,node_1468,node_7801,electron_loss,ionization,1.0
edge_9747,ETFE,node_1468,node_7802,electron_gain,ionization,1.0
edge_9748,ETFE,node_1468,node_7803,protonation,ionization,1.0
edge_9749,ETFE,node_1468,node_7804,deprotonation,ionization,1.0
edge_9750,ETFE,node_1469,node_7805,electron_loss,ionization,1.0
edge_9751,ETFE,node_1469,node_7806,electron_gain,ionization,1.0
edge_9752,ETFE,node_1469,node_7807,protonation,ionization,1.0
edge_9753,ETFE,node_1469,node_7808,deprotonation,ionization,1.0
edge_9754,ETFE,node_1470,node_7809,electron_loss,ionization,1.0
edge_9755,ETFE,node_1470,node_7810,electron_gain,ionization,1.0
edge_9756,ETFE,node_1470,node_7811,protonation,ionization,1.0
edge_9757,ETFE,node_1470,node_7812,deprotonation,ionization,1.0
edge_9758,ETFE,node_1471,node_7813,electron_loss,ionization,1.0
edge_9759,ETFE,node_1471,node_7814,electron_gain,ionization,1.0
edge_9760,ETFE,node_1471,node_7815,protonation,ionization,1.0
edge_9761,ETFE,node_1471,node_7816,deprotonation,ionization,1.0
edge_9762,ETFE,node_1472,node_7817,electron_loss,ionization,1.0
edge_9763,ETFE,node_1472,node_7818,electron_gain,ionization,1.0
edge_9764,ETFE,node_1472,node_7819,protonation,ionization,1.0
edge_9765,ETFE,node_1472,node_7820,deprotonation,ionization,1.0
edge_9766,ETFE,node_1473,node_7821,electron_loss,ionization,1.0
edge_9767,ETFE,node_1473,node_7822,electron_gain,ionization,1.0
edge_9768,ETFE,node_1473,node_7823,protonation,ionization,1.0
edge_9769,ETFE,node_1473,node_7824,deprotonation,ionization,1.0
edge_9770,ETFE,node_1474,node_7825,electron_loss,ionization,1.0
edge_9771,ETFE,node_1474,node_7826,electron_gain,ionization,1.0
edge_9772,ETFE,node_1474,node_7827,protonation,ionization,1.0
edge_9773,ETFE,node_1474,node_7828,deprotonation,ionization,1.0
edge_9774,ETFE,node_1475,node_7829,electron_loss,ionization,1.0
edge_9775,ETFE,node_1475,node_7830,electron_gain,ionization,1.0
edge_9776,ETFE,node_1475,node_7831,protonation,ionization,1.0
edge_9777,ETFE,node_1475,node_7832,deprotonation,ionization,1.0
edge_9778,ETFE,node_1476,node_7833,electron_loss,ionization,1.0
edge_9779,ETFE,node_1476,node_7834,electron_gain,ionization,1.0
edge_9780,ETFE,node_1476,node_7835,protonation,ionization,1.0
edge_9781,ETFE,node_1476,node_7836,deprotonation,ionization,1.0
edge_9782,ETFE,node_1477,node_7837,electron_loss,ionization,1.0
edge_9783,ETFE,node_1477,node_7838,electron_gain,ionization,1.0
edge_9784,ETFE,node_1477,node_7839,protonation,ionization,1.0
edge_9785,ETFE,node_1477,node_7840,deprotonation,ionization,1.0
edge_9786,ETFE,node_1478,node_7841,electron_loss,ionization,1.0
edge_9787,ETFE,node_1478,node_7842,electron_gain,ionization,1.0
edge_9788,ETFE,node_1478,node_7843,protonation,ionization,1.0
edge_9789,ETFE,node_1478,node_7844,deprotonation,ionization,1.0
edge_9790,ETFE,node_1479,node_7845,electron_loss,ionization,1.0
edge_9791,ETFE,node_1479,node_7846,electron_gain,ionization,1.0
edge_9792,ETFE,node_1479,node_7847,protonation,ionization,1.0
edge_9793,ETFE,node_1479,node_7848,deprotonation,ionization,1.0
edge_9794,ETFE,node_1480,node_7849,electron_loss,ionization,1.0
edge_9795,ETFE,node_1480,node_7850,electron_gain,ionization,1.0
edge_9796,ETFE,node_1480,node_7851,protonation,ionization,1.0
edge_9797,ETFE,node_1480,node_7852,deprotonation,ionization,1.0
edge_9798,ETFE,node_1481,node_7853,electron_loss,ionization,1.0
edge_9799,ETFE,node_1481,node_7854,electron_gain,ionization,1.0
edge_9800,ETFE,node_1481,node_7855,protonation,ionization,1.0
edge_9801,ETFE,node_1481,node_7856,deprotonation,ionization,1.0
edge_9802,ETFE,node_1482,node_7857,electron_loss,ionization,1.0
edge_9803,ETFE,node_1482,node_7858,electron_gain,ionization,1.0
edge_9804,ETFE,node_1482,node_7859,protonation,ionization,1.0
edge_9805,ETFE,node_1482,node_7860,deprotonation,ionization,1.0
edge_9806,ETFE,node_1483,node_7861,electron_loss,ionization,1.0
edge_9807,ETFE,node_1483,node_7862,electron_gain,ionization,1.0
edge_9808,ETFE,node_1483,node_7863,protonation,ionization,1.0
edge_9809,ETFE,node_1483,node_7864,deprotonation,ionization,1.0
edge_9810,ETFE,node_1484,node_7865,electron_loss,ionization,1.0
edge_9811,ETFE,node_1484,node_7866,electron_gain,ionization,1.0
edge_9812,ETFE,node_1484,node_7867,protonation,ionization,1.0
edge_9813,ETFE,node_1484,node_7868,deprotonation,ionization,1.0
edge_9814,ETFE,node_1485,node_7869,electron_loss,ionization,1.0
edge_9815,ETFE,node_1485,node_7870,electron_gain,ionization,1.0
edge_9816,ETFE,node_1485,node_7871,protonation,ionization,1.0
edge_9817,ETFE,node_1485,node_7872,deprotonation,ionization,1.0
edge_9818,ETFE,node_1486,node_7873,electron_loss,ionization,1.0
edge_9819,ETFE,node_1486,node_7874,electron_gain,ionization,1.0
edge_9820,ETFE,node_1486,node_7875,protonation,ionization,1.0
edge_9821,ETFE,node_1486,node_7876,deprotonation,ionization,1.0
edge_9822,ETFE,node_1487,node_7877,electron_loss,ionization,1.0
edge_9823,ETFE,node_1487,node_7878,electron_gain,ionization,1.0
edge_9824,ETFE,node_1487,node_7879,protonation,ionization,1.0
edge_9825,ETFE,node_1487,node_7880,deprotonation,ionization,1.0
edge_9826,ETFE,node_1488,node_7881,electron_loss,ionization,1.0
edge_9827,ETFE,node_1488,node_7882,electron_gain,ionization,1.0
edge_9828,ETFE,node_1488,node_7883,protonation,ionization,1.0
edge_9829,ETFE,node_1488,node_7884,deprotonation,ionization,1.0
edge_9830,ETFE,node_1489,node_7885,electron_loss,ionization,1.0
edge_9831,ETFE,node_1489,node_7886,electron_gain,ionization,1.0
edge_9832,ETFE,node_1489,node_7887,protonation,ionization,1.0
edge_9833,ETFE,node_1489,node_7888,deprotonation,ionization,1.0
edge_9834,ETFE,node_1490,node_7889,electron_loss,ionization,1.0
edge_9835,ETFE,node_1490,node_7890,electron_gain,ionization,1.0
edge_9836,ETFE,node_1490,node_7891,protonation,ionization,1.0
edge_9837,ETFE,node_1490,node_7892,deprotonation,ionization,1.0
edge_9838,ETFE,node_1491,node_7893,electron_loss,ionization,1.0
edge_9839,ETFE,node_1491,node_7894,electron_gain,ionization,1.0
edge_9840,ETFE,node_1491,node_7895,protonation,ionization,1.0
edge_9841,ETFE,node_1491,node_7896,deprotonation,ionization,1.0
edge_9842,ETFE,node_1492,node_7897,electron_loss,ionization,1.0
edge_9843,ETFE,node_1492,node_7898,electron_gain,ionization,1.0
edge_9844,ETFE,node_1492,node_7899,protonation,ionization,1.0
edge_9845,ETFE,node_1492,node_7900,deprotonation,ionization,1.0
edge_9846,ETFE,node_1493,node_7901,electron_loss,ionization,1.0
edge_9847,ETFE,node_1493,node_7902,electron_gain,ionization,1.0
edge_9848,ETFE,node_1493,node_7903,protonation,ionization,1.0
edge_9849,ETFE,node_1493,node_7904,deprotonation,ionization,1.0
edge_9850,ETFE,node_1494,node_7905,electron_loss,ionization,1.0
edge_9851,ETFE,node_1494,node_7906,electron_gain,ionization,1.0
edge_9852,ETFE,node_1494,node_7907,protonation,ionization,1.0
edge_9853,ETFE,node_1494,node_7908,deprotonation,ionization,1.0
edge_9854,ETFE,node_1495,node_7909,electron_loss,ionization,1.0
edge_9855,ETFE,node_1495,node_7910,electron_gain,ionization,1.0
edge_9856,ETFE,node_1495,node_7911,protonation,ionization,1.0
edge_9857,ETFE,node_1495,node_7912,deprotonation,ionization,1.0
edge_9858,ETFE,node_1496,node_7913,electron_loss,ionization,1.0
edge_9859,ETFE,node_1496,node_7914,electron_gain,ionization,1.0
edge_9860,ETFE,node_1496,node_7915,protonation,ionization,1.0
edge_9861,ETFE,node_1496,node_7916,deprotonation,ionization,1.0
edge_9862,ETFE,node_1497,node_7917,electron_loss,ionization,1.0
edge_9863,ETFE,node_1497,node_7918,electron_gain,ionization,1.0
edge_9864,ETFE,node_1497,node_7919,protonation,ionization,1.0
edge_9865,ETFE,node_1497,node_7920,deprotonation,ionization,1.0
edge_9866,ETFE,node_1498,node_7921,electron_loss,ionization,1.0
edge_9867,ETFE,node_1498,node_7922,electron_gain,ionization,1.0
edge_9868,ETFE,node_1498,node_7923,protonation,ionization,1.0
edge_9869,ETFE,node_1498,node_7924,deprotonation,ionization,1.0
edge_9870,ETFE,node_1499,node_7925,electron_loss,ionization,1.0
edge_9871,ETFE,node_1499,node_7926,electron_gain,ionization,1.0
edge_9872,ETFE,node_1499,node_7927,protonation,ionization,1.0
edge_9873,ETFE,node_1499,node_7928,deprotonation,ionization,1.0
edge_9874,ETFE,node_1500,node_7929,electron_loss,ionization,1.0
edge_9875,ETFE,node_1500,node_7930,electron_gain,ionization,1.0
edge_9876,ETFE,node_1500,node_7931,protonation,ionization,1.0
edge_9877,ETFE,node_1500,node_7932,deprotonation,ionization,1.0
edge_9878,ETFE,node_1501,node_7933,electron_loss,ionization,1.0
edge_9879,ETFE,node_1501,node_7934,electron_gain,ionization,1.0
edge_9880,ETFE,node_1501,node_7935,protonation,ionization,1.0
edge_9881,ETFE,node_1501,node_7936,deprotonation,ionization,1.0
edge_9882,ETFE,node_1502,node_7937,electron_loss,ionization,1.0
edge_9883,ETFE,node_1502,node_7938,electron_gain,ionization,1.0
edge_9884,ETFE,node_1502,node_7939,protonation,ionization,1.0
edge_9885,ETFE,node_1502,node_7940,deprotonation,ionization,1.0
edge_9886,ETFE,node_1503,node_7941,electron_loss,ionization,1.0
edge_9887,ETFE,node_1503,node_7942,electron_gain,ionization,1.0
edge_9888,ETFE,node_1503,node_7943,protonation,ionization,1.0
edge_9889,ETFE,node_1503,node_7944,deprotonation,ionization,1.0
edge_9890,ETFE,node_1504,node_7945,electron_loss,ionization,1.0
edge_9891,ETFE,node_1504,node_7946,electron_gain,ionization,1.0
edge_9892,ETFE,node_1504,node_7947,protonation,ionization,1.0
edge_9893,ETFE,node_1504,node_7948,deprotonation,ionization,1.0
edge_9894,ETFE,node_1505,node_7949,electron_loss,ionization,1.0
edge_9895,ETFE,node_1505,node_7950,electron_gain,ionization,1.0
edge_9896,ETFE,node_1505,node_7951,protonation,ionization,1.0
edge_9897,ETFE,node_1505,node_7952,deprotonation,ionization,1.0
edge_9898,ETFE,node_1506,node_7953,electron_loss,ionization,1.0
edge_9899,ETFE,node_1506,node_7954,electron_gain,ionization,1.0
edge_9900,ETFE,node_1506,node_7955,protonation,ionization,1.0
edge_9901,ETFE,node_1506,node_7956,deprotonation,ionization,1.0
edge_9902,ETFE,node_1507,node_7957,electron_loss,ionization,1.0
edge_9903,ETFE,node_1507,node_7958,electron_gain,ionization,1.0
edge_9904,ETFE,node_1507,node_7959,protonation,ionization,1.0
edge_9905,ETFE,node_1507,node_7960,deprotonation,ionization,1.0
edge_9906,ETFE,node_1508,node_7961,electron_loss,ionization,1.0
edge_9907,ETFE,node_1508,node_7962,electron_gain,ionization,1.0
edge_9908,ETFE,node_1508,node_7963,protonation,ionization,1.0
edge_9909,ETFE,node_1508,node_7964,deprotonation,ionization,1.0
edge_9910,ETFE,node_1509,node_7965,electron_loss,ionization,1.0
edge_9911,ETFE,node_1509,node_7966,electron_gain,ionization,1.0
edge_9912,ETFE,node_1509,node_7967,protonation,ionization,1.0
edge_9913,ETFE,node_1509,node_7968,deprotonation,ionization,1.0
edge_9914,ETFE,node_1510,node_7969,electron_loss,ionization,1.0
edge_9915,ETFE,node_1510,node_7970,electron_gain,ionization,1.0
edge_9916,ETFE,node_1510,node_7971,protonation,ionization,1.0
edge_9917,ETFE,node_1510,node_7972,deprotonation,ionization,1.0
edge_9918,ETFE,node_1511,node_7973,electron_loss,ionization,1.0
edge_9919,ETFE,node_1511,node_7974,electron_gain,ionization,1.0
edge_9920,ETFE,node_1511,node_7975,protonation,ionization,1.0
edge_9921,ETFE,node_1511,node_7976,deprotonation,ionization,1.0
edge_9922,ETFE,node_1512,node_7977,electron_loss,ionization,1.0
edge_9923,ETFE,node_1512,node_7978,electron_gain,ionization,1.0
edge_9924,ETFE,node_1512,node_7979,protonation,ionization,1.0
edge_9925,ETFE,node_1512,node_7980,deprotonation,ionization,1.0
edge_9926,ETFE,node_1513,node_7981,electron_loss,ionization,1.0
edge_9927,ETFE,node_1513,node_7982,electron_gain,ionization,1.0
edge_9928,ETFE,node_1513,node_7983,protonation,ionization,1.0
edge_9929,ETFE,node_1513,node_7984,deprotonation,ionization,1.0
edge_9930,ETFE,node_1514,node_7985,electron_loss,ionization,1.0
edge_9931,ETFE,node_1514,node_7986,electron_gain,ionization,1.0
edge_9932,ETFE,node_1514,node_7987,protonation,ionization,1.0
edge_9933,ETFE,node_1514,node_7988,deprotonation,ionization,1.0
edge_9934,ETFE,node_1515,node_7989,electron_loss,ionization,1.0
edge_9935,ETFE,node_1515,node_7990,electron_gain,ionization,1.0
edge_9936,ETFE,node_1515,node_7991,protonation,ionization,1.0
edge_9937,ETFE,node_1515,node_7992,deprotonation,ionization,1.0
edge_9938,ETFE,node_1516,node_7993,electron_loss,ionization,1.0
edge_9939,ETFE,node_1516,node_7994,electron_gain,ionization,1.0
edge_9940,ETFE,node_1516,node_7995,protonation,ionization,1.0
edge_9941,ETFE,node_1516,node_7996,deprotonation,ionization,1.0
edge_9942,ETFE,node_1517,node_7997,electron_loss,ionization,1.0
edge_9943,ETFE,node_1517,node_7998,electron_gain,ionization,1.0
edge_9944,ETFE,node_1517,node_7999,protonation,ionization,1.0
edge_9945,ETFE,node_1517,node_8000,deprotonation,ionization,1.0
edge_9946,ETFE,node_1518,node_8001,electron_loss,ionization,1.0
edge_9947,ETFE,node_1518,node_8002,electron_gain,ionization,1.0
edge_9948,ETFE,node_1518,node_8003,protonation,ionization,1.0
edge_9949,ETFE,node_1518,node_8004,deprotonation,ionization,1.0
edge_9950,ETFE,node_1519,node_8005,electron_loss,ionization,1.0
edge_9951,ETFE,node_1519,node_8006,electron_gain,ionization,1.0
edge_9952,ETFE,node_1519,node_8007,protonation,ionization,1.0
edge_9953,ETFE,node_1519,node_8008,deprotonation,ionization,1.0
edge_9954,ETFE,node_1520,node_8009,electron_loss,ionization,1.0
edge_9955,ETFE,node_1520,node_8010,electron_gain,ionization,1.0
edge_9956,ETFE,node_1520,node_8011,protonation,ionization,1.0
edge_9957,ETFE,node_1520,node_8012,deprotonation,ionization,1.0
edge_9958,ETFE,node_1521,node_8013,electron_loss,ionization,1.0
edge_9959,ETFE,node_1521,node_8014,electron_gain,ionization,1.0
edge_9960,ETFE,node_1521,node_8015,protonation,ionization,1.0
edge_9961,ETFE,node_1521,node_8016,deprotonation,ionization,1.0
edge_9962,ETFE,node_1522,node_8017,electron_loss,ionization,1.0
edge_9963,ETFE,node_1522,node_8018,electron_gain,ionization,1.0
edge_9964,ETFE,node_1522,node_8019,protonation,ionization,1.0
edge_9965,ETFE,node_1522,node_8020,deprotonation,ionization,1.0
edge_9966,ETFE,node_1523,node_8021,electron_loss,ionization,1.0
edge_9967,ETFE,node_1523,node_8022,electron_gain,ionization,1.0
edge_9968,ETFE,node_1523,node_8023,protonation,ionization,1.0
edge_9969,ETFE,node_1523,node_8024,deprotonation,ionization,1.0
edge_9970,ETFE,node_1524,node_8025,electron_loss,ionization,1.0
edge_9971,ETFE,node_1524,node_8026,electron_gain,ionization,1.0
edge_9972,ETFE,node_1524,node_8027,protonation,ionization,1.0
edge_9973,ETFE,node_1524,node_8028,deprotonation,ionization,1.0
edge_9974,ETFE,node_1525,node_8029,electron_loss,ionization,1.0
edge_9975,ETFE,node_1525,node_8030,electron_gain,ionization,1.0
edge_9976,ETFE,node_1525,node_8031,protonation,ionization,1.0
edge_9977,ETFE,node_1525,node_8032,deprotonation,ionization,1.0
edge_9978,ETFE,node_1526,node_8033,electron_loss,ionization,1.0
edge_9979,ETFE,node_1526,node_8034,electron_gain,ionization,1.0
edge_9980,ETFE,node_1526,node_8035,protonation,ionization,1.0
edge_9981,ETFE,node_1526,node_8036,deprotonation,ionization,1.0
edge_9982,ETFE,node_1527,node_8037,electron_loss,ionization,1.0
edge_9983,ETFE,node_1527,node_8038,electron_gain,ionization,1.0
edge_9984,ETFE,node_1527,node_8039,protonation,ionization,1.0
edge_9985,ETFE,node_1527,node_8040,deprotonation,ionization,1.0
edge_9986,ETFE,node_1528,node_8041,electron_loss,ionization,1.0
edge_9987,ETFE,node_1528,node_8042,electron_gain,ionization,1.0
edge_9988,ETFE,node_1528,node_8043,protonation,ionization,1.0
edge_9989,ETFE,node_1528,node_8044,deprotonation,ionization,1.0
edge_9990,ETFE,node_1529,node_8045,electron_loss,ionization,1.0
edge_9991,ETFE,node_1529,node_8046,electron_gain,ionization,1.0
edge_9992,ETFE,node_1529,node_8047,protonation,ionization,1.0
edge_9993,ETFE,node_1529,node_8048,deprotonation,ionization,1.0
edge_9994,ETFE,node_1530,node_8049,electron_loss,ionization,1.0
edge_9995,ETFE,node_1530,node_8050,electron_gain,ionization,1.0
edge_9996,ETFE,node_1530,node_8051,protonation,ionization,1.0
edge_9997,ETFE,node_1530,node_8052,deprotonation,ionization,1.0
edge_9998,ETFE,node_1531,node_8053,electron_loss,ionization,1.0
edge_9999,ETFE,node_1531,node_8054,electron_gain,ionization,1.0
edge_10000,ETFE,node_1531,node_8055,protonation,ionization,1.0
edge_10001,ETFE,node_1531,node_8056,deprotonation,ionization,1.0
edge_10002,ETFE,node_1532,node_8057,electron_loss,ionization,1.0
edge_10003,ETFE,node_1532,node_8058,electron_gain,ionization,1.0
edge_10004,ETFE,node_1532,node_8059,protonation,ionization,1.0
edge_10005,ETFE,node_1532,node_8060,deprotonation,ionization,1.0
edge_10006,ETFE,node_1533,node_8061,electron_loss,ionization,1.0
edge_10007,ETFE,node_1533,node_8062,electron_gain,ionization,1.0
edge_10008,ETFE,node_1533,node_8063,protonation,ionization,1.0
edge_10009,ETFE,node_1533,node_8064,deprotonation,ionization,1.0
edge_10010,ETFE,node_1534,node_8065,electron_loss,ionization,1.0
edge_10011,ETFE,node_1534,node_8066,electron_gain,ionization,1.0
edge_10012,ETFE,node_1534,node_8067,protonation,ionization,1.0
edge_10013,ETFE,node_1534,node_8068,deprotonation,ionization,1.0
edge_10014,ETFE,node_1535,node_8069,electron_loss,ionization,1.0
edge_10015,ETFE,node_1535,node_8070,electron_gain,ionization,1.0
edge_10016,ETFE,node_1535,node_8071,protonation,ionization,1.0
edge_10017,ETFE,node_1535,node_8072,deprotonation,ionization,1.0
edge_10018,ETFE,node_1536,node_8073,electron_loss,ionization,1.0
edge_10019,ETFE,node_1536,node_8074,electron_gain,ionization,1.0
edge_10020,ETFE,node_1536,node_8075,protonation,ionization,1.0
edge_10021,ETFE,node_1536,node_8076,deprotonation,ionization,1.0
edge_10022,ETFE,node_1537,node_8077,electron_loss,ionization,1.0
edge_10023,ETFE,node_1537,node_8078,electron_gain,ionization,1.0
edge_10024,ETFE,node_1537,node_8079,protonation,ionization,1.0
edge_10025,ETFE,node_1537,node_8080,deprotonation,ionization,1.0
edge_10026,ETFE,node_1538,node_8081,electron_loss,ionization,1.0
edge_10027,ETFE,node_1538,node_8082,electron_gain,ionization,1.0
edge_10028,ETFE,node_1538,node_8083,protonation,ionization,1.0
edge_10029,ETFE,node_1538,node_8084,deprotonation,ionization,1.0
edge_10030,ETFE,node_1539,node_8085,electron_loss,ionization,1.0
edge_10031,ETFE,node_1539,node_8086,electron_gain,ionization,1.0
edge_10032,ETFE,node_1539,node_8087,protonation,ionization,1.0
edge_10033,ETFE,node_1539,node_8088,deprotonation,ionization,1.0
edge_10034,ETFE,node_1540,node_8089,electron_loss,ionization,1.0
edge_10035,ETFE,node_1540,node_8090,electron_gain,ionization,1.0
edge_10036,ETFE,node_1540,node_8091,protonation,ionization,1.0
edge_10037,ETFE,node_1540,node_8092,deprotonation,ionization,1.0
edge_10038,ETFE,node_1541,node_8093,electron_loss,ionization,1.0
edge_10039,ETFE,node_1541,node_8094,electron_gain,ionization,1.0
edge_10040,ETFE,node_1541,node_8095,protonation,ionization,1.0
edge_10041,ETFE,node_1541,node_8096,deprotonation,ionization,1.0
edge_10042,ETFE,node_1542,node_8097,electron_loss,ionization,1.0
edge_10043,ETFE,node_1542,node_8098,electron_gain,ionization,1.0
edge_10044,ETFE,node_1542,node_8099,protonation,ionization,1.0
edge_10045,ETFE,node_1542,node_8100,deprotonation,ionization,1.0
edge_10046,ETFE,node_1543,node_8101,electron_loss,ionization,1.0
edge_10047,ETFE,node_1543,node_8102,electron_gain,ionization,1.0
edge_10048,ETFE,node_1543,node_8103,protonation,ionization,1.0
edge_10049,ETFE,node_1543,node_8104,deprotonation,ionization,1.0
edge_10050,ETFE,node_1544,node_8105,electron_loss,ionization,1.0
edge_10051,ETFE,node_1544,node_8106,electron_gain,ionization,1.0
edge_10052,ETFE,node_1544,node_8107,protonation,ionization,1.0
edge_10053,ETFE,node_1544,node_8108,deprotonation,ionization,1.0
edge_10054,ETFE,node_1545,node_8109,electron_loss,ionization,1.0
edge_10055,ETFE,node_1545,node_8110,electron_gain,ionization,1.0
edge_10056,ETFE,node_1545,node_8111,protonation,ionization,1.0
edge_10057,ETFE,node_1545,node_8112,deprotonation,ionization,1.0
edge_10058,ETFE,node_1546,node_8113,electron_loss,ionization,1.0
edge_10059,ETFE,node_1546,node_8114,electron_gain,ionization,1.0
edge_10060,ETFE,node_1546,node_8115,protonation,ionization,1.0
edge_10061,ETFE,node_1546,node_8116,deprotonation,ionization,1.0
edge_10062,ETFE,node_1547,node_8117,electron_loss,ionization,1.0
edge_10063,ETFE,node_1547,node_8118,electron_gain,ionization,1.0
edge_10064,ETFE,node_1547,node_8119,protonation,ionization,1.0
edge_10065,ETFE,node_1547,node_8120,deprotonation,ionization,1.0
edge_10066,ETFE,node_1548,node_8121,electron_loss,ionization,1.0
edge_10067,ETFE,node_1548,node_8122,electron_gain,ionization,1.0
edge_10068,ETFE,node_1548,node_8123,protonation,ionization,1.0
edge_10069,ETFE,node_1548,node_8124,deprotonation,ionization,1.0
edge_10070,ETFE,node_1549,node_8125,electron_loss,ionization,1.0
edge_10071,ETFE,node_1549,node_8126,electron_gain,ionization,1.0
edge_10072,ETFE,node_1549,node_8127,protonation,ionization,1.0
edge_10073,ETFE,node_1549,node_8128,deprotonation,ionization,1.0
edge_10074,ETFE,node_1550,node_8129,electron_loss,ionization,1.0
edge_10075,ETFE,node_1550,node_8130,electron_gain,ionization,1.0
edge_10076,ETFE,node_1550,node_8131,protonation,ionization,1.0
edge_10077,ETFE,node_1550,node_8132,deprotonation,ionization,1.0
edge_10078,ETFE,node_1551,node_8133,electron_loss,ionization,1.0
edge_10079,ETFE,node_1551,node_8134,electron_gain,ionization,1.0
edge_10080,ETFE,node_1551,node_8135,protonation,ionization,1.0
edge_10081,ETFE,node_1551,node_8136,deprotonation,ionization,1.0
edge_10082,ETFE,node_1552,node_8137,electron_loss,ionization,1.0
edge_10083,ETFE,node_1552,node_8138,electron_gain,ionization,1.0
edge_10084,ETFE,node_1552,node_8139,protonation,ionization,1.0
edge_10085,ETFE,node_1552,node_8140,deprotonation,ionization,1.0
edge_10086,ETFE,node_1553,node_8141,electron_loss,ionization,1.0
edge_10087,ETFE,node_1553,node_8142,electron_gain,ionization,1.0
edge_10088,ETFE,node_1553,node_8143,protonation,ionization,1.0
edge_10089,ETFE,node_1553,node_8144,deprotonation,ionization,1.0
edge_10090,ETFE,node_1554,node_8145,electron_loss,ionization,1.0
edge_10091,ETFE,node_1554,node_8146,electron_gain,ionization,1.0
edge_10092,ETFE,node_1554,node_8147,protonation,ionization,1.0
edge_10093,ETFE,node_1554,node_8148,deprotonation,ionization,1.0
edge_10094,ETFE,node_1555,node_8149,electron_loss,ionization,1.0
edge_10095,ETFE,node_1555,node_8150,electron_gain,ionization,1.0
edge_10096,ETFE,node_1555,node_8151,protonation,ionization,1.0
edge_10097,ETFE,node_1555,node_8152,deprotonation,ionization,1.0
edge_10098,ETFE,node_1556,node_8153,electron_loss,ionization,1.0
edge_10099,ETFE,node_1556,node_8154,electron_gain,ionization,1.0
edge_10100,ETFE,node_1556,node_8155,protonation,ionization,1.0
edge_10101,ETFE,node_1556,node_8156,deprotonation,ionization,1.0
edge_10102,ETFE,node_1557,node_8157,electron_loss,ionization,1.0
edge_10103,ETFE,node_1557,node_8158,electron_gain,ionization,1.0
edge_10104,ETFE,node_1557,node_8159,protonation,ionization,1.0
edge_10105,ETFE,node_1557,node_8160,deprotonation,ionization,1.0
edge_10106,ETFE,node_1558,node_8161,electron_loss,ionization,1.0
edge_10107,ETFE,node_1558,node_8162,electron_gain,ionization,1.0
edge_10108,ETFE,node_1558,node_8163,protonation,ionization,1.0
edge_10109,ETFE,node_1558,node_8164,deprotonation,ionization,1.0
edge_10110,ETFE,node_1559,node_8165,electron_loss,ionization,1.0
edge_10111,ETFE,node_1559,node_8166,electron_gain,ionization,1.0
edge_10112,ETFE,node_1559,node_8167,protonation,ionization,1.0
edge_10113,ETFE,node_1559,node_8168,deprotonation,ionization,1.0
edge_10114,ETFE,node_1560,node_8169,electron_loss,ionization,1.0
edge_10115,ETFE,node_1560,node_8170,electron_gain,ionization,1.0
edge_10116,ETFE,node_1560,node_8171,protonation,ionization,1.0
edge_10117,ETFE,node_1560,node_8172,deprotonation,ionization,1.0
edge_10118,ETFE,node_1561,node_8173,electron_loss,ionization,1.0
edge_10119,ETFE,node_1561,node_8174,electron_gain,ionization,1.0
edge_10120,ETFE,node_1561,node_8175,protonation,ionization,1.0
edge_10121,ETFE,node_1561,node_8176,deprotonation,ionization,1.0
edge_10122,ETFE,node_1562,node_8177,electron_loss,ionization,1.0
edge_10123,ETFE,node_1562,node_8178,electron_gain,ionization,1.0
edge_10124,ETFE,node_1562,node_8179,protonation,ionization,1.0
edge_10125,ETFE,node_1562,node_8180,deprotonation,ionization,1.0
edge_10126,ETFE,node_1563,node_8181,electron_loss,ionization,1.0
edge_10127,ETFE,node_1563,node_8182,electron_gain,ionization,1.0
edge_10128,ETFE,node_1563,node_8183,protonation,ionization,1.0
edge_10129,ETFE,node_1563,node_8184,deprotonation,ionization,1.0
edge_10130,ETFE,node_1564,node_8185,electron_loss,ionization,1.0
edge_10131,ETFE,node_1564,node_8186,electron_gain,ionization,1.0
edge_10132,ETFE,node_1564,node_8187,protonation,ionization,1.0
edge_10133,ETFE,node_1564,node_8188,deprotonation,ionization,1.0
edge_10134,ETFE,node_1565,node_8189,electron_loss,ionization,1.0
edge_10135,ETFE,node_1565,node_8190,electron_gain,ionization,1.0
edge_10136,ETFE,node_1565,node_8191,protonation,ionization,1.0
edge_10137,ETFE,node_1565,node_8192,deprotonation,ionization,1.0
edge_10138,ETFE,node_1566,node_8193,electron_loss,ionization,1.0
edge_10139,ETFE,node_1566,node_8194,electron_gain,ionization,1.0
edge_10140,ETFE,node_1566,node_8195,protonation,ionization,1.0
edge_10141,ETFE,node_1566,node_8196,deprotonation,ionization,1.0
edge_10142,ETFE,node_1567,node_8197,electron_loss,ionization,1.0
edge_10143,ETFE,node_1567,node_8198,electron_gain,ionization,1.0
edge_10144,ETFE,node_1567,node_8199,protonation,ionization,1.0
edge_10145,ETFE,node_1567,node_8200,deprotonation,ionization,1.0
edge_10146,ETFE,node_1568,node_8201,electron_loss,ionization,1.0
edge_10147,ETFE,node_1568,node_8202,electron_gain,ionization,1.0
edge_10148,ETFE,node_1568,node_8203,protonation,ionization,1.0
edge_10149,ETFE,node_1568,node_8204,deprotonation,ionization,1.0
edge_10150,ETFE,node_1569,node_8205,electron_loss,ionization,1.0
edge_10151,ETFE,node_1569,node_8206,electron_gain,ionization,1.0
edge_10152,ETFE,node_1569,node_8207,protonation,ionization,1.0
edge_10153,ETFE,node_1569,node_8208,deprotonation,ionization,1.0
edge_10154,ETFE,node_1570,node_8209,electron_loss,ionization,1.0
edge_10155,ETFE,node_1570,node_8210,electron_gain,ionization,1.0
edge_10156,ETFE,node_1570,node_8211,protonation,ionization,1.0
edge_10157,ETFE,node_1570,node_8212,deprotonation,ionization,1.0
edge_10158,ETFE,node_1571,node_8213,electron_loss,ionization,1.0
edge_10159,ETFE,node_1571,node_8214,electron_gain,ionization,1.0
edge_10160,ETFE,node_1571,node_8215,protonation,ionization,1.0
edge_10161,ETFE,node_1571,node_8216,deprotonation,ionization,1.0
edge_10162,ETFE,node_1572,node_8217,electron_loss,ionization,1.0
edge_10163,ETFE,node_1572,node_8218,electron_gain,ionization,1.0
edge_10164,ETFE,node_1572,node_8219,protonation,ionization,1.0
edge_10165,ETFE,node_1572,node_8220,deprotonation,ionization,1.0
edge_10166,ETFE,node_1573,node_8221,electron_loss,ionization,1.0
edge_10167,ETFE,node_1573,node_8222,electron_gain,ionization,1.0
edge_10168,ETFE,node_1573,node_8223,protonation,ionization,1.0
edge_10169,ETFE,node_1573,node_8224,deprotonation,ionization,1.0
edge_10170,ETFE,node_1574,node_8225,electron_loss,ionization,1.0
edge_10171,ETFE,node_1574,node_8226,electron_gain,ionization,1.0
edge_10172,ETFE,node_1574,node_8227,protonation,ionization,1.0
edge_10173,ETFE,node_1574,node_8228,deprotonation,ionization,1.0
edge_10174,ETFE,node_1575,node_8229,electron_loss,ionization,1.0
edge_10175,ETFE,node_1575,node_8230,electron_gain,ionization,1.0
edge_10176,ETFE,node_1575,node_8231,protonation,ionization,1.0
edge_10177,ETFE,node_1575,node_8232,deprotonation,ionization,1.0
edge_10178,ETFE,node_1576,node_8233,electron_loss,ionization,1.0
edge_10179,ETFE,node_1576,node_8234,electron_gain,ionization,1.0
edge_10180,ETFE,node_1576,node_8235,protonation,ionization,1.0
edge_10181,ETFE,node_1576,node_8236,deprotonation,ionization,1.0
edge_10182,ETFE,node_1577,node_8237,electron_loss,ionization,1.0
edge_10183,ETFE,node_1577,node_8238,electron_gain,ionization,1.0
edge_10184,ETFE,node_1577,node_8239,protonation,ionization,1.0
edge_10185,ETFE,node_1577,node_8240,deprotonation,ionization,1.0
edge_10186,ETFE,node_1578,node_8241,electron_loss,ionization,1.0
edge_10187,ETFE,node_1578,node_8242,electron_gain,ionization,1.0
edge_10188,ETFE,node_1578,node_8243,protonation,ionization,1.0
edge_10189,ETFE,node_1578,node_8244,deprotonation,ionization,1.0
edge_10190,ETFE,node_1579,node_8245,electron_loss,ionization,1.0
edge_10191,ETFE,node_1579,node_8246,electron_gain,ionization,1.0
edge_10192,ETFE,node_1579,node_8247,protonation,ionization,1.0
edge_10193,ETFE,node_1579,node_8248,deprotonation,ionization,1.0
edge_10194,ETFE,node_1580,node_8249,electron_loss,ionization,1.0
edge_10195,ETFE,node_1580,node_8250,electron_gain,ionization,1.0
edge_10196,ETFE,node_1580,node_8251,protonation,ionization,1.0
edge_10197,ETFE,node_1580,node_8252,deprotonation,ionization,1.0
edge_10198,ETFE,node_1581,node_8253,electron_loss,ionization,1.0
edge_10199,ETFE,node_1581,node_8254,electron_gain,ionization,1.0
edge_10200,ETFE,node_1581,node_8255,protonation,ionization,1.0
edge_10201,ETFE,node_1581,node_8256,deprotonation,ionization,1.0
edge_10202,ETFE,node_1582,node_8257,electron_loss,ionization,1.0
edge_10203,ETFE,node_1582,node_8258,electron_gain,ionization,1.0
edge_10204,ETFE,node_1582,node_8259,protonation,ionization,1.0
edge_10205,ETFE,node_1582,node_8260,deprotonation,ionization,1.0
edge_10206,ETFE,node_1583,node_8261,electron_loss,ionization,1.0
edge_10207,ETFE,node_1583,node_8262,electron_gain,ionization,1.0
edge_10208,ETFE,node_1583,node_8263,protonation,ionization,1.0
edge_10209,ETFE,node_1583,node_8264,deprotonation,ionization,1.0
edge_10210,ETFE,node_1584,node_8265,electron_loss,ionization,1.0
edge_10211,ETFE,node_1584,node_8266,electron_gain,ionization,1.0
edge_10212,ETFE,node_1584,node_8267,protonation,ionization,1.0
edge_10213,ETFE,node_1584,node_8268,deprotonation,ionization,1.0
edge_10214,ETFE,node_1585,node_8269,electron_loss,ionization,1.0
edge_10215,ETFE,node_1585,node_8270,electron_gain,ionization,1.0
edge_10216,ETFE,node_1585,node_8271,protonation,ionization,1.0
edge_10217,ETFE,node_1585,node_8272,deprotonation,ionization,1.0
edge_10218,ETFE,node_1586,node_8273,electron_loss,ionization,1.0
edge_10219,ETFE,node_1586,node_8274,electron_gain,ionization,1.0
edge_10220,ETFE,node_1586,node_8275,protonation,ionization,1.0
edge_10221,ETFE,node_1586,node_8276,deprotonation,ionization,1.0
edge_10222,ETFE,node_1587,node_8277,electron_loss,ionization,1.0
edge_10223,ETFE,node_1587,node_8278,electron_gain,ionization,1.0
edge_10224,ETFE,node_1587,node_8279,protonation,ionization,1.0
edge_10225,ETFE,node_1587,node_8280,deprotonation,ionization,1.0
edge_10226,ETFE,node_1588,node_8281,electron_loss,ionization,1.0
edge_10227,ETFE,node_1588,node_8282,electron_gain,ionization,1.0
edge_10228,ETFE,node_1588,node_8283,protonation,ionization,1.0
edge_10229,ETFE,node_1588,node_8284,deprotonation,ionization,1.0
edge_10230,ETFE,node_1589,node_8285,electron_loss,ionization,1.0
edge_10231,ETFE,node_1589,node_8286,electron_gain,ionization,1.0
edge_10232,ETFE,node_1589,node_8287,protonation,ionization,1.0
edge_10233,ETFE,node_1589,node_8288,deprotonation,ionization,1.0
edge_10234,ETFE,node_1590,node_8289,electron_loss,ionization,1.0
edge_10235,ETFE,node_1590,node_8290,electron_gain,ionization,1.0
edge_10236,ETFE,node_1590,node_8291,protonation,ionization,1.0
edge_10237,ETFE,node_1590,node_8292,deprotonation,ionization,1.0
edge_10238,ETFE,node_1591,node_8293,electron_loss,ionization,1.0
edge_10239,ETFE,node_1591,node_8294,electron_gain,ionization,1.0
edge_10240,ETFE,node_1591,node_8295,protonation,ionization,1.0
edge_10241,ETFE,node_1591,node_8296,deprotonation,ionization,1.0
edge_10242,ETFE,node_1592,node_8297,electron_loss,ionization,1.0
edge_10243,ETFE,node_1592,node_8298,electron_gain,ionization,1.0
edge_10244,ETFE,node_1592,node_8299,protonation,ionization,1.0
edge_10245,ETFE,node_1592,node_8300,deprotonation,ionization,1.0
edge_10246,ETFE,node_1593,node_8301,electron_loss,ionization,1.0
edge_10247,ETFE,node_1593,node_8302,electron_gain,ionization,1.0
edge_10248,ETFE,node_1593,node_8303,protonation,ionization,1.0
edge_10249,ETFE,node_1593,node_8304,deprotonation,ionization,1.0
edge_10250,ETFE,node_1594,node_8305,electron_loss,ionization,1.0
edge_10251,ETFE,node_1594,node_8306,electron_gain,ionization,1.0
edge_10252,ETFE,node_1594,node_8307,protonation,ionization,1.0
edge_10253,ETFE,node_1594,node_8308,deprotonation,ionization,1.0
edge_10254,ETFE,node_1595,node_8309,electron_loss,ionization,1.0
edge_10255,ETFE,node_1595,node_8310,electron_gain,ionization,1.0
edge_10256,ETFE,node_1595,node_8311,protonation,ionization,1.0
edge_10257,ETFE,node_1595,node_8312,deprotonation,ionization,1.0
edge_10258,ETFE,node_1596,node_8313,electron_loss,ionization,1.0
edge_10259,ETFE,node_1596,node_8314,electron_gain,ionization,1.0
edge_10260,ETFE,node_1596,node_8315,protonation,ionization,1.0
edge_10261,ETFE,node_1596,node_8316,deprotonation,ionization,1.0
edge_10262,ETFE,node_1597,node_8317,electron_loss,ionization,1.0
edge_10263,ETFE,node_1597,node_8318,electron_gain,ionization,1.0
edge_10264,ETFE,node_1597,node_8319,protonation,ionization,1.0
edge_10265,ETFE,node_1597,node_8320,deprotonation,ionization,1.0
edge_10266,ETFE,node_1598,node_8321,electron_loss,ionization,1.0
edge_10267,ETFE,node_1598,node_8322,electron_gain,ionization,1.0
edge_10268,ETFE,node_1598,node_8323,protonation,ionization,1.0
edge_10269,ETFE,node_1598,node_8324,deprotonation,ionization,1.0
edge_10270,ETFE,node_1599,node_8325,electron_loss,ionization,1.0
edge_10271,ETFE,node_1599,node_8326,electron_gain,ionization,1.0
edge_10272,ETFE,node_1599,node_8327,protonation,ionization,1.0
edge_10273,ETFE,node_1599,node_8328,deprotonation,ionization,1.0
edge_10274,ETFE,node_1600,node_8329,electron_loss,ionization,1.0
edge_10275,ETFE,node_1600,node_8330,electron_gain,ionization,1.0
edge_10276,ETFE,node_1600,node_8331,protonation,ionization,1.0
edge_10277,ETFE,node_1600,node_8332,deprotonation,ionization,1.0
edge_10278,ETFE,node_1601,node_8333,electron_loss,ionization,1.0
edge_10279,ETFE,node_1601,node_8334,electron_gain,ionization,1.0
edge_10280,ETFE,node_1601,node_8335,protonation,ionization,1.0
edge_10281,ETFE,node_1601,node_8336,deprotonation,ionization,1.0
edge_10282,ETFE,node_1602,node_8337,electron_loss,ionization,1.0
edge_10283,ETFE,node_1602,node_8338,electron_gain,ionization,1.0
edge_10284,ETFE,node_1602,node_8339,protonation,ionization,1.0
edge_10285,ETFE,node_1602,node_8340,deprotonation,ionization,1.0
edge_10286,ETFE,node_1603,node_8341,electron_loss,ionization,1.0
edge_10287,ETFE,node_1603,node_8342,electron_gain,ionization,1.0
edge_10288,ETFE,node_1603,node_8343,protonation,ionization,1.0
edge_10289,ETFE,node_1603,node_8344,deprotonation,ionization,1.0
edge_10290,ETFE,node_1604,node_8345,electron_loss,ionization,1.0
edge_10291,ETFE,node_1604,node_8346,electron_gain,ionization,1.0
edge_10292,ETFE,node_1604,node_8347,protonation,ionization,1.0
edge_10293,ETFE,node_1604,node_8348,deprotonation,ionization,1.0
edge_10294,ETFE,node_1605,node_8349,electron_loss,ionization,1.0
edge_10295,ETFE,node_1605,node_8350,electron_gain,ionization,1.0
edge_10296,ETFE,node_1605,node_8351,protonation,ionization,1.0
edge_10297,ETFE,node_1605,node_8352,deprotonation,ionization,1.0
edge_10298,ETFE,node_1606,node_8353,electron_loss,ionization,1.0
edge_10299,ETFE,node_1606,node_8354,electron_gain,ionization,1.0
edge_10300,ETFE,node_1606,node_8355,protonation,ionization,1.0
edge_10301,ETFE,node_1606,node_8356,deprotonation,ionization,1.0
edge_10302,ETFE,node_1607,node_8357,electron_loss,ionization,1.0
edge_10303,ETFE,node_1607,node_8358,electron_gain,ionization,1.0
edge_10304,ETFE,node_1607,node_8359,protonation,ionization,1.0
edge_10305,ETFE,node_1607,node_8360,deprotonation,ionization,1.0
edge_10306,ETFE,node_1608,node_8361,electron_loss,ionization,1.0
edge_10307,ETFE,node_1608,node_8362,electron_gain,ionization,1.0
edge_10308,ETFE,node_1608,node_8363,protonation,ionization,1.0
edge_10309,ETFE,node_1608,node_8364,deprotonation,ionization,1.0
edge_10310,ETFE,node_1609,node_8365,electron_loss,ionization,1.0
edge_10311,ETFE,node_1609,node_8366,electron_gain,ionization,1.0
edge_10312,ETFE,node_1609,node_8367,protonation,ionization,1.0
edge_10313,ETFE,node_1609,node_8368,deprotonation,ionization,1.0
edge_10314,ETFE,node_1610,node_8369,electron_loss,ionization,1.0
edge_10315,ETFE,node_1610,node_8370,electron_gain,ionization,1.0
edge_10316,ETFE,node_1610,node_8371,protonation,ionization,1.0
edge_10317,ETFE,node_1610,node_8372,deprotonation,ionization,1.0
edge_10318,ETFE,node_1611,node_8373,electron_loss,ionization,1.0
edge_10319,ETFE,node_1611,node_8374,electron_gain,ionization,1.0
edge_10320,ETFE,node_1611,node_8375,protonation,ionization,1.0
edge_10321,ETFE,node_1611,node_8376,deprotonation,ionization,1.0
edge_10322,ETFE,node_1612,node_8377,electron_loss,ionization,1.0
edge_10323,ETFE,node_1612,node_8378,electron_gain,ionization,1.0
edge_10324,ETFE,node_1612,node_8379,protonation,ionization,1.0
edge_10325,ETFE,node_1612,node_8380,deprotonation,ionization,1.0
edge_10326,ETFE,node_1613,node_8381,electron_loss,ionization,1.0
edge_10327,ETFE,node_1613,node_8382,electron_gain,ionization,1.0
edge_10328,ETFE,node_1613,node_8383,protonation,ionization,1.0
edge_10329,ETFE,node_1613,node_8384,deprotonation,ionization,1.0
edge_10330,ETFE,node_1614,node_8385,electron_loss,ionization,1.0
edge_10331,ETFE,node_1614,node_8386,electron_gain,ionization,1.0
edge_10332,ETFE,node_1614,node_8387,protonation,ionization,1.0
edge_10333,ETFE,node_1614,node_8388,deprotonation,ionization,1.0
edge_10334,ETFE,node_1615,node_8389,electron_loss,ionization,1.0
edge_10335,ETFE,node_1615,node_8390,electron_gain,ionization,1.0
edge_10336,ETFE,node_1615,node_8391,protonation,ionization,1.0
edge_10337,ETFE,node_1615,node_8392,deprotonation,ionization,1.0
edge_10338,ETFE,node_1616,node_8393,electron_loss,ionization,1.0
edge_10339,ETFE,node_1616,node_8394,electron_gain,ionization,1.0
edge_10340,ETFE,node_1616,node_8395,protonation,ionization,1.0
edge_10341,ETFE,node_1616,node_8396,deprotonation,ionization,1.0
edge_10342,ETFE,node_1617,node_8397,electron_loss,ionization,1.0
edge_10343,ETFE,node_1617,node_8398,electron_gain,ionization,1.0
edge_10344,ETFE,node_1617,node_8399,protonation,ionization,1.0
edge_10345,ETFE,node_1617,node_8400,deprotonation,ionization,1.0
edge_10346,ETFE,node_1618,node_8401,electron_loss,ionization,1.0
edge_10347,ETFE,node_1618,node_8402,electron_gain,ionization,1.0
edge_10348,ETFE,node_1618,node_8403,protonation,ionization,1.0
edge_10349,ETFE,node_1618,node_8404,deprotonation,ionization,1.0
edge_10350,ETFE,node_1619,node_8405,electron_loss,ionization,1.0
edge_10351,ETFE,node_1619,node_8406,electron_gain,ionization,1.0
edge_10352,ETFE,node_1619,node_8407,protonation,ionization,1.0
edge_10353,ETFE,node_1619,node_8408,deprotonation,ionization,1.0
edge_10354,ETFE,node_1620,node_8409,electron_loss,ionization,1.0
edge_10355,ETFE,node_1620,node_8410,electron_gain,ionization,1.0
edge_10356,ETFE,node_1620,node_8411,protonation,ionization,1.0
edge_10357,ETFE,node_1620,node_8412,deprotonation,ionization,1.0
edge_10358,ETFE,node_1621,node_8413,electron_loss,ionization,1.0
edge_10359,ETFE,node_1621,node_8414,electron_gain,ionization,1.0
edge_10360,ETFE,node_1621,node_8415,protonation,ionization,1.0
edge_10361,ETFE,node_1621,node_8416,deprotonation,ionization,1.0
edge_10362,ETFE,node_1622,node_8417,electron_loss,ionization,1.0
edge_10363,ETFE,node_1622,node_8418,electron_gain,ionization,1.0
edge_10364,ETFE,node_1622,node_8419,protonation,ionization,1.0
edge_10365,ETFE,node_1622,node_8420,deprotonation,ionization,1.0
edge_10366,ETFE,node_1623,node_8421,electron_loss,ionization,1.0
edge_10367,ETFE,node_1623,node_8422,electron_gain,ionization,1.0
edge_10368,ETFE,node_1623,node_8423,protonation,ionization,1.0
edge_10369,ETFE,node_1623,node_8424,deprotonation,ionization,1.0
edge_10370,ETFE,node_1624,node_8425,electron_loss,ionization,1.0
edge_10371,ETFE,node_1624,node_8426,electron_gain,ionization,1.0
edge_10372,ETFE,node_1624,node_8427,protonation,ionization,1.0
edge_10373,ETFE,node_1624,node_8428,deprotonation,ionization,1.0
edge_10374,ETFE,node_1625,node_8429,electron_loss,ionization,1.0
edge_10375,ETFE,node_1625,node_8430,electron_gain,ionization,1.0
edge_10376,ETFE,node_1625,node_8431,protonation,ionization,1.0
edge_10377,ETFE,node_1625,node_8432,deprotonation,ionization,1.0
edge_10378,ETFE,node_1626,node_8433,electron_loss,ionization,1.0
edge_10379,ETFE,node_1626,node_8434,electron_gain,ionization,1.0
edge_10380,ETFE,node_1626,node_8435,protonation,ionization,1.0
edge_10381,ETFE,node_1626,node_8436,deprotonation,ionization,1.0
edge_10382,ETFE,node_1627,node_8437,electron_loss,ionization,1.0
edge_10383,ETFE,node_1627,node_8438,electron_gain,ionization,1.0
edge_10384,ETFE,node_1627,node_8439,protonation,ionization,1.0
edge_10385,ETFE,node_1627,node_8440,deprotonation,ionization,1.0
edge_10386,ETFE,node_1628,node_8441,electron_loss,ionization,1.0
edge_10387,ETFE,node_1628,node_8442,electron_gain,ionization,1.0
edge_10388,ETFE,node_1628,node_8443,protonation,ionization,1.0
edge_10389,ETFE,node_1628,node_8444,deprotonation,ionization,1.0
edge_10390,ETFE,node_1629,node_8445,electron_loss,ionization,1.0
edge_10391,ETFE,node_1629,node_8446,electron_gain,ionization,1.0
edge_10392,ETFE,node_1629,node_8447,protonation,ionization,1.0
edge_10393,ETFE,node_1629,node_8448,deprotonation,ionization,1.0
edge_10394,ETFE,node_1630,node_8449,electron_loss,ionization,1.0
edge_10395,ETFE,node_1630,node_8450,electron_gain,ionization,1.0
edge_10396,ETFE,node_1630,node_8451,protonation,ionization,1.0
edge_10397,ETFE,node_1630,node_8452,deprotonation,ionization,1.0
edge_10398,ETFE,node_1631,node_8453,electron_loss,ionization,1.0
edge_10399,ETFE,node_1631,node_8454,electron_gain,ionization,1.0
edge_10400,ETFE,node_1631,node_8455,protonation,ionization,1.0
edge_10401,ETFE,node_1631,node_8456,deprotonation,ionization,1.0
edge_10402,ETFE,node_1632,node_8457,electron_loss,ionization,1.0
edge_10403,ETFE,node_1632,node_8458,electron_gain,ionization,1.0
edge_10404,ETFE,node_1632,node_8459,protonation,ionization,1.0
edge_10405,ETFE,node_1632,node_8460,deprotonation,ionization,1.0
edge_10406,ETFE,node_1633,node_8461,electron_loss,ionization,1.0
edge_10407,ETFE,node_1633,node_8462,electron_gain,ionization,1.0
edge_10408,ETFE,node_1633,node_8463,protonation,ionization,1.0
edge_10409,ETFE,node_1633,node_8464,deprotonation,ionization,1.0
edge_10410,ETFE,node_1634,node_8465,electron_loss,ionization,1.0
edge_10411,ETFE,node_1634,node_8466,electron_gain,ionization,1.0
edge_10412,ETFE,node_1634,node_8467,protonation,ionization,1.0
edge_10413,ETFE,node_1634,node_8468,deprotonation,ionization,1.0
edge_10414,ETFE,node_1635,node_8469,electron_loss,ionization,1.0
edge_10415,ETFE,node_1635,node_8470,electron_gain,ionization,1.0
edge_10416,ETFE,node_1635,node_8471,protonation,ionization,1.0
edge_10417,ETFE,node_1635,node_8472,deprotonation,ionization,1.0
edge_10418,ETFE,node_1636,node_8473,electron_loss,ionization,1.0
edge_10419,ETFE,node_1636,node_8474,electron_gain,ionization,1.0
edge_10420,ETFE,node_1636,node_8475,protonation,ionization,1.0
edge_10421,ETFE,node_1636,node_8476,deprotonation,ionization,1.0
edge_10422,ETFE,node_1637,node_8477,electron_loss,ionization,1.0
edge_10423,ETFE,node_1637,node_8478,electron_gain,ionization,1.0
edge_10424,ETFE,node_1637,node_8479,protonation,ionization,1.0
edge_10425,ETFE,node_1637,node_8480,deprotonation,ionization,1.0
edge_10426,ETFE,node_1638,node_8481,electron_loss,ionization,1.0
edge_10427,ETFE,node_1638,node_8482,electron_gain,ionization,1.0
edge_10428,ETFE,node_1638,node_8483,protonation,ionization,1.0
edge_10429,ETFE,node_1638,node_8484,deprotonation,ionization,1.0
edge_10430,ETFE,node_1639,node_8485,electron_loss,ionization,1.0
edge_10431,ETFE,node_1639,node_8486,electron_gain,ionization,1.0
edge_10432,ETFE,node_1639,node_8487,protonation,ionization,1.0
edge_10433,ETFE,node_1639,node_8488,deprotonation,ionization,1.0
edge_10434,ETFE,node_1640,node_8489,electron_loss,ionization,1.0
edge_10435,ETFE,node_1640,node_8490,electron_gain,ionization,1.0
edge_10436,ETFE,node_1640,node_8491,protonation,ionization,1.0
edge_10437,ETFE,node_1640,node_8492,deprotonation,ionization,1.0
edge_10438,ETFE,node_1641,node_8493,electron_loss,ionization,1.0
edge_10439,ETFE,node_1641,node_8494,electron_gain,ionization,1.0
edge_10440,ETFE,node_1641,node_8495,protonation,ionization,1.0
edge_10441,ETFE,node_1641,node_8496,deprotonation,ionization,1.0
edge_10442,ETFE,node_1642,node_8497,electron_loss,ionization,1.0
edge_10443,ETFE,node_1642,node_8498,electron_gain,ionization,1.0
edge_10444,ETFE,node_1642,node_8499,protonation,ionization,1.0
edge_10445,ETFE,node_1642,node_8500,deprotonation,ionization,1.0
edge_10446,ETFE,node_1643,node_8501,electron_loss,ionization,1.0
edge_10447,ETFE,node_1643,node_8502,electron_gain,ionization,1.0
edge_10448,ETFE,node_1643,node_8503,protonation,ionization,1.0
edge_10449,ETFE,node_1643,node_8504,deprotonation,ionization,1.0
edge_10450,ETFE,node_1644,node_8505,electron_loss,ionization,1.0
edge_10451,ETFE,node_1644,node_8506,electron_gain,ionization,1.0
edge_10452,ETFE,node_1644,node_8507,protonation,ionization,1.0
edge_10453,ETFE,node_1644,node_8508,deprotonation,ionization,1.0
edge_10454,ETFE,node_1645,node_8509,electron_loss,ionization,1.0
edge_10455,ETFE,node_1645,node_8510,electron_gain,ionization,1.0
edge_10456,ETFE,node_1645,node_8511,protonation,ionization,1.0
edge_10457,ETFE,node_1645,node_8512,deprotonation,ionization,1.0
edge_10458,ETFE,node_1646,node_8513,electron_loss,ionization,1.0
edge_10459,ETFE,node_1646,node_8514,electron_gain,ionization,1.0
edge_10460,ETFE,node_1646,node_8515,protonation,ionization,1.0
edge_10461,ETFE,node_1646,node_8516,deprotonation,ionization,1.0
edge_10462,ETFE,node_1647,node_8517,electron_loss,ionization,1.0
edge_10463,ETFE,node_1647,node_8518,electron_gain,ionization,1.0
edge_10464,ETFE,node_1647,node_8519,protonation,ionization,1.0
edge_10465,ETFE,node_1647,node_8520,deprotonation,ionization,1.0
edge_10466,ETFE,node_1648,node_8521,electron_loss,ionization,1.0
edge_10467,ETFE,node_1648,node_8522,electron_gain,ionization,1.0
edge_10468,ETFE,node_1648,node_8523,protonation,ionization,1.0
edge_10469,ETFE,node_1648,node_8524,deprotonation,ionization,1.0
edge_10470,ETFE,node_1649,node_8525,electron_loss,ionization,1.0
edge_10471,ETFE,node_1649,node_8526,electron_gain,ionization,1.0
edge_10472,ETFE,node_1649,node_8527,protonation,ionization,1.0
edge_10473,ETFE,node_1649,node_8528,deprotonation,ionization,1.0
edge_10474,ETFE,node_1650,node_8529,electron_loss,ionization,1.0
edge_10475,ETFE,node_1650,node_8530,electron_gain,ionization,1.0
edge_10476,ETFE,node_1650,node_8531,protonation,ionization,1.0
edge_10477,ETFE,node_1650,node_8532,deprotonation,ionization,1.0
edge_10478,ETFE,node_1651,node_8533,electron_loss,ionization,1.0
edge_10479,ETFE,node_1651,node_8534,electron_gain,ionization,1.0
edge_10480,ETFE,node_1651,node_8535,protonation,ionization,1.0
edge_10481,ETFE,node_1651,node_8536,deprotonation,ionization,1.0
edge_10482,ETFE,node_1652,node_8537,electron_loss,ionization,1.0
edge_10483,ETFE,node_1652,node_8538,electron_gain,ionization,1.0
edge_10484,ETFE,node_1652,node_8539,protonation,ionization,1.0
edge_10485,ETFE,node_1652,node_8540,deprotonation,ionization,1.0
edge_10486,ETFE,node_1653,node_8541,electron_loss,ionization,1.0
edge_10487,ETFE,node_1653,node_8542,electron_gain,ionization,1.0
edge_10488,ETFE,node_1653,node_8543,protonation,ionization,1.0
edge_10489,ETFE,node_1653,node_8544,deprotonation,ionization,1.0
edge_10490,ETFE,node_1654,node_8545,electron_loss,ionization,1.0
edge_10491,ETFE,node_1654,node_8546,electron_gain,ionization,1.0
edge_10492,ETFE,node_1654,node_8547,protonation,ionization,1.0
edge_10493,ETFE,node_1654,node_8548,deprotonation,ionization,1.0
edge_10494,ETFE,node_1655,node_8549,electron_loss,ionization,1.0
edge_10495,ETFE,node_1655,node_8550,electron_gain,ionization,1.0
edge_10496,ETFE,node_1655,node_8551,protonation,ionization,1.0
edge_10497,ETFE,node_1655,node_8552,deprotonation,ionization,1.0
edge_10498,ETFE,node_1656,node_8553,electron_loss,ionization,1.0
edge_10499,ETFE,node_1656,node_8554,electron_gain,ionization,1.0
edge_10500,ETFE,node_1656,node_8555,protonation,ionization,1.0
edge_10501,ETFE,node_1656,node_8556,deprotonation,ionization,1.0
edge_10502,ETFE,node_1657,node_8557,electron_loss,ionization,1.0
edge_10503,ETFE,node_1657,node_8558,electron_gain,ionization,1.0
edge_10504,ETFE,node_1657,node_8559,protonation,ionization,1.0
edge_10505,ETFE,node_1657,node_8560,deprotonation,ionization,1.0
edge_10506,ETFE,node_1658,node_8561,electron_loss,ionization,1.0
edge_10507,ETFE,node_1658,node_8562,electron_gain,ionization,1.0
edge_10508,ETFE,node_1658,node_8563,protonation,ionization,1.0
edge_10509,ETFE,node_1658,node_8564,deprotonation,ionization,1.0
edge_10510,ETFE,node_1659,node_8565,electron_loss,ionization,1.0
edge_10511,ETFE,node_1659,node_8566,electron_gain,ionization,1.0
edge_10512,ETFE,node_1659,node_8567,protonation,ionization,1.0
edge_10513,ETFE,node_1659,node_8568,deprotonation,ionization,1.0
edge_10514,ETFE,node_1660,node_8569,electron_loss,ionization,1.0
edge_10515,ETFE,node_1660,node_8570,electron_gain,ionization,1.0
edge_10516,ETFE,node_1660,node_8571,protonation,ionization,1.0
edge_10517,ETFE,node_1660,node_8572,deprotonation,ionization,1.0
edge_10518,ETFE,node_1661,node_8573,electron_loss,ionization,1.0
edge_10519,ETFE,node_1661,node_8574,electron_gain,ionization,1.0
edge_10520,ETFE,node_1661,node_8575,protonation,ionization,1.0
edge_10521,ETFE,node_1661,node_8576,deprotonation,ionization,1.0
edge_10522,ETFE,node_1662,node_8577,electron_loss,ionization,1.0
edge_10523,ETFE,node_1662,node_8578,electron_gain,ionization,1.0
edge_10524,ETFE,node_1662,node_8579,protonation,ionization,1.0
edge_10525,ETFE,node_1662,node_8580,deprotonation,ionization,1.0
edge_10526,ETFE,node_1663,node_8581,electron_loss,ionization,1.0
edge_10527,ETFE,node_1663,node_8582,electron_gain,ionization,1.0
edge_10528,ETFE,node_1663,node_8583,protonation,ionization,1.0
edge_10529,ETFE,node_1663,node_8584,deprotonation,ionization,1.0
edge_10530,ETFE,node_1664,node_8585,electron_loss,ionization,1.0
edge_10531,ETFE,node_1664,node_8586,electron_gain,ionization,1.0
edge_10532,ETFE,node_1664,node_8587,protonation,ionization,1.0
edge_10533,ETFE,node_1664,node_8588,deprotonation,ionization,1.0
edge_10534,ETFE,node_1665,node_8589,electron_loss,ionization,1.0
edge_10535,ETFE,node_1665,node_8590,electron_gain,ionization,1.0
edge_10536,ETFE,node_1665,node_8591,protonation,ionization,1.0
edge_10537,ETFE,node_1665,node_8592,deprotonation,ionization,1.0
edge_10538,ETFE,node_1666,node_8593,electron_loss,ionization,1.0
edge_10539,ETFE,node_1666,node_8594,electron_gain,ionization,1.0
edge_10540,ETFE,node_1666,node_8595,protonation,ionization,1.0
edge_10541,ETFE,node_1666,node_8596,deprotonation,ionization,1.0
edge_10542,ETFE,node_1667,node_8597,electron_loss,ionization,1.0
edge_10543,ETFE,node_1667,node_8598,electron_gain,ionization,1.0
edge_10544,ETFE,node_1667,node_8599,protonation,ionization,1.0
edge_10545,ETFE,node_1667,node_8600,deprotonation,ionization,1.0
edge_10546,ETFE,node_1668,node_8601,electron_loss,ionization,1.0
edge_10547,ETFE,node_1668,node_8602,electron_gain,ionization,1.0
edge_10548,ETFE,node_1668,node_8603,protonation,ionization,1.0
edge_10549,ETFE,node_1668,node_8604,deprotonation,ionization,1.0
edge_10550,ETFE,node_1669,node_8605,electron_loss,ionization,1.0
edge_10551,ETFE,node_1669,node_8606,electron_gain,ionization,1.0
edge_10552,ETFE,node_1669,node_8607,protonation,ionization,1.0
edge_10553,ETFE,node_1669,node_8608,deprotonation,ionization,1.0
edge_10554,ETFE,node_1670,node_8609,electron_loss,ionization,1.0
edge_10555,ETFE,node_1670,node_8610,electron_gain,ionization,1.0
edge_10556,ETFE,node_1670,node_8611,protonation,ionization,1.0
edge_10557,ETFE,node_1670,node_8612,deprotonation,ionization,1.0
edge_10558,ETFE,node_1671,node_8613,electron_loss,ionization,1.0
edge_10559,ETFE,node_1671,node_8614,electron_gain,ionization,1.0
edge_10560,ETFE,node_1671,node_8615,protonation,ionization,1.0
edge_10561,ETFE,node_1671,node_8616,deprotonation,ionization,1.0
edge_10562,ETFE,node_1672,node_8617,electron_loss,ionization,1.0
edge_10563,ETFE,node_1672,node_8618,electron_gain,ionization,1.0
edge_10564,ETFE,node_1672,node_8619,protonation,ionization,1.0
edge_10565,ETFE,node_1672,node_8620,deprotonation,ionization,1.0
edge_10566,ETFE,node_1673,node_8621,electron_loss,ionization,1.0
edge_10567,ETFE,node_1673,node_8622,electron_gain,ionization,1.0
edge_10568,ETFE,node_1673,node_8623,protonation,ionization,1.0
edge_10569,ETFE,node_1673,node_8624,deprotonation,ionization,1.0
edge_10570,ETFE,node_1674,node_8625,electron_loss,ionization,1.0
edge_10571,ETFE,node_1674,node_8626,electron_gain,ionization,1.0
edge_10572,ETFE,node_1674,node_8627,protonation,ionization,1.0
edge_10573,ETFE,node_1674,node_8628,deprotonation,ionization,1.0
edge_10574,ETFE,node_1675,node_8629,electron_loss,ionization,1.0
edge_10575,ETFE,node_1675,node_8630,electron_gain,ionization,1.0
edge_10576,ETFE,node_1675,node_8631,protonation,ionization,1.0
edge_10577,ETFE,node_1675,node_8632,deprotonation,ionization,1.0
edge_10578,ETFE,node_1676,node_8633,electron_loss,ionization,1.0
edge_10579,ETFE,node_1676,node_8634,electron_gain,ionization,1.0
edge_10580,ETFE,node_1676,node_8635,protonation,ionization,1.0
edge_10581,ETFE,node_1676,node_8636,deprotonation,ionization,1.0
edge_10582,ETFE,node_1677,node_8637,electron_loss,ionization,1.0
edge_10583,ETFE,node_1677,node_8638,electron_gain,ionization,1.0
edge_10584,ETFE,node_1677,node_8639,protonation,ionization,1.0
edge_10585,ETFE,node_1677,node_8640,deprotonation,ionization,1.0
edge_10586,ETFE,node_1678,node_8641,electron_loss,ionization,1.0
edge_10587,ETFE,node_1678,node_8642,electron_gain,ionization,1.0
edge_10588,ETFE,node_1678,node_8643,protonation,ionization,1.0
edge_10589,ETFE,node_1678,node_8644,deprotonation,ionization,1.0
edge_10590,ETFE,node_1679,node_8645,electron_loss,ionization,1.0
edge_10591,ETFE,node_1679,node_8646,electron_gain,ionization,1.0
edge_10592,ETFE,node_1679,node_8647,protonation,ionization,1.0
edge_10593,ETFE,node_1679,node_8648,deprotonation,ionization,1.0
edge_10594,ETFE,node_1680,node_8649,electron_loss,ionization,1.0
edge_10595,ETFE,node_1680,node_8650,electron_gain,ionization,1.0
edge_10596,ETFE,node_1680,node_8651,protonation,ionization,1.0
edge_10597,ETFE,node_1680,node_8652,deprotonation,ionization,1.0
edge_10598,ETFE,node_1681,node_8653,electron_loss,ionization,1.0
edge_10599,ETFE,node_1681,node_8654,electron_gain,ionization,1.0
edge_10600,ETFE,node_1681,node_8655,protonation,ionization,1.0
edge_10601,ETFE,node_1681,node_8656,deprotonation,ionization,1.0
edge_10602,ETFE,node_1682,node_8657,electron_loss,ionization,1.0
edge_10603,ETFE,node_1682,node_8658,electron_gain,ionization,1.0
edge_10604,ETFE,node_1682,node_8659,protonation,ionization,1.0
edge_10605,ETFE,node_1682,node_8660,deprotonation,ionization,1.0
edge_10606,ETFE,node_1683,node_8661,electron_loss,ionization,1.0
edge_10607,ETFE,node_1683,node_8662,electron_gain,ionization,1.0
edge_10608,ETFE,node_1683,node_8663,protonation,ionization,1.0
edge_10609,ETFE,node_1683,node_8664,deprotonation,ionization,1.0
edge_10610,ETFE,node_1684,node_8665,electron_loss,ionization,1.0
edge_10611,ETFE,node_1684,node_8666,electron_gain,ionization,1.0
edge_10612,ETFE,node_1684,node_8667,protonation,ionization,1.0
edge_10613,ETFE,node_1684,node_8668,deprotonation,ionization,1.0
edge_10614,ETFE,node_1685,node_8669,electron_loss,ionization,1.0
edge_10615,ETFE,node_1685,node_8670,electron_gain,ionization,1.0
edge_10616,ETFE,node_1685,node_8671,protonation,ionization,1.0
edge_10617,ETFE,node_1685,node_8672,deprotonation,ionization,1.0
edge_10618,ETFE,node_1686,node_8673,electron_loss,ionization,1.0
edge_10619,ETFE,node_1686,node_8674,electron_gain,ionization,1.0
edge_10620,ETFE,node_1686,node_8675,protonation,ionization,1.0
edge_10621,ETFE,node_1686,node_8676,deprotonation,ionization,1.0
edge_10622,ETFE,node_1687,node_8677,electron_loss,ionization,1.0
edge_10623,ETFE,node_1687,node_8678,electron_gain,ionization,1.0
edge_10624,ETFE,node_1687,node_8679,protonation,ionization,1.0
edge_10625,ETFE,node_1687,node_8680,deprotonation,ionization,1.0
edge_10626,ETFE,node_1688,node_8681,electron_loss,ionization,1.0
edge_10627,ETFE,node_1688,node_8682,electron_gain,ionization,1.0
edge_10628,ETFE,node_1688,node_8683,protonation,ionization,1.0
edge_10629,ETFE,node_1688,node_8684,deprotonation,ionization,1.0
edge_10630,ETFE,node_1689,node_8685,electron_loss,ionization,1.0
edge_10631,ETFE,node_1689,node_8686,electron_gain,ionization,1.0
edge_10632,ETFE,node_1689,node_8687,protonation,ionization,1.0
edge_10633,ETFE,node_1689,node_8688,deprotonation,ionization,1.0
edge_10634,ETFE,node_1690,node_8689,electron_loss,ionization,1.0
edge_10635,ETFE,node_1690,node_8690,electron_gain,ionization,1.0
edge_10636,ETFE,node_1690,node_8691,protonation,ionization,1.0
edge_10637,ETFE,node_1690,node_8692,deprotonation,ionization,1.0
edge_10638,ETFE,node_1691,node_8693,electron_loss,ionization,1.0
edge_10639,ETFE,node_1691,node_8694,electron_gain,ionization,1.0
edge_10640,ETFE,node_1691,node_8695,protonation,ionization,1.0
edge_10641,ETFE,node_1691,node_8696,deprotonation,ionization,1.0
edge_10642,ETFE,node_1692,node_8697,electron_loss,ionization,1.0
edge_10643,ETFE,node_1692,node_8698,electron_gain,ionization,1.0
edge_10644,ETFE,node_1692,node_8699,protonation,ionization,1.0
edge_10645,ETFE,node_1692,node_8700,deprotonation,ionization,1.0
edge_10646,ETFE,node_1693,node_8701,electron_loss,ionization,1.0
edge_10647,ETFE,node_1693,node_8702,electron_gain,ionization,1.0
edge_10648,ETFE,node_1693,node_8703,protonation,ionization,1.0
edge_10649,ETFE,node_1693,node_8704,deprotonation,ionization,1.0
edge_10650,ETFE,node_1694,node_8705,electron_loss,ionization,1.0
edge_10651,ETFE,node_1694,node_8706,electron_gain,ionization,1.0
edge_10652,ETFE,node_1694,node_8707,protonation,ionization,1.0
edge_10653,ETFE,node_1694,node_8708,deprotonation,ionization,1.0
edge_10654,ETFE,node_1695,node_8709,electron_loss,ionization,1.0
edge_10655,ETFE,node_1695,node_8710,electron_gain,ionization,1.0
edge_10656,ETFE,node_1695,node_8711,protonation,ionization,1.0
edge_10657,ETFE,node_1695,node_8712,deprotonation,ionization,1.0
edge_10658,ETFE,node_1696,node_8713,electron_loss,ionization,1.0
edge_10659,ETFE,node_1696,node_8714,electron_gain,ionization,1.0
edge_10660,ETFE,node_1696,node_8715,protonation,ionization,1.0
edge_10661,ETFE,node_1696,node_8716,deprotonation,ionization,1.0
edge_10662,ETFE,node_1697,node_8717,electron_loss,ionization,1.0
edge_10663,ETFE,node_1697,node_8718,electron_gain,ionization,1.0
edge_10664,ETFE,node_1697,node_8719,protonation,ionization,1.0
edge_10665,ETFE,node_1697,node_8720,deprotonation,ionization,1.0
edge_10666,ETFE,node_1698,node_8721,electron_loss,ionization,1.0
edge_10667,ETFE,node_1698,node_8722,electron_gain,ionization,1.0
edge_10668,ETFE,node_1698,node_8723,protonation,ionization,1.0
edge_10669,ETFE,node_1698,node_8724,deprotonation,ionization,1.0
edge_10670,ETFE,node_1699,node_8725,electron_loss,ionization,1.0
edge_10671,ETFE,node_1699,node_8726,electron_gain,ionization,1.0
edge_10672,ETFE,node_1699,node_8727,protonation,ionization,1.0
edge_10673,ETFE,node_1699,node_8728,deprotonation,ionization,1.0
edge_10674,ETFE,node_1700,node_8729,electron_loss,ionization,1.0
edge_10675,ETFE,node_1700,node_8730,electron_gain,ionization,1.0
edge_10676,ETFE,node_1700,node_8731,protonation,ionization,1.0
edge_10677,ETFE,node_1700,node_8732,deprotonation,ionization,1.0
edge_10678,ETFE,node_1701,node_8733,electron_loss,ionization,1.0
edge_10679,ETFE,node_1701,node_8734,electron_gain,ionization,1.0
edge_10680,ETFE,node_1701,node_8735,protonation,ionization,1.0
edge_10681,ETFE,node_1701,node_8736,deprotonation,ionization,1.0
edge_10682,ETFE,node_1702,node_8737,electron_loss,ionization,1.0
edge_10683,ETFE,node_1702,node_8738,electron_gain,ionization,1.0
edge_10684,ETFE,node_1702,node_8739,protonation,ionization,1.0
edge_10685,ETFE,node_1702,node_8740,deprotonation,ionization,1.0
edge_10686,ETFE,node_1703,node_8741,electron_loss,ionization,1.0
edge_10687,ETFE,node_1703,node_8742,electron_gain,ionization,1.0
edge_10688,ETFE,node_1703,node_8743,protonation,ionization,1.0
edge_10689,ETFE,node_1703,node_8744,deprotonation,ionization,1.0
edge_10690,ETFE,node_1704,node_8745,electron_loss,ionization,1.0
edge_10691,ETFE,node_1704,node_8746,electron_gain,ionization,1.0
edge_10692,ETFE,node_1704,node_8747,protonation,ionization,1.0
edge_10693,ETFE,node_1704,node_8748,deprotonation,ionization,1.0
edge_10694,ETFE,node_1705,node_8749,electron_loss,ionization,1.0
edge_10695,ETFE,node_1705,node_8750,electron_gain,ionization,1.0
edge_10696,ETFE,node_1705,node_8751,protonation,ionization,1.0
edge_10697,ETFE,node_1705,node_8752,deprotonation,ionization,1.0
edge_10698,ETFE,node_1706,node_8753,electron_loss,ionization,1.0
edge_10699,ETFE,node_1706,node_8754,electron_gain,ionization,1.0
edge_10700,ETFE,node_1706,node_8755,protonation,ionization,1.0
edge_10701,ETFE,node_1706,node_8756,deprotonation,ionization,1.0
edge_10702,ETFE,node_1707,node_8757,electron_loss,ionization,1.0
edge_10703,ETFE,node_1707,node_8758,electron_gain,ionization,1.0
edge_10704,ETFE,node_1707,node_8759,protonation,ionization,1.0
edge_10705,ETFE,node_1707,node_8760,deprotonation,ionization,1.0
edge_10706,ETFE,node_1708,node_8761,electron_loss,ionization,1.0
edge_10707,ETFE,node_1708,node_8762,electron_gain,ionization,1.0
edge_10708,ETFE,node_1708,node_8763,protonation,ionization,1.0
edge_10709,ETFE,node_1708,node_8764,deprotonation,ionization,1.0
edge_10710,ETFE,node_1709,node_8765,electron_loss,ionization,1.0
edge_10711,ETFE,node_1709,node_8766,electron_gain,ionization,1.0
edge_10712,ETFE,node_1709,node_8767,protonation,ionization,1.0
edge_10713,ETFE,node_1709,node_8768,deprotonation,ionization,1.0
edge_10714,ETFE,node_1710,node_8769,electron_loss,ionization,1.0
edge_10715,ETFE,node_1710,node_8770,electron_gain,ionization,1.0
edge_10716,ETFE,node_1710,node_8771,protonation,ionization,1.0
edge_10717,ETFE,node_1710,node_8772,deprotonation,ionization,1.0
edge_10718,ETFE,node_1711,node_8773,electron_loss,ionization,1.0
edge_10719,ETFE,node_1711,node_8774,electron_gain,ionization,1.0
edge_10720,ETFE,node_1711,node_8775,protonation,ionization,1.0
edge_10721,ETFE,node_1711,node_8776,deprotonation,ionization,1.0
edge_10722,ETFE,node_1712,node_8777,electron_loss,ionization,1.0
edge_10723,ETFE,node_1712,node_8778,electron_gain,ionization,1.0
edge_10724,ETFE,node_1712,node_8779,protonation,ionization,1.0
edge_10725,ETFE,node_1712,node_8780,deprotonation,ionization,1.0
edge_10726,ETFE,node_1713,node_8781,electron_loss,ionization,1.0
edge_10727,ETFE,node_1713,node_8782,electron_gain,ionization,1.0
edge_10728,ETFE,node_1713,node_8783,protonation,ionization,1.0
edge_10729,ETFE,node_1713,node_8784,deprotonation,ionization,1.0
edge_10730,ETFE,node_1714,node_8785,electron_loss,ionization,1.0
edge_10731,ETFE,node_1714,node_8786,electron_gain,ionization,1.0
edge_10732,ETFE,node_1714,node_8787,protonation,ionization,1.0
edge_10733,ETFE,node_1714,node_8788,deprotonation,ionization,1.0
edge_10734,ETFE,node_1715,node_8789,electron_loss,ionization,1.0
edge_10735,ETFE,node_1715,node_8790,electron_gain,ionization,1.0
edge_10736,ETFE,node_1715,node_8791,protonation,ionization,1.0
edge_10737,ETFE,node_1715,node_8792,deprotonation,ionization,1.0
edge_10738,ETFE,node_1716,node_8793,electron_loss,ionization,1.0
edge_10739,ETFE,node_1716,node_8794,electron_gain,ionization,1.0
edge_10740,ETFE,node_1716,node_8795,protonation,ionization,1.0
edge_10741,ETFE,node_1716,node_8796,deprotonation,ionization,1.0
edge_10742,ETFE,node_1717,node_8797,electron_loss,ionization,1.0
edge_10743,ETFE,node_1717,node_8798,electron_gain,ionization,1.0
edge_10744,ETFE,node_1717,node_8799,protonation,ionization,1.0
edge_10745,ETFE,node_1717,node_8800,deprotonation,ionization,1.0
edge_10746,ETFE,node_1718,node_8801,electron_loss,ionization,1.0
edge_10747,ETFE,node_1718,node_8802,electron_gain,ionization,1.0
edge_10748,ETFE,node_1718,node_8803,protonation,ionization,1.0
edge_10749,ETFE,node_1718,node_8804,deprotonation,ionization,1.0
edge_10750,ETFE,node_1719,node_8805,electron_loss,ionization,1.0
edge_10751,ETFE,node_1719,node_8806,electron_gain,ionization,1.0
edge_10752,ETFE,node_1719,node_8807,protonation,ionization,1.0
edge_10753,ETFE,node_1719,node_8808,deprotonation,ionization,1.0
edge_10754,ETFE,node_1720,node_8809,electron_loss,ionization,1.0
edge_10755,ETFE,node_1720,node_8810,electron_gain,ionization,1.0
edge_10756,ETFE,node_1720,node_8811,protonation,ionization,1.0
edge_10757,ETFE,node_1720,node_8812,deprotonation,ionization,1.0
edge_10758,ETFE,node_1721,node_8813,electron_loss,ionization,1.0
edge_10759,ETFE,node_1721,node_8814,electron_gain,ionization,1.0
edge_10760,ETFE,node_1721,node_8815,protonation,ionization,1.0
edge_10761,ETFE,node_1721,node_8816,deprotonation,ionization,1.0
edge_10762,ETFE,node_1722,node_8817,electron_loss,ionization,1.0
edge_10763,ETFE,node_1722,node_8818,electron_gain,ionization,1.0
edge_10764,ETFE,node_1722,node_8819,protonation,ionization,1.0
edge_10765,ETFE,node_1722,node_8820,deprotonation,ionization,1.0
edge_10766,ETFE,node_1723,node_8821,electron_loss,ionization,1.0
edge_10767,ETFE,node_1723,node_8822,electron_gain,ionization,1.0
edge_10768,ETFE,node_1723,node_8823,protonation,ionization,1.0
edge_10769,ETFE,node_1723,node_8824,deprotonation,ionization,1.0
edge_10770,ETFE,node_1724,node_8825,electron_loss,ionization,1.0
edge_10771,ETFE,node_1724,node_8826,electron_gain,ionization,1.0
edge_10772,ETFE,node_1724,node_8827,protonation,ionization,1.0
edge_10773,ETFE,node_1724,node_8828,deprotonation,ionization,1.0
edge_10774,ETFE,node_1725,node_8829,electron_loss,ionization,1.0
edge_10775,ETFE,node_1725,node_8830,electron_gain,ionization,1.0
edge_10776,ETFE,node_1725,node_8831,protonation,ionization,1.0
edge_10777,ETFE,node_1725,node_8832,deprotonation,ionization,1.0
edge_10778,ETFE,node_1726,node_8833,electron_loss,ionization,1.0
edge_10779,ETFE,node_1726,node_8834,electron_gain,ionization,1.0
edge_10780,ETFE,node_1726,node_8835,protonation,ionization,1.0
edge_10781,ETFE,node_1726,node_8836,deprotonation,ionization,1.0
edge_10782,ETFE,node_1727,node_8837,electron_loss,ionization,1.0
edge_10783,ETFE,node_1727,node_8838,electron_gain,ionization,1.0
edge_10784,ETFE,node_1727,node_8839,protonation,ionization,1.0
edge_10785,ETFE,node_1727,node_8840,deprotonation,ionization,1.0
edge_10786,ETFE,node_1728,node_8841,electron_loss,ionization,1.0
edge_10787,ETFE,node_1728,node_8842,electron_gain,ionization,1.0
edge_10788,ETFE,node_1728,node_8843,protonation,ionization,1.0
edge_10789,ETFE,node_1728,node_8844,deprotonation,ionization,1.0
edge_10790,ETFE,node_1729,node_8845,electron_loss,ionization,1.0
edge_10791,ETFE,node_1729,node_8846,electron_gain,ionization,1.0
edge_10792,ETFE,node_1729,node_8847,protonation,ionization,1.0
edge_10793,ETFE,node_1729,node_8848,deprotonation,ionization,1.0
edge_10794,ETFE,node_1730,node_8849,electron_loss,ionization,1.0
edge_10795,ETFE,node_1730,node_8850,electron_gain,ionization,1.0
edge_10796,ETFE,node_1730,node_8851,protonation,ionization,1.0
edge_10797,ETFE,node_1730,node_8852,deprotonation,ionization,1.0
edge_10798,ETFE,node_1731,node_8853,electron_loss,ionization,1.0
edge_10799,ETFE,node_1731,node_8854,electron_gain,ionization,1.0
edge_10800,ETFE,node_1731,node_8855,protonation,ionization,1.0
edge_10801,ETFE,node_1731,node_8856,deprotonation,ionization,1.0
edge_10802,ETFE,node_1732,node_8857,electron_loss,ionization,1.0
edge_10803,ETFE,node_1732,node_8858,electron_gain,ionization,1.0
edge_10804,ETFE,node_1732,node_8859,protonation,ionization,1.0
edge_10805,ETFE,node_1732,node_8860,deprotonation,ionization,1.0
edge_10806,ETFE,node_1733,node_8861,electron_loss,ionization,1.0
edge_10807,ETFE,node_1733,node_8862,electron_gain,ionization,1.0
edge_10808,ETFE,node_1733,node_8863,protonation,ionization,1.0
edge_10809,ETFE,node_1733,node_8864,deprotonation,ionization,1.0
edge_10810,ETFE,node_1734,node_8865,electron_loss,ionization,1.0
edge_10811,ETFE,node_1734,node_8866,electron_gain,ionization,1.0
edge_10812,ETFE,node_1734,node_8867,protonation,ionization,1.0
edge_10813,ETFE,node_1734,node_8868,deprotonation,ionization,1.0
edge_10814,ETFE,node_1735,node_8869,electron_loss,ionization,1.0
edge_10815,ETFE,node_1735,node_8870,electron_gain,ionization,1.0
edge_10816,ETFE,node_1735,node_8871,protonation,ionization,1.0
edge_10817,ETFE,node_1735,node_8872,deprotonation,ionization,1.0
edge_10818,ETFE,node_1736,node_8873,electron_loss,ionization,1.0
edge_10819,ETFE,node_1736,node_8874,electron_gain,ionization,1.0
edge_10820,ETFE,node_1736,node_8875,protonation,ionization,1.0
edge_10821,ETFE,node_1736,node_8876,deprotonation,ionization,1.0
edge_10822,ETFE,node_1737,node_8877,electron_loss,ionization,1.0
edge_10823,ETFE,node_1737,node_8878,electron_gain,ionization,1.0
edge_10824,ETFE,node_1737,node_8879,protonation,ionization,1.0
edge_10825,ETFE,node_1737,node_8880,deprotonation,ionization,1.0
edge_10826,ETFE,node_1738,node_8881,electron_loss,ionization,1.0
edge_10827,ETFE,node_1738,node_8882,electron_gain,ionization,1.0
edge_10828,ETFE,node_1738,node_8883,protonation,ionization,1.0
edge_10829,ETFE,node_1738,node_8884,deprotonation,ionization,1.0
edge_10830,ETFE,node_1739,node_8885,electron_loss,ionization,1.0
edge_10831,ETFE,node_1739,node_8886,electron_gain,ionization,1.0
edge_10832,ETFE,node_1739,node_8887,protonation,ionization,1.0
edge_10833,ETFE,node_1739,node_8888,deprotonation,ionization,1.0
edge_10834,ETFE,node_1740,node_8889,electron_loss,ionization,1.0
edge_10835,ETFE,node_1740,node_8890,electron_gain,ionization,1.0
edge_10836,ETFE,node_1740,node_8891,protonation,ionization,1.0
edge_10837,ETFE,node_1740,node_8892,deprotonation,ionization,1.0
edge_10838,ETFE,node_1741,node_8893,electron_loss,ionization,1.0
edge_10839,ETFE,node_1741,node_8894,electron_gain,ionization,1.0
edge_10840,ETFE,node_1741,node_8895,protonation,ionization,1.0
edge_10841,ETFE,node_1741,node_8896,deprotonation,ionization,1.0
edge_10842,ETFE,node_1742,node_8897,electron_loss,ionization,1.0
edge_10843,ETFE,node_1742,node_8898,electron_gain,ionization,1.0
edge_10844,ETFE,node_1742,node_8899,protonation,ionization,1.0
edge_10845,ETFE,node_1742,node_8900,deprotonation,ionization,1.0
edge_10846,ETFE,node_1743,node_8901,electron_loss,ionization,1.0
edge_10847,ETFE,node_1743,node_8902,electron_gain,ionization,1.0
edge_10848,ETFE,node_1743,node_8903,protonation,ionization,1.0
edge_10849,ETFE,node_1743,node_8904,deprotonation,ionization,1.0
edge_10850,ETFE,node_1744,node_8905,electron_loss,ionization,1.0
edge_10851,ETFE,node_1744,node_8906,electron_gain,ionization,1.0
edge_10852,ETFE,node_1744,node_8907,protonation,ionization,1.0
edge_10853,ETFE,node_1744,node_8908,deprotonation,ionization,1.0
edge_10854,ETFE,node_1745,node_8909,electron_loss,ionization,1.0
edge_10855,ETFE,node_1745,node_8910,electron_gain,ionization,1.0
edge_10856,ETFE,node_1745,node_8911,protonation,ionization,1.0
edge_10857,ETFE,node_1745,node_8912,deprotonation,ionization,1.0
edge_10858,ETFE,node_1746,node_8913,electron_loss,ionization,1.0
edge_10859,ETFE,node_1746,node_8914,electron_gain,ionization,1.0
edge_10860,ETFE,node_1746,node_8915,protonation,ionization,1.0
edge_10861,ETFE,node_1746,node_8916,deprotonation,ionization,1.0
edge_10862,ETFE,node_1747,node_8917,electron_loss,ionization,1.0
edge_10863,ETFE,node_1747,node_8918,electron_gain,ionization,1.0
edge_10864,ETFE,node_1747,node_8919,protonation,ionization,1.0
edge_10865,ETFE,node_1747,node_8920,deprotonation,ionization,1.0
edge_10866,ETFE,node_1748,node_8921,electron_loss,ionization,1.0
edge_10867,ETFE,node_1748,node_8922,electron_gain,ionization,1.0
edge_10868,ETFE,node_1748,node_8923,protonation,ionization,1.0
edge_10869,ETFE,node_1748,node_8924,deprotonation,ionization,1.0
edge_10870,ETFE,node_1749,node_8925,electron_loss,ionization,1.0
edge_10871,ETFE,node_1749,node_8926,electron_gain,ionization,1.0
edge_10872,ETFE,node_1749,node_8927,protonation,ionization,1.0
edge_10873,ETFE,node_1749,node_8928,deprotonation,ionization,1.0
edge_10874,ETFE,node_1750,node_8929,electron_loss,ionization,1.0
edge_10875,ETFE,node_1750,node_8930,electron_gain,ionization,1.0
edge_10876,ETFE,node_1750,node_8931,protonation,ionization,1.0
edge_10877,ETFE,node_1750,node_8932,deprotonation,ionization,1.0
edge_10878,ETFE,node_1751,node_8933,electron_loss,ionization,1.0
edge_10879,ETFE,node_1751,node_8934,electron_gain,ionization,1.0
edge_10880,ETFE,node_1751,node_8935,protonation,ionization,1.0
edge_10881,ETFE,node_1751,node_8936,deprotonation,ionization,1.0
edge_10882,ETFE,node_1752,node_8937,electron_loss,ionization,1.0
edge_10883,ETFE,node_1752,node_8938,electron_gain,ionization,1.0
edge_10884,ETFE,node_1752,node_8939,protonation,ionization,1.0
edge_10885,ETFE,node_1752,node_8940,deprotonation,ionization,1.0
edge_10886,ETFE,node_1753,node_8941,electron_loss,ionization,1.0
edge_10887,ETFE,node_1753,node_8942,electron_gain,ionization,1.0
edge_10888,ETFE,node_1753,node_8943,protonation,ionization,1.0
edge_10889,ETFE,node_1753,node_8944,deprotonation,ionization,1.0
edge_10890,ETFE,node_1754,node_8945,electron_loss,ionization,1.0
edge_10891,ETFE,node_1754,node_8946,electron_gain,ionization,1.0
edge_10892,ETFE,node_1754,node_8947,protonation,ionization,1.0
edge_10893,ETFE,node_1754,node_8948,deprotonation,ionization,1.0
edge_10894,ETFE,node_1755,node_8949,electron_loss,ionization,1.0
edge_10895,ETFE,node_1755,node_8950,electron_gain,ionization,1.0
edge_10896,ETFE,node_1755,node_8951,protonation,ionization,1.0
edge_10897,ETFE,node_1756,node_8952,electron_loss,ionization,1.0
edge_10898,ETFE,node_1756,node_8953,electron_gain,ionization,1.0
edge_10899,ETFE,node_1756,node_8954,protonation,ionization,1.0
edge_10900,ETFE,node_1756,node_8955,deprotonation,ionization,1.0
edge_10901,ETFE,node_1757,node_8956,electron_loss,ionization,1.0
edge_10902,ETFE,node_1757,node_8957,electron_gain,ionization,1.0
edge_10903,ETFE,node_1757,node_8958,protonation,ionization,1.0
edge_10904,ETFE,node_1757,node_8959,deprotonation,ionization,1.0
edge_10905,ETFE,node_1758,node_8960,electron_loss,ionization,1.0
edge_10906,ETFE,node_1758,node_8961,electron_gain,ionization,1.0
edge_10907,ETFE,node_1758,node_8962,protonation,ionization,1.0
edge_10908,ETFE,node_1759,node_8963,electron_loss,ionization,1.0
edge_10909,ETFE,node_1759,node_8964,electron_gain,ionization,1.0
edge_10910,ETFE,node_1759,node_8965,protonation,ionization,1.0
edge_10911,ETFE,node_1759,node_8966,deprotonation,ionization,1.0
edge_10912,ETFE,node_1760,node_8967,electron_loss,ionization,1.0
edge_10913,ETFE,node_1760,node_8968,electron_gain,ionization,1.0
edge_10914,ETFE,node_1760,node_8969,protonation,ionization,1.0
edge_10915,ETFE,node_1761,node_8970,electron_loss,ionization,1.0
edge_10916,ETFE,node_1761,node_8971,electron_gain,ionization,1.0
edge_10917,ETFE,node_1761,node_8972,protonation,ionization,1.0
edge_10918,ETFE,node_1761,node_8973,deprotonation,ionization,1.0
edge_10919,ETFE,node_1762,node_8974,electron_loss,ionization,1.0
edge_10920,ETFE,node_1762,node_8975,electron_gain,ionization,1.0
edge_10921,ETFE,node_1762,node_8976,protonation,ionization,1.0
edge_10922,ETFE,node_1762,node_8977,deprotonation,ionization,1.0
edge_10923,ETFE,node_1763,node_8978,electron_loss,ionization,1.0
edge_10924,ETFE,node_1763,node_8979,electron_gain,ionization,1.0
edge_10925,ETFE,node_1763,node_8980,protonation,ionization,1.0
edge_10926,ETFE,node_1763,node_8981,deprotonation,ionization,1.0
edge_10927,ETFE,node_1764,node_8982,electron_loss,ionization,1.0
edge_10928,ETFE,node_1764,node_8983,electron_gain,ionization,1.0
edge_10929,ETFE,node_1764,node_8984,protonation,ionization,1.0
edge_10930,ETFE,node_1764,node_8985,deprotonation,ionization,1.0
edge_10931,ETFE,node_1765,node_8986,electron_loss,ionization,1.0
edge_10932,ETFE,node_1765,node_8987,electron_gain,ionization,1.0
edge_10933,ETFE,node_1765,node_8988,protonation,ionization,1.0
edge_10934,ETFE,node_1765,node_8989,deprotonation,ionization,1.0
edge_10935,ETFE,node_1766,node_8990,electron_loss,ionization,1.0
edge_10936,ETFE,node_1766,node_8991,electron_gain,ionization,1.0
edge_10937,ETFE,node_1766,node_8992,protonation,ionization,1.0
edge_10938,ETFE,node_1766,node_8993,deprotonation,ionization,1.0
edge_10939,ETFE,node_1767,node_8994,electron_loss,ionization,1.0
edge_10940,ETFE,node_1767,node_8995,electron_gain,ionization,1.0
edge_10941,ETFE,node_1767,node_8996,protonation,ionization,1.0
edge_10942,ETFE,node_1767,node_8997,deprotonation,ionization,1.0
edge_10943,ETFE,node_1768,node_8998,electron_loss,ionization,1.0
edge_10944,ETFE,node_1768,node_8999,electron_gain,ionization,1.0
edge_10945,ETFE,node_1768,node_9000,protonation,ionization,1.0
edge_10946,ETFE,node_1768,node_9001,deprotonation,ionization,1.0
edge_10947,ETFE,node_1769,node_9002,electron_loss,ionization,1.0
edge_10948,ETFE,node_1769,node_9003,electron_gain,ionization,1.0
edge_10949,ETFE,node_1769,node_9004,protonation,ionization,1.0
edge_10950,ETFE,node_1769,node_9005,deprotonation,ionization,1.0
edge_10951,ETFE,node_1770,node_9006,electron_loss,ionization,1.0
edge_10952,ETFE,node_1770,node_9007,electron_gain,ionization,1.0
edge_10953,ETFE,node_1770,node_9008,protonation,ionization,1.0
edge_10954,ETFE,node_1770,node_9009,deprotonation,ionization,1.0
edge_10955,ETFE,node_1771,node_9010,electron_loss,ionization,1.0
edge_10956,ETFE,node_1771,node_9011,electron_gain,ionization,1.0
edge_10957,ETFE,node_1771,node_9012,protonation,ionization,1.0
edge_10958,ETFE,node_1771,node_9013,deprotonation,ionization,1.0
edge_10959,ETFE,node_1772,node_9014,electron_loss,ionization,1.0
edge_10960,ETFE,node_1772,node_9015,electron_gain,ionization,1.0
edge_10961,ETFE,node_1772,node_9016,protonation,ionization,1.0
edge_10962,ETFE,node_1772,node_9017,deprotonation,ionization,1.0
edge_10963,ETFE,node_1773,node_9018,electron_loss,ionization,1.0
edge_10964,ETFE,node_1773,node_9019,electron_gain,ionization,1.0
edge_10965,ETFE,node_1773,node_9020,protonation,ionization,1.0
edge_10966,ETFE,node_1773,node_9021,deprotonation,ionization,1.0
edge_10967,ETFE,node_1774,node_9022,electron_loss,ionization,1.0
edge_10968,ETFE,node_1774,node_9023,electron_gain,ionization,1.0
edge_10969,ETFE,node_1774,node_9024,protonation,ionization,1.0
edge_10970,ETFE,node_1774,node_9025,deprotonation,ionization,1.0
edge_10971,ETFE,node_1775,node_9026,electron_loss,ionization,1.0
edge_10972,ETFE,node_1775,node_9027,electron_gain,ionization,1.0
edge_10973,ETFE,node_1775,node_9028,protonation,ionization,1.0
edge_10974,ETFE,node_1775,node_9029,deprotonation,ionization,1.0
edge_10975,ETFE,node_1776,node_9030,electron_loss,ionization,1.0
edge_10976,ETFE,node_1776,node_9031,electron_gain,ionization,1.0
edge_10977,ETFE,node_1776,node_9032,protonation,ionization,1.0
edge_10978,ETFE,node_1777,node_9033,electron_loss,ionization,1.0
edge_10979,ETFE,node_1777,node_9034,electron_gain,ionization,1.0
edge_10980,ETFE,node_1777,node_9035,protonation,ionization,1.0
edge_10981,ETFE,node_1777,node_9036,deprotonation,ionization,1.0
edge_10982,ETFE,node_1778,node_9037,electron_loss,ionization,1.0
edge_10983,ETFE,node_1778,node_9038,electron_gain,ionization,1.0
edge_10984,ETFE,node_1778,node_9039,protonation,ionization,1.0
edge_10985,ETFE,node_1779,node_9040,electron_loss,ionization,1.0
edge_10986,ETFE,node_1779,node_9041,electron_gain,ionization,1.0
edge_10987,ETFE,node_1779,node_9042,protonation,ionization,1.0
edge_10988,ETFE,node_1779,node_9043,deprotonation,ionization,1.0
edge_10989,ETFE,node_1780,node_9044,electron_loss,ionization,1.0
edge_10990,ETFE,node_1780,node_9045,electron_gain,ionization,1.0
edge_10991,ETFE,node_1780,node_9046,protonation,ionization,1.0
edge_10992,ETFE,node_1780,node_9047,deprotonation,ionization,1.0
edge_10993,ETFE,node_1781,node_9048,electron_loss,ionization,1.0
edge_10994,ETFE,node_1781,node_9049,electron_gain,ionization,1.0
edge_10995,ETFE,node_1781,node_9050,protonation,ionization,1.0
edge_10996,ETFE,node_1781,node_9051,deprotonation,ionization,1.0
edge_10997,ETFE,node_1782,node_9052,electron_loss,ionization,1.0
edge_10998,ETFE,node_1782,node_9053,electron_gain,ionization,1.0
edge_10999,ETFE,node_1782,node_9054,protonation,ionization,1.0
edge_11000,ETFE,node_1782,node_9055,deprotonation,ionization,1.0
edge_11001,ETFE,node_1783,node_9056,electron_loss,ionization,1.0
edge_11002,ETFE,node_1783,node_9057,electron_gain,ionization,1.0
edge_11003,ETFE,node_1783,node_9058,protonation,ionization,1.0
edge_11004,ETFE,node_1783,node_9059,deprotonation,ionization,1.0
edge_11005,ETFE,node_1784,node_9060,electron_loss,ionization,1.0
edge_11006,ETFE,node_1784,node_9061,electron_gain,ionization,1.0
edge_11007,ETFE,node_1784,node_9062,protonation,ionization,1.0
edge_11008,ETFE,node_1784,node_9063,deprotonation,ionization,1.0
edge_11009,ETFE,node_1785,node_9064,electron_loss,ionization,1.0
edge_11010,ETFE,node_1785,node_9065,electron_gain,ionization,1.0
edge_11011,ETFE,node_1785,node_9066,protonation,ionization,1.0
edge_11012,ETFE,node_1785,node_9067,deprotonation,ionization,1.0
edge_11013,ETFE,node_1786,node_9068,electron_loss,ionization,1.0
edge_11014,ETFE,node_1786,node_9069,electron_gain,ionization,1.0
edge_11015,ETFE,node_1786,node_9070,protonation,ionization,1.0
edge_11016,ETFE,node_1786,node_9071,deprotonation,ionization,1.0
edge_11017,ETFE,node_1787,node_9072,electron_loss,ionization,1.0
edge_11018,ETFE,node_1787,node_9073,electron_gain,ionization,1.0
edge_11019,ETFE,node_1787,node_9074,protonation,ionization,1.0
edge_11020,ETFE,node_1787,node_9075,deprotonation,ionization,1.0
edge_11021,ETFE,node_1788,node_9076,electron_loss,ionization,1.0
edge_11022,ETFE,node_1788,node_9077,electron_gain,ionization,1.0
edge_11023,ETFE,node_1788,node_9078,protonation,ionization,1.0
edge_11024,ETFE,node_1788,node_9079,deprotonation,ionization,1.0
edge_11025,ETFE,node_1789,node_9080,electron_loss,ionization,1.0
edge_11026,ETFE,node_1789,node_9081,electron_gain,ionization,1.0
edge_11027,ETFE,node_1789,node_9082,protonation,ionization,1.0
edge_11028,ETFE,node_1789,node_9083,deprotonation,ionization,1.0
edge_11029,ETFE,node_1790,node_9084,electron_loss,ionization,1.0
edge_11030,ETFE,node_1790,node_9085,electron_gain,ionization,1.0
edge_11031,ETFE,node_1790,node_9086,protonation,ionization,1.0
edge_11032,ETFE,node_1790,node_9087,deprotonation,ionization,1.0
edge_11033,ETFE,node_1791,node_9088,electron_loss,ionization,1.0
edge_11034,ETFE,node_1791,node_9089,electron_gain,ionization,1.0
edge_11035,ETFE,node_1791,node_9090,protonation,ionization,1.0
edge_11036,ETFE,node_1791,node_9091,deprotonation,ionization,1.0
edge_11037,ETFE,node_1792,node_9092,electron_loss,ionization,1.0
edge_11038,ETFE,node_1792,node_9093,electron_gain,ionization,1.0
edge_11039,ETFE,node_1792,node_9094,protonation,ionization,1.0
edge_11040,ETFE,node_1792,node_9095,deprotonation,ionization,1.0
edge_11041,ETFE,node_1793,node_9096,electron_loss,ionization,1.0
edge_11042,ETFE,node_1793,node_9097,electron_gain,ionization,1.0
edge_11043,ETFE,node_1793,node_9098,protonation,ionization,1.0
edge_11044,ETFE,node_1793,node_9099,deprotonation,ionization,1.0
edge_11045,ETFE,node_1794,node_9100,electron_loss,ionization,1.0
edge_11046,ETFE,node_1794,node_9101,electron_gain,ionization,1.0
edge_11047,ETFE,node_1794,node_9102,protonation,ionization,1.0
edge_11048,ETFE,node_1794,node_9103,deprotonation,ionization,1.0
edge_11049,ETFE,node_1795,node_9104,electron_loss,ionization,1.0
edge_11050,ETFE,node_1795,node_9105,electron_gain,ionization,1.0
edge_11051,ETFE,node_1795,node_9106,protonation,ionization,1.0
edge_11052,ETFE,node_1795,node_9107,deprotonation,ionization,1.0
edge_11053,ETFE,node_1796,node_9108,electron_loss,ionization,1.0
edge_11054,ETFE,node_1796,node_9109,electron_gain,ionization,1.0
edge_11055,ETFE,node_1796,node_9110,protonation,ionization,1.0
edge_11056,ETFE,node_1797,node_9111,electron_loss,ionization,1.0
edge_11057,ETFE,node_1797,node_9112,electron_gain,ionization,1.0
edge_11058,ETFE,node_1797,node_9113,protonation,ionization,1.0
edge_11059,ETFE,node_1797,node_9114,deprotonation,ionization,1.0
edge_11060,ETFE,node_1798,node_9115,electron_loss,ionization,1.0
edge_11061,ETFE,node_1798,node_9116,electron_gain,ionization,1.0
edge_11062,ETFE,node_1798,node_9117,protonation,ionization,1.0
edge_11063,ETFE,node_1799,node_9118,electron_loss,ionization,1.0
edge_11064,ETFE,node_1799,node_9119,electron_gain,ionization,1.0
edge_11065,ETFE,node_1799,node_9120,protonation,ionization,1.0
edge_11066,ETFE,node_1799,node_9121,deprotonation,ionization,1.0
edge_11067,ETFE,node_1800,node_9122,electron_loss,ionization,1.0
edge_11068,ETFE,node_1800,node_9123,electron_gain,ionization,1.0
edge_11069,ETFE,node_1800,node_9124,protonation,ionization,1.0
edge_11070,ETFE,node_1800,node_9125,deprotonation,ionization,1.0
edge_11071,ETFE,node_1801,node_9126,electron_loss,ionization,1.0
edge_11072,ETFE,node_1801,node_9127,electron_gain,ionization,1.0
edge_11073,ETFE,node_1801,node_9128,protonation,ionization,1.0
edge_11074,ETFE,node_1801,node_9129,deprotonation,ionization,1.0
edge_11075,ETFE,node_1802,node_9130,electron_loss,ionization,1.0
edge_11076,ETFE,node_1802,node_9131,electron_gain,ionization,1.0
edge_11077,ETFE,node_1802,node_9132,protonation,ionization,1.0
edge_11078,ETFE,node_1802,node_9133,deprotonation,ionization,1.0
edge_11079,ETFE,node_1803,node_9134,electron_loss,ionization,1.0
edge_11080,ETFE,node_1803,node_9135,electron_gain,ionization,1.0
edge_11081,ETFE,node_1803,node_9136,protonation,ionization,1.0
edge_11082,ETFE,node_1803,node_9137,deprotonation,ionization,1.0
edge_11083,ETFE,node_1804,node_9138,electron_loss,ionization,1.0
edge_11084,ETFE,node_1804,node_9139,electron_gain,ionization,1.0
edge_11085,ETFE,node_1804,node_9140,protonation,ionization,1.0
edge_11086,ETFE,node_1804,node_9141,deprotonation,ionization,1.0
edge_11087,ETFE,node_1805,node_9142,electron_loss,ionization,1.0
edge_11088,ETFE,node_1805,node_9143,electron_gain,ionization,1.0
edge_11089,ETFE,node_1805,node_9144,protonation,ionization,1.0
edge_11090,ETFE,node_1805,node_9145,deprotonation,ionization,1.0
edge_11091,ETFE,node_1806,node_9146,electron_loss,ionization,1.0
edge_11092,ETFE,node_1806,node_9147,electron_gain,ionization,1.0
edge_11093,ETFE,node_1806,node_9148,protonation,ionization,1.0
edge_11094,ETFE,node_1806,node_9149,deprotonation,ionization,1.0
edge_11095,ETFE,node_1807,node_9150,electron_loss,ionization,1.0
edge_11096,ETFE,node_1807,node_9151,electron_gain,ionization,1.0
edge_11097,ETFE,node_1807,node_9152,protonation,ionization,1.0
edge_11098,ETFE,node_1807,node_9153,deprotonation,ionization,1.0
edge_11099,ETFE,node_1808,node_9154,electron_loss,ionization,1.0
edge_11100,ETFE,node_1808,node_9155,electron_gain,ionization,1.0
edge_11101,ETFE,node_1808,node_9156,protonation,ionization,1.0
edge_11102,ETFE,node_1808,node_9157,deprotonation,ionization,1.0
edge_11103,ETFE,node_1809,node_9158,electron_loss,ionization,1.0
edge_11104,ETFE,node_1809,node_9159,electron_gain,ionization,1.0
edge_11105,ETFE,node_1809,node_9160,protonation,ionization,1.0
edge_11106,ETFE,node_1809,node_9161,deprotonation,ionization,1.0
edge_11107,ETFE,node_1810,node_9162,electron_loss,ionization,1.0
edge_11108,ETFE,node_1810,node_9163,electron_gain,ionization,1.0
edge_11109,ETFE,node_1810,node_9164,protonation,ionization,1.0
edge_11110,ETFE,node_1810,node_9165,deprotonation,ionization,1.0
edge_11111,ETFE,node_1811,node_9166,electron_loss,ionization,1.0
edge_11112,ETFE,node_1811,node_9167,electron_gain,ionization,1.0
edge_11113,ETFE,node_1811,node_9168,protonation,ionization,1.0
edge_11114,ETFE,node_1811,node_9169,deprotonation,ionization,1.0
edge_11115,ETFE,node_1812,node_9170,electron_loss,ionization,1.0
edge_11116,ETFE,node_1812,node_9171,electron_gain,ionization,1.0
edge_11117,ETFE,node_1812,node_9172,protonation,ionization,1.0
edge_11118,ETFE,node_1812,node_9173,deprotonation,ionization,1.0
edge_11119,ETFE,node_1813,node_9174,electron_loss,ionization,1.0
edge_11120,ETFE,node_1813,node_9175,electron_gain,ionization,1.0
edge_11121,ETFE,node_1813,node_9176,protonation,ionization,1.0
edge_11122,ETFE,node_1813,node_9177,deprotonation,ionization,1.0
edge_11123,ETFE,node_1814,node_9178,electron_loss,ionization,1.0
edge_11124,ETFE,node_1814,node_9179,electron_gain,ionization,1.0
edge_11125,ETFE,node_1814,node_9180,protonation,ionization,1.0
edge_11126,ETFE,node_1815,node_9181,electron_loss,ionization,1.0
edge_11127,ETFE,node_1815,node_9182,electron_gain,ionization,1.0
edge_11128,ETFE,node_1815,node_9183,protonation,ionization,1.0
edge_11129,ETFE,node_1815,node_9184,deprotonation,ionization,1.0
edge_11130,ETFE,node_1816,node_9185,electron_loss,ionization,1.0
edge_11131,ETFE,node_1816,node_9186,electron_gain,ionization,1.0
edge_11132,ETFE,node_1816,node_9187,protonation,ionization,1.0
edge_11133,ETFE,node_1817,node_9188,electron_loss,ionization,1.0
edge_11134,ETFE,node_1817,node_9189,electron_gain,ionization,1.0
edge_11135,ETFE,node_1817,node_9190,protonation,ionization,1.0
edge_11136,ETFE,node_1817,node_9191,deprotonation,ionization,1.0
edge_11137,ETFE,node_1818,node_9192,electron_loss,ionization,1.0
edge_11138,ETFE,node_1818,node_9193,electron_gain,ionization,1.0
edge_11139,ETFE,node_1818,node_9194,protonation,ionization,1.0
edge_11140,ETFE,node_1818,node_9195,deprotonation,ionization,1.0
edge_11141,ETFE,node_1819,node_9196,electron_loss,ionization,1.0
edge_11142,ETFE,node_1819,node_9197,electron_gain,ionization,1.0
edge_11143,ETFE,node_1819,node_9198,protonation,ionization,1.0
edge_11144,ETFE,node_1819,node_9199,deprotonation,ionization,1.0
edge_11145,ETFE,node_1820,node_9200,electron_loss,ionization,1.0
edge_11146,ETFE,node_1820,node_9201,electron_gain,ionization,1.0
edge_11147,ETFE,node_1820,node_9202,protonation,ionization,1.0
edge_11148,ETFE,node_1820,node_9203,deprotonation,ionization,1.0
edge_11149,ETFE,node_1821,node_9204,electron_loss,ionization,1.0
edge_11150,ETFE,node_1821,node_9205,electron_gain,ionization,1.0
edge_11151,ETFE,node_1821,node_9206,protonation,ionization,1.0
edge_11152,ETFE,node_1821,node_9207,deprotonation,ionization,1.0
edge_11153,ETFE,node_1822,node_9208,electron_loss,ionization,1.0
edge_11154,ETFE,node_1822,node_9209,electron_gain,ionization,1.0
edge_11155,ETFE,node_1822,node_9210,protonation,ionization,1.0
edge_11156,ETFE,node_1822,node_9211,deprotonation,ionization,1.0
edge_11157,ETFE,node_1823,node_9212,electron_loss,ionization,1.0
edge_11158,ETFE,node_1823,node_9213,electron_gain,ionization,1.0
edge_11159,ETFE,node_1823,node_9214,protonation,ionization,1.0
edge_11160,ETFE,node_1823,node_9215,deprotonation,ionization,1.0
edge_11161,ETFE,node_1824,node_9216,electron_loss,ionization,1.0
edge_11162,ETFE,node_1824,node_9217,electron_gain,ionization,1.0
edge_11163,ETFE,node_1824,node_9218,protonation,ionization,1.0
edge_11164,ETFE,node_1824,node_9219,deprotonation,ionization,1.0
edge_11165,ETFE,node_1825,node_9220,electron_loss,ionization,1.0
edge_11166,ETFE,node_1825,node_9221,electron_gain,ionization,1.0
edge_11167,ETFE,node_1825,node_9222,protonation,ionization,1.0
edge_11168,ETFE,node_1825,node_9223,deprotonation,ionization,1.0
edge_11169,ETFE,node_1826,node_9224,electron_loss,ionization,1.0
edge_11170,ETFE,node_1826,node_9225,electron_gain,ionization,1.0
edge_11171,ETFE,node_1826,node_9226,protonation,ionization,1.0
edge_11172,ETFE,node_1826,node_9227,deprotonation,ionization,1.0
edge_11173,ETFE,node_1827,node_9228,electron_loss,ionization,1.0
edge_11174,ETFE,node_1827,node_9229,electron_gain,ionization,1.0
edge_11175,ETFE,node_1827,node_9230,protonation,ionization,1.0
edge_11176,ETFE,node_1827,node_9231,deprotonation,ionization,1.0
edge_11177,ETFE,node_1828,node_9232,electron_loss,ionization,1.0
edge_11178,ETFE,node_1828,node_9233,electron_gain,ionization,1.0
edge_11179,ETFE,node_1828,node_9234,protonation,ionization,1.0
edge_11180,ETFE,node_1828,node_9235,deprotonation,ionization,1.0
edge_11181,ETFE,node_1829,node_9236,electron_loss,ionization,1.0
edge_11182,ETFE,node_1829,node_9237,electron_gain,ionization,1.0
edge_11183,ETFE,node_1829,node_9238,protonation,ionization,1.0
edge_11184,ETFE,node_1829,node_9239,deprotonation,ionization,1.0
edge_11185,ETFE,node_1830,node_9240,electron_loss,ionization,1.0
edge_11186,ETFE,node_1830,node_9241,electron_gain,ionization,1.0
edge_11187,ETFE,node_1830,node_9242,protonation,ionization,1.0
edge_11188,ETFE,node_1830,node_9243,deprotonation,ionization,1.0
edge_11189,ETFE,node_1831,node_9244,electron_loss,ionization,1.0
edge_11190,ETFE,node_1831,node_9245,electron_gain,ionization,1.0
edge_11191,ETFE,node_1831,node_9246,protonation,ionization,1.0
edge_11192,ETFE,node_1831,node_9247,deprotonation,ionization,1.0
edge_11193,ETFE,node_1832,node_9248,electron_loss,ionization,1.0
edge_11194,ETFE,node_1832,node_9249,electron_gain,ionization,1.0
edge_11195,ETFE,node_1832,node_9250,protonation,ionization,1.0
edge_11196,ETFE,node_1832,node_9251,deprotonation,ionization,1.0
edge_11197,ETFE,node_1833,node_9252,electron_loss,ionization,1.0
edge_11198,ETFE,node_1833,node_9253,electron_gain,ionization,1.0
edge_11199,ETFE,node_1833,node_9254,protonation,ionization,1.0
edge_11200,ETFE,node_1833,node_9255,deprotonation,ionization,1.0
edge_11201,ETFE,node_1834,node_9256,electron_loss,ionization,1.0
edge_11202,ETFE,node_1834,node_9257,electron_gain,ionization,1.0
edge_11203,ETFE,node_1834,node_9258,protonation,ionization,1.0
edge_11204,ETFE,node_1834,node_9259,deprotonation,ionization,1.0
edge_11205,ETFE,node_1835,node_9260,electron_loss,ionization,1.0
edge_11206,ETFE,node_1835,node_9261,electron_gain,ionization,1.0
edge_11207,ETFE,node_1835,node_9262,protonation,ionization,1.0
edge_11208,ETFE,node_1835,node_9263,deprotonation,ionization,1.0
edge_11209,ETFE,node_1836,node_9264,electron_loss,ionization,1.0
edge_11210,ETFE,node_1836,node_9265,electron_gain,ionization,1.0
edge_11211,ETFE,node_1836,node_9266,protonation,ionization,1.0
edge_11212,ETFE,node_1836,node_9267,deprotonation,ionization,1.0
edge_11213,ETFE,node_1837,node_9268,electron_loss,ionization,1.0
edge_11214,ETFE,node_1837,node_9269,electron_gain,ionization,1.0
edge_11215,ETFE,node_1837,node_9270,protonation,ionization,1.0
edge_11216,ETFE,node_1837,node_9271,deprotonation,ionization,1.0
edge_11217,ETFE,node_1838,node_9272,electron_loss,ionization,1.0
edge_11218,ETFE,node_1838,node_9273,electron_gain,ionization,1.0
edge_11219,ETFE,node_1838,node_9274,protonation,ionization,1.0
edge_11220,ETFE,node_1838,node_9275,deprotonation,ionization,1.0
edge_11221,ETFE,node_1839,node_9276,electron_loss,ionization,1.0
edge_11222,ETFE,node_1839,node_9277,electron_gain,ionization,1.0
edge_11223,ETFE,node_1839,node_9278,protonation,ionization,1.0
edge_11224,ETFE,node_1839,node_9279,deprotonation,ionization,1.0
edge_11225,ETFE,node_1840,node_9280,electron_loss,ionization,1.0
edge_11226,ETFE,node_1840,node_9281,electron_gain,ionization,1.0
edge_11227,ETFE,node_1840,node_9282,protonation,ionization,1.0
edge_11228,ETFE,node_1840,node_9283,deprotonation,ionization,1.0
edge_11229,ETFE,node_1841,node_9284,electron_loss,ionization,1.0
edge_11230,ETFE,node_1841,node_9285,electron_gain,ionization,1.0
edge_11231,ETFE,node_1841,node_9286,protonation,ionization,1.0
edge_11232,ETFE,node_1841,node_9287,deprotonation,ionization,1.0
edge_11233,ETFE,node_1842,node_9288,electron_loss,ionization,1.0
edge_11234,ETFE,node_1842,node_9289,electron_gain,ionization,1.0
edge_11235,ETFE,node_1842,node_9290,protonation,ionization,1.0
edge_11236,ETFE,node_1842,node_9291,deprotonation,ionization,1.0
edge_11237,ETFE,node_1843,node_9292,electron_loss,ionization,1.0
edge_11238,ETFE,node_1843,node_9293,electron_gain,ionization,1.0
edge_11239,ETFE,node_1843,node_9294,protonation,ionization,1.0
edge_11240,ETFE,node_1843,node_9295,deprotonation,ionization,1.0
edge_11241,ETFE,node_1844,node_9296,electron_loss,ionization,1.0
edge_11242,ETFE,node_1844,node_9297,electron_gain,ionization,1.0
edge_11243,ETFE,node_1844,node_9298,protonation,ionization,1.0
edge_11244,ETFE,node_1845,node_9299,electron_loss,ionization,1.0
edge_11245,ETFE,node_1845,node_9300,electron_gain,ionization,1.0
edge_11246,ETFE,node_1845,node_9301,protonation,ionization,1.0
edge_11247,ETFE,node_1845,node_9302,deprotonation,ionization,1.0
edge_11248,ETFE,node_1846,node_9303,electron_loss,ionization,1.0
edge_11249,ETFE,node_1846,node_9304,electron_gain,ionization,1.0
edge_11250,ETFE,node_1846,node_9305,protonation,ionization,1.0
edge_11251,ETFE,node_1846,node_9306,deprotonation,ionization,1.0
edge_11252,ETFE,node_1847,node_9307,electron_loss,ionization,1.0
edge_11253,ETFE,node_1847,node_9308,electron_gain,ionization,1.0
edge_11254,ETFE,node_1847,node_9309,protonation,ionization,1.0
edge_11255,ETFE,node_1847,node_9310,deprotonation,ionization,1.0
edge_11256,ETFE,node_1848,node_9311,electron_loss,ionization,1.0
edge_11257,ETFE,node_1848,node_9312,electron_gain,ionization,1.0
edge_11258,ETFE,node_1848,node_9313,protonation,ionization,1.0
edge_11259,ETFE,node_1848,node_9314,deprotonation,ionization,1.0
edge_11260,ETFE,node_1849,node_9315,electron_loss,ionization,1.0
edge_11261,ETFE,node_1849,node_9316,electron_gain,ionization,1.0
edge_11262,ETFE,node_1849,node_9317,protonation,ionization,1.0
edge_11263,ETFE,node_1849,node_9318,deprotonation,ionization,1.0
edge_11264,ETFE,node_1850,node_9319,electron_loss,ionization,1.0
edge_11265,ETFE,node_1850,node_9320,electron_gain,ionization,1.0
edge_11266,ETFE,node_1850,node_9321,protonation,ionization,1.0
edge_11267,ETFE,node_1850,node_9322,deprotonation,ionization,1.0
edge_11268,ETFE,node_1851,node_9323,electron_loss,ionization,1.0
edge_11269,ETFE,node_1851,node_9324,electron_gain,ionization,1.0
edge_11270,ETFE,node_1851,node_9325,protonation,ionization,1.0
edge_11271,ETFE,node_1851,node_9326,deprotonation,ionization,1.0
edge_11272,ETFE,node_1852,node_9327,electron_loss,ionization,1.0
edge_11273,ETFE,node_1852,node_9328,electron_gain,ionization,1.0
edge_11274,ETFE,node_1852,node_9329,protonation,ionization,1.0
edge_11275,ETFE,node_1852,node_9330,deprotonation,ionization,1.0
edge_11276,ETFE,node_1853,node_9331,electron_loss,ionization,1.0
edge_11277,ETFE,node_1853,node_9332,electron_gain,ionization,1.0
edge_11278,ETFE,node_1853,node_9333,protonation,ionization,1.0
edge_11279,ETFE,node_1853,node_9334,deprotonation,ionization,1.0
edge_11280,ETFE,node_1854,node_9335,electron_loss,ionization,1.0
edge_11281,ETFE,node_1854,node_9336,electron_gain,ionization,1.0
edge_11282,ETFE,node_1854,node_9337,protonation,ionization,1.0
edge_11283,ETFE,node_1854,node_9338,deprotonation,ionization,1.0
edge_11284,ETFE,node_1855,node_9339,electron_loss,ionization,1.0
edge_11285,ETFE,node_1855,node_9340,electron_gain,ionization,1.0
edge_11286,ETFE,node_1855,node_9341,protonation,ionization,1.0
edge_11287,ETFE,node_1855,node_9342,deprotonation,ionization,1.0
edge_11288,ETFE,node_1856,node_9343,electron_loss,ionization,1.0
edge_11289,ETFE,node_1856,node_9344,electron_gain,ionization,1.0
edge_11290,ETFE,node_1856,node_9345,protonation,ionization,1.0
edge_11291,ETFE,node_1856,node_9346,deprotonation,ionization,1.0
edge_11292,ETFE,node_1857,node_9347,electron_loss,ionization,1.0
edge_11293,ETFE,node_1857,node_9348,electron_gain,ionization,1.0
edge_11294,ETFE,node_1857,node_9349,protonation,ionization,1.0
edge_11295,ETFE,node_1857,node_9350,deprotonation,ionization,1.0
edge_11296,ETFE,node_1858,node_9351,electron_loss,ionization,1.0
edge_11297,ETFE,node_1858,node_9352,electron_gain,ionization,1.0
edge_11298,ETFE,node_1858,node_9353,protonation,ionization,1.0
edge_11299,ETFE,node_1858,node_9354,deprotonation,ionization,1.0
edge_11300,ETFE,node_1859,node_9355,electron_loss,ionization,1.0
edge_11301,ETFE,node_1859,node_9356,electron_gain,ionization,1.0
edge_11302,ETFE,node_1859,node_9357,protonation,ionization,1.0
edge_11303,ETFE,node_1859,node_9358,deprotonation,ionization,1.0
edge_11304,ETFE,node_1860,node_9359,electron_loss,ionization,1.0
edge_11305,ETFE,node_1860,node_9360,electron_gain,ionization,1.0
edge_11306,ETFE,node_1860,node_9361,protonation,ionization,1.0
edge_11307,ETFE,node_1861,node_9362,electron_loss,ionization,1.0
edge_11308,ETFE,node_1861,node_9363,electron_gain,ionization,1.0
edge_11309,ETFE,node_1861,node_9364,protonation,ionization,1.0
edge_11310,ETFE,node_1861,node_9365,deprotonation,ionization,1.0
edge_11311,ETFE,node_1862,node_9366,electron_loss,ionization,1.0
edge_11312,ETFE,node_1862,node_9367,electron_gain,ionization,1.0
edge_11313,ETFE,node_1862,node_9368,protonation,ionization,1.0
edge_11314,ETFE,node_1863,node_9369,electron_loss,ionization,1.0
edge_11315,ETFE,node_1863,node_9370,electron_gain,ionization,1.0
edge_11316,ETFE,node_1863,node_9371,protonation,ionization,1.0
edge_11317,ETFE,node_1863,node_9372,deprotonation,ionization,1.0
edge_11318,ETFE,node_1864,node_9373,electron_loss,ionization,1.0
edge_11319,ETFE,node_1864,node_9374,electron_gain,ionization,1.0
edge_11320,ETFE,node_1864,node_9375,protonation,ionization,1.0
edge_11321,ETFE,node_1864,node_9376,deprotonation,ionization,1.0
edge_11322,ETFE,node_1865,node_9377,electron_loss,ionization,1.0
edge_11323,ETFE,node_1865,node_9378,electron_gain,ionization,1.0
edge_11324,ETFE,node_1865,node_9379,protonation,ionization,1.0
edge_11325,ETFE,node_1865,node_9380,deprotonation,ionization,1.0
edge_11326,ETFE,node_1866,node_9381,electron_loss,ionization,1.0
edge_11327,ETFE,node_1866,node_9382,electron_gain,ionization,1.0
edge_11328,ETFE,node_1866,node_9383,protonation,ionization,1.0
edge_11329,ETFE,node_1866,node_9384,deprotonation,ionization,1.0
edge_11330,ETFE,node_1867,node_9385,electron_loss,ionization,1.0
edge_11331,ETFE,node_1867,node_9386,electron_gain,ionization,1.0
edge_11332,ETFE,node_1867,node_9387,protonation,ionization,1.0
edge_11333,ETFE,node_1867,node_9388,deprotonation,ionization,1.0
edge_11334,ETFE,node_1868,node_9389,electron_loss,ionization,1.0
edge_11335,ETFE,node_1868,node_9390,electron_gain,ionization,1.0
edge_11336,ETFE,node_1868,node_9391,protonation,ionization,1.0
edge_11337,ETFE,node_1868,node_9392,deprotonation,ionization,1.0
edge_11338,ETFE,node_1869,node_9393,electron_loss,ionization,1.0
edge_11339,ETFE,node_1869,node_9394,electron_gain,ionization,1.0
edge_11340,ETFE,node_1869,node_9395,protonation,ionization,1.0
edge_11341,ETFE,node_1869,node_9396,deprotonation,ionization,1.0
edge_11342,ETFE,node_1870,node_9397,electron_loss,ionization,1.0
edge_11343,ETFE,node_1870,node_9398,electron_gain,ionization,1.0
edge_11344,ETFE,node_1870,node_9399,protonation,ionization,1.0
edge_11345,ETFE,node_1870,node_9400,deprotonation,ionization,1.0
edge_11346,ETFE,node_1871,node_9401,electron_loss,ionization,1.0
edge_11347,ETFE,node_1871,node_9402,electron_gain,ionization,1.0
edge_11348,ETFE,node_1871,node_9403,protonation,ionization,1.0
edge_11349,ETFE,node_1871,node_9404,deprotonation,ionization,1.0
edge_11350,ETFE,node_1872,node_9405,electron_loss,ionization,1.0
edge_11351,ETFE,node_1872,node_9406,electron_gain,ionization,1.0
edge_11352,ETFE,node_1872,node_9407,protonation,ionization,1.0
edge_11353,ETFE,node_1872,node_9408,deprotonation,ionization,1.0
edge_11354,ETFE,node_1873,node_9409,electron_loss,ionization,1.0
edge_11355,ETFE,node_1873,node_9410,electron_gain,ionization,1.0
edge_11356,ETFE,node_1873,node_9411,protonation,ionization,1.0
edge_11357,ETFE,node_1873,node_9412,deprotonation,ionization,1.0
edge_11358,ETFE,node_1874,node_9413,electron_loss,ionization,1.0
edge_11359,ETFE,node_1874,node_9414,electron_gain,ionization,1.0
edge_11360,ETFE,node_1874,node_9415,protonation,ionization,1.0
edge_11361,ETFE,node_1874,node_9416,deprotonation,ionization,1.0
edge_11362,ETFE,node_1875,node_9417,electron_loss,ionization,1.0
edge_11363,ETFE,node_1875,node_9418,electron_gain,ionization,1.0
edge_11364,ETFE,node_1875,node_9419,protonation,ionization,1.0
edge_11365,ETFE,node_1875,node_9420,deprotonation,ionization,1.0
edge_11366,ETFE,node_1876,node_9421,electron_loss,ionization,1.0
edge_11367,ETFE,node_1876,node_9422,electron_gain,ionization,1.0
edge_11368,ETFE,node_1876,node_9423,protonation,ionization,1.0
edge_11369,ETFE,node_1876,node_9424,deprotonation,ionization,1.0
edge_11370,ETFE,node_1877,node_9425,electron_loss,ionization,1.0
edge_11371,ETFE,node_1877,node_9426,electron_gain,ionization,1.0
edge_11372,ETFE,node_1877,node_9427,protonation,ionization,1.0
edge_11373,ETFE,node_1877,node_9428,deprotonation,ionization,1.0
edge_11374,ETFE,node_1878,node_9429,electron_loss,ionization,1.0
edge_11375,ETFE,node_1878,node_9430,electron_gain,ionization,1.0
edge_11376,ETFE,node_1878,node_9431,protonation,ionization,1.0
edge_11377,ETFE,node_1878,node_9432,deprotonation,ionization,1.0
edge_11378,ETFE,node_1879,node_9433,electron_loss,ionization,1.0
edge_11379,ETFE,node_1879,node_9434,electron_gain,ionization,1.0
edge_11380,ETFE,node_1879,node_9435,protonation,ionization,1.0
edge_11381,ETFE,node_1879,node_9436,deprotonation,ionization,1.0
edge_11382,ETFE,node_1880,node_9437,electron_loss,ionization,1.0
edge_11383,ETFE,node_1880,node_9438,electron_gain,ionization,1.0
edge_11384,ETFE,node_1880,node_9439,protonation,ionization,1.0
edge_11385,ETFE,node_1880,node_9440,deprotonation,ionization,1.0
edge_11386,ETFE,node_1881,node_9441,electron_loss,ionization,1.0
edge_11387,ETFE,node_1881,node_9442,electron_gain,ionization,1.0
edge_11388,ETFE,node_1881,node_9443,protonation,ionization,1.0
edge_11389,ETFE,node_1881,node_9444,deprotonation,ionization,1.0
edge_11390,ETFE,node_1882,node_9445,electron_loss,ionization,1.0
edge_11391,ETFE,node_1882,node_9446,electron_gain,ionization,1.0
edge_11392,ETFE,node_1882,node_9447,protonation,ionization,1.0
edge_11393,ETFE,node_1882,node_9448,deprotonation,ionization,1.0
edge_11394,ETFE,node_1883,node_9449,electron_loss,ionization,1.0
edge_11395,ETFE,node_1883,node_9450,electron_gain,ionization,1.0
edge_11396,ETFE,node_1883,node_9451,protonation,ionization,1.0
edge_11397,ETFE,node_1883,node_9452,deprotonation,ionization,1.0
edge_11398,ETFE,node_1884,node_9453,electron_loss,ionization,1.0
edge_11399,ETFE,node_1884,node_9454,electron_gain,ionization,1.0
edge_11400,ETFE,node_1884,node_9455,protonation,ionization,1.0
edge_11401,ETFE,node_1884,node_9456,deprotonation,ionization,1.0
edge_11402,ETFE,node_1885,node_9457,electron_loss,ionization,1.0
edge_11403,ETFE,node_1885,node_9458,electron_gain,ionization,1.0
edge_11404,ETFE,node_1885,node_9459,protonation,ionization,1.0
edge_11405,ETFE,node_1885,node_9460,deprotonation,ionization,1.0
edge_11406,ETFE,node_1886,node_9461,electron_loss,ionization,1.0
edge_11407,ETFE,node_1886,node_9462,electron_gain,ionization,1.0
edge_11408,ETFE,node_1886,node_9463,protonation,ionization,1.0
edge_11409,ETFE,node_1886,node_9464,deprotonation,ionization,1.0
edge_11410,ETFE,node_1887,node_9465,electron_loss,ionization,1.0
edge_11411,ETFE,node_1887,node_9466,electron_gain,ionization,1.0
edge_11412,ETFE,node_1887,node_9467,protonation,ionization,1.0
edge_11413,ETFE,node_1887,node_9468,deprotonation,ionization,1.0
edge_11414,ETFE,node_1888,node_9469,electron_loss,ionization,1.0
edge_11415,ETFE,node_1888,node_9470,electron_gain,ionization,1.0
edge_11416,ETFE,node_1888,node_9471,protonation,ionization,1.0
edge_11417,ETFE,node_1888,node_9472,deprotonation,ionization,1.0
edge_11418,ETFE,node_1889,node_9473,electron_loss,ionization,1.0
edge_11419,ETFE,node_1889,node_9474,electron_gain,ionization,1.0
edge_11420,ETFE,node_1889,node_9475,protonation,ionization,1.0
edge_11421,ETFE,node_1889,node_9476,deprotonation,ionization,1.0
edge_11422,ETFE,node_1890,node_9477,electron_loss,ionization,1.0
edge_11423,ETFE,node_1890,node_9478,electron_gain,ionization,1.0
edge_11424,ETFE,node_1890,node_9479,protonation,ionization,1.0
edge_11425,ETFE,node_1890,node_9480,deprotonation,ionization,1.0
edge_11426,ETFE,node_1891,node_9481,electron_loss,ionization,1.0
edge_11427,ETFE,node_1891,node_9482,electron_gain,ionization,1.0
edge_11428,ETFE,node_1891,node_9483,protonation,ionization,1.0
edge_11429,ETFE,node_1892,node_9484,electron_loss,ionization,1.0
edge_11430,ETFE,node_1892,node_9485,electron_gain,ionization,1.0
edge_11431,ETFE,node_1892,node_9486,protonation,ionization,1.0
edge_11432,ETFE,node_1892,node_9487,deprotonation,ionization,1.0
edge_11433,ETFE,node_1893,node_9488,electron_loss,ionization,1.0
edge_11434,ETFE,node_1893,node_9489,electron_gain,ionization,1.0
edge_11435,ETFE,node_1893,node_9490,protonation,ionization,1.0
edge_11436,ETFE,node_1894,node_9491,electron_loss,ionization,1.0
edge_11437,ETFE,node_1894,node_9492,electron_gain,ionization,1.0
edge_11438,ETFE,node_1894,node_9493,protonation,ionization,1.0
edge_11439,ETFE,node_1894,node_9494,deprotonation,ionization,1.0
edge_11440,ETFE,node_1895,node_9495,electron_loss,ionization,1.0
edge_11441,ETFE,node_1895,node_9496,electron_gain,ionization,1.0
edge_11442,ETFE,node_1895,node_9497,protonation,ionization,1.0
edge_11443,ETFE,node_1895,node_9498,deprotonation,ionization,1.0
edge_11444,ETFE,node_1896,node_9499,electron_loss,ionization,1.0
edge_11445,ETFE,node_1896,node_9500,electron_gain,ionization,1.0
edge_11446,ETFE,node_1896,node_9501,protonation,ionization,1.0
edge_11447,ETFE,node_1896,node_9502,deprotonation,ionization,1.0
edge_11448,ETFE,node_1897,node_9503,electron_loss,ionization,1.0
edge_11449,ETFE,node_1897,node_9504,electron_gain,ionization,1.0
edge_11450,ETFE,node_1897,node_9505,protonation,ionization,1.0
edge_11451,ETFE,node_1897,node_9506,deprotonation,ionization,1.0
edge_11452,ETFE,node_1898,node_9507,electron_loss,ionization,1.0
edge_11453,ETFE,node_1898,node_9508,electron_gain,ionization,1.0
edge_11454,ETFE,node_1898,node_9509,protonation,ionization,1.0
edge_11455,ETFE,node_1898,node_9510,deprotonation,ionization,1.0
edge_11456,ETFE,node_1899,node_9511,electron_loss,ionization,1.0
edge_11457,ETFE,node_1899,node_9512,electron_gain,ionization,1.0
edge_11458,ETFE,node_1899,node_9513,protonation,ionization,1.0
edge_11459,ETFE,node_1899,node_9514,deprotonation,ionization,1.0
edge_11460,ETFE,node_1900,node_9515,electron_loss,ionization,1.0
edge_11461,ETFE,node_1900,node_9516,electron_gain,ionization,1.0
edge_11462,ETFE,node_1900,node_9517,protonation,ionization,1.0
edge_11463,ETFE,node_1900,node_9518,deprotonation,ionization,1.0
edge_11464,ETFE,node_1901,node_9519,electron_loss,ionization,1.0
edge_11465,ETFE,node_1901,node_9520,electron_gain,ionization,1.0
edge_11466,ETFE,node_1901,node_9521,protonation,ionization,1.0
edge_11467,ETFE,node_1901,node_9522,deprotonation,ionization,1.0
edge_11468,ETFE,node_1902,node_9523,electron_loss,ionization,1.0
edge_11469,ETFE,node_1902,node_9524,electron_gain,ionization,1.0
edge_11470,ETFE,node_1902,node_9525,protonation,ionization,1.0
edge_11471,ETFE,node_1902,node_9526,deprotonation,ionization,1.0
edge_11472,ETFE,node_1903,node_9527,electron_loss,ionization,1.0
edge_11473,ETFE,node_1903,node_9528,electron_gain,ionization,1.0
edge_11474,ETFE,node_1903,node_9529,protonation,ionization,1.0
edge_11475,ETFE,node_1903,node_9530,deprotonation,ionization,1.0
edge_11476,ETFE,node_1904,node_9531,electron_loss,ionization,1.0
edge_11477,ETFE,node_1904,node_9532,electron_gain,ionization,1.0
edge_11478,ETFE,node_1904,node_9533,protonation,ionization,1.0
edge_11479,ETFE,node_1904,node_9534,deprotonation,ionization,1.0
edge_11480,ETFE,node_1905,node_9535,electron_loss,ionization,1.0
edge_11481,ETFE,node_1905,node_9536,electron_gain,ionization,1.0
edge_11482,ETFE,node_1905,node_9537,protonation,ionization,1.0
edge_11483,ETFE,node_1905,node_9538,deprotonation,ionization,1.0
edge_11484,ETFE,node_1906,node_9539,electron_loss,ionization,1.0
edge_11485,ETFE,node_1906,node_9540,electron_gain,ionization,1.0
edge_11486,ETFE,node_1906,node_9541,protonation,ionization,1.0
edge_11487,ETFE,node_1906,node_9542,deprotonation,ionization,1.0
edge_11488,ETFE,node_1907,node_9543,electron_loss,ionization,1.0
edge_11489,ETFE,node_1907,node_9544,electron_gain,ionization,1.0
edge_11490,ETFE,node_1907,node_9545,protonation,ionization,1.0
edge_11491,ETFE,node_1907,node_9546,deprotonation,ionization,1.0
edge_11492,ETFE,node_1908,node_9547,electron_loss,ionization,1.0
edge_11493,ETFE,node_1908,node_9548,electron_gain,ionization,1.0
edge_11494,ETFE,node_1908,node_9549,protonation,ionization,1.0
edge_11495,ETFE,node_1908,node_9550,deprotonation,ionization,1.0
edge_11496,ETFE,node_1909,node_9551,electron_loss,ionization,1.0
edge_11497,ETFE,node_1909,node_9552,electron_gain,ionization,1.0
edge_11498,ETFE,node_1909,node_9553,protonation,ionization,1.0
edge_11499,ETFE,node_1909,node_9554,deprotonation,ionization,1.0
edge_11500,ETFE,node_1910,node_9555,electron_loss,ionization,1.0
edge_11501,ETFE,node_1910,node_9556,electron_gain,ionization,1.0
edge_11502,ETFE,node_1910,node_9557,protonation,ionization,1.0
edge_11503,ETFE,node_1910,node_9558,deprotonation,ionization,1.0
edge_11504,ETFE,node_1911,node_9559,electron_loss,ionization,1.0
edge_11505,ETFE,node_1911,node_9560,electron_gain,ionization,1.0
edge_11506,ETFE,node_1911,node_9561,protonation,ionization,1.0
edge_11507,ETFE,node_1911,node_9562,deprotonation,ionization,1.0
edge_11508,ETFE,node_1912,node_9563,electron_loss,ionization,1.0
edge_11509,ETFE,node_1912,node_9564,electron_gain,ionization,1.0
edge_11510,ETFE,node_1912,node_9565,protonation,ionization,1.0
edge_11511,ETFE,node_1912,node_9566,deprotonation,ionization,1.0
edge_11512,ETFE,node_1913,node_9567,electron_loss,ionization,1.0
edge_11513,ETFE,node_1913,node_9568,electron_gain,ionization,1.0
edge_11514,ETFE,node_1913,node_9569,protonation,ionization,1.0
edge_11515,ETFE,node_1913,node_9570,deprotonation,ionization,1.0
edge_11516,ETFE,node_1914,node_9571,electron_loss,ionization,1.0
edge_11517,ETFE,node_1914,node_9572,electron_gain,ionization,1.0
edge_11518,ETFE,node_1914,node_9573,protonation,ionization,1.0
edge_11519,ETFE,node_1914,node_9574,deprotonation,ionization,1.0
edge_11520,ETFE,node_1915,node_9575,electron_loss,ionization,1.0
edge_11521,ETFE,node_1915,node_9576,electron_gain,ionization,1.0
edge_11522,ETFE,node_1915,node_9577,protonation,ionization,1.0
edge_11523,ETFE,node_1915,node_9578,deprotonation,ionization,1.0
edge_11524,ETFE,node_1916,node_9579,electron_loss,ionization,1.0
edge_11525,ETFE,node_1916,node_9580,electron_gain,ionization,1.0
edge_11526,ETFE,node_1916,node_9581,protonation,ionization,1.0
edge_11527,ETFE,node_1916,node_9582,deprotonation,ionization,1.0
edge_11528,ETFE,node_1917,node_9583,electron_loss,ionization,1.0
edge_11529,ETFE,node_1917,node_9584,electron_gain,ionization,1.0
edge_11530,ETFE,node_1917,node_9585,protonation,ionization,1.0
edge_11531,ETFE,node_1917,node_9586,deprotonation,ionization,1.0
edge_11532,ETFE,node_1918,node_9587,electron_loss,ionization,1.0
edge_11533,ETFE,node_1918,node_9588,electron_gain,ionization,1.0
edge_11534,ETFE,node_1918,node_9589,protonation,ionization,1.0
edge_11535,ETFE,node_1918,node_9590,deprotonation,ionization,1.0
edge_11536,ETFE,node_1919,node_9591,electron_loss,ionization,1.0
edge_11537,ETFE,node_1919,node_9592,electron_gain,ionization,1.0
edge_11538,ETFE,node_1919,node_9593,protonation,ionization,1.0
edge_11539,ETFE,node_1919,node_9594,deprotonation,ionization,1.0
edge_11540,ETFE,node_1920,node_9595,electron_loss,ionization,1.0
edge_11541,ETFE,node_1920,node_9596,electron_gain,ionization,1.0
edge_11542,ETFE,node_1920,node_9597,protonation,ionization,1.0
edge_11543,ETFE,node_1920,node_9598,deprotonation,ionization,1.0
edge_11544,ETFE,node_1921,node_9599,electron_loss,ionization,1.0
edge_11545,ETFE,node_1921,node_9600,electron_gain,ionization,1.0
edge_11546,ETFE,node_1921,node_9601,protonation,ionization,1.0
edge_11547,ETFE,node_1921,node_9602,deprotonation,ionization,1.0
edge_11548,ETFE,node_1922,node_9603,electron_loss,ionization,1.0
edge_11549,ETFE,node_1922,node_9604,electron_gain,ionization,1.0
edge_11550,ETFE,node_1922,node_9605,protonation,ionization,1.0
edge_11551,ETFE,node_1922,node_9606,deprotonation,ionization,1.0
edge_11552,ETFE,node_1923,node_9607,electron_loss,ionization,1.0
edge_11553,ETFE,node_1923,node_9608,electron_gain,ionization,1.0
edge_11554,ETFE,node_1923,node_9609,protonation,ionization,1.0
edge_11555,ETFE,node_1923,node_9610,deprotonation,ionization,1.0
edge_11556,ETFE,node_1924,node_9611,electron_loss,ionization,1.0
edge_11557,ETFE,node_1924,node_9612,electron_gain,ionization,1.0
edge_11558,ETFE,node_1924,node_9613,protonation,ionization,1.0
edge_11559,ETFE,node_1924,node_9614,deprotonation,ionization,1.0
edge_11560,ETFE,node_1925,node_9615,electron_loss,ionization,1.0
edge_11561,ETFE,node_1925,node_9616,electron_gain,ionization,1.0
edge_11562,ETFE,node_1925,node_9617,protonation,ionization,1.0
edge_11563,ETFE,node_1925,node_9618,deprotonation,ionization,1.0
edge_11564,ETFE,node_1926,node_9619,electron_loss,ionization,1.0
edge_11565,ETFE,node_1926,node_9620,electron_gain,ionization,1.0
edge_11566,ETFE,node_1926,node_9621,protonation,ionization,1.0
edge_11567,ETFE,node_1926,node_9622,deprotonation,ionization,1.0
edge_11568,ETFE,node_1927,node_9623,electron_loss,ionization,1.0
edge_11569,ETFE,node_1927,node_9624,electron_gain,ionization,1.0
edge_11570,ETFE,node_1927,node_9625,protonation,ionization,1.0
edge_11571,ETFE,node_1927,node_9626,deprotonation,ionization,1.0
edge_11572,ETFE,node_1928,node_9627,electron_loss,ionization,1.0
edge_11573,ETFE,node_1928,node_9628,electron_gain,ionization,1.0
edge_11574,ETFE,node_1928,node_9629,protonation,ionization,1.0
edge_11575,ETFE,node_1928,node_9630,deprotonation,ionization,1.0
edge_11576,ETFE,node_1929,node_9631,electron_loss,ionization,1.0
edge_11577,ETFE,node_1929,node_9632,electron_gain,ionization,1.0
edge_11578,ETFE,node_1929,node_9633,protonation,ionization,1.0
edge_11579,ETFE,node_1929,node_9634,deprotonation,ionization,1.0
edge_11580,ETFE,node_1930,node_9635,electron_loss,ionization,1.0
edge_11581,ETFE,node_1930,node_9636,electron_gain,ionization,1.0
edge_11582,ETFE,node_1930,node_9637,protonation,ionization,1.0
edge_11583,ETFE,node_1930,node_9638,deprotonation,ionization,1.0
edge_11584,ETFE,node_1931,node_9639,electron_loss,ionization,1.0
edge_11585,ETFE,node_1931,node_9640,electron_gain,ionization,1.0
edge_11586,ETFE,node_1931,node_9641,protonation,ionization,1.0
edge_11587,ETFE,node_1931,node_9642,deprotonation,ionization,1.0
edge_11588,ETFE,node_1932,node_9643,electron_loss,ionization,1.0
edge_11589,ETFE,node_1932,node_9644,electron_gain,ionization,1.0
edge_11590,ETFE,node_1932,node_9645,protonation,ionization,1.0
edge_11591,ETFE,node_1932,node_9646,deprotonation,ionization,1.0
edge_11592,ETFE,node_1933,node_9647,electron_loss,ionization,1.0
edge_11593,ETFE,node_1933,node_9648,electron_gain,ionization,1.0
edge_11594,ETFE,node_1933,node_9649,protonation,ionization,1.0
edge_11595,ETFE,node_1933,node_9650,deprotonation,ionization,1.0
edge_11596,ETFE,node_1934,node_9651,electron_loss,ionization,1.0
edge_11597,ETFE,node_1934,node_9652,electron_gain,ionization,1.0
edge_11598,ETFE,node_1934,node_9653,protonation,ionization,1.0
edge_11599,ETFE,node_1934,node_9654,deprotonation,ionization,1.0
edge_11600,ETFE,node_1935,node_9655,electron_loss,ionization,1.0
edge_11601,ETFE,node_1935,node_9656,electron_gain,ionization,1.0
edge_11602,ETFE,node_1935,node_9657,protonation,ionization,1.0
edge_11603,ETFE,node_1935,node_9658,deprotonation,ionization,1.0
edge_11604,ETFE,node_1936,node_9659,electron_loss,ionization,1.0
edge_11605,ETFE,node_1936,node_9660,electron_gain,ionization,1.0
edge_11606,ETFE,node_1936,node_9661,protonation,ionization,1.0
edge_11607,ETFE,node_1936,node_9662,deprotonation,ionization,1.0
edge_11608,ETFE,node_1937,node_9663,electron_loss,ionization,1.0
edge_11609,ETFE,node_1937,node_9664,electron_gain,ionization,1.0
edge_11610,ETFE,node_1937,node_9665,protonation,ionization,1.0
edge_11611,ETFE,node_1937,node_9666,deprotonation,ionization,1.0
edge_11612,ETFE,node_1938,node_9667,electron_loss,ionization,1.0
edge_11613,ETFE,node_1938,node_9668,electron_gain,ionization,1.0
edge_11614,ETFE,node_1938,node_9669,protonation,ionization,1.0
edge_11615,ETFE,node_1938,node_9670,deprotonation,ionization,1.0
edge_11616,ETFE,node_1939,node_9671,electron_loss,ionization,1.0
edge_11617,ETFE,node_1939,node_9672,electron_gain,ionization,1.0
edge_11618,ETFE,node_1939,node_9673,protonation,ionization,1.0
edge_11619,ETFE,node_1939,node_9674,deprotonation,ionization,1.0
edge_11620,ETFE,node_1940,node_9675,electron_loss,ionization,1.0
edge_11621,ETFE,node_1940,node_9676,electron_gain,ionization,1.0
edge_11622,ETFE,node_1940,node_9677,protonation,ionization,1.0
edge_11623,ETFE,node_1940,node_9678,deprotonation,ionization,1.0
edge_11624,ETFE,node_1941,node_9679,electron_loss,ionization,1.0
edge_11625,ETFE,node_1941,node_9680,electron_gain,ionization,1.0
edge_11626,ETFE,node_1941,node_9681,protonation,ionization,1.0
edge_11627,ETFE,node_1941,node_9682,deprotonation,ionization,1.0
edge_11628,ETFE,node_1942,node_9683,electron_loss,ionization,1.0
edge_11629,ETFE,node_1942,node_9684,electron_gain,ionization,1.0
edge_11630,ETFE,node_1942,node_9685,protonation,ionization,1.0
edge_11631,ETFE,node_1942,node_9686,deprotonation,ionization,1.0
edge_11632,ETFE,node_1943,node_9687,electron_loss,ionization,1.0
edge_11633,ETFE,node_1943,node_9688,electron_gain,ionization,1.0
edge_11634,ETFE,node_1943,node_9689,protonation,ionization,1.0
edge_11635,ETFE,node_1943,node_9690,deprotonation,ionization,1.0
edge_11636,ETFE,node_1944,node_9691,electron_loss,ionization,1.0
edge_11637,ETFE,node_1944,node_9692,electron_gain,ionization,1.0
edge_11638,ETFE,node_1944,node_9693,protonation,ionization,1.0
edge_11639,ETFE,node_1944,node_9694,deprotonation,ionization,1.0
edge_11640,ETFE,node_1945,node_9695,electron_loss,ionization,1.0
edge_11641,ETFE,node_1945,node_9696,electron_gain,ionization,1.0
edge_11642,ETFE,node_1945,node_9697,protonation,ionization,1.0
edge_11643,ETFE,node_1945,node_9698,deprotonation,ionization,1.0
edge_11644,ETFE,node_1946,node_9699,electron_loss,ionization,1.0
edge_11645,ETFE,node_1946,node_9700,electron_gain,ionization,1.0
edge_11646,ETFE,node_1946,node_9701,protonation,ionization,1.0
edge_11647,ETFE,node_1946,node_9702,deprotonation,ionization,1.0
edge_11648,ETFE,node_1947,node_9703,electron_loss,ionization,1.0
edge_11649,ETFE,node_1947,node_9704,electron_gain,ionization,1.0
edge_11650,ETFE,node_1947,node_9705,protonation,ionization,1.0
edge_11651,ETFE,node_1947,node_9706,deprotonation,ionization,1.0
edge_11652,ETFE,node_1948,node_9707,electron_loss,ionization,1.0
edge_11653,ETFE,node_1948,node_9708,electron_gain,ionization,1.0
edge_11654,ETFE,node_1948,node_9709,protonation,ionization,1.0
edge_11655,ETFE,node_1948,node_9710,deprotonation,ionization,1.0
edge_11656,ETFE,node_1949,node_9711,electron_loss,ionization,1.0
edge_11657,ETFE,node_1949,node_9712,electron_gain,ionization,1.0
edge_11658,ETFE,node_1949,node_9713,protonation,ionization,1.0
edge_11659,ETFE,node_1949,node_9714,deprotonation,ionization,1.0
edge_11660,ETFE,node_1950,node_9715,electron_loss,ionization,1.0
edge_11661,ETFE,node_1950,node_9716,electron_gain,ionization,1.0
edge_11662,ETFE,node_1950,node_9717,protonation,ionization,1.0
edge_11663,ETFE,node_1950,node_9718,deprotonation,ionization,1.0
edge_11664,ETFE,node_1951,node_9719,electron_loss,ionization,1.0
edge_11665,ETFE,node_1951,node_9720,electron_gain,ionization,1.0
edge_11666,ETFE,node_1951,node_9721,protonation,ionization,1.0
edge_11667,ETFE,node_1951,node_9722,deprotonation,ionization,1.0
edge_11668,ETFE,node_1952,node_9723,electron_loss,ionization,1.0
edge_11669,ETFE,node_1952,node_9724,electron_gain,ionization,1.0
edge_11670,ETFE,node_1952,node_9725,protonation,ionization,1.0
edge_11671,ETFE,node_1952,node_9726,deprotonation,ionization,1.0
edge_11672,ETFE,node_1953,node_9727,electron_loss,ionization,1.0
edge_11673,ETFE,node_1953,node_9728,electron_gain,ionization,1.0
edge_11674,ETFE,node_1953,node_9729,protonation,ionization,1.0
edge_11675,ETFE,node_1953,node_9730,deprotonation,ionization,1.0
edge_11676,ETFE,node_1954,node_9731,electron_loss,ionization,1.0
edge_11677,ETFE,node_1954,node_9732,electron_gain,ionization,1.0
edge_11678,ETFE,node_1954,node_9733,protonation,ionization,1.0
edge_11679,ETFE,node_1954,node_9734,deprotonation,ionization,1.0
edge_11680,ETFE,node_1955,node_9735,electron_loss,ionization,1.0
edge_11681,ETFE,node_1955,node_9736,electron_gain,ionization,1.0
edge_11682,ETFE,node_1955,node_9737,protonation,ionization,1.0
edge_11683,ETFE,node_1955,node_9738,deprotonation,ionization,1.0
edge_11684,ETFE,node_1956,node_9739,electron_loss,ionization,1.0
edge_11685,ETFE,node_1956,node_9740,electron_gain,ionization,1.0
edge_11686,ETFE,node_1956,node_9741,protonation,ionization,1.0
edge_11687,ETFE,node_1956,node_9742,deprotonation,ionization,1.0
edge_11688,ETFE,node_1957,node_9743,electron_loss,ionization,1.0
edge_11689,ETFE,node_1957,node_9744,electron_gain,ionization,1.0
edge_11690,ETFE,node_1957,node_9745,protonation,ionization,1.0
edge_11691,ETFE,node_1957,node_9746,deprotonation,ionization,1.0
edge_11692,ETFE,node_1958,node_9747,electron_loss,ionization,1.0
edge_11693,ETFE,node_1958,node_9748,electron_gain,ionization,1.0
edge_11694,ETFE,node_1958,node_9749,protonation,ionization,1.0
edge_11695,ETFE,node_1958,node_9750,deprotonation,ionization,1.0
edge_11696,ETFE,node_1959,node_9751,electron_loss,ionization,1.0
edge_11697,ETFE,node_1959,node_9752,electron_gain,ionization,1.0
edge_11698,ETFE,node_1959,node_9753,protonation,ionization,1.0
edge_11699,ETFE,node_1959,node_9754,deprotonation,ionization,1.0
edge_11700,ETFE,node_1960,node_9755,electron_loss,ionization,1.0
edge_11701,ETFE,node_1960,node_9756,electron_gain,ionization,1.0
edge_11702,ETFE,node_1960,node_9757,protonation,ionization,1.0
edge_11703,ETFE,node_1960,node_9758,deprotonation,ionization,1.0
edge_11704,ETFE,node_1961,node_9759,electron_loss,ionization,1.0
edge_11705,ETFE,node_1961,node_9760,electron_gain,ionization,1.0
edge_11706,ETFE,node_1961,node_9761,protonation,ionization,1.0
edge_11707,ETFE,node_1961,node_9762,deprotonation,ionization,1.0
edge_11708,ETFE,node_1962,node_9763,electron_loss,ionization,1.0
edge_11709,ETFE,node_1962,node_9764,electron_gain,ionization,1.0
edge_11710,ETFE,node_1962,node_9765,protonation,ionization,1.0
edge_11711,ETFE,node_1962,node_9766,deprotonation,ionization,1.0
edge_11712,ETFE,node_1963,node_9767,electron_loss,ionization,1.0
edge_11713,ETFE,node_1963,node_9768,electron_gain,ionization,1.0
edge_11714,ETFE,node_1963,node_9769,protonation,ionization,1.0
edge_11715,ETFE,node_1963,node_9770,deprotonation,ionization,1.0
edge_11716,ETFE,node_1964,node_9771,electron_loss,ionization,1.0
edge_11717,ETFE,node_1964,node_9772,electron_gain,ionization,1.0
edge_11718,ETFE,node_1964,node_9773,protonation,ionization,1.0
edge_11719,ETFE,node_1964,node_9774,deprotonation,ionization,1.0
edge_11720,ETFE,node_1965,node_9775,electron_loss,ionization,1.0
edge_11721,ETFE,node_1965,node_9776,electron_gain,ionization,1.0
edge_11722,ETFE,node_1965,node_9777,protonation,ionization,1.0
edge_11723,ETFE,node_1965,node_9778,deprotonation,ionization,1.0
edge_11724,ETFE,node_1966,node_9779,electron_loss,ionization,1.0
edge_11725,ETFE,node_1966,node_9780,electron_gain,ionization,1.0
edge_11726,ETFE,node_1966,node_9781,protonation,ionization,1.0
edge_11727,ETFE,node_1966,node_9782,deprotonation,ionization,1.0
edge_11728,ETFE,node_1967,node_9783,electron_loss,ionization,1.0
edge_11729,ETFE,node_1967,node_9784,electron_gain,ionization,1.0
edge_11730,ETFE,node_1967,node_9785,protonation,ionization,1.0
edge_11731,ETFE,node_1967,node_9786,deprotonation,ionization,1.0
edge_11732,ETFE,node_1968,node_9787,electron_loss,ionization,1.0
edge_11733,ETFE,node_1968,node_9788,electron_gain,ionization,1.0
edge_11734,ETFE,node_1968,node_9789,protonation,ionization,1.0
edge_11735,ETFE,node_1968,node_9790,deprotonation,ionization,1.0
edge_11736,ETFE,node_1969,node_9791,electron_loss,ionization,1.0
edge_11737,ETFE,node_1969,node_9792,electron_gain,ionization,1.0
edge_11738,ETFE,node_1969,node_9793,protonation,ionization,1.0
edge_11739,ETFE,node_1969,node_9794,deprotonation,ionization,1.0
edge_11740,ETFE,node_1970,node_9795,electron_loss,ionization,1.0
edge_11741,ETFE,node_1970,node_9796,electron_gain,ionization,1.0
edge_11742,ETFE,node_1970,node_9797,protonation,ionization,1.0
edge_11743,ETFE,node_1970,node_9798,deprotonation,ionization,1.0
edge_11744,ETFE,node_1971,node_9799,electron_loss,ionization,1.0
edge_11745,ETFE,node_1971,node_9800,electron_gain,ionization,1.0
edge_11746,ETFE,node_1971,node_9801,protonation,ionization,1.0
edge_11747,ETFE,node_1971,node_9802,deprotonation,ionization,1.0
edge_11748,ETFE,node_1972,node_9803,electron_loss,ionization,1.0
edge_11749,ETFE,node_1972,node_9804,electron_gain,ionization,1.0
edge_11750,ETFE,node_1972,node_9805,protonation,ionization,1.0
edge_11751,ETFE,node_1972,node_9806,deprotonation,ionization,1.0
edge_11752,ETFE,node_1973,node_9807,electron_loss,ionization,1.0
edge_11753,ETFE,node_1973,node_9808,electron_gain,ionization,1.0
edge_11754,ETFE,node_1973,node_9809,protonation,ionization,1.0
edge_11755,ETFE,node_1973,node_9810,deprotonation,ionization,1.0
edge_11756,ETFE,node_1974,node_9811,electron_loss,ionization,1.0
edge_11757,ETFE,node_1974,node_9812,electron_gain,ionization,1.0
edge_11758,ETFE,node_1974,node_9813,protonation,ionization,1.0
edge_11759,ETFE,node_1974,node_9814,deprotonation,ionization,1.0
edge_11760,ETFE,node_1975,node_9815,electron_loss,ionization,1.0
edge_11761,ETFE,node_1975,node_9816,electron_gain,ionization,1.0
edge_11762,ETFE,node_1975,node_9817,protonation,ionization,1.0
edge_11763,ETFE,node_1975,node_9818,deprotonation,ionization,1.0
edge_11764,ETFE,node_1976,node_9819,electron_loss,ionization,1.0
edge_11765,ETFE,node_1976,node_9820,electron_gain,ionization,1.0
edge_11766,ETFE,node_1976,node_9821,protonation,ionization,1.0
edge_11767,ETFE,node_1976,node_9822,deprotonation,ionization,1.0
edge_11768,ETFE,node_1977,node_9823,electron_loss,ionization,1.0
edge_11769,ETFE,node_1977,node_9824,electron_gain,ionization,1.0
edge_11770,ETFE,node_1977,node_9825,protonation,ionization,1.0
edge_11771,ETFE,node_1977,node_9826,deprotonation,ionization,1.0
edge_11772,ETFE,node_1978,node_9827,electron_loss,ionization,1.0
edge_11773,ETFE,node_1978,node_9828,electron_gain,ionization,1.0
edge_11774,ETFE,node_1978,node_9829,protonation,ionization,1.0
edge_11775,ETFE,node_1978,node_9830,deprotonation,ionization,1.0
edge_11776,ETFE,node_1979,node_9831,electron_loss,ionization,1.0
edge_11777,ETFE,node_1979,node_9832,electron_gain,ionization,1.0
edge_11778,ETFE,node_1979,node_9833,protonation,ionization,1.0
edge_11779,ETFE,node_1979,node_9834,deprotonation,ionization,1.0
edge_11780,ETFE,node_1980,node_9835,electron_loss,ionization,1.0
edge_11781,ETFE,node_1980,node_9836,electron_gain,ionization,1.0
edge_11782,ETFE,node_1980,node_9837,protonation,ionization,1.0
edge_11783,ETFE,node_1980,node_9838,deprotonation,ionization,1.0
edge_11784,ETFE,node_1981,node_9839,electron_loss,ionization,1.0
edge_11785,ETFE,node_1981,node_9840,electron_gain,ionization,1.0
edge_11786,ETFE,node_1981,node_9841,protonation,ionization,1.0
edge_11787,ETFE,node_1981,node_9842,deprotonation,ionization,1.0
edge_11788,ETFE,node_1982,node_9843,electron_loss,ionization,1.0
edge_11789,ETFE,node_1982,node_9844,electron_gain,ionization,1.0
edge_11790,ETFE,node_1982,node_9845,protonation,ionization,1.0
edge_11791,ETFE,node_1982,node_9846,deprotonation,ionization,1.0
edge_11792,ETFE,node_1983,node_9847,electron_loss,ionization,1.0
edge_11793,ETFE,node_1983,node_9848,electron_gain,ionization,1.0
edge_11794,ETFE,node_1983,node_9849,protonation,ionization,1.0
edge_11795,ETFE,node_1983,node_9850,deprotonation,ionization,1.0
edge_11796,ETFE,node_1984,node_9851,electron_loss,ionization,1.0
edge_11797,ETFE,node_1984,node_9852,electron_gain,ionization,1.0
edge_11798,ETFE,node_1984,node_9853,protonation,ionization,1.0
edge_11799,ETFE,node_1984,node_9854,deprotonation,ionization,1.0
edge_11800,ETFE,node_1985,node_9855,electron_loss,ionization,1.0
edge_11801,ETFE,node_1985,node_9856,electron_gain,ionization,1.0
edge_11802,ETFE,node_1985,node_9857,protonation,ionization,1.0
edge_11803,ETFE,node_1985,node_9858,deprotonation,ionization,1.0
edge_11804,ETFE,node_1986,node_9859,electron_loss,ionization,1.0
edge_11805,ETFE,node_1986,node_9860,electron_gain,ionization,1.0
edge_11806,ETFE,node_1986,node_9861,protonation,ionization,1.0
edge_11807,ETFE,node_1986,node_9862,deprotonation,ionization,1.0
edge_11808,ETFE,node_1987,node_9863,electron_loss,ionization,1.0
edge_11809,ETFE,node_1987,node_9864,electron_gain,ionization,1.0
edge_11810,ETFE,node_1987,node_9865,protonation,ionization,1.0
edge_11811,ETFE,node_1987,node_9866,deprotonation,ionization,1.0
edge_11812,ETFE,node_1988,node_9867,electron_loss,ionization,1.0
edge_11813,ETFE,node_1988,node_9868,electron_gain,ionization,1.0
edge_11814,ETFE,node_1988,node_9869,protonation,ionization,1.0
edge_11815,ETFE,node_1988,node_9870,deprotonation,ionization,1.0
edge_11816,ETFE,node_1989,node_9871,electron_loss,ionization,1.0
edge_11817,ETFE,node_1989,node_9872,electron_gain,ionization,1.0
edge_11818,ETFE,node_1989,node_9873,protonation,ionization,1.0
edge_11819,ETFE,node_1989,node_9874,deprotonation,ionization,1.0
edge_11820,ETFE,node_1990,node_9875,electron_loss,ionization,1.0
edge_11821,ETFE,node_1990,node_9876,electron_gain,ionization,1.0
edge_11822,ETFE,node_1990,node_9877,protonation,ionization,1.0
edge_11823,ETFE,node_1990,node_9878,deprotonation,ionization,1.0
edge_11824,ETFE,node_1991,node_9879,electron_loss,ionization,1.0
edge_11825,ETFE,node_1991,node_9880,electron_gain,ionization,1.0
edge_11826,ETFE,node_1991,node_9881,protonation,ionization,1.0
edge_11827,ETFE,node_1991,node_9882,deprotonation,ionization,1.0
edge_11828,ETFE,node_1992,node_9883,electron_loss,ionization,1.0
edge_11829,ETFE,node_1992,node_9884,electron_gain,ionization,1.0
edge_11830,ETFE,node_1992,node_9885,protonation,ionization,1.0
edge_11831,ETFE,node_1992,node_9886,deprotonation,ionization,1.0
edge_11832,ETFE,node_1993,node_9887,electron_loss,ionization,1.0
edge_11833,ETFE,node_1993,node_9888,electron_gain,ionization,1.0
edge_11834,ETFE,node_1993,node_9889,protonation,ionization,1.0
edge_11835,ETFE,node_1993,node_9890,deprotonation,ionization,1.0
edge_11836,ETFE,node_1994,node_9891,electron_loss,ionization,1.0
edge_11837,ETFE,node_1994,node_9892,electron_gain,ionization,1.0
edge_11838,ETFE,node_1994,node_9893,protonation,ionization,1.0
edge_11839,ETFE,node_1994,node_9894,deprotonation,ionization,1.0
edge_11840,ETFE,node_1995,node_9895,electron_loss,ionization,1.0
edge_11841,ETFE,node_1995,node_9896,electron_gain,ionization,1.0
edge_11842,ETFE,node_1995,node_9897,protonation,ionization,1.0
edge_11843,ETFE,node_1995,node_9898,deprotonation,ionization,1.0
edge_11844,ETFE,node_1996,node_9899,electron_loss,ionization,1.0
edge_11845,ETFE,node_1996,node_9900,electron_gain,ionization,1.0
edge_11846,ETFE,node_1996,node_9901,protonation,ionization,1.0
edge_11847,ETFE,node_1996,node_9902,deprotonation,ionization,1.0
edge_11848,ETFE,node_1997,node_9903,electron_loss,ionization,1.0
edge_11849,ETFE,node_1997,node_9904,electron_gain,ionization,1.0
edge_11850,ETFE,node_1997,node_9905,protonation,ionization,1.0
edge_11851,ETFE,node_1997,node_9906,deprotonation,ionization,1.0
edge_11852,ETFE,node_1998,node_9907,electron_loss,ionization,1.0
edge_11853,ETFE,node_1998,node_9908,electron_gain,ionization,1.0
edge_11854,ETFE,node_1998,node_9909,protonation,ionization,1.0
edge_11855,ETFE,node_1998,node_9910,deprotonation,ionization,1.0
edge_11856,ETFE,node_1999,node_9911,electron_loss,ionization,1.0
edge_11857,ETFE,node_1999,node_9912,electron_gain,ionization,1.0
edge_11858,ETFE,node_1999,node_9913,protonation,ionization,1.0
edge_11859,ETFE,node_1999,node_9914,deprotonation,ionization,1.0
edge_11860,ETFE,node_2000,node_9915,electron_loss,ionization,1.0
edge_11861,ETFE,node_2000,node_9916,electron_gain,ionization,1.0
edge_11862,ETFE,node_2000,node_9917,protonation,ionization,1.0
edge_11863,ETFE,node_2000,node_9918,deprotonation,ionization,1.0
edge_11864,ETFE,node_2001,node_9919,electron_loss,ionization,1.0
edge_11865,ETFE,node_2001,node_9920,electron_gain,ionization,1.0
edge_11866,ETFE,node_2001,node_9921,protonation,ionization,1.0
edge_11867,ETFE,node_2001,node_9922,deprotonation,ionization,1.0
edge_11868,ETFE,node_2002,node_9923,electron_loss,ionization,1.0
edge_11869,ETFE,node_2002,node_9924,electron_gain,ionization,1.0
edge_11870,ETFE,node_2002,node_9925,protonation,ionization,1.0
edge_11871,ETFE,node_2002,node_9926,deprotonation,ionization,1.0
edge_11872,ETFE,node_2003,node_9927,electron_loss,ionization,1.0
edge_11873,ETFE,node_2003,node_9928,electron_gain,ionization,1.0
edge_11874,ETFE,node_2003,node_9929,protonation,ionization,1.0
edge_11875,ETFE,node_2003,node_9930,deprotonation,ionization,1.0
edge_11876,ETFE,node_2004,node_9931,electron_loss,ionization,1.0
edge_11877,ETFE,node_2004,node_9932,electron_gain,ionization,1.0
edge_11878,ETFE,node_2004,node_9933,protonation,ionization,1.0
edge_11879,ETFE,node_2004,node_9934,deprotonation,ionization,1.0
edge_11880,ETFE,node_2005,node_9935,electron_loss,ionization,1.0
edge_11881,ETFE,node_2005,node_9936,electron_gain,ionization,1.0
edge_11882,ETFE,node_2005,node_9937,protonation,ionization,1.0
edge_11883,ETFE,node_2005,node_9938,deprotonation,ionization,1.0
edge_11884,ETFE,node_2006,node_9939,electron_loss,ionization,1.0
edge_11885,ETFE,node_2006,node_9940,electron_gain,ionization,1.0
edge_11886,ETFE,node_2006,node_9941,protonation,ionization,1.0
edge_11887,ETFE,node_2006,node_9942,deprotonation,ionization,1.0
edge_11888,ETFE,node_2007,node_9943,electron_loss,ionization,1.0
edge_11889,ETFE,node_2007,node_9944,electron_gain,ionization,1.0
edge_11890,ETFE,node_2007,node_9945,protonation,ionization,1.0
edge_11891,ETFE,node_2007,node_9946,deprotonation,ionization,1.0
edge_11892,ETFE,node_2008,node_9947,electron_loss,ionization,1.0
edge_11893,ETFE,node_2008,node_9948,electron_gain,ionization,1.0
edge_11894,ETFE,node_2008,node_9949,protonation,ionization,1.0
edge_11895,ETFE,node_2008,node_9950,deprotonation,ionization,1.0
edge_11896,ETFE,node_2009,node_9951,electron_loss,ionization,1.0
edge_11897,ETFE,node_2009,node_9952,electron_gain,ionization,1.0
edge_11898,ETFE,node_2009,node_9953,protonation,ionization,1.0
edge_11899,ETFE,node_2009,node_9954,deprotonation,ionization,1.0
edge_11900,ETFE,node_2010,node_9955,electron_loss,ionization,1.0
edge_11901,ETFE,node_2010,node_9956,electron_gain,ionization,1.0
edge_11902,ETFE,node_2010,node_9957,protonation,ionization,1.0
edge_11903,ETFE,node_2010,node_9958,deprotonation,ionization,1.0
edge_11904,ETFE,node_2011,node_9959,electron_loss,ionization,1.0
edge_11905,ETFE,node_2011,node_9960,electron_gain,ionization,1.0
edge_11906,ETFE,node_2011,node_9961,protonation,ionization,1.0
edge_11907,ETFE,node_2011,node_9962,deprotonation,ionization,1.0
edge_11908,ETFE,node_2012,node_9963,electron_loss,ionization,1.0
edge_11909,ETFE,node_2012,node_9964,electron_gain,ionization,1.0
edge_11910,ETFE,node_2012,node_9965,protonation,ionization,1.0
edge_11911,ETFE,node_2012,node_9966,deprotonation,ionization,1.0
edge_11912,ETFE,node_2013,node_9967,electron_loss,ionization,1.0
edge_11913,ETFE,node_2013,node_9968,electron_gain,ionization,1.0
edge_11914,ETFE,node_2013,node_9969,protonation,ionization,1.0
edge_11915,ETFE,node_2013,node_9970,deprotonation,ionization,1.0
edge_11916,ETFE,node_2014,node_9971,electron_loss,ionization,1.0
edge_11917,ETFE,node_2014,node_9972,electron_gain,ionization,1.0
edge_11918,ETFE,node_2014,node_9973,protonation,ionization,1.0
edge_11919,ETFE,node_2014,node_9974,deprotonation,ionization,1.0
edge_11920,ETFE,node_2015,node_9975,electron_loss,ionization,1.0
edge_11921,ETFE,node_2015,node_9976,electron_gain,ionization,1.0
edge_11922,ETFE,node_2015,node_9977,protonation,ionization,1.0
edge_11923,ETFE,node_2015,node_9978,deprotonation,ionization,1.0
edge_11924,ETFE,node_2016,node_9979,electron_loss,ionization,1.0
edge_11925,ETFE,node_2016,node_9980,electron_gain,ionization,1.0
edge_11926,ETFE,node_2016,node_9981,protonation,ionization,1.0
edge_11927,ETFE,node_2016,node_9982,deprotonation,ionization,1.0
edge_11928,ETFE,node_2017,node_9983,electron_loss,ionization,1.0
edge_11929,ETFE,node_2017,node_9984,electron_gain,ionization,1.0
edge_11930,ETFE,node_2017,node_9985,protonation,ionization,1.0
edge_11931,ETFE,node_2017,node_9986,deprotonation,ionization,1.0
edge_11932,ETFE,node_2018,node_9987,electron_loss,ionization,1.0
edge_11933,ETFE,node_2018,node_9988,electron_gain,ionization,1.0
edge_11934,ETFE,node_2018,node_9989,protonation,ionization,1.0
edge_11935,ETFE,node_2018,node_9990,deprotonation,ionization,1.0
edge_11936,ETFE,node_2019,node_9991,electron_loss,ionization,1.0
edge_11937,ETFE,node_2019,node_9992,electron_gain,ionization,1.0
edge_11938,ETFE,node_2019,node_9993,protonation,ionization,1.0
edge_11939,ETFE,node_2019,node_9994,deprotonation,ionization,1.0
edge_11940,ETFE,node_2020,node_9995,electron_loss,ionization,1.0
edge_11941,ETFE,node_2020,node_9996,electron_gain,ionization,1.0
edge_11942,ETFE,node_2020,node_9997,protonation,ionization,1.0
edge_11943,ETFE,node_2020,node_9998,deprotonation,ionization,1.0
edge_11944,ETFE,node_2021,node_9999,electron_loss,ionization,1.0
edge_11945,ETFE,node_2021,node_10000,electron_gain,ionization,1.0
edge_11946,ETFE,node_2021,node_10001,protonation,ionization,1.0
edge_11947,ETFE,node_2021,node_10002,deprotonation,ionization,1.0
edge_11948,ETFE,node_2022,node_10003,electron_loss,ionization,1.0
edge_11949,ETFE,node_2022,node_10004,electron_gain,ionization,1.0
edge_11950,ETFE,node_2022,node_10005,protonation,ionization,1.0
edge_11951,ETFE,node_2022,node_10006,deprotonation,ionization,1.0
edge_11952,ETFE,node_2023,node_10007,electron_loss,ionization,1.0
edge_11953,ETFE,node_2023,node_10008,electron_gain,ionization,1.0
edge_11954,ETFE,node_2023,node_10009,protonation,ionization,1.0
edge_11955,ETFE,node_2023,node_10010,deprotonation,ionization,1.0
edge_11956,ETFE,node_2024,node_10011,electron_loss,ionization,1.0
edge_11957,ETFE,node_2024,node_10012,electron_gain,ionization,1.0
edge_11958,ETFE,node_2024,node_10013,protonation,ionization,1.0
edge_11959,ETFE,node_2024,node_10014,deprotonation,ionization,1.0
edge_11960,ETFE,node_2025,node_10015,electron_loss,ionization,1.0
edge_11961,ETFE,node_2025,node_10016,electron_gain,ionization,1.0
edge_11962,ETFE,node_2025,node_10017,protonation,ionization,1.0
edge_11963,ETFE,node_2025,node_10018,deprotonation,ionization,1.0
edge_11964,ETFE,node_2026,node_10019,electron_loss,ionization,1.0
edge_11965,ETFE,node_2026,node_10020,electron_gain,ionization,1.0
edge_11966,ETFE,node_2026,node_10021,protonation,ionization,1.0
edge_11967,ETFE,node_2026,node_10022,deprotonation,ionization,1.0
edge_11968,ETFE,node_2027,node_10023,electron_loss,ionization,1.0
edge_11969,ETFE,node_2027,node_10024,electron_gain,ionization,1.0
edge_11970,ETFE,node_2027,node_10025,protonation,ionization,1.0
edge_11971,ETFE,node_2027,node_10026,deprotonation,ionization,1.0
edge_11972,ETFE,node_2028,node_10027,electron_loss,ionization,1.0
edge_11973,ETFE,node_2028,node_10028,electron_gain,ionization,1.0
edge_11974,ETFE,node_2028,node_10029,protonation,ionization,1.0
edge_11975,ETFE,node_2028,node_10030,deprotonation,ionization,1.0
edge_11976,ETFE,node_2029,node_10031,electron_loss,ionization,1.0
edge_11977,ETFE,node_2029,node_10032,electron_gain,ionization,1.0
edge_11978,ETFE,node_2029,node_10033,protonation,ionization,1.0
edge_11979,ETFE,node_2029,node_10034,deprotonation,ionization,1.0
edge_11980,ETFE,node_2030,node_10035,electron_loss,ionization,1.0
edge_11981,ETFE,node_2030,node_10036,electron_gain,ionization,1.0
edge_11982,ETFE,node_2030,node_10037,protonation,ionization,1.0
edge_11983,ETFE,node_2030,node_10038,deprotonation,ionization,1.0
edge_11984,ETFE,node_2031,node_10039,electron_loss,ionization,1.0
edge_11985,ETFE,node_2031,node_10040,electron_gain,ionization,1.0
edge_11986,ETFE,node_2031,node_10041,protonation,ionization,1.0
edge_11987,ETFE,node_2031,node_10042,deprotonation,ionization,1.0
edge_11988,ETFE,node_2032,node_10043,electron_loss,ionization,1.0
edge_11989,ETFE,node_2032,node_10044,electron_gain,ionization,1.0
edge_11990,ETFE,node_2032,node_10045,protonation,ionization,1.0
edge_11991,ETFE,node_2032,node_10046,deprotonation,ionization,1.0
edge_11992,ETFE,node_2033,node_10047,electron_loss,ionization,1.0
edge_11993,ETFE,node_2033,node_10048,electron_gain,ionization,1.0
edge_11994,ETFE,node_2033,node_10049,protonation,ionization,1.0
edge_11995,ETFE,node_2034,node_10050,electron_loss,ionization,1.0
edge_11996,ETFE,node_2034,node_10051,electron_gain,ionization,1.0
edge_11997,ETFE,node_2034,node_10052,protonation,ionization,1.0
edge_11998,ETFE,node_2034,node_10053,deprotonation,ionization,1.0
edge_11999,ETFE,node_2035,node_10054,electron_loss,ionization,1.0
edge_12000,ETFE,node_2035,node_10055,electron_gain,ionization,1.0
edge_12001,ETFE,node_2035,node_10056,protonation,ionization,1.0
edge_12002,ETFE,node_2035,node_10057,deprotonation,ionization,1.0
edge_12003,ETFE,node_2036,node_10058,electron_loss,ionization,1.0
edge_12004,ETFE,node_2036,node_10059,electron_gain,ionization,1.0
edge_12005,ETFE,node_2036,node_10060,protonation,ionization,1.0
edge_12006,ETFE,node_2036,node_10061,deprotonation,ionization,1.0
edge_12007,ETFE,node_2037,node_10062,electron_loss,ionization,1.0
edge_12008,ETFE,node_2037,node_10063,electron_gain,ionization,1.0
edge_12009,ETFE,node_2037,node_10064,protonation,ionization,1.0
edge_12010,ETFE,node_2037,node_10065,deprotonation,ionization,1.0
edge_12011,ETFE,node_2038,node_10066,electron_loss,ionization,1.0
edge_12012,ETFE,node_2038,node_10067,electron_gain,ionization,1.0
edge_12013,ETFE,node_2038,node_10068,protonation,ionization,1.0
edge_12014,ETFE,node_2038,node_10069,deprotonation,ionization,1.0
edge_12015,ETFE,node_2039,node_10070,electron_loss,ionization,1.0
edge_12016,ETFE,node_2039,node_10071,electron_gain,ionization,1.0
edge_12017,ETFE,node_2039,node_10072,protonation,ionization,1.0
edge_12018,ETFE,node_2039,node_10073,deprotonation,ionization,1.0
edge_12019,ETFE,node_2040,node_10074,electron_loss,ionization,1.0
edge_12020,ETFE,node_2040,node_10075,electron_gain,ionization,1.0
edge_12021,ETFE,node_2040,node_10076,protonation,ionization,1.0
edge_12022,ETFE,node_2040,node_10077,deprotonation,ionization,1.0
edge_12023,ETFE,node_2041,node_10078,electron_loss,ionization,1.0
edge_12024,ETFE,node_2041,node_10079,electron_gain,ionization,1.0
edge_12025,ETFE,node_2041,node_10080,protonation,ionization,1.0
edge_12026,ETFE,node_2041,node_10081,deprotonation,ionization,1.0
