compound_id,source_name,formula,ion_mode,charge,exact_mass,formula_score,best_path_score,path_count,mechanism_count,source_fragment_count,generation_types,best_node_id,representative_path,all_node_ids
Nomex,meta-Aramid,C6H5,positive,1,77.03912516115,1.0,0.79,6,3,4,feature_rule;fragment;fragment_h_shift,node_1454,M | aromatic_ring | aromatic_stable_fragments | aromatic_C6H5,node_1454;node_1489;node_1597;node_1628;node_1696;node_1726
Nomex,meta-Aramid,C6H6N,positive,1,92.05002419781,1.0,0.79,5,3,3,feature_rule;fragment;fragment_h_shift,node_1474,M | amide | amide_fragmentation | amide_C6H6N,node_1474;node_1581;node_1601;node_1680;node_1700
Nomex,meta-Aramid,CH2NO,positive,1,44.01363868846,1.0,0.79,4,3,3,feature_rule;fragment;fragment_h_shift,node_1470,M | amide | amide_fragmentation | amide_CH2NO,node_1470;node_1539;node_1613;node_1712
Nomex,meta-Aramid,CHO,positive,1,29.0027396518,1.0,0.79,6,3,5,feature_rule;fragment;fragment_h_shift,node_1460,M | carbonyl | carbonyl_fragmentation | carbonyl_HCO,node_1460;node_1503;node_1531;node_1575;node_1621;node_1718
Nomex,meta-Aramid,CO,positive,1,27.99491461957,1.0,0.79,4,3,4,feature_rule;fragment;fragment_h_shift,node_1459,M | carbonyl | carbonyl_fragmentation | carbonyl_CO,node_1459;node_1619;node_1630;node_1674
Nomex,meta-Aramid,CO,negative,-1,27.99491461957,1.0,0.79,6,3,4,feature_rule;fragment;fragment_h_shift,node_1467,M | carbonyl | carbonyl_fragmentation | carbonyl_CO,node_1467;node_1534;node_1578;node_1620;node_1631;node_1675
Nomex,meta-Aramid,C6H5,negative,-1,77.03912516115,0.99,0.79,3,2,3,feature_rule;fragment_h_shift,node_1455,M | aromatic_ring | aromatic_stable_fragments | aromatic_C6H5,node_1455;node_1697;node_1727
Nomex,meta-Aramid,CNO,negative,-1,41.997988624,0.99,0.79,3,3,2,feature_rule;fragment;fragment_h_shift,node_1475,M | amide | amide_fragmentation | amide_CNO,node_1475;node_1614;node_1711
Nomex,meta-Aramid,C7H4O,negative,-1,104.02621474849,0.942,0.692,21,3,20,fragment;fragment_h_shift;recombination,node_1570,"M | fragment C,H,O from C-C bond break(s) | deprotonation",node_1570;node_1623;node_1667;node_1789;node_1817;node_2737;node_2765;node_3121;node_3165;node_3858;node_3902;node_4075;node_4134;node_4198;node_4226;node_6286;node_6345;node_6365;node_6393;node_6907;node_7219
Nomex,meta-Aramid,C7H5NO,negative,-1,119.03711378515,0.942,0.692,34,3,33,fragment;fragment_h_shift;recombination,node_1550,"M | fragment C,H,N,O from C-N bond break(s) | deprotonation",node_1550;node_1604;node_1616;node_1647;node_1773;node_1793;node_1941;node_1969;node_2721;node_2741;node_2769;node_2813;node_3129;node_3213;node_3257;node_3866;node_4043;node_4083;node_4182;node_4202;node_4534;node_4594;node_4638;node_4666;node_6254;node_6294;node_6349;node_6369;node_6467;node_6895;node_6939;node_6987;node_7171;node_7183
Nomex,meta-Aramid,C7H6N2O,negative,-1,134.04801282181,0.942,0.692,24,3,23,fragment;fragment_h_shift;recombination,node_1558,"M | fragment C,H,N,O from C-N bond break(s) | deprotonation",node_1558;node_1588;node_1655;node_1777;node_1929;node_1945;node_2725;node_2777;node_2861;node_2889;node_3221;node_4051;node_4186;node_4510;node_4542;node_4626;node_4642;node_6262;node_6353;node_6455;node_6515;node_6595;node_6975;node_7015
Nomex,meta-Aramid,C7H6O,positive,1,106.04186481295,0.942,0.692,10,3,9,fragment;fragment_h_shift;recombination,node_1569,"M | fragment C,H,O from C-C bond break(s) | protonation",node_1569;node_1668;node_4074;node_4133;node_4197;node_4225;node_6285;node_6344;node_6364;node_6392
Nomex,meta-Aramid,C7H7NO,positive,1,121.05276384961,0.942,0.692,14,3,13,fragment;fragment_h_shift;recombination,node_1549,"M | fragment C,H,N,O from C-N bond break(s) | protonation",node_1549;node_1648;node_4042;node_4082;node_4181;node_4201;node_4533;node_4593;node_4637;node_4665;node_6253;node_6293;node_6348;node_6368
Nomex,meta-Aramid,C7H8N2O,positive,1,136.06366288627,0.942,0.692,10,3,9,fragment;fragment_h_shift;recombination,node_1557,"M | fragment C,H,N,O from C-N bond break(s) | protonation",node_1557;node_1656;node_4050;node_4185;node_4509;node_4541;node_4625;node_4641;node_6261;node_6352
Nomex,meta-Aramid,C8H4O2,negative,-1,132.02112936806,0.942,0.692,19,3,18,fragment;fragment_h_shift;recombination,node_1562,"M | fragment C,H,O from C-N bond break(s) | deprotonation",node_1562;node_1659;node_1763;node_1813;node_2495;node_2535;node_2715;node_2761;node_3708;node_3766;node_3810;node_4014;node_4126;node_4222;node_5924;node_6014;node_6337;node_6389;node_7215
Nomex,meta-Aramid,C8H5NO2,negative,-1,147.03202840472,0.942,0.692,41,3,40,fragment;fragment_h_shift;recombination,node_1554,"M | fragment C,H,N,O from C-N bond break(s) | deprotonation",node_1554;node_1651;node_1743;node_1797;node_1809;node_1919;node_1965;node_2067;node_2107;node_2503;node_2569;node_2695;node_2745;node_2757;node_3305;node_3349;node_3525;node_3581;node_3625;node_3688;node_3774;node_3974;node_4091;node_4114;node_4206;node_4218;node_4480;node_4586;node_4662;node_4960;node_5050;node_6002;node_6074;node_6302;node_6325;node_6373;node_6385;node_7055;node_7163;node_7179;node_7187
Nomex,meta-Aramid,C8H6N2O2,negative,-1,162.04292744138,0.942,0.692,38,3,37,fragment;fragment_h_shift;recombination,node_1566,"M | fragment C,H,N,O from C-C bond break(s) | deprotonation",node_1566;node_1663;node_1751;node_1781;node_1907;node_1949;node_1961;node_2075;node_2141;node_2235;node_2263;node_2703;node_2729;node_2937;node_2981;node_3313;node_3505;node_3589;node_3696;node_3990;node_4059;node_4190;node_4456;node_4550;node_4574;node_4646;node_4658;node_5038;node_5130;node_5372;node_5454;node_6270;node_6357;node_6711;node_7043;node_7079;node_7151;node_7175
Nomex,meta-Aramid,C8H6O2,positive,1,134.03677943252,0.942,0.692,15,3,14,fragment;fragment_h_shift;recombination,node_1561,"M | fragment C,H,O from C-N bond break(s) | protonation",node_1561;node_1660;node_1762;node_2494;node_2534;node_2714;node_4017;node_4125;node_4167;node_4221;node_5927;node_6013;node_6035;node_6336;node_6388
Nomex,meta-Aramid,C8H7NO2,positive,1,149.04767846918,0.942,0.692,27,3,26,fragment;fragment_h_shift;recombination,node_1553,"M | fragment C,H,N,O from C-N bond break(s) | protonation",node_1553;node_1652;node_1742;node_1918;node_2066;node_2106;node_2502;node_2694;node_3977;node_4090;node_4113;node_4147;node_4205;node_4217;node_4483;node_4585;node_4611;node_4661;node_4963;node_5049;node_5091;node_6001;node_6073;node_6301;node_6324;node_6372;node_6384
Nomex,meta-Aramid,C8H8N2O2,positive,1,164.05857750584,0.942,0.692,25,3,24,fragment;fragment_h_shift;recombination,node_1565,"M | fragment C,H,N,O from C-C bond break(s) | protonation",node_1565;node_1664;node_1750;node_1906;node_2074;node_2234;node_2262;node_2702;node_3993;node_4058;node_4155;node_4189;node_4459;node_4549;node_4573;node_4599;node_4645;node_4657;node_5037;node_5129;node_5375;node_5453;node_5487;node_6269;node_6356
Nomex,meta-Aramid,C7H5O,positive,1,105.03403978072001,0.9040000000000001,0.6540000000000001,21,3,20,fragment;fragment_h_shift;recombination,node_1567,"M | fragment C,H,O from C-C bond break(s) | electron_loss",node_1567;node_1624;node_1722;node_1790;node_1818;node_2738;node_2766;node_3122;node_3166;node_3859;node_3903;node_4072;node_4131;node_4195;node_4223;node_6283;node_6342;node_6362;node_6390;node_6908;node_7220
Nomex,meta-Aramid,C7H5O,negative,-1,105.03403978072001,0.9040000000000001,0.6540000000000001,10,3,10,fragment;fragment_h_shift;recombination,node_1568,"M | fragment C,H,O from C-C bond break(s) | electron_gain",node_1568;node_1723;node_4073;node_4132;node_4196;node_4224;node_6284;node_6343;node_6363;node_6391
Nomex,meta-Aramid,C7H6NO,positive,1,120.04493881738,0.9040000000000001,0.6540000000000001,35,3,33,fragment;fragment_h_shift;recombination,node_1547,"M | fragment C,H,N,O from C-N bond break(s) | electron_loss",node_1547;node_1605;node_1617;node_1704;node_1716;node_1774;node_1794;node_1942;node_1970;node_2722;node_2742;node_2770;node_2814;node_3130;node_3214;node_3258;node_3867;node_4040;node_4080;node_4179;node_4199;node_4531;node_4591;node_4635;node_4663;node_6251;node_6291;node_6346;node_6366;node_6468;node_6896;node_6940;node_6988;node_7172;node_7184
Nomex,meta-Aramid,C7H6NO,negative,-1,120.04493881738,0.9040000000000001,0.6540000000000001,15,3,15,fragment;fragment_h_shift;recombination,node_1548,"M | fragment C,H,N,O from C-N bond break(s) | electron_gain",node_1548;node_1705;node_1717;node_4041;node_4081;node_4180;node_4200;node_4532;node_4592;node_4636;node_4664;node_6252;node_6292;node_6347;node_6367
Nomex,meta-Aramid,C7H7N2O,positive,1,135.05583785404,0.9040000000000001,0.6540000000000001,24,3,23,fragment;fragment_h_shift;recombination,node_1555,"M | fragment C,H,N,O from C-N bond break(s) | electron_loss",node_1555;node_1589;node_1688;node_1778;node_1930;node_1946;node_2726;node_2778;node_2862;node_2890;node_3222;node_4048;node_4183;node_4507;node_4539;node_4623;node_4639;node_6259;node_6350;node_6456;node_6516;node_6596;node_6976;node_7016
Nomex,meta-Aramid,C7H7N2O,negative,-1,135.05583785404,0.9040000000000001,0.6540000000000001,10,3,10,fragment;fragment_h_shift;recombination,node_1556,"M | fragment C,H,N,O from C-N bond break(s) | electron_gain",node_1556;node_1689;node_4049;node_4184;node_4508;node_4540;node_4624;node_4640;node_6260;node_6351
Nomex,meta-Aramid,CHO,negative,-1,29.0027396518,0.9040000000000001,0.6540000000000001,4,3,4,feature_rule;fragment;fragment_h_shift,node_1532,"M | fragment C,H,O from C-N bond break(s) | electron_gain",node_1514;node_1532;node_1576;node_1719
Nomex,meta-Aramid,C13H10NO,positive,1,196.0762389463,0.8939999999999999,0.6439999999999999,30,3,29,fragment;fragment_h_shift;recombination,node_1609,"M | fragment C,H,N,O from C-N+C-C bond break(s) | protonation",node_1609;node_1708;node_2126;node_2154;node_2538;node_2558;node_2806;node_3138;node_3250;node_3875;node_5003;node_5063;node_5111;node_5139;node_5935;node_5975;node_6039;node_6059;node_6476;node_6524;node_6880;node_6904;node_6932;node_6944;node_6996;node_7024;node_7072;node_7092;node_7204;node_7212
Nomex,meta-Aramid,C13H8NO,negative,-1,194.06058888184,0.8939999999999999,0.6439999999999999,38,3,37,fragment;fragment_h_shift;recombination,node_1610,"M | fragment C,H,N,O from C-N+C-C bond break(s) | deprotonation",node_1610;node_1707;node_2127;node_2155;node_2539;node_2559;node_2807;node_2853;node_3139;node_3189;node_3201;node_3251;node_3297;node_3369;node_3393;node_3645;node_3669;node_3814;node_3834;node_3876;node_3930;node_3942;node_5000;node_5060;node_5932;node_5972;node_6477;node_6525;node_6881;node_6905;node_6933;node_6945;node_6997;node_7025;node_7073;node_7093;node_7205;node_7213
Nomex,meta-Aramid,C7H3O,negative,-1,103.01838971626,0.8939999999999999,0.6439999999999999,18,3,17,fragment;fragment_h_shift;recombination,node_1625,"M | fragment C,H,O from C-N+C-C bond break(s) | deprotonation",node_1625;node_1721;node_1791;node_1819;node_2739;node_2767;node_3123;node_3167;node_3735;node_3762;node_3860;node_3904;node_4069;node_4128;node_6280;node_6339;node_6909;node_7221
Nomex,meta-Aramid,C7H4NO,negative,-1,118.02928875292,0.8939999999999999,0.6439999999999999,34,3,32,fragment;fragment_h_shift;recombination,node_1606,"M | fragment C,H,N,O from C-N+C-C bond break(s) | deprotonation",node_1606;node_1618;node_1703;node_1715;node_1775;node_1795;node_1943;node_1971;node_2723;node_2743;node_2771;node_2815;node_3131;node_3197;node_3215;node_3259;node_3553;node_3577;node_3719;node_3739;node_3868;node_3938;node_4037;node_4077;node_4528;node_4588;node_6248;node_6288;node_6469;node_6897;node_6941;node_6989;node_7173;node_7185
Nomex,meta-Aramid,C7H5N2O,negative,-1,133.04018778958,0.8939999999999999,0.6439999999999999,24,3,23,fragment;fragment_h_shift;recombination,node_1590,"M | fragment C,H,N,O from C-N+C-C bond break(s) | deprotonation",node_1590;node_1687;node_1779;node_1931;node_1947;node_2727;node_2779;node_2845;node_2863;node_2891;node_3223;node_3289;node_3537;node_3557;node_3723;node_4045;node_4504;node_4536;node_6256;node_6457;node_6517;node_6597;node_6977;node_7017
Nomex,meta-Aramid,C14H10N2O2,negative,-1,238.0742275703,0.8919999999999999,0.6419999999999999,62,3,60,fragment;fragment_h_shift;recombination,node_1538,"M | fragment C,H,N,O from C-N bond break(s) | deprotonation",node_1538;node_1574;node_1635;node_1671;node_1785;node_1953;node_2133;node_2145;node_2189;node_2205;node_2255;node_2301;node_2357;node_2461;node_2489;node_2519;node_2545;node_2733;node_2789;node_2873;node_2973;node_3029;node_3073;node_3153;node_3233;node_3321;node_3405;node_3597;node_3790;node_3890;node_4067;node_4194;node_4558;node_4650;node_5022;node_5046;node_5122;node_5134;node_5190;node_5222;node_5298;node_5314;node_5356;node_5462;node_5530;node_5582;node_5690;node_5794;node_5854;node_5886;node_5914;node_5954;node_6050;node_6278;node_6361;node_6719;node_6759;node_6815;node_7051;node_7083;node_7099;node_7131
Nomex,meta-Aramid,C14H11NO2,positive,1,225.0789785981,0.8919999999999999,0.6419999999999999,24,3,23,fragment;fragment_h_shift;recombination,node_1545,"M | fragment C,H,N,O from C-N bond break(s) | protonation",node_1545;node_1644;node_2098;node_2510;node_4098;node_4209;node_4947;node_5057;node_5083;node_5137;node_5213;node_5273;node_5309;node_5337;node_5573;node_5613;node_5685;node_5705;node_5985;node_6009;node_6065;node_6077;node_6309;node_6376
Nomex,meta-Aramid,C14H12N2O2,positive,1,240.08987763476,0.8919999999999999,0.6419999999999999,32,3,30,fragment;fragment_h_shift;recombination,node_1537,"M | fragment C,H,N,O from C-N bond break(s) | protonation",node_1537;node_1573;node_1636;node_1672;node_2254;node_2518;node_4066;node_4193;node_4557;node_4649;node_5021;node_5045;node_5121;node_5133;node_5189;node_5221;node_5297;node_5313;node_5359;node_5461;node_5479;node_5529;node_5581;node_5689;node_5793;node_5853;node_5885;node_5913;node_5953;node_6049;node_6277;node_6360
Nomex,meta-Aramid,C14H9NO2,negative,-1,223.06332853364,0.8919999999999999,0.6419999999999999,46,3,45,fragment;fragment_h_shift;recombination,node_1546,"M | fragment C,H,N,O from C-N bond break(s) | deprotonation",node_1546;node_1643;node_1801;node_2099;node_2149;node_2201;node_2229;node_2353;node_2373;node_2511;node_2561;node_2573;node_2749;node_2797;node_3141;node_3241;node_3341;node_3397;node_3441;node_3617;node_3782;node_3878;node_4099;node_4210;node_4944;node_5058;node_5138;node_5214;node_5274;node_5310;node_5338;node_5574;node_5614;node_5686;node_5706;node_5986;node_6010;node_6066;node_6078;node_6310;node_6377;node_7063;node_7087;node_7111;node_7195;node_7207
Nomex,meta-Aramid,CH2O,positive,1,30.01056468403,0.882,0.692,4,2,2,fragment;fragment_h_shift,node_1533,"M | fragment C,H,O from C-N bond break(s) | protonation",node_1533;node_1577;node_1632;node_1676
Nomex,meta-Aramid,C2H3O,positive,1,43.01838971626,0.8800000000000001,0.79,2,1,2,feature_rule,node_1461,M | carbonyl | carbonyl_fragmentation | carbonyl_C2H3O,node_1461;node_1505
Nomex,meta-Aramid,C2HO,negative,-1,41.0027396518,0.8800000000000001,0.79,2,1,2,feature_rule,node_1469,M | carbonyl | carbonyl_fragmentation | carbonyl_C2HO,node_1469;node_1515
Nomex,meta-Aramid,C3H3O,positive,1,55.01838971626,0.8800000000000001,0.79,2,1,2,feature_rule,node_1465,M | carbonyl | carbonyl_fragmentation | carbonyl_C3H3O,node_1465;node_1507
Nomex,meta-Aramid,C3H5O,positive,1,57.03403978072,0.8800000000000001,0.79,2,1,2,feature_rule,node_1466,M | carbonyl | carbonyl_fragmentation | carbonyl_C3H5O,node_1466;node_1508
Nomex,meta-Aramid,CH4N,positive,1,30.03437413335,0.8800000000000001,0.79,2,1,2,feature_rule,node_1471,M | amide | amide_fragmentation | amide_CH4N,node_1471;node_1520
Nomex,meta-Aramid,C8H5O2,positive,1,133.02895440029,0.8740000000000001,0.6540000000000001,18,2,18,fragment;recombination,node_1559,"M | fragment C,H,O from C-N bond break(s) | electron_loss",node_1559;node_1760;node_1814;node_2492;node_2532;node_2712;node_2762;node_3709;node_3767;node_3811;node_4015;node_4123;node_4219;node_5925;node_6011;node_6334;node_6386;node_7216
Nomex,meta-Aramid,C8H5O2,negative,-1,133.02895440029,0.8740000000000001,0.6540000000000001,14,2,14,fragment;recombination,node_1560,"M | fragment C,H,O from C-N bond break(s) | electron_gain",node_1560;node_1761;node_2493;node_2533;node_2713;node_4020;node_4124;node_4170;node_4220;node_5930;node_6012;node_6038;node_6335;node_6387
Nomex,meta-Aramid,C8H6NO2,positive,1,148.03985343695,0.8740000000000001,0.6540000000000001,40,2,40,fragment;recombination,node_1551,"M | fragment C,H,N,O from C-N bond break(s) | electron_loss",node_1551;node_1740;node_1798;node_1810;node_1916;node_1966;node_2064;node_2104;node_2500;node_2570;node_2692;node_2746;node_2758;node_3306;node_3350;node_3526;node_3582;node_3626;node_3689;node_3775;node_3975;node_4088;node_4111;node_4203;node_4215;node_4481;node_4583;node_4659;node_4961;node_5047;node_5999;node_6071;node_6299;node_6322;node_6370;node_6382;node_7056;node_7164;node_7180;node_7188
Nomex,meta-Aramid,C8H6NO2,negative,-1,148.03985343695,0.8740000000000001,0.6540000000000001,26,2,26,fragment;recombination,node_1552,"M | fragment C,H,N,O from C-N bond break(s) | electron_gain",node_1552;node_1741;node_1917;node_2065;node_2105;node_2501;node_2693;node_3980;node_4089;node_4112;node_4150;node_4204;node_4216;node_4486;node_4584;node_4614;node_4660;node_4966;node_5048;node_5094;node_6000;node_6072;node_6300;node_6323;node_6371;node_6383
Nomex,meta-Aramid,C8H7N2O2,positive,1,163.05075247361,0.8740000000000001,0.6540000000000001,37,2,37,fragment;recombination,node_1563,"M | fragment C,H,N,O from C-C bond break(s) | electron_loss",node_1563;node_1748;node_1782;node_1904;node_1950;node_1962;node_2072;node_2142;node_2232;node_2260;node_2700;node_2730;node_2938;node_2982;node_3314;node_3506;node_3590;node_3697;node_3991;node_4056;node_4187;node_4457;node_4547;node_4571;node_4643;node_4655;node_5035;node_5127;node_5373;node_5451;node_6267;node_6354;node_6712;node_7044;node_7080;node_7152;node_7176
Nomex,meta-Aramid,C8H7N2O2,negative,-1,163.05075247361,0.8740000000000001,0.6540000000000001,24,2,24,fragment;recombination,node_1564,"M | fragment C,H,N,O from C-C bond break(s) | electron_gain",node_1564;node_1749;node_1905;node_2073;node_2233;node_2261;node_2701;node_3996;node_4057;node_4158;node_4188;node_4462;node_4548;node_4572;node_4602;node_4644;node_4656;node_5036;node_5128;node_5378;node_5452;node_5490;node_6268;node_6355
Nomex,meta-Aramid,CHNO,negative,-1,43.005813656229996,0.862,0.692,3,2,2,fragment;fragment_h_shift,node_1542,"M | fragment C,H,N,O from C-N bond break(s) | deprotonation",node_1542;node_1612;node_1639
Nomex,meta-Aramid,C7H4O,positive,1,104.02621474849,0.8560000000000001,0.6060000000000001,18,3,18,fragment;fragment_h_shift;recombination,node_1622,"M | fragment C,H,O from C-N+C-C bond break(s) | electron_loss",node_1622;node_1666;node_1788;node_1816;node_2736;node_2764;node_3120;node_3164;node_3736;node_3763;node_3857;node_3901;node_4070;node_4129;node_6281;node_6340;node_6906;node_7218
Nomex,meta-Aramid,C7H5NO,positive,1,119.03711378515,0.8560000000000001,0.6060000000000001,33,3,33,fragment;fragment_h_shift;recombination,node_1603,"M | fragment C,H,N,O from C-N+C-C bond break(s) | electron_loss",node_1603;node_1615;node_1646;node_1772;node_1792;node_1940;node_1968;node_2720;node_2740;node_2768;node_2812;node_3128;node_3198;node_3212;node_3256;node_3554;node_3578;node_3720;node_3740;node_3865;node_3939;node_4038;node_4078;node_4529;node_4589;node_6249;node_6289;node_6466;node_6894;node_6938;node_6986;node_7170;node_7182
Nomex,meta-Aramid,C7H6N2O,positive,1,134.04801282181,0.8560000000000001,0.6060000000000001,24,3,24,fragment;fragment_h_shift;recombination,node_1587,"M | fragment C,H,N,O from C-N+C-C bond break(s) | electron_loss",node_1587;node_1654;node_1776;node_1928;node_1944;node_2724;node_2776;node_2846;node_2860;node_2888;node_3220;node_3290;node_3538;node_3558;node_3724;node_4046;node_4505;node_4537;node_6257;node_6454;node_6514;node_6594;node_6974;node_7014
Nomex,meta-Aramid,C13H11N2O,positive,1,211.08713798296,0.8439999999999999,0.5939999999999999,36,3,35,fragment;fragment_h_shift;recombination,node_1593,"M | fragment C,H,N,O from C-N+C-C bond break(s) | protonation",node_1593;node_1692;node_2110;node_2130;node_2278;node_2306;node_2542;node_2786;node_2882;node_3146;node_3230;node_3883;node_4971;node_5011;node_5095;node_5115;node_5407;node_5467;node_5503;node_5531;node_5943;node_6043;node_6440;node_6464;node_6508;node_6520;node_6604;node_6648;node_6668;node_6728;node_6736;node_6764;node_6960;node_6984;node_7008;node_7020
Nomex,meta-Aramid,C13H9N2O,negative,-1,209.0714879185,0.8439999999999999,0.5939999999999999,45,3,44,fragment;fragment_h_shift;recombination,node_1594,"M | fragment C,H,N,O from C-N+C-C bond break(s) | deprotonation",node_1594;node_1691;node_2111;node_2131;node_2279;node_2307;node_2543;node_2787;node_2837;node_2849;node_2883;node_2929;node_2997;node_3025;node_3147;node_3177;node_3231;node_3281;node_3293;node_3353;node_3373;node_3629;node_3649;node_3818;node_3884;node_3914;node_4968;node_5008;node_5404;node_5464;node_5940;node_6441;node_6465;node_6509;node_6521;node_6605;node_6649;node_6669;node_6729;node_6737;node_6765;node_6961;node_6985;node_7009;node_7021
Nomex,meta-Aramid,C6H3,negative,-1,75.02347509669,0.834,0.6439999999999999,4,2,2,fragment;fragment_h_shift,node_1598,"M | fragment C,H from C-N+C-N bond break(s) | deprotonation",node_1598;node_1629;node_1695;node_1725
Nomex,meta-Aramid,C6H4N,negative,-1,90.03437413335,0.834,0.6439999999999999,4,2,2,fragment;fragment_h_shift,node_1582,"M | fragment C,H,N from C-N+C-N bond break(s) | deprotonation",node_1582;node_1602;node_1679;node_1699
Nomex,meta-Aramid,C13H9NO,positive,1,195.06841391407,0.8260000000000001,0.6060000000000001,37,2,37,fragment;recombination,node_1607,"M | fragment C,H,N,O from C-N+C-C bond break(s) | electron_loss",node_1607;node_2124;node_2152;node_2536;node_2556;node_2804;node_2854;node_3136;node_3190;node_3202;node_3248;node_3298;node_3370;node_3394;node_3646;node_3670;node_3815;node_3835;node_3873;node_3931;node_3943;node_5001;node_5061;node_5933;node_5973;node_6474;node_6522;node_6878;node_6902;node_6930;node_6942;node_6994;node_7022;node_7070;node_7090;node_7202;node_7210
Nomex,meta-Aramid,C13H9NO,negative,-1,195.06841391407,0.8260000000000001,0.6060000000000001,29,2,29,fragment;recombination,node_1608,"M | fragment C,H,N,O from C-N+C-C bond break(s) | electron_gain",node_1608;node_2125;node_2153;node_2537;node_2557;node_2805;node_3137;node_3249;node_3874;node_5006;node_5066;node_5114;node_5142;node_5938;node_5978;node_6042;node_6062;node_6475;node_6523;node_6879;node_6903;node_6931;node_6943;node_6995;node_7023;node_7071;node_7091;node_7203;node_7211
Nomex,meta-Aramid,C14H10NO2,positive,1,224.07115356587,0.8240000000000001,0.6040000000000001,45,2,45,fragment;recombination,node_1543,"M | fragment C,H,N,O from C-N bond break(s) | electron_loss",node_1543;node_1802;node_2096;node_2150;node_2202;node_2230;node_2354;node_2374;node_2508;node_2562;node_2574;node_2750;node_2798;node_3142;node_3242;node_3342;node_3398;node_3442;node_3618;node_3783;node_3879;node_4096;node_4207;node_4945;node_5055;node_5135;node_5211;node_5271;node_5307;node_5335;node_5571;node_5611;node_5683;node_5703;node_5983;node_6007;node_6063;node_6075;node_6307;node_6374;node_7064;node_7088;node_7112;node_7196;node_7208
Nomex,meta-Aramid,C14H10NO2,negative,-1,224.07115356587,0.8240000000000001,0.6040000000000001,23,2,23,fragment;recombination,node_1544,"M | fragment C,H,N,O from C-N bond break(s) | electron_gain",node_1544;node_2097;node_2509;node_4097;node_4208;node_4950;node_5056;node_5086;node_5136;node_5212;node_5272;node_5308;node_5336;node_5572;node_5612;node_5684;node_5704;node_5984;node_6008;node_6064;node_6076;node_6308;node_6375
Nomex,meta-Aramid,C14H11N2O2,positive,1,239.08205260252998,0.8240000000000001,0.6040000000000001,60,2,60,fragment;recombination,node_1535,"M | fragment C,H,N,O from C-N bond break(s) | electron_loss",node_1535;node_1571;node_1786;node_1954;node_2134;node_2146;node_2190;node_2206;node_2252;node_2302;node_2358;node_2462;node_2490;node_2516;node_2546;node_2734;node_2790;node_2874;node_2974;node_3030;node_3074;node_3154;node_3234;node_3322;node_3406;node_3598;node_3791;node_3891;node_4064;node_4191;node_4555;node_4647;node_5019;node_5043;node_5119;node_5131;node_5187;node_5219;node_5295;node_5311;node_5357;node_5459;node_5527;node_5579;node_5687;node_5791;node_5851;node_5883;node_5911;node_5951;node_6047;node_6275;node_6358;node_6720;node_6760;node_6816;node_7052;node_7084;node_7100;node_7132
Nomex,meta-Aramid,C14H11N2O2,negative,-1,239.08205260252998,0.8240000000000001,0.6040000000000001,30,2,30,fragment;recombination,node_1536,"M | fragment C,H,N,O from C-N bond break(s) | electron_gain",node_1536;node_1572;node_2253;node_2517;node_4065;node_4192;node_4556;node_4648;node_5020;node_5044;node_5120;node_5132;node_5188;node_5220;node_5296;node_5312;node_5362;node_5460;node_5482;node_5528;node_5580;node_5688;node_5792;node_5852;node_5884;node_5912;node_5952;node_6048;node_6276;node_6359
Nomex,meta-Aramid,C8H4O2,positive,1,132.02112936806,0.8200000000000001,0.6000000000000001,12,2,12,fragment_h_shift;recombination,node_1658,"M | fragment C,H,O from C-N bond break(s) | h_shift_-1 | electron_loss",node_1658;node_1812;node_2760;node_3707;node_3759;node_3765;node_3809;node_4013;node_4121;node_5923;node_6332;node_7214
Nomex,meta-Aramid,C8H5NO2,positive,1,147.03202840472,0.8200000000000001,0.6000000000000001,31,2,31,fragment_h_shift;recombination,node_1650,"M | fragment C,H,N,O from C-N bond break(s) | h_shift_-1 | electron_loss",node_1650;node_1796;node_1808;node_1964;node_2568;node_2744;node_2756;node_3304;node_3348;node_3524;node_3574;node_3580;node_3624;node_3687;node_3744;node_3755;node_3773;node_3847;node_3973;node_4086;node_4109;node_4479;node_4581;node_4959;node_5997;node_6297;node_6320;node_7054;node_7162;node_7178;node_7186
Nomex,meta-Aramid,C8H6N2O2,positive,1,162.04292744138,0.8200000000000001,0.6000000000000001,30,2,30,fragment_h_shift;recombination,node_1662,"M | fragment C,H,N,O from C-C bond break(s) | h_shift_-1 | electron_loss",node_1662;node_1780;node_1948;node_1960;node_2140;node_2728;node_2936;node_2980;node_3312;node_3382;node_3504;node_3562;node_3570;node_3588;node_3662;node_3695;node_3728;node_3989;node_4054;node_4455;node_4545;node_4569;node_5033;node_5371;node_6265;node_6710;node_7042;node_7078;node_7150;node_7174
Nomex,meta-Aramid,C8H6O2,negative,-1,134.03677943252,0.8200000000000001,0.6000000000000001,5,2,5,fragment_h_shift;recombination,node_1661,"M | fragment C,H,O from C-N bond break(s) | h_shift_+1 | electron_gain",node_1661;node_4018;node_4168;node_5928;node_6036
Nomex,meta-Aramid,C8H7NO2,negative,-1,149.04767846918,0.8200000000000001,0.6000000000000001,7,2,7,fragment_h_shift;recombination,node_1653,"M | fragment C,H,N,O from C-N bond break(s) | h_shift_+1 | electron_gain",node_1653;node_3978;node_4148;node_4484;node_4612;node_4964;node_5092
Nomex,meta-Aramid,C8H8N2O2,negative,-1,164.05857750584,0.8200000000000001,0.6000000000000001,7,2,7,fragment_h_shift;recombination,node_1665,"M | fragment C,H,N,O from C-C bond break(s) | h_shift_+1 | electron_gain",node_1665;node_3994;node_4156;node_4460;node_4600;node_5376;node_5488
Nomex,meta-Aramid,CH2NO,negative,-1,44.01363868846,0.7940000000000003,0.6540000000000001,2,2,2,fragment;fragment_h_shift,node_1540,"M | fragment C,H,N,O from C-N bond break(s) | electron_gain",node_1540;node_1713
Nomex,meta-Aramid,CH3NO,positive,1,45.02146372069,0.792,0.692,2,2,1,fragment;fragment_h_shift,node_1541,"M | fragment C,H,N,O from C-N bond break(s) | protonation",node_1541;node_1640
Nomex,meta-Aramid,C2H2NO,positive,1,56.01363868846,0.79,0.79,1,1,1,feature_rule,node_1472,M | amide | amide_fragmentation | amide_C2H2NO,node_1472
Nomex,meta-Aramid,C2H4NO,positive,1,58.029288752919996,0.79,0.79,1,1,1,feature_rule,node_1473,M | amide | amide_fragmentation | amide_C2H4NO,node_1473
Nomex,meta-Aramid,C2HO,positive,1,41.0027396518,0.79,0.79,1,1,1,feature_rule,node_1462,M | carbonyl | carbonyl_fragmentation | carbonyl_C2HO,node_1462
Nomex,meta-Aramid,C2O,negative,-1,39.99491461957,0.79,0.79,1,1,1,feature_rule,node_1468,M | carbonyl | carbonyl_fragmentation | carbonyl_C2O,node_1468
Nomex,meta-Aramid,C6H5O,positive,1,93.03403978072001,0.79,0.79,1,1,1,feature_rule,node_1457,M | aromatic_ring | aromatic_stable_fragments | aromatic_C6H5O,node_1457
Nomex,meta-Aramid,C6H5O,negative,-1,93.03403978072001,0.79,0.79,1,1,1,feature_rule,node_1458,M | aromatic_ring | aromatic_stable_fragments | aromatic_C6H5O,node_1458
Nomex,meta-Aramid,C7H7,positive,1,91.05477522561,0.79,0.79,1,1,1,feature_rule,node_1456,M | aromatic_ring | aromatic_stable_fragments | aromatic_C7H7,node_1456
Nomex,meta-Aramid,CHO2,positive,1,44.99765427137,0.79,0.79,1,1,1,feature_rule,node_1464,M | carbonyl | carbonyl_fragmentation | carbonyl_CHO2,node_1464
Nomex,meta-Aramid,CO2,positive,1,43.98982923914,0.79,0.79,1,1,1,feature_rule,node_1463,M | carbonyl | carbonyl_fragmentation | carbonyl_CO2,node_1463
Nomex,meta-Aramid,C13H10N2O,positive,1,210.07931295073,0.776,0.556,44,2,44,fragment;recombination,node_1591,"M | fragment C,H,N,O from C-N+C-C bond break(s) | electron_loss",node_1591;node_2108;node_2128;node_2276;node_2304;node_2540;node_2784;node_2838;node_2850;node_2880;node_2930;node_2998;node_3026;node_3144;node_3178;node_3228;node_3282;node_3294;node_3354;node_3374;node_3630;node_3650;node_3819;node_3881;node_3915;node_4969;node_5009;node_5405;node_5465;node_5941;node_6438;node_6462;node_6506;node_6518;node_6602;node_6646;node_6666;node_6726;node_6734;node_6762;node_6958;node_6982;node_7006;node_7018
Nomex,meta-Aramid,C13H10N2O,negative,-1,210.07931295073,0.776,0.556,35,2,35,fragment;recombination,node_1592,"M | fragment C,H,N,O from C-N+C-C bond break(s) | electron_gain",node_1592;node_2109;node_2129;node_2277;node_2305;node_2541;node_2785;node_2881;node_3145;node_3229;node_3882;node_4974;node_5014;node_5098;node_5118;node_5410;node_5470;node_5506;node_5534;node_5946;node_6046;node_6439;node_6463;node_6507;node_6519;node_6603;node_6647;node_6667;node_6727;node_6735;node_6763;node_6959;node_6983;node_7007;node_7019
Nomex,meta-Aramid,C13H10NO,negative,-1,196.0762389463,0.772,0.552,9,2,9,fragment_h_shift;recombination,node_1709,"M | fragment C,H,N,O from C-N+C-C bond break(s) | h_shift_+1 | electron_gain",node_1709;node_5004;node_5064;node_5112;node_5140;node_5936;node_5976;node_6040;node_6060
Nomex,meta-Aramid,C13H8NO,positive,1,194.06058888184,0.772,0.552,23,2,23,fragment_h_shift;recombination,node_1706,"M | fragment C,H,N,O from C-N+C-C bond break(s) | h_shift_-1 | electron_loss",node_1706;node_2852;node_3188;node_3200;node_3296;node_3368;node_3392;node_3644;node_3668;node_3813;node_3833;node_3929;node_3941;node_4999;node_5059;node_5931;node_5971;node_6472;node_6876;node_6900;node_6992;node_7068;node_7200
Nomex,meta-Aramid,C7H3O,positive,1,103.01838971626,0.772,0.552,7,2,7,fragment_h_shift;recombination,node_1720,"M | fragment C,H,O from C-N+C-C bond break(s) | h_shift_-1 | electron_loss",node_1720;node_3734;node_3761;node_4068;node_4127;node_6279;node_6338
Nomex,meta-Aramid,C7H4NO,positive,1,118.02928875292,0.772,0.552,16,2,16,fragment_h_shift;recombination,node_1702,"M | fragment C,H,N,O from C-N+C-C bond break(s) | h_shift_-1 | electron_loss",node_1702;node_1714;node_3196;node_3552;node_3576;node_3718;node_3738;node_3937;node_4036;node_4076;node_4527;node_4587;node_6247;node_6287;node_6892;node_7168
Nomex,meta-Aramid,C7H5N2O,positive,1,133.04018778958,0.772,0.552,12,2,12,fragment_h_shift;recombination,node_1686,"M | fragment C,H,N,O from C-N+C-C bond break(s) | h_shift_-1 | electron_loss",node_1686;node_2844;node_3288;node_3536;node_3556;node_3722;node_4044;node_4503;node_4535;node_6255;node_6452;node_6972
Nomex,meta-Aramid,C14H10N2O2,positive,1,238.0742275703,0.77,0.55,53,2,53,fragment_h_shift;recombination,node_1634,"M | fragment C,H,N,O from C-N bond break(s) | h_shift_-1 | electron_loss",node_1634;node_1670;node_1784;node_1952;node_2132;node_2144;node_2188;node_2204;node_2300;node_2356;node_2460;node_2488;node_2544;node_2732;node_2788;node_2872;node_2972;node_3022;node_3028;node_3072;node_3152;node_3232;node_3320;node_3386;node_3404;node_3474;node_3566;node_3596;node_3654;node_3732;node_3789;node_3823;node_3889;node_4062;node_4553;node_5017;node_5041;node_5185;node_5217;node_5355;node_5457;node_5577;node_5789;node_5849;node_5949;node_6273;node_6718;node_6758;node_6814;node_7050;node_7082;node_7098;node_7130
Nomex,meta-Aramid,C14H12N2O2,negative,-1,240.08987763476,0.77,0.55,4,2,4,fragment_h_shift;recombination,node_1637,"M | fragment C,H,N,O from C-N bond break(s) | h_shift_+1 | electron_gain",node_1637;node_1673;node_5360;node_5480
Nomex,meta-Aramid,C14H9NO2,positive,1,223.06332853364,0.77,0.55,39,2,39,fragment_h_shift;recombination,node_1642,"M | fragment C,H,N,O from C-N bond break(s) | h_shift_-1 | electron_loss",node_1642;node_1800;node_2148;node_2200;node_2228;node_2352;node_2372;node_2560;node_2572;node_2748;node_2796;node_3140;node_3240;node_3340;node_3390;node_3396;node_3440;node_3616;node_3666;node_3748;node_3781;node_3839;node_3851;node_3877;node_4094;node_4943;node_5053;node_5209;node_5269;node_5569;node_5609;node_5981;node_6005;node_6305;node_7062;node_7086;node_7110;node_7194;node_7206
Nomex,meta-Aramid,C14H11NO2,negative,-1,225.0789785981,0.75,0.55,3,2,3,fragment_h_shift;recombination,node_1645,"M | fragment C,H,N,O from C-N bond break(s) | h_shift_+1 | electron_gain",node_1645;node_4948;node_5084
Nomex,meta-Aramid,CHNO,positive,1,43.005813656229996,0.7460000000000002,0.6060000000000001,2,2,2,fragment;fragment_h_shift,node_1611,"M | fragment C,H,N,O from C-N+C-C bond break(s) | electron_loss",node_1611;node_1638
Nomex,meta-Aramid,C6H5N2,negative,-1,105.04527317001,0.744,0.6439999999999999,2,2,1,fragment;fragment_h_shift,node_1586,"M | fragment C,H,N from C-N+C-N bond break(s) | deprotonation",node_1586;node_1683
Nomex,meta-Aramid,C6H7N2,positive,1,107.06092323447,0.744,0.6439999999999999,2,2,1,fragment;fragment_h_shift,node_1585,"M | fragment C,H,N from C-N+C-N bond break(s) | protonation",node_1585;node_1684
Nomex,meta-Aramid,C15H12N2O3,positive,1,268.08479225433,0.736,0.516,45,2,45,parent;recombination,node_1730,node_0002 + node_0029 | single_dehydrogenative_recombination | protonation,node_1527;node_1730;node_1766;node_1822;node_1850;node_1902;node_1982;node_2082;node_2166;node_2246;node_2334;node_2434;node_2526;node_2586;node_2626;node_2682;node_2718;node_3953;node_4025;node_4135;node_4171;node_4279;node_4357;node_4399;node_4451;node_4595;node_4801;node_4897;node_4915;node_5067;node_5229;node_5253;node_5317;node_5329;node_5343;node_5471;node_5589;node_5693;node_5735;node_5845;node_5855;node_5909;node_6091;node_6177;node_6195
Nomex,meta-Aramid,C2H2O2,positive,1,58.0054793036,0.736,0.5660000000000001,6,1,6,recombination,node_1770,node_0002 + node_0049 | single_dehydrogenative_recombination | protonation,node_1770;node_2678;node_4032;node_4117;node_4175;node_6328
Nomex,meta-Aramid,C2H3NO2,positive,1,73.01637834026,0.736,0.5660000000000001,13,1,13,recombination,node_1734,node_0002 + node_0031 | single_dehydrogenative_recombination | protonation,node_1734;node_1898;node_1926;node_2686;node_3961;node_4105;node_4139;node_4213;node_4499;node_4577;node_4619;node_6316;node_6380
Nomex,meta-Aramid,C9H6O3,positive,1,162.03169405209002,0.736,0.5660000000000001,9,1,9,recombination,node_1754,node_0002 + node_0041 | single_dehydrogenative_recombination | protonation,node_1754;node_2310;node_2350;node_2706;node_4001;node_4159;node_5563;node_5649;node_5679
Nomex,meta-Aramid,C9H7NO3,positive,1,177.04259308875,0.736,0.5660000000000001,15,1,15,recombination,node_1746,node_0002 + node_0037 | single_dehydrogenative_recombination | protonation,node_1746;node_1910;node_2158;node_2186;node_2318;node_2698;node_3985;node_4151;node_4467;node_4603;node_5179;node_5257;node_5291;node_5637;node_5717
Nomex,meta-Aramid,C9H8N2O3,positive,1,192.05349212541,0.736,0.5660000000000001,11,1,11,recombination,node_1758,node_0002 + node_0043 | single_dehydrogenative_recombination | protonation,node_1758;node_2402;node_2442;node_2710;node_4009;node_4163;node_5245;node_5325;node_5751;node_5837;node_5863
Nomex,meta-Aramid,C13H11N2O,negative,-1,211.08713798296,0.722,0.502,11,2,11,fragment_h_shift;recombination,node_1693,"M | fragment C,H,N,O from C-N+C-C bond break(s) | h_shift_+1 | electron_gain",node_1693;node_4972;node_5012;node_5096;node_5116;node_5408;node_5468;node_5504;node_5532;node_5944;node_6044
Nomex,meta-Aramid,C13H9N2O,positive,1,209.0714879185,0.722,0.502,27,2,27,fragment_h_shift;recombination,node_1690,"M | fragment C,H,N,O from C-N+C-C bond break(s) | h_shift_-1 | electron_loss",node_1690;node_2836;node_2848;node_2928;node_2996;node_3024;node_3176;node_3280;node_3292;node_3352;node_3372;node_3628;node_3648;node_3817;node_3913;node_4967;node_5007;node_5403;node_5463;node_5939;node_6436;node_6460;node_6600;node_6664;node_6724;node_6956;node_6980
Nomex,meta-Aramid,C15H11N2O3,negative,-1,267.0769672221,0.706,0.48599999999999993,45,2,45,parent;recombination,node_3956,node_0027 + node_0030 | h_transfer_recombination | deprotonation,node_1530;node_1729;node_1765;node_1821;node_1849;node_1901;node_1981;node_2081;node_2165;node_2245;node_2333;node_2433;node_2525;node_2585;node_2625;node_2681;node_2717;node_3956;node_4028;node_4138;node_4174;node_4282;node_4356;node_4402;node_4454;node_4598;node_4800;node_4896;node_4918;node_5070;node_5228;node_5252;node_5316;node_5328;node_5346;node_5474;node_5588;node_5692;node_5738;node_5844;node_5858;node_5908;node_6094;node_6176;node_6198
Nomex,meta-Aramid,C15H13N2O3,positive,1,269.09261728656,0.706,0.48599999999999993,17,2,17,parent;recombination,node_3955,node_0027 + node_0030 | h_transfer_recombination | protonation,node_1529;node_3955;node_4027;node_4137;node_4173;node_4281;node_4401;node_4453;node_4597;node_4917;node_5069;node_5345;node_5473;node_5737;node_5857;node_6093;node_6197
Nomex,meta-Aramid,C2H2NO2,positive,1,72.00855330803,0.706,0.5359999999999999,17,1,17,recombination,node_3959,node_0027 + node_0031 | dehydrogenative_coupling | protonation,node_1732;node_1806;node_1896;node_1924;node_2684;node_2754;node_3490;node_3534;node_3681;node_3959;node_4103;node_4211;node_4497;node_4575;node_6314;node_6378;node_7156
Nomex,meta-Aramid,C2H2NO2,negative,-1,72.00855330803,0.706,0.5359999999999999,13,1,13,recombination,node_3964,node_0027 + node_0032 | h_transfer_recombination | deprotonation,node_1733;node_1897;node_1925;node_2685;node_3964;node_4104;node_4142;node_4212;node_4502;node_4576;node_4622;node_6315;node_6379
Nomex,meta-Aramid,C2H4NO2,positive,1,74.02420337249,0.706,0.5359999999999999,4,1,4,recombination,node_3963,node_0027 + node_0032 | h_transfer_recombination | protonation,node_3963;node_4141;node_4501;node_4621
Nomex,meta-Aramid,C2HO2,positive,1,56.99765427137,0.706,0.5359999999999999,7,1,7,recombination,node_4031,node_0027 + node_0049 | dehydrogenative_coupling | protonation,node_1768;node_2676;node_3674;node_3717;node_4031;node_4115;node_6326
Nomex,meta-Aramid,C2HO2,negative,-1,56.99765427137,0.706,0.5359999999999999,6,1,6,recombination,node_4035,node_0027 + node_0050 | h_transfer_recombination | deprotonation,node_1769;node_2677;node_4035;node_4116;node_4178;node_6327
Nomex,meta-Aramid,C8H7O2,positive,1,135.04460446475,0.706,0.5359999999999999,4,1,4,recombination,node_4019,node_0027 + node_0046 | h_transfer_recombination | protonation,node_4019;node_4169;node_5929;node_6037
Nomex,meta-Aramid,C8H8NO2,positive,1,150.05550350141,0.706,0.5359999999999999,6,1,6,recombination,node_3979,node_0027 + node_0036 | h_transfer_recombination | protonation,node_3979;node_4149;node_4485;node_4613;node_4965;node_5093
Nomex,meta-Aramid,C8H9N2O2,positive,1,165.06640253807,0.706,0.5359999999999999,6,1,6,recombination,node_3995,node_0027 + node_0040 | h_transfer_recombination | protonation,node_3995;node_4157;node_4461;node_4601;node_5377;node_5489
Nomex,meta-Aramid,C9H5O3,positive,1,161.02386901986,0.706,0.5359999999999999,8,1,8,recombination,node_3999,node_0027 + node_0041 | dehydrogenative_coupling | protonation,node_1752;node_2308;node_2348;node_2704;node_3701;node_3999;node_5561;node_5647
Nomex,meta-Aramid,C9H5O3,negative,-1,161.02386901986,0.706,0.5359999999999999,9,1,9,recombination,node_4004,node_0027 + node_0042 | h_transfer_recombination | deprotonation,node_1753;node_2309;node_2349;node_2705;node_4004;node_4162;node_5566;node_5648;node_5682
Nomex,meta-Aramid,C9H6NO3,positive,1,176.03476805652,0.706,0.5359999999999999,15,1,15,recombination,node_3983,node_0027 + node_0037 | dehydrogenative_coupling | protonation,node_1744;node_1908;node_2156;node_2184;node_2316;node_2386;node_2696;node_3518;node_3693;node_3983;node_4465;node_5177;node_5255;node_5635;node_5715
Nomex,meta-Aramid,C9H6NO3,negative,-1,176.03476805652,0.706,0.5359999999999999,15,1,15,recombination,node_3988,node_0027 + node_0038 | h_transfer_recombination | deprotonation,node_1745;node_1909;node_2157;node_2185;node_2317;node_2697;node_3988;node_4154;node_4470;node_4606;node_5182;node_5256;node_5294;node_5636;node_5716
Nomex,meta-Aramid,C9H7N2O3,positive,1,191.04566709318001,0.706,0.5359999999999999,12,1,12,recombination,node_4007,node_0027 + node_0043 | dehydrogenative_coupling | protonation,node_1756;node_2218;node_2400;node_2440;node_2708;node_3510;node_3705;node_4007;node_5243;node_5323;node_5749;node_5835
Nomex,meta-Aramid,C9H7N2O3,negative,-1,191.04566709318001,0.706,0.5359999999999999,11,1,11,recombination,node_4012,node_0027 + node_0044 | h_transfer_recombination | deprotonation,node_1757;node_2401;node_2441;node_2709;node_4012;node_4166;node_5244;node_5324;node_5754;node_5836;node_5866
Nomex,meta-Aramid,C9H7O3,positive,1,163.03951908432,0.706,0.5359999999999999,4,1,4,recombination,node_4003,node_0027 + node_0042 | h_transfer_recombination | protonation,node_4003;node_4161;node_5565;node_5681
Nomex,meta-Aramid,C9H8NO3,positive,1,178.05041812098,0.706,0.5359999999999999,6,1,6,recombination,node_3987,node_0027 + node_0038 | h_transfer_recombination | protonation,node_3987;node_4153;node_4469;node_4605;node_5181;node_5293
Nomex,meta-Aramid,C9H9N2O3,positive,1,193.06131715764,0.706,0.5359999999999999,4,1,4,recombination,node_4011,node_0027 + node_0044 | h_transfer_recombination | protonation,node_4011;node_4165;node_5753;node_5865
Nomex,meta-Aramid,C6H4,positive,1,76.03130012892,0.6960000000000002,0.6060000000000001,2,1,2,fragment,node_1595,"M | fragment C,H from C-N+C-N bond break(s) | electron_loss",node_1595;node_1626
Nomex,meta-Aramid,C6H4,negative,-1,76.03130012892,0.6960000000000002,0.6060000000000001,2,1,2,fragment,node_1596,"M | fragment C,H from C-N+C-N bond break(s) | electron_gain",node_1596;node_1627
Nomex,meta-Aramid,C6H5N,positive,1,91.04219916558,0.6960000000000002,0.6060000000000001,2,1,2,fragment,node_1579,"M | fragment C,H,N from C-N+C-N bond break(s) | electron_loss",node_1579;node_1599
Nomex,meta-Aramid,C6H5N,negative,-1,91.04219916558,0.6960000000000002,0.6060000000000001,2,1,2,fragment,node_1580,"M | fragment C,H,N from C-N+C-N bond break(s) | electron_gain",node_1580;node_1600
Nomex,meta-Aramid,CH2O,negative,-1,30.01056468403,0.6900000000000002,0.6000000000000001,2,1,2,fragment_h_shift,node_1633,"M | fragment C,H,O from C-N bond break(s) | h_shift_+1 | electron_gain",node_1633;node_1677
Nomex,meta-Aramid,C13H9O,positive,1,181.06533990964,0.688,0.518,12,1,12,recombination,node_2554,node_0011 + node_0059 | single_dehydrogenative_recombination | protonation,node_2554;node_2582;node_3158;node_3895;node_5967;node_6027;node_6055;node_6083;node_6916;node_6948;node_7228;node_7232
Nomex,meta-Aramid,C2H3N2O2,positive,1,87.01945234469,0.688,0.518,4,1,4,recombination,node_1958,node_0004 + node_0067 | single_dehydrogenative_recombination | protonation,node_1958;node_3498;node_4563;node_4651
Nomex,meta-Aramid,C8H8N3O2,positive,1,178.06165151027,0.688,0.518,10,1,10,recombination,node_1934,node_0004 + node_0055 | single_dehydrogenative_recombination | protonation,node_1934;node_2294;node_2946;node_3514;node_4515;node_4627;node_5439;node_5519;node_6700;node_6752
Nomex,meta-Aramid,C14H13N3O2,positive,1,255.10077667142,0.6859999999999999,0.516,16,1,16,recombination,node_2086,node_0006 + node_0039 | single_dehydrogenative_recombination | protonation,node_2086;node_2242;node_4525;node_4633;node_4923;node_4989;node_5071;node_5105;node_5425;node_5449;node_5513;node_5525;node_5761;node_5801;node_5869;node_5889
Nomex,meta-Aramid,C15H10O3,positive,1,238.06299418101,0.6859999999999999,0.516,6,1,6,recombination,node_2342,node_0009 + node_0045 | single_dehydrogenative_recombination | protonation,node_2342;node_2522;node_5547;node_5657;node_5671;node_5725
Nomex,meta-Aramid,C15H11NO3,positive,1,253.07389321767,0.6859999999999999,0.516,23,1,23,recombination,node_1738,node_0002 + node_0033 | single_dehydrogenative_recombination | protonation,node_1738;node_1974;node_2014;node_2090;node_2178;node_2326;node_2514;node_2690;node_3969;node_4143;node_4727;node_4813;node_4859;node_4931;node_5075;node_5163;node_5265;node_5283;node_5333;node_5621;node_5645;node_5709;node_5721
Nomex,meta-Aramid,C15H13N3O3,positive,1,283.09569129099,0.6859999999999999,0.516,18,1,18,recombination,node_1922,node_0004 + node_0047 | single_dehydrogenative_recombination | protonation,node_1922;node_2094;node_2418;node_2594;node_4345;node_4433;node_4491;node_4615;node_4939;node_5079;node_5197;node_5301;node_5809;node_5833;node_5893;node_5905;node_6165;node_6233
Nomex,meta-Aramid,C15H14N4O3,positive,1,298.10659032765,0.6859999999999999,0.516,6,1,6,recombination,node_2250,node_0008 + node_0043 | single_dehydrogenative_recombination | protonation,node_2250;node_2426;node_5351;node_5475;node_5777;node_5877
Nomex,meta-Aramid,C16H11NO4,positive,1,281.06880783724,0.6859999999999999,0.516,4,1,4,recombination,node_2170,node_0007 + node_0041 | single_dehydrogenative_recombination | protonation,node_2170;node_2330;node_5147;node_5275
Nomex,meta-Aramid,C16H12N2O4,positive,1,296.0797068739,0.6859999999999999,0.516,4,1,4,recombination,node_2338,node_0009 + node_0043 | single_dehydrogenative_recombination | protonation,node_2338;node_2430;node_5539;node_5667
Nomex,meta-Aramid,C16H13N3O4,positive,1,311.09060591056,0.6859999999999999,0.516,4,1,4,recombination,node_2174,node_0007 + node_0043 | single_dehydrogenative_recombination | protonation,node_2174;node_2422;node_5155;node_5279
Nomex,meta-Aramid,C21H15NO3,positive,1,329.10519334659,0.6859999999999999,0.516,8,1,8,recombination,node_2006,node_0005 + node_0045 | single_dehydrogenative_recombination | protonation,node_2006;node_2506;node_4711;node_4821;node_4851;node_4905;node_5629;node_5713
Nomex,meta-Aramid,C21H16N2O3,positive,1,344.11609238325,0.6859999999999999,0.516,24,1,24,recombination,node_1842,node_0003 + node_0045 | single_dehydrogenative_recombination | protonation,node_1842;node_1986;node_2078;node_2498;node_2530;node_2622;node_4263;node_4365;node_4391;node_4441;node_4671;node_4785;node_4809;node_4831;node_4889;node_4901;node_5237;node_5321;node_5597;node_5697;node_5919;node_6031;node_6185;node_6241
Nomex,meta-Aramid,C21H17N3O3,positive,1,359.12699141991,0.6859999999999999,0.516,26,1,26,recombination,node_1830,node_0003 + node_0035 | single_dehydrogenative_recombination | protonation,node_1830;node_1994;node_2070;node_2102;node_2238;node_2602;node_4239;node_4329;node_4353;node_4379;node_4425;node_4437;node_4687;node_4753;node_4839;node_4873;node_4955;node_5087;node_5205;node_5305;node_5817;node_5897;node_6149;node_6173;node_6225;node_6237
Nomex,meta-Aramid,C21H18N4O3,positive,1,374.13789045657,0.6859999999999999,0.516,10,1,10,recombination,node_2258,node_0008 + node_0047 | single_dehydrogenative_recombination | protonation,node_2258;node_2610;node_4297;node_4409;node_5367;node_5483;node_5785;node_5881;node_6117;node_6209
Nomex,meta-Aramid,C22H15NO4,positive,1,357.10010796616,0.6859999999999999,0.516,4,1,4,recombination,node_1998,node_0005 + node_0041 | single_dehydrogenative_recombination | protonation,node_1998;node_2322;node_4695;node_4843
Nomex,meta-Aramid,C22H16N2O4,positive,1,372.11100700282,0.6859999999999999,0.516,12,1,12,recombination,node_1834,node_0003 + node_0041 | single_dehydrogenative_recombination | protonation,node_1834;node_1990;node_2162;node_2314;node_2346;node_2614;node_4247;node_4383;node_4679;node_4835;node_5555;node_5675
Nomex,meta-Aramid,C22H17N3O4,positive,1,387.12190603948,0.6859999999999999,0.516,8,1,8,recombination,node_2002,node_0005 + node_0043 | single_dehydrogenative_recombination | protonation,node_2002;node_2182;node_2414;node_2606;node_4703;node_4847;node_5171;node_5287
Nomex,meta-Aramid,C22H18N4O4,positive,1,402.13280507614,0.6859999999999999,0.516,8,1,8,recombination,node_1838,node_0003 + node_0043 | single_dehydrogenative_recombination | protonation,node_1838;node_2406;node_2438;node_2618;node_4255;node_4387;node_5743;node_5859
Nomex,meta-Aramid,C28H21N3O4,positive,1,463.1532061684,0.6859999999999999,0.516,8,1,8,recombination,node_1826,node_0003 + node_0033 | single_dehydrogenative_recombination | protonation,node_1826;node_1978;node_2010;node_2598;node_4231;node_4375;node_4719;node_4855
Nomex,meta-Aramid,C28H22N4O4,positive,1,478.16410520505997,0.6859999999999999,0.516,4,1,4,recombination,node_1846,node_0003 + node_0047 | single_dehydrogenative_recombination | protonation,node_1846;node_2590;node_4271;node_4395
Nomex,meta-Aramid,C9H9N3O3,positive,1,207.06439116207,0.6859999999999999,0.516,6,1,6,recombination,node_1914,node_0004 + node_0043 | single_dehydrogenative_recombination | protonation,node_1914;node_2410;node_4475;node_4607;node_5825;node_5901
Nomex,meta-Aramid,C2HNO2,negative,-1,71.0007282758,0.6759999999999999,0.506,17,1,17,recombination,node_1735,node_0002 + node_0031 | single_dehydrogenative_recombination | deprotonation,node_1735;node_1805;node_1899;node_1927;node_2687;node_2753;node_3489;node_3533;node_3680;node_3958;node_4106;node_4214;node_4496;node_4578;node_6317;node_6381;node_7155
Nomex,meta-Aramid,C2O2,negative,-1,55.98982923914,0.6759999999999999,0.506,7,1,7,recombination,node_1771,node_0002 + node_0049 | single_dehydrogenative_recombination | deprotonation,node_1771;node_2679;node_3673;node_3716;node_4030;node_4118;node_6329
Nomex,meta-Aramid,C9H4O3,negative,-1,160.01604398763,0.6759999999999999,0.506,8,1,8,recombination,node_1755,node_0002 + node_0041 | single_dehydrogenative_recombination | deprotonation,node_1755;node_2311;node_2351;node_2707;node_3700;node_3998;node_5560;node_5650
Nomex,meta-Aramid,C9H5NO3,negative,-1,175.02694302429,0.6759999999999999,0.506,15,1,15,recombination,node_1747,node_0002 + node_0037 | single_dehydrogenative_recombination | deprotonation,node_1747;node_1911;node_2159;node_2187;node_2319;node_2385;node_2699;node_3517;node_3692;node_3982;node_4464;node_5176;node_5258;node_5638;node_5718
Nomex,meta-Aramid,C9H6N2O3,negative,-1,190.03784206095,0.6759999999999999,0.506,12,1,12,recombination,node_1759,node_0002 + node_0043 | single_dehydrogenative_recombination | deprotonation,node_1759;node_2217;node_2403;node_2443;node_2711;node_3509;node_3704;node_4006;node_5246;node_5326;node_5748;node_5838
Nomex,meta-Aramid,C15H12N2O3,negative,-1,268.08479225433,0.6680000000000001,0.448,17,2,17,parent;recombination,node_3954,node_0027 + node_0030 | h_transfer_recombination | electron_gain,node_1528;node_3954;node_4026;node_4136;node_4172;node_4280;node_4400;node_4452;node_4596;node_4916;node_5068;node_5344;node_5472;node_5736;node_5856;node_6092;node_6196
Nomex,meta-Aramid,C2H3NO2,negative,-1,73.01637834026,0.6679999999999999,0.498,4,1,4,recombination,node_3962,node_0027 + node_0032 | h_transfer_recombination | electron_gain,node_3962;node_4140;node_4500;node_4620
Nomex,meta-Aramid,C9H6O3,negative,-1,162.03169405209002,0.6679999999999999,0.498,4,1,4,recombination,node_4002,node_0027 + node_0042 | h_transfer_recombination | electron_gain,node_4002;node_4160;node_5564;node_5680
Nomex,meta-Aramid,C9H7NO3,negative,-1,177.04259308875,0.6679999999999999,0.498,6,1,6,recombination,node_3986,node_0027 + node_0038 | h_transfer_recombination | electron_gain,node_3986;node_4152;node_4468;node_4604;node_5180;node_5292
Nomex,meta-Aramid,C9H8N2O3,negative,-1,192.05349212541,0.6679999999999999,0.498,4,1,4,recombination,node_4010,node_0027 + node_0044 | h_transfer_recombination | electron_gain,node_4010;node_4164;node_5752;node_5864
Nomex,meta-Aramid,C2H,negative,-1,25.00782503223,0.6580000000000001,0.6580000000000001,1,1,1,feature_rule,node_1494,M | universal_hydrocarbon | hydrocarbon_small_fragments | small_hc_C2H,node_1494
Nomex,meta-Aramid,C2H3,positive,1,27.02347509669,0.6580000000000001,0.6580000000000001,1,1,1,feature_rule,node_1476,M | universal_hydrocarbon | hydrocarbon_small_fragments | small_hc_C2H3,node_1476
Nomex,meta-Aramid,C2H5,positive,1,29.03912516115,0.6580000000000001,0.6580000000000001,1,1,1,feature_rule,node_1477,M | universal_hydrocarbon | hydrocarbon_small_fragments | small_hc_C2H5,node_1477
Nomex,meta-Aramid,C3,negative,-1,36.0,0.6580000000000001,0.6580000000000001,1,1,1,feature_rule,node_1495,M | universal_hydrocarbon | hydrocarbon_small_fragments | small_hc_C3,node_1495
Nomex,meta-Aramid,C3H,negative,-1,37.00782503223,0.6580000000000001,0.6580000000000001,1,1,1,feature_rule,node_1496,M | universal_hydrocarbon | hydrocarbon_small_fragments | small_hc_C3H,node_1496
Nomex,meta-Aramid,C3H3,positive,1,39.02347509669,0.6580000000000001,0.6580000000000001,1,1,1,feature_rule,node_1478,M | universal_hydrocarbon | hydrocarbon_small_fragments | small_hc_C3H3,node_1478
Nomex,meta-Aramid,C3H5,positive,1,41.03912516115,0.6580000000000001,0.6580000000000001,1,1,1,feature_rule,node_1479,M | universal_hydrocarbon | hydrocarbon_small_fragments | small_hc_C3H5,node_1479
Nomex,meta-Aramid,C3H7,positive,1,43.05477522561,0.6580000000000001,0.6580000000000001,1,1,1,feature_rule,node_1480,M | universal_hydrocarbon | hydrocarbon_small_fragments | small_hc_C3H7,node_1480
Nomex,meta-Aramid,C4,negative,-1,48.0,0.6580000000000001,0.6580000000000001,1,1,1,feature_rule,node_1497,M | universal_hydrocarbon | hydrocarbon_small_fragments | small_hc_C4,node_1497
Nomex,meta-Aramid,C4H,negative,-1,49.00782503223,0.6580000000000001,0.6580000000000001,1,1,1,feature_rule,node_1498,M | universal_hydrocarbon | hydrocarbon_small_fragments | small_hc_C4H,node_1498
Nomex,meta-Aramid,C4H3,positive,1,51.02347509669,0.6580000000000001,0.6580000000000001,1,1,1,feature_rule,node_1481,M | universal_hydrocarbon | hydrocarbon_small_fragments | small_hc_C4H3,node_1481
Nomex,meta-Aramid,C4H5,positive,1,53.03912516115,0.6580000000000001,0.6580000000000001,1,1,1,feature_rule,node_1482,M | universal_hydrocarbon | hydrocarbon_small_fragments | small_hc_C4H5,node_1482
Nomex,meta-Aramid,C4H7,positive,1,55.05477522561,0.6580000000000001,0.6580000000000001,1,1,1,feature_rule,node_1483,M | universal_hydrocarbon | hydrocarbon_small_fragments | small_hc_C4H7,node_1483
Nomex,meta-Aramid,C4H9,positive,1,57.07042529007,0.6580000000000001,0.6580000000000001,1,1,1,feature_rule,node_1484,M | universal_hydrocarbon | hydrocarbon_small_fragments | small_hc_C4H9,node_1484
Nomex,meta-Aramid,C5,negative,-1,60.0,0.6580000000000001,0.6580000000000001,1,1,1,feature_rule,node_1499,M | universal_hydrocarbon | hydrocarbon_small_fragments | small_hc_C5,node_1499
Nomex,meta-Aramid,C5H,negative,-1,61.00782503223,0.6580000000000001,0.6580000000000001,1,1,1,feature_rule,node_1500,M | universal_hydrocarbon | hydrocarbon_small_fragments | small_hc_C5H,node_1500
Nomex,meta-Aramid,C5H11,positive,1,71.08607535453,0.6580000000000001,0.6580000000000001,1,1,1,feature_rule,node_1488,M | universal_hydrocarbon | hydrocarbon_small_fragments | small_hc_C5H11,node_1488
Nomex,meta-Aramid,C5H5,positive,1,65.03912516115,0.6580000000000001,0.6580000000000001,1,1,1,feature_rule,node_1485,M | universal_hydrocarbon | hydrocarbon_small_fragments | small_hc_C5H5,node_1485
Nomex,meta-Aramid,C5H7,positive,1,67.05477522561,0.6580000000000001,0.6580000000000001,1,1,1,feature_rule,node_1486,M | universal_hydrocarbon | hydrocarbon_small_fragments | small_hc_C5H7,node_1486
Nomex,meta-Aramid,C5H9,positive,1,69.07042529007,0.6580000000000001,0.6580000000000001,1,1,1,feature_rule,node_1487,M | universal_hydrocarbon | hydrocarbon_small_fragments | small_hc_C5H9,node_1487
Nomex,meta-Aramid,C6,negative,-1,72.0,0.6580000000000001,0.6580000000000001,1,1,1,feature_rule,node_1501,M | universal_hydrocarbon | hydrocarbon_small_fragments | small_hc_C6,node_1501
Nomex,meta-Aramid,C6H,negative,-1,73.00782503223,0.6580000000000001,0.6580000000000001,1,1,1,feature_rule,node_1502,M | universal_hydrocarbon | hydrocarbon_small_fragments | small_hc_C6H,node_1502
Nomex,meta-Aramid,C6H11,positive,1,83.08607535453,0.6580000000000001,0.6580000000000001,1,1,1,feature_rule,node_1492,M | universal_hydrocarbon | hydrocarbon_small_fragments | small_hc_C6H11,node_1492
Nomex,meta-Aramid,C6H7,positive,1,79.05477522561,0.6580000000000001,0.6580000000000001,1,1,1,feature_rule,node_1490,M | universal_hydrocarbon | hydrocarbon_small_fragments | small_hc_C6H7,node_1490
Nomex,meta-Aramid,C6H9,positive,1,81.07042529007,0.6580000000000001,0.6580000000000001,1,1,1,feature_rule,node_1491,M | universal_hydrocarbon | hydrocarbon_small_fragments | small_hc_C6H9,node_1491
Nomex,meta-Aramid,C13H10O,positive,1,182.07316494187,0.6579999999999999,0.488,4,1,4,recombination,node_5969,node_0045 + node_0060 | h_transfer_recombination | protonation,node_5969;node_6029;node_6057;node_6085
Nomex,meta-Aramid,C13H11NO,positive,1,197.08406397853,0.6579999999999999,0.488,8,1,8,recombination,node_5005,node_0035 + node_0060 | h_transfer_recombination | protonation,node_5005;node_5065;node_5113;node_5141;node_5937;node_5977;node_6041;node_6061
Nomex,meta-Aramid,C13H8O,positive,1,180.05751487741,0.6579999999999999,0.488,14,1,14,recombination,node_5965,node_0045 + node_0059 | dehydrogenative_coupling | protonation,node_2552;node_2580;node_3156;node_3206;node_3831;node_3855;node_3893;node_3947;node_5965;node_6025;node_6914;node_6946;node_7226;node_7230
Nomex,meta-Aramid,C13H8O,negative,-1,180.05751487741,0.6579999999999999,0.488,12,1,12,recombination,node_5970,node_0045 + node_0060 | h_transfer_recombination | deprotonation,node_2553;node_2581;node_3157;node_3894;node_5970;node_6030;node_6058;node_6086;node_6915;node_6947;node_7227;node_7231
Nomex,meta-Aramid,C2H2N2O2,negative,-1,86.01162731245999,0.6579999999999999,0.488,4,1,4,recombination,node_4566,node_0031 + node_0068 | h_transfer_recombination | deprotonation,node_1957;node_3497;node_4566;node_4654
Nomex,meta-Aramid,C2HNO2,positive,1,71.0007282758,0.6579999999999999,0.488,11,1,11,recombination,node_4102,node_0027 + node_0067 | dehydrogenative_coupling | protonation,node_1804;node_2752;node_3488;node_3532;node_3679;node_3752;node_3957;node_4102;node_4495;node_6313;node_7154
Nomex,meta-Aramid,C8H7N3O2,positive,1,177.05382647804,0.6579999999999999,0.488,10,1,10,recombination,node_4513,node_0031 + node_0055 | dehydrogenative_coupling | protonation,node_1932;node_2292;node_2944;node_3014;node_3512;node_3546;node_4513;node_5437;node_6698;node_6750
Nomex,meta-Aramid,C8H7N3O2,negative,-1,177.05382647804,0.6579999999999999,0.488,10,1,10,recombination,node_4518,node_0031 + node_0056 | h_transfer_recombination | deprotonation,node_1933;node_2293;node_2945;node_3513;node_4518;node_4630;node_5442;node_5522;node_6699;node_6751
Nomex,meta-Aramid,C8H9N3O2,positive,1,179.0694765425,0.6579999999999999,0.488,4,1,4,recombination,node_4517,node_0031 + node_0056 | h_transfer_recombination | protonation,node_4517;node_4629;node_5441;node_5521
Nomex,meta-Aramid,C9H5NO3,positive,1,175.02694302429,0.6579999999999999,0.488,7,1,7,recombination,node_5633,node_0041 + node_0067 | dehydrogenative_coupling | protonation,node_2384;node_3516;node_3691;node_3981;node_4463;node_5175;node_5633
Nomex,meta-Aramid,C9H6N2O3,positive,1,190.03784206095,0.6579999999999999,0.488,6,1,6,recombination,node_5241,node_0037 + node_0067 | dehydrogenative_coupling | protonation,node_2216;node_3508;node_3703;node_4005;node_5241;node_5747
Nomex,meta-Aramid,C14H12N3O2,positive,1,254.09295163919,0.6559999999999999,0.48599999999999993,33,1,33,recombination,node_4921,node_0035 + node_0039 | dehydrogenative_coupling | protonation,node_1938;node_2084;node_2118;node_2240;node_2286;node_2298;node_2446;node_2466;node_2802;node_2954;node_3038;node_3246;node_3330;node_3606;node_4523;node_4631;node_4921;node_4987;node_5103;node_5423;node_5447;node_5511;node_5523;node_5759;node_5799;node_5867;node_5887;node_6684;node_6708;node_6744;node_6756;node_6804;node_6852
Nomex,meta-Aramid,C14H12N3O2,negative,-1,254.09295163919,0.6559999999999999,0.48599999999999993,16,1,16,recombination,node_4926,node_0035 + node_0040 | h_transfer_recombination | deprotonation,node_2085;node_2241;node_4524;node_4632;node_4926;node_4988;node_5074;node_5104;node_5424;node_5448;node_5512;node_5524;node_5760;node_5800;node_5868;node_5888
Nomex,meta-Aramid,C15H10NO3,positive,1,252.06606818544,0.6559999999999999,0.48599999999999993,26,1,26,recombination,node_3967,node_0027 + node_0033 | dehydrogenative_coupling | protonation,node_1736;node_1972;node_2012;node_2088;node_2176;node_2226;node_2324;node_2378;node_2390;node_2512;node_2688;node_3334;node_3610;node_3685;node_3787;node_3967;node_4725;node_4811;node_4929;node_5161;node_5263;node_5331;node_5619;node_5643;node_5707;node_5719
Nomex,meta-Aramid,C15H10NO3,negative,-1,252.06606818544,0.6559999999999999,0.48599999999999993,23,1,23,recombination,node_3972,node_0027 + node_0034 | h_transfer_recombination | deprotonation,node_1737;node_1973;node_2013;node_2089;node_2177;node_2325;node_2513;node_2689;node_3972;node_4146;node_4730;node_4812;node_4862;node_4934;node_5078;node_5166;node_5264;node_5286;node_5332;node_5620;node_5644;node_5708;node_5720
Nomex,meta-Aramid,C15H11N2O3,positive,1,267.0769672221,0.6559999999999999,0.48599999999999993,48,1,48,recombination,node_3951,node_0027 + node_0029 | dehydrogenative_coupling | protonation,node_1728;node_1764;node_1820;node_1848;node_1900;node_1980;node_2050;node_2080;node_2164;node_2210;node_2222;node_2244;node_2332;node_2362;node_2432;node_2486;node_2524;node_2584;node_2624;node_2680;node_2716;node_2966;node_3326;node_3502;node_3602;node_3677;node_3713;node_3799;node_3951;node_4023;node_4277;node_4355;node_4449;node_4799;node_4895;node_4913;node_5227;node_5251;node_5315;node_5327;node_5341;node_5587;node_5691;node_5733;node_5843;node_5907;node_6089;node_6175
Nomex,meta-Aramid,C15H12N3O3,positive,1,282.08786625876,0.6559999999999999,0.48599999999999993,26,1,26,recombination,node_4489,node_0031 + node_0047 | dehydrogenative_coupling | protonation,node_1882;node_1920;node_2092;node_2194;node_2416;node_2470;node_2482;node_2592;node_2662;node_2958;node_3338;node_3494;node_3530;node_3614;node_4343;node_4431;node_4489;node_4937;node_5195;node_5299;node_5807;node_5831;node_5891;node_5903;node_6163;node_6231
Nomex,meta-Aramid,C15H12N3O3,negative,-1,282.08786625876,0.6559999999999999,0.48599999999999993,18,1,18,recombination,node_4494,node_0031 + node_0048 | h_transfer_recombination | deprotonation,node_1921;node_2093;node_2417;node_2593;node_4344;node_4432;node_4494;node_4618;node_4942;node_5082;node_5196;node_5300;node_5808;node_5832;node_5892;node_5904;node_6164;node_6232
Nomex,meta-Aramid,C15H12NO3,positive,1,254.0817182499,0.6559999999999999,0.48599999999999993,8,1,8,recombination,node_3971,node_0027 + node_0034 | h_transfer_recombination | protonation,node_3971;node_4145;node_4729;node_4861;node_4933;node_5077;node_5165;node_5285
Nomex,meta-Aramid,C15H13N4O3,positive,1,297.09876529542,0.6559999999999999,0.48599999999999993,7,1,7,recombination,node_5349,node_0039 + node_0043 | dehydrogenative_coupling | protonation,node_2248;node_2424;node_2454;node_2970;node_5349;node_5775;node_5875
Nomex,meta-Aramid,C15H13N4O3,negative,-1,297.09876529542,0.6559999999999999,0.48599999999999993,6,1,6,recombination,node_5354,node_0039 + node_0044 | h_transfer_recombination | deprotonation,node_2249;node_2425;node_5354;node_5478;node_5776;node_5876
Nomex,meta-Aramid,C15H14N3O3,positive,1,284.10351632322,0.6559999999999999,0.48599999999999993,4,1,4,recombination,node_4493,node_0031 + node_0048 | h_transfer_recombination | protonation,node_4493;node_4617;node_4941;node_5081
Nomex,meta-Aramid,C15H9O3,positive,1,237.05516914878,0.6559999999999999,0.48599999999999993,7,1,7,recombination,node_5545,node_0041 + node_0045 | dehydrogenative_coupling | protonation,node_2340;node_2394;node_2520;node_3795;node_5545;node_5655;node_5723
Nomex,meta-Aramid,C15H9O3,negative,-1,237.05516914878,0.6559999999999999,0.48599999999999993,6,1,6,recombination,node_5550,node_0041 + node_0046 | h_transfer_recombination | deprotonation,node_2341;node_2521;node_5550;node_5656;node_5674;node_5724
Nomex,meta-Aramid,C16H10NO4,negative,-1,280.06098280501,0.6559999999999999,0.48599999999999993,4,1,4,recombination,node_5150,node_0037 + node_0042 | h_transfer_recombination | deprotonation,node_2169;node_2329;node_5150;node_5278
Nomex,meta-Aramid,C16H11N2O4,negative,-1,295.07188184167,0.6559999999999999,0.48599999999999993,4,1,4,recombination,node_5542,node_0041 + node_0044 | h_transfer_recombination | deprotonation,node_2337;node_2429;node_5542;node_5670
Nomex,meta-Aramid,C16H12N3O4,negative,-1,310.08278087833,0.6559999999999999,0.48599999999999993,4,1,4,recombination,node_5158,node_0037 + node_0044 | h_transfer_recombination | deprotonation,node_2173;node_2421;node_5158;node_5282
Nomex,meta-Aramid,C21H14NO3,positive,1,328.09736831436,0.6559999999999999,0.48599999999999993,11,1,11,recombination,node_4709,node_0033 + node_0045 | dehydrogenative_coupling | protonation,node_2004;node_2058;node_2382;node_2504;node_3426;node_3779;node_4709;node_4819;node_4903;node_5627;node_5711
Nomex,meta-Aramid,C21H14NO3,negative,-1,328.09736831436,0.6559999999999999,0.48599999999999993,8,1,8,recombination,node_4714,node_0033 + node_0046 | h_transfer_recombination | deprotonation,node_2005;node_2505;node_4714;node_4820;node_4854;node_4904;node_5628;node_5712
Nomex,meta-Aramid,C21H15N2O3,positive,1,343.10826735102,0.6559999999999999,0.48599999999999993,33,1,33,recombination,node_4261,node_0029 + node_0045 | dehydrogenative_coupling | protonation,node_1840;node_1890;node_1984;node_2042;node_2054;node_2076;node_2214;node_2366;node_2496;node_2528;node_2620;node_2670;node_3058;node_3318;node_3418;node_3594;node_3771;node_3807;node_4261;node_4363;node_4439;node_4669;node_4783;node_4807;node_4887;node_4899;node_5235;node_5319;node_5595;node_5695;node_5917;node_6183;node_6239
Nomex,meta-Aramid,C21H15N2O3,negative,-1,343.10826735102,0.6559999999999999,0.48599999999999993,24,1,24,recombination,node_4266,node_0029 + node_0046 | h_transfer_recombination | deprotonation,node_1841;node_1985;node_2077;node_2497;node_2529;node_2621;node_4266;node_4364;node_4394;node_4440;node_4674;node_4784;node_4808;node_4834;node_4888;node_4900;node_5236;node_5320;node_5596;node_5696;node_5922;node_6034;node_6184;node_6240
Nomex,meta-Aramid,C21H16N3O3,positive,1,358.11916638768,0.6559999999999999,0.48599999999999993,37,1,37,recombination,node_4237,node_0029 + node_0035 | dehydrogenative_coupling | protonation,node_1828;node_1874;node_1886;node_1992;node_2026;node_2068;node_2100;node_2198;node_2236;node_2474;node_2600;node_2654;node_2666;node_2950;node_3050;node_3310;node_3346;node_3430;node_3586;node_3622;node_4237;node_4327;node_4351;node_4423;node_4435;node_4685;node_4751;node_4871;node_4953;node_5203;node_5303;node_5815;node_5895;node_6147;node_6171;node_6223;node_6235
Nomex,meta-Aramid,C21H16N3O3,negative,-1,358.11916638768,0.6559999999999999,0.48599999999999993,26,1,26,recombination,node_4242,node_0029 + node_0036 | h_transfer_recombination | deprotonation,node_1829;node_1993;node_2069;node_2101;node_2237;node_2601;node_4242;node_4328;node_4352;node_4382;node_4424;node_4436;node_4690;node_4752;node_4842;node_4872;node_4958;node_5090;node_5204;node_5304;node_5816;node_5896;node_6148;node_6172;node_6224;node_6236
Nomex,meta-Aramid,C21H17N2O3,positive,1,345.12391741548,0.6559999999999999,0.48599999999999993,6,1,6,recombination,node_4265,node_0029 + node_0046 | h_transfer_recombination | protonation,node_4265;node_4393;node_4673;node_4833;node_5921;node_6033
Nomex,meta-Aramid,C21H17N4O3,positive,1,373.13006542434,0.6559999999999999,0.48599999999999993,15,1,15,recombination,node_5365,node_0039 + node_0047 | dehydrogenative_coupling | protonation,node_1858;node_2256;node_2458;node_2608;node_2638;node_2942;node_2978;node_3062;node_4295;node_4407;node_5365;node_5783;node_5879;node_6115;node_6207
Nomex,meta-Aramid,C21H17N4O3,negative,-1,373.13006542434,0.6559999999999999,0.48599999999999993,10,1,10,recombination,node_5370,node_0039 + node_0048 | h_transfer_recombination | deprotonation,node_2257;node_2609;node_4296;node_4408;node_5370;node_5486;node_5784;node_5880;node_6116;node_6208
Nomex,meta-Aramid,C21H18N3O3,positive,1,360.13481645214,0.6559999999999999,0.48599999999999993,6,1,6,recombination,node_4241,node_0029 + node_0036 | h_transfer_recombination | protonation,node_4241;node_4381;node_4689;node_4841;node_4957;node_5089
Nomex,meta-Aramid,C22H14NO4,negative,-1,356.09228293393,0.6559999999999999,0.48599999999999993,4,1,4,recombination,node_4698,node_0033 + node_0042 | h_transfer_recombination | deprotonation,node_1997;node_2321;node_4698;node_4846
Nomex,meta-Aramid,C22H15N2O4,positive,1,371.10318197059,0.6559999999999999,0.48599999999999993,9,1,9,recombination,node_4245,node_0029 + node_0041 | dehydrogenative_coupling | protonation,node_1832;node_1988;node_2160;node_2312;node_2344;node_2612;node_4245;node_4677;node_5553
Nomex,meta-Aramid,C22H15N2O4,negative,-1,371.10318197059,0.6559999999999999,0.48599999999999993,12,1,12,recombination,node_4250,node_0029 + node_0042 | h_transfer_recombination | deprotonation,node_1833;node_1989;node_2161;node_2313;node_2345;node_2613;node_4250;node_4386;node_4682;node_4838;node_5558;node_5678
Nomex,meta-Aramid,C22H16N3O4,positive,1,386.11408100725,0.6559999999999999,0.48599999999999993,6,1,6,recombination,node_4701,node_0033 + node_0043 | dehydrogenative_coupling | protonation,node_2000;node_2180;node_2412;node_2604;node_4701;node_5169
Nomex,meta-Aramid,C22H16N3O4,negative,-1,386.11408100725,0.6559999999999999,0.48599999999999993,8,1,8,recombination,node_4706,node_0033 + node_0044 | h_transfer_recombination | deprotonation,node_2001;node_2181;node_2413;node_2605;node_4706;node_4850;node_5174;node_5290
Nomex,meta-Aramid,C22H17N2O4,positive,1,373.11883203505,0.6559999999999999,0.48599999999999993,6,1,6,recombination,node_4249,node_0029 + node_0042 | h_transfer_recombination | protonation,node_4249;node_4385;node_4681;node_4837;node_5557;node_5677
Nomex,meta-Aramid,C22H17N4O4,positive,1,401.12498004391,0.6559999999999999,0.48599999999999993,6,1,6,recombination,node_4253,node_0029 + node_0043 | dehydrogenative_coupling | protonation,node_1836;node_2404;node_2436;node_2616;node_4253;node_5741
Nomex,meta-Aramid,C22H17N4O4,negative,-1,401.12498004391,0.6559999999999999,0.48599999999999993,8,1,8,recombination,node_4258,node_0029 + node_0044 | h_transfer_recombination | deprotonation,node_1837;node_2405;node_2437;node_2617;node_4258;node_4390;node_5746;node_5862
Nomex,meta-Aramid,C22H18N3O4,positive,1,388.12973107171,0.6559999999999999,0.48599999999999993,4,1,4,recombination,node_4705,node_0033 + node_0044 | h_transfer_recombination | protonation,node_4705;node_4849;node_5173;node_5289
Nomex,meta-Aramid,C22H19N4O4,positive,1,403.14063010837,0.6559999999999999,0.48599999999999993,4,1,4,recombination,node_4257,node_0029 + node_0044 | h_transfer_recombination | protonation,node_4257;node_4389;node_5745;node_5861
Nomex,meta-Aramid,C28H20N3O4,positive,1,462.14538113617,0.6559999999999999,0.48599999999999993,6,1,6,recombination,node_4229,node_0029 + node_0033 | dehydrogenative_coupling | protonation,node_1824;node_1976;node_2008;node_2596;node_4229;node_4717
Nomex,meta-Aramid,C28H20N3O4,negative,-1,462.14538113617,0.6559999999999999,0.48599999999999993,8,1,8,recombination,node_4234,node_0029 + node_0034 | h_transfer_recombination | deprotonation,node_1825;node_1977;node_2009;node_2597;node_4234;node_4378;node_4722;node_4858
Nomex,meta-Aramid,C28H21N4O4,negative,-1,477.15628017283,0.6559999999999999,0.48599999999999993,4,1,4,recombination,node_4274,node_0029 + node_0048 | h_transfer_recombination | deprotonation,node_1845;node_2589;node_4274;node_4398
Nomex,meta-Aramid,C28H22N3O4,positive,1,464.16103120063,0.6559999999999999,0.48599999999999993,4,1,4,recombination,node_4233,node_0029 + node_0034 | h_transfer_recombination | protonation,node_4233;node_4377;node_4721;node_4857
Nomex,meta-Aramid,C9H8N3O3,positive,1,206.05656612984,0.6559999999999999,0.48599999999999993,7,1,7,recombination,node_4473,node_0031 + node_0043 | dehydrogenative_coupling | protonation,node_1912;node_2408;node_2478;node_3522;node_4473;node_5823;node_5899
Nomex,meta-Aramid,C9H8N3O3,negative,-1,206.05656612984,0.6559999999999999,0.48599999999999993,6,1,6,recombination,node_4478,node_0031 + node_0044 | h_transfer_recombination | deprotonation,node_1913;node_2409;node_4478;node_4610;node_5824;node_5900
Nomex,meta-Aramid,C2NO2,negative,-1,69.99290324357,0.6459999999999999,0.476,11,1,11,recombination,node_3960,node_0027 + node_0031 | dehydrogenative_coupling | deprotonation,node_1807;node_2755;node_3491;node_3535;node_3682;node_3751;node_3960;node_4101;node_4498;node_6312;node_7157
Nomex,meta-Aramid,C8H3O2,negative,-1,131.01330433583001,0.6459999999999999,0.476,11,1,11,recombination,node_4016,node_0027 + node_0045 | dehydrogenative_coupling | deprotonation,node_1815;node_2763;node_3710;node_3758;node_3768;node_3812;node_4016;node_4120;node_5926;node_6331;node_7217
Nomex,meta-Aramid,C8H4NO2,negative,-1,146.02420337249,0.6459999999999999,0.476,30,1,30,recombination,node_3976,node_0027 + node_0035 | dehydrogenative_coupling | deprotonation,node_1799;node_1811;node_1967;node_2571;node_2747;node_2759;node_3307;node_3351;node_3527;node_3573;node_3583;node_3627;node_3690;node_3743;node_3754;node_3776;node_3846;node_3976;node_4085;node_4108;node_4482;node_4580;node_4962;node_5996;node_6296;node_6319;node_7057;node_7165;node_7181;node_7189
Nomex,meta-Aramid,C8H5N2O2,negative,-1,161.03510240915,0.6459999999999999,0.476,29,1,29,recombination,node_3992,node_0027 + node_0039 | dehydrogenative_coupling | deprotonation,node_1783;node_1951;node_1963;node_2143;node_2731;node_2939;node_2983;node_3315;node_3381;node_3507;node_3561;node_3569;node_3591;node_3661;node_3698;node_3727;node_3992;node_4053;node_4458;node_4544;node_4568;node_5032;node_5374;node_6264;node_6713;node_7045;node_7081;node_7153;node_7177
Nomex,meta-Aramid,C9H4NO3,negative,-1,174.01911799206,0.6459999999999999,0.476,7,1,7,recombination,node_3984,node_0027 + node_0037 | dehydrogenative_coupling | deprotonation,node_2387;node_3519;node_3694;node_3984;node_4466;node_5178;node_5632
Nomex,meta-Aramid,C9H5N2O3,negative,-1,189.03001702872,0.6459999999999999,0.476,6,1,6,recombination,node_4008,node_0027 + node_0043 | dehydrogenative_coupling | deprotonation,node_2219;node_3511;node_3706;node_4008;node_5240;node_5750
Nomex,meta-Aramid,C6H3,positive,1,75.02347509669,0.6420000000000001,0.552,2,1,2,fragment_h_shift,node_1694,"M | fragment C,H from C-N+C-N bond break(s) | h_shift_-1 | electron_loss",node_1694;node_1724
Nomex,meta-Aramid,C6H4N,positive,1,90.03437413335,0.6420000000000001,0.552,2,1,2,fragment_h_shift,node_1678,"M | fragment C,H,N from C-N+C-N bond break(s) | h_shift_-1 | electron_loss",node_1678;node_1698
Nomex,meta-Aramid,C6H6N,negative,-1,92.05002419781,0.6420000000000001,0.552,2,1,2,fragment_h_shift,node_1681,"M | fragment C,H,N from C-N+C-N bond break(s) | h_shift_+1 | electron_gain",node_1681;node_1701
Nomex,meta-Aramid,C12H10N2,positive,1,182.08439833116,0.6399999999999999,0.47,12,1,12,recombination,node_2834,node_0014 + node_0061 | single_dehydrogenative_recombination | protonation,node_2834;node_2906;node_2934;node_3174;node_3262;node_3911;node_6430;node_6502;node_6550;node_6610;node_6622;node_6650
Nomex,meta-Aramid,C12H11N3,positive,1,197.09529736782,0.6399999999999999,0.47,8,1,8,recombination,node_2818,node_0014 + node_0053 | single_dehydrogenative_recombination | protonation,node_2818;node_2894;node_2910;node_3266;node_6398;node_6486;node_6558;node_6626
Nomex,meta-Aramid,C12H8,positive,1,152.06260025784,0.6399999999999999,0.47,4,1,4,recombination,node_3210,node_0018 + node_0074 | single_dehydrogenative_recombination | protonation,node_3210;node_3923;node_6922;node_6950
Nomex,meta-Aramid,C12H9N,positive,1,167.0734992945,0.6399999999999999,0.47,16,1,16,recombination,node_2830,node_0014 + node_0059 | single_dehydrogenative_recombination | protonation,node_2830;node_2858;node_3170;node_3186;node_3278;node_3302;node_3907;node_3927;node_6422;node_6482;node_6498;node_6526;node_6870;node_6926;node_7002;node_7026
Nomex,meta-Aramid,C7H7N3O,positive,1,149.05891185847,0.6399999999999999,0.47,4,1,4,recombination,node_2922,node_0015 + node_0067 | single_dehydrogenative_recombination | protonation,node_2922;node_3542;node_6582;node_6638
Nomex,meta-Aramid,C13H12N3O,positive,1,226.09803701962,0.6380000000000001,0.468,20,1,20,recombination,node_2114,node_0006 + node_0053 | single_dehydrogenative_recombination | protonation,node_2114;node_2266;node_2282;node_2794;node_2870;node_3238;node_4979;node_5099;node_5383;node_5415;node_5491;node_5507;node_6408;node_6492;node_6568;node_6592;node_6632;node_6644;node_6676;node_6740
Nomex,meta-Aramid,C14H13N4O2,positive,1,269.10385067585,0.6380000000000001,0.468,8,1,8,recombination,node_2270,node_0008 + node_0055 | single_dehydrogenative_recombination | protonation,node_2270;node_2450;node_2878;node_2962;node_5391;node_5495;node_5767;node_5871
Nomex,meta-Aramid,C14H9O2,positive,1,209.06025452921,0.6380000000000001,0.468,12,1,12,recombination,node_2370,node_0009 + node_0059 | single_dehydrogenative_recombination | protonation,node_2370;node_2398;node_2578;node_3150;node_3803;node_3887;node_5603;node_5663;node_5699;node_5727;node_6019;node_6079
Nomex,meta-Aramid,C20H14NO2,positive,1,300.10245369479,0.6380000000000001,0.468,14,1,14,recombination,node_2034,node_0005 + node_0059 | single_dehydrogenative_recombination | protonation,node_2034;node_2062;node_2566;node_3134;node_3434;node_3871;node_4767;node_4827;node_4879;node_4907;node_5991;node_6067;node_7120;node_7140
Nomex,meta-Aramid,C20H15N2O2,positive,1,315.11335273145,0.6380000000000001,0.468,38,1,38,recombination,node_1866,node_0003 + node_0059 | single_dehydrogenative_recombination | protonation,node_1866;node_1894;node_2018;node_2038;node_2138;node_2550;node_2646;node_2674;node_2782;node_3066;node_3126;node_3162;node_3226;node_3414;node_3863;node_3899;node_4311;node_4371;node_4415;node_4443;node_4735;node_4775;node_4863;node_4883;node_5027;node_5123;node_5959;node_6051;node_6131;node_6191;node_6215;node_6243;node_6824;node_6860;node_7036;node_7076;node_7108;node_7136
Nomex,meta-Aramid,C20H16N3O2,positive,1,330.12425176811,0.6380000000000001,0.468,34,1,34,recombination,node_1854,node_0003 + node_0051 | single_dehydrogenative_recombination | protonation,node_1854;node_1870;node_2022;node_2122;node_2290;node_2630;node_2650;node_2774;node_2810;node_2866;node_3046;node_3218;node_3254;node_3422;node_4287;node_4319;node_4403;node_4419;node_4743;node_4867;node_4995;node_5107;node_5431;node_5515;node_6099;node_6139;node_6199;node_6219;node_6692;node_6748;node_6788;node_6812;node_6844;node_6856
Nomex,meta-Aramid,C20H17N4O2,positive,1,345.13515080477,0.6380000000000001,0.468,10,1,10,recombination,node_2274,node_0008 + node_0057 | single_dehydrogenative_recombination | protonation,node_2274;node_2634;node_2886;node_3054;node_5399;node_5499;node_6107;node_6203;node_6660;node_6732
Nomex,meta-Aramid,C27H19N2O3,positive,1,419.13956747994,0.6380000000000001,0.468,4,1,4,recombination,node_2046,node_0005 + node_0065 | single_dehydrogenative_recombination | protonation,node_2046;node_3410;node_4791;node_4891
Nomex,meta-Aramid,C27H20N3O3,positive,1,434.1504665166,0.6380000000000001,0.468,12,1,12,recombination,node_1878,node_0003 + node_0065 | single_dehydrogenative_recombination | protonation,node_1878;node_2030;node_2658;node_3042;node_3402;node_3438;node_4335;node_4427;node_4759;node_4875;node_6155;node_6227
Nomex,meta-Aramid,C27H21N4O3,positive,1,449.16136555326,0.6380000000000001,0.468,8,1,8,recombination,node_1862,node_0003 + node_0057 | single_dehydrogenative_recombination | protonation,node_1862;node_2642;node_3034;node_3070;node_4303;node_4411;node_6123;node_6211
Nomex,meta-Aramid,C2H2N2O2,positive,1,86.01162731245999,0.6379999999999999,0.488,3,1,3,recombination,node_4561,node_0031 + node_0067 | dehydrogenative_coupling | protonation,node_1956;node_3496;node_4561
Nomex,meta-Aramid,C16H10NO4,positive,1,280.06098280501,0.6359999999999999,0.48599999999999993,3,1,3,recombination,node_5145,node_0037 + node_0041 | dehydrogenative_coupling | protonation,node_2168;node_2328;node_5145
Nomex,meta-Aramid,C16H11N2O4,positive,1,295.07188184167,0.6359999999999999,0.48599999999999993,3,1,3,recombination,node_5537,node_0041 + node_0043 | dehydrogenative_coupling | protonation,node_2336;node_2428;node_5537
Nomex,meta-Aramid,C16H12N3O4,positive,1,310.08278087833,0.6359999999999999,0.48599999999999993,3,1,3,recombination,node_5153,node_0037 + node_0043 | dehydrogenative_coupling | protonation,node_2172;node_2420;node_5153
Nomex,meta-Aramid,C22H14NO4,positive,1,356.09228293393,0.6359999999999999,0.48599999999999993,3,1,3,recombination,node_4693,node_0033 + node_0041 | dehydrogenative_coupling | protonation,node_1996;node_2320;node_4693
Nomex,meta-Aramid,C28H21N4O4,positive,1,477.15628017283,0.6359999999999999,0.48599999999999993,3,1,3,recombination,node_4269,node_0029 + node_0047 | dehydrogenative_coupling | protonation,node_1844;node_2588;node_4269
Nomex,meta-Aramid,C13H7O,negative,-1,179.04968984518,0.6280000000000001,0.458,14,1,14,recombination,node_2555,node_0011 + node_0059 | single_dehydrogenative_recombination | deprotonation,node_2555;node_2583;node_3159;node_3205;node_3830;node_3854;node_3896;node_3946;node_5964;node_6024;node_6917;node_6949;node_7229;node_7233
Nomex,meta-Aramid,C8H6N3O2,negative,-1,176.04600144581,0.6280000000000001,0.458,10,1,10,recombination,node_1935,node_0004 + node_0055 | single_dehydrogenative_recombination | deprotonation,node_1935;node_2295;node_2947;node_3013;node_3515;node_3545;node_4512;node_5436;node_6701;node_6753
Nomex,meta-Aramid,C14H11N3O2,negative,-1,253.08512660696,0.6260000000000001,0.456,33,1,33,recombination,node_2087,node_0006 + node_0039 | single_dehydrogenative_recombination | deprotonation,node_1937;node_2087;node_2117;node_2243;node_2285;node_2297;node_2445;node_2465;node_2801;node_2953;node_3037;node_3245;node_3329;node_3605;node_4526;node_4634;node_4920;node_4990;node_5106;node_5426;node_5450;node_5514;node_5526;node_5762;node_5802;node_5870;node_5890;node_6683;node_6707;node_6743;node_6755;node_6803;node_6851
Nomex,meta-Aramid,C15H10N2O3,negative,-1,266.06914218987,0.6260000000000001,0.456,48,1,48,recombination,node_1731,node_0002 + node_0029 | single_dehydrogenative_recombination | deprotonation,node_1731;node_1767;node_1823;node_1851;node_1903;node_1983;node_2049;node_2083;node_2167;node_2209;node_2221;node_2247;node_2335;node_2361;node_2435;node_2485;node_2527;node_2587;node_2627;node_2683;node_2719;node_2965;node_3325;node_3501;node_3601;node_3676;node_3712;node_3798;node_3950;node_4022;node_4276;node_4358;node_4448;node_4802;node_4898;node_4912;node_5230;node_5254;node_5318;node_5330;node_5340;node_5590;node_5694;node_5732;node_5846;node_5910;node_6088;node_6178
Nomex,meta-Aramid,C15H11N3O3,negative,-1,281.08004122653,0.6260000000000001,0.456,26,1,26,recombination,node_1923,node_0004 + node_0047 | single_dehydrogenative_recombination | deprotonation,node_1881;node_1923;node_2095;node_2193;node_2419;node_2469;node_2481;node_2595;node_2661;node_2957;node_3337;node_3493;node_3529;node_3613;node_4346;node_4434;node_4488;node_4936;node_5198;node_5302;node_5810;node_5834;node_5894;node_5906;node_6166;node_6234
Nomex,meta-Aramid,C15H12N4O3,negative,-1,296.09094026319,0.6260000000000001,0.456,7,1,7,recombination,node_2251,node_0008 + node_0043 | single_dehydrogenative_recombination | deprotonation,node_2251;node_2427;node_2453;node_2969;node_5348;node_5778;node_5878
Nomex,meta-Aramid,C15H8O3,negative,-1,236.04734411655,0.6260000000000001,0.456,7,1,7,recombination,node_2343,node_0009 + node_0045 | single_dehydrogenative_recombination | deprotonation,node_2343;node_2393;node_2523;node_3794;node_5544;node_5658;node_5726
Nomex,meta-Aramid,C15H9NO3,negative,-1,251.05824315321001,0.6260000000000001,0.456,26,1,26,recombination,node_1739,node_0002 + node_0033 | single_dehydrogenative_recombination | deprotonation,node_1739;node_1975;node_2015;node_2091;node_2179;node_2225;node_2327;node_2377;node_2389;node_2515;node_2691;node_3333;node_3609;node_3684;node_3786;node_3966;node_4724;node_4814;node_4928;node_5160;node_5266;node_5334;node_5622;node_5646;node_5710;node_5722
Nomex,meta-Aramid,C21H13NO3,negative,-1,327.08954328213,0.6260000000000001,0.456,11,1,11,recombination,node_2007,node_0005 + node_0045 | single_dehydrogenative_recombination | deprotonation,node_2007;node_2057;node_2381;node_2507;node_3425;node_3778;node_4708;node_4822;node_4906;node_5630;node_5714
Nomex,meta-Aramid,C21H14N2O3,negative,-1,342.10044231879,0.6260000000000001,0.456,33,1,33,recombination,node_1843,node_0003 + node_0045 | single_dehydrogenative_recombination | deprotonation,node_1843;node_1889;node_1987;node_2041;node_2053;node_2079;node_2213;node_2365;node_2499;node_2531;node_2623;node_2669;node_3057;node_3317;node_3417;node_3593;node_3770;node_3806;node_4260;node_4366;node_4442;node_4668;node_4786;node_4810;node_4890;node_4902;node_5238;node_5322;node_5598;node_5698;node_5916;node_6186;node_6242
Nomex,meta-Aramid,C21H15N3O3,negative,-1,357.11134135545,0.6260000000000001,0.456,37,1,37,recombination,node_1831,node_0003 + node_0035 | single_dehydrogenative_recombination | deprotonation,node_1831;node_1873;node_1885;node_1995;node_2025;node_2071;node_2103;node_2197;node_2239;node_2473;node_2603;node_2653;node_2665;node_2949;node_3049;node_3309;node_3345;node_3429;node_3585;node_3621;node_4236;node_4330;node_4354;node_4426;node_4438;node_4684;node_4754;node_4874;node_4952;node_5206;node_5306;node_5818;node_5898;node_6150;node_6174;node_6226;node_6238
Nomex,meta-Aramid,C21H16N4O3,negative,-1,372.12224039211003,0.6260000000000001,0.456,15,1,15,recombination,node_2259,node_0008 + node_0047 | single_dehydrogenative_recombination | deprotonation,node_1857;node_2259;node_2457;node_2611;node_2637;node_2941;node_2977;node_3061;node_4298;node_4410;node_5364;node_5786;node_5882;node_6118;node_6210
Nomex,meta-Aramid,C22H14N2O4,negative,-1,370.09535693836,0.6260000000000001,0.456,9,1,9,recombination,node_1835,node_0003 + node_0041 | single_dehydrogenative_recombination | deprotonation,node_1835;node_1991;node_2163;node_2315;node_2347;node_2615;node_4244;node_4676;node_5552
Nomex,meta-Aramid,C22H15N3O4,negative,-1,385.10625597502,0.6260000000000001,0.456,6,1,6,recombination,node_2003,node_0005 + node_0043 | single_dehydrogenative_recombination | deprotonation,node_2003;node_2183;node_2415;node_2607;node_4700;node_5168
Nomex,meta-Aramid,C22H16N4O4,negative,-1,400.11715501168,0.6260000000000001,0.456,6,1,6,recombination,node_1839,node_0003 + node_0043 | single_dehydrogenative_recombination | deprotonation,node_1839;node_2407;node_2439;node_2619;node_4252;node_5740
Nomex,meta-Aramid,C28H19N3O4,negative,-1,461.13755610394,0.6260000000000001,0.456,6,1,6,recombination,node_1827,node_0003 + node_0033 | single_dehydrogenative_recombination | deprotonation,node_1827;node_1979;node_2011;node_2599;node_4228;node_4716
Nomex,meta-Aramid,C9H7N3O3,negative,-1,205.04874109761,0.6260000000000001,0.456,7,1,7,recombination,node_1915,node_0004 + node_0043 | single_dehydrogenative_recombination | deprotonation,node_1915;node_2411;node_2477;node_3521;node_4472;node_5826;node_5902
Nomex,meta-Aramid,C2H3O2,positive,1,59.01330433583,0.626,0.5359999999999999,2,1,2,recombination,node_4034,node_0027 + node_0050 | h_transfer_recombination | protonation,node_4034;node_4177
Nomex,meta-Aramid,C9H3O3,negative,-1,159.0082189554,0.6259999999999999,0.476,3,1,3,recombination,node_4000,node_0027 + node_0041 | dehydrogenative_coupling | deprotonation,node_3702;node_4000;node_5562
Nomex,meta-Aramid,C2H2N,positive,1,40.01872406889,0.6220000000000001,0.6220000000000001,1,1,1,feature_rule,node_1521,M | nitrogenated | nitrogenated_small_fragments | n_small_C2H2N,node_1521
Nomex,meta-Aramid,C2H3O,negative,-1,43.01838971626,0.6220000000000001,0.6220000000000001,1,1,1,feature_rule,node_1516,M | oxygenated | oxygenated_small_fragments | o_small_C2H3O,node_1516
Nomex,meta-Aramid,C2H3O2,negative,-1,59.01330433583,0.6220000000000001,0.6220000000000001,1,1,1,feature_rule,node_1518,M | oxygenated | oxygenated_small_fragments | o_small_C2H3O2,node_1518
Nomex,meta-Aramid,C2H4N,positive,1,42.03437413335,0.6220000000000001,0.6220000000000001,1,1,1,feature_rule,node_1522,M | nitrogenated | nitrogenated_small_fragments | n_small_C2H4N,node_1522
Nomex,meta-Aramid,C2H5O,positive,1,45.03403978072,0.6220000000000001,0.6220000000000001,1,1,1,feature_rule,node_1506,M | oxygenated | oxygenated_small_fragments | o_small_C2H5O,node_1506
Nomex,meta-Aramid,C2H5O2,positive,1,61.028954400290004,0.6220000000000001,0.6220000000000001,1,1,1,feature_rule,node_1511,M | oxygenated | oxygenated_small_fragments | o_small_C2H5O2,node_1511
Nomex,meta-Aramid,C2H6N,positive,1,44.05002419781,0.6220000000000001,0.6220000000000001,1,1,1,feature_rule,node_1523,M | nitrogenated | nitrogenated_small_fragments | n_small_C2H6N,node_1523
Nomex,meta-Aramid,C2N,negative,-1,38.00307400443,0.6220000000000001,0.6220000000000001,1,1,1,feature_rule,node_1525,M | nitrogenated | nitrogenated_small_fragments | n_small_C2N,node_1525
Nomex,meta-Aramid,C3H5O2,positive,1,73.02895440029,0.6220000000000001,0.6220000000000001,1,1,1,feature_rule,node_1512,M | oxygenated | oxygenated_small_fragments | o_small_C3H5O2,node_1512
Nomex,meta-Aramid,C3H7O,positive,1,59.04968984518,0.6220000000000001,0.6220000000000001,1,1,1,feature_rule,node_1509,M | oxygenated | oxygenated_small_fragments | o_small_C3H7O,node_1509
Nomex,meta-Aramid,C3H7O2,positive,1,75.04460446475,0.6220000000000001,0.6220000000000001,1,1,1,feature_rule,node_1513,M | oxygenated | oxygenated_small_fragments | o_small_C3H7O2,node_1513
Nomex,meta-Aramid,C3N,negative,-1,50.00307400443,0.6220000000000001,0.6220000000000001,1,1,1,feature_rule,node_1526,M | nitrogenated | nitrogenated_small_fragments | n_small_C3N,node_1526
Nomex,meta-Aramid,CH2N,positive,1,28.01872406889,0.6220000000000001,0.6220000000000001,1,1,1,feature_rule,node_1519,M | nitrogenated | nitrogenated_small_fragments | n_small_CH2N,node_1519
Nomex,meta-Aramid,CH3O,positive,1,31.01838971626,0.6220000000000001,0.6220000000000001,1,1,1,feature_rule,node_1504,M | oxygenated | oxygenated_small_fragments | o_small_CH3O,node_1504
Nomex,meta-Aramid,CH3O2,positive,1,47.01330433583,0.6220000000000001,0.6220000000000001,1,1,1,feature_rule,node_1510,M | oxygenated | oxygenated_small_fragments | o_small_CH3O2,node_1510
Nomex,meta-Aramid,CHO2,negative,-1,44.99765427137,0.6220000000000001,0.6220000000000001,1,1,1,feature_rule,node_1517,M | oxygenated | oxygenated_small_fragments | o_small_CHO2,node_1517
Nomex,meta-Aramid,CN,negative,-1,26.003074004429998,0.6220000000000001,0.6220000000000001,1,1,1,feature_rule,node_1524,M | nitrogenated | nitrogenated_small_fragments | n_small_CN,node_1524
Nomex,meta-Aramid,C13H9O,negative,-1,181.06533990964,0.6200000000000001,0.45,4,1,4,recombination,node_5968,node_0045 + node_0060 | h_transfer_recombination | electron_gain,node_5968;node_6028;node_6056;node_6084
Nomex,meta-Aramid,C8H8N3O2,negative,-1,178.06165151027,0.6200000000000001,0.45,4,1,4,recombination,node_4516,node_0031 + node_0056 | h_transfer_recombination | electron_gain,node_4516;node_4628;node_5440;node_5520
Nomex,meta-Aramid,C15H11NO3,negative,-1,253.07389321767,0.6180000000000001,0.448,8,1,8,recombination,node_3970,node_0027 + node_0034 | h_transfer_recombination | electron_gain,node_3970;node_4144;node_4728;node_4860;node_4932;node_5076;node_5164;node_5284
Nomex,meta-Aramid,C15H13N3O3,negative,-1,283.09569129099,0.6180000000000001,0.448,4,1,4,recombination,node_4492,node_0031 + node_0048 | h_transfer_recombination | electron_gain,node_4492;node_4616;node_4940;node_5080
Nomex,meta-Aramid,C21H16N2O3,negative,-1,344.11609238325,0.6180000000000001,0.448,6,1,6,recombination,node_4264,node_0029 + node_0046 | h_transfer_recombination | electron_gain,node_4264;node_4392;node_4672;node_4832;node_5920;node_6032
Nomex,meta-Aramid,C21H17N3O3,negative,-1,359.12699141991,0.6180000000000001,0.448,6,1,6,recombination,node_4240,node_0029 + node_0036 | h_transfer_recombination | electron_gain,node_4240;node_4380;node_4688;node_4840;node_4956;node_5088
Nomex,meta-Aramid,C22H16N2O4,negative,-1,372.11100700282,0.6180000000000001,0.448,6,1,6,recombination,node_4248,node_0029 + node_0042 | h_transfer_recombination | electron_gain,node_4248;node_4384;node_4680;node_4836;node_5556;node_5676
Nomex,meta-Aramid,C22H17N3O4,negative,-1,387.12190603948,0.6180000000000001,0.448,4,1,4,recombination,node_4704,node_0033 + node_0044 | h_transfer_recombination | electron_gain,node_4704;node_4848;node_5172;node_5288
Nomex,meta-Aramid,C22H18N4O4,negative,-1,402.13280507614,0.6180000000000001,0.448,4,1,4,recombination,node_4256,node_0029 + node_0044 | h_transfer_recombination | electron_gain,node_4256;node_4388;node_5744;node_5860
Nomex,meta-Aramid,C28H21N3O4,negative,-1,463.1532061684,0.6180000000000001,0.448,4,1,4,recombination,node_4232,node_0029 + node_0034 | h_transfer_recombination | electron_gain,node_4232;node_4376;node_4720;node_4856
Nomex,meta-Aramid,C12H10N,positive,1,168.08132432673,0.6099999999999999,0.43999999999999995,8,1,8,recombination,node_6424,node_0051 + node_0060 | h_transfer_recombination | protonation,node_6424;node_6484;node_6500;node_6528;node_6872;node_6928;node_7004;node_7028
Nomex,meta-Aramid,C12H10N3,positive,1,196.08747233559,0.6099999999999999,0.43999999999999995,6,1,6,recombination,node_6396,node_0051 + node_0053 | dehydrogenative_coupling | protonation,node_2816;node_2892;node_2908;node_3264;node_6396;node_6556
Nomex,meta-Aramid,C12H10N3,negative,-1,196.08747233559,0.6099999999999999,0.43999999999999995,8,1,8,recombination,node_6401,node_0051 + node_0054 | h_transfer_recombination | deprotonation,node_2817;node_2893;node_2909;node_3265;node_6401;node_6489;node_6561;node_6629
Nomex,meta-Aramid,C12H11N2,positive,1,183.09222336339,0.6099999999999999,0.43999999999999995,6,1,6,recombination,node_6432,node_0051 + node_0062 | h_transfer_recombination | protonation,node_6432;node_6504;node_6552;node_6612;node_6624;node_6652
Nomex,meta-Aramid,C12H12N3,positive,1,198.10312240005,0.6099999999999999,0.43999999999999995,4,1,4,recombination,node_6400,node_0051 + node_0054 | h_transfer_recombination | protonation,node_6400;node_6488;node_6560;node_6628
Nomex,meta-Aramid,C12H7,negative,-1,151.05477522561,0.6099999999999999,0.43999999999999995,4,1,4,recombination,node_6925,node_0059 + node_0075 | h_transfer_recombination | deprotonation,node_3209;node_3922;node_6925;node_6953
Nomex,meta-Aramid,C12H8N,positive,1,166.06567426227,0.6099999999999999,0.43999999999999995,12,1,12,recombination,node_6420,node_0051 + node_0059 | dehydrogenative_coupling | protonation,node_2828;node_2856;node_3168;node_3184;node_3276;node_3300;node_3905;node_3925;node_6420;node_6480;node_6868;node_7000
Nomex,meta-Aramid,C12H8N,negative,-1,166.06567426227,0.6099999999999999,0.43999999999999995,16,1,16,recombination,node_6425,node_0051 + node_0060 | h_transfer_recombination | deprotonation,node_2829;node_2857;node_3169;node_3185;node_3277;node_3301;node_3906;node_3926;node_6425;node_6485;node_6501;node_6529;node_6873;node_6929;node_7005;node_7029
Nomex,meta-Aramid,C12H9N2,positive,1,181.07657329893,0.6099999999999999,0.43999999999999995,9,1,9,recombination,node_6428,node_0051 + node_0061 | dehydrogenative_coupling | protonation,node_2832;node_2904;node_2932;node_3172;node_3260;node_3909;node_6428;node_6548;node_6608
Nomex,meta-Aramid,C12H9N2,negative,-1,181.07657329893,0.6099999999999999,0.43999999999999995,12,1,12,recombination,node_6433,node_0051 + node_0062 | h_transfer_recombination | deprotonation,node_2833;node_2905;node_2933;node_3173;node_3261;node_3910;node_6433;node_6505;node_6553;node_6613;node_6625;node_6653
Nomex,meta-Aramid,C13H7O,positive,1,179.04968984518,0.6099999999999999,0.43999999999999995,8,1,8,recombination,node_6912,node_0059 + node_0072 | dehydrogenative_coupling | protonation,node_3204;node_3829;node_3853;node_3945;node_5963;node_6023;node_6912;node_7224
Nomex,meta-Aramid,C7H6N3O,negative,-1,148.05108682624,0.6099999999999999,0.43999999999999995,4,1,4,recombination,node_6585,node_0053 + node_0068 | h_transfer_recombination | deprotonation,node_2921;node_3541;node_6585;node_6641
Nomex,meta-Aramid,C8H4NO2,positive,1,146.02420337249,0.6099999999999999,0.43999999999999995,11,1,11,recombination,node_7160,node_0067 + node_0072 | dehydrogenative_coupling | protonation,node_3572;node_3742;node_3753;node_3845;node_4084;node_4107;node_4579;node_5995;node_6295;node_6318;node_7160
Nomex,meta-Aramid,C8H5N2O2,positive,1,161.03510240915,0.6099999999999999,0.43999999999999995,12,1,12,recombination,node_7040,node_0063 + node_0067 | dehydrogenative_coupling | protonation,node_3380;node_3560;node_3568;node_3660;node_3726;node_4052;node_4543;node_4567;node_5031;node_6263;node_7040;node_7148
Nomex,meta-Aramid,C8H6N3O2,positive,1,176.04600144581,0.6099999999999999,0.43999999999999995,5,1,5,recombination,node_6696,node_0055 + node_0067 | dehydrogenative_coupling | protonation,node_3012;node_3544;node_4511;node_5435;node_6696
Nomex,meta-Aramid,C13H11N3O,positive,1,225.09021198739,0.6080000000000001,0.438,25,1,25,recombination,node_4977,node_0035 + node_0053 | dehydrogenative_coupling | protonation,node_2112;node_2264;node_2280;node_2792;node_2822;node_2868;node_2914;node_2926;node_2986;node_3002;node_3236;node_3270;node_3358;node_3634;node_4977;node_5381;node_5413;node_6406;node_6490;node_6566;node_6590;node_6630;node_6642;node_6674;node_6738
Nomex,meta-Aramid,C13H11N3O,negative,-1,225.09021198739,0.6080000000000001,0.438,20,1,20,recombination,node_4982,node_0035 + node_0054 | h_transfer_recombination | deprotonation,node_2113;node_2265;node_2281;node_2793;node_2869;node_3237;node_4982;node_5102;node_5386;node_5418;node_5494;node_5510;node_6407;node_6491;node_6567;node_6591;node_6631;node_6643;node_6675;node_6739
Nomex,meta-Aramid,C13H12N2O,positive,1,212.09496301519,0.6080000000000001,0.438,10,1,10,recombination,node_4973,node_0035 + node_0052 | h_transfer_recombination | protonation,node_4973;node_5013;node_5097;node_5117;node_5409;node_5469;node_5505;node_5533;node_5945;node_6045
Nomex,meta-Aramid,C13H13N3O,positive,1,227.10586205185,0.6080000000000001,0.438,6,1,6,recombination,node_4981,node_0035 + node_0054 | h_transfer_recombination | protonation,node_4981;node_5101;node_5385;node_5417;node_5493;node_5509
Nomex,meta-Aramid,C14H10O2,positive,1,210.06807956144002,0.6080000000000001,0.438,6,1,6,recombination,node_5605,node_0041 + node_0060 | h_transfer_recombination | protonation,node_5605;node_5665;node_5701;node_5729;node_6021;node_6081
Nomex,meta-Aramid,C14H11N3O2,positive,1,253.08512660696,0.6080000000000001,0.438,31,1,31,recombination,node_4521,node_0031 + node_0057 | dehydrogenative_coupling | protonation,node_1936;node_2116;node_2284;node_2296;node_2444;node_2464;node_2800;node_2952;node_3006;node_3018;node_3036;node_3106;node_3244;node_3328;node_3362;node_3550;node_3604;node_3638;node_4521;node_4919;node_4985;node_5421;node_5445;node_5757;node_5797;node_6682;node_6706;node_6742;node_6754;node_6802;node_6850
Nomex,meta-Aramid,C14H12N4O2,positive,1,268.09602564362,0.6080000000000001,0.438,6,1,6,recombination,node_5389,node_0039 + node_0055 | dehydrogenative_coupling | protonation,node_2268;node_2448;node_2876;node_2960;node_5389;node_5765
Nomex,meta-Aramid,C14H12N4O2,negative,-1,268.09602564362,0.6080000000000001,0.438,8,1,8,recombination,node_5394,node_0039 + node_0056 | h_transfer_recombination | deprotonation,node_2269;node_2449;node_2877;node_2961;node_5394;node_5498;node_5770;node_5874
Nomex,meta-Aramid,C14H14N4O2,positive,1,270.11167570808,0.6080000000000001,0.438,4,1,4,recombination,node_5393,node_0039 + node_0056 | h_transfer_recombination | protonation,node_5393;node_5497;node_5769;node_5873
Nomex,meta-Aramid,C14H8O2,positive,1,208.05242949698,0.6080000000000001,0.438,9,1,9,recombination,node_5601,node_0041 + node_0059 | dehydrogenative_coupling | protonation,node_2368;node_2396;node_2576;node_3148;node_3801;node_3885;node_5601;node_5661;node_6017
Nomex,meta-Aramid,C14H8O2,negative,-1,208.05242949698,0.6080000000000001,0.438,12,1,12,recombination,node_5606,node_0041 + node_0060 | h_transfer_recombination | deprotonation,node_2369;node_2397;node_2577;node_3149;node_3802;node_3886;node_5606;node_5666;node_5702;node_5730;node_6022;node_6082
Nomex,meta-Aramid,C15H10N2O3,positive,1,266.06914218987,0.6080000000000001,0.438,25,1,25,recombination,node_4797,node_0033 + node_0067 | dehydrogenative_coupling | protonation,node_2048;node_2208;node_2220;node_2360;node_2484;node_2964;node_3324;node_3500;node_3600;node_3675;node_3711;node_3797;node_3949;node_4021;node_4275;node_4447;node_4797;node_4911;node_5225;node_5249;node_5339;node_5585;node_5731;node_5841;node_6087
Nomex,meta-Aramid,C15H11N3O3,positive,1,281.08004122653,0.6080000000000001,0.438,17,1,17,recombination,node_4341,node_0029 + node_0067 | dehydrogenative_coupling | protonation,node_1880;node_2192;node_2468;node_2480;node_2660;node_2956;node_3336;node_3492;node_3528;node_3612;node_4341;node_4487;node_4935;node_5193;node_5805;node_5829;node_6161
Nomex,meta-Aramid,C15H12N4O3,positive,1,296.09094026319,0.6080000000000001,0.438,4,1,4,recombination,node_5773,node_0043 + node_0055 | dehydrogenative_coupling | protonation,node_2452;node_2968;node_5347;node_5773
Nomex,meta-Aramid,C15H8O3,positive,1,236.04734411655,0.6080000000000001,0.438,4,1,4,recombination,node_5653,node_0041 + node_0072 | dehydrogenative_coupling | protonation,node_2392;node_3793;node_5543;node_5653
Nomex,meta-Aramid,C15H9NO3,positive,1,251.05824315321001,0.6080000000000001,0.438,14,1,14,recombination,node_5261,node_0037 + node_0072 | dehydrogenative_coupling | protonation,node_2224;node_2376;node_2388;node_3332;node_3608;node_3683;node_3785;node_3965;node_4723;node_4927;node_5159;node_5261;node_5617;node_5641
Nomex,meta-Aramid,C2,negative,-1,24.0,0.6080000000000001,0.6080000000000001,1,1,1,feature_rule,node_1493,M | universal_hydrocarbon | hydrocarbon_small_fragments | small_hc_C2,node_1493
Nomex,meta-Aramid,C20H13NO2,positive,1,299.09462866256,0.6080000000000001,0.438,13,1,13,recombination,node_4765,node_0033 + node_0059 | dehydrogenative_coupling | protonation,node_2032;node_2060;node_2564;node_3132;node_3432;node_3482;node_3843;node_3869;node_4765;node_4825;node_5989;node_7118;node_7138
Nomex,meta-Aramid,C20H13NO2,negative,-1,299.09462866256,0.6080000000000001,0.438,14,1,14,recombination,node_4770,node_0033 + node_0060 | h_transfer_recombination | deprotonation,node_2033;node_2061;node_2565;node_3133;node_3433;node_3870;node_4770;node_4830;node_4882;node_4910;node_5994;node_6070;node_7119;node_7139
Nomex,meta-Aramid,C20H14N2O2,positive,1,314.10552769922,0.6080000000000001,0.438,36,1,36,recombination,node_4309,node_0029 + node_0059 | dehydrogenative_coupling | protonation,node_1864;node_1892;node_2016;node_2036;node_2136;node_2548;node_2644;node_2672;node_2780;node_3064;node_3114;node_3124;node_3160;node_3224;node_3378;node_3412;node_3470;node_3478;node_3658;node_3827;node_3861;node_3897;node_4309;node_4369;node_4733;node_4773;node_5025;node_5957;node_6129;node_6189;node_6822;node_6858;node_7034;node_7074;node_7106;node_7134
Nomex,meta-Aramid,C20H14N2O2,negative,-1,314.10552769922,0.6080000000000001,0.438,38,1,38,recombination,node_4314,node_0029 + node_0060 | h_transfer_recombination | deprotonation,node_1865;node_1893;node_2017;node_2037;node_2137;node_2549;node_2645;node_2673;node_2781;node_3065;node_3125;node_3161;node_3225;node_3413;node_3862;node_3898;node_4314;node_4374;node_4418;node_4446;node_4738;node_4778;node_4866;node_4886;node_5030;node_5126;node_5962;node_6054;node_6134;node_6194;node_6218;node_6246;node_6823;node_6859;node_7035;node_7075;node_7107;node_7135
Nomex,meta-Aramid,C20H15N3O2,positive,1,329.11642673588,0.6080000000000001,0.438,33,1,33,recombination,node_4285,node_0029 + node_0051 | dehydrogenative_coupling | protonation,node_1852;node_1868;node_2020;node_2120;node_2288;node_2628;node_2648;node_2772;node_2808;node_2864;node_3010;node_3044;node_3098;node_3110;node_3216;node_3252;node_3366;node_3420;node_3454;node_3642;node_4285;node_4317;node_4741;node_4993;node_5429;node_6097;node_6137;node_6690;node_6746;node_6786;node_6810;node_6842;node_6854
Nomex,meta-Aramid,C20H15N3O2,negative,-1,329.11642673588,0.6080000000000001,0.438,34,1,34,recombination,node_4290,node_0029 + node_0052 | h_transfer_recombination | deprotonation,node_1853;node_1869;node_2021;node_2121;node_2289;node_2629;node_2649;node_2773;node_2809;node_2865;node_3045;node_3217;node_3253;node_3421;node_4290;node_4322;node_4406;node_4422;node_4746;node_4870;node_4998;node_5110;node_5434;node_5518;node_6102;node_6142;node_6202;node_6222;node_6691;node_6747;node_6787;node_6811;node_6843;node_6855
Nomex,meta-Aramid,C20H15NO2,positive,1,301.11027872702,0.6080000000000001,0.438,6,1,6,recombination,node_4769,node_0033 + node_0060 | h_transfer_recombination | protonation,node_4769;node_4829;node_4881;node_4909;node_5993;node_6069
Nomex,meta-Aramid,C20H16N2O2,positive,1,316.12117776368,0.6080000000000001,0.438,16,1,16,recombination,node_4313,node_0029 + node_0060 | h_transfer_recombination | protonation,node_4313;node_4373;node_4417;node_4445;node_4737;node_4777;node_4865;node_4885;node_5029;node_5125;node_5961;node_6053;node_6133;node_6193;node_6217;node_6245
Nomex,meta-Aramid,C20H16N4O2,positive,1,344.12732577254,0.6080000000000001,0.438,10,1,10,recombination,node_5397,node_0039 + node_0057 | dehydrogenative_coupling | protonation,node_2272;node_2632;node_2884;node_2994;node_3052;node_3086;node_5397;node_6105;node_6658;node_6730
Nomex,meta-Aramid,C20H16N4O2,negative,-1,344.12732577254,0.6080000000000001,0.438,10,1,10,recombination,node_5402,node_0039 + node_0058 | h_transfer_recombination | deprotonation,node_2273;node_2633;node_2885;node_3053;node_5402;node_5502;node_6110;node_6206;node_6659;node_6731
Nomex,meta-Aramid,C20H17N3O2,positive,1,331.13207680034,0.6080000000000001,0.438,14,1,14,recombination,node_4289,node_0029 + node_0052 | h_transfer_recombination | protonation,node_4289;node_4321;node_4405;node_4421;node_4745;node_4869;node_4997;node_5109;node_5433;node_5517;node_6101;node_6141;node_6201;node_6221
Nomex,meta-Aramid,C20H18N4O2,positive,1,346.142975837,0.6080000000000001,0.438,4,1,4,recombination,node_5401,node_0039 + node_0058 | h_transfer_recombination | protonation,node_5401;node_5501;node_6109;node_6205
Nomex,meta-Aramid,C21H13NO3,positive,1,327.08954328213,0.6080000000000001,0.438,7,1,7,recombination,node_4817,node_0033 + node_0072 | dehydrogenative_coupling | protonation,node_2056;node_2380;node_3424;node_3777;node_4707;node_4817;node_5625
Nomex,meta-Aramid,C21H14N2O3,positive,1,342.10044231879,0.6080000000000001,0.438,21,1,21,recombination,node_4361,node_0029 + node_0072 | dehydrogenative_coupling | protonation,node_1888;node_2040;node_2052;node_2212;node_2364;node_2668;node_3056;node_3316;node_3416;node_3592;node_3769;node_3805;node_4259;node_4361;node_4667;node_4781;node_4805;node_5233;node_5593;node_5915;node_6181
Nomex,meta-Aramid,C21H15N3O3,positive,1,357.11134135545,0.6080000000000001,0.438,24,1,24,recombination,node_4325,node_0029 + node_0063 | dehydrogenative_coupling | protonation,node_1872;node_1884;node_2024;node_2196;node_2472;node_2652;node_2664;node_2948;node_3048;node_3308;node_3344;node_3428;node_3584;node_3620;node_4235;node_4325;node_4349;node_4683;node_4749;node_4951;node_5201;node_5813;node_6145;node_6169
Nomex,meta-Aramid,C21H16N4O3,positive,1,372.12224039211003,0.6080000000000001,0.438,10,1,10,recombination,node_4293,node_0029 + node_0055 | dehydrogenative_coupling | protonation,node_1856;node_2456;node_2636;node_2940;node_2976;node_3060;node_4293;node_5363;node_5781;node_6113
Nomex,meta-Aramid,C27H18N2O3,negative,-1,418.13174244771,0.6080000000000001,0.438,4,1,4,recombination,node_4794,node_0033 + node_0066 | h_transfer_recombination | deprotonation,node_2045;node_3409;node_4794;node_4894
Nomex,meta-Aramid,C27H19N3O3,positive,1,433.14264148437,0.6080000000000001,0.438,9,1,9,recombination,node_4333,node_0029 + node_0065 | dehydrogenative_coupling | protonation,node_1876;node_2028;node_2656;node_3040;node_3400;node_3436;node_4333;node_4757;node_6153
Nomex,meta-Aramid,C27H19N3O3,negative,-1,433.14264148437,0.6080000000000001,0.438,12,1,12,recombination,node_4338,node_0029 + node_0066 | h_transfer_recombination | deprotonation,node_1877;node_2029;node_2657;node_3041;node_3401;node_3437;node_4338;node_4430;node_4762;node_4878;node_6158;node_6230
Nomex,meta-Aramid,C27H20N4O3,positive,1,448.15354052103,0.6080000000000001,0.438,6,1,6,recombination,node_4301,node_0029 + node_0057 | dehydrogenative_coupling | protonation,node_1860;node_2640;node_3032;node_3068;node_4301;node_6121
Nomex,meta-Aramid,C27H20N4O3,negative,-1,448.15354052103,0.6080000000000001,0.438,8,1,8,recombination,node_4306,node_0029 + node_0058 | h_transfer_recombination | deprotonation,node_1861;node_2641;node_3033;node_3069;node_4306;node_4414;node_6126;node_6214
Nomex,meta-Aramid,C27H21N3O3,positive,1,435.15829154883,0.6080000000000001,0.438,6,1,6,recombination,node_4337,node_0029 + node_0066 | h_transfer_recombination | protonation,node_4337;node_4429;node_4761;node_4877;node_6157;node_6229
Nomex,meta-Aramid,C27H22N4O3,positive,1,450.16919058549,0.6080000000000001,0.438,4,1,4,recombination,node_4305,node_0029 + node_0058 | h_transfer_recombination | protonation,node_4305;node_4413;node_6125;node_6213
Nomex,meta-Aramid,C2HN2O2,negative,-1,85.00380228023,0.6080000000000001,0.458,3,1,3,recombination,node_1959,node_0004 + node_0067 | single_dehydrogenative_recombination | deprotonation,node_1959;node_3499;node_4560
Nomex,meta-Aramid,C9H7N3O3,positive,1,205.04874109761,0.6080000000000001,0.438,4,1,4,recombination,node_5821,node_0043 + node_0067 | dehydrogenative_coupling | protonation,node_2476;node_3520;node_4471;node_5821
Nomex,meta-Aramid,C16H10N2O4,negative,-1,294.06405680944,0.6060000000000001,0.456,3,1,3,recombination,node_2339,node_0009 + node_0043 | single_dehydrogenative_recombination | deprotonation,node_2339;node_2431;node_5536
Nomex,meta-Aramid,C16H11N3O4,negative,-1,309.0749558461,0.6060000000000001,0.456,3,1,3,recombination,node_2175,node_0007 + node_0043 | single_dehydrogenative_recombination | deprotonation,node_2175;node_2423;node_5152
Nomex,meta-Aramid,C16H9NO4,negative,-1,279.05315777278,0.6060000000000001,0.456,3,1,3,recombination,node_2171,node_0007 + node_0041 | single_dehydrogenative_recombination | deprotonation,node_2171;node_2331;node_5144
Nomex,meta-Aramid,C22H13NO4,negative,-1,355.0844579017,0.6060000000000001,0.456,3,1,3,recombination,node_1999,node_0005 + node_0041 | single_dehydrogenative_recombination | deprotonation,node_1999;node_2323;node_4692
Nomex,meta-Aramid,C28H20N4O4,negative,-1,476.1484551406,0.6060000000000001,0.456,3,1,3,recombination,node_1847,node_0003 + node_0047 | single_dehydrogenative_recombination | deprotonation,node_1847;node_2591;node_4268
Nomex,meta-Aramid,C6H6N2,positive,1,106.05309820224,0.6060000000000001,0.6060000000000001,1,1,1,fragment,node_1583,"M | fragment C,H,N from C-N+C-N bond break(s) | electron_loss",node_1583
Nomex,meta-Aramid,C6H6N2,negative,-1,106.05309820224,0.6060000000000001,0.6060000000000001,1,1,1,fragment,node_1584,"M | fragment C,H,N from C-N+C-N bond break(s) | electron_gain",node_1584
Nomex,meta-Aramid,C7H6O,negative,-1,106.04186481295,0.6000000000000001,0.6000000000000001,1,1,1,fragment_h_shift,node_1669,"M | fragment C,H,O from C-C bond break(s) | h_shift_+1 | electron_gain",node_1669
Nomex,meta-Aramid,C7H7NO,negative,-1,121.05276384961,0.6000000000000001,0.6000000000000001,1,1,1,fragment_h_shift,node_1649,"M | fragment C,H,N,O from C-N bond break(s) | h_shift_+1 | electron_gain",node_1649
Nomex,meta-Aramid,C7H8N2O,negative,-1,136.06366288627,0.6000000000000001,0.6000000000000001,1,1,1,fragment_h_shift,node_1657,"M | fragment C,H,N,O from C-N bond break(s) | h_shift_+1 | electron_gain",node_1657
Nomex,meta-Aramid,CH3NO,negative,-1,45.02146372069,0.6000000000000001,0.6000000000000001,1,1,1,fragment_h_shift,node_1641,"M | fragment C,H,N,O from C-N bond break(s) | h_shift_+1 | electron_gain",node_1641
Nomex,meta-Aramid,C13H6O,negative,-1,178.04186481295,0.5980000000000001,0.42800000000000005,8,1,8,recombination,node_5966,node_0045 + node_0059 | dehydrogenative_coupling | deprotonation,node_3207;node_3832;node_3856;node_3948;node_5966;node_6026;node_6911;node_7223
Nomex,meta-Aramid,C13H7NO,negative,-1,193.05276384961,0.5980000000000001,0.42800000000000005,22,1,22,recombination,node_5002,node_0035 + node_0059 | dehydrogenative_coupling | deprotonation,node_2855;node_3191;node_3203;node_3299;node_3371;node_3395;node_3647;node_3671;node_3816;node_3836;node_3932;node_3944;node_5002;node_5062;node_5934;node_5974;node_6471;node_6875;node_6899;node_6991;node_7067;node_7199
Nomex,meta-Aramid,C7H2O,negative,-1,102.01056468403,0.5980000000000001,0.42800000000000005,6,1,6,recombination,node_4071,node_0027 + node_0059 | dehydrogenative_coupling | deprotonation,node_3737;node_3764;node_4071;node_4130;node_6282;node_6341
Nomex,meta-Aramid,C7H3NO,negative,-1,117.02146372069,0.5980000000000001,0.42800000000000005,14,1,14,recombination,node_4039,node_0027 + node_0051 | dehydrogenative_coupling | deprotonation,node_3199;node_3555;node_3579;node_3721;node_3741;node_3940;node_4039;node_4079;node_4530;node_4590;node_6250;node_6290;node_6891;node_7167
Nomex,meta-Aramid,C7H4N2O,negative,-1,132.03236275735,0.5980000000000001,0.42800000000000005,11,1,11,recombination,node_4047,node_0027 + node_0053 | dehydrogenative_coupling | deprotonation,node_2847;node_3291;node_3539;node_3559;node_3725;node_4047;node_4506;node_4538;node_6258;node_6451;node_6971
Nomex,meta-Aramid,C8H3NO2,negative,-1,145.01637834026,0.5980000000000001,0.42800000000000005,11,1,11,recombination,node_4087,node_0027 + node_0063 | dehydrogenative_coupling | deprotonation,node_3575;node_3745;node_3756;node_3848;node_4087;node_4110;node_4582;node_5998;node_6298;node_6321;node_7159
Nomex,meta-Aramid,C8H4N2O2,negative,-1,160.02727737692,0.5980000000000001,0.42800000000000005,12,1,12,recombination,node_4055,node_0027 + node_0055 | dehydrogenative_coupling | deprotonation,node_3383;node_3563;node_3571;node_3663;node_3729;node_4055;node_4546;node_4570;node_5034;node_6266;node_7039;node_7147
Nomex,meta-Aramid,C8H5N3O2,negative,-1,175.03817641358,0.5980000000000001,0.42800000000000005,5,1,5,recombination,node_4514,node_0031 + node_0055 | dehydrogenative_coupling | deprotonation,node_3015;node_3547;node_4514;node_5438;node_6695
Nomex,meta-Aramid,C14H10N3O2,negative,-1,252.07730157473,0.5960000000000001,0.426,31,1,31,recombination,node_4922,node_0035 + node_0039 | dehydrogenative_coupling | deprotonation,node_1939;node_2119;node_2287;node_2299;node_2447;node_2467;node_2803;node_2955;node_3005;node_3017;node_3039;node_3105;node_3247;node_3331;node_3361;node_3549;node_3607;node_3637;node_4520;node_4922;node_4984;node_5420;node_5444;node_5756;node_5796;node_6685;node_6709;node_6745;node_6757;node_6805;node_6853
Nomex,meta-Aramid,C14H8NO2,negative,-1,222.05550350141,0.5960000000000001,0.426,38,1,38,recombination,node_4946,node_0035 + node_0045 | dehydrogenative_coupling | deprotonation,node_1803;node_2151;node_2203;node_2231;node_2355;node_2375;node_2563;node_2575;node_2751;node_2799;node_3143;node_3243;node_3343;node_3389;node_3399;node_3443;node_3619;node_3665;node_3747;node_3784;node_3838;node_3850;node_3880;node_4093;node_4946;node_5052;node_5208;node_5268;node_5568;node_5608;node_5980;node_6004;node_6304;node_7065;node_7089;node_7113;node_7197;node_7209
Nomex,meta-Aramid,C14H9N2O2,negative,-1,237.06640253807,0.5960000000000001,0.426,51,1,51,recombination,node_5358,node_0039 + node_0045 | dehydrogenative_coupling | deprotonation,node_1787;node_1955;node_2135;node_2147;node_2191;node_2207;node_2303;node_2359;node_2463;node_2491;node_2547;node_2735;node_2791;node_2875;node_2975;node_3021;node_3031;node_3075;node_3155;node_3235;node_3323;node_3385;node_3407;node_3473;node_3565;node_3599;node_3653;node_3731;node_3792;node_3822;node_3892;node_4061;node_4552;node_5016;node_5040;node_5184;node_5216;node_5358;node_5456;node_5576;node_5788;node_5848;node_5948;node_6272;node_6721;node_6761;node_6817;node_7053;node_7085;node_7101;node_7133
Nomex,meta-Aramid,C15H10N3O3,negative,-1,280.0722161943,0.5960000000000001,0.426,17,1,17,recombination,node_4490,node_0031 + node_0047 | dehydrogenative_coupling | deprotonation,node_1883;node_2195;node_2471;node_2483;node_2663;node_2959;node_3339;node_3495;node_3531;node_3615;node_4340;node_4490;node_4938;node_5192;node_5804;node_5828;node_6160
Nomex,meta-Aramid,C15H11N4O3,negative,-1,295.08311523096,0.5960000000000001,0.426,4,1,4,recombination,node_5350,node_0039 + node_0043 | dehydrogenative_coupling | deprotonation,node_2455;node_2971;node_5350;node_5772
Nomex,meta-Aramid,C15H7O3,negative,-1,235.03951908432,0.5960000000000001,0.426,4,1,4,recombination,node_5546,node_0041 + node_0045 | dehydrogenative_coupling | deprotonation,node_2395;node_3796;node_5546;node_5652
Nomex,meta-Aramid,C15H8NO3,negative,-1,250.05041812098,0.5960000000000001,0.426,14,1,14,recombination,node_3968,node_0027 + node_0033 | dehydrogenative_coupling | deprotonation,node_2227;node_2379;node_2391;node_3335;node_3611;node_3686;node_3788;node_3968;node_4726;node_4930;node_5162;node_5260;node_5616;node_5640
Nomex,meta-Aramid,C15H9N2O3,negative,-1,265.06131715764,0.5960000000000001,0.426,25,1,25,recombination,node_3952,node_0027 + node_0029 | dehydrogenative_coupling | deprotonation,node_2051;node_2211;node_2223;node_2363;node_2487;node_2967;node_3327;node_3503;node_3603;node_3678;node_3714;node_3800;node_3952;node_4024;node_4278;node_4450;node_4796;node_4914;node_5224;node_5248;node_5342;node_5584;node_5734;node_5840;node_6090
Nomex,meta-Aramid,C21H12NO3,negative,-1,326.0817182499,0.5960000000000001,0.426,7,1,7,recombination,node_4710,node_0033 + node_0045 | dehydrogenative_coupling | deprotonation,node_2059;node_2383;node_3427;node_3780;node_4710;node_4816;node_5624
Nomex,meta-Aramid,C21H13N2O3,negative,-1,341.09261728656,0.5960000000000001,0.426,21,1,21,recombination,node_4262,node_0029 + node_0045 | dehydrogenative_coupling | deprotonation,node_1891;node_2043;node_2055;node_2215;node_2367;node_2671;node_3059;node_3319;node_3419;node_3595;node_3772;node_3808;node_4262;node_4360;node_4670;node_4780;node_4804;node_5232;node_5592;node_5918;node_6180
Nomex,meta-Aramid,C21H14N3O3,negative,-1,356.10351632322,0.5960000000000001,0.426,24,1,24,recombination,node_4238,node_0029 + node_0035 | dehydrogenative_coupling | deprotonation,node_1875;node_1887;node_2027;node_2199;node_2475;node_2655;node_2667;node_2951;node_3051;node_3311;node_3347;node_3431;node_3587;node_3623;node_4238;node_4324;node_4348;node_4686;node_4748;node_4954;node_5200;node_5812;node_6144;node_6168
Nomex,meta-Aramid,C21H15N4O3,negative,-1,371.11441535988,0.5960000000000001,0.426,10,1,10,recombination,node_5366,node_0039 + node_0047 | dehydrogenative_coupling | deprotonation,node_1859;node_2459;node_2639;node_2943;node_2979;node_3063;node_4292;node_5366;node_5780;node_6112
Nomex,meta-Aramid,C9H6N3O3,negative,-1,204.04091606538,0.5960000000000001,0.426,4,1,4,recombination,node_4474,node_0031 + node_0043 | dehydrogenative_coupling | deprotonation,node_2479;node_3523;node_4474;node_5820
Nomex,meta-Aramid,C13H12N4O,positive,1,240.10111102405,0.5900000000000001,0.42,4,1,4,recombination,node_2898,node_0015 + node_0055 | single_dehydrogenative_recombination | protonation,node_2898;node_2990;node_6534;node_6614
Nomex,meta-Aramid,C19H13NO,positive,1,271.09971404299,0.5900000000000001,0.42,8,1,8,recombination,node_3194,node_0018 + node_0065 | single_dehydrogenative_recombination | protonation,node_3194;node_3462;node_3486;node_3935;node_6886;node_6934;node_7126;node_7142
Nomex,meta-Aramid,C19H14N2O,positive,1,286.11061307965,0.5900000000000001,0.42,16,1,16,recombination,node_2842,node_0014 + node_0065 | single_dehydrogenative_recombination | protonation,node_2842;node_3090;node_3118;node_3182;node_3286;node_3446;node_3466;node_3919;node_6446;node_6510;node_6770;node_6830;node_6834;node_6862;node_6966;node_7010
Nomex,meta-Aramid,C19H15N3O,positive,1,301.12151211631,0.5900000000000001,0.42,12,1,12,recombination,node_2826,node_0014 + node_0057 | single_dehydrogenative_recombination | protonation,node_2826;node_2918;node_3078;node_3094;node_3274;node_3450;node_6414;node_6494;node_6574;node_6634;node_6778;node_6838
Nomex,meta-Aramid,C19H16N4O,positive,1,316.13241115297,0.5900000000000001,0.42,4,1,4,recombination,node_2902,node_0015 + node_0057 | single_dehydrogenative_recombination | protonation,node_2902;node_3082;node_6542;node_6618
Nomex,meta-Aramid,C26H19N3O2,positive,1,405.1477268648,0.5900000000000001,0.42,4,1,4,recombination,node_3102,node_0017 + node_0065 | single_dehydrogenative_recombination | protonation,node_3102;node_3458;node_6794;node_6846
Nomex,meta-Aramid,C12H7,positive,1,151.05477522561,0.5899999999999999,0.43999999999999995,3,1,3,recombination,node_6920,node_0059 + node_0074 | dehydrogenative_coupling | protonation,node_3208;node_3921;node_6920
Nomex,meta-Aramid,C7H6N3O,positive,1,148.05108682624,0.5899999999999999,0.43999999999999995,3,1,3,recombination,node_6580,node_0053 + node_0067 | dehydrogenative_coupling | protonation,node_2920;node_3540;node_6580
Nomex,meta-Aramid,C27H18N2O3,positive,1,418.13174244771,0.5880000000000001,0.438,3,1,3,recombination,node_4789,node_0033 + node_0065 | dehydrogenative_coupling | protonation,node_2044;node_3408;node_4789
Nomex,meta-Aramid,C2H2O2,negative,-1,58.0054793036,0.5880000000000001,0.498,2,1,2,recombination,node_4033,node_0027 + node_0050 | h_transfer_recombination | electron_gain,node_4033;node_4176
Nomex,meta-Aramid,C2O2,positive,1,55.98982923914,0.5880000000000001,0.438,3,1,3,recombination,node_4029,node_0027 + node_0049 | dehydrogenative_coupling | electron_loss,node_3672;node_3715;node_4029
Nomex,meta-Aramid,C9H4O3,positive,1,160.01604398763,0.5880000000000001,0.438,3,1,3,recombination,node_3997,node_0027 + node_0041 | dehydrogenative_coupling | electron_loss,node_3699;node_3997;node_5559
Nomex,meta-Aramid,C12H7N,negative,-1,165.05784923004,0.5800000000000001,0.41,12,1,12,recombination,node_2831,node_0014 + node_0059 | single_dehydrogenative_recombination | deprotonation,node_2831;node_2859;node_3171;node_3187;node_3279;node_3303;node_3908;node_3928;node_6419;node_6479;node_6867;node_6999
Nomex,meta-Aramid,C12H8N2,negative,-1,180.0687482667,0.5800000000000001,0.41,9,1,9,recombination,node_2835,node_0014 + node_0061 | single_dehydrogenative_recombination | deprotonation,node_2835;node_2907;node_2935;node_3175;node_3263;node_3912;node_6427;node_6547;node_6607
Nomex,meta-Aramid,C12H9N3,negative,-1,195.07964730336,0.5800000000000001,0.41,6,1,6,recombination,node_2819,node_0014 + node_0053 | single_dehydrogenative_recombination | deprotonation,node_2819;node_2895;node_2911;node_3267;node_6395;node_6555
Nomex,meta-Aramid,C13H10N3O,negative,-1,224.08238695516,0.5780000000000001,0.40800000000000003,25,1,25,recombination,node_2115,node_0006 + node_0053 | single_dehydrogenative_recombination | deprotonation,node_2115;node_2267;node_2283;node_2795;node_2821;node_2871;node_2913;node_2925;node_2985;node_3001;node_3239;node_3269;node_3357;node_3633;node_4976;node_5380;node_5412;node_6409;node_6493;node_6569;node_6593;node_6633;node_6645;node_6677;node_6741
Nomex,meta-Aramid,C14H11N4O2,negative,-1,267.08820061139,0.5780000000000001,0.40800000000000003,6,1,6,recombination,node_2271,node_0008 + node_0055 | single_dehydrogenative_recombination | deprotonation,node_2271;node_2451;node_2879;node_2963;node_5388;node_5764
Nomex,meta-Aramid,C14H7O2,negative,-1,207.04460446475,0.5780000000000001,0.40800000000000003,9,1,9,recombination,node_2371,node_0009 + node_0059 | single_dehydrogenative_recombination | deprotonation,node_2371;node_2399;node_2579;node_3151;node_3804;node_3888;node_5600;node_5660;node_6016
Nomex,meta-Aramid,C20H12NO2,negative,-1,298.08680363033,0.5780000000000001,0.40800000000000003,13,1,13,recombination,node_2035,node_0005 + node_0059 | single_dehydrogenative_recombination | deprotonation,node_2035;node_2063;node_2567;node_3135;node_3435;node_3481;node_3842;node_3872;node_4764;node_4824;node_5988;node_7121;node_7141
Nomex,meta-Aramid,C20H13N2O2,negative,-1,313.09770266699,0.5780000000000001,0.40800000000000003,36,1,36,recombination,node_1867,node_0003 + node_0059 | single_dehydrogenative_recombination | deprotonation,node_1867;node_1895;node_2019;node_2039;node_2139;node_2551;node_2647;node_2675;node_2783;node_3067;node_3113;node_3127;node_3163;node_3227;node_3377;node_3415;node_3469;node_3477;node_3657;node_3826;node_3864;node_3900;node_4308;node_4368;node_4732;node_4772;node_5024;node_5956;node_6128;node_6188;node_6825;node_6861;node_7037;node_7077;node_7109;node_7137
Nomex,meta-Aramid,C20H14N3O2,negative,-1,328.10860170365,0.5780000000000001,0.40800000000000003,33,1,33,recombination,node_1855,node_0003 + node_0051 | single_dehydrogenative_recombination | deprotonation,node_1855;node_1871;node_2023;node_2123;node_2291;node_2631;node_2651;node_2775;node_2811;node_2867;node_3009;node_3047;node_3097;node_3109;node_3219;node_3255;node_3365;node_3423;node_3453;node_3641;node_4284;node_4316;node_4740;node_4992;node_5428;node_6096;node_6136;node_6693;node_6749;node_6789;node_6813;node_6845;node_6857
Nomex,meta-Aramid,C20H15N4O2,negative,-1,343.11950074031,0.5780000000000001,0.40800000000000003,10,1,10,recombination,node_2275,node_0008 + node_0057 | single_dehydrogenative_recombination | deprotonation,node_2275;node_2635;node_2887;node_2993;node_3055;node_3085;node_5396;node_6104;node_6661;node_6733
Nomex,meta-Aramid,C27H18N3O3,negative,-1,432.13481645214,0.5780000000000001,0.40800000000000003,9,1,9,recombination,node_1879,node_0003 + node_0065 | single_dehydrogenative_recombination | deprotonation,node_1879;node_2031;node_2659;node_3043;node_3403;node_3439;node_4332;node_4756;node_6152
Nomex,meta-Aramid,C27H19N4O3,negative,-1,447.1457154888,0.5780000000000001,0.40800000000000003,6,1,6,recombination,node_1863,node_0003 + node_0057 | single_dehydrogenative_recombination | deprotonation,node_1863;node_2643;node_3035;node_3071;node_4300;node_6120
Nomex,meta-Aramid,C2H4N2O2,positive,1,88.02727737692,0.5780000000000001,0.488,2,1,2,recombination,node_4565,node_0031 + node_0068 | h_transfer_recombination | protonation,node_4565;node_4653
Nomex,meta-Aramid,C8H2O2,negative,-1,130.0054793036,0.5780000000000001,0.42800000000000005,3,1,3,recombination,node_4122,node_0027 + node_0072 | dehydrogenative_coupling | deprotonation,node_3760;node_4122;node_6333
Nomex,meta-Aramid,C22H13N2O4,negative,-1,369.08753190613,0.5760000000000001,0.426,3,1,3,recombination,node_4246,node_0029 + node_0041 | dehydrogenative_coupling | deprotonation,node_4246;node_4678;node_5554
Nomex,meta-Aramid,C14H12NO2,positive,1,226.08680363033,0.576,0.48599999999999993,2,1,2,recombination,node_4949,node_0035 + node_0046 | h_transfer_recombination | protonation,node_4949;node_5085
Nomex,meta-Aramid,C14H13N2O2,positive,1,241.09770266699,0.576,0.48599999999999993,2,1,2,recombination,node_5361,node_0039 + node_0046 | h_transfer_recombination | protonation,node_5361;node_5481
Nomex,meta-Aramid,C14H14N3O2,positive,1,256.10860170365,0.576,0.48599999999999993,2,1,2,recombination,node_4925,node_0035 + node_0040 | h_transfer_recombination | protonation,node_4925;node_5073
Nomex,meta-Aramid,C15H11O3,positive,1,239.07081921324001,0.576,0.48599999999999993,2,1,2,recombination,node_5549,node_0041 + node_0046 | h_transfer_recombination | protonation,node_5549;node_5673
Nomex,meta-Aramid,C15H15N4O3,positive,1,299.11441535988,0.576,0.48599999999999993,2,1,2,recombination,node_5353,node_0039 + node_0044 | h_transfer_recombination | protonation,node_5353;node_5477
Nomex,meta-Aramid,C16H12NO4,positive,1,282.07663286947,0.576,0.48599999999999993,2,1,2,recombination,node_5149,node_0037 + node_0042 | h_transfer_recombination | protonation,node_5149;node_5277
Nomex,meta-Aramid,C16H13N2O4,positive,1,297.08753190613,0.576,0.48599999999999993,2,1,2,recombination,node_5541,node_0041 + node_0044 | h_transfer_recombination | protonation,node_5541;node_5669
Nomex,meta-Aramid,C16H14N3O4,positive,1,312.09843094279,0.576,0.48599999999999993,2,1,2,recombination,node_5157,node_0037 + node_0044 | h_transfer_recombination | protonation,node_5157;node_5281
Nomex,meta-Aramid,C21H16NO3,positive,1,330.11301837882,0.576,0.48599999999999993,2,1,2,recombination,node_4713,node_0033 + node_0046 | h_transfer_recombination | protonation,node_4713;node_4853
Nomex,meta-Aramid,C21H19N4O3,positive,1,375.1457154888,0.576,0.48599999999999993,2,1,2,recombination,node_5369,node_0039 + node_0048 | h_transfer_recombination | protonation,node_5369;node_5485
Nomex,meta-Aramid,C22H16NO4,positive,1,358.10793299839,0.576,0.48599999999999993,2,1,2,recombination,node_4697,node_0033 + node_0042 | h_transfer_recombination | protonation,node_4697;node_4845
Nomex,meta-Aramid,C28H23N4O4,positive,1,479.17193023729,0.576,0.48599999999999993,2,1,2,recombination,node_4273,node_0029 + node_0048 | h_transfer_recombination | protonation,node_4273;node_4397
Nomex,meta-Aramid,C9H10N3O3,positive,1,208.0722161943,0.576,0.48599999999999993,2,1,2,recombination,node_4477,node_0031 + node_0044 | h_transfer_recombination | protonation,node_4477;node_4609
Nomex,meta-Aramid,C12H10N2,negative,-1,182.08439833116,0.5720000000000001,0.402,6,1,6,recombination,node_6431,node_0051 + node_0062 | h_transfer_recombination | electron_gain,node_6431;node_6503;node_6551;node_6611;node_6623;node_6651
Nomex,meta-Aramid,C12H11N3,negative,-1,197.09529736782,0.5720000000000001,0.402,4,1,4,recombination,node_6399,node_0051 + node_0054 | h_transfer_recombination | electron_gain,node_6399;node_6487;node_6559;node_6627
Nomex,meta-Aramid,C12H9N,negative,-1,167.0734992945,0.5720000000000001,0.402,8,1,8,recombination,node_6423,node_0051 + node_0060 | h_transfer_recombination | electron_gain,node_6423;node_6483;node_6499;node_6527;node_6871;node_6927;node_7003;node_7027
Nomex,meta-Aramid,C13H12N3O,negative,-1,226.09803701962,0.5700000000000001,0.4,6,1,6,recombination,node_4980,node_0035 + node_0054 | h_transfer_recombination | electron_gain,node_4980;node_5100;node_5384;node_5416;node_5492;node_5508
Nomex,meta-Aramid,C14H13N4O2,negative,-1,269.10385067585,0.5700000000000001,0.4,4,1,4,recombination,node_5392,node_0039 + node_0056 | h_transfer_recombination | electron_gain,node_5392;node_5496;node_5768;node_5872
Nomex,meta-Aramid,C14H9O2,negative,-1,209.06025452921,0.5700000000000001,0.4,6,1,6,recombination,node_5604,node_0041 + node_0060 | h_transfer_recombination | electron_gain,node_5604;node_5664;node_5700;node_5728;node_6020;node_6080
Nomex,meta-Aramid,C20H14NO2,negative,-1,300.10245369479,0.5700000000000001,0.4,6,1,6,recombination,node_4768,node_0033 + node_0060 | h_transfer_recombination | electron_gain,node_4768;node_4828;node_4880;node_4908;node_5992;node_6068
Nomex,meta-Aramid,C20H15N2O2,negative,-1,315.11335273145,0.5700000000000001,0.4,16,1,16,recombination,node_4312,node_0029 + node_0060 | h_transfer_recombination | electron_gain,node_4312;node_4372;node_4416;node_4444;node_4736;node_4776;node_4864;node_4884;node_5028;node_5124;node_5960;node_6052;node_6132;node_6192;node_6216;node_6244
Nomex,meta-Aramid,C20H16N3O2,negative,-1,330.12425176811,0.5700000000000001,0.4,14,1,14,recombination,node_4288,node_0029 + node_0052 | h_transfer_recombination | electron_gain,node_4288;node_4320;node_4404;node_4420;node_4744;node_4868;node_4996;node_5108;node_5432;node_5516;node_6100;node_6140;node_6200;node_6220
Nomex,meta-Aramid,C20H17N4O2,negative,-1,345.13515080477,0.5700000000000001,0.4,4,1,4,recombination,node_5400,node_0039 + node_0058 | h_transfer_recombination | electron_gain,node_5400;node_5500;node_6108;node_6204
Nomex,meta-Aramid,C27H20N3O3,negative,-1,434.1504665166,0.5700000000000001,0.4,6,1,6,recombination,node_4336,node_0029 + node_0066 | h_transfer_recombination | electron_gain,node_4336;node_4428;node_4760;node_4876;node_6156;node_6228
Nomex,meta-Aramid,C27H21N4O3,negative,-1,449.16136555326,0.5700000000000001,0.4,4,1,4,recombination,node_4304,node_0029 + node_0058 | h_transfer_recombination | electron_gain,node_4304;node_4412;node_6124;node_6212
Nomex,meta-Aramid,C12H6,negative,-1,150.04695019338,0.56,0.41,3,1,3,recombination,node_3211,node_0018 + node_0074 | single_dehydrogenative_recombination | deprotonation,node_3211;node_3924;node_6919
Nomex,meta-Aramid,C13H10N3O,positive,1,224.08238695516,0.56,0.38999999999999996,15,1,15,recombination,node_6404,node_0051 + node_0055 | dehydrogenative_coupling | protonation,node_2820;node_2912;node_2924;node_2984;node_3000;node_3268;node_3356;node_3632;node_4975;node_5379;node_5411;node_6404;node_6564;node_6588;node_6672
Nomex,meta-Aramid,C13H11N4O,negative,-1,239.09328599181998,0.56,0.38999999999999996,4,1,4,recombination,node_6537,node_0053 + node_0056 | h_transfer_recombination | deprotonation,node_2897;node_2989;node_6537;node_6617
Nomex,meta-Aramid,C14H10N3O2,positive,1,252.07730157473,0.56,0.38999999999999996,15,1,15,recombination,node_6680,node_0055 + node_0063 | dehydrogenative_coupling | protonation,node_3004;node_3016;node_3104;node_3360;node_3548;node_3636;node_4519;node_4983;node_5419;node_5443;node_5755;node_5795;node_6680;node_6704;node_6800
Nomex,meta-Aramid,C14H8NO2,positive,1,222.05550350141,0.56,0.38999999999999996,16,1,16,recombination,node_7060,node_0063 + node_0072 | dehydrogenative_coupling | protonation,node_3388;node_3664;node_3746;node_3837;node_3849;node_4092;node_5051;node_5207;node_5267;node_5567;node_5607;node_5979;node_6003;node_6303;node_7060;node_7192
Nomex,meta-Aramid,C14H9N2O2,positive,1,237.06640253807,0.56,0.38999999999999996,22,1,22,recombination,node_6716,node_0055 + node_0072 | dehydrogenative_coupling | protonation,node_3020;node_3384;node_3472;node_3564;node_3652;node_3730;node_3821;node_4060;node_4551;node_5015;node_5039;node_5183;node_5215;node_5455;node_5575;node_5787;node_5847;node_5947;node_6271;node_6716;node_7048;node_7096
Nomex,meta-Aramid,C19H12NO,positive,1,270.09188901076,0.56,0.38999999999999996,6,1,6,recombination,node_6884,node_0059 + node_0065 | dehydrogenative_coupling | protonation,node_3192;node_3460;node_3484;node_3933;node_6884;node_7124
Nomex,meta-Aramid,C19H12NO,negative,-1,270.09188901076,0.56,0.38999999999999996,8,1,8,recombination,node_6889,node_0059 + node_0066 | h_transfer_recombination | deprotonation,node_3193;node_3461;node_3485;node_3934;node_6889;node_6937;node_7129;node_7145
Nomex,meta-Aramid,C19H13N2O,positive,1,285.10278804742,0.56,0.38999999999999996,12,1,12,recombination,node_6444,node_0051 + node_0065 | dehydrogenative_coupling | protonation,node_2840;node_3088;node_3116;node_3180;node_3284;node_3444;node_3464;node_3917;node_6444;node_6768;node_6828;node_6964
Nomex,meta-Aramid,C19H13N2O,negative,-1,285.10278804742,0.56,0.38999999999999996,16,1,16,recombination,node_6449,node_0051 + node_0066 | h_transfer_recombination | deprotonation,node_2841;node_3089;node_3117;node_3181;node_3285;node_3445;node_3465;node_3918;node_6449;node_6513;node_6773;node_6833;node_6837;node_6865;node_6969;node_7013
Nomex,meta-Aramid,C19H14N3O,positive,1,300.11368708407997,0.56,0.38999999999999996,9,1,9,recombination,node_6412,node_0051 + node_0057 | dehydrogenative_coupling | protonation,node_2824;node_2916;node_3076;node_3092;node_3272;node_3448;node_6412;node_6572;node_6776
Nomex,meta-Aramid,C19H14N3O,negative,-1,300.11368708407997,0.56,0.38999999999999996,12,1,12,recombination,node_6417,node_0051 + node_0058 | h_transfer_recombination | deprotonation,node_2825;node_2917;node_3077;node_3093;node_3273;node_3449;node_6417;node_6497;node_6577;node_6637;node_6781;node_6841
Nomex,meta-Aramid,C19H14NO,positive,1,272.10753907522,0.56,0.38999999999999996,4,1,4,recombination,node_6888,node_0059 + node_0066 | h_transfer_recombination | protonation,node_6888;node_6936;node_7128;node_7144
Nomex,meta-Aramid,C19H15N2O,positive,1,287.11843811188,0.56,0.38999999999999996,8,1,8,recombination,node_6448,node_0051 + node_0066 | h_transfer_recombination | protonation,node_6448;node_6512;node_6772;node_6832;node_6836;node_6864;node_6968;node_7012
Nomex,meta-Aramid,C19H15N4O,negative,-1,315.12458612074,0.56,0.38999999999999996,4,1,4,recombination,node_6545,node_0053 + node_0058 | h_transfer_recombination | deprotonation,node_2901;node_3081;node_6545;node_6621
Nomex,meta-Aramid,C19H16N3O,positive,1,302.12933714854,0.56,0.38999999999999996,6,1,6,recombination,node_6416,node_0051 + node_0058 | h_transfer_recombination | protonation,node_6416;node_6496;node_6576;node_6636;node_6780;node_6840
Nomex,meta-Aramid,C20H12NO2,positive,1,298.08680363033,0.56,0.38999999999999996,6,1,6,recombination,node_7116,node_0065 + node_0072 | dehydrogenative_coupling | protonation,node_3480;node_3841;node_4763;node_4823;node_5987;node_7116
Nomex,meta-Aramid,C20H13N2O2,positive,1,313.09770266699,0.56,0.38999999999999996,17,1,17,recombination,node_6820,node_0057 + node_0072 | dehydrogenative_coupling | protonation,node_3112;node_3376;node_3468;node_3476;node_3656;node_3825;node_4307;node_4367;node_4731;node_4771;node_5023;node_5955;node_6127;node_6187;node_6820;node_7032;node_7104
Nomex,meta-Aramid,C20H14N3O2,positive,1,328.10860170365,0.56,0.38999999999999996,16,1,16,recombination,node_6688,node_0055 + node_0065 | dehydrogenative_coupling | protonation,node_3008;node_3096;node_3108;node_3364;node_3452;node_3640;node_4283;node_4315;node_4739;node_4991;node_5427;node_6095;node_6135;node_6688;node_6784;node_6808
Nomex,meta-Aramid,C20H15N4O2,positive,1,343.11950074031,0.56,0.38999999999999996,5,1,5,recombination,node_6656,node_0055 + node_0057 | dehydrogenative_coupling | protonation,node_2992;node_3084;node_5395;node_6103;node_6656
Nomex,meta-Aramid,C26H18N3O2,negative,-1,404.13990183257,0.56,0.38999999999999996,4,1,4,recombination,node_6797,node_0057 + node_0066 | h_transfer_recombination | deprotonation,node_3101;node_3457;node_6797;node_6849
Nomex,meta-Aramid,C7H5N3O,negative,-1,147.04326179401,0.56,0.41,3,1,3,recombination,node_2923,node_0015 + node_0067 | single_dehydrogenative_recombination | deprotonation,node_2923;node_3543;node_6579
Nomex,meta-Aramid,C27H17N2O3,negative,-1,417.12391741548,0.558,0.40800000000000003,3,1,3,recombination,node_2047,node_0005 + node_0065 | single_dehydrogenative_recombination | deprotonation,node_2047;node_3411;node_4788
Nomex,meta-Aramid,C6H5N2,positive,1,105.04527317001,0.552,0.552,1,1,1,fragment_h_shift,node_1682,"M | fragment C,H,N from C-N+C-N bond break(s) | h_shift_-1 | electron_loss",node_1682
Nomex,meta-Aramid,C6H7N2,negative,-1,107.06092323447,0.552,0.552,1,1,1,fragment_h_shift,node_1685,"M | fragment C,H,N from C-N+C-N bond break(s) | h_shift_+1 | electron_gain",node_1685
Nomex,meta-Aramid,CNO,positive,1,41.997988624,0.552,0.552,1,1,1,fragment_h_shift,node_1710,"M | fragment C,H,N,O from C-N+C-C bond break(s) | h_shift_-1 | electron_loss",node_1710
Nomex,meta-Aramid,C12H6N,negative,-1,164.05002419781,0.55,0.38,4,1,4,recombination,node_6421,node_0051 + node_0059 | dehydrogenative_coupling | deprotonation,node_6421;node_6481;node_6869;node_7001
Nomex,meta-Aramid,C13H6NO,negative,-1,192.04493881738,0.55,0.38,6,1,6,recombination,node_6473,node_0051 + node_0072 | dehydrogenative_coupling | deprotonation,node_6473;node_6877;node_6901;node_6993;node_7069;node_7201
Nomex,meta-Aramid,C13H8N2O,negative,-1,208.06366288627,0.548,0.37800000000000006,26,1,26,recombination,node_4970,node_0035 + node_0051 | dehydrogenative_coupling | deprotonation,node_2839;node_2851;node_2931;node_2999;node_3027;node_3179;node_3283;node_3295;node_3355;node_3375;node_3631;node_3651;node_3820;node_3916;node_4970;node_5010;node_5406;node_5466;node_5942;node_6435;node_6459;node_6599;node_6663;node_6723;node_6955;node_6979
Nomex,meta-Aramid,C13H9N3O,negative,-1,223.07456192293,0.548,0.37800000000000006,15,1,15,recombination,node_4978,node_0035 + node_0053 | dehydrogenative_coupling | deprotonation,node_2823;node_2915;node_2927;node_2987;node_3003;node_3271;node_3359;node_3635;node_4978;node_5382;node_5414;node_6403;node_6563;node_6587;node_6671
Nomex,meta-Aramid,C14H7NO2,negative,-1,221.04767846918,0.548,0.37800000000000006,16,1,16,recombination,node_4095,node_0027 + node_0065 | dehydrogenative_coupling | deprotonation,node_3391;node_3667;node_3749;node_3840;node_3852;node_4095;node_5054;node_5210;node_5270;node_5570;node_5610;node_5982;node_6006;node_6306;node_7059;node_7191
Nomex,meta-Aramid,C14H8N2O2,negative,-1,236.05857750584,0.548,0.37800000000000006,22,1,22,recombination,node_4063,node_0027 + node_0057 | dehydrogenative_coupling | deprotonation,node_3023;node_3387;node_3475;node_3567;node_3655;node_3733;node_3824;node_4063;node_4554;node_5018;node_5042;node_5186;node_5218;node_5458;node_5578;node_5790;node_5850;node_5950;node_6274;node_6715;node_7047;node_7095
Nomex,meta-Aramid,C14H9N3O2,negative,-1,251.0694765425,0.548,0.37800000000000006,15,1,15,recombination,node_4522,node_0031 + node_0057 | dehydrogenative_coupling | deprotonation,node_3007;node_3019;node_3107;node_3363;node_3551;node_3639;node_4522;node_4986;node_5422;node_5446;node_5758;node_5798;node_6679;node_6703;node_6799
Nomex,meta-Aramid,C15H8N2O3,negative,-1,264.05349212541,0.548,0.37800000000000006,5,1,5,recombination,node_4798,node_0033 + node_0067 | dehydrogenative_coupling | deprotonation,node_4798;node_5226;node_5250;node_5586;node_5842
Nomex,meta-Aramid,C15H9N3O3,negative,-1,279.06439116207,0.548,0.37800000000000006,5,1,5,recombination,node_4342,node_0029 + node_0067 | dehydrogenative_coupling | deprotonation,node_4342;node_5194;node_5806;node_5830;node_6162
Nomex,meta-Aramid,C20H11NO2,negative,-1,297.0789785981,0.548,0.37800000000000006,6,1,6,recombination,node_4766,node_0033 + node_0059 | dehydrogenative_coupling | deprotonation,node_3483;node_3844;node_4766;node_4826;node_5990;node_7115
Nomex,meta-Aramid,C20H12N2O2,negative,-1,312.08987763476,0.548,0.37800000000000006,17,1,17,recombination,node_4310,node_0029 + node_0059 | dehydrogenative_coupling | deprotonation,node_3115;node_3379;node_3471;node_3479;node_3659;node_3828;node_4310;node_4370;node_4734;node_4774;node_5026;node_5958;node_6130;node_6190;node_6819;node_7031;node_7103
Nomex,meta-Aramid,C20H13N3O2,negative,-1,327.10077667142,0.548,0.37800000000000006,16,1,16,recombination,node_4286,node_0029 + node_0051 | dehydrogenative_coupling | deprotonation,node_3011;node_3099;node_3111;node_3367;node_3455;node_3643;node_4286;node_4318;node_4742;node_4994;node_5430;node_6098;node_6138;node_6687;node_6783;node_6807
Nomex,meta-Aramid,C20H14N4O2,negative,-1,342.11167570808,0.548,0.37800000000000006,5,1,5,recombination,node_5398,node_0039 + node_0057 | dehydrogenative_coupling | deprotonation,node_2995;node_3087;node_5398;node_6106;node_6655
Nomex,meta-Aramid,C21H12N2O3,negative,-1,340.08479225433,0.548,0.37800000000000006,6,1,6,recombination,node_4362,node_0029 + node_0072 | dehydrogenative_coupling | deprotonation,node_4362;node_4782;node_4806;node_5234;node_5594;node_6182
Nomex,meta-Aramid,C21H13N3O3,negative,-1,355.09569129099,0.548,0.37800000000000006,7,1,7,recombination,node_4326,node_0029 + node_0063 | dehydrogenative_coupling | deprotonation,node_4326;node_4350;node_4750;node_5202;node_5814;node_6146;node_6170
Nomex,meta-Aramid,C13H11N4O,positive,1,239.09328599181998,0.54,0.38999999999999996,3,1,3,recombination,node_6532,node_0053 + node_0055 | dehydrogenative_coupling | protonation,node_2896;node_2988;node_6532
Nomex,meta-Aramid,C19H15N4O,positive,1,315.12458612074,0.54,0.38999999999999996,3,1,3,recombination,node_6540,node_0053 + node_0057 | dehydrogenative_coupling | protonation,node_2900;node_3080;node_6540
Nomex,meta-Aramid,C26H18N3O2,positive,1,404.13990183257,0.54,0.38999999999999996,3,1,3,recombination,node_6792,node_0057 + node_0065 | dehydrogenative_coupling | protonation,node_3100;node_3456;node_6792
Nomex,meta-Aramid,C2H3N2O2,negative,-1,87.01945234469,0.54,0.45,2,1,2,recombination,node_4564,node_0031 + node_0068 | h_transfer_recombination | electron_gain,node_4564;node_4652
Nomex,meta-Aramid,C2NO2,positive,1,69.99290324357,0.54,0.39,3,1,3,recombination,node_4100,node_0027 + node_0067 | dehydrogenative_coupling | electron_loss,node_3750;node_4100;node_6311
Nomex,meta-Aramid,C8H3O2,positive,1,131.01330433583001,0.54,0.39,3,1,3,recombination,node_4119,node_0027 + node_0072 | dehydrogenative_coupling | electron_loss,node_3757;node_4119;node_6330
Nomex,meta-Aramid,C14H13N3O2,negative,-1,255.10077667142,0.538,0.448,2,1,2,recombination,node_4924,node_0035 + node_0040 | h_transfer_recombination | electron_gain,node_4924;node_5072
Nomex,meta-Aramid,C15H10O3,negative,-1,238.06299418101,0.538,0.448,2,1,2,recombination,node_5548,node_0041 + node_0046 | h_transfer_recombination | electron_gain,node_5548;node_5672
Nomex,meta-Aramid,C15H14N4O3,negative,-1,298.10659032765,0.538,0.448,2,1,2,recombination,node_5352,node_0039 + node_0044 | h_transfer_recombination | electron_gain,node_5352;node_5476
Nomex,meta-Aramid,C16H11NO4,negative,-1,281.06880783724,0.538,0.448,2,1,2,recombination,node_5148,node_0037 + node_0042 | h_transfer_recombination | electron_gain,node_5148;node_5276
Nomex,meta-Aramid,C16H12N2O4,negative,-1,296.0797068739,0.538,0.448,2,1,2,recombination,node_5540,node_0041 + node_0044 | h_transfer_recombination | electron_gain,node_5540;node_5668
Nomex,meta-Aramid,C16H13N3O4,negative,-1,311.09060591056,0.538,0.448,2,1,2,recombination,node_5156,node_0037 + node_0044 | h_transfer_recombination | electron_gain,node_5156;node_5280
Nomex,meta-Aramid,C21H15NO3,negative,-1,329.10519334659,0.538,0.448,2,1,2,recombination,node_4712,node_0033 + node_0046 | h_transfer_recombination | electron_gain,node_4712;node_4852
Nomex,meta-Aramid,C21H18N4O3,negative,-1,374.13789045657,0.538,0.448,2,1,2,recombination,node_5368,node_0039 + node_0048 | h_transfer_recombination | electron_gain,node_5368;node_5484
Nomex,meta-Aramid,C22H14N2O4,positive,1,370.09535693836,0.538,0.388,3,1,3,recombination,node_4243,node_0029 + node_0041 | dehydrogenative_coupling | electron_loss,node_4243;node_4675;node_5551
Nomex,meta-Aramid,C22H15NO4,negative,-1,357.10010796616,0.538,0.448,2,1,2,recombination,node_4696,node_0033 + node_0042 | h_transfer_recombination | electron_gain,node_4696;node_4844
Nomex,meta-Aramid,C28H22N4O4,negative,-1,478.16410520505997,0.538,0.448,2,1,2,recombination,node_4272,node_0029 + node_0048 | h_transfer_recombination | electron_gain,node_4272;node_4396
Nomex,meta-Aramid,C9H9N3O3,negative,-1,207.06439116207,0.538,0.448,2,1,2,recombination,node_4476,node_0031 + node_0044 | h_transfer_recombination | electron_gain,node_4476;node_4608
Nomex,meta-Aramid,C12H7N2,negative,-1,179.06092323447,0.53,0.38,3,1,3,recombination,node_6429,node_0051 + node_0061 | dehydrogenative_coupling | deprotonation,node_6429;node_6549;node_6609
Nomex,meta-Aramid,C19H11NO,negative,-1,269.08406397853,0.53,0.36,6,1,6,recombination,node_3195,node_0018 + node_0065 | single_dehydrogenative_recombination | deprotonation,node_3195;node_3463;node_3487;node_3936;node_6883;node_7123
Nomex,meta-Aramid,C19H12N2O,negative,-1,284.09496301519,0.53,0.36,12,1,12,recombination,node_2843,node_0014 + node_0065 | single_dehydrogenative_recombination | deprotonation,node_2843;node_3091;node_3119;node_3183;node_3287;node_3447;node_3467;node_3920;node_6443;node_6767;node_6827;node_6963
Nomex,meta-Aramid,C19H13N3O,negative,-1,299.10586205185,0.53,0.36,9,1,9,recombination,node_2827,node_0014 + node_0057 | single_dehydrogenative_recombination | deprotonation,node_2827;node_2919;node_3079;node_3095;node_3275;node_3451;node_6411;node_6571;node_6775
Nomex,meta-Aramid,C12H9,positive,1,153.07042529007,0.5299999999999999,0.43999999999999995,2,1,2,recombination,node_6924,node_0059 + node_0075 | h_transfer_recombination | protonation,node_6924;node_6952
Nomex,meta-Aramid,C7H8N3O,positive,1,150.06673689069999,0.5299999999999999,0.43999999999999995,2,1,2,recombination,node_6584,node_0053 + node_0068 | h_transfer_recombination | protonation,node_6584;node_6640
Nomex,meta-Aramid,C14H6O2,negative,-1,206.03677943252,0.528,0.37800000000000006,3,1,3,recombination,node_5602,node_0041 + node_0059 | dehydrogenative_coupling | deprotonation,node_5602;node_5662;node_6018
Nomex,meta-Aramid,C15H7NO3,negative,-1,249.04259308875,0.528,0.37800000000000006,3,1,3,recombination,node_5262,node_0037 + node_0072 | dehydrogenative_coupling | deprotonation,node_5262;node_5618;node_5642
Nomex,meta-Aramid,C21H14N4O3,negative,-1,370.10659032765,0.528,0.37800000000000006,3,1,3,recombination,node_4294,node_0029 + node_0055 | dehydrogenative_coupling | deprotonation,node_4294;node_5782;node_6114
Nomex,meta-Aramid,C27H17N3O3,negative,-1,431.12699141991,0.528,0.37800000000000006,3,1,3,recombination,node_4334,node_0029 + node_0065 | dehydrogenative_coupling | deprotonation,node_4334;node_4758;node_6154
Nomex,meta-Aramid,C27H20N2O3,positive,1,420.14739251217003,0.528,0.438,2,1,2,recombination,node_4793,node_0033 + node_0066 | h_transfer_recombination | protonation,node_4793;node_4893
Nomex,meta-Aramid,C19H13NO,negative,-1,271.09971404299,0.522,0.35200000000000004,4,1,4,recombination,node_6887,node_0059 + node_0066 | h_transfer_recombination | electron_gain,node_6887;node_6935;node_7127;node_7143
Nomex,meta-Aramid,C19H14N2O,negative,-1,286.11061307965,0.522,0.35200000000000004,8,1,8,recombination,node_6447,node_0051 + node_0066 | h_transfer_recombination | electron_gain,node_6447;node_6511;node_6771;node_6831;node_6835;node_6863;node_6967;node_7011
Nomex,meta-Aramid,C19H15N3O,negative,-1,301.12151211631,0.522,0.35200000000000004,6,1,6,recombination,node_6415,node_0051 + node_0058 | h_transfer_recombination | electron_gain,node_6415;node_6495;node_6575;node_6635;node_6779;node_6839
Nomex,meta-Aramid,C22H14N3O4,negative,-1,384.09843094279,0.516,0.426,2,1,2,recombination,node_4702,node_0033 + node_0043 | dehydrogenative_coupling | deprotonation,node_4702;node_5170
Nomex,meta-Aramid,C22H15N4O4,negative,-1,399.10932997945,0.516,0.426,2,1,2,recombination,node_4254,node_0029 + node_0043 | dehydrogenative_coupling | deprotonation,node_4254;node_5742
Nomex,meta-Aramid,C28H18N3O4,negative,-1,460.12973107171,0.516,0.426,2,1,2,recombination,node_4230,node_0029 + node_0033 | dehydrogenative_coupling | deprotonation,node_4230;node_4718
Nomex,meta-Aramid,C12H7N,positive,1,165.05784923004,0.512,0.342,4,1,4,recombination,node_6418,node_0051 + node_0059 | dehydrogenative_coupling | electron_loss,node_6418;node_6478;node_6866;node_6998
Nomex,meta-Aramid,C13H7NO,positive,1,193.05276384961,0.512,0.342,6,1,6,recombination,node_6470,node_0051 + node_0072 | dehydrogenative_coupling | electron_loss,node_6470;node_6874;node_6898;node_6990;node_7066;node_7198
Nomex,meta-Aramid,C13H10N4O,negative,-1,238.08546095959,0.51,0.36,3,1,3,recombination,node_2899,node_0015 + node_0055 | single_dehydrogenative_recombination | deprotonation,node_2899;node_2991;node_6531
Nomex,meta-Aramid,C15H10N3O3,positive,1,280.0722161943,0.51,0.34,5,1,5,recombination,node_4339,node_0029 + node_0067 | dehydrogenative_coupling | electron_loss,node_4339;node_5191;node_5803;node_5827;node_6159
Nomex,meta-Aramid,C15H9N2O3,positive,1,265.06131715764,0.51,0.34,5,1,5,recombination,node_4795,node_0033 + node_0067 | dehydrogenative_coupling | electron_loss,node_4795;node_5223;node_5247;node_5583;node_5839
Nomex,meta-Aramid,C19H14N4O,negative,-1,314.11676108851,0.51,0.36,3,1,3,recombination,node_2903,node_0015 + node_0057 | single_dehydrogenative_recombination | deprotonation,node_2903;node_3083;node_6539
Nomex,meta-Aramid,C21H13N2O3,positive,1,341.09261728656,0.51,0.34,6,1,6,recombination,node_4359,node_0029 + node_0072 | dehydrogenative_coupling | electron_loss,node_4359;node_4779;node_4803;node_5231;node_5591;node_6179
Nomex,meta-Aramid,C21H14N3O3,positive,1,356.10351632322,0.51,0.34,7,1,7,recombination,node_4323,node_0029 + node_0063 | dehydrogenative_coupling | electron_loss,node_4323;node_4347;node_4747;node_5199;node_5811;node_6143;node_6167
Nomex,meta-Aramid,C26H17N3O2,negative,-1,403.13207680034,0.51,0.36,3,1,3,recombination,node_3103,node_0017 + node_0065 | single_dehydrogenative_recombination | deprotonation,node_3103;node_3459;node_6791
Nomex,meta-Aramid,C13H7N2O,negative,-1,207.05583785404,0.5,0.33,7,1,7,recombination,node_6437,node_0051 + node_0063 | dehydrogenative_coupling | deprotonation,node_6437;node_6461;node_6601;node_6665;node_6725;node_6957;node_6981
Nomex,meta-Aramid,C13H8N3O,negative,-1,222.06673689069999,0.5,0.33,4,1,4,recombination,node_6405,node_0051 + node_0055 | dehydrogenative_coupling | deprotonation,node_6405;node_6565;node_6589;node_6673
Nomex,meta-Aramid,C19H11N2O,negative,-1,283.08713798296,0.5,0.33,4,1,4,recombination,node_6445,node_0051 + node_0065 | dehydrogenative_coupling | deprotonation,node_6445;node_6769;node_6829;node_6965
Nomex,meta-Aramid,C12H8N2,positive,1,180.0687482667,0.49200000000000005,0.342,3,1,3,recombination,node_6426,node_0051 + node_0061 | dehydrogenative_coupling | electron_loss,node_6426;node_6546;node_6606
Nomex,meta-Aramid,C12H8,negative,-1,152.06260025784,0.492,0.402,2,1,2,recombination,node_6923,node_0059 + node_0075 | h_transfer_recombination | electron_gain,node_6923;node_6951
Nomex,meta-Aramid,C7H7N3O,negative,-1,149.05891185847,0.492,0.402,2,1,2,recombination,node_6583,node_0053 + node_0068 | h_transfer_recombination | electron_gain,node_6583;node_6639
Nomex,meta-Aramid,C14H7O2,positive,1,207.04460446475,0.49000000000000005,0.34,3,1,3,recombination,node_5599,node_0041 + node_0059 | dehydrogenative_coupling | electron_loss,node_5599;node_5659;node_6015
Nomex,meta-Aramid,C15H8NO3,positive,1,250.05041812098,0.49000000000000005,0.34,3,1,3,recombination,node_5259,node_0037 + node_0072 | dehydrogenative_coupling | electron_loss,node_5259;node_5615;node_5639
Nomex,meta-Aramid,C21H15N4O3,positive,1,371.11441535988,0.49000000000000005,0.34,3,1,3,recombination,node_4291,node_0029 + node_0055 | dehydrogenative_coupling | electron_loss,node_4291;node_5779;node_6111
Nomex,meta-Aramid,C27H18N3O3,positive,1,432.13481645214,0.49000000000000005,0.34,3,1,3,recombination,node_4331,node_0029 + node_0065 | dehydrogenative_coupling | electron_loss,node_4331;node_4755;node_6151
Nomex,meta-Aramid,C27H19N2O3,negative,-1,419.13956747994,0.49,0.4,2,1,2,recombination,node_4792,node_0033 + node_0066 | h_transfer_recombination | electron_gain,node_4792;node_4892
Nomex,meta-Aramid,C14H7N2O2,negative,-1,235.05075247361,0.48000000000000004,0.33,3,1,3,recombination,node_6717,node_0055 + node_0072 | dehydrogenative_coupling | deprotonation,node_6717;node_7049;node_7097
Nomex,meta-Aramid,C14H8N3O2,negative,-1,250.06165151027,0.48000000000000004,0.33,3,1,3,recombination,node_6681,node_0055 + node_0063 | dehydrogenative_coupling | deprotonation,node_6681;node_6705;node_6801
Nomex,meta-Aramid,C19H12N3O,negative,-1,298.09803701962,0.48000000000000004,0.33,3,1,3,recombination,node_6413,node_0051 + node_0057 | dehydrogenative_coupling | deprotonation,node_6413;node_6573;node_6777
Nomex,meta-Aramid,C20H11N2O2,negative,-1,311.08205260253,0.48000000000000004,0.33,3,1,3,recombination,node_6821,node_0057 + node_0072 | dehydrogenative_coupling | deprotonation,node_6821;node_7033;node_7105
Nomex,meta-Aramid,C20H12N3O2,negative,-1,326.09295163919,0.48000000000000004,0.33,3,1,3,recombination,node_6689,node_0055 + node_0065 | dehydrogenative_coupling | deprotonation,node_6689;node_6785;node_6809
Nomex,meta-Aramid,C13H13N4O,positive,1,241.10893605628,0.4799999999999999,0.38999999999999996,2,1,2,recombination,node_6536,node_0053 + node_0056 | h_transfer_recombination | protonation,node_6536;node_6616
Nomex,meta-Aramid,C19H17N4O,positive,1,317.1402361852,0.4799999999999999,0.38999999999999996,2,1,2,recombination,node_6544,node_0053 + node_0058 | h_transfer_recombination | protonation,node_6544;node_6620
Nomex,meta-Aramid,C26H20N3O2,positive,1,406.15555189703,0.4799999999999999,0.38999999999999996,2,1,2,recombination,node_6796,node_0057 + node_0066 | h_transfer_recombination | protonation,node_6796;node_6848
Nomex,meta-Aramid,C22H15N3O4,positive,1,385.10625597502,0.478,0.388,2,1,2,recombination,node_4699,node_0033 + node_0043 | dehydrogenative_coupling | electron_loss,node_4699;node_5167
Nomex,meta-Aramid,C22H16N4O4,positive,1,400.11715501168,0.478,0.388,2,1,2,recombination,node_4251,node_0029 + node_0043 | dehydrogenative_coupling | electron_loss,node_4251;node_5739
Nomex,meta-Aramid,C28H19N3O4,positive,1,461.13755610394,0.478,0.388,2,1,2,recombination,node_4227,node_0029 + node_0033 | dehydrogenative_coupling | electron_loss,node_4227;node_4715
Nomex,meta-Aramid,C12H8N3,negative,-1,194.07182227113,0.47,0.38,2,1,2,recombination,node_6397,node_0051 + node_0053 | dehydrogenative_coupling | deprotonation,node_6397;node_6557
Nomex,meta-Aramid,C13H5O,negative,-1,177.03403978072,0.47,0.38,2,1,2,recombination,node_6913,node_0059 + node_0072 | dehydrogenative_coupling | deprotonation,node_6913;node_7225
Nomex,meta-Aramid,C7H2NO,negative,-1,116.01363868846,0.47,0.38,2,1,2,recombination,node_6893,node_0059 + node_0067 | dehydrogenative_coupling | deprotonation,node_6893;node_7169
Nomex,meta-Aramid,C7H3N2O,negative,-1,131.02453772512,0.47,0.38,2,1,2,recombination,node_6453,node_0051 + node_0067 | dehydrogenative_coupling | deprotonation,node_6453;node_6973
Nomex,meta-Aramid,C8H3N2O2,negative,-1,159.01945234469,0.47,0.38,2,1,2,recombination,node_7041,node_0063 + node_0067 | dehydrogenative_coupling | deprotonation,node_7041;node_7149
Nomex,meta-Aramid,C14H10N4O2,negative,-1,266.08037557916,0.468,0.37800000000000006,2,1,2,recombination,node_5390,node_0039 + node_0055 | dehydrogenative_coupling | deprotonation,node_5390;node_5766
Nomex,meta-Aramid,C21H11NO3,negative,-1,325.07389321767,0.468,0.37800000000000006,2,1,2,recombination,node_4818,node_0033 + node_0072 | dehydrogenative_coupling | deprotonation,node_4818;node_5626
Nomex,meta-Aramid,C27H18N4O3,negative,-1,446.13789045657,0.468,0.37800000000000006,2,1,2,recombination,node_4302,node_0029 + node_0057 | dehydrogenative_coupling | deprotonation,node_4302;node_6122
Nomex,meta-Aramid,C13H8N2O,positive,1,208.06366288627,0.462,0.29200000000000004,7,1,7,recombination,node_6434,node_0051 + node_0063 | dehydrogenative_coupling | electron_loss,node_6434;node_6458;node_6598;node_6662;node_6722;node_6954;node_6978
Nomex,meta-Aramid,C13H9N3O,positive,1,223.07456192293,0.462,0.29200000000000004,4,1,4,recombination,node_6402,node_0051 + node_0055 | dehydrogenative_coupling | electron_loss,node_6402;node_6562;node_6586;node_6670
Nomex,meta-Aramid,C19H12N2O,positive,1,284.09496301519,0.462,0.29200000000000004,4,1,4,recombination,node_6442,node_0051 + node_0065 | dehydrogenative_coupling | electron_loss,node_6442;node_6766;node_6826;node_6962
Nomex,meta-Aramid,C14H8N2O2,positive,1,236.05857750584,0.44200000000000006,0.29200000000000004,3,1,3,recombination,node_6714,node_0055 + node_0072 | dehydrogenative_coupling | electron_loss,node_6714;node_7046;node_7094
Nomex,meta-Aramid,C14H9N3O2,positive,1,251.0694765425,0.44200000000000006,0.29200000000000004,3,1,3,recombination,node_6678,node_0055 + node_0063 | dehydrogenative_coupling | electron_loss,node_6678;node_6702;node_6798
Nomex,meta-Aramid,C19H13N3O,positive,1,299.10586205185,0.44200000000000006,0.29200000000000004,3,1,3,recombination,node_6410,node_0051 + node_0057 | dehydrogenative_coupling | electron_loss,node_6410;node_6570;node_6774
Nomex,meta-Aramid,C20H12N2O2,positive,1,312.08987763476,0.44200000000000006,0.29200000000000004,3,1,3,recombination,node_6818,node_0057 + node_0072 | dehydrogenative_coupling | electron_loss,node_6818;node_7030;node_7102
Nomex,meta-Aramid,C20H13N3O2,positive,1,327.10077667142,0.44200000000000006,0.29200000000000004,3,1,3,recombination,node_6686,node_0055 + node_0065 | dehydrogenative_coupling | electron_loss,node_6686;node_6782;node_6806
Nomex,meta-Aramid,C13H12N4O,negative,-1,240.10111102405,0.442,0.35200000000000004,2,1,2,recombination,node_6535,node_0053 + node_0056 | h_transfer_recombination | electron_gain,node_6535;node_6615
Nomex,meta-Aramid,C19H16N4O,negative,-1,316.13241115297,0.442,0.35200000000000004,2,1,2,recombination,node_6543,node_0053 + node_0058 | h_transfer_recombination | electron_gain,node_6543;node_6619
Nomex,meta-Aramid,C26H19N3O2,negative,-1,405.1477268648,0.442,0.35200000000000004,2,1,2,recombination,node_6795,node_0057 + node_0066 | h_transfer_recombination | electron_gain,node_6795;node_6847
Nomex,meta-Aramid,C12H9N3,positive,1,195.07964730336,0.432,0.342,2,1,2,recombination,node_6394,node_0051 + node_0053 | dehydrogenative_coupling | electron_loss,node_6394;node_6554
Nomex,meta-Aramid,C13H6O,positive,1,178.04186481295,0.432,0.342,2,1,2,recombination,node_6910,node_0059 + node_0072 | dehydrogenative_coupling | electron_loss,node_6910;node_7222
Nomex,meta-Aramid,C7H3NO,positive,1,117.02146372069,0.432,0.342,2,1,2,recombination,node_6890,node_0059 + node_0067 | dehydrogenative_coupling | electron_loss,node_6890;node_7166
Nomex,meta-Aramid,C7H4N2O,positive,1,132.03236275735,0.432,0.342,2,1,2,recombination,node_6450,node_0051 + node_0067 | dehydrogenative_coupling | electron_loss,node_6450;node_6970
Nomex,meta-Aramid,C8H4N2O2,positive,1,160.02727737692,0.432,0.342,2,1,2,recombination,node_7038,node_0063 + node_0067 | dehydrogenative_coupling | electron_loss,node_7038;node_7146
Nomex,meta-Aramid,C14H11N4O2,positive,1,267.08820061139,0.43,0.34,2,1,2,recombination,node_5387,node_0039 + node_0055 | dehydrogenative_coupling | electron_loss,node_5387;node_5763
Nomex,meta-Aramid,C21H12NO3,positive,1,326.0817182499,0.43,0.34,2,1,2,recombination,node_4815,node_0033 + node_0072 | dehydrogenative_coupling | electron_loss,node_4815;node_5623
Nomex,meta-Aramid,C27H19N4O3,positive,1,447.1457154888,0.43,0.34,2,1,2,recombination,node_4299,node_0029 + node_0057 | dehydrogenative_coupling | electron_loss,node_4299;node_6119
Nomex,meta-Aramid,C2N2O2,negative,-1,83.995977248,0.42800000000000005,0.42800000000000005,1,1,1,recombination,node_4562,node_0031 + node_0067 | dehydrogenative_coupling | deprotonation,node_4562
Nomex,meta-Aramid,C9H3NO3,negative,-1,173.01129295983,0.42800000000000005,0.42800000000000005,1,1,1,recombination,node_5634,node_0041 + node_0067 | dehydrogenative_coupling | deprotonation,node_5634
Nomex,meta-Aramid,C9H4N2O3,negative,-1,188.02219199649,0.42800000000000005,0.42800000000000005,1,1,1,recombination,node_5242,node_0037 + node_0067 | dehydrogenative_coupling | deprotonation,node_5242
Nomex,meta-Aramid,C16H10N3O4,negative,-1,308.06713081387,0.426,0.426,1,1,1,recombination,node_5154,node_0037 + node_0043 | dehydrogenative_coupling | deprotonation,node_5154
Nomex,meta-Aramid,C16H8NO4,negative,-1,278.04533274055,0.426,0.426,1,1,1,recombination,node_5146,node_0037 + node_0041 | dehydrogenative_coupling | deprotonation,node_5146
Nomex,meta-Aramid,C16H9N2O4,negative,-1,293.05623177721,0.426,0.426,1,1,1,recombination,node_5538,node_0041 + node_0043 | dehydrogenative_coupling | deprotonation,node_5538
Nomex,meta-Aramid,C22H12NO4,negative,-1,354.07663286947,0.426,0.426,1,1,1,recombination,node_4694,node_0033 + node_0041 | dehydrogenative_coupling | deprotonation,node_4694
Nomex,meta-Aramid,C28H19N4O4,negative,-1,475.14063010837,0.426,0.426,1,1,1,recombination,node_4270,node_0029 + node_0047 | dehydrogenative_coupling | deprotonation,node_4270
Nomex,meta-Aramid,C14H6NO2,negative,-1,220.03985343695,0.42,0.33,2,1,2,recombination,node_7061,node_0063 + node_0072 | dehydrogenative_coupling | deprotonation,node_7061;node_7193
Nomex,meta-Aramid,C19H10NO,negative,-1,268.0762389463,0.42,0.33,2,1,2,recombination,node_6885,node_0059 + node_0065 | dehydrogenative_coupling | deprotonation,node_6885;node_7125
Nomex,meta-Aramid,C2HN2O2,positive,1,85.00380228023,0.39,0.39,1,1,1,recombination,node_4559,node_0031 + node_0067 | dehydrogenative_coupling | electron_loss,node_4559
Nomex,meta-Aramid,C9H4NO3,positive,1,174.01911799206,0.39,0.39,1,1,1,recombination,node_5631,node_0041 + node_0067 | dehydrogenative_coupling | electron_loss,node_5631
Nomex,meta-Aramid,C9H5N2O3,positive,1,189.03001702872,0.39,0.39,1,1,1,recombination,node_5239,node_0037 + node_0067 | dehydrogenative_coupling | electron_loss,node_5239
Nomex,meta-Aramid,C16H10N2O4,positive,1,294.06405680944,0.388,0.388,1,1,1,recombination,node_5535,node_0041 + node_0043 | dehydrogenative_coupling | electron_loss,node_5535
Nomex,meta-Aramid,C16H11N3O4,positive,1,309.0749558461,0.388,0.388,1,1,1,recombination,node_5151,node_0037 + node_0043 | dehydrogenative_coupling | electron_loss,node_5151
Nomex,meta-Aramid,C16H9NO4,positive,1,279.05315777278,0.388,0.388,1,1,1,recombination,node_5143,node_0037 + node_0041 | dehydrogenative_coupling | electron_loss,node_5143
Nomex,meta-Aramid,C22H13NO4,positive,1,355.0844579017,0.388,0.388,1,1,1,recombination,node_4691,node_0033 + node_0041 | dehydrogenative_coupling | electron_loss,node_4691
Nomex,meta-Aramid,C28H20N4O4,positive,1,476.1484551406,0.388,0.388,1,1,1,recombination,node_4267,node_0029 + node_0047 | dehydrogenative_coupling | electron_loss,node_4267
Nomex,meta-Aramid,C14H7NO2,positive,1,221.04767846918,0.382,0.29200000000000004,2,1,2,recombination,node_7058,node_0063 + node_0072 | dehydrogenative_coupling | electron_loss,node_7058;node_7190
Nomex,meta-Aramid,C19H11NO,positive,1,269.08406397853,0.382,0.29200000000000004,2,1,2,recombination,node_6882,node_0059 + node_0065 | dehydrogenative_coupling | electron_loss,node_6882;node_7122
Nomex,meta-Aramid,C12H5,negative,-1,149.03912516115,0.38,0.38,1,1,1,recombination,node_6921,node_0059 + node_0074 | dehydrogenative_coupling | deprotonation,node_6921
Nomex,meta-Aramid,C7H4N3O,negative,-1,146.03543676178,0.38,0.38,1,1,1,recombination,node_6581,node_0053 + node_0067 | dehydrogenative_coupling | deprotonation,node_6581
Nomex,meta-Aramid,C8H2NO2,negative,-1,144.00855330803,0.38,0.38,1,1,1,recombination,node_7161,node_0067 + node_0072 | dehydrogenative_coupling | deprotonation,node_7161
Nomex,meta-Aramid,C8H4N3O2,negative,-1,174.03035138135,0.38,0.38,1,1,1,recombination,node_6697,node_0055 + node_0067 | dehydrogenative_coupling | deprotonation,node_6697
Nomex,meta-Aramid,C15H10N4O3,negative,-1,294.07529019873,0.37800000000000006,0.37800000000000006,1,1,1,recombination,node_5774,node_0043 + node_0055 | dehydrogenative_coupling | deprotonation,node_5774
Nomex,meta-Aramid,C15H6O3,negative,-1,234.03169405209002,0.37800000000000006,0.37800000000000006,1,1,1,recombination,node_5654,node_0041 + node_0072 | dehydrogenative_coupling | deprotonation,node_5654
Nomex,meta-Aramid,C27H16N2O3,negative,-1,416.11609238325,0.37800000000000006,0.37800000000000006,1,1,1,recombination,node_4790,node_0033 + node_0065 | dehydrogenative_coupling | deprotonation,node_4790
Nomex,meta-Aramid,C9H5N3O3,negative,-1,203.03309103315001,0.37800000000000006,0.37800000000000006,1,1,1,recombination,node_5822,node_0043 + node_0067 | dehydrogenative_coupling | deprotonation,node_5822
Nomex,meta-Aramid,C12H6,positive,1,150.04695019338,0.342,0.342,1,1,1,recombination,node_6918,node_0059 + node_0074 | dehydrogenative_coupling | electron_loss,node_6918
Nomex,meta-Aramid,C7H5N3O,positive,1,147.04326179401,0.342,0.342,1,1,1,recombination,node_6578,node_0053 + node_0067 | dehydrogenative_coupling | electron_loss,node_6578
Nomex,meta-Aramid,C8H3NO2,positive,1,145.01637834026,0.342,0.342,1,1,1,recombination,node_7158,node_0067 + node_0072 | dehydrogenative_coupling | electron_loss,node_7158
Nomex,meta-Aramid,C8H5N3O2,positive,1,175.03817641358,0.342,0.342,1,1,1,recombination,node_6694,node_0055 + node_0067 | dehydrogenative_coupling | electron_loss,node_6694
Nomex,meta-Aramid,C15H11N4O3,positive,1,295.08311523096,0.34,0.34,1,1,1,recombination,node_5771,node_0043 + node_0055 | dehydrogenative_coupling | electron_loss,node_5771
Nomex,meta-Aramid,C15H7O3,positive,1,235.03951908432,0.34,0.34,1,1,1,recombination,node_5651,node_0041 + node_0072 | dehydrogenative_coupling | electron_loss,node_5651
Nomex,meta-Aramid,C27H17N2O3,positive,1,417.12391741548,0.34,0.34,1,1,1,recombination,node_4787,node_0033 + node_0065 | dehydrogenative_coupling | electron_loss,node_4787
Nomex,meta-Aramid,C9H6N3O3,positive,1,204.04091606538,0.34,0.34,1,1,1,recombination,node_5819,node_0043 + node_0067 | dehydrogenative_coupling | electron_loss,node_5819
Nomex,meta-Aramid,C13H9N4O,negative,-1,237.07763592736,0.33,0.33,1,1,1,recombination,node_6533,node_0053 + node_0055 | dehydrogenative_coupling | deprotonation,node_6533
Nomex,meta-Aramid,C19H13N4O,negative,-1,313.10893605628,0.33,0.33,1,1,1,recombination,node_6541,node_0053 + node_0057 | dehydrogenative_coupling | deprotonation,node_6541
Nomex,meta-Aramid,C20H10NO2,negative,-1,296.07115356587,0.33,0.33,1,1,1,recombination,node_7117,node_0065 + node_0072 | dehydrogenative_coupling | deprotonation,node_7117
Nomex,meta-Aramid,C20H13N4O2,negative,-1,341.10385067585,0.33,0.33,1,1,1,recombination,node_6657,node_0055 + node_0057 | dehydrogenative_coupling | deprotonation,node_6657
Nomex,meta-Aramid,C26H16N3O2,negative,-1,402.12425176811,0.33,0.33,1,1,1,recombination,node_6793,node_0057 + node_0065 | dehydrogenative_coupling | deprotonation,node_6793
Nomex,meta-Aramid,C13H10N4O,positive,1,238.08546095959,0.29200000000000004,0.29200000000000004,1,1,1,recombination,node_6530,node_0053 + node_0055 | dehydrogenative_coupling | electron_loss,node_6530
Nomex,meta-Aramid,C19H14N4O,positive,1,314.11676108851,0.29200000000000004,0.29200000000000004,1,1,1,recombination,node_6538,node_0053 + node_0057 | dehydrogenative_coupling | electron_loss,node_6538
Nomex,meta-Aramid,C20H11NO2,positive,1,297.0789785981,0.29200000000000004,0.29200000000000004,1,1,1,recombination,node_7114,node_0065 + node_0072 | dehydrogenative_coupling | electron_loss,node_7114
Nomex,meta-Aramid,C20H14N4O2,positive,1,342.11167570808,0.29200000000000004,0.29200000000000004,1,1,1,recombination,node_6654,node_0055 + node_0057 | dehydrogenative_coupling | electron_loss,node_6654
Nomex,meta-Aramid,C26H17N3O2,positive,1,403.13207680034,0.29200000000000004,0.29200000000000004,1,1,1,recombination,node_6790,node_0057 + node_0065 | dehydrogenative_coupling | electron_loss,node_6790
