compound_id,source_name,formula,ion_mode,charge,exact_mass,formula_score,best_path_score,path_count,mechanism_count,source_fragment_count,generation_types,best_node_id,representative_path,all_node_ids
PEN,Polyethylene Naphthalate,C2H3O,positive,1,43.01838971626,1.0,0.79,4,2,4,feature_rule;fragment_h_shift,node_5176,M | carbonyl | carbonyl_fragmentation | carbonyl_C2H3O,node_5176;node_5214;node_5532;node_5668
PEN,Polyethylene Naphthalate,C3H3O,positive,1,55.01838971626,1.0,0.79,6,2,6,feature_rule;recombination,node_5180,M | carbonyl | carbonyl_fragmentation | carbonyl_C3H3O,node_5180;node_5216;node_9872;node_9980;node_16104;node_16212
PEN,Polyethylene Naphthalate,C3H5O,positive,1,57.03403978072,1.0,0.79,12,2,12,feature_rule;recombination,node_5181,M | carbonyl | carbonyl_fragmentation | carbonyl_C3H5O,node_5181;node_5217;node_9452;node_9560;node_11096;node_11220;node_16944;node_17048;node_17332;node_17460;node_20620;node_20848
PEN,Polyethylene Naphthalate,CHO,positive,1,29.0027396518,1.0,0.79,8,3,6,feature_rule;fragment;fragment_h_shift,node_5175,M | carbonyl | carbonyl_fragmentation | carbonyl_HCO,node_5175;node_5212;node_5314;node_5432;node_5528;node_5536;node_5652;node_5664
PEN,Polyethylene Naphthalate,CHO2,positive,1,44.99765427137,1.0,0.79,5,3,3,feature_rule;fragment;fragment_h_shift,node_5179,M | carbonyl | carbonyl_fragmentation | carbonyl_CHO2,node_5179;node_5341;node_5435;node_5562;node_5654
PEN,Polyethylene Naphthalate,CO,positive,1,27.99491461957,0.99,0.79,3,2,3,feature_rule;fragment,node_5174,M | carbonyl | carbonyl_fragmentation | carbonyl_CO,node_5174;node_5312;node_5430
PEN,Polyethylene Naphthalate,CO,negative,-1,27.99491461957,0.99,0.79,3,2,3,feature_rule;fragment,node_5182,M | carbonyl | carbonyl_fragmentation | carbonyl_CO,node_5182;node_5313;node_5431
PEN,Polyethylene Naphthalate,CO2,positive,1,43.98982923914,0.99,0.79,3,2,3,feature_rule;fragment,node_5178,M | carbonyl | carbonyl_fragmentation | carbonyl_CO2,node_5178;node_5339;node_5433
PEN,Polyethylene Naphthalate,C2H4O2,negative,-1,60.02112936806,0.942,0.692,19,3,17,fragment;fragment_h_shift;recombination,node_5239,"M | fragment C,H,O from C-O bond break(s) | deprotonation",node_5239;node_5283;node_5461;node_5505;node_6747;node_6753;node_6881;node_8963;node_9009;node_9137;node_9377;node_9421;node_16865;node_16909;node_20545;node_20567;node_20839;node_20907;node_21035
PEN,Polyethylene Naphthalate,C2H6O2,positive,1,62.03677943252,0.942,0.692,12,3,10,fragment;fragment_h_shift;recombination,node_5238,"M | fragment C,H,O from C-O bond break(s) | protonation",node_5238;node_5282;node_5462;node_5506;node_6746;node_8962;node_20548;node_20566;node_20838;node_20896;node_20906;node_21034
PEN,Polyethylene Naphthalate,C3H4O3,negative,-1,88.01604398763,0.942,0.692,36,3,34,fragment;fragment_h_shift;recombination,node_5263,"M | fragment C,H,O from C-C bond break(s) | deprotonation",node_5263;node_5275;node_5485;node_5497;node_6805;node_6873;node_9061;node_9129;node_9777;node_9821;node_11245;node_11289;node_12489;node_12533;node_16009;node_16053;node_16229;node_16273;node_16449;node_16493;node_18215;node_18231;node_18455;node_18479;node_19451;node_19635;node_20679;node_20823;node_20959;node_21027;node_24307;node_24323;node_24547;node_24571;node_25311;node_25495
PEN,Polyethylene Naphthalate,C3H6O3,positive,1,90.03169405209,0.942,0.692,32,3,30,fragment;fragment_h_shift;recombination,node_5262,"M | fragment C,H,O from C-C bond break(s) | protonation",node_5262;node_5274;node_5486;node_5498;node_5940;node_6064;node_8196;node_8320;node_9360;node_9404;node_16848;node_16892;node_18124;node_18196;node_18214;node_18230;node_18454;node_18478;node_19450;node_19634;node_20512;node_20678;node_20822;node_20958;node_21026;node_24288;node_24306;node_24322;node_24546;node_24570;node_25310;node_25494
PEN,Polyethylene Naphthalate,C2H4O,negative,-1,44.02621474849,0.9119999999999999,0.692,6,2,4,fragment;fragment_h_shift,node_5247,"M | fragment C,H,O from C-O bond break(s) | deprotonation",node_5247;node_5291;node_5309;node_5449;node_5469;node_5513
PEN,Polyethylene Naphthalate,CH2O,negative,-1,30.01056468403,0.9119999999999999,0.692,6,2,4,fragment;fragment_h_shift,node_5255,"M | fragment C,H,O from C-C bond break(s) | deprotonation",node_5255;node_5299;node_5305;node_5445;node_5477;node_5521
PEN,Polyethylene Naphthalate,C2H5,positive,1,29.03912516115,0.9080000000000001,0.6580000000000001,5,3,3,feature_rule;fragment;fragment_h_shift,node_5186,M | universal_hydrocarbon | hydrocarbon_small_fragments | small_hc_C2H5,node_5186;node_5337;node_5454;node_5560;node_5674
PEN,Polyethylene Naphthalate,C2H5O,positive,1,45.03403978072,0.9040000000000001,0.6540000000000001,7,3,5,feature_rule;fragment;fragment_h_shift,node_5244,"M | fragment C,H,O from C-O bond break(s) | electron_loss",node_5215;node_5244;node_5288;node_5310;node_5450;node_5534;node_5670
PEN,Polyethylene Naphthalate,C2H5O2,positive,1,61.028954400290004,0.9040000000000001,0.6540000000000001,18,3,18,feature_rule;fragment;recombination,node_5236,"M | fragment C,H,O from C-O bond break(s) | electron_loss",node_5220;node_5236;node_5280;node_6744;node_6754;node_6882;node_8960;node_9010;node_9138;node_9378;node_9422;node_16866;node_16910;node_20546;node_20564;node_20836;node_20904;node_21032
PEN,Polyethylene Naphthalate,CH3O,positive,1,31.01838971626,0.9040000000000001,0.6540000000000001,7,3,5,feature_rule;fragment;fragment_h_shift,node_5252,"M | fragment C,H,O from C-C bond break(s) | electron_loss",node_5213;node_5252;node_5296;node_5306;node_5446;node_5530;node_5666
PEN,Polyethylene Naphthalate,C11H5O,negative,-1,153.03403978072,0.8939999999999999,0.6439999999999999,6,3,4,fragment;fragment_h_shift;recombination,node_5318,"M | fragment C,H,O from C-O+C-C bond break(s) | deprotonation",node_5318;node_5417;node_5539;node_5637;node_9945;node_16177
PEN,Polyethylene Naphthalate,C11H5O2,negative,-1,169.02895440029,0.8939999999999999,0.6439999999999999,6,3,4,fragment;fragment_h_shift;recombination,node_5345,"M | fragment C,H,O from C-O+C-C bond break(s) | deprotonation",node_5345;node_5421;node_5565;node_5641;node_11405;node_16389
PEN,Polyethylene Naphthalate,C11H7O,positive,1,155.04968984518,0.8939999999999999,0.6439999999999999,9,3,7,fragment;fragment_h_shift;recombination,node_5317,"M | fragment C,H,O from C-O+C-C bond break(s) | protonation",node_5317;node_5416;node_5540;node_5638;node_9524;node_15036;node_15160;node_17016;node_20768
PEN,Polyethylene Naphthalate,C12H5O2,negative,-1,181.02895440029,0.8939999999999999,0.6439999999999999,6,3,5,fragment;fragment_h_shift;recombination,node_5322,"M | fragment C,H,O from C-O+C-O bond break(s) | deprotonation",node_5322;node_5543;node_9853;node_9949;node_16085;node_16181
PEN,Polyethylene Naphthalate,C12H5O3,negative,-1,197.02386901986,0.8939999999999999,0.6439999999999999,12,3,10,fragment;fragment_h_shift;recombination,node_5326,"M | fragment C,H,O from C-O+C-O bond break(s) | deprotonation",node_5326;node_5349;node_5547;node_5569;node_9877;node_9953;node_11313;node_11409;node_16109;node_16185;node_16297;node_16393
PEN,Polyethylene Naphthalate,C12H7O2,positive,1,183.04460446475,0.8939999999999999,0.6439999999999999,18,3,17,fragment;fragment_h_shift;recombination,node_5321,"M | fragment C,H,O from C-O+C-O bond break(s) | protonation",node_5321;node_5544;node_5588;node_5644;node_9432;node_9528;node_10056;node_10180;node_12636;node_15088;node_15152;node_15244;node_15368;node_16600;node_16924;node_17020;node_20580;node_20776
PEN,Polyethylene Naphthalate,C12H7O2,negative,-1,183.04460446475,0.8939999999999999,0.6439999999999999,27,3,25,fragment;fragment_h_shift;recombination,node_5369,"M | fragment C,H,O from C-C+C-C bond break(s) | deprotonation",node_5369;node_5425;node_5545;node_5589;node_5645;node_6763;node_6859;node_9019;node_9115;node_9433;node_9529;node_10007;node_10051;node_10057;node_10181;node_12637;node_15089;node_15153;node_15195;node_15239;node_15245;node_15369;node_16601;node_16925;node_17021;node_20581;node_20777
PEN,Polyethylene Naphthalate,C12H7O3,positive,1,199.03951908432,0.8939999999999999,0.6439999999999999,14,3,12,fragment;fragment_h_shift;recombination,node_5325,"M | fragment C,H,O from C-O+C-O bond break(s) | protonation",node_5325;node_5348;node_5548;node_5570;node_9456;node_9532;node_11516;node_11640;node_15452;node_15576;node_16948;node_17024;node_20632;node_20784
PEN,Polyethylene Naphthalate,C12H9O2,positive,1,185.06025452921,0.8939999999999999,0.6439999999999999,18,3,16,fragment;fragment_h_shift;recombination,node_5368,"M | fragment C,H,O from C-C+C-C bond break(s) | protonation",node_5368;node_5424;node_5590;node_5646;node_6762;node_6858;node_9018;node_9114;node_10006;node_10050;node_15194;node_15238;node_18412;node_20584;node_20780;node_20912;node_21008;node_24504
PEN,Polyethylene Naphthalate,C13H11O2,positive,1,199.07590459367,0.8939999999999999,0.6439999999999999,20,3,18,fragment;fragment_h_shift;recombination,node_5392,"M | fragment C,H,O from C-O+C-C bond break(s) | protonation",node_5392;node_5428;node_5614;node_5650;node_6346;node_6442;node_8602;node_8698;node_9998;node_10042;node_15186;node_15230;node_19404;node_19600;node_19740;node_19836;node_25264;node_25460;node_25556;node_25652
PEN,Polyethylene Naphthalate,C13H9O2,negative,-1,197.06025452921,0.8939999999999999,0.6439999999999999,36,3,34,fragment;fragment_h_shift;recombination,node_5393,"M | fragment C,H,O from C-O+C-C bond break(s) | deprotonation",node_5393;node_5429;node_5613;node_5649;node_6347;node_6443;node_8603;node_8699;node_9641;node_9737;node_9999;node_10043;node_10061;node_10185;node_11125;node_11201;node_11545;node_11649;node_13885;node_15113;node_15157;node_15187;node_15231;node_15249;node_15373;node_15481;node_15585;node_16809;node_17133;node_17229;node_17365;node_17441;node_19401;node_19597;node_25261;node_25457
PEN,Polyethylene Naphthalate,C2H3O,negative,-1,43.01838971626,0.8939999999999999,0.6439999999999999,5,3,3,feature_rule;fragment;fragment_h_shift,node_5311,"M | fragment C,H,O from C-O+C-O bond break(s) | deprotonation",node_5225;node_5311;node_5451;node_5533;node_5669
PEN,Polyethylene Naphthalate,C2H3O2,positive,1,59.01330433583,0.8939999999999999,0.6439999999999999,14,3,12,fragment;fragment_h_shift;recombination,node_5364,"M | fragment C,H,O from C-C+C-C bond break(s) | protonation",node_5364;node_5438;node_5586;node_5658;node_9552;node_9794;node_9838;node_16026;node_16070;node_16916;node_20560;node_20576;node_20808;node_20832
PEN,Polyethylene Naphthalate,C2HO2,negative,-1,56.99765427137,0.8939999999999999,0.6439999999999999,12,3,10,fragment;fragment_h_shift;recombination,node_5365,"M | fragment C,H,O from C-C+C-C bond break(s) | deprotonation",node_5365;node_5439;node_5585;node_5657;node_9795;node_9839;node_9845;node_9973;node_16027;node_16071;node_16077;node_16205
PEN,Polyethylene Naphthalate,C3H3O2,negative,-1,71.01330433583,0.8939999999999999,0.6439999999999999,16,3,14,fragment;fragment_h_shift;recombination,node_5389,"M | fragment C,H,O from C-O+C-C bond break(s) | deprotonation",node_5389;node_5443;node_5609;node_5661;node_9787;node_9831;node_9849;node_9977;node_11333;node_11441;node_16019;node_16063;node_16081;node_16209;node_16317;node_16425
PEN,Polyethylene Naphthalate,C3H5O2,positive,1,73.02895440029,0.8939999999999999,0.6439999999999999,27,4,25,feature_rule;fragment;fragment_h_shift;recombination,node_5388,"M | fragment C,H,O from C-O+C-C bond break(s) | protonation",node_5221;node_5388;node_5442;node_5610;node_5662;node_9428;node_9556;node_9636;node_9760;node_9786;node_9830;node_16018;node_16062;node_16920;node_17044;node_17124;node_17252;node_19380;node_19396;node_19628;node_19652;node_20568;node_20840;node_25240;node_25256;node_25488;node_25512
PEN,Polyethylene Naphthalate,CHO,negative,-1,29.0027396518,0.8939999999999999,0.6439999999999999,7,3,5,feature_rule;fragment;fragment_h_shift,node_5307,"M | fragment C,H,O from C-O+C-C bond break(s) | deprotonation",node_5223;node_5307;node_5447;node_5529;node_5537;node_5653;node_5665
PEN,Polyethylene Naphthalate,C13H10O3,negative,-1,214.06299418101,0.8919999999999999,0.6419999999999999,56,3,54,fragment;fragment_h_shift;recombination,node_5267,"M | fragment C,H,O from C-C bond break(s) | deprotonation",node_5267;node_5271;node_5489;node_5493;node_5949;node_6041;node_6369;node_6445;node_6809;node_6865;node_7269;node_7893;node_8205;node_8297;node_8625;node_8701;node_9065;node_9121;node_9989;node_10033;node_11457;node_11501;node_12697;node_12741;node_14993;node_15005;node_15177;node_15221;node_15393;node_15437;node_15609;node_15653;node_18239;node_18427;node_18563;node_18655;node_19459;node_19611;node_19767;node_19843;node_20687;node_20799;node_20963;node_21019;node_21907;node_22131;node_23515;node_23727;node_24331;node_24519;node_24619;node_24711;node_25319;node_25471;node_25583;node_25659
PEN,Polyethylene Naphthalate,C13H12O3,positive,1,216.07864424547,0.8919999999999999,0.6419999999999999,28,3,26,fragment;fragment_h_shift;recombination,node_5266,"M | fragment C,H,O from C-C bond break(s) | protonation",node_5266;node_5270;node_5490;node_5494;node_18238;node_18426;node_18562;node_18654;node_19458;node_19610;node_19766;node_19842;node_20686;node_20798;node_20962;node_21018;node_21906;node_22130;node_23514;node_23726;node_24330;node_24518;node_24618;node_24710;node_25318;node_25470;node_25582;node_25658
PEN,Polyethylene Naphthalate,C14H10O4,negative,-1,242.05790880058,0.8919999999999999,0.6419999999999999,75,3,73,fragment;fragment_h_shift;recombination,node_5235,"M | fragment C,H,O from C-O bond break(s) | deprotonation",node_5235;node_5279;node_5359;node_5379;node_5399;node_5457;node_5501;node_5953;node_6353;node_6373;node_6773;node_6813;node_7177;node_7273;node_7801;node_7897;node_8209;node_8609;node_8629;node_9029;node_9069;node_9805;node_9809;node_10013;node_10025;node_10197;node_10241;node_10413;node_10457;node_10629;node_10673;node_11665;node_11709;node_12905;node_12949;node_15201;node_15213;node_16037;node_16041;node_18247;node_18327;node_18439;node_18567;node_19423;node_19467;node_19751;node_19771;node_20611;node_20695;node_20927;node_20967;node_21719;node_21915;node_22039;node_22135;node_22243;node_22259;node_22491;node_22515;node_22779;node_22795;node_23027;node_23051;node_23327;node_23523;node_23635;node_23731;node_24339;node_24419;node_24531;node_24623;node_25283;node_25327;node_25567;node_25587
PEN,Polyethylene Naphthalate,C14H10O5,negative,-1,258.05282342015,0.8919999999999999,0.6419999999999999,64,3,62,fragment;fragment_h_shift;recombination,node_5243,"M | fragment C,H,O from C-O bond break(s) | deprotonation",node_5243;node_5287;node_5465;node_5509;node_5957;node_5977;node_6377;node_6797;node_6817;node_7201;node_7277;node_7825;node_7901;node_8213;node_8233;node_8633;node_9053;node_9073;node_10405;node_10449;node_11265;node_11269;node_11473;node_11485;node_11657;node_11701;node_11865;node_11901;node_12073;node_12117;node_13113;node_13157;node_15409;node_15421;node_16249;node_16253;node_18255;node_18299;node_18571;node_18591;node_19475;node_19775;node_20663;node_20703;node_20951;node_20971;node_21771;node_21923;node_22063;node_22139;node_22311;node_22495;node_22847;node_23031;node_23379;node_23531;node_23659;node_23735;node_24347;node_24391;node_24627;node_24647;node_25335;node_25591
PEN,Polyethylene Naphthalate,C14H12O4,positive,1,244.07355886504,0.8919999999999999,0.6419999999999999,60,3,58,fragment;fragment_h_shift;recombination,node_5234,"M | fragment C,H,O from C-O bond break(s) | protonation",node_5234;node_5278;node_5458;node_5502;node_5992;node_6048;node_7376;node_7504;node_7584;node_7712;node_8248;node_8304;node_9388;node_9392;node_12680;node_12724;node_15592;node_15636;node_16876;node_16880;node_18246;node_18326;node_18438;node_18566;node_19422;node_19466;node_19750;node_19770;node_20480;node_20488;node_20610;node_20694;node_20926;node_20966;node_21718;node_21914;node_22038;node_22134;node_22224;node_22242;node_22258;node_22490;node_22514;node_22760;node_22778;node_22794;node_23026;node_23050;node_23326;node_23522;node_23634;node_23730;node_24338;node_24418;node_24530;node_24622;node_25282;node_25326;node_25566;node_25586
PEN,Polyethylene Naphthalate,C14H12O5,positive,1,260.06847348461,0.8919999999999999,0.6419999999999999,32,3,30,fragment;fragment_h_shift;recombination,node_5242,"M | fragment C,H,O from C-O bond break(s) | protonation",node_5242;node_5286;node_5466;node_5510;node_18254;node_18298;node_18570;node_18590;node_19474;node_19774;node_20662;node_20702;node_20950;node_20970;node_21770;node_21922;node_22062;node_22138;node_22310;node_22494;node_22846;node_23030;node_23378;node_23530;node_23658;node_23734;node_24346;node_24390;node_24626;node_24646;node_25334;node_25590
PEN,Polyethylene Naphthalate,C15H12O5,negative,-1,272.06847348461,0.8919999999999999,0.6419999999999999,114,3,112,fragment;fragment_h_shift;recombination,node_5251,"M | fragment C,H,O from C-C bond break(s) | deprotonation",node_5251;node_5295;node_5473;node_5517;node_5695;node_5739;node_5745;node_5873;node_5961;node_5997;node_6381;node_6401;node_6687;node_6727;node_6801;node_6821;node_6841;node_7225;node_7281;node_7429;node_7497;node_7637;node_7705;node_7849;node_7905;node_7955;node_7995;node_8001;node_8129;node_8217;node_8253;node_8637;node_8657;node_8943;node_8987;node_9057;node_9077;node_9097;node_9357;node_9401;node_10613;node_10657;node_12065;node_12109;node_12281;node_12325;node_12501;node_12505;node_12705;node_12717;node_12889;node_12933;node_13105;node_13149;node_13321;node_13365;node_14361;node_14405;node_15617;node_15629;node_16461;node_16465;node_16845;node_16889;node_17501;node_17589;node_17611;node_17883;node_17971;node_18099;node_18263;node_18339;node_18575;node_18611;node_19483;node_19523;node_19779;node_19799;node_20505;node_20671;node_20711;node_20751;node_20955;node_20975;node_20995;node_21819;node_21931;node_22087;node_22143;node_22359;node_22503;node_22627;node_22695;node_22895;node_23039;node_23159;node_23227;node_23427;node_23539;node_23683;node_23739;node_23797;node_23819;node_24091;node_24135;node_24263;node_24355;node_24431;node_24631;node_24667;node_25343;node_25383;node_25595;node_25615
PEN,Polyethylene Naphthalate,C15H14O5,positive,1,274.08412354907,0.8919999999999999,0.6419999999999999,70,3,68,fragment;fragment_h_shift;recombination,node_5250,"M | fragment C,H,O from C-C bond break(s) | protonation",node_5250;node_5294;node_5474;node_5518;node_5694;node_5738;node_6686;node_6726;node_7954;node_7994;node_8942;node_8986;node_17504;node_17592;node_17610;node_17882;node_17916;node_17960;node_17970;node_18098;node_18148;node_18156;node_18262;node_18338;node_18574;node_18610;node_19482;node_19522;node_19778;node_19798;node_20508;node_20670;node_20710;node_20750;node_20876;node_20954;node_20974;node_20994;node_21818;node_21930;node_22086;node_22142;node_22192;node_22358;node_22502;node_22626;node_22694;node_22728;node_22894;node_23038;node_23158;node_23226;node_23426;node_23538;node_23682;node_23738;node_23800;node_23818;node_24090;node_24124;node_24134;node_24262;node_24354;node_24430;node_24630;node_24666;node_25342;node_25382;node_25594;node_25614
PEN,Polyethylene Naphthalate,C16H14O5,negative,-1,286.08412354907,0.8919999999999999,0.6419999999999999,132,3,130,fragment;fragment_h_shift;recombination,node_5259,"M | fragment C,H,O from C-O bond break(s) | deprotonation",node_5259;node_5303;node_5481;node_5525;node_5687;node_5731;node_5749;node_5877;node_5965;node_6021;node_6161;node_6265;node_6271;node_6311;node_6385;node_6405;node_6425;node_6825;node_6845;node_7249;node_7285;node_7453;node_7501;node_7661;node_7709;node_7873;node_7909;node_7947;node_7987;node_8005;node_8133;node_8221;node_8277;node_8417;node_8521;node_8527;node_8571;node_8641;node_8661;node_8681;node_9081;node_9101;node_9565;node_9609;node_10821;node_10865;node_11033;node_11077;node_12273;node_12317;node_13313;node_13357;node_13529;node_13573;node_13749;node_13753;node_13953;node_13965;node_14137;node_14181;node_14353;node_14397;node_14569;node_14613;node_15825;node_15837;node_16669;node_16673;node_17053;node_17097;node_17269;node_17313;node_17485;node_17573;node_17619;node_17891;node_17975;node_18103;node_18271;node_18387;node_18579;node_18635;node_18859;node_19079;node_19163;node_19267;node_19325;node_19491;node_19531;node_19571;node_19783;node_19803;node_19823;node_20719;node_20759;node_20979;node_20999;node_21867;node_21939;node_22111;node_22147;node_22407;node_22511;node_22651;node_22699;node_22943;node_23047;node_23183;node_23231;node_23475;node_23547;node_23707;node_23743;node_23781;node_23827;node_24099;node_24139;node_24267;node_24363;node_24479;node_24635;node_24691;node_24843;node_25063;node_25111;node_25215;node_25351;node_25391;node_25431;node_25599;node_25619;node_25639
PEN,Polyethylene Naphthalate,C16H16O5,positive,1,288.09977361353,0.8919999999999999,0.6419999999999999,76,3,74,fragment;fragment_h_shift;recombination,node_5258,"M | fragment C,H,O from C-O bond break(s) | protonation",node_5258;node_5302;node_5482;node_5526;node_5686;node_5730;node_6270;node_6310;node_7946;node_7986;node_8526;node_8570;node_17488;node_17576;node_17618;node_17890;node_17908;node_17952;node_17974;node_18102;node_18270;node_18386;node_18578;node_18634;node_18858;node_19078;node_19162;node_19266;node_19328;node_19490;node_19530;node_19570;node_19704;node_19782;node_19802;node_19822;node_20718;node_20758;node_20978;node_20998;node_21866;node_21938;node_22110;node_22146;node_22406;node_22510;node_22650;node_22698;node_22942;node_23046;node_23182;node_23230;node_23474;node_23546;node_23706;node_23742;node_23784;node_23826;node_24098;node_24116;node_24138;node_24266;node_24362;node_24478;node_24634;node_24690;node_24842;node_25062;node_25110;node_25214;node_25350;node_25390;node_25430;node_25598;node_25618;node_25638
PEN,Polyethylene Naphthalate,C2H6O,positive,1,46.04186481295,0.882,0.692,4,2,2,fragment;fragment_h_shift,node_5246,"M | fragment C,H,O from C-O bond break(s) | protonation",node_5246;node_5290;node_5470;node_5514
PEN,Polyethylene Naphthalate,CH4O,positive,1,32.02621474849,0.882,0.692,4,2,2,fragment;fragment_h_shift,node_5254,"M | fragment C,H,O from C-C bond break(s) | protonation",node_5254;node_5298;node_5478;node_5522
PEN,Polyethylene Naphthalate,C2HO,negative,-1,41.0027396518,0.8800000000000001,0.79,2,1,2,feature_rule,node_5184,M | carbonyl | carbonyl_fragmentation | carbonyl_C2HO,node_5184;node_5224
PEN,Polyethylene Naphthalate,C6H5,positive,1,77.03912516115,0.8800000000000001,0.79,2,1,2,feature_rule,node_5169,M | aromatic_ring | aromatic_stable_fragments | aromatic_C6H5,node_5169;node_5198
PEN,Polyethylene Naphthalate,C2H5O,negative,-1,45.03403978072,0.8740000000000001,0.6540000000000001,4,2,4,fragment;fragment_h_shift,node_5245,"M | fragment C,H,O from C-O bond break(s) | electron_gain",node_5245;node_5289;node_5535;node_5671
PEN,Polyethylene Naphthalate,C2H5O2,negative,-1,61.028954400290004,0.8740000000000001,0.6540000000000001,10,2,10,fragment;recombination,node_5237,"M | fragment C,H,O from C-O bond break(s) | electron_gain",node_5237;node_5281;node_6745;node_8961;node_20551;node_20565;node_20837;node_20899;node_20905;node_21033
PEN,Polyethylene Naphthalate,C3H5O3,positive,1,89.02386901986,0.8740000000000001,0.6540000000000001,34,2,34,fragment;recombination,node_5260,"M | fragment C,H,O from C-C bond break(s) | electron_loss",node_5260;node_5272;node_6806;node_6874;node_9062;node_9130;node_9778;node_9822;node_11246;node_11290;node_12490;node_12534;node_16010;node_16054;node_16230;node_16274;node_16450;node_16494;node_18212;node_18228;node_18452;node_18476;node_19448;node_19632;node_20676;node_20820;node_20956;node_21024;node_24304;node_24320;node_24544;node_24568;node_25308;node_25492
PEN,Polyethylene Naphthalate,C3H5O3,negative,-1,89.02386901986,0.8740000000000001,0.6540000000000001,30,2,30,fragment;recombination,node_5261,"M | fragment C,H,O from C-C bond break(s) | electron_gain",node_5261;node_5273;node_5943;node_6067;node_8199;node_8323;node_9363;node_9407;node_16851;node_16895;node_18127;node_18199;node_18213;node_18229;node_18453;node_18477;node_19449;node_19633;node_20515;node_20677;node_20821;node_20957;node_21025;node_24291;node_24305;node_24321;node_24545;node_24569;node_25309;node_25493
PEN,Polyethylene Naphthalate,CH3O,negative,-1,31.01838971626,0.8740000000000001,0.6540000000000001,4,2,4,fragment;fragment_h_shift,node_5253,"M | fragment C,H,O from C-C bond break(s) | electron_gain",node_5253;node_5297;node_5531;node_5667
PEN,Polyethylene Naphthalate,C2H3O2,negative,-1,59.01330433583,0.8720000000000001,0.6220000000000001,18,3,18,feature_rule;fragment_h_shift;recombination,node_5227,M | oxygenated | oxygenated_small_fragments | o_small_C2H3O2,node_5227;node_5587;node_5659;node_6755;node_6883;node_9011;node_9139;node_9379;node_9423;node_9553;node_16867;node_16911;node_16917;node_20547;node_20561;node_20577;node_20809;node_20833
PEN,Polyethylene Naphthalate,C2H3,positive,1,27.02347509669,0.8580000000000001,0.6580000000000001,3,2,3,feature_rule;fragment_h_shift,node_5185,M | universal_hydrocarbon | hydrocarbon_small_fragments | small_hc_C2H3,node_5185;node_5558;node_5672
PEN,Polyethylene Naphthalate,C4H7,positive,1,55.05477522561,0.8580000000000001,0.6580000000000001,3,2,3,feature_rule;recombination,node_5192,M | universal_hydrocarbon | hydrocarbon_small_fragments | small_hc_C4H7,node_5192;node_11228;node_17360
PEN,Polyethylene Naphthalate,C14H11O4,positive,1,243.06573383281,0.8540000000000001,0.6040000000000001,76,3,73,fragment;fragment_h_shift;recombination,node_5232,"M | fragment C,H,O from C-O bond break(s) | electron_loss",node_5232;node_5276;node_5360;node_5380;node_5400;node_5582;node_5602;node_5622;node_5954;node_6354;node_6374;node_6774;node_6814;node_7178;node_7274;node_7802;node_7898;node_8210;node_8610;node_8630;node_9030;node_9070;node_9806;node_9810;node_10014;node_10026;node_10198;node_10242;node_10414;node_10458;node_10630;node_10674;node_11666;node_11710;node_12906;node_12950;node_15202;node_15214;node_16038;node_16042;node_18244;node_18324;node_18436;node_18564;node_19420;node_19464;node_19748;node_19768;node_20608;node_20692;node_20924;node_20964;node_21716;node_21912;node_22036;node_22132;node_22240;node_22256;node_22488;node_22512;node_22776;node_22792;node_23024;node_23048;node_23324;node_23520;node_23632;node_23728;node_24336;node_24416;node_24528;node_24620;node_25280;node_25324;node_25564;node_25584
PEN,Polyethylene Naphthalate,C14H11O4,negative,-1,243.06573383281,0.8540000000000001,0.6040000000000001,61,3,61,fragment;fragment_h_shift;recombination,node_5233,"M | fragment C,H,O from C-O bond break(s) | electron_gain",node_5233;node_5277;node_5583;node_5603;node_5623;node_5995;node_6051;node_7379;node_7507;node_7587;node_7715;node_8251;node_8307;node_9391;node_9395;node_12683;node_12727;node_15595;node_15639;node_16879;node_16883;node_18245;node_18325;node_18437;node_18565;node_19421;node_19465;node_19749;node_19769;node_20483;node_20491;node_20609;node_20693;node_20925;node_20965;node_21717;node_21913;node_22037;node_22133;node_22227;node_22241;node_22257;node_22489;node_22513;node_22763;node_22777;node_22793;node_23025;node_23049;node_23325;node_23521;node_23633;node_23729;node_24337;node_24417;node_24529;node_24621;node_25281;node_25325;node_25565;node_25585
PEN,Polyethylene Naphthalate,C12H5O4,negative,-1,213.01878363943,0.8439999999999999,0.5939999999999999,6,3,5,fragment;fragment_h_shift;recombination,node_5353,"M | fragment C,H,O from C-O+C-O bond break(s) | deprotonation",node_5353;node_5573;node_11337;node_11413;node_16321;node_16397
PEN,Polyethylene Naphthalate,C13H7O3,negative,-1,211.03951908432,0.8439999999999999,0.5939999999999999,25,3,23,fragment;fragment_h_shift;recombination,node_5330,"M | fragment C,H,O from C-O+C-C bond break(s) | deprotonation",node_5330;node_5373;node_5551;node_5593;node_6767;node_9023;node_9437;node_9901;node_9957;node_10105;node_10173;node_10215;node_10259;node_10265;node_10389;node_12549;node_12641;node_15297;node_15361;node_16133;node_16189;node_16509;node_16605;node_16929;node_20589
PEN,Polyethylene Naphthalate,C13H7O4,negative,-1,227.03443370389,0.8439999999999999,0.5939999999999999,34,3,32,fragment;fragment_h_shift;recombination,node_5357,"M | fragment C,H,O from C-O+C-C bond break(s) | deprotonation",node_5357;node_5377;node_5577;node_5597;node_6771;node_6791;node_9027;node_9047;node_9441;node_9461;node_10423;node_10467;node_10473;node_10597;node_11361;node_11417;node_11565;node_11633;node_11675;node_11719;node_11725;node_11849;node_12573;node_12645;node_15505;node_15569;node_16345;node_16401;node_16533;node_16609;node_16933;node_16953;node_20597;node_20641
PEN,Polyethylene Naphthalate,C13H9O3,positive,1,213.05516914878,0.8439999999999999,0.5939999999999999,38,3,36,fragment;fragment_h_shift;recombination,node_5329,"M | fragment C,H,O from C-O+C-C bond break(s) | protonation",node_5329;node_5372;node_5552;node_5594;node_6766;node_9022;node_9480;node_9536;node_9664;node_9740;node_10214;node_10258;node_11520;node_11644;node_12748;node_12872;node_15456;node_15580;node_15660;node_15784;node_16972;node_17028;node_17156;node_17232;node_18232;node_18420;node_19452;node_19604;node_20592;node_20680;node_20792;node_20916;node_21900;node_23508;node_24324;node_24512;node_25312;node_25464
PEN,Polyethylene Naphthalate,C13H9O4,positive,1,229.05008376835,0.8439999999999999,0.5939999999999999,20,3,18,fragment;fragment_h_shift;recombination,node_5356,"M | fragment C,H,O from C-O+C-C bond break(s) | protonation",node_5356;node_5376;node_5578;node_5598;node_6770;node_6790;node_9026;node_9046;node_10422;node_10466;node_11674;node_11718;node_18284;node_18428;node_20600;node_20644;node_20920;node_20940;node_24376;node_24520
PEN,Polyethylene Naphthalate,C14H11O3,positive,1,227.07081921324001,0.8439999999999999,0.5939999999999999,34,3,32,fragment;fragment_h_shift;recombination,node_5333,"M | fragment C,H,O from C-O+C-O bond break(s) | protonation",node_5333;node_5396;node_5556;node_5618;node_6350;node_8606;node_9504;node_9540;node_9688;node_9744;node_10206;node_10250;node_12752;node_12876;node_13996;node_14120;node_15664;node_15788;node_15868;node_15992;node_16996;node_17032;node_17180;node_17236;node_19412;node_19500;node_19612;node_19744;node_20728;node_20800;node_25272;node_25360;node_25472;node_25560
PEN,Polyethylene Naphthalate,C14H9O3,negative,-1,225.05516914878,0.8439999999999999,0.5939999999999999,34,3,32,fragment;fragment_h_shift;recombination,node_5334,"M | fragment C,H,O from C-O+C-O bond break(s) | deprotonation",node_5334;node_5397;node_5555;node_5617;node_6351;node_8607;node_9645;node_9925;node_9961;node_10129;node_10177;node_10207;node_10251;node_10269;node_10393;node_10497;node_10605;node_11113;node_11129;node_11753;node_11857;node_13797;node_13889;node_15321;node_15365;node_16157;node_16193;node_16717;node_16813;node_17137;node_17349;node_17369;node_19409;node_25269
PEN,Polyethylene Naphthalate,C14H9O4,negative,-1,241.05008376835,0.8439999999999999,0.5939999999999999,90,3,87,fragment;fragment_h_shift;recombination,node_5361,"M | fragment C,H,O from C-O+C-O bond break(s) | deprotonation",node_5361;node_5381;node_5401;node_5581;node_5601;node_5621;node_5955;node_6355;node_6375;node_6775;node_6815;node_7179;node_7275;node_7803;node_7899;node_8211;node_8611;node_8631;node_9031;node_9071;node_9445;node_9485;node_9649;node_9669;node_9807;node_9811;node_10015;node_10027;node_10199;node_10243;node_10415;node_10459;node_10477;node_10601;node_10631;node_10675;node_10681;node_10805;node_11133;node_11385;node_11421;node_11589;node_11637;node_11667;node_11711;node_11729;node_11853;node_11945;node_12049;node_12593;node_12649;node_12801;node_12865;node_12907;node_12951;node_12957;node_13081;node_13821;node_13893;node_15203;node_15215;node_15529;node_15573;node_15713;node_15777;node_16039;node_16043;node_16369;node_16405;node_16557;node_16613;node_16741;node_16817;node_16937;node_16977;node_17141;node_17161;node_17373;node_18241;node_19417;node_19461;node_20605;node_20689;node_21713;node_21909;node_23321;node_23517;node_24333;node_25277;node_25321
PEN,Polyethylene Naphthalate,C15H11O4,negative,-1,255.06573383281,0.8439999999999999,0.5939999999999999,66,3,64,fragment;fragment_h_shift;recombination,node_5385,"M | fragment C,H,O from C-C+C-O bond break(s) | deprotonation",node_5385;node_5405;node_5605;node_5625;node_6359;node_6399;node_6779;node_6839;node_8615;node_8655;node_9035;node_9095;node_9449;node_9509;node_9653;node_9693;node_10623;node_10667;node_10685;node_10809;node_10839;node_10883;node_10889;node_11013;node_11137;node_11157;node_12153;node_12257;node_12617;node_12653;node_12821;node_12869;node_12899;node_12943;node_12961;node_13085;node_13193;node_13297;node_13845;node_13897;node_14049;node_14113;node_14155;node_14199;node_14205;node_14329;node_15737;node_15781;node_15921;node_15985;node_16581;node_16617;node_16765;node_16821;node_16941;node_17001;node_17145;node_17185;node_17377;node_17397;node_19425;node_19509;node_20613;node_20737;node_25285;node_25369
PEN,Polyethylene Naphthalate,C15H13O4,positive,1,257.08138389727003,0.8439999999999999,0.5939999999999999,40,3,38,fragment;fragment_h_shift;recombination,node_5384,"M | fragment C,H,O from C-C+C-O bond break(s) | protonation",node_5384;node_5404;node_5606;node_5626;node_6358;node_6398;node_6778;node_6838;node_8614;node_8654;node_9034;node_9094;node_10622;node_10666;node_10838;node_10882;node_12898;node_12942;node_14154;node_14198;node_18372;node_18444;node_19428;node_19512;node_19752;node_19792;node_20616;node_20740;node_20928;node_20988;node_22248;node_22520;node_22784;node_23056;node_24464;node_24536;node_25288;node_25372;node_25568;node_25608
PEN,Polyethylene Naphthalate,C16H13O4,negative,-1,269.08138389727003,0.8439999999999999,0.5939999999999999,54,3,53,fragment;fragment_h_shift;recombination,node_5409,"M | fragment C,H,O from C-O+C-O bond break(s) | deprotonation",node_5409;node_5629;node_5775;node_5883;node_6363;node_6423;node_8031;node_8139;node_8619;node_8679;node_9657;node_9717;node_10831;node_10875;node_10893;node_11017;node_11027;node_11071;node_11141;node_11161;node_11181;node_12361;node_12465;node_13401;node_13505;node_13865;node_13901;node_14073;node_14117;node_14147;node_14191;node_14209;node_14333;node_14441;node_14545;node_15945;node_15989;node_16789;node_16825;node_17149;node_17209;node_17263;node_17307;node_17381;node_17401;node_17421;node_17665;node_17893;node_19433;node_19557;node_23873;node_24101;node_25293;node_25417
PEN,Polyethylene Naphthalate,C16H15O4,positive,1,271.09703396173,0.8439999999999999,0.5939999999999999,34,3,33,fragment;fragment_h_shift;recombination,node_5408,"M | fragment C,H,O from C-O+C-O bond break(s) | protonation",node_5408;node_5630;node_5774;node_5882;node_6362;node_6422;node_8030;node_8138;node_8618;node_8678;node_10830;node_10874;node_11026;node_11070;node_14146;node_14190;node_17262;node_17306;node_17668;node_17896;node_17996;node_18104;node_19436;node_19560;node_19756;node_19816;node_23876;node_24104;node_24160;node_24268;node_25296;node_25420;node_25572;node_25632
PEN,Polyethylene Naphthalate,C3H7O,positive,1,59.04968984518,0.8420000000000001,0.6220000000000001,13,2,13,feature_rule;recombination,node_5218,M | oxygenated | oxygenated_small_fragments | o_small_C3H7O,node_5218;node_6782;node_6890;node_9038;node_9146;node_11046;node_11090;node_17282;node_17326;node_20624;node_20852;node_20932;node_21040
PEN,Polyethylene Naphthalate,C3H7O2,positive,1,75.04460446475,0.8420000000000001,0.6220000000000001,40,2,40,feature_rule;recombination,node_5222,M | oxygenated | oxygenated_small_fragments | o_small_C3H7O2,node_5222;node_6284;node_6328;node_6338;node_6466;node_6696;node_6736;node_6758;node_6886;node_8544;node_8584;node_8594;node_8722;node_8952;node_8996;node_9014;node_9142;node_9370;node_9414;node_9586;node_9630;node_16858;node_16902;node_17074;node_17118;node_19278;node_19366;node_19384;node_19656;node_19732;node_19860;node_20530;node_20572;node_20844;node_20908;node_21036;node_25226;node_25244;node_25516;node_25548
PEN,Polyethylene Naphthalate,C11H7O2,positive,1,171.04460446475,0.834,0.6439999999999999,4,2,2,fragment;fragment_h_shift,node_5344,"M | fragment C,H,O from C-O+C-C bond break(s) | protonation",node_5344;node_5420;node_5566;node_5642
PEN,Polyethylene Naphthalate,C2H3,negative,-1,27.02347509669,0.834,0.6439999999999999,4,2,2,fragment;fragment_h_shift,node_5338,"M | fragment C,H from C-O+C-O bond break(s) | deprotonation",node_5338;node_5455;node_5559;node_5673
PEN,Polyethylene Naphthalate,C11H6O,positive,1,154.04186481295,0.8260000000000001,0.6060000000000001,4,2,4,fragment;recombination,node_5315,"M | fragment C,H,O from C-O+C-C bond break(s) | electron_loss",node_5315;node_5414;node_9946;node_16178
PEN,Polyethylene Naphthalate,C11H6O,negative,-1,154.04186481295,0.8260000000000001,0.6060000000000001,7,2,7,fragment;recombination,node_5316,"M | fragment C,H,O from C-O+C-C bond break(s) | electron_gain",node_5316;node_5415;node_9527;node_15039;node_15163;node_17019;node_20771
PEN,Polyethylene Naphthalate,C11H6O2,positive,1,170.03677943252,0.8260000000000001,0.6060000000000001,4,2,4,fragment;recombination,node_5342,"M | fragment C,H,O from C-O+C-C bond break(s) | electron_loss",node_5342;node_5418;node_11406;node_16390
PEN,Polyethylene Naphthalate,C12H6O2,positive,1,182.03677943252,0.8260000000000001,0.6060000000000001,5,2,5,fragment;recombination,node_5319,"M | fragment C,H,O from C-O+C-O bond break(s) | electron_loss",node_5319;node_9854;node_9950;node_16086;node_16182
PEN,Polyethylene Naphthalate,C12H6O2,negative,-1,182.03677943252,0.8260000000000001,0.6060000000000001,15,2,15,fragment;recombination,node_5320,"M | fragment C,H,O from C-O+C-O bond break(s) | electron_gain",node_5320;node_9435;node_9531;node_10059;node_10183;node_12639;node_15091;node_15155;node_15247;node_15371;node_16603;node_16927;node_17023;node_20583;node_20779
PEN,Polyethylene Naphthalate,C12H6O3,positive,1,198.03169405209002,0.8260000000000001,0.6060000000000001,10,2,10,fragment;recombination,node_5323,"M | fragment C,H,O from C-O+C-O bond break(s) | electron_loss",node_5323;node_5346;node_9878;node_9954;node_11314;node_11410;node_16110;node_16186;node_16298;node_16394
PEN,Polyethylene Naphthalate,C12H6O3,negative,-1,198.03169405209002,0.8260000000000001,0.6060000000000001,12,2,12,fragment;recombination,node_5324,"M | fragment C,H,O from C-O+C-O bond break(s) | electron_gain",node_5324;node_5347;node_9459;node_9535;node_11519;node_11643;node_15455;node_15579;node_16951;node_17027;node_20635;node_20787
PEN,Polyethylene Naphthalate,C12H8O2,positive,1,184.05242949698,0.8260000000000001,0.6060000000000001,24,2,24,fragment;recombination,node_5366,"M | fragment C,H,O from C-C+C-C bond break(s) | electron_loss",node_5366;node_5422;node_6760;node_6856;node_9016;node_9112;node_9434;node_9530;node_10004;node_10048;node_10058;node_10182;node_12638;node_15090;node_15154;node_15192;node_15236;node_15246;node_15370;node_16602;node_16926;node_17022;node_20582;node_20778
PEN,Polyethylene Naphthalate,C12H8O2,negative,-1,184.05242949698,0.8260000000000001,0.6060000000000001,16,2,16,fragment;recombination,node_5367,"M | fragment C,H,O from C-C+C-C bond break(s) | electron_gain",node_5367;node_5423;node_6761;node_6857;node_9017;node_9113;node_10005;node_10049;node_15193;node_15237;node_18415;node_20587;node_20783;node_20915;node_21011;node_24507
PEN,Polyethylene Naphthalate,C13H10O2,positive,1,198.06807956144002,0.8260000000000001,0.6060000000000001,34,2,34,fragment;recombination,node_5390,"M | fragment C,H,O from C-O+C-C bond break(s) | electron_loss",node_5390;node_5426;node_6344;node_6440;node_8600;node_8696;node_9642;node_9738;node_9996;node_10040;node_10062;node_10186;node_11126;node_11202;node_11546;node_11650;node_13886;node_15114;node_15158;node_15184;node_15228;node_15250;node_15374;node_15482;node_15586;node_16810;node_17134;node_17230;node_17366;node_17442;node_19402;node_19598;node_25262;node_25458
PEN,Polyethylene Naphthalate,C13H10O2,negative,-1,198.06807956144002,0.8260000000000001,0.6060000000000001,18,2,18,fragment;recombination,node_5391,"M | fragment C,H,O from C-O+C-C bond break(s) | electron_gain",node_5391;node_5427;node_6345;node_6441;node_8601;node_8697;node_9997;node_10041;node_15185;node_15229;node_19407;node_19603;node_19743;node_19839;node_25267;node_25463;node_25559;node_25655
PEN,Polyethylene Naphthalate,C2H2O2,positive,1,58.0054793036,0.8260000000000001,0.6060000000000001,10,2,10,fragment;recombination,node_5362,"M | fragment C,H,O from C-C+C-C bond break(s) | electron_loss",node_5362;node_5436;node_9792;node_9836;node_9846;node_9974;node_16024;node_16068;node_16078;node_16206
PEN,Polyethylene Naphthalate,C2H2O2,negative,-1,58.0054793036,0.8260000000000001,0.6060000000000001,12,2,12,fragment;recombination,node_5363,"M | fragment C,H,O from C-C+C-C bond break(s) | electron_gain",node_5363;node_5437;node_9555;node_9793;node_9837;node_16025;node_16069;node_16919;node_20563;node_20579;node_20811;node_20835
PEN,Polyethylene Naphthalate,C2H4O,positive,1,44.02621474849,0.8260000000000001,0.6060000000000001,4,2,4,fragment;fragment_h_shift,node_5308,"M | fragment C,H,O from C-O+C-O bond break(s) | electron_loss",node_5308;node_5448;node_5468;node_5512
PEN,Polyethylene Naphthalate,C3H4O2,positive,1,72.02112936806,0.8260000000000001,0.6060000000000001,14,2,14,fragment;recombination,node_5386,"M | fragment C,H,O from C-O+C-C bond break(s) | electron_loss",node_5386;node_5440;node_9784;node_9828;node_9850;node_9978;node_11334;node_11442;node_16016;node_16060;node_16082;node_16210;node_16318;node_16426
PEN,Polyethylene Naphthalate,C3H4O2,negative,-1,72.02112936806,0.8260000000000001,0.6060000000000001,24,2,24,fragment;recombination,node_5387,"M | fragment C,H,O from C-O+C-C bond break(s) | electron_gain",node_5387;node_5441;node_9431;node_9559;node_9639;node_9763;node_9785;node_9829;node_16017;node_16061;node_16923;node_17047;node_17127;node_17255;node_19383;node_19399;node_19631;node_19655;node_20571;node_20843;node_25243;node_25259;node_25491;node_25515
PEN,Polyethylene Naphthalate,CH2O,positive,1,30.01056468403,0.8260000000000001,0.6060000000000001,4,2,4,fragment;fragment_h_shift,node_5304,"M | fragment C,H,O from C-O+C-C bond break(s) | electron_loss",node_5304;node_5444;node_5476;node_5520
PEN,Polyethylene Naphthalate,C13H11O3,positive,1,215.07081921324001,0.8240000000000001,0.6040000000000001,54,2,54,fragment;recombination,node_5264,"M | fragment C,H,O from C-C bond break(s) | electron_loss",node_5264;node_5268;node_5950;node_6042;node_6370;node_6446;node_6810;node_6866;node_7270;node_7894;node_8206;node_8298;node_8626;node_8702;node_9066;node_9122;node_9990;node_10034;node_11458;node_11502;node_12698;node_12742;node_14994;node_15006;node_15178;node_15222;node_15394;node_15438;node_15610;node_15654;node_18236;node_18424;node_18560;node_18652;node_19456;node_19608;node_19764;node_19840;node_20684;node_20796;node_20960;node_21016;node_21904;node_22128;node_23512;node_23724;node_24328;node_24516;node_24616;node_24708;node_25316;node_25468;node_25580;node_25656
PEN,Polyethylene Naphthalate,C13H11O3,negative,-1,215.07081921324001,0.8240000000000001,0.6040000000000001,26,2,26,fragment;recombination,node_5265,"M | fragment C,H,O from C-C bond break(s) | electron_gain",node_5265;node_5269;node_18237;node_18425;node_18561;node_18653;node_19457;node_19609;node_19765;node_19841;node_20685;node_20797;node_20961;node_21017;node_21905;node_22129;node_23513;node_23725;node_24329;node_24517;node_24617;node_24709;node_25317;node_25469;node_25581;node_25657
PEN,Polyethylene Naphthalate,C14H11O5,positive,1,259.06064845238,0.8240000000000001,0.6040000000000001,62,2,62,fragment;recombination,node_5240,"M | fragment C,H,O from C-O bond break(s) | electron_loss",node_5240;node_5284;node_5958;node_5978;node_6378;node_6798;node_6818;node_7202;node_7278;node_7826;node_7902;node_8214;node_8234;node_8634;node_9054;node_9074;node_10406;node_10450;node_11266;node_11270;node_11474;node_11486;node_11658;node_11702;node_11866;node_11902;node_12074;node_12118;node_13114;node_13158;node_15410;node_15422;node_16250;node_16254;node_18252;node_18296;node_18568;node_18588;node_19472;node_19772;node_20660;node_20700;node_20948;node_20968;node_21768;node_21920;node_22060;node_22136;node_22308;node_22492;node_22844;node_23028;node_23376;node_23528;node_23656;node_23732;node_24344;node_24388;node_24624;node_24644;node_25332;node_25588
PEN,Polyethylene Naphthalate,C14H11O5,negative,-1,259.06064845238,0.8240000000000001,0.6040000000000001,30,2,30,fragment;recombination,node_5241,"M | fragment C,H,O from C-O bond break(s) | electron_gain",node_5241;node_5285;node_18253;node_18297;node_18569;node_18589;node_19473;node_19773;node_20661;node_20701;node_20949;node_20969;node_21769;node_21921;node_22061;node_22137;node_22309;node_22493;node_22845;node_23029;node_23377;node_23529;node_23657;node_23733;node_24345;node_24389;node_24625;node_24645;node_25333;node_25589
PEN,Polyethylene Naphthalate,C15H13O5,positive,1,273.07629851684,0.8240000000000001,0.6040000000000001,112,2,112,fragment;recombination,node_5248,"M | fragment C,H,O from C-C bond break(s) | electron_loss",node_5248;node_5292;node_5692;node_5736;node_5746;node_5874;node_5962;node_5998;node_6382;node_6402;node_6684;node_6724;node_6802;node_6822;node_6842;node_7226;node_7282;node_7430;node_7498;node_7638;node_7706;node_7850;node_7906;node_7952;node_7992;node_8002;node_8130;node_8218;node_8254;node_8638;node_8658;node_8940;node_8984;node_9058;node_9078;node_9098;node_9358;node_9402;node_10614;node_10658;node_12066;node_12110;node_12282;node_12326;node_12502;node_12506;node_12706;node_12718;node_12890;node_12934;node_13106;node_13150;node_13322;node_13366;node_14362;node_14406;node_15618;node_15630;node_16462;node_16466;node_16846;node_16890;node_17502;node_17590;node_17608;node_17880;node_17968;node_18096;node_18260;node_18336;node_18572;node_18608;node_19480;node_19520;node_19776;node_19796;node_20506;node_20668;node_20708;node_20748;node_20952;node_20972;node_20992;node_21816;node_21928;node_22084;node_22140;node_22356;node_22500;node_22624;node_22692;node_22892;node_23036;node_23156;node_23224;node_23424;node_23536;node_23680;node_23736;node_23798;node_23816;node_24088;node_24132;node_24260;node_24352;node_24428;node_24628;node_24664;node_25340;node_25380;node_25592;node_25612
PEN,Polyethylene Naphthalate,C15H13O5,negative,-1,273.07629851684,0.8240000000000001,0.6040000000000001,68,2,68,fragment;recombination,node_5249,"M | fragment C,H,O from C-C bond break(s) | electron_gain",node_5249;node_5293;node_5693;node_5737;node_6685;node_6725;node_7953;node_7993;node_8941;node_8985;node_17507;node_17595;node_17609;node_17881;node_17919;node_17963;node_17969;node_18097;node_18151;node_18159;node_18261;node_18337;node_18573;node_18609;node_19481;node_19521;node_19777;node_19797;node_20511;node_20669;node_20709;node_20749;node_20879;node_20953;node_20973;node_20993;node_21817;node_21929;node_22085;node_22141;node_22195;node_22357;node_22501;node_22625;node_22693;node_22731;node_22893;node_23037;node_23157;node_23225;node_23425;node_23537;node_23681;node_23737;node_23803;node_23817;node_24089;node_24127;node_24133;node_24261;node_24353;node_24429;node_24629;node_24665;node_25341;node_25381;node_25593;node_25613
PEN,Polyethylene Naphthalate,C16H15O5,positive,1,287.0919485813,0.8240000000000001,0.6040000000000001,130,2,130,fragment;recombination,node_5256,"M | fragment C,H,O from C-O bond break(s) | electron_loss",node_5256;node_5300;node_5684;node_5728;node_5750;node_5878;node_5966;node_6022;node_6162;node_6266;node_6268;node_6308;node_6386;node_6406;node_6426;node_6826;node_6846;node_7250;node_7286;node_7454;node_7502;node_7662;node_7710;node_7874;node_7910;node_7944;node_7984;node_8006;node_8134;node_8222;node_8278;node_8418;node_8522;node_8524;node_8568;node_8642;node_8662;node_8682;node_9082;node_9102;node_9566;node_9610;node_10822;node_10866;node_11034;node_11078;node_12274;node_12318;node_13314;node_13358;node_13530;node_13574;node_13750;node_13754;node_13954;node_13966;node_14138;node_14182;node_14354;node_14398;node_14570;node_14614;node_15826;node_15838;node_16670;node_16674;node_17054;node_17098;node_17270;node_17314;node_17486;node_17574;node_17616;node_17888;node_17972;node_18100;node_18268;node_18384;node_18576;node_18632;node_18856;node_19076;node_19160;node_19264;node_19326;node_19488;node_19528;node_19568;node_19780;node_19800;node_19820;node_20716;node_20756;node_20976;node_20996;node_21864;node_21936;node_22108;node_22144;node_22404;node_22508;node_22648;node_22696;node_22940;node_23044;node_23180;node_23228;node_23472;node_23544;node_23704;node_23740;node_23782;node_23824;node_24096;node_24136;node_24264;node_24360;node_24476;node_24632;node_24688;node_24840;node_25060;node_25108;node_25212;node_25348;node_25388;node_25428;node_25596;node_25616;node_25636
PEN,Polyethylene Naphthalate,C16H15O5,negative,-1,287.0919485813,0.8240000000000001,0.6040000000000001,74,2,74,fragment;recombination,node_5257,"M | fragment C,H,O from C-O bond break(s) | electron_gain",node_5257;node_5301;node_5685;node_5729;node_6269;node_6309;node_7945;node_7985;node_8525;node_8569;node_17491;node_17579;node_17617;node_17889;node_17911;node_17955;node_17973;node_18101;node_18269;node_18385;node_18577;node_18633;node_18857;node_19077;node_19161;node_19265;node_19331;node_19489;node_19529;node_19569;node_19707;node_19781;node_19801;node_19821;node_20717;node_20757;node_20977;node_20997;node_21865;node_21937;node_22109;node_22145;node_22405;node_22509;node_22649;node_22697;node_22941;node_23045;node_23181;node_23229;node_23473;node_23545;node_23705;node_23741;node_23787;node_23825;node_24097;node_24119;node_24137;node_24265;node_24361;node_24477;node_24633;node_24689;node_24841;node_25061;node_25109;node_25213;node_25349;node_25389;node_25429;node_25597;node_25617;node_25637
PEN,Polyethylene Naphthalate,CHO2,negative,-1,44.99765427137,0.8220000000000001,0.6220000000000001,3,2,3,feature_rule;fragment_h_shift,node_5226,M | oxygenated | oxygenated_small_fragments | o_small_CHO2,node_5226;node_5563;node_5655
PEN,Polyethylene Naphthalate,C2H4O2,positive,1,60.02112936806,0.8200000000000001,0.6000000000000001,17,2,17,fragment_h_shift;recombination,node_5460,"M | fragment C,H,O from C-O bond break(s) | h_shift_-1 | electron_loss",node_5460;node_5504;node_6752;node_6880;node_9008;node_9136;node_9376;node_9420;node_9554;node_16864;node_16908;node_16918;node_20544;node_20562;node_20578;node_20810;node_20834
PEN,Polyethylene Naphthalate,C2H6O2,negative,-1,62.03677943252,0.8200000000000001,0.6000000000000001,4,2,4,fragment_h_shift;recombination,node_5463,"M | fragment C,H,O from C-O bond break(s) | h_shift_+1 | electron_gain",node_5463;node_5507;node_20549;node_20897
PEN,Polyethylene Naphthalate,C3H4O3,positive,1,88.01604398763,0.8200000000000001,0.6000000000000001,32,2,32,fragment_h_shift;recombination,node_5484,"M | fragment C,H,O from C-C bond break(s) | h_shift_-1 | electron_loss",node_5484;node_5496;node_6804;node_6872;node_9060;node_9128;node_9478;node_9546;node_9776;node_9820;node_11244;node_11288;node_11310;node_11438;node_12488;node_12532;node_12542;node_12666;node_16008;node_16052;node_16228;node_16272;node_16294;node_16422;node_16448;node_16492;node_16502;node_16626;node_16970;node_17038;node_20674;node_20818
PEN,Polyethylene Naphthalate,C3H6O3,negative,-1,90.03169405209,0.8200000000000001,0.6000000000000001,30,2,30,fragment_h_shift;recombination,node_5487,"M | fragment C,H,O from C-C bond break(s) | h_shift_+1 | electron_gain",node_5487;node_5499;node_5899;node_5935;node_5941;node_6065;node_6691;node_6731;node_8155;node_8191;node_8197;node_8321;node_8947;node_8991;node_9361;node_9405;node_16849;node_16893;node_18125;node_18197;node_18219;node_18483;node_18555;node_18679;node_20513;node_24289;node_24311;node_24575;node_24611;node_24735
PEN,Polyethylene Naphthalate,C14H10O4,positive,1,242.05790880058,0.806,0.556,89,3,89,fragment;fragment_h_shift;recombination,node_5358,"M | fragment C,H,O from C-O+C-O bond break(s) | electron_loss",node_5358;node_5378;node_5398;node_5456;node_5500;node_5952;node_6352;node_6372;node_6772;node_6812;node_7176;node_7272;node_7800;node_7896;node_8208;node_8608;node_8628;node_9028;node_9068;node_9446;node_9486;node_9650;node_9670;node_9804;node_9808;node_10012;node_10024;node_10196;node_10240;node_10412;node_10456;node_10478;node_10602;node_10628;node_10672;node_10682;node_10806;node_11134;node_11386;node_11422;node_11590;node_11638;node_11664;node_11708;node_11730;node_11854;node_11946;node_12050;node_12594;node_12650;node_12802;node_12866;node_12904;node_12948;node_12958;node_13082;node_13822;node_13894;node_15200;node_15212;node_15530;node_15574;node_15714;node_15778;node_16036;node_16040;node_16370;node_16406;node_16558;node_16614;node_16742;node_16818;node_16938;node_16978;node_17142;node_17162;node_17374;node_18242;node_19418;node_19462;node_20606;node_20690;node_21714;node_21910;node_23322;node_23518;node_24334;node_25278;node_25322
PEN,Polyethylene Naphthalate,C2HO,positive,1,41.0027396518,0.79,0.79,1,1,1,feature_rule,node_5177,M | carbonyl | carbonyl_fragmentation | carbonyl_C2HO,node_5177
PEN,Polyethylene Naphthalate,C2O,negative,-1,39.99491461957,0.79,0.79,1,1,1,feature_rule,node_5183,M | carbonyl | carbonyl_fragmentation | carbonyl_C2O,node_5183
PEN,Polyethylene Naphthalate,C6H5,negative,-1,77.03912516115,0.79,0.79,1,1,1,feature_rule,node_5170,M | aromatic_ring | aromatic_stable_fragments | aromatic_C6H5,node_5170
PEN,Polyethylene Naphthalate,C6H5O,positive,1,93.03403978072001,0.79,0.79,1,1,1,feature_rule,node_5172,M | aromatic_ring | aromatic_stable_fragments | aromatic_C6H5O,node_5172
PEN,Polyethylene Naphthalate,C6H5O,negative,-1,93.03403978072001,0.79,0.79,1,1,1,feature_rule,node_5173,M | aromatic_ring | aromatic_stable_fragments | aromatic_C6H5O,node_5173
PEN,Polyethylene Naphthalate,C7H7,positive,1,91.05477522561,0.79,0.79,1,1,1,feature_rule,node_5171,M | aromatic_ring | aromatic_stable_fragments | aromatic_C7H7,node_5171
PEN,Polyethylene Naphthalate,C12H6O4,positive,1,214.02660867166,0.776,0.556,5,2,5,fragment;recombination,node_5350,"M | fragment C,H,O from C-O+C-O bond break(s) | electron_loss",node_5350;node_11338;node_11414;node_16322;node_16398
PEN,Polyethylene Naphthalate,C13H8O3,positive,1,212.04734411655,0.776,0.556,23,2,23,fragment;recombination,node_5327,"M | fragment C,H,O from C-O+C-C bond break(s) | electron_loss",node_5327;node_5370;node_6764;node_9020;node_9438;node_9902;node_9958;node_10106;node_10174;node_10212;node_10256;node_10266;node_10390;node_12550;node_12642;node_15298;node_15362;node_16134;node_16190;node_16510;node_16606;node_16930;node_20590
PEN,Polyethylene Naphthalate,C13H8O3,negative,-1,212.04734411655,0.776,0.556,36,2,36,fragment;recombination,node_5328,"M | fragment C,H,O from C-O+C-C bond break(s) | electron_gain",node_5328;node_5371;node_6765;node_9021;node_9483;node_9539;node_9667;node_9743;node_10213;node_10257;node_11523;node_11647;node_12751;node_12875;node_15459;node_15583;node_15663;node_15787;node_16975;node_17031;node_17159;node_17235;node_18235;node_18423;node_19455;node_19607;node_20595;node_20683;node_20795;node_20919;node_21903;node_23511;node_24327;node_24515;node_25315;node_25467
PEN,Polyethylene Naphthalate,C13H8O4,positive,1,228.04225873612,0.776,0.556,32,2,32,fragment;recombination,node_5354,"M | fragment C,H,O from C-O+C-C bond break(s) | electron_loss",node_5354;node_5374;node_6768;node_6788;node_9024;node_9044;node_9442;node_9462;node_10420;node_10464;node_10474;node_10598;node_11362;node_11418;node_11566;node_11634;node_11672;node_11716;node_11726;node_11850;node_12574;node_12646;node_15506;node_15570;node_16346;node_16402;node_16534;node_16610;node_16934;node_16954;node_20598;node_20642
PEN,Polyethylene Naphthalate,C13H8O4,negative,-1,228.04225873612,0.776,0.556,18,2,18,fragment;recombination,node_5355,"M | fragment C,H,O from C-O+C-C bond break(s) | electron_gain",node_5355;node_5375;node_6769;node_6789;node_9025;node_9045;node_10421;node_10465;node_11673;node_11717;node_18287;node_18431;node_20603;node_20647;node_20923;node_20943;node_24379;node_24523
PEN,Polyethylene Naphthalate,C14H10O3,positive,1,226.06299418101,0.776,0.556,32,2,32,fragment;recombination,node_5331,"M | fragment C,H,O from C-O+C-O bond break(s) | electron_loss",node_5331;node_5394;node_6348;node_8604;node_9646;node_9926;node_9962;node_10130;node_10178;node_10204;node_10248;node_10270;node_10394;node_10498;node_10606;node_11114;node_11130;node_11754;node_11858;node_13798;node_13890;node_15322;node_15366;node_16158;node_16194;node_16718;node_16814;node_17138;node_17350;node_17370;node_19410;node_25270
PEN,Polyethylene Naphthalate,C14H10O3,negative,-1,226.06299418101,0.776,0.556,32,2,32,fragment;recombination,node_5332,"M | fragment C,H,O from C-O+C-O bond break(s) | electron_gain",node_5332;node_5395;node_6349;node_8605;node_9507;node_9543;node_9691;node_9747;node_10205;node_10249;node_12755;node_12879;node_13999;node_14123;node_15667;node_15791;node_15871;node_15995;node_16999;node_17035;node_17183;node_17239;node_19415;node_19503;node_19615;node_19747;node_20731;node_20803;node_25275;node_25363;node_25475;node_25563
PEN,Polyethylene Naphthalate,C15H12O4,positive,1,256.07355886504,0.776,0.556,64,2,64,fragment;recombination,node_5382,"M | fragment C,H,O from C-C+C-O bond break(s) | electron_loss",node_5382;node_5402;node_6356;node_6396;node_6776;node_6836;node_8612;node_8652;node_9032;node_9092;node_9450;node_9510;node_9654;node_9694;node_10620;node_10664;node_10686;node_10810;node_10836;node_10880;node_10890;node_11014;node_11138;node_11158;node_12154;node_12258;node_12618;node_12654;node_12822;node_12870;node_12896;node_12940;node_12962;node_13086;node_13194;node_13298;node_13846;node_13898;node_14050;node_14114;node_14152;node_14196;node_14206;node_14330;node_15738;node_15782;node_15922;node_15986;node_16582;node_16618;node_16766;node_16822;node_16942;node_17002;node_17146;node_17186;node_17378;node_17398;node_19426;node_19510;node_20614;node_20738;node_25286;node_25370
PEN,Polyethylene Naphthalate,C15H12O4,negative,-1,256.07355886504,0.776,0.556,38,2,38,fragment;recombination,node_5383,"M | fragment C,H,O from C-C+C-O bond break(s) | electron_gain",node_5383;node_5403;node_6357;node_6397;node_6777;node_6837;node_8613;node_8653;node_9033;node_9093;node_10621;node_10665;node_10837;node_10881;node_12897;node_12941;node_14153;node_14197;node_18375;node_18447;node_19431;node_19515;node_19755;node_19795;node_20619;node_20743;node_20931;node_20991;node_22251;node_22523;node_22787;node_23059;node_24467;node_24539;node_25291;node_25375;node_25571;node_25611
PEN,Polyethylene Naphthalate,C16H14O4,positive,1,270.0892089295,0.776,0.556,53,2,53,fragment;recombination,node_5406,"M | fragment C,H,O from C-O+C-O bond break(s) | electron_loss",node_5406;node_5772;node_5880;node_6360;node_6420;node_8028;node_8136;node_8616;node_8676;node_9658;node_9718;node_10828;node_10872;node_10894;node_11018;node_11024;node_11068;node_11142;node_11162;node_11182;node_12362;node_12466;node_13402;node_13506;node_13866;node_13902;node_14074;node_14118;node_14144;node_14188;node_14210;node_14334;node_14442;node_14546;node_15946;node_15990;node_16790;node_16826;node_17150;node_17210;node_17260;node_17304;node_17382;node_17402;node_17422;node_17666;node_17894;node_19434;node_19558;node_23874;node_24102;node_25294;node_25418
PEN,Polyethylene Naphthalate,C16H14O4,negative,-1,270.0892089295,0.776,0.556,33,2,33,fragment;recombination,node_5407,"M | fragment C,H,O from C-O+C-O bond break(s) | electron_gain",node_5407;node_5773;node_5881;node_6361;node_6421;node_8029;node_8137;node_8617;node_8677;node_10829;node_10873;node_11025;node_11069;node_14145;node_14189;node_17261;node_17305;node_17671;node_17899;node_17999;node_18107;node_19439;node_19563;node_19759;node_19819;node_23879;node_24107;node_24163;node_24271;node_25299;node_25423;node_25575;node_25635
PEN,Polyethylene Naphthalate,C11H5O,positive,1,153.03403978072,0.772,0.552,4,2,4,fragment_h_shift;recombination,node_5538,"M | fragment C,H,O from C-O+C-C bond break(s) | h_shift_-1 | electron_loss",node_5538;node_5636;node_9944;node_16176
PEN,Polyethylene Naphthalate,C11H5O2,positive,1,169.02895440029,0.772,0.552,4,2,4,fragment_h_shift;recombination,node_5564,"M | fragment C,H,O from C-O+C-C bond break(s) | h_shift_-1 | electron_loss",node_5564;node_5640;node_11404;node_16388
PEN,Polyethylene Naphthalate,C11H7O,negative,-1,155.04968984518,0.772,0.552,11,2,11,fragment_h_shift;recombination,node_5541,"M | fragment C,H,O from C-O+C-C bond break(s) | h_shift_+1 | electron_gain",node_5541;node_5639;node_6855;node_9111;node_9525;node_14987;node_15031;node_15037;node_15161;node_17017;node_20769
PEN,Polyethylene Naphthalate,C12H5O2,positive,1,181.02895440029,0.772,0.552,5,2,5,fragment_h_shift;recombination,node_5542,"M | fragment C,H,O from C-O+C-O bond break(s) | h_shift_-1 | electron_loss",node_5542;node_9852;node_9948;node_16084;node_16180
PEN,Polyethylene Naphthalate,C12H5O3,positive,1,197.02386901986,0.772,0.552,10,2,10,fragment_h_shift;recombination,node_5546,"M | fragment C,H,O from C-O+C-O bond break(s) | h_shift_-1 | electron_loss",node_5546;node_5568;node_9876;node_9952;node_11312;node_11408;node_16108;node_16184;node_16296;node_16392
PEN,Polyethylene Naphthalate,C12H7O3,negative,-1,199.03951908432,0.772,0.552,20,2,20,fragment_h_shift;recombination,node_5549,"M | fragment C,H,O from C-O+C-O bond break(s) | h_shift_+1 | electron_gain",node_5549;node_5571;node_6787;node_6863;node_9043;node_9119;node_9457;node_9533;node_11467;node_11511;node_11517;node_11641;node_15403;node_15447;node_15453;node_15577;node_16949;node_17025;node_20633;node_20785
PEN,Polyethylene Naphthalate,C12H9O2,negative,-1,185.06025452921,0.772,0.552,12,2,12,fragment_h_shift;recombination,node_5591,"M | fragment C,H,O from C-C+C-C bond break(s) | h_shift_+1 | electron_gain",node_5591;node_5647;node_6039;node_8295;node_14971;node_15015;node_18413;node_20585;node_20781;node_20913;node_21009;node_24505
PEN,Polyethylene Naphthalate,C13H11O2,negative,-1,199.07590459367,0.772,0.552,10,2,10,fragment_h_shift;recombination,node_5615,"M | fragment C,H,O from C-O+C-C bond break(s) | h_shift_+1 | electron_gain",node_5615;node_5651;node_19405;node_19601;node_19741;node_19837;node_25265;node_25461;node_25557;node_25653
PEN,Polyethylene Naphthalate,C13H9O2,positive,1,197.06025452921,0.772,0.552,26,2,26,fragment_h_shift;recombination,node_5612,"M | fragment C,H,O from C-O+C-C bond break(s) | h_shift_-1 | electron_loss",node_5612;node_5648;node_9640;node_9736;node_10060;node_10184;node_11124;node_11200;node_11544;node_11648;node_13884;node_15112;node_15156;node_15248;node_15372;node_15480;node_15584;node_16808;node_17132;node_17228;node_17364;node_17440;node_19400;node_19596;node_25260;node_25456
PEN,Polyethylene Naphthalate,C2HO2,positive,1,56.99765427137,0.772,0.552,6,2,6,fragment_h_shift;recombination,node_5584,"M | fragment C,H,O from C-C+C-C bond break(s) | h_shift_-1 | electron_loss",node_5584;node_5656;node_9844;node_9972;node_16076;node_16204
PEN,Polyethylene Naphthalate,C3H3O2,positive,1,71.01330433583,0.772,0.552,10,2,10,fragment_h_shift;recombination,node_5608,"M | fragment C,H,O from C-O+C-C bond break(s) | h_shift_-1 | electron_loss",node_5608;node_5660;node_9848;node_9976;node_11332;node_11440;node_16080;node_16208;node_16316;node_16424
PEN,Polyethylene Naphthalate,C3H5O2,negative,-1,73.02895440029,0.772,0.552,40,2,40,fragment_h_shift;recombination,node_5611,"M | fragment C,H,O from C-O+C-C bond break(s) | h_shift_+1 | electron_gain",node_5611;node_5663;node_6339;node_6467;node_6759;node_6887;node_8595;node_8723;node_9015;node_9143;node_9371;node_9415;node_9429;node_9557;node_9587;node_9631;node_9637;node_9761;node_16859;node_16903;node_16921;node_17045;node_17075;node_17119;node_17125;node_17253;node_19279;node_19367;node_19381;node_19397;node_19629;node_19653;node_20531;node_20569;node_20841;node_25227;node_25241;node_25257;node_25489;node_25513
PEN,Polyethylene Naphthalate,C13H10O3,positive,1,214.06299418101,0.77,0.55,60,2,60,fragment_h_shift;recombination,node_5488,"M | fragment C,H,O from C-C bond break(s) | h_shift_-1 | electron_loss",node_5488;node_5492;node_5948;node_6040;node_6368;node_6444;node_6808;node_6864;node_7268;node_7892;node_8204;node_8296;node_8624;node_8700;node_9064;node_9120;node_9482;node_9538;node_9666;node_9742;node_9988;node_10032;node_11456;node_11500;node_11522;node_11646;node_12696;node_12740;node_12750;node_12874;node_14992;node_15004;node_15176;node_15220;node_15392;node_15436;node_15458;node_15582;node_15608;node_15652;node_15662;node_15786;node_16974;node_17030;node_17158;node_17234;node_18234;node_18422;node_19454;node_19606;node_20594;node_20682;node_20794;node_20918;node_21902;node_23510;node_24326;node_24514;node_25314;node_25466
PEN,Polyethylene Naphthalate,C14H10O5,positive,1,258.05282342015,0.77,0.55,58,2,58,fragment_h_shift;recombination,node_5464,"M | fragment C,H,O from C-O bond break(s) | h_shift_-1 | electron_loss",node_5464;node_5508;node_5956;node_5976;node_6376;node_6796;node_6816;node_7200;node_7276;node_7824;node_7900;node_8212;node_8232;node_8632;node_9052;node_9072;node_9470;node_9490;node_9674;node_10404;node_10448;node_11264;node_11268;node_11472;node_11484;node_11656;node_11700;node_11864;node_11900;node_11922;node_12046;node_12072;node_12116;node_12126;node_12250;node_13112;node_13156;node_13166;node_13290;node_15408;node_15420;node_16248;node_16252;node_16962;node_16982;node_17166;node_18250;node_18294;node_19470;node_20658;node_20698;node_21766;node_21918;node_23374;node_23526;node_24342;node_24386;node_25330
PEN,Polyethylene Naphthalate,C14H12O4,negative,-1,244.07355886504,0.77,0.55,46,2,46,fragment_h_shift;recombination,node_5459,"M | fragment C,H,O from C-O bond break(s) | h_shift_+1 | electron_gain",node_5459;node_5503;node_5993;node_6049;node_6715;node_6719;node_7331;node_7371;node_7377;node_7505;node_7539;node_7579;node_7585;node_7713;node_8249;node_8305;node_8975;node_8979;node_9389;node_9393;node_12681;node_12725;node_15593;node_15637;node_16877;node_16881;node_18331;node_18443;node_18607;node_18663;node_20481;node_20489;node_22225;node_22247;node_22519;node_22575;node_22703;node_22761;node_22783;node_23055;node_23107;node_23235;node_24423;node_24535;node_24663;node_24719
PEN,Polyethylene Naphthalate,C15H12O5,positive,1,272.06847348461,0.77,0.55,109,2,109,fragment_h_shift;recombination,node_5472,"M | fragment C,H,O from C-C bond break(s) | h_shift_-1 | electron_loss",node_5472;node_5516;node_5744;node_5872;node_5960;node_5996;node_6380;node_6400;node_6800;node_6820;node_6840;node_7224;node_7280;node_7428;node_7496;node_7636;node_7704;node_7848;node_7904;node_8000;node_8128;node_8216;node_8252;node_8636;node_8656;node_9056;node_9076;node_9096;node_9356;node_9400;node_9474;node_9494;node_9514;node_9678;node_9698;node_10612;node_10656;node_12064;node_12108;node_12130;node_12254;node_12280;node_12324;node_12334;node_12458;node_12500;node_12504;node_12704;node_12716;node_12888;node_12932;node_13104;node_13148;node_13170;node_13294;node_13320;node_13364;node_13374;node_13498;node_14360;node_14404;node_14414;node_14538;node_15616;node_15628;node_16460;node_16464;node_16844;node_16888;node_16966;node_16986;node_17006;node_17170;node_17190;node_17500;node_17588;node_17606;node_17622;node_17854;node_17878;node_18258;node_18334;node_19478;node_19518;node_20504;node_20666;node_20706;node_20746;node_21726;node_21814;node_21926;node_22042;node_22354;node_22498;node_22890;node_23034;node_23334;node_23422;node_23534;node_23638;node_23796;node_23814;node_23830;node_24062;node_24086;node_24350;node_24426;node_25338;node_25378
PEN,Polyethylene Naphthalate,C15H14O5,negative,-1,274.08412354907,0.77,0.55,22,2,22,fragment_h_shift;recombination,node_5475,"M | fragment C,H,O from C-C bond break(s) | h_shift_+1 | electron_gain",node_5475;node_5519;node_5911;node_5915;node_7315;node_7355;node_7523;node_7563;node_8167;node_8171;node_17505;node_17593;node_17917;node_17961;node_18149;node_18157;node_20509;node_20877;node_22193;node_22729;node_23801;node_24125
PEN,Polyethylene Naphthalate,C16H14O5,positive,1,286.08412354907,0.77,0.55,114,2,114,fragment_h_shift;recombination,node_5480,"M | fragment C,H,O from C-O bond break(s) | h_shift_-1 | electron_loss",node_5480;node_5524;node_5748;node_5876;node_5964;node_6020;node_6160;node_6264;node_6384;node_6404;node_6424;node_6824;node_6844;node_7248;node_7284;node_7452;node_7500;node_7660;node_7708;node_7872;node_7908;node_8004;node_8132;node_8220;node_8276;node_8416;node_8520;node_8640;node_8660;node_8680;node_9080;node_9100;node_9498;node_9518;node_9564;node_9608;node_9682;node_9702;node_9722;node_10820;node_10864;node_11032;node_11076;node_12272;node_12316;node_12338;node_12462;node_13312;node_13356;node_13378;node_13502;node_13528;node_13572;node_13582;node_13706;node_13748;node_13752;node_13952;node_13964;node_14136;node_14180;node_14352;node_14396;node_14418;node_14542;node_14568;node_14612;node_14622;node_14746;node_15824;node_15836;node_16668;node_16672;node_16990;node_17010;node_17052;node_17096;node_17174;node_17194;node_17214;node_17268;node_17312;node_17484;node_17572;node_17614;node_17886;node_18266;node_18382;node_18854;node_19074;node_19324;node_19486;node_19526;node_19566;node_20714;node_20754;node_21862;node_21934;node_22402;node_22506;node_22938;node_23042;node_23470;node_23542;node_23780;node_23822;node_24094;node_24358;node_24474;node_24838;node_25058;node_25346;node_25386;node_25426
PEN,Polyethylene Naphthalate,C16H16O5,negative,-1,288.09977361353,0.77,0.55,10,2,10,fragment_h_shift;recombination,node_5483,"M | fragment C,H,O from C-O bond break(s) | h_shift_+1 | electron_gain",node_5483;node_5527;node_17489;node_17577;node_17909;node_17953;node_19329;node_19705;node_23785;node_24117
PEN,Polyethylene Naphthalate,C10H5,negative,-1,125.03912516115,0.744,0.6439999999999999,2,2,1,fragment;fragment_h_shift,node_5413,"M | fragment C,H from C-C+C-C bond break(s) | deprotonation",node_5413;node_5633
PEN,Polyethylene Naphthalate,C10H7,positive,1,127.05477522561,0.744,0.6439999999999999,2,2,1,fragment;fragment_h_shift,node_5412,"M | fragment C,H from C-C+C-C bond break(s) | protonation",node_5412;node_5634
PEN,Polyethylene Naphthalate,C16H16O6,positive,1,304.0946882331,0.736,0.516,87,2,87,parent;recombination,node_5678,node_0002 + node_0061 | single_dehydrogenative_recombination | protonation,node_5228;node_5678;node_5722;node_5886;node_5922;node_6082;node_6118;node_6278;node_6318;node_6494;node_6538;node_6702;node_6742;node_7130;node_7134;node_7338;node_7346;node_7546;node_7554;node_7758;node_7762;node_7938;node_7978;node_8142;node_8178;node_8338;node_8374;node_8534;node_8578;node_8754;node_8794;node_8958;node_9002;node_17472;node_17560;node_17900;node_17944;node_18176;node_18314;node_18354;node_18394;node_18532;node_18598;node_18618;node_18638;node_18692;node_18764;node_18806;node_19070;node_19080;node_19116;node_19138;node_19262;node_19344;node_19712;node_19876;node_19964;node_19982;node_20254;node_20272;node_20316;node_20326;node_20454;node_20540;node_20892;node_21616;node_21624;node_21988;node_21992;node_22180;node_22540;node_22716;node_23072;node_23768;node_24108;node_24406;node_24446;node_24486;node_24654;node_24674;node_24694;node_24748;node_24790;node_25054;node_25064;node_25086;node_25210
PEN,Polyethylene Naphthalate,C3H8O2,positive,1,76.05242949698,0.736,0.5660000000000001,27,1,27,recombination,node_6286,node_0005 + node_0069 | single_dehydrogenative_recombination | protonation,node_6286;node_6330;node_6698;node_6738;node_8546;node_8586;node_8954;node_8998;node_19280;node_19368;node_19386;node_19658;node_19680;node_19724;node_19734;node_19862;node_20532;node_20574;node_20846;node_20888;node_20910;node_21038;node_25228;node_25246;node_25518;node_25540;node_25550
PEN,Polyethylene Naphthalate,C3H8O3,positive,1,92.04734411655001,0.736,0.5660000000000001,24,1,24,recombination,node_5898,node_0003 + node_0069 | single_dehydrogenative_recombination | protonation,node_5898;node_5934;node_6690;node_6730;node_8154;node_8190;node_8946;node_8990;node_18128;node_18200;node_18218;node_18482;node_18508;node_18544;node_18554;node_18678;node_20516;node_20880;node_24292;node_24310;node_24574;node_24600;node_24610;node_24734
PEN,Polyethylene Naphthalate,C4H10O2,positive,1,90.06807956144,0.736,0.5660000000000001,19,1,19,recombination,node_6322,node_0005 + node_0087 | single_dehydrogenative_recombination | protonation,node_6322;node_8538;node_18278;node_18498;node_18582;node_18686;node_19352;node_19394;node_19666;node_19716;node_19738;node_19866;node_24370;node_24590;node_24638;node_24742;node_25254;node_25526;node_25554
PEN,Polyethylene Naphthalate,C4H10O3,positive,1,106.06299418101,0.736,0.5660000000000001,24,1,24,recombination,node_5890,node_0003 + node_0065 | single_dehydrogenative_recombination | protonation,node_5890;node_5926;node_6274;node_6314;node_8146;node_8182;node_8530;node_8574;node_18112;node_18184;node_18226;node_18490;node_18500;node_18536;node_18558;node_18682;node_19336;node_19708;node_24276;node_24318;node_24582;node_24592;node_24614;node_24738
PEN,Polyethylene Naphthalate,C4H8O4,positive,1,120.04225873612,0.736,0.5660000000000001,32,1,32,recombination,node_6710,node_0007 + node_0073 | single_dehydrogenative_recombination | protonation,node_6710;node_6722;node_7122;node_7162;node_7746;node_7786;node_8970;node_8982;node_18322;node_18466;node_18602;node_18670;node_20476;node_20500;node_20860;node_20872;node_21680;node_21698;node_21970;node_22020;node_22030;node_22158;node_23288;node_23306;node_23578;node_23616;node_23626;node_23754;node_24414;node_24558;node_24658;node_24726
PEN,Polyethylene Naphthalate,C5H10O4,positive,1,134.05790880058,0.736,0.5660000000000001,32,1,32,recombination,node_6294,node_0005 + node_0073 | single_dehydrogenative_recombination | protonation,node_6294;node_6306;node_7114;node_7154;node_7738;node_7778;node_8554;node_8566;node_18370;node_18474;node_18626;node_18674;node_19296;node_19320;node_19688;node_19700;node_21664;node_21706;node_21978;node_22012;node_22034;node_22162;node_23272;node_23314;node_23586;node_23608;node_23630;node_23758;node_24462;node_24566;node_24682;node_24730
PEN,Polyethylene Naphthalate,C5H10O5,positive,1,150.05282342015,0.736,0.5660000000000001,16,1,16,recombination,node_5906,node_0003 + node_0073 | single_dehydrogenative_recombination | protonation,node_5906;node_5918;node_7106;node_7146;node_7730;node_7770;node_8162;node_8174;node_18144;node_18168;node_18516;node_18528;node_21648;node_22004;node_23256;node_23600
PEN,Polyethylene Naphthalate,C6H10O6,positive,1,178.04773803972,0.736,0.5660000000000001,4,1,4,recombination,node_7138,node_0009 + node_0079 | single_dehydrogenative_recombination | protonation,node_7138;node_7754;node_21632;node_21996
PEN,Polyethylene Naphthalate,C12H5O4,positive,1,213.01878363943,0.722,0.502,5,2,5,fragment_h_shift;recombination,node_5572,"M | fragment C,H,O from C-O+C-O bond break(s) | h_shift_-1 | electron_loss",node_5572;node_11336;node_11412;node_16320;node_16396
PEN,Polyethylene Naphthalate,C13H7O3,positive,1,211.03951908432,0.722,0.502,19,2,19,fragment_h_shift;recombination,node_5550,"M | fragment C,H,O from C-O+C-C bond break(s) | h_shift_-1 | electron_loss",node_5550;node_5592;node_9436;node_9900;node_9956;node_10104;node_10172;node_10264;node_10388;node_12548;node_12640;node_15296;node_15360;node_16132;node_16188;node_16508;node_16604;node_16928;node_20588
PEN,Polyethylene Naphthalate,C13H7O4,positive,1,227.03443370389,0.722,0.502,24,2,24,fragment_h_shift;recombination,node_5576,"M | fragment C,H,O from C-O+C-C bond break(s) | h_shift_-1 | electron_loss",node_5576;node_5596;node_9440;node_9460;node_10472;node_10596;node_11360;node_11416;node_11564;node_11632;node_11724;node_11848;node_12572;node_12644;node_15504;node_15568;node_16344;node_16400;node_16532;node_16608;node_16932;node_16952;node_20596;node_20640
PEN,Polyethylene Naphthalate,C13H9O3,negative,-1,213.05516914878,0.722,0.502,60,2,60,fragment_h_shift;recombination,node_5553,"M | fragment C,H,O from C-O+C-C bond break(s) | h_shift_+1 | electron_gain",node_5553;node_5595;node_5951;node_6043;node_6371;node_6447;node_6811;node_6867;node_7271;node_7895;node_8207;node_8299;node_8627;node_8703;node_9067;node_9123;node_9481;node_9537;node_9665;node_9741;node_9991;node_10035;node_11459;node_11503;node_11521;node_11645;node_12699;node_12743;node_12749;node_12873;node_14995;node_15007;node_15179;node_15223;node_15395;node_15439;node_15457;node_15581;node_15611;node_15655;node_15661;node_15785;node_16973;node_17029;node_17157;node_17233;node_18233;node_18421;node_19453;node_19605;node_20593;node_20681;node_20793;node_20917;node_21901;node_23509;node_24325;node_24513;node_25313;node_25465
PEN,Polyethylene Naphthalate,C13H9O4,negative,-1,229.05008376835,0.722,0.502,18,2,18,fragment_h_shift;recombination,node_5579,"M | fragment C,H,O from C-O+C-C bond break(s) | h_shift_+1 | electron_gain",node_5579;node_5599;node_5975;node_6047;node_8231;node_8303;node_11451;node_11495;node_15387;node_15431;node_18285;node_18429;node_20601;node_20645;node_20921;node_20941;node_24377;node_24521
PEN,Polyethylene Naphthalate,C14H11O3,negative,-1,227.07081921324001,0.722,0.502,44,2,44,fragment_h_shift;recombination,node_5557,"M | fragment C,H,O from C-O+C-O bond break(s) | h_shift_+1 | electron_gain",node_5557;node_5619;node_6395;node_6451;node_6835;node_6871;node_8651;node_8707;node_9091;node_9127;node_9505;node_9541;node_9689;node_9745;node_12691;node_12735;node_12753;node_12877;node_13947;node_13991;node_13997;node_14121;node_15603;node_15647;node_15665;node_15789;node_15819;node_15863;node_15869;node_15993;node_16997;node_17033;node_17181;node_17237;node_19413;node_19501;node_19613;node_19745;node_20729;node_20801;node_25273;node_25361;node_25473;node_25561
PEN,Polyethylene Naphthalate,C14H9O3,positive,1,225.05516914878,0.722,0.502,28,2,28,fragment_h_shift;recombination,node_5554,"M | fragment C,H,O from C-O+C-O bond break(s) | h_shift_-1 | electron_loss",node_5554;node_5616;node_9644;node_9924;node_9960;node_10128;node_10176;node_10268;node_10392;node_10496;node_10604;node_11112;node_11128;node_11752;node_11856;node_13796;node_13888;node_15320;node_15364;node_16156;node_16192;node_16716;node_16812;node_17136;node_17348;node_17368;node_19408;node_25268
PEN,Polyethylene Naphthalate,C14H9O4,positive,1,241.05008376835,0.722,0.502,55,2,55,fragment_h_shift;recombination,node_5580,"M | fragment C,H,O from C-O+C-O bond break(s) | h_shift_-1 | electron_loss",node_5580;node_5600;node_5620;node_9444;node_9484;node_9648;node_9668;node_10476;node_10600;node_10680;node_10804;node_11132;node_11384;node_11420;node_11588;node_11636;node_11728;node_11852;node_11944;node_12048;node_12592;node_12648;node_12800;node_12864;node_12956;node_13080;node_13820;node_13892;node_15528;node_15572;node_15712;node_15776;node_16368;node_16404;node_16556;node_16612;node_16740;node_16816;node_16936;node_16976;node_17140;node_17160;node_17372;node_18240;node_19416;node_19460;node_20604;node_20688;node_21712;node_21908;node_23320;node_23516;node_24332;node_25276;node_25320
PEN,Polyethylene Naphthalate,C15H11O4,positive,1,255.06573383281,0.722,0.502,48,2,48,fragment_h_shift;recombination,node_5604,"M | fragment C,H,O from C-C+C-O bond break(s) | h_shift_-1 | electron_loss",node_5604;node_5624;node_9448;node_9508;node_9652;node_9692;node_10684;node_10808;node_10888;node_11012;node_11136;node_11156;node_12152;node_12256;node_12616;node_12652;node_12820;node_12868;node_12960;node_13084;node_13192;node_13296;node_13844;node_13896;node_14048;node_14112;node_14204;node_14328;node_15736;node_15780;node_15920;node_15984;node_16580;node_16616;node_16764;node_16820;node_16940;node_17000;node_17144;node_17184;node_17376;node_17396;node_19424;node_19508;node_20612;node_20736;node_25284;node_25368
PEN,Polyethylene Naphthalate,C15H13O4,negative,-1,257.08138389727003,0.722,0.502,42,2,42,fragment_h_shift;recombination,node_5607,"M | fragment C,H,O from C-C+C-O bond break(s) | h_shift_+1 | electron_gain",node_5607;node_5627;node_6019;node_6055;node_7383;node_7511;node_7591;node_7719;node_8275;node_8311;node_9599;node_9603;node_13931;node_13975;node_15803;node_15847;node_17087;node_17091;node_18373;node_18445;node_19303;node_19311;node_19429;node_19513;node_19753;node_19793;node_20617;node_20741;node_20929;node_20989;node_22211;node_22249;node_22521;node_22747;node_22785;node_23057;node_24465;node_24537;node_25289;node_25373;node_25569;node_25609
PEN,Polyethylene Naphthalate,C16H13O4,positive,1,269.08138389727003,0.722,0.502,37,2,37,fragment_h_shift;recombination,node_5628,"M | fragment C,H,O from C-O+C-O bond break(s) | h_shift_-1 | electron_loss",node_5628;node_9656;node_9716;node_10892;node_11016;node_11140;node_11160;node_11180;node_12360;node_12464;node_13400;node_13504;node_13864;node_13900;node_14072;node_14116;node_14208;node_14332;node_14440;node_14544;node_15944;node_15988;node_16788;node_16824;node_17148;node_17208;node_17380;node_17400;node_17420;node_17664;node_17892;node_19432;node_19556;node_23872;node_24100;node_25292;node_25416
PEN,Polyethylene Naphthalate,C16H15O4,negative,-1,271.09703396173,0.722,0.502,17,2,17,fragment_h_shift;recombination,node_5631,"M | fragment C,H,O from C-O+C-O bond break(s) | h_shift_+1 | electron_gain",node_5631;node_17669;node_17897;node_17997;node_18105;node_19437;node_19561;node_19757;node_19817;node_23877;node_24105;node_24161;node_24269;node_25297;node_25421;node_25573;node_25633
PEN,Polyethylene Naphthalate,C16H15O6,negative,-1,303.08686320087,0.706,0.48599999999999993,87,2,87,parent;recombination,node_17475,node_0059 + node_0062 | h_transfer_recombination | deprotonation,node_5231;node_5677;node_5721;node_5885;node_5921;node_6081;node_6117;node_6277;node_6317;node_6493;node_6537;node_6701;node_6741;node_7129;node_7133;node_7337;node_7345;node_7545;node_7553;node_7757;node_7761;node_7937;node_7977;node_8141;node_8177;node_8337;node_8373;node_8533;node_8577;node_8753;node_8793;node_8957;node_9001;node_17475;node_17563;node_17903;node_17947;node_18179;node_18313;node_18353;node_18393;node_18535;node_18597;node_18617;node_18637;node_18695;node_18767;node_18805;node_19069;node_19083;node_19119;node_19137;node_19261;node_19347;node_19715;node_19879;node_19967;node_19981;node_20253;node_20275;node_20319;node_20325;node_20453;node_20543;node_20895;node_21619;node_21627;node_21991;node_21995;node_22183;node_22543;node_22719;node_23075;node_23771;node_24111;node_24405;node_24445;node_24485;node_24653;node_24673;node_24693;node_24751;node_24789;node_25053;node_25067;node_25085;node_25209
PEN,Polyethylene Naphthalate,C16H17O6,positive,1,305.10251326533,0.706,0.48599999999999993,31,2,31,parent;recombination,node_17474,node_0059 + node_0062 | h_transfer_recombination | protonation,node_5230;node_17474;node_17562;node_17902;node_17946;node_18178;node_18534;node_18694;node_18766;node_19082;node_19118;node_19346;node_19714;node_19878;node_19966;node_20274;node_20318;node_20542;node_20894;node_21618;node_21626;node_21990;node_21994;node_22182;node_22542;node_22718;node_23074;node_23770;node_24110;node_24750;node_25066
PEN,Polyethylene Naphthalate,C3H7O2,negative,-1,75.04460446475,0.706,0.5359999999999999,27,1,27,recombination,node_19283,node_0065 + node_0070 | h_transfer_recombination | deprotonation,node_6285;node_6329;node_6697;node_6737;node_8545;node_8585;node_8953;node_8997;node_19283;node_19371;node_19385;node_19657;node_19683;node_19727;node_19733;node_19861;node_20535;node_20573;node_20845;node_20891;node_20909;node_21037;node_25231;node_25245;node_25517;node_25543;node_25549
PEN,Polyethylene Naphthalate,C3H7O3,positive,1,91.03951908432,0.706,0.5359999999999999,28,1,28,recombination,node_18126,node_0061 + node_0069 | dehydrogenative_coupling | protonation,node_5896;node_5932;node_5942;node_6066;node_6688;node_6728;node_8152;node_8188;node_8198;node_8322;node_8944;node_8988;node_9362;node_9406;node_16850;node_16894;node_18126;node_18198;node_18216;node_18480;node_18552;node_18676;node_20514;node_24290;node_24308;node_24572;node_24608;node_24732
PEN,Polyethylene Naphthalate,C3H7O3,negative,-1,91.03951908432,0.706,0.5359999999999999,24,1,24,recombination,node_18131,node_0061 + node_0070 | h_transfer_recombination | deprotonation,node_5897;node_5933;node_6689;node_6729;node_8153;node_8189;node_8945;node_8989;node_18131;node_18203;node_18217;node_18481;node_18511;node_18547;node_18553;node_18677;node_20519;node_20883;node_24295;node_24309;node_24573;node_24603;node_24609;node_24733
PEN,Polyethylene Naphthalate,C3H9O2,positive,1,77.06025452921,0.706,0.5359999999999999,8,1,8,recombination,node_19282,node_0065 + node_0070 | h_transfer_recombination | protonation,node_19282;node_19370;node_19682;node_19726;node_20534;node_20890;node_25230;node_25542
PEN,Polyethylene Naphthalate,C3H9O3,positive,1,93.05516914878001,0.706,0.5359999999999999,8,1,8,recombination,node_18130,node_0061 + node_0070 | h_transfer_recombination | protonation,node_18130;node_18202;node_18510;node_18546;node_20518;node_20882;node_24294;node_24602
PEN,Polyethylene Naphthalate,C4H11O3,positive,1,107.07081921324,0.706,0.5359999999999999,8,1,8,recombination,node_18114,node_0061 + node_0066 | h_transfer_recombination | protonation,node_18114;node_18186;node_18502;node_18538;node_19338;node_19710;node_24278;node_24594
PEN,Polyethylene Naphthalate,C4H7O4,positive,1,119.03443370389,0.706,0.5359999999999999,44,1,44,recombination,node_20474,node_0069 + node_0073 | dehydrogenative_coupling | protonation,node_5990;node_6058;node_6708;node_6720;node_7120;node_7160;node_7170;node_7298;node_7744;node_7784;node_7794;node_7922;node_8246;node_8314;node_8968;node_8980;node_9386;node_9398;node_12474;node_12518;node_16434;node_16478;node_16874;node_16886;node_18320;node_18464;node_18600;node_18668;node_20474;node_20498;node_21678;node_21696;node_21968;node_22028;node_22156;node_23286;node_23304;node_23576;node_23624;node_23752;node_24412;node_24556;node_24656;node_24724
PEN,Polyethylene Naphthalate,C4H7O4,negative,-1,119.03443370389,0.706,0.5359999999999999,32,1,32,recombination,node_20479,node_0069 + node_0074 | h_transfer_recombination | deprotonation,node_6709;node_6721;node_7121;node_7161;node_7745;node_7785;node_8969;node_8981;node_18321;node_18465;node_18601;node_18669;node_20479;node_20503;node_20863;node_20875;node_21683;node_21697;node_21969;node_22023;node_22029;node_22157;node_23291;node_23305;node_23577;node_23619;node_23625;node_23753;node_24413;node_24557;node_24657;node_24725
PEN,Polyethylene Naphthalate,C4H9O2,positive,1,89.06025452921,0.706,0.5359999999999999,34,1,34,recombination,node_19350,node_0065 + node_0087 | dehydrogenative_coupling | protonation,node_5970;node_6074;node_6320;node_6342;node_6470;node_8226;node_8330;node_8536;node_8598;node_8726;node_9578;node_9622;node_11030;node_11074;node_17066;node_17110;node_17266;node_17310;node_18276;node_18496;node_18580;node_18684;node_19350;node_19392;node_19664;node_19736;node_19864;node_24368;node_24588;node_24636;node_24740;node_25252;node_25524;node_25552
PEN,Polyethylene Naphthalate,C4H9O2,negative,-1,89.06025452921,0.706,0.5359999999999999,19,1,19,recombination,node_19355,node_0065 + node_0088 | h_transfer_recombination | deprotonation,node_6321;node_8537;node_18277;node_18497;node_18581;node_18685;node_19355;node_19393;node_19665;node_19719;node_19737;node_19865;node_24369;node_24589;node_24637;node_24741;node_25253;node_25525;node_25553
PEN,Polyethylene Naphthalate,C4H9O3,positive,1,105.05516914878001,0.706,0.5359999999999999,28,1,28,recombination,node_18110,node_0061 + node_0065 | dehydrogenative_coupling | protonation,node_5888;node_5924;node_5946;node_6070;node_6272;node_6312;node_8144;node_8180;node_8202;node_8326;node_8528;node_8572;node_9570;node_9614;node_17058;node_17102;node_18110;node_18182;node_18224;node_18488;node_18556;node_18680;node_19334;node_24274;node_24316;node_24580;node_24612;node_24736
PEN,Polyethylene Naphthalate,C4H9O3,negative,-1,105.05516914878001,0.706,0.5359999999999999,24,1,24,recombination,node_18115,node_0061 + node_0066 | h_transfer_recombination | deprotonation,node_5889;node_5925;node_6273;node_6313;node_8145;node_8181;node_8529;node_8573;node_18115;node_18187;node_18225;node_18489;node_18503;node_18539;node_18557;node_18681;node_19339;node_19711;node_24279;node_24317;node_24581;node_24595;node_24613;node_24737
PEN,Polyethylene Naphthalate,C4H9O4,positive,1,121.05008376835,0.706,0.5359999999999999,8,1,8,recombination,node_20478,node_0069 + node_0074 | h_transfer_recombination | protonation,node_20478;node_20502;node_20862;node_20874;node_21682;node_22022;node_23290;node_23618
PEN,Polyethylene Naphthalate,C5H11O4,positive,1,135.06573383281,0.706,0.5359999999999999,8,1,8,recombination,node_19298,node_0065 + node_0074 | h_transfer_recombination | protonation,node_19298;node_19322;node_19690;node_19702;node_21666;node_22014;node_23274;node_23610
PEN,Polyethylene Naphthalate,C5H11O5,positive,1,151.06064845238,0.706,0.5359999999999999,8,1,8,recombination,node_18146,node_0061 + node_0074 | h_transfer_recombination | protonation,node_18146;node_18170;node_18518;node_18530;node_21650;node_22006;node_23258;node_23602
PEN,Polyethylene Naphthalate,C5H9O4,positive,1,133.05008376835,0.706,0.5359999999999999,44,1,44,recombination,node_19294,node_0065 + node_0073 | dehydrogenative_coupling | protonation,node_6014;node_6062;node_6292;node_6304;node_7112;node_7152;node_7174;node_7302;node_7736;node_7776;node_7798;node_7926;node_8270;node_8318;node_8552;node_8564;node_9594;node_9606;node_13722;node_13766;node_16642;node_16686;node_17082;node_17094;node_18368;node_18472;node_18624;node_18672;node_19294;node_19318;node_21662;node_21704;node_21976;node_22032;node_22160;node_23270;node_23312;node_23584;node_23628;node_23756;node_24460;node_24564;node_24680;node_24728
PEN,Polyethylene Naphthalate,C5H9O4,negative,-1,133.05008376835,0.706,0.5359999999999999,32,1,32,recombination,node_19299,node_0065 + node_0074 | h_transfer_recombination | deprotonation,node_6293;node_6305;node_7113;node_7153;node_7737;node_7777;node_8553;node_8565;node_18369;node_18473;node_18625;node_18673;node_19299;node_19323;node_19691;node_19703;node_21667;node_21705;node_21977;node_22015;node_22033;node_22161;node_23275;node_23313;node_23585;node_23611;node_23629;node_23757;node_24461;node_24565;node_24681;node_24729
PEN,Polyethylene Naphthalate,C5H9O5,positive,1,149.04499838792,0.706,0.5359999999999999,12,1,12,recombination,node_18142,node_0061 + node_0073 | dehydrogenative_coupling | protonation,node_5904;node_5916;node_7104;node_7144;node_7728;node_7768;node_8160;node_8172;node_18142;node_18166;node_21646;node_23254
PEN,Polyethylene Naphthalate,C5H9O5,negative,-1,149.04499838792,0.706,0.5359999999999999,16,1,16,recombination,node_18147,node_0061 + node_0074 | h_transfer_recombination | deprotonation,node_5905;node_5917;node_7105;node_7145;node_7729;node_7769;node_8161;node_8173;node_18147;node_18171;node_18519;node_18531;node_21651;node_22007;node_23259;node_23603
PEN,Polyethylene Naphthalate,C6H9O6,negative,-1,177.03991300749001,0.706,0.5359999999999999,4,1,4,recombination,node_21635,node_0073 + node_0080 | h_transfer_recombination | deprotonation,node_7137;node_7753;node_21635;node_21999
PEN,Polyethylene Naphthalate,C11H6O2,negative,-1,170.03677943252,0.6960000000000002,0.6060000000000001,2,1,2,fragment,node_5343,"M | fragment C,H,O from C-O+C-C bond break(s) | electron_gain",node_5343;node_5419
PEN,Polyethylene Naphthalate,C2H4,positive,1,28.03130012892,0.6960000000000002,0.6060000000000001,2,1,2,fragment,node_5335,"M | fragment C,H from C-O+C-O bond break(s) | electron_loss",node_5335;node_5452
PEN,Polyethylene Naphthalate,C2H4,negative,-1,28.03130012892,0.6960000000000002,0.6060000000000001,2,1,2,fragment,node_5336,"M | fragment C,H from C-O+C-O bond break(s) | electron_gain",node_5336;node_5453
PEN,Polyethylene Naphthalate,CO2,negative,-1,43.98982923914,0.6960000000000002,0.6060000000000001,2,1,2,fragment,node_5340,"M | fragment C,O from C-O+C-C bond break(s) | electron_gain",node_5340;node_5434
PEN,Polyethylene Naphthalate,C12H7O4,positive,1,215.03443370389,0.694,0.5939999999999999,2,2,1,fragment;fragment_h_shift,node_5352,"M | fragment C,H,O from C-O+C-O bond break(s) | protonation",node_5352;node_5574
PEN,Polyethylene Naphthalate,C2H6O,negative,-1,46.04186481295,0.6900000000000002,0.6000000000000001,2,1,2,fragment_h_shift,node_5471,"M | fragment C,H,O from C-O bond break(s) | h_shift_+1 | electron_gain",node_5471;node_5515
PEN,Polyethylene Naphthalate,CH4O,negative,-1,32.02621474849,0.6900000000000002,0.6000000000000001,2,1,2,fragment_h_shift,node_5479,"M | fragment C,H,O from C-C bond break(s) | h_shift_+1 | electron_gain",node_5479;node_5523
PEN,Polyethylene Naphthalate,C11H9O,positive,1,157.06533990964,0.688,0.518,6,1,6,recombination,node_6854,node_0007 + node_0147 | single_dehydrogenative_recombination | protonation,node_6854;node_9110;node_14986;node_15030;node_20772;node_21004
PEN,Polyethylene Naphthalate,C12H11O,positive,1,171.0809899741,0.688,0.518,8,1,8,recombination,node_6438,node_0005 + node_0147 | single_dehydrogenative_recombination | protonation,node_6438;node_8694;node_14978;node_15022;node_19592;node_19832;node_25452;node_25648
PEN,Polyethylene Naphthalate,C12H11O2,positive,1,187.07590459367,0.688,0.518,8,1,8,recombination,node_6038,node_0003 + node_0147 | single_dehydrogenative_recombination | protonation,node_6038;node_8294;node_14970;node_15014;node_18416;node_18648;node_24508;node_24704
PEN,Polyethylene Naphthalate,C2H3O3,positive,1,75.00821895540001,0.688,0.518,6,1,6,recombination,node_11254,node_0029 + node_0069 | single_dehydrogenative_recombination | protonation,node_11254;node_11298;node_16238;node_16282;node_20628;node_20812
PEN,Polyethylene Naphthalate,C3H5O4,positive,1,105.01878363943,0.688,0.518,8,1,8,recombination,node_11238,node_0029 + node_0061 | single_dehydrogenative_recombination | protonation,node_11238;node_11282;node_16222;node_16266;node_18280;node_18456;node_24372;node_24548
PEN,Polyethylene Naphthalate,C4H5O4,positive,1,117.01878363943,0.688,0.518,16,1,16,recombination,node_9802,node_0022 + node_0073 | single_dehydrogenative_recombination | protonation,node_9802;node_9814;node_16034;node_16046;node_18316;node_18460;node_21692;node_21708;node_21940;node_21964;node_23300;node_23316;node_23548;node_23572;node_24408;node_24552
PEN,Polyethylene Naphthalate,C4H5O5,positive,1,133.013698259,0.688,0.518,8,1,8,recombination,node_11262,node_0029 + node_0073 | single_dehydrogenative_recombination | protonation,node_11262;node_11274;node_16246;node_16258;node_21760;node_21944;node_23368;node_23552
PEN,Polyethylene Naphthalate,C4H7O3,positive,1,103.03951908432,0.688,0.518,32,1,32,recombination,node_6390,node_0005 + node_0123 | single_dehydrogenative_recombination | protonation,node_6390;node_6458;node_6830;node_6878;node_8646;node_8714;node_9086;node_9134;node_12482;node_12526;node_13738;node_13782;node_16442;node_16486;node_16658;node_16702;node_18220;node_18484;node_19496;node_19640;node_19784;node_19852;node_20724;node_20828;node_20980;node_21028;node_24312;node_24576;node_25356;node_25500;node_25600;node_25668
PEN,Polyethylene Naphthalate,C4H9O,positive,1,73.06533990964,0.688,0.518,15,1,15,recombination,node_6366,node_0005 + node_0110 | single_dehydrogenative_recombination | protonation,node_6366;node_6474;node_8622;node_8730;node_11038;node_11082;node_17274;node_17318;node_19444;node_19672;node_19760;node_19868;node_25304;node_25532;node_25576
PEN,Polyethylene Naphthalate,C5H7O5,positive,1,147.02934832346,0.688,0.518,16,1,16,recombination,node_7222,node_0009 + node_0123 | single_dehydrogenative_recombination | protonation,node_7222;node_7290;node_7846;node_7914;node_12498;node_12510;node_16458;node_16470;node_21808;node_21952;node_22080;node_22148;node_23416;node_23560;node_23676;node_23744
PEN,Polyethylene Naphthalate,C5H9O3,positive,1,117.05516914878001,0.688,0.518,32,1,32,recombination,node_6414,node_0005 + node_0135 | single_dehydrogenative_recombination | protonation,node_6414;node_6462;node_7198;node_7306;node_7822;node_7930;node_8670;node_8718;node_11054;node_11066;node_13730;node_13774;node_16650;node_16694;node_17290;node_17302;node_19544;node_19648;node_19808;node_19856;node_21756;node_21984;node_22056;node_22164;node_23364;node_23592;node_23652;node_23760;node_25404;node_25508;node_25624;node_25672
PEN,Polyethylene Naphthalate,C6H9O5,positive,1,161.04499838792,0.688,0.518,16,1,16,recombination,node_7246,node_0009 + node_0135 | single_dehydrogenative_recombination | protonation,node_7246;node_7294;node_7870;node_7918;node_13746;node_13758;node_16666;node_16678;node_21856;node_21960;node_22104;node_22152;node_23464;node_23568;node_23700;node_23748
PEN,Polyethylene Naphthalate,C14H14O4,positive,1,246.0892089295,0.6859999999999999,0.516,32,1,32,recombination,node_6714,node_0007 + node_0075 | single_dehydrogenative_recombination | protonation,node_6714;node_6718;node_7330;node_7370;node_7538;node_7578;node_8974;node_8978;node_18330;node_18442;node_18606;node_18662;node_20484;node_20492;node_20864;node_20868;node_22228;node_22246;node_22518;node_22564;node_22574;node_22702;node_22764;node_22782;node_23054;node_23096;node_23106;node_23234;node_24422;node_24534;node_24662;node_24718
PEN,Polyethylene Naphthalate,C15H14O6,positive,1,290.07903816864,0.6859999999999999,0.516,32,1,32,recombination,node_6090,node_0004 + node_0069 | single_dehydrogenative_recombination | protonation,node_6090;node_6126;node_6694;node_6734;node_8346;node_8382;node_8950;node_8994;node_18306;node_18346;node_18594;node_18614;node_18708;node_18780;node_18798;node_19062;node_19088;node_19124;node_19134;node_19258;node_20524;node_20884;node_24398;node_24438;node_24650;node_24670;node_24764;node_24782;node_25046;node_25072;node_25082;node_25206
PEN,Polyethylene Naphthalate,C15H16O4,positive,1,260.10485899396,0.6859999999999999,0.516,32,1,32,recombination,node_6298,node_0005 + node_0075 | single_dehydrogenative_recombination | protonation,node_6298;node_6302;node_7322;node_7362;node_7530;node_7570;node_8558;node_8562;node_18378;node_18450;node_18630;node_18666;node_19304;node_19312;node_19692;node_19696;node_22212;node_22254;node_22526;node_22556;node_22578;node_22706;node_22748;node_22790;node_23062;node_23088;node_23110;node_23238;node_24470;node_24542;node_24686;node_24722
PEN,Polyethylene Naphthalate,C15H16O5,positive,1,276.09977361353,0.6859999999999999,0.516,16,1,16,recombination,node_5910,node_0003 + node_0075 | single_dehydrogenative_recombination | protonation,node_5910;node_5914;node_7314;node_7354;node_7522;node_7562;node_8166;node_8170;node_18152;node_18160;node_18520;node_18524;node_22196;node_22548;node_22732;node_23080
PEN,Polyethylene Naphthalate,C17H16O7,positive,1,332.08960285267,0.6859999999999999,0.516,46,1,46,recombination,node_5702,node_0002 + node_0073 | single_dehydrogenative_recombination | protonation,node_5702;node_5714;node_7102;node_7142;node_7726;node_7766;node_7962;node_7974;node_17520;node_17544;node_17924;node_17936;node_18116;node_18188;node_18950;node_19054;node_19206;node_19254;node_19928;node_20094;node_20238;node_20378;node_20446;node_21202;node_21386;node_21640;node_21802;node_21842;node_21882;node_22000;node_22078;node_22098;node_22118;node_23248;node_23410;node_23450;node_23490;node_23596;node_23674;node_23694;node_23714;node_24280;node_24934;node_25038;node_25154;node_25202
PEN,Polyethylene Naphthalate,C17H16O8,positive,1,348.08451747224,0.6859999999999999,0.516,16,1,16,recombination,node_6098,node_0004 + node_0073 | single_dehydrogenative_recombination | protonation,node_6098;node_6110;node_7110;node_7150;node_7734;node_7774;node_8354;node_8366;node_18724;node_18748;node_19096;node_19108;node_21656;node_22008;node_23264;node_23604
PEN,Polyethylene Naphthalate,C17H18O6,positive,1,318.11033829756,0.6859999999999999,0.516,46,1,46,recombination,node_6282,node_0005 + node_0067 | single_dehydrogenative_recombination | protonation,node_6282;node_6326;node_6490;node_6530;node_6706;node_6750;node_6914;node_6954;node_8542;node_8582;node_8746;node_8790;node_8966;node_9006;node_9170;node_9214;node_18362;node_18402;node_18622;node_18642;node_19272;node_19360;node_19676;node_19720;node_19948;node_19990;node_20262;node_20308;node_20330;node_20458;node_20468;node_20556;node_20856;node_20900;node_21120;node_21138;node_21410;node_21464;node_21474;node_21602;node_24454;node_24494;node_24678;node_24698;node_25220;node_25536
PEN,Polyethylene Naphthalate,C17H18O7,positive,1,334.10525291713003,0.6859999999999999,0.516,16,1,16,recombination,node_5894,node_0003 + node_0067 | single_dehydrogenative_recombination | protonation,node_5894;node_5930;node_6482;node_6522;node_8150;node_8186;node_8738;node_8782;node_18120;node_18192;node_18504;node_18540;node_19932;node_20300;node_24284;node_24596
PEN,Polyethylene Naphthalate,C18H18O8,positive,1,362.1001675367,0.6859999999999999,0.516,16,1,16,recombination,node_6502,node_0006 + node_0073 | single_dehydrogenative_recombination | protonation,node_6502;node_6514;node_7118;node_7158;node_7742;node_7782;node_8762;node_8774;node_19892;node_19916;node_20280;node_20292;node_21672;node_22016;node_23280;node_23612
PEN,Polyethylene Naphthalate,C18H20O6,positive,1,332.12598836202,0.6859999999999999,0.516,24,1,24,recombination,node_6290,node_0005 + node_0071 | single_dehydrogenative_recombination | protonation,node_6290;node_6334;node_6906;node_6946;node_8550;node_8590;node_9162;node_9206;node_18410;node_18646;node_19288;node_19376;node_19684;node_19728;node_21104;node_21146;node_21418;node_21456;node_21478;node_21606;node_24502;node_24702;node_25236;node_25544
PEN,Polyethylene Naphthalate,C18H20O7,positive,1,348.12090298159,0.6859999999999999,0.516,16,1,16,recombination,node_5902,node_0003 + node_0071 | single_dehydrogenative_recombination | protonation,node_5902;node_5938;node_6898;node_6938;node_8158;node_8194;node_9154;node_9198;node_18136;node_18208;node_18512;node_18548;node_21088;node_21448;node_24300;node_24604
PEN,Polyethylene Naphthalate,C19H20O8,positive,1,376.11581760116,0.6859999999999999,0.516,16,1,16,recombination,node_6918,node_0008 + node_0073 | single_dehydrogenative_recombination | protonation,node_6918;node_6930;node_7126;node_7166;node_7750;node_7790;node_9178;node_9190;node_21048;node_21072;node_21428;node_21440;node_21688;node_22024;node_23296;node_23620
PEN,Polyethylene Naphthalate,C26H22O6,positive,1,430.14163842648003,0.6859999999999999,0.516,4,1,4,recombination,node_7342,node_0010 + node_0077 | single_dehydrogenative_recombination | protonation,node_7342;node_7550;node_22172;node_22536
PEN,Polyethylene Naphthalate,C27H22O7,positive,1,458.13655304605,0.6859999999999999,0.516,44,1,44,recombination,node_5706,node_0002 + node_0075 | single_dehydrogenative_recombination | protonation,node_5706;node_5710;node_7310;node_7350;node_7518;node_7558;node_7966;node_7970;node_17528;node_17536;node_17928;node_17932;node_18958;node_19030;node_19210;node_19246;node_20102;node_20214;node_20382;node_20438;node_21210;node_21362;node_21506;node_21582;node_22188;node_22350;node_22390;node_22430;node_22544;node_22622;node_22642;node_22662;node_22724;node_22886;node_22926;node_22966;node_23076;node_23154;node_23174;node_23194;node_24942;node_25014;node_25158;node_25194
PEN,Polyethylene Naphthalate,C27H22O8,positive,1,474.13146766562,0.6859999999999999,0.516,16,1,16,recombination,node_6102,node_0004 + node_0075 | single_dehydrogenative_recombination | protonation,node_6102;node_6106;node_7318;node_7358;node_7526;node_7566;node_8358;node_8362;node_18732;node_18740;node_19100;node_19104;node_22204;node_22552;node_22740;node_23084
PEN,Polyethylene Naphthalate,C28H22O8,positive,1,486.13146766562,0.6859999999999999,0.516,36,1,36,recombination,node_5718,node_0002 + node_0081 | single_dehydrogenative_recombination | protonation,node_5718;node_7934;node_17552;node_17714;node_17754;node_17794;node_17940;node_18018;node_18038;node_18058;node_18850;node_18966;node_19158;node_19214;node_19896;node_19904;node_20026;node_20110;node_20346;node_20386;node_21174;node_21218;node_21490;node_21510;node_22216;node_22752;node_23922;node_23962;node_24002;node_24182;node_24202;node_24222;node_24834;node_24950;node_25106;node_25162
PEN,Polyethylene Naphthalate,C28H24O8,positive,1,488.14711773008,0.6859999999999999,0.516,16,1,16,recombination,node_6506,node_0006 + node_0075 | single_dehydrogenative_recombination | protonation,node_6506;node_6510;node_7326;node_7366;node_7534;node_7574;node_8766;node_8770;node_19900;node_19908;node_20284;node_20288;node_22220;node_22560;node_22756;node_23092
PEN,Polyethylene Naphthalate,C6H9O6,positive,1,177.03991300749001,0.6859999999999999,0.5359999999999999,3,1,3,recombination,node_21630,node_0073 + node_0079 | dehydrogenative_coupling | protonation,node_7136;node_7752;node_21630
PEN,Polyethylene Naphthalate,C28H22O9,positive,1,502.12638228519,0.6855747235429619,0.515574723542962,34,1,34,recombination,node_5682,node_0002 + node_0063 | single_dehydrogenative_recombination | protonation,node_5682;node_5726;node_6078;node_6114;node_7942;node_7982;node_8334;node_8370;node_17480;node_17568;node_17904;node_17948;node_18756;node_18894;node_18934;node_18974;node_19112;node_19178;node_19198;node_19218;node_20078;node_20118;node_20370;node_20390;node_21226;node_21514;node_23776;node_24112;node_24878;node_24918;node_24958;node_25126;node_25146;node_25166
PEN,Polyethylene Naphthalate,C29H26O8,positive,1,502.16276779454,0.6855674464410919,0.515567446441092,16,1,16,recombination,node_6922,node_0008 + node_0075 | single_dehydrogenative_recombination | protonation,node_6922;node_6926;node_7334;node_7374;node_7542;node_7582;node_9182;node_9186;node_21056;node_21064;node_21432;node_21436;node_22236;node_22568;node_22772;node_23100
PEN,Polyethylene Naphthalate,C29H24O9,positive,1,516.14203234965,0.68277159353007,0.5127715935300701,34,1,34,recombination,node_5690,node_0002 + node_0067 | single_dehydrogenative_recombination | protonation,node_5690;node_5734;node_6478;node_6518;node_7950;node_7990;node_8734;node_8778;node_17496;node_17584;node_17912;node_17956;node_18942;node_18982;node_19202;node_19222;node_19924;node_20086;node_20126;node_20166;node_20296;node_20374;node_20394;node_20414;node_21234;node_21274;node_21518;node_21538;node_23792;node_24120;node_24926;node_24966;node_25150;node_25170
PEN,Polyethylene Naphthalate,C30H26O9,positive,1,530.15768241411,0.6799684635171781,0.5099684635171781,30,1,30,recombination,node_5698,node_0002 + node_0071 | single_dehydrogenative_recombination | protonation,node_5698;node_5742;node_6894;node_6934;node_7958;node_7998;node_9150;node_9194;node_17512;node_17600;node_17920;node_17964;node_18990;node_19226;node_20134;node_20174;node_20398;node_20418;node_21080;node_21242;node_21282;node_21322;node_21444;node_21522;node_21542;node_21562;node_23808;node_24128;node_24974;node_25174
PEN,Polyethylene Naphthalate,C29H24O10,positive,1,532.13694696922,0.6795726106061559,0.509572610606156,16,1,16,recombination,node_6086,node_0004 + node_0067 | single_dehydrogenative_recombination | protonation,node_6086;node_6122;node_6486;node_6526;node_8342;node_8378;node_8742;node_8786;node_18700;node_18772;node_19084;node_19120;node_19940;node_20304;node_24756;node_25068
PEN,Polyethylene Naphthalate,C30H26O10,positive,1,546.15259703368,0.676769480593264,0.506769480593264,20,1,20,recombination,node_6094,node_0004 + node_0071 | single_dehydrogenative_recombination | protonation,node_6094;node_6130;node_6534;node_6902;node_6942;node_8350;node_8386;node_8750;node_9158;node_9202;node_18716;node_18788;node_19092;node_19128;node_19956;node_20312;node_21096;node_21452;node_24772;node_25076
PEN,Polyethylene Naphthalate,C3H6O2,negative,-1,74.03677943252,0.6759999999999999,0.506,39,1,39,recombination,node_6287,node_0005 + node_0069 | single_dehydrogenative_recombination | deprotonation,node_6287;node_6331;node_6337;node_6465;node_6699;node_6739;node_6757;node_6885;node_8547;node_8587;node_8593;node_8721;node_8955;node_8999;node_9013;node_9141;node_9369;node_9413;node_9585;node_9629;node_16857;node_16901;node_17073;node_17117;node_19277;node_19365;node_19387;node_19659;node_19735;node_19863;node_20529;node_20575;node_20847;node_20911;node_21039;node_25225;node_25247;node_25519;node_25551
PEN,Polyethylene Naphthalate,C4H6O4,negative,-1,118.02660867166,0.6759999999999999,0.506,44,1,44,recombination,node_6711,node_0007 + node_0073 | single_dehydrogenative_recombination | deprotonation,node_5989;node_6057;node_6711;node_6723;node_7123;node_7163;node_7169;node_7297;node_7747;node_7787;node_7793;node_7921;node_8245;node_8313;node_8971;node_8983;node_9385;node_9397;node_12473;node_12517;node_16433;node_16477;node_16873;node_16885;node_18323;node_18467;node_18603;node_18671;node_20473;node_20497;node_21677;node_21699;node_21971;node_22031;node_22159;node_23285;node_23307;node_23579;node_23627;node_23755;node_24415;node_24559;node_24659;node_24727
PEN,Polyethylene Naphthalate,C4H8O2,negative,-1,88.05242949698,0.6759999999999999,0.506,34,1,34,recombination,node_6323,node_0005 + node_0087 | single_dehydrogenative_recombination | deprotonation,node_5969;node_6073;node_6323;node_6341;node_6469;node_8225;node_8329;node_8539;node_8597;node_8725;node_9577;node_9621;node_11029;node_11073;node_17065;node_17109;node_17265;node_17309;node_18279;node_18499;node_18583;node_18687;node_19349;node_19395;node_19667;node_19739;node_19867;node_24371;node_24591;node_24639;node_24743;node_25255;node_25527;node_25555
PEN,Polyethylene Naphthalate,C4H8O3,negative,-1,104.04734411655001,0.6759999999999999,0.506,28,1,28,recombination,node_5891,node_0003 + node_0065 | single_dehydrogenative_recombination | deprotonation,node_5891;node_5927;node_5945;node_6069;node_6275;node_6315;node_8147;node_8183;node_8201;node_8325;node_8531;node_8575;node_9569;node_9613;node_17057;node_17101;node_18109;node_18181;node_18227;node_18491;node_18559;node_18683;node_19333;node_24273;node_24319;node_24583;node_24615;node_24739
PEN,Polyethylene Naphthalate,C5H8O4,negative,-1,132.04225873612,0.6759999999999999,0.506,44,1,44,recombination,node_6295,node_0005 + node_0073 | single_dehydrogenative_recombination | deprotonation,node_6013;node_6061;node_6295;node_6307;node_7115;node_7155;node_7173;node_7301;node_7739;node_7779;node_7797;node_7925;node_8269;node_8317;node_8555;node_8567;node_9593;node_9605;node_13721;node_13765;node_16641;node_16685;node_17081;node_17093;node_18371;node_18475;node_18627;node_18675;node_19293;node_19317;node_21661;node_21707;node_21979;node_22035;node_22163;node_23269;node_23315;node_23587;node_23631;node_23759;node_24463;node_24567;node_24683;node_24731
PEN,Polyethylene Naphthalate,C5H8O5,negative,-1,148.03717335569,0.6759999999999999,0.506,12,1,12,recombination,node_5907,node_0003 + node_0073 | single_dehydrogenative_recombination | deprotonation,node_5907;node_5919;node_7107;node_7147;node_7731;node_7771;node_8163;node_8175;node_18141;node_18165;node_21645;node_23253
PEN,Polyethylene Naphthalate,C31H28O10,positive,1,560.16824709814,0.6739663505803719,0.503966350580372,14,1,14,recombination,node_6498,node_0006 + node_0071 | single_dehydrogenative_recombination | protonation,node_6498;node_6542;node_6910;node_6950;node_8758;node_8798;node_9166;node_9210;node_19884;node_19972;node_20276;node_20320;node_21112;node_21460
PEN,Polyethylene Naphthalate,C32H30O10,positive,1,574.1838971626,0.67116322056748,0.50116322056748,4,1,4,recombination,node_6958,node_0008 + node_0093 | single_dehydrogenative_recombination | protonation,node_6958;node_9174;node_21128;node_21468
PEN,Polyethylene Naphthalate,C16H16O6,negative,-1,304.0946882331,0.6680000000000001,0.448,31,2,31,parent;recombination,node_17473,node_0059 + node_0062 | h_transfer_recombination | electron_gain,node_5229;node_17473;node_17561;node_17901;node_17945;node_18177;node_18533;node_18693;node_18765;node_19081;node_19117;node_19345;node_19713;node_19877;node_19965;node_20273;node_20317;node_20541;node_20893;node_21617;node_21625;node_21989;node_21993;node_22181;node_22541;node_22717;node_23073;node_23769;node_24109;node_24749;node_25065
PEN,Polyethylene Naphthalate,C3H8O2,negative,-1,76.05242949698,0.6679999999999999,0.498,8,1,8,recombination,node_19281,node_0065 + node_0070 | h_transfer_recombination | electron_gain,node_19281;node_19369;node_19681;node_19725;node_20533;node_20889;node_25229;node_25541
PEN,Polyethylene Naphthalate,C3H8O3,negative,-1,92.04734411655001,0.6679999999999999,0.498,8,1,8,recombination,node_18129,node_0061 + node_0070 | h_transfer_recombination | electron_gain,node_18129;node_18201;node_18509;node_18545;node_20517;node_20881;node_24293;node_24601
PEN,Polyethylene Naphthalate,C4H10O3,negative,-1,106.06299418101,0.6679999999999999,0.498,8,1,8,recombination,node_18113,node_0061 + node_0066 | h_transfer_recombination | electron_gain,node_18113;node_18185;node_18501;node_18537;node_19337;node_19709;node_24277;node_24593
PEN,Polyethylene Naphthalate,C4H8O4,negative,-1,120.04225873612,0.6679999999999999,0.498,8,1,8,recombination,node_20477,node_0069 + node_0074 | h_transfer_recombination | electron_gain,node_20477;node_20501;node_20861;node_20873;node_21681;node_22021;node_23289;node_23617
PEN,Polyethylene Naphthalate,C5H10O4,negative,-1,134.05790880058,0.6679999999999999,0.498,8,1,8,recombination,node_19297,node_0065 + node_0074 | h_transfer_recombination | electron_gain,node_19297;node_19321;node_19689;node_19701;node_21665;node_22013;node_23273;node_23609
PEN,Polyethylene Naphthalate,C5H10O5,negative,-1,150.05282342015,0.6679999999999999,0.498,8,1,8,recombination,node_18145,node_0061 + node_0074 | h_transfer_recombination | electron_gain,node_18145;node_18169;node_18517;node_18529;node_21649;node_22005;node_23257;node_23601
PEN,Polyethylene Naphthalate,C2H,negative,-1,25.00782503223,0.6580000000000001,0.6580000000000001,1,1,1,feature_rule,node_5203,M | universal_hydrocarbon | hydrocarbon_small_fragments | small_hc_C2H,node_5203
PEN,Polyethylene Naphthalate,C3,negative,-1,36.0,0.6580000000000001,0.6580000000000001,1,1,1,feature_rule,node_5204,M | universal_hydrocarbon | hydrocarbon_small_fragments | small_hc_C3,node_5204
PEN,Polyethylene Naphthalate,C3H,negative,-1,37.00782503223,0.6580000000000001,0.6580000000000001,1,1,1,feature_rule,node_5205,M | universal_hydrocarbon | hydrocarbon_small_fragments | small_hc_C3H,node_5205
PEN,Polyethylene Naphthalate,C3H3,positive,1,39.02347509669,0.6580000000000001,0.6580000000000001,1,1,1,feature_rule,node_5187,M | universal_hydrocarbon | hydrocarbon_small_fragments | small_hc_C3H3,node_5187
PEN,Polyethylene Naphthalate,C3H5,positive,1,41.03912516115,0.6580000000000001,0.6580000000000001,1,1,1,feature_rule,node_5188,M | universal_hydrocarbon | hydrocarbon_small_fragments | small_hc_C3H5,node_5188
PEN,Polyethylene Naphthalate,C3H7,positive,1,43.05477522561,0.6580000000000001,0.6580000000000001,1,1,1,feature_rule,node_5189,M | universal_hydrocarbon | hydrocarbon_small_fragments | small_hc_C3H7,node_5189
PEN,Polyethylene Naphthalate,C4,negative,-1,48.0,0.6580000000000001,0.6580000000000001,1,1,1,feature_rule,node_5206,M | universal_hydrocarbon | hydrocarbon_small_fragments | small_hc_C4,node_5206
PEN,Polyethylene Naphthalate,C4H,negative,-1,49.00782503223,0.6580000000000001,0.6580000000000001,1,1,1,feature_rule,node_5207,M | universal_hydrocarbon | hydrocarbon_small_fragments | small_hc_C4H,node_5207
PEN,Polyethylene Naphthalate,C4H3,positive,1,51.02347509669,0.6580000000000001,0.6580000000000001,1,1,1,feature_rule,node_5190,M | universal_hydrocarbon | hydrocarbon_small_fragments | small_hc_C4H3,node_5190
PEN,Polyethylene Naphthalate,C4H5,positive,1,53.03912516115,0.6580000000000001,0.6580000000000001,1,1,1,feature_rule,node_5191,M | universal_hydrocarbon | hydrocarbon_small_fragments | small_hc_C4H5,node_5191
PEN,Polyethylene Naphthalate,C4H9,positive,1,57.07042529007,0.6580000000000001,0.6580000000000001,1,1,1,feature_rule,node_5193,M | universal_hydrocarbon | hydrocarbon_small_fragments | small_hc_C4H9,node_5193
PEN,Polyethylene Naphthalate,C5,negative,-1,60.0,0.6580000000000001,0.6580000000000001,1,1,1,feature_rule,node_5208,M | universal_hydrocarbon | hydrocarbon_small_fragments | small_hc_C5,node_5208
PEN,Polyethylene Naphthalate,C5H,negative,-1,61.00782503223,0.6580000000000001,0.6580000000000001,1,1,1,feature_rule,node_5209,M | universal_hydrocarbon | hydrocarbon_small_fragments | small_hc_C5H,node_5209
PEN,Polyethylene Naphthalate,C5H11,positive,1,71.08607535453,0.6580000000000001,0.6580000000000001,1,1,1,feature_rule,node_5197,M | universal_hydrocarbon | hydrocarbon_small_fragments | small_hc_C5H11,node_5197
PEN,Polyethylene Naphthalate,C5H5,positive,1,65.03912516115,0.6580000000000001,0.6580000000000001,1,1,1,feature_rule,node_5194,M | universal_hydrocarbon | hydrocarbon_small_fragments | small_hc_C5H5,node_5194
PEN,Polyethylene Naphthalate,C5H7,positive,1,67.05477522561,0.6580000000000001,0.6580000000000001,1,1,1,feature_rule,node_5195,M | universal_hydrocarbon | hydrocarbon_small_fragments | small_hc_C5H7,node_5195
PEN,Polyethylene Naphthalate,C5H9,positive,1,69.07042529007,0.6580000000000001,0.6580000000000001,1,1,1,feature_rule,node_5196,M | universal_hydrocarbon | hydrocarbon_small_fragments | small_hc_C5H9,node_5196
PEN,Polyethylene Naphthalate,C6,negative,-1,72.0,0.6580000000000001,0.6580000000000001,1,1,1,feature_rule,node_5210,M | universal_hydrocarbon | hydrocarbon_small_fragments | small_hc_C6,node_5210
PEN,Polyethylene Naphthalate,C6H,negative,-1,73.00782503223,0.6580000000000001,0.6580000000000001,1,1,1,feature_rule,node_5211,M | universal_hydrocarbon | hydrocarbon_small_fragments | small_hc_C6H,node_5211
PEN,Polyethylene Naphthalate,C6H11,positive,1,83.08607535453,0.6580000000000001,0.6580000000000001,1,1,1,feature_rule,node_5201,M | universal_hydrocarbon | hydrocarbon_small_fragments | small_hc_C6H11,node_5201
PEN,Polyethylene Naphthalate,C6H7,positive,1,79.05477522561,0.6580000000000001,0.6580000000000001,1,1,1,feature_rule,node_5199,M | universal_hydrocarbon | hydrocarbon_small_fragments | small_hc_C6H7,node_5199
PEN,Polyethylene Naphthalate,C6H9,positive,1,81.07042529007,0.6580000000000001,0.6580000000000001,1,1,1,feature_rule,node_5200,M | universal_hydrocarbon | hydrocarbon_small_fragments | small_hc_C6H9,node_5200
PEN,Polyethylene Naphthalate,C11H8O,positive,1,156.05751487741,0.6579999999999999,0.488,9,1,9,recombination,node_20770,node_0069 + node_0147 | dehydrogenative_coupling | protonation,node_6852;node_9108;node_9526;node_14984;node_15028;node_15038;node_15162;node_17018;node_20770
PEN,Polyethylene Naphthalate,C11H8O,negative,-1,156.05751487741,0.6579999999999999,0.488,6,1,6,recombination,node_20775,node_0069 + node_0148 | h_transfer_recombination | deprotonation,node_6853;node_9109;node_14985;node_15029;node_20775;node_21007
PEN,Polyethylene Naphthalate,C12H10O,positive,1,170.07316494187,0.6579999999999999,0.488,10,1,10,recombination,node_19590,node_0065 + node_0147 | dehydrogenative_coupling | protonation,node_6436;node_8692;node_9734;node_14976;node_15020;node_15042;node_15166;node_17226;node_19590;node_25450
PEN,Polyethylene Naphthalate,C12H10O,negative,-1,170.07316494187,0.6579999999999999,0.488,8,1,8,recombination,node_19595,node_0065 + node_0148 | h_transfer_recombination | deprotonation,node_6437;node_8693;node_14977;node_15021;node_19595;node_19835;node_25455;node_25651
PEN,Polyethylene Naphthalate,C12H10O2,positive,1,186.06807956144002,0.6579999999999999,0.488,10,1,10,recombination,node_18414,node_0061 + node_0147 | dehydrogenative_coupling | protonation,node_6036;node_8292;node_14968;node_15012;node_18414;node_20586;node_20782;node_20914;node_21010;node_24506
PEN,Polyethylene Naphthalate,C12H10O2,negative,-1,186.06807956144002,0.6579999999999999,0.488,8,1,8,recombination,node_18419,node_0061 + node_0148 | h_transfer_recombination | deprotonation,node_6037;node_8293;node_14969;node_15013;node_18419;node_18651;node_24511;node_24707
PEN,Polyethylene Naphthalate,C12H12O,positive,1,172.08881500633,0.6579999999999999,0.488,4,1,4,recombination,node_19594,node_0065 + node_0148 | h_transfer_recombination | protonation,node_19594;node_19834;node_25454;node_25650
PEN,Polyethylene Naphthalate,C12H12O2,positive,1,188.0837296259,0.6579999999999999,0.488,4,1,4,recombination,node_18418,node_0061 + node_0148 | h_transfer_recombination | protonation,node_18418;node_18650;node_24510;node_24706
PEN,Polyethylene Naphthalate,C2H2O3,negative,-1,74.00039392317001,0.6579999999999999,0.488,6,1,6,recombination,node_20631,node_0069 + node_0112 | h_transfer_recombination | deprotonation,node_11253;node_11297;node_16237;node_16281;node_20631;node_20815
PEN,Polyethylene Naphthalate,C3H4O4,negative,-1,104.0109586072,0.6579999999999999,0.488,8,1,8,recombination,node_18283,node_0061 + node_0112 | h_transfer_recombination | deprotonation,node_11237;node_11281;node_16221;node_16265;node_18283;node_18459;node_24375;node_24551
PEN,Polyethylene Naphthalate,C3H6O,positive,1,58.04186481295,0.6579999999999999,0.488,18,1,18,recombination,node_20622,node_0069 + node_0110 | dehydrogenative_coupling | protonation,node_6780;node_6888;node_9036;node_9144;node_9454;node_9562;node_11044;node_11088;node_11098;node_11222;node_16946;node_17050;node_17280;node_17324;node_17334;node_17462;node_20622;node_20850
PEN,Polyethylene Naphthalate,C3H6O,negative,-1,58.04186481295,0.6579999999999999,0.488,12,1,12,recombination,node_20627,node_0069 + node_0111 | h_transfer_recombination | deprotonation,node_6781;node_6889;node_9037;node_9145;node_11045;node_11089;node_17281;node_17325;node_20627;node_20855;node_20935;node_21043
PEN,Polyethylene Naphthalate,C3H6O2,positive,1,74.03677943252,0.6579999999999999,0.488,38,1,38,recombination,node_19382,node_0065 + node_0095 | dehydrogenative_coupling | protonation,node_6336;node_6464;node_6756;node_6884;node_8592;node_8720;node_9012;node_9140;node_9368;node_9412;node_9430;node_9558;node_9584;node_9628;node_9638;node_9762;node_16856;node_16900;node_16922;node_17046;node_17072;node_17116;node_17126;node_17254;node_19276;node_19364;node_19382;node_19398;node_19630;node_19654;node_20528;node_20570;node_20842;node_25224;node_25242;node_25258;node_25490;node_25514
PEN,Polyethylene Naphthalate,C3H6O4,positive,1,106.02660867166,0.6579999999999999,0.488,4,1,4,recombination,node_18282,node_0061 + node_0112 | h_transfer_recombination | protonation,node_18282;node_18458;node_24374;node_24550
PEN,Polyethylene Naphthalate,C3H8O,positive,1,60.05751487741,0.6579999999999999,0.488,4,1,4,recombination,node_20626,node_0069 + node_0111 | h_transfer_recombination | protonation,node_20626;node_20854;node_20934;node_21042
PEN,Polyethylene Naphthalate,C4H10O,positive,1,74.07316494187,0.6579999999999999,0.488,7,1,7,recombination,node_19446,node_0065 + node_0111 | h_transfer_recombination | protonation,node_19446;node_19674;node_19762;node_19870;node_25306;node_25534;node_25578
PEN,Polyethylene Naphthalate,C4H4O4,negative,-1,116.0109586072,0.6579999999999999,0.488,16,1,16,recombination,node_21711,node_0073 + node_0099 | h_transfer_recombination | deprotonation,node_9801;node_9813;node_16033;node_16045;node_18319;node_18463;node_21695;node_21711;node_21943;node_21967;node_23303;node_23319;node_23551;node_23575;node_24411;node_24555
PEN,Polyethylene Naphthalate,C4H4O5,negative,-1,132.00587322677,0.6579999999999999,0.488,8,1,8,recombination,node_21763,node_0073 + node_0112 | h_transfer_recombination | deprotonation,node_11261;node_11273;node_16245;node_16257;node_21763;node_21947;node_23371;node_23555
PEN,Polyethylene Naphthalate,C4H6O3,positive,1,102.03169405209,0.6579999999999999,0.488,38,1,38,recombination,node_19494,node_0065 + node_0123 | dehydrogenative_coupling | protonation,node_6388;node_6456;node_6828;node_6876;node_8644;node_8712;node_9084;node_9132;node_9502;node_9550;node_9686;node_9754;node_12480;node_12524;node_12546;node_12670;node_13736;node_13780;node_13790;node_13914;node_16440;node_16484;node_16506;node_16630;node_16656;node_16700;node_16710;node_16834;node_16994;node_17042;node_17178;node_17246;node_19494;node_19638;node_20722;node_20826;node_25354;node_25498
PEN,Polyethylene Naphthalate,C4H6O3,negative,-1,102.03169405209,0.6579999999999999,0.488,32,1,32,recombination,node_19499,node_0065 + node_0124 | h_transfer_recombination | deprotonation,node_6389;node_6457;node_6829;node_6877;node_8645;node_8713;node_9085;node_9133;node_12481;node_12525;node_13737;node_13781;node_16441;node_16485;node_16657;node_16701;node_18223;node_18487;node_19499;node_19643;node_19787;node_19855;node_20727;node_20831;node_20983;node_21031;node_24315;node_24579;node_25359;node_25503;node_25603;node_25671
PEN,Polyethylene Naphthalate,C4H6O4,positive,1,118.02660867166,0.6579999999999999,0.488,32,1,32,recombination,node_18318,node_0061 + node_0123 | dehydrogenative_coupling | protonation,node_5988;node_6056;node_7168;node_7296;node_7792;node_7920;node_8244;node_8312;node_9384;node_9396;node_12472;node_12516;node_16432;node_16476;node_16872;node_16884;node_18318;node_18462;node_20472;node_20496;node_21676;node_21694;node_21710;node_21942;node_21966;node_23284;node_23302;node_23318;node_23550;node_23574;node_24410;node_24554
PEN,Polyethylene Naphthalate,C4H6O5,positive,1,134.02152329123,0.6579999999999999,0.488,4,1,4,recombination,node_21762,node_0073 + node_0112 | h_transfer_recombination | protonation,node_21762;node_21946;node_23370;node_23554
PEN,Polyethylene Naphthalate,C4H8O,positive,1,72.05751487741,0.6579999999999999,0.488,20,1,20,recombination,node_19442,node_0065 + node_0110 | dehydrogenative_coupling | protonation,node_6364;node_6472;node_8620;node_8728;node_9662;node_9770;node_11036;node_11080;node_11102;node_11226;node_17154;node_17258;node_17272;node_17316;node_17338;node_17466;node_19442;node_19670;node_25302;node_25530
PEN,Polyethylene Naphthalate,C4H8O,negative,-1,72.05751487741,0.6579999999999999,0.488,15,1,15,recombination,node_19447,node_0065 + node_0111 | h_transfer_recombination | deprotonation,node_6365;node_6473;node_8621;node_8729;node_11037;node_11081;node_17273;node_17317;node_19447;node_19675;node_19763;node_19871;node_25307;node_25535;node_25579
PEN,Polyethylene Naphthalate,C4H8O2,positive,1,88.05242949698,0.6579999999999999,0.488,27,1,27,recombination,node_18274,node_0061 + node_0110 | dehydrogenative_coupling | protonation,node_5968;node_6072;node_6340;node_6468;node_8224;node_8328;node_8596;node_8724;node_9576;node_9620;node_9766;node_11028;node_11072;node_17064;node_17108;node_17130;node_17264;node_17308;node_18274;node_18494;node_19348;node_19390;node_19662;node_24366;node_24586;node_25250;node_25522
PEN,Polyethylene Naphthalate,C4H8O3,positive,1,104.04734411655001,0.6579999999999999,0.488,28,1,28,recombination,node_18222,node_0061 + node_0097 | dehydrogenative_coupling | protonation,node_5944;node_6068;node_8200;node_8324;node_9568;node_9612;node_17056;node_17100;node_18108;node_18180;node_18222;node_18486;node_19332;node_19498;node_19642;node_19786;node_19854;node_20726;node_20830;node_20982;node_21030;node_24272;node_24314;node_24578;node_25358;node_25502;node_25602;node_25670
PEN,Polyethylene Naphthalate,C5H10O3,positive,1,118.06299418101,0.6579999999999999,0.488,16,1,16,recombination,node_19546,node_0065 + node_0136 | h_transfer_recombination | protonation,node_19546;node_19650;node_19810;node_19858;node_21758;node_21986;node_22058;node_22166;node_23366;node_23594;node_23654;node_23762;node_25406;node_25510;node_25626;node_25674
PEN,Polyethylene Naphthalate,C5H6O5,positive,1,146.02152329123,0.6579999999999999,0.488,12,1,12,recombination,node_21806,node_0073 + node_0123 | dehydrogenative_coupling | protonation,node_7220;node_7288;node_7844;node_7912;node_12496;node_12508;node_16456;node_16468;node_21806;node_21950;node_23414;node_23558
PEN,Polyethylene Naphthalate,C5H6O5,negative,-1,146.02152329123,0.6579999999999999,0.488,16,1,16,recombination,node_21811,node_0073 + node_0124 | h_transfer_recombination | deprotonation,node_7221;node_7289;node_7845;node_7913;node_12497;node_12509;node_16457;node_16469;node_21811;node_21955;node_22083;node_22151;node_23419;node_23563;node_23679;node_23747
PEN,Polyethylene Naphthalate,C5H8O3,positive,1,116.04734411655001,0.6579999999999999,0.488,32,1,32,recombination,node_19542,node_0065 + node_0135 | dehydrogenative_coupling | protonation,node_6412;node_6460;node_7196;node_7304;node_7820;node_7928;node_8668;node_8716;node_9710;node_9758;node_11052;node_11064;node_13728;node_13772;node_13794;node_13918;node_16648;node_16692;node_16714;node_16838;node_17202;node_17250;node_17288;node_17300;node_19542;node_19646;node_21754;node_21982;node_23362;node_23590;node_25402;node_25506
PEN,Polyethylene Naphthalate,C5H8O3,negative,-1,116.04734411655001,0.6579999999999999,0.488,32,1,32,recombination,node_19547,node_0065 + node_0136 | h_transfer_recombination | deprotonation,node_6413;node_6461;node_7197;node_7305;node_7821;node_7929;node_8669;node_8717;node_11053;node_11065;node_13729;node_13773;node_16649;node_16693;node_17289;node_17301;node_19547;node_19651;node_19811;node_19859;node_21759;node_21987;node_22059;node_22167;node_23367;node_23595;node_23655;node_23763;node_25407;node_25511;node_25627;node_25675
PEN,Polyethylene Naphthalate,C5H8O4,positive,1,132.04225873612,0.6579999999999999,0.488,28,1,28,recombination,node_18366,node_0061 + node_0135 | dehydrogenative_coupling | protonation,node_6012;node_6060;node_7172;node_7300;node_7796;node_7924;node_8268;node_8316;node_9592;node_9604;node_13720;node_13764;node_16640;node_16684;node_17080;node_17092;node_18366;node_18470;node_19292;node_19316;node_21660;node_21702;node_21974;node_23268;node_23310;node_23582;node_24458;node_24562
PEN,Polyethylene Naphthalate,C5H8O5,positive,1,148.03717335569,0.6579999999999999,0.488,12,1,12,recombination,node_21810,node_0073 + node_0124 | h_transfer_recombination | protonation,node_18140;node_18164;node_21644;node_21810;node_21954;node_22082;node_22150;node_23252;node_23418;node_23562;node_23678;node_23746
PEN,Polyethylene Naphthalate,C6H10O5,positive,1,162.05282342015,0.6579999999999999,0.488,8,1,8,recombination,node_21858,node_0073 + node_0136 | h_transfer_recombination | protonation,node_21858;node_21962;node_22106;node_22154;node_23466;node_23570;node_23702;node_23750
PEN,Polyethylene Naphthalate,C6H8O5,positive,1,160.03717335569,0.6579999999999999,0.488,12,1,12,recombination,node_21854,node_0073 + node_0135 | dehydrogenative_coupling | protonation,node_7244;node_7292;node_7868;node_7916;node_13744;node_13756;node_16664;node_16676;node_21854;node_21958;node_23462;node_23566
PEN,Polyethylene Naphthalate,C6H8O5,negative,-1,160.03717335569,0.6579999999999999,0.488,16,1,16,recombination,node_21859,node_0073 + node_0136 | h_transfer_recombination | deprotonation,node_7245;node_7293;node_7869;node_7917;node_13745;node_13757;node_16665;node_16677;node_21859;node_21963;node_22107;node_22155;node_23467;node_23571;node_23703;node_23751
PEN,Polyethylene Naphthalate,C14H13O4,positive,1,245.08138389727,0.6559999999999999,0.48599999999999993,44,1,44,recombination,node_20482,node_0069 + node_0075 | dehydrogenative_coupling | protonation,node_5994;node_6050;node_6712;node_6716;node_7328;node_7368;node_7378;node_7506;node_7536;node_7576;node_7586;node_7714;node_8250;node_8306;node_8972;node_8976;node_9390;node_9394;node_12682;node_12726;node_15594;node_15638;node_16878;node_16882;node_18328;node_18440;node_18604;node_18660;node_20482;node_20490;node_22226;node_22244;node_22516;node_22572;node_22700;node_22762;node_22780;node_23052;node_23104;node_23232;node_24420;node_24532;node_24660;node_24716
PEN,Polyethylene Naphthalate,C14H13O4,negative,-1,245.08138389727,0.6559999999999999,0.48599999999999993,32,1,32,recombination,node_20487,node_0069 + node_0076 | h_transfer_recombination | deprotonation,node_6713;node_6717;node_7329;node_7369;node_7537;node_7577;node_8973;node_8977;node_18329;node_18441;node_18605;node_18661;node_20487;node_20495;node_20867;node_20871;node_22231;node_22245;node_22517;node_22567;node_22573;node_22701;node_22767;node_22781;node_23053;node_23099;node_23105;node_23233;node_24421;node_24533;node_24661;node_24717
PEN,Polyethylene Naphthalate,C14H15O4,positive,1,247.09703396173,0.6559999999999999,0.48599999999999993,8,1,8,recombination,node_20486,node_0069 + node_0076 | h_transfer_recombination | protonation,node_20486;node_20494;node_20866;node_20870;node_22230;node_22566;node_22766;node_23098
PEN,Polyethylene Naphthalate,C15H13O6,positive,1,289.07121313641,0.6559999999999999,0.48599999999999993,44,1,44,recombination,node_18706,node_0063 + node_0069 | dehydrogenative_coupling | protonation,node_5982;node_6002;node_6088;node_6124;node_6134;node_6258;node_6692;node_6732;node_8238;node_8258;node_8344;node_8380;node_8390;node_8514;node_8948;node_8992;node_9366;node_9410;node_12058;node_12102;node_13098;node_13142;node_16854;node_16898;node_18304;node_18344;node_18592;node_18612;node_18706;node_18778;node_18796;node_19060;node_19132;node_19256;node_20522;node_24396;node_24436;node_24648;node_24668;node_24762;node_24780;node_25044;node_25080;node_25204
PEN,Polyethylene Naphthalate,C15H13O6,negative,-1,289.07121313641,0.6559999999999999,0.48599999999999993,32,1,32,recombination,node_18711,node_0063 + node_0070 | h_transfer_recombination | deprotonation,node_6089;node_6125;node_6693;node_6733;node_8345;node_8381;node_8949;node_8993;node_18305;node_18345;node_18593;node_18613;node_18711;node_18783;node_18797;node_19061;node_19091;node_19127;node_19133;node_19257;node_20527;node_20887;node_24397;node_24437;node_24649;node_24669;node_24767;node_24781;node_25045;node_25075;node_25081;node_25205
PEN,Polyethylene Naphthalate,C15H15O4,positive,1,259.09703396173,0.6559999999999999,0.48599999999999993,44,1,44,recombination,node_19302,node_0065 + node_0075 | dehydrogenative_coupling | protonation,node_6018;node_6054;node_6296;node_6300;node_7320;node_7360;node_7382;node_7510;node_7528;node_7568;node_7590;node_7718;node_8274;node_8310;node_8556;node_8560;node_9598;node_9602;node_13930;node_13974;node_15802;node_15846;node_17086;node_17090;node_18376;node_18448;node_18628;node_18664;node_19302;node_19310;node_22210;node_22252;node_22524;node_22576;node_22704;node_22746;node_22788;node_23060;node_23108;node_23236;node_24468;node_24540;node_24684;node_24720
PEN,Polyethylene Naphthalate,C15H15O4,negative,-1,259.09703396173,0.6559999999999999,0.48599999999999993,32,1,32,recombination,node_19307,node_0065 + node_0076 | h_transfer_recombination | deprotonation,node_6297;node_6301;node_7321;node_7361;node_7529;node_7569;node_8557;node_8561;node_18377;node_18449;node_18629;node_18665;node_19307;node_19315;node_19695;node_19699;node_22215;node_22253;node_22525;node_22559;node_22577;node_22705;node_22751;node_22789;node_23061;node_23091;node_23109;node_23237;node_24469;node_24541;node_24685;node_24721
PEN,Polyethylene Naphthalate,C15H15O5,positive,1,275.0919485813,0.6559999999999999,0.48599999999999993,20,1,20,recombination,node_17506,node_0059 + node_0070 | h_transfer_recombination | protonation,node_5908;node_5912;node_7312;node_7352;node_7520;node_7560;node_8164;node_8168;node_17506;node_17594;node_17918;node_17962;node_18150;node_18158;node_20510;node_20878;node_22194;node_22730;node_23802;node_24126
PEN,Polyethylene Naphthalate,C15H15O5,negative,-1,275.0919485813,0.6559999999999999,0.48599999999999993,16,1,16,recombination,node_18155,node_0061 + node_0076 | h_transfer_recombination | deprotonation,node_5909;node_5913;node_7313;node_7353;node_7521;node_7561;node_8165;node_8169;node_18155;node_18163;node_18523;node_18527;node_22199;node_22551;node_22735;node_23083
PEN,Polyethylene Naphthalate,C15H15O6,positive,1,291.08686320087,0.6559999999999999,0.48599999999999993,8,1,8,recombination,node_18710,node_0063 + node_0070 | h_transfer_recombination | protonation,node_18710;node_18782;node_19090;node_19126;node_20526;node_20886;node_24766;node_25074
PEN,Polyethylene Naphthalate,C15H17O4,positive,1,261.11268402619,0.6559999999999999,0.48599999999999993,8,1,8,recombination,node_19306,node_0065 + node_0076 | h_transfer_recombination | protonation,node_19306;node_19314;node_19694;node_19698;node_22214;node_22558;node_22750;node_23090
PEN,Polyethylene Naphthalate,C15H17O5,positive,1,277.10759864576,0.6559999999999999,0.48599999999999993,8,1,8,recombination,node_18154,node_0061 + node_0076 | h_transfer_recombination | protonation,node_18154;node_18162;node_18522;node_18526;node_22198;node_22550;node_22734;node_23082
PEN,Polyethylene Naphthalate,C16H15O6,positive,1,303.08686320087,0.6559999999999999,0.48599999999999993,99,1,99,recombination,node_17470,node_0059 + node_0061 | dehydrogenative_coupling | protonation,node_5676;node_5720;node_5884;node_5920;node_5986;node_6006;node_6026;node_6080;node_6116;node_6138;node_6262;node_6276;node_6316;node_6492;node_6536;node_6546;node_6674;node_6700;node_6740;node_7128;node_7132;node_7336;node_7344;node_7544;node_7552;node_7756;node_7760;node_7936;node_7976;node_8140;node_8176;node_8242;node_8262;node_8282;node_8336;node_8372;node_8394;node_8518;node_8532;node_8576;node_8752;node_8792;node_8802;node_8930;node_8956;node_9000;node_9374;node_9418;node_9574;node_9618;node_12266;node_12310;node_13306;node_13350;node_14346;node_14390;node_16862;node_16906;node_17062;node_17106;node_17470;node_17558;node_18174;node_18312;node_18352;node_18392;node_18596;node_18616;node_18636;node_18690;node_18762;node_18804;node_19068;node_19136;node_19260;node_19342;node_19874;node_19962;node_19980;node_20252;node_20324;node_20452;node_20538;node_21614;node_21622;node_22178;node_22714;node_23766;node_24404;node_24444;node_24484;node_24652;node_24672;node_24692;node_24746;node_24788;node_25052;node_25084;node_25208
PEN,Polyethylene Naphthalate,C16H17O5,positive,1,289.10759864576,0.6559999999999999,0.48599999999999993,8,1,8,recombination,node_17490,node_0059 + node_0066 | h_transfer_recombination | protonation,node_17490;node_17578;node_17910;node_17954;node_19330;node_19706;node_23786;node_24118
PEN,Polyethylene Naphthalate,C17H15O7,positive,1,331.08177782044,0.6559999999999999,0.48599999999999993,70,1,70,recombination,node_17518,node_0059 + node_0073 | dehydrogenative_coupling | protonation,node_5700;node_5712;node_6206;node_6254;node_6598;node_6666;node_7100;node_7140;node_7218;node_7238;node_7258;node_7724;node_7764;node_7842;node_7862;node_7882;node_7960;node_7972;node_8462;node_8510;node_8854;node_8922;node_11258;node_11302;node_12290;node_12302;node_12486;node_12530;node_13330;node_13342;node_13726;node_13770;node_14370;node_14382;node_16242;node_16286;node_16446;node_16490;node_16646;node_16690;node_17518;node_17542;node_18948;node_19052;node_19204;node_19252;node_20092;node_20236;node_20376;node_20444;node_21200;node_21384;node_21638;node_21800;node_21840;node_21880;node_22076;node_22096;node_22116;node_23246;node_23408;node_23448;node_23488;node_23672;node_23692;node_23712;node_24932;node_25036;node_25152;node_25200
PEN,Polyethylene Naphthalate,C17H15O7,negative,-1,331.08177782044,0.6559999999999999,0.48599999999999993,46,1,46,recombination,node_17523,node_0059 + node_0074 | h_transfer_recombination | deprotonation,node_5701;node_5713;node_7101;node_7141;node_7725;node_7765;node_7961;node_7973;node_17523;node_17547;node_17927;node_17939;node_18119;node_18191;node_18949;node_19053;node_19205;node_19253;node_19931;node_20093;node_20237;node_20377;node_20445;node_21201;node_21385;node_21643;node_21801;node_21841;node_21881;node_22003;node_22077;node_22097;node_22117;node_23251;node_23409;node_23449;node_23489;node_23599;node_23673;node_23693;node_23713;node_24283;node_24933;node_25037;node_25153;node_25201
PEN,Polyethylene Naphthalate,C17H15O8,positive,1,347.07669244001,0.6559999999999999,0.48599999999999993,12,1,12,recombination,node_18722,node_0063 + node_0073 | dehydrogenative_coupling | protonation,node_6096;node_6108;node_7108;node_7148;node_7732;node_7772;node_8352;node_8364;node_18722;node_18746;node_21654;node_23262
PEN,Polyethylene Naphthalate,C17H15O8,negative,-1,347.07669244001,0.6559999999999999,0.48599999999999993,16,1,16,recombination,node_18727,node_0063 + node_0074 | h_transfer_recombination | deprotonation,node_6097;node_6109;node_7109;node_7149;node_7733;node_7773;node_8353;node_8365;node_18727;node_18751;node_19099;node_19111;node_21659;node_22011;node_23267;node_23607
PEN,Polyethylene Naphthalate,C17H17O6,positive,1,317.10251326533,0.6559999999999999,0.48599999999999993,63,1,63,recombination,node_19270,node_0065 + node_0067 | dehydrogenative_coupling | protonation,node_6010;node_6030;node_6280;node_6324;node_6488;node_6528;node_6550;node_6678;node_6704;node_6748;node_6912;node_6952;node_6962;node_7090;node_8266;node_8286;node_8540;node_8580;node_8744;node_8788;node_8806;node_8934;node_8964;node_9004;node_9168;node_9212;node_9218;node_9346;node_9382;node_9426;node_9582;node_9626;node_13514;node_13558;node_14554;node_14598;node_16870;node_16914;node_17070;node_17114;node_18360;node_18400;node_18620;node_18640;node_19270;node_19358;node_19946;node_19988;node_20260;node_20328;node_20456;node_20466;node_20554;node_21118;node_21136;node_21408;node_21472;node_21600;node_24452;node_24492;node_24676;node_24696;node_25218
PEN,Polyethylene Naphthalate,C17H17O6,negative,-1,317.10251326533,0.6559999999999999,0.48599999999999993,46,1,46,recombination,node_19275,node_0065 + node_0068 | h_transfer_recombination | deprotonation,node_6281;node_6325;node_6489;node_6529;node_6705;node_6749;node_6913;node_6953;node_8541;node_8581;node_8745;node_8789;node_8965;node_9005;node_9169;node_9213;node_18361;node_18401;node_18621;node_18641;node_19275;node_19363;node_19679;node_19723;node_19951;node_19989;node_20261;node_20311;node_20329;node_20457;node_20471;node_20559;node_20859;node_20903;node_21123;node_21137;node_21409;node_21467;node_21473;node_21601;node_24453;node_24493;node_24677;node_24697;node_25223;node_25539
PEN,Polyethylene Naphthalate,C17H17O7,positive,1,333.0974278849,0.6559999999999999,0.48599999999999993,20,1,20,recombination,node_17522,node_0059 + node_0074 | h_transfer_recombination | protonation,node_5892;node_5928;node_6480;node_6520;node_8148;node_8184;node_8736;node_8780;node_17522;node_17546;node_17926;node_17938;node_18118;node_18190;node_19930;node_21642;node_22002;node_23250;node_23598;node_24282
PEN,Polyethylene Naphthalate,C17H17O7,negative,-1,333.0974278849,0.6559999999999999,0.48599999999999993,16,1,16,recombination,node_18123,node_0061 + node_0068 | h_transfer_recombination | deprotonation,node_5893;node_5929;node_6481;node_6521;node_8149;node_8185;node_8737;node_8781;node_18123;node_18195;node_18507;node_18543;node_19935;node_20303;node_24287;node_24599
PEN,Polyethylene Naphthalate,C17H17O8,positive,1,349.09234250447,0.6559999999999999,0.48599999999999993,8,1,8,recombination,node_18726,node_0063 + node_0074 | h_transfer_recombination | protonation,node_18726;node_18750;node_19098;node_19110;node_21658;node_22010;node_23266;node_23606
PEN,Polyethylene Naphthalate,C17H19O6,positive,1,319.11816332979004,0.6559999999999999,0.48599999999999993,14,1,14,recombination,node_19274,node_0065 + node_0068 | h_transfer_recombination | protonation,node_19274;node_19362;node_19678;node_19722;node_19950;node_20310;node_20470;node_20558;node_20858;node_20902;node_21122;node_21466;node_25222;node_25538
PEN,Polyethylene Naphthalate,C17H19O7,positive,1,335.11307794936,0.6559999999999999,0.48599999999999993,8,1,8,recombination,node_18122,node_0061 + node_0068 | h_transfer_recombination | protonation,node_18122;node_18194;node_18506;node_18542;node_19934;node_20302;node_24286;node_24598
PEN,Polyethylene Naphthalate,C18H17O8,positive,1,361.09234250447,0.6559999999999999,0.48599999999999993,12,1,12,recombination,node_19890,node_0067 + node_0073 | dehydrogenative_coupling | protonation,node_6500;node_6512;node_7116;node_7156;node_7740;node_7780;node_8760;node_8772;node_19890;node_19914;node_21670;node_23278
PEN,Polyethylene Naphthalate,C18H17O8,negative,-1,361.09234250447,0.6559999999999999,0.48599999999999993,16,1,16,recombination,node_19895,node_0067 + node_0074 | h_transfer_recombination | deprotonation,node_6501;node_6513;node_7117;node_7157;node_7741;node_7781;node_8761;node_8773;node_19895;node_19919;node_20283;node_20295;node_21675;node_22019;node_23283;node_23615
PEN,Polyethylene Naphthalate,C18H19O6,positive,1,331.11816332979004,0.6559999999999999,0.48599999999999993,32,1,32,recombination,node_19286,node_0065 + node_0071 | dehydrogenative_coupling | protonation,node_6034;node_6288;node_6332;node_6904;node_6944;node_6966;node_7094;node_8290;node_8548;node_8588;node_9160;node_9204;node_9222;node_9350;node_9590;node_9634;node_14762;node_14806;node_17078;node_17122;node_18408;node_18644;node_19286;node_19374;node_21102;node_21144;node_21416;node_21476;node_21604;node_24500;node_24700;node_25234
PEN,Polyethylene Naphthalate,C18H19O6,negative,-1,331.11816332979004,0.6559999999999999,0.48599999999999993,24,1,24,recombination,node_19291,node_0065 + node_0072 | h_transfer_recombination | deprotonation,node_6289;node_6333;node_6905;node_6945;node_8549;node_8589;node_9161;node_9205;node_18409;node_18645;node_19291;node_19379;node_19687;node_19731;node_21107;node_21145;node_21417;node_21459;node_21477;node_21605;node_24501;node_24701;node_25239;node_25547
PEN,Polyethylene Naphthalate,C18H19O7,positive,1,347.11307794936,0.6559999999999999,0.48599999999999993,12,1,12,recombination,node_18134,node_0061 + node_0071 | dehydrogenative_coupling | protonation,node_5900;node_5936;node_6896;node_6936;node_8156;node_8192;node_9152;node_9196;node_18134;node_18206;node_21086;node_24298
PEN,Polyethylene Naphthalate,C18H19O7,negative,-1,347.11307794936,0.6559999999999999,0.48599999999999993,16,1,16,recombination,node_18139,node_0061 + node_0072 | h_transfer_recombination | deprotonation,node_5901;node_5937;node_6897;node_6937;node_8157;node_8193;node_9153;node_9197;node_18139;node_18211;node_18515;node_18551;node_21091;node_21451;node_24303;node_24607
PEN,Polyethylene Naphthalate,C18H19O8,positive,1,363.10799256893,0.6559999999999999,0.48599999999999993,8,1,8,recombination,node_19894,node_0067 + node_0074 | h_transfer_recombination | protonation,node_19894;node_19918;node_20282;node_20294;node_21674;node_22018;node_23282;node_23614
PEN,Polyethylene Naphthalate,C18H21O6,positive,1,333.13381339425,0.6559999999999999,0.48599999999999993,8,1,8,recombination,node_19290,node_0065 + node_0072 | h_transfer_recombination | protonation,node_19290;node_19378;node_19686;node_19730;node_21106;node_21458;node_25238;node_25546
PEN,Polyethylene Naphthalate,C18H21O7,positive,1,349.12872801382,0.6559999999999999,0.48599999999999993,8,1,8,recombination,node_18138,node_0061 + node_0072 | h_transfer_recombination | protonation,node_18138;node_18210;node_18514;node_18550;node_21090;node_21450;node_24302;node_24606
PEN,Polyethylene Naphthalate,C19H19O8,positive,1,375.10799256893,0.6559999999999999,0.48599999999999993,12,1,12,recombination,node_21046,node_0071 + node_0073 | dehydrogenative_coupling | protonation,node_6916;node_6928;node_7124;node_7164;node_7748;node_7788;node_9176;node_9188;node_21046;node_21070;node_21686;node_23294
PEN,Polyethylene Naphthalate,C19H19O8,negative,-1,375.10799256893,0.6559999999999999,0.48599999999999993,16,1,16,recombination,node_21051,node_0071 + node_0074 | h_transfer_recombination | deprotonation,node_6917;node_6929;node_7125;node_7165;node_7749;node_7789;node_9177;node_9189;node_21051;node_21075;node_21431;node_21443;node_21691;node_22027;node_23299;node_23623
PEN,Polyethylene Naphthalate,C19H21O8,positive,1,377.12364263339,0.6559999999999999,0.48599999999999993,8,1,8,recombination,node_21050,node_0071 + node_0074 | h_transfer_recombination | protonation,node_21050;node_21074;node_21430;node_21442;node_21690;node_22026;node_23298;node_23622
PEN,Polyethylene Naphthalate,C26H21O6,negative,-1,429.13381339425,0.6559999999999999,0.48599999999999993,4,1,4,recombination,node_22175,node_0075 + node_0078 | h_transfer_recombination | deprotonation,node_7341;node_7549;node_22175;node_22539
PEN,Polyethylene Naphthalate,C27H21O7,positive,1,457.12872801382,0.6559999999999999,0.48599999999999993,76,1,76,recombination,node_17526,node_0059 + node_0075 | dehydrogenative_coupling | protonation,node_5704;node_5708;node_6210;node_6246;node_6602;node_6658;node_6994;node_7070;node_7308;node_7348;node_7426;node_7446;node_7466;node_7516;node_7556;node_7634;node_7654;node_7674;node_7964;node_7968;node_8466;node_8502;node_8858;node_8914;node_9250;node_9326;node_11470;node_11514;node_12294;node_12298;node_12694;node_12738;node_13334;node_13338;node_13934;node_13978;node_14374;node_14378;node_15406;node_15450;node_15606;node_15650;node_15806;node_15850;node_17526;node_17534;node_18956;node_19028;node_19208;node_19244;node_20100;node_20212;node_20380;node_20436;node_21208;node_21360;node_21504;node_21580;node_22186;node_22348;node_22388;node_22428;node_22620;node_22640;node_22660;node_22722;node_22884;node_22924;node_22964;node_23152;node_23172;node_23192;node_24940;node_25012;node_25156;node_25192
PEN,Polyethylene Naphthalate,C27H21O7,negative,-1,457.12872801382,0.6559999999999999,0.48599999999999993,44,1,44,recombination,node_17531,node_0059 + node_0076 | h_transfer_recombination | deprotonation,node_5705;node_5709;node_7309;node_7349;node_7517;node_7557;node_7965;node_7969;node_17531;node_17539;node_17931;node_17935;node_18957;node_19029;node_19209;node_19245;node_20101;node_20213;node_20381;node_20437;node_21209;node_21361;node_21505;node_21581;node_22191;node_22349;node_22389;node_22429;node_22547;node_22621;node_22641;node_22661;node_22727;node_22885;node_22925;node_22965;node_23079;node_23153;node_23173;node_23193;node_24941;node_25013;node_25157;node_25193
PEN,Polyethylene Naphthalate,C27H21O8,positive,1,473.12364263339,0.6559999999999999,0.48599999999999993,12,1,12,recombination,node_18730,node_0063 + node_0075 | dehydrogenative_coupling | protonation,node_6100;node_6104;node_7316;node_7356;node_7524;node_7564;node_8356;node_8360;node_18730;node_18738;node_22202;node_22738
PEN,Polyethylene Naphthalate,C27H21O8,negative,-1,473.12364263339,0.6559999999999999,0.48599999999999993,16,1,16,recombination,node_18735,node_0063 + node_0076 | h_transfer_recombination | deprotonation,node_6101;node_6105;node_7317;node_7357;node_7525;node_7565;node_8357;node_8361;node_18735;node_18743;node_19103;node_19107;node_22207;node_22555;node_22743;node_23087
PEN,Polyethylene Naphthalate,C27H23O7,positive,1,459.14437807828,0.6559999999999999,0.48599999999999993,8,1,8,recombination,node_17530,node_0059 + node_0076 | h_transfer_recombination | protonation,node_17530;node_17538;node_17930;node_17934;node_22190;node_22546;node_22726;node_23078
PEN,Polyethylene Naphthalate,C27H23O8,positive,1,475.13929269785,0.6559999999999999,0.48599999999999993,8,1,8,recombination,node_18734,node_0063 + node_0076 | h_transfer_recombination | protonation,node_18734;node_18742;node_19102;node_19106;node_22206;node_22554;node_22742;node_23086
PEN,Polyethylene Naphthalate,C28H21O8,positive,1,485.12364263339,0.6559999999999999,0.48599999999999993,67,1,67,recombination,node_17550,node_0059 + node_0081 | dehydrogenative_coupling | protonation,node_5716;node_5794;node_5814;node_5834;node_6158;node_6214;node_6566;node_6606;node_6978;node_6998;node_7932;node_8050;node_8070;node_8090;node_8414;node_8470;node_8822;node_8862;node_9234;node_9254;node_10426;node_10470;node_10626;node_10670;node_10826;node_10870;node_11678;node_11722;node_12262;node_12306;node_12902;node_12946;node_13302;node_13346;node_14142;node_14186;node_14342;node_14386;node_17550;node_17712;node_17752;node_17792;node_18016;node_18036;node_18056;node_18848;node_18964;node_19156;node_19212;node_20024;node_20108;node_20344;node_20384;node_21172;node_21216;node_21488;node_21508;node_23920;node_23960;node_24000;node_24180;node_24200;node_24220;node_24832;node_24948;node_25104;node_25160
PEN,Polyethylene Naphthalate,C28H21O8,negative,-1,485.12364263339,0.6559999999999999,0.48599999999999993,36,1,36,recombination,node_17555,node_0059 + node_0082 | h_transfer_recombination | deprotonation,node_5717;node_7933;node_17555;node_17713;node_17753;node_17793;node_17943;node_18017;node_18037;node_18057;node_18849;node_18965;node_19157;node_19213;node_19899;node_19907;node_20025;node_20109;node_20345;node_20385;node_21173;node_21217;node_21489;node_21509;node_22219;node_22755;node_23921;node_23961;node_24001;node_24181;node_24201;node_24221;node_24833;node_24949;node_25105;node_25161
PEN,Polyethylene Naphthalate,C28H23O8,positive,1,487.13929269785,0.6559999999999999,0.48599999999999993,14,1,14,recombination,node_17554,node_0059 + node_0082 | h_transfer_recombination | protonation,node_6504;node_6508;node_7324;node_7364;node_7532;node_7572;node_8764;node_8768;node_17554;node_17942;node_19898;node_19906;node_22218;node_22754
PEN,Polyethylene Naphthalate,C28H23O8,negative,-1,487.13929269785,0.6559999999999999,0.48599999999999993,16,1,16,recombination,node_19903,node_0067 + node_0076 | h_transfer_recombination | deprotonation,node_6505;node_6509;node_7325;node_7365;node_7533;node_7573;node_8765;node_8769;node_19903;node_19911;node_20287;node_20291;node_22223;node_22563;node_22759;node_23095
PEN,Polyethylene Naphthalate,C28H25O8,positive,1,489.15494276231,0.6559999999999999,0.48599999999999993,8,1,8,recombination,node_19902,node_0067 + node_0076 | h_transfer_recombination | protonation,node_19902;node_19910;node_20286;node_20290;node_22222;node_22562;node_22758;node_23094
PEN,Polyethylene Naphthalate,C6H8O6,negative,-1,176.03208797526,0.6559999999999999,0.506,3,1,3,recombination,node_7139,node_0009 + node_0079 | single_dehydrogenative_recombination | deprotonation,node_7139;node_7755;node_21629
PEN,Polyethylene Naphthalate,C28H21O9,positive,1,501.11855725296,0.6557762885494078,0.4857762885494079,54,1,54,recombination,node_17478,node_0059 + node_0063 | dehydrogenative_coupling | protonation,node_5680;node_5724;node_6076;node_6112;node_6178;node_6198;node_6218;node_6590;node_6610;node_7002;node_7940;node_7980;node_8332;node_8368;node_8434;node_8454;node_8474;node_8846;node_8866;node_9258;node_11878;node_11914;node_12070;node_12114;node_12270;node_12314;node_13110;node_13154;node_13310;node_13354;node_14350;node_14394;node_17478;node_17566;node_18754;node_18892;node_18932;node_18972;node_19176;node_19196;node_19216;node_20076;node_20116;node_20368;node_20388;node_21224;node_21512;node_23774;node_24876;node_24916;node_24956;node_25124;node_25144;node_25164
PEN,Polyethylene Naphthalate,C28H21O9,negative,-1,501.11855725296,0.6557762885494078,0.4857762885494079,34,1,34,recombination,node_17483,node_0059 + node_0064 | h_transfer_recombination | deprotonation,node_5681;node_5725;node_6077;node_6113;node_7941;node_7981;node_8333;node_8369;node_17483;node_17571;node_17907;node_17951;node_18759;node_18893;node_18933;node_18973;node_19115;node_19177;node_19197;node_19217;node_20077;node_20117;node_20369;node_20389;node_21225;node_21513;node_23779;node_24115;node_24877;node_24917;node_24957;node_25125;node_25145;node_25165
PEN,Polyethylene Naphthalate,C29H25O8,positive,1,501.15494276231,0.6557690114475379,0.4857690114475379,12,1,12,recombination,node_21054,node_0071 + node_0075 | dehydrogenative_coupling | protonation,node_6920;node_6924;node_7332;node_7372;node_7540;node_7580;node_9180;node_9184;node_21054;node_21062;node_22234;node_22770
PEN,Polyethylene Naphthalate,C29H25O8,negative,-1,501.15494276231,0.6557690114475379,0.4857690114475379,16,1,16,recombination,node_21059,node_0071 + node_0076 | h_transfer_recombination | deprotonation,node_6921;node_6925;node_7333;node_7373;node_7541;node_7581;node_9181;node_9185;node_21059;node_21067;node_21435;node_21439;node_22239;node_22571;node_22775;node_23103
PEN,Polyethylene Naphthalate,C28H23O9,positive,1,503.13420731742,0.6553731585365159,0.4853731585365159,8,1,8,recombination,node_17482,node_0059 + node_0064 | h_transfer_recombination | protonation,node_17482;node_17570;node_17906;node_17950;node_18758;node_19114;node_23778;node_24114
PEN,Polyethylene Naphthalate,C29H27O8,positive,1,503.17059282677,0.6553658814346459,0.48536588143464593,8,1,8,recombination,node_21058,node_0071 + node_0076 | h_transfer_recombination | protonation,node_21058;node_21066;node_21434;node_21438;node_22238;node_22570;node_22774;node_23102
PEN,Polyethylene Naphthalate,C29H23O9,positive,1,515.13420731742,0.6529731585365159,0.48297315853651596,58,1,58,recombination,node_17494,node_0059 + node_0067 | dehydrogenative_coupling | protonation,node_5688;node_5732;node_6202;node_6222;node_6476;node_6516;node_6594;node_6614;node_6634;node_7006;node_7026;node_7948;node_7988;node_8458;node_8478;node_8732;node_8776;node_8850;node_8870;node_8890;node_9262;node_9282;node_12078;node_12122;node_12278;node_12322;node_13118;node_13162;node_13318;node_13362;node_13518;node_13562;node_14358;node_14402;node_14558;node_14602;node_17494;node_17582;node_18940;node_18980;node_19200;node_19220;node_19922;node_20084;node_20124;node_20164;node_20372;node_20392;node_20412;node_21232;node_21272;node_21516;node_21536;node_23790;node_24924;node_24964;node_25148;node_25168
PEN,Polyethylene Naphthalate,C29H23O9,negative,-1,515.13420731742,0.6529731585365159,0.48297315853651596,34,1,34,recombination,node_17499,node_0059 + node_0068 | h_transfer_recombination | deprotonation,node_5689;node_5733;node_6477;node_6517;node_7949;node_7989;node_8733;node_8777;node_17499;node_17587;node_17915;node_17959;node_18941;node_18981;node_19201;node_19221;node_19927;node_20085;node_20125;node_20165;node_20299;node_20373;node_20393;node_20413;node_21233;node_21273;node_21517;node_21537;node_23795;node_24123;node_24925;node_24965;node_25149;node_25169
PEN,Polyethylene Naphthalate,C29H25O9,positive,1,517.14985738188,0.652570028523624,0.4825700285236239,8,1,8,recombination,node_17498,node_0059 + node_0068 | h_transfer_recombination | protonation,node_17498;node_17586;node_17914;node_17958;node_19926;node_20298;node_23794;node_24122
PEN,Polyethylene Naphthalate,C30H25O9,positive,1,529.14985738188,0.650170028523624,0.48017002852362395,50,1,50,recombination,node_17510,node_0059 + node_0071 | dehydrogenative_coupling | protonation,node_5696;node_5740;node_6226;node_6618;node_6638;node_6892;node_6932;node_7010;node_7030;node_7050;node_7956;node_7996;node_8482;node_8874;node_8894;node_9148;node_9192;node_9266;node_9286;node_9306;node_12286;node_12330;node_13326;node_13370;node_13526;node_13570;node_14366;node_14410;node_14566;node_14610;node_14766;node_14810;node_17510;node_17598;node_18988;node_19224;node_20132;node_20172;node_20396;node_20416;node_21078;node_21240;node_21280;node_21320;node_21520;node_21540;node_21560;node_23806;node_24972;node_25172
PEN,Polyethylene Naphthalate,C30H25O9,negative,-1,529.14985738188,0.650170028523624,0.48017002852362395,30,1,30,recombination,node_17515,node_0059 + node_0072 | h_transfer_recombination | deprotonation,node_5697;node_5741;node_6893;node_6933;node_7957;node_7997;node_9149;node_9193;node_17515;node_17603;node_17923;node_17967;node_18989;node_19225;node_20133;node_20173;node_20397;node_20417;node_21083;node_21241;node_21281;node_21321;node_21447;node_21521;node_21541;node_21561;node_23811;node_24131;node_24973;node_25173
PEN,Polyethylene Naphthalate,C29H23O10,positive,1,531.12912193699,0.6497741756126019,0.47977417561260194,12,1,12,recombination,node_18698,node_0063 + node_0067 | dehydrogenative_coupling | protonation,node_6084;node_6120;node_6484;node_6524;node_8340;node_8376;node_8740;node_8784;node_18698;node_18770;node_19938;node_24754
PEN,Polyethylene Naphthalate,C29H23O10,negative,-1,531.12912193699,0.6497741756126019,0.47977417561260194,16,1,16,recombination,node_18703,node_0063 + node_0068 | h_transfer_recombination | deprotonation,node_6085;node_6121;node_6485;node_6525;node_8341;node_8377;node_8741;node_8785;node_18703;node_18775;node_19087;node_19123;node_19943;node_20307;node_24759;node_25071
PEN,Polyethylene Naphthalate,C30H27O9,positive,1,531.16550744634,0.6497668985107319,0.47976689851073195,8,1,8,recombination,node_17514,node_0059 + node_0072 | h_transfer_recombination | protonation,node_17514;node_17602;node_17922;node_17966;node_21082;node_21446;node_23810;node_24130
PEN,Polyethylene Naphthalate,C29H25O10,positive,1,533.14477200145,0.6493710455997099,0.47937104559970994,8,1,8,recombination,node_18702,node_0063 + node_0068 | h_transfer_recombination | protonation,node_18702;node_18774;node_19086;node_19122;node_19942;node_20306;node_24758;node_25070
PEN,Polyethylene Naphthalate,C30H25O10,positive,1,545.14477200145,0.64697104559971,0.47697104559970993,15,1,15,recombination,node_18714,node_0063 + node_0071 | dehydrogenative_coupling | protonation,node_6092;node_6128;node_6532;node_6900;node_6940;node_8348;node_8384;node_8748;node_9156;node_9200;node_18714;node_18786;node_19954;node_21094;node_24770
PEN,Polyethylene Naphthalate,C30H25O10,negative,-1,545.14477200145,0.64697104559971,0.47697104559970993,20,1,20,recombination,node_18719,node_0063 + node_0072 | h_transfer_recombination | deprotonation,node_6093;node_6129;node_6533;node_6901;node_6941;node_8349;node_8385;node_8749;node_9157;node_9201;node_18719;node_18791;node_19095;node_19131;node_19959;node_20315;node_21099;node_21455;node_24775;node_25079
PEN,Polyethylene Naphthalate,C30H27O10,positive,1,547.16042206591,0.646567915586818,0.47656791558681794,10,1,10,recombination,node_18718,node_0063 + node_0072 | h_transfer_recombination | protonation,node_18718;node_18790;node_19094;node_19130;node_19958;node_20314;node_21098;node_21454;node_24774;node_25078
PEN,Polyethylene Naphthalate,C4H5O4,negative,-1,117.01878363943,0.6459999999999999,0.476,32,1,32,recombination,node_20475,node_0069 + node_0073 | dehydrogenative_coupling | deprotonation,node_5991;node_6059;node_7171;node_7299;node_7795;node_7923;node_8247;node_8315;node_9387;node_9399;node_12475;node_12519;node_16435;node_16479;node_16875;node_16887;node_18317;node_18461;node_20475;node_20499;node_21679;node_21693;node_21709;node_21941;node_21965;node_23287;node_23301;node_23317;node_23549;node_23573;node_24409;node_24553
PEN,Polyethylene Naphthalate,C4H7O2,negative,-1,87.04460446475,0.6459999999999999,0.476,27,1,27,recombination,node_19351,node_0065 + node_0087 | dehydrogenative_coupling | deprotonation,node_5971;node_6075;node_6343;node_6471;node_8227;node_8331;node_8599;node_8727;node_9579;node_9623;node_9765;node_11031;node_11075;node_17067;node_17111;node_17129;node_17267;node_17311;node_18273;node_18493;node_19351;node_19389;node_19661;node_24365;node_24585;node_25249;node_25521
PEN,Polyethylene Naphthalate,C4H7O3,negative,-1,103.03951908432,0.6459999999999999,0.476,28,1,28,recombination,node_18111,node_0061 + node_0065 | dehydrogenative_coupling | deprotonation,node_5947;node_6071;node_8203;node_8327;node_9571;node_9615;node_17059;node_17103;node_18111;node_18183;node_18221;node_18485;node_19335;node_19497;node_19641;node_19785;node_19853;node_20725;node_20829;node_20981;node_21029;node_24275;node_24313;node_24577;node_25357;node_25501;node_25601;node_25669
PEN,Polyethylene Naphthalate,C5H7O4,negative,-1,131.03443370389,0.6459999999999999,0.476,28,1,28,recombination,node_19295,node_0065 + node_0073 | dehydrogenative_coupling | deprotonation,node_6015;node_6063;node_7175;node_7303;node_7799;node_7927;node_8271;node_8319;node_9595;node_9607;node_13723;node_13767;node_16643;node_16687;node_17083;node_17095;node_18365;node_18469;node_19295;node_19319;node_21663;node_21701;node_21973;node_23271;node_23309;node_23581;node_24457;node_24561
PEN,Polyethylene Naphthalate,C5H7O5,negative,-1,147.02934832346,0.6459999999999999,0.476,12,1,12,recombination,node_18143,node_0061 + node_0073 | dehydrogenative_coupling | deprotonation,node_18143;node_18167;node_21647;node_21809;node_21953;node_22081;node_22149;node_23255;node_23417;node_23561;node_23677;node_23745
PEN,Polyethylene Naphthalate,C31H27O10,positive,1,559.16042206591,0.6441679155868179,0.4741679155868179,11,1,11,recombination,node_19882,node_0067 + node_0071 | dehydrogenative_coupling | protonation,node_6496;node_6540;node_6908;node_6948;node_8756;node_8796;node_9164;node_9208;node_19882;node_19970;node_21110
PEN,Polyethylene Naphthalate,C31H27O10,negative,-1,559.16042206591,0.6441679155868179,0.4741679155868179,14,1,14,recombination,node_19887,node_0067 + node_0072 | h_transfer_recombination | deprotonation,node_6497;node_6541;node_6909;node_6949;node_8757;node_8797;node_9165;node_9209;node_19887;node_19975;node_20279;node_20323;node_21115;node_21463
PEN,Polyethylene Naphthalate,C31H29O10,positive,1,561.17607213037,0.6437647855739259,0.47376478557392593,6,1,6,recombination,node_19886,node_0067 + node_0072 | h_transfer_recombination | protonation,node_19886;node_19974;node_20278;node_20322;node_21114;node_21462
PEN,Polyethylene Naphthalate,C11H7O2,negative,-1,171.04460446475,0.6420000000000001,0.552,2,1,2,fragment_h_shift,node_5567,"M | fragment C,H,O from C-O+C-C bond break(s) | h_shift_+1 | electron_gain",node_5567;node_5643
PEN,Polyethylene Naphthalate,C2H5,negative,-1,29.03912516115,0.6420000000000001,0.552,2,1,2,fragment_h_shift,node_5561,"M | fragment C,H from C-O+C-O bond break(s) | h_shift_+1 | electron_gain",node_5561;node_5675
PEN,Polyethylene Naphthalate,C32H29O10,negative,-1,573.17607213037,0.641364785573926,0.4713647855739259,4,1,4,recombination,node_21131,node_0071 + node_0094 | h_transfer_recombination | deprotonation,node_6957;node_9173;node_21131;node_21471
PEN,Polyethylene Naphthalate,C13H12O3,negative,-1,216.07864424547,0.6400000000000001,0.55,2,1,2,fragment_h_shift,node_5491,"M | fragment C,H,O from C-C bond break(s) | h_shift_+1 | electron_gain",node_5491;node_5495
PEN,Polyethylene Naphthalate,C14H12O5,negative,-1,260.06847348461,0.6400000000000001,0.55,2,1,2,fragment_h_shift,node_5467,"M | fragment C,H,O from C-O bond break(s) | h_shift_+1 | electron_gain",node_5467;node_5511
PEN,Polyethylene Naphthalate,C12H10,positive,1,154.0782503223,0.6399999999999999,0.47,4,1,4,recombination,node_11194,node_0028 + node_0147 | single_dehydrogenative_recombination | protonation,node_11194;node_15066;node_15170;node_17434
PEN,Polyethylene Naphthalate,C13H10O,positive,1,182.07316494187,0.6399999999999999,0.47,8,1,8,recombination,node_10082,node_0023 + node_0110 | single_dehydrogenative_recombination | protonation,node_10082;node_10190;node_11106;node_11198;node_15274;node_15378;node_17342;node_17438
PEN,Polyethylene Naphthalate,C2H2O3,positive,1,74.00039392317001,0.6399999999999999,0.47,8,1,8,recombination,node_11306,node_0029 + node_0095 | single_dehydrogenative_recombination | protonation,node_11252;node_11296;node_11306;node_11434;node_16236;node_16280;node_16290;node_16418
PEN,Polyethylene Naphthalate,C3H2O3,positive,1,86.00039392317001,0.6399999999999999,0.47,4,1,4,recombination,node_9898,node_0022 + node_0123 | single_dehydrogenative_recombination | protonation,node_9898;node_9966;node_16130;node_16198
PEN,Polyethylene Naphthalate,C3H2O4,positive,1,101.99530854274,0.6399999999999999,0.47,4,1,4,recombination,node_11358,node_0029 + node_0123 | single_dehydrogenative_recombination | protonation,node_11358;node_11426;node_16342;node_16410
PEN,Polyethylene Naphthalate,C3H4O,positive,1,56.02621474849,0.6399999999999999,0.47,4,1,4,recombination,node_9874,node_0022 + node_0110 | single_dehydrogenative_recombination | protonation,node_9874;node_9982;node_16106;node_16214
PEN,Polyethylene Naphthalate,C4H4O3,positive,1,100.01604398763,0.6399999999999999,0.47,4,1,4,recombination,node_9922,node_0022 + node_0135 | single_dehydrogenative_recombination | protonation,node_9922;node_9970;node_16154;node_16202
PEN,Polyethylene Naphthalate,C4H4O4,positive,1,116.0109586072,0.6399999999999999,0.47,10,1,10,recombination,node_11382,node_0029 + node_0135 | single_dehydrogenative_recombination | protonation,node_9800;node_9812;node_11382;node_11430;node_12658;node_16032;node_16044;node_16366;node_16414;node_16554
PEN,Polyethylene Naphthalate,C4H6O2,positive,1,86.03677943252,0.6399999999999999,0.47,8,1,8,recombination,node_11146,node_0028 + node_0123 | single_dehydrogenative_recombination | protonation,node_11146;node_11214;node_12570;node_12674;node_16530;node_16634;node_17386;node_17454
PEN,Polyethylene Naphthalate,C5H6O4,positive,1,130.02660867166,0.6399999999999999,0.47,8,1,8,recombination,node_12614,node_0035 + node_0135 | single_dehydrogenative_recombination | protonation,node_12614;node_12662;node_13842;node_13906;node_16578;node_16622;node_16762;node_16830
PEN,Polyethylene Naphthalate,C5H8O2,positive,1,100.05242949698,0.6399999999999999,0.47,8,1,8,recombination,node_11170,node_0028 + node_0135 | single_dehydrogenative_recombination | protonation,node_11170;node_11218;node_13818;node_13922;node_16738;node_16842;node_17410;node_17458
PEN,Polyethylene Naphthalate,C12H9O3,positive,1,201.05516914878,0.6380000000000001,0.468,12,1,12,recombination,node_6786,node_0007 + node_0113 | single_dehydrogenative_recombination | protonation,node_6786;node_6862;node_9042;node_9118;node_11466;node_11510;node_15402;node_15446;node_20636;node_20788;node_20936;node_21012
PEN,Polyethylene Naphthalate,C13H11O4,positive,1,231.06573383281,0.6380000000000001,0.468,16,1,16,recombination,node_5974,node_0003 + node_0113 | single_dehydrogenative_recombination | protonation,node_5974;node_6046;node_8230;node_8302;node_11450;node_11494;node_15386;node_15430;node_18288;node_18432;node_18584;node_18656;node_24380;node_24524;node_24640;node_24712
PEN,Polyethylene Naphthalate,C13H9O5,positive,1,245.04499838792,0.6380000000000001,0.468,6,1,6,recombination,node_6794,node_0007 + node_0117 | single_dehydrogenative_recombination | protonation,node_6794;node_9050;node_11874;node_11910;node_20652;node_20944
PEN,Polyethylene Naphthalate,C14H13O3,positive,1,229.08646927770002,0.6380000000000001,0.468,28,1,28,recombination,node_6394,node_0005 + node_0125 | single_dehydrogenative_recombination | protonation,node_6394;node_6450;node_6834;node_6870;node_8650;node_8706;node_9090;node_9126;node_12690;node_12734;node_13946;node_13990;node_15602;node_15646;node_15818;node_15862;node_19504;node_19616;node_19788;node_19844;node_20732;node_20804;node_20984;node_21020;node_25364;node_25476;node_25604;node_25660
PEN,Polyethylene Naphthalate,C15H11O5,positive,1,271.06064845238,0.6380000000000001,0.468,59,1,59,recombination,node_7182,node_0009 + node_0102 | single_dehydrogenative_recombination | protonation,node_7182;node_7806;node_9472;node_9492;node_9512;node_9676;node_9696;node_9774;node_9818;node_10222;node_10234;node_12128;node_12252;node_12332;node_12456;node_13168;node_13292;node_13372;node_13496;node_14412;node_14536;node_16006;node_16050;node_16964;node_16984;node_17004;node_17168;node_17188;node_17604;node_17620;node_17852;node_17876;node_18256;node_18332;node_19476;node_19516;node_20664;node_20704;node_20744;node_21724;node_21812;node_21924;node_22040;node_22352;node_22496;node_22888;node_23032;node_23332;node_23420;node_23532;node_23636;node_23812;node_23828;node_24060;node_24084;node_24348;node_24424;node_25336;node_25376
PEN,Polyethylene Naphthalate,C15H11O6,positive,1,287.05556307195,0.6380000000000001,0.468,40,1,40,recombination,node_7186,node_0009 + node_0104 | single_dehydrogenative_recombination | protonation,node_7186;node_7206;node_7810;node_7830;node_9782;node_9826;node_10430;node_10442;node_11234;node_11278;node_11682;node_11694;node_16014;node_16058;node_16218;node_16262;node_17672;node_17856;node_18300;node_18340;node_18792;node_18808;node_19032;node_19056;node_21732;node_21776;node_22044;node_22064;node_23340;node_23384;node_23640;node_23660;node_23880;node_24064;node_24392;node_24432;node_24776;node_24792;node_25016;node_25040
PEN,Polyethylene Naphthalate,C15H11O7,positive,1,303.05047769152003,0.6380000000000001,0.468,16,1,16,recombination,node_7210,node_0009 + node_0117 | single_dehydrogenative_recombination | protonation,node_7210;node_7834;node_11242;node_11286;node_11882;node_11894;node_16226;node_16270;node_18860;node_19036;node_21784;node_22068;node_23392;node_23664;node_24844;node_25020
PEN,Polyethylene Naphthalate,C15H15O3,positive,1,243.10211934216,0.6380000000000001,0.468,32,1,32,recombination,node_6418,node_0005 + node_0137 | single_dehydrogenative_recombination | protonation,node_6418;node_6454;node_7406;node_7514;node_7614;node_7722;node_8674;node_8710;node_11058;node_11062;node_13938;node_13982;node_15810;node_15854;node_17294;node_17298;node_19552;node_19624;node_19812;node_19848;node_22304;node_22532;node_22600;node_22708;node_22840;node_23068;node_23132;node_23240;node_25412;node_25484;node_25628;node_25664
PEN,Polyethylene Naphthalate,C16H13O6,positive,1,301.07121313641,0.6380000000000001,0.468,50,1,50,recombination,node_5798,node_0002 + node_0123 | single_dehydrogenative_recombination | protonation,node_5798;node_5866;node_7190;node_7230;node_7814;node_7854;node_8054;node_8122;node_9790;node_9834;node_10638;node_10650;node_12470;node_12514;node_12914;node_12926;node_16022;node_16066;node_16430;node_16474;node_17720;node_17864;node_18020;node_18088;node_18308;node_18348;node_18388;node_18800;node_19064;node_19976;node_19992;node_20224;node_20248;node_21740;node_21824;node_22048;node_22088;node_23348;node_23432;node_23644;node_23684;node_23928;node_24072;node_24184;node_24252;node_24400;node_24440;node_24480;node_24784;node_25048
PEN,Polyethylene Naphthalate,C16H13O7,positive,1,317.06612775598,0.6380000000000001,0.468,38,1,38,recombination,node_6182,node_0004 + node_0123 | single_dehydrogenative_recombination | protonation,node_6182;node_6250;node_7214;node_7234;node_7838;node_7858;node_8438;node_8506;node_11250;node_11294;node_12082;node_12094;node_12478;node_12522;node_13122;node_13134;node_16234;node_16278;node_16438;node_16482;node_18900;node_19044;node_19180;node_19248;node_20044;node_20228;node_21792;node_21832;node_22072;node_22092;node_23400;node_23440;node_23668;node_23688;node_24884;node_25028;node_25128;node_25196
PEN,Polyethylene Naphthalate,C17H15O6,positive,1,315.08686320087,0.6380000000000001,0.468,46,1,46,recombination,node_5822,node_0002 + node_0135 | single_dehydrogenative_recombination | protonation,node_5822;node_5870;node_7194;node_7254;node_7818;node_7878;node_8078;node_8126;node_9798;node_9842;node_10846;node_10858;node_13718;node_13762;node_14162;node_14174;node_16030;node_16074;node_16638;node_16682;node_17768;node_17872;node_18044;node_18092;node_18356;node_18396;node_19984;node_20256;node_21132;node_21148;node_21380;node_21404;node_21748;node_21872;node_22052;node_22112;node_23356;node_23480;node_23648;node_23708;node_23976;node_24080;node_24208;node_24256;node_24448;node_24488
PEN,Polyethylene Naphthalate,C17H17O5,positive,1,301.10759864576,0.6380000000000001,0.468,34,1,34,recombination,node_6410,node_0005 + node_0133 | single_dehydrogenative_recombination | protonation,node_6410;node_6430;node_6574;node_6682;node_6850;node_8666;node_8686;node_8830;node_8938;node_9106;node_11042;node_11086;node_13522;node_13566;node_14562;node_14606;node_14778;node_14822;node_17278;node_17322;node_19536;node_19576;node_19804;node_19824;node_20040;node_20268;node_20352;node_20460;node_20764;node_21000;node_25396;node_25436;node_25620;node_25640
PEN,Polyethylene Naphthalate,C18H17O7,positive,1,345.0974278849,0.6380000000000001,0.468,40,1,40,recombination,node_6622,node_0006 + node_0135 | single_dehydrogenative_recombination | protonation,node_6622;node_6670;node_7014;node_7082;node_7242;node_7262;node_7866;node_7886;node_8878;node_8926;node_9270;node_9338;node_12494;node_12538;node_13538;node_13550;node_13734;node_13778;node_14578;node_14590;node_16454;node_16498;node_16654;node_16698;node_20140;node_20244;node_20400;node_20448;node_21248;node_21392;node_21524;node_21592;node_21848;node_21888;node_22100;node_22120;node_23456;node_23496;node_23696;node_23716
PEN,Polyethylene Naphthalate,C18H19O5,positive,1,315.12324871021997,0.6380000000000001,0.468,20,1,20,recombination,node_6434,node_0005 + node_0145 | single_dehydrogenative_recombination | protonation,node_6434;node_6990;node_7098;node_8690;node_9246;node_9354;node_11050;node_11094;node_14770;node_14814;node_17286;node_17330;node_19584;node_19828;node_21196;node_21424;node_21500;node_21608;node_25444;node_25644
PEN,Polyethylene Naphthalate,C19H19O7,positive,1,359.11307794936,0.6380000000000001,0.468,20,1,20,recombination,node_7038,node_0008 + node_0135 | single_dehydrogenative_recombination | protonation,node_7038;node_7086;node_7266;node_7890;node_9294;node_9342;node_13742;node_13786;node_14786;node_14798;node_16662;node_16706;node_21296;node_21400;node_21548;node_21596;node_21896;node_22124;node_23504;node_23720
PEN,Polyethylene Naphthalate,C23H17O3,positive,1,341.11776940662,0.6380000000000001,0.468,8,1,8,recombination,node_7478,node_0010 + node_0147 | single_dehydrogenative_recombination | protonation,node_7478;node_7686;node_14998;node_15002;node_22452;node_22672;node_22988;node_23204
PEN,Polyethylene Naphthalate,C24H17O4,positive,1,369.11268402619,0.6380000000000001,0.468,24,1,24,recombination,node_5846,node_0002 + node_0147 | single_dehydrogenative_recombination | protonation,node_5846;node_7386;node_7482;node_7594;node_7690;node_8102;node_10018;node_10022;node_14966;node_15010;node_15206;node_15210;node_17816;node_18068;node_22264;node_22460;node_22580;node_22676;node_22800;node_22996;node_23112;node_23208;node_24024;node_24232
PEN,Polyethylene Naphthalate,C24H17O5,positive,1,385.10759864576,0.6380000000000001,0.468,24,1,24,recombination,node_6230,node_0004 + node_0147 | single_dehydrogenative_recombination | protonation,node_6230;node_7410;node_7486;node_7618;node_7694;node_8486;node_11478;node_11482;node_14974;node_15018;node_15414;node_15418;node_18996;node_19228;node_22316;node_22468;node_22604;node_22680;node_22852;node_23004;node_23136;node_23212;node_24980;node_25176
PEN,Polyethylene Naphthalate,C25H17O5,positive,1,397.10759864576,0.6380000000000001,0.468,29,1,29,recombination,node_5754,node_0002 + node_0100 | single_dehydrogenative_recombination | protonation,node_5754;node_5850;node_7390;node_7598;node_8010;node_8106;node_9986;node_10030;node_10226;node_10230;node_15174;node_15218;node_17628;node_17824;node_17976;node_18072;node_20184;node_22272;node_22360;node_22472;node_22584;node_22808;node_22896;node_23008;node_23116;node_23836;node_24032;node_24140;node_24236
PEN,Polyethylene Naphthalate,C25H17O6,positive,1,413.10251326533,0.6380000000000001,0.468,48,1,48,recombination,node_5778,node_0002 + node_0113 | single_dehydrogenative_recombination | protonation,node_5778;node_5854;node_6142;node_6234;node_7394;node_7414;node_7602;node_7622;node_8034;node_8110;node_8398;node_8490;node_9994;node_10038;node_10434;node_10438;node_11446;node_11490;node_11686;node_11690;node_15182;node_15226;node_15382;node_15426;node_17680;node_17832;node_18000;node_18076;node_18816;node_19004;node_19140;node_19232;node_22280;node_22324;node_22588;node_22608;node_22816;node_22860;node_23120;node_23140;node_23888;node_24040;node_24164;node_24240;node_24800;node_24988;node_25088;node_25180
PEN,Polyethylene Naphthalate,C25H17O7,positive,1,429.0974278849,0.6380000000000001,0.468,24,1,24,recombination,node_6166,node_0004 + node_0113 | single_dehydrogenative_recombination | protonation,node_6166;node_6238;node_7418;node_7626;node_8422;node_8494;node_11454;node_11498;node_11886;node_11890;node_15390;node_15434;node_18868;node_19012;node_19164;node_19236;node_22332;node_22612;node_22868;node_23144;node_24852;node_24996;node_25112;node_25184
PEN,Polyethylene Naphthalate,C25H19O5,positive,1,399.12324871021997,0.6380000000000001,0.468,22,1,22,recombination,node_6646,node_0006 + node_0147 | single_dehydrogenative_recombination | protonation,node_6646;node_7434;node_7490;node_7642;node_7698;node_8902;node_12710;node_12714;node_14982;node_15026;node_15622;node_15626;node_20188;node_20424;node_22364;node_22476;node_22628;node_22684;node_22900;node_23012;node_23160;node_23216
PEN,Polyethylene Naphthalate,C26H17O6,positive,1,425.10251326533,0.6380000000000001,0.468,46,1,46,recombination,node_5758,node_0002 + node_0102 | single_dehydrogenative_recombination | protonation,node_5758;node_8014;node_10194;node_10238;node_11584;node_11604;node_12200;node_12236;node_12384;node_12440;node_12796;node_12812;node_12832;node_13240;node_13276;node_13428;node_13480;node_13612;node_13684;node_14040;node_14060;node_14468;node_14520;node_14652;node_14724;node_15524;node_15544;node_15708;node_15728;node_15748;node_15912;node_15932;node_17636;node_17724;node_17836;node_17980;node_19996;node_20192;node_22284;node_22368;node_22820;node_22904;node_23844;node_23932;node_24044;node_24144
PEN,Polyethylene Naphthalate,C26H17O7,positive,1,441.0974278849,0.6380000000000001,0.468,34,1,34,recombination,node_5762,node_0002 + node_0104 | single_dehydrogenative_recombination | protonation,node_5762;node_5782;node_6146;node_8018;node_8038;node_8402;node_10202;node_10246;node_10402;node_10446;node_11654;node_11698;node_17644;node_17688;node_17984;node_18004;node_18824;node_18904;node_19016;node_19144;node_20048;node_20200;node_22336;node_22376;node_22872;node_22912;node_23852;node_23896;node_24148;node_24168;node_24808;node_24888;node_25000;node_25092
PEN,Polyethylene Naphthalate,C26H17O8,positive,1,457.09234250447,0.6380000000000001,0.468,24,1,24,recombination,node_5786,node_0002 + node_0117 | single_dehydrogenative_recombination | protonation,node_5786;node_6150;node_6170;node_8042;node_8406;node_8426;node_10410;node_10454;node_11662;node_11706;node_11862;node_11898;node_17696;node_18008;node_18832;node_18876;node_19148;node_19168;node_23904;node_24172;node_24816;node_24860;node_25096;node_25116
PEN,Polyethylene Naphthalate,C26H19O6,positive,1,427.11816332979004,0.6380000000000001,0.468,44,1,44,recombination,node_5802,node_0002 + node_0125 | single_dehydrogenative_recombination | protonation,node_5802;node_5858;node_6554;node_6650;node_7398;node_7438;node_7606;node_7646;node_8058;node_8114;node_8810;node_8906;node_10002;node_10046;node_10642;node_10646;node_12678;node_12722;node_12918;node_12922;node_15190;node_15234;node_15590;node_15634;node_17728;node_17840;node_18024;node_18080;node_20000;node_20196;node_20332;node_20428;node_22288;node_22372;node_22592;node_22632;node_22824;node_22908;node_23124;node_23164;node_23936;node_24048;node_24188;node_24244
PEN,Polyethylene Naphthalate,C26H19O7,positive,1,443.11307794936,0.6380000000000001,0.468,44,1,44,recombination,node_6186,node_0004 + node_0125 | single_dehydrogenative_recombination | protonation,node_6186;node_6242;node_6578;node_6654;node_7422;node_7442;node_7630;node_7650;node_8442;node_8498;node_8834;node_8910;node_11462;node_11506;node_12086;node_12090;node_12686;node_12730;node_13126;node_13130;node_15398;node_15442;node_15598;node_15642;node_18908;node_19020;node_19184;node_19240;node_20052;node_20204;node_20356;node_20432;node_22340;node_22380;node_22616;node_22636;node_22876;node_22916;node_23148;node_23168;node_24892;node_25004;node_25132;node_25188
PEN,Polyethylene Naphthalate,C26H21O5,positive,1,413.13889877468,0.6380000000000001,0.468,22,1,22,recombination,node_7062,node_0008 + node_0147 | single_dehydrogenative_recombination | protonation,node_7062;node_7458;node_7494;node_7666;node_7702;node_9318;node_13958;node_13962;node_14990;node_15034;node_15830;node_15834;node_21344;node_21572;node_22412;node_22484;node_22652;node_22688;node_22948;node_23020;node_23184;node_23220
PEN,Polyethylene Naphthalate,C27H19O7,positive,1,455.11307794936,0.6380000000000001,0.468,36,1,36,recombination,node_5766,node_0002 + node_0106 | single_dehydrogenative_recombination | protonation,node_5766;node_5806;node_6558;node_8022;node_8062;node_8814;node_10210;node_10254;node_10610;node_10654;node_12886;node_12930;node_17652;node_17736;node_17988;node_18028;node_18952;node_19024;node_20008;node_20096;node_20208;node_20336;node_21204;node_21356;node_22344;node_22384;node_22424;node_22880;node_22920;node_22960;node_23860;node_23944;node_24152;node_24192;node_24936;node_25008
PEN,Polyethylene Naphthalate,C27H19O8,positive,1,471.10799256893,0.6380000000000001,0.468,44,1,44,recombination,node_5790,node_0002 + node_0119 | single_dehydrogenative_recombination | protonation,node_5790;node_5810;node_6154;node_6190;node_6562;node_6582;node_8046;node_8066;node_8410;node_8446;node_8818;node_8838;node_10418;node_10462;node_10618;node_10662;node_11670;node_11714;node_12054;node_12098;node_12894;node_12938;node_13094;node_13138;node_17704;node_17744;node_18012;node_18032;node_18840;node_18916;node_19152;node_19188;node_20016;node_20060;node_20340;node_20360;node_23912;node_23952;node_24176;node_24196;node_24824;node_24900;node_25100;node_25136
PEN,Polyethylene Naphthalate,C27H19O9,positive,1,487.1029071885,0.6380000000000001,0.468,22,1,22,recombination,node_6174,node_0004 + node_0119 | single_dehydrogenative_recombination | protonation,node_6174;node_6194;node_6586;node_8430;node_8450;node_8842;node_11870;node_11906;node_12062;node_12106;node_13102;node_13146;node_18884;node_18924;node_19172;node_19192;node_20068;node_20364;node_24868;node_24908;node_25120;node_25140
PEN,Polyethylene Naphthalate,C27H21O6,positive,1,441.13381339425,0.6380000000000001,0.468,44,1,44,recombination,node_5826,node_0002 + node_0137 | single_dehydrogenative_recombination | protonation,node_5826;node_5862;node_6970;node_7066;node_7402;node_7462;node_7610;node_7670;node_8082;node_8118;node_9226;node_9322;node_10010;node_10054;node_10850;node_10854;node_13926;node_13970;node_14166;node_14170;node_15198;node_15242;node_15798;node_15842;node_17776;node_17848;node_18048;node_18084;node_21156;node_21352;node_21480;node_21576;node_22296;node_22420;node_22596;node_22656;node_22832;node_22956;node_23128;node_23188;node_23984;node_24056;node_24212;node_24248
PEN,Polyethylene Naphthalate,C28H21O7,positive,1,469.12872801382,0.6380000000000001,0.468,30,1,30,recombination,node_5770,node_0002 + node_0108 | single_dehydrogenative_recombination | protonation,node_5770;node_5830;node_6974;node_8026;node_8086;node_9230;node_10218;node_10262;node_10818;node_10862;node_14134;node_14178;node_17660;node_17784;node_17992;node_18052;node_20144;node_20216;node_21164;node_21252;node_21364;node_21484;node_22392;node_22432;node_22928;node_22968;node_23868;node_23992;node_24156;node_24216
PEN,Polyethylene Naphthalate,C28H23O7,positive,1,471.14437807828,0.6380000000000001,0.468,40,1,40,recombination,node_6626,node_0006 + node_0137 | single_dehydrogenative_recombination | protonation,node_6626;node_6662;node_7018;node_7074;node_7450;node_7470;node_7658;node_7678;node_8882;node_8918;node_9274;node_9330;node_12702;node_12746;node_13542;node_13546;node_13942;node_13986;node_14582;node_14586;node_15614;node_15658;node_15814;node_15858;node_20148;node_20220;node_20404;node_20440;node_21256;node_21368;node_21528;node_21584;node_22396;node_22436;node_22644;node_22664;node_22932;node_22972;node_23176;node_23196
PEN,Polyethylene Naphthalate,C29H23O8,positive,1,499.13929269785,0.6380000000000001,0.468,40,1,40,recombination,node_5818,node_0002 + node_0133 | single_dehydrogenative_recombination | protonation,node_5818;node_5838;node_6570;node_6630;node_6982;node_7022;node_8074;node_8094;node_8826;node_8886;node_9238;node_9278;node_10634;node_10678;node_10834;node_10878;node_12910;node_12954;node_13510;node_13554;node_14150;node_14194;node_14550;node_14594;node_17760;node_17800;node_18040;node_18060;node_20032;node_20156;node_20348;node_20408;node_21180;node_21264;node_21492;node_21532;node_23968;node_24008;node_24204;node_24224
PEN,Polyethylene Naphthalate,C29H25O7,positive,1,485.16002814274,0.6380000000000001,0.468,20,1,20,recombination,node_7042,node_0008 + node_0137 | single_dehydrogenative_recombination | protonation,node_7042;node_7078;node_7474;node_7682;node_9298;node_9334;node_13950;node_13994;node_14790;node_14794;node_15822;node_15866;node_21304;node_21376;node_21552;node_21588;node_22444;node_22668;node_22980;node_23200
PEN,Polyethylene Naphthalate,C26H21O6,positive,1,429.13381339425,0.6359999999999999,0.48599999999999993,3,1,3,recombination,node_22170,node_0075 + node_0077 | dehydrogenative_coupling | protonation,node_7340;node_7548;node_22170
PEN,Polyethylene Naphthalate,C30H25O8,positive,1,513.15494276231,0.6353690114475381,0.465369011447538,20,1,20,recombination,node_5842,node_0002 + node_0145 | single_dehydrogenative_recombination | protonation,node_5842;node_6986;node_7046;node_8098;node_9242;node_9302;node_10842;node_10886;node_14158;node_14202;node_14758;node_14802;node_17808;node_18064;node_21188;node_21312;node_21496;node_21556;node_24016;node_24228
PEN,Polyethylene Naphthalate,C31H27O9,positive,1,543.16550744634,0.6293668985107321,0.45936689851073204,18,1,18,recombination,node_6642,node_0006 + node_0145 | single_dehydrogenative_recombination | protonation,node_6642;node_7034;node_7054;node_8898;node_9290;node_9310;node_13534;node_13578;node_14574;node_14618;node_14774;node_14818;node_20180;node_20420;node_21288;node_21328;node_21544;node_21564
PEN,Polyethylene Naphthalate,C12H9O,negative,-1,169.06533990964,0.6280000000000001,0.458,10,1,10,recombination,node_6439,node_0005 + node_0147 | single_dehydrogenative_recombination | deprotonation,node_6439;node_8695;node_9733;node_14979;node_15023;node_15041;node_15165;node_17225;node_19589;node_25449
PEN,Polyethylene Naphthalate,C2HO3,negative,-1,72.99256889094,0.6280000000000001,0.458,8,1,8,recombination,node_11255,node_0029 + node_0069 | single_dehydrogenative_recombination | deprotonation,node_11255;node_11299;node_11305;node_11433;node_16239;node_16283;node_16289;node_16417
PEN,Polyethylene Naphthalate,C3H3O3,negative,-1,87.00821895540001,0.6280000000000001,0.458,30,1,30,recombination,node_6807,node_0007 + node_0123 | single_dehydrogenative_recombination | deprotonation,node_6807;node_6875;node_9063;node_9131;node_9477;node_9545;node_9779;node_9823;node_11247;node_11291;node_11309;node_11437;node_12491;node_12535;node_12541;node_12665;node_16011;node_16055;node_16231;node_16275;node_16293;node_16421;node_16451;node_16495;node_16501;node_16625;node_16969;node_17037;node_20673;node_20817
PEN,Polyethylene Naphthalate,C3H3O4,negative,-1,103.00313357497001,0.6280000000000001,0.458,4,1,4,recombination,node_11239,node_0029 + node_0061 | single_dehydrogenative_recombination | deprotonation,node_11239;node_11283;node_16223;node_16267
PEN,Polyethylene Naphthalate,C3H5O,negative,-1,57.03403978072,0.6280000000000001,0.458,18,1,18,recombination,node_6783,node_0007 + node_0110 | single_dehydrogenative_recombination | deprotonation,node_6783;node_6891;node_9039;node_9147;node_9453;node_9561;node_11047;node_11091;node_11097;node_11221;node_16945;node_17049;node_17283;node_17327;node_17333;node_17461;node_20621;node_20849
PEN,Polyethylene Naphthalate,C4H3O4,negative,-1,115.00313357497001,0.6280000000000001,0.458,10,1,10,recombination,node_9803,node_0022 + node_0073 | single_dehydrogenative_recombination | deprotonation,node_9803;node_9815;node_11381;node_11429;node_12657;node_16035;node_16047;node_16365;node_16413;node_16553
PEN,Polyethylene Naphthalate,C4H3O5,negative,-1,130.99804819454,0.6280000000000001,0.458,4,1,4,recombination,node_11263,node_0029 + node_0073 | single_dehydrogenative_recombination | deprotonation,node_11263;node_11275;node_16247;node_16259
PEN,Polyethylene Naphthalate,C4H5O3,negative,-1,101.02386901986,0.6280000000000001,0.458,38,1,38,recombination,node_6391,node_0005 + node_0123 | single_dehydrogenative_recombination | deprotonation,node_6391;node_6459;node_6831;node_6879;node_8647;node_8715;node_9087;node_9135;node_9501;node_9549;node_9685;node_9753;node_12483;node_12527;node_12545;node_12669;node_13739;node_13783;node_13789;node_13913;node_16443;node_16487;node_16505;node_16629;node_16659;node_16703;node_16709;node_16833;node_16993;node_17041;node_17177;node_17245;node_19493;node_19637;node_20721;node_20825;node_25353;node_25497
PEN,Polyethylene Naphthalate,C4H7O,negative,-1,71.04968984518,0.6280000000000001,0.458,20,1,20,recombination,node_6367,node_0005 + node_0110 | single_dehydrogenative_recombination | deprotonation,node_6367;node_6475;node_8623;node_8731;node_9661;node_9769;node_11039;node_11083;node_11101;node_11225;node_17153;node_17257;node_17275;node_17319;node_17337;node_17465;node_19441;node_19669;node_25301;node_25529
PEN,Polyethylene Naphthalate,C5H5O5,negative,-1,145.013698259,0.6280000000000001,0.458,12,1,12,recombination,node_7223,node_0009 + node_0123 | single_dehydrogenative_recombination | deprotonation,node_7223;node_7291;node_7847;node_7915;node_12499;node_12511;node_16459;node_16471;node_21805;node_21949;node_23413;node_23557
PEN,Polyethylene Naphthalate,C5H7O3,negative,-1,115.03951908432,0.6280000000000001,0.458,32,1,32,recombination,node_6415,node_0005 + node_0135 | single_dehydrogenative_recombination | deprotonation,node_6415;node_6463;node_7199;node_7307;node_7823;node_7931;node_8671;node_8719;node_9709;node_9757;node_11055;node_11067;node_13731;node_13775;node_13793;node_13917;node_16651;node_16695;node_16713;node_16837;node_17201;node_17249;node_17291;node_17303;node_19541;node_19645;node_21753;node_21981;node_23361;node_23589;node_25401;node_25505
PEN,Polyethylene Naphthalate,C6H7O5,negative,-1,159.02934832346,0.6280000000000001,0.458,12,1,12,recombination,node_7247,node_0009 + node_0135 | single_dehydrogenative_recombination | deprotonation,node_7247;node_7295;node_7871;node_7919;node_13747;node_13759;node_16667;node_16679;node_21853;node_21957;node_23461;node_23565
PEN,Polyethylene Naphthalate,C32H29O9,positive,1,557.1811575108001,0.62656376849784,0.45656376849784003,6,1,6,recombination,node_7058,node_0008 + node_0145 | single_dehydrogenative_recombination | protonation,node_7058;node_9314;node_14782;node_14826;node_21336;node_21568
PEN,Polyethylene Naphthalate,C15H12O6,negative,-1,288.06338810418004,0.6260000000000001,0.456,44,1,44,recombination,node_6091,node_0004 + node_0069 | single_dehydrogenative_recombination | deprotonation,node_5981;node_6001;node_6091;node_6127;node_6133;node_6257;node_6695;node_6735;node_8237;node_8257;node_8347;node_8383;node_8389;node_8513;node_8951;node_8995;node_9365;node_9409;node_12057;node_12101;node_13097;node_13141;node_16853;node_16897;node_18307;node_18347;node_18595;node_18615;node_18705;node_18777;node_18799;node_19063;node_19135;node_19259;node_20521;node_24399;node_24439;node_24651;node_24671;node_24761;node_24783;node_25047;node_25083;node_25207
PEN,Polyethylene Naphthalate,C15H14O4,negative,-1,258.0892089295,0.6260000000000001,0.456,44,1,44,recombination,node_6299,node_0005 + node_0075 | single_dehydrogenative_recombination | deprotonation,node_6017;node_6053;node_6299;node_6303;node_7323;node_7363;node_7381;node_7509;node_7531;node_7571;node_7589;node_7717;node_8273;node_8309;node_8559;node_8563;node_9597;node_9601;node_13929;node_13973;node_15801;node_15845;node_17085;node_17089;node_18379;node_18451;node_18631;node_18667;node_19301;node_19309;node_22209;node_22255;node_22527;node_22579;node_22707;node_22745;node_22791;node_23063;node_23111;node_23239;node_24471;node_24543;node_24687;node_24723
PEN,Polyethylene Naphthalate,C16H14O6,negative,-1,302.07903816864,0.6260000000000001,0.456,99,1,99,recombination,node_5679,node_0002 + node_0061 | single_dehydrogenative_recombination | deprotonation,node_5679;node_5723;node_5887;node_5923;node_5985;node_6005;node_6025;node_6083;node_6119;node_6137;node_6261;node_6279;node_6319;node_6495;node_6539;node_6545;node_6673;node_6703;node_6743;node_7131;node_7135;node_7339;node_7347;node_7547;node_7555;node_7759;node_7763;node_7939;node_7979;node_8143;node_8179;node_8241;node_8261;node_8281;node_8339;node_8375;node_8393;node_8517;node_8535;node_8579;node_8755;node_8795;node_8801;node_8929;node_8959;node_9003;node_9373;node_9417;node_9573;node_9617;node_12265;node_12309;node_13305;node_13349;node_14345;node_14389;node_16861;node_16905;node_17061;node_17105;node_17469;node_17557;node_18173;node_18315;node_18355;node_18395;node_18599;node_18619;node_18639;node_18689;node_18761;node_18807;node_19071;node_19139;node_19263;node_19341;node_19873;node_19961;node_19983;node_20255;node_20327;node_20455;node_20537;node_21613;node_21621;node_22177;node_22713;node_23765;node_24407;node_24447;node_24487;node_24655;node_24675;node_24695;node_24745;node_24791;node_25055;node_25087;node_25211
PEN,Polyethylene Naphthalate,C17H14O7,negative,-1,330.07395278821,0.6260000000000001,0.456,70,1,70,recombination,node_5703,node_0002 + node_0073 | single_dehydrogenative_recombination | deprotonation,node_5703;node_5715;node_6205;node_6253;node_6597;node_6665;node_7103;node_7143;node_7217;node_7237;node_7257;node_7727;node_7767;node_7841;node_7861;node_7881;node_7963;node_7975;node_8461;node_8509;node_8853;node_8921;node_11257;node_11301;node_12289;node_12301;node_12485;node_12529;node_13329;node_13341;node_13725;node_13769;node_14369;node_14381;node_16241;node_16285;node_16445;node_16489;node_16645;node_16689;node_17517;node_17541;node_18951;node_19055;node_19207;node_19255;node_20095;node_20239;node_20379;node_20447;node_21203;node_21387;node_21637;node_21803;node_21843;node_21883;node_22079;node_22099;node_22119;node_23245;node_23411;node_23451;node_23491;node_23675;node_23695;node_23715;node_24935;node_25039;node_25155;node_25203
PEN,Polyethylene Naphthalate,C17H14O8,negative,-1,346.06886740778,0.6260000000000001,0.456,12,1,12,recombination,node_6099,node_0004 + node_0073 | single_dehydrogenative_recombination | deprotonation,node_6099;node_6111;node_7111;node_7151;node_7735;node_7775;node_8355;node_8367;node_18721;node_18745;node_21653;node_23261
PEN,Polyethylene Naphthalate,C17H16O6,negative,-1,316.0946882331,0.6260000000000001,0.456,63,1,63,recombination,node_6283,node_0005 + node_0067 | single_dehydrogenative_recombination | deprotonation,node_6009;node_6029;node_6283;node_6327;node_6491;node_6531;node_6549;node_6677;node_6707;node_6751;node_6915;node_6955;node_6961;node_7089;node_8265;node_8285;node_8543;node_8583;node_8747;node_8791;node_8805;node_8933;node_8967;node_9007;node_9171;node_9215;node_9217;node_9345;node_9381;node_9425;node_9581;node_9625;node_13513;node_13557;node_14553;node_14597;node_16869;node_16913;node_17069;node_17113;node_18363;node_18403;node_18623;node_18643;node_19269;node_19357;node_19945;node_19991;node_20263;node_20331;node_20459;node_20465;node_20553;node_21117;node_21139;node_21411;node_21475;node_21603;node_24455;node_24495;node_24679;node_24699;node_25217
PEN,Polyethylene Naphthalate,C17H16O7,negative,-1,332.08960285267,0.6260000000000001,0.456,20,1,20,recombination,node_5895,node_0003 + node_0067 | single_dehydrogenative_recombination | deprotonation,node_5895;node_5931;node_6483;node_6523;node_8151;node_8187;node_8739;node_8783;node_17521;node_17545;node_17925;node_17937;node_18117;node_18189;node_19929;node_21641;node_22001;node_23249;node_23597;node_24281
PEN,Polyethylene Naphthalate,C18H16O8,negative,-1,360.08451747224,0.6260000000000001,0.456,12,1,12,recombination,node_6503,node_0006 + node_0073 | single_dehydrogenative_recombination | deprotonation,node_6503;node_6515;node_7119;node_7159;node_7743;node_7783;node_8763;node_8775;node_19889;node_19913;node_21669;node_23277
PEN,Polyethylene Naphthalate,C18H18O6,negative,-1,330.11033829756,0.6260000000000001,0.456,32,1,32,recombination,node_6291,node_0005 + node_0071 | single_dehydrogenative_recombination | deprotonation,node_6033;node_6291;node_6335;node_6907;node_6947;node_6965;node_7093;node_8289;node_8551;node_8591;node_9163;node_9207;node_9221;node_9349;node_9589;node_9633;node_14761;node_14805;node_17077;node_17121;node_18411;node_18647;node_19285;node_19373;node_21101;node_21147;node_21419;node_21479;node_21607;node_24503;node_24703;node_25233
PEN,Polyethylene Naphthalate,C18H18O7,negative,-1,346.10525291713003,0.6260000000000001,0.456,12,1,12,recombination,node_5903,node_0003 + node_0071 | single_dehydrogenative_recombination | deprotonation,node_5903;node_5939;node_6899;node_6939;node_8159;node_8195;node_9155;node_9199;node_18133;node_18205;node_21085;node_24297
PEN,Polyethylene Naphthalate,C19H18O8,negative,-1,374.1001675367,0.6260000000000001,0.456,12,1,12,recombination,node_6919,node_0008 + node_0073 | single_dehydrogenative_recombination | deprotonation,node_6919;node_6931;node_7127;node_7167;node_7751;node_7791;node_9179;node_9191;node_21045;node_21069;node_21685;node_23293
PEN,Polyethylene Naphthalate,C27H20O7,negative,-1,456.12090298159,0.6260000000000001,0.456,76,1,76,recombination,node_5707,node_0002 + node_0075 | single_dehydrogenative_recombination | deprotonation,node_5707;node_5711;node_6209;node_6245;node_6601;node_6657;node_6993;node_7069;node_7311;node_7351;node_7425;node_7445;node_7465;node_7519;node_7559;node_7633;node_7653;node_7673;node_7967;node_7971;node_8465;node_8501;node_8857;node_8913;node_9249;node_9325;node_11469;node_11513;node_12293;node_12297;node_12693;node_12737;node_13333;node_13337;node_13933;node_13977;node_14373;node_14377;node_15405;node_15449;node_15605;node_15649;node_15805;node_15849;node_17525;node_17533;node_18959;node_19031;node_19211;node_19247;node_20103;node_20215;node_20383;node_20439;node_21211;node_21363;node_21507;node_21583;node_22185;node_22351;node_22391;node_22431;node_22623;node_22643;node_22663;node_22721;node_22887;node_22927;node_22967;node_23155;node_23175;node_23195;node_24943;node_25015;node_25159;node_25195
PEN,Polyethylene Naphthalate,C27H20O8,negative,-1,472.11581760116,0.6260000000000001,0.456,12,1,12,recombination,node_6103,node_0004 + node_0075 | single_dehydrogenative_recombination | deprotonation,node_6103;node_6107;node_7319;node_7359;node_7527;node_7567;node_8359;node_8363;node_18729;node_18737;node_22201;node_22737
PEN,Polyethylene Naphthalate,C28H20O8,negative,-1,484.11581760116,0.6260000000000001,0.456,67,1,67,recombination,node_5719,node_0002 + node_0081 | single_dehydrogenative_recombination | deprotonation,node_5719;node_5793;node_5813;node_5833;node_6157;node_6213;node_6565;node_6605;node_6977;node_6997;node_7935;node_8049;node_8069;node_8089;node_8413;node_8469;node_8821;node_8861;node_9233;node_9253;node_10425;node_10469;node_10625;node_10669;node_10825;node_10869;node_11677;node_11721;node_12261;node_12305;node_12901;node_12945;node_13301;node_13345;node_14141;node_14185;node_14341;node_14385;node_17549;node_17715;node_17755;node_17795;node_18019;node_18039;node_18059;node_18851;node_18967;node_19159;node_19215;node_20027;node_20111;node_20347;node_20387;node_21175;node_21219;node_21491;node_21511;node_23923;node_23963;node_24003;node_24183;node_24203;node_24223;node_24835;node_24951;node_25107;node_25163
PEN,Polyethylene Naphthalate,C28H22O8,negative,-1,486.13146766562,0.6260000000000001,0.456,14,1,14,recombination,node_6507,node_0006 + node_0075 | single_dehydrogenative_recombination | deprotonation,node_6507;node_6511;node_7327;node_7367;node_7535;node_7575;node_8767;node_8771;node_17553;node_17941;node_19897;node_19905;node_22217;node_22753
PEN,Polyethylene Naphthalate,C2H7O2,positive,1,63.04460446475,0.626,0.5359999999999999,2,1,2,recombination,node_20550,node_0069 + node_0092 | h_transfer_recombination | protonation,node_20550;node_20898
PEN,Polyethylene Naphthalate,C4H11O2,positive,1,91.07590459367,0.626,0.5359999999999999,2,1,2,recombination,node_19354,node_0065 + node_0088 | h_transfer_recombination | protonation,node_19354;node_19718
PEN,Polyethylene Naphthalate,C6H11O6,positive,1,179.05556307195002,0.626,0.5359999999999999,2,1,2,recombination,node_21634,node_0073 + node_0080 | h_transfer_recombination | protonation,node_21634;node_21998
PEN,Polyethylene Naphthalate,C28H20O9,negative,-1,500.11073222073003,0.625977853555854,0.455977853555854,54,1,54,recombination,node_5683,node_0002 + node_0063 | single_dehydrogenative_recombination | deprotonation,node_5683;node_5727;node_6079;node_6115;node_6177;node_6197;node_6217;node_6589;node_6609;node_7001;node_7943;node_7983;node_8335;node_8371;node_8433;node_8453;node_8473;node_8845;node_8865;node_9257;node_11877;node_11913;node_12069;node_12113;node_12269;node_12313;node_13109;node_13153;node_13309;node_13353;node_14349;node_14393;node_17477;node_17565;node_18753;node_18895;node_18935;node_18975;node_19179;node_19199;node_19219;node_20079;node_20119;node_20371;node_20391;node_21227;node_21515;node_23773;node_24879;node_24919;node_24959;node_25127;node_25147;node_25167
PEN,Polyethylene Naphthalate,C29H24O8,negative,-1,500.14711773008,0.625970576453984,0.45597057645398403,12,1,12,recombination,node_6923,node_0008 + node_0075 | single_dehydrogenative_recombination | deprotonation,node_6923;node_6927;node_7335;node_7375;node_7543;node_7583;node_9183;node_9187;node_21053;node_21061;node_22233;node_22769
PEN,Polyethylene Naphthalate,C29H22O9,negative,-1,514.1263822851901,0.6231747235429621,0.453174723542962,58,1,58,recombination,node_5691,node_0002 + node_0067 | single_dehydrogenative_recombination | deprotonation,node_5691;node_5735;node_6201;node_6221;node_6479;node_6519;node_6593;node_6613;node_6633;node_7005;node_7025;node_7951;node_7991;node_8457;node_8477;node_8735;node_8779;node_8849;node_8869;node_8889;node_9261;node_9281;node_12077;node_12121;node_12277;node_12321;node_13117;node_13161;node_13317;node_13361;node_13517;node_13561;node_14357;node_14401;node_14557;node_14601;node_17493;node_17581;node_18943;node_18983;node_19203;node_19223;node_19921;node_20087;node_20127;node_20167;node_20375;node_20395;node_20415;node_21235;node_21275;node_21519;node_21539;node_23789;node_24927;node_24967;node_25151;node_25171
PEN,Polyethylene Naphthalate,CH3O2,positive,1,47.01330433583,0.6220000000000001,0.6220000000000001,1,1,1,feature_rule,node_5219,M | oxygenated | oxygenated_small_fragments | o_small_CH3O2,node_5219
PEN,Polyethylene Naphthalate,C32H29O10,positive,1,573.17607213037,0.6213647855739259,0.4713647855739259,3,1,3,recombination,node_21126,node_0071 + node_0093 | dehydrogenative_coupling | protonation,node_6956;node_9172;node_21126
PEN,Polyethylene Naphthalate,C30H24O9,negative,-1,528.14203234965,0.62037159353007,0.45037159353007,50,1,50,recombination,node_5699,node_0002 + node_0071 | single_dehydrogenative_recombination | deprotonation,node_5699;node_5743;node_6225;node_6617;node_6637;node_6895;node_6935;node_7009;node_7029;node_7049;node_7959;node_7999;node_8481;node_8873;node_8893;node_9151;node_9195;node_9265;node_9285;node_9305;node_12285;node_12329;node_13325;node_13369;node_13525;node_13569;node_14365;node_14409;node_14565;node_14609;node_14765;node_14809;node_17509;node_17597;node_18991;node_19227;node_20135;node_20175;node_20399;node_20419;node_21077;node_21243;node_21283;node_21323;node_21523;node_21543;node_21563;node_23805;node_24975;node_25175
PEN,Polyethylene Naphthalate,C12H11O,negative,-1,171.0809899741,0.6200000000000001,0.45,4,1,4,recombination,node_19593,node_0065 + node_0148 | h_transfer_recombination | electron_gain,node_19593;node_19833;node_25453;node_25649
PEN,Polyethylene Naphthalate,C12H11O2,negative,-1,187.07590459367,0.6200000000000001,0.45,4,1,4,recombination,node_18417,node_0061 + node_0148 | h_transfer_recombination | electron_gain,node_18417;node_18649;node_24509;node_24705
PEN,Polyethylene Naphthalate,C3H5O4,negative,-1,105.01878363943,0.6200000000000001,0.45,4,1,4,recombination,node_18281,node_0061 + node_0112 | h_transfer_recombination | electron_gain,node_18281;node_18457;node_24373;node_24549
PEN,Polyethylene Naphthalate,C3H7O,negative,-1,59.04968984518,0.6200000000000001,0.45,4,1,4,recombination,node_20625,node_0069 + node_0111 | h_transfer_recombination | electron_gain,node_20625;node_20853;node_20933;node_21041
PEN,Polyethylene Naphthalate,C4H5O5,negative,-1,133.013698259,0.6200000000000001,0.45,4,1,4,recombination,node_21761,node_0073 + node_0112 | h_transfer_recombination | electron_gain,node_21761;node_21945;node_23369;node_23553
PEN,Polyethylene Naphthalate,C4H9O,negative,-1,73.06533990964,0.6200000000000001,0.45,7,1,7,recombination,node_19445,node_0065 + node_0111 | h_transfer_recombination | electron_gain,node_19445;node_19673;node_19761;node_19869;node_25305;node_25533;node_25577
PEN,Polyethylene Naphthalate,C5H9O3,negative,-1,117.05516914878001,0.6200000000000001,0.45,16,1,16,recombination,node_19545,node_0065 + node_0136 | h_transfer_recombination | electron_gain,node_19545;node_19649;node_19809;node_19857;node_21757;node_21985;node_22057;node_22165;node_23365;node_23593;node_23653;node_23761;node_25405;node_25509;node_25625;node_25673
PEN,Polyethylene Naphthalate,C6H9O5,negative,-1,161.04499838792,0.6200000000000001,0.45,8,1,8,recombination,node_21857,node_0073 + node_0136 | h_transfer_recombination | electron_gain,node_21857;node_21961;node_22105;node_22153;node_23465;node_23569;node_23701;node_23749
PEN,Polyethylene Naphthalate,C29H22O10,negative,-1,530.12129690476,0.619975740619048,0.449975740619048,12,1,12,recombination,node_6087,node_0004 + node_0067 | single_dehydrogenative_recombination | deprotonation,node_6087;node_6123;node_6487;node_6527;node_8343;node_8379;node_8743;node_8787;node_18697;node_18769;node_19937;node_24753
PEN,Polyethylene Naphthalate,C14H14O4,negative,-1,246.0892089295,0.6180000000000001,0.448,8,1,8,recombination,node_20485,node_0069 + node_0076 | h_transfer_recombination | electron_gain,node_20485;node_20493;node_20865;node_20869;node_22229;node_22565;node_22765;node_23097
PEN,Polyethylene Naphthalate,C15H14O6,negative,-1,290.07903816864,0.6180000000000001,0.448,8,1,8,recombination,node_18709,node_0063 + node_0070 | h_transfer_recombination | electron_gain,node_18709;node_18781;node_19089;node_19125;node_20525;node_20885;node_24765;node_25073
PEN,Polyethylene Naphthalate,C15H16O4,negative,-1,260.10485899396,0.6180000000000001,0.448,8,1,8,recombination,node_19305,node_0065 + node_0076 | h_transfer_recombination | electron_gain,node_19305;node_19313;node_19693;node_19697;node_22213;node_22557;node_22749;node_23089
PEN,Polyethylene Naphthalate,C15H16O5,negative,-1,276.09977361353,0.6180000000000001,0.448,8,1,8,recombination,node_18153,node_0061 + node_0076 | h_transfer_recombination | electron_gain,node_18153;node_18161;node_18521;node_18525;node_22197;node_22549;node_22733;node_23081
PEN,Polyethylene Naphthalate,C17H16O8,negative,-1,348.08451747224,0.6180000000000001,0.448,8,1,8,recombination,node_18725,node_0063 + node_0074 | h_transfer_recombination | electron_gain,node_18725;node_18749;node_19097;node_19109;node_21657;node_22009;node_23265;node_23605
PEN,Polyethylene Naphthalate,C17H18O6,negative,-1,318.11033829756,0.6180000000000001,0.448,14,1,14,recombination,node_19273,node_0065 + node_0068 | h_transfer_recombination | electron_gain,node_19273;node_19361;node_19677;node_19721;node_19949;node_20309;node_20469;node_20557;node_20857;node_20901;node_21121;node_21465;node_25221;node_25537
PEN,Polyethylene Naphthalate,C17H18O7,negative,-1,334.10525291713003,0.6180000000000001,0.448,8,1,8,recombination,node_18121,node_0061 + node_0068 | h_transfer_recombination | electron_gain,node_18121;node_18193;node_18505;node_18541;node_19933;node_20301;node_24285;node_24597
PEN,Polyethylene Naphthalate,C18H18O8,negative,-1,362.1001675367,0.6180000000000001,0.448,8,1,8,recombination,node_19893,node_0067 + node_0074 | h_transfer_recombination | electron_gain,node_19893;node_19917;node_20281;node_20293;node_21673;node_22017;node_23281;node_23613
PEN,Polyethylene Naphthalate,C18H20O6,negative,-1,332.12598836202,0.6180000000000001,0.448,8,1,8,recombination,node_19289,node_0065 + node_0072 | h_transfer_recombination | electron_gain,node_19289;node_19377;node_19685;node_19729;node_21105;node_21457;node_25237;node_25545
PEN,Polyethylene Naphthalate,C18H20O7,negative,-1,348.12090298159,0.6180000000000001,0.448,8,1,8,recombination,node_18137,node_0061 + node_0072 | h_transfer_recombination | electron_gain,node_18137;node_18209;node_18513;node_18549;node_21089;node_21449;node_24301;node_24605
PEN,Polyethylene Naphthalate,C19H20O8,negative,-1,376.11581760116,0.6180000000000001,0.448,8,1,8,recombination,node_21049,node_0071 + node_0074 | h_transfer_recombination | electron_gain,node_21049;node_21073;node_21429;node_21441;node_21689;node_22025;node_23297;node_23621
PEN,Polyethylene Naphthalate,C27H22O7,negative,-1,458.13655304605,0.6180000000000001,0.448,8,1,8,recombination,node_17529,node_0059 + node_0076 | h_transfer_recombination | electron_gain,node_17529;node_17537;node_17929;node_17933;node_22189;node_22545;node_22725;node_23077
PEN,Polyethylene Naphthalate,C27H22O8,negative,-1,474.13146766562,0.6180000000000001,0.448,8,1,8,recombination,node_18733,node_0063 + node_0076 | h_transfer_recombination | electron_gain,node_18733;node_18741;node_19101;node_19105;node_22205;node_22553;node_22741;node_23085
PEN,Polyethylene Naphthalate,C28H24O8,negative,-1,488.14711773008,0.6180000000000001,0.448,8,1,8,recombination,node_19901,node_0067 + node_0076 | h_transfer_recombination | electron_gain,node_19901;node_19909;node_20285;node_20289;node_22221;node_22561;node_22757;node_23093
PEN,Polyethylene Naphthalate,C28H22O9,negative,-1,502.12638228519,0.6175747235429621,0.447574723542962,8,1,8,recombination,node_17481,node_0059 + node_0064 | h_transfer_recombination | electron_gain,node_17481;node_17569;node_17905;node_17949;node_18757;node_19113;node_23777;node_24113
PEN,Polyethylene Naphthalate,C29H26O8,negative,-1,502.16276779454,0.6175674464410921,0.44756744644109203,8,1,8,recombination,node_21057,node_0071 + node_0076 | h_transfer_recombination | electron_gain,node_21057;node_21065;node_21433;node_21437;node_22237;node_22569;node_22773;node_23101
PEN,Polyethylene Naphthalate,C30H24O10,negative,-1,544.13694696922,0.6171726106061559,0.447172610606156,15,1,15,recombination,node_6095,node_0004 + node_0071 | single_dehydrogenative_recombination | deprotonation,node_6095;node_6131;node_6535;node_6903;node_6943;node_8351;node_8387;node_8751;node_9159;node_9203;node_18713;node_18785;node_19953;node_21093;node_24769
PEN,Polyethylene Naphthalate,C29H24O9,negative,-1,516.14203234965,0.6147715935300699,0.44477159353007,8,1,8,recombination,node_17497,node_0059 + node_0068 | h_transfer_recombination | electron_gain,node_17497;node_17585;node_17913;node_17957;node_19925;node_20297;node_23793;node_24121
PEN,Polyethylene Naphthalate,C31H26O10,negative,-1,558.15259703368,0.614369480593264,0.44436948059326403,11,1,11,recombination,node_6499,node_0006 + node_0071 | single_dehydrogenative_recombination | deprotonation,node_6499;node_6543;node_6911;node_6951;node_8759;node_8799;node_9167;node_9211;node_19881;node_19969;node_21109
PEN,Polyethylene Naphthalate,C30H26O9,negative,-1,530.15768241411,0.611968463517178,0.441968463517178,8,1,8,recombination,node_17513,node_0059 + node_0072 | h_transfer_recombination | electron_gain,node_17513;node_17601;node_17921;node_17965;node_21081;node_21445;node_23809;node_24129
PEN,Polyethylene Naphthalate,C29H24O10,negative,-1,532.13694696922,0.6115726106061561,0.441572610606156,8,1,8,recombination,node_18701,node_0063 + node_0068 | h_transfer_recombination | electron_gain,node_18701;node_18773;node_19085;node_19121;node_19941;node_20305;node_24757;node_25069
PEN,Polyethylene Naphthalate,C30H26O10,negative,-1,546.15259703368,0.608769480593264,0.43876948059326404,10,1,10,recombination,node_18717,node_0063 + node_0072 | h_transfer_recombination | electron_gain,node_18717;node_18789;node_19093;node_19129;node_19957;node_20313;node_21097;node_21453;node_24773;node_25077
PEN,Polyethylene Naphthalate,C12H10O3,positive,1,202.06299418101,0.6080000000000001,0.438,4,1,4,recombination,node_20638,node_0069 + node_0114 | h_transfer_recombination | protonation,node_20638;node_20790;node_20938;node_21014
PEN,Polyethylene Naphthalate,C12H8O3,positive,1,200.04734411655,0.6080000000000001,0.438,18,1,18,recombination,node_20634,node_0069 + node_0113 | dehydrogenative_coupling | protonation,node_6784;node_6860;node_9040;node_9116;node_9458;node_9534;node_11464;node_11508;node_11518;node_11642;node_15400;node_15444;node_15454;node_15578;node_16950;node_17026;node_20634;node_20786
PEN,Polyethylene Naphthalate,C12H8O3,negative,-1,200.04734411655,0.6080000000000001,0.438,12,1,12,recombination,node_20639,node_0069 + node_0114 | h_transfer_recombination | deprotonation,node_6785;node_6861;node_9041;node_9117;node_11465;node_11509;node_15401;node_15445;node_20639;node_20791;node_20939;node_21015
PEN,Polyethylene Naphthalate,C13H10O4,positive,1,230.05790880058,0.6080000000000001,0.438,16,1,16,recombination,node_18286,node_0061 + node_0113 | dehydrogenative_coupling | protonation,node_5972;node_6044;node_8228;node_8300;node_11448;node_11492;node_15384;node_15428;node_18286;node_18430;node_20602;node_20646;node_20922;node_20942;node_24378;node_24522
PEN,Polyethylene Naphthalate,C13H10O4,negative,-1,230.05790880058,0.6080000000000001,0.438,16,1,16,recombination,node_18291,node_0061 + node_0114 | h_transfer_recombination | deprotonation,node_5973;node_6045;node_8229;node_8301;node_11449;node_11493;node_15385;node_15429;node_18291;node_18435;node_18587;node_18659;node_24383;node_24527;node_24643;node_24715
PEN,Polyethylene Naphthalate,C13H12O2,positive,1,200.0837296259,0.6080000000000001,0.438,8,1,8,recombination,node_19406,node_0065 + node_0101 | h_transfer_recombination | protonation,node_19406;node_19602;node_19742;node_19838;node_25266;node_25462;node_25558;node_25654
PEN,Polyethylene Naphthalate,C13H12O4,positive,1,232.07355886504,0.6080000000000001,0.438,8,1,8,recombination,node_18290,node_0061 + node_0114 | h_transfer_recombination | protonation,node_18290;node_18434;node_18586;node_18658;node_24382;node_24526;node_24642;node_24714
PEN,Polyethylene Naphthalate,C13H8O5,positive,1,244.03717335569,0.6080000000000001,0.438,9,1,9,recombination,node_20650,node_0069 + node_0117 | dehydrogenative_coupling | protonation,node_6792;node_9048;node_9466;node_11872;node_11908;node_11918;node_12042;node_16958;node_20650
PEN,Polyethylene Naphthalate,C13H8O5,negative,-1,244.03717335569,0.6080000000000001,0.438,6,1,6,recombination,node_20655,node_0069 + node_0118 | h_transfer_recombination | deprotonation,node_6793;node_9049;node_11873;node_11909;node_20655;node_20947
PEN,Polyethylene Naphthalate,C14H12O3,positive,1,228.07864424547,0.6080000000000001,0.438,42,1,42,recombination,node_19414,node_0065 + node_0103 | h_transfer_recombination | protonation,node_6392;node_6448;node_6832;node_6868;node_8648;node_8704;node_9088;node_9124;node_9506;node_9542;node_9690;node_9746;node_12688;node_12732;node_12754;node_12878;node_13944;node_13988;node_13998;node_14122;node_15600;node_15644;node_15666;node_15790;node_15816;node_15860;node_15870;node_15994;node_16998;node_17034;node_17182;node_17238;node_19414;node_19502;node_19614;node_19746;node_20730;node_20802;node_25274;node_25362;node_25474;node_25562
PEN,Polyethylene Naphthalate,C14H12O3,negative,-1,228.07864424547,0.6080000000000001,0.438,28,1,28,recombination,node_19507,node_0065 + node_0126 | h_transfer_recombination | deprotonation,node_6393;node_6449;node_6833;node_6869;node_8649;node_8705;node_9089;node_9125;node_12689;node_12733;node_13945;node_13989;node_15601;node_15645;node_15817;node_15861;node_19507;node_19619;node_19791;node_19847;node_20735;node_20807;node_20987;node_21023;node_25367;node_25479;node_25607;node_25663
PEN,Polyethylene Naphthalate,C14H14O3,positive,1,230.09429430993,0.6080000000000001,0.438,12,1,12,recombination,node_19506,node_0065 + node_0126 | h_transfer_recombination | protonation,node_19506;node_19618;node_19790;node_19846;node_20734;node_20806;node_20986;node_21022;node_25366;node_25478;node_25606;node_25662
PEN,Polyethylene Naphthalate,C15H10O5,positive,1,270.05282342015,0.6080000000000001,0.438,36,1,36,recombination,node_21722,node_0073 + node_0102 | dehydrogenative_coupling | protonation,node_7180;node_7804;node_9772;node_9816;node_9894;node_9914;node_9934;node_10220;node_10232;node_10546;node_10594;node_10730;node_10798;node_11330;node_11390;node_11798;node_11846;node_12562;node_12598;node_13010;node_13074;node_13806;node_13826;node_16004;node_16048;node_16126;node_16146;node_16166;node_16314;node_16374;node_16522;node_16562;node_16726;node_16746;node_21722;node_23330
PEN,Polyethylene Naphthalate,C15H10O5,negative,-1,270.05282342015,0.6080000000000001,0.438,59,1,59,recombination,node_17623,node_0059 + node_0099 | h_transfer_recombination | deprotonation,node_7181;node_7805;node_9475;node_9495;node_9515;node_9679;node_9699;node_9773;node_9817;node_10221;node_10233;node_12131;node_12255;node_12335;node_12459;node_13171;node_13295;node_13375;node_13499;node_14415;node_14539;node_16005;node_16049;node_16967;node_16987;node_17007;node_17171;node_17191;node_17607;node_17623;node_17855;node_17879;node_18259;node_18335;node_19479;node_19519;node_20667;node_20707;node_20747;node_21727;node_21815;node_21927;node_22043;node_22355;node_22499;node_22891;node_23035;node_23335;node_23423;node_23535;node_23639;node_23815;node_23831;node_24063;node_24087;node_24351;node_24427;node_25339;node_25379
PEN,Polyethylene Naphthalate,C15H10O6,positive,1,286.04773803972,0.6080000000000001,0.438,38,1,38,recombination,node_21730,node_0073 + node_0104 | dehydrogenative_coupling | protonation,node_7184;node_7204;node_7808;node_7828;node_9780;node_9824;node_10428;node_10440;node_11232;node_11276;node_11354;node_11374;node_11394;node_11680;node_11692;node_11990;node_12038;node_12174;node_12242;node_12586;node_12602;node_13218;node_13282;node_13830;node_16012;node_16056;node_16216;node_16260;node_16338;node_16358;node_16378;node_16546;node_16566;node_16750;node_21730;node_21774;node_23338;node_23382
PEN,Polyethylene Naphthalate,C15H10O6,negative,-1,286.04773803972,0.6080000000000001,0.438,40,1,40,recombination,node_17675,node_0059 + node_0112 | h_transfer_recombination | deprotonation,node_7185;node_7205;node_7809;node_7829;node_9781;node_9825;node_10429;node_10441;node_11233;node_11277;node_11681;node_11693;node_16013;node_16057;node_16217;node_16261;node_17675;node_17859;node_18303;node_18343;node_18795;node_18811;node_19035;node_19059;node_21735;node_21779;node_22047;node_22067;node_23343;node_23387;node_23643;node_23663;node_23883;node_24067;node_24395;node_24435;node_24779;node_24795;node_25019;node_25043
PEN,Polyethylene Naphthalate,C15H10O7,positive,1,302.04265265929,0.6080000000000001,0.438,10,1,10,recombination,node_21782,node_0073 + node_0117 | dehydrogenative_coupling | protonation,node_7208;node_7832;node_11240;node_11284;node_11880;node_11892;node_16224;node_16268;node_21782;node_23390
PEN,Polyethylene Naphthalate,C15H10O7,negative,-1,302.04265265929,0.6080000000000001,0.438,16,1,16,recombination,node_18863,node_0063 + node_0112 | h_transfer_recombination | deprotonation,node_7209;node_7833;node_11241;node_11285;node_11881;node_11893;node_16225;node_16269;node_18863;node_19039;node_21787;node_22071;node_23395;node_23667;node_24847;node_25023
PEN,Polyethylene Naphthalate,C15H12O6,positive,1,288.06338810418004,0.6080000000000001,0.438,44,1,44,recombination,node_17674,node_0059 + node_0112 | h_transfer_recombination | protonation,node_5980;node_6000;node_6132;node_6256;node_8236;node_8256;node_8388;node_8512;node_9364;node_9408;node_12056;node_12100;node_13096;node_13140;node_16852;node_16896;node_17674;node_17858;node_18302;node_18342;node_18704;node_18776;node_18794;node_18810;node_19034;node_19058;node_20520;node_21734;node_21778;node_22046;node_22066;node_23342;node_23386;node_23642;node_23662;node_23882;node_24066;node_24394;node_24434;node_24760;node_24778;node_24794;node_25018;node_25042
PEN,Polyethylene Naphthalate,C15H12O7,positive,1,304.05830272375,0.6080000000000001,0.438,8,1,8,recombination,node_18862,node_0063 + node_0112 | h_transfer_recombination | protonation,node_18862;node_19038;node_21786;node_22070;node_23394;node_23666;node_24846;node_25022
PEN,Polyethylene Naphthalate,C15H14O3,positive,1,242.09429430993,0.6080000000000001,0.438,32,1,32,recombination,node_19550,node_0065 + node_0137 | dehydrogenative_coupling | protonation,node_6416;node_6452;node_7404;node_7512;node_7612;node_7720;node_8672;node_8708;node_9714;node_9750;node_11056;node_11060;node_13936;node_13980;node_14002;node_14126;node_15808;node_15852;node_15874;node_15998;node_17206;node_17242;node_17292;node_17296;node_19550;node_19622;node_22302;node_22530;node_22838;node_23066;node_25410;node_25482
PEN,Polyethylene Naphthalate,C15H14O3,negative,-1,242.09429430993,0.6080000000000001,0.438,32,1,32,recombination,node_19555,node_0065 + node_0138 | h_transfer_recombination | deprotonation,node_6417;node_6453;node_7405;node_7513;node_7613;node_7721;node_8673;node_8709;node_11057;node_11061;node_13937;node_13981;node_15809;node_15853;node_17293;node_17297;node_19555;node_19627;node_19815;node_19851;node_22307;node_22535;node_22603;node_22711;node_22843;node_23071;node_23135;node_23243;node_25415;node_25487;node_25631;node_25667
PEN,Polyethylene Naphthalate,C15H14O4,positive,1,258.0892089295,0.6080000000000001,0.438,40,1,40,recombination,node_18374,node_0061 + node_0137 | dehydrogenative_coupling | protonation,node_6016;node_6052;node_7380;node_7508;node_7588;node_7716;node_8272;node_8308;node_9596;node_9600;node_13928;node_13972;node_15800;node_15844;node_17084;node_17088;node_18374;node_18446;node_19300;node_19308;node_19430;node_19514;node_19754;node_19794;node_20618;node_20742;node_20930;node_20990;node_22208;node_22250;node_22522;node_22744;node_22786;node_23058;node_24466;node_24538;node_25290;node_25374;node_25570;node_25610
PEN,Polyethylene Naphthalate,C15H16O3,positive,1,244.10994437439,0.6080000000000001,0.438,16,1,16,recombination,node_19554,node_0065 + node_0138 | h_transfer_recombination | protonation,node_19554;node_19626;node_19814;node_19850;node_22306;node_22534;node_22602;node_22710;node_22842;node_23070;node_23134;node_23242;node_25414;node_25486;node_25630;node_25666
PEN,Polyethylene Naphthalate,C16H12O6,positive,1,300.06338810418004,0.6080000000000001,0.438,52,1,52,recombination,node_17718,node_0059 + node_0123 | dehydrogenative_coupling | protonation,node_5796;node_5864;node_7188;node_7228;node_7812;node_7852;node_8052;node_8120;node_9788;node_9832;node_10636;node_10648;node_11378;node_11398;node_12198;node_12246;node_12382;node_12450;node_12468;node_12512;node_12590;node_12606;node_12626;node_12912;node_12924;node_13238;node_13286;node_13426;node_13490;node_13834;node_13854;node_14466;node_14530;node_16020;node_16064;node_16362;node_16382;node_16428;node_16472;node_16550;node_16570;node_16590;node_16754;node_16774;node_17718;node_17862;node_21738;node_21822;node_23346;node_23430;node_23926;node_24070
PEN,Polyethylene Naphthalate,C16H12O6,negative,-1,300.06338810418004,0.6080000000000001,0.438,50,1,50,recombination,node_17723,node_0059 + node_0124 | h_transfer_recombination | deprotonation,node_5797;node_5865;node_7189;node_7229;node_7813;node_7853;node_8053;node_8121;node_9789;node_9833;node_10637;node_10649;node_12469;node_12513;node_12913;node_12925;node_16021;node_16065;node_16429;node_16473;node_17723;node_17867;node_18023;node_18091;node_18311;node_18351;node_18391;node_18803;node_19067;node_19979;node_19995;node_20227;node_20251;node_21743;node_21827;node_22051;node_22091;node_23351;node_23435;node_23647;node_23687;node_23931;node_24075;node_24187;node_24255;node_24403;node_24443;node_24483;node_24787;node_25051
PEN,Polyethylene Naphthalate,C16H12O7,positive,1,316.05830272375,0.6080000000000001,0.438,28,1,28,recombination,node_18898,node_0063 + node_0123 | dehydrogenative_coupling | protonation,node_6180;node_6248;node_7212;node_7232;node_7836;node_7856;node_8436;node_8504;node_11248;node_11292;node_12080;node_12092;node_12476;node_12520;node_13120;node_13132;node_16232;node_16276;node_16436;node_16480;node_18898;node_19042;node_21790;node_21830;node_23398;node_23438;node_24882;node_25026
PEN,Polyethylene Naphthalate,C16H12O7,negative,-1,316.05830272375,0.6080000000000001,0.438,38,1,38,recombination,node_18903,node_0063 + node_0124 | h_transfer_recombination | deprotonation,node_6181;node_6249;node_7213;node_7233;node_7837;node_7857;node_8437;node_8505;node_11249;node_11293;node_12081;node_12093;node_12477;node_12521;node_13121;node_13133;node_16233;node_16277;node_16437;node_16481;node_18903;node_19047;node_19183;node_19251;node_20047;node_20231;node_21795;node_21835;node_22075;node_22095;node_23403;node_23443;node_23671;node_23691;node_24887;node_25031;node_25131;node_25199
PEN,Polyethylene Naphthalate,C16H14O6,positive,1,302.07903816864,0.6080000000000001,0.438,73,1,73,recombination,node_17722,node_0059 + node_0124 | h_transfer_recombination | protonation,node_5984;node_6004;node_6024;node_6136;node_6260;node_6544;node_6672;node_8240;node_8260;node_8280;node_8392;node_8516;node_8800;node_8928;node_9372;node_9416;node_9572;node_9616;node_12264;node_12308;node_13304;node_13348;node_14344;node_14388;node_16860;node_16904;node_17060;node_17104;node_17468;node_17556;node_17722;node_17866;node_18022;node_18090;node_18172;node_18310;node_18350;node_18390;node_18688;node_18760;node_18802;node_19066;node_19340;node_19872;node_19960;node_19978;node_19994;node_20226;node_20250;node_20536;node_21612;node_21620;node_21742;node_21826;node_22050;node_22090;node_22176;node_22712;node_23350;node_23434;node_23646;node_23686;node_23764;node_23930;node_24074;node_24186;node_24254;node_24402;node_24442;node_24482;node_24744;node_24786;node_25050
PEN,Polyethylene Naphthalate,C16H14O7,positive,1,318.07395278821,0.6080000000000001,0.438,18,1,18,recombination,node_18902,node_0063 + node_0124 | h_transfer_recombination | protonation,node_18902;node_19046;node_19182;node_19250;node_20046;node_20230;node_21794;node_21834;node_22074;node_22094;node_23402;node_23442;node_23670;node_23690;node_24886;node_25030;node_25130;node_25198
PEN,Polyethylene Naphthalate,C16H16O4,positive,1,272.10485899396,0.6080000000000001,0.438,16,1,16,recombination,node_17670,node_0059 + node_0111 | h_transfer_recombination | protonation,node_17670;node_17898;node_17998;node_18106;node_19438;node_19562;node_19758;node_19818;node_23878;node_24106;node_24162;node_24270;node_25298;node_25422;node_25574;node_25634
PEN,Polyethylene Naphthalate,C17H14O6,positive,1,314.07903816864,0.6080000000000001,0.438,50,1,50,recombination,node_17766,node_0059 + node_0135 | dehydrogenative_coupling | protonation,node_5820;node_5868;node_7192;node_7252;node_7816;node_7876;node_8076;node_8124;node_9796;node_9840;node_10844;node_10856;node_11402;node_12406;node_12454;node_12610;node_12630;node_13446;node_13494;node_13634;node_13698;node_13716;node_13760;node_13838;node_13858;node_13874;node_14160;node_14172;node_14490;node_14534;node_14674;node_14738;node_16028;node_16072;node_16386;node_16574;node_16594;node_16636;node_16680;node_16758;node_16778;node_16798;node_17766;node_17870;node_21746;node_21870;node_23354;node_23478;node_23974;node_24078
PEN,Polyethylene Naphthalate,C17H14O6,negative,-1,314.07903816864,0.6080000000000001,0.438,46,1,46,recombination,node_17771,node_0059 + node_0136 | h_transfer_recombination | deprotonation,node_5821;node_5869;node_7193;node_7253;node_7817;node_7877;node_8077;node_8125;node_9797;node_9841;node_10845;node_10857;node_13717;node_13761;node_14161;node_14173;node_16029;node_16073;node_16637;node_16681;node_17771;node_17875;node_18047;node_18095;node_18359;node_18399;node_19987;node_20259;node_21135;node_21151;node_21383;node_21407;node_21751;node_21875;node_22055;node_22115;node_23359;node_23483;node_23651;node_23711;node_23979;node_24083;node_24211;node_24259;node_24451;node_24491
PEN,Polyethylene Naphthalate,C17H14O7,positive,1,330.07395278821,0.6080000000000001,0.438,48,1,48,recombination,node_18946,node_0063 + node_0135 | dehydrogenative_coupling | protonation,node_6204;node_6252;node_6596;node_6664;node_7216;node_7236;node_7256;node_7840;node_7860;node_7880;node_8460;node_8508;node_8852;node_8920;node_11256;node_11300;node_12288;node_12300;node_12484;node_12528;node_13328;node_13340;node_13724;node_13768;node_14368;node_14380;node_16240;node_16284;node_16444;node_16488;node_16644;node_16688;node_17516;node_17540;node_18946;node_19050;node_20090;node_20234;node_21636;node_21798;node_21838;node_21878;node_23244;node_23406;node_23446;node_23486;node_24930;node_25034
PEN,Polyethylene Naphthalate,C17H16O5,positive,1,300.09977361353,0.6080000000000001,0.438,39,1,39,recombination,node_19534,node_0065 + node_0133 | dehydrogenative_coupling | protonation,node_6408;node_6428;node_6572;node_6680;node_6848;node_8664;node_8684;node_8828;node_8936;node_9104;node_9522;node_9706;node_9726;node_11040;node_11084;node_13520;node_13564;node_13586;node_13710;node_14560;node_14604;node_14626;node_14750;node_14776;node_14820;node_14830;node_14954;node_17014;node_17198;node_17218;node_17276;node_17320;node_19534;node_19574;node_20038;node_20266;node_20762;node_25394;node_25434
PEN,Polyethylene Naphthalate,C17H16O5,negative,-1,300.09977361353,0.6080000000000001,0.438,34,1,34,recombination,node_19539,node_0065 + node_0134 | h_transfer_recombination | deprotonation,node_6409;node_6429;node_6573;node_6681;node_6849;node_8665;node_8685;node_8829;node_8937;node_9105;node_11041;node_11085;node_13521;node_13565;node_14561;node_14605;node_14777;node_14821;node_17277;node_17321;node_19539;node_19579;node_19807;node_19827;node_20043;node_20271;node_20355;node_20463;node_20767;node_21003;node_25399;node_25439;node_25623;node_25643
PEN,Polyethylene Naphthalate,C17H16O6,positive,1,316.0946882331,0.6080000000000001,0.438,57,1,57,recombination,node_17770,node_0059 + node_0136 | h_transfer_recombination | protonation,node_6008;node_6028;node_6548;node_6676;node_6960;node_7088;node_8264;node_8284;node_8804;node_8932;node_9216;node_9344;node_9380;node_9424;node_9580;node_9624;node_13512;node_13556;node_14552;node_14596;node_16868;node_16912;node_17068;node_17112;node_17770;node_17874;node_18046;node_18094;node_18358;node_18398;node_19268;node_19356;node_19944;node_19986;node_20258;node_20464;node_20552;node_21116;node_21134;node_21150;node_21382;node_21406;node_21750;node_21874;node_22054;node_22114;node_23358;node_23482;node_23650;node_23710;node_23978;node_24082;node_24210;node_24258;node_24450;node_24490;node_25216
PEN,Polyethylene Naphthalate,C17H18O5,positive,1,302.11542367799,0.6080000000000001,0.438,14,1,14,recombination,node_19538,node_0065 + node_0134 | h_transfer_recombination | protonation,node_19538;node_19578;node_19806;node_19826;node_20042;node_20270;node_20354;node_20462;node_20766;node_21002;node_25398;node_25438;node_25622;node_25642
PEN,Polyethylene Naphthalate,C18H16O7,positive,1,344.08960285267,0.6080000000000001,0.438,32,1,32,recombination,node_20138,node_0067 + node_0135 | dehydrogenative_coupling | protonation,node_6620;node_6668;node_7012;node_7080;node_7240;node_7260;node_7864;node_7884;node_8876;node_8924;node_9268;node_9336;node_12492;node_12536;node_13536;node_13548;node_13732;node_13776;node_14576;node_14588;node_16452;node_16496;node_16652;node_16696;node_20138;node_20242;node_21246;node_21390;node_21846;node_21886;node_23454;node_23494
PEN,Polyethylene Naphthalate,C18H16O7,negative,-1,344.08960285267,0.6080000000000001,0.438,40,1,40,recombination,node_20143,node_0067 + node_0136 | h_transfer_recombination | deprotonation,node_6621;node_6669;node_7013;node_7081;node_7241;node_7261;node_7865;node_7885;node_8877;node_8925;node_9269;node_9337;node_12493;node_12537;node_13537;node_13549;node_13733;node_13777;node_14577;node_14589;node_16453;node_16497;node_16653;node_16697;node_20143;node_20247;node_20403;node_20451;node_21251;node_21395;node_21527;node_21595;node_21851;node_21891;node_22103;node_22123;node_23459;node_23499;node_23699;node_23719
PEN,Polyethylene Naphthalate,C18H18O5,positive,1,314.11542367799,0.6080000000000001,0.438,20,1,20,recombination,node_19582,node_0065 + node_0145 | dehydrogenative_coupling | protonation,node_6432;node_6988;node_7096;node_8688;node_9244;node_9352;node_9730;node_11048;node_11092;node_14768;node_14812;node_14834;node_14958;node_17222;node_17284;node_17328;node_19582;node_21194;node_21422;node_25442
PEN,Polyethylene Naphthalate,C18H18O5,negative,-1,314.11542367799,0.6080000000000001,0.438,20,1,20,recombination,node_19587,node_0065 + node_0146 | h_transfer_recombination | deprotonation,node_6433;node_6989;node_7097;node_8689;node_9245;node_9353;node_11049;node_11093;node_14769;node_14813;node_17285;node_17329;node_19587;node_19831;node_21199;node_21427;node_21503;node_21611;node_25447;node_25647
PEN,Polyethylene Naphthalate,C18H18O6,positive,1,330.11033829756,0.6080000000000001,0.438,20,1,20,recombination,node_18406,node_0061 + node_0145 | dehydrogenative_coupling | protonation,node_6032;node_6964;node_7092;node_8288;node_9220;node_9348;node_9588;node_9632;node_14760;node_14804;node_17076;node_17120;node_18406;node_19284;node_19372;node_21100;node_21142;node_21414;node_24498;node_25232
PEN,Polyethylene Naphthalate,C18H18O7,positive,1,346.10525291713003,0.6080000000000001,0.438,20,1,20,recombination,node_20142,node_0067 + node_0136 | h_transfer_recombination | protonation,node_18132;node_18204;node_20142;node_20246;node_20402;node_20450;node_21084;node_21250;node_21394;node_21526;node_21594;node_21850;node_21890;node_22102;node_22122;node_23458;node_23498;node_23698;node_23718;node_24296
PEN,Polyethylene Naphthalate,C18H20O5,positive,1,316.13107374245,0.6080000000000001,0.438,8,1,8,recombination,node_19586,node_0065 + node_0146 | h_transfer_recombination | protonation,node_19586;node_19830;node_21198;node_21426;node_21502;node_21610;node_25446;node_25646
PEN,Polyethylene Naphthalate,C19H18O7,positive,1,358.10525291713003,0.6080000000000001,0.438,16,1,16,recombination,node_21294,node_0071 + node_0135 | dehydrogenative_coupling | protonation,node_7036;node_7084;node_7264;node_7888;node_9292;node_9340;node_13740;node_13784;node_14784;node_14796;node_16660;node_16704;node_21294;node_21398;node_21894;node_23502
PEN,Polyethylene Naphthalate,C19H18O7,negative,-1,358.10525291713003,0.6080000000000001,0.438,20,1,20,recombination,node_21299,node_0071 + node_0136 | h_transfer_recombination | deprotonation,node_7037;node_7085;node_7265;node_7889;node_9293;node_9341;node_13741;node_13785;node_14785;node_14797;node_16661;node_16705;node_21299;node_21403;node_21551;node_21599;node_21899;node_22127;node_23507;node_23723
PEN,Polyethylene Naphthalate,C19H20O7,positive,1,360.12090298159,0.6080000000000001,0.438,8,1,8,recombination,node_21298,node_0071 + node_0136 | h_transfer_recombination | protonation,node_21298;node_21402;node_21550;node_21598;node_21898;node_22126;node_23506;node_23722
PEN,Polyethylene Naphthalate,C2,negative,-1,24.0,0.6080000000000001,0.6080000000000001,1,1,1,feature_rule,node_5202,M | universal_hydrocarbon | hydrocarbon_small_fragments | small_hc_C2,node_5202
PEN,Polyethylene Naphthalate,C23H16O3,positive,1,340.10994437439,0.6080000000000001,0.438,6,1,6,recombination,node_22450,node_0075 + node_0147 | dehydrogenative_coupling | protonation,node_7476;node_7684;node_14996;node_15000;node_22450;node_22986
PEN,Polyethylene Naphthalate,C23H16O3,negative,-1,340.10994437439,0.6080000000000001,0.438,8,1,8,recombination,node_22455,node_0075 + node_0148 | h_transfer_recombination | deprotonation,node_7477;node_7685;node_14997;node_15001;node_22455;node_22675;node_22991;node_23207
PEN,Polyethylene Naphthalate,C23H18O3,positive,1,342.12559443885,0.6080000000000001,0.438,4,1,4,recombination,node_22454,node_0075 + node_0148 | h_transfer_recombination | protonation,node_22454;node_22674;node_22990;node_23206
PEN,Polyethylene Naphthalate,C24H16O4,positive,1,368.10485899396,0.6080000000000001,0.438,34,1,34,recombination,node_17814,node_0059 + node_0147 | dehydrogenative_coupling | protonation,node_5844;node_7384;node_7480;node_7592;node_7688;node_8100;node_10016;node_10020;node_11594;node_11630;node_12430;node_12858;node_13470;node_14030;node_14102;node_14510;node_14964;node_15008;node_15086;node_15106;node_15126;node_15204;node_15208;node_15534;node_15566;node_15718;node_15902;node_15978;node_17814;node_22262;node_22458;node_22798;node_22994;node_24022
PEN,Polyethylene Naphthalate,C24H16O4,negative,-1,368.10485899396,0.6080000000000001,0.438,24,1,24,recombination,node_17819,node_0059 + node_0148 | h_transfer_recombination | deprotonation,node_5845;node_7385;node_7481;node_7593;node_7689;node_8101;node_10017;node_10021;node_14965;node_15009;node_15205;node_15209;node_17819;node_18071;node_22267;node_22463;node_22583;node_22679;node_22803;node_22999;node_23115;node_23211;node_24027;node_24235
PEN,Polyethylene Naphthalate,C24H16O5,positive,1,384.09977361353,0.6080000000000001,0.438,18,1,18,recombination,node_18994,node_0063 + node_0147 | dehydrogenative_coupling | protonation,node_6228;node_7408;node_7484;node_7616;node_7692;node_8484;node_11476;node_11480;node_14972;node_15016;node_15412;node_15416;node_18994;node_22314;node_22466;node_22850;node_23002;node_24978
PEN,Polyethylene Naphthalate,C24H16O5,negative,-1,384.09977361353,0.6080000000000001,0.438,24,1,24,recombination,node_18999,node_0063 + node_0148 | h_transfer_recombination | deprotonation,node_6229;node_7409;node_7485;node_7617;node_7693;node_8485;node_11477;node_11481;node_14973;node_15017;node_15413;node_15417;node_18999;node_19231;node_22319;node_22471;node_22607;node_22683;node_22855;node_23007;node_23139;node_23215;node_24983;node_25179
PEN,Polyethylene Naphthalate,C24H18O4,positive,1,370.12050905842,0.6080000000000001,0.438,12,1,12,recombination,node_17818,node_0059 + node_0148 | h_transfer_recombination | protonation,node_17818;node_18070;node_22266;node_22462;node_22582;node_22678;node_22802;node_22998;node_23114;node_23210;node_24026;node_24234
PEN,Polyethylene Naphthalate,C24H18O5,positive,1,386.11542367799,0.6080000000000001,0.438,12,1,12,recombination,node_18998,node_0063 + node_0148 | h_transfer_recombination | protonation,node_18998;node_19230;node_22318;node_22470;node_22606;node_22682;node_22854;node_23006;node_23138;node_23214;node_24982;node_25178
PEN,Polyethylene Naphthalate,C25H16O5,positive,1,396.09977361353,0.6080000000000001,0.438,54,1,54,recombination,node_17626,node_0059 + node_0100 | dehydrogenative_coupling | protonation,node_5752;node_5848;node_7388;node_7596;node_8008;node_8104;node_9984;node_10028;node_10102;node_10122;node_10142;node_10224;node_10228;node_10550;node_10586;node_10734;node_10790;node_10918;node_10994;node_11542;node_11598;node_11802;node_11838;node_12342;node_12434;node_12770;node_12806;node_13014;node_13066;node_13382;node_13474;node_14014;node_14034;node_14238;node_14310;node_14422;node_14514;node_15172;node_15216;node_15294;node_15314;node_15334;node_15478;node_15538;node_15682;node_15722;node_15886;node_15906;node_17626;node_17822;node_22270;node_22806;node_23834;node_24030
PEN,Polyethylene Naphthalate,C25H16O5,negative,-1,396.09977361353,0.6080000000000001,0.438,29,1,29,recombination,node_17631,node_0059 + node_0101 | h_transfer_recombination | deprotonation,node_5753;node_5849;node_7389;node_7597;node_8009;node_8105;node_9985;node_10029;node_10225;node_10229;node_15173;node_15217;node_17631;node_17827;node_17979;node_18075;node_20187;node_22275;node_22363;node_22475;node_22587;node_22811;node_22899;node_23011;node_23119;node_23839;node_24035;node_24143;node_24239
PEN,Polyethylene Naphthalate,C25H16O6,positive,1,412.0946882331,0.6080000000000001,0.438,60,1,60,recombination,node_17678,node_0059 + node_0113 | dehydrogenative_coupling | protonation,node_5776;node_5852;node_6140;node_6232;node_7392;node_7412;node_7600;node_7620;node_8032;node_8108;node_8396;node_8488;node_9992;node_10036;node_10432;node_10436;node_11444;node_11488;node_11562;node_11582;node_11602;node_11684;node_11688;node_11994;node_12030;node_12178;node_12234;node_12366;node_12438;node_12794;node_12810;node_13222;node_13274;node_13406;node_13478;node_14038;node_14446;node_14518;node_15180;node_15224;node_15380;node_15424;node_15502;node_15522;node_15542;node_15706;node_15726;node_15910;node_17678;node_17830;node_18814;node_19002;node_22278;node_22322;node_22814;node_22858;node_23886;node_24038;node_24798;node_24986
PEN,Polyethylene Naphthalate,C25H16O6,negative,-1,412.0946882331,0.6080000000000001,0.438,48,1,48,recombination,node_17683,node_0059 + node_0114 | h_transfer_recombination | deprotonation,node_5777;node_5853;node_6141;node_6233;node_7393;node_7413;node_7601;node_7621;node_8033;node_8109;node_8397;node_8489;node_9993;node_10037;node_10433;node_10437;node_11445;node_11489;node_11685;node_11689;node_15181;node_15225;node_15381;node_15425;node_17683;node_17835;node_18003;node_18079;node_18819;node_19007;node_19143;node_19235;node_22283;node_22327;node_22591;node_22611;node_22819;node_22863;node_23123;node_23143;node_23891;node_24043;node_24167;node_24243;node_24803;node_24991;node_25091;node_25183
PEN,Polyethylene Naphthalate,C25H16O7,positive,1,428.08960285267,0.6080000000000001,0.438,18,1,18,recombination,node_18866,node_0063 + node_0113 | dehydrogenative_coupling | protonation,node_6164;node_6236;node_7416;node_7624;node_8420;node_8492;node_11452;node_11496;node_11884;node_11888;node_15388;node_15432;node_18866;node_19010;node_22330;node_22866;node_24850;node_24994
PEN,Polyethylene Naphthalate,C25H16O7,negative,-1,428.08960285267,0.6080000000000001,0.438,24,1,24,recombination,node_18871,node_0063 + node_0114 | h_transfer_recombination | deprotonation,node_6165;node_6237;node_7417;node_7625;node_8421;node_8493;node_11453;node_11497;node_11885;node_11889;node_15389;node_15433;node_18871;node_19015;node_19167;node_19239;node_22335;node_22615;node_22871;node_23147;node_24855;node_24999;node_25115;node_25187
PEN,Polyethylene Naphthalate,C25H18O5,positive,1,398.11542367799,0.6080000000000001,0.438,29,1,29,recombination,node_17630,node_0059 + node_0101 | h_transfer_recombination | protonation,node_6644;node_7432;node_7488;node_7640;node_7696;node_8900;node_12708;node_12712;node_14980;node_15024;node_15620;node_15624;node_17630;node_17826;node_17978;node_18074;node_20186;node_22274;node_22362;node_22474;node_22586;node_22810;node_22898;node_23010;node_23118;node_23838;node_24034;node_24142;node_24238
PEN,Polyethylene Naphthalate,C25H18O5,negative,-1,398.11542367799,0.6080000000000001,0.438,22,1,22,recombination,node_20191,node_0067 + node_0148 | h_transfer_recombination | deprotonation,node_6645;node_7433;node_7489;node_7641;node_7697;node_8901;node_12709;node_12713;node_14981;node_15025;node_15621;node_15625;node_20191;node_20427;node_22367;node_22479;node_22631;node_22687;node_22903;node_23015;node_23163;node_23219
PEN,Polyethylene Naphthalate,C25H18O6,positive,1,414.11033829756,0.6080000000000001,0.438,24,1,24,recombination,node_17682,node_0059 + node_0114 | h_transfer_recombination | protonation,node_17682;node_17834;node_18002;node_18078;node_18818;node_19006;node_19142;node_19234;node_22282;node_22326;node_22590;node_22610;node_22818;node_22862;node_23122;node_23142;node_23890;node_24042;node_24166;node_24242;node_24802;node_24990;node_25090;node_25182
PEN,Polyethylene Naphthalate,C25H18O7,positive,1,430.10525291713003,0.6080000000000001,0.438,12,1,12,recombination,node_18870,node_0063 + node_0114 | h_transfer_recombination | protonation,node_18870;node_19014;node_19166;node_19238;node_22334;node_22614;node_22870;node_23146;node_24854;node_24998;node_25114;node_25186
PEN,Polyethylene Naphthalate,C25H20O5,positive,1,400.13107374245,0.6080000000000001,0.438,10,1,10,recombination,node_20190,node_0067 + node_0148 | h_transfer_recombination | protonation,node_20190;node_20426;node_22366;node_22478;node_22630;node_22686;node_22902;node_23014;node_23162;node_23218
PEN,Polyethylene Naphthalate,C26H16O6,positive,1,424.0946882331,0.6080000000000001,0.438,22,1,22,recombination,node_17634,node_0059 + node_0102 | dehydrogenative_coupling | protonation,node_5756;node_8012;node_10192;node_10236;node_10310;node_10330;node_10350;node_10494;node_10554;node_10738;node_10906;node_10922;node_11750;node_11806;node_12346;node_12978;node_13386;node_14222;node_14242;node_14426;node_17634;node_23842
PEN,Polyethylene Naphthalate,C26H16O6,negative,-1,424.0946882331,0.6080000000000001,0.438,46,1,46,recombination,node_17639,node_0059 + node_0103 | h_transfer_recombination | deprotonation,node_5757;node_8013;node_10193;node_10237;node_11587;node_11607;node_12203;node_12239;node_12387;node_12443;node_12799;node_12815;node_12835;node_13243;node_13279;node_13431;node_13483;node_13615;node_13687;node_14043;node_14063;node_14471;node_14523;node_14655;node_14727;node_15527;node_15547;node_15711;node_15731;node_15751;node_15915;node_15935;node_17639;node_17727;node_17839;node_17983;node_19999;node_20195;node_22287;node_22371;node_22823;node_22907;node_23847;node_23935;node_24047;node_24147
PEN,Polyethylene Naphthalate,C26H16O7,positive,1,440.08960285267,0.6080000000000001,0.438,42,1,42,recombination,node_17642,node_0059 + node_0104 | dehydrogenative_coupling | protonation,node_5760;node_5780;node_6144;node_8016;node_8036;node_8400;node_10200;node_10244;node_10400;node_10444;node_10518;node_10538;node_10558;node_10722;node_10742;node_10926;node_11652;node_11696;node_11770;node_11790;node_11810;node_11942;node_11998;node_12146;node_12182;node_12350;node_12370;node_13002;node_13018;node_13186;node_13226;node_13390;node_13410;node_14246;node_14430;node_14450;node_17642;node_17686;node_18822;node_23850;node_23894;node_24806
PEN,Polyethylene Naphthalate,C26H16O7,negative,-1,440.08960285267,0.6080000000000001,0.438,34,1,34,recombination,node_17647,node_0059 + node_0105 | h_transfer_recombination | deprotonation,node_5761;node_5781;node_6145;node_8017;node_8037;node_8401;node_10201;node_10245;node_10401;node_10445;node_11653;node_11697;node_17647;node_17691;node_17987;node_18007;node_18827;node_18907;node_19019;node_19147;node_20051;node_20203;node_22339;node_22379;node_22875;node_22915;node_23855;node_23899;node_24151;node_24171;node_24811;node_24891;node_25003;node_25095
PEN,Polyethylene Naphthalate,C26H16O8,positive,1,456.08451747224,0.6080000000000001,0.438,26,1,26,recombination,node_17694,node_0059 + node_0117 | dehydrogenative_coupling | protonation,node_5784;node_6148;node_6168;node_8040;node_8404;node_8424;node_10408;node_10452;node_11660;node_11704;node_11860;node_11896;node_11962;node_11982;node_12002;node_12186;node_12374;node_13210;node_13414;node_14454;node_17694;node_18830;node_18874;node_23902;node_24814;node_24858
PEN,Polyethylene Naphthalate,C26H16O8,negative,-1,456.08451747224,0.6080000000000001,0.438,24,1,24,recombination,node_17699,node_0059 + node_0118 | h_transfer_recombination | deprotonation,node_5785;node_6149;node_6169;node_8041;node_8405;node_8425;node_10409;node_10453;node_11661;node_11705;node_11861;node_11897;node_17699;node_18011;node_18835;node_18879;node_19151;node_19171;node_23907;node_24175;node_24819;node_24863;node_25099;node_25119
PEN,Polyethylene Naphthalate,C26H18O6,positive,1,426.11033829756,0.6080000000000001,0.438,66,1,66,recombination,node_17638,node_0059 + node_0103 | h_transfer_recombination | protonation,node_5800;node_5856;node_6552;node_6648;node_7396;node_7436;node_7604;node_7644;node_8056;node_8112;node_8808;node_8904;node_10000;node_10044;node_10640;node_10644;node_11586;node_11606;node_12202;node_12238;node_12386;node_12442;node_12676;node_12720;node_12798;node_12814;node_12834;node_12916;node_12920;node_13242;node_13278;node_13430;node_13482;node_13614;node_13686;node_14042;node_14062;node_14470;node_14522;node_14654;node_14726;node_15188;node_15232;node_15526;node_15546;node_15588;node_15632;node_15710;node_15730;node_15750;node_15914;node_15934;node_17638;node_17726;node_17838;node_17982;node_19998;node_20194;node_22286;node_22370;node_22822;node_22906;node_23846;node_23934;node_24046;node_24146
PEN,Polyethylene Naphthalate,C26H18O6,negative,-1,426.11033829756,0.6080000000000001,0.438,44,1,44,recombination,node_17731,node_0059 + node_0126 | h_transfer_recombination | deprotonation,node_5801;node_5857;node_6553;node_6649;node_7397;node_7437;node_7605;node_7645;node_8057;node_8113;node_8809;node_8905;node_10001;node_10045;node_10641;node_10645;node_12677;node_12721;node_12917;node_12921;node_15189;node_15233;node_15589;node_15633;node_17731;node_17843;node_18027;node_18083;node_20003;node_20199;node_20335;node_20431;node_22291;node_22375;node_22595;node_22635;node_22827;node_22911;node_23127;node_23167;node_23939;node_24051;node_24191;node_24247
PEN,Polyethylene Naphthalate,C26H18O7,positive,1,442.10525291713003,0.6080000000000001,0.438,46,1,46,recombination,node_17646,node_0059 + node_0105 | h_transfer_recombination | protonation,node_6184;node_6240;node_6576;node_6652;node_7420;node_7440;node_7628;node_7648;node_8440;node_8496;node_8832;node_8908;node_11460;node_11504;node_12084;node_12088;node_12684;node_12728;node_13124;node_13128;node_15396;node_15440;node_15596;node_15640;node_17646;node_17690;node_17986;node_18006;node_18826;node_18906;node_19018;node_19146;node_20050;node_20202;node_22338;node_22378;node_22874;node_22914;node_23854;node_23898;node_24150;node_24170;node_24810;node_24890;node_25002;node_25094
PEN,Polyethylene Naphthalate,C26H18O7,negative,-1,442.10525291713003,0.6080000000000001,0.438,44,1,44,recombination,node_18911,node_0063 + node_0126 | h_transfer_recombination | deprotonation,node_6185;node_6241;node_6577;node_6653;node_7421;node_7441;node_7629;node_7649;node_8441;node_8497;node_8833;node_8909;node_11461;node_11505;node_12085;node_12089;node_12685;node_12729;node_13125;node_13129;node_15397;node_15441;node_15597;node_15641;node_18911;node_19023;node_19187;node_19243;node_20055;node_20207;node_20359;node_20435;node_22343;node_22383;node_22619;node_22639;node_22879;node_22919;node_23151;node_23171;node_24895;node_25007;node_25135;node_25191
PEN,Polyethylene Naphthalate,C26H18O8,positive,1,458.1001675367,0.6080000000000001,0.438,12,1,12,recombination,node_17698,node_0059 + node_0118 | h_transfer_recombination | protonation,node_17698;node_18010;node_18834;node_18878;node_19150;node_19170;node_23906;node_24174;node_24818;node_24862;node_25098;node_25118
PEN,Polyethylene Naphthalate,C26H20O5,positive,1,412.13107374245,0.6080000000000001,0.438,17,1,17,recombination,node_21342,node_0071 + node_0147 | dehydrogenative_coupling | protonation,node_7060;node_7456;node_7492;node_7664;node_7700;node_9316;node_13956;node_13960;node_14988;node_15032;node_15828;node_15832;node_21342;node_22410;node_22482;node_22946;node_23018
PEN,Polyethylene Naphthalate,C26H20O5,negative,-1,412.13107374245,0.6080000000000001,0.438,22,1,22,recombination,node_21347,node_0071 + node_0148 | h_transfer_recombination | deprotonation,node_7061;node_7457;node_7493;node_7665;node_7701;node_9317;node_13957;node_13961;node_14989;node_15033;node_15829;node_15833;node_21347;node_21575;node_22415;node_22487;node_22655;node_22691;node_22951;node_23023;node_23187;node_23223
PEN,Polyethylene Naphthalate,C26H20O6,positive,1,428.12598836202,0.6080000000000001,0.438,21,1,21,recombination,node_17730,node_0059 + node_0126 | h_transfer_recombination | protonation,node_17730;node_17842;node_18026;node_18082;node_20002;node_20198;node_20334;node_20430;node_22168;node_22290;node_22374;node_22594;node_22634;node_22826;node_22910;node_23126;node_23166;node_23938;node_24050;node_24190;node_24246
PEN,Polyethylene Naphthalate,C26H20O7,positive,1,444.12090298159,0.6080000000000001,0.438,20,1,20,recombination,node_18910,node_0063 + node_0126 | h_transfer_recombination | protonation,node_18910;node_19022;node_19186;node_19242;node_20054;node_20206;node_20358;node_20434;node_22342;node_22382;node_22618;node_22638;node_22878;node_22918;node_23150;node_23170;node_24894;node_25006;node_25134;node_25190
PEN,Polyethylene Naphthalate,C26H22O5,positive,1,414.14672380691,0.6080000000000001,0.438,10,1,10,recombination,node_21346,node_0071 + node_0148 | h_transfer_recombination | protonation,node_21346;node_21574;node_22414;node_22486;node_22654;node_22690;node_22950;node_23022;node_23186;node_23222
PEN,Polyethylene Naphthalate,C27H18O7,positive,1,454.10525291713003,0.6080000000000001,0.438,45,1,45,recombination,node_17650,node_0059 + node_0106 | dehydrogenative_coupling | protonation,node_5764;node_5804;node_6556;node_8020;node_8060;node_8812;node_10208;node_10252;node_10542;node_10562;node_10608;node_10652;node_10726;node_10746;node_10766;node_10930;node_10950;node_11794;node_11814;node_12150;node_12206;node_12354;node_12390;node_12884;node_12928;node_13006;node_13022;node_13042;node_13190;node_13246;node_13394;node_13434;node_13598;node_13618;node_14250;node_14270;node_14434;node_14474;node_14638;node_14658;node_17650;node_17734;node_20006;node_23858;node_23942
PEN,Polyethylene Naphthalate,C27H18O7,negative,-1,454.10525291713003,0.6080000000000001,0.438,36,1,36,recombination,node_17655,node_0059 + node_0107 | h_transfer_recombination | deprotonation,node_5765;node_5805;node_6557;node_8021;node_8061;node_8813;node_10209;node_10253;node_10609;node_10653;node_12885;node_12929;node_17655;node_17739;node_17991;node_18031;node_18955;node_19027;node_20011;node_20099;node_20211;node_20339;node_21207;node_21359;node_22347;node_22387;node_22427;node_22883;node_22923;node_22963;node_23863;node_23947;node_24155;node_24195;node_24939;node_25011
PEN,Polyethylene Naphthalate,C27H18O8,positive,1,470.1001675367,0.6080000000000001,0.438,50,1,50,recombination,node_17702,node_0059 + node_0119 | dehydrogenative_coupling | protonation,node_5788;node_5808;node_6152;node_6188;node_6560;node_6580;node_8044;node_8064;node_8408;node_8444;node_8816;node_8836;node_10416;node_10460;node_10616;node_10660;node_11668;node_11712;node_11986;node_12006;node_12052;node_12096;node_12170;node_12190;node_12210;node_12378;node_12394;node_12892;node_12936;node_13092;node_13136;node_13214;node_13230;node_13250;node_13418;node_13438;node_13622;node_14458;node_14478;node_14662;node_17702;node_17742;node_18838;node_18914;node_20014;node_20058;node_23910;node_23950;node_24822;node_24898
PEN,Polyethylene Naphthalate,C27H18O8,negative,-1,470.1001675367,0.6080000000000001,0.438,44,1,44,recombination,node_17707,node_0059 + node_0120 | h_transfer_recombination | deprotonation,node_5789;node_5809;node_6153;node_6189;node_6561;node_6581;node_8045;node_8065;node_8409;node_8445;node_8817;node_8837;node_10417;node_10461;node_10617;node_10661;node_11669;node_11713;node_12053;node_12097;node_12893;node_12937;node_13093;node_13137;node_17707;node_17747;node_18015;node_18035;node_18843;node_18919;node_19155;node_19191;node_20019;node_20063;node_20343;node_20363;node_23915;node_23955;node_24179;node_24199;node_24827;node_24903;node_25103;node_25139
PEN,Polyethylene Naphthalate,C27H18O9,positive,1,486.09508215627,0.6080000000000001,0.438,17,1,17,recombination,node_18882,node_0063 + node_0119 | dehydrogenative_coupling | protonation,node_6172;node_6192;node_6584;node_8428;node_8448;node_8840;node_11868;node_11904;node_12060;node_12104;node_13100;node_13144;node_18882;node_18922;node_20066;node_24866;node_24906
PEN,Polyethylene Naphthalate,C27H18O9,negative,-1,486.09508215627,0.6080000000000001,0.438,22,1,22,recombination,node_18887,node_0063 + node_0120 | h_transfer_recombination | deprotonation,node_6173;node_6193;node_6585;node_8429;node_8449;node_8841;node_11869;node_11905;node_12061;node_12105;node_13101;node_13145;node_18887;node_18927;node_19175;node_19195;node_20071;node_20367;node_24871;node_24911;node_25123;node_25143
PEN,Polyethylene Naphthalate,C27H20O6,positive,1,440.12598836202,0.6080000000000001,0.438,58,1,58,recombination,node_17774,node_0059 + node_0137 | dehydrogenative_coupling | protonation,node_5824;node_5860;node_6968;node_7064;node_7400;node_7460;node_7608;node_7668;node_8080;node_8116;node_9224;node_9320;node_10008;node_10052;node_10848;node_10852;node_11610;node_12410;node_12446;node_12818;node_12838;node_13450;node_13486;node_13638;node_13690;node_13924;node_13968;node_14046;node_14066;node_14082;node_14164;node_14168;node_14494;node_14526;node_14678;node_14730;node_14862;node_14934;node_15196;node_15240;node_15550;node_15734;node_15754;node_15796;node_15840;node_15918;node_15938;node_15958;node_17774;node_17846;node_21154;node_21350;node_22294;node_22418;node_22830;node_22954;node_23982;node_24054
PEN,Polyethylene Naphthalate,C27H20O6,negative,-1,440.12598836202,0.6080000000000001,0.438,44,1,44,recombination,node_17779,node_0059 + node_0138 | h_transfer_recombination | deprotonation,node_5825;node_5861;node_6969;node_7065;node_7401;node_7461;node_7609;node_7669;node_8081;node_8117;node_9225;node_9321;node_10009;node_10053;node_10849;node_10853;node_13925;node_13969;node_14165;node_14169;node_15197;node_15241;node_15797;node_15841;node_17779;node_17851;node_18051;node_18087;node_21159;node_21355;node_21483;node_21579;node_22299;node_22423;node_22599;node_22659;node_22835;node_22959;node_23131;node_23191;node_23987;node_24059;node_24215;node_24251
PEN,Polyethylene Naphthalate,C27H20O7,positive,1,456.12090298159,0.6080000000000001,0.438,64,1,64,recombination,node_17654,node_0059 + node_0107 | h_transfer_recombination | protonation,node_6208;node_6244;node_6600;node_6656;node_6992;node_7068;node_7424;node_7444;node_7464;node_7632;node_7652;node_7672;node_8464;node_8500;node_8856;node_8912;node_9248;node_9324;node_11468;node_11512;node_12292;node_12296;node_12692;node_12736;node_13332;node_13336;node_13932;node_13976;node_14372;node_14376;node_15404;node_15448;node_15604;node_15648;node_15804;node_15848;node_17524;node_17532;node_17654;node_17738;node_17990;node_18030;node_18954;node_19026;node_20010;node_20098;node_20210;node_20338;node_21206;node_21358;node_22184;node_22346;node_22386;node_22426;node_22720;node_22882;node_22922;node_22962;node_23862;node_23946;node_24154;node_24194;node_24938;node_25010
PEN,Polyethylene Naphthalate,C27H20O8,positive,1,472.11581760116,0.6080000000000001,0.438,24,1,24,recombination,node_17706,node_0059 + node_0120 | h_transfer_recombination | protonation,node_17706;node_17746;node_18014;node_18034;node_18728;node_18736;node_18842;node_18918;node_19154;node_19190;node_20018;node_20062;node_20342;node_20362;node_22200;node_22736;node_23914;node_23954;node_24178;node_24198;node_24826;node_24902;node_25102;node_25138
PEN,Polyethylene Naphthalate,C27H20O9,positive,1,488.11073222073003,0.6080000000000001,0.438,10,1,10,recombination,node_18886,node_0063 + node_0120 | h_transfer_recombination | protonation,node_18886;node_18926;node_19174;node_19194;node_20070;node_20366;node_24870;node_24910;node_25122;node_25142
PEN,Polyethylene Naphthalate,C27H22O6,positive,1,442.14163842648003,0.6080000000000001,0.438,20,1,20,recombination,node_17778,node_0059 + node_0138 | h_transfer_recombination | protonation,node_17778;node_17850;node_18050;node_18086;node_21158;node_21354;node_21482;node_21578;node_22298;node_22422;node_22598;node_22658;node_22834;node_22958;node_23130;node_23190;node_23986;node_24058;node_24214;node_24250
PEN,Polyethylene Naphthalate,C28H20O7,positive,1,468.12090298159,0.6080000000000001,0.438,41,1,41,recombination,node_17658,node_0059 + node_0108 | dehydrogenative_coupling | protonation,node_5768;node_5828;node_6972;node_8024;node_8084;node_9228;node_10216;node_10260;node_10566;node_10750;node_10770;node_10816;node_10860;node_10934;node_10954;node_10974;node_11818;node_12358;node_12414;node_13026;node_13046;node_13398;node_13454;node_13602;node_13642;node_14132;node_14176;node_14254;node_14274;node_14290;node_14438;node_14498;node_14642;node_14682;node_14846;node_14866;node_17658;node_17782;node_21162;node_23866;node_23990
PEN,Polyethylene Naphthalate,C28H20O7,negative,-1,468.12090298159,0.6080000000000001,0.438,30,1,30,recombination,node_17663,node_0059 + node_0109 | h_transfer_recombination | deprotonation,node_5769;node_5829;node_6973;node_8025;node_8085;node_9229;node_10217;node_10261;node_10817;node_10861;node_14133;node_14177;node_17663;node_17787;node_17995;node_18055;node_20147;node_20219;node_21167;node_21255;node_21367;node_21487;node_22395;node_22435;node_22931;node_22971;node_23871;node_23995;node_24159;node_24219
PEN,Polyethylene Naphthalate,C28H20O8,positive,1,484.11581760116,0.6080000000000001,0.438,67,1,67,recombination,node_17710,node_0059 + node_0121 | dehydrogenative_coupling | protonation,node_5792;node_5812;node_5832;node_6156;node_6212;node_6564;node_6604;node_6976;node_6996;node_8048;node_8068;node_8088;node_8412;node_8468;node_8820;node_8860;node_9232;node_9252;node_10424;node_10468;node_10624;node_10668;node_10824;node_10868;node_11676;node_11720;node_12010;node_12194;node_12214;node_12260;node_12304;node_12398;node_12418;node_12900;node_12944;node_13234;node_13254;node_13300;node_13344;node_13422;node_13458;node_13626;node_13646;node_14140;node_14184;node_14340;node_14384;node_14462;node_14482;node_14666;node_14686;node_14870;node_17548;node_17710;node_17750;node_17790;node_18846;node_18962;node_20022;node_20106;node_21170;node_21214;node_23918;node_23958;node_23998;node_24830;node_24946
PEN,Polyethylene Naphthalate,C28H22O7,positive,1,470.13655304605,0.6080000000000001,0.438,42,1,42,recombination,node_17662,node_0059 + node_0109 | h_transfer_recombination | protonation,node_6624;node_6660;node_7016;node_7072;node_7448;node_7468;node_7656;node_7676;node_8880;node_8916;node_9272;node_9328;node_12700;node_12744;node_13540;node_13544;node_13940;node_13984;node_14580;node_14584;node_15612;node_15656;node_15812;node_15856;node_17662;node_17786;node_17994;node_18054;node_20146;node_20218;node_21166;node_21254;node_21366;node_21486;node_22394;node_22434;node_22930;node_22970;node_23870;node_23994;node_24158;node_24218
PEN,Polyethylene Naphthalate,C28H22O7,negative,-1,470.13655304605,0.6080000000000001,0.438,40,1,40,recombination,node_20151,node_0067 + node_0138 | h_transfer_recombination | deprotonation,node_6625;node_6661;node_7017;node_7073;node_7449;node_7469;node_7657;node_7677;node_8881;node_8917;node_9273;node_9329;node_12701;node_12745;node_13541;node_13545;node_13941;node_13985;node_14581;node_14585;node_15613;node_15657;node_15813;node_15857;node_20151;node_20223;node_20407;node_20443;node_21259;node_21371;node_21531;node_21587;node_22399;node_22439;node_22647;node_22667;node_22935;node_22975;node_23179;node_23199
PEN,Polyethylene Naphthalate,C28H24O7,positive,1,472.15220311051,0.6080000000000001,0.438,16,1,16,recombination,node_20150,node_0067 + node_0138 | h_transfer_recombination | protonation,node_20150;node_20222;node_20406;node_20442;node_21258;node_21370;node_21530;node_21586;node_22398;node_22438;node_22646;node_22666;node_22934;node_22974;node_23178;node_23198
PEN,Polyethylene Naphthalate,C29H22O8,positive,1,498.13146766562,0.6080000000000001,0.438,48,1,48,recombination,node_17758,node_0059 + node_0133 | dehydrogenative_coupling | protonation,node_5816;node_5836;node_6568;node_6628;node_6980;node_7020;node_8072;node_8092;node_8824;node_8884;node_9236;node_9276;node_10632;node_10676;node_10832;node_10876;node_12218;node_12402;node_12422;node_12908;node_12952;node_13258;node_13442;node_13462;node_13508;node_13552;node_13630;node_13650;node_13666;node_14148;node_14192;node_14486;node_14502;node_14548;node_14592;node_14670;node_14690;node_14710;node_14874;node_14894;node_17758;node_17798;node_20030;node_20154;node_21178;node_21262;node_23966;node_24006
PEN,Polyethylene Naphthalate,C29H22O8,negative,-1,498.13146766562,0.6080000000000001,0.438,40,1,40,recombination,node_17763,node_0059 + node_0134 | h_transfer_recombination | deprotonation,node_5817;node_5837;node_6569;node_6629;node_6981;node_7021;node_8073;node_8093;node_8825;node_8885;node_9237;node_9277;node_10633;node_10677;node_10833;node_10877;node_12909;node_12953;node_13509;node_13553;node_14149;node_14193;node_14549;node_14593;node_17763;node_17803;node_18043;node_18063;node_20035;node_20159;node_20351;node_20411;node_21183;node_21267;node_21495;node_21535;node_23971;node_24011;node_24207;node_24227
PEN,Polyethylene Naphthalate,C29H24O7,positive,1,484.15220311051,0.6080000000000001,0.438,16,1,16,recombination,node_21302,node_0071 + node_0137 | dehydrogenative_coupling | protonation,node_7040;node_7076;node_7472;node_7680;node_9296;node_9332;node_13948;node_13992;node_14788;node_14792;node_15820;node_15864;node_21302;node_21374;node_22442;node_22978
PEN,Polyethylene Naphthalate,C29H24O7,negative,-1,484.15220311051,0.6080000000000001,0.438,20,1,20,recombination,node_21307,node_0071 + node_0138 | h_transfer_recombination | deprotonation,node_7041;node_7077;node_7473;node_7681;node_9297;node_9333;node_13949;node_13993;node_14789;node_14793;node_15821;node_15865;node_21307;node_21379;node_21555;node_21591;node_22447;node_22671;node_22983;node_23203
PEN,Polyethylene Naphthalate,C29H26O7,positive,1,486.16785317497,0.6080000000000001,0.438,8,1,8,recombination,node_21306,node_0071 + node_0138 | h_transfer_recombination | protonation,node_21306;node_21378;node_21554;node_21590;node_22446;node_22670;node_22982;node_23202
PEN,Polyethylene Naphthalate,C28H20O9,positive,1,500.11073222073003,0.607977853555854,0.437977853555854,37,1,37,recombination,node_18890,node_0063 + node_0121 | dehydrogenative_coupling | protonation,node_6176;node_6196;node_6216;node_6588;node_6608;node_7000;node_8432;node_8452;node_8472;node_8844;node_8864;node_9256;node_11876;node_11912;node_12068;node_12112;node_12268;node_12312;node_13108;node_13152;node_13308;node_13352;node_14348;node_14392;node_17476;node_17564;node_18752;node_18890;node_18930;node_18970;node_20074;node_20114;node_21222;node_23772;node_24874;node_24914;node_24954
PEN,Polyethylene Naphthalate,C29H24O8,positive,1,500.14711773008,0.607970576453984,0.437970576453984,20,1,20,recombination,node_17762,node_0059 + node_0134 | h_transfer_recombination | protonation,node_17762;node_17802;node_18042;node_18062;node_20034;node_20158;node_20350;node_20410;node_21052;node_21060;node_21182;node_21266;node_21494;node_21534;node_22232;node_22768;node_23970;node_24010;node_24206;node_24226
PEN,Polyethylene Naphthalate,C10H6,positive,1,126.04695019338,0.6060000000000001,0.6060000000000001,1,1,1,fragment,node_5410,"M | fragment C,H from C-C+C-C bond break(s) | electron_loss",node_5410
PEN,Polyethylene Naphthalate,C10H6,negative,-1,126.04695019338,0.6060000000000001,0.6060000000000001,1,1,1,fragment,node_5411,"M | fragment C,H from C-C+C-C bond break(s) | electron_gain",node_5411
PEN,Polyethylene Naphthalate,C26H20O6,negative,-1,428.12598836202,0.6060000000000001,0.456,3,1,3,recombination,node_7343,node_0010 + node_0077 | single_dehydrogenative_recombination | deprotonation,node_7343;node_7551;node_22169
PEN,Polyethylene Naphthalate,C31H28O10,negative,-1,560.16824709814,0.6059663505803721,0.43596635058037203,6,1,6,recombination,node_19885,node_0067 + node_0072 | h_transfer_recombination | electron_gain,node_19885;node_19973;node_20277;node_20321;node_21113;node_21461
PEN,Polyethylene Naphthalate,C30H24O8,positive,1,512.14711773008,0.605570576453984,0.435570576453984,24,1,24,recombination,node_17806,node_0059 + node_0145 | dehydrogenative_coupling | protonation,node_5840;node_6984;node_7044;node_8096;node_9240;node_9300;node_10840;node_10884;node_12426;node_13466;node_13670;node_14156;node_14200;node_14506;node_14694;node_14756;node_14800;node_14878;node_14898;node_14918;node_17806;node_21186;node_21310;node_24014
PEN,Polyethylene Naphthalate,C30H24O8,negative,-1,512.14711773008,0.605570576453984,0.435570576453984,20,1,20,recombination,node_17811,node_0059 + node_0146 | h_transfer_recombination | deprotonation,node_5841;node_6985;node_7045;node_8097;node_9241;node_9301;node_10841;node_10885;node_14157;node_14201;node_14757;node_14801;node_17811;node_18067;node_21191;node_21315;node_21499;node_21559;node_24019;node_24231
PEN,Polyethylene Naphthalate,C29H22O9,positive,1,514.1263822851901,0.6051747235429621,0.435174723542962,41,1,41,recombination,node_18938,node_0063 + node_0133 | dehydrogenative_coupling | protonation,node_6200;node_6220;node_6592;node_6612;node_6632;node_7004;node_7024;node_8456;node_8476;node_8848;node_8868;node_8888;node_9260;node_9280;node_12076;node_12120;node_12276;node_12320;node_13116;node_13160;node_13316;node_13360;node_13516;node_13560;node_14356;node_14400;node_14556;node_14600;node_17492;node_17580;node_18938;node_18978;node_19920;node_20082;node_20122;node_20162;node_21230;node_21270;node_23788;node_24922;node_24962
PEN,Polyethylene Naphthalate,C30H26O8,positive,1,514.1627677945401,0.6051674464410921,0.435167446441092,8,1,8,recombination,node_17810,node_0059 + node_0146 | h_transfer_recombination | protonation,node_17810;node_18066;node_21190;node_21314;node_21498;node_21558;node_24018;node_24230
PEN,Polyethylene Naphthalate,C30H24O9,positive,1,528.14203234965,0.60237159353007,0.43237159353007,35,1,35,recombination,node_18986,node_0063 + node_0145 | dehydrogenative_coupling | protonation,node_6224;node_6616;node_6636;node_7008;node_7028;node_7048;node_8480;node_8872;node_8892;node_9264;node_9284;node_9304;node_12284;node_12328;node_13324;node_13368;node_13524;node_13568;node_14364;node_14408;node_14564;node_14608;node_14764;node_14808;node_17508;node_17596;node_18986;node_20130;node_20170;node_21076;node_21238;node_21278;node_21318;node_23804;node_24970
PEN,Polyethylene Naphthalate,C31H26O9,positive,1,542.15768241411,0.5995684635171781,0.429568463517178,15,1,15,recombination,node_20178,node_0067 + node_0145 | dehydrogenative_coupling | protonation,node_6640;node_7032;node_7052;node_8896;node_9288;node_9308;node_13532;node_13576;node_14572;node_14616;node_14772;node_14816;node_20178;node_21286;node_21326
PEN,Polyethylene Naphthalate,C31H26O9,negative,-1,542.15768241411,0.5995684635171781,0.429568463517178,18,1,18,recombination,node_20183,node_0067 + node_0146 | h_transfer_recombination | deprotonation,node_6641;node_7033;node_7053;node_8897;node_9289;node_9309;node_13533;node_13577;node_14573;node_14617;node_14773;node_14817;node_20183;node_20423;node_21291;node_21331;node_21547;node_21567
PEN,Polyethylene Naphthalate,C31H28O9,positive,1,544.17333247857,0.5991653335042859,0.429165333504286,6,1,6,recombination,node_20182,node_0067 + node_0146 | h_transfer_recombination | protonation,node_20182;node_20422;node_21290;node_21330;node_21546;node_21566
PEN,Polyethylene Naphthalate,C12H8O,negative,-1,168.05751487741,0.5980000000000001,0.42800000000000005,6,1,6,recombination,node_19591,node_0065 + node_0147 | dehydrogenative_coupling | deprotonation,node_9735;node_15043;node_15167;node_17227;node_19591;node_25451
PEN,Polyethylene Naphthalate,C13H8O2,negative,-1,196.05242949698,0.5980000000000001,0.42800000000000005,24,1,24,recombination,node_19403,node_0065 + node_0100 | dehydrogenative_coupling | deprotonation,node_9643;node_9739;node_10063;node_10187;node_11127;node_11203;node_11547;node_11651;node_13887;node_15115;node_15159;node_15251;node_15375;node_15483;node_15587;node_16811;node_17135;node_17231;node_17367;node_17443;node_19403;node_19599;node_25263;node_25459
PEN,Polyethylene Naphthalate,C3H2O3,negative,-1,86.00039392317001,0.5980000000000001,0.42800000000000005,14,1,14,recombination,node_20675,node_0069 + node_0123 | dehydrogenative_coupling | deprotonation,node_9479;node_9547;node_11311;node_11439;node_12543;node_12667;node_16295;node_16423;node_16503;node_16627;node_16971;node_17039;node_20675;node_20819
PEN,Polyethylene Naphthalate,C3H4O,negative,-1,56.02621474849,0.5980000000000001,0.42800000000000005,10,1,10,recombination,node_20623,node_0069 + node_0110 | dehydrogenative_coupling | deprotonation,node_9455;node_9563;node_11099;node_11223;node_16947;node_17051;node_17335;node_17463;node_20623;node_20851
PEN,Polyethylene Naphthalate,C4H4O3,negative,-1,100.01604398763,0.5980000000000001,0.42800000000000005,22,1,22,recombination,node_19495,node_0065 + node_0123 | dehydrogenative_coupling | deprotonation,node_9503;node_9551;node_9687;node_9755;node_12547;node_12671;node_13791;node_13915;node_16507;node_16631;node_16711;node_16835;node_16995;node_17043;node_17179;node_17247;node_19495;node_19639;node_20723;node_20827;node_25355;node_25499
PEN,Polyethylene Naphthalate,C4H6O,negative,-1,70.04186481295,0.5980000000000001,0.42800000000000005,12,1,12,recombination,node_19443,node_0065 + node_0110 | dehydrogenative_coupling | deprotonation,node_9663;node_9771;node_11103;node_11227;node_17155;node_17259;node_17339;node_17467;node_19443;node_19671;node_25303;node_25531
PEN,Polyethylene Naphthalate,C4H6O2,negative,-1,86.03677943252,0.5980000000000001,0.42800000000000005,10,1,10,recombination,node_18275,node_0061 + node_0110 | dehydrogenative_coupling | deprotonation,node_9767;node_17131;node_18275;node_18495;node_19391;node_19663;node_24367;node_24587;node_25251;node_25523
PEN,Polyethylene Naphthalate,C5H4O5,negative,-1,144.00587322677,0.5980000000000001,0.42800000000000005,4,1,4,recombination,node_21807,node_0073 + node_0123 | dehydrogenative_coupling | deprotonation,node_21807;node_21951;node_23415;node_23559
PEN,Polyethylene Naphthalate,C5H6O3,negative,-1,114.03169405209,0.5980000000000001,0.42800000000000005,16,1,16,recombination,node_19543,node_0065 + node_0135 | dehydrogenative_coupling | deprotonation,node_9711;node_9759;node_13795;node_13919;node_16715;node_16839;node_17203;node_17251;node_19543;node_19647;node_21755;node_21983;node_23363;node_23591;node_25403;node_25507
PEN,Polyethylene Naphthalate,C5H6O4,negative,-1,130.02660867166,0.5980000000000001,0.42800000000000005,8,1,8,recombination,node_18367,node_0061 + node_0135 | dehydrogenative_coupling | deprotonation,node_18367;node_18471;node_21703;node_21975;node_23311;node_23583;node_24459;node_24563
PEN,Polyethylene Naphthalate,C6H6O5,negative,-1,158.02152329123,0.5980000000000001,0.42800000000000005,4,1,4,recombination,node_21855,node_0073 + node_0135 | dehydrogenative_coupling | deprotonation,node_21855;node_21959;node_23463;node_23567
PEN,Polyethylene Naphthalate,C32H28O9,positive,1,556.17333247857,0.596765333504286,0.42676533350428597,5,1,5,recombination,node_21334,node_0071 + node_0145 | dehydrogenative_coupling | protonation,node_7056;node_9312;node_14780;node_14824;node_21334
PEN,Polyethylene Naphthalate,C32H28O9,negative,-1,556.17333247857,0.596765333504286,0.42676533350428597,6,1,6,recombination,node_21339,node_0071 + node_0146 | h_transfer_recombination | deprotonation,node_7057;node_9313;node_14781;node_14825;node_21339;node_21571
PEN,Polyethylene Naphthalate,C15H11O5,negative,-1,271.06064845238,0.5960000000000001,0.426,107,1,107,recombination,node_17503,node_0059 + node_0069 | dehydrogenative_coupling | deprotonation,node_5747;node_5875;node_5963;node_5999;node_6383;node_6403;node_6803;node_6823;node_6843;node_7227;node_7283;node_7431;node_7499;node_7639;node_7707;node_7851;node_7907;node_8003;node_8131;node_8219;node_8255;node_8639;node_8659;node_9059;node_9079;node_9099;node_9359;node_9403;node_9473;node_9493;node_9513;node_9677;node_9697;node_10615;node_10659;node_12067;node_12111;node_12129;node_12253;node_12283;node_12327;node_12333;node_12457;node_12503;node_12507;node_12707;node_12719;node_12891;node_12935;node_13107;node_13151;node_13169;node_13293;node_13323;node_13367;node_13373;node_13497;node_14363;node_14407;node_14413;node_14537;node_15619;node_15631;node_16463;node_16467;node_16847;node_16891;node_16965;node_16985;node_17005;node_17169;node_17189;node_17503;node_17591;node_17605;node_17621;node_17853;node_17877;node_18257;node_18333;node_19477;node_19517;node_20507;node_20665;node_20705;node_20745;node_21725;node_21813;node_21925;node_22041;node_22353;node_22497;node_22889;node_23033;node_23333;node_23421;node_23533;node_23637;node_23799;node_23813;node_23829;node_24061;node_24085;node_24349;node_24425;node_25337;node_25377
PEN,Polyethylene Naphthalate,C15H11O6,negative,-1,287.05556307195,0.5960000000000001,0.426,44,1,44,recombination,node_18707,node_0063 + node_0069 | dehydrogenative_coupling | deprotonation,node_5983;node_6003;node_6135;node_6259;node_8239;node_8259;node_8391;node_8515;node_9367;node_9411;node_12059;node_12103;node_13099;node_13143;node_16855;node_16899;node_17673;node_17857;node_18301;node_18341;node_18707;node_18779;node_18793;node_18809;node_19033;node_19057;node_20523;node_21733;node_21777;node_22045;node_22065;node_23341;node_23385;node_23641;node_23661;node_23881;node_24065;node_24393;node_24433;node_24763;node_24777;node_24793;node_25017;node_25041
PEN,Polyethylene Naphthalate,C16H13O5,negative,-1,285.07629851684,0.5960000000000001,0.426,112,1,112,recombination,node_17487,node_0059 + node_0065 | dehydrogenative_coupling | deprotonation,node_5751;node_5879;node_5967;node_6023;node_6163;node_6267;node_6387;node_6407;node_6427;node_6827;node_6847;node_7251;node_7287;node_7455;node_7503;node_7663;node_7711;node_7875;node_7911;node_8007;node_8135;node_8223;node_8279;node_8419;node_8523;node_8643;node_8663;node_8683;node_9083;node_9103;node_9497;node_9517;node_9567;node_9611;node_9681;node_9701;node_9721;node_10823;node_10867;node_11035;node_11079;node_12275;node_12319;node_12337;node_12461;node_13315;node_13359;node_13377;node_13501;node_13531;node_13575;node_13581;node_13705;node_13751;node_13755;node_13955;node_13967;node_14139;node_14183;node_14355;node_14399;node_14417;node_14541;node_14571;node_14615;node_14621;node_14745;node_15827;node_15839;node_16671;node_16675;node_16989;node_17009;node_17055;node_17099;node_17173;node_17193;node_17213;node_17271;node_17315;node_17487;node_17575;node_17613;node_17885;node_18265;node_18381;node_18853;node_19073;node_19327;node_19485;node_19525;node_19565;node_20713;node_20753;node_21861;node_21933;node_22401;node_22505;node_22937;node_23041;node_23469;node_23541;node_23783;node_23821;node_24093;node_24357;node_24473;node_24837;node_25057;node_25345;node_25385;node_25425
PEN,Polyethylene Naphthalate,C16H13O6,negative,-1,301.07121313641,0.5960000000000001,0.426,73,1,73,recombination,node_17471,node_0059 + node_0061 | dehydrogenative_coupling | deprotonation,node_5987;node_6007;node_6027;node_6139;node_6263;node_6547;node_6675;node_8243;node_8263;node_8283;node_8395;node_8519;node_8803;node_8931;node_9375;node_9419;node_9575;node_9619;node_12267;node_12311;node_13307;node_13351;node_14347;node_14391;node_16863;node_16907;node_17063;node_17107;node_17471;node_17559;node_17721;node_17865;node_18021;node_18089;node_18175;node_18309;node_18349;node_18389;node_18691;node_18763;node_18801;node_19065;node_19343;node_19875;node_19963;node_19977;node_19993;node_20225;node_20249;node_20539;node_21615;node_21623;node_21741;node_21825;node_22049;node_22089;node_22179;node_22715;node_23349;node_23433;node_23645;node_23685;node_23767;node_23929;node_24073;node_24185;node_24253;node_24401;node_24441;node_24481;node_24747;node_24785;node_25049
PEN,Polyethylene Naphthalate,C17H13O7,negative,-1,329.06612775598,0.5960000000000001,0.426,48,1,48,recombination,node_17519,node_0059 + node_0073 | dehydrogenative_coupling | deprotonation,node_6207;node_6255;node_6599;node_6667;node_7219;node_7239;node_7259;node_7843;node_7863;node_7883;node_8463;node_8511;node_8855;node_8923;node_11259;node_11303;node_12291;node_12303;node_12487;node_12531;node_13331;node_13343;node_13727;node_13771;node_14371;node_14383;node_16243;node_16287;node_16447;node_16491;node_16647;node_16691;node_17519;node_17543;node_18945;node_19049;node_20089;node_20233;node_21639;node_21797;node_21837;node_21877;node_23247;node_23405;node_23445;node_23485;node_24929;node_25033
PEN,Polyethylene Naphthalate,C17H13O8,negative,-1,345.06104237555,0.5960000000000001,0.426,4,1,4,recombination,node_18723,node_0063 + node_0073 | dehydrogenative_coupling | deprotonation,node_18723;node_18747;node_21655;node_23263
PEN,Polyethylene Naphthalate,C17H15O6,negative,-1,315.08686320087,0.5960000000000001,0.426,57,1,57,recombination,node_19271,node_0065 + node_0067 | dehydrogenative_coupling | deprotonation,node_6011;node_6031;node_6551;node_6679;node_6963;node_7091;node_8267;node_8287;node_8807;node_8935;node_9219;node_9347;node_9383;node_9427;node_9583;node_9627;node_13515;node_13559;node_14555;node_14599;node_16871;node_16915;node_17071;node_17115;node_17769;node_17873;node_18045;node_18093;node_18357;node_18397;node_19271;node_19359;node_19947;node_19985;node_20257;node_20467;node_20555;node_21119;node_21133;node_21149;node_21381;node_21405;node_21749;node_21873;node_22053;node_22113;node_23357;node_23481;node_23649;node_23709;node_23977;node_24081;node_24209;node_24257;node_24449;node_24489;node_25219
PEN,Polyethylene Naphthalate,C18H15O8,negative,-1,359.07669244001,0.5960000000000001,0.426,4,1,4,recombination,node_19891,node_0067 + node_0073 | dehydrogenative_coupling | deprotonation,node_19891;node_19915;node_21671;node_23279
PEN,Polyethylene Naphthalate,C18H17O6,negative,-1,329.10251326533,0.5960000000000001,0.426,20,1,20,recombination,node_19287,node_0065 + node_0071 | dehydrogenative_coupling | deprotonation,node_6035;node_6967;node_7095;node_8291;node_9223;node_9351;node_9591;node_9635;node_14763;node_14807;node_17079;node_17123;node_18405;node_19287;node_19375;node_21103;node_21141;node_21413;node_24497;node_25235
PEN,Polyethylene Naphthalate,C18H17O7,negative,-1,345.0974278849,0.5960000000000001,0.426,20,1,20,recombination,node_18135,node_0061 + node_0071 | dehydrogenative_coupling | deprotonation,node_18135;node_18207;node_20141;node_20245;node_20401;node_20449;node_21087;node_21249;node_21393;node_21525;node_21593;node_21849;node_21889;node_22101;node_22121;node_23457;node_23497;node_23697;node_23717;node_24299
PEN,Polyethylene Naphthalate,C19H17O8,negative,-1,373.09234250447,0.5960000000000001,0.426,4,1,4,recombination,node_21047,node_0071 + node_0073 | dehydrogenative_coupling | deprotonation,node_21047;node_21071;node_21687;node_23295
PEN,Polyethylene Naphthalate,C26H19O6,negative,-1,427.11816332979004,0.5960000000000001,0.426,21,1,21,recombination,node_22171,node_0075 + node_0077 | dehydrogenative_coupling | deprotonation,node_17729;node_17841;node_18025;node_18081;node_20001;node_20197;node_20333;node_20429;node_22171;node_22289;node_22373;node_22593;node_22633;node_22825;node_22909;node_23125;node_23165;node_23937;node_24049;node_24189;node_24245
PEN,Polyethylene Naphthalate,C27H19O7,negative,-1,455.11307794936,0.5960000000000001,0.426,64,1,64,recombination,node_17527,node_0059 + node_0075 | dehydrogenative_coupling | deprotonation,node_6211;node_6247;node_6603;node_6659;node_6995;node_7071;node_7427;node_7447;node_7467;node_7635;node_7655;node_7675;node_8467;node_8503;node_8859;node_8915;node_9251;node_9327;node_11471;node_11515;node_12295;node_12299;node_12695;node_12739;node_13335;node_13339;node_13935;node_13979;node_14375;node_14379;node_15407;node_15451;node_15607;node_15651;node_15807;node_15851;node_17527;node_17535;node_17653;node_17737;node_17989;node_18029;node_18953;node_19025;node_20009;node_20097;node_20209;node_20337;node_21205;node_21357;node_22187;node_22345;node_22385;node_22425;node_22723;node_22881;node_22921;node_22961;node_23861;node_23945;node_24153;node_24193;node_24937;node_25009
PEN,Polyethylene Naphthalate,C27H19O8,negative,-1,471.10799256893,0.5960000000000001,0.426,24,1,24,recombination,node_18731,node_0063 + node_0075 | dehydrogenative_coupling | deprotonation,node_17705;node_17745;node_18013;node_18033;node_18731;node_18739;node_18841;node_18917;node_19153;node_19189;node_20017;node_20061;node_20341;node_20361;node_22203;node_22739;node_23913;node_23953;node_24177;node_24197;node_24825;node_24901;node_25101;node_25137
PEN,Polyethylene Naphthalate,C28H19O8,negative,-1,483.10799256893,0.5960000000000001,0.426,67,1,67,recombination,node_17551,node_0059 + node_0081 | dehydrogenative_coupling | deprotonation,node_5795;node_5815;node_5835;node_6159;node_6215;node_6567;node_6607;node_6979;node_6999;node_8051;node_8071;node_8091;node_8415;node_8471;node_8823;node_8863;node_9235;node_9255;node_10427;node_10471;node_10627;node_10671;node_10827;node_10871;node_11679;node_11723;node_12009;node_12193;node_12213;node_12263;node_12307;node_12397;node_12417;node_12903;node_12947;node_13233;node_13253;node_13303;node_13347;node_13421;node_13457;node_13625;node_13645;node_14143;node_14187;node_14343;node_14387;node_14461;node_14481;node_14665;node_14685;node_14869;node_17551;node_17709;node_17749;node_17789;node_18845;node_18961;node_20021;node_20105;node_21169;node_21213;node_23917;node_23957;node_23997;node_24829;node_24945
PEN,Polyethylene Naphthalate,C28H19O9,negative,-1,499.1029071885,0.5960000000000001,0.426,37,1,37,recombination,node_17479,node_0059 + node_0063 | dehydrogenative_coupling | deprotonation,node_6179;node_6199;node_6219;node_6591;node_6611;node_7003;node_8435;node_8455;node_8475;node_8847;node_8867;node_9259;node_11879;node_11915;node_12071;node_12115;node_12271;node_12315;node_13111;node_13155;node_13311;node_13355;node_14351;node_14395;node_17479;node_17567;node_18755;node_18889;node_18929;node_18969;node_20073;node_20113;node_21221;node_23775;node_24873;node_24913;node_24953
PEN,Polyethylene Naphthalate,C29H23O8,negative,-1,499.13929269785,0.5960000000000001,0.426,20,1,20,recombination,node_21055,node_0071 + node_0075 | dehydrogenative_coupling | deprotonation,node_17761;node_17801;node_18041;node_18061;node_20033;node_20157;node_20349;node_20409;node_21055;node_21063;node_21181;node_21265;node_21493;node_21533;node_22235;node_22771;node_23969;node_24009;node_24205;node_24225
PEN,Polyethylene Naphthalate,C29H21O9,negative,-1,513.11855725296,0.593376288549408,0.423376288549408,41,1,41,recombination,node_17495,node_0059 + node_0067 | dehydrogenative_coupling | deprotonation,node_6203;node_6223;node_6595;node_6615;node_6635;node_7007;node_7027;node_8459;node_8479;node_8851;node_8871;node_8891;node_9263;node_9283;node_12079;node_12123;node_12279;node_12323;node_13119;node_13163;node_13319;node_13363;node_13519;node_13563;node_14359;node_14403;node_14559;node_14603;node_17495;node_17583;node_18937;node_18977;node_19923;node_20081;node_20121;node_20161;node_21229;node_21269;node_23791;node_24921;node_24961
PEN,Polyethylene Naphthalate,C32H28O10,negative,-1,572.16824709814,0.5915663505803721,0.441566350580372,3,1,3,recombination,node_6959,node_0008 + node_0093 | single_dehydrogenative_recombination | deprotonation,node_6959;node_9175;node_21125
PEN,Polyethylene Naphthalate,C30H23O9,negative,-1,527.13420731742,0.5905731585365159,0.420573158536516,35,1,35,recombination,node_17511,node_0059 + node_0071 | dehydrogenative_coupling | deprotonation,node_6227;node_6619;node_6639;node_7011;node_7031;node_7051;node_8483;node_8875;node_8895;node_9267;node_9287;node_9307;node_12287;node_12331;node_13327;node_13371;node_13527;node_13571;node_14367;node_14411;node_14567;node_14611;node_14767;node_14811;node_17511;node_17599;node_18985;node_20129;node_20169;node_21079;node_21237;node_21277;node_21317;node_23807;node_24969
PEN,Polyethylene Naphthalate,C29H21O10,negative,-1,529.11347187253,0.590177305625494,0.420177305625494,4,1,4,recombination,node_18699,node_0063 + node_0067 | dehydrogenative_coupling | deprotonation,node_18699;node_18771;node_19939;node_24755
PEN,Polyethylene Naphthalate,C13H6O4,positive,1,226.02660867166,0.5900000000000001,0.42,6,1,6,recombination,node_9862,node_0022 + node_0104 | single_dehydrogenative_recombination | protonation,node_9862;node_9882;node_11318;node_16094;node_16114;node_16302
PEN,Polyethylene Naphthalate,C13H6O5,positive,1,242.02152329123,0.5900000000000001,0.42,6,1,6,recombination,node_9886,node_0022 + node_0117 | single_dehydrogenative_recombination | protonation,node_9886;node_11322;node_11342;node_16118;node_16306;node_16326
PEN,Polyethylene Naphthalate,C14H10O2,positive,1,210.06807956144002,0.5900000000000001,0.42,4,1,4,recombination,node_10290,node_0024 + node_0110 | single_dehydrogenative_recombination | protonation,node_10290;node_10398;node_11110;node_17346
PEN,Polyethylene Naphthalate,C14H12O2,positive,1,212.0837296259,0.5900000000000001,0.42,8,1,8,recombination,node_11150,node_0028 + node_0125 | single_dehydrogenative_recombination | protonation,node_11150;node_11206;node_12778;node_12882;node_15690;node_15794;node_17390;node_17446
PEN,Polyethylene Naphthalate,C14H8O4,positive,1,240.04225873612,0.5900000000000001,0.42,8,1,8,recombination,node_9866,node_0022 + node_0106 | single_dehydrogenative_recombination | protonation,node_9866;node_9906;node_10314;node_10382;node_12554;node_16098;node_16138;node_16514
PEN,Polyethylene Naphthalate,C14H8O5,positive,1,256.03717335569,0.5900000000000001,0.42,16,1,16,recombination,node_9890,node_0022 + node_0119 | single_dehydrogenative_recombination | protonation,node_9890;node_9910;node_10522;node_10590;node_11326;node_11366;node_11774;node_11842;node_12558;node_12578;node_16122;node_16142;node_16310;node_16350;node_16518;node_16538
PEN,Polyethylene Naphthalate,C14H8O6,positive,1,272.03208797526,0.5900000000000001,0.42,8,1,8,recombination,node_11350,node_0029 + node_0119 | single_dehydrogenative_recombination | protonation,node_11350;node_11370;node_11966;node_12034;node_12582;node_16334;node_16354;node_16542
PEN,Polyethylene Naphthalate,C15H10O4,positive,1,254.05790880058,0.5900000000000001,0.42,8,1,8,recombination,node_9870,node_0022 + node_0108 | single_dehydrogenative_recombination | protonation,node_9870;node_9930;node_10338;node_10386;node_13802;node_16102;node_16162;node_16722
PEN,Polyethylene Naphthalate,C15H12O3,positive,1,240.07864424547,0.5900000000000001,0.42,8,1,8,recombination,node_10706,node_0026 + node_0110 | single_dehydrogenative_recombination | protonation,node_10706;node_10814;node_11118;node_11154;node_12986;node_13090;node_17354;node_17394
PEN,Polyethylene Naphthalate,C15H14O2,positive,1,226.09937969036,0.5900000000000001,0.42,8,1,8,recombination,node_11174,node_0028 + node_0137 | single_dehydrogenative_recombination | protonation,node_11174;node_11210;node_14026;node_14130;node_15898;node_16002;node_17414;node_17450
PEN,Polyethylene Naphthalate,C16H12O5,positive,1,284.06847348461,0.5900000000000001,0.42,20,1,20,recombination,node_9918,node_0022 + node_0133 | single_dehydrogenative_recombination | protonation,node_9918;node_9938;node_10754;node_10802;node_10938;node_11006;node_12566;node_12622;node_13030;node_13078;node_13810;node_13850;node_14258;node_14322;node_16150;node_16170;node_16526;node_16586;node_16730;node_16770
PEN,Polyethylene Naphthalate,C16H14O3,positive,1,254.09429430993,0.5900000000000001,0.42,8,1,8,recombination,node_10914,node_0027 + node_0110 | single_dehydrogenative_recombination | protonation,node_10914;node_11022;node_11122;node_11178;node_14234;node_14338;node_17358;node_17418
PEN,Polyethylene Naphthalate,C17H14O5,positive,1,298.08412354907,0.5900000000000001,0.42,10,1,10,recombination,node_9942,node_0022 + node_0145 | single_dehydrogenative_recombination | protonation,node_9942;node_10962;node_11010;node_13814;node_13870;node_14282;node_14326;node_16174;node_16734;node_16794
PEN,Polyethylene Naphthalate,C17H16O4,positive,1,284.10485899396,0.5900000000000001,0.42,8,1,8,recombination,node_11166,node_0028 + node_0133 | single_dehydrogenative_recombination | protonation,node_11166;node_11186;node_13610;node_13714;node_14650;node_14754;node_17406;node_17426
PEN,Polyethylene Naphthalate,C18H16O6,positive,1,328.0946882331,0.5900000000000001,0.42,12,1,12,recombination,node_12634,node_0035 + node_0145 | single_dehydrogenative_recombination | protonation,node_12634;node_13654;node_13702;node_13862;node_13878;node_14698;node_14742;node_14882;node_14946;node_16598;node_16782;node_16802
PEN,Polyethylene Naphthalate,C18H18O4,positive,1,298.12050905842,0.5900000000000001,0.42,4,1,4,recombination,node_11190,node_0028 + node_0145 | single_dehydrogenative_recombination | protonation,node_11190;node_14858;node_14962;node_17430
PEN,Polyethylene Naphthalate,C19H18O6,positive,1,342.11033829756,0.5900000000000001,0.42,4,1,4,recombination,node_13882,node_0041 + node_0145 | single_dehydrogenative_recombination | protonation,node_13882;node_14906;node_14950;node_16806
PEN,Polyethylene Naphthalate,C21H12O,positive,1,280.08881500633,0.5900000000000001,0.42,4,1,4,recombination,node_10154,node_0023 + node_0147 | single_dehydrogenative_recombination | protonation,node_10154;node_15046;node_15138;node_15346
PEN,Polyethylene Naphthalate,C21H12O2,positive,1,296.0837296259,0.5900000000000001,0.42,4,1,4,recombination,node_11614,node_0030 + node_0147 | single_dehydrogenative_recombination | protonation,node_11614;node_15070;node_15142;node_15554
PEN,Polyethylene Naphthalate,C22H12O2,positive,1,308.0837296259,0.5900000000000001,0.42,4,1,4,recombination,node_10158,node_0023 + node_0149 | single_dehydrogenative_recombination | protonation,node_10158;node_10362;node_15050;node_15254
PEN,Polyethylene Naphthalate,C22H12O3,positive,1,324.07864424547,0.5900000000000001,0.42,12,1,12,recombination,node_10086,node_0023 + node_0113 | single_dehydrogenative_recombination | protonation,node_10086;node_10162;node_10570;node_11526;node_11618;node_11822;node_15054;node_15074;node_15278;node_15350;node_15462;node_15558
PEN,Polyethylene Naphthalate,C22H12O4,positive,1,340.07355886504,0.5900000000000001,0.42,4,1,4,recombination,node_11622,node_0030 + node_0151 | single_dehydrogenative_recombination | protonation,node_11622;node_12014;node_15078;node_15486
PEN,Polyethylene Naphthalate,C22H14O2,positive,1,310.09937969036,0.5900000000000001,0.42,4,1,4,recombination,node_12846,node_0036 + node_0147 | single_dehydrogenative_recombination | protonation,node_12846;node_15094;node_15146;node_15762
PEN,Polyethylene Naphthalate,C23H12O3,positive,1,336.07864424547,0.5900000000000001,0.42,4,1,4,recombination,node_10066,node_0023 + node_0102 | single_dehydrogenative_recombination | protonation,node_10066;node_10274;node_10366;node_15258
PEN,Polyethylene Naphthalate,C23H12O4,positive,1,352.07355886504,0.5900000000000001,0.42,12,1,12,recombination,node_10070,node_0023 + node_0104 | single_dehydrogenative_recombination | protonation,node_10070;node_10090;node_10294;node_10370;node_10482;node_10574;node_11530;node_11734;node_11826;node_15262;node_15282;node_15466
PEN,Polyethylene Naphthalate,C23H12O5,positive,1,368.06847348461,0.5900000000000001,0.42,12,1,12,recombination,node_10094,node_0023 + node_0117 | single_dehydrogenative_recombination | protonation,node_10094;node_10502;node_10578;node_11534;node_11550;node_11758;node_11830;node_11926;node_12018;node_15286;node_15470;node_15490
PEN,Polyethylene Naphthalate,C23H12O6,positive,1,384.06338810418004,0.5900000000000001,0.42,4,1,4,recombination,node_11554,node_0030 + node_0117 | single_dehydrogenative_recombination | protonation,node_11554;node_11950;node_12022;node_15494
PEN,Polyethylene Naphthalate,C23H14O3,positive,1,338.09429430993,0.5900000000000001,0.42,12,1,12,recombination,node_10110,node_0023 + node_0125 | single_dehydrogenative_recombination | protonation,node_10110;node_10166;node_10778;node_12758;node_12850;node_13054;node_15058;node_15098;node_15302;node_15354;node_15670;node_15766
PEN,Polyethylene Naphthalate,C23H14O4,positive,1,354.0892089295,0.5900000000000001,0.42,12,1,12,recombination,node_11570,node_0030 + node_0125 | single_dehydrogenative_recombination | protonation,node_11570;node_11626;node_12222;node_12782;node_12854;node_13262;node_15082;node_15102;node_15510;node_15562;node_15694;node_15770
PEN,Polyethylene Naphthalate,C23H16O2,positive,1,324.11502975482,0.5900000000000001,0.42,4,1,4,recombination,node_14094,node_0042 + node_0147 | single_dehydrogenative_recombination | protonation,node_14094;node_15118;node_15150;node_15970
PEN,Polyethylene Naphthalate,C24H12O5,positive,1,380.06847348461,0.5900000000000001,0.42,4,1,4,recombination,node_10278,node_0024 + node_0104 | single_dehydrogenative_recombination | protonation,node_10278;node_10298;node_10486;node_11738
PEN,Polyethylene Naphthalate,C24H12O6,positive,1,396.06338810418004,0.5900000000000001,0.42,4,1,4,recombination,node_10302,node_0024 + node_0117 | single_dehydrogenative_recombination | protonation,node_10302;node_10506;node_11742;node_11930
PEN,Polyethylene Naphthalate,C24H12O7,positive,1,412.05830272375,0.5900000000000001,0.42,4,1,4,recombination,node_10510,node_0025 + node_0117 | single_dehydrogenative_recombination | protonation,node_10510;node_11762;node_11934;node_11954
PEN,Polyethylene Naphthalate,C24H14O4,positive,1,366.0892089295,0.5900000000000001,0.42,12,1,12,recombination,node_10074,node_0023 + node_0106 | single_dehydrogenative_recombination | protonation,node_10074;node_10114;node_10318;node_10374;node_10690;node_10782;node_12762;node_12966;node_13058;node_15266;node_15306;node_15674
PEN,Polyethylene Naphthalate,C24H14O5,positive,1,382.08412354907,0.5900000000000001,0.42,24,1,24,recombination,node_10098,node_0023 + node_0119 | single_dehydrogenative_recombination | protonation,node_10098;node_10118;node_10526;node_10582;node_10710;node_10786;node_11538;node_11574;node_11778;node_11834;node_12134;node_12226;node_12766;node_12786;node_12990;node_13062;node_13174;node_13266;node_15290;node_15310;node_15474;node_15514;node_15678;node_15698
PEN,Polyethylene Naphthalate,C24H14O6,positive,1,398.07903816864,0.5900000000000001,0.42,12,1,12,recombination,node_11558,node_0030 + node_0119 | single_dehydrogenative_recombination | protonation,node_11558;node_11578;node_11970;node_12026;node_12158;node_12230;node_12790;node_13198;node_13270;node_15498;node_15518;node_15702
PEN,Polyethylene Naphthalate,C24H16O3,positive,1,352.10994437439,0.5900000000000001,0.42,12,1,12,recombination,node_10134,node_0023 + node_0137 | single_dehydrogenative_recombination | protonation,node_10134;node_10170;node_10986;node_14006;node_14098;node_14302;node_15062;node_15122;node_15326;node_15358;node_15878;node_15974
PEN,Polyethylene Naphthalate,C25H14O5,positive,1,394.08412354907,0.5900000000000001,0.42,4,1,4,recombination,node_10282,node_0024 + node_0106 | single_dehydrogenative_recombination | protonation,node_10282;node_10322;node_10694;node_12970
PEN,Polyethylene Naphthalate,C25H14O6,positive,1,410.07903816864,0.5900000000000001,0.42,12,1,12,recombination,node_10306,node_0024 + node_0119 | single_dehydrogenative_recombination | protonation,node_10306;node_10326;node_10490;node_10530;node_10698;node_10714;node_11746;node_11782;node_12138;node_12974;node_12994;node_13178
PEN,Polyethylene Naphthalate,C25H14O7,positive,1,426.07395278821,0.5900000000000001,0.42,12,1,12,recombination,node_10514,node_0025 + node_0119 | single_dehydrogenative_recombination | protonation,node_10514;node_10534;node_10718;node_11766;node_11786;node_11938;node_11974;node_12142;node_12162;node_12998;node_13182;node_13202
PEN,Polyethylene Naphthalate,C25H14O8,positive,1,442.06886740778,0.5900000000000001,0.42,4,1,4,recombination,node_11958,node_0032 + node_0119 | single_dehydrogenative_recombination | protonation,node_11958;node_11978;node_12166;node_13206
PEN,Polyethylene Naphthalate,C25H16O4,positive,1,380.10485899396,0.5900000000000001,0.42,12,1,12,recombination,node_10078,node_0023 + node_0108 | single_dehydrogenative_recombination | protonation,node_10078;node_10138;node_10342;node_10378;node_10898;node_10990;node_14010;node_14214;node_14306;node_15270;node_15330;node_15882
PEN,Polyethylene Naphthalate,C25H18O4,positive,1,382.12050905842,0.5900000000000001,0.42,12,1,12,recombination,node_12826,node_0036 + node_0137 | single_dehydrogenative_recombination | protonation,node_12826;node_12862;node_13678;node_14054;node_14106;node_14718;node_15110;node_15130;node_15742;node_15774;node_15926;node_15982
PEN,Polyethylene Naphthalate,C26H16O5,positive,1,408.09977361353,0.5900000000000001,0.42,4,1,4,recombination,node_10286,node_0024 + node_0108 | single_dehydrogenative_recombination | protonation,node_10286;node_10346;node_10902;node_14218
PEN,Polyethylene Naphthalate,C26H18O5,positive,1,410.11542367799,0.5900000000000001,0.42,24,1,24,recombination,node_10126,node_0023 + node_0133 | single_dehydrogenative_recombination | protonation,node_10126;node_10146;node_10758;node_10794;node_10942;node_10998;node_12774;node_12830;node_13034;node_13070;node_13590;node_13682;node_14018;node_14058;node_14262;node_14314;node_14630;node_14722;node_15318;node_15338;node_15686;node_15746;node_15890;node_15930
PEN,Polyethylene Naphthalate,C26H20O4,positive,1,396.13615912288003,0.5900000000000001,0.42,4,1,4,recombination,node_14110,node_0042 + node_0155 | single_dehydrogenative_recombination | protonation,node_14110;node_14926;node_15134;node_15950
PEN,Polyethylene Naphthalate,C27H18O6,positive,1,438.11033829756,0.5900000000000001,0.42,12,1,12,recombination,node_10334,node_0024 + node_0133 | single_dehydrogenative_recombination | protonation,node_10334;node_10354;node_10702;node_10762;node_10910;node_10946;node_12982;node_13038;node_13594;node_14226;node_14266;node_14634
PEN,Polyethylene Naphthalate,C27H20O5,positive,1,424.13107374245,0.5900000000000001,0.42,12,1,12,recombination,node_10150,node_0023 + node_0145 | single_dehydrogenative_recombination | protonation,node_10150;node_10966;node_11002;node_14022;node_14078;node_14286;node_14318;node_14838;node_14930;node_15342;node_15894;node_15954
PEN,Polyethylene Naphthalate,C28H20O6,positive,1,452.12598836202,0.5900000000000001,0.42,4,1,4,recombination,node_10358,node_0024 + node_0145 | single_dehydrogenative_recombination | protonation,node_10358;node_10970;node_14230;node_14842
PEN,Polyethylene Naphthalate,C28H22O6,positive,1,454.14163842648003,0.5900000000000001,0.42,12,1,12,recombination,node_12842,node_0036 + node_0145 | single_dehydrogenative_recombination | protonation,node_12842;node_13658;node_13694;node_14070;node_14086;node_14702;node_14734;node_14886;node_14938;node_15758;node_15942;node_15962
PEN,Polyethylene Naphthalate,C29H22O7,positive,1,482.13655304605,0.5900000000000001,0.42,12,1,12,recombination,node_10774,node_0026 + node_0145 | single_dehydrogenative_recombination | protonation,node_10774;node_10958;node_10978;node_13050;node_13606;node_13662;node_14278;node_14294;node_14646;node_14706;node_14850;node_14890
PEN,Polyethylene Naphthalate,C29H24O6,positive,1,468.15728849094,0.5900000000000001,0.42,4,1,4,recombination,node_14090,node_0042 + node_0145 | single_dehydrogenative_recombination | protonation,node_14090;node_14910;node_14942;node_15966
PEN,Polyethylene Naphthalate,C30H24O7,positive,1,496.15220311051,0.5900000000000001,0.42,4,1,4,recombination,node_10982,node_0027 + node_0145 | single_dehydrogenative_recombination | protonation,node_10982;node_14298;node_14854;node_14914
PEN,Polyethylene Naphthalate,C3H4O4,positive,1,104.0109586072,0.5900000000000001,0.42000000000000004,4,1,4,recombination,node_11236,node_0029 + node_0061 | single_dehydrogenative_recombination | electron_loss,node_11236;node_11280;node_16220;node_16264
PEN,Polyethylene Naphthalate,C4H4O5,positive,1,132.00587322677,0.5900000000000001,0.42000000000000004,4,1,4,recombination,node_11260,node_0029 + node_0073 | single_dehydrogenative_recombination | electron_loss,node_11260;node_11272;node_16244;node_16256
PEN,Polyethylene Naphthalate,C4H10O2,negative,-1,90.06807956144,0.5880000000000001,0.498,2,1,2,recombination,node_19353,node_0065 + node_0088 | h_transfer_recombination | electron_gain,node_19353;node_19717
PEN,Polyethylene Naphthalate,C6H10O6,negative,-1,178.04773803972,0.5880000000000001,0.498,2,1,2,recombination,node_21633,node_0073 + node_0080 | h_transfer_recombination | electron_gain,node_21633;node_21997
PEN,Polyethylene Naphthalate,C30H23O10,negative,-1,543.12912193699,0.5873741756126021,0.417374175612602,5,1,5,recombination,node_18715,node_0063 + node_0071 | dehydrogenative_coupling | deprotonation,node_18715;node_18787;node_19955;node_21095;node_24771
PEN,Polyethylene Naphthalate,C31H26O8,positive,1,526.1627677945401,0.5847674464410919,0.414767446441092,4,1,4,recombination,node_13674,node_0040 + node_0145 | single_dehydrogenative_recombination | protonation,node_13674;node_14714;node_14902;node_14922
PEN,Polyethylene Naphthalate,C12H4O2,negative,-1,180.02112936806,0.5800000000000001,0.41,4,1,4,recombination,node_9855,node_0022 + node_0100 | single_dehydrogenative_recombination | deprotonation,node_9855;node_9951;node_16087;node_16183
PEN,Polyethylene Naphthalate,C12H4O3,negative,-1,196.01604398763,0.5800000000000001,0.41,8,1,8,recombination,node_9879,node_0022 + node_0113 | single_dehydrogenative_recombination | deprotonation,node_9879;node_9955;node_11315;node_11411;node_16111;node_16187;node_16299;node_16395
PEN,Polyethylene Naphthalate,C12H8,negative,-1,152.06260025784,0.5800000000000001,0.41,4,1,4,recombination,node_11195,node_0028 + node_0147 | single_dehydrogenative_recombination | deprotonation,node_11195;node_15067;node_15171;node_17435
PEN,Polyethylene Naphthalate,C13H8O,negative,-1,180.05751487741,0.5800000000000001,0.41,8,1,8,recombination,node_10083,node_0023 + node_0110 | single_dehydrogenative_recombination | deprotonation,node_10083;node_10191;node_11107;node_11199;node_15275;node_15379;node_17343;node_17439
PEN,Polyethylene Naphthalate,C2O2,negative,-1,55.98982923914,0.5800000000000001,0.41,4,1,4,recombination,node_9847,node_0022 + node_0095 | single_dehydrogenative_recombination | deprotonation,node_9847;node_9975;node_16079;node_16207
PEN,Polyethylene Naphthalate,C2O3,negative,-1,71.98474385871,0.5800000000000001,0.41,4,1,4,recombination,node_11307,node_0029 + node_0095 | single_dehydrogenative_recombination | deprotonation,node_11307;node_11435;node_16291;node_16419
PEN,Polyethylene Naphthalate,C3H2O,negative,-1,54.01056468403,0.5800000000000001,0.41,4,1,4,recombination,node_9875,node_0022 + node_0110 | single_dehydrogenative_recombination | deprotonation,node_9875;node_9983;node_16107;node_16215
PEN,Polyethylene Naphthalate,C3H2O2,negative,-1,70.0054793036,0.5800000000000001,0.41,8,1,8,recombination,node_9851,node_0022 + node_0097 | single_dehydrogenative_recombination | deprotonation,node_9851;node_9979;node_11335;node_11443;node_16083;node_16211;node_16319;node_16427
PEN,Polyethylene Naphthalate,C3O3,negative,-1,83.98474385871,0.5800000000000001,0.41,4,1,4,recombination,node_9899,node_0022 + node_0123 | single_dehydrogenative_recombination | deprotonation,node_9899;node_9967;node_16131;node_16199
PEN,Polyethylene Naphthalate,C3O4,negative,-1,99.97965847828,0.5800000000000001,0.41,4,1,4,recombination,node_11359,node_0029 + node_0123 | single_dehydrogenative_recombination | deprotonation,node_11359;node_11427;node_16343;node_16411
PEN,Polyethylene Naphthalate,C4H2O3,negative,-1,98.00039392317001,0.5800000000000001,0.41,4,1,4,recombination,node_9923,node_0022 + node_0135 | single_dehydrogenative_recombination | deprotonation,node_9923;node_9971;node_16155;node_16203
PEN,Polyethylene Naphthalate,C4H2O4,negative,-1,113.99530854274,0.5800000000000001,0.41,6,1,6,recombination,node_11383,node_0029 + node_0135 | single_dehydrogenative_recombination | deprotonation,node_11383;node_11431;node_12659;node_16367;node_16415;node_16555
PEN,Polyethylene Naphthalate,C4H4O2,negative,-1,84.02112936806,0.5800000000000001,0.41,8,1,8,recombination,node_11147,node_0028 + node_0123 | single_dehydrogenative_recombination | deprotonation,node_11147;node_11215;node_12571;node_12675;node_16531;node_16635;node_17387;node_17455
PEN,Polyethylene Naphthalate,C5H4O4,negative,-1,128.0109586072,0.5800000000000001,0.41,8,1,8,recombination,node_12615,node_0035 + node_0135 | single_dehydrogenative_recombination | deprotonation,node_12615;node_12663;node_13843;node_13907;node_16579;node_16623;node_16763;node_16831
PEN,Polyethylene Naphthalate,C5H6O2,negative,-1,98.03677943252,0.5800000000000001,0.41,8,1,8,recombination,node_11171,node_0028 + node_0135 | single_dehydrogenative_recombination | deprotonation,node_11171;node_11219;node_13819;node_13923;node_16739;node_16843;node_17411;node_17459
PEN,Polyethylene Naphthalate,C11H10O,positive,1,158.07316494187,0.5780000000000001,0.488,2,1,2,recombination,node_20774,node_0069 + node_0148 | h_transfer_recombination | protonation,node_20774;node_21006
PEN,Polyethylene Naphthalate,C13H7O5,negative,-1,243.02934832346,0.5780000000000001,0.40800000000000003,9,1,9,recombination,node_6795,node_0007 + node_0117 | single_dehydrogenative_recombination | deprotonation,node_6795;node_9051;node_9465;node_11875;node_11911;node_11917;node_12041;node_16957;node_20649
PEN,Polyethylene Naphthalate,C14H9O5,negative,-1,257.04499838792,0.5780000000000001,0.40800000000000003,56,1,56,recombination,node_5959,node_0003 + node_0104 | single_dehydrogenative_recombination | deprotonation,node_5959;node_5979;node_6379;node_6799;node_6819;node_7203;node_7279;node_7827;node_7903;node_8215;node_8235;node_8635;node_9055;node_9075;node_9469;node_9489;node_9673;node_10407;node_10451;node_11267;node_11271;node_11475;node_11487;node_11659;node_11703;node_11867;node_11903;node_11921;node_12045;node_12075;node_12119;node_12125;node_12249;node_13115;node_13159;node_13165;node_13289;node_15411;node_15423;node_16251;node_16255;node_16961;node_16981;node_17165;node_18249;node_18293;node_19469;node_20657;node_20697;node_21765;node_21917;node_23373;node_23525;node_24341;node_24385;node_25329
PEN,Polyethylene Naphthalate,C15H13O3,negative,-1,241.08646927770002,0.5780000000000001,0.40800000000000003,32,1,32,recombination,node_6419,node_0005 + node_0137 | single_dehydrogenative_recombination | deprotonation,node_6419;node_6455;node_7407;node_7515;node_7615;node_7723;node_8675;node_8711;node_9713;node_9749;node_11059;node_11063;node_13939;node_13983;node_14001;node_14125;node_15811;node_15855;node_15873;node_15997;node_17205;node_17241;node_17295;node_17299;node_19549;node_19621;node_22301;node_22529;node_22837;node_23065;node_25409;node_25481
PEN,Polyethylene Naphthalate,C15H9O5,negative,-1,269.04499838792,0.5780000000000001,0.40800000000000003,36,1,36,recombination,node_7183,node_0009 + node_0102 | single_dehydrogenative_recombination | deprotonation,node_7183;node_7807;node_9775;node_9819;node_9893;node_9913;node_9933;node_10223;node_10235;node_10545;node_10593;node_10729;node_10797;node_11329;node_11389;node_11797;node_11845;node_12561;node_12597;node_13009;node_13073;node_13805;node_13825;node_16007;node_16051;node_16125;node_16145;node_16165;node_16313;node_16373;node_16521;node_16561;node_16725;node_16745;node_21721;node_23329
PEN,Polyethylene Naphthalate,C15H9O6,negative,-1,285.03991300749,0.5780000000000001,0.40800000000000003,38,1,38,recombination,node_7187,node_0009 + node_0104 | single_dehydrogenative_recombination | deprotonation,node_7187;node_7207;node_7811;node_7831;node_9783;node_9827;node_10431;node_10443;node_11235;node_11279;node_11353;node_11373;node_11393;node_11683;node_11695;node_11989;node_12037;node_12173;node_12241;node_12585;node_12601;node_13217;node_13281;node_13829;node_16015;node_16059;node_16219;node_16263;node_16337;node_16357;node_16377;node_16545;node_16565;node_16749;node_21729;node_21773;node_23337;node_23381
PEN,Polyethylene Naphthalate,C15H9O7,negative,-1,301.03482762706,0.5780000000000001,0.40800000000000003,10,1,10,recombination,node_7211,node_0009 + node_0117 | single_dehydrogenative_recombination | deprotonation,node_7211;node_7835;node_11243;node_11287;node_11883;node_11895;node_16227;node_16271;node_21781;node_23389
PEN,Polyethylene Naphthalate,C16H11O6,negative,-1,299.05556307195,0.5780000000000001,0.40800000000000003,52,1,52,recombination,node_5799,node_0002 + node_0123 | single_dehydrogenative_recombination | deprotonation,node_5799;node_5867;node_7191;node_7231;node_7815;node_7855;node_8055;node_8123;node_9791;node_9835;node_10639;node_10651;node_11377;node_11397;node_12197;node_12245;node_12381;node_12449;node_12471;node_12515;node_12589;node_12605;node_12625;node_12915;node_12927;node_13237;node_13285;node_13425;node_13489;node_13833;node_13853;node_14465;node_14529;node_16023;node_16067;node_16361;node_16381;node_16431;node_16475;node_16549;node_16569;node_16589;node_16753;node_16773;node_17717;node_17861;node_21737;node_21821;node_23345;node_23429;node_23925;node_24069
PEN,Polyethylene Naphthalate,C16H11O7,negative,-1,315.05047769152003,0.5780000000000001,0.40800000000000003,28,1,28,recombination,node_6183,node_0004 + node_0123 | single_dehydrogenative_recombination | deprotonation,node_6183;node_6251;node_7215;node_7235;node_7839;node_7859;node_8439;node_8507;node_11251;node_11295;node_12083;node_12095;node_12479;node_12523;node_13123;node_13135;node_16235;node_16279;node_16439;node_16483;node_18897;node_19041;node_21789;node_21829;node_23397;node_23437;node_24881;node_25025
PEN,Polyethylene Naphthalate,C17H13O6,negative,-1,313.07121313641,0.5780000000000001,0.40800000000000003,50,1,50,recombination,node_5823,node_0002 + node_0135 | single_dehydrogenative_recombination | deprotonation,node_5823;node_5871;node_7195;node_7255;node_7819;node_7879;node_8079;node_8127;node_9799;node_9843;node_10847;node_10859;node_11401;node_12405;node_12453;node_12609;node_12629;node_13445;node_13493;node_13633;node_13697;node_13719;node_13763;node_13837;node_13857;node_13873;node_14163;node_14175;node_14489;node_14533;node_14673;node_14737;node_16031;node_16075;node_16385;node_16573;node_16593;node_16639;node_16683;node_16757;node_16777;node_16797;node_17765;node_17869;node_21745;node_21869;node_23353;node_23477;node_23973;node_24077
PEN,Polyethylene Naphthalate,C17H15O5,negative,-1,299.0919485813,0.5780000000000001,0.40800000000000003,39,1,39,recombination,node_6411,node_0005 + node_0133 | single_dehydrogenative_recombination | deprotonation,node_6411;node_6431;node_6575;node_6683;node_6851;node_8667;node_8687;node_8831;node_8939;node_9107;node_9521;node_9705;node_9725;node_11043;node_11087;node_13523;node_13567;node_13585;node_13709;node_14563;node_14607;node_14625;node_14749;node_14779;node_14823;node_14829;node_14953;node_17013;node_17197;node_17217;node_17279;node_17323;node_19533;node_19573;node_20037;node_20265;node_20761;node_25393;node_25433
PEN,Polyethylene Naphthalate,C18H15O7,negative,-1,343.08177782044,0.5780000000000001,0.40800000000000003,32,1,32,recombination,node_6623,node_0006 + node_0135 | single_dehydrogenative_recombination | deprotonation,node_6623;node_6671;node_7015;node_7083;node_7243;node_7263;node_7867;node_7887;node_8879;node_8927;node_9271;node_9339;node_12495;node_12539;node_13539;node_13551;node_13735;node_13779;node_14579;node_14591;node_16455;node_16499;node_16655;node_16699;node_20137;node_20241;node_21245;node_21389;node_21845;node_21885;node_23453;node_23493
PEN,Polyethylene Naphthalate,C18H17O5,negative,-1,313.10759864576,0.5780000000000001,0.40800000000000003,20,1,20,recombination,node_6435,node_0005 + node_0145 | single_dehydrogenative_recombination | deprotonation,node_6435;node_6991;node_7099;node_8691;node_9247;node_9355;node_9729;node_11051;node_11095;node_14771;node_14815;node_14833;node_14957;node_17221;node_17287;node_17331;node_19581;node_21193;node_21421;node_25441
PEN,Polyethylene Naphthalate,C19H17O7,negative,-1,357.0974278849,0.5780000000000001,0.40800000000000003,16,1,16,recombination,node_7039,node_0008 + node_0135 | single_dehydrogenative_recombination | deprotonation,node_7039;node_7087;node_7267;node_7891;node_9295;node_9343;node_13743;node_13787;node_14787;node_14799;node_16663;node_16707;node_21293;node_21397;node_21893;node_23501
PEN,Polyethylene Naphthalate,C23H15O3,negative,-1,339.10211934216,0.5780000000000001,0.40800000000000003,6,1,6,recombination,node_7479,node_0010 + node_0147 | single_dehydrogenative_recombination | deprotonation,node_7479;node_7687;node_14999;node_15003;node_22449;node_22985
PEN,Polyethylene Naphthalate,C24H15O4,negative,-1,367.09703396173,0.5780000000000001,0.40800000000000003,34,1,34,recombination,node_5847,node_0002 + node_0147 | single_dehydrogenative_recombination | deprotonation,node_5847;node_7387;node_7483;node_7595;node_7691;node_8103;node_10019;node_10023;node_11593;node_11629;node_12429;node_12857;node_13469;node_14029;node_14101;node_14509;node_14967;node_15011;node_15085;node_15105;node_15125;node_15207;node_15211;node_15533;node_15565;node_15717;node_15901;node_15977;node_17813;node_22261;node_22457;node_22797;node_22993;node_24021
PEN,Polyethylene Naphthalate,C24H15O5,negative,-1,383.0919485813,0.5780000000000001,0.40800000000000003,18,1,18,recombination,node_6231,node_0004 + node_0147 | single_dehydrogenative_recombination | deprotonation,node_6231;node_7411;node_7487;node_7619;node_7695;node_8487;node_11479;node_11483;node_14975;node_15019;node_15415;node_15419;node_18993;node_22313;node_22465;node_22849;node_23001;node_24977
PEN,Polyethylene Naphthalate,C25H15O5,negative,-1,395.0919485813,0.5780000000000001,0.40800000000000003,54,1,54,recombination,node_5755,node_0002 + node_0100 | single_dehydrogenative_recombination | deprotonation,node_5755;node_5851;node_7391;node_7599;node_8011;node_8107;node_9987;node_10031;node_10101;node_10121;node_10141;node_10227;node_10231;node_10549;node_10585;node_10733;node_10789;node_10917;node_10993;node_11541;node_11597;node_11801;node_11837;node_12341;node_12433;node_12769;node_12805;node_13013;node_13065;node_13381;node_13473;node_14013;node_14033;node_14237;node_14309;node_14421;node_14513;node_15175;node_15219;node_15293;node_15313;node_15333;node_15477;node_15537;node_15681;node_15721;node_15885;node_15905;node_17625;node_17821;node_22269;node_22805;node_23833;node_24029
PEN,Polyethylene Naphthalate,C25H15O6,negative,-1,411.08686320087,0.5780000000000001,0.40800000000000003,60,1,60,recombination,node_5779,node_0002 + node_0113 | single_dehydrogenative_recombination | deprotonation,node_5779;node_5855;node_6143;node_6235;node_7395;node_7415;node_7603;node_7623;node_8035;node_8111;node_8399;node_8491;node_9995;node_10039;node_10435;node_10439;node_11447;node_11491;node_11561;node_11581;node_11601;node_11687;node_11691;node_11993;node_12029;node_12177;node_12233;node_12365;node_12437;node_12793;node_12809;node_13221;node_13273;node_13405;node_13477;node_14037;node_14445;node_14517;node_15183;node_15227;node_15383;node_15427;node_15501;node_15521;node_15541;node_15705;node_15725;node_15909;node_17677;node_17829;node_18813;node_19001;node_22277;node_22321;node_22813;node_22857;node_23885;node_24037;node_24797;node_24985
PEN,Polyethylene Naphthalate,C25H15O7,negative,-1,427.08177782044,0.5780000000000001,0.40800000000000003,18,1,18,recombination,node_6167,node_0004 + node_0113 | single_dehydrogenative_recombination | deprotonation,node_6167;node_6239;node_7419;node_7627;node_8423;node_8495;node_11455;node_11499;node_11887;node_11891;node_15391;node_15435;node_18865;node_19009;node_22329;node_22865;node_24849;node_24993
PEN,Polyethylene Naphthalate,C25H17O5,negative,-1,397.10759864576,0.5780000000000001,0.40800000000000003,29,1,29,recombination,node_6647,node_0006 + node_0147 | single_dehydrogenative_recombination | deprotonation,node_6647;node_7435;node_7491;node_7643;node_7699;node_8903;node_12711;node_12715;node_14983;node_15027;node_15623;node_15627;node_17629;node_17825;node_17977;node_18073;node_20185;node_22273;node_22361;node_22473;node_22585;node_22809;node_22897;node_23009;node_23117;node_23837;node_24033;node_24141;node_24237
PEN,Polyethylene Naphthalate,C26H15O6,negative,-1,423.08686320087,0.5780000000000001,0.40800000000000003,22,1,22,recombination,node_5759,node_0002 + node_0102 | single_dehydrogenative_recombination | deprotonation,node_5759;node_8015;node_10195;node_10239;node_10309;node_10329;node_10349;node_10493;node_10553;node_10737;node_10905;node_10921;node_11749;node_11805;node_12345;node_12977;node_13385;node_14221;node_14241;node_14425;node_17633;node_23841
PEN,Polyethylene Naphthalate,C26H15O7,negative,-1,439.08177782044,0.5780000000000001,0.40800000000000003,42,1,42,recombination,node_5763,node_0002 + node_0104 | single_dehydrogenative_recombination | deprotonation,node_5763;node_5783;node_6147;node_8019;node_8039;node_8403;node_10203;node_10247;node_10403;node_10447;node_10517;node_10537;node_10557;node_10721;node_10741;node_10925;node_11655;node_11699;node_11769;node_11789;node_11809;node_11941;node_11997;node_12145;node_12181;node_12349;node_12369;node_13001;node_13017;node_13185;node_13225;node_13389;node_13409;node_14245;node_14429;node_14449;node_17641;node_17685;node_18821;node_23849;node_23893;node_24805
PEN,Polyethylene Naphthalate,C26H15O8,negative,-1,455.07669244001,0.5780000000000001,0.40800000000000003,26,1,26,recombination,node_5787,node_0002 + node_0117 | single_dehydrogenative_recombination | deprotonation,node_5787;node_6151;node_6171;node_8043;node_8407;node_8427;node_10411;node_10455;node_11663;node_11707;node_11863;node_11899;node_11961;node_11981;node_12001;node_12185;node_12373;node_13209;node_13413;node_14453;node_17693;node_18829;node_18873;node_23901;node_24813;node_24857
PEN,Polyethylene Naphthalate,C26H17O6,negative,-1,425.10251326533,0.5780000000000001,0.40800000000000003,66,1,66,recombination,node_5803,node_0002 + node_0125 | single_dehydrogenative_recombination | deprotonation,node_5803;node_5859;node_6555;node_6651;node_7399;node_7439;node_7607;node_7647;node_8059;node_8115;node_8811;node_8907;node_10003;node_10047;node_10643;node_10647;node_11585;node_11605;node_12201;node_12237;node_12385;node_12441;node_12679;node_12723;node_12797;node_12813;node_12833;node_12919;node_12923;node_13241;node_13277;node_13429;node_13481;node_13613;node_13685;node_14041;node_14061;node_14469;node_14521;node_14653;node_14725;node_15191;node_15235;node_15525;node_15545;node_15591;node_15635;node_15709;node_15729;node_15749;node_15913;node_15933;node_17637;node_17725;node_17837;node_17981;node_19997;node_20193;node_22285;node_22369;node_22821;node_22905;node_23845;node_23933;node_24045;node_24145
PEN,Polyethylene Naphthalate,C26H17O7,negative,-1,441.0974278849,0.5780000000000001,0.40800000000000003,46,1,46,recombination,node_6187,node_0004 + node_0125 | single_dehydrogenative_recombination | deprotonation,node_6187;node_6243;node_6579;node_6655;node_7423;node_7443;node_7631;node_7651;node_8443;node_8499;node_8835;node_8911;node_11463;node_11507;node_12087;node_12091;node_12687;node_12731;node_13127;node_13131;node_15399;node_15443;node_15599;node_15643;node_17645;node_17689;node_17985;node_18005;node_18825;node_18905;node_19017;node_19145;node_20049;node_20201;node_22337;node_22377;node_22873;node_22913;node_23853;node_23897;node_24149;node_24169;node_24809;node_24889;node_25001;node_25093
PEN,Polyethylene Naphthalate,C26H19O5,negative,-1,411.12324871021997,0.5780000000000001,0.40800000000000003,17,1,17,recombination,node_7063,node_0008 + node_0147 | single_dehydrogenative_recombination | deprotonation,node_7063;node_7459;node_7495;node_7667;node_7703;node_9319;node_13959;node_13963;node_14991;node_15035;node_15831;node_15835;node_21341;node_22409;node_22481;node_22945;node_23017
PEN,Polyethylene Naphthalate,C27H17O7,negative,-1,453.0974278849,0.5780000000000001,0.40800000000000003,45,1,45,recombination,node_5767,node_0002 + node_0106 | single_dehydrogenative_recombination | deprotonation,node_5767;node_5807;node_6559;node_8023;node_8063;node_8815;node_10211;node_10255;node_10541;node_10561;node_10611;node_10655;node_10725;node_10745;node_10765;node_10929;node_10949;node_11793;node_11813;node_12149;node_12205;node_12353;node_12389;node_12887;node_12931;node_13005;node_13021;node_13041;node_13189;node_13245;node_13393;node_13433;node_13597;node_13617;node_14249;node_14269;node_14433;node_14473;node_14637;node_14657;node_17649;node_17733;node_20005;node_23857;node_23941
PEN,Polyethylene Naphthalate,C27H17O8,negative,-1,469.09234250447,0.5780000000000001,0.40800000000000003,50,1,50,recombination,node_5791,node_0002 + node_0119 | single_dehydrogenative_recombination | deprotonation,node_5791;node_5811;node_6155;node_6191;node_6563;node_6583;node_8047;node_8067;node_8411;node_8447;node_8819;node_8839;node_10419;node_10463;node_10619;node_10663;node_11671;node_11715;node_11985;node_12005;node_12055;node_12099;node_12169;node_12189;node_12209;node_12377;node_12393;node_12895;node_12939;node_13095;node_13139;node_13213;node_13229;node_13249;node_13417;node_13437;node_13621;node_14457;node_14477;node_14661;node_17701;node_17741;node_18837;node_18913;node_20013;node_20057;node_23909;node_23949;node_24821;node_24897
PEN,Polyethylene Naphthalate,C27H17O9,negative,-1,485.08725712404004,0.5780000000000001,0.40800000000000003,17,1,17,recombination,node_6175,node_0004 + node_0119 | single_dehydrogenative_recombination | deprotonation,node_6175;node_6195;node_6587;node_8431;node_8451;node_8843;node_11871;node_11907;node_12063;node_12107;node_13103;node_13147;node_18881;node_18921;node_20065;node_24865;node_24905
PEN,Polyethylene Naphthalate,C27H19O6,negative,-1,439.11816332979004,0.5780000000000001,0.40800000000000003,58,1,58,recombination,node_5827,node_0002 + node_0137 | single_dehydrogenative_recombination | deprotonation,node_5827;node_5863;node_6971;node_7067;node_7403;node_7463;node_7611;node_7671;node_8083;node_8119;node_9227;node_9323;node_10011;node_10055;node_10851;node_10855;node_11609;node_12409;node_12445;node_12817;node_12837;node_13449;node_13485;node_13637;node_13689;node_13927;node_13971;node_14045;node_14065;node_14081;node_14167;node_14171;node_14493;node_14525;node_14677;node_14729;node_14861;node_14933;node_15199;node_15243;node_15549;node_15733;node_15753;node_15799;node_15843;node_15917;node_15937;node_15957;node_17773;node_17845;node_21153;node_21349;node_22293;node_22417;node_22829;node_22953;node_23981;node_24053
PEN,Polyethylene Naphthalate,C28H19O7,negative,-1,467.11307794936,0.5780000000000001,0.40800000000000003,41,1,41,recombination,node_5771,node_0002 + node_0108 | single_dehydrogenative_recombination | deprotonation,node_5771;node_5831;node_6975;node_8027;node_8087;node_9231;node_10219;node_10263;node_10565;node_10749;node_10769;node_10819;node_10863;node_10933;node_10953;node_10973;node_11817;node_12357;node_12413;node_13025;node_13045;node_13397;node_13453;node_13601;node_13641;node_14135;node_14179;node_14253;node_14273;node_14289;node_14437;node_14497;node_14641;node_14681;node_14845;node_14865;node_17657;node_17781;node_21161;node_23865;node_23989
PEN,Polyethylene Naphthalate,C28H21O7,negative,-1,469.12872801382,0.5780000000000001,0.40800000000000003,42,1,42,recombination,node_6627,node_0006 + node_0137 | single_dehydrogenative_recombination | deprotonation,node_6627;node_6663;node_7019;node_7075;node_7451;node_7471;node_7659;node_7679;node_8883;node_8919;node_9275;node_9331;node_12703;node_12747;node_13543;node_13547;node_13943;node_13987;node_14583;node_14587;node_15615;node_15659;node_15815;node_15859;node_17661;node_17785;node_17993;node_18053;node_20145;node_20217;node_21165;node_21253;node_21365;node_21485;node_22393;node_22433;node_22929;node_22969;node_23869;node_23993;node_24157;node_24217
PEN,Polyethylene Naphthalate,C29H21O8,negative,-1,497.12364263339,0.5780000000000001,0.40800000000000003,48,1,48,recombination,node_5819,node_0002 + node_0133 | single_dehydrogenative_recombination | deprotonation,node_5819;node_5839;node_6571;node_6631;node_6983;node_7023;node_8075;node_8095;node_8827;node_8887;node_9239;node_9279;node_10635;node_10679;node_10835;node_10879;node_12217;node_12401;node_12421;node_12911;node_12955;node_13257;node_13441;node_13461;node_13511;node_13555;node_13629;node_13649;node_13665;node_14151;node_14195;node_14485;node_14501;node_14551;node_14595;node_14669;node_14689;node_14709;node_14873;node_14893;node_17757;node_17797;node_20029;node_20153;node_21177;node_21261;node_23965;node_24005
PEN,Polyethylene Naphthalate,C29H23O7,negative,-1,483.14437807828,0.5780000000000001,0.40800000000000003,16,1,16,recombination,node_7043,node_0008 + node_0137 | single_dehydrogenative_recombination | deprotonation,node_7043;node_7079;node_7475;node_7683;node_9299;node_9335;node_13951;node_13995;node_14791;node_14795;node_15823;node_15867;node_21301;node_21373;node_22441;node_22977
PEN,Polyethylene Naphthalate,C2H4O3,positive,1,76.01604398763,0.5780000000000001,0.488,2,1,2,recombination,node_20630,node_0069 + node_0112 | h_transfer_recombination | protonation,node_20630;node_20814
PEN,Polyethylene Naphthalate,C26H23O6,positive,1,431.14946345871,0.576,0.48599999999999993,2,1,2,recombination,node_22174,node_0075 + node_0078 | h_transfer_recombination | protonation,node_22174;node_22538
PEN,Polyethylene Naphthalate,C30H23O8,negative,-1,511.13929269785,0.57577214146043,0.40577214146043,24,1,24,recombination,node_5843,node_0002 + node_0145 | single_dehydrogenative_recombination | deprotonation,node_5843;node_6987;node_7047;node_8099;node_9243;node_9303;node_10843;node_10887;node_12425;node_13465;node_13669;node_14159;node_14203;node_14505;node_14693;node_14759;node_14803;node_14877;node_14897;node_14917;node_17805;node_21185;node_21309;node_24013
PEN,Polyethylene Naphthalate,C12H9O3,negative,-1,201.05516914878,0.5700000000000001,0.4,4,1,4,recombination,node_20637,node_0069 + node_0114 | h_transfer_recombination | electron_gain,node_20637;node_20789;node_20937;node_21013
PEN,Polyethylene Naphthalate,C13H11O4,negative,-1,231.06573383281,0.5700000000000001,0.4,8,1,8,recombination,node_18289,node_0061 + node_0114 | h_transfer_recombination | electron_gain,node_18289;node_18433;node_18585;node_18657;node_24381;node_24525;node_24641;node_24713
PEN,Polyethylene Naphthalate,C14H13O3,negative,-1,229.08646927770002,0.5700000000000001,0.4,12,1,12,recombination,node_19505,node_0065 + node_0126 | h_transfer_recombination | electron_gain,node_19505;node_19617;node_19789;node_19845;node_20733;node_20805;node_20985;node_21021;node_25365;node_25477;node_25605;node_25661
PEN,Polyethylene Naphthalate,C15H11O7,negative,-1,303.05047769152003,0.5700000000000001,0.4,8,1,8,recombination,node_18861,node_0063 + node_0112 | h_transfer_recombination | electron_gain,node_18861;node_19037;node_21785;node_22069;node_23393;node_23665;node_24845;node_25021
PEN,Polyethylene Naphthalate,C15H15O3,negative,-1,243.10211934216,0.5700000000000001,0.4,16,1,16,recombination,node_19553,node_0065 + node_0138 | h_transfer_recombination | electron_gain,node_19553;node_19625;node_19813;node_19849;node_22305;node_22533;node_22601;node_22709;node_22841;node_23069;node_23133;node_23241;node_25413;node_25485;node_25629;node_25665
PEN,Polyethylene Naphthalate,C16H13O7,negative,-1,317.06612775598,0.5700000000000001,0.4,18,1,18,recombination,node_18901,node_0063 + node_0124 | h_transfer_recombination | electron_gain,node_18901;node_19045;node_19181;node_19249;node_20045;node_20229;node_21793;node_21833;node_22073;node_22093;node_23401;node_23441;node_23669;node_23689;node_24885;node_25029;node_25129;node_25197
PEN,Polyethylene Naphthalate,C17H17O5,negative,-1,301.10759864576,0.5700000000000001,0.4,14,1,14,recombination,node_19537,node_0065 + node_0134 | h_transfer_recombination | electron_gain,node_19537;node_19577;node_19805;node_19825;node_20041;node_20269;node_20353;node_20461;node_20765;node_21001;node_25397;node_25437;node_25621;node_25641
PEN,Polyethylene Naphthalate,C18H19O5,negative,-1,315.12324871021997,0.5700000000000001,0.4,8,1,8,recombination,node_19585,node_0065 + node_0146 | h_transfer_recombination | electron_gain,node_19585;node_19829;node_21197;node_21425;node_21501;node_21609;node_25445;node_25645
PEN,Polyethylene Naphthalate,C19H19O7,negative,-1,359.11307794936,0.5700000000000001,0.4,8,1,8,recombination,node_21297,node_0071 + node_0136 | h_transfer_recombination | electron_gain,node_21297;node_21401;node_21549;node_21597;node_21897;node_22125;node_23505;node_23721
PEN,Polyethylene Naphthalate,C23H17O3,negative,-1,341.11776940662,0.5700000000000001,0.4,4,1,4,recombination,node_22453,node_0075 + node_0148 | h_transfer_recombination | electron_gain,node_22453;node_22673;node_22989;node_23205
PEN,Polyethylene Naphthalate,C24H17O4,negative,-1,369.11268402619,0.5700000000000001,0.4,12,1,12,recombination,node_17817,node_0059 + node_0148 | h_transfer_recombination | electron_gain,node_17817;node_18069;node_22265;node_22461;node_22581;node_22677;node_22801;node_22997;node_23113;node_23209;node_24025;node_24233
PEN,Polyethylene Naphthalate,C24H17O5,negative,-1,385.10759864576,0.5700000000000001,0.4,12,1,12,recombination,node_18997,node_0063 + node_0148 | h_transfer_recombination | electron_gain,node_18997;node_19229;node_22317;node_22469;node_22605;node_22681;node_22853;node_23005;node_23137;node_23213;node_24981;node_25177
PEN,Polyethylene Naphthalate,C25H17O6,negative,-1,413.10251326533,0.5700000000000001,0.4,24,1,24,recombination,node_17681,node_0059 + node_0114 | h_transfer_recombination | electron_gain,node_17681;node_17833;node_18001;node_18077;node_18817;node_19005;node_19141;node_19233;node_22281;node_22325;node_22589;node_22609;node_22817;node_22861;node_23121;node_23141;node_23889;node_24041;node_24165;node_24241;node_24801;node_24989;node_25089;node_25181
PEN,Polyethylene Naphthalate,C25H17O7,negative,-1,429.0974278849,0.5700000000000001,0.4,12,1,12,recombination,node_18869,node_0063 + node_0114 | h_transfer_recombination | electron_gain,node_18869;node_19013;node_19165;node_19237;node_22333;node_22613;node_22869;node_23145;node_24853;node_24997;node_25113;node_25185
PEN,Polyethylene Naphthalate,C25H19O5,negative,-1,399.12324871021997,0.5700000000000001,0.4,10,1,10,recombination,node_20189,node_0067 + node_0148 | h_transfer_recombination | electron_gain,node_20189;node_20425;node_22365;node_22477;node_22629;node_22685;node_22901;node_23013;node_23161;node_23217
PEN,Polyethylene Naphthalate,C26H17O8,negative,-1,457.09234250447,0.5700000000000001,0.4,12,1,12,recombination,node_17697,node_0059 + node_0118 | h_transfer_recombination | electron_gain,node_17697;node_18009;node_18833;node_18877;node_19149;node_19169;node_23905;node_24173;node_24817;node_24861;node_25097;node_25117
PEN,Polyethylene Naphthalate,C26H19O7,negative,-1,443.11307794936,0.5700000000000001,0.4,20,1,20,recombination,node_18909,node_0063 + node_0126 | h_transfer_recombination | electron_gain,node_18909;node_19021;node_19185;node_19241;node_20053;node_20205;node_20357;node_20433;node_22341;node_22381;node_22617;node_22637;node_22877;node_22917;node_23149;node_23169;node_24893;node_25005;node_25133;node_25189
PEN,Polyethylene Naphthalate,C26H21O5,negative,-1,413.13889877468,0.5700000000000001,0.4,10,1,10,recombination,node_21345,node_0071 + node_0148 | h_transfer_recombination | electron_gain,node_21345;node_21573;node_22413;node_22485;node_22653;node_22689;node_22949;node_23021;node_23185;node_23221
PEN,Polyethylene Naphthalate,C27H19O9,negative,-1,487.1029071885,0.5700000000000001,0.4,10,1,10,recombination,node_18885,node_0063 + node_0120 | h_transfer_recombination | electron_gain,node_18885;node_18925;node_19173;node_19193;node_20069;node_20365;node_24869;node_24909;node_25121;node_25141
PEN,Polyethylene Naphthalate,C27H21O6,negative,-1,441.13381339425,0.5700000000000001,0.4,20,1,20,recombination,node_17777,node_0059 + node_0138 | h_transfer_recombination | electron_gain,node_17777;node_17849;node_18049;node_18085;node_21157;node_21353;node_21481;node_21577;node_22297;node_22421;node_22597;node_22657;node_22833;node_22957;node_23129;node_23189;node_23985;node_24057;node_24213;node_24249
PEN,Polyethylene Naphthalate,C28H23O7,negative,-1,471.14437807828,0.5700000000000001,0.4,16,1,16,recombination,node_20149,node_0067 + node_0138 | h_transfer_recombination | electron_gain,node_20149;node_20221;node_20405;node_20441;node_21257;node_21369;node_21529;node_21585;node_22397;node_22437;node_22645;node_22665;node_22933;node_22973;node_23177;node_23197
PEN,Polyethylene Naphthalate,C29H25O7,negative,-1,485.16002814274,0.5700000000000001,0.4,8,1,8,recombination,node_21305,node_0071 + node_0138 | h_transfer_recombination | electron_gain,node_21305;node_21377;node_21553;node_21589;node_22445;node_22669;node_22981;node_23201
PEN,Polyethylene Naphthalate,C31H25O9,negative,-1,541.14985738188,0.569770028523624,0.39977002852362403,15,1,15,recombination,node_6643,node_0006 + node_0145 | single_dehydrogenative_recombination | deprotonation,node_6643;node_7035;node_7055;node_8899;node_9291;node_9311;node_13535;node_13579;node_14575;node_14619;node_14775;node_14819;node_20177;node_21285;node_21325
PEN,Polyethylene Naphthalate,C30H25O8,negative,-1,513.15494276231,0.567369011447538,0.397369011447538,8,1,8,recombination,node_17809,node_0059 + node_0146 | h_transfer_recombination | electron_gain,node_17809;node_18065;node_21189;node_21313;node_21497;node_21557;node_24017;node_24229
PEN,Polyethylene Naphthalate,C32H27O9,negative,-1,555.16550744634,0.5669668985107321,0.396966898510732,5,1,5,recombination,node_7059,node_0008 + node_0145 | single_dehydrogenative_recombination | deprotonation,node_7059;node_9315;node_14783;node_14827;node_21333
PEN,Polyethylene Naphthalate,C31H25O10,negative,-1,557.14477200145,0.5645710455997099,0.41457104559971,3,1,3,recombination,node_19883,node_0067 + node_0071 | dehydrogenative_coupling | deprotonation,node_19883;node_19971;node_21111
PEN,Polyethylene Naphthalate,C31H27O9,negative,-1,543.16550744634,0.5613668985107321,0.39136689851073203,6,1,6,recombination,node_20181,node_0067 + node_0146 | h_transfer_recombination | electron_gain,node_20181;node_20421;node_21289;node_21329;node_21545;node_21565
PEN,Polyethylene Naphthalate,C32H31O10,positive,1,575.19172219483,0.560961655561034,0.4709616555610339,2,1,2,recombination,node_21130,node_0071 + node_0094 | h_transfer_recombination | protonation,node_21130;node_21470
PEN,Polyethylene Naphthalate,C12H9O,positive,1,169.06533990964,0.56,0.39,6,1,6,recombination,node_19588,node_0065 + node_0147 | dehydrogenative_coupling | electron_loss,node_9732;node_15040;node_15164;node_17224;node_19588;node_25448
PEN,Polyethylene Naphthalate,C3H3O3,positive,1,87.00821895540001,0.56,0.39,14,1,14,recombination,node_20672,node_0069 + node_0123 | dehydrogenative_coupling | electron_loss,node_9476;node_9544;node_11308;node_11436;node_12540;node_12664;node_16292;node_16420;node_16500;node_16624;node_16968;node_17036;node_20672;node_20816
PEN,Polyethylene Naphthalate,C4H5O3,positive,1,101.02386901986,0.56,0.39,22,1,22,recombination,node_19492,node_0065 + node_0123 | dehydrogenative_coupling | electron_loss,node_9500;node_9548;node_9684;node_9752;node_12544;node_12668;node_13788;node_13912;node_16504;node_16628;node_16708;node_16832;node_16992;node_17040;node_17176;node_17244;node_19492;node_19636;node_20720;node_20824;node_25352;node_25496
PEN,Polyethylene Naphthalate,C4H7O,positive,1,71.04968984518,0.56,0.39,12,1,12,recombination,node_19440,node_0065 + node_0110 | dehydrogenative_coupling | electron_loss,node_9660;node_9768;node_11100;node_11224;node_17152;node_17256;node_17336;node_17464;node_19440;node_19668;node_25300;node_25528
PEN,Polyethylene Naphthalate,C4H7O2,positive,1,87.04460446475,0.56,0.39,10,1,10,recombination,node_18272,node_0061 + node_0110 | dehydrogenative_coupling | electron_loss,node_9764;node_17128;node_18272;node_18492;node_19388;node_19660;node_24364;node_24584;node_25248;node_25520
PEN,Polyethylene Naphthalate,C4H8,positive,1,56.06260025784,0.56,0.47,2,1,2,recombination,node_11230,node_0028 + node_0167 | single_dehydrogenative_recombination | protonation,node_11230;node_17362
PEN,Polyethylene Naphthalate,C5H5O5,positive,1,145.013698259,0.56,0.39,4,1,4,recombination,node_21804,node_0073 + node_0123 | dehydrogenative_coupling | electron_loss,node_21804;node_21948;node_23412;node_23556
PEN,Polyethylene Naphthalate,C5H7O3,positive,1,115.03951908432,0.56,0.39,16,1,16,recombination,node_19540,node_0065 + node_0135 | dehydrogenative_coupling | electron_loss,node_9708;node_9756;node_13792;node_13916;node_16712;node_16836;node_17200;node_17248;node_19540;node_19644;node_21752;node_21980;node_23360;node_23588;node_25400;node_25504
PEN,Polyethylene Naphthalate,C5H7O4,positive,1,131.03443370389,0.56,0.39,8,1,8,recombination,node_18364,node_0061 + node_0135 | dehydrogenative_coupling | electron_loss,node_18364;node_18468;node_21700;node_21972;node_23308;node_23580;node_24456;node_24560
PEN,Polyethylene Naphthalate,C6H7O5,positive,1,159.02934832346,0.56,0.39,4,1,4,recombination,node_21852,node_0073 + node_0135 | dehydrogenative_coupling | electron_loss,node_21852;node_21956;node_23460;node_23564
PEN,Polyethylene Naphthalate,C6H8O4,positive,1,144.04225873612,0.56,0.47,2,1,2,recombination,node_13910,node_0041 + node_0161 | single_dehydrogenative_recombination | protonation,node_13910;node_16786
PEN,Polyethylene Naphthalate,C17H14O8,positive,1,346.06886740778,0.558,0.388,4,1,4,recombination,node_18720,node_0063 + node_0073 | dehydrogenative_coupling | electron_loss,node_18720;node_18744;node_21652;node_23260
PEN,Polyethylene Naphthalate,C18H16O8,positive,1,360.08451747224,0.558,0.388,4,1,4,recombination,node_19888,node_0067 + node_0073 | dehydrogenative_coupling | electron_loss,node_19888;node_19912;node_21668;node_23276
PEN,Polyethylene Naphthalate,C19H18O8,positive,1,374.1001675367,0.558,0.388,4,1,4,recombination,node_21044,node_0071 + node_0073 | dehydrogenative_coupling | electron_loss,node_21044;node_21068;node_21684;node_23292
PEN,Polyethylene Naphthalate,C12H6O4,negative,-1,214.02660867166,0.556,0.556,1,1,1,fragment,node_5351,"M | fragment C,H,O from C-O+C-O bond break(s) | electron_gain",node_5351
PEN,Polyethylene Naphthalate,C10H5,positive,1,125.03912516115,0.552,0.552,1,1,1,fragment_h_shift,node_5632,"M | fragment C,H from C-C+C-C bond break(s) | h_shift_-1 | electron_loss",node_5632
PEN,Polyethylene Naphthalate,C10H7,negative,-1,127.05477522561,0.552,0.552,1,1,1,fragment_h_shift,node_5635,"M | fragment C,H from C-C+C-C bond break(s) | h_shift_+1 | electron_gain",node_5635
PEN,Polyethylene Naphthalate,C29H22O10,positive,1,530.12129690476,0.551975740619048,0.381975740619048,4,1,4,recombination,node_18696,node_0063 + node_0067 | dehydrogenative_coupling | electron_loss,node_18696;node_18768;node_19936;node_24752
PEN,Polyethylene Naphthalate,C30H24O10,positive,1,544.13694696922,0.5491726106061561,0.379172610606156,5,1,5,recombination,node_18712,node_0063 + node_0071 | dehydrogenative_coupling | electron_loss,node_18712;node_18784;node_19952;node_21092;node_24768
PEN,Polyethylene Naphthalate,C13H6O3,negative,-1,210.03169405209002,0.548,0.37800000000000006,17,1,17,recombination,node_20591,node_0069 + node_0102 | dehydrogenative_coupling | deprotonation,node_9439;node_9903;node_9959;node_10107;node_10175;node_10267;node_10391;node_12551;node_12643;node_15299;node_15363;node_16135;node_16191;node_16511;node_16607;node_16931;node_20591
PEN,Polyethylene Naphthalate,C13H6O4,negative,-1,226.02660867166,0.548,0.37800000000000006,22,1,22,recombination,node_20599,node_0069 + node_0104 | dehydrogenative_coupling | deprotonation,node_9443;node_9463;node_10475;node_10599;node_11363;node_11419;node_11567;node_11635;node_11727;node_11851;node_12575;node_12647;node_15507;node_15571;node_16347;node_16403;node_16535;node_16611;node_16935;node_16955;node_20599;node_20643
PEN,Polyethylene Naphthalate,C13H6O5,negative,-1,242.02152329123,0.548,0.37800000000000006,5,1,5,recombination,node_20651,node_0069 + node_0117 | dehydrogenative_coupling | deprotonation,node_9467;node_11919;node_12043;node_16959;node_20651
PEN,Polyethylene Naphthalate,C14H8O3,negative,-1,224.04734411655,0.548,0.37800000000000006,26,1,26,recombination,node_19411,node_0065 + node_0102 | dehydrogenative_coupling | deprotonation,node_9647;node_9927;node_9963;node_10131;node_10179;node_10271;node_10395;node_10499;node_10607;node_11115;node_11131;node_11755;node_11859;node_13799;node_13891;node_15323;node_15367;node_16159;node_16195;node_16719;node_16815;node_17139;node_17351;node_17371;node_19411;node_25271
PEN,Polyethylene Naphthalate,C14H8O4,negative,-1,240.04225873612,0.548,0.37800000000000006,52,1,52,recombination,node_18243,node_0061 + node_0102 | dehydrogenative_coupling | deprotonation,node_9447;node_9487;node_9651;node_9671;node_10479;node_10603;node_10683;node_10807;node_11135;node_11387;node_11423;node_11591;node_11639;node_11731;node_11855;node_11947;node_12051;node_12595;node_12651;node_12803;node_12867;node_12959;node_13083;node_13823;node_13895;node_15531;node_15575;node_15715;node_15779;node_16371;node_16407;node_16559;node_16615;node_16743;node_16819;node_16939;node_16979;node_17143;node_17163;node_17375;node_18243;node_19419;node_19463;node_20607;node_20691;node_21715;node_21911;node_23323;node_23519;node_24335;node_25279;node_25323
PEN,Polyethylene Naphthalate,C14H8O5,negative,-1,256.03717335569,0.548,0.37800000000000006,24,1,24,recombination,node_18251,node_0061 + node_0104 | dehydrogenative_coupling | deprotonation,node_9471;node_9491;node_9675;node_11923;node_12047;node_12127;node_12251;node_13167;node_13291;node_16963;node_16983;node_17167;node_18251;node_18295;node_19471;node_20659;node_20699;node_21767;node_21919;node_23375;node_23527;node_24343;node_24387;node_25331
PEN,Polyethylene Naphthalate,C15H10O4,negative,-1,254.05790880058,0.548,0.37800000000000006,46,1,46,recombination,node_19427,node_0065 + node_0106 | dehydrogenative_coupling | deprotonation,node_9451;node_9511;node_9655;node_9695;node_10687;node_10811;node_10891;node_11015;node_11139;node_11159;node_12155;node_12259;node_12619;node_12655;node_12823;node_12871;node_12963;node_13087;node_13195;node_13299;node_13847;node_13899;node_14051;node_14115;node_14207;node_14331;node_15739;node_15783;node_15923;node_15987;node_16583;node_16619;node_16767;node_16823;node_16943;node_17003;node_17147;node_17187;node_17379;node_17399;node_19427;node_19511;node_20615;node_20739;node_25287;node_25371
PEN,Polyethylene Naphthalate,C15H12O3,negative,-1,240.07864424547,0.548,0.37800000000000006,16,1,16,recombination,node_19551,node_0065 + node_0137 | dehydrogenative_coupling | deprotonation,node_9715;node_9751;node_14003;node_14127;node_15875;node_15999;node_17207;node_17243;node_19551;node_19623;node_22303;node_22531;node_22839;node_23067;node_25411;node_25483
PEN,Polyethylene Naphthalate,C15H8O5,negative,-1,268.03717335569,0.548,0.37800000000000006,28,1,28,recombination,node_21723,node_0073 + node_0102 | dehydrogenative_coupling | deprotonation,node_9895;node_9915;node_9935;node_10547;node_10595;node_10731;node_10799;node_11331;node_11391;node_11799;node_11847;node_12563;node_12599;node_13011;node_13075;node_13807;node_13827;node_16127;node_16147;node_16167;node_16315;node_16375;node_16523;node_16563;node_16727;node_16747;node_21723;node_23331
PEN,Polyethylene Naphthalate,C15H8O6,negative,-1,284.03208797526,0.548,0.37800000000000006,22,1,22,recombination,node_21731,node_0073 + node_0104 | dehydrogenative_coupling | deprotonation,node_11355;node_11375;node_11395;node_11991;node_12039;node_12175;node_12243;node_12587;node_12603;node_13219;node_13283;node_13831;node_16339;node_16359;node_16379;node_16547;node_16567;node_16751;node_21731;node_21775;node_23339;node_23383
PEN,Polyethylene Naphthalate,C16H10O6,negative,-1,298.04773803972,0.548,0.37800000000000006,32,1,32,recombination,node_17719,node_0059 + node_0123 | dehydrogenative_coupling | deprotonation,node_11379;node_11399;node_12199;node_12247;node_12383;node_12451;node_12591;node_12607;node_12627;node_13239;node_13287;node_13427;node_13491;node_13835;node_13855;node_14467;node_14531;node_16363;node_16383;node_16551;node_16571;node_16591;node_16755;node_16775;node_17719;node_17863;node_21739;node_21823;node_23347;node_23431;node_23927;node_24071
PEN,Polyethylene Naphthalate,C16H10O7,negative,-1,314.04265265929,0.548,0.37800000000000006,8,1,8,recombination,node_18899,node_0063 + node_0123 | dehydrogenative_coupling | deprotonation,node_18899;node_19043;node_21791;node_21831;node_23399;node_23439;node_24883;node_25027
PEN,Polyethylene Naphthalate,C16H12O4,negative,-1,268.07355886504,0.548,0.37800000000000006,36,1,36,recombination,node_17667,node_0059 + node_0110 | dehydrogenative_coupling | deprotonation,node_9659;node_9719;node_10895;node_11019;node_11143;node_11163;node_11183;node_12363;node_12467;node_13403;node_13507;node_13867;node_13903;node_14075;node_14119;node_14211;node_14335;node_14443;node_14547;node_15947;node_15991;node_16791;node_16827;node_17151;node_17211;node_17383;node_17403;node_17423;node_17667;node_17895;node_19435;node_19559;node_23875;node_24103;node_25295;node_25419
PEN,Polyethylene Naphthalate,C16H12O5,negative,-1,284.06847348461,0.548,0.37800000000000006,48,1,48,recombination,node_17615,node_0059 + node_0097 | dehydrogenative_coupling | deprotonation,node_9499;node_9519;node_9683;node_9703;node_9723;node_12339;node_12463;node_13379;node_13503;node_13583;node_13707;node_14419;node_14543;node_14623;node_14747;node_16991;node_17011;node_17175;node_17195;node_17215;node_17615;node_17887;node_18267;node_18383;node_18855;node_19075;node_19487;node_19527;node_19567;node_20715;node_20755;node_21863;node_21935;node_22403;node_22507;node_22939;node_23043;node_23471;node_23543;node_23823;node_24095;node_24359;node_24475;node_24839;node_25059;node_25347;node_25387;node_25427
PEN,Polyethylene Naphthalate,C17H12O6,negative,-1,312.06338810418004,0.548,0.37800000000000006,30,1,30,recombination,node_17767,node_0059 + node_0135 | dehydrogenative_coupling | deprotonation,node_11403;node_12407;node_12455;node_12611;node_12631;node_13447;node_13495;node_13635;node_13699;node_13839;node_13859;node_13875;node_14491;node_14535;node_14675;node_14739;node_16387;node_16575;node_16595;node_16759;node_16779;node_16799;node_17767;node_17871;node_21747;node_21871;node_23355;node_23479;node_23975;node_24079
PEN,Polyethylene Naphthalate,C17H12O7,negative,-1,328.05830272375,0.548,0.37800000000000006,12,1,12,recombination,node_18947,node_0063 + node_0135 | dehydrogenative_coupling | deprotonation,node_18947;node_19051;node_20091;node_20235;node_21799;node_21839;node_21879;node_23407;node_23447;node_23487;node_24931;node_25035
PEN,Polyethylene Naphthalate,C17H14O5,negative,-1,298.08412354907,0.548,0.37800000000000006,19,1,19,recombination,node_19535,node_0065 + node_0133 | dehydrogenative_coupling | deprotonation,node_9523;node_9707;node_9727;node_13587;node_13711;node_14627;node_14751;node_14831;node_14955;node_17015;node_17199;node_17219;node_19535;node_19575;node_20039;node_20267;node_20763;node_25395;node_25435
PEN,Polyethylene Naphthalate,C18H14O7,negative,-1,342.07395278821,0.548,0.37800000000000006,8,1,8,recombination,node_20139,node_0067 + node_0135 | dehydrogenative_coupling | deprotonation,node_20139;node_20243;node_21247;node_21391;node_21847;node_21887;node_23455;node_23495
PEN,Polyethylene Naphthalate,C18H16O5,negative,-1,312.09977361353,0.548,0.37800000000000006,8,1,8,recombination,node_19583,node_0065 + node_0145 | dehydrogenative_coupling | deprotonation,node_9731;node_14835;node_14959;node_17223;node_19583;node_21195;node_21423;node_25443
PEN,Polyethylene Naphthalate,C18H16O6,negative,-1,328.0946882331,0.548,0.37800000000000006,4,1,4,recombination,node_18407,node_0061 + node_0145 | dehydrogenative_coupling | deprotonation,node_18407;node_21143;node_21415;node_24499
PEN,Polyethylene Naphthalate,C19H16O7,negative,-1,356.08960285267,0.548,0.37800000000000006,4,1,4,recombination,node_21295,node_0071 + node_0135 | dehydrogenative_coupling | deprotonation,node_21295;node_21399;node_21895;node_23503
PEN,Polyethylene Naphthalate,C24H14O4,negative,-1,366.0892089295,0.548,0.37800000000000006,22,1,22,recombination,node_17815,node_0059 + node_0147 | dehydrogenative_coupling | deprotonation,node_11595;node_11631;node_12431;node_12859;node_13471;node_14031;node_14103;node_14511;node_15087;node_15107;node_15127;node_15535;node_15567;node_15719;node_15903;node_15979;node_17815;node_22263;node_22459;node_22799;node_22995;node_24023
PEN,Polyethylene Naphthalate,C24H14O5,negative,-1,382.08412354907,0.548,0.37800000000000006,6,1,6,recombination,node_18995,node_0063 + node_0147 | dehydrogenative_coupling | deprotonation,node_18995;node_22315;node_22467;node_22851;node_23003;node_24979
PEN,Polyethylene Naphthalate,C25H14O5,negative,-1,394.08412354907,0.548,0.37800000000000006,42,1,42,recombination,node_17627,node_0059 + node_0100 | dehydrogenative_coupling | deprotonation,node_10103;node_10123;node_10143;node_10551;node_10587;node_10735;node_10791;node_10919;node_10995;node_11543;node_11599;node_11803;node_11839;node_12343;node_12435;node_12771;node_12807;node_13015;node_13067;node_13383;node_13475;node_14015;node_14035;node_14239;node_14311;node_14423;node_14515;node_15295;node_15315;node_15335;node_15479;node_15539;node_15683;node_15723;node_15887;node_15907;node_17627;node_17823;node_22271;node_22807;node_23835;node_24031
PEN,Polyethylene Naphthalate,C25H14O6,negative,-1,410.07903816864,0.548,0.37800000000000006,36,1,36,recombination,node_17679,node_0059 + node_0113 | dehydrogenative_coupling | deprotonation,node_11563;node_11583;node_11603;node_11995;node_12031;node_12179;node_12235;node_12367;node_12439;node_12795;node_12811;node_13223;node_13275;node_13407;node_13479;node_14039;node_14447;node_14519;node_15503;node_15523;node_15543;node_15707;node_15727;node_15911;node_17679;node_17831;node_18815;node_19003;node_22279;node_22323;node_22815;node_22859;node_23887;node_24039;node_24799;node_24987
PEN,Polyethylene Naphthalate,C25H14O7,negative,-1,426.07395278821,0.548,0.37800000000000006,6,1,6,recombination,node_18867,node_0063 + node_0113 | dehydrogenative_coupling | deprotonation,node_18867;node_19011;node_22331;node_22867;node_24851;node_24995
PEN,Polyethylene Naphthalate,C26H14O6,negative,-1,422.07903816864,0.548,0.37800000000000006,18,1,18,recombination,node_17635,node_0059 + node_0102 | dehydrogenative_coupling | deprotonation,node_10311;node_10331;node_10351;node_10495;node_10555;node_10739;node_10907;node_10923;node_11751;node_11807;node_12347;node_12979;node_13387;node_14223;node_14243;node_14427;node_17635;node_23843
PEN,Polyethylene Naphthalate,C26H14O7,negative,-1,438.07395278821,0.548,0.37800000000000006,30,1,30,recombination,node_17643,node_0059 + node_0104 | dehydrogenative_coupling | deprotonation,node_10519;node_10539;node_10559;node_10723;node_10743;node_10927;node_11771;node_11791;node_11811;node_11943;node_11999;node_12147;node_12183;node_12351;node_12371;node_13003;node_13019;node_13187;node_13227;node_13391;node_13411;node_14247;node_14431;node_14451;node_17643;node_17687;node_18823;node_23851;node_23895;node_24807
PEN,Polyethylene Naphthalate,C26H14O8,negative,-1,454.06886740778,0.548,0.37800000000000006,14,1,14,recombination,node_17695,node_0059 + node_0117 | dehydrogenative_coupling | deprotonation,node_11963;node_11983;node_12003;node_12187;node_12375;node_13211;node_13415;node_14455;node_17695;node_18831;node_18875;node_23903;node_24815;node_24859
PEN,Polyethylene Naphthalate,C26H18O5,negative,-1,410.11542367799,0.548,0.37800000000000006,5,1,5,recombination,node_21343,node_0071 + node_0147 | dehydrogenative_coupling | deprotonation,node_21343;node_22411;node_22483;node_22947;node_23019
PEN,Polyethylene Naphthalate,C27H16O7,negative,-1,452.08960285267,0.548,0.37800000000000006,33,1,33,recombination,node_17651,node_0059 + node_0106 | dehydrogenative_coupling | deprotonation,node_10543;node_10563;node_10727;node_10747;node_10767;node_10931;node_10951;node_11795;node_11815;node_12151;node_12207;node_12355;node_12391;node_13007;node_13023;node_13043;node_13191;node_13247;node_13395;node_13435;node_13599;node_13619;node_14251;node_14271;node_14435;node_14475;node_14639;node_14659;node_17651;node_17735;node_20007;node_23859;node_23943
PEN,Polyethylene Naphthalate,C27H16O8,negative,-1,468.08451747224,0.548,0.37800000000000006,26,1,26,recombination,node_17703,node_0059 + node_0119 | dehydrogenative_coupling | deprotonation,node_11987;node_12007;node_12171;node_12191;node_12211;node_12379;node_12395;node_13215;node_13231;node_13251;node_13419;node_13439;node_13623;node_14459;node_14479;node_14663;node_17703;node_17743;node_18839;node_18915;node_20015;node_20059;node_23911;node_23951;node_24823;node_24899
PEN,Polyethylene Naphthalate,C27H16O9,negative,-1,484.07943209181,0.548,0.37800000000000006,5,1,5,recombination,node_18883,node_0063 + node_0119 | dehydrogenative_coupling | deprotonation,node_18883;node_18923;node_20067;node_24867;node_24907
PEN,Polyethylene Naphthalate,C27H18O6,negative,-1,438.11033829756,0.548,0.37800000000000006,34,1,34,recombination,node_17775,node_0059 + node_0137 | dehydrogenative_coupling | deprotonation,node_11611;node_12411;node_12447;node_12819;node_12839;node_13451;node_13487;node_13639;node_13691;node_14047;node_14067;node_14083;node_14495;node_14527;node_14679;node_14731;node_14863;node_14935;node_15551;node_15735;node_15755;node_15919;node_15939;node_15959;node_17775;node_17847;node_21155;node_21351;node_22295;node_22419;node_22831;node_22955;node_23983;node_24055
PEN,Polyethylene Naphthalate,C28H18O7,negative,-1,466.10525291713003,0.548,0.37800000000000006,29,1,29,recombination,node_17659,node_0059 + node_0108 | dehydrogenative_coupling | deprotonation,node_10567;node_10751;node_10771;node_10935;node_10955;node_10975;node_11819;node_12359;node_12415;node_13027;node_13047;node_13399;node_13455;node_13603;node_13643;node_14255;node_14275;node_14291;node_14439;node_14499;node_14643;node_14683;node_14847;node_14867;node_17659;node_17783;node_21163;node_23867;node_23991
PEN,Polyethylene Naphthalate,C28H18O8,negative,-1,482.1001675367,0.548,0.37800000000000006,30,1,30,recombination,node_17711,node_0059 + node_0121 | dehydrogenative_coupling | deprotonation,node_12011;node_12195;node_12215;node_12399;node_12419;node_13235;node_13255;node_13423;node_13459;node_13627;node_13647;node_14463;node_14483;node_14667;node_14687;node_14871;node_17711;node_17751;node_17791;node_18847;node_18963;node_20023;node_20107;node_21171;node_21215;node_23919;node_23959;node_23999;node_24831;node_24947
PEN,Polyethylene Naphthalate,C28H18O9,negative,-1,498.09508215627,0.548,0.37800000000000006,9,1,9,recombination,node_18891,node_0063 + node_0121 | dehydrogenative_coupling | deprotonation,node_18891;node_18931;node_18971;node_20075;node_20115;node_21223;node_24875;node_24915;node_24955
PEN,Polyethylene Naphthalate,C29H20O8,negative,-1,496.11581760116,0.548,0.37800000000000006,24,1,24,recombination,node_17759,node_0059 + node_0133 | dehydrogenative_coupling | deprotonation,node_12219;node_12403;node_12423;node_13259;node_13443;node_13463;node_13631;node_13651;node_13667;node_14487;node_14503;node_14671;node_14691;node_14711;node_14875;node_14895;node_17759;node_17799;node_20031;node_20155;node_21179;node_21263;node_23967;node_24007
PEN,Polyethylene Naphthalate,C29H22O7,negative,-1,482.13655304605,0.548,0.37800000000000006,4,1,4,recombination,node_21303,node_0071 + node_0137 | dehydrogenative_coupling | deprotonation,node_21303;node_21375;node_22443;node_22979
PEN,Polyethylene Naphthalate,C30H22O8,negative,-1,510.13146766562,0.5459737064668762,0.37597370646687606,12,1,12,recombination,node_17807,node_0059 + node_0145 | dehydrogenative_coupling | deprotonation,node_12427;node_13467;node_13671;node_14507;node_14695;node_14879;node_14899;node_14919;node_17807;node_21187;node_21311;node_24015
PEN,Polyethylene Naphthalate,C29H20O9,negative,-1,512.11073222073,0.545577853555854,0.37557785355585405,9,1,9,recombination,node_18939,node_0063 + node_0133 | dehydrogenative_coupling | deprotonation,node_18939;node_18979;node_20083;node_20123;node_20163;node_21231;node_21271;node_24923;node_24963
PEN,Polyethylene Naphthalate,C30H22O9,negative,-1,526.1263822851901,0.5427747235429621,0.37277472354296204,7,1,7,recombination,node_18987,node_0063 + node_0145 | dehydrogenative_coupling | deprotonation,node_18987;node_20131;node_20171;node_21239;node_21279;node_21319;node_24971
PEN,Polyethylene Naphthalate,C12H9,positive,1,153.07042529007,0.542,0.372,4,1,4,recombination,node_11192,node_0028 + node_0147 | single_dehydrogenative_recombination | electron_loss,node_11192;node_15064;node_15168;node_17432
PEN,Polyethylene Naphthalate,C12H9,negative,-1,153.07042529007,0.542,0.372,4,1,4,recombination,node_11193,node_0028 + node_0147 | single_dehydrogenative_recombination | electron_gain,node_11193;node_15065;node_15169;node_17433
PEN,Polyethylene Naphthalate,C13H9O,positive,1,181.06533990964,0.542,0.372,8,1,8,recombination,node_10080,node_0023 + node_0110 | single_dehydrogenative_recombination | electron_loss,node_10080;node_10188;node_11104;node_11196;node_15272;node_15376;node_17340;node_17436
PEN,Polyethylene Naphthalate,C13H9O,negative,-1,181.06533990964,0.542,0.372,8,1,8,recombination,node_10081,node_0023 + node_0110 | single_dehydrogenative_recombination | electron_gain,node_10081;node_10189;node_11105;node_11197;node_15273;node_15377;node_17341;node_17437
PEN,Polyethylene Naphthalate,C2HO3,positive,1,72.99256889094,0.542,0.372,4,1,4,recombination,node_11304,node_0029 + node_0095 | single_dehydrogenative_recombination | electron_loss,node_11304;node_11432;node_16288;node_16416
PEN,Polyethylene Naphthalate,C3H3O,negative,-1,55.01838971626,0.542,0.372,4,1,4,recombination,node_9873,node_0022 + node_0110 | single_dehydrogenative_recombination | electron_gain,node_9873;node_9981;node_16105;node_16213
PEN,Polyethylene Naphthalate,C3HO3,positive,1,84.99256889094,0.542,0.372,4,1,4,recombination,node_9896,node_0022 + node_0123 | single_dehydrogenative_recombination | electron_loss,node_9896;node_9964;node_16128;node_16196
PEN,Polyethylene Naphthalate,C3HO3,negative,-1,84.99256889094,0.542,0.372,4,1,4,recombination,node_9897,node_0022 + node_0123 | single_dehydrogenative_recombination | electron_gain,node_9897;node_9965;node_16129;node_16197
PEN,Polyethylene Naphthalate,C3HO4,positive,1,100.98748351051,0.542,0.372,4,1,4,recombination,node_11356,node_0029 + node_0123 | single_dehydrogenative_recombination | electron_loss,node_11356;node_11424;node_16340;node_16408
PEN,Polyethylene Naphthalate,C3HO4,negative,-1,100.98748351051,0.542,0.372,4,1,4,recombination,node_11357,node_0029 + node_0123 | single_dehydrogenative_recombination | electron_gain,node_11357;node_11425;node_16341;node_16409
PEN,Polyethylene Naphthalate,C4H3O3,positive,1,99.00821895540001,0.542,0.372,4,1,4,recombination,node_9920,node_0022 + node_0135 | single_dehydrogenative_recombination | electron_loss,node_9920;node_9968;node_16152;node_16200
PEN,Polyethylene Naphthalate,C4H3O3,negative,-1,99.00821895540001,0.542,0.372,4,1,4,recombination,node_9921,node_0022 + node_0135 | single_dehydrogenative_recombination | electron_gain,node_9921;node_9969;node_16153;node_16201
PEN,Polyethylene Naphthalate,C4H3O4,positive,1,115.00313357497001,0.542,0.372,6,1,6,recombination,node_11380,node_0029 + node_0135 | single_dehydrogenative_recombination | electron_loss,node_11380;node_11428;node_12656;node_16364;node_16412;node_16552
PEN,Polyethylene Naphthalate,C4H5O2,positive,1,85.02895440029,0.542,0.372,8,1,8,recombination,node_11144,node_0028 + node_0123 | single_dehydrogenative_recombination | electron_loss,node_11144;node_11212;node_12568;node_12672;node_16528;node_16632;node_17384;node_17452
PEN,Polyethylene Naphthalate,C4H5O2,negative,-1,85.02895440029,0.542,0.372,8,1,8,recombination,node_11145,node_0028 + node_0123 | single_dehydrogenative_recombination | electron_gain,node_11145;node_11213;node_12569;node_12673;node_16529;node_16633;node_17385;node_17453
PEN,Polyethylene Naphthalate,C5H5O4,positive,1,129.01878363943,0.542,0.372,8,1,8,recombination,node_12612,node_0035 + node_0135 | single_dehydrogenative_recombination | electron_loss,node_12612;node_12660;node_13840;node_13904;node_16576;node_16620;node_16760;node_16828
PEN,Polyethylene Naphthalate,C5H5O4,negative,-1,129.01878363943,0.542,0.372,8,1,8,recombination,node_12613,node_0035 + node_0135 | single_dehydrogenative_recombination | electron_gain,node_12613;node_12661;node_13841;node_13905;node_16577;node_16621;node_16761;node_16829
PEN,Polyethylene Naphthalate,C5H7O2,positive,1,99.04460446475,0.542,0.372,8,1,8,recombination,node_11168,node_0028 + node_0135 | single_dehydrogenative_recombination | electron_loss,node_11168;node_11216;node_13816;node_13920;node_16736;node_16840;node_17408;node_17456
PEN,Polyethylene Naphthalate,C5H7O2,negative,-1,99.04460446475,0.542,0.372,8,1,8,recombination,node_11169,node_0028 + node_0135 | single_dehydrogenative_recombination | electron_gain,node_11169;node_11217;node_13817;node_13921;node_16737;node_16841;node_17409;node_17457
PEN,Polyethylene Naphthalate,C11H9O,negative,-1,157.06533990964,0.54,0.45,2,1,2,recombination,node_20773,node_0069 + node_0148 | h_transfer_recombination | electron_gain,node_20773;node_21005
PEN,Polyethylene Naphthalate,C2H3O3,negative,-1,75.00821895540001,0.54,0.45,2,1,2,recombination,node_20629,node_0069 + node_0112 | h_transfer_recombination | electron_gain,node_20629;node_20813
PEN,Polyethylene Naphthalate,C26H22O6,negative,-1,430.14163842648003,0.538,0.448,2,1,2,recombination,node_22173,node_0075 + node_0078 | h_transfer_recombination | electron_gain,node_22173;node_22537
PEN,Polyethylene Naphthalate,C12H4O4,negative,-1,212.0109586072,0.53,0.36,4,1,4,recombination,node_11339,node_0029 + node_0113 | single_dehydrogenative_recombination | deprotonation,node_11339;node_11415;node_16323;node_16399
PEN,Polyethylene Naphthalate,C13H4O4,negative,-1,224.0109586072,0.53,0.36,6,1,6,recombination,node_9863,node_0022 + node_0104 | single_dehydrogenative_recombination | deprotonation,node_9863;node_9883;node_11319;node_16095;node_16115;node_16303
PEN,Polyethylene Naphthalate,C13H4O5,negative,-1,240.00587322677,0.53,0.36,6,1,6,recombination,node_9887,node_0022 + node_0117 | single_dehydrogenative_recombination | deprotonation,node_9887;node_11323;node_11343;node_16119;node_16307;node_16327
PEN,Polyethylene Naphthalate,C14H10O2,negative,-1,210.06807956144002,0.53,0.36,8,1,8,recombination,node_11151,node_0028 + node_0125 | single_dehydrogenative_recombination | deprotonation,node_11151;node_11207;node_12779;node_12883;node_15691;node_15795;node_17391;node_17447
PEN,Polyethylene Naphthalate,C14H6O4,negative,-1,238.02660867166,0.53,0.36,8,1,8,recombination,node_9867,node_0022 + node_0106 | single_dehydrogenative_recombination | deprotonation,node_9867;node_9907;node_10315;node_10383;node_12555;node_16099;node_16139;node_16515
PEN,Polyethylene Naphthalate,C14H6O5,negative,-1,254.02152329123,0.53,0.36,16,1,16,recombination,node_9891,node_0022 + node_0119 | single_dehydrogenative_recombination | deprotonation,node_9891;node_9911;node_10523;node_10591;node_11327;node_11367;node_11775;node_11843;node_12559;node_12579;node_16123;node_16143;node_16311;node_16351;node_16519;node_16539
PEN,Polyethylene Naphthalate,C14H6O6,negative,-1,270.0164379108,0.53,0.36,8,1,8,recombination,node_11351,node_0029 + node_0119 | single_dehydrogenative_recombination | deprotonation,node_11351;node_11371;node_11967;node_12035;node_12583;node_16335;node_16355;node_16543
PEN,Polyethylene Naphthalate,C14H8O2,negative,-1,208.05242949698,0.53,0.36,4,1,4,recombination,node_10291,node_0024 + node_0110 | single_dehydrogenative_recombination | deprotonation,node_10291;node_10399;node_11111;node_17347
PEN,Polyethylene Naphthalate,C15H10O3,negative,-1,238.06299418101,0.53,0.36,8,1,8,recombination,node_10707,node_0026 + node_0110 | single_dehydrogenative_recombination | deprotonation,node_10707;node_10815;node_11119;node_11155;node_12987;node_13091;node_17355;node_17395
PEN,Polyethylene Naphthalate,C15H12O2,negative,-1,224.0837296259,0.53,0.36,8,1,8,recombination,node_11175,node_0028 + node_0137 | single_dehydrogenative_recombination | deprotonation,node_11175;node_11211;node_14027;node_14131;node_15899;node_16003;node_17415;node_17451
PEN,Polyethylene Naphthalate,C15H8O4,negative,-1,252.04225873612,0.53,0.36,8,1,8,recombination,node_9871,node_0022 + node_0108 | single_dehydrogenative_recombination | deprotonation,node_9871;node_9931;node_10339;node_10387;node_13803;node_16103;node_16163;node_16723
PEN,Polyethylene Naphthalate,C16H10O5,negative,-1,282.05282342015,0.53,0.36,20,1,20,recombination,node_9919,node_0022 + node_0133 | single_dehydrogenative_recombination | deprotonation,node_9919;node_9939;node_10755;node_10803;node_10939;node_11007;node_12567;node_12623;node_13031;node_13079;node_13811;node_13851;node_14259;node_14323;node_16151;node_16171;node_16527;node_16587;node_16731;node_16771
PEN,Polyethylene Naphthalate,C16H12O3,negative,-1,252.07864424547,0.53,0.36,8,1,8,recombination,node_10915,node_0027 + node_0110 | single_dehydrogenative_recombination | deprotonation,node_10915;node_11023;node_11123;node_11179;node_14235;node_14339;node_17359;node_17419
PEN,Polyethylene Naphthalate,C17H12O5,negative,-1,296.06847348461,0.53,0.36,10,1,10,recombination,node_9943,node_0022 + node_0145 | single_dehydrogenative_recombination | deprotonation,node_9943;node_10963;node_11011;node_13815;node_13871;node_14283;node_14327;node_16175;node_16735;node_16795
PEN,Polyethylene Naphthalate,C17H14O4,negative,-1,282.0892089295,0.53,0.36,8,1,8,recombination,node_11167,node_0028 + node_0133 | single_dehydrogenative_recombination | deprotonation,node_11167;node_11187;node_13611;node_13715;node_14651;node_14755;node_17407;node_17427
PEN,Polyethylene Naphthalate,C18H14O6,negative,-1,326.07903816864,0.53,0.36,12,1,12,recombination,node_12635,node_0035 + node_0145 | single_dehydrogenative_recombination | deprotonation,node_12635;node_13655;node_13703;node_13863;node_13879;node_14699;node_14743;node_14883;node_14947;node_16599;node_16783;node_16803
PEN,Polyethylene Naphthalate,C18H16O4,negative,-1,296.10485899396,0.53,0.36,4,1,4,recombination,node_11191,node_0028 + node_0145 | single_dehydrogenative_recombination | deprotonation,node_11191;node_14859;node_14963;node_17431
PEN,Polyethylene Naphthalate,C19H16O6,negative,-1,340.0946882331,0.53,0.36,4,1,4,recombination,node_13883,node_0041 + node_0145 | single_dehydrogenative_recombination | deprotonation,node_13883;node_14907;node_14951;node_16807
PEN,Polyethylene Naphthalate,C21H10O,negative,-1,278.07316494187,0.53,0.36,4,1,4,recombination,node_10155,node_0023 + node_0147 | single_dehydrogenative_recombination | deprotonation,node_10155;node_15047;node_15139;node_15347
PEN,Polyethylene Naphthalate,C21H10O2,negative,-1,294.06807956144,0.53,0.36,4,1,4,recombination,node_11615,node_0030 + node_0147 | single_dehydrogenative_recombination | deprotonation,node_11615;node_15071;node_15143;node_15555
PEN,Polyethylene Naphthalate,C22H10O2,negative,-1,306.06807956144,0.53,0.36,4,1,4,recombination,node_10159,node_0023 + node_0149 | single_dehydrogenative_recombination | deprotonation,node_10159;node_10363;node_15051;node_15255
PEN,Polyethylene Naphthalate,C22H10O3,negative,-1,322.06299418101,0.53,0.36,12,1,12,recombination,node_10087,node_0023 + node_0113 | single_dehydrogenative_recombination | deprotonation,node_10087;node_10163;node_10571;node_11527;node_11619;node_11823;node_15055;node_15075;node_15279;node_15351;node_15463;node_15559
PEN,Polyethylene Naphthalate,C22H10O4,negative,-1,338.05790880058,0.53,0.36,4,1,4,recombination,node_11623,node_0030 + node_0151 | single_dehydrogenative_recombination | deprotonation,node_11623;node_12015;node_15079;node_15487
PEN,Polyethylene Naphthalate,C22H12O2,negative,-1,308.0837296259,0.53,0.36,4,1,4,recombination,node_12847,node_0036 + node_0147 | single_dehydrogenative_recombination | deprotonation,node_12847;node_15095;node_15147;node_15763
PEN,Polyethylene Naphthalate,C23H10O3,negative,-1,334.06299418101,0.53,0.36,4,1,4,recombination,node_10067,node_0023 + node_0102 | single_dehydrogenative_recombination | deprotonation,node_10067;node_10275;node_10367;node_15259
PEN,Polyethylene Naphthalate,C23H10O4,negative,-1,350.05790880058,0.53,0.36,12,1,12,recombination,node_10071,node_0023 + node_0104 | single_dehydrogenative_recombination | deprotonation,node_10071;node_10091;node_10295;node_10371;node_10483;node_10575;node_11531;node_11735;node_11827;node_15263;node_15283;node_15467
PEN,Polyethylene Naphthalate,C23H10O5,negative,-1,366.05282342015,0.53,0.36,12,1,12,recombination,node_10095,node_0023 + node_0117 | single_dehydrogenative_recombination | deprotonation,node_10095;node_10503;node_10579;node_11535;node_11551;node_11759;node_11831;node_11927;node_12019;node_15287;node_15471;node_15491
PEN,Polyethylene Naphthalate,C23H10O6,negative,-1,382.04773803972,0.53,0.36,4,1,4,recombination,node_11555,node_0030 + node_0117 | single_dehydrogenative_recombination | deprotonation,node_11555;node_11951;node_12023;node_15495
PEN,Polyethylene Naphthalate,C23H12O3,negative,-1,336.07864424547,0.53,0.36,12,1,12,recombination,node_10111,node_0023 + node_0125 | single_dehydrogenative_recombination | deprotonation,node_10111;node_10167;node_10779;node_12759;node_12851;node_13055;node_15059;node_15099;node_15303;node_15355;node_15671;node_15767
PEN,Polyethylene Naphthalate,C23H12O4,negative,-1,352.07355886504,0.53,0.36,12,1,12,recombination,node_11571,node_0030 + node_0125 | single_dehydrogenative_recombination | deprotonation,node_11571;node_11627;node_12223;node_12783;node_12855;node_13263;node_15083;node_15103;node_15511;node_15563;node_15695;node_15771
PEN,Polyethylene Naphthalate,C23H14O2,negative,-1,322.09937969036,0.53,0.36,4,1,4,recombination,node_14095,node_0042 + node_0147 | single_dehydrogenative_recombination | deprotonation,node_14095;node_15119;node_15151;node_15971
PEN,Polyethylene Naphthalate,C24H10O5,negative,-1,378.05282342015,0.53,0.36,4,1,4,recombination,node_10279,node_0024 + node_0104 | single_dehydrogenative_recombination | deprotonation,node_10279;node_10299;node_10487;node_11739
PEN,Polyethylene Naphthalate,C24H10O6,negative,-1,394.04773803972,0.53,0.36,4,1,4,recombination,node_10303,node_0024 + node_0117 | single_dehydrogenative_recombination | deprotonation,node_10303;node_10507;node_11743;node_11931
PEN,Polyethylene Naphthalate,C24H10O7,negative,-1,410.04265265929,0.53,0.36,4,1,4,recombination,node_10511,node_0025 + node_0117 | single_dehydrogenative_recombination | deprotonation,node_10511;node_11763;node_11935;node_11955
PEN,Polyethylene Naphthalate,C24H12O4,negative,-1,364.07355886504,0.53,0.36,12,1,12,recombination,node_10075,node_0023 + node_0106 | single_dehydrogenative_recombination | deprotonation,node_10075;node_10115;node_10319;node_10375;node_10691;node_10783;node_12763;node_12967;node_13059;node_15267;node_15307;node_15675
PEN,Polyethylene Naphthalate,C24H12O5,negative,-1,380.06847348461,0.53,0.36,24,1,24,recombination,node_10099,node_0023 + node_0119 | single_dehydrogenative_recombination | deprotonation,node_10099;node_10119;node_10527;node_10583;node_10711;node_10787;node_11539;node_11575;node_11779;node_11835;node_12135;node_12227;node_12767;node_12787;node_12991;node_13063;node_13175;node_13267;node_15291;node_15311;node_15475;node_15515;node_15679;node_15699
PEN,Polyethylene Naphthalate,C24H12O6,negative,-1,396.06338810418004,0.53,0.36,12,1,12,recombination,node_11559,node_0030 + node_0119 | single_dehydrogenative_recombination | deprotonation,node_11559;node_11579;node_11971;node_12027;node_12159;node_12231;node_12791;node_13199;node_13271;node_15499;node_15519;node_15703
PEN,Polyethylene Naphthalate,C24H14O3,negative,-1,350.09429430993,0.53,0.36,12,1,12,recombination,node_10135,node_0023 + node_0137 | single_dehydrogenative_recombination | deprotonation,node_10135;node_10171;node_10987;node_14007;node_14099;node_14303;node_15063;node_15123;node_15327;node_15359;node_15879;node_15975
PEN,Polyethylene Naphthalate,C25H12O5,negative,-1,392.06847348461,0.53,0.36,4,1,4,recombination,node_10283,node_0024 + node_0106 | single_dehydrogenative_recombination | deprotonation,node_10283;node_10323;node_10695;node_12971
PEN,Polyethylene Naphthalate,C25H12O6,negative,-1,408.06338810418004,0.53,0.36,12,1,12,recombination,node_10307,node_0024 + node_0119 | single_dehydrogenative_recombination | deprotonation,node_10307;node_10327;node_10491;node_10531;node_10699;node_10715;node_11747;node_11783;node_12139;node_12975;node_12995;node_13179
PEN,Polyethylene Naphthalate,C25H12O7,negative,-1,424.05830272375,0.53,0.36,12,1,12,recombination,node_10515,node_0025 + node_0119 | single_dehydrogenative_recombination | deprotonation,node_10515;node_10535;node_10719;node_11767;node_11787;node_11939;node_11975;node_12143;node_12163;node_12999;node_13183;node_13203
PEN,Polyethylene Naphthalate,C25H12O8,negative,-1,440.05321734332,0.53,0.36,4,1,4,recombination,node_11959,node_0032 + node_0119 | single_dehydrogenative_recombination | deprotonation,node_11959;node_11979;node_12167;node_13207
PEN,Polyethylene Naphthalate,C25H14O4,negative,-1,378.0892089295,0.53,0.36,12,1,12,recombination,node_10079,node_0023 + node_0108 | single_dehydrogenative_recombination | deprotonation,node_10079;node_10139;node_10343;node_10379;node_10899;node_10991;node_14011;node_14215;node_14307;node_15271;node_15331;node_15883
PEN,Polyethylene Naphthalate,C25H16O4,negative,-1,380.10485899396,0.53,0.36,12,1,12,recombination,node_12827,node_0036 + node_0137 | single_dehydrogenative_recombination | deprotonation,node_12827;node_12863;node_13679;node_14055;node_14107;node_14719;node_15111;node_15131;node_15743;node_15775;node_15927;node_15983
PEN,Polyethylene Naphthalate,C26H14O5,negative,-1,406.08412354907,0.53,0.36,4,1,4,recombination,node_10287,node_0024 + node_0108 | single_dehydrogenative_recombination | deprotonation,node_10287;node_10347;node_10903;node_14219
PEN,Polyethylene Naphthalate,C26H16O5,negative,-1,408.09977361353,0.53,0.36,24,1,24,recombination,node_10127,node_0023 + node_0133 | single_dehydrogenative_recombination | deprotonation,node_10127;node_10147;node_10759;node_10795;node_10943;node_10999;node_12775;node_12831;node_13035;node_13071;node_13591;node_13683;node_14019;node_14059;node_14263;node_14315;node_14631;node_14723;node_15319;node_15339;node_15687;node_15747;node_15891;node_15931
PEN,Polyethylene Naphthalate,C26H18O4,negative,-1,394.12050905842,0.53,0.36,4,1,4,recombination,node_14111,node_0042 + node_0155 | single_dehydrogenative_recombination | deprotonation,node_14111;node_14927;node_15135;node_15951
PEN,Polyethylene Naphthalate,C27H16O6,negative,-1,436.0946882331,0.53,0.36,12,1,12,recombination,node_10335,node_0024 + node_0133 | single_dehydrogenative_recombination | deprotonation,node_10335;node_10355;node_10703;node_10763;node_10911;node_10947;node_12983;node_13039;node_13595;node_14227;node_14267;node_14635
PEN,Polyethylene Naphthalate,C27H18O5,negative,-1,422.11542367799,0.53,0.36,12,1,12,recombination,node_10151,node_0023 + node_0145 | single_dehydrogenative_recombination | deprotonation,node_10151;node_10967;node_11003;node_14023;node_14079;node_14287;node_14319;node_14839;node_14931;node_15343;node_15895;node_15955
PEN,Polyethylene Naphthalate,C28H18O6,negative,-1,450.11033829756,0.53,0.36,4,1,4,recombination,node_10359,node_0024 + node_0145 | single_dehydrogenative_recombination | deprotonation,node_10359;node_10971;node_14231;node_14843
PEN,Polyethylene Naphthalate,C28H20O6,negative,-1,452.12598836202,0.53,0.36,12,1,12,recombination,node_12843,node_0036 + node_0145 | single_dehydrogenative_recombination | deprotonation,node_12843;node_13659;node_13695;node_14071;node_14087;node_14703;node_14735;node_14887;node_14939;node_15759;node_15943;node_15963
PEN,Polyethylene Naphthalate,C29H20O7,negative,-1,480.12090298159,0.53,0.36,12,1,12,recombination,node_10775,node_0026 + node_0145 | single_dehydrogenative_recombination | deprotonation,node_10775;node_10959;node_10979;node_13051;node_13607;node_13663;node_14279;node_14295;node_14647;node_14707;node_14851;node_14891
PEN,Polyethylene Naphthalate,C29H22O6,negative,-1,466.14163842648003,0.53,0.36,4,1,4,recombination,node_14091,node_0042 + node_0145 | single_dehydrogenative_recombination | deprotonation,node_14091;node_14911;node_14943;node_15967
PEN,Polyethylene Naphthalate,C30H22O7,negative,-1,494.13655304605,0.53,0.36,4,1,4,recombination,node_10983,node_0027 + node_0145 | single_dehydrogenative_recombination | deprotonation,node_10983;node_14299;node_14855;node_14915
PEN,Polyethylene Naphthalate,C13H10O5,positive,1,246.05282342015,0.528,0.438,2,1,2,recombination,node_20654,node_0069 + node_0118 | h_transfer_recombination | protonation,node_20654;node_20946
PEN,Polyethylene Naphthalate,C31H26O10,positive,1,558.15259703368,0.526369480593264,0.376369480593264,3,1,3,recombination,node_19880,node_0067 + node_0071 | dehydrogenative_coupling | electron_loss,node_19880;node_19968;node_21108
PEN,Polyethylene Naphthalate,C31H24O8,negative,-1,524.14711773008,0.525170576453984,0.355170576453984,4,1,4,recombination,node_13675,node_0040 + node_0145 | single_dehydrogenative_recombination | deprotonation,node_13675;node_14715;node_14903;node_14923
PEN,Polyethylene Naphthalate,C32H30O10,negative,-1,574.1838971626,0.52316322056748,0.43316322056748,2,1,2,recombination,node_21129,node_0071 + node_0094 | h_transfer_recombination | electron_gain,node_21129;node_21469
PEN,Polyethylene Naphthalate,C31H24O9,negative,-1,540.14203234965,0.5199715935300702,0.3699715935300701,3,1,3,recombination,node_20179,node_0067 + node_0145 | dehydrogenative_coupling | deprotonation,node_20179;node_21287;node_21327
PEN,Polyethylene Naphthalate,C32H30O9,positive,1,558.18898254303,0.5163622034913941,0.42636220349139403,2,1,2,recombination,node_21338,node_0071 + node_0146 | h_transfer_recombination | protonation,node_21338;node_21570
PEN,Polyethylene Naphthalate,C13H6O3,positive,1,210.03169405209002,0.51,0.42,2,1,2,recombination,node_9858,node_0022 + node_0102 | single_dehydrogenative_recombination | protonation,node_9858;node_16090
PEN,Polyethylene Naphthalate,C13H6O6,positive,1,258.0164379108,0.51,0.42,2,1,2,recombination,node_11346,node_0029 + node_0117 | single_dehydrogenative_recombination | protonation,node_11346;node_16330
PEN,Polyethylene Naphthalate,C13H7O5,positive,1,243.02934832346,0.51,0.34,5,1,5,recombination,node_20648,node_0069 + node_0117 | dehydrogenative_coupling | electron_loss,node_9464;node_11916;node_12040;node_16956;node_20648
PEN,Polyethylene Naphthalate,C14H9O5,positive,1,257.04499838792,0.51,0.34,24,1,24,recombination,node_18248,node_0061 + node_0104 | dehydrogenative_coupling | electron_loss,node_9468;node_9488;node_9672;node_11920;node_12044;node_12124;node_12248;node_13164;node_13288;node_16960;node_16980;node_17164;node_18248;node_18292;node_19468;node_20656;node_20696;node_21764;node_21916;node_23372;node_23524;node_24340;node_24384;node_25328
PEN,Polyethylene Naphthalate,C15H13O3,positive,1,241.08646927770002,0.51,0.34,16,1,16,recombination,node_19548,node_0065 + node_0137 | dehydrogenative_coupling | electron_loss,node_9712;node_9748;node_14000;node_14124;node_15872;node_15996;node_17204;node_17240;node_19548;node_19620;node_22300;node_22528;node_22836;node_23064;node_25408;node_25480
PEN,Polyethylene Naphthalate,C15H9O5,positive,1,269.04499838792,0.51,0.34,28,1,28,recombination,node_21720,node_0073 + node_0102 | dehydrogenative_coupling | electron_loss,node_9892;node_9912;node_9932;node_10544;node_10592;node_10728;node_10796;node_11328;node_11388;node_11796;node_11844;node_12560;node_12596;node_13008;node_13072;node_13804;node_13824;node_16124;node_16144;node_16164;node_16312;node_16372;node_16520;node_16560;node_16724;node_16744;node_21720;node_23328
PEN,Polyethylene Naphthalate,C15H9O6,positive,1,285.03991300749,0.51,0.34,22,1,22,recombination,node_21728,node_0073 + node_0104 | dehydrogenative_coupling | electron_loss,node_11352;node_11372;node_11392;node_11988;node_12036;node_12172;node_12240;node_12584;node_12600;node_13216;node_13280;node_13828;node_16336;node_16356;node_16376;node_16544;node_16564;node_16748;node_21728;node_21772;node_23336;node_23380
PEN,Polyethylene Naphthalate,C16H11O6,positive,1,299.05556307195,0.51,0.34,32,1,32,recombination,node_17716,node_0059 + node_0123 | dehydrogenative_coupling | electron_loss,node_11376;node_11396;node_12196;node_12244;node_12380;node_12448;node_12588;node_12604;node_12624;node_13236;node_13284;node_13424;node_13488;node_13832;node_13852;node_14464;node_14528;node_16360;node_16380;node_16548;node_16568;node_16588;node_16752;node_16772;node_17716;node_17860;node_21736;node_21820;node_23344;node_23428;node_23924;node_24068
PEN,Polyethylene Naphthalate,C16H11O7,positive,1,315.05047769152003,0.51,0.34,8,1,8,recombination,node_18896,node_0063 + node_0123 | dehydrogenative_coupling | electron_loss,node_18896;node_19040;node_21788;node_21828;node_23396;node_23436;node_24880;node_25024
PEN,Polyethylene Naphthalate,C16H13O5,positive,1,285.07629851684,0.51,0.34,48,1,48,recombination,node_17612,node_0059 + node_0097 | dehydrogenative_coupling | electron_loss,node_9496;node_9516;node_9680;node_9700;node_9720;node_12336;node_12460;node_13376;node_13500;node_13580;node_13704;node_14416;node_14540;node_14620;node_14744;node_16988;node_17008;node_17172;node_17192;node_17212;node_17612;node_17884;node_18264;node_18380;node_18852;node_19072;node_19484;node_19524;node_19564;node_20712;node_20752;node_21860;node_21932;node_22400;node_22504;node_22936;node_23040;node_23468;node_23540;node_23820;node_24092;node_24356;node_24472;node_24836;node_25056;node_25344;node_25384;node_25424
PEN,Polyethylene Naphthalate,C17H13O6,positive,1,313.07121313641,0.51,0.34,30,1,30,recombination,node_17764,node_0059 + node_0135 | dehydrogenative_coupling | electron_loss,node_11400;node_12404;node_12452;node_12608;node_12628;node_13444;node_13492;node_13632;node_13696;node_13836;node_13856;node_13872;node_14488;node_14532;node_14672;node_14736;node_16384;node_16572;node_16592;node_16756;node_16776;node_16796;node_17764;node_17868;node_21744;node_21868;node_23352;node_23476;node_23972;node_24076
PEN,Polyethylene Naphthalate,C17H13O7,positive,1,329.06612775598,0.51,0.34,12,1,12,recombination,node_18944,node_0063 + node_0135 | dehydrogenative_coupling | electron_loss,node_18944;node_19048;node_20088;node_20232;node_21796;node_21836;node_21876;node_23404;node_23444;node_23484;node_24928;node_25032
PEN,Polyethylene Naphthalate,C17H15O5,positive,1,299.0919485813,0.51,0.34,19,1,19,recombination,node_19532,node_0065 + node_0133 | dehydrogenative_coupling | electron_loss,node_9520;node_9704;node_9724;node_13584;node_13708;node_14624;node_14748;node_14828;node_14952;node_17012;node_17196;node_17216;node_19532;node_19572;node_20036;node_20264;node_20760;node_25392;node_25432
PEN,Polyethylene Naphthalate,C18H15O7,positive,1,343.08177782044,0.51,0.34,8,1,8,recombination,node_20136,node_0067 + node_0135 | dehydrogenative_coupling | electron_loss,node_20136;node_20240;node_21244;node_21388;node_21844;node_21884;node_23452;node_23492
PEN,Polyethylene Naphthalate,C18H17O5,positive,1,313.10759864576,0.51,0.34,8,1,8,recombination,node_19580,node_0065 + node_0145 | dehydrogenative_coupling | electron_loss,node_9728;node_14832;node_14956;node_17220;node_19580;node_21192;node_21420;node_25440
PEN,Polyethylene Naphthalate,C18H17O6,positive,1,329.10251326533,0.51,0.34,4,1,4,recombination,node_18404,node_0061 + node_0145 | dehydrogenative_coupling | electron_loss,node_18404;node_21140;node_21412;node_24496
PEN,Polyethylene Naphthalate,C19H17O7,positive,1,357.0974278849,0.51,0.34,4,1,4,recombination,node_21292,node_0071 + node_0135 | dehydrogenative_coupling | electron_loss,node_21292;node_21396;node_21892;node_23500
PEN,Polyethylene Naphthalate,C24H15O4,positive,1,367.09703396173,0.51,0.34,22,1,22,recombination,node_17812,node_0059 + node_0147 | dehydrogenative_coupling | electron_loss,node_11592;node_11628;node_12428;node_12856;node_13468;node_14028;node_14100;node_14508;node_15084;node_15104;node_15124;node_15532;node_15564;node_15716;node_15900;node_15976;node_17812;node_22260;node_22456;node_22796;node_22992;node_24020
PEN,Polyethylene Naphthalate,C24H15O5,positive,1,383.0919485813,0.51,0.34,6,1,6,recombination,node_18992,node_0063 + node_0147 | dehydrogenative_coupling | electron_loss,node_18992;node_22312;node_22464;node_22848;node_23000;node_24976
PEN,Polyethylene Naphthalate,C25H15O5,positive,1,395.0919485813,0.51,0.34,42,1,42,recombination,node_17624,node_0059 + node_0100 | dehydrogenative_coupling | electron_loss,node_10100;node_10120;node_10140;node_10548;node_10584;node_10732;node_10788;node_10916;node_10992;node_11540;node_11596;node_11800;node_11836;node_12340;node_12432;node_12768;node_12804;node_13012;node_13064;node_13380;node_13472;node_14012;node_14032;node_14236;node_14308;node_14420;node_14512;node_15292;node_15312;node_15332;node_15476;node_15536;node_15680;node_15720;node_15884;node_15904;node_17624;node_17820;node_22268;node_22804;node_23832;node_24028
PEN,Polyethylene Naphthalate,C25H15O6,positive,1,411.08686320087,0.51,0.34,36,1,36,recombination,node_17676,node_0059 + node_0113 | dehydrogenative_coupling | electron_loss,node_11560;node_11580;node_11600;node_11992;node_12028;node_12176;node_12232;node_12364;node_12436;node_12792;node_12808;node_13220;node_13272;node_13404;node_13476;node_14036;node_14444;node_14516;node_15500;node_15520;node_15540;node_15704;node_15724;node_15908;node_17676;node_17828;node_18812;node_19000;node_22276;node_22320;node_22812;node_22856;node_23884;node_24036;node_24796;node_24984
PEN,Polyethylene Naphthalate,C25H15O7,positive,1,427.08177782044,0.51,0.34,6,1,6,recombination,node_18864,node_0063 + node_0113 | dehydrogenative_coupling | electron_loss,node_18864;node_19008;node_22328;node_22864;node_24848;node_24992
PEN,Polyethylene Naphthalate,C26H15O6,positive,1,423.08686320087,0.51,0.34,18,1,18,recombination,node_17632,node_0059 + node_0102 | dehydrogenative_coupling | electron_loss,node_10308;node_10328;node_10348;node_10492;node_10552;node_10736;node_10904;node_10920;node_11748;node_11804;node_12344;node_12976;node_13384;node_14220;node_14240;node_14424;node_17632;node_23840
PEN,Polyethylene Naphthalate,C26H15O7,positive,1,439.08177782044,0.51,0.34,30,1,30,recombination,node_17640,node_0059 + node_0104 | dehydrogenative_coupling | electron_loss,node_10516;node_10536;node_10556;node_10720;node_10740;node_10924;node_11768;node_11788;node_11808;node_11940;node_11996;node_12144;node_12180;node_12348;node_12368;node_13000;node_13016;node_13184;node_13224;node_13388;node_13408;node_14244;node_14428;node_14448;node_17640;node_17684;node_18820;node_23848;node_23892;node_24804
PEN,Polyethylene Naphthalate,C26H15O8,positive,1,455.07669244001,0.51,0.34,14,1,14,recombination,node_17692,node_0059 + node_0117 | dehydrogenative_coupling | electron_loss,node_11960;node_11980;node_12000;node_12184;node_12372;node_13208;node_13412;node_14452;node_17692;node_18828;node_18872;node_23900;node_24812;node_24856
PEN,Polyethylene Naphthalate,C26H19O5,positive,1,411.12324871021997,0.51,0.34,5,1,5,recombination,node_21340,node_0071 + node_0147 | dehydrogenative_coupling | electron_loss,node_21340;node_22408;node_22480;node_22944;node_23016
PEN,Polyethylene Naphthalate,C27H17O7,positive,1,453.0974278849,0.51,0.34,33,1,33,recombination,node_17648,node_0059 + node_0106 | dehydrogenative_coupling | electron_loss,node_10540;node_10560;node_10724;node_10744;node_10764;node_10928;node_10948;node_11792;node_11812;node_12148;node_12204;node_12352;node_12388;node_13004;node_13020;node_13040;node_13188;node_13244;node_13392;node_13432;node_13596;node_13616;node_14248;node_14268;node_14432;node_14472;node_14636;node_14656;node_17648;node_17732;node_20004;node_23856;node_23940
PEN,Polyethylene Naphthalate,C27H17O8,positive,1,469.09234250447,0.51,0.34,26,1,26,recombination,node_17700,node_0059 + node_0119 | dehydrogenative_coupling | electron_loss,node_11984;node_12004;node_12168;node_12188;node_12208;node_12376;node_12392;node_13212;node_13228;node_13248;node_13416;node_13436;node_13620;node_14456;node_14476;node_14660;node_17700;node_17740;node_18836;node_18912;node_20012;node_20056;node_23908;node_23948;node_24820;node_24896
PEN,Polyethylene Naphthalate,C27H17O9,positive,1,485.08725712404004,0.51,0.34,5,1,5,recombination,node_18880,node_0063 + node_0119 | dehydrogenative_coupling | electron_loss,node_18880;node_18920;node_20064;node_24864;node_24904
PEN,Polyethylene Naphthalate,C27H19O6,positive,1,439.11816332979004,0.51,0.34,34,1,34,recombination,node_17772,node_0059 + node_0137 | dehydrogenative_coupling | electron_loss,node_11608;node_12408;node_12444;node_12816;node_12836;node_13448;node_13484;node_13636;node_13688;node_14044;node_14064;node_14080;node_14492;node_14524;node_14676;node_14728;node_14860;node_14932;node_15548;node_15732;node_15752;node_15916;node_15936;node_15956;node_17772;node_17844;node_21152;node_21348;node_22292;node_22416;node_22828;node_22952;node_23980;node_24052
PEN,Polyethylene Naphthalate,C28H19O7,positive,1,467.11307794936,0.51,0.34,29,1,29,recombination,node_17656,node_0059 + node_0108 | dehydrogenative_coupling | electron_loss,node_10564;node_10748;node_10768;node_10932;node_10952;node_10972;node_11816;node_12356;node_12412;node_13024;node_13044;node_13396;node_13452;node_13600;node_13640;node_14252;node_14272;node_14288;node_14436;node_14496;node_14640;node_14680;node_14844;node_14864;node_17656;node_17780;node_21160;node_23864;node_23988
PEN,Polyethylene Naphthalate,C28H19O8,positive,1,483.10799256893,0.51,0.34,30,1,30,recombination,node_17708,node_0059 + node_0121 | dehydrogenative_coupling | electron_loss,node_12008;node_12192;node_12212;node_12396;node_12416;node_13232;node_13252;node_13420;node_13456;node_13624;node_13644;node_14460;node_14480;node_14664;node_14684;node_14868;node_17708;node_17748;node_17788;node_18844;node_18960;node_20020;node_20104;node_21168;node_21212;node_23916;node_23956;node_23996;node_24828;node_24944
PEN,Polyethylene Naphthalate,C28H19O9,positive,1,499.1029071885,0.51,0.34,9,1,9,recombination,node_18888,node_0063 + node_0121 | dehydrogenative_coupling | electron_loss,node_18888;node_18928;node_18968;node_20072;node_20112;node_21220;node_24872;node_24912;node_24952
PEN,Polyethylene Naphthalate,C29H21O8,positive,1,497.12364263339,0.51,0.34,24,1,24,recombination,node_17756,node_0059 + node_0133 | dehydrogenative_coupling | electron_loss,node_12216;node_12400;node_12420;node_13256;node_13440;node_13460;node_13628;node_13648;node_13664;node_14484;node_14500;node_14668;node_14688;node_14708;node_14872;node_14892;node_17756;node_17796;node_20028;node_20152;node_21176;node_21260;node_23964;node_24004
PEN,Polyethylene Naphthalate,C29H23O7,positive,1,483.14437807828,0.51,0.34,4,1,4,recombination,node_21300,node_0071 + node_0137 | dehydrogenative_coupling | electron_loss,node_21300;node_21372;node_22440;node_22976
PEN,Polyethylene Naphthalate,C30H23O8,positive,1,511.13929269785,0.5077721414604299,0.33777214146043,12,1,12,recombination,node_17804,node_0059 + node_0145 | dehydrogenative_coupling | electron_loss,node_12424;node_13464;node_13668;node_14504;node_14692;node_14876;node_14896;node_14916;node_17804;node_21184;node_21308;node_24012
PEN,Polyethylene Naphthalate,C29H21O9,positive,1,513.11855725296,0.507376288549408,0.33737628854940804,9,1,9,recombination,node_18936,node_0063 + node_0133 | dehydrogenative_coupling | electron_loss,node_18936;node_18976;node_20080;node_20120;node_20160;node_21228;node_21268;node_24920;node_24960
PEN,Polyethylene Naphthalate,C30H23O9,positive,1,527.13420731742,0.5045731585365161,0.33457315853651604,7,1,7,recombination,node_18984,node_0063 + node_0145 | dehydrogenative_coupling | electron_loss,node_18984;node_20128;node_20168;node_21236;node_21276;node_21316;node_24968
PEN,Polyethylene Naphthalate,C12H7O4,negative,-1,215.03443370389,0.502,0.502,1,1,1,fragment_h_shift,node_5575,"M | fragment C,H,O from C-O+C-O bond break(s) | h_shift_+1 | electron_gain",node_5575
PEN,Polyethylene Naphthalate,C11H4O,negative,-1,152.02621474849,0.49999999999999994,0.41,2,1,2,recombination,node_9947,node_0022 + node_0147 | single_dehydrogenative_recombination | deprotonation,node_9947;node_16179
PEN,Polyethylene Naphthalate,C11H4O2,negative,-1,168.02112936806,0.49999999999999994,0.41,2,1,2,recombination,node_11407,node_0029 + node_0147 | single_dehydrogenative_recombination | deprotonation,node_11407;node_16391
PEN,Polyethylene Naphthalate,C4H6,negative,-1,54.04695019338,0.49999999999999994,0.41,2,1,2,recombination,node_11231,node_0028 + node_0167 | single_dehydrogenative_recombination | deprotonation,node_11231;node_17363
PEN,Polyethylene Naphthalate,C6H6O4,negative,-1,142.02660867166,0.49999999999999994,0.41,2,1,2,recombination,node_13911,node_0041 + node_0161 | single_dehydrogenative_recombination | deprotonation,node_13911;node_16787
PEN,Polyethylene Naphthalate,C13H5O4,positive,1,225.01878363943,0.49200000000000005,0.322,6,1,6,recombination,node_9860,node_0022 + node_0104 | single_dehydrogenative_recombination | electron_loss,node_9860;node_9880;node_11316;node_16092;node_16112;node_16300
PEN,Polyethylene Naphthalate,C13H5O4,negative,-1,225.01878363943,0.49200000000000005,0.322,6,1,6,recombination,node_9861,node_0022 + node_0104 | single_dehydrogenative_recombination | electron_gain,node_9861;node_9881;node_11317;node_16093;node_16113;node_16301
PEN,Polyethylene Naphthalate,C13H5O5,positive,1,241.013698259,0.49200000000000005,0.322,6,1,6,recombination,node_9884,node_0022 + node_0117 | single_dehydrogenative_recombination | electron_loss,node_9884;node_11320;node_11340;node_16116;node_16304;node_16324
PEN,Polyethylene Naphthalate,C13H5O5,negative,-1,241.013698259,0.49200000000000005,0.322,6,1,6,recombination,node_9885,node_0022 + node_0117 | single_dehydrogenative_recombination | electron_gain,node_9885;node_11321;node_11341;node_16117;node_16305;node_16325
PEN,Polyethylene Naphthalate,C14H11O2,positive,1,211.07590459367,0.49200000000000005,0.322,8,1,8,recombination,node_11148,node_0028 + node_0125 | single_dehydrogenative_recombination | electron_loss,node_11148;node_11204;node_12776;node_12880;node_15688;node_15792;node_17388;node_17444
PEN,Polyethylene Naphthalate,C14H11O2,negative,-1,211.07590459367,0.49200000000000005,0.322,8,1,8,recombination,node_11149,node_0028 + node_0125 | single_dehydrogenative_recombination | electron_gain,node_11149;node_11205;node_12777;node_12881;node_15689;node_15793;node_17389;node_17445
PEN,Polyethylene Naphthalate,C14H7O4,positive,1,239.03443370389,0.49200000000000005,0.322,8,1,8,recombination,node_9864,node_0022 + node_0106 | single_dehydrogenative_recombination | electron_loss,node_9864;node_9904;node_10312;node_10380;node_12552;node_16096;node_16136;node_16512
PEN,Polyethylene Naphthalate,C14H7O4,negative,-1,239.03443370389,0.49200000000000005,0.322,8,1,8,recombination,node_9865,node_0022 + node_0106 | single_dehydrogenative_recombination | electron_gain,node_9865;node_9905;node_10313;node_10381;node_12553;node_16097;node_16137;node_16513
PEN,Polyethylene Naphthalate,C14H7O5,positive,1,255.02934832346,0.49200000000000005,0.322,16,1,16,recombination,node_9888,node_0022 + node_0119 | single_dehydrogenative_recombination | electron_loss,node_9888;node_9908;node_10520;node_10588;node_11324;node_11364;node_11772;node_11840;node_12556;node_12576;node_16120;node_16140;node_16308;node_16348;node_16516;node_16536
PEN,Polyethylene Naphthalate,C14H7O5,negative,-1,255.02934832346,0.49200000000000005,0.322,16,1,16,recombination,node_9889,node_0022 + node_0119 | single_dehydrogenative_recombination | electron_gain,node_9889;node_9909;node_10521;node_10589;node_11325;node_11365;node_11773;node_11841;node_12557;node_12577;node_16121;node_16141;node_16309;node_16349;node_16517;node_16537
PEN,Polyethylene Naphthalate,C14H7O6,positive,1,271.02426294303,0.49200000000000005,0.322,8,1,8,recombination,node_11348,node_0029 + node_0119 | single_dehydrogenative_recombination | electron_loss,node_11348;node_11368;node_11964;node_12032;node_12580;node_16332;node_16352;node_16540
PEN,Polyethylene Naphthalate,C14H7O6,negative,-1,271.02426294303,0.49200000000000005,0.322,8,1,8,recombination,node_11349,node_0029 + node_0119 | single_dehydrogenative_recombination | electron_gain,node_11349;node_11369;node_11965;node_12033;node_12581;node_16333;node_16353;node_16541
PEN,Polyethylene Naphthalate,C14H9O2,positive,1,209.06025452921,0.49200000000000005,0.322,4,1,4,recombination,node_10288,node_0024 + node_0110 | single_dehydrogenative_recombination | electron_loss,node_10288;node_10396;node_11108;node_17344
PEN,Polyethylene Naphthalate,C14H9O2,negative,-1,209.06025452921,0.49200000000000005,0.322,4,1,4,recombination,node_10289,node_0024 + node_0110 | single_dehydrogenative_recombination | electron_gain,node_10289;node_10397;node_11109;node_17345
PEN,Polyethylene Naphthalate,C15H11O3,positive,1,239.07081921324001,0.49200000000000005,0.322,8,1,8,recombination,node_10704,node_0026 + node_0110 | single_dehydrogenative_recombination | electron_loss,node_10704;node_10812;node_11116;node_11152;node_12984;node_13088;node_17352;node_17392
PEN,Polyethylene Naphthalate,C15H11O3,negative,-1,239.07081921324001,0.49200000000000005,0.322,8,1,8,recombination,node_10705,node_0026 + node_0110 | single_dehydrogenative_recombination | electron_gain,node_10705;node_10813;node_11117;node_11153;node_12985;node_13089;node_17353;node_17393
PEN,Polyethylene Naphthalate,C15H13O2,positive,1,225.09155465813,0.49200000000000005,0.322,8,1,8,recombination,node_11172,node_0028 + node_0137 | single_dehydrogenative_recombination | electron_loss,node_11172;node_11208;node_14024;node_14128;node_15896;node_16000;node_17412;node_17448
PEN,Polyethylene Naphthalate,C15H13O2,negative,-1,225.09155465813,0.49200000000000005,0.322,8,1,8,recombination,node_11173,node_0028 + node_0137 | single_dehydrogenative_recombination | electron_gain,node_11173;node_11209;node_14025;node_14129;node_15897;node_16001;node_17413;node_17449
PEN,Polyethylene Naphthalate,C15H9O4,positive,1,253.05008376835,0.49200000000000005,0.322,8,1,8,recombination,node_9868,node_0022 + node_0108 | single_dehydrogenative_recombination | electron_loss,node_9868;node_9928;node_10336;node_10384;node_13800;node_16100;node_16160;node_16720
PEN,Polyethylene Naphthalate,C15H9O4,negative,-1,253.05008376835,0.49200000000000005,0.322,8,1,8,recombination,node_9869,node_0022 + node_0108 | single_dehydrogenative_recombination | electron_gain,node_9869;node_9929;node_10337;node_10385;node_13801;node_16101;node_16161;node_16721
PEN,Polyethylene Naphthalate,C16H11O5,positive,1,283.06064845238,0.49200000000000005,0.322,20,1,20,recombination,node_9916,node_0022 + node_0133 | single_dehydrogenative_recombination | electron_loss,node_9916;node_9936;node_10752;node_10800;node_10936;node_11004;node_12564;node_12620;node_13028;node_13076;node_13808;node_13848;node_14256;node_14320;node_16148;node_16168;node_16524;node_16584;node_16728;node_16768
PEN,Polyethylene Naphthalate,C16H11O5,negative,-1,283.06064845238,0.49200000000000005,0.322,20,1,20,recombination,node_9917,node_0022 + node_0133 | single_dehydrogenative_recombination | electron_gain,node_9917;node_9937;node_10753;node_10801;node_10937;node_11005;node_12565;node_12621;node_13029;node_13077;node_13809;node_13849;node_14257;node_14321;node_16149;node_16169;node_16525;node_16585;node_16729;node_16769
PEN,Polyethylene Naphthalate,C16H13O3,positive,1,253.08646927770002,0.49200000000000005,0.322,8,1,8,recombination,node_10912,node_0027 + node_0110 | single_dehydrogenative_recombination | electron_loss,node_10912;node_11020;node_11120;node_11176;node_14232;node_14336;node_17356;node_17416
PEN,Polyethylene Naphthalate,C16H13O3,negative,-1,253.08646927770002,0.49200000000000005,0.322,8,1,8,recombination,node_10913,node_0027 + node_0110 | single_dehydrogenative_recombination | electron_gain,node_10913;node_11021;node_11121;node_11177;node_14233;node_14337;node_17357;node_17417
PEN,Polyethylene Naphthalate,C17H13O5,positive,1,297.07629851684,0.49200000000000005,0.322,10,1,10,recombination,node_9940,node_0022 + node_0145 | single_dehydrogenative_recombination | electron_loss,node_9940;node_10960;node_11008;node_13812;node_13868;node_14280;node_14324;node_16172;node_16732;node_16792
PEN,Polyethylene Naphthalate,C17H13O5,negative,-1,297.07629851684,0.49200000000000005,0.322,10,1,10,recombination,node_9941,node_0022 + node_0145 | single_dehydrogenative_recombination | electron_gain,node_9941;node_10961;node_11009;node_13813;node_13869;node_14281;node_14325;node_16173;node_16733;node_16793
PEN,Polyethylene Naphthalate,C17H15O4,positive,1,283.09703396173,0.49200000000000005,0.322,8,1,8,recombination,node_11164,node_0028 + node_0133 | single_dehydrogenative_recombination | electron_loss,node_11164;node_11184;node_13608;node_13712;node_14648;node_14752;node_17404;node_17424
PEN,Polyethylene Naphthalate,C17H15O4,negative,-1,283.09703396173,0.49200000000000005,0.322,8,1,8,recombination,node_11165,node_0028 + node_0133 | single_dehydrogenative_recombination | electron_gain,node_11165;node_11185;node_13609;node_13713;node_14649;node_14753;node_17405;node_17425
PEN,Polyethylene Naphthalate,C18H15O6,positive,1,327.08686320087,0.49200000000000005,0.322,12,1,12,recombination,node_12632,node_0035 + node_0145 | single_dehydrogenative_recombination | electron_loss,node_12632;node_13652;node_13700;node_13860;node_13876;node_14696;node_14740;node_14880;node_14944;node_16596;node_16780;node_16800
PEN,Polyethylene Naphthalate,C18H15O6,negative,-1,327.08686320087,0.49200000000000005,0.322,12,1,12,recombination,node_12633,node_0035 + node_0145 | single_dehydrogenative_recombination | electron_gain,node_12633;node_13653;node_13701;node_13861;node_13877;node_14697;node_14741;node_14881;node_14945;node_16597;node_16781;node_16801
PEN,Polyethylene Naphthalate,C18H17O4,positive,1,297.11268402619,0.49200000000000005,0.322,4,1,4,recombination,node_11188,node_0028 + node_0145 | single_dehydrogenative_recombination | electron_loss,node_11188;node_14856;node_14960;node_17428
PEN,Polyethylene Naphthalate,C18H17O4,negative,-1,297.11268402619,0.49200000000000005,0.322,4,1,4,recombination,node_11189,node_0028 + node_0145 | single_dehydrogenative_recombination | electron_gain,node_11189;node_14857;node_14961;node_17429
PEN,Polyethylene Naphthalate,C19H17O6,positive,1,341.10251326533,0.49200000000000005,0.322,4,1,4,recombination,node_13880,node_0041 + node_0145 | single_dehydrogenative_recombination | electron_loss,node_13880;node_14904;node_14948;node_16804
PEN,Polyethylene Naphthalate,C19H17O6,negative,-1,341.10251326533,0.49200000000000005,0.322,4,1,4,recombination,node_13881,node_0041 + node_0145 | single_dehydrogenative_recombination | electron_gain,node_13881;node_14905;node_14949;node_16805
PEN,Polyethylene Naphthalate,C21H11O,positive,1,279.0809899741,0.49200000000000005,0.322,4,1,4,recombination,node_10152,node_0023 + node_0147 | single_dehydrogenative_recombination | electron_loss,node_10152;node_15044;node_15136;node_15344
PEN,Polyethylene Naphthalate,C21H11O,negative,-1,279.0809899741,0.49200000000000005,0.322,4,1,4,recombination,node_10153,node_0023 + node_0147 | single_dehydrogenative_recombination | electron_gain,node_10153;node_15045;node_15137;node_15345
PEN,Polyethylene Naphthalate,C21H11O2,positive,1,295.07590459367,0.49200000000000005,0.322,4,1,4,recombination,node_11612,node_0030 + node_0147 | single_dehydrogenative_recombination | electron_loss,node_11612;node_15068;node_15140;node_15552
PEN,Polyethylene Naphthalate,C21H11O2,negative,-1,295.07590459367,0.49200000000000005,0.322,4,1,4,recombination,node_11613,node_0030 + node_0147 | single_dehydrogenative_recombination | electron_gain,node_11613;node_15069;node_15141;node_15553
PEN,Polyethylene Naphthalate,C22H11O2,positive,1,307.07590459367,0.49200000000000005,0.322,4,1,4,recombination,node_10156,node_0023 + node_0149 | single_dehydrogenative_recombination | electron_loss,node_10156;node_10360;node_15048;node_15252
PEN,Polyethylene Naphthalate,C22H11O2,negative,-1,307.07590459367,0.49200000000000005,0.322,4,1,4,recombination,node_10157,node_0023 + node_0149 | single_dehydrogenative_recombination | electron_gain,node_10157;node_10361;node_15049;node_15253
PEN,Polyethylene Naphthalate,C22H11O3,positive,1,323.07081921324,0.49200000000000005,0.322,12,1,12,recombination,node_10084,node_0023 + node_0113 | single_dehydrogenative_recombination | electron_loss,node_10084;node_10160;node_10568;node_11524;node_11616;node_11820;node_15052;node_15072;node_15276;node_15348;node_15460;node_15556
PEN,Polyethylene Naphthalate,C22H11O3,negative,-1,323.07081921324,0.49200000000000005,0.322,12,1,12,recombination,node_10085,node_0023 + node_0113 | single_dehydrogenative_recombination | electron_gain,node_10085;node_10161;node_10569;node_11525;node_11617;node_11821;node_15053;node_15073;node_15277;node_15349;node_15461;node_15557
PEN,Polyethylene Naphthalate,C22H11O4,positive,1,339.06573383281,0.49200000000000005,0.322,4,1,4,recombination,node_11620,node_0030 + node_0151 | single_dehydrogenative_recombination | electron_loss,node_11620;node_12012;node_15076;node_15484
PEN,Polyethylene Naphthalate,C22H11O4,negative,-1,339.06573383281,0.49200000000000005,0.322,4,1,4,recombination,node_11621,node_0030 + node_0151 | single_dehydrogenative_recombination | electron_gain,node_11621;node_12013;node_15077;node_15485
PEN,Polyethylene Naphthalate,C22H13O2,positive,1,309.09155465813,0.49200000000000005,0.322,4,1,4,recombination,node_12844,node_0036 + node_0147 | single_dehydrogenative_recombination | electron_loss,node_12844;node_15092;node_15144;node_15760
PEN,Polyethylene Naphthalate,C22H13O2,negative,-1,309.09155465813,0.49200000000000005,0.322,4,1,4,recombination,node_12845,node_0036 + node_0147 | single_dehydrogenative_recombination | electron_gain,node_12845;node_15093;node_15145;node_15761
PEN,Polyethylene Naphthalate,C23H11O3,positive,1,335.07081921324,0.49200000000000005,0.322,4,1,4,recombination,node_10064,node_0023 + node_0102 | single_dehydrogenative_recombination | electron_loss,node_10064;node_10272;node_10364;node_15256
PEN,Polyethylene Naphthalate,C23H11O3,negative,-1,335.07081921324,0.49200000000000005,0.322,4,1,4,recombination,node_10065,node_0023 + node_0102 | single_dehydrogenative_recombination | electron_gain,node_10065;node_10273;node_10365;node_15257
PEN,Polyethylene Naphthalate,C23H11O4,positive,1,351.06573383281,0.49200000000000005,0.322,12,1,12,recombination,node_10068,node_0023 + node_0104 | single_dehydrogenative_recombination | electron_loss,node_10068;node_10088;node_10292;node_10368;node_10480;node_10572;node_11528;node_11732;node_11824;node_15260;node_15280;node_15464
PEN,Polyethylene Naphthalate,C23H11O4,negative,-1,351.06573383281,0.49200000000000005,0.322,12,1,12,recombination,node_10069,node_0023 + node_0104 | single_dehydrogenative_recombination | electron_gain,node_10069;node_10089;node_10293;node_10369;node_10481;node_10573;node_11529;node_11733;node_11825;node_15261;node_15281;node_15465
PEN,Polyethylene Naphthalate,C23H11O5,positive,1,367.06064845238,0.49200000000000005,0.322,12,1,12,recombination,node_10092,node_0023 + node_0117 | single_dehydrogenative_recombination | electron_loss,node_10092;node_10500;node_10576;node_11532;node_11548;node_11756;node_11828;node_11924;node_12016;node_15284;node_15468;node_15488
PEN,Polyethylene Naphthalate,C23H11O5,negative,-1,367.06064845238,0.49200000000000005,0.322,12,1,12,recombination,node_10093,node_0023 + node_0117 | single_dehydrogenative_recombination | electron_gain,node_10093;node_10501;node_10577;node_11533;node_11549;node_11757;node_11829;node_11925;node_12017;node_15285;node_15469;node_15489
PEN,Polyethylene Naphthalate,C23H11O6,positive,1,383.05556307195,0.49200000000000005,0.322,4,1,4,recombination,node_11552,node_0030 + node_0117 | single_dehydrogenative_recombination | electron_loss,node_11552;node_11948;node_12020;node_15492
PEN,Polyethylene Naphthalate,C23H11O6,negative,-1,383.05556307195,0.49200000000000005,0.322,4,1,4,recombination,node_11553,node_0030 + node_0117 | single_dehydrogenative_recombination | electron_gain,node_11553;node_11949;node_12021;node_15493
PEN,Polyethylene Naphthalate,C23H13O3,positive,1,337.0864692777,0.49200000000000005,0.322,12,1,12,recombination,node_10108,node_0023 + node_0125 | single_dehydrogenative_recombination | electron_loss,node_10108;node_10164;node_10776;node_12756;node_12848;node_13052;node_15056;node_15096;node_15300;node_15352;node_15668;node_15764
PEN,Polyethylene Naphthalate,C23H13O3,negative,-1,337.0864692777,0.49200000000000005,0.322,12,1,12,recombination,node_10109,node_0023 + node_0125 | single_dehydrogenative_recombination | electron_gain,node_10109;node_10165;node_10777;node_12757;node_12849;node_13053;node_15057;node_15097;node_15301;node_15353;node_15669;node_15765
PEN,Polyethylene Naphthalate,C23H13O4,positive,1,353.08138389727003,0.49200000000000005,0.322,12,1,12,recombination,node_11568,node_0030 + node_0125 | single_dehydrogenative_recombination | electron_loss,node_11568;node_11624;node_12220;node_12780;node_12852;node_13260;node_15080;node_15100;node_15508;node_15560;node_15692;node_15768
PEN,Polyethylene Naphthalate,C23H13O4,negative,-1,353.08138389727003,0.49200000000000005,0.322,12,1,12,recombination,node_11569,node_0030 + node_0125 | single_dehydrogenative_recombination | electron_gain,node_11569;node_11625;node_12221;node_12781;node_12853;node_13261;node_15081;node_15101;node_15509;node_15561;node_15693;node_15769
PEN,Polyethylene Naphthalate,C23H15O2,positive,1,323.10720472259,0.49200000000000005,0.322,4,1,4,recombination,node_14092,node_0042 + node_0147 | single_dehydrogenative_recombination | electron_loss,node_14092;node_15116;node_15148;node_15968
PEN,Polyethylene Naphthalate,C23H15O2,negative,-1,323.10720472259,0.49200000000000005,0.322,4,1,4,recombination,node_14093,node_0042 + node_0147 | single_dehydrogenative_recombination | electron_gain,node_14093;node_15117;node_15149;node_15969
PEN,Polyethylene Naphthalate,C24H11O5,positive,1,379.06064845238,0.49200000000000005,0.322,4,1,4,recombination,node_10276,node_0024 + node_0104 | single_dehydrogenative_recombination | electron_loss,node_10276;node_10296;node_10484;node_11736
PEN,Polyethylene Naphthalate,C24H11O5,negative,-1,379.06064845238,0.49200000000000005,0.322,4,1,4,recombination,node_10277,node_0024 + node_0104 | single_dehydrogenative_recombination | electron_gain,node_10277;node_10297;node_10485;node_11737
PEN,Polyethylene Naphthalate,C24H11O6,positive,1,395.05556307195,0.49200000000000005,0.322,4,1,4,recombination,node_10300,node_0024 + node_0117 | single_dehydrogenative_recombination | electron_loss,node_10300;node_10504;node_11740;node_11928
PEN,Polyethylene Naphthalate,C24H11O6,negative,-1,395.05556307195,0.49200000000000005,0.322,4,1,4,recombination,node_10301,node_0024 + node_0117 | single_dehydrogenative_recombination | electron_gain,node_10301;node_10505;node_11741;node_11929
PEN,Polyethylene Naphthalate,C24H11O7,positive,1,411.05047769152003,0.49200000000000005,0.322,4,1,4,recombination,node_10508,node_0025 + node_0117 | single_dehydrogenative_recombination | electron_loss,node_10508;node_11760;node_11932;node_11952
PEN,Polyethylene Naphthalate,C24H11O7,negative,-1,411.05047769152003,0.49200000000000005,0.322,4,1,4,recombination,node_10509,node_0025 + node_0117 | single_dehydrogenative_recombination | electron_gain,node_10509;node_11761;node_11933;node_11953
PEN,Polyethylene Naphthalate,C24H13O4,positive,1,365.08138389727003,0.49200000000000005,0.322,12,1,12,recombination,node_10072,node_0023 + node_0106 | single_dehydrogenative_recombination | electron_loss,node_10072;node_10112;node_10316;node_10372;node_10688;node_10780;node_12760;node_12964;node_13056;node_15264;node_15304;node_15672
PEN,Polyethylene Naphthalate,C24H13O4,negative,-1,365.08138389727003,0.49200000000000005,0.322,12,1,12,recombination,node_10073,node_0023 + node_0106 | single_dehydrogenative_recombination | electron_gain,node_10073;node_10113;node_10317;node_10373;node_10689;node_10781;node_12761;node_12965;node_13057;node_15265;node_15305;node_15673
PEN,Polyethylene Naphthalate,C24H13O5,positive,1,381.07629851684,0.49200000000000005,0.322,24,1,24,recombination,node_10096,node_0023 + node_0119 | single_dehydrogenative_recombination | electron_loss,node_10096;node_10116;node_10524;node_10580;node_10708;node_10784;node_11536;node_11572;node_11776;node_11832;node_12132;node_12224;node_12764;node_12784;node_12988;node_13060;node_13172;node_13264;node_15288;node_15308;node_15472;node_15512;node_15676;node_15696
PEN,Polyethylene Naphthalate,C24H13O5,negative,-1,381.07629851684,0.49200000000000005,0.322,24,1,24,recombination,node_10097,node_0023 + node_0119 | single_dehydrogenative_recombination | electron_gain,node_10097;node_10117;node_10525;node_10581;node_10709;node_10785;node_11537;node_11573;node_11777;node_11833;node_12133;node_12225;node_12765;node_12785;node_12989;node_13061;node_13173;node_13265;node_15289;node_15309;node_15473;node_15513;node_15677;node_15697
PEN,Polyethylene Naphthalate,C24H13O6,positive,1,397.07121313641,0.49200000000000005,0.322,12,1,12,recombination,node_11556,node_0030 + node_0119 | single_dehydrogenative_recombination | electron_loss,node_11556;node_11576;node_11968;node_12024;node_12156;node_12228;node_12788;node_13196;node_13268;node_15496;node_15516;node_15700
PEN,Polyethylene Naphthalate,C24H13O6,negative,-1,397.07121313641,0.49200000000000005,0.322,12,1,12,recombination,node_11557,node_0030 + node_0119 | single_dehydrogenative_recombination | electron_gain,node_11557;node_11577;node_11969;node_12025;node_12157;node_12229;node_12789;node_13197;node_13269;node_15497;node_15517;node_15701
PEN,Polyethylene Naphthalate,C24H15O3,positive,1,351.10211934216,0.49200000000000005,0.322,12,1,12,recombination,node_10132,node_0023 + node_0137 | single_dehydrogenative_recombination | electron_loss,node_10132;node_10168;node_10984;node_14004;node_14096;node_14300;node_15060;node_15120;node_15324;node_15356;node_15876;node_15972
PEN,Polyethylene Naphthalate,C24H15O3,negative,-1,351.10211934216,0.49200000000000005,0.322,12,1,12,recombination,node_10133,node_0023 + node_0137 | single_dehydrogenative_recombination | electron_gain,node_10133;node_10169;node_10985;node_14005;node_14097;node_14301;node_15061;node_15121;node_15325;node_15357;node_15877;node_15973
PEN,Polyethylene Naphthalate,C25H13O5,positive,1,393.07629851684,0.49200000000000005,0.322,4,1,4,recombination,node_10280,node_0024 + node_0106 | single_dehydrogenative_recombination | electron_loss,node_10280;node_10320;node_10692;node_12968
PEN,Polyethylene Naphthalate,C25H13O5,negative,-1,393.07629851684,0.49200000000000005,0.322,4,1,4,recombination,node_10281,node_0024 + node_0106 | single_dehydrogenative_recombination | electron_gain,node_10281;node_10321;node_10693;node_12969
PEN,Polyethylene Naphthalate,C25H13O6,positive,1,409.07121313641,0.49200000000000005,0.322,12,1,12,recombination,node_10304,node_0024 + node_0119 | single_dehydrogenative_recombination | electron_loss,node_10304;node_10324;node_10488;node_10528;node_10696;node_10712;node_11744;node_11780;node_12136;node_12972;node_12992;node_13176
PEN,Polyethylene Naphthalate,C25H13O6,negative,-1,409.07121313641,0.49200000000000005,0.322,12,1,12,recombination,node_10305,node_0024 + node_0119 | single_dehydrogenative_recombination | electron_gain,node_10305;node_10325;node_10489;node_10529;node_10697;node_10713;node_11745;node_11781;node_12137;node_12973;node_12993;node_13177
PEN,Polyethylene Naphthalate,C25H13O7,positive,1,425.06612775598,0.49200000000000005,0.322,12,1,12,recombination,node_10512,node_0025 + node_0119 | single_dehydrogenative_recombination | electron_loss,node_10512;node_10532;node_10716;node_11764;node_11784;node_11936;node_11972;node_12140;node_12160;node_12996;node_13180;node_13200
PEN,Polyethylene Naphthalate,C25H13O7,negative,-1,425.06612775598,0.49200000000000005,0.322,12,1,12,recombination,node_10513,node_0025 + node_0119 | single_dehydrogenative_recombination | electron_gain,node_10513;node_10533;node_10717;node_11765;node_11785;node_11937;node_11973;node_12141;node_12161;node_12997;node_13181;node_13201
PEN,Polyethylene Naphthalate,C25H13O8,positive,1,441.06104237555,0.49200000000000005,0.322,4,1,4,recombination,node_11956,node_0032 + node_0119 | single_dehydrogenative_recombination | electron_loss,node_11956;node_11976;node_12164;node_13204
PEN,Polyethylene Naphthalate,C25H13O8,negative,-1,441.06104237555,0.49200000000000005,0.322,4,1,4,recombination,node_11957,node_0032 + node_0119 | single_dehydrogenative_recombination | electron_gain,node_11957;node_11977;node_12165;node_13205
PEN,Polyethylene Naphthalate,C25H15O4,positive,1,379.09703396173,0.49200000000000005,0.322,12,1,12,recombination,node_10076,node_0023 + node_0108 | single_dehydrogenative_recombination | electron_loss,node_10076;node_10136;node_10340;node_10376;node_10896;node_10988;node_14008;node_14212;node_14304;node_15268;node_15328;node_15880
PEN,Polyethylene Naphthalate,C25H15O4,negative,-1,379.09703396173,0.49200000000000005,0.322,12,1,12,recombination,node_10077,node_0023 + node_0108 | single_dehydrogenative_recombination | electron_gain,node_10077;node_10137;node_10341;node_10377;node_10897;node_10989;node_14009;node_14213;node_14305;node_15269;node_15329;node_15881
PEN,Polyethylene Naphthalate,C25H17O4,positive,1,381.11268402619,0.49200000000000005,0.322,12,1,12,recombination,node_12824,node_0036 + node_0137 | single_dehydrogenative_recombination | electron_loss,node_12824;node_12860;node_13676;node_14052;node_14104;node_14716;node_15108;node_15128;node_15740;node_15772;node_15924;node_15980
PEN,Polyethylene Naphthalate,C25H17O4,negative,-1,381.11268402619,0.49200000000000005,0.322,12,1,12,recombination,node_12825,node_0036 + node_0137 | single_dehydrogenative_recombination | electron_gain,node_12825;node_12861;node_13677;node_14053;node_14105;node_14717;node_15109;node_15129;node_15741;node_15773;node_15925;node_15981
PEN,Polyethylene Naphthalate,C26H15O5,positive,1,407.0919485813,0.49200000000000005,0.322,4,1,4,recombination,node_10284,node_0024 + node_0108 | single_dehydrogenative_recombination | electron_loss,node_10284;node_10344;node_10900;node_14216
PEN,Polyethylene Naphthalate,C26H15O5,negative,-1,407.0919485813,0.49200000000000005,0.322,4,1,4,recombination,node_10285,node_0024 + node_0108 | single_dehydrogenative_recombination | electron_gain,node_10285;node_10345;node_10901;node_14217
PEN,Polyethylene Naphthalate,C26H17O5,positive,1,409.10759864576,0.49200000000000005,0.322,24,1,24,recombination,node_10124,node_0023 + node_0133 | single_dehydrogenative_recombination | electron_loss,node_10124;node_10144;node_10756;node_10792;node_10940;node_10996;node_12772;node_12828;node_13032;node_13068;node_13588;node_13680;node_14016;node_14056;node_14260;node_14312;node_14628;node_14720;node_15316;node_15336;node_15684;node_15744;node_15888;node_15928
PEN,Polyethylene Naphthalate,C26H17O5,negative,-1,409.10759864576,0.49200000000000005,0.322,24,1,24,recombination,node_10125,node_0023 + node_0133 | single_dehydrogenative_recombination | electron_gain,node_10125;node_10145;node_10757;node_10793;node_10941;node_10997;node_12773;node_12829;node_13033;node_13069;node_13589;node_13681;node_14017;node_14057;node_14261;node_14313;node_14629;node_14721;node_15317;node_15337;node_15685;node_15745;node_15889;node_15929
PEN,Polyethylene Naphthalate,C26H19O4,positive,1,395.12833409065,0.49200000000000005,0.322,4,1,4,recombination,node_14108,node_0042 + node_0155 | single_dehydrogenative_recombination | electron_loss,node_14108;node_14924;node_15132;node_15948
PEN,Polyethylene Naphthalate,C26H19O4,negative,-1,395.12833409065,0.49200000000000005,0.322,4,1,4,recombination,node_14109,node_0042 + node_0155 | single_dehydrogenative_recombination | electron_gain,node_14109;node_14925;node_15133;node_15949
PEN,Polyethylene Naphthalate,C27H17O6,positive,1,437.10251326533,0.49200000000000005,0.322,12,1,12,recombination,node_10332,node_0024 + node_0133 | single_dehydrogenative_recombination | electron_loss,node_10332;node_10352;node_10700;node_10760;node_10908;node_10944;node_12980;node_13036;node_13592;node_14224;node_14264;node_14632
PEN,Polyethylene Naphthalate,C27H17O6,negative,-1,437.10251326533,0.49200000000000005,0.322,12,1,12,recombination,node_10333,node_0024 + node_0133 | single_dehydrogenative_recombination | electron_gain,node_10333;node_10353;node_10701;node_10761;node_10909;node_10945;node_12981;node_13037;node_13593;node_14225;node_14265;node_14633
PEN,Polyethylene Naphthalate,C27H19O5,positive,1,423.12324871021997,0.49200000000000005,0.322,12,1,12,recombination,node_10148,node_0023 + node_0145 | single_dehydrogenative_recombination | electron_loss,node_10148;node_10964;node_11000;node_14020;node_14076;node_14284;node_14316;node_14836;node_14928;node_15340;node_15892;node_15952
PEN,Polyethylene Naphthalate,C27H19O5,negative,-1,423.12324871021997,0.49200000000000005,0.322,12,1,12,recombination,node_10149,node_0023 + node_0145 | single_dehydrogenative_recombination | electron_gain,node_10149;node_10965;node_11001;node_14021;node_14077;node_14285;node_14317;node_14837;node_14929;node_15341;node_15893;node_15953
PEN,Polyethylene Naphthalate,C28H19O6,positive,1,451.11816332979004,0.49200000000000005,0.322,4,1,4,recombination,node_10356,node_0024 + node_0145 | single_dehydrogenative_recombination | electron_loss,node_10356;node_10968;node_14228;node_14840
PEN,Polyethylene Naphthalate,C28H19O6,negative,-1,451.11816332979004,0.49200000000000005,0.322,4,1,4,recombination,node_10357,node_0024 + node_0145 | single_dehydrogenative_recombination | electron_gain,node_10357;node_10969;node_14229;node_14841
PEN,Polyethylene Naphthalate,C28H21O6,positive,1,453.13381339425,0.49200000000000005,0.322,12,1,12,recombination,node_12840,node_0036 + node_0145 | single_dehydrogenative_recombination | electron_loss,node_12840;node_13656;node_13692;node_14068;node_14084;node_14700;node_14732;node_14884;node_14936;node_15756;node_15940;node_15960
PEN,Polyethylene Naphthalate,C28H21O6,negative,-1,453.13381339425,0.49200000000000005,0.322,12,1,12,recombination,node_12841,node_0036 + node_0145 | single_dehydrogenative_recombination | electron_gain,node_12841;node_13657;node_13693;node_14069;node_14085;node_14701;node_14733;node_14885;node_14937;node_15757;node_15941;node_15961
PEN,Polyethylene Naphthalate,C29H21O7,positive,1,481.12872801382,0.49200000000000005,0.322,12,1,12,recombination,node_10772,node_0026 + node_0145 | single_dehydrogenative_recombination | electron_loss,node_10772;node_10956;node_10976;node_13048;node_13604;node_13660;node_14276;node_14292;node_14644;node_14704;node_14848;node_14888
PEN,Polyethylene Naphthalate,C29H21O7,negative,-1,481.12872801382,0.49200000000000005,0.322,12,1,12,recombination,node_10773,node_0026 + node_0145 | single_dehydrogenative_recombination | electron_gain,node_10773;node_10957;node_10977;node_13049;node_13605;node_13661;node_14277;node_14293;node_14645;node_14705;node_14849;node_14889
PEN,Polyethylene Naphthalate,C29H23O6,positive,1,467.14946345871,0.49200000000000005,0.322,4,1,4,recombination,node_14088,node_0042 + node_0145 | single_dehydrogenative_recombination | electron_loss,node_14088;node_14908;node_14940;node_15964
PEN,Polyethylene Naphthalate,C29H23O6,negative,-1,467.14946345871,0.49200000000000005,0.322,4,1,4,recombination,node_14089,node_0042 + node_0145 | single_dehydrogenative_recombination | electron_gain,node_14089;node_14909;node_14941;node_15965
PEN,Polyethylene Naphthalate,C30H23O7,positive,1,495.14437807828,0.49200000000000005,0.322,4,1,4,recombination,node_10980,node_0027 + node_0145 | single_dehydrogenative_recombination | electron_loss,node_10980;node_14296;node_14852;node_14912
PEN,Polyethylene Naphthalate,C30H23O7,negative,-1,495.14437807828,0.49200000000000005,0.322,4,1,4,recombination,node_10981,node_0027 + node_0145 | single_dehydrogenative_recombination | electron_gain,node_10981;node_14297;node_14853;node_14913
PEN,Polyethylene Naphthalate,C13H9O5,negative,-1,245.04499838792,0.49,0.4,2,1,2,recombination,node_20653,node_0069 + node_0118 | h_transfer_recombination | electron_gain,node_20653;node_20945
PEN,Polyethylene Naphthalate,C31H25O8,positive,1,525.15494276231,0.48696901144753796,0.316969011447538,4,1,4,recombination,node_13672,node_0040 + node_0145 | single_dehydrogenative_recombination | electron_loss,node_13672;node_14712;node_14900;node_14920
PEN,Polyethylene Naphthalate,C31H25O8,negative,-1,525.15494276231,0.48696901144753796,0.316969011447538,4,1,4,recombination,node_13673,node_0040 + node_0145 | single_dehydrogenative_recombination | electron_gain,node_13673;node_14713;node_14901;node_14921
PEN,Polyethylene Naphthalate,C31H25O9,positive,1,541.14985738188,0.48177002852362405,0.331770028523624,3,1,3,recombination,node_20176,node_0067 + node_0145 | dehydrogenative_coupling | electron_loss,node_20176;node_21284;node_21324
PEN,Polyethylene Naphthalate,C32H29O9,negative,-1,557.1811575108001,0.47856376849784,0.38856376849784,2,1,2,recombination,node_21337,node_0071 + node_0146 | h_transfer_recombination | electron_gain,node_21337;node_21569
PEN,Polyethylene Naphthalate,C6H7O6,negative,-1,175.02426294303,0.476,0.476,1,1,1,recombination,node_21631,node_0073 + node_0079 | dehydrogenative_coupling | deprotonation,node_21631
PEN,Polyethylene Naphthalate,C15H8O7,negative,-1,300.02700259483,0.468,0.37800000000000006,2,1,2,recombination,node_21783,node_0073 + node_0117 | dehydrogenative_coupling | deprotonation,node_21783;node_23391
PEN,Polyethylene Naphthalate,C23H14O3,negative,-1,338.09429430993,0.468,0.37800000000000006,2,1,2,recombination,node_22451,node_0075 + node_0147 | dehydrogenative_coupling | deprotonation,node_22451;node_22987
PEN,Polyethylene Naphthalate,C4H7,negative,-1,55.05477522561,0.46199999999999997,0.372,2,1,2,recombination,node_11229,node_0028 + node_0167 | single_dehydrogenative_recombination | electron_gain,node_11229;node_17361
PEN,Polyethylene Naphthalate,C6H7O4,positive,1,143.03443370389,0.46199999999999997,0.372,2,1,2,recombination,node_13908,node_0041 + node_0161 | single_dehydrogenative_recombination | electron_loss,node_13908;node_16784
PEN,Polyethylene Naphthalate,C6H7O4,negative,-1,143.03443370389,0.46199999999999997,0.372,2,1,2,recombination,node_13909,node_0041 + node_0161 | single_dehydrogenative_recombination | electron_gain,node_13909;node_16785
PEN,Polyethylene Naphthalate,C13H4O3,negative,-1,208.01604398763,0.44999999999999996,0.36,2,1,2,recombination,node_9859,node_0022 + node_0102 | single_dehydrogenative_recombination | deprotonation,node_9859;node_16091
PEN,Polyethylene Naphthalate,C13H4O6,negative,-1,256.00078784634,0.44999999999999996,0.36,2,1,2,recombination,node_11347,node_0029 + node_0117 | single_dehydrogenative_recombination | deprotonation,node_11347;node_16331
PEN,Polyethylene Naphthalate,C6H8O6,positive,1,176.03208797526,0.438,0.438,1,1,1,recombination,node_21628,node_0073 + node_0079 | dehydrogenative_coupling | electron_loss,node_21628
PEN,Polyethylene Naphthalate,C15H9O7,positive,1,301.03482762706,0.43,0.34,2,1,2,recombination,node_21780,node_0073 + node_0117 | dehydrogenative_coupling | electron_loss,node_21780;node_23388
PEN,Polyethylene Naphthalate,C23H15O3,positive,1,339.10211934216,0.43,0.34,2,1,2,recombination,node_22448,node_0075 + node_0147 | dehydrogenative_coupling | electron_loss,node_22448;node_22984
PEN,Polyethylene Naphthalate,C13H5O3,positive,1,209.02386901986,0.412,0.322,2,1,2,recombination,node_9856,node_0022 + node_0102 | single_dehydrogenative_recombination | electron_loss,node_9856;node_16088
PEN,Polyethylene Naphthalate,C13H5O3,negative,-1,209.02386901986,0.412,0.322,2,1,2,recombination,node_9857,node_0022 + node_0102 | single_dehydrogenative_recombination | electron_gain,node_9857;node_16089
PEN,Polyethylene Naphthalate,C13H5O6,positive,1,257.00861287857003,0.412,0.322,2,1,2,recombination,node_11344,node_0029 + node_0117 | single_dehydrogenative_recombination | electron_loss,node_11344;node_16328
PEN,Polyethylene Naphthalate,C13H5O6,negative,-1,257.00861287857003,0.412,0.322,2,1,2,recombination,node_11345,node_0029 + node_0117 | single_dehydrogenative_recombination | electron_gain,node_11345;node_16329
PEN,Polyethylene Naphthalate,C32H27O10,negative,-1,571.16042206591,0.41176791558681797,0.41176791558681797,1,1,1,recombination,node_21127,node_0071 + node_0093 | dehydrogenative_coupling | deprotonation,node_21127
PEN,Polyethylene Naphthalate,C32H28O10,positive,1,572.16824709814,0.373566350580372,0.373566350580372,1,1,1,recombination,node_21124,node_0071 + node_0093 | dehydrogenative_coupling | electron_loss,node_21124
PEN,Polyethylene Naphthalate,C32H26O9,negative,-1,554.15768241411,0.3671684635171781,0.3671684635171781,1,1,1,recombination,node_21335,node_0071 + node_0145 | dehydrogenative_coupling | deprotonation,node_21335
PEN,Polyethylene Naphthalate,C32H27O9,positive,1,555.16550744634,0.328966898510732,0.328966898510732,1,1,1,recombination,node_21332,node_0071 + node_0145 | dehydrogenative_coupling | electron_loss,node_21332
