node_id,compound_id,source_name,formula,counts,exact_mass,ion_mode,charge,generation_type,operation,path,source_nodes,fragment_atom_indices,reaction_site_elements,broken_bonds,h_shift,recombination_loss,rule_pack,trigger_feature,evidence,structure_score,ionization_score,path_score,formula_score,path_count,mechanism_count,source_fragment_count
node_0001,PFA,Perfluoroalkoxy Alkane,C4F10,"{""C"": 4, ""F"": 10}",237.9840316273,neutral,0,parent,source_molecule,M,,,,0,0,,,,,0.45,0.0,0.27,0.0,1,1,0
node_0002,PFA,Perfluoroalkoxy Alkane,F,"{""F"": 1}",18.99840316273,neutral,0,fragment,bond_break,M | single-atom F from C-F bond break,node_0001,0,F,1,0,,,,,0.64,0.0,0.384,0.0,1,1,0
node_0003,PFA,Perfluoroalkoxy Alkane,C4F9,"{""C"": 4, ""F"": 9}",218.98562846457,neutral,0,fragment,bond_break,"M | fragment C,F from C-F bond break(s)",node_0001,1;2;3;4;5;6;7;8;9;10;11;12;13,C,1,0,,,,,0.64,0.0,0.384,0.0,1,1,0
node_0004,PFA,Perfluoroalkoxy Alkane,C4F9,"{""C"": 4, ""F"": 9}",218.98562846457,neutral,0,fragment,bond_break,"M | fragment C,F from C-F bond break(s)",node_0001,0;1;3;4;5;6;7;8;9;10;11;12;13,C,1,0,,,,,0.64,0.0,0.384,0.0,1,1,0
node_0005,PFA,Perfluoroalkoxy Alkane,F,"{""F"": 1}",18.99840316273,neutral,0,fragment,bond_break,M | single-atom F from C-F bond break,node_0001,2,F,1,0,,,,,0.64,0.0,0.384,0.0,1,1,0
node_0006,PFA,Perfluoroalkoxy Alkane,C4F9,"{""C"": 4, ""F"": 9}",218.98562846457,neutral,0,fragment,bond_break,"M | fragment C,F from C-F bond break(s)",node_0001,0;1;2;4;5;6;7;8;9;10;11;12;13,C,1,0,,,,,0.64,0.0,0.384,0.0,1,1,0
node_0007,PFA,Perfluoroalkoxy Alkane,F,"{""F"": 1}",18.99840316273,neutral,0,fragment,bond_break,M | single-atom F from C-F bond break,node_0001,3,F,1,0,,,,,0.64,0.0,0.384,0.0,1,1,0
node_0008,PFA,Perfluoroalkoxy Alkane,CF3,"{""C"": 1, ""F"": 3}",68.99520948819,neutral,0,fragment,bond_break,"M | fragment C,F from C-C bond break(s)",node_0001,0;1;2;3,C,1,0,,,,,0.64,0.0,0.434,0.0,1,1,0
node_0009,PFA,Perfluoroalkoxy Alkane,C3F7,"{""C"": 3, ""F"": 7}",168.98882213911,neutral,0,fragment,bond_break,"M | fragment C,F from C-C bond break(s)",node_0001,4;5;6;7;8;9;10;11;12;13,C,1,0,,,,,0.64,0.0,0.434,0.0,1,1,0
node_0010,PFA,Perfluoroalkoxy Alkane,C4F9,"{""C"": 4, ""F"": 9}",218.98562846457,neutral,0,fragment,bond_break,"M | fragment C,F from C-F bond break(s)",node_0001,0;1;2;3;4;6;7;8;9;10;11;12;13,C,1,0,,,,,0.64,0.0,0.384,0.0,1,1,0
node_0011,PFA,Perfluoroalkoxy Alkane,F,"{""F"": 1}",18.99840316273,neutral,0,fragment,bond_break,M | single-atom F from C-F bond break,node_0001,5,F,1,0,,,,,0.64,0.0,0.384,0.0,1,1,0
node_0012,PFA,Perfluoroalkoxy Alkane,C3F7,"{""C"": 3, ""F"": 7}",168.98882213911,neutral,0,fragment,bond_break,"M | fragment C,F from C-C bond break(s)",node_0001,0;1;2;3;4;5;10;11;12;13,C,1,0,,,,,0.64,0.0,0.434,0.0,1,1,0
node_0013,PFA,Perfluoroalkoxy Alkane,CF3,"{""C"": 1, ""F"": 3}",68.99520948819,neutral,0,fragment,bond_break,"M | fragment C,F from C-C bond break(s)",node_0001,6;7;8;9,C,1,0,,,,,0.64,0.0,0.434,0.0,1,1,0
node_0014,PFA,Perfluoroalkoxy Alkane,C4F9,"{""C"": 4, ""F"": 9}",218.98562846457,neutral,0,fragment,bond_break,"M | fragment C,F from C-F bond break(s)",node_0001,0;1;2;3;4;5;6;8;9;10;11;12;13,C,1,0,,,,,0.64,0.0,0.384,0.0,1,1,0
node_0015,PFA,Perfluoroalkoxy Alkane,F,"{""F"": 1}",18.99840316273,neutral,0,fragment,bond_break,M | single-atom F from C-F bond break,node_0001,7,F,1,0,,,,,0.64,0.0,0.384,0.0,1,1,0
node_0016,PFA,Perfluoroalkoxy Alkane,C4F9,"{""C"": 4, ""F"": 9}",218.98562846457,neutral,0,fragment,bond_break,"M | fragment C,F from C-F bond break(s)",node_0001,0;1;2;3;4;5;6;7;9;10;11;12;13,C,1,0,,,,,0.64,0.0,0.384,0.0,1,1,0
node_0017,PFA,Perfluoroalkoxy Alkane,F,"{""F"": 1}",18.99840316273,neutral,0,fragment,bond_break,M | single-atom F from C-F bond break,node_0001,8,F,1,0,,,,,0.64,0.0,0.384,0.0,1,1,0
node_0018,PFA,Perfluoroalkoxy Alkane,C4F9,"{""C"": 4, ""F"": 9}",218.98562846457,neutral,0,fragment,bond_break,"M | fragment C,F from C-F bond break(s)",node_0001,0;1;2;3;4;5;6;7;8;10;11;12;13,C,1,0,,,,,0.64,0.0,0.384,0.0,1,1,0
node_0019,PFA,Perfluoroalkoxy Alkane,F,"{""F"": 1}",18.99840316273,neutral,0,fragment,bond_break,M | single-atom F from C-F bond break,node_0001,9,F,1,0,,,,,0.64,0.0,0.384,0.0,1,1,0
node_0020,PFA,Perfluoroalkoxy Alkane,C3F7,"{""C"": 3, ""F"": 7}",168.98882213911,neutral,0,fragment,bond_break,"M | fragment C,F from C-C bond break(s)",node_0001,0;1;2;3;4;5;6;7;8;9,C,1,0,,,,,0.64,0.0,0.434,0.0,1,1,0
node_0021,PFA,Perfluoroalkoxy Alkane,CF3,"{""C"": 1, ""F"": 3}",68.99520948819,neutral,0,fragment,bond_break,"M | fragment C,F from C-C bond break(s)",node_0001,10;11;12;13,C,1,0,,,,,0.64,0.0,0.434,0.0,1,1,0
node_0022,PFA,Perfluoroalkoxy Alkane,C4F9,"{""C"": 4, ""F"": 9}",218.98562846457,neutral,0,fragment,bond_break,"M | fragment C,F from C-F bond break(s)",node_0001,0;1;2;3;4;5;6;7;8;9;10;12;13,C,1,0,,,,,0.64,0.0,0.384,0.0,1,1,0
node_0023,PFA,Perfluoroalkoxy Alkane,F,"{""F"": 1}",18.99840316273,neutral,0,fragment,bond_break,M | single-atom F from C-F bond break,node_0001,11,F,1,0,,,,,0.64,0.0,0.384,0.0,1,1,0
node_0024,PFA,Perfluoroalkoxy Alkane,C4F9,"{""C"": 4, ""F"": 9}",218.98562846457,neutral,0,fragment,bond_break,"M | fragment C,F from C-F bond break(s)",node_0001,0;1;2;3;4;5;6;7;8;9;10;11;13,C,1,0,,,,,0.64,0.0,0.384,0.0,1,1,0
node_0025,PFA,Perfluoroalkoxy Alkane,F,"{""F"": 1}",18.99840316273,neutral,0,fragment,bond_break,M | single-atom F from C-F bond break,node_0001,12,F,1,0,,,,,0.64,0.0,0.384,0.0,1,1,0
node_0026,PFA,Perfluoroalkoxy Alkane,C4F9,"{""C"": 4, ""F"": 9}",218.98562846457,neutral,0,fragment,bond_break,"M | fragment C,F from C-F bond break(s)",node_0001,0;1;2;3;4;5;6;7;8;9;10;11;12,C,1,0,,,,,0.64,0.0,0.384,0.0,1,1,0
node_0027,PFA,Perfluoroalkoxy Alkane,F,"{""F"": 1}",18.99840316273,neutral,0,fragment,bond_break,M | single-atom F from C-F bond break,node_0001,13,F,1,0,,,,,0.64,0.0,0.384,0.0,1,1,0
node_0028,PFA,Perfluoroalkoxy Alkane,C4F8,"{""C"": 4, ""F"": 8}",199.98722530184,neutral,0,fragment,bond_break,"M | fragment C,F from C-F+C-F bond break(s)",node_0001,1;3;4;5;6;7;8;9;10;11;12;13,C;C,2,0,,,,,0.5599999999999999,0.0,0.38599999999999995,0.0,1,1,0
node_0029,PFA,Perfluoroalkoxy Alkane,C4F8,"{""C"": 4, ""F"": 8}",199.98722530184,neutral,0,fragment,bond_break,"M | fragment C,F from C-F+C-F bond break(s)",node_0001,1;2;4;5;6;7;8;9;10;11;12;13,C;C,2,0,,,,,0.5599999999999999,0.0,0.38599999999999995,0.0,1,1,0
node_0030,PFA,Perfluoroalkoxy Alkane,CF2,"{""C"": 1, ""F"": 2}",49.99680632546,neutral,0,fragment,bond_break,"M | fragment C,F from C-F+C-C bond break(s)",node_0001,1;2;3,C;C,2,0,,,,,0.5599999999999999,0.0,0.38599999999999995,0.0,1,1,0
node_0031,PFA,Perfluoroalkoxy Alkane,C4F8,"{""C"": 4, ""F"": 8}",199.98722530184,neutral,0,fragment,bond_break,"M | fragment C,F from C-F+C-F bond break(s)",node_0001,1;2;3;4;6;7;8;9;10;11;12;13,C;C,2,0,,,,,0.5599999999999999,0.0,0.38599999999999995,0.0,1,1,0
node_0032,PFA,Perfluoroalkoxy Alkane,C3F6,"{""C"": 3, ""F"": 6}",149.99041897638,neutral,0,fragment,bond_break,"M | fragment C,F from C-F+C-C bond break(s)",node_0001,1;2;3;4;5;10;11;12;13,C;C,2,0,,,,,0.5599999999999999,0.0,0.38599999999999995,0.0,1,1,0
node_0033,PFA,Perfluoroalkoxy Alkane,C4F8,"{""C"": 4, ""F"": 8}",199.98722530184,neutral,0,fragment,bond_break,"M | fragment C,F from C-F+C-F bond break(s)",node_0001,1;2;3;4;5;6;8;9;10;11;12;13,C;C,2,0,,,,,0.5599999999999999,0.0,0.38599999999999995,0.0,1,1,0
node_0034,PFA,Perfluoroalkoxy Alkane,C4F8,"{""C"": 4, ""F"": 8}",199.98722530184,neutral,0,fragment,bond_break,"M | fragment C,F from C-F+C-F bond break(s)",node_0001,1;2;3;4;5;6;7;9;10;11;12;13,C;C,2,0,,,,,0.5599999999999999,0.0,0.38599999999999995,0.0,1,1,0
node_0035,PFA,Perfluoroalkoxy Alkane,C4F8,"{""C"": 4, ""F"": 8}",199.98722530184,neutral,0,fragment,bond_break,"M | fragment C,F from C-F+C-F bond break(s)",node_0001,1;2;3;4;5;6;7;8;10;11;12;13,C;C,2,0,,,,,0.5599999999999999,0.0,0.38599999999999995,0.0,1,1,0
node_0036,PFA,Perfluoroalkoxy Alkane,C3F6,"{""C"": 3, ""F"": 6}",149.99041897638,neutral,0,fragment,bond_break,"M | fragment C,F from C-F+C-C bond break(s)",node_0001,1;2;3;4;5;6;7;8;9,C;C,2,0,,,,,0.5599999999999999,0.0,0.38599999999999995,0.0,1,1,0
node_0037,PFA,Perfluoroalkoxy Alkane,C4F8,"{""C"": 4, ""F"": 8}",199.98722530184,neutral,0,fragment,bond_break,"M | fragment C,F from C-F+C-F bond break(s)",node_0001,1;2;3;4;5;6;7;8;9;10;12;13,C;C,2,0,,,,,0.5599999999999999,0.0,0.38599999999999995,0.0,1,1,0
node_0038,PFA,Perfluoroalkoxy Alkane,C4F8,"{""C"": 4, ""F"": 8}",199.98722530184,neutral,0,fragment,bond_break,"M | fragment C,F from C-F+C-F bond break(s)",node_0001,1;2;3;4;5;6;7;8;9;10;11;13,C;C,2,0,,,,,0.5599999999999999,0.0,0.38599999999999995,0.0,1,1,0
node_0039,PFA,Perfluoroalkoxy Alkane,C4F8,"{""C"": 4, ""F"": 8}",199.98722530184,neutral,0,fragment,bond_break,"M | fragment C,F from C-F+C-F bond break(s)",node_0001,1;2;3;4;5;6;7;8;9;10;11;12,C;C,2,0,,,,,0.5599999999999999,0.0,0.38599999999999995,0.0,1,1,0
node_0040,PFA,Perfluoroalkoxy Alkane,C4F8,"{""C"": 4, ""F"": 8}",199.98722530184,neutral,0,fragment,bond_break,"M | fragment C,F from C-F+C-F bond break(s)",node_0001,0;1;4;5;6;7;8;9;10;11;12;13,C;C,2,0,,,,,0.5599999999999999,0.0,0.38599999999999995,0.0,1,1,0
node_0041,PFA,Perfluoroalkoxy Alkane,CF2,"{""C"": 1, ""F"": 2}",49.99680632546,neutral,0,fragment,bond_break,"M | fragment C,F from C-F+C-C bond break(s)",node_0001,0;1;3,C;C,2,0,,,,,0.5599999999999999,0.0,0.38599999999999995,0.0,1,1,0
node_0042,PFA,Perfluoroalkoxy Alkane,C4F8,"{""C"": 4, ""F"": 8}",199.98722530184,neutral,0,fragment,bond_break,"M | fragment C,F from C-F+C-F bond break(s)",node_0001,0;1;3;4;6;7;8;9;10;11;12;13,C;C,2,0,,,,,0.5599999999999999,0.0,0.38599999999999995,0.0,1,1,0
node_0043,PFA,Perfluoroalkoxy Alkane,C3F6,"{""C"": 3, ""F"": 6}",149.99041897638,neutral,0,fragment,bond_break,"M | fragment C,F from C-F+C-C bond break(s)",node_0001,0;1;3;4;5;10;11;12;13,C;C,2,0,,,,,0.5599999999999999,0.0,0.38599999999999995,0.0,1,1,0
node_0044,PFA,Perfluoroalkoxy Alkane,C4F8,"{""C"": 4, ""F"": 8}",199.98722530184,neutral,0,fragment,bond_break,"M | fragment C,F from C-F+C-F bond break(s)",node_0001,0;1;3;4;5;6;8;9;10;11;12;13,C;C,2,0,,,,,0.5599999999999999,0.0,0.38599999999999995,0.0,1,1,0
node_0045,PFA,Perfluoroalkoxy Alkane,C4F8,"{""C"": 4, ""F"": 8}",199.98722530184,neutral,0,fragment,bond_break,"M | fragment C,F from C-F+C-F bond break(s)",node_0001,0;1;3;4;5;6;7;9;10;11;12;13,C;C,2,0,,,,,0.5599999999999999,0.0,0.38599999999999995,0.0,1,1,0
node_0046,PFA,Perfluoroalkoxy Alkane,C4F8,"{""C"": 4, ""F"": 8}",199.98722530184,neutral,0,fragment,bond_break,"M | fragment C,F from C-F+C-F bond break(s)",node_0001,0;1;3;4;5;6;7;8;10;11;12;13,C;C,2,0,,,,,0.5599999999999999,0.0,0.38599999999999995,0.0,1,1,0
node_0047,PFA,Perfluoroalkoxy Alkane,C3F6,"{""C"": 3, ""F"": 6}",149.99041897638,neutral,0,fragment,bond_break,"M | fragment C,F from C-F+C-C bond break(s)",node_0001,0;1;3;4;5;6;7;8;9,C;C,2,0,,,,,0.5599999999999999,0.0,0.38599999999999995,0.0,1,1,0
node_0048,PFA,Perfluoroalkoxy Alkane,C4F8,"{""C"": 4, ""F"": 8}",199.98722530184,neutral,0,fragment,bond_break,"M | fragment C,F from C-F+C-F bond break(s)",node_0001,0;1;3;4;5;6;7;8;9;10;12;13,C;C,2,0,,,,,0.5599999999999999,0.0,0.38599999999999995,0.0,1,1,0
node_0049,PFA,Perfluoroalkoxy Alkane,C4F8,"{""C"": 4, ""F"": 8}",199.98722530184,neutral,0,fragment,bond_break,"M | fragment C,F from C-F+C-F bond break(s)",node_0001,0;1;3;4;5;6;7;8;9;10;11;13,C;C,2,0,,,,,0.5599999999999999,0.0,0.38599999999999995,0.0,1,1,0
node_0050,PFA,Perfluoroalkoxy Alkane,C4F8,"{""C"": 4, ""F"": 8}",199.98722530184,neutral,0,fragment,bond_break,"M | fragment C,F from C-F+C-F bond break(s)",node_0001,0;1;3;4;5;6;7;8;9;10;11;12,C;C,2,0,,,,,0.5599999999999999,0.0,0.38599999999999995,0.0,1,1,0
node_0051,PFA,Perfluoroalkoxy Alkane,CF2,"{""C"": 1, ""F"": 2}",49.99680632546,neutral,0,fragment,bond_break,"M | fragment C,F from C-F+C-C bond break(s)",node_0001,0;1;2,C;C,2,0,,,,,0.5599999999999999,0.0,0.38599999999999995,0.0,1,1,0
node_0052,PFA,Perfluoroalkoxy Alkane,C4F8,"{""C"": 4, ""F"": 8}",199.98722530184,neutral,0,fragment,bond_break,"M | fragment C,F from C-F+C-F bond break(s)",node_0001,0;1;2;4;6;7;8;9;10;11;12;13,C;C,2,0,,,,,0.5599999999999999,0.0,0.38599999999999995,0.0,1,1,0
node_0053,PFA,Perfluoroalkoxy Alkane,C3F6,"{""C"": 3, ""F"": 6}",149.99041897638,neutral,0,fragment,bond_break,"M | fragment C,F from C-F+C-C bond break(s)",node_0001,0;1;2;4;5;10;11;12;13,C;C,2,0,,,,,0.5599999999999999,0.0,0.38599999999999995,0.0,1,1,0
node_0054,PFA,Perfluoroalkoxy Alkane,C4F8,"{""C"": 4, ""F"": 8}",199.98722530184,neutral,0,fragment,bond_break,"M | fragment C,F from C-F+C-F bond break(s)",node_0001,0;1;2;4;5;6;8;9;10;11;12;13,C;C,2,0,,,,,0.5599999999999999,0.0,0.38599999999999995,0.0,1,1,0
node_0055,PFA,Perfluoroalkoxy Alkane,C4F8,"{""C"": 4, ""F"": 8}",199.98722530184,neutral,0,fragment,bond_break,"M | fragment C,F from C-F+C-F bond break(s)",node_0001,0;1;2;4;5;6;7;9;10;11;12;13,C;C,2,0,,,,,0.5599999999999999,0.0,0.38599999999999995,0.0,1,1,0
node_0056,PFA,Perfluoroalkoxy Alkane,C4F8,"{""C"": 4, ""F"": 8}",199.98722530184,neutral,0,fragment,bond_break,"M | fragment C,F from C-F+C-F bond break(s)",node_0001,0;1;2;4;5;6;7;8;10;11;12;13,C;C,2,0,,,,,0.5599999999999999,0.0,0.38599999999999995,0.0,1,1,0
node_0057,PFA,Perfluoroalkoxy Alkane,C3F6,"{""C"": 3, ""F"": 6}",149.99041897638,neutral,0,fragment,bond_break,"M | fragment C,F from C-F+C-C bond break(s)",node_0001,0;1;2;4;5;6;7;8;9,C;C,2,0,,,,,0.5599999999999999,0.0,0.38599999999999995,0.0,1,1,0
node_0058,PFA,Perfluoroalkoxy Alkane,C4F8,"{""C"": 4, ""F"": 8}",199.98722530184,neutral,0,fragment,bond_break,"M | fragment C,F from C-F+C-F bond break(s)",node_0001,0;1;2;4;5;6;7;8;9;10;12;13,C;C,2,0,,,,,0.5599999999999999,0.0,0.38599999999999995,0.0,1,1,0
node_0059,PFA,Perfluoroalkoxy Alkane,C4F8,"{""C"": 4, ""F"": 8}",199.98722530184,neutral,0,fragment,bond_break,"M | fragment C,F from C-F+C-F bond break(s)",node_0001,0;1;2;4;5;6;7;8;9;10;11;13,C;C,2,0,,,,,0.5599999999999999,0.0,0.38599999999999995,0.0,1,1,0
node_0060,PFA,Perfluoroalkoxy Alkane,C4F8,"{""C"": 4, ""F"": 8}",199.98722530184,neutral,0,fragment,bond_break,"M | fragment C,F from C-F+C-F bond break(s)",node_0001,0;1;2;4;5;6;7;8;9;10;11;12,C;C,2,0,,,,,0.5599999999999999,0.0,0.38599999999999995,0.0,1,1,0
node_0061,PFA,Perfluoroalkoxy Alkane,C3F6,"{""C"": 3, ""F"": 6}",149.99041897638,neutral,0,fragment,bond_break,"M | fragment C,F from C-C+C-F bond break(s)",node_0001,4;6;7;8;9;10;11;12;13,C;C,2,0,,,,,0.5599999999999999,0.0,0.38599999999999995,0.0,1,1,0
node_0062,PFA,Perfluoroalkoxy Alkane,C2F4,"{""C"": 2, ""F"": 4}",99.99361265092,neutral,0,fragment,bond_break,"M | fragment C,F from C-C+C-C bond break(s)",node_0001,4;5;10;11;12;13,C;C,2,0,,,,,0.5599999999999999,0.0,0.38599999999999995,0.0,1,1,0
node_0063,PFA,Perfluoroalkoxy Alkane,C3F6,"{""C"": 3, ""F"": 6}",149.99041897638,neutral,0,fragment,bond_break,"M | fragment C,F from C-C+C-F bond break(s)",node_0001,4;5;6;8;9;10;11;12;13,C;C,2,0,,,,,0.5599999999999999,0.0,0.38599999999999995,0.0,1,1,0
node_0064,PFA,Perfluoroalkoxy Alkane,C3F6,"{""C"": 3, ""F"": 6}",149.99041897638,neutral,0,fragment,bond_break,"M | fragment C,F from C-C+C-F bond break(s)",node_0001,4;5;6;7;9;10;11;12;13,C;C,2,0,,,,,0.5599999999999999,0.0,0.38599999999999995,0.0,1,1,0
node_0065,PFA,Perfluoroalkoxy Alkane,C3F6,"{""C"": 3, ""F"": 6}",149.99041897638,neutral,0,fragment,bond_break,"M | fragment C,F from C-C+C-F bond break(s)",node_0001,4;5;6;7;8;10;11;12;13,C;C,2,0,,,,,0.5599999999999999,0.0,0.38599999999999995,0.0,1,1,0
node_0066,PFA,Perfluoroalkoxy Alkane,C2F4,"{""C"": 2, ""F"": 4}",99.99361265092,neutral,0,fragment,bond_break,"M | fragment C,F from C-C+C-C bond break(s)",node_0001,4;5;6;7;8;9,C;C,2,0,,,,,0.5599999999999999,0.0,0.38599999999999995,0.0,1,1,0
node_0067,PFA,Perfluoroalkoxy Alkane,C3F6,"{""C"": 3, ""F"": 6}",149.99041897638,neutral,0,fragment,bond_break,"M | fragment C,F from C-C+C-F bond break(s)",node_0001,4;5;6;7;8;9;10;12;13,C;C,2,0,,,,,0.5599999999999999,0.0,0.38599999999999995,0.0,1,1,0
node_0068,PFA,Perfluoroalkoxy Alkane,C3F6,"{""C"": 3, ""F"": 6}",149.99041897638,neutral,0,fragment,bond_break,"M | fragment C,F from C-C+C-F bond break(s)",node_0001,4;5;6;7;8;9;10;11;13,C;C,2,0,,,,,0.5599999999999999,0.0,0.38599999999999995,0.0,1,1,0
node_0069,PFA,Perfluoroalkoxy Alkane,C3F6,"{""C"": 3, ""F"": 6}",149.99041897638,neutral,0,fragment,bond_break,"M | fragment C,F from C-C+C-F bond break(s)",node_0001,4;5;6;7;8;9;10;11;12,C;C,2,0,,,,,0.5599999999999999,0.0,0.38599999999999995,0.0,1,1,0
node_0070,PFA,Perfluoroalkoxy Alkane,C3F6,"{""C"": 3, ""F"": 6}",149.99041897638,neutral,0,fragment,bond_break,"M | fragment C,F from C-F+C-C bond break(s)",node_0001,0;1;2;3;4;10;11;12;13,C;C,2,0,,,,,0.5599999999999999,0.0,0.38599999999999995,0.0,1,1,0
node_0071,PFA,Perfluoroalkoxy Alkane,C4F8,"{""C"": 4, ""F"": 8}",199.98722530184,neutral,0,fragment,bond_break,"M | fragment C,F from C-F+C-F bond break(s)",node_0001,0;1;2;3;4;6;8;9;10;11;12;13,C;C,2,0,,,,,0.5599999999999999,0.0,0.38599999999999995,0.0,1,1,0
node_0072,PFA,Perfluoroalkoxy Alkane,C4F8,"{""C"": 4, ""F"": 8}",199.98722530184,neutral,0,fragment,bond_break,"M | fragment C,F from C-F+C-F bond break(s)",node_0001,0;1;2;3;4;6;7;9;10;11;12;13,C;C,2,0,,,,,0.5599999999999999,0.0,0.38599999999999995,0.0,1,1,0
node_0073,PFA,Perfluoroalkoxy Alkane,C4F8,"{""C"": 4, ""F"": 8}",199.98722530184,neutral,0,fragment,bond_break,"M | fragment C,F from C-F+C-F bond break(s)",node_0001,0;1;2;3;4;6;7;8;10;11;12;13,C;C,2,0,,,,,0.5599999999999999,0.0,0.38599999999999995,0.0,1,1,0
node_0074,PFA,Perfluoroalkoxy Alkane,C3F6,"{""C"": 3, ""F"": 6}",149.99041897638,neutral,0,fragment,bond_break,"M | fragment C,F from C-F+C-C bond break(s)",node_0001,0;1;2;3;4;6;7;8;9,C;C,2,0,,,,,0.5599999999999999,0.0,0.38599999999999995,0.0,1,1,0
node_0075,PFA,Perfluoroalkoxy Alkane,C4F8,"{""C"": 4, ""F"": 8}",199.98722530184,neutral,0,fragment,bond_break,"M | fragment C,F from C-F+C-F bond break(s)",node_0001,0;1;2;3;4;6;7;8;9;10;12;13,C;C,2,0,,,,,0.5599999999999999,0.0,0.38599999999999995,0.0,1,1,0
node_0076,PFA,Perfluoroalkoxy Alkane,C4F8,"{""C"": 4, ""F"": 8}",199.98722530184,neutral,0,fragment,bond_break,"M | fragment C,F from C-F+C-F bond break(s)",node_0001,0;1;2;3;4;6;7;8;9;10;11;13,C;C,2,0,,,,,0.5599999999999999,0.0,0.38599999999999995,0.0,1,1,0
node_0077,PFA,Perfluoroalkoxy Alkane,C4F8,"{""C"": 4, ""F"": 8}",199.98722530184,neutral,0,fragment,bond_break,"M | fragment C,F from C-F+C-F bond break(s)",node_0001,0;1;2;3;4;6;7;8;9;10;11;12,C;C,2,0,,,,,0.5599999999999999,0.0,0.38599999999999995,0.0,1,1,0
node_0078,PFA,Perfluoroalkoxy Alkane,CF2,"{""C"": 1, ""F"": 2}",49.99680632546,neutral,0,fragment,bond_break,"M | fragment C,F from C-C+C-F bond break(s)",node_0001,6;8;9,C;C,2,0,,,,,0.5599999999999999,0.0,0.38599999999999995,0.0,1,1,0
node_0079,PFA,Perfluoroalkoxy Alkane,CF2,"{""C"": 1, ""F"": 2}",49.99680632546,neutral,0,fragment,bond_break,"M | fragment C,F from C-C+C-F bond break(s)",node_0001,6;7;9,C;C,2,0,,,,,0.5599999999999999,0.0,0.38599999999999995,0.0,1,1,0
node_0080,PFA,Perfluoroalkoxy Alkane,CF2,"{""C"": 1, ""F"": 2}",49.99680632546,neutral,0,fragment,bond_break,"M | fragment C,F from C-C+C-F bond break(s)",node_0001,6;7;8,C;C,2,0,,,,,0.5599999999999999,0.0,0.38599999999999995,0.0,1,1,0
node_0081,PFA,Perfluoroalkoxy Alkane,C2F4,"{""C"": 2, ""F"": 4}",99.99361265092,neutral,0,fragment,bond_break,"M | fragment C,F from C-C+C-C bond break(s)",node_0001,0;1;2;3;4;5,C;C,2,0,,,,,0.5599999999999999,0.0,0.38599999999999995,0.0,1,1,0
node_0082,PFA,Perfluoroalkoxy Alkane,C3F6,"{""C"": 3, ""F"": 6}",149.99041897638,neutral,0,fragment,bond_break,"M | fragment C,F from C-C+C-F bond break(s)",node_0001,0;1;2;3;4;5;10;12;13,C;C,2,0,,,,,0.5599999999999999,0.0,0.38599999999999995,0.0,1,1,0
node_0083,PFA,Perfluoroalkoxy Alkane,C3F6,"{""C"": 3, ""F"": 6}",149.99041897638,neutral,0,fragment,bond_break,"M | fragment C,F from C-C+C-F bond break(s)",node_0001,0;1;2;3;4;5;10;11;13,C;C,2,0,,,,,0.5599999999999999,0.0,0.38599999999999995,0.0,1,1,0
node_0084,PFA,Perfluoroalkoxy Alkane,C3F6,"{""C"": 3, ""F"": 6}",149.99041897638,neutral,0,fragment,bond_break,"M | fragment C,F from C-C+C-F bond break(s)",node_0001,0;1;2;3;4;5;10;11;12,C;C,2,0,,,,,0.5599999999999999,0.0,0.38599999999999995,0.0,1,1,0
node_0085,PFA,Perfluoroalkoxy Alkane,C4F8,"{""C"": 4, ""F"": 8}",199.98722530184,neutral,0,fragment,bond_break,"M | fragment C,F from C-F+C-F bond break(s)",node_0001,0;1;2;3;4;5;6;9;10;11;12;13,C;C,2,0,,,,,0.5599999999999999,0.0,0.38599999999999995,0.0,1,1,0
node_0086,PFA,Perfluoroalkoxy Alkane,C4F8,"{""C"": 4, ""F"": 8}",199.98722530184,neutral,0,fragment,bond_break,"M | fragment C,F from C-F+C-F bond break(s)",node_0001,0;1;2;3;4;5;6;8;10;11;12;13,C;C,2,0,,,,,0.5599999999999999,0.0,0.38599999999999995,0.0,1,1,0
node_0087,PFA,Perfluoroalkoxy Alkane,C3F6,"{""C"": 3, ""F"": 6}",149.99041897638,neutral,0,fragment,bond_break,"M | fragment C,F from C-F+C-C bond break(s)",node_0001,0;1;2;3;4;5;6;8;9,C;C,2,0,,,,,0.5599999999999999,0.0,0.38599999999999995,0.0,1,1,0
node_0088,PFA,Perfluoroalkoxy Alkane,C4F8,"{""C"": 4, ""F"": 8}",199.98722530184,neutral,0,fragment,bond_break,"M | fragment C,F from C-F+C-F bond break(s)",node_0001,0;1;2;3;4;5;6;8;9;10;12;13,C;C,2,0,,,,,0.5599999999999999,0.0,0.38599999999999995,0.0,1,1,0
node_0089,PFA,Perfluoroalkoxy Alkane,C4F8,"{""C"": 4, ""F"": 8}",199.98722530184,neutral,0,fragment,bond_break,"M | fragment C,F from C-F+C-F bond break(s)",node_0001,0;1;2;3;4;5;6;8;9;10;11;13,C;C,2,0,,,,,0.5599999999999999,0.0,0.38599999999999995,0.0,1,1,0
node_0090,PFA,Perfluoroalkoxy Alkane,C4F8,"{""C"": 4, ""F"": 8}",199.98722530184,neutral,0,fragment,bond_break,"M | fragment C,F from C-F+C-F bond break(s)",node_0001,0;1;2;3;4;5;6;8;9;10;11;12,C;C,2,0,,,,,0.5599999999999999,0.0,0.38599999999999995,0.0,1,1,0
node_0091,PFA,Perfluoroalkoxy Alkane,C4F8,"{""C"": 4, ""F"": 8}",199.98722530184,neutral,0,fragment,bond_break,"M | fragment C,F from C-F+C-F bond break(s)",node_0001,0;1;2;3;4;5;6;7;10;11;12;13,C;C,2,0,,,,,0.5599999999999999,0.0,0.38599999999999995,0.0,1,1,0
node_0092,PFA,Perfluoroalkoxy Alkane,C3F6,"{""C"": 3, ""F"": 6}",149.99041897638,neutral,0,fragment,bond_break,"M | fragment C,F from C-F+C-C bond break(s)",node_0001,0;1;2;3;4;5;6;7;9,C;C,2,0,,,,,0.5599999999999999,0.0,0.38599999999999995,0.0,1,1,0
node_0093,PFA,Perfluoroalkoxy Alkane,C4F8,"{""C"": 4, ""F"": 8}",199.98722530184,neutral,0,fragment,bond_break,"M | fragment C,F from C-F+C-F bond break(s)",node_0001,0;1;2;3;4;5;6;7;9;10;12;13,C;C,2,0,,,,,0.5599999999999999,0.0,0.38599999999999995,0.0,1,1,0
node_0094,PFA,Perfluoroalkoxy Alkane,C4F8,"{""C"": 4, ""F"": 8}",199.98722530184,neutral,0,fragment,bond_break,"M | fragment C,F from C-F+C-F bond break(s)",node_0001,0;1;2;3;4;5;6;7;9;10;11;13,C;C,2,0,,,,,0.5599999999999999,0.0,0.38599999999999995,0.0,1,1,0
node_0095,PFA,Perfluoroalkoxy Alkane,C4F8,"{""C"": 4, ""F"": 8}",199.98722530184,neutral,0,fragment,bond_break,"M | fragment C,F from C-F+C-F bond break(s)",node_0001,0;1;2;3;4;5;6;7;9;10;11;12,C;C,2,0,,,,,0.5599999999999999,0.0,0.38599999999999995,0.0,1,1,0
node_0096,PFA,Perfluoroalkoxy Alkane,C3F6,"{""C"": 3, ""F"": 6}",149.99041897638,neutral,0,fragment,bond_break,"M | fragment C,F from C-F+C-C bond break(s)",node_0001,0;1;2;3;4;5;6;7;8,C;C,2,0,,,,,0.5599999999999999,0.0,0.38599999999999995,0.0,1,1,0
node_0097,PFA,Perfluoroalkoxy Alkane,C4F8,"{""C"": 4, ""F"": 8}",199.98722530184,neutral,0,fragment,bond_break,"M | fragment C,F from C-F+C-F bond break(s)",node_0001,0;1;2;3;4;5;6;7;8;10;12;13,C;C,2,0,,,,,0.5599999999999999,0.0,0.38599999999999995,0.0,1,1,0
node_0098,PFA,Perfluoroalkoxy Alkane,C4F8,"{""C"": 4, ""F"": 8}",199.98722530184,neutral,0,fragment,bond_break,"M | fragment C,F from C-F+C-F bond break(s)",node_0001,0;1;2;3;4;5;6;7;8;10;11;13,C;C,2,0,,,,,0.5599999999999999,0.0,0.38599999999999995,0.0,1,1,0
node_0099,PFA,Perfluoroalkoxy Alkane,C4F8,"{""C"": 4, ""F"": 8}",199.98722530184,neutral,0,fragment,bond_break,"M | fragment C,F from C-F+C-F bond break(s)",node_0001,0;1;2;3;4;5;6;7;8;10;11;12,C;C,2,0,,,,,0.5599999999999999,0.0,0.38599999999999995,0.0,1,1,0
node_0100,PFA,Perfluoroalkoxy Alkane,CF2,"{""C"": 1, ""F"": 2}",49.99680632546,neutral,0,fragment,bond_break,"M | fragment C,F from C-C+C-F bond break(s)",node_0001,10;12;13,C;C,2,0,,,,,0.5599999999999999,0.0,0.38599999999999995,0.0,1,1,0
node_0101,PFA,Perfluoroalkoxy Alkane,CF2,"{""C"": 1, ""F"": 2}",49.99680632546,neutral,0,fragment,bond_break,"M | fragment C,F from C-C+C-F bond break(s)",node_0001,10;11;13,C;C,2,0,,,,,0.5599999999999999,0.0,0.38599999999999995,0.0,1,1,0
node_0102,PFA,Perfluoroalkoxy Alkane,CF2,"{""C"": 1, ""F"": 2}",49.99680632546,neutral,0,fragment,bond_break,"M | fragment C,F from C-C+C-F bond break(s)",node_0001,10;11;12,C;C,2,0,,,,,0.5599999999999999,0.0,0.38599999999999995,0.0,1,1,0
node_0103,PFA,Perfluoroalkoxy Alkane,C4F8,"{""C"": 4, ""F"": 8}",199.98722530184,neutral,0,fragment,bond_break,"M | fragment C,F from C-F+C-F bond break(s)",node_0001,0;1;2;3;4;5;6;7;8;9;10;13,C;C,2,0,,,,,0.5599999999999999,0.0,0.38599999999999995,0.0,1,1,0
node_0104,PFA,Perfluoroalkoxy Alkane,C4F8,"{""C"": 4, ""F"": 8}",199.98722530184,neutral,0,fragment,bond_break,"M | fragment C,F from C-F+C-F bond break(s)",node_0001,0;1;2;3;4;5;6;7;8;9;10;12,C;C,2,0,,,,,0.5599999999999999,0.0,0.38599999999999995,0.0,1,1,0
node_0105,PFA,Perfluoroalkoxy Alkane,C4F8,"{""C"": 4, ""F"": 8}",199.98722530184,neutral,0,fragment,bond_break,"M | fragment C,F from C-F+C-F bond break(s)",node_0001,0;1;2;3;4;5;6;7;8;9;10;11,C;C,2,0,,,,,0.5599999999999999,0.0,0.38599999999999995,0.0,1,1,0
node_0106,PFA,Perfluoroalkoxy Alkane,FH,"{""F"": 1, ""H"": 1}",20.00622819496,neutral,0,fragment_h_shift,h_shift_+1,M | single-atom F from C-F bond break | h_shift_+1,node_0002,0,F,1,1,,,,,0.6000000000000001,0.0,0.33000000000000007,0.0,1,1,0
node_0107,PFA,Perfluoroalkoxy Alkane,C4HF9,"{""C"": 4, ""F"": 9, ""H"": 1}",219.9934534968,neutral,0,fragment_h_shift,h_shift_+1,"M | fragment C,F from C-F bond break(s) | h_shift_+1",node_0003,1;2;3;4;5;6;7;8;9;10;11;12;13,C,1,1,,,,,0.6000000000000001,0.0,0.33000000000000007,0.0,1,1,0
node_0108,PFA,Perfluoroalkoxy Alkane,C4HF9,"{""C"": 4, ""F"": 9, ""H"": 1}",219.9934534968,neutral,0,fragment_h_shift,h_shift_+1,"M | fragment C,F from C-F bond break(s) | h_shift_+1",node_0004,0;1;3;4;5;6;7;8;9;10;11;12;13,C,1,1,,,,,0.6000000000000001,0.0,0.33000000000000007,0.0,1,1,0
node_0109,PFA,Perfluoroalkoxy Alkane,FH,"{""F"": 1, ""H"": 1}",20.00622819496,neutral,0,fragment_h_shift,h_shift_+1,M | single-atom F from C-F bond break | h_shift_+1,node_0005,2,F,1,1,,,,,0.6000000000000001,0.0,0.33000000000000007,0.0,1,1,0
node_0110,PFA,Perfluoroalkoxy Alkane,C4HF9,"{""C"": 4, ""F"": 9, ""H"": 1}",219.9934534968,neutral,0,fragment_h_shift,h_shift_+1,"M | fragment C,F from C-F bond break(s) | h_shift_+1",node_0006,0;1;2;4;5;6;7;8;9;10;11;12;13,C,1,1,,,,,0.6000000000000001,0.0,0.33000000000000007,0.0,1,1,0
node_0111,PFA,Perfluoroalkoxy Alkane,FH,"{""F"": 1, ""H"": 1}",20.00622819496,neutral,0,fragment_h_shift,h_shift_+1,M | single-atom F from C-F bond break | h_shift_+1,node_0007,3,F,1,1,,,,,0.6000000000000001,0.0,0.33000000000000007,0.0,1,1,0
node_0112,PFA,Perfluoroalkoxy Alkane,CHF3,"{""C"": 1, ""F"": 3, ""H"": 1}",70.00303452042,neutral,0,fragment_h_shift,h_shift_+1,"M | fragment C,F from C-C bond break(s) | h_shift_+1",node_0008,0;1;2;3,C,1,1,,,,,0.6000000000000001,0.0,0.38000000000000006,0.0,1,1,0
node_0113,PFA,Perfluoroalkoxy Alkane,C3HF7,"{""C"": 3, ""F"": 7, ""H"": 1}",169.99664717134,neutral,0,fragment_h_shift,h_shift_+1,"M | fragment C,F from C-C bond break(s) | h_shift_+1",node_0009,4;5;6;7;8;9;10;11;12;13,C,1,1,,,,,0.6000000000000001,0.0,0.38000000000000006,0.0,1,1,0
node_0114,PFA,Perfluoroalkoxy Alkane,C4HF9,"{""C"": 4, ""F"": 9, ""H"": 1}",219.9934534968,neutral,0,fragment_h_shift,h_shift_+1,"M | fragment C,F from C-F bond break(s) | h_shift_+1",node_0010,0;1;2;3;4;6;7;8;9;10;11;12;13,C,1,1,,,,,0.6000000000000001,0.0,0.33000000000000007,0.0,1,1,0
node_0115,PFA,Perfluoroalkoxy Alkane,FH,"{""F"": 1, ""H"": 1}",20.00622819496,neutral,0,fragment_h_shift,h_shift_+1,M | single-atom F from C-F bond break | h_shift_+1,node_0011,5,F,1,1,,,,,0.6000000000000001,0.0,0.33000000000000007,0.0,1,1,0
node_0116,PFA,Perfluoroalkoxy Alkane,C3HF7,"{""C"": 3, ""F"": 7, ""H"": 1}",169.99664717134,neutral,0,fragment_h_shift,h_shift_+1,"M | fragment C,F from C-C bond break(s) | h_shift_+1",node_0012,0;1;2;3;4;5;10;11;12;13,C,1,1,,,,,0.6000000000000001,0.0,0.38000000000000006,0.0,1,1,0
node_0117,PFA,Perfluoroalkoxy Alkane,CHF3,"{""C"": 1, ""F"": 3, ""H"": 1}",70.00303452042,neutral,0,fragment_h_shift,h_shift_+1,"M | fragment C,F from C-C bond break(s) | h_shift_+1",node_0013,6;7;8;9,C,1,1,,,,,0.6000000000000001,0.0,0.38000000000000006,0.0,1,1,0
node_0118,PFA,Perfluoroalkoxy Alkane,C4HF9,"{""C"": 4, ""F"": 9, ""H"": 1}",219.9934534968,neutral,0,fragment_h_shift,h_shift_+1,"M | fragment C,F from C-F bond break(s) | h_shift_+1",node_0014,0;1;2;3;4;5;6;8;9;10;11;12;13,C,1,1,,,,,0.6000000000000001,0.0,0.33000000000000007,0.0,1,1,0
node_0119,PFA,Perfluoroalkoxy Alkane,FH,"{""F"": 1, ""H"": 1}",20.00622819496,neutral,0,fragment_h_shift,h_shift_+1,M | single-atom F from C-F bond break | h_shift_+1,node_0015,7,F,1,1,,,,,0.6000000000000001,0.0,0.33000000000000007,0.0,1,1,0
node_0120,PFA,Perfluoroalkoxy Alkane,C4HF9,"{""C"": 4, ""F"": 9, ""H"": 1}",219.9934534968,neutral,0,fragment_h_shift,h_shift_+1,"M | fragment C,F from C-F bond break(s) | h_shift_+1",node_0016,0;1;2;3;4;5;6;7;9;10;11;12;13,C,1,1,,,,,0.6000000000000001,0.0,0.33000000000000007,0.0,1,1,0
node_0121,PFA,Perfluoroalkoxy Alkane,FH,"{""F"": 1, ""H"": 1}",20.00622819496,neutral,0,fragment_h_shift,h_shift_+1,M | single-atom F from C-F bond break | h_shift_+1,node_0017,8,F,1,1,,,,,0.6000000000000001,0.0,0.33000000000000007,0.0,1,1,0
node_0122,PFA,Perfluoroalkoxy Alkane,C4HF9,"{""C"": 4, ""F"": 9, ""H"": 1}",219.9934534968,neutral,0,fragment_h_shift,h_shift_+1,"M | fragment C,F from C-F bond break(s) | h_shift_+1",node_0018,0;1;2;3;4;5;6;7;8;10;11;12;13,C,1,1,,,,,0.6000000000000001,0.0,0.33000000000000007,0.0,1,1,0
node_0123,PFA,Perfluoroalkoxy Alkane,FH,"{""F"": 1, ""H"": 1}",20.00622819496,neutral,0,fragment_h_shift,h_shift_+1,M | single-atom F from C-F bond break | h_shift_+1,node_0019,9,F,1,1,,,,,0.6000000000000001,0.0,0.33000000000000007,0.0,1,1,0
node_0124,PFA,Perfluoroalkoxy Alkane,C3HF7,"{""C"": 3, ""F"": 7, ""H"": 1}",169.99664717134,neutral,0,fragment_h_shift,h_shift_+1,"M | fragment C,F from C-C bond break(s) | h_shift_+1",node_0020,0;1;2;3;4;5;6;7;8;9,C,1,1,,,,,0.6000000000000001,0.0,0.38000000000000006,0.0,1,1,0
node_0125,PFA,Perfluoroalkoxy Alkane,CHF3,"{""C"": 1, ""F"": 3, ""H"": 1}",70.00303452042,neutral,0,fragment_h_shift,h_shift_+1,"M | fragment C,F from C-C bond break(s) | h_shift_+1",node_0021,10;11;12;13,C,1,1,,,,,0.6000000000000001,0.0,0.38000000000000006,0.0,1,1,0
node_0126,PFA,Perfluoroalkoxy Alkane,C4HF9,"{""C"": 4, ""F"": 9, ""H"": 1}",219.9934534968,neutral,0,fragment_h_shift,h_shift_+1,"M | fragment C,F from C-F bond break(s) | h_shift_+1",node_0022,0;1;2;3;4;5;6;7;8;9;10;12;13,C,1,1,,,,,0.6000000000000001,0.0,0.33000000000000007,0.0,1,1,0
node_0127,PFA,Perfluoroalkoxy Alkane,FH,"{""F"": 1, ""H"": 1}",20.00622819496,neutral,0,fragment_h_shift,h_shift_+1,M | single-atom F from C-F bond break | h_shift_+1,node_0023,11,F,1,1,,,,,0.6000000000000001,0.0,0.33000000000000007,0.0,1,1,0
node_0128,PFA,Perfluoroalkoxy Alkane,C4HF9,"{""C"": 4, ""F"": 9, ""H"": 1}",219.9934534968,neutral,0,fragment_h_shift,h_shift_+1,"M | fragment C,F from C-F bond break(s) | h_shift_+1",node_0024,0;1;2;3;4;5;6;7;8;9;10;11;13,C,1,1,,,,,0.6000000000000001,0.0,0.33000000000000007,0.0,1,1,0
node_0129,PFA,Perfluoroalkoxy Alkane,FH,"{""F"": 1, ""H"": 1}",20.00622819496,neutral,0,fragment_h_shift,h_shift_+1,M | single-atom F from C-F bond break | h_shift_+1,node_0025,12,F,1,1,,,,,0.6000000000000001,0.0,0.33000000000000007,0.0,1,1,0
node_0130,PFA,Perfluoroalkoxy Alkane,C4HF9,"{""C"": 4, ""F"": 9, ""H"": 1}",219.9934534968,neutral,0,fragment_h_shift,h_shift_+1,"M | fragment C,F from C-F bond break(s) | h_shift_+1",node_0026,0;1;2;3;4;5;6;7;8;9;10;11;12,C,1,1,,,,,0.6000000000000001,0.0,0.33000000000000007,0.0,1,1,0
node_0131,PFA,Perfluoroalkoxy Alkane,FH,"{""F"": 1, ""H"": 1}",20.00622819496,neutral,0,fragment_h_shift,h_shift_+1,M | single-atom F from C-F bond break | h_shift_+1,node_0027,13,F,1,1,,,,,0.6000000000000001,0.0,0.33000000000000007,0.0,1,1,0
node_0132,PFA,Perfluoroalkoxy Alkane,C4HF8,"{""C"": 4, ""F"": 8, ""H"": 1}",200.99505033407,neutral,0,fragment_h_shift,h_shift_+1,"M | fragment C,F from C-F+C-F bond break(s) | h_shift_+1",node_0028,1;3;4;5;6;7;8;9;10;11;12;13,C;C,2,1,,,,,0.52,0.0,0.28200000000000003,0.0,1,1,0
node_0133,PFA,Perfluoroalkoxy Alkane,C4HF8,"{""C"": 4, ""F"": 8, ""H"": 1}",200.99505033407,neutral,0,fragment_h_shift,h_shift_+1,"M | fragment C,F from C-F+C-F bond break(s) | h_shift_+1",node_0029,1;2;4;5;6;7;8;9;10;11;12;13,C;C,2,1,,,,,0.52,0.0,0.28200000000000003,0.0,1,1,0
node_0134,PFA,Perfluoroalkoxy Alkane,CHF2,"{""C"": 1, ""F"": 2, ""H"": 1}",51.00463135769,neutral,0,fragment_h_shift,h_shift_+1,"M | fragment C,F from C-F+C-C bond break(s) | h_shift_+1",node_0030,1;2;3,C;C,2,1,,,,,0.52,0.0,0.332,0.0,1,1,0
node_0135,PFA,Perfluoroalkoxy Alkane,C4HF8,"{""C"": 4, ""F"": 8, ""H"": 1}",200.99505033407,neutral,0,fragment_h_shift,h_shift_+1,"M | fragment C,F from C-F+C-F bond break(s) | h_shift_+1",node_0031,1;2;3;4;6;7;8;9;10;11;12;13,C;C,2,1,,,,,0.52,0.0,0.28200000000000003,0.0,1,1,0
node_0136,PFA,Perfluoroalkoxy Alkane,C3HF6,"{""C"": 3, ""F"": 6, ""H"": 1}",150.99824400861,neutral,0,fragment_h_shift,h_shift_+1,"M | fragment C,F from C-F+C-C bond break(s) | h_shift_+1",node_0032,1;2;3;4;5;10;11;12;13,C;C,2,1,,,,,0.52,0.0,0.332,0.0,1,1,0
node_0137,PFA,Perfluoroalkoxy Alkane,C4HF8,"{""C"": 4, ""F"": 8, ""H"": 1}",200.99505033407,neutral,0,fragment_h_shift,h_shift_+1,"M | fragment C,F from C-F+C-F bond break(s) | h_shift_+1",node_0033,1;2;3;4;5;6;8;9;10;11;12;13,C;C,2,1,,,,,0.52,0.0,0.28200000000000003,0.0,1,1,0
node_0138,PFA,Perfluoroalkoxy Alkane,C4HF8,"{""C"": 4, ""F"": 8, ""H"": 1}",200.99505033407,neutral,0,fragment_h_shift,h_shift_+1,"M | fragment C,F from C-F+C-F bond break(s) | h_shift_+1",node_0034,1;2;3;4;5;6;7;9;10;11;12;13,C;C,2,1,,,,,0.52,0.0,0.28200000000000003,0.0,1,1,0
node_0139,PFA,Perfluoroalkoxy Alkane,C4HF8,"{""C"": 4, ""F"": 8, ""H"": 1}",200.99505033407,neutral,0,fragment_h_shift,h_shift_+1,"M | fragment C,F from C-F+C-F bond break(s) | h_shift_+1",node_0035,1;2;3;4;5;6;7;8;10;11;12;13,C;C,2,1,,,,,0.52,0.0,0.28200000000000003,0.0,1,1,0
node_0140,PFA,Perfluoroalkoxy Alkane,C3HF6,"{""C"": 3, ""F"": 6, ""H"": 1}",150.99824400861,neutral,0,fragment_h_shift,h_shift_+1,"M | fragment C,F from C-F+C-C bond break(s) | h_shift_+1",node_0036,1;2;3;4;5;6;7;8;9,C;C,2,1,,,,,0.52,0.0,0.332,0.0,1,1,0
node_0141,PFA,Perfluoroalkoxy Alkane,C4HF8,"{""C"": 4, ""F"": 8, ""H"": 1}",200.99505033407,neutral,0,fragment_h_shift,h_shift_+1,"M | fragment C,F from C-F+C-F bond break(s) | h_shift_+1",node_0037,1;2;3;4;5;6;7;8;9;10;12;13,C;C,2,1,,,,,0.52,0.0,0.28200000000000003,0.0,1,1,0
node_0142,PFA,Perfluoroalkoxy Alkane,C4HF8,"{""C"": 4, ""F"": 8, ""H"": 1}",200.99505033407,neutral,0,fragment_h_shift,h_shift_+1,"M | fragment C,F from C-F+C-F bond break(s) | h_shift_+1",node_0038,1;2;3;4;5;6;7;8;9;10;11;13,C;C,2,1,,,,,0.52,0.0,0.28200000000000003,0.0,1,1,0
node_0143,PFA,Perfluoroalkoxy Alkane,C4HF8,"{""C"": 4, ""F"": 8, ""H"": 1}",200.99505033407,neutral,0,fragment_h_shift,h_shift_+1,"M | fragment C,F from C-F+C-F bond break(s) | h_shift_+1",node_0039,1;2;3;4;5;6;7;8;9;10;11;12,C;C,2,1,,,,,0.52,0.0,0.28200000000000003,0.0,1,1,0
node_0144,PFA,Perfluoroalkoxy Alkane,C4HF8,"{""C"": 4, ""F"": 8, ""H"": 1}",200.99505033407,neutral,0,fragment_h_shift,h_shift_+1,"M | fragment C,F from C-F+C-F bond break(s) | h_shift_+1",node_0040,0;1;4;5;6;7;8;9;10;11;12;13,C;C,2,1,,,,,0.52,0.0,0.28200000000000003,0.0,1,1,0
node_0145,PFA,Perfluoroalkoxy Alkane,CHF2,"{""C"": 1, ""F"": 2, ""H"": 1}",51.00463135769,neutral,0,fragment_h_shift,h_shift_+1,"M | fragment C,F from C-F+C-C bond break(s) | h_shift_+1",node_0041,0;1;3,C;C,2,1,,,,,0.52,0.0,0.332,0.0,1,1,0
node_0146,PFA,Perfluoroalkoxy Alkane,C4HF8,"{""C"": 4, ""F"": 8, ""H"": 1}",200.99505033407,neutral,0,fragment_h_shift,h_shift_+1,"M | fragment C,F from C-F+C-F bond break(s) | h_shift_+1",node_0042,0;1;3;4;6;7;8;9;10;11;12;13,C;C,2,1,,,,,0.52,0.0,0.28200000000000003,0.0,1,1,0
node_0147,PFA,Perfluoroalkoxy Alkane,C3HF6,"{""C"": 3, ""F"": 6, ""H"": 1}",150.99824400861,neutral,0,fragment_h_shift,h_shift_+1,"M | fragment C,F from C-F+C-C bond break(s) | h_shift_+1",node_0043,0;1;3;4;5;10;11;12;13,C;C,2,1,,,,,0.52,0.0,0.332,0.0,1,1,0
node_0148,PFA,Perfluoroalkoxy Alkane,C4HF8,"{""C"": 4, ""F"": 8, ""H"": 1}",200.99505033407,neutral,0,fragment_h_shift,h_shift_+1,"M | fragment C,F from C-F+C-F bond break(s) | h_shift_+1",node_0044,0;1;3;4;5;6;8;9;10;11;12;13,C;C,2,1,,,,,0.52,0.0,0.28200000000000003,0.0,1,1,0
node_0149,PFA,Perfluoroalkoxy Alkane,C4HF8,"{""C"": 4, ""F"": 8, ""H"": 1}",200.99505033407,neutral,0,fragment_h_shift,h_shift_+1,"M | fragment C,F from C-F+C-F bond break(s) | h_shift_+1",node_0045,0;1;3;4;5;6;7;9;10;11;12;13,C;C,2,1,,,,,0.52,0.0,0.28200000000000003,0.0,1,1,0
node_0150,PFA,Perfluoroalkoxy Alkane,C4HF8,"{""C"": 4, ""F"": 8, ""H"": 1}",200.99505033407,neutral,0,fragment_h_shift,h_shift_+1,"M | fragment C,F from C-F+C-F bond break(s) | h_shift_+1",node_0046,0;1;3;4;5;6;7;8;10;11;12;13,C;C,2,1,,,,,0.52,0.0,0.28200000000000003,0.0,1,1,0
node_0151,PFA,Perfluoroalkoxy Alkane,C3HF6,"{""C"": 3, ""F"": 6, ""H"": 1}",150.99824400861,neutral,0,fragment_h_shift,h_shift_+1,"M | fragment C,F from C-F+C-C bond break(s) | h_shift_+1",node_0047,0;1;3;4;5;6;7;8;9,C;C,2,1,,,,,0.52,0.0,0.332,0.0,1,1,0
node_0152,PFA,Perfluoroalkoxy Alkane,C4HF8,"{""C"": 4, ""F"": 8, ""H"": 1}",200.99505033407,neutral,0,fragment_h_shift,h_shift_+1,"M | fragment C,F from C-F+C-F bond break(s) | h_shift_+1",node_0048,0;1;3;4;5;6;7;8;9;10;12;13,C;C,2,1,,,,,0.52,0.0,0.28200000000000003,0.0,1,1,0
node_0153,PFA,Perfluoroalkoxy Alkane,C4HF8,"{""C"": 4, ""F"": 8, ""H"": 1}",200.99505033407,neutral,0,fragment_h_shift,h_shift_+1,"M | fragment C,F from C-F+C-F bond break(s) | h_shift_+1",node_0049,0;1;3;4;5;6;7;8;9;10;11;13,C;C,2,1,,,,,0.52,0.0,0.28200000000000003,0.0,1,1,0
node_0154,PFA,Perfluoroalkoxy Alkane,C4HF8,"{""C"": 4, ""F"": 8, ""H"": 1}",200.99505033407,neutral,0,fragment_h_shift,h_shift_+1,"M | fragment C,F from C-F+C-F bond break(s) | h_shift_+1",node_0050,0;1;3;4;5;6;7;8;9;10;11;12,C;C,2,1,,,,,0.52,0.0,0.28200000000000003,0.0,1,1,0
node_0155,PFA,Perfluoroalkoxy Alkane,CHF2,"{""C"": 1, ""F"": 2, ""H"": 1}",51.00463135769,neutral,0,fragment_h_shift,h_shift_+1,"M | fragment C,F from C-F+C-C bond break(s) | h_shift_+1",node_0051,0;1;2,C;C,2,1,,,,,0.52,0.0,0.332,0.0,1,1,0
node_0156,PFA,Perfluoroalkoxy Alkane,C4HF8,"{""C"": 4, ""F"": 8, ""H"": 1}",200.99505033407,neutral,0,fragment_h_shift,h_shift_+1,"M | fragment C,F from C-F+C-F bond break(s) | h_shift_+1",node_0052,0;1;2;4;6;7;8;9;10;11;12;13,C;C,2,1,,,,,0.52,0.0,0.28200000000000003,0.0,1,1,0
node_0157,PFA,Perfluoroalkoxy Alkane,C3HF6,"{""C"": 3, ""F"": 6, ""H"": 1}",150.99824400861,neutral,0,fragment_h_shift,h_shift_+1,"M | fragment C,F from C-F+C-C bond break(s) | h_shift_+1",node_0053,0;1;2;4;5;10;11;12;13,C;C,2,1,,,,,0.52,0.0,0.332,0.0,1,1,0
node_0158,PFA,Perfluoroalkoxy Alkane,C4HF8,"{""C"": 4, ""F"": 8, ""H"": 1}",200.99505033407,neutral,0,fragment_h_shift,h_shift_+1,"M | fragment C,F from C-F+C-F bond break(s) | h_shift_+1",node_0054,0;1;2;4;5;6;8;9;10;11;12;13,C;C,2,1,,,,,0.52,0.0,0.28200000000000003,0.0,1,1,0
node_0159,PFA,Perfluoroalkoxy Alkane,C4HF8,"{""C"": 4, ""F"": 8, ""H"": 1}",200.99505033407,neutral,0,fragment_h_shift,h_shift_+1,"M | fragment C,F from C-F+C-F bond break(s) | h_shift_+1",node_0055,0;1;2;4;5;6;7;9;10;11;12;13,C;C,2,1,,,,,0.52,0.0,0.28200000000000003,0.0,1,1,0
node_0160,PFA,Perfluoroalkoxy Alkane,C4HF8,"{""C"": 4, ""F"": 8, ""H"": 1}",200.99505033407,neutral,0,fragment_h_shift,h_shift_+1,"M | fragment C,F from C-F+C-F bond break(s) | h_shift_+1",node_0056,0;1;2;4;5;6;7;8;10;11;12;13,C;C,2,1,,,,,0.52,0.0,0.28200000000000003,0.0,1,1,0
node_0161,PFA,Perfluoroalkoxy Alkane,C3HF6,"{""C"": 3, ""F"": 6, ""H"": 1}",150.99824400861,neutral,0,fragment_h_shift,h_shift_+1,"M | fragment C,F from C-F+C-C bond break(s) | h_shift_+1",node_0057,0;1;2;4;5;6;7;8;9,C;C,2,1,,,,,0.52,0.0,0.332,0.0,1,1,0
node_0162,PFA,Perfluoroalkoxy Alkane,C4HF8,"{""C"": 4, ""F"": 8, ""H"": 1}",200.99505033407,neutral,0,fragment_h_shift,h_shift_+1,"M | fragment C,F from C-F+C-F bond break(s) | h_shift_+1",node_0058,0;1;2;4;5;6;7;8;9;10;12;13,C;C,2,1,,,,,0.52,0.0,0.28200000000000003,0.0,1,1,0
node_0163,PFA,Perfluoroalkoxy Alkane,C4HF8,"{""C"": 4, ""F"": 8, ""H"": 1}",200.99505033407,neutral,0,fragment_h_shift,h_shift_+1,"M | fragment C,F from C-F+C-F bond break(s) | h_shift_+1",node_0059,0;1;2;4;5;6;7;8;9;10;11;13,C;C,2,1,,,,,0.52,0.0,0.28200000000000003,0.0,1,1,0
node_0164,PFA,Perfluoroalkoxy Alkane,C4HF8,"{""C"": 4, ""F"": 8, ""H"": 1}",200.99505033407,neutral,0,fragment_h_shift,h_shift_+1,"M | fragment C,F from C-F+C-F bond break(s) | h_shift_+1",node_0060,0;1;2;4;5;6;7;8;9;10;11;12,C;C,2,1,,,,,0.52,0.0,0.28200000000000003,0.0,1,1,0
node_0165,PFA,Perfluoroalkoxy Alkane,C3HF6,"{""C"": 3, ""F"": 6, ""H"": 1}",150.99824400861,neutral,0,fragment_h_shift,h_shift_+1,"M | fragment C,F from C-C+C-F bond break(s) | h_shift_+1",node_0061,4;6;7;8;9;10;11;12;13,C;C,2,1,,,,,0.52,0.0,0.332,0.0,1,1,0
node_0166,PFA,Perfluoroalkoxy Alkane,C2HF4,"{""C"": 2, ""F"": 4, ""H"": 1}",101.00143768315,neutral,0,fragment_h_shift,h_shift_+1,"M | fragment C,F from C-C+C-C bond break(s) | h_shift_+1",node_0062,4;5;10;11;12;13,C;C,2,1,,,,,0.52,0.0,0.332,0.0,1,1,0
node_0167,PFA,Perfluoroalkoxy Alkane,C3HF6,"{""C"": 3, ""F"": 6, ""H"": 1}",150.99824400861,neutral,0,fragment_h_shift,h_shift_+1,"M | fragment C,F from C-C+C-F bond break(s) | h_shift_+1",node_0063,4;5;6;8;9;10;11;12;13,C;C,2,1,,,,,0.52,0.0,0.332,0.0,1,1,0
node_0168,PFA,Perfluoroalkoxy Alkane,C3HF6,"{""C"": 3, ""F"": 6, ""H"": 1}",150.99824400861,neutral,0,fragment_h_shift,h_shift_+1,"M | fragment C,F from C-C+C-F bond break(s) | h_shift_+1",node_0064,4;5;6;7;9;10;11;12;13,C;C,2,1,,,,,0.52,0.0,0.332,0.0,1,1,0
node_0169,PFA,Perfluoroalkoxy Alkane,C3HF6,"{""C"": 3, ""F"": 6, ""H"": 1}",150.99824400861,neutral,0,fragment_h_shift,h_shift_+1,"M | fragment C,F from C-C+C-F bond break(s) | h_shift_+1",node_0065,4;5;6;7;8;10;11;12;13,C;C,2,1,,,,,0.52,0.0,0.332,0.0,1,1,0
node_0170,PFA,Perfluoroalkoxy Alkane,C2HF4,"{""C"": 2, ""F"": 4, ""H"": 1}",101.00143768315,neutral,0,fragment_h_shift,h_shift_+1,"M | fragment C,F from C-C+C-C bond break(s) | h_shift_+1",node_0066,4;5;6;7;8;9,C;C,2,1,,,,,0.52,0.0,0.332,0.0,1,1,0
node_0171,PFA,Perfluoroalkoxy Alkane,C3HF6,"{""C"": 3, ""F"": 6, ""H"": 1}",150.99824400861,neutral,0,fragment_h_shift,h_shift_+1,"M | fragment C,F from C-C+C-F bond break(s) | h_shift_+1",node_0067,4;5;6;7;8;9;10;12;13,C;C,2,1,,,,,0.52,0.0,0.332,0.0,1,1,0
node_0172,PFA,Perfluoroalkoxy Alkane,C3HF6,"{""C"": 3, ""F"": 6, ""H"": 1}",150.99824400861,neutral,0,fragment_h_shift,h_shift_+1,"M | fragment C,F from C-C+C-F bond break(s) | h_shift_+1",node_0068,4;5;6;7;8;9;10;11;13,C;C,2,1,,,,,0.52,0.0,0.332,0.0,1,1,0
node_0173,PFA,Perfluoroalkoxy Alkane,C3HF6,"{""C"": 3, ""F"": 6, ""H"": 1}",150.99824400861,neutral,0,fragment_h_shift,h_shift_+1,"M | fragment C,F from C-C+C-F bond break(s) | h_shift_+1",node_0069,4;5;6;7;8;9;10;11;12,C;C,2,1,,,,,0.52,0.0,0.332,0.0,1,1,0
node_0174,PFA,Perfluoroalkoxy Alkane,C3HF6,"{""C"": 3, ""F"": 6, ""H"": 1}",150.99824400861,neutral,0,fragment_h_shift,h_shift_+1,"M | fragment C,F from C-F+C-C bond break(s) | h_shift_+1",node_0070,0;1;2;3;4;10;11;12;13,C;C,2,1,,,,,0.52,0.0,0.332,0.0,1,1,0
node_0175,PFA,Perfluoroalkoxy Alkane,C4HF8,"{""C"": 4, ""F"": 8, ""H"": 1}",200.99505033407,neutral,0,fragment_h_shift,h_shift_+1,"M | fragment C,F from C-F+C-F bond break(s) | h_shift_+1",node_0071,0;1;2;3;4;6;8;9;10;11;12;13,C;C,2,1,,,,,0.52,0.0,0.28200000000000003,0.0,1,1,0
node_0176,PFA,Perfluoroalkoxy Alkane,C4HF8,"{""C"": 4, ""F"": 8, ""H"": 1}",200.99505033407,neutral,0,fragment_h_shift,h_shift_+1,"M | fragment C,F from C-F+C-F bond break(s) | h_shift_+1",node_0072,0;1;2;3;4;6;7;9;10;11;12;13,C;C,2,1,,,,,0.52,0.0,0.28200000000000003,0.0,1,1,0
node_0177,PFA,Perfluoroalkoxy Alkane,C4HF8,"{""C"": 4, ""F"": 8, ""H"": 1}",200.99505033407,neutral,0,fragment_h_shift,h_shift_+1,"M | fragment C,F from C-F+C-F bond break(s) | h_shift_+1",node_0073,0;1;2;3;4;6;7;8;10;11;12;13,C;C,2,1,,,,,0.52,0.0,0.28200000000000003,0.0,1,1,0
node_0178,PFA,Perfluoroalkoxy Alkane,C3HF6,"{""C"": 3, ""F"": 6, ""H"": 1}",150.99824400861,neutral,0,fragment_h_shift,h_shift_+1,"M | fragment C,F from C-F+C-C bond break(s) | h_shift_+1",node_0074,0;1;2;3;4;6;7;8;9,C;C,2,1,,,,,0.52,0.0,0.332,0.0,1,1,0
node_0179,PFA,Perfluoroalkoxy Alkane,C4HF8,"{""C"": 4, ""F"": 8, ""H"": 1}",200.99505033407,neutral,0,fragment_h_shift,h_shift_+1,"M | fragment C,F from C-F+C-F bond break(s) | h_shift_+1",node_0075,0;1;2;3;4;6;7;8;9;10;12;13,C;C,2,1,,,,,0.52,0.0,0.28200000000000003,0.0,1,1,0
node_0180,PFA,Perfluoroalkoxy Alkane,C4HF8,"{""C"": 4, ""F"": 8, ""H"": 1}",200.99505033407,neutral,0,fragment_h_shift,h_shift_+1,"M | fragment C,F from C-F+C-F bond break(s) | h_shift_+1",node_0076,0;1;2;3;4;6;7;8;9;10;11;13,C;C,2,1,,,,,0.52,0.0,0.28200000000000003,0.0,1,1,0
node_0181,PFA,Perfluoroalkoxy Alkane,C4HF8,"{""C"": 4, ""F"": 8, ""H"": 1}",200.99505033407,neutral,0,fragment_h_shift,h_shift_+1,"M | fragment C,F from C-F+C-F bond break(s) | h_shift_+1",node_0077,0;1;2;3;4;6;7;8;9;10;11;12,C;C,2,1,,,,,0.52,0.0,0.28200000000000003,0.0,1,1,0
node_0182,PFA,Perfluoroalkoxy Alkane,CHF2,"{""C"": 1, ""F"": 2, ""H"": 1}",51.00463135769,neutral,0,fragment_h_shift,h_shift_+1,"M | fragment C,F from C-C+C-F bond break(s) | h_shift_+1",node_0078,6;8;9,C;C,2,1,,,,,0.52,0.0,0.332,0.0,1,1,0
node_0183,PFA,Perfluoroalkoxy Alkane,CHF2,"{""C"": 1, ""F"": 2, ""H"": 1}",51.00463135769,neutral,0,fragment_h_shift,h_shift_+1,"M | fragment C,F from C-C+C-F bond break(s) | h_shift_+1",node_0079,6;7;9,C;C,2,1,,,,,0.52,0.0,0.332,0.0,1,1,0
node_0184,PFA,Perfluoroalkoxy Alkane,CHF2,"{""C"": 1, ""F"": 2, ""H"": 1}",51.00463135769,neutral,0,fragment_h_shift,h_shift_+1,"M | fragment C,F from C-C+C-F bond break(s) | h_shift_+1",node_0080,6;7;8,C;C,2,1,,,,,0.52,0.0,0.332,0.0,1,1,0
node_0185,PFA,Perfluoroalkoxy Alkane,C2HF4,"{""C"": 2, ""F"": 4, ""H"": 1}",101.00143768315,neutral,0,fragment_h_shift,h_shift_+1,"M | fragment C,F from C-C+C-C bond break(s) | h_shift_+1",node_0081,0;1;2;3;4;5,C;C,2,1,,,,,0.52,0.0,0.332,0.0,1,1,0
node_0186,PFA,Perfluoroalkoxy Alkane,C3HF6,"{""C"": 3, ""F"": 6, ""H"": 1}",150.99824400861,neutral,0,fragment_h_shift,h_shift_+1,"M | fragment C,F from C-C+C-F bond break(s) | h_shift_+1",node_0082,0;1;2;3;4;5;10;12;13,C;C,2,1,,,,,0.52,0.0,0.332,0.0,1,1,0
node_0187,PFA,Perfluoroalkoxy Alkane,C3HF6,"{""C"": 3, ""F"": 6, ""H"": 1}",150.99824400861,neutral,0,fragment_h_shift,h_shift_+1,"M | fragment C,F from C-C+C-F bond break(s) | h_shift_+1",node_0083,0;1;2;3;4;5;10;11;13,C;C,2,1,,,,,0.52,0.0,0.332,0.0,1,1,0
node_0188,PFA,Perfluoroalkoxy Alkane,C3HF6,"{""C"": 3, ""F"": 6, ""H"": 1}",150.99824400861,neutral,0,fragment_h_shift,h_shift_+1,"M | fragment C,F from C-C+C-F bond break(s) | h_shift_+1",node_0084,0;1;2;3;4;5;10;11;12,C;C,2,1,,,,,0.52,0.0,0.332,0.0,1,1,0
node_0189,PFA,Perfluoroalkoxy Alkane,C4HF8,"{""C"": 4, ""F"": 8, ""H"": 1}",200.99505033407,neutral,0,fragment_h_shift,h_shift_+1,"M | fragment C,F from C-F+C-F bond break(s) | h_shift_+1",node_0085,0;1;2;3;4;5;6;9;10;11;12;13,C;C,2,1,,,,,0.52,0.0,0.28200000000000003,0.0,1,1,0
node_0190,PFA,Perfluoroalkoxy Alkane,C4HF8,"{""C"": 4, ""F"": 8, ""H"": 1}",200.99505033407,neutral,0,fragment_h_shift,h_shift_+1,"M | fragment C,F from C-F+C-F bond break(s) | h_shift_+1",node_0086,0;1;2;3;4;5;6;8;10;11;12;13,C;C,2,1,,,,,0.52,0.0,0.28200000000000003,0.0,1,1,0
node_0191,PFA,Perfluoroalkoxy Alkane,C3HF6,"{""C"": 3, ""F"": 6, ""H"": 1}",150.99824400861,neutral,0,fragment_h_shift,h_shift_+1,"M | fragment C,F from C-F+C-C bond break(s) | h_shift_+1",node_0087,0;1;2;3;4;5;6;8;9,C;C,2,1,,,,,0.52,0.0,0.332,0.0,1,1,0
node_0192,PFA,Perfluoroalkoxy Alkane,C4HF8,"{""C"": 4, ""F"": 8, ""H"": 1}",200.99505033407,neutral,0,fragment_h_shift,h_shift_+1,"M | fragment C,F from C-F+C-F bond break(s) | h_shift_+1",node_0088,0;1;2;3;4;5;6;8;9;10;12;13,C;C,2,1,,,,,0.52,0.0,0.28200000000000003,0.0,1,1,0
node_0193,PFA,Perfluoroalkoxy Alkane,C4HF8,"{""C"": 4, ""F"": 8, ""H"": 1}",200.99505033407,neutral,0,fragment_h_shift,h_shift_+1,"M | fragment C,F from C-F+C-F bond break(s) | h_shift_+1",node_0089,0;1;2;3;4;5;6;8;9;10;11;13,C;C,2,1,,,,,0.52,0.0,0.28200000000000003,0.0,1,1,0
node_0194,PFA,Perfluoroalkoxy Alkane,C4HF8,"{""C"": 4, ""F"": 8, ""H"": 1}",200.99505033407,neutral,0,fragment_h_shift,h_shift_+1,"M | fragment C,F from C-F+C-F bond break(s) | h_shift_+1",node_0090,0;1;2;3;4;5;6;8;9;10;11;12,C;C,2,1,,,,,0.52,0.0,0.28200000000000003,0.0,1,1,0
node_0195,PFA,Perfluoroalkoxy Alkane,C4HF8,"{""C"": 4, ""F"": 8, ""H"": 1}",200.99505033407,neutral,0,fragment_h_shift,h_shift_+1,"M | fragment C,F from C-F+C-F bond break(s) | h_shift_+1",node_0091,0;1;2;3;4;5;6;7;10;11;12;13,C;C,2,1,,,,,0.52,0.0,0.28200000000000003,0.0,1,1,0
node_0196,PFA,Perfluoroalkoxy Alkane,C3HF6,"{""C"": 3, ""F"": 6, ""H"": 1}",150.99824400861,neutral,0,fragment_h_shift,h_shift_+1,"M | fragment C,F from C-F+C-C bond break(s) | h_shift_+1",node_0092,0;1;2;3;4;5;6;7;9,C;C,2,1,,,,,0.52,0.0,0.332,0.0,1,1,0
node_0197,PFA,Perfluoroalkoxy Alkane,C4HF8,"{""C"": 4, ""F"": 8, ""H"": 1}",200.99505033407,neutral,0,fragment_h_shift,h_shift_+1,"M | fragment C,F from C-F+C-F bond break(s) | h_shift_+1",node_0093,0;1;2;3;4;5;6;7;9;10;12;13,C;C,2,1,,,,,0.52,0.0,0.28200000000000003,0.0,1,1,0
node_0198,PFA,Perfluoroalkoxy Alkane,C4HF8,"{""C"": 4, ""F"": 8, ""H"": 1}",200.99505033407,neutral,0,fragment_h_shift,h_shift_+1,"M | fragment C,F from C-F+C-F bond break(s) | h_shift_+1",node_0094,0;1;2;3;4;5;6;7;9;10;11;13,C;C,2,1,,,,,0.52,0.0,0.28200000000000003,0.0,1,1,0
node_0199,PFA,Perfluoroalkoxy Alkane,C4HF8,"{""C"": 4, ""F"": 8, ""H"": 1}",200.99505033407,neutral,0,fragment_h_shift,h_shift_+1,"M | fragment C,F from C-F+C-F bond break(s) | h_shift_+1",node_0095,0;1;2;3;4;5;6;7;9;10;11;12,C;C,2,1,,,,,0.52,0.0,0.28200000000000003,0.0,1,1,0
node_0200,PFA,Perfluoroalkoxy Alkane,C3HF6,"{""C"": 3, ""F"": 6, ""H"": 1}",150.99824400861,neutral,0,fragment_h_shift,h_shift_+1,"M | fragment C,F from C-F+C-C bond break(s) | h_shift_+1",node_0096,0;1;2;3;4;5;6;7;8,C;C,2,1,,,,,0.52,0.0,0.332,0.0,1,1,0
node_0201,PFA,Perfluoroalkoxy Alkane,C4HF8,"{""C"": 4, ""F"": 8, ""H"": 1}",200.99505033407,neutral,0,fragment_h_shift,h_shift_+1,"M | fragment C,F from C-F+C-F bond break(s) | h_shift_+1",node_0097,0;1;2;3;4;5;6;7;8;10;12;13,C;C,2,1,,,,,0.52,0.0,0.28200000000000003,0.0,1,1,0
node_0202,PFA,Perfluoroalkoxy Alkane,C4HF8,"{""C"": 4, ""F"": 8, ""H"": 1}",200.99505033407,neutral,0,fragment_h_shift,h_shift_+1,"M | fragment C,F from C-F+C-F bond break(s) | h_shift_+1",node_0098,0;1;2;3;4;5;6;7;8;10;11;13,C;C,2,1,,,,,0.52,0.0,0.28200000000000003,0.0,1,1,0
node_0203,PFA,Perfluoroalkoxy Alkane,C4HF8,"{""C"": 4, ""F"": 8, ""H"": 1}",200.99505033407,neutral,0,fragment_h_shift,h_shift_+1,"M | fragment C,F from C-F+C-F bond break(s) | h_shift_+1",node_0099,0;1;2;3;4;5;6;7;8;10;11;12,C;C,2,1,,,,,0.52,0.0,0.28200000000000003,0.0,1,1,0
node_0204,PFA,Perfluoroalkoxy Alkane,CHF2,"{""C"": 1, ""F"": 2, ""H"": 1}",51.00463135769,neutral,0,fragment_h_shift,h_shift_+1,"M | fragment C,F from C-C+C-F bond break(s) | h_shift_+1",node_0100,10;12;13,C;C,2,1,,,,,0.52,0.0,0.332,0.0,1,1,0
node_0205,PFA,Perfluoroalkoxy Alkane,CHF2,"{""C"": 1, ""F"": 2, ""H"": 1}",51.00463135769,neutral,0,fragment_h_shift,h_shift_+1,"M | fragment C,F from C-C+C-F bond break(s) | h_shift_+1",node_0101,10;11;13,C;C,2,1,,,,,0.52,0.0,0.332,0.0,1,1,0
node_0206,PFA,Perfluoroalkoxy Alkane,CHF2,"{""C"": 1, ""F"": 2, ""H"": 1}",51.00463135769,neutral,0,fragment_h_shift,h_shift_+1,"M | fragment C,F from C-C+C-F bond break(s) | h_shift_+1",node_0102,10;11;12,C;C,2,1,,,,,0.52,0.0,0.332,0.0,1,1,0
node_0207,PFA,Perfluoroalkoxy Alkane,C4HF8,"{""C"": 4, ""F"": 8, ""H"": 1}",200.99505033407,neutral,0,fragment_h_shift,h_shift_+1,"M | fragment C,F from C-F+C-F bond break(s) | h_shift_+1",node_0103,0;1;2;3;4;5;6;7;8;9;10;13,C;C,2,1,,,,,0.52,0.0,0.28200000000000003,0.0,1,1,0
node_0208,PFA,Perfluoroalkoxy Alkane,C4HF8,"{""C"": 4, ""F"": 8, ""H"": 1}",200.99505033407,neutral,0,fragment_h_shift,h_shift_+1,"M | fragment C,F from C-F+C-F bond break(s) | h_shift_+1",node_0104,0;1;2;3;4;5;6;7;8;9;10;12,C;C,2,1,,,,,0.52,0.0,0.28200000000000003,0.0,1,1,0
node_0209,PFA,Perfluoroalkoxy Alkane,C4HF8,"{""C"": 4, ""F"": 8, ""H"": 1}",200.99505033407,neutral,0,fragment_h_shift,h_shift_+1,"M | fragment C,F from C-F+C-F bond break(s) | h_shift_+1",node_0105,0;1;2;3;4;5;6;7;8;9;10;11,C;C,2,1,,,,,0.52,0.0,0.28200000000000003,0.0,1,1,0
node_0210,PFA,Perfluoroalkoxy Alkane,CF,"{""C"": 1, ""F"": 1}",30.99840316273,positive,1,feature_rule,diagnostic_CF,M | fluorocarbon_motif | fluorocarbon_fragmentation | diagnostic_CF,node_0001,,,0,0,,fluorocarbon_fragmentation,fluorocarbon_motif,"C-F bonds present; heavy element counts={'F': 10, 'C': 4}",0.7,0.8,0.79,0.79,1,1,1
node_0211,PFA,Perfluoroalkoxy Alkane,CF2,"{""C"": 1, ""F"": 2}",49.99680632546,positive,1,feature_rule,diagnostic_CF2,M | fluorocarbon_motif | fluorocarbon_fragmentation | diagnostic_CF2,node_0001,,,0,0,,fluorocarbon_fragmentation,fluorocarbon_motif,"C-F bonds present; heavy element counts={'F': 10, 'C': 4}",0.7,0.8,0.79,1.0,10,2,10
node_0212,PFA,Perfluoroalkoxy Alkane,CF3,"{""C"": 1, ""F"": 3}",68.99520948819,positive,1,feature_rule,diagnostic_CF3,M | fluorocarbon_motif | fluorocarbon_fragmentation | diagnostic_CF3,node_0001,,,0,0,,fluorocarbon_fragmentation,fluorocarbon_motif,"C-F bonds present; heavy element counts={'F': 10, 'C': 4}",0.7,0.8,0.79,1.0,4,2,4
node_0213,PFA,Perfluoroalkoxy Alkane,C2F3,"{""C"": 2, ""F"": 3}",80.99520948819,positive,1,feature_rule,diagnostic_C2F3,M | fluorocarbon_motif | fluorocarbon_fragmentation | diagnostic_C2F3,node_0001,,,0,0,,fluorocarbon_fragmentation,fluorocarbon_motif,"C-F bonds present; heavy element counts={'F': 10, 'C': 4}",0.7,0.8,0.79,0.79,1,1,1
node_0214,PFA,Perfluoroalkoxy Alkane,C2F4,"{""C"": 2, ""F"": 4}",99.99361265092,positive,1,feature_rule,diagnostic_C2F4,M | fluorocarbon_motif | fluorocarbon_fragmentation | diagnostic_C2F4,node_0001,,,0,0,,fluorocarbon_fragmentation,fluorocarbon_motif,"C-F bonds present; heavy element counts={'F': 10, 'C': 4}",0.7,0.8,0.79,1.0,4,2,4
node_0215,PFA,Perfluoroalkoxy Alkane,C2F5,"{""C"": 2, ""F"": 5}",118.99201581365,positive,1,feature_rule,diagnostic_C2F5,M | fluorocarbon_motif | fluorocarbon_fragmentation | diagnostic_C2F5,node_0001,,,0,0,,fluorocarbon_fragmentation,fluorocarbon_motif,"C-F bonds present; heavy element counts={'F': 10, 'C': 4}",0.7,0.8,0.79,0.79,1,1,1
node_0216,PFA,Perfluoroalkoxy Alkane,C3F3,"{""C"": 3, ""F"": 3}",92.99520948819,positive,1,feature_rule,diagnostic_C3F3,M | fluorocarbon_motif | fluorocarbon_fragmentation | diagnostic_C3F3,node_0001,,,0,0,,fluorocarbon_fragmentation,fluorocarbon_motif,"C-F bonds present; heavy element counts={'F': 10, 'C': 4}",0.7,0.8,0.79,0.79,1,1,1
node_0217,PFA,Perfluoroalkoxy Alkane,C3F5,"{""C"": 3, ""F"": 5}",130.99201581365,positive,1,feature_rule,diagnostic_C3F5,M | fluorocarbon_motif | fluorocarbon_fragmentation | diagnostic_C3F5,node_0001,,,0,0,,fluorocarbon_fragmentation,fluorocarbon_motif,"C-F bonds present; heavy element counts={'F': 10, 'C': 4}",0.7,0.8,0.79,0.79,1,1,1
node_0218,PFA,Perfluoroalkoxy Alkane,C3F7,"{""C"": 3, ""F"": 7}",168.98882213911,positive,1,feature_rule,diagnostic_C3F7,M | fluorocarbon_motif | fluorocarbon_fragmentation | diagnostic_C3F7,node_0001,,,0,0,,fluorocarbon_fragmentation,fluorocarbon_motif,"C-F bonds present; heavy element counts={'F': 10, 'C': 4}",0.7,0.8,0.79,1.0,4,2,4
node_0219,PFA,Perfluoroalkoxy Alkane,F,"{""F"": 1}",18.99840316273,negative,-1,feature_rule,diagnostic_F,M | fluorocarbon_motif | fluorocarbon_fragmentation | diagnostic_F,node_0001,,,0,0,,fluorocarbon_fragmentation,fluorocarbon_motif,"C-F bonds present; heavy element counts={'F': 10, 'C': 4}",0.7,0.8,0.74,0.96,11,2,11
node_0220,PFA,Perfluoroalkoxy Alkane,CF,"{""C"": 1, ""F"": 1}",30.99840316273,negative,-1,feature_rule,diagnostic_CF,M | fluorocarbon_motif | fluorocarbon_fragmentation | diagnostic_CF,node_0001,,,0,0,,fluorocarbon_fragmentation,fluorocarbon_motif,"C-F bonds present; heavy element counts={'F': 10, 'C': 4}",0.7,0.8,0.79,0.79,1,1,1
node_0221,PFA,Perfluoroalkoxy Alkane,CF3,"{""C"": 1, ""F"": 3}",68.99520948819,negative,-1,feature_rule,diagnostic_CF3,M | fluorocarbon_motif | fluorocarbon_fragmentation | diagnostic_CF3,node_0001,,,0,0,,fluorocarbon_fragmentation,fluorocarbon_motif,"C-F bonds present; heavy element counts={'F': 10, 'C': 4}",0.7,0.8,0.79,1.0,4,2,4
node_0222,PFA,Perfluoroalkoxy Alkane,C2F3,"{""C"": 2, ""F"": 3}",80.99520948819,negative,-1,feature_rule,diagnostic_C2F3,M | fluorocarbon_motif | fluorocarbon_fragmentation | diagnostic_C2F3,node_0001,,,0,0,,fluorocarbon_fragmentation,fluorocarbon_motif,"C-F bonds present; heavy element counts={'F': 10, 'C': 4}",0.7,0.8,0.79,0.79,1,1,1
node_0223,PFA,Perfluoroalkoxy Alkane,C2F4,"{""C"": 2, ""F"": 4}",99.99361265092,negative,-1,feature_rule,diagnostic_C2F4,M | fluorocarbon_motif | fluorocarbon_fragmentation | diagnostic_C2F4,node_0001,,,0,0,,fluorocarbon_fragmentation,fluorocarbon_motif,"C-F bonds present; heavy element counts={'F': 10, 'C': 4}",0.7,0.8,0.79,1.0,4,2,4
node_0224,PFA,Perfluoroalkoxy Alkane,C2F5,"{""C"": 2, ""F"": 5}",118.99201581365,negative,-1,feature_rule,diagnostic_C2F5,M | fluorocarbon_motif | fluorocarbon_fragmentation | diagnostic_C2F5,node_0001,,,0,0,,fluorocarbon_fragmentation,fluorocarbon_motif,"C-F bonds present; heavy element counts={'F': 10, 'C': 4}",0.7,0.8,0.79,0.79,1,1,1
node_0225,PFA,Perfluoroalkoxy Alkane,C3F5,"{""C"": 3, ""F"": 5}",130.99201581365,negative,-1,feature_rule,diagnostic_C3F5,M | fluorocarbon_motif | fluorocarbon_fragmentation | diagnostic_C3F5,node_0001,,,0,0,,fluorocarbon_fragmentation,fluorocarbon_motif,"C-F bonds present; heavy element counts={'F': 10, 'C': 4}",0.7,0.8,0.79,0.79,1,1,1
node_0226,PFA,Perfluoroalkoxy Alkane,C2H3,"{""C"": 2, ""H"": 3}",27.02347509669,positive,1,feature_rule,small_hc_C2H3,M | universal_hydrocarbon | hydrocarbon_small_fragments | small_hc_C2H3,node_0001,,,0,0,,hydrocarbon_small_fragments,universal_hydrocarbon,universal TOF-SIMS small HC fragments; parent C=4,0.48,0.8,0.6580000000000001,0.6580000000000001,1,1,1
node_0227,PFA,Perfluoroalkoxy Alkane,C2H5,"{""C"": 2, ""H"": 5}",29.03912516115,positive,1,feature_rule,small_hc_C2H5,M | universal_hydrocarbon | hydrocarbon_small_fragments | small_hc_C2H5,node_0001,,,0,0,,hydrocarbon_small_fragments,universal_hydrocarbon,universal TOF-SIMS small HC fragments; parent C=4,0.48,0.8,0.6580000000000001,0.6580000000000001,1,1,1
node_0228,PFA,Perfluoroalkoxy Alkane,C3H3,"{""C"": 3, ""H"": 3}",39.02347509669,positive,1,feature_rule,small_hc_C3H3,M | universal_hydrocarbon | hydrocarbon_small_fragments | small_hc_C3H3,node_0001,,,0,0,,hydrocarbon_small_fragments,universal_hydrocarbon,universal TOF-SIMS small HC fragments; parent C=4,0.48,0.8,0.6580000000000001,0.6580000000000001,1,1,1
node_0229,PFA,Perfluoroalkoxy Alkane,C3H5,"{""C"": 3, ""H"": 5}",41.03912516115,positive,1,feature_rule,small_hc_C3H5,M | universal_hydrocarbon | hydrocarbon_small_fragments | small_hc_C3H5,node_0001,,,0,0,,hydrocarbon_small_fragments,universal_hydrocarbon,universal TOF-SIMS small HC fragments; parent C=4,0.48,0.8,0.6580000000000001,0.6580000000000001,1,1,1
node_0230,PFA,Perfluoroalkoxy Alkane,C3H7,"{""C"": 3, ""H"": 7}",43.05477522561,positive,1,feature_rule,small_hc_C3H7,M | universal_hydrocarbon | hydrocarbon_small_fragments | small_hc_C3H7,node_0001,,,0,0,,hydrocarbon_small_fragments,universal_hydrocarbon,universal TOF-SIMS small HC fragments; parent C=4,0.48,0.8,0.6580000000000001,0.6580000000000001,1,1,1
node_0231,PFA,Perfluoroalkoxy Alkane,C4H3,"{""C"": 4, ""H"": 3}",51.02347509669,positive,1,feature_rule,small_hc_C4H3,M | universal_hydrocarbon | hydrocarbon_small_fragments | small_hc_C4H3,node_0001,,,0,0,,hydrocarbon_small_fragments,universal_hydrocarbon,universal TOF-SIMS small HC fragments; parent C=4,0.48,0.8,0.6580000000000001,0.6580000000000001,1,1,1
node_0232,PFA,Perfluoroalkoxy Alkane,C4H5,"{""C"": 4, ""H"": 5}",53.03912516115,positive,1,feature_rule,small_hc_C4H5,M | universal_hydrocarbon | hydrocarbon_small_fragments | small_hc_C4H5,node_0001,,,0,0,,hydrocarbon_small_fragments,universal_hydrocarbon,universal TOF-SIMS small HC fragments; parent C=4,0.48,0.8,0.6580000000000001,0.6580000000000001,1,1,1
node_0233,PFA,Perfluoroalkoxy Alkane,C4H7,"{""C"": 4, ""H"": 7}",55.05477522561,positive,1,feature_rule,small_hc_C4H7,M | universal_hydrocarbon | hydrocarbon_small_fragments | small_hc_C4H7,node_0001,,,0,0,,hydrocarbon_small_fragments,universal_hydrocarbon,universal TOF-SIMS small HC fragments; parent C=4,0.48,0.8,0.6580000000000001,0.6580000000000001,1,1,1
node_0234,PFA,Perfluoroalkoxy Alkane,C4H9,"{""C"": 4, ""H"": 9}",57.07042529007,positive,1,feature_rule,small_hc_C4H9,M | universal_hydrocarbon | hydrocarbon_small_fragments | small_hc_C4H9,node_0001,,,0,0,,hydrocarbon_small_fragments,universal_hydrocarbon,universal TOF-SIMS small HC fragments; parent C=4,0.48,0.8,0.6580000000000001,0.6580000000000001,1,1,1
node_0235,PFA,Perfluoroalkoxy Alkane,C2,"{""C"": 2}",24.0,negative,-1,feature_rule,small_hc_C2,M | universal_hydrocarbon | hydrocarbon_small_fragments | small_hc_C2,node_0001,,,0,0,,hydrocarbon_small_fragments,universal_hydrocarbon,universal TOF-SIMS small HC fragments; parent C=4,0.48,0.8,0.6080000000000001,0.6080000000000001,1,1,1
node_0236,PFA,Perfluoroalkoxy Alkane,C2H,"{""C"": 2, ""H"": 1}",25.00782503223,negative,-1,feature_rule,small_hc_C2H,M | universal_hydrocarbon | hydrocarbon_small_fragments | small_hc_C2H,node_0001,,,0,0,,hydrocarbon_small_fragments,universal_hydrocarbon,universal TOF-SIMS small HC fragments; parent C=4,0.48,0.8,0.6580000000000001,0.6580000000000001,1,1,1
node_0237,PFA,Perfluoroalkoxy Alkane,C3,"{""C"": 3}",36.0,negative,-1,feature_rule,small_hc_C3,M | universal_hydrocarbon | hydrocarbon_small_fragments | small_hc_C3,node_0001,,,0,0,,hydrocarbon_small_fragments,universal_hydrocarbon,universal TOF-SIMS small HC fragments; parent C=4,0.48,0.8,0.6580000000000001,0.6580000000000001,1,1,1
node_0238,PFA,Perfluoroalkoxy Alkane,C3H,"{""C"": 3, ""H"": 1}",37.00782503223,negative,-1,feature_rule,small_hc_C3H,M | universal_hydrocarbon | hydrocarbon_small_fragments | small_hc_C3H,node_0001,,,0,0,,hydrocarbon_small_fragments,universal_hydrocarbon,universal TOF-SIMS small HC fragments; parent C=4,0.48,0.8,0.6580000000000001,0.6580000000000001,1,1,1
node_0239,PFA,Perfluoroalkoxy Alkane,C4,"{""C"": 4}",48.0,negative,-1,feature_rule,small_hc_C4,M | universal_hydrocarbon | hydrocarbon_small_fragments | small_hc_C4,node_0001,,,0,0,,hydrocarbon_small_fragments,universal_hydrocarbon,universal TOF-SIMS small HC fragments; parent C=4,0.48,0.8,0.6580000000000001,0.6580000000000001,1,1,1
node_0240,PFA,Perfluoroalkoxy Alkane,C4H,"{""C"": 4, ""H"": 1}",49.00782503223,negative,-1,feature_rule,small_hc_C4H,M | universal_hydrocarbon | hydrocarbon_small_fragments | small_hc_C4H,node_0001,,,0,0,,hydrocarbon_small_fragments,universal_hydrocarbon,universal TOF-SIMS small HC fragments; parent C=4,0.48,0.8,0.6580000000000001,0.6580000000000001,1,1,1
node_0241,PFA,Perfluoroalkoxy Alkane,C4F10,"{""C"": 4, ""F"": 10}",237.9840316273,positive,1,parent,electron_loss,M | electron_loss,node_0001,,,0,0,,,,,0.45,0.37000000000000005,0.41800000000000004,0.41800000000000004,1,1,1
node_0242,PFA,Perfluoroalkoxy Alkane,C4F10,"{""C"": 4, ""F"": 10}",237.9840316273,negative,-1,parent,electron_gain,M | electron_gain,node_0001,,,0,0,,,,,0.45,0.37000000000000005,0.41800000000000004,0.41800000000000004,1,1,1
node_0243,PFA,Perfluoroalkoxy Alkane,C4HF10,"{""C"": 4, ""F"": 10, ""H"": 1}",238.99185665953,positive,1,parent,protonation,M | protonation,node_0001,,,0,1,,,,,0.45,0.54,0.45600000000000007,0.45600000000000007,1,1,1
node_0244,PFA,Perfluoroalkoxy Alkane,F,"{""F"": 1}",18.99840316273,positive,1,fragment,electron_loss,M | single-atom F from C-F bond break | electron_loss,node_0002,0,F,1,0,,,,,0.64,0.55,0.6040000000000001,0.774,10,1,10
node_0245,PFA,Perfluoroalkoxy Alkane,F,"{""F"": 1}",18.99840316273,negative,-1,fragment,electron_gain,M | single-atom F from C-F bond break | electron_gain,node_0002,0,F,1,0,,,,,0.64,0.55,0.6040000000000001,0.96,11,2,11
node_0246,PFA,Perfluoroalkoxy Alkane,FH,"{""F"": 1, ""H"": 1}",20.00622819496,positive,1,fragment,protonation,M | single-atom F from C-F bond break | protonation,node_0002,0,F,1,1,,,,,0.64,0.72,0.6419999999999999,0.8619999999999999,20,2,10
node_0247,PFA,Perfluoroalkoxy Alkane,C4F9,"{""C"": 4, ""F"": 9}",218.98562846457,positive,1,fragment,electron_loss,"M | fragment C,F from C-F bond break(s) | electron_loss",node_0003,1;2;3;4;5;6;7;8;9;10;11;12;13,C,1,0,,,,,0.64,0.55,0.6040000000000001,0.774,10,1,10
node_0248,PFA,Perfluoroalkoxy Alkane,C4F9,"{""C"": 4, ""F"": 9}",218.98562846457,negative,-1,fragment,electron_gain,"M | fragment C,F from C-F bond break(s) | electron_gain",node_0003,1;2;3;4;5;6;7;8;9;10;11;12;13,C,1,0,,,,,0.64,0.55,0.6040000000000001,0.774,10,1,10
node_0249,PFA,Perfluoroalkoxy Alkane,C4HF9,"{""C"": 4, ""F"": 9, ""H"": 1}",219.9934534968,positive,1,fragment,protonation,"M | fragment C,F from C-F bond break(s) | protonation",node_0003,1;2;3;4;5;6;7;8;9;10;11;12;13,C,1,1,,,,,0.64,0.72,0.6419999999999999,0.8619999999999999,20,2,10
node_0250,PFA,Perfluoroalkoxy Alkane,C4F9,"{""C"": 4, ""F"": 9}",218.98562846457,positive,1,fragment,electron_loss,"M | fragment C,F from C-F bond break(s) | electron_loss",node_0004,0;1;3;4;5;6;7;8;9;10;11;12;13,C,1,0,,,,,0.64,0.55,0.6040000000000001,0.774,10,1,10
node_0251,PFA,Perfluoroalkoxy Alkane,C4F9,"{""C"": 4, ""F"": 9}",218.98562846457,negative,-1,fragment,electron_gain,"M | fragment C,F from C-F bond break(s) | electron_gain",node_0004,0;1;3;4;5;6;7;8;9;10;11;12;13,C,1,0,,,,,0.64,0.55,0.6040000000000001,0.774,10,1,10
node_0252,PFA,Perfluoroalkoxy Alkane,C4HF9,"{""C"": 4, ""F"": 9, ""H"": 1}",219.9934534968,positive,1,fragment,protonation,"M | fragment C,F from C-F bond break(s) | protonation",node_0004,0;1;3;4;5;6;7;8;9;10;11;12;13,C,1,1,,,,,0.64,0.72,0.6419999999999999,0.8619999999999999,20,2,10
node_0253,PFA,Perfluoroalkoxy Alkane,F,"{""F"": 1}",18.99840316273,positive,1,fragment,electron_loss,M | single-atom F from C-F bond break | electron_loss,node_0005,2,F,1,0,,,,,0.64,0.55,0.6040000000000001,0.774,10,1,10
node_0254,PFA,Perfluoroalkoxy Alkane,F,"{""F"": 1}",18.99840316273,negative,-1,fragment,electron_gain,M | single-atom F from C-F bond break | electron_gain,node_0005,2,F,1,0,,,,,0.64,0.55,0.6040000000000001,0.96,11,2,11
node_0255,PFA,Perfluoroalkoxy Alkane,FH,"{""F"": 1, ""H"": 1}",20.00622819496,positive,1,fragment,protonation,M | single-atom F from C-F bond break | protonation,node_0005,2,F,1,1,,,,,0.64,0.72,0.6419999999999999,0.8619999999999999,20,2,10
node_0256,PFA,Perfluoroalkoxy Alkane,C4F9,"{""C"": 4, ""F"": 9}",218.98562846457,positive,1,fragment,electron_loss,"M | fragment C,F from C-F bond break(s) | electron_loss",node_0006,0;1;2;4;5;6;7;8;9;10;11;12;13,C,1,0,,,,,0.64,0.55,0.6040000000000001,0.774,10,1,10
node_0257,PFA,Perfluoroalkoxy Alkane,C4F9,"{""C"": 4, ""F"": 9}",218.98562846457,negative,-1,fragment,electron_gain,"M | fragment C,F from C-F bond break(s) | electron_gain",node_0006,0;1;2;4;5;6;7;8;9;10;11;12;13,C,1,0,,,,,0.64,0.55,0.6040000000000001,0.774,10,1,10
node_0258,PFA,Perfluoroalkoxy Alkane,C4HF9,"{""C"": 4, ""F"": 9, ""H"": 1}",219.9934534968,positive,1,fragment,protonation,"M | fragment C,F from C-F bond break(s) | protonation",node_0006,0;1;2;4;5;6;7;8;9;10;11;12;13,C,1,1,,,,,0.64,0.72,0.6419999999999999,0.8619999999999999,20,2,10
node_0259,PFA,Perfluoroalkoxy Alkane,F,"{""F"": 1}",18.99840316273,positive,1,fragment,electron_loss,M | single-atom F from C-F bond break | electron_loss,node_0007,3,F,1,0,,,,,0.64,0.55,0.6040000000000001,0.774,10,1,10
node_0260,PFA,Perfluoroalkoxy Alkane,F,"{""F"": 1}",18.99840316273,negative,-1,fragment,electron_gain,M | single-atom F from C-F bond break | electron_gain,node_0007,3,F,1,0,,,,,0.64,0.55,0.6040000000000001,0.96,11,2,11
node_0261,PFA,Perfluoroalkoxy Alkane,FH,"{""F"": 1, ""H"": 1}",20.00622819496,positive,1,fragment,protonation,M | single-atom F from C-F bond break | protonation,node_0007,3,F,1,1,,,,,0.64,0.72,0.6419999999999999,0.8619999999999999,20,2,10
node_0262,PFA,Perfluoroalkoxy Alkane,CF3,"{""C"": 1, ""F"": 3}",68.99520948819,positive,1,fragment,electron_loss,"M | fragment C,F from C-C bond break(s) | electron_loss",node_0008,0;1;2;3,C,1,0,,,,,0.64,0.55,0.6540000000000001,1.0,4,2,4
node_0263,PFA,Perfluoroalkoxy Alkane,CF3,"{""C"": 1, ""F"": 3}",68.99520948819,negative,-1,fragment,electron_gain,"M | fragment C,F from C-C bond break(s) | electron_gain",node_0008,0;1;2;3,C,1,0,,,,,0.64,0.55,0.6540000000000001,1.0,4,2,4
node_0264,PFA,Perfluoroalkoxy Alkane,CHF3,"{""C"": 1, ""F"": 3, ""H"": 1}",70.00303452042,positive,1,fragment,protonation,"M | fragment C,F from C-C bond break(s) | protonation",node_0008,0;1;2;3,C,1,1,,,,,0.64,0.72,0.692,0.9119999999999999,6,2,3
node_0265,PFA,Perfluoroalkoxy Alkane,C3F7,"{""C"": 3, ""F"": 7}",168.98882213911,positive,1,fragment,electron_loss,"M | fragment C,F from C-C bond break(s) | electron_loss",node_0009,4;5;6;7;8;9;10;11;12;13,C,1,0,,,,,0.64,0.55,0.6540000000000001,1.0,4,2,4
node_0266,PFA,Perfluoroalkoxy Alkane,C3F7,"{""C"": 3, ""F"": 7}",168.98882213911,negative,-1,fragment,electron_gain,"M | fragment C,F from C-C bond break(s) | electron_gain",node_0009,4;5;6;7;8;9;10;11;12;13,C,1,0,,,,,0.64,0.55,0.6540000000000001,0.804,3,1,3
node_0267,PFA,Perfluoroalkoxy Alkane,C3HF7,"{""C"": 3, ""F"": 7, ""H"": 1}",169.99664717134,positive,1,fragment,protonation,"M | fragment C,F from C-C bond break(s) | protonation",node_0009,4;5;6;7;8;9;10;11;12;13,C,1,1,,,,,0.64,0.72,0.692,0.9119999999999999,6,2,3
node_0268,PFA,Perfluoroalkoxy Alkane,C4F9,"{""C"": 4, ""F"": 9}",218.98562846457,positive,1,fragment,electron_loss,"M | fragment C,F from C-F bond break(s) | electron_loss",node_0010,0;1;2;3;4;6;7;8;9;10;11;12;13,C,1,0,,,,,0.64,0.55,0.6040000000000001,0.774,10,1,10
node_0269,PFA,Perfluoroalkoxy Alkane,C4F9,"{""C"": 4, ""F"": 9}",218.98562846457,negative,-1,fragment,electron_gain,"M | fragment C,F from C-F bond break(s) | electron_gain",node_0010,0;1;2;3;4;6;7;8;9;10;11;12;13,C,1,0,,,,,0.64,0.55,0.6040000000000001,0.774,10,1,10
node_0270,PFA,Perfluoroalkoxy Alkane,C4HF9,"{""C"": 4, ""F"": 9, ""H"": 1}",219.9934534968,positive,1,fragment,protonation,"M | fragment C,F from C-F bond break(s) | protonation",node_0010,0;1;2;3;4;6;7;8;9;10;11;12;13,C,1,1,,,,,0.64,0.72,0.6419999999999999,0.8619999999999999,20,2,10
node_0271,PFA,Perfluoroalkoxy Alkane,F,"{""F"": 1}",18.99840316273,positive,1,fragment,electron_loss,M | single-atom F from C-F bond break | electron_loss,node_0011,5,F,1,0,,,,,0.64,0.55,0.6040000000000001,0.774,10,1,10
node_0272,PFA,Perfluoroalkoxy Alkane,F,"{""F"": 1}",18.99840316273,negative,-1,fragment,electron_gain,M | single-atom F from C-F bond break | electron_gain,node_0011,5,F,1,0,,,,,0.64,0.55,0.6040000000000001,0.96,11,2,11
node_0273,PFA,Perfluoroalkoxy Alkane,FH,"{""F"": 1, ""H"": 1}",20.00622819496,positive,1,fragment,protonation,M | single-atom F from C-F bond break | protonation,node_0011,5,F,1,1,,,,,0.64,0.72,0.6419999999999999,0.8619999999999999,20,2,10
node_0274,PFA,Perfluoroalkoxy Alkane,C3F7,"{""C"": 3, ""F"": 7}",168.98882213911,positive,1,fragment,electron_loss,"M | fragment C,F from C-C bond break(s) | electron_loss",node_0012,0;1;2;3;4;5;10;11;12;13,C,1,0,,,,,0.64,0.55,0.6540000000000001,1.0,4,2,4
node_0275,PFA,Perfluoroalkoxy Alkane,C3F7,"{""C"": 3, ""F"": 7}",168.98882213911,negative,-1,fragment,electron_gain,"M | fragment C,F from C-C bond break(s) | electron_gain",node_0012,0;1;2;3;4;5;10;11;12;13,C,1,0,,,,,0.64,0.55,0.6540000000000001,0.804,3,1,3
node_0276,PFA,Perfluoroalkoxy Alkane,C3HF7,"{""C"": 3, ""F"": 7, ""H"": 1}",169.99664717134,positive,1,fragment,protonation,"M | fragment C,F from C-C bond break(s) | protonation",node_0012,0;1;2;3;4;5;10;11;12;13,C,1,1,,,,,0.64,0.72,0.692,0.9119999999999999,6,2,3
node_0277,PFA,Perfluoroalkoxy Alkane,CF3,"{""C"": 1, ""F"": 3}",68.99520948819,positive,1,fragment,electron_loss,"M | fragment C,F from C-C bond break(s) | electron_loss",node_0013,6;7;8;9,C,1,0,,,,,0.64,0.55,0.6540000000000001,1.0,4,2,4
node_0278,PFA,Perfluoroalkoxy Alkane,CF3,"{""C"": 1, ""F"": 3}",68.99520948819,negative,-1,fragment,electron_gain,"M | fragment C,F from C-C bond break(s) | electron_gain",node_0013,6;7;8;9,C,1,0,,,,,0.64,0.55,0.6540000000000001,1.0,4,2,4
node_0279,PFA,Perfluoroalkoxy Alkane,CHF3,"{""C"": 1, ""F"": 3, ""H"": 1}",70.00303452042,positive,1,fragment,protonation,"M | fragment C,F from C-C bond break(s) | protonation",node_0013,6;7;8;9,C,1,1,,,,,0.64,0.72,0.692,0.9119999999999999,6,2,3
node_0280,PFA,Perfluoroalkoxy Alkane,C4F9,"{""C"": 4, ""F"": 9}",218.98562846457,positive,1,fragment,electron_loss,"M | fragment C,F from C-F bond break(s) | electron_loss",node_0014,0;1;2;3;4;5;6;8;9;10;11;12;13,C,1,0,,,,,0.64,0.55,0.6040000000000001,0.774,10,1,10
node_0281,PFA,Perfluoroalkoxy Alkane,C4F9,"{""C"": 4, ""F"": 9}",218.98562846457,negative,-1,fragment,electron_gain,"M | fragment C,F from C-F bond break(s) | electron_gain",node_0014,0;1;2;3;4;5;6;8;9;10;11;12;13,C,1,0,,,,,0.64,0.55,0.6040000000000001,0.774,10,1,10
node_0282,PFA,Perfluoroalkoxy Alkane,C4HF9,"{""C"": 4, ""F"": 9, ""H"": 1}",219.9934534968,positive,1,fragment,protonation,"M | fragment C,F from C-F bond break(s) | protonation",node_0014,0;1;2;3;4;5;6;8;9;10;11;12;13,C,1,1,,,,,0.64,0.72,0.6419999999999999,0.8619999999999999,20,2,10
node_0283,PFA,Perfluoroalkoxy Alkane,F,"{""F"": 1}",18.99840316273,positive,1,fragment,electron_loss,M | single-atom F from C-F bond break | electron_loss,node_0015,7,F,1,0,,,,,0.64,0.55,0.6040000000000001,0.774,10,1,10
node_0284,PFA,Perfluoroalkoxy Alkane,F,"{""F"": 1}",18.99840316273,negative,-1,fragment,electron_gain,M | single-atom F from C-F bond break | electron_gain,node_0015,7,F,1,0,,,,,0.64,0.55,0.6040000000000001,0.96,11,2,11
node_0285,PFA,Perfluoroalkoxy Alkane,FH,"{""F"": 1, ""H"": 1}",20.00622819496,positive,1,fragment,protonation,M | single-atom F from C-F bond break | protonation,node_0015,7,F,1,1,,,,,0.64,0.72,0.6419999999999999,0.8619999999999999,20,2,10
node_0286,PFA,Perfluoroalkoxy Alkane,C4F9,"{""C"": 4, ""F"": 9}",218.98562846457,positive,1,fragment,electron_loss,"M | fragment C,F from C-F bond break(s) | electron_loss",node_0016,0;1;2;3;4;5;6;7;9;10;11;12;13,C,1,0,,,,,0.64,0.55,0.6040000000000001,0.774,10,1,10
node_0287,PFA,Perfluoroalkoxy Alkane,C4F9,"{""C"": 4, ""F"": 9}",218.98562846457,negative,-1,fragment,electron_gain,"M | fragment C,F from C-F bond break(s) | electron_gain",node_0016,0;1;2;3;4;5;6;7;9;10;11;12;13,C,1,0,,,,,0.64,0.55,0.6040000000000001,0.774,10,1,10
node_0288,PFA,Perfluoroalkoxy Alkane,C4HF9,"{""C"": 4, ""F"": 9, ""H"": 1}",219.9934534968,positive,1,fragment,protonation,"M | fragment C,F from C-F bond break(s) | protonation",node_0016,0;1;2;3;4;5;6;7;9;10;11;12;13,C,1,1,,,,,0.64,0.72,0.6419999999999999,0.8619999999999999,20,2,10
node_0289,PFA,Perfluoroalkoxy Alkane,F,"{""F"": 1}",18.99840316273,positive,1,fragment,electron_loss,M | single-atom F from C-F bond break | electron_loss,node_0017,8,F,1,0,,,,,0.64,0.55,0.6040000000000001,0.774,10,1,10
node_0290,PFA,Perfluoroalkoxy Alkane,F,"{""F"": 1}",18.99840316273,negative,-1,fragment,electron_gain,M | single-atom F from C-F bond break | electron_gain,node_0017,8,F,1,0,,,,,0.64,0.55,0.6040000000000001,0.96,11,2,11
node_0291,PFA,Perfluoroalkoxy Alkane,FH,"{""F"": 1, ""H"": 1}",20.00622819496,positive,1,fragment,protonation,M | single-atom F from C-F bond break | protonation,node_0017,8,F,1,1,,,,,0.64,0.72,0.6419999999999999,0.8619999999999999,20,2,10
node_0292,PFA,Perfluoroalkoxy Alkane,C4F9,"{""C"": 4, ""F"": 9}",218.98562846457,positive,1,fragment,electron_loss,"M | fragment C,F from C-F bond break(s) | electron_loss",node_0018,0;1;2;3;4;5;6;7;8;10;11;12;13,C,1,0,,,,,0.64,0.55,0.6040000000000001,0.774,10,1,10
node_0293,PFA,Perfluoroalkoxy Alkane,C4F9,"{""C"": 4, ""F"": 9}",218.98562846457,negative,-1,fragment,electron_gain,"M | fragment C,F from C-F bond break(s) | electron_gain",node_0018,0;1;2;3;4;5;6;7;8;10;11;12;13,C,1,0,,,,,0.64,0.55,0.6040000000000001,0.774,10,1,10
node_0294,PFA,Perfluoroalkoxy Alkane,C4HF9,"{""C"": 4, ""F"": 9, ""H"": 1}",219.9934534968,positive,1,fragment,protonation,"M | fragment C,F from C-F bond break(s) | protonation",node_0018,0;1;2;3;4;5;6;7;8;10;11;12;13,C,1,1,,,,,0.64,0.72,0.6419999999999999,0.8619999999999999,20,2,10
node_0295,PFA,Perfluoroalkoxy Alkane,F,"{""F"": 1}",18.99840316273,positive,1,fragment,electron_loss,M | single-atom F from C-F bond break | electron_loss,node_0019,9,F,1,0,,,,,0.64,0.55,0.6040000000000001,0.774,10,1,10
node_0296,PFA,Perfluoroalkoxy Alkane,F,"{""F"": 1}",18.99840316273,negative,-1,fragment,electron_gain,M | single-atom F from C-F bond break | electron_gain,node_0019,9,F,1,0,,,,,0.64,0.55,0.6040000000000001,0.96,11,2,11
node_0297,PFA,Perfluoroalkoxy Alkane,FH,"{""F"": 1, ""H"": 1}",20.00622819496,positive,1,fragment,protonation,M | single-atom F from C-F bond break | protonation,node_0019,9,F,1,1,,,,,0.64,0.72,0.6419999999999999,0.8619999999999999,20,2,10
node_0298,PFA,Perfluoroalkoxy Alkane,C3F7,"{""C"": 3, ""F"": 7}",168.98882213911,positive,1,fragment,electron_loss,"M | fragment C,F from C-C bond break(s) | electron_loss",node_0020,0;1;2;3;4;5;6;7;8;9,C,1,0,,,,,0.64,0.55,0.6540000000000001,1.0,4,2,4
node_0299,PFA,Perfluoroalkoxy Alkane,C3F7,"{""C"": 3, ""F"": 7}",168.98882213911,negative,-1,fragment,electron_gain,"M | fragment C,F from C-C bond break(s) | electron_gain",node_0020,0;1;2;3;4;5;6;7;8;9,C,1,0,,,,,0.64,0.55,0.6540000000000001,0.804,3,1,3
node_0300,PFA,Perfluoroalkoxy Alkane,C3HF7,"{""C"": 3, ""F"": 7, ""H"": 1}",169.99664717134,positive,1,fragment,protonation,"M | fragment C,F from C-C bond break(s) | protonation",node_0020,0;1;2;3;4;5;6;7;8;9,C,1,1,,,,,0.64,0.72,0.692,0.9119999999999999,6,2,3
node_0301,PFA,Perfluoroalkoxy Alkane,CF3,"{""C"": 1, ""F"": 3}",68.99520948819,positive,1,fragment,electron_loss,"M | fragment C,F from C-C bond break(s) | electron_loss",node_0021,10;11;12;13,C,1,0,,,,,0.64,0.55,0.6540000000000001,1.0,4,2,4
node_0302,PFA,Perfluoroalkoxy Alkane,CF3,"{""C"": 1, ""F"": 3}",68.99520948819,negative,-1,fragment,electron_gain,"M | fragment C,F from C-C bond break(s) | electron_gain",node_0021,10;11;12;13,C,1,0,,,,,0.64,0.55,0.6540000000000001,1.0,4,2,4
node_0303,PFA,Perfluoroalkoxy Alkane,CHF3,"{""C"": 1, ""F"": 3, ""H"": 1}",70.00303452042,positive,1,fragment,protonation,"M | fragment C,F from C-C bond break(s) | protonation",node_0021,10;11;12;13,C,1,1,,,,,0.64,0.72,0.692,0.9119999999999999,6,2,3
node_0304,PFA,Perfluoroalkoxy Alkane,C4F9,"{""C"": 4, ""F"": 9}",218.98562846457,positive,1,fragment,electron_loss,"M | fragment C,F from C-F bond break(s) | electron_loss",node_0022,0;1;2;3;4;5;6;7;8;9;10;12;13,C,1,0,,,,,0.64,0.55,0.6040000000000001,0.774,10,1,10
node_0305,PFA,Perfluoroalkoxy Alkane,C4F9,"{""C"": 4, ""F"": 9}",218.98562846457,negative,-1,fragment,electron_gain,"M | fragment C,F from C-F bond break(s) | electron_gain",node_0022,0;1;2;3;4;5;6;7;8;9;10;12;13,C,1,0,,,,,0.64,0.55,0.6040000000000001,0.774,10,1,10
node_0306,PFA,Perfluoroalkoxy Alkane,C4HF9,"{""C"": 4, ""F"": 9, ""H"": 1}",219.9934534968,positive,1,fragment,protonation,"M | fragment C,F from C-F bond break(s) | protonation",node_0022,0;1;2;3;4;5;6;7;8;9;10;12;13,C,1,1,,,,,0.64,0.72,0.6419999999999999,0.8619999999999999,20,2,10
node_0307,PFA,Perfluoroalkoxy Alkane,F,"{""F"": 1}",18.99840316273,positive,1,fragment,electron_loss,M | single-atom F from C-F bond break | electron_loss,node_0023,11,F,1,0,,,,,0.64,0.55,0.6040000000000001,0.774,10,1,10
node_0308,PFA,Perfluoroalkoxy Alkane,F,"{""F"": 1}",18.99840316273,negative,-1,fragment,electron_gain,M | single-atom F from C-F bond break | electron_gain,node_0023,11,F,1,0,,,,,0.64,0.55,0.6040000000000001,0.96,11,2,11
node_0309,PFA,Perfluoroalkoxy Alkane,FH,"{""F"": 1, ""H"": 1}",20.00622819496,positive,1,fragment,protonation,M | single-atom F from C-F bond break | protonation,node_0023,11,F,1,1,,,,,0.64,0.72,0.6419999999999999,0.8619999999999999,20,2,10
node_0310,PFA,Perfluoroalkoxy Alkane,C4F9,"{""C"": 4, ""F"": 9}",218.98562846457,positive,1,fragment,electron_loss,"M | fragment C,F from C-F bond break(s) | electron_loss",node_0024,0;1;2;3;4;5;6;7;8;9;10;11;13,C,1,0,,,,,0.64,0.55,0.6040000000000001,0.774,10,1,10
node_0311,PFA,Perfluoroalkoxy Alkane,C4F9,"{""C"": 4, ""F"": 9}",218.98562846457,negative,-1,fragment,electron_gain,"M | fragment C,F from C-F bond break(s) | electron_gain",node_0024,0;1;2;3;4;5;6;7;8;9;10;11;13,C,1,0,,,,,0.64,0.55,0.6040000000000001,0.774,10,1,10
node_0312,PFA,Perfluoroalkoxy Alkane,C4HF9,"{""C"": 4, ""F"": 9, ""H"": 1}",219.9934534968,positive,1,fragment,protonation,"M | fragment C,F from C-F bond break(s) | protonation",node_0024,0;1;2;3;4;5;6;7;8;9;10;11;13,C,1,1,,,,,0.64,0.72,0.6419999999999999,0.8619999999999999,20,2,10
node_0313,PFA,Perfluoroalkoxy Alkane,F,"{""F"": 1}",18.99840316273,positive,1,fragment,electron_loss,M | single-atom F from C-F bond break | electron_loss,node_0025,12,F,1,0,,,,,0.64,0.55,0.6040000000000001,0.774,10,1,10
node_0314,PFA,Perfluoroalkoxy Alkane,F,"{""F"": 1}",18.99840316273,negative,-1,fragment,electron_gain,M | single-atom F from C-F bond break | electron_gain,node_0025,12,F,1,0,,,,,0.64,0.55,0.6040000000000001,0.96,11,2,11
node_0315,PFA,Perfluoroalkoxy Alkane,FH,"{""F"": 1, ""H"": 1}",20.00622819496,positive,1,fragment,protonation,M | single-atom F from C-F bond break | protonation,node_0025,12,F,1,1,,,,,0.64,0.72,0.6419999999999999,0.8619999999999999,20,2,10
node_0316,PFA,Perfluoroalkoxy Alkane,C4F9,"{""C"": 4, ""F"": 9}",218.98562846457,positive,1,fragment,electron_loss,"M | fragment C,F from C-F bond break(s) | electron_loss",node_0026,0;1;2;3;4;5;6;7;8;9;10;11;12,C,1,0,,,,,0.64,0.55,0.6040000000000001,0.774,10,1,10
node_0317,PFA,Perfluoroalkoxy Alkane,C4F9,"{""C"": 4, ""F"": 9}",218.98562846457,negative,-1,fragment,electron_gain,"M | fragment C,F from C-F bond break(s) | electron_gain",node_0026,0;1;2;3;4;5;6;7;8;9;10;11;12,C,1,0,,,,,0.64,0.55,0.6040000000000001,0.774,10,1,10
node_0318,PFA,Perfluoroalkoxy Alkane,C4HF9,"{""C"": 4, ""F"": 9, ""H"": 1}",219.9934534968,positive,1,fragment,protonation,"M | fragment C,F from C-F bond break(s) | protonation",node_0026,0;1;2;3;4;5;6;7;8;9;10;11;12,C,1,1,,,,,0.64,0.72,0.6419999999999999,0.8619999999999999,20,2,10
node_0319,PFA,Perfluoroalkoxy Alkane,F,"{""F"": 1}",18.99840316273,positive,1,fragment,electron_loss,M | single-atom F from C-F bond break | electron_loss,node_0027,13,F,1,0,,,,,0.64,0.55,0.6040000000000001,0.774,10,1,10
node_0320,PFA,Perfluoroalkoxy Alkane,F,"{""F"": 1}",18.99840316273,negative,-1,fragment,electron_gain,M | single-atom F from C-F bond break | electron_gain,node_0027,13,F,1,0,,,,,0.64,0.55,0.6040000000000001,0.96,11,2,11
node_0321,PFA,Perfluoroalkoxy Alkane,FH,"{""F"": 1, ""H"": 1}",20.00622819496,positive,1,fragment,protonation,M | single-atom F from C-F bond break | protonation,node_0027,13,F,1,1,,,,,0.64,0.72,0.6419999999999999,0.8619999999999999,20,2,10
node_0322,PFA,Perfluoroalkoxy Alkane,C4F8,"{""C"": 4, ""F"": 8}",199.98722530184,positive,1,fragment,electron_loss,"M | fragment C,F from C-F+C-F bond break(s) | electron_loss",node_0028,1;3;4;5;6;7;8;9;10;11;12;13,C;C,2,0,,,,,0.5599999999999999,0.55,0.6060000000000001,0.776,45,1,45
node_0323,PFA,Perfluoroalkoxy Alkane,C4F8,"{""C"": 4, ""F"": 8}",199.98722530184,negative,-1,fragment,electron_gain,"M | fragment C,F from C-F+C-F bond break(s) | electron_gain",node_0028,1;3;4;5;6;7;8;9;10;11;12;13,C;C,2,0,,,,,0.5599999999999999,0.55,0.6060000000000001,0.776,45,1,45
node_0324,PFA,Perfluoroalkoxy Alkane,C4HF8,"{""C"": 4, ""F"": 8, ""H"": 1}",200.99505033407,positive,1,fragment,protonation,"M | fragment C,F from C-F+C-F bond break(s) | protonation",node_0028,1;3;4;5;6;7;8;9;10;11;12;13,C;C,2,1,,,,,0.5599999999999999,0.72,0.5939999999999999,0.8139999999999998,90,2,45
node_0325,PFA,Perfluoroalkoxy Alkane,C4F8,"{""C"": 4, ""F"": 8}",199.98722530184,positive,1,fragment,electron_loss,"M | fragment C,F from C-F+C-F bond break(s) | electron_loss",node_0029,1;2;4;5;6;7;8;9;10;11;12;13,C;C,2,0,,,,,0.5599999999999999,0.55,0.6060000000000001,0.776,45,1,45
node_0326,PFA,Perfluoroalkoxy Alkane,C4F8,"{""C"": 4, ""F"": 8}",199.98722530184,negative,-1,fragment,electron_gain,"M | fragment C,F from C-F+C-F bond break(s) | electron_gain",node_0029,1;2;4;5;6;7;8;9;10;11;12;13,C;C,2,0,,,,,0.5599999999999999,0.55,0.6060000000000001,0.776,45,1,45
node_0327,PFA,Perfluoroalkoxy Alkane,C4HF8,"{""C"": 4, ""F"": 8, ""H"": 1}",200.99505033407,positive,1,fragment,protonation,"M | fragment C,F from C-F+C-F bond break(s) | protonation",node_0029,1;2;4;5;6;7;8;9;10;11;12;13,C;C,2,1,,,,,0.5599999999999999,0.72,0.5939999999999999,0.8139999999999998,90,2,45
node_0328,PFA,Perfluoroalkoxy Alkane,CF2,"{""C"": 1, ""F"": 2}",49.99680632546,positive,1,fragment,electron_loss,"M | fragment C,F from C-F+C-C bond break(s) | electron_loss",node_0030,1;2;3,C;C,2,0,,,,,0.5599999999999999,0.55,0.6060000000000001,1.0,10,2,10
node_0329,PFA,Perfluoroalkoxy Alkane,CF2,"{""C"": 1, ""F"": 2}",49.99680632546,negative,-1,fragment,electron_gain,"M | fragment C,F from C-F+C-C bond break(s) | electron_gain",node_0030,1;2;3,C;C,2,0,,,,,0.5599999999999999,0.55,0.6060000000000001,0.776,9,1,9
node_0330,PFA,Perfluoroalkoxy Alkane,CHF2,"{""C"": 1, ""F"": 2, ""H"": 1}",51.00463135769,positive,1,fragment,protonation,"M | fragment C,F from C-F+C-C bond break(s) | protonation",node_0030,1;2;3,C;C,2,1,,,,,0.5599999999999999,0.72,0.6439999999999999,0.8639999999999999,18,2,9
node_0331,PFA,Perfluoroalkoxy Alkane,C4F8,"{""C"": 4, ""F"": 8}",199.98722530184,positive,1,fragment,electron_loss,"M | fragment C,F from C-F+C-F bond break(s) | electron_loss",node_0031,1;2;3;4;6;7;8;9;10;11;12;13,C;C,2,0,,,,,0.5599999999999999,0.55,0.6060000000000001,0.776,45,1,45
node_0332,PFA,Perfluoroalkoxy Alkane,C4F8,"{""C"": 4, ""F"": 8}",199.98722530184,negative,-1,fragment,electron_gain,"M | fragment C,F from C-F+C-F bond break(s) | electron_gain",node_0031,1;2;3;4;6;7;8;9;10;11;12;13,C;C,2,0,,,,,0.5599999999999999,0.55,0.6060000000000001,0.776,45,1,45
node_0333,PFA,Perfluoroalkoxy Alkane,C4HF8,"{""C"": 4, ""F"": 8, ""H"": 1}",200.99505033407,positive,1,fragment,protonation,"M | fragment C,F from C-F+C-F bond break(s) | protonation",node_0031,1;2;3;4;6;7;8;9;10;11;12;13,C;C,2,1,,,,,0.5599999999999999,0.72,0.5939999999999999,0.8139999999999998,90,2,45
node_0334,PFA,Perfluoroalkoxy Alkane,C3F6,"{""C"": 3, ""F"": 6}",149.99041897638,positive,1,fragment,electron_loss,"M | fragment C,F from C-F+C-C bond break(s) | electron_loss",node_0032,1;2;3;4;5;10;11;12;13,C;C,2,0,,,,,0.5599999999999999,0.55,0.6060000000000001,0.776,21,1,21
node_0335,PFA,Perfluoroalkoxy Alkane,C3F6,"{""C"": 3, ""F"": 6}",149.99041897638,negative,-1,fragment,electron_gain,"M | fragment C,F from C-F+C-C bond break(s) | electron_gain",node_0032,1;2;3;4;5;10;11;12;13,C;C,2,0,,,,,0.5599999999999999,0.55,0.6060000000000001,0.776,21,1,21
node_0336,PFA,Perfluoroalkoxy Alkane,C3HF6,"{""C"": 3, ""F"": 6, ""H"": 1}",150.99824400861,positive,1,fragment,protonation,"M | fragment C,F from C-F+C-C bond break(s) | protonation",node_0032,1;2;3;4;5;10;11;12;13,C;C,2,1,,,,,0.5599999999999999,0.72,0.6439999999999999,0.8639999999999999,42,2,21
node_0337,PFA,Perfluoroalkoxy Alkane,C4F8,"{""C"": 4, ""F"": 8}",199.98722530184,positive,1,fragment,electron_loss,"M | fragment C,F from C-F+C-F bond break(s) | electron_loss",node_0033,1;2;3;4;5;6;8;9;10;11;12;13,C;C,2,0,,,,,0.5599999999999999,0.55,0.6060000000000001,0.776,45,1,45
node_0338,PFA,Perfluoroalkoxy Alkane,C4F8,"{""C"": 4, ""F"": 8}",199.98722530184,negative,-1,fragment,electron_gain,"M | fragment C,F from C-F+C-F bond break(s) | electron_gain",node_0033,1;2;3;4;5;6;8;9;10;11;12;13,C;C,2,0,,,,,0.5599999999999999,0.55,0.6060000000000001,0.776,45,1,45
node_0339,PFA,Perfluoroalkoxy Alkane,C4HF8,"{""C"": 4, ""F"": 8, ""H"": 1}",200.99505033407,positive,1,fragment,protonation,"M | fragment C,F from C-F+C-F bond break(s) | protonation",node_0033,1;2;3;4;5;6;8;9;10;11;12;13,C;C,2,1,,,,,0.5599999999999999,0.72,0.5939999999999999,0.8139999999999998,90,2,45
node_0340,PFA,Perfluoroalkoxy Alkane,C4F8,"{""C"": 4, ""F"": 8}",199.98722530184,positive,1,fragment,electron_loss,"M | fragment C,F from C-F+C-F bond break(s) | electron_loss",node_0034,1;2;3;4;5;6;7;9;10;11;12;13,C;C,2,0,,,,,0.5599999999999999,0.55,0.6060000000000001,0.776,45,1,45
node_0341,PFA,Perfluoroalkoxy Alkane,C4F8,"{""C"": 4, ""F"": 8}",199.98722530184,negative,-1,fragment,electron_gain,"M | fragment C,F from C-F+C-F bond break(s) | electron_gain",node_0034,1;2;3;4;5;6;7;9;10;11;12;13,C;C,2,0,,,,,0.5599999999999999,0.55,0.6060000000000001,0.776,45,1,45
node_0342,PFA,Perfluoroalkoxy Alkane,C4HF8,"{""C"": 4, ""F"": 8, ""H"": 1}",200.99505033407,positive,1,fragment,protonation,"M | fragment C,F from C-F+C-F bond break(s) | protonation",node_0034,1;2;3;4;5;6;7;9;10;11;12;13,C;C,2,1,,,,,0.5599999999999999,0.72,0.5939999999999999,0.8139999999999998,90,2,45
node_0343,PFA,Perfluoroalkoxy Alkane,C4F8,"{""C"": 4, ""F"": 8}",199.98722530184,positive,1,fragment,electron_loss,"M | fragment C,F from C-F+C-F bond break(s) | electron_loss",node_0035,1;2;3;4;5;6;7;8;10;11;12;13,C;C,2,0,,,,,0.5599999999999999,0.55,0.6060000000000001,0.776,45,1,45
node_0344,PFA,Perfluoroalkoxy Alkane,C4F8,"{""C"": 4, ""F"": 8}",199.98722530184,negative,-1,fragment,electron_gain,"M | fragment C,F from C-F+C-F bond break(s) | electron_gain",node_0035,1;2;3;4;5;6;7;8;10;11;12;13,C;C,2,0,,,,,0.5599999999999999,0.55,0.6060000000000001,0.776,45,1,45
node_0345,PFA,Perfluoroalkoxy Alkane,C4HF8,"{""C"": 4, ""F"": 8, ""H"": 1}",200.99505033407,positive,1,fragment,protonation,"M | fragment C,F from C-F+C-F bond break(s) | protonation",node_0035,1;2;3;4;5;6;7;8;10;11;12;13,C;C,2,1,,,,,0.5599999999999999,0.72,0.5939999999999999,0.8139999999999998,90,2,45
node_0346,PFA,Perfluoroalkoxy Alkane,C3F6,"{""C"": 3, ""F"": 6}",149.99041897638,positive,1,fragment,electron_loss,"M | fragment C,F from C-F+C-C bond break(s) | electron_loss",node_0036,1;2;3;4;5;6;7;8;9,C;C,2,0,,,,,0.5599999999999999,0.55,0.6060000000000001,0.776,21,1,21
node_0347,PFA,Perfluoroalkoxy Alkane,C3F6,"{""C"": 3, ""F"": 6}",149.99041897638,negative,-1,fragment,electron_gain,"M | fragment C,F from C-F+C-C bond break(s) | electron_gain",node_0036,1;2;3;4;5;6;7;8;9,C;C,2,0,,,,,0.5599999999999999,0.55,0.6060000000000001,0.776,21,1,21
node_0348,PFA,Perfluoroalkoxy Alkane,C3HF6,"{""C"": 3, ""F"": 6, ""H"": 1}",150.99824400861,positive,1,fragment,protonation,"M | fragment C,F from C-F+C-C bond break(s) | protonation",node_0036,1;2;3;4;5;6;7;8;9,C;C,2,1,,,,,0.5599999999999999,0.72,0.6439999999999999,0.8639999999999999,42,2,21
node_0349,PFA,Perfluoroalkoxy Alkane,C4F8,"{""C"": 4, ""F"": 8}",199.98722530184,positive,1,fragment,electron_loss,"M | fragment C,F from C-F+C-F bond break(s) | electron_loss",node_0037,1;2;3;4;5;6;7;8;9;10;12;13,C;C,2,0,,,,,0.5599999999999999,0.55,0.6060000000000001,0.776,45,1,45
node_0350,PFA,Perfluoroalkoxy Alkane,C4F8,"{""C"": 4, ""F"": 8}",199.98722530184,negative,-1,fragment,electron_gain,"M | fragment C,F from C-F+C-F bond break(s) | electron_gain",node_0037,1;2;3;4;5;6;7;8;9;10;12;13,C;C,2,0,,,,,0.5599999999999999,0.55,0.6060000000000001,0.776,45,1,45
node_0351,PFA,Perfluoroalkoxy Alkane,C4HF8,"{""C"": 4, ""F"": 8, ""H"": 1}",200.99505033407,positive,1,fragment,protonation,"M | fragment C,F from C-F+C-F bond break(s) | protonation",node_0037,1;2;3;4;5;6;7;8;9;10;12;13,C;C,2,1,,,,,0.5599999999999999,0.72,0.5939999999999999,0.8139999999999998,90,2,45
node_0352,PFA,Perfluoroalkoxy Alkane,C4F8,"{""C"": 4, ""F"": 8}",199.98722530184,positive,1,fragment,electron_loss,"M | fragment C,F from C-F+C-F bond break(s) | electron_loss",node_0038,1;2;3;4;5;6;7;8;9;10;11;13,C;C,2,0,,,,,0.5599999999999999,0.55,0.6060000000000001,0.776,45,1,45
node_0353,PFA,Perfluoroalkoxy Alkane,C4F8,"{""C"": 4, ""F"": 8}",199.98722530184,negative,-1,fragment,electron_gain,"M | fragment C,F from C-F+C-F bond break(s) | electron_gain",node_0038,1;2;3;4;5;6;7;8;9;10;11;13,C;C,2,0,,,,,0.5599999999999999,0.55,0.6060000000000001,0.776,45,1,45
node_0354,PFA,Perfluoroalkoxy Alkane,C4HF8,"{""C"": 4, ""F"": 8, ""H"": 1}",200.99505033407,positive,1,fragment,protonation,"M | fragment C,F from C-F+C-F bond break(s) | protonation",node_0038,1;2;3;4;5;6;7;8;9;10;11;13,C;C,2,1,,,,,0.5599999999999999,0.72,0.5939999999999999,0.8139999999999998,90,2,45
node_0355,PFA,Perfluoroalkoxy Alkane,C4F8,"{""C"": 4, ""F"": 8}",199.98722530184,positive,1,fragment,electron_loss,"M | fragment C,F from C-F+C-F bond break(s) | electron_loss",node_0039,1;2;3;4;5;6;7;8;9;10;11;12,C;C,2,0,,,,,0.5599999999999999,0.55,0.6060000000000001,0.776,45,1,45
node_0356,PFA,Perfluoroalkoxy Alkane,C4F8,"{""C"": 4, ""F"": 8}",199.98722530184,negative,-1,fragment,electron_gain,"M | fragment C,F from C-F+C-F bond break(s) | electron_gain",node_0039,1;2;3;4;5;6;7;8;9;10;11;12,C;C,2,0,,,,,0.5599999999999999,0.55,0.6060000000000001,0.776,45,1,45
node_0357,PFA,Perfluoroalkoxy Alkane,C4HF8,"{""C"": 4, ""F"": 8, ""H"": 1}",200.99505033407,positive,1,fragment,protonation,"M | fragment C,F from C-F+C-F bond break(s) | protonation",node_0039,1;2;3;4;5;6;7;8;9;10;11;12,C;C,2,1,,,,,0.5599999999999999,0.72,0.5939999999999999,0.8139999999999998,90,2,45
node_0358,PFA,Perfluoroalkoxy Alkane,C4F8,"{""C"": 4, ""F"": 8}",199.98722530184,positive,1,fragment,electron_loss,"M | fragment C,F from C-F+C-F bond break(s) | electron_loss",node_0040,0;1;4;5;6;7;8;9;10;11;12;13,C;C,2,0,,,,,0.5599999999999999,0.55,0.6060000000000001,0.776,45,1,45
node_0359,PFA,Perfluoroalkoxy Alkane,C4F8,"{""C"": 4, ""F"": 8}",199.98722530184,negative,-1,fragment,electron_gain,"M | fragment C,F from C-F+C-F bond break(s) | electron_gain",node_0040,0;1;4;5;6;7;8;9;10;11;12;13,C;C,2,0,,,,,0.5599999999999999,0.55,0.6060000000000001,0.776,45,1,45
node_0360,PFA,Perfluoroalkoxy Alkane,C4HF8,"{""C"": 4, ""F"": 8, ""H"": 1}",200.99505033407,positive,1,fragment,protonation,"M | fragment C,F from C-F+C-F bond break(s) | protonation",node_0040,0;1;4;5;6;7;8;9;10;11;12;13,C;C,2,1,,,,,0.5599999999999999,0.72,0.5939999999999999,0.8139999999999998,90,2,45
node_0361,PFA,Perfluoroalkoxy Alkane,CF2,"{""C"": 1, ""F"": 2}",49.99680632546,positive,1,fragment,electron_loss,"M | fragment C,F from C-F+C-C bond break(s) | electron_loss",node_0041,0;1;3,C;C,2,0,,,,,0.5599999999999999,0.55,0.6060000000000001,1.0,10,2,10
node_0362,PFA,Perfluoroalkoxy Alkane,CF2,"{""C"": 1, ""F"": 2}",49.99680632546,negative,-1,fragment,electron_gain,"M | fragment C,F from C-F+C-C bond break(s) | electron_gain",node_0041,0;1;3,C;C,2,0,,,,,0.5599999999999999,0.55,0.6060000000000001,0.776,9,1,9
node_0363,PFA,Perfluoroalkoxy Alkane,CHF2,"{""C"": 1, ""F"": 2, ""H"": 1}",51.00463135769,positive,1,fragment,protonation,"M | fragment C,F from C-F+C-C bond break(s) | protonation",node_0041,0;1;3,C;C,2,1,,,,,0.5599999999999999,0.72,0.6439999999999999,0.8639999999999999,18,2,9
node_0364,PFA,Perfluoroalkoxy Alkane,C4F8,"{""C"": 4, ""F"": 8}",199.98722530184,positive,1,fragment,electron_loss,"M | fragment C,F from C-F+C-F bond break(s) | electron_loss",node_0042,0;1;3;4;6;7;8;9;10;11;12;13,C;C,2,0,,,,,0.5599999999999999,0.55,0.6060000000000001,0.776,45,1,45
node_0365,PFA,Perfluoroalkoxy Alkane,C4F8,"{""C"": 4, ""F"": 8}",199.98722530184,negative,-1,fragment,electron_gain,"M | fragment C,F from C-F+C-F bond break(s) | electron_gain",node_0042,0;1;3;4;6;7;8;9;10;11;12;13,C;C,2,0,,,,,0.5599999999999999,0.55,0.6060000000000001,0.776,45,1,45
node_0366,PFA,Perfluoroalkoxy Alkane,C4HF8,"{""C"": 4, ""F"": 8, ""H"": 1}",200.99505033407,positive,1,fragment,protonation,"M | fragment C,F from C-F+C-F bond break(s) | protonation",node_0042,0;1;3;4;6;7;8;9;10;11;12;13,C;C,2,1,,,,,0.5599999999999999,0.72,0.5939999999999999,0.8139999999999998,90,2,45
node_0367,PFA,Perfluoroalkoxy Alkane,C3F6,"{""C"": 3, ""F"": 6}",149.99041897638,positive,1,fragment,electron_loss,"M | fragment C,F from C-F+C-C bond break(s) | electron_loss",node_0043,0;1;3;4;5;10;11;12;13,C;C,2,0,,,,,0.5599999999999999,0.55,0.6060000000000001,0.776,21,1,21
node_0368,PFA,Perfluoroalkoxy Alkane,C3F6,"{""C"": 3, ""F"": 6}",149.99041897638,negative,-1,fragment,electron_gain,"M | fragment C,F from C-F+C-C bond break(s) | electron_gain",node_0043,0;1;3;4;5;10;11;12;13,C;C,2,0,,,,,0.5599999999999999,0.55,0.6060000000000001,0.776,21,1,21
node_0369,PFA,Perfluoroalkoxy Alkane,C3HF6,"{""C"": 3, ""F"": 6, ""H"": 1}",150.99824400861,positive,1,fragment,protonation,"M | fragment C,F from C-F+C-C bond break(s) | protonation",node_0043,0;1;3;4;5;10;11;12;13,C;C,2,1,,,,,0.5599999999999999,0.72,0.6439999999999999,0.8639999999999999,42,2,21
node_0370,PFA,Perfluoroalkoxy Alkane,C4F8,"{""C"": 4, ""F"": 8}",199.98722530184,positive,1,fragment,electron_loss,"M | fragment C,F from C-F+C-F bond break(s) | electron_loss",node_0044,0;1;3;4;5;6;8;9;10;11;12;13,C;C,2,0,,,,,0.5599999999999999,0.55,0.6060000000000001,0.776,45,1,45
node_0371,PFA,Perfluoroalkoxy Alkane,C4F8,"{""C"": 4, ""F"": 8}",199.98722530184,negative,-1,fragment,electron_gain,"M | fragment C,F from C-F+C-F bond break(s) | electron_gain",node_0044,0;1;3;4;5;6;8;9;10;11;12;13,C;C,2,0,,,,,0.5599999999999999,0.55,0.6060000000000001,0.776,45,1,45
node_0372,PFA,Perfluoroalkoxy Alkane,C4HF8,"{""C"": 4, ""F"": 8, ""H"": 1}",200.99505033407,positive,1,fragment,protonation,"M | fragment C,F from C-F+C-F bond break(s) | protonation",node_0044,0;1;3;4;5;6;8;9;10;11;12;13,C;C,2,1,,,,,0.5599999999999999,0.72,0.5939999999999999,0.8139999999999998,90,2,45
node_0373,PFA,Perfluoroalkoxy Alkane,C4F8,"{""C"": 4, ""F"": 8}",199.98722530184,positive,1,fragment,electron_loss,"M | fragment C,F from C-F+C-F bond break(s) | electron_loss",node_0045,0;1;3;4;5;6;7;9;10;11;12;13,C;C,2,0,,,,,0.5599999999999999,0.55,0.6060000000000001,0.776,45,1,45
node_0374,PFA,Perfluoroalkoxy Alkane,C4F8,"{""C"": 4, ""F"": 8}",199.98722530184,negative,-1,fragment,electron_gain,"M | fragment C,F from C-F+C-F bond break(s) | electron_gain",node_0045,0;1;3;4;5;6;7;9;10;11;12;13,C;C,2,0,,,,,0.5599999999999999,0.55,0.6060000000000001,0.776,45,1,45
node_0375,PFA,Perfluoroalkoxy Alkane,C4HF8,"{""C"": 4, ""F"": 8, ""H"": 1}",200.99505033407,positive,1,fragment,protonation,"M | fragment C,F from C-F+C-F bond break(s) | protonation",node_0045,0;1;3;4;5;6;7;9;10;11;12;13,C;C,2,1,,,,,0.5599999999999999,0.72,0.5939999999999999,0.8139999999999998,90,2,45
node_0376,PFA,Perfluoroalkoxy Alkane,C4F8,"{""C"": 4, ""F"": 8}",199.98722530184,positive,1,fragment,electron_loss,"M | fragment C,F from C-F+C-F bond break(s) | electron_loss",node_0046,0;1;3;4;5;6;7;8;10;11;12;13,C;C,2,0,,,,,0.5599999999999999,0.55,0.6060000000000001,0.776,45,1,45
node_0377,PFA,Perfluoroalkoxy Alkane,C4F8,"{""C"": 4, ""F"": 8}",199.98722530184,negative,-1,fragment,electron_gain,"M | fragment C,F from C-F+C-F bond break(s) | electron_gain",node_0046,0;1;3;4;5;6;7;8;10;11;12;13,C;C,2,0,,,,,0.5599999999999999,0.55,0.6060000000000001,0.776,45,1,45
node_0378,PFA,Perfluoroalkoxy Alkane,C4HF8,"{""C"": 4, ""F"": 8, ""H"": 1}",200.99505033407,positive,1,fragment,protonation,"M | fragment C,F from C-F+C-F bond break(s) | protonation",node_0046,0;1;3;4;5;6;7;8;10;11;12;13,C;C,2,1,,,,,0.5599999999999999,0.72,0.5939999999999999,0.8139999999999998,90,2,45
node_0379,PFA,Perfluoroalkoxy Alkane,C3F6,"{""C"": 3, ""F"": 6}",149.99041897638,positive,1,fragment,electron_loss,"M | fragment C,F from C-F+C-C bond break(s) | electron_loss",node_0047,0;1;3;4;5;6;7;8;9,C;C,2,0,,,,,0.5599999999999999,0.55,0.6060000000000001,0.776,21,1,21
node_0380,PFA,Perfluoroalkoxy Alkane,C3F6,"{""C"": 3, ""F"": 6}",149.99041897638,negative,-1,fragment,electron_gain,"M | fragment C,F from C-F+C-C bond break(s) | electron_gain",node_0047,0;1;3;4;5;6;7;8;9,C;C,2,0,,,,,0.5599999999999999,0.55,0.6060000000000001,0.776,21,1,21
node_0381,PFA,Perfluoroalkoxy Alkane,C3HF6,"{""C"": 3, ""F"": 6, ""H"": 1}",150.99824400861,positive,1,fragment,protonation,"M | fragment C,F from C-F+C-C bond break(s) | protonation",node_0047,0;1;3;4;5;6;7;8;9,C;C,2,1,,,,,0.5599999999999999,0.72,0.6439999999999999,0.8639999999999999,42,2,21
node_0382,PFA,Perfluoroalkoxy Alkane,C4F8,"{""C"": 4, ""F"": 8}",199.98722530184,positive,1,fragment,electron_loss,"M | fragment C,F from C-F+C-F bond break(s) | electron_loss",node_0048,0;1;3;4;5;6;7;8;9;10;12;13,C;C,2,0,,,,,0.5599999999999999,0.55,0.6060000000000001,0.776,45,1,45
node_0383,PFA,Perfluoroalkoxy Alkane,C4F8,"{""C"": 4, ""F"": 8}",199.98722530184,negative,-1,fragment,electron_gain,"M | fragment C,F from C-F+C-F bond break(s) | electron_gain",node_0048,0;1;3;4;5;6;7;8;9;10;12;13,C;C,2,0,,,,,0.5599999999999999,0.55,0.6060000000000001,0.776,45,1,45
node_0384,PFA,Perfluoroalkoxy Alkane,C4HF8,"{""C"": 4, ""F"": 8, ""H"": 1}",200.99505033407,positive,1,fragment,protonation,"M | fragment C,F from C-F+C-F bond break(s) | protonation",node_0048,0;1;3;4;5;6;7;8;9;10;12;13,C;C,2,1,,,,,0.5599999999999999,0.72,0.5939999999999999,0.8139999999999998,90,2,45
node_0385,PFA,Perfluoroalkoxy Alkane,C4F8,"{""C"": 4, ""F"": 8}",199.98722530184,positive,1,fragment,electron_loss,"M | fragment C,F from C-F+C-F bond break(s) | electron_loss",node_0049,0;1;3;4;5;6;7;8;9;10;11;13,C;C,2,0,,,,,0.5599999999999999,0.55,0.6060000000000001,0.776,45,1,45
node_0386,PFA,Perfluoroalkoxy Alkane,C4F8,"{""C"": 4, ""F"": 8}",199.98722530184,negative,-1,fragment,electron_gain,"M | fragment C,F from C-F+C-F bond break(s) | electron_gain",node_0049,0;1;3;4;5;6;7;8;9;10;11;13,C;C,2,0,,,,,0.5599999999999999,0.55,0.6060000000000001,0.776,45,1,45
node_0387,PFA,Perfluoroalkoxy Alkane,C4HF8,"{""C"": 4, ""F"": 8, ""H"": 1}",200.99505033407,positive,1,fragment,protonation,"M | fragment C,F from C-F+C-F bond break(s) | protonation",node_0049,0;1;3;4;5;6;7;8;9;10;11;13,C;C,2,1,,,,,0.5599999999999999,0.72,0.5939999999999999,0.8139999999999998,90,2,45
node_0388,PFA,Perfluoroalkoxy Alkane,C4F8,"{""C"": 4, ""F"": 8}",199.98722530184,positive,1,fragment,electron_loss,"M | fragment C,F from C-F+C-F bond break(s) | electron_loss",node_0050,0;1;3;4;5;6;7;8;9;10;11;12,C;C,2,0,,,,,0.5599999999999999,0.55,0.6060000000000001,0.776,45,1,45
node_0389,PFA,Perfluoroalkoxy Alkane,C4F8,"{""C"": 4, ""F"": 8}",199.98722530184,negative,-1,fragment,electron_gain,"M | fragment C,F from C-F+C-F bond break(s) | electron_gain",node_0050,0;1;3;4;5;6;7;8;9;10;11;12,C;C,2,0,,,,,0.5599999999999999,0.55,0.6060000000000001,0.776,45,1,45
node_0390,PFA,Perfluoroalkoxy Alkane,C4HF8,"{""C"": 4, ""F"": 8, ""H"": 1}",200.99505033407,positive,1,fragment,protonation,"M | fragment C,F from C-F+C-F bond break(s) | protonation",node_0050,0;1;3;4;5;6;7;8;9;10;11;12,C;C,2,1,,,,,0.5599999999999999,0.72,0.5939999999999999,0.8139999999999998,90,2,45
node_0391,PFA,Perfluoroalkoxy Alkane,CF2,"{""C"": 1, ""F"": 2}",49.99680632546,positive,1,fragment,electron_loss,"M | fragment C,F from C-F+C-C bond break(s) | electron_loss",node_0051,0;1;2,C;C,2,0,,,,,0.5599999999999999,0.55,0.6060000000000001,1.0,10,2,10
node_0392,PFA,Perfluoroalkoxy Alkane,CF2,"{""C"": 1, ""F"": 2}",49.99680632546,negative,-1,fragment,electron_gain,"M | fragment C,F from C-F+C-C bond break(s) | electron_gain",node_0051,0;1;2,C;C,2,0,,,,,0.5599999999999999,0.55,0.6060000000000001,0.776,9,1,9
node_0393,PFA,Perfluoroalkoxy Alkane,CHF2,"{""C"": 1, ""F"": 2, ""H"": 1}",51.00463135769,positive,1,fragment,protonation,"M | fragment C,F from C-F+C-C bond break(s) | protonation",node_0051,0;1;2,C;C,2,1,,,,,0.5599999999999999,0.72,0.6439999999999999,0.8639999999999999,18,2,9
node_0394,PFA,Perfluoroalkoxy Alkane,C4F8,"{""C"": 4, ""F"": 8}",199.98722530184,positive,1,fragment,electron_loss,"M | fragment C,F from C-F+C-F bond break(s) | electron_loss",node_0052,0;1;2;4;6;7;8;9;10;11;12;13,C;C,2,0,,,,,0.5599999999999999,0.55,0.6060000000000001,0.776,45,1,45
node_0395,PFA,Perfluoroalkoxy Alkane,C4F8,"{""C"": 4, ""F"": 8}",199.98722530184,negative,-1,fragment,electron_gain,"M | fragment C,F from C-F+C-F bond break(s) | electron_gain",node_0052,0;1;2;4;6;7;8;9;10;11;12;13,C;C,2,0,,,,,0.5599999999999999,0.55,0.6060000000000001,0.776,45,1,45
node_0396,PFA,Perfluoroalkoxy Alkane,C4HF8,"{""C"": 4, ""F"": 8, ""H"": 1}",200.99505033407,positive,1,fragment,protonation,"M | fragment C,F from C-F+C-F bond break(s) | protonation",node_0052,0;1;2;4;6;7;8;9;10;11;12;13,C;C,2,1,,,,,0.5599999999999999,0.72,0.5939999999999999,0.8139999999999998,90,2,45
node_0397,PFA,Perfluoroalkoxy Alkane,C3F6,"{""C"": 3, ""F"": 6}",149.99041897638,positive,1,fragment,electron_loss,"M | fragment C,F from C-F+C-C bond break(s) | electron_loss",node_0053,0;1;2;4;5;10;11;12;13,C;C,2,0,,,,,0.5599999999999999,0.55,0.6060000000000001,0.776,21,1,21
node_0398,PFA,Perfluoroalkoxy Alkane,C3F6,"{""C"": 3, ""F"": 6}",149.99041897638,negative,-1,fragment,electron_gain,"M | fragment C,F from C-F+C-C bond break(s) | electron_gain",node_0053,0;1;2;4;5;10;11;12;13,C;C,2,0,,,,,0.5599999999999999,0.55,0.6060000000000001,0.776,21,1,21
node_0399,PFA,Perfluoroalkoxy Alkane,C3HF6,"{""C"": 3, ""F"": 6, ""H"": 1}",150.99824400861,positive,1,fragment,protonation,"M | fragment C,F from C-F+C-C bond break(s) | protonation",node_0053,0;1;2;4;5;10;11;12;13,C;C,2,1,,,,,0.5599999999999999,0.72,0.6439999999999999,0.8639999999999999,42,2,21
node_0400,PFA,Perfluoroalkoxy Alkane,C4F8,"{""C"": 4, ""F"": 8}",199.98722530184,positive,1,fragment,electron_loss,"M | fragment C,F from C-F+C-F bond break(s) | electron_loss",node_0054,0;1;2;4;5;6;8;9;10;11;12;13,C;C,2,0,,,,,0.5599999999999999,0.55,0.6060000000000001,0.776,45,1,45
node_0401,PFA,Perfluoroalkoxy Alkane,C4F8,"{""C"": 4, ""F"": 8}",199.98722530184,negative,-1,fragment,electron_gain,"M | fragment C,F from C-F+C-F bond break(s) | electron_gain",node_0054,0;1;2;4;5;6;8;9;10;11;12;13,C;C,2,0,,,,,0.5599999999999999,0.55,0.6060000000000001,0.776,45,1,45
node_0402,PFA,Perfluoroalkoxy Alkane,C4HF8,"{""C"": 4, ""F"": 8, ""H"": 1}",200.99505033407,positive,1,fragment,protonation,"M | fragment C,F from C-F+C-F bond break(s) | protonation",node_0054,0;1;2;4;5;6;8;9;10;11;12;13,C;C,2,1,,,,,0.5599999999999999,0.72,0.5939999999999999,0.8139999999999998,90,2,45
node_0403,PFA,Perfluoroalkoxy Alkane,C4F8,"{""C"": 4, ""F"": 8}",199.98722530184,positive,1,fragment,electron_loss,"M | fragment C,F from C-F+C-F bond break(s) | electron_loss",node_0055,0;1;2;4;5;6;7;9;10;11;12;13,C;C,2,0,,,,,0.5599999999999999,0.55,0.6060000000000001,0.776,45,1,45
node_0404,PFA,Perfluoroalkoxy Alkane,C4F8,"{""C"": 4, ""F"": 8}",199.98722530184,negative,-1,fragment,electron_gain,"M | fragment C,F from C-F+C-F bond break(s) | electron_gain",node_0055,0;1;2;4;5;6;7;9;10;11;12;13,C;C,2,0,,,,,0.5599999999999999,0.55,0.6060000000000001,0.776,45,1,45
node_0405,PFA,Perfluoroalkoxy Alkane,C4HF8,"{""C"": 4, ""F"": 8, ""H"": 1}",200.99505033407,positive,1,fragment,protonation,"M | fragment C,F from C-F+C-F bond break(s) | protonation",node_0055,0;1;2;4;5;6;7;9;10;11;12;13,C;C,2,1,,,,,0.5599999999999999,0.72,0.5939999999999999,0.8139999999999998,90,2,45
node_0406,PFA,Perfluoroalkoxy Alkane,C4F8,"{""C"": 4, ""F"": 8}",199.98722530184,positive,1,fragment,electron_loss,"M | fragment C,F from C-F+C-F bond break(s) | electron_loss",node_0056,0;1;2;4;5;6;7;8;10;11;12;13,C;C,2,0,,,,,0.5599999999999999,0.55,0.6060000000000001,0.776,45,1,45
node_0407,PFA,Perfluoroalkoxy Alkane,C4F8,"{""C"": 4, ""F"": 8}",199.98722530184,negative,-1,fragment,electron_gain,"M | fragment C,F from C-F+C-F bond break(s) | electron_gain",node_0056,0;1;2;4;5;6;7;8;10;11;12;13,C;C,2,0,,,,,0.5599999999999999,0.55,0.6060000000000001,0.776,45,1,45
node_0408,PFA,Perfluoroalkoxy Alkane,C4HF8,"{""C"": 4, ""F"": 8, ""H"": 1}",200.99505033407,positive,1,fragment,protonation,"M | fragment C,F from C-F+C-F bond break(s) | protonation",node_0056,0;1;2;4;5;6;7;8;10;11;12;13,C;C,2,1,,,,,0.5599999999999999,0.72,0.5939999999999999,0.8139999999999998,90,2,45
node_0409,PFA,Perfluoroalkoxy Alkane,C3F6,"{""C"": 3, ""F"": 6}",149.99041897638,positive,1,fragment,electron_loss,"M | fragment C,F from C-F+C-C bond break(s) | electron_loss",node_0057,0;1;2;4;5;6;7;8;9,C;C,2,0,,,,,0.5599999999999999,0.55,0.6060000000000001,0.776,21,1,21
node_0410,PFA,Perfluoroalkoxy Alkane,C3F6,"{""C"": 3, ""F"": 6}",149.99041897638,negative,-1,fragment,electron_gain,"M | fragment C,F from C-F+C-C bond break(s) | electron_gain",node_0057,0;1;2;4;5;6;7;8;9,C;C,2,0,,,,,0.5599999999999999,0.55,0.6060000000000001,0.776,21,1,21
node_0411,PFA,Perfluoroalkoxy Alkane,C3HF6,"{""C"": 3, ""F"": 6, ""H"": 1}",150.99824400861,positive,1,fragment,protonation,"M | fragment C,F from C-F+C-C bond break(s) | protonation",node_0057,0;1;2;4;5;6;7;8;9,C;C,2,1,,,,,0.5599999999999999,0.72,0.6439999999999999,0.8639999999999999,42,2,21
node_0412,PFA,Perfluoroalkoxy Alkane,C4F8,"{""C"": 4, ""F"": 8}",199.98722530184,positive,1,fragment,electron_loss,"M | fragment C,F from C-F+C-F bond break(s) | electron_loss",node_0058,0;1;2;4;5;6;7;8;9;10;12;13,C;C,2,0,,,,,0.5599999999999999,0.55,0.6060000000000001,0.776,45,1,45
node_0413,PFA,Perfluoroalkoxy Alkane,C4F8,"{""C"": 4, ""F"": 8}",199.98722530184,negative,-1,fragment,electron_gain,"M | fragment C,F from C-F+C-F bond break(s) | electron_gain",node_0058,0;1;2;4;5;6;7;8;9;10;12;13,C;C,2,0,,,,,0.5599999999999999,0.55,0.6060000000000001,0.776,45,1,45
node_0414,PFA,Perfluoroalkoxy Alkane,C4HF8,"{""C"": 4, ""F"": 8, ""H"": 1}",200.99505033407,positive,1,fragment,protonation,"M | fragment C,F from C-F+C-F bond break(s) | protonation",node_0058,0;1;2;4;5;6;7;8;9;10;12;13,C;C,2,1,,,,,0.5599999999999999,0.72,0.5939999999999999,0.8139999999999998,90,2,45
node_0415,PFA,Perfluoroalkoxy Alkane,C4F8,"{""C"": 4, ""F"": 8}",199.98722530184,positive,1,fragment,electron_loss,"M | fragment C,F from C-F+C-F bond break(s) | electron_loss",node_0059,0;1;2;4;5;6;7;8;9;10;11;13,C;C,2,0,,,,,0.5599999999999999,0.55,0.6060000000000001,0.776,45,1,45
node_0416,PFA,Perfluoroalkoxy Alkane,C4F8,"{""C"": 4, ""F"": 8}",199.98722530184,negative,-1,fragment,electron_gain,"M | fragment C,F from C-F+C-F bond break(s) | electron_gain",node_0059,0;1;2;4;5;6;7;8;9;10;11;13,C;C,2,0,,,,,0.5599999999999999,0.55,0.6060000000000001,0.776,45,1,45
node_0417,PFA,Perfluoroalkoxy Alkane,C4HF8,"{""C"": 4, ""F"": 8, ""H"": 1}",200.99505033407,positive,1,fragment,protonation,"M | fragment C,F from C-F+C-F bond break(s) | protonation",node_0059,0;1;2;4;5;6;7;8;9;10;11;13,C;C,2,1,,,,,0.5599999999999999,0.72,0.5939999999999999,0.8139999999999998,90,2,45
node_0418,PFA,Perfluoroalkoxy Alkane,C4F8,"{""C"": 4, ""F"": 8}",199.98722530184,positive,1,fragment,electron_loss,"M | fragment C,F from C-F+C-F bond break(s) | electron_loss",node_0060,0;1;2;4;5;6;7;8;9;10;11;12,C;C,2,0,,,,,0.5599999999999999,0.55,0.6060000000000001,0.776,45,1,45
node_0419,PFA,Perfluoroalkoxy Alkane,C4F8,"{""C"": 4, ""F"": 8}",199.98722530184,negative,-1,fragment,electron_gain,"M | fragment C,F from C-F+C-F bond break(s) | electron_gain",node_0060,0;1;2;4;5;6;7;8;9;10;11;12,C;C,2,0,,,,,0.5599999999999999,0.55,0.6060000000000001,0.776,45,1,45
node_0420,PFA,Perfluoroalkoxy Alkane,C4HF8,"{""C"": 4, ""F"": 8, ""H"": 1}",200.99505033407,positive,1,fragment,protonation,"M | fragment C,F from C-F+C-F bond break(s) | protonation",node_0060,0;1;2;4;5;6;7;8;9;10;11;12,C;C,2,1,,,,,0.5599999999999999,0.72,0.5939999999999999,0.8139999999999998,90,2,45
node_0421,PFA,Perfluoroalkoxy Alkane,C3F6,"{""C"": 3, ""F"": 6}",149.99041897638,positive,1,fragment,electron_loss,"M | fragment C,F from C-C+C-F bond break(s) | electron_loss",node_0061,4;6;7;8;9;10;11;12;13,C;C,2,0,,,,,0.5599999999999999,0.55,0.6060000000000001,0.776,21,1,21
node_0422,PFA,Perfluoroalkoxy Alkane,C3F6,"{""C"": 3, ""F"": 6}",149.99041897638,negative,-1,fragment,electron_gain,"M | fragment C,F from C-C+C-F bond break(s) | electron_gain",node_0061,4;6;7;8;9;10;11;12;13,C;C,2,0,,,,,0.5599999999999999,0.55,0.6060000000000001,0.776,21,1,21
node_0423,PFA,Perfluoroalkoxy Alkane,C3HF6,"{""C"": 3, ""F"": 6, ""H"": 1}",150.99824400861,positive,1,fragment,protonation,"M | fragment C,F from C-C+C-F bond break(s) | protonation",node_0061,4;6;7;8;9;10;11;12;13,C;C,2,1,,,,,0.5599999999999999,0.72,0.6439999999999999,0.8639999999999999,42,2,21
node_0424,PFA,Perfluoroalkoxy Alkane,C2F4,"{""C"": 2, ""F"": 4}",99.99361265092,positive,1,fragment,electron_loss,"M | fragment C,F from C-C+C-C bond break(s) | electron_loss",node_0062,4;5;10;11;12;13,C;C,2,0,,,,,0.5599999999999999,0.55,0.6060000000000001,1.0,4,2,4
node_0425,PFA,Perfluoroalkoxy Alkane,C2F4,"{""C"": 2, ""F"": 4}",99.99361265092,negative,-1,fragment,electron_gain,"M | fragment C,F from C-C+C-C bond break(s) | electron_gain",node_0062,4;5;10;11;12;13,C;C,2,0,,,,,0.5599999999999999,0.55,0.6060000000000001,1.0,4,2,4
node_0426,PFA,Perfluoroalkoxy Alkane,C2HF4,"{""C"": 2, ""F"": 4, ""H"": 1}",101.00143768315,positive,1,fragment,protonation,"M | fragment C,F from C-C+C-C bond break(s) | protonation",node_0062,4;5;10;11;12;13,C;C,2,1,,,,,0.5599999999999999,0.72,0.6439999999999999,0.8639999999999999,6,2,3
node_0427,PFA,Perfluoroalkoxy Alkane,C3F6,"{""C"": 3, ""F"": 6}",149.99041897638,positive,1,fragment,electron_loss,"M | fragment C,F from C-C+C-F bond break(s) | electron_loss",node_0063,4;5;6;8;9;10;11;12;13,C;C,2,0,,,,,0.5599999999999999,0.55,0.6060000000000001,0.776,21,1,21
node_0428,PFA,Perfluoroalkoxy Alkane,C3F6,"{""C"": 3, ""F"": 6}",149.99041897638,negative,-1,fragment,electron_gain,"M | fragment C,F from C-C+C-F bond break(s) | electron_gain",node_0063,4;5;6;8;9;10;11;12;13,C;C,2,0,,,,,0.5599999999999999,0.55,0.6060000000000001,0.776,21,1,21
node_0429,PFA,Perfluoroalkoxy Alkane,C3HF6,"{""C"": 3, ""F"": 6, ""H"": 1}",150.99824400861,positive,1,fragment,protonation,"M | fragment C,F from C-C+C-F bond break(s) | protonation",node_0063,4;5;6;8;9;10;11;12;13,C;C,2,1,,,,,0.5599999999999999,0.72,0.6439999999999999,0.8639999999999999,42,2,21
node_0430,PFA,Perfluoroalkoxy Alkane,C3F6,"{""C"": 3, ""F"": 6}",149.99041897638,positive,1,fragment,electron_loss,"M | fragment C,F from C-C+C-F bond break(s) | electron_loss",node_0064,4;5;6;7;9;10;11;12;13,C;C,2,0,,,,,0.5599999999999999,0.55,0.6060000000000001,0.776,21,1,21
node_0431,PFA,Perfluoroalkoxy Alkane,C3F6,"{""C"": 3, ""F"": 6}",149.99041897638,negative,-1,fragment,electron_gain,"M | fragment C,F from C-C+C-F bond break(s) | electron_gain",node_0064,4;5;6;7;9;10;11;12;13,C;C,2,0,,,,,0.5599999999999999,0.55,0.6060000000000001,0.776,21,1,21
node_0432,PFA,Perfluoroalkoxy Alkane,C3HF6,"{""C"": 3, ""F"": 6, ""H"": 1}",150.99824400861,positive,1,fragment,protonation,"M | fragment C,F from C-C+C-F bond break(s) | protonation",node_0064,4;5;6;7;9;10;11;12;13,C;C,2,1,,,,,0.5599999999999999,0.72,0.6439999999999999,0.8639999999999999,42,2,21
node_0433,PFA,Perfluoroalkoxy Alkane,C3F6,"{""C"": 3, ""F"": 6}",149.99041897638,positive,1,fragment,electron_loss,"M | fragment C,F from C-C+C-F bond break(s) | electron_loss",node_0065,4;5;6;7;8;10;11;12;13,C;C,2,0,,,,,0.5599999999999999,0.55,0.6060000000000001,0.776,21,1,21
node_0434,PFA,Perfluoroalkoxy Alkane,C3F6,"{""C"": 3, ""F"": 6}",149.99041897638,negative,-1,fragment,electron_gain,"M | fragment C,F from C-C+C-F bond break(s) | electron_gain",node_0065,4;5;6;7;8;10;11;12;13,C;C,2,0,,,,,0.5599999999999999,0.55,0.6060000000000001,0.776,21,1,21
node_0435,PFA,Perfluoroalkoxy Alkane,C3HF6,"{""C"": 3, ""F"": 6, ""H"": 1}",150.99824400861,positive,1,fragment,protonation,"M | fragment C,F from C-C+C-F bond break(s) | protonation",node_0065,4;5;6;7;8;10;11;12;13,C;C,2,1,,,,,0.5599999999999999,0.72,0.6439999999999999,0.8639999999999999,42,2,21
node_0436,PFA,Perfluoroalkoxy Alkane,C2F4,"{""C"": 2, ""F"": 4}",99.99361265092,positive,1,fragment,electron_loss,"M | fragment C,F from C-C+C-C bond break(s) | electron_loss",node_0066,4;5;6;7;8;9,C;C,2,0,,,,,0.5599999999999999,0.55,0.6060000000000001,1.0,4,2,4
node_0437,PFA,Perfluoroalkoxy Alkane,C2F4,"{""C"": 2, ""F"": 4}",99.99361265092,negative,-1,fragment,electron_gain,"M | fragment C,F from C-C+C-C bond break(s) | electron_gain",node_0066,4;5;6;7;8;9,C;C,2,0,,,,,0.5599999999999999,0.55,0.6060000000000001,1.0,4,2,4
node_0438,PFA,Perfluoroalkoxy Alkane,C2HF4,"{""C"": 2, ""F"": 4, ""H"": 1}",101.00143768315,positive,1,fragment,protonation,"M | fragment C,F from C-C+C-C bond break(s) | protonation",node_0066,4;5;6;7;8;9,C;C,2,1,,,,,0.5599999999999999,0.72,0.6439999999999999,0.8639999999999999,6,2,3
node_0439,PFA,Perfluoroalkoxy Alkane,C3F6,"{""C"": 3, ""F"": 6}",149.99041897638,positive,1,fragment,electron_loss,"M | fragment C,F from C-C+C-F bond break(s) | electron_loss",node_0067,4;5;6;7;8;9;10;12;13,C;C,2,0,,,,,0.5599999999999999,0.55,0.6060000000000001,0.776,21,1,21
node_0440,PFA,Perfluoroalkoxy Alkane,C3F6,"{""C"": 3, ""F"": 6}",149.99041897638,negative,-1,fragment,electron_gain,"M | fragment C,F from C-C+C-F bond break(s) | electron_gain",node_0067,4;5;6;7;8;9;10;12;13,C;C,2,0,,,,,0.5599999999999999,0.55,0.6060000000000001,0.776,21,1,21
node_0441,PFA,Perfluoroalkoxy Alkane,C3HF6,"{""C"": 3, ""F"": 6, ""H"": 1}",150.99824400861,positive,1,fragment,protonation,"M | fragment C,F from C-C+C-F bond break(s) | protonation",node_0067,4;5;6;7;8;9;10;12;13,C;C,2,1,,,,,0.5599999999999999,0.72,0.6439999999999999,0.8639999999999999,42,2,21
node_0442,PFA,Perfluoroalkoxy Alkane,C3F6,"{""C"": 3, ""F"": 6}",149.99041897638,positive,1,fragment,electron_loss,"M | fragment C,F from C-C+C-F bond break(s) | electron_loss",node_0068,4;5;6;7;8;9;10;11;13,C;C,2,0,,,,,0.5599999999999999,0.55,0.6060000000000001,0.776,21,1,21
node_0443,PFA,Perfluoroalkoxy Alkane,C3F6,"{""C"": 3, ""F"": 6}",149.99041897638,negative,-1,fragment,electron_gain,"M | fragment C,F from C-C+C-F bond break(s) | electron_gain",node_0068,4;5;6;7;8;9;10;11;13,C;C,2,0,,,,,0.5599999999999999,0.55,0.6060000000000001,0.776,21,1,21
node_0444,PFA,Perfluoroalkoxy Alkane,C3HF6,"{""C"": 3, ""F"": 6, ""H"": 1}",150.99824400861,positive,1,fragment,protonation,"M | fragment C,F from C-C+C-F bond break(s) | protonation",node_0068,4;5;6;7;8;9;10;11;13,C;C,2,1,,,,,0.5599999999999999,0.72,0.6439999999999999,0.8639999999999999,42,2,21
node_0445,PFA,Perfluoroalkoxy Alkane,C3F6,"{""C"": 3, ""F"": 6}",149.99041897638,positive,1,fragment,electron_loss,"M | fragment C,F from C-C+C-F bond break(s) | electron_loss",node_0069,4;5;6;7;8;9;10;11;12,C;C,2,0,,,,,0.5599999999999999,0.55,0.6060000000000001,0.776,21,1,21
node_0446,PFA,Perfluoroalkoxy Alkane,C3F6,"{""C"": 3, ""F"": 6}",149.99041897638,negative,-1,fragment,electron_gain,"M | fragment C,F from C-C+C-F bond break(s) | electron_gain",node_0069,4;5;6;7;8;9;10;11;12,C;C,2,0,,,,,0.5599999999999999,0.55,0.6060000000000001,0.776,21,1,21
node_0447,PFA,Perfluoroalkoxy Alkane,C3HF6,"{""C"": 3, ""F"": 6, ""H"": 1}",150.99824400861,positive,1,fragment,protonation,"M | fragment C,F from C-C+C-F bond break(s) | protonation",node_0069,4;5;6;7;8;9;10;11;12,C;C,2,1,,,,,0.5599999999999999,0.72,0.6439999999999999,0.8639999999999999,42,2,21
node_0448,PFA,Perfluoroalkoxy Alkane,C3F6,"{""C"": 3, ""F"": 6}",149.99041897638,positive,1,fragment,electron_loss,"M | fragment C,F from C-F+C-C bond break(s) | electron_loss",node_0070,0;1;2;3;4;10;11;12;13,C;C,2,0,,,,,0.5599999999999999,0.55,0.6060000000000001,0.776,21,1,21
node_0449,PFA,Perfluoroalkoxy Alkane,C3F6,"{""C"": 3, ""F"": 6}",149.99041897638,negative,-1,fragment,electron_gain,"M | fragment C,F from C-F+C-C bond break(s) | electron_gain",node_0070,0;1;2;3;4;10;11;12;13,C;C,2,0,,,,,0.5599999999999999,0.55,0.6060000000000001,0.776,21,1,21
node_0450,PFA,Perfluoroalkoxy Alkane,C3HF6,"{""C"": 3, ""F"": 6, ""H"": 1}",150.99824400861,positive,1,fragment,protonation,"M | fragment C,F from C-F+C-C bond break(s) | protonation",node_0070,0;1;2;3;4;10;11;12;13,C;C,2,1,,,,,0.5599999999999999,0.72,0.6439999999999999,0.8639999999999999,42,2,21
node_0451,PFA,Perfluoroalkoxy Alkane,C4F8,"{""C"": 4, ""F"": 8}",199.98722530184,positive,1,fragment,electron_loss,"M | fragment C,F from C-F+C-F bond break(s) | electron_loss",node_0071,0;1;2;3;4;6;8;9;10;11;12;13,C;C,2,0,,,,,0.5599999999999999,0.55,0.6060000000000001,0.776,45,1,45
node_0452,PFA,Perfluoroalkoxy Alkane,C4F8,"{""C"": 4, ""F"": 8}",199.98722530184,negative,-1,fragment,electron_gain,"M | fragment C,F from C-F+C-F bond break(s) | electron_gain",node_0071,0;1;2;3;4;6;8;9;10;11;12;13,C;C,2,0,,,,,0.5599999999999999,0.55,0.6060000000000001,0.776,45,1,45
node_0453,PFA,Perfluoroalkoxy Alkane,C4HF8,"{""C"": 4, ""F"": 8, ""H"": 1}",200.99505033407,positive,1,fragment,protonation,"M | fragment C,F from C-F+C-F bond break(s) | protonation",node_0071,0;1;2;3;4;6;8;9;10;11;12;13,C;C,2,1,,,,,0.5599999999999999,0.72,0.5939999999999999,0.8139999999999998,90,2,45
node_0454,PFA,Perfluoroalkoxy Alkane,C4F8,"{""C"": 4, ""F"": 8}",199.98722530184,positive,1,fragment,electron_loss,"M | fragment C,F from C-F+C-F bond break(s) | electron_loss",node_0072,0;1;2;3;4;6;7;9;10;11;12;13,C;C,2,0,,,,,0.5599999999999999,0.55,0.6060000000000001,0.776,45,1,45
node_0455,PFA,Perfluoroalkoxy Alkane,C4F8,"{""C"": 4, ""F"": 8}",199.98722530184,negative,-1,fragment,electron_gain,"M | fragment C,F from C-F+C-F bond break(s) | electron_gain",node_0072,0;1;2;3;4;6;7;9;10;11;12;13,C;C,2,0,,,,,0.5599999999999999,0.55,0.6060000000000001,0.776,45,1,45
node_0456,PFA,Perfluoroalkoxy Alkane,C4HF8,"{""C"": 4, ""F"": 8, ""H"": 1}",200.99505033407,positive,1,fragment,protonation,"M | fragment C,F from C-F+C-F bond break(s) | protonation",node_0072,0;1;2;3;4;6;7;9;10;11;12;13,C;C,2,1,,,,,0.5599999999999999,0.72,0.5939999999999999,0.8139999999999998,90,2,45
node_0457,PFA,Perfluoroalkoxy Alkane,C4F8,"{""C"": 4, ""F"": 8}",199.98722530184,positive,1,fragment,electron_loss,"M | fragment C,F from C-F+C-F bond break(s) | electron_loss",node_0073,0;1;2;3;4;6;7;8;10;11;12;13,C;C,2,0,,,,,0.5599999999999999,0.55,0.6060000000000001,0.776,45,1,45
node_0458,PFA,Perfluoroalkoxy Alkane,C4F8,"{""C"": 4, ""F"": 8}",199.98722530184,negative,-1,fragment,electron_gain,"M | fragment C,F from C-F+C-F bond break(s) | electron_gain",node_0073,0;1;2;3;4;6;7;8;10;11;12;13,C;C,2,0,,,,,0.5599999999999999,0.55,0.6060000000000001,0.776,45,1,45
node_0459,PFA,Perfluoroalkoxy Alkane,C4HF8,"{""C"": 4, ""F"": 8, ""H"": 1}",200.99505033407,positive,1,fragment,protonation,"M | fragment C,F from C-F+C-F bond break(s) | protonation",node_0073,0;1;2;3;4;6;7;8;10;11;12;13,C;C,2,1,,,,,0.5599999999999999,0.72,0.5939999999999999,0.8139999999999998,90,2,45
node_0460,PFA,Perfluoroalkoxy Alkane,C3F6,"{""C"": 3, ""F"": 6}",149.99041897638,positive,1,fragment,electron_loss,"M | fragment C,F from C-F+C-C bond break(s) | electron_loss",node_0074,0;1;2;3;4;6;7;8;9,C;C,2,0,,,,,0.5599999999999999,0.55,0.6060000000000001,0.776,21,1,21
node_0461,PFA,Perfluoroalkoxy Alkane,C3F6,"{""C"": 3, ""F"": 6}",149.99041897638,negative,-1,fragment,electron_gain,"M | fragment C,F from C-F+C-C bond break(s) | electron_gain",node_0074,0;1;2;3;4;6;7;8;9,C;C,2,0,,,,,0.5599999999999999,0.55,0.6060000000000001,0.776,21,1,21
node_0462,PFA,Perfluoroalkoxy Alkane,C3HF6,"{""C"": 3, ""F"": 6, ""H"": 1}",150.99824400861,positive,1,fragment,protonation,"M | fragment C,F from C-F+C-C bond break(s) | protonation",node_0074,0;1;2;3;4;6;7;8;9,C;C,2,1,,,,,0.5599999999999999,0.72,0.6439999999999999,0.8639999999999999,42,2,21
node_0463,PFA,Perfluoroalkoxy Alkane,C4F8,"{""C"": 4, ""F"": 8}",199.98722530184,positive,1,fragment,electron_loss,"M | fragment C,F from C-F+C-F bond break(s) | electron_loss",node_0075,0;1;2;3;4;6;7;8;9;10;12;13,C;C,2,0,,,,,0.5599999999999999,0.55,0.6060000000000001,0.776,45,1,45
node_0464,PFA,Perfluoroalkoxy Alkane,C4F8,"{""C"": 4, ""F"": 8}",199.98722530184,negative,-1,fragment,electron_gain,"M | fragment C,F from C-F+C-F bond break(s) | electron_gain",node_0075,0;1;2;3;4;6;7;8;9;10;12;13,C;C,2,0,,,,,0.5599999999999999,0.55,0.6060000000000001,0.776,45,1,45
node_0465,PFA,Perfluoroalkoxy Alkane,C4HF8,"{""C"": 4, ""F"": 8, ""H"": 1}",200.99505033407,positive,1,fragment,protonation,"M | fragment C,F from C-F+C-F bond break(s) | protonation",node_0075,0;1;2;3;4;6;7;8;9;10;12;13,C;C,2,1,,,,,0.5599999999999999,0.72,0.5939999999999999,0.8139999999999998,90,2,45
node_0466,PFA,Perfluoroalkoxy Alkane,C4F8,"{""C"": 4, ""F"": 8}",199.98722530184,positive,1,fragment,electron_loss,"M | fragment C,F from C-F+C-F bond break(s) | electron_loss",node_0076,0;1;2;3;4;6;7;8;9;10;11;13,C;C,2,0,,,,,0.5599999999999999,0.55,0.6060000000000001,0.776,45,1,45
node_0467,PFA,Perfluoroalkoxy Alkane,C4F8,"{""C"": 4, ""F"": 8}",199.98722530184,negative,-1,fragment,electron_gain,"M | fragment C,F from C-F+C-F bond break(s) | electron_gain",node_0076,0;1;2;3;4;6;7;8;9;10;11;13,C;C,2,0,,,,,0.5599999999999999,0.55,0.6060000000000001,0.776,45,1,45
node_0468,PFA,Perfluoroalkoxy Alkane,C4HF8,"{""C"": 4, ""F"": 8, ""H"": 1}",200.99505033407,positive,1,fragment,protonation,"M | fragment C,F from C-F+C-F bond break(s) | protonation",node_0076,0;1;2;3;4;6;7;8;9;10;11;13,C;C,2,1,,,,,0.5599999999999999,0.72,0.5939999999999999,0.8139999999999998,90,2,45
node_0469,PFA,Perfluoroalkoxy Alkane,C4F8,"{""C"": 4, ""F"": 8}",199.98722530184,positive,1,fragment,electron_loss,"M | fragment C,F from C-F+C-F bond break(s) | electron_loss",node_0077,0;1;2;3;4;6;7;8;9;10;11;12,C;C,2,0,,,,,0.5599999999999999,0.55,0.6060000000000001,0.776,45,1,45
node_0470,PFA,Perfluoroalkoxy Alkane,C4F8,"{""C"": 4, ""F"": 8}",199.98722530184,negative,-1,fragment,electron_gain,"M | fragment C,F from C-F+C-F bond break(s) | electron_gain",node_0077,0;1;2;3;4;6;7;8;9;10;11;12,C;C,2,0,,,,,0.5599999999999999,0.55,0.6060000000000001,0.776,45,1,45
node_0471,PFA,Perfluoroalkoxy Alkane,C4HF8,"{""C"": 4, ""F"": 8, ""H"": 1}",200.99505033407,positive,1,fragment,protonation,"M | fragment C,F from C-F+C-F bond break(s) | protonation",node_0077,0;1;2;3;4;6;7;8;9;10;11;12,C;C,2,1,,,,,0.5599999999999999,0.72,0.5939999999999999,0.8139999999999998,90,2,45
node_0472,PFA,Perfluoroalkoxy Alkane,CF2,"{""C"": 1, ""F"": 2}",49.99680632546,positive,1,fragment,electron_loss,"M | fragment C,F from C-C+C-F bond break(s) | electron_loss",node_0078,6;8;9,C;C,2,0,,,,,0.5599999999999999,0.55,0.6060000000000001,1.0,10,2,10
node_0473,PFA,Perfluoroalkoxy Alkane,CF2,"{""C"": 1, ""F"": 2}",49.99680632546,negative,-1,fragment,electron_gain,"M | fragment C,F from C-C+C-F bond break(s) | electron_gain",node_0078,6;8;9,C;C,2,0,,,,,0.5599999999999999,0.55,0.6060000000000001,0.776,9,1,9
node_0474,PFA,Perfluoroalkoxy Alkane,CHF2,"{""C"": 1, ""F"": 2, ""H"": 1}",51.00463135769,positive,1,fragment,protonation,"M | fragment C,F from C-C+C-F bond break(s) | protonation",node_0078,6;8;9,C;C,2,1,,,,,0.5599999999999999,0.72,0.6439999999999999,0.8639999999999999,18,2,9
node_0475,PFA,Perfluoroalkoxy Alkane,CF2,"{""C"": 1, ""F"": 2}",49.99680632546,positive,1,fragment,electron_loss,"M | fragment C,F from C-C+C-F bond break(s) | electron_loss",node_0079,6;7;9,C;C,2,0,,,,,0.5599999999999999,0.55,0.6060000000000001,1.0,10,2,10
node_0476,PFA,Perfluoroalkoxy Alkane,CF2,"{""C"": 1, ""F"": 2}",49.99680632546,negative,-1,fragment,electron_gain,"M | fragment C,F from C-C+C-F bond break(s) | electron_gain",node_0079,6;7;9,C;C,2,0,,,,,0.5599999999999999,0.55,0.6060000000000001,0.776,9,1,9
node_0477,PFA,Perfluoroalkoxy Alkane,CHF2,"{""C"": 1, ""F"": 2, ""H"": 1}",51.00463135769,positive,1,fragment,protonation,"M | fragment C,F from C-C+C-F bond break(s) | protonation",node_0079,6;7;9,C;C,2,1,,,,,0.5599999999999999,0.72,0.6439999999999999,0.8639999999999999,18,2,9
node_0478,PFA,Perfluoroalkoxy Alkane,CF2,"{""C"": 1, ""F"": 2}",49.99680632546,positive,1,fragment,electron_loss,"M | fragment C,F from C-C+C-F bond break(s) | electron_loss",node_0080,6;7;8,C;C,2,0,,,,,0.5599999999999999,0.55,0.6060000000000001,1.0,10,2,10
node_0479,PFA,Perfluoroalkoxy Alkane,CF2,"{""C"": 1, ""F"": 2}",49.99680632546,negative,-1,fragment,electron_gain,"M | fragment C,F from C-C+C-F bond break(s) | electron_gain",node_0080,6;7;8,C;C,2,0,,,,,0.5599999999999999,0.55,0.6060000000000001,0.776,9,1,9
node_0480,PFA,Perfluoroalkoxy Alkane,CHF2,"{""C"": 1, ""F"": 2, ""H"": 1}",51.00463135769,positive,1,fragment,protonation,"M | fragment C,F from C-C+C-F bond break(s) | protonation",node_0080,6;7;8,C;C,2,1,,,,,0.5599999999999999,0.72,0.6439999999999999,0.8639999999999999,18,2,9
node_0481,PFA,Perfluoroalkoxy Alkane,C2F4,"{""C"": 2, ""F"": 4}",99.99361265092,positive,1,fragment,electron_loss,"M | fragment C,F from C-C+C-C bond break(s) | electron_loss",node_0081,0;1;2;3;4;5,C;C,2,0,,,,,0.5599999999999999,0.55,0.6060000000000001,1.0,4,2,4
node_0482,PFA,Perfluoroalkoxy Alkane,C2F4,"{""C"": 2, ""F"": 4}",99.99361265092,negative,-1,fragment,electron_gain,"M | fragment C,F from C-C+C-C bond break(s) | electron_gain",node_0081,0;1;2;3;4;5,C;C,2,0,,,,,0.5599999999999999,0.55,0.6060000000000001,1.0,4,2,4
node_0483,PFA,Perfluoroalkoxy Alkane,C2HF4,"{""C"": 2, ""F"": 4, ""H"": 1}",101.00143768315,positive,1,fragment,protonation,"M | fragment C,F from C-C+C-C bond break(s) | protonation",node_0081,0;1;2;3;4;5,C;C,2,1,,,,,0.5599999999999999,0.72,0.6439999999999999,0.8639999999999999,6,2,3
node_0484,PFA,Perfluoroalkoxy Alkane,C3F6,"{""C"": 3, ""F"": 6}",149.99041897638,positive,1,fragment,electron_loss,"M | fragment C,F from C-C+C-F bond break(s) | electron_loss",node_0082,0;1;2;3;4;5;10;12;13,C;C,2,0,,,,,0.5599999999999999,0.55,0.6060000000000001,0.776,21,1,21
node_0485,PFA,Perfluoroalkoxy Alkane,C3F6,"{""C"": 3, ""F"": 6}",149.99041897638,negative,-1,fragment,electron_gain,"M | fragment C,F from C-C+C-F bond break(s) | electron_gain",node_0082,0;1;2;3;4;5;10;12;13,C;C,2,0,,,,,0.5599999999999999,0.55,0.6060000000000001,0.776,21,1,21
node_0486,PFA,Perfluoroalkoxy Alkane,C3HF6,"{""C"": 3, ""F"": 6, ""H"": 1}",150.99824400861,positive,1,fragment,protonation,"M | fragment C,F from C-C+C-F bond break(s) | protonation",node_0082,0;1;2;3;4;5;10;12;13,C;C,2,1,,,,,0.5599999999999999,0.72,0.6439999999999999,0.8639999999999999,42,2,21
node_0487,PFA,Perfluoroalkoxy Alkane,C3F6,"{""C"": 3, ""F"": 6}",149.99041897638,positive,1,fragment,electron_loss,"M | fragment C,F from C-C+C-F bond break(s) | electron_loss",node_0083,0;1;2;3;4;5;10;11;13,C;C,2,0,,,,,0.5599999999999999,0.55,0.6060000000000001,0.776,21,1,21
node_0488,PFA,Perfluoroalkoxy Alkane,C3F6,"{""C"": 3, ""F"": 6}",149.99041897638,negative,-1,fragment,electron_gain,"M | fragment C,F from C-C+C-F bond break(s) | electron_gain",node_0083,0;1;2;3;4;5;10;11;13,C;C,2,0,,,,,0.5599999999999999,0.55,0.6060000000000001,0.776,21,1,21
node_0489,PFA,Perfluoroalkoxy Alkane,C3HF6,"{""C"": 3, ""F"": 6, ""H"": 1}",150.99824400861,positive,1,fragment,protonation,"M | fragment C,F from C-C+C-F bond break(s) | protonation",node_0083,0;1;2;3;4;5;10;11;13,C;C,2,1,,,,,0.5599999999999999,0.72,0.6439999999999999,0.8639999999999999,42,2,21
node_0490,PFA,Perfluoroalkoxy Alkane,C3F6,"{""C"": 3, ""F"": 6}",149.99041897638,positive,1,fragment,electron_loss,"M | fragment C,F from C-C+C-F bond break(s) | electron_loss",node_0084,0;1;2;3;4;5;10;11;12,C;C,2,0,,,,,0.5599999999999999,0.55,0.6060000000000001,0.776,21,1,21
node_0491,PFA,Perfluoroalkoxy Alkane,C3F6,"{""C"": 3, ""F"": 6}",149.99041897638,negative,-1,fragment,electron_gain,"M | fragment C,F from C-C+C-F bond break(s) | electron_gain",node_0084,0;1;2;3;4;5;10;11;12,C;C,2,0,,,,,0.5599999999999999,0.55,0.6060000000000001,0.776,21,1,21
node_0492,PFA,Perfluoroalkoxy Alkane,C3HF6,"{""C"": 3, ""F"": 6, ""H"": 1}",150.99824400861,positive,1,fragment,protonation,"M | fragment C,F from C-C+C-F bond break(s) | protonation",node_0084,0;1;2;3;4;5;10;11;12,C;C,2,1,,,,,0.5599999999999999,0.72,0.6439999999999999,0.8639999999999999,42,2,21
node_0493,PFA,Perfluoroalkoxy Alkane,C4F8,"{""C"": 4, ""F"": 8}",199.98722530184,positive,1,fragment,electron_loss,"M | fragment C,F from C-F+C-F bond break(s) | electron_loss",node_0085,0;1;2;3;4;5;6;9;10;11;12;13,C;C,2,0,,,,,0.5599999999999999,0.55,0.6060000000000001,0.776,45,1,45
node_0494,PFA,Perfluoroalkoxy Alkane,C4F8,"{""C"": 4, ""F"": 8}",199.98722530184,negative,-1,fragment,electron_gain,"M | fragment C,F from C-F+C-F bond break(s) | electron_gain",node_0085,0;1;2;3;4;5;6;9;10;11;12;13,C;C,2,0,,,,,0.5599999999999999,0.55,0.6060000000000001,0.776,45,1,45
node_0495,PFA,Perfluoroalkoxy Alkane,C4HF8,"{""C"": 4, ""F"": 8, ""H"": 1}",200.99505033407,positive,1,fragment,protonation,"M | fragment C,F from C-F+C-F bond break(s) | protonation",node_0085,0;1;2;3;4;5;6;9;10;11;12;13,C;C,2,1,,,,,0.5599999999999999,0.72,0.5939999999999999,0.8139999999999998,90,2,45
node_0496,PFA,Perfluoroalkoxy Alkane,C4F8,"{""C"": 4, ""F"": 8}",199.98722530184,positive,1,fragment,electron_loss,"M | fragment C,F from C-F+C-F bond break(s) | electron_loss",node_0086,0;1;2;3;4;5;6;8;10;11;12;13,C;C,2,0,,,,,0.5599999999999999,0.55,0.6060000000000001,0.776,45,1,45
node_0497,PFA,Perfluoroalkoxy Alkane,C4F8,"{""C"": 4, ""F"": 8}",199.98722530184,negative,-1,fragment,electron_gain,"M | fragment C,F from C-F+C-F bond break(s) | electron_gain",node_0086,0;1;2;3;4;5;6;8;10;11;12;13,C;C,2,0,,,,,0.5599999999999999,0.55,0.6060000000000001,0.776,45,1,45
node_0498,PFA,Perfluoroalkoxy Alkane,C4HF8,"{""C"": 4, ""F"": 8, ""H"": 1}",200.99505033407,positive,1,fragment,protonation,"M | fragment C,F from C-F+C-F bond break(s) | protonation",node_0086,0;1;2;3;4;5;6;8;10;11;12;13,C;C,2,1,,,,,0.5599999999999999,0.72,0.5939999999999999,0.8139999999999998,90,2,45
node_0499,PFA,Perfluoroalkoxy Alkane,C3F6,"{""C"": 3, ""F"": 6}",149.99041897638,positive,1,fragment,electron_loss,"M | fragment C,F from C-F+C-C bond break(s) | electron_loss",node_0087,0;1;2;3;4;5;6;8;9,C;C,2,0,,,,,0.5599999999999999,0.55,0.6060000000000001,0.776,21,1,21
node_0500,PFA,Perfluoroalkoxy Alkane,C3F6,"{""C"": 3, ""F"": 6}",149.99041897638,negative,-1,fragment,electron_gain,"M | fragment C,F from C-F+C-C bond break(s) | electron_gain",node_0087,0;1;2;3;4;5;6;8;9,C;C,2,0,,,,,0.5599999999999999,0.55,0.6060000000000001,0.776,21,1,21
node_0501,PFA,Perfluoroalkoxy Alkane,C3HF6,"{""C"": 3, ""F"": 6, ""H"": 1}",150.99824400861,positive,1,fragment,protonation,"M | fragment C,F from C-F+C-C bond break(s) | protonation",node_0087,0;1;2;3;4;5;6;8;9,C;C,2,1,,,,,0.5599999999999999,0.72,0.6439999999999999,0.8639999999999999,42,2,21
node_0502,PFA,Perfluoroalkoxy Alkane,C4F8,"{""C"": 4, ""F"": 8}",199.98722530184,positive,1,fragment,electron_loss,"M | fragment C,F from C-F+C-F bond break(s) | electron_loss",node_0088,0;1;2;3;4;5;6;8;9;10;12;13,C;C,2,0,,,,,0.5599999999999999,0.55,0.6060000000000001,0.776,45,1,45
node_0503,PFA,Perfluoroalkoxy Alkane,C4F8,"{""C"": 4, ""F"": 8}",199.98722530184,negative,-1,fragment,electron_gain,"M | fragment C,F from C-F+C-F bond break(s) | electron_gain",node_0088,0;1;2;3;4;5;6;8;9;10;12;13,C;C,2,0,,,,,0.5599999999999999,0.55,0.6060000000000001,0.776,45,1,45
node_0504,PFA,Perfluoroalkoxy Alkane,C4HF8,"{""C"": 4, ""F"": 8, ""H"": 1}",200.99505033407,positive,1,fragment,protonation,"M | fragment C,F from C-F+C-F bond break(s) | protonation",node_0088,0;1;2;3;4;5;6;8;9;10;12;13,C;C,2,1,,,,,0.5599999999999999,0.72,0.5939999999999999,0.8139999999999998,90,2,45
node_0505,PFA,Perfluoroalkoxy Alkane,C4F8,"{""C"": 4, ""F"": 8}",199.98722530184,positive,1,fragment,electron_loss,"M | fragment C,F from C-F+C-F bond break(s) | electron_loss",node_0089,0;1;2;3;4;5;6;8;9;10;11;13,C;C,2,0,,,,,0.5599999999999999,0.55,0.6060000000000001,0.776,45,1,45
node_0506,PFA,Perfluoroalkoxy Alkane,C4F8,"{""C"": 4, ""F"": 8}",199.98722530184,negative,-1,fragment,electron_gain,"M | fragment C,F from C-F+C-F bond break(s) | electron_gain",node_0089,0;1;2;3;4;5;6;8;9;10;11;13,C;C,2,0,,,,,0.5599999999999999,0.55,0.6060000000000001,0.776,45,1,45
node_0507,PFA,Perfluoroalkoxy Alkane,C4HF8,"{""C"": 4, ""F"": 8, ""H"": 1}",200.99505033407,positive,1,fragment,protonation,"M | fragment C,F from C-F+C-F bond break(s) | protonation",node_0089,0;1;2;3;4;5;6;8;9;10;11;13,C;C,2,1,,,,,0.5599999999999999,0.72,0.5939999999999999,0.8139999999999998,90,2,45
node_0508,PFA,Perfluoroalkoxy Alkane,C4F8,"{""C"": 4, ""F"": 8}",199.98722530184,positive,1,fragment,electron_loss,"M | fragment C,F from C-F+C-F bond break(s) | electron_loss",node_0090,0;1;2;3;4;5;6;8;9;10;11;12,C;C,2,0,,,,,0.5599999999999999,0.55,0.6060000000000001,0.776,45,1,45
node_0509,PFA,Perfluoroalkoxy Alkane,C4F8,"{""C"": 4, ""F"": 8}",199.98722530184,negative,-1,fragment,electron_gain,"M | fragment C,F from C-F+C-F bond break(s) | electron_gain",node_0090,0;1;2;3;4;5;6;8;9;10;11;12,C;C,2,0,,,,,0.5599999999999999,0.55,0.6060000000000001,0.776,45,1,45
node_0510,PFA,Perfluoroalkoxy Alkane,C4HF8,"{""C"": 4, ""F"": 8, ""H"": 1}",200.99505033407,positive,1,fragment,protonation,"M | fragment C,F from C-F+C-F bond break(s) | protonation",node_0090,0;1;2;3;4;5;6;8;9;10;11;12,C;C,2,1,,,,,0.5599999999999999,0.72,0.5939999999999999,0.8139999999999998,90,2,45
node_0511,PFA,Perfluoroalkoxy Alkane,C4F8,"{""C"": 4, ""F"": 8}",199.98722530184,positive,1,fragment,electron_loss,"M | fragment C,F from C-F+C-F bond break(s) | electron_loss",node_0091,0;1;2;3;4;5;6;7;10;11;12;13,C;C,2,0,,,,,0.5599999999999999,0.55,0.6060000000000001,0.776,45,1,45
node_0512,PFA,Perfluoroalkoxy Alkane,C4F8,"{""C"": 4, ""F"": 8}",199.98722530184,negative,-1,fragment,electron_gain,"M | fragment C,F from C-F+C-F bond break(s) | electron_gain",node_0091,0;1;2;3;4;5;6;7;10;11;12;13,C;C,2,0,,,,,0.5599999999999999,0.55,0.6060000000000001,0.776,45,1,45
node_0513,PFA,Perfluoroalkoxy Alkane,C4HF8,"{""C"": 4, ""F"": 8, ""H"": 1}",200.99505033407,positive,1,fragment,protonation,"M | fragment C,F from C-F+C-F bond break(s) | protonation",node_0091,0;1;2;3;4;5;6;7;10;11;12;13,C;C,2,1,,,,,0.5599999999999999,0.72,0.5939999999999999,0.8139999999999998,90,2,45
node_0514,PFA,Perfluoroalkoxy Alkane,C3F6,"{""C"": 3, ""F"": 6}",149.99041897638,positive,1,fragment,electron_loss,"M | fragment C,F from C-F+C-C bond break(s) | electron_loss",node_0092,0;1;2;3;4;5;6;7;9,C;C,2,0,,,,,0.5599999999999999,0.55,0.6060000000000001,0.776,21,1,21
node_0515,PFA,Perfluoroalkoxy Alkane,C3F6,"{""C"": 3, ""F"": 6}",149.99041897638,negative,-1,fragment,electron_gain,"M | fragment C,F from C-F+C-C bond break(s) | electron_gain",node_0092,0;1;2;3;4;5;6;7;9,C;C,2,0,,,,,0.5599999999999999,0.55,0.6060000000000001,0.776,21,1,21
node_0516,PFA,Perfluoroalkoxy Alkane,C3HF6,"{""C"": 3, ""F"": 6, ""H"": 1}",150.99824400861,positive,1,fragment,protonation,"M | fragment C,F from C-F+C-C bond break(s) | protonation",node_0092,0;1;2;3;4;5;6;7;9,C;C,2,1,,,,,0.5599999999999999,0.72,0.6439999999999999,0.8639999999999999,42,2,21
node_0517,PFA,Perfluoroalkoxy Alkane,C4F8,"{""C"": 4, ""F"": 8}",199.98722530184,positive,1,fragment,electron_loss,"M | fragment C,F from C-F+C-F bond break(s) | electron_loss",node_0093,0;1;2;3;4;5;6;7;9;10;12;13,C;C,2,0,,,,,0.5599999999999999,0.55,0.6060000000000001,0.776,45,1,45
node_0518,PFA,Perfluoroalkoxy Alkane,C4F8,"{""C"": 4, ""F"": 8}",199.98722530184,negative,-1,fragment,electron_gain,"M | fragment C,F from C-F+C-F bond break(s) | electron_gain",node_0093,0;1;2;3;4;5;6;7;9;10;12;13,C;C,2,0,,,,,0.5599999999999999,0.55,0.6060000000000001,0.776,45,1,45
node_0519,PFA,Perfluoroalkoxy Alkane,C4HF8,"{""C"": 4, ""F"": 8, ""H"": 1}",200.99505033407,positive,1,fragment,protonation,"M | fragment C,F from C-F+C-F bond break(s) | protonation",node_0093,0;1;2;3;4;5;6;7;9;10;12;13,C;C,2,1,,,,,0.5599999999999999,0.72,0.5939999999999999,0.8139999999999998,90,2,45
node_0520,PFA,Perfluoroalkoxy Alkane,C4F8,"{""C"": 4, ""F"": 8}",199.98722530184,positive,1,fragment,electron_loss,"M | fragment C,F from C-F+C-F bond break(s) | electron_loss",node_0094,0;1;2;3;4;5;6;7;9;10;11;13,C;C,2,0,,,,,0.5599999999999999,0.55,0.6060000000000001,0.776,45,1,45
node_0521,PFA,Perfluoroalkoxy Alkane,C4F8,"{""C"": 4, ""F"": 8}",199.98722530184,negative,-1,fragment,electron_gain,"M | fragment C,F from C-F+C-F bond break(s) | electron_gain",node_0094,0;1;2;3;4;5;6;7;9;10;11;13,C;C,2,0,,,,,0.5599999999999999,0.55,0.6060000000000001,0.776,45,1,45
node_0522,PFA,Perfluoroalkoxy Alkane,C4HF8,"{""C"": 4, ""F"": 8, ""H"": 1}",200.99505033407,positive,1,fragment,protonation,"M | fragment C,F from C-F+C-F bond break(s) | protonation",node_0094,0;1;2;3;4;5;6;7;9;10;11;13,C;C,2,1,,,,,0.5599999999999999,0.72,0.5939999999999999,0.8139999999999998,90,2,45
node_0523,PFA,Perfluoroalkoxy Alkane,C4F8,"{""C"": 4, ""F"": 8}",199.98722530184,positive,1,fragment,electron_loss,"M | fragment C,F from C-F+C-F bond break(s) | electron_loss",node_0095,0;1;2;3;4;5;6;7;9;10;11;12,C;C,2,0,,,,,0.5599999999999999,0.55,0.6060000000000001,0.776,45,1,45
node_0524,PFA,Perfluoroalkoxy Alkane,C4F8,"{""C"": 4, ""F"": 8}",199.98722530184,negative,-1,fragment,electron_gain,"M | fragment C,F from C-F+C-F bond break(s) | electron_gain",node_0095,0;1;2;3;4;5;6;7;9;10;11;12,C;C,2,0,,,,,0.5599999999999999,0.55,0.6060000000000001,0.776,45,1,45
node_0525,PFA,Perfluoroalkoxy Alkane,C4HF8,"{""C"": 4, ""F"": 8, ""H"": 1}",200.99505033407,positive,1,fragment,protonation,"M | fragment C,F from C-F+C-F bond break(s) | protonation",node_0095,0;1;2;3;4;5;6;7;9;10;11;12,C;C,2,1,,,,,0.5599999999999999,0.72,0.5939999999999999,0.8139999999999998,90,2,45
node_0526,PFA,Perfluoroalkoxy Alkane,C3F6,"{""C"": 3, ""F"": 6}",149.99041897638,positive,1,fragment,electron_loss,"M | fragment C,F from C-F+C-C bond break(s) | electron_loss",node_0096,0;1;2;3;4;5;6;7;8,C;C,2,0,,,,,0.5599999999999999,0.55,0.6060000000000001,0.776,21,1,21
node_0527,PFA,Perfluoroalkoxy Alkane,C3F6,"{""C"": 3, ""F"": 6}",149.99041897638,negative,-1,fragment,electron_gain,"M | fragment C,F from C-F+C-C bond break(s) | electron_gain",node_0096,0;1;2;3;4;5;6;7;8,C;C,2,0,,,,,0.5599999999999999,0.55,0.6060000000000001,0.776,21,1,21
node_0528,PFA,Perfluoroalkoxy Alkane,C3HF6,"{""C"": 3, ""F"": 6, ""H"": 1}",150.99824400861,positive,1,fragment,protonation,"M | fragment C,F from C-F+C-C bond break(s) | protonation",node_0096,0;1;2;3;4;5;6;7;8,C;C,2,1,,,,,0.5599999999999999,0.72,0.6439999999999999,0.8639999999999999,42,2,21
node_0529,PFA,Perfluoroalkoxy Alkane,C4F8,"{""C"": 4, ""F"": 8}",199.98722530184,positive,1,fragment,electron_loss,"M | fragment C,F from C-F+C-F bond break(s) | electron_loss",node_0097,0;1;2;3;4;5;6;7;8;10;12;13,C;C,2,0,,,,,0.5599999999999999,0.55,0.6060000000000001,0.776,45,1,45
node_0530,PFA,Perfluoroalkoxy Alkane,C4F8,"{""C"": 4, ""F"": 8}",199.98722530184,negative,-1,fragment,electron_gain,"M | fragment C,F from C-F+C-F bond break(s) | electron_gain",node_0097,0;1;2;3;4;5;6;7;8;10;12;13,C;C,2,0,,,,,0.5599999999999999,0.55,0.6060000000000001,0.776,45,1,45
node_0531,PFA,Perfluoroalkoxy Alkane,C4HF8,"{""C"": 4, ""F"": 8, ""H"": 1}",200.99505033407,positive,1,fragment,protonation,"M | fragment C,F from C-F+C-F bond break(s) | protonation",node_0097,0;1;2;3;4;5;6;7;8;10;12;13,C;C,2,1,,,,,0.5599999999999999,0.72,0.5939999999999999,0.8139999999999998,90,2,45
node_0532,PFA,Perfluoroalkoxy Alkane,C4F8,"{""C"": 4, ""F"": 8}",199.98722530184,positive,1,fragment,electron_loss,"M | fragment C,F from C-F+C-F bond break(s) | electron_loss",node_0098,0;1;2;3;4;5;6;7;8;10;11;13,C;C,2,0,,,,,0.5599999999999999,0.55,0.6060000000000001,0.776,45,1,45
node_0533,PFA,Perfluoroalkoxy Alkane,C4F8,"{""C"": 4, ""F"": 8}",199.98722530184,negative,-1,fragment,electron_gain,"M | fragment C,F from C-F+C-F bond break(s) | electron_gain",node_0098,0;1;2;3;4;5;6;7;8;10;11;13,C;C,2,0,,,,,0.5599999999999999,0.55,0.6060000000000001,0.776,45,1,45
node_0534,PFA,Perfluoroalkoxy Alkane,C4HF8,"{""C"": 4, ""F"": 8, ""H"": 1}",200.99505033407,positive,1,fragment,protonation,"M | fragment C,F from C-F+C-F bond break(s) | protonation",node_0098,0;1;2;3;4;5;6;7;8;10;11;13,C;C,2,1,,,,,0.5599999999999999,0.72,0.5939999999999999,0.8139999999999998,90,2,45
node_0535,PFA,Perfluoroalkoxy Alkane,C4F8,"{""C"": 4, ""F"": 8}",199.98722530184,positive,1,fragment,electron_loss,"M | fragment C,F from C-F+C-F bond break(s) | electron_loss",node_0099,0;1;2;3;4;5;6;7;8;10;11;12,C;C,2,0,,,,,0.5599999999999999,0.55,0.6060000000000001,0.776,45,1,45
node_0536,PFA,Perfluoroalkoxy Alkane,C4F8,"{""C"": 4, ""F"": 8}",199.98722530184,negative,-1,fragment,electron_gain,"M | fragment C,F from C-F+C-F bond break(s) | electron_gain",node_0099,0;1;2;3;4;5;6;7;8;10;11;12,C;C,2,0,,,,,0.5599999999999999,0.55,0.6060000000000001,0.776,45,1,45
node_0537,PFA,Perfluoroalkoxy Alkane,C4HF8,"{""C"": 4, ""F"": 8, ""H"": 1}",200.99505033407,positive,1,fragment,protonation,"M | fragment C,F from C-F+C-F bond break(s) | protonation",node_0099,0;1;2;3;4;5;6;7;8;10;11;12,C;C,2,1,,,,,0.5599999999999999,0.72,0.5939999999999999,0.8139999999999998,90,2,45
node_0538,PFA,Perfluoroalkoxy Alkane,CF2,"{""C"": 1, ""F"": 2}",49.99680632546,positive,1,fragment,electron_loss,"M | fragment C,F from C-C+C-F bond break(s) | electron_loss",node_0100,10;12;13,C;C,2,0,,,,,0.5599999999999999,0.55,0.6060000000000001,1.0,10,2,10
node_0539,PFA,Perfluoroalkoxy Alkane,CF2,"{""C"": 1, ""F"": 2}",49.99680632546,negative,-1,fragment,electron_gain,"M | fragment C,F from C-C+C-F bond break(s) | electron_gain",node_0100,10;12;13,C;C,2,0,,,,,0.5599999999999999,0.55,0.6060000000000001,0.776,9,1,9
node_0540,PFA,Perfluoroalkoxy Alkane,CHF2,"{""C"": 1, ""F"": 2, ""H"": 1}",51.00463135769,positive,1,fragment,protonation,"M | fragment C,F from C-C+C-F bond break(s) | protonation",node_0100,10;12;13,C;C,2,1,,,,,0.5599999999999999,0.72,0.6439999999999999,0.8639999999999999,18,2,9
node_0541,PFA,Perfluoroalkoxy Alkane,CF2,"{""C"": 1, ""F"": 2}",49.99680632546,positive,1,fragment,electron_loss,"M | fragment C,F from C-C+C-F bond break(s) | electron_loss",node_0101,10;11;13,C;C,2,0,,,,,0.5599999999999999,0.55,0.6060000000000001,1.0,10,2,10
node_0542,PFA,Perfluoroalkoxy Alkane,CF2,"{""C"": 1, ""F"": 2}",49.99680632546,negative,-1,fragment,electron_gain,"M | fragment C,F from C-C+C-F bond break(s) | electron_gain",node_0101,10;11;13,C;C,2,0,,,,,0.5599999999999999,0.55,0.6060000000000001,0.776,9,1,9
node_0543,PFA,Perfluoroalkoxy Alkane,CHF2,"{""C"": 1, ""F"": 2, ""H"": 1}",51.00463135769,positive,1,fragment,protonation,"M | fragment C,F from C-C+C-F bond break(s) | protonation",node_0101,10;11;13,C;C,2,1,,,,,0.5599999999999999,0.72,0.6439999999999999,0.8639999999999999,18,2,9
node_0544,PFA,Perfluoroalkoxy Alkane,CF2,"{""C"": 1, ""F"": 2}",49.99680632546,positive,1,fragment,electron_loss,"M | fragment C,F from C-C+C-F bond break(s) | electron_loss",node_0102,10;11;12,C;C,2,0,,,,,0.5599999999999999,0.55,0.6060000000000001,1.0,10,2,10
node_0545,PFA,Perfluoroalkoxy Alkane,CF2,"{""C"": 1, ""F"": 2}",49.99680632546,negative,-1,fragment,electron_gain,"M | fragment C,F from C-C+C-F bond break(s) | electron_gain",node_0102,10;11;12,C;C,2,0,,,,,0.5599999999999999,0.55,0.6060000000000001,0.776,9,1,9
node_0546,PFA,Perfluoroalkoxy Alkane,CHF2,"{""C"": 1, ""F"": 2, ""H"": 1}",51.00463135769,positive,1,fragment,protonation,"M | fragment C,F from C-C+C-F bond break(s) | protonation",node_0102,10;11;12,C;C,2,1,,,,,0.5599999999999999,0.72,0.6439999999999999,0.8639999999999999,18,2,9
node_0547,PFA,Perfluoroalkoxy Alkane,C4F8,"{""C"": 4, ""F"": 8}",199.98722530184,positive,1,fragment,electron_loss,"M | fragment C,F from C-F+C-F bond break(s) | electron_loss",node_0103,0;1;2;3;4;5;6;7;8;9;10;13,C;C,2,0,,,,,0.5599999999999999,0.55,0.6060000000000001,0.776,45,1,45
node_0548,PFA,Perfluoroalkoxy Alkane,C4F8,"{""C"": 4, ""F"": 8}",199.98722530184,negative,-1,fragment,electron_gain,"M | fragment C,F from C-F+C-F bond break(s) | electron_gain",node_0103,0;1;2;3;4;5;6;7;8;9;10;13,C;C,2,0,,,,,0.5599999999999999,0.55,0.6060000000000001,0.776,45,1,45
node_0549,PFA,Perfluoroalkoxy Alkane,C4HF8,"{""C"": 4, ""F"": 8, ""H"": 1}",200.99505033407,positive,1,fragment,protonation,"M | fragment C,F from C-F+C-F bond break(s) | protonation",node_0103,0;1;2;3;4;5;6;7;8;9;10;13,C;C,2,1,,,,,0.5599999999999999,0.72,0.5939999999999999,0.8139999999999998,90,2,45
node_0550,PFA,Perfluoroalkoxy Alkane,C4F8,"{""C"": 4, ""F"": 8}",199.98722530184,positive,1,fragment,electron_loss,"M | fragment C,F from C-F+C-F bond break(s) | electron_loss",node_0104,0;1;2;3;4;5;6;7;8;9;10;12,C;C,2,0,,,,,0.5599999999999999,0.55,0.6060000000000001,0.776,45,1,45
node_0551,PFA,Perfluoroalkoxy Alkane,C4F8,"{""C"": 4, ""F"": 8}",199.98722530184,negative,-1,fragment,electron_gain,"M | fragment C,F from C-F+C-F bond break(s) | electron_gain",node_0104,0;1;2;3;4;5;6;7;8;9;10;12,C;C,2,0,,,,,0.5599999999999999,0.55,0.6060000000000001,0.776,45,1,45
node_0552,PFA,Perfluoroalkoxy Alkane,C4HF8,"{""C"": 4, ""F"": 8, ""H"": 1}",200.99505033407,positive,1,fragment,protonation,"M | fragment C,F from C-F+C-F bond break(s) | protonation",node_0104,0;1;2;3;4;5;6;7;8;9;10;12,C;C,2,1,,,,,0.5599999999999999,0.72,0.5939999999999999,0.8139999999999998,90,2,45
node_0553,PFA,Perfluoroalkoxy Alkane,C4F8,"{""C"": 4, ""F"": 8}",199.98722530184,positive,1,fragment,electron_loss,"M | fragment C,F from C-F+C-F bond break(s) | electron_loss",node_0105,0;1;2;3;4;5;6;7;8;9;10;11,C;C,2,0,,,,,0.5599999999999999,0.55,0.6060000000000001,0.776,45,1,45
node_0554,PFA,Perfluoroalkoxy Alkane,C4F8,"{""C"": 4, ""F"": 8}",199.98722530184,negative,-1,fragment,electron_gain,"M | fragment C,F from C-F+C-F bond break(s) | electron_gain",node_0105,0;1;2;3;4;5;6;7;8;9;10;11,C;C,2,0,,,,,0.5599999999999999,0.55,0.6060000000000001,0.776,45,1,45
node_0555,PFA,Perfluoroalkoxy Alkane,C4HF8,"{""C"": 4, ""F"": 8, ""H"": 1}",200.99505033407,positive,1,fragment,protonation,"M | fragment C,F from C-F+C-F bond break(s) | protonation",node_0105,0;1;2;3;4;5;6;7;8;9;10;11,C;C,2,1,,,,,0.5599999999999999,0.72,0.5939999999999999,0.8139999999999998,90,2,45
node_0556,PFA,Perfluoroalkoxy Alkane,FH,"{""F"": 1, ""H"": 1}",20.00622819496,positive,1,fragment_h_shift,electron_loss,M | single-atom F from C-F bond break | h_shift_+1 | electron_loss,node_0106,0,F,1,1,,,,,0.6000000000000001,0.55,0.55,0.8619999999999999,20,2,10
node_0557,PFA,Perfluoroalkoxy Alkane,FH,"{""F"": 1, ""H"": 1}",20.00622819496,negative,-1,fragment_h_shift,electron_gain,M | single-atom F from C-F bond break | h_shift_+1 | electron_gain,node_0106,0,F,1,1,,,,,0.6000000000000001,0.55,0.55,0.72,10,1,10
node_0558,PFA,Perfluoroalkoxy Alkane,C4HF9,"{""C"": 4, ""F"": 9, ""H"": 1}",219.9934534968,positive,1,fragment_h_shift,electron_loss,"M | fragment C,F from C-F bond break(s) | h_shift_+1 | electron_loss",node_0107,1;2;3;4;5;6;7;8;9;10;11;12;13,C,1,1,,,,,0.6000000000000001,0.55,0.55,0.8619999999999999,20,2,10
node_0559,PFA,Perfluoroalkoxy Alkane,C4HF9,"{""C"": 4, ""F"": 9, ""H"": 1}",219.9934534968,negative,-1,fragment_h_shift,electron_gain,"M | fragment C,F from C-F bond break(s) | h_shift_+1 | electron_gain",node_0107,1;2;3;4;5;6;7;8;9;10;11;12;13,C,1,1,,,,,0.6000000000000001,0.55,0.55,0.72,10,1,10
node_0560,PFA,Perfluoroalkoxy Alkane,C4HF9,"{""C"": 4, ""F"": 9, ""H"": 1}",219.9934534968,positive,1,fragment_h_shift,electron_loss,"M | fragment C,F from C-F bond break(s) | h_shift_+1 | electron_loss",node_0108,0;1;3;4;5;6;7;8;9;10;11;12;13,C,1,1,,,,,0.6000000000000001,0.55,0.55,0.8619999999999999,20,2,10
node_0561,PFA,Perfluoroalkoxy Alkane,C4HF9,"{""C"": 4, ""F"": 9, ""H"": 1}",219.9934534968,negative,-1,fragment_h_shift,electron_gain,"M | fragment C,F from C-F bond break(s) | h_shift_+1 | electron_gain",node_0108,0;1;3;4;5;6;7;8;9;10;11;12;13,C,1,1,,,,,0.6000000000000001,0.55,0.55,0.72,10,1,10
node_0562,PFA,Perfluoroalkoxy Alkane,FH,"{""F"": 1, ""H"": 1}",20.00622819496,positive,1,fragment_h_shift,electron_loss,M | single-atom F from C-F bond break | h_shift_+1 | electron_loss,node_0109,2,F,1,1,,,,,0.6000000000000001,0.55,0.55,0.8619999999999999,20,2,10
node_0563,PFA,Perfluoroalkoxy Alkane,FH,"{""F"": 1, ""H"": 1}",20.00622819496,negative,-1,fragment_h_shift,electron_gain,M | single-atom F from C-F bond break | h_shift_+1 | electron_gain,node_0109,2,F,1,1,,,,,0.6000000000000001,0.55,0.55,0.72,10,1,10
node_0564,PFA,Perfluoroalkoxy Alkane,C4HF9,"{""C"": 4, ""F"": 9, ""H"": 1}",219.9934534968,positive,1,fragment_h_shift,electron_loss,"M | fragment C,F from C-F bond break(s) | h_shift_+1 | electron_loss",node_0110,0;1;2;4;5;6;7;8;9;10;11;12;13,C,1,1,,,,,0.6000000000000001,0.55,0.55,0.8619999999999999,20,2,10
node_0565,PFA,Perfluoroalkoxy Alkane,C4HF9,"{""C"": 4, ""F"": 9, ""H"": 1}",219.9934534968,negative,-1,fragment_h_shift,electron_gain,"M | fragment C,F from C-F bond break(s) | h_shift_+1 | electron_gain",node_0110,0;1;2;4;5;6;7;8;9;10;11;12;13,C,1,1,,,,,0.6000000000000001,0.55,0.55,0.72,10,1,10
node_0566,PFA,Perfluoroalkoxy Alkane,FH,"{""F"": 1, ""H"": 1}",20.00622819496,positive,1,fragment_h_shift,electron_loss,M | single-atom F from C-F bond break | h_shift_+1 | electron_loss,node_0111,3,F,1,1,,,,,0.6000000000000001,0.55,0.55,0.8619999999999999,20,2,10
node_0567,PFA,Perfluoroalkoxy Alkane,FH,"{""F"": 1, ""H"": 1}",20.00622819496,negative,-1,fragment_h_shift,electron_gain,M | single-atom F from C-F bond break | h_shift_+1 | electron_gain,node_0111,3,F,1,1,,,,,0.6000000000000001,0.55,0.55,0.72,10,1,10
node_0568,PFA,Perfluoroalkoxy Alkane,CHF3,"{""C"": 1, ""F"": 3, ""H"": 1}",70.00303452042,positive,1,fragment_h_shift,electron_loss,"M | fragment C,F from C-C bond break(s) | h_shift_+1 | electron_loss",node_0112,0;1;2;3,C,1,1,,,,,0.6000000000000001,0.55,0.6000000000000001,0.9119999999999999,6,2,3
node_0569,PFA,Perfluoroalkoxy Alkane,CHF3,"{""C"": 1, ""F"": 3, ""H"": 1}",70.00303452042,negative,-1,fragment_h_shift,electron_gain,"M | fragment C,F from C-C bond break(s) | h_shift_+1 | electron_gain",node_0112,0;1;2;3,C,1,1,,,,,0.6000000000000001,0.55,0.6000000000000001,0.75,3,1,3
node_0570,PFA,Perfluoroalkoxy Alkane,C3HF7,"{""C"": 3, ""F"": 7, ""H"": 1}",169.99664717134,positive,1,fragment_h_shift,electron_loss,"M | fragment C,F from C-C bond break(s) | h_shift_+1 | electron_loss",node_0113,4;5;6;7;8;9;10;11;12;13,C,1,1,,,,,0.6000000000000001,0.55,0.6000000000000001,0.9119999999999999,6,2,3
node_0571,PFA,Perfluoroalkoxy Alkane,C3HF7,"{""C"": 3, ""F"": 7, ""H"": 1}",169.99664717134,negative,-1,fragment_h_shift,electron_gain,"M | fragment C,F from C-C bond break(s) | h_shift_+1 | electron_gain",node_0113,4;5;6;7;8;9;10;11;12;13,C,1,1,,,,,0.6000000000000001,0.55,0.6000000000000001,0.75,3,1,3
node_0572,PFA,Perfluoroalkoxy Alkane,C4HF9,"{""C"": 4, ""F"": 9, ""H"": 1}",219.9934534968,positive,1,fragment_h_shift,electron_loss,"M | fragment C,F from C-F bond break(s) | h_shift_+1 | electron_loss",node_0114,0;1;2;3;4;6;7;8;9;10;11;12;13,C,1,1,,,,,0.6000000000000001,0.55,0.55,0.8619999999999999,20,2,10
node_0573,PFA,Perfluoroalkoxy Alkane,C4HF9,"{""C"": 4, ""F"": 9, ""H"": 1}",219.9934534968,negative,-1,fragment_h_shift,electron_gain,"M | fragment C,F from C-F bond break(s) | h_shift_+1 | electron_gain",node_0114,0;1;2;3;4;6;7;8;9;10;11;12;13,C,1,1,,,,,0.6000000000000001,0.55,0.55,0.72,10,1,10
node_0574,PFA,Perfluoroalkoxy Alkane,FH,"{""F"": 1, ""H"": 1}",20.00622819496,positive,1,fragment_h_shift,electron_loss,M | single-atom F from C-F bond break | h_shift_+1 | electron_loss,node_0115,5,F,1,1,,,,,0.6000000000000001,0.55,0.55,0.8619999999999999,20,2,10
node_0575,PFA,Perfluoroalkoxy Alkane,FH,"{""F"": 1, ""H"": 1}",20.00622819496,negative,-1,fragment_h_shift,electron_gain,M | single-atom F from C-F bond break | h_shift_+1 | electron_gain,node_0115,5,F,1,1,,,,,0.6000000000000001,0.55,0.55,0.72,10,1,10
node_0576,PFA,Perfluoroalkoxy Alkane,C3HF7,"{""C"": 3, ""F"": 7, ""H"": 1}",169.99664717134,positive,1,fragment_h_shift,electron_loss,"M | fragment C,F from C-C bond break(s) | h_shift_+1 | electron_loss",node_0116,0;1;2;3;4;5;10;11;12;13,C,1,1,,,,,0.6000000000000001,0.55,0.6000000000000001,0.9119999999999999,6,2,3
node_0577,PFA,Perfluoroalkoxy Alkane,C3HF7,"{""C"": 3, ""F"": 7, ""H"": 1}",169.99664717134,negative,-1,fragment_h_shift,electron_gain,"M | fragment C,F from C-C bond break(s) | h_shift_+1 | electron_gain",node_0116,0;1;2;3;4;5;10;11;12;13,C,1,1,,,,,0.6000000000000001,0.55,0.6000000000000001,0.75,3,1,3
node_0578,PFA,Perfluoroalkoxy Alkane,CHF3,"{""C"": 1, ""F"": 3, ""H"": 1}",70.00303452042,positive,1,fragment_h_shift,electron_loss,"M | fragment C,F from C-C bond break(s) | h_shift_+1 | electron_loss",node_0117,6;7;8;9,C,1,1,,,,,0.6000000000000001,0.55,0.6000000000000001,0.9119999999999999,6,2,3
node_0579,PFA,Perfluoroalkoxy Alkane,CHF3,"{""C"": 1, ""F"": 3, ""H"": 1}",70.00303452042,negative,-1,fragment_h_shift,electron_gain,"M | fragment C,F from C-C bond break(s) | h_shift_+1 | electron_gain",node_0117,6;7;8;9,C,1,1,,,,,0.6000000000000001,0.55,0.6000000000000001,0.75,3,1,3
node_0580,PFA,Perfluoroalkoxy Alkane,C4HF9,"{""C"": 4, ""F"": 9, ""H"": 1}",219.9934534968,positive,1,fragment_h_shift,electron_loss,"M | fragment C,F from C-F bond break(s) | h_shift_+1 | electron_loss",node_0118,0;1;2;3;4;5;6;8;9;10;11;12;13,C,1,1,,,,,0.6000000000000001,0.55,0.55,0.8619999999999999,20,2,10
node_0581,PFA,Perfluoroalkoxy Alkane,C4HF9,"{""C"": 4, ""F"": 9, ""H"": 1}",219.9934534968,negative,-1,fragment_h_shift,electron_gain,"M | fragment C,F from C-F bond break(s) | h_shift_+1 | electron_gain",node_0118,0;1;2;3;4;5;6;8;9;10;11;12;13,C,1,1,,,,,0.6000000000000001,0.55,0.55,0.72,10,1,10
node_0582,PFA,Perfluoroalkoxy Alkane,FH,"{""F"": 1, ""H"": 1}",20.00622819496,positive,1,fragment_h_shift,electron_loss,M | single-atom F from C-F bond break | h_shift_+1 | electron_loss,node_0119,7,F,1,1,,,,,0.6000000000000001,0.55,0.55,0.8619999999999999,20,2,10
node_0583,PFA,Perfluoroalkoxy Alkane,FH,"{""F"": 1, ""H"": 1}",20.00622819496,negative,-1,fragment_h_shift,electron_gain,M | single-atom F from C-F bond break | h_shift_+1 | electron_gain,node_0119,7,F,1,1,,,,,0.6000000000000001,0.55,0.55,0.72,10,1,10
node_0584,PFA,Perfluoroalkoxy Alkane,C4HF9,"{""C"": 4, ""F"": 9, ""H"": 1}",219.9934534968,positive,1,fragment_h_shift,electron_loss,"M | fragment C,F from C-F bond break(s) | h_shift_+1 | electron_loss",node_0120,0;1;2;3;4;5;6;7;9;10;11;12;13,C,1,1,,,,,0.6000000000000001,0.55,0.55,0.8619999999999999,20,2,10
node_0585,PFA,Perfluoroalkoxy Alkane,C4HF9,"{""C"": 4, ""F"": 9, ""H"": 1}",219.9934534968,negative,-1,fragment_h_shift,electron_gain,"M | fragment C,F from C-F bond break(s) | h_shift_+1 | electron_gain",node_0120,0;1;2;3;4;5;6;7;9;10;11;12;13,C,1,1,,,,,0.6000000000000001,0.55,0.55,0.72,10,1,10
node_0586,PFA,Perfluoroalkoxy Alkane,FH,"{""F"": 1, ""H"": 1}",20.00622819496,positive,1,fragment_h_shift,electron_loss,M | single-atom F from C-F bond break | h_shift_+1 | electron_loss,node_0121,8,F,1,1,,,,,0.6000000000000001,0.55,0.55,0.8619999999999999,20,2,10
node_0587,PFA,Perfluoroalkoxy Alkane,FH,"{""F"": 1, ""H"": 1}",20.00622819496,negative,-1,fragment_h_shift,electron_gain,M | single-atom F from C-F bond break | h_shift_+1 | electron_gain,node_0121,8,F,1,1,,,,,0.6000000000000001,0.55,0.55,0.72,10,1,10
node_0588,PFA,Perfluoroalkoxy Alkane,C4HF9,"{""C"": 4, ""F"": 9, ""H"": 1}",219.9934534968,positive,1,fragment_h_shift,electron_loss,"M | fragment C,F from C-F bond break(s) | h_shift_+1 | electron_loss",node_0122,0;1;2;3;4;5;6;7;8;10;11;12;13,C,1,1,,,,,0.6000000000000001,0.55,0.55,0.8619999999999999,20,2,10
node_0589,PFA,Perfluoroalkoxy Alkane,C4HF9,"{""C"": 4, ""F"": 9, ""H"": 1}",219.9934534968,negative,-1,fragment_h_shift,electron_gain,"M | fragment C,F from C-F bond break(s) | h_shift_+1 | electron_gain",node_0122,0;1;2;3;4;5;6;7;8;10;11;12;13,C,1,1,,,,,0.6000000000000001,0.55,0.55,0.72,10,1,10
node_0590,PFA,Perfluoroalkoxy Alkane,FH,"{""F"": 1, ""H"": 1}",20.00622819496,positive,1,fragment_h_shift,electron_loss,M | single-atom F from C-F bond break | h_shift_+1 | electron_loss,node_0123,9,F,1,1,,,,,0.6000000000000001,0.55,0.55,0.8619999999999999,20,2,10
node_0591,PFA,Perfluoroalkoxy Alkane,FH,"{""F"": 1, ""H"": 1}",20.00622819496,negative,-1,fragment_h_shift,electron_gain,M | single-atom F from C-F bond break | h_shift_+1 | electron_gain,node_0123,9,F,1,1,,,,,0.6000000000000001,0.55,0.55,0.72,10,1,10
node_0592,PFA,Perfluoroalkoxy Alkane,C3HF7,"{""C"": 3, ""F"": 7, ""H"": 1}",169.99664717134,positive,1,fragment_h_shift,electron_loss,"M | fragment C,F from C-C bond break(s) | h_shift_+1 | electron_loss",node_0124,0;1;2;3;4;5;6;7;8;9,C,1,1,,,,,0.6000000000000001,0.55,0.6000000000000001,0.9119999999999999,6,2,3
node_0593,PFA,Perfluoroalkoxy Alkane,C3HF7,"{""C"": 3, ""F"": 7, ""H"": 1}",169.99664717134,negative,-1,fragment_h_shift,electron_gain,"M | fragment C,F from C-C bond break(s) | h_shift_+1 | electron_gain",node_0124,0;1;2;3;4;5;6;7;8;9,C,1,1,,,,,0.6000000000000001,0.55,0.6000000000000001,0.75,3,1,3
node_0594,PFA,Perfluoroalkoxy Alkane,CHF3,"{""C"": 1, ""F"": 3, ""H"": 1}",70.00303452042,positive,1,fragment_h_shift,electron_loss,"M | fragment C,F from C-C bond break(s) | h_shift_+1 | electron_loss",node_0125,10;11;12;13,C,1,1,,,,,0.6000000000000001,0.55,0.6000000000000001,0.9119999999999999,6,2,3
node_0595,PFA,Perfluoroalkoxy Alkane,CHF3,"{""C"": 1, ""F"": 3, ""H"": 1}",70.00303452042,negative,-1,fragment_h_shift,electron_gain,"M | fragment C,F from C-C bond break(s) | h_shift_+1 | electron_gain",node_0125,10;11;12;13,C,1,1,,,,,0.6000000000000001,0.55,0.6000000000000001,0.75,3,1,3
node_0596,PFA,Perfluoroalkoxy Alkane,C4HF9,"{""C"": 4, ""F"": 9, ""H"": 1}",219.9934534968,positive,1,fragment_h_shift,electron_loss,"M | fragment C,F from C-F bond break(s) | h_shift_+1 | electron_loss",node_0126,0;1;2;3;4;5;6;7;8;9;10;12;13,C,1,1,,,,,0.6000000000000001,0.55,0.55,0.8619999999999999,20,2,10
node_0597,PFA,Perfluoroalkoxy Alkane,C4HF9,"{""C"": 4, ""F"": 9, ""H"": 1}",219.9934534968,negative,-1,fragment_h_shift,electron_gain,"M | fragment C,F from C-F bond break(s) | h_shift_+1 | electron_gain",node_0126,0;1;2;3;4;5;6;7;8;9;10;12;13,C,1,1,,,,,0.6000000000000001,0.55,0.55,0.72,10,1,10
node_0598,PFA,Perfluoroalkoxy Alkane,FH,"{""F"": 1, ""H"": 1}",20.00622819496,positive,1,fragment_h_shift,electron_loss,M | single-atom F from C-F bond break | h_shift_+1 | electron_loss,node_0127,11,F,1,1,,,,,0.6000000000000001,0.55,0.55,0.8619999999999999,20,2,10
node_0599,PFA,Perfluoroalkoxy Alkane,FH,"{""F"": 1, ""H"": 1}",20.00622819496,negative,-1,fragment_h_shift,electron_gain,M | single-atom F from C-F bond break | h_shift_+1 | electron_gain,node_0127,11,F,1,1,,,,,0.6000000000000001,0.55,0.55,0.72,10,1,10
node_0600,PFA,Perfluoroalkoxy Alkane,C4HF9,"{""C"": 4, ""F"": 9, ""H"": 1}",219.9934534968,positive,1,fragment_h_shift,electron_loss,"M | fragment C,F from C-F bond break(s) | h_shift_+1 | electron_loss",node_0128,0;1;2;3;4;5;6;7;8;9;10;11;13,C,1,1,,,,,0.6000000000000001,0.55,0.55,0.8619999999999999,20,2,10
node_0601,PFA,Perfluoroalkoxy Alkane,C4HF9,"{""C"": 4, ""F"": 9, ""H"": 1}",219.9934534968,negative,-1,fragment_h_shift,electron_gain,"M | fragment C,F from C-F bond break(s) | h_shift_+1 | electron_gain",node_0128,0;1;2;3;4;5;6;7;8;9;10;11;13,C,1,1,,,,,0.6000000000000001,0.55,0.55,0.72,10,1,10
node_0602,PFA,Perfluoroalkoxy Alkane,FH,"{""F"": 1, ""H"": 1}",20.00622819496,positive,1,fragment_h_shift,electron_loss,M | single-atom F from C-F bond break | h_shift_+1 | electron_loss,node_0129,12,F,1,1,,,,,0.6000000000000001,0.55,0.55,0.8619999999999999,20,2,10
node_0603,PFA,Perfluoroalkoxy Alkane,FH,"{""F"": 1, ""H"": 1}",20.00622819496,negative,-1,fragment_h_shift,electron_gain,M | single-atom F from C-F bond break | h_shift_+1 | electron_gain,node_0129,12,F,1,1,,,,,0.6000000000000001,0.55,0.55,0.72,10,1,10
node_0604,PFA,Perfluoroalkoxy Alkane,C4HF9,"{""C"": 4, ""F"": 9, ""H"": 1}",219.9934534968,positive,1,fragment_h_shift,electron_loss,"M | fragment C,F from C-F bond break(s) | h_shift_+1 | electron_loss",node_0130,0;1;2;3;4;5;6;7;8;9;10;11;12,C,1,1,,,,,0.6000000000000001,0.55,0.55,0.8619999999999999,20,2,10
node_0605,PFA,Perfluoroalkoxy Alkane,C4HF9,"{""C"": 4, ""F"": 9, ""H"": 1}",219.9934534968,negative,-1,fragment_h_shift,electron_gain,"M | fragment C,F from C-F bond break(s) | h_shift_+1 | electron_gain",node_0130,0;1;2;3;4;5;6;7;8;9;10;11;12,C,1,1,,,,,0.6000000000000001,0.55,0.55,0.72,10,1,10
node_0606,PFA,Perfluoroalkoxy Alkane,FH,"{""F"": 1, ""H"": 1}",20.00622819496,positive,1,fragment_h_shift,electron_loss,M | single-atom F from C-F bond break | h_shift_+1 | electron_loss,node_0131,13,F,1,1,,,,,0.6000000000000001,0.55,0.55,0.8619999999999999,20,2,10
node_0607,PFA,Perfluoroalkoxy Alkane,FH,"{""F"": 1, ""H"": 1}",20.00622819496,negative,-1,fragment_h_shift,electron_gain,M | single-atom F from C-F bond break | h_shift_+1 | electron_gain,node_0131,13,F,1,1,,,,,0.6000000000000001,0.55,0.55,0.72,10,1,10
node_0608,PFA,Perfluoroalkoxy Alkane,C4HF8,"{""C"": 4, ""F"": 8, ""H"": 1}",200.99505033407,positive,1,fragment_h_shift,electron_loss,"M | fragment C,F from C-F+C-F bond break(s) | h_shift_+1 | electron_loss",node_0132,1;3;4;5;6;7;8;9;10;11;12;13,C;C,2,1,,,,,0.52,0.55,0.502,0.8139999999999998,90,2,45
node_0609,PFA,Perfluoroalkoxy Alkane,C4HF8,"{""C"": 4, ""F"": 8, ""H"": 1}",200.99505033407,negative,-1,fragment_h_shift,electron_gain,"M | fragment C,F from C-F+C-F bond break(s) | h_shift_+1 | electron_gain",node_0132,1;3;4;5;6;7;8;9;10;11;12;13,C;C,2,1,,,,,0.52,0.55,0.502,0.6719999999999999,45,1,45
node_0610,PFA,Perfluoroalkoxy Alkane,C4HF8,"{""C"": 4, ""F"": 8, ""H"": 1}",200.99505033407,positive,1,fragment_h_shift,electron_loss,"M | fragment C,F from C-F+C-F bond break(s) | h_shift_+1 | electron_loss",node_0133,1;2;4;5;6;7;8;9;10;11;12;13,C;C,2,1,,,,,0.52,0.55,0.502,0.8139999999999998,90,2,45
node_0611,PFA,Perfluoroalkoxy Alkane,C4HF8,"{""C"": 4, ""F"": 8, ""H"": 1}",200.99505033407,negative,-1,fragment_h_shift,electron_gain,"M | fragment C,F from C-F+C-F bond break(s) | h_shift_+1 | electron_gain",node_0133,1;2;4;5;6;7;8;9;10;11;12;13,C;C,2,1,,,,,0.52,0.55,0.502,0.6719999999999999,45,1,45
node_0612,PFA,Perfluoroalkoxy Alkane,CHF2,"{""C"": 1, ""F"": 2, ""H"": 1}",51.00463135769,positive,1,fragment_h_shift,electron_loss,"M | fragment C,F from C-F+C-C bond break(s) | h_shift_+1 | electron_loss",node_0134,1;2;3,C;C,2,1,,,,,0.52,0.55,0.552,0.8639999999999999,18,2,9
node_0613,PFA,Perfluoroalkoxy Alkane,CHF2,"{""C"": 1, ""F"": 2, ""H"": 1}",51.00463135769,negative,-1,fragment_h_shift,electron_gain,"M | fragment C,F from C-F+C-C bond break(s) | h_shift_+1 | electron_gain",node_0134,1;2;3,C;C,2,1,,,,,0.52,0.55,0.552,0.722,9,1,9
node_0614,PFA,Perfluoroalkoxy Alkane,C4HF8,"{""C"": 4, ""F"": 8, ""H"": 1}",200.99505033407,positive,1,fragment_h_shift,electron_loss,"M | fragment C,F from C-F+C-F bond break(s) | h_shift_+1 | electron_loss",node_0135,1;2;3;4;6;7;8;9;10;11;12;13,C;C,2,1,,,,,0.52,0.55,0.502,0.8139999999999998,90,2,45
node_0615,PFA,Perfluoroalkoxy Alkane,C4HF8,"{""C"": 4, ""F"": 8, ""H"": 1}",200.99505033407,negative,-1,fragment_h_shift,electron_gain,"M | fragment C,F from C-F+C-F bond break(s) | h_shift_+1 | electron_gain",node_0135,1;2;3;4;6;7;8;9;10;11;12;13,C;C,2,1,,,,,0.52,0.55,0.502,0.6719999999999999,45,1,45
node_0616,PFA,Perfluoroalkoxy Alkane,C3HF6,"{""C"": 3, ""F"": 6, ""H"": 1}",150.99824400861,positive,1,fragment_h_shift,electron_loss,"M | fragment C,F from C-F+C-C bond break(s) | h_shift_+1 | electron_loss",node_0136,1;2;3;4;5;10;11;12;13,C;C,2,1,,,,,0.52,0.55,0.552,0.8639999999999999,42,2,21
node_0617,PFA,Perfluoroalkoxy Alkane,C3HF6,"{""C"": 3, ""F"": 6, ""H"": 1}",150.99824400861,negative,-1,fragment_h_shift,electron_gain,"M | fragment C,F from C-F+C-C bond break(s) | h_shift_+1 | electron_gain",node_0136,1;2;3;4;5;10;11;12;13,C;C,2,1,,,,,0.52,0.55,0.552,0.722,21,1,21
node_0618,PFA,Perfluoroalkoxy Alkane,C4HF8,"{""C"": 4, ""F"": 8, ""H"": 1}",200.99505033407,positive,1,fragment_h_shift,electron_loss,"M | fragment C,F from C-F+C-F bond break(s) | h_shift_+1 | electron_loss",node_0137,1;2;3;4;5;6;8;9;10;11;12;13,C;C,2,1,,,,,0.52,0.55,0.502,0.8139999999999998,90,2,45
node_0619,PFA,Perfluoroalkoxy Alkane,C4HF8,"{""C"": 4, ""F"": 8, ""H"": 1}",200.99505033407,negative,-1,fragment_h_shift,electron_gain,"M | fragment C,F from C-F+C-F bond break(s) | h_shift_+1 | electron_gain",node_0137,1;2;3;4;5;6;8;9;10;11;12;13,C;C,2,1,,,,,0.52,0.55,0.502,0.6719999999999999,45,1,45
node_0620,PFA,Perfluoroalkoxy Alkane,C4HF8,"{""C"": 4, ""F"": 8, ""H"": 1}",200.99505033407,positive,1,fragment_h_shift,electron_loss,"M | fragment C,F from C-F+C-F bond break(s) | h_shift_+1 | electron_loss",node_0138,1;2;3;4;5;6;7;9;10;11;12;13,C;C,2,1,,,,,0.52,0.55,0.502,0.8139999999999998,90,2,45
node_0621,PFA,Perfluoroalkoxy Alkane,C4HF8,"{""C"": 4, ""F"": 8, ""H"": 1}",200.99505033407,negative,-1,fragment_h_shift,electron_gain,"M | fragment C,F from C-F+C-F bond break(s) | h_shift_+1 | electron_gain",node_0138,1;2;3;4;5;6;7;9;10;11;12;13,C;C,2,1,,,,,0.52,0.55,0.502,0.6719999999999999,45,1,45
node_0622,PFA,Perfluoroalkoxy Alkane,C4HF8,"{""C"": 4, ""F"": 8, ""H"": 1}",200.99505033407,positive,1,fragment_h_shift,electron_loss,"M | fragment C,F from C-F+C-F bond break(s) | h_shift_+1 | electron_loss",node_0139,1;2;3;4;5;6;7;8;10;11;12;13,C;C,2,1,,,,,0.52,0.55,0.502,0.8139999999999998,90,2,45
node_0623,PFA,Perfluoroalkoxy Alkane,C4HF8,"{""C"": 4, ""F"": 8, ""H"": 1}",200.99505033407,negative,-1,fragment_h_shift,electron_gain,"M | fragment C,F from C-F+C-F bond break(s) | h_shift_+1 | electron_gain",node_0139,1;2;3;4;5;6;7;8;10;11;12;13,C;C,2,1,,,,,0.52,0.55,0.502,0.6719999999999999,45,1,45
node_0624,PFA,Perfluoroalkoxy Alkane,C3HF6,"{""C"": 3, ""F"": 6, ""H"": 1}",150.99824400861,positive,1,fragment_h_shift,electron_loss,"M | fragment C,F from C-F+C-C bond break(s) | h_shift_+1 | electron_loss",node_0140,1;2;3;4;5;6;7;8;9,C;C,2,1,,,,,0.52,0.55,0.552,0.8639999999999999,42,2,21
node_0625,PFA,Perfluoroalkoxy Alkane,C3HF6,"{""C"": 3, ""F"": 6, ""H"": 1}",150.99824400861,negative,-1,fragment_h_shift,electron_gain,"M | fragment C,F from C-F+C-C bond break(s) | h_shift_+1 | electron_gain",node_0140,1;2;3;4;5;6;7;8;9,C;C,2,1,,,,,0.52,0.55,0.552,0.722,21,1,21
node_0626,PFA,Perfluoroalkoxy Alkane,C4HF8,"{""C"": 4, ""F"": 8, ""H"": 1}",200.99505033407,positive,1,fragment_h_shift,electron_loss,"M | fragment C,F from C-F+C-F bond break(s) | h_shift_+1 | electron_loss",node_0141,1;2;3;4;5;6;7;8;9;10;12;13,C;C,2,1,,,,,0.52,0.55,0.502,0.8139999999999998,90,2,45
node_0627,PFA,Perfluoroalkoxy Alkane,C4HF8,"{""C"": 4, ""F"": 8, ""H"": 1}",200.99505033407,negative,-1,fragment_h_shift,electron_gain,"M | fragment C,F from C-F+C-F bond break(s) | h_shift_+1 | electron_gain",node_0141,1;2;3;4;5;6;7;8;9;10;12;13,C;C,2,1,,,,,0.52,0.55,0.502,0.6719999999999999,45,1,45
node_0628,PFA,Perfluoroalkoxy Alkane,C4HF8,"{""C"": 4, ""F"": 8, ""H"": 1}",200.99505033407,positive,1,fragment_h_shift,electron_loss,"M | fragment C,F from C-F+C-F bond break(s) | h_shift_+1 | electron_loss",node_0142,1;2;3;4;5;6;7;8;9;10;11;13,C;C,2,1,,,,,0.52,0.55,0.502,0.8139999999999998,90,2,45
node_0629,PFA,Perfluoroalkoxy Alkane,C4HF8,"{""C"": 4, ""F"": 8, ""H"": 1}",200.99505033407,negative,-1,fragment_h_shift,electron_gain,"M | fragment C,F from C-F+C-F bond break(s) | h_shift_+1 | electron_gain",node_0142,1;2;3;4;5;6;7;8;9;10;11;13,C;C,2,1,,,,,0.52,0.55,0.502,0.6719999999999999,45,1,45
node_0630,PFA,Perfluoroalkoxy Alkane,C4HF8,"{""C"": 4, ""F"": 8, ""H"": 1}",200.99505033407,positive,1,fragment_h_shift,electron_loss,"M | fragment C,F from C-F+C-F bond break(s) | h_shift_+1 | electron_loss",node_0143,1;2;3;4;5;6;7;8;9;10;11;12,C;C,2,1,,,,,0.52,0.55,0.502,0.8139999999999998,90,2,45
node_0631,PFA,Perfluoroalkoxy Alkane,C4HF8,"{""C"": 4, ""F"": 8, ""H"": 1}",200.99505033407,negative,-1,fragment_h_shift,electron_gain,"M | fragment C,F from C-F+C-F bond break(s) | h_shift_+1 | electron_gain",node_0143,1;2;3;4;5;6;7;8;9;10;11;12,C;C,2,1,,,,,0.52,0.55,0.502,0.6719999999999999,45,1,45
node_0632,PFA,Perfluoroalkoxy Alkane,C4HF8,"{""C"": 4, ""F"": 8, ""H"": 1}",200.99505033407,positive,1,fragment_h_shift,electron_loss,"M | fragment C,F from C-F+C-F bond break(s) | h_shift_+1 | electron_loss",node_0144,0;1;4;5;6;7;8;9;10;11;12;13,C;C,2,1,,,,,0.52,0.55,0.502,0.8139999999999998,90,2,45
node_0633,PFA,Perfluoroalkoxy Alkane,C4HF8,"{""C"": 4, ""F"": 8, ""H"": 1}",200.99505033407,negative,-1,fragment_h_shift,electron_gain,"M | fragment C,F from C-F+C-F bond break(s) | h_shift_+1 | electron_gain",node_0144,0;1;4;5;6;7;8;9;10;11;12;13,C;C,2,1,,,,,0.52,0.55,0.502,0.6719999999999999,45,1,45
node_0634,PFA,Perfluoroalkoxy Alkane,CHF2,"{""C"": 1, ""F"": 2, ""H"": 1}",51.00463135769,positive,1,fragment_h_shift,electron_loss,"M | fragment C,F from C-F+C-C bond break(s) | h_shift_+1 | electron_loss",node_0145,0;1;3,C;C,2,1,,,,,0.52,0.55,0.552,0.8639999999999999,18,2,9
node_0635,PFA,Perfluoroalkoxy Alkane,CHF2,"{""C"": 1, ""F"": 2, ""H"": 1}",51.00463135769,negative,-1,fragment_h_shift,electron_gain,"M | fragment C,F from C-F+C-C bond break(s) | h_shift_+1 | electron_gain",node_0145,0;1;3,C;C,2,1,,,,,0.52,0.55,0.552,0.722,9,1,9
node_0636,PFA,Perfluoroalkoxy Alkane,C4HF8,"{""C"": 4, ""F"": 8, ""H"": 1}",200.99505033407,positive,1,fragment_h_shift,electron_loss,"M | fragment C,F from C-F+C-F bond break(s) | h_shift_+1 | electron_loss",node_0146,0;1;3;4;6;7;8;9;10;11;12;13,C;C,2,1,,,,,0.52,0.55,0.502,0.8139999999999998,90,2,45
node_0637,PFA,Perfluoroalkoxy Alkane,C4HF8,"{""C"": 4, ""F"": 8, ""H"": 1}",200.99505033407,negative,-1,fragment_h_shift,electron_gain,"M | fragment C,F from C-F+C-F bond break(s) | h_shift_+1 | electron_gain",node_0146,0;1;3;4;6;7;8;9;10;11;12;13,C;C,2,1,,,,,0.52,0.55,0.502,0.6719999999999999,45,1,45
node_0638,PFA,Perfluoroalkoxy Alkane,C3HF6,"{""C"": 3, ""F"": 6, ""H"": 1}",150.99824400861,positive,1,fragment_h_shift,electron_loss,"M | fragment C,F from C-F+C-C bond break(s) | h_shift_+1 | electron_loss",node_0147,0;1;3;4;5;10;11;12;13,C;C,2,1,,,,,0.52,0.55,0.552,0.8639999999999999,42,2,21
node_0639,PFA,Perfluoroalkoxy Alkane,C3HF6,"{""C"": 3, ""F"": 6, ""H"": 1}",150.99824400861,negative,-1,fragment_h_shift,electron_gain,"M | fragment C,F from C-F+C-C bond break(s) | h_shift_+1 | electron_gain",node_0147,0;1;3;4;5;10;11;12;13,C;C,2,1,,,,,0.52,0.55,0.552,0.722,21,1,21
node_0640,PFA,Perfluoroalkoxy Alkane,C4HF8,"{""C"": 4, ""F"": 8, ""H"": 1}",200.99505033407,positive,1,fragment_h_shift,electron_loss,"M | fragment C,F from C-F+C-F bond break(s) | h_shift_+1 | electron_loss",node_0148,0;1;3;4;5;6;8;9;10;11;12;13,C;C,2,1,,,,,0.52,0.55,0.502,0.8139999999999998,90,2,45
node_0641,PFA,Perfluoroalkoxy Alkane,C4HF8,"{""C"": 4, ""F"": 8, ""H"": 1}",200.99505033407,negative,-1,fragment_h_shift,electron_gain,"M | fragment C,F from C-F+C-F bond break(s) | h_shift_+1 | electron_gain",node_0148,0;1;3;4;5;6;8;9;10;11;12;13,C;C,2,1,,,,,0.52,0.55,0.502,0.6719999999999999,45,1,45
node_0642,PFA,Perfluoroalkoxy Alkane,C4HF8,"{""C"": 4, ""F"": 8, ""H"": 1}",200.99505033407,positive,1,fragment_h_shift,electron_loss,"M | fragment C,F from C-F+C-F bond break(s) | h_shift_+1 | electron_loss",node_0149,0;1;3;4;5;6;7;9;10;11;12;13,C;C,2,1,,,,,0.52,0.55,0.502,0.8139999999999998,90,2,45
node_0643,PFA,Perfluoroalkoxy Alkane,C4HF8,"{""C"": 4, ""F"": 8, ""H"": 1}",200.99505033407,negative,-1,fragment_h_shift,electron_gain,"M | fragment C,F from C-F+C-F bond break(s) | h_shift_+1 | electron_gain",node_0149,0;1;3;4;5;6;7;9;10;11;12;13,C;C,2,1,,,,,0.52,0.55,0.502,0.6719999999999999,45,1,45
node_0644,PFA,Perfluoroalkoxy Alkane,C4HF8,"{""C"": 4, ""F"": 8, ""H"": 1}",200.99505033407,positive,1,fragment_h_shift,electron_loss,"M | fragment C,F from C-F+C-F bond break(s) | h_shift_+1 | electron_loss",node_0150,0;1;3;4;5;6;7;8;10;11;12;13,C;C,2,1,,,,,0.52,0.55,0.502,0.8139999999999998,90,2,45
node_0645,PFA,Perfluoroalkoxy Alkane,C4HF8,"{""C"": 4, ""F"": 8, ""H"": 1}",200.99505033407,negative,-1,fragment_h_shift,electron_gain,"M | fragment C,F from C-F+C-F bond break(s) | h_shift_+1 | electron_gain",node_0150,0;1;3;4;5;6;7;8;10;11;12;13,C;C,2,1,,,,,0.52,0.55,0.502,0.6719999999999999,45,1,45
node_0646,PFA,Perfluoroalkoxy Alkane,C3HF6,"{""C"": 3, ""F"": 6, ""H"": 1}",150.99824400861,positive,1,fragment_h_shift,electron_loss,"M | fragment C,F from C-F+C-C bond break(s) | h_shift_+1 | electron_loss",node_0151,0;1;3;4;5;6;7;8;9,C;C,2,1,,,,,0.52,0.55,0.552,0.8639999999999999,42,2,21
node_0647,PFA,Perfluoroalkoxy Alkane,C3HF6,"{""C"": 3, ""F"": 6, ""H"": 1}",150.99824400861,negative,-1,fragment_h_shift,electron_gain,"M | fragment C,F from C-F+C-C bond break(s) | h_shift_+1 | electron_gain",node_0151,0;1;3;4;5;6;7;8;9,C;C,2,1,,,,,0.52,0.55,0.552,0.722,21,1,21
node_0648,PFA,Perfluoroalkoxy Alkane,C4HF8,"{""C"": 4, ""F"": 8, ""H"": 1}",200.99505033407,positive,1,fragment_h_shift,electron_loss,"M | fragment C,F from C-F+C-F bond break(s) | h_shift_+1 | electron_loss",node_0152,0;1;3;4;5;6;7;8;9;10;12;13,C;C,2,1,,,,,0.52,0.55,0.502,0.8139999999999998,90,2,45
node_0649,PFA,Perfluoroalkoxy Alkane,C4HF8,"{""C"": 4, ""F"": 8, ""H"": 1}",200.99505033407,negative,-1,fragment_h_shift,electron_gain,"M | fragment C,F from C-F+C-F bond break(s) | h_shift_+1 | electron_gain",node_0152,0;1;3;4;5;6;7;8;9;10;12;13,C;C,2,1,,,,,0.52,0.55,0.502,0.6719999999999999,45,1,45
node_0650,PFA,Perfluoroalkoxy Alkane,C4HF8,"{""C"": 4, ""F"": 8, ""H"": 1}",200.99505033407,positive,1,fragment_h_shift,electron_loss,"M | fragment C,F from C-F+C-F bond break(s) | h_shift_+1 | electron_loss",node_0153,0;1;3;4;5;6;7;8;9;10;11;13,C;C,2,1,,,,,0.52,0.55,0.502,0.8139999999999998,90,2,45
node_0651,PFA,Perfluoroalkoxy Alkane,C4HF8,"{""C"": 4, ""F"": 8, ""H"": 1}",200.99505033407,negative,-1,fragment_h_shift,electron_gain,"M | fragment C,F from C-F+C-F bond break(s) | h_shift_+1 | electron_gain",node_0153,0;1;3;4;5;6;7;8;9;10;11;13,C;C,2,1,,,,,0.52,0.55,0.502,0.6719999999999999,45,1,45
node_0652,PFA,Perfluoroalkoxy Alkane,C4HF8,"{""C"": 4, ""F"": 8, ""H"": 1}",200.99505033407,positive,1,fragment_h_shift,electron_loss,"M | fragment C,F from C-F+C-F bond break(s) | h_shift_+1 | electron_loss",node_0154,0;1;3;4;5;6;7;8;9;10;11;12,C;C,2,1,,,,,0.52,0.55,0.502,0.8139999999999998,90,2,45
node_0653,PFA,Perfluoroalkoxy Alkane,C4HF8,"{""C"": 4, ""F"": 8, ""H"": 1}",200.99505033407,negative,-1,fragment_h_shift,electron_gain,"M | fragment C,F from C-F+C-F bond break(s) | h_shift_+1 | electron_gain",node_0154,0;1;3;4;5;6;7;8;9;10;11;12,C;C,2,1,,,,,0.52,0.55,0.502,0.6719999999999999,45,1,45
node_0654,PFA,Perfluoroalkoxy Alkane,CHF2,"{""C"": 1, ""F"": 2, ""H"": 1}",51.00463135769,positive,1,fragment_h_shift,electron_loss,"M | fragment C,F from C-F+C-C bond break(s) | h_shift_+1 | electron_loss",node_0155,0;1;2,C;C,2,1,,,,,0.52,0.55,0.552,0.8639999999999999,18,2,9
node_0655,PFA,Perfluoroalkoxy Alkane,CHF2,"{""C"": 1, ""F"": 2, ""H"": 1}",51.00463135769,negative,-1,fragment_h_shift,electron_gain,"M | fragment C,F from C-F+C-C bond break(s) | h_shift_+1 | electron_gain",node_0155,0;1;2,C;C,2,1,,,,,0.52,0.55,0.552,0.722,9,1,9
node_0656,PFA,Perfluoroalkoxy Alkane,C4HF8,"{""C"": 4, ""F"": 8, ""H"": 1}",200.99505033407,positive,1,fragment_h_shift,electron_loss,"M | fragment C,F from C-F+C-F bond break(s) | h_shift_+1 | electron_loss",node_0156,0;1;2;4;6;7;8;9;10;11;12;13,C;C,2,1,,,,,0.52,0.55,0.502,0.8139999999999998,90,2,45
node_0657,PFA,Perfluoroalkoxy Alkane,C4HF8,"{""C"": 4, ""F"": 8, ""H"": 1}",200.99505033407,negative,-1,fragment_h_shift,electron_gain,"M | fragment C,F from C-F+C-F bond break(s) | h_shift_+1 | electron_gain",node_0156,0;1;2;4;6;7;8;9;10;11;12;13,C;C,2,1,,,,,0.52,0.55,0.502,0.6719999999999999,45,1,45
node_0658,PFA,Perfluoroalkoxy Alkane,C3HF6,"{""C"": 3, ""F"": 6, ""H"": 1}",150.99824400861,positive,1,fragment_h_shift,electron_loss,"M | fragment C,F from C-F+C-C bond break(s) | h_shift_+1 | electron_loss",node_0157,0;1;2;4;5;10;11;12;13,C;C,2,1,,,,,0.52,0.55,0.552,0.8639999999999999,42,2,21
node_0659,PFA,Perfluoroalkoxy Alkane,C3HF6,"{""C"": 3, ""F"": 6, ""H"": 1}",150.99824400861,negative,-1,fragment_h_shift,electron_gain,"M | fragment C,F from C-F+C-C bond break(s) | h_shift_+1 | electron_gain",node_0157,0;1;2;4;5;10;11;12;13,C;C,2,1,,,,,0.52,0.55,0.552,0.722,21,1,21
node_0660,PFA,Perfluoroalkoxy Alkane,C4HF8,"{""C"": 4, ""F"": 8, ""H"": 1}",200.99505033407,positive,1,fragment_h_shift,electron_loss,"M | fragment C,F from C-F+C-F bond break(s) | h_shift_+1 | electron_loss",node_0158,0;1;2;4;5;6;8;9;10;11;12;13,C;C,2,1,,,,,0.52,0.55,0.502,0.8139999999999998,90,2,45
node_0661,PFA,Perfluoroalkoxy Alkane,C4HF8,"{""C"": 4, ""F"": 8, ""H"": 1}",200.99505033407,negative,-1,fragment_h_shift,electron_gain,"M | fragment C,F from C-F+C-F bond break(s) | h_shift_+1 | electron_gain",node_0158,0;1;2;4;5;6;8;9;10;11;12;13,C;C,2,1,,,,,0.52,0.55,0.502,0.6719999999999999,45,1,45
node_0662,PFA,Perfluoroalkoxy Alkane,C4HF8,"{""C"": 4, ""F"": 8, ""H"": 1}",200.99505033407,positive,1,fragment_h_shift,electron_loss,"M | fragment C,F from C-F+C-F bond break(s) | h_shift_+1 | electron_loss",node_0159,0;1;2;4;5;6;7;9;10;11;12;13,C;C,2,1,,,,,0.52,0.55,0.502,0.8139999999999998,90,2,45
node_0663,PFA,Perfluoroalkoxy Alkane,C4HF8,"{""C"": 4, ""F"": 8, ""H"": 1}",200.99505033407,negative,-1,fragment_h_shift,electron_gain,"M | fragment C,F from C-F+C-F bond break(s) | h_shift_+1 | electron_gain",node_0159,0;1;2;4;5;6;7;9;10;11;12;13,C;C,2,1,,,,,0.52,0.55,0.502,0.6719999999999999,45,1,45
node_0664,PFA,Perfluoroalkoxy Alkane,C4HF8,"{""C"": 4, ""F"": 8, ""H"": 1}",200.99505033407,positive,1,fragment_h_shift,electron_loss,"M | fragment C,F from C-F+C-F bond break(s) | h_shift_+1 | electron_loss",node_0160,0;1;2;4;5;6;7;8;10;11;12;13,C;C,2,1,,,,,0.52,0.55,0.502,0.8139999999999998,90,2,45
node_0665,PFA,Perfluoroalkoxy Alkane,C4HF8,"{""C"": 4, ""F"": 8, ""H"": 1}",200.99505033407,negative,-1,fragment_h_shift,electron_gain,"M | fragment C,F from C-F+C-F bond break(s) | h_shift_+1 | electron_gain",node_0160,0;1;2;4;5;6;7;8;10;11;12;13,C;C,2,1,,,,,0.52,0.55,0.502,0.6719999999999999,45,1,45
node_0666,PFA,Perfluoroalkoxy Alkane,C3HF6,"{""C"": 3, ""F"": 6, ""H"": 1}",150.99824400861,positive,1,fragment_h_shift,electron_loss,"M | fragment C,F from C-F+C-C bond break(s) | h_shift_+1 | electron_loss",node_0161,0;1;2;4;5;6;7;8;9,C;C,2,1,,,,,0.52,0.55,0.552,0.8639999999999999,42,2,21
node_0667,PFA,Perfluoroalkoxy Alkane,C3HF6,"{""C"": 3, ""F"": 6, ""H"": 1}",150.99824400861,negative,-1,fragment_h_shift,electron_gain,"M | fragment C,F from C-F+C-C bond break(s) | h_shift_+1 | electron_gain",node_0161,0;1;2;4;5;6;7;8;9,C;C,2,1,,,,,0.52,0.55,0.552,0.722,21,1,21
node_0668,PFA,Perfluoroalkoxy Alkane,C4HF8,"{""C"": 4, ""F"": 8, ""H"": 1}",200.99505033407,positive,1,fragment_h_shift,electron_loss,"M | fragment C,F from C-F+C-F bond break(s) | h_shift_+1 | electron_loss",node_0162,0;1;2;4;5;6;7;8;9;10;12;13,C;C,2,1,,,,,0.52,0.55,0.502,0.8139999999999998,90,2,45
node_0669,PFA,Perfluoroalkoxy Alkane,C4HF8,"{""C"": 4, ""F"": 8, ""H"": 1}",200.99505033407,negative,-1,fragment_h_shift,electron_gain,"M | fragment C,F from C-F+C-F bond break(s) | h_shift_+1 | electron_gain",node_0162,0;1;2;4;5;6;7;8;9;10;12;13,C;C,2,1,,,,,0.52,0.55,0.502,0.6719999999999999,45,1,45
node_0670,PFA,Perfluoroalkoxy Alkane,C4HF8,"{""C"": 4, ""F"": 8, ""H"": 1}",200.99505033407,positive,1,fragment_h_shift,electron_loss,"M | fragment C,F from C-F+C-F bond break(s) | h_shift_+1 | electron_loss",node_0163,0;1;2;4;5;6;7;8;9;10;11;13,C;C,2,1,,,,,0.52,0.55,0.502,0.8139999999999998,90,2,45
node_0671,PFA,Perfluoroalkoxy Alkane,C4HF8,"{""C"": 4, ""F"": 8, ""H"": 1}",200.99505033407,negative,-1,fragment_h_shift,electron_gain,"M | fragment C,F from C-F+C-F bond break(s) | h_shift_+1 | electron_gain",node_0163,0;1;2;4;5;6;7;8;9;10;11;13,C;C,2,1,,,,,0.52,0.55,0.502,0.6719999999999999,45,1,45
node_0672,PFA,Perfluoroalkoxy Alkane,C4HF8,"{""C"": 4, ""F"": 8, ""H"": 1}",200.99505033407,positive,1,fragment_h_shift,electron_loss,"M | fragment C,F from C-F+C-F bond break(s) | h_shift_+1 | electron_loss",node_0164,0;1;2;4;5;6;7;8;9;10;11;12,C;C,2,1,,,,,0.52,0.55,0.502,0.8139999999999998,90,2,45
node_0673,PFA,Perfluoroalkoxy Alkane,C4HF8,"{""C"": 4, ""F"": 8, ""H"": 1}",200.99505033407,negative,-1,fragment_h_shift,electron_gain,"M | fragment C,F from C-F+C-F bond break(s) | h_shift_+1 | electron_gain",node_0164,0;1;2;4;5;6;7;8;9;10;11;12,C;C,2,1,,,,,0.52,0.55,0.502,0.6719999999999999,45,1,45
node_0674,PFA,Perfluoroalkoxy Alkane,C3HF6,"{""C"": 3, ""F"": 6, ""H"": 1}",150.99824400861,positive,1,fragment_h_shift,electron_loss,"M | fragment C,F from C-C+C-F bond break(s) | h_shift_+1 | electron_loss",node_0165,4;6;7;8;9;10;11;12;13,C;C,2,1,,,,,0.52,0.55,0.552,0.8639999999999999,42,2,21
node_0675,PFA,Perfluoroalkoxy Alkane,C3HF6,"{""C"": 3, ""F"": 6, ""H"": 1}",150.99824400861,negative,-1,fragment_h_shift,electron_gain,"M | fragment C,F from C-C+C-F bond break(s) | h_shift_+1 | electron_gain",node_0165,4;6;7;8;9;10;11;12;13,C;C,2,1,,,,,0.52,0.55,0.552,0.722,21,1,21
node_0676,PFA,Perfluoroalkoxy Alkane,C2HF4,"{""C"": 2, ""F"": 4, ""H"": 1}",101.00143768315,positive,1,fragment_h_shift,electron_loss,"M | fragment C,F from C-C+C-C bond break(s) | h_shift_+1 | electron_loss",node_0166,4;5;10;11;12;13,C;C,2,1,,,,,0.52,0.55,0.552,0.8639999999999999,6,2,3
node_0677,PFA,Perfluoroalkoxy Alkane,C2HF4,"{""C"": 2, ""F"": 4, ""H"": 1}",101.00143768315,negative,-1,fragment_h_shift,electron_gain,"M | fragment C,F from C-C+C-C bond break(s) | h_shift_+1 | electron_gain",node_0166,4;5;10;11;12;13,C;C,2,1,,,,,0.52,0.55,0.552,0.702,3,1,3
node_0678,PFA,Perfluoroalkoxy Alkane,C3HF6,"{""C"": 3, ""F"": 6, ""H"": 1}",150.99824400861,positive,1,fragment_h_shift,electron_loss,"M | fragment C,F from C-C+C-F bond break(s) | h_shift_+1 | electron_loss",node_0167,4;5;6;8;9;10;11;12;13,C;C,2,1,,,,,0.52,0.55,0.552,0.8639999999999999,42,2,21
node_0679,PFA,Perfluoroalkoxy Alkane,C3HF6,"{""C"": 3, ""F"": 6, ""H"": 1}",150.99824400861,negative,-1,fragment_h_shift,electron_gain,"M | fragment C,F from C-C+C-F bond break(s) | h_shift_+1 | electron_gain",node_0167,4;5;6;8;9;10;11;12;13,C;C,2,1,,,,,0.52,0.55,0.552,0.722,21,1,21
node_0680,PFA,Perfluoroalkoxy Alkane,C3HF6,"{""C"": 3, ""F"": 6, ""H"": 1}",150.99824400861,positive,1,fragment_h_shift,electron_loss,"M | fragment C,F from C-C+C-F bond break(s) | h_shift_+1 | electron_loss",node_0168,4;5;6;7;9;10;11;12;13,C;C,2,1,,,,,0.52,0.55,0.552,0.8639999999999999,42,2,21
node_0681,PFA,Perfluoroalkoxy Alkane,C3HF6,"{""C"": 3, ""F"": 6, ""H"": 1}",150.99824400861,negative,-1,fragment_h_shift,electron_gain,"M | fragment C,F from C-C+C-F bond break(s) | h_shift_+1 | electron_gain",node_0168,4;5;6;7;9;10;11;12;13,C;C,2,1,,,,,0.52,0.55,0.552,0.722,21,1,21
node_0682,PFA,Perfluoroalkoxy Alkane,C3HF6,"{""C"": 3, ""F"": 6, ""H"": 1}",150.99824400861,positive,1,fragment_h_shift,electron_loss,"M | fragment C,F from C-C+C-F bond break(s) | h_shift_+1 | electron_loss",node_0169,4;5;6;7;8;10;11;12;13,C;C,2,1,,,,,0.52,0.55,0.552,0.8639999999999999,42,2,21
node_0683,PFA,Perfluoroalkoxy Alkane,C3HF6,"{""C"": 3, ""F"": 6, ""H"": 1}",150.99824400861,negative,-1,fragment_h_shift,electron_gain,"M | fragment C,F from C-C+C-F bond break(s) | h_shift_+1 | electron_gain",node_0169,4;5;6;7;8;10;11;12;13,C;C,2,1,,,,,0.52,0.55,0.552,0.722,21,1,21
node_0684,PFA,Perfluoroalkoxy Alkane,C2HF4,"{""C"": 2, ""F"": 4, ""H"": 1}",101.00143768315,positive,1,fragment_h_shift,electron_loss,"M | fragment C,F from C-C+C-C bond break(s) | h_shift_+1 | electron_loss",node_0170,4;5;6;7;8;9,C;C,2,1,,,,,0.52,0.55,0.552,0.8639999999999999,6,2,3
node_0685,PFA,Perfluoroalkoxy Alkane,C2HF4,"{""C"": 2, ""F"": 4, ""H"": 1}",101.00143768315,negative,-1,fragment_h_shift,electron_gain,"M | fragment C,F from C-C+C-C bond break(s) | h_shift_+1 | electron_gain",node_0170,4;5;6;7;8;9,C;C,2,1,,,,,0.52,0.55,0.552,0.702,3,1,3
node_0686,PFA,Perfluoroalkoxy Alkane,C3HF6,"{""C"": 3, ""F"": 6, ""H"": 1}",150.99824400861,positive,1,fragment_h_shift,electron_loss,"M | fragment C,F from C-C+C-F bond break(s) | h_shift_+1 | electron_loss",node_0171,4;5;6;7;8;9;10;12;13,C;C,2,1,,,,,0.52,0.55,0.552,0.8639999999999999,42,2,21
node_0687,PFA,Perfluoroalkoxy Alkane,C3HF6,"{""C"": 3, ""F"": 6, ""H"": 1}",150.99824400861,negative,-1,fragment_h_shift,electron_gain,"M | fragment C,F from C-C+C-F bond break(s) | h_shift_+1 | electron_gain",node_0171,4;5;6;7;8;9;10;12;13,C;C,2,1,,,,,0.52,0.55,0.552,0.722,21,1,21
node_0688,PFA,Perfluoroalkoxy Alkane,C3HF6,"{""C"": 3, ""F"": 6, ""H"": 1}",150.99824400861,positive,1,fragment_h_shift,electron_loss,"M | fragment C,F from C-C+C-F bond break(s) | h_shift_+1 | electron_loss",node_0172,4;5;6;7;8;9;10;11;13,C;C,2,1,,,,,0.52,0.55,0.552,0.8639999999999999,42,2,21
node_0689,PFA,Perfluoroalkoxy Alkane,C3HF6,"{""C"": 3, ""F"": 6, ""H"": 1}",150.99824400861,negative,-1,fragment_h_shift,electron_gain,"M | fragment C,F from C-C+C-F bond break(s) | h_shift_+1 | electron_gain",node_0172,4;5;6;7;8;9;10;11;13,C;C,2,1,,,,,0.52,0.55,0.552,0.722,21,1,21
node_0690,PFA,Perfluoroalkoxy Alkane,C3HF6,"{""C"": 3, ""F"": 6, ""H"": 1}",150.99824400861,positive,1,fragment_h_shift,electron_loss,"M | fragment C,F from C-C+C-F bond break(s) | h_shift_+1 | electron_loss",node_0173,4;5;6;7;8;9;10;11;12,C;C,2,1,,,,,0.52,0.55,0.552,0.8639999999999999,42,2,21
node_0691,PFA,Perfluoroalkoxy Alkane,C3HF6,"{""C"": 3, ""F"": 6, ""H"": 1}",150.99824400861,negative,-1,fragment_h_shift,electron_gain,"M | fragment C,F from C-C+C-F bond break(s) | h_shift_+1 | electron_gain",node_0173,4;5;6;7;8;9;10;11;12,C;C,2,1,,,,,0.52,0.55,0.552,0.722,21,1,21
node_0692,PFA,Perfluoroalkoxy Alkane,C3HF6,"{""C"": 3, ""F"": 6, ""H"": 1}",150.99824400861,positive,1,fragment_h_shift,electron_loss,"M | fragment C,F from C-F+C-C bond break(s) | h_shift_+1 | electron_loss",node_0174,0;1;2;3;4;10;11;12;13,C;C,2,1,,,,,0.52,0.55,0.552,0.8639999999999999,42,2,21
node_0693,PFA,Perfluoroalkoxy Alkane,C3HF6,"{""C"": 3, ""F"": 6, ""H"": 1}",150.99824400861,negative,-1,fragment_h_shift,electron_gain,"M | fragment C,F from C-F+C-C bond break(s) | h_shift_+1 | electron_gain",node_0174,0;1;2;3;4;10;11;12;13,C;C,2,1,,,,,0.52,0.55,0.552,0.722,21,1,21
node_0694,PFA,Perfluoroalkoxy Alkane,C4HF8,"{""C"": 4, ""F"": 8, ""H"": 1}",200.99505033407,positive,1,fragment_h_shift,electron_loss,"M | fragment C,F from C-F+C-F bond break(s) | h_shift_+1 | electron_loss",node_0175,0;1;2;3;4;6;8;9;10;11;12;13,C;C,2,1,,,,,0.52,0.55,0.502,0.8139999999999998,90,2,45
node_0695,PFA,Perfluoroalkoxy Alkane,C4HF8,"{""C"": 4, ""F"": 8, ""H"": 1}",200.99505033407,negative,-1,fragment_h_shift,electron_gain,"M | fragment C,F from C-F+C-F bond break(s) | h_shift_+1 | electron_gain",node_0175,0;1;2;3;4;6;8;9;10;11;12;13,C;C,2,1,,,,,0.52,0.55,0.502,0.6719999999999999,45,1,45
node_0696,PFA,Perfluoroalkoxy Alkane,C4HF8,"{""C"": 4, ""F"": 8, ""H"": 1}",200.99505033407,positive,1,fragment_h_shift,electron_loss,"M | fragment C,F from C-F+C-F bond break(s) | h_shift_+1 | electron_loss",node_0176,0;1;2;3;4;6;7;9;10;11;12;13,C;C,2,1,,,,,0.52,0.55,0.502,0.8139999999999998,90,2,45
node_0697,PFA,Perfluoroalkoxy Alkane,C4HF8,"{""C"": 4, ""F"": 8, ""H"": 1}",200.99505033407,negative,-1,fragment_h_shift,electron_gain,"M | fragment C,F from C-F+C-F bond break(s) | h_shift_+1 | electron_gain",node_0176,0;1;2;3;4;6;7;9;10;11;12;13,C;C,2,1,,,,,0.52,0.55,0.502,0.6719999999999999,45,1,45
node_0698,PFA,Perfluoroalkoxy Alkane,C4HF8,"{""C"": 4, ""F"": 8, ""H"": 1}",200.99505033407,positive,1,fragment_h_shift,electron_loss,"M | fragment C,F from C-F+C-F bond break(s) | h_shift_+1 | electron_loss",node_0177,0;1;2;3;4;6;7;8;10;11;12;13,C;C,2,1,,,,,0.52,0.55,0.502,0.8139999999999998,90,2,45
node_0699,PFA,Perfluoroalkoxy Alkane,C4HF8,"{""C"": 4, ""F"": 8, ""H"": 1}",200.99505033407,negative,-1,fragment_h_shift,electron_gain,"M | fragment C,F from C-F+C-F bond break(s) | h_shift_+1 | electron_gain",node_0177,0;1;2;3;4;6;7;8;10;11;12;13,C;C,2,1,,,,,0.52,0.55,0.502,0.6719999999999999,45,1,45
node_0700,PFA,Perfluoroalkoxy Alkane,C3HF6,"{""C"": 3, ""F"": 6, ""H"": 1}",150.99824400861,positive,1,fragment_h_shift,electron_loss,"M | fragment C,F from C-F+C-C bond break(s) | h_shift_+1 | electron_loss",node_0178,0;1;2;3;4;6;7;8;9,C;C,2,1,,,,,0.52,0.55,0.552,0.8639999999999999,42,2,21
node_0701,PFA,Perfluoroalkoxy Alkane,C3HF6,"{""C"": 3, ""F"": 6, ""H"": 1}",150.99824400861,negative,-1,fragment_h_shift,electron_gain,"M | fragment C,F from C-F+C-C bond break(s) | h_shift_+1 | electron_gain",node_0178,0;1;2;3;4;6;7;8;9,C;C,2,1,,,,,0.52,0.55,0.552,0.722,21,1,21
node_0702,PFA,Perfluoroalkoxy Alkane,C4HF8,"{""C"": 4, ""F"": 8, ""H"": 1}",200.99505033407,positive,1,fragment_h_shift,electron_loss,"M | fragment C,F from C-F+C-F bond break(s) | h_shift_+1 | electron_loss",node_0179,0;1;2;3;4;6;7;8;9;10;12;13,C;C,2,1,,,,,0.52,0.55,0.502,0.8139999999999998,90,2,45
node_0703,PFA,Perfluoroalkoxy Alkane,C4HF8,"{""C"": 4, ""F"": 8, ""H"": 1}",200.99505033407,negative,-1,fragment_h_shift,electron_gain,"M | fragment C,F from C-F+C-F bond break(s) | h_shift_+1 | electron_gain",node_0179,0;1;2;3;4;6;7;8;9;10;12;13,C;C,2,1,,,,,0.52,0.55,0.502,0.6719999999999999,45,1,45
node_0704,PFA,Perfluoroalkoxy Alkane,C4HF8,"{""C"": 4, ""F"": 8, ""H"": 1}",200.99505033407,positive,1,fragment_h_shift,electron_loss,"M | fragment C,F from C-F+C-F bond break(s) | h_shift_+1 | electron_loss",node_0180,0;1;2;3;4;6;7;8;9;10;11;13,C;C,2,1,,,,,0.52,0.55,0.502,0.8139999999999998,90,2,45
node_0705,PFA,Perfluoroalkoxy Alkane,C4HF8,"{""C"": 4, ""F"": 8, ""H"": 1}",200.99505033407,negative,-1,fragment_h_shift,electron_gain,"M | fragment C,F from C-F+C-F bond break(s) | h_shift_+1 | electron_gain",node_0180,0;1;2;3;4;6;7;8;9;10;11;13,C;C,2,1,,,,,0.52,0.55,0.502,0.6719999999999999,45,1,45
node_0706,PFA,Perfluoroalkoxy Alkane,C4HF8,"{""C"": 4, ""F"": 8, ""H"": 1}",200.99505033407,positive,1,fragment_h_shift,electron_loss,"M | fragment C,F from C-F+C-F bond break(s) | h_shift_+1 | electron_loss",node_0181,0;1;2;3;4;6;7;8;9;10;11;12,C;C,2,1,,,,,0.52,0.55,0.502,0.8139999999999998,90,2,45
node_0707,PFA,Perfluoroalkoxy Alkane,C4HF8,"{""C"": 4, ""F"": 8, ""H"": 1}",200.99505033407,negative,-1,fragment_h_shift,electron_gain,"M | fragment C,F from C-F+C-F bond break(s) | h_shift_+1 | electron_gain",node_0181,0;1;2;3;4;6;7;8;9;10;11;12,C;C,2,1,,,,,0.52,0.55,0.502,0.6719999999999999,45,1,45
node_0708,PFA,Perfluoroalkoxy Alkane,CHF2,"{""C"": 1, ""F"": 2, ""H"": 1}",51.00463135769,positive,1,fragment_h_shift,electron_loss,"M | fragment C,F from C-C+C-F bond break(s) | h_shift_+1 | electron_loss",node_0182,6;8;9,C;C,2,1,,,,,0.52,0.55,0.552,0.8639999999999999,18,2,9
node_0709,PFA,Perfluoroalkoxy Alkane,CHF2,"{""C"": 1, ""F"": 2, ""H"": 1}",51.00463135769,negative,-1,fragment_h_shift,electron_gain,"M | fragment C,F from C-C+C-F bond break(s) | h_shift_+1 | electron_gain",node_0182,6;8;9,C;C,2,1,,,,,0.52,0.55,0.552,0.722,9,1,9
node_0710,PFA,Perfluoroalkoxy Alkane,CHF2,"{""C"": 1, ""F"": 2, ""H"": 1}",51.00463135769,positive,1,fragment_h_shift,electron_loss,"M | fragment C,F from C-C+C-F bond break(s) | h_shift_+1 | electron_loss",node_0183,6;7;9,C;C,2,1,,,,,0.52,0.55,0.552,0.8639999999999999,18,2,9
node_0711,PFA,Perfluoroalkoxy Alkane,CHF2,"{""C"": 1, ""F"": 2, ""H"": 1}",51.00463135769,negative,-1,fragment_h_shift,electron_gain,"M | fragment C,F from C-C+C-F bond break(s) | h_shift_+1 | electron_gain",node_0183,6;7;9,C;C,2,1,,,,,0.52,0.55,0.552,0.722,9,1,9
node_0712,PFA,Perfluoroalkoxy Alkane,CHF2,"{""C"": 1, ""F"": 2, ""H"": 1}",51.00463135769,positive,1,fragment_h_shift,electron_loss,"M | fragment C,F from C-C+C-F bond break(s) | h_shift_+1 | electron_loss",node_0184,6;7;8,C;C,2,1,,,,,0.52,0.55,0.552,0.8639999999999999,18,2,9
node_0713,PFA,Perfluoroalkoxy Alkane,CHF2,"{""C"": 1, ""F"": 2, ""H"": 1}",51.00463135769,negative,-1,fragment_h_shift,electron_gain,"M | fragment C,F from C-C+C-F bond break(s) | h_shift_+1 | electron_gain",node_0184,6;7;8,C;C,2,1,,,,,0.52,0.55,0.552,0.722,9,1,9
node_0714,PFA,Perfluoroalkoxy Alkane,C2HF4,"{""C"": 2, ""F"": 4, ""H"": 1}",101.00143768315,positive,1,fragment_h_shift,electron_loss,"M | fragment C,F from C-C+C-C bond break(s) | h_shift_+1 | electron_loss",node_0185,0;1;2;3;4;5,C;C,2,1,,,,,0.52,0.55,0.552,0.8639999999999999,6,2,3
node_0715,PFA,Perfluoroalkoxy Alkane,C2HF4,"{""C"": 2, ""F"": 4, ""H"": 1}",101.00143768315,negative,-1,fragment_h_shift,electron_gain,"M | fragment C,F from C-C+C-C bond break(s) | h_shift_+1 | electron_gain",node_0185,0;1;2;3;4;5,C;C,2,1,,,,,0.52,0.55,0.552,0.702,3,1,3
node_0716,PFA,Perfluoroalkoxy Alkane,C3HF6,"{""C"": 3, ""F"": 6, ""H"": 1}",150.99824400861,positive,1,fragment_h_shift,electron_loss,"M | fragment C,F from C-C+C-F bond break(s) | h_shift_+1 | electron_loss",node_0186,0;1;2;3;4;5;10;12;13,C;C,2,1,,,,,0.52,0.55,0.552,0.8639999999999999,42,2,21
node_0717,PFA,Perfluoroalkoxy Alkane,C3HF6,"{""C"": 3, ""F"": 6, ""H"": 1}",150.99824400861,negative,-1,fragment_h_shift,electron_gain,"M | fragment C,F from C-C+C-F bond break(s) | h_shift_+1 | electron_gain",node_0186,0;1;2;3;4;5;10;12;13,C;C,2,1,,,,,0.52,0.55,0.552,0.722,21,1,21
node_0718,PFA,Perfluoroalkoxy Alkane,C3HF6,"{""C"": 3, ""F"": 6, ""H"": 1}",150.99824400861,positive,1,fragment_h_shift,electron_loss,"M | fragment C,F from C-C+C-F bond break(s) | h_shift_+1 | electron_loss",node_0187,0;1;2;3;4;5;10;11;13,C;C,2,1,,,,,0.52,0.55,0.552,0.8639999999999999,42,2,21
node_0719,PFA,Perfluoroalkoxy Alkane,C3HF6,"{""C"": 3, ""F"": 6, ""H"": 1}",150.99824400861,negative,-1,fragment_h_shift,electron_gain,"M | fragment C,F from C-C+C-F bond break(s) | h_shift_+1 | electron_gain",node_0187,0;1;2;3;4;5;10;11;13,C;C,2,1,,,,,0.52,0.55,0.552,0.722,21,1,21
node_0720,PFA,Perfluoroalkoxy Alkane,C3HF6,"{""C"": 3, ""F"": 6, ""H"": 1}",150.99824400861,positive,1,fragment_h_shift,electron_loss,"M | fragment C,F from C-C+C-F bond break(s) | h_shift_+1 | electron_loss",node_0188,0;1;2;3;4;5;10;11;12,C;C,2,1,,,,,0.52,0.55,0.552,0.8639999999999999,42,2,21
node_0721,PFA,Perfluoroalkoxy Alkane,C3HF6,"{""C"": 3, ""F"": 6, ""H"": 1}",150.99824400861,negative,-1,fragment_h_shift,electron_gain,"M | fragment C,F from C-C+C-F bond break(s) | h_shift_+1 | electron_gain",node_0188,0;1;2;3;4;5;10;11;12,C;C,2,1,,,,,0.52,0.55,0.552,0.722,21,1,21
node_0722,PFA,Perfluoroalkoxy Alkane,C4HF8,"{""C"": 4, ""F"": 8, ""H"": 1}",200.99505033407,positive,1,fragment_h_shift,electron_loss,"M | fragment C,F from C-F+C-F bond break(s) | h_shift_+1 | electron_loss",node_0189,0;1;2;3;4;5;6;9;10;11;12;13,C;C,2,1,,,,,0.52,0.55,0.502,0.8139999999999998,90,2,45
node_0723,PFA,Perfluoroalkoxy Alkane,C4HF8,"{""C"": 4, ""F"": 8, ""H"": 1}",200.99505033407,negative,-1,fragment_h_shift,electron_gain,"M | fragment C,F from C-F+C-F bond break(s) | h_shift_+1 | electron_gain",node_0189,0;1;2;3;4;5;6;9;10;11;12;13,C;C,2,1,,,,,0.52,0.55,0.502,0.6719999999999999,45,1,45
node_0724,PFA,Perfluoroalkoxy Alkane,C4HF8,"{""C"": 4, ""F"": 8, ""H"": 1}",200.99505033407,positive,1,fragment_h_shift,electron_loss,"M | fragment C,F from C-F+C-F bond break(s) | h_shift_+1 | electron_loss",node_0190,0;1;2;3;4;5;6;8;10;11;12;13,C;C,2,1,,,,,0.52,0.55,0.502,0.8139999999999998,90,2,45
node_0725,PFA,Perfluoroalkoxy Alkane,C4HF8,"{""C"": 4, ""F"": 8, ""H"": 1}",200.99505033407,negative,-1,fragment_h_shift,electron_gain,"M | fragment C,F from C-F+C-F bond break(s) | h_shift_+1 | electron_gain",node_0190,0;1;2;3;4;5;6;8;10;11;12;13,C;C,2,1,,,,,0.52,0.55,0.502,0.6719999999999999,45,1,45
node_0726,PFA,Perfluoroalkoxy Alkane,C3HF6,"{""C"": 3, ""F"": 6, ""H"": 1}",150.99824400861,positive,1,fragment_h_shift,electron_loss,"M | fragment C,F from C-F+C-C bond break(s) | h_shift_+1 | electron_loss",node_0191,0;1;2;3;4;5;6;8;9,C;C,2,1,,,,,0.52,0.55,0.552,0.8639999999999999,42,2,21
node_0727,PFA,Perfluoroalkoxy Alkane,C3HF6,"{""C"": 3, ""F"": 6, ""H"": 1}",150.99824400861,negative,-1,fragment_h_shift,electron_gain,"M | fragment C,F from C-F+C-C bond break(s) | h_shift_+1 | electron_gain",node_0191,0;1;2;3;4;5;6;8;9,C;C,2,1,,,,,0.52,0.55,0.552,0.722,21,1,21
node_0728,PFA,Perfluoroalkoxy Alkane,C4HF8,"{""C"": 4, ""F"": 8, ""H"": 1}",200.99505033407,positive,1,fragment_h_shift,electron_loss,"M | fragment C,F from C-F+C-F bond break(s) | h_shift_+1 | electron_loss",node_0192,0;1;2;3;4;5;6;8;9;10;12;13,C;C,2,1,,,,,0.52,0.55,0.502,0.8139999999999998,90,2,45
node_0729,PFA,Perfluoroalkoxy Alkane,C4HF8,"{""C"": 4, ""F"": 8, ""H"": 1}",200.99505033407,negative,-1,fragment_h_shift,electron_gain,"M | fragment C,F from C-F+C-F bond break(s) | h_shift_+1 | electron_gain",node_0192,0;1;2;3;4;5;6;8;9;10;12;13,C;C,2,1,,,,,0.52,0.55,0.502,0.6719999999999999,45,1,45
node_0730,PFA,Perfluoroalkoxy Alkane,C4HF8,"{""C"": 4, ""F"": 8, ""H"": 1}",200.99505033407,positive,1,fragment_h_shift,electron_loss,"M | fragment C,F from C-F+C-F bond break(s) | h_shift_+1 | electron_loss",node_0193,0;1;2;3;4;5;6;8;9;10;11;13,C;C,2,1,,,,,0.52,0.55,0.502,0.8139999999999998,90,2,45
node_0731,PFA,Perfluoroalkoxy Alkane,C4HF8,"{""C"": 4, ""F"": 8, ""H"": 1}",200.99505033407,negative,-1,fragment_h_shift,electron_gain,"M | fragment C,F from C-F+C-F bond break(s) | h_shift_+1 | electron_gain",node_0193,0;1;2;3;4;5;6;8;9;10;11;13,C;C,2,1,,,,,0.52,0.55,0.502,0.6719999999999999,45,1,45
node_0732,PFA,Perfluoroalkoxy Alkane,C4HF8,"{""C"": 4, ""F"": 8, ""H"": 1}",200.99505033407,positive,1,fragment_h_shift,electron_loss,"M | fragment C,F from C-F+C-F bond break(s) | h_shift_+1 | electron_loss",node_0194,0;1;2;3;4;5;6;8;9;10;11;12,C;C,2,1,,,,,0.52,0.55,0.502,0.8139999999999998,90,2,45
node_0733,PFA,Perfluoroalkoxy Alkane,C4HF8,"{""C"": 4, ""F"": 8, ""H"": 1}",200.99505033407,negative,-1,fragment_h_shift,electron_gain,"M | fragment C,F from C-F+C-F bond break(s) | h_shift_+1 | electron_gain",node_0194,0;1;2;3;4;5;6;8;9;10;11;12,C;C,2,1,,,,,0.52,0.55,0.502,0.6719999999999999,45,1,45
node_0734,PFA,Perfluoroalkoxy Alkane,C4HF8,"{""C"": 4, ""F"": 8, ""H"": 1}",200.99505033407,positive,1,fragment_h_shift,electron_loss,"M | fragment C,F from C-F+C-F bond break(s) | h_shift_+1 | electron_loss",node_0195,0;1;2;3;4;5;6;7;10;11;12;13,C;C,2,1,,,,,0.52,0.55,0.502,0.8139999999999998,90,2,45
node_0735,PFA,Perfluoroalkoxy Alkane,C4HF8,"{""C"": 4, ""F"": 8, ""H"": 1}",200.99505033407,negative,-1,fragment_h_shift,electron_gain,"M | fragment C,F from C-F+C-F bond break(s) | h_shift_+1 | electron_gain",node_0195,0;1;2;3;4;5;6;7;10;11;12;13,C;C,2,1,,,,,0.52,0.55,0.502,0.6719999999999999,45,1,45
node_0736,PFA,Perfluoroalkoxy Alkane,C3HF6,"{""C"": 3, ""F"": 6, ""H"": 1}",150.99824400861,positive,1,fragment_h_shift,electron_loss,"M | fragment C,F from C-F+C-C bond break(s) | h_shift_+1 | electron_loss",node_0196,0;1;2;3;4;5;6;7;9,C;C,2,1,,,,,0.52,0.55,0.552,0.8639999999999999,42,2,21
node_0737,PFA,Perfluoroalkoxy Alkane,C3HF6,"{""C"": 3, ""F"": 6, ""H"": 1}",150.99824400861,negative,-1,fragment_h_shift,electron_gain,"M | fragment C,F from C-F+C-C bond break(s) | h_shift_+1 | electron_gain",node_0196,0;1;2;3;4;5;6;7;9,C;C,2,1,,,,,0.52,0.55,0.552,0.722,21,1,21
node_0738,PFA,Perfluoroalkoxy Alkane,C4HF8,"{""C"": 4, ""F"": 8, ""H"": 1}",200.99505033407,positive,1,fragment_h_shift,electron_loss,"M | fragment C,F from C-F+C-F bond break(s) | h_shift_+1 | electron_loss",node_0197,0;1;2;3;4;5;6;7;9;10;12;13,C;C,2,1,,,,,0.52,0.55,0.502,0.8139999999999998,90,2,45
node_0739,PFA,Perfluoroalkoxy Alkane,C4HF8,"{""C"": 4, ""F"": 8, ""H"": 1}",200.99505033407,negative,-1,fragment_h_shift,electron_gain,"M | fragment C,F from C-F+C-F bond break(s) | h_shift_+1 | electron_gain",node_0197,0;1;2;3;4;5;6;7;9;10;12;13,C;C,2,1,,,,,0.52,0.55,0.502,0.6719999999999999,45,1,45
node_0740,PFA,Perfluoroalkoxy Alkane,C4HF8,"{""C"": 4, ""F"": 8, ""H"": 1}",200.99505033407,positive,1,fragment_h_shift,electron_loss,"M | fragment C,F from C-F+C-F bond break(s) | h_shift_+1 | electron_loss",node_0198,0;1;2;3;4;5;6;7;9;10;11;13,C;C,2,1,,,,,0.52,0.55,0.502,0.8139999999999998,90,2,45
node_0741,PFA,Perfluoroalkoxy Alkane,C4HF8,"{""C"": 4, ""F"": 8, ""H"": 1}",200.99505033407,negative,-1,fragment_h_shift,electron_gain,"M | fragment C,F from C-F+C-F bond break(s) | h_shift_+1 | electron_gain",node_0198,0;1;2;3;4;5;6;7;9;10;11;13,C;C,2,1,,,,,0.52,0.55,0.502,0.6719999999999999,45,1,45
node_0742,PFA,Perfluoroalkoxy Alkane,C4HF8,"{""C"": 4, ""F"": 8, ""H"": 1}",200.99505033407,positive,1,fragment_h_shift,electron_loss,"M | fragment C,F from C-F+C-F bond break(s) | h_shift_+1 | electron_loss",node_0199,0;1;2;3;4;5;6;7;9;10;11;12,C;C,2,1,,,,,0.52,0.55,0.502,0.8139999999999998,90,2,45
node_0743,PFA,Perfluoroalkoxy Alkane,C4HF8,"{""C"": 4, ""F"": 8, ""H"": 1}",200.99505033407,negative,-1,fragment_h_shift,electron_gain,"M | fragment C,F from C-F+C-F bond break(s) | h_shift_+1 | electron_gain",node_0199,0;1;2;3;4;5;6;7;9;10;11;12,C;C,2,1,,,,,0.52,0.55,0.502,0.6719999999999999,45,1,45
node_0744,PFA,Perfluoroalkoxy Alkane,C3HF6,"{""C"": 3, ""F"": 6, ""H"": 1}",150.99824400861,positive,1,fragment_h_shift,electron_loss,"M | fragment C,F from C-F+C-C bond break(s) | h_shift_+1 | electron_loss",node_0200,0;1;2;3;4;5;6;7;8,C;C,2,1,,,,,0.52,0.55,0.552,0.8639999999999999,42,2,21
node_0745,PFA,Perfluoroalkoxy Alkane,C3HF6,"{""C"": 3, ""F"": 6, ""H"": 1}",150.99824400861,negative,-1,fragment_h_shift,electron_gain,"M | fragment C,F from C-F+C-C bond break(s) | h_shift_+1 | electron_gain",node_0200,0;1;2;3;4;5;6;7;8,C;C,2,1,,,,,0.52,0.55,0.552,0.722,21,1,21
node_0746,PFA,Perfluoroalkoxy Alkane,C4HF8,"{""C"": 4, ""F"": 8, ""H"": 1}",200.99505033407,positive,1,fragment_h_shift,electron_loss,"M | fragment C,F from C-F+C-F bond break(s) | h_shift_+1 | electron_loss",node_0201,0;1;2;3;4;5;6;7;8;10;12;13,C;C,2,1,,,,,0.52,0.55,0.502,0.8139999999999998,90,2,45
node_0747,PFA,Perfluoroalkoxy Alkane,C4HF8,"{""C"": 4, ""F"": 8, ""H"": 1}",200.99505033407,negative,-1,fragment_h_shift,electron_gain,"M | fragment C,F from C-F+C-F bond break(s) | h_shift_+1 | electron_gain",node_0201,0;1;2;3;4;5;6;7;8;10;12;13,C;C,2,1,,,,,0.52,0.55,0.502,0.6719999999999999,45,1,45
node_0748,PFA,Perfluoroalkoxy Alkane,C4HF8,"{""C"": 4, ""F"": 8, ""H"": 1}",200.99505033407,positive,1,fragment_h_shift,electron_loss,"M | fragment C,F from C-F+C-F bond break(s) | h_shift_+1 | electron_loss",node_0202,0;1;2;3;4;5;6;7;8;10;11;13,C;C,2,1,,,,,0.52,0.55,0.502,0.8139999999999998,90,2,45
node_0749,PFA,Perfluoroalkoxy Alkane,C4HF8,"{""C"": 4, ""F"": 8, ""H"": 1}",200.99505033407,negative,-1,fragment_h_shift,electron_gain,"M | fragment C,F from C-F+C-F bond break(s) | h_shift_+1 | electron_gain",node_0202,0;1;2;3;4;5;6;7;8;10;11;13,C;C,2,1,,,,,0.52,0.55,0.502,0.6719999999999999,45,1,45
node_0750,PFA,Perfluoroalkoxy Alkane,C4HF8,"{""C"": 4, ""F"": 8, ""H"": 1}",200.99505033407,positive,1,fragment_h_shift,electron_loss,"M | fragment C,F from C-F+C-F bond break(s) | h_shift_+1 | electron_loss",node_0203,0;1;2;3;4;5;6;7;8;10;11;12,C;C,2,1,,,,,0.52,0.55,0.502,0.8139999999999998,90,2,45
node_0751,PFA,Perfluoroalkoxy Alkane,C4HF8,"{""C"": 4, ""F"": 8, ""H"": 1}",200.99505033407,negative,-1,fragment_h_shift,electron_gain,"M | fragment C,F from C-F+C-F bond break(s) | h_shift_+1 | electron_gain",node_0203,0;1;2;3;4;5;6;7;8;10;11;12,C;C,2,1,,,,,0.52,0.55,0.502,0.6719999999999999,45,1,45
node_0752,PFA,Perfluoroalkoxy Alkane,CHF2,"{""C"": 1, ""F"": 2, ""H"": 1}",51.00463135769,positive,1,fragment_h_shift,electron_loss,"M | fragment C,F from C-C+C-F bond break(s) | h_shift_+1 | electron_loss",node_0204,10;12;13,C;C,2,1,,,,,0.52,0.55,0.552,0.8639999999999999,18,2,9
node_0753,PFA,Perfluoroalkoxy Alkane,CHF2,"{""C"": 1, ""F"": 2, ""H"": 1}",51.00463135769,negative,-1,fragment_h_shift,electron_gain,"M | fragment C,F from C-C+C-F bond break(s) | h_shift_+1 | electron_gain",node_0204,10;12;13,C;C,2,1,,,,,0.52,0.55,0.552,0.722,9,1,9
node_0754,PFA,Perfluoroalkoxy Alkane,CHF2,"{""C"": 1, ""F"": 2, ""H"": 1}",51.00463135769,positive,1,fragment_h_shift,electron_loss,"M | fragment C,F from C-C+C-F bond break(s) | h_shift_+1 | electron_loss",node_0205,10;11;13,C;C,2,1,,,,,0.52,0.55,0.552,0.8639999999999999,18,2,9
node_0755,PFA,Perfluoroalkoxy Alkane,CHF2,"{""C"": 1, ""F"": 2, ""H"": 1}",51.00463135769,negative,-1,fragment_h_shift,electron_gain,"M | fragment C,F from C-C+C-F bond break(s) | h_shift_+1 | electron_gain",node_0205,10;11;13,C;C,2,1,,,,,0.52,0.55,0.552,0.722,9,1,9
node_0756,PFA,Perfluoroalkoxy Alkane,CHF2,"{""C"": 1, ""F"": 2, ""H"": 1}",51.00463135769,positive,1,fragment_h_shift,electron_loss,"M | fragment C,F from C-C+C-F bond break(s) | h_shift_+1 | electron_loss",node_0206,10;11;12,C;C,2,1,,,,,0.52,0.55,0.552,0.8639999999999999,18,2,9
node_0757,PFA,Perfluoroalkoxy Alkane,CHF2,"{""C"": 1, ""F"": 2, ""H"": 1}",51.00463135769,negative,-1,fragment_h_shift,electron_gain,"M | fragment C,F from C-C+C-F bond break(s) | h_shift_+1 | electron_gain",node_0206,10;11;12,C;C,2,1,,,,,0.52,0.55,0.552,0.722,9,1,9
node_0758,PFA,Perfluoroalkoxy Alkane,C4HF8,"{""C"": 4, ""F"": 8, ""H"": 1}",200.99505033407,positive,1,fragment_h_shift,electron_loss,"M | fragment C,F from C-F+C-F bond break(s) | h_shift_+1 | electron_loss",node_0207,0;1;2;3;4;5;6;7;8;9;10;13,C;C,2,1,,,,,0.52,0.55,0.502,0.8139999999999998,90,2,45
node_0759,PFA,Perfluoroalkoxy Alkane,C4HF8,"{""C"": 4, ""F"": 8, ""H"": 1}",200.99505033407,negative,-1,fragment_h_shift,electron_gain,"M | fragment C,F from C-F+C-F bond break(s) | h_shift_+1 | electron_gain",node_0207,0;1;2;3;4;5;6;7;8;9;10;13,C;C,2,1,,,,,0.52,0.55,0.502,0.6719999999999999,45,1,45
node_0760,PFA,Perfluoroalkoxy Alkane,C4HF8,"{""C"": 4, ""F"": 8, ""H"": 1}",200.99505033407,positive,1,fragment_h_shift,electron_loss,"M | fragment C,F from C-F+C-F bond break(s) | h_shift_+1 | electron_loss",node_0208,0;1;2;3;4;5;6;7;8;9;10;12,C;C,2,1,,,,,0.52,0.55,0.502,0.8139999999999998,90,2,45
node_0761,PFA,Perfluoroalkoxy Alkane,C4HF8,"{""C"": 4, ""F"": 8, ""H"": 1}",200.99505033407,negative,-1,fragment_h_shift,electron_gain,"M | fragment C,F from C-F+C-F bond break(s) | h_shift_+1 | electron_gain",node_0208,0;1;2;3;4;5;6;7;8;9;10;12,C;C,2,1,,,,,0.52,0.55,0.502,0.6719999999999999,45,1,45
node_0762,PFA,Perfluoroalkoxy Alkane,C4HF8,"{""C"": 4, ""F"": 8, ""H"": 1}",200.99505033407,positive,1,fragment_h_shift,electron_loss,"M | fragment C,F from C-F+C-F bond break(s) | h_shift_+1 | electron_loss",node_0209,0;1;2;3;4;5;6;7;8;9;10;11,C;C,2,1,,,,,0.52,0.55,0.502,0.8139999999999998,90,2,45
node_0763,PFA,Perfluoroalkoxy Alkane,C4HF8,"{""C"": 4, ""F"": 8, ""H"": 1}",200.99505033407,negative,-1,fragment_h_shift,electron_gain,"M | fragment C,F from C-F+C-F bond break(s) | h_shift_+1 | electron_gain",node_0209,0;1;2;3;4;5;6;7;8;9;10;11,C;C,2,1,,,,,0.52,0.55,0.502,0.6719999999999999,45,1,45
