edge_id,compound_id,source_node,target_node,operation,operation_type,weight
edge_0001,PI,node_0001,node_0002,bond_break,fragmentation,1.0
edge_0002,PI,node_0001,node_0003,bond_break,fragmentation,1.0
edge_0003,PI,node_0001,node_0004,bond_break,fragmentation,1.0
edge_0004,PI,node_0001,node_0005,bond_break,fragmentation,1.0
edge_0005,PI,node_0001,node_0006,bond_break,fragmentation,1.0
edge_0006,PI,node_0001,node_0007,bond_break,fragmentation,1.0
edge_0007,PI,node_0001,node_0008,bond_break,fragmentation,1.0
edge_0008,PI,node_0001,node_0009,bond_break,fragmentation,1.0
edge_0009,PI,node_0001,node_0010,bond_break,fragmentation,1.0
edge_0010,PI,node_0001,node_0011,bond_break,fragmentation,1.0
edge_0011,PI,node_0001,node_0012,bond_break,fragmentation,1.0
edge_0012,PI,node_0001,node_0013,bond_break,fragmentation,1.0
edge_0013,PI,node_0001,node_0014,bond_break,fragmentation,1.0
edge_0014,PI,node_0001,node_0015,bond_break,fragmentation,1.0
edge_0015,PI,node_0001,node_0016,bond_break,fragmentation,1.0
edge_0016,PI,node_0001,node_0017,bond_break,fragmentation,1.0
edge_0017,PI,node_0001,node_0018,bond_break,fragmentation,1.0
edge_0018,PI,node_0001,node_0019,bond_break,fragmentation,1.0
edge_0019,PI,node_0001,node_0020,bond_break,fragmentation,1.0
edge_0020,PI,node_0001,node_0021,bond_break,fragmentation,1.0
edge_0021,PI,node_0001,node_0022,bond_break,fragmentation,1.0
edge_0022,PI,node_0002,node_0023,h_shift_-1,h_shift,0.9
edge_0023,PI,node_0002,node_0024,h_shift_+1,h_shift,0.9
edge_0024,PI,node_0003,node_0025,h_shift_-1,h_shift,0.9
edge_0025,PI,node_0003,node_0026,h_shift_+1,h_shift,0.9
edge_0026,PI,node_0004,node_0027,h_shift_-1,h_shift,0.9
edge_0027,PI,node_0004,node_0028,h_shift_+1,h_shift,0.9
edge_0028,PI,node_0005,node_0029,h_shift_-1,h_shift,0.9
edge_0029,PI,node_0005,node_0030,h_shift_+1,h_shift,0.9
edge_0030,PI,node_0006,node_0031,h_shift_-1,h_shift,0.9
edge_0031,PI,node_0006,node_0032,h_shift_+1,h_shift,0.9
edge_0032,PI,node_0007,node_0033,h_shift_-1,h_shift,0.9
edge_0033,PI,node_0007,node_0034,h_shift_+1,h_shift,0.9
edge_0034,PI,node_0008,node_0035,h_shift_-1,h_shift,0.9
edge_0035,PI,node_0008,node_0036,h_shift_+1,h_shift,0.9
edge_0036,PI,node_0009,node_0037,h_shift_-1,h_shift,0.9
edge_0037,PI,node_0009,node_0038,h_shift_+1,h_shift,0.9
edge_0038,PI,node_0010,node_0039,h_shift_-1,h_shift,0.9
edge_0039,PI,node_0010,node_0040,h_shift_+1,h_shift,0.9
edge_0040,PI,node_0011,node_0041,h_shift_-1,h_shift,0.9
edge_0041,PI,node_0011,node_0042,h_shift_+1,h_shift,0.9
edge_0042,PI,node_0012,node_0043,h_shift_-1,h_shift,0.9
edge_0043,PI,node_0012,node_0044,h_shift_+1,h_shift,0.9
edge_0044,PI,node_0013,node_0045,h_shift_-1,h_shift,0.9
edge_0045,PI,node_0013,node_0046,h_shift_+1,h_shift,0.9
edge_0046,PI,node_0014,node_0047,h_shift_-1,h_shift,0.9
edge_0047,PI,node_0014,node_0048,h_shift_+1,h_shift,0.9
edge_0048,PI,node_0015,node_0049,h_shift_-1,h_shift,0.9
edge_0049,PI,node_0015,node_0050,h_shift_+1,h_shift,0.9
edge_0050,PI,node_0016,node_0051,h_shift_-1,h_shift,0.9
edge_0051,PI,node_0016,node_0052,h_shift_+1,h_shift,0.9
edge_0052,PI,node_0017,node_0053,h_shift_-1,h_shift,0.9
edge_0053,PI,node_0017,node_0054,h_shift_+1,h_shift,0.9
edge_0054,PI,node_0018,node_0055,h_shift_-1,h_shift,0.9
edge_0055,PI,node_0018,node_0056,h_shift_+1,h_shift,0.9
edge_0056,PI,node_0019,node_0057,h_shift_-1,h_shift,0.9
edge_0057,PI,node_0019,node_0058,h_shift_+1,h_shift,0.9
edge_0058,PI,node_0020,node_0059,h_shift_-1,h_shift,0.9
edge_0059,PI,node_0020,node_0060,h_shift_+1,h_shift,0.9
edge_0060,PI,node_0021,node_0061,h_shift_-1,h_shift,0.9
edge_0061,PI,node_0021,node_0062,h_shift_+1,h_shift,0.9
edge_0062,PI,node_0022,node_0063,h_shift_-1,h_shift,0.9
edge_0063,PI,node_0022,node_0064,h_shift_+1,h_shift,0.9
edge_0064,PI,node_0002,node_0065,single_dehydrogenative_recombination,recombination,0.8
edge_0065,PI,node_0025,node_0065,single_dehydrogenative_recombination,recombination,0.8
edge_0066,PI,node_0002,node_0066,single_dehydrogenative_recombination,recombination,0.8
edge_0067,PI,node_0027,node_0066,single_dehydrogenative_recombination,recombination,0.8
edge_0068,PI,node_0002,node_0067,single_dehydrogenative_recombination,recombination,0.8
edge_0069,PI,node_0033,node_0067,single_dehydrogenative_recombination,recombination,0.8
edge_0070,PI,node_0002,node_0068,single_dehydrogenative_recombination,recombination,0.8
edge_0071,PI,node_0035,node_0068,single_dehydrogenative_recombination,recombination,0.8
edge_0072,PI,node_0002,node_0069,single_dehydrogenative_recombination,recombination,0.8
edge_0073,PI,node_0043,node_0069,single_dehydrogenative_recombination,recombination,0.8
edge_0074,PI,node_0002,node_0070,single_dehydrogenative_recombination,recombination,0.8
edge_0075,PI,node_0045,node_0070,single_dehydrogenative_recombination,recombination,0.8
edge_0076,PI,node_0002,node_0071,single_dehydrogenative_recombination,recombination,0.8
edge_0077,PI,node_0047,node_0071,single_dehydrogenative_recombination,recombination,0.8
edge_0078,PI,node_0002,node_0072,single_dehydrogenative_recombination,recombination,0.8
edge_0079,PI,node_0049,node_0072,single_dehydrogenative_recombination,recombination,0.8
edge_0080,PI,node_0002,node_0073,single_dehydrogenative_recombination,recombination,0.8
edge_0081,PI,node_0051,node_0073,single_dehydrogenative_recombination,recombination,0.8
edge_0082,PI,node_0002,node_0074,single_dehydrogenative_recombination,recombination,0.8
edge_0083,PI,node_0055,node_0074,single_dehydrogenative_recombination,recombination,0.8
edge_0084,PI,node_0002,node_0075,single_dehydrogenative_recombination,recombination,0.8
edge_0085,PI,node_0057,node_0075,single_dehydrogenative_recombination,recombination,0.8
edge_0086,PI,node_0002,node_0076,single_dehydrogenative_recombination,recombination,0.8
edge_0087,PI,node_0063,node_0076,single_dehydrogenative_recombination,recombination,0.8
edge_0088,PI,node_0003,node_0077,single_dehydrogenative_recombination,recombination,0.8
edge_0089,PI,node_0023,node_0077,single_dehydrogenative_recombination,recombination,0.8
edge_0090,PI,node_0003,node_0078,single_dehydrogenative_recombination,recombination,0.8
edge_0091,PI,node_0027,node_0078,single_dehydrogenative_recombination,recombination,0.8
edge_0092,PI,node_0003,node_0079,single_dehydrogenative_recombination,recombination,0.8
edge_0093,PI,node_0029,node_0079,single_dehydrogenative_recombination,recombination,0.8
edge_0094,PI,node_0003,node_0080,single_dehydrogenative_recombination,recombination,0.8
edge_0095,PI,node_0031,node_0080,single_dehydrogenative_recombination,recombination,0.8
edge_0096,PI,node_0003,node_0081,single_dehydrogenative_recombination,recombination,0.8
edge_0097,PI,node_0033,node_0081,single_dehydrogenative_recombination,recombination,0.8
edge_0098,PI,node_0003,node_0082,single_dehydrogenative_recombination,recombination,0.8
edge_0099,PI,node_0035,node_0082,single_dehydrogenative_recombination,recombination,0.8
edge_0100,PI,node_0003,node_0083,single_dehydrogenative_recombination,recombination,0.8
edge_0101,PI,node_0037,node_0083,single_dehydrogenative_recombination,recombination,0.8
edge_0102,PI,node_0003,node_0084,single_dehydrogenative_recombination,recombination,0.8
edge_0103,PI,node_0041,node_0084,single_dehydrogenative_recombination,recombination,0.8
edge_0104,PI,node_0003,node_0085,single_dehydrogenative_recombination,recombination,0.8
edge_0105,PI,node_0043,node_0085,single_dehydrogenative_recombination,recombination,0.8
edge_0106,PI,node_0003,node_0086,single_dehydrogenative_recombination,recombination,0.8
edge_0107,PI,node_0045,node_0086,single_dehydrogenative_recombination,recombination,0.8
edge_0108,PI,node_0003,node_0087,single_dehydrogenative_recombination,recombination,0.8
edge_0109,PI,node_0047,node_0087,single_dehydrogenative_recombination,recombination,0.8
edge_0110,PI,node_0003,node_0088,single_dehydrogenative_recombination,recombination,0.8
edge_0111,PI,node_0049,node_0088,single_dehydrogenative_recombination,recombination,0.8
edge_0112,PI,node_0003,node_0089,single_dehydrogenative_recombination,recombination,0.8
edge_0113,PI,node_0051,node_0089,single_dehydrogenative_recombination,recombination,0.8
edge_0114,PI,node_0003,node_0090,single_dehydrogenative_recombination,recombination,0.8
edge_0115,PI,node_0053,node_0090,single_dehydrogenative_recombination,recombination,0.8
edge_0116,PI,node_0003,node_0091,single_dehydrogenative_recombination,recombination,0.8
edge_0117,PI,node_0055,node_0091,single_dehydrogenative_recombination,recombination,0.8
edge_0118,PI,node_0003,node_0092,single_dehydrogenative_recombination,recombination,0.8
edge_0119,PI,node_0057,node_0092,single_dehydrogenative_recombination,recombination,0.8
edge_0120,PI,node_0003,node_0093,single_dehydrogenative_recombination,recombination,0.8
edge_0121,PI,node_0059,node_0093,single_dehydrogenative_recombination,recombination,0.8
edge_0122,PI,node_0003,node_0094,single_dehydrogenative_recombination,recombination,0.8
edge_0123,PI,node_0061,node_0094,single_dehydrogenative_recombination,recombination,0.8
edge_0124,PI,node_0003,node_0095,single_dehydrogenative_recombination,recombination,0.8
edge_0125,PI,node_0063,node_0095,single_dehydrogenative_recombination,recombination,0.8
edge_0126,PI,node_0004,node_0096,single_dehydrogenative_recombination,recombination,0.8
edge_0127,PI,node_0023,node_0096,single_dehydrogenative_recombination,recombination,0.8
edge_0128,PI,node_0004,node_0097,single_dehydrogenative_recombination,recombination,0.8
edge_0129,PI,node_0025,node_0097,single_dehydrogenative_recombination,recombination,0.8
edge_0130,PI,node_0004,node_0098,single_dehydrogenative_recombination,recombination,0.8
edge_0131,PI,node_0029,node_0098,single_dehydrogenative_recombination,recombination,0.8
edge_0132,PI,node_0004,node_0099,single_dehydrogenative_recombination,recombination,0.8
edge_0133,PI,node_0031,node_0099,single_dehydrogenative_recombination,recombination,0.8
edge_0134,PI,node_0004,node_0100,single_dehydrogenative_recombination,recombination,0.8
edge_0135,PI,node_0033,node_0100,single_dehydrogenative_recombination,recombination,0.8
edge_0136,PI,node_0004,node_0101,single_dehydrogenative_recombination,recombination,0.8
edge_0137,PI,node_0035,node_0101,single_dehydrogenative_recombination,recombination,0.8
edge_0138,PI,node_0004,node_0102,single_dehydrogenative_recombination,recombination,0.8
edge_0139,PI,node_0037,node_0102,single_dehydrogenative_recombination,recombination,0.8
edge_0140,PI,node_0004,node_0103,single_dehydrogenative_recombination,recombination,0.8
edge_0141,PI,node_0041,node_0103,single_dehydrogenative_recombination,recombination,0.8
edge_0142,PI,node_0004,node_0104,single_dehydrogenative_recombination,recombination,0.8
edge_0143,PI,node_0043,node_0104,single_dehydrogenative_recombination,recombination,0.8
edge_0144,PI,node_0004,node_0105,single_dehydrogenative_recombination,recombination,0.8
edge_0145,PI,node_0045,node_0105,single_dehydrogenative_recombination,recombination,0.8
edge_0146,PI,node_0004,node_0106,single_dehydrogenative_recombination,recombination,0.8
edge_0147,PI,node_0047,node_0106,single_dehydrogenative_recombination,recombination,0.8
edge_0148,PI,node_0004,node_0107,single_dehydrogenative_recombination,recombination,0.8
edge_0149,PI,node_0049,node_0107,single_dehydrogenative_recombination,recombination,0.8
edge_0150,PI,node_0004,node_0108,single_dehydrogenative_recombination,recombination,0.8
edge_0151,PI,node_0051,node_0108,single_dehydrogenative_recombination,recombination,0.8
edge_0152,PI,node_0004,node_0109,single_dehydrogenative_recombination,recombination,0.8
edge_0153,PI,node_0053,node_0109,single_dehydrogenative_recombination,recombination,0.8
edge_0154,PI,node_0004,node_0110,single_dehydrogenative_recombination,recombination,0.8
edge_0155,PI,node_0055,node_0110,single_dehydrogenative_recombination,recombination,0.8
edge_0156,PI,node_0004,node_0111,single_dehydrogenative_recombination,recombination,0.8
edge_0157,PI,node_0057,node_0111,single_dehydrogenative_recombination,recombination,0.8
edge_0158,PI,node_0004,node_0112,single_dehydrogenative_recombination,recombination,0.8
edge_0159,PI,node_0059,node_0112,single_dehydrogenative_recombination,recombination,0.8
edge_0160,PI,node_0004,node_0113,single_dehydrogenative_recombination,recombination,0.8
edge_0161,PI,node_0061,node_0113,single_dehydrogenative_recombination,recombination,0.8
edge_0162,PI,node_0004,node_0114,single_dehydrogenative_recombination,recombination,0.8
edge_0163,PI,node_0063,node_0114,single_dehydrogenative_recombination,recombination,0.8
edge_0164,PI,node_0005,node_0115,single_dehydrogenative_recombination,recombination,0.8
edge_0165,PI,node_0025,node_0115,single_dehydrogenative_recombination,recombination,0.8
edge_0166,PI,node_0005,node_0116,single_dehydrogenative_recombination,recombination,0.8
edge_0167,PI,node_0027,node_0116,single_dehydrogenative_recombination,recombination,0.8
edge_0168,PI,node_0005,node_0117,single_dehydrogenative_recombination,recombination,0.8
edge_0169,PI,node_0033,node_0117,single_dehydrogenative_recombination,recombination,0.8
edge_0170,PI,node_0005,node_0118,single_dehydrogenative_recombination,recombination,0.8
edge_0171,PI,node_0035,node_0118,single_dehydrogenative_recombination,recombination,0.8
edge_0172,PI,node_0005,node_0119,single_dehydrogenative_recombination,recombination,0.8
edge_0173,PI,node_0043,node_0119,single_dehydrogenative_recombination,recombination,0.8
edge_0174,PI,node_0005,node_0120,single_dehydrogenative_recombination,recombination,0.8
edge_0175,PI,node_0045,node_0120,single_dehydrogenative_recombination,recombination,0.8
edge_0176,PI,node_0005,node_0121,single_dehydrogenative_recombination,recombination,0.8
edge_0177,PI,node_0047,node_0121,single_dehydrogenative_recombination,recombination,0.8
edge_0178,PI,node_0005,node_0122,single_dehydrogenative_recombination,recombination,0.8
edge_0179,PI,node_0049,node_0122,single_dehydrogenative_recombination,recombination,0.8
edge_0180,PI,node_0005,node_0123,single_dehydrogenative_recombination,recombination,0.8
edge_0181,PI,node_0051,node_0123,single_dehydrogenative_recombination,recombination,0.8
edge_0182,PI,node_0005,node_0124,single_dehydrogenative_recombination,recombination,0.8
edge_0183,PI,node_0055,node_0124,single_dehydrogenative_recombination,recombination,0.8
edge_0184,PI,node_0005,node_0125,single_dehydrogenative_recombination,recombination,0.8
edge_0185,PI,node_0057,node_0125,single_dehydrogenative_recombination,recombination,0.8
edge_0186,PI,node_0005,node_0126,single_dehydrogenative_recombination,recombination,0.8
edge_0187,PI,node_0063,node_0126,single_dehydrogenative_recombination,recombination,0.8
edge_0188,PI,node_0006,node_0127,single_dehydrogenative_recombination,recombination,0.8
edge_0189,PI,node_0025,node_0127,single_dehydrogenative_recombination,recombination,0.8
edge_0190,PI,node_0006,node_0128,single_dehydrogenative_recombination,recombination,0.8
edge_0191,PI,node_0027,node_0128,single_dehydrogenative_recombination,recombination,0.8
edge_0192,PI,node_0006,node_0129,single_dehydrogenative_recombination,recombination,0.8
edge_0193,PI,node_0033,node_0129,single_dehydrogenative_recombination,recombination,0.8
edge_0194,PI,node_0006,node_0130,single_dehydrogenative_recombination,recombination,0.8
edge_0195,PI,node_0035,node_0130,single_dehydrogenative_recombination,recombination,0.8
edge_0196,PI,node_0006,node_0131,single_dehydrogenative_recombination,recombination,0.8
edge_0197,PI,node_0043,node_0131,single_dehydrogenative_recombination,recombination,0.8
edge_0198,PI,node_0006,node_0132,single_dehydrogenative_recombination,recombination,0.8
edge_0199,PI,node_0045,node_0132,single_dehydrogenative_recombination,recombination,0.8
edge_0200,PI,node_0006,node_0133,single_dehydrogenative_recombination,recombination,0.8
edge_0201,PI,node_0047,node_0133,single_dehydrogenative_recombination,recombination,0.8
edge_0202,PI,node_0006,node_0134,single_dehydrogenative_recombination,recombination,0.8
edge_0203,PI,node_0049,node_0134,single_dehydrogenative_recombination,recombination,0.8
edge_0204,PI,node_0006,node_0135,single_dehydrogenative_recombination,recombination,0.8
edge_0205,PI,node_0051,node_0135,single_dehydrogenative_recombination,recombination,0.8
edge_0206,PI,node_0006,node_0136,single_dehydrogenative_recombination,recombination,0.8
edge_0207,PI,node_0055,node_0136,single_dehydrogenative_recombination,recombination,0.8
edge_0208,PI,node_0006,node_0137,single_dehydrogenative_recombination,recombination,0.8
edge_0209,PI,node_0057,node_0137,single_dehydrogenative_recombination,recombination,0.8
edge_0210,PI,node_0006,node_0138,single_dehydrogenative_recombination,recombination,0.8
edge_0211,PI,node_0063,node_0138,single_dehydrogenative_recombination,recombination,0.8
edge_0212,PI,node_0007,node_0139,single_dehydrogenative_recombination,recombination,0.8
edge_0213,PI,node_0023,node_0139,single_dehydrogenative_recombination,recombination,0.8
edge_0214,PI,node_0007,node_0140,single_dehydrogenative_recombination,recombination,0.8
edge_0215,PI,node_0025,node_0140,single_dehydrogenative_recombination,recombination,0.8
edge_0216,PI,node_0007,node_0141,single_dehydrogenative_recombination,recombination,0.8
edge_0217,PI,node_0027,node_0141,single_dehydrogenative_recombination,recombination,0.8
edge_0218,PI,node_0007,node_0142,single_dehydrogenative_recombination,recombination,0.8
edge_0219,PI,node_0029,node_0142,single_dehydrogenative_recombination,recombination,0.8
edge_0220,PI,node_0007,node_0143,single_dehydrogenative_recombination,recombination,0.8
edge_0221,PI,node_0031,node_0143,single_dehydrogenative_recombination,recombination,0.8
edge_0222,PI,node_0007,node_0144,single_dehydrogenative_recombination,recombination,0.8
edge_0223,PI,node_0035,node_0144,single_dehydrogenative_recombination,recombination,0.8
edge_0224,PI,node_0007,node_0145,single_dehydrogenative_recombination,recombination,0.8
edge_0225,PI,node_0037,node_0145,single_dehydrogenative_recombination,recombination,0.8
edge_0226,PI,node_0007,node_0146,single_dehydrogenative_recombination,recombination,0.8
edge_0227,PI,node_0041,node_0146,single_dehydrogenative_recombination,recombination,0.8
edge_0228,PI,node_0007,node_0147,single_dehydrogenative_recombination,recombination,0.8
edge_0229,PI,node_0043,node_0147,single_dehydrogenative_recombination,recombination,0.8
edge_0230,PI,node_0007,node_0148,single_dehydrogenative_recombination,recombination,0.8
edge_0231,PI,node_0045,node_0148,single_dehydrogenative_recombination,recombination,0.8
edge_0232,PI,node_0007,node_0149,single_dehydrogenative_recombination,recombination,0.8
edge_0233,PI,node_0047,node_0149,single_dehydrogenative_recombination,recombination,0.8
edge_0234,PI,node_0007,node_0150,single_dehydrogenative_recombination,recombination,0.8
edge_0235,PI,node_0049,node_0150,single_dehydrogenative_recombination,recombination,0.8
edge_0236,PI,node_0007,node_0151,single_dehydrogenative_recombination,recombination,0.8
edge_0237,PI,node_0051,node_0151,single_dehydrogenative_recombination,recombination,0.8
edge_0238,PI,node_0007,node_0152,single_dehydrogenative_recombination,recombination,0.8
edge_0239,PI,node_0053,node_0152,single_dehydrogenative_recombination,recombination,0.8
edge_0240,PI,node_0007,node_0153,single_dehydrogenative_recombination,recombination,0.8
edge_0241,PI,node_0055,node_0153,single_dehydrogenative_recombination,recombination,0.8
edge_0242,PI,node_0007,node_0154,single_dehydrogenative_recombination,recombination,0.8
edge_0243,PI,node_0057,node_0154,single_dehydrogenative_recombination,recombination,0.8
edge_0244,PI,node_0007,node_0155,single_dehydrogenative_recombination,recombination,0.8
edge_0245,PI,node_0059,node_0155,single_dehydrogenative_recombination,recombination,0.8
edge_0246,PI,node_0007,node_0156,single_dehydrogenative_recombination,recombination,0.8
edge_0247,PI,node_0061,node_0156,single_dehydrogenative_recombination,recombination,0.8
edge_0248,PI,node_0007,node_0157,single_dehydrogenative_recombination,recombination,0.8
edge_0249,PI,node_0063,node_0157,single_dehydrogenative_recombination,recombination,0.8
edge_0250,PI,node_0008,node_0158,single_dehydrogenative_recombination,recombination,0.8
edge_0251,PI,node_0023,node_0158,single_dehydrogenative_recombination,recombination,0.8
edge_0252,PI,node_0008,node_0159,single_dehydrogenative_recombination,recombination,0.8
edge_0253,PI,node_0025,node_0159,single_dehydrogenative_recombination,recombination,0.8
edge_0254,PI,node_0008,node_0160,single_dehydrogenative_recombination,recombination,0.8
edge_0255,PI,node_0027,node_0160,single_dehydrogenative_recombination,recombination,0.8
edge_0256,PI,node_0008,node_0161,single_dehydrogenative_recombination,recombination,0.8
edge_0257,PI,node_0029,node_0161,single_dehydrogenative_recombination,recombination,0.8
edge_0258,PI,node_0008,node_0162,single_dehydrogenative_recombination,recombination,0.8
edge_0259,PI,node_0031,node_0162,single_dehydrogenative_recombination,recombination,0.8
edge_0260,PI,node_0008,node_0163,single_dehydrogenative_recombination,recombination,0.8
edge_0261,PI,node_0033,node_0163,single_dehydrogenative_recombination,recombination,0.8
edge_0262,PI,node_0008,node_0164,single_dehydrogenative_recombination,recombination,0.8
edge_0263,PI,node_0037,node_0164,single_dehydrogenative_recombination,recombination,0.8
edge_0264,PI,node_0008,node_0165,single_dehydrogenative_recombination,recombination,0.8
edge_0265,PI,node_0041,node_0165,single_dehydrogenative_recombination,recombination,0.8
edge_0266,PI,node_0008,node_0166,single_dehydrogenative_recombination,recombination,0.8
edge_0267,PI,node_0043,node_0166,single_dehydrogenative_recombination,recombination,0.8
edge_0268,PI,node_0008,node_0167,single_dehydrogenative_recombination,recombination,0.8
edge_0269,PI,node_0045,node_0167,single_dehydrogenative_recombination,recombination,0.8
edge_0270,PI,node_0008,node_0168,single_dehydrogenative_recombination,recombination,0.8
edge_0271,PI,node_0047,node_0168,single_dehydrogenative_recombination,recombination,0.8
edge_0272,PI,node_0008,node_0169,single_dehydrogenative_recombination,recombination,0.8
edge_0273,PI,node_0049,node_0169,single_dehydrogenative_recombination,recombination,0.8
edge_0274,PI,node_0008,node_0170,single_dehydrogenative_recombination,recombination,0.8
edge_0275,PI,node_0051,node_0170,single_dehydrogenative_recombination,recombination,0.8
edge_0276,PI,node_0008,node_0171,single_dehydrogenative_recombination,recombination,0.8
edge_0277,PI,node_0053,node_0171,single_dehydrogenative_recombination,recombination,0.8
edge_0278,PI,node_0008,node_0172,single_dehydrogenative_recombination,recombination,0.8
edge_0279,PI,node_0055,node_0172,single_dehydrogenative_recombination,recombination,0.8
edge_0280,PI,node_0008,node_0173,single_dehydrogenative_recombination,recombination,0.8
edge_0281,PI,node_0057,node_0173,single_dehydrogenative_recombination,recombination,0.8
edge_0282,PI,node_0008,node_0174,single_dehydrogenative_recombination,recombination,0.8
edge_0283,PI,node_0059,node_0174,single_dehydrogenative_recombination,recombination,0.8
edge_0284,PI,node_0008,node_0175,single_dehydrogenative_recombination,recombination,0.8
edge_0285,PI,node_0061,node_0175,single_dehydrogenative_recombination,recombination,0.8
edge_0286,PI,node_0008,node_0176,single_dehydrogenative_recombination,recombination,0.8
edge_0287,PI,node_0063,node_0176,single_dehydrogenative_recombination,recombination,0.8
edge_0288,PI,node_0009,node_0177,single_dehydrogenative_recombination,recombination,0.8
edge_0289,PI,node_0025,node_0177,single_dehydrogenative_recombination,recombination,0.8
edge_0290,PI,node_0009,node_0178,single_dehydrogenative_recombination,recombination,0.8
edge_0291,PI,node_0027,node_0178,single_dehydrogenative_recombination,recombination,0.8
edge_0292,PI,node_0009,node_0179,single_dehydrogenative_recombination,recombination,0.8
edge_0293,PI,node_0033,node_0179,single_dehydrogenative_recombination,recombination,0.8
edge_0294,PI,node_0009,node_0180,single_dehydrogenative_recombination,recombination,0.8
edge_0295,PI,node_0035,node_0180,single_dehydrogenative_recombination,recombination,0.8
edge_0296,PI,node_0009,node_0181,single_dehydrogenative_recombination,recombination,0.8
edge_0297,PI,node_0043,node_0181,single_dehydrogenative_recombination,recombination,0.8
edge_0298,PI,node_0009,node_0182,single_dehydrogenative_recombination,recombination,0.8
edge_0299,PI,node_0045,node_0182,single_dehydrogenative_recombination,recombination,0.8
edge_0300,PI,node_0009,node_0183,single_dehydrogenative_recombination,recombination,0.8
edge_0301,PI,node_0047,node_0183,single_dehydrogenative_recombination,recombination,0.8
edge_0302,PI,node_0009,node_0184,single_dehydrogenative_recombination,recombination,0.8
edge_0303,PI,node_0049,node_0184,single_dehydrogenative_recombination,recombination,0.8
edge_0304,PI,node_0009,node_0185,single_dehydrogenative_recombination,recombination,0.8
edge_0305,PI,node_0051,node_0185,single_dehydrogenative_recombination,recombination,0.8
edge_0306,PI,node_0009,node_0186,single_dehydrogenative_recombination,recombination,0.8
edge_0307,PI,node_0055,node_0186,single_dehydrogenative_recombination,recombination,0.8
edge_0308,PI,node_0009,node_0187,single_dehydrogenative_recombination,recombination,0.8
edge_0309,PI,node_0057,node_0187,single_dehydrogenative_recombination,recombination,0.8
edge_0310,PI,node_0009,node_0188,single_dehydrogenative_recombination,recombination,0.8
edge_0311,PI,node_0063,node_0188,single_dehydrogenative_recombination,recombination,0.8
edge_0312,PI,node_0011,node_0189,single_dehydrogenative_recombination,recombination,0.8
edge_0313,PI,node_0025,node_0189,single_dehydrogenative_recombination,recombination,0.8
edge_0314,PI,node_0011,node_0190,single_dehydrogenative_recombination,recombination,0.8
edge_0315,PI,node_0027,node_0190,single_dehydrogenative_recombination,recombination,0.8
edge_0316,PI,node_0011,node_0191,single_dehydrogenative_recombination,recombination,0.8
edge_0317,PI,node_0033,node_0191,single_dehydrogenative_recombination,recombination,0.8
edge_0318,PI,node_0011,node_0192,single_dehydrogenative_recombination,recombination,0.8
edge_0319,PI,node_0035,node_0192,single_dehydrogenative_recombination,recombination,0.8
edge_0320,PI,node_0011,node_0193,single_dehydrogenative_recombination,recombination,0.8
edge_0321,PI,node_0043,node_0193,single_dehydrogenative_recombination,recombination,0.8
edge_0322,PI,node_0011,node_0194,single_dehydrogenative_recombination,recombination,0.8
edge_0323,PI,node_0045,node_0194,single_dehydrogenative_recombination,recombination,0.8
edge_0324,PI,node_0011,node_0195,single_dehydrogenative_recombination,recombination,0.8
edge_0325,PI,node_0047,node_0195,single_dehydrogenative_recombination,recombination,0.8
edge_0326,PI,node_0011,node_0196,single_dehydrogenative_recombination,recombination,0.8
edge_0327,PI,node_0049,node_0196,single_dehydrogenative_recombination,recombination,0.8
edge_0328,PI,node_0011,node_0197,single_dehydrogenative_recombination,recombination,0.8
edge_0329,PI,node_0051,node_0197,single_dehydrogenative_recombination,recombination,0.8
edge_0330,PI,node_0011,node_0198,single_dehydrogenative_recombination,recombination,0.8
edge_0331,PI,node_0055,node_0198,single_dehydrogenative_recombination,recombination,0.8
edge_0332,PI,node_0011,node_0199,single_dehydrogenative_recombination,recombination,0.8
edge_0333,PI,node_0057,node_0199,single_dehydrogenative_recombination,recombination,0.8
edge_0334,PI,node_0011,node_0200,single_dehydrogenative_recombination,recombination,0.8
edge_0335,PI,node_0063,node_0200,single_dehydrogenative_recombination,recombination,0.8
edge_0336,PI,node_0012,node_0201,single_dehydrogenative_recombination,recombination,0.8
edge_0337,PI,node_0023,node_0201,single_dehydrogenative_recombination,recombination,0.8
edge_0338,PI,node_0012,node_0202,single_dehydrogenative_recombination,recombination,0.8
edge_0339,PI,node_0025,node_0202,single_dehydrogenative_recombination,recombination,0.8
edge_0340,PI,node_0012,node_0203,single_dehydrogenative_recombination,recombination,0.8
edge_0341,PI,node_0027,node_0203,single_dehydrogenative_recombination,recombination,0.8
edge_0342,PI,node_0012,node_0204,single_dehydrogenative_recombination,recombination,0.8
edge_0343,PI,node_0029,node_0204,single_dehydrogenative_recombination,recombination,0.8
edge_0344,PI,node_0012,node_0205,single_dehydrogenative_recombination,recombination,0.8
edge_0345,PI,node_0031,node_0205,single_dehydrogenative_recombination,recombination,0.8
edge_0346,PI,node_0012,node_0206,single_dehydrogenative_recombination,recombination,0.8
edge_0347,PI,node_0033,node_0206,single_dehydrogenative_recombination,recombination,0.8
edge_0348,PI,node_0012,node_0207,single_dehydrogenative_recombination,recombination,0.8
edge_0349,PI,node_0035,node_0207,single_dehydrogenative_recombination,recombination,0.8
edge_0350,PI,node_0012,node_0208,single_dehydrogenative_recombination,recombination,0.8
edge_0351,PI,node_0037,node_0208,single_dehydrogenative_recombination,recombination,0.8
edge_0352,PI,node_0012,node_0209,single_dehydrogenative_recombination,recombination,0.8
edge_0353,PI,node_0041,node_0209,single_dehydrogenative_recombination,recombination,0.8
edge_0354,PI,node_0012,node_0210,single_dehydrogenative_recombination,recombination,0.8
edge_0355,PI,node_0045,node_0210,single_dehydrogenative_recombination,recombination,0.8
edge_0356,PI,node_0012,node_0211,single_dehydrogenative_recombination,recombination,0.8
edge_0357,PI,node_0047,node_0211,single_dehydrogenative_recombination,recombination,0.8
edge_0358,PI,node_0012,node_0212,single_dehydrogenative_recombination,recombination,0.8
edge_0359,PI,node_0049,node_0212,single_dehydrogenative_recombination,recombination,0.8
edge_0360,PI,node_0012,node_0213,single_dehydrogenative_recombination,recombination,0.8
edge_0361,PI,node_0051,node_0213,single_dehydrogenative_recombination,recombination,0.8
edge_0362,PI,node_0012,node_0214,single_dehydrogenative_recombination,recombination,0.8
edge_0363,PI,node_0053,node_0214,single_dehydrogenative_recombination,recombination,0.8
edge_0364,PI,node_0012,node_0215,single_dehydrogenative_recombination,recombination,0.8
edge_0365,PI,node_0055,node_0215,single_dehydrogenative_recombination,recombination,0.8
edge_0366,PI,node_0012,node_0216,single_dehydrogenative_recombination,recombination,0.8
edge_0367,PI,node_0057,node_0216,single_dehydrogenative_recombination,recombination,0.8
edge_0368,PI,node_0012,node_0217,single_dehydrogenative_recombination,recombination,0.8
edge_0369,PI,node_0059,node_0217,single_dehydrogenative_recombination,recombination,0.8
edge_0370,PI,node_0012,node_0218,single_dehydrogenative_recombination,recombination,0.8
edge_0371,PI,node_0061,node_0218,single_dehydrogenative_recombination,recombination,0.8
edge_0372,PI,node_0012,node_0219,single_dehydrogenative_recombination,recombination,0.8
edge_0373,PI,node_0063,node_0219,single_dehydrogenative_recombination,recombination,0.8
edge_0374,PI,node_0013,node_0220,single_dehydrogenative_recombination,recombination,0.8
edge_0375,PI,node_0023,node_0220,single_dehydrogenative_recombination,recombination,0.8
edge_0376,PI,node_0013,node_0221,single_dehydrogenative_recombination,recombination,0.8
edge_0377,PI,node_0025,node_0221,single_dehydrogenative_recombination,recombination,0.8
edge_0378,PI,node_0013,node_0222,single_dehydrogenative_recombination,recombination,0.8
edge_0379,PI,node_0027,node_0222,single_dehydrogenative_recombination,recombination,0.8
edge_0380,PI,node_0013,node_0223,single_dehydrogenative_recombination,recombination,0.8
edge_0381,PI,node_0029,node_0223,single_dehydrogenative_recombination,recombination,0.8
edge_0382,PI,node_0013,node_0224,single_dehydrogenative_recombination,recombination,0.8
edge_0383,PI,node_0031,node_0224,single_dehydrogenative_recombination,recombination,0.8
edge_0384,PI,node_0013,node_0225,single_dehydrogenative_recombination,recombination,0.8
edge_0385,PI,node_0033,node_0225,single_dehydrogenative_recombination,recombination,0.8
edge_0386,PI,node_0013,node_0226,single_dehydrogenative_recombination,recombination,0.8
edge_0387,PI,node_0035,node_0226,single_dehydrogenative_recombination,recombination,0.8
edge_0388,PI,node_0013,node_0227,single_dehydrogenative_recombination,recombination,0.8
edge_0389,PI,node_0037,node_0227,single_dehydrogenative_recombination,recombination,0.8
edge_0390,PI,node_0013,node_0228,single_dehydrogenative_recombination,recombination,0.8
edge_0391,PI,node_0041,node_0228,single_dehydrogenative_recombination,recombination,0.8
edge_0392,PI,node_0013,node_0229,single_dehydrogenative_recombination,recombination,0.8
edge_0393,PI,node_0043,node_0229,single_dehydrogenative_recombination,recombination,0.8
edge_0394,PI,node_0013,node_0230,single_dehydrogenative_recombination,recombination,0.8
edge_0395,PI,node_0047,node_0230,single_dehydrogenative_recombination,recombination,0.8
edge_0396,PI,node_0013,node_0231,single_dehydrogenative_recombination,recombination,0.8
edge_0397,PI,node_0049,node_0231,single_dehydrogenative_recombination,recombination,0.8
edge_0398,PI,node_0013,node_0232,single_dehydrogenative_recombination,recombination,0.8
edge_0399,PI,node_0051,node_0232,single_dehydrogenative_recombination,recombination,0.8
edge_0400,PI,node_0013,node_0233,single_dehydrogenative_recombination,recombination,0.8
edge_0401,PI,node_0053,node_0233,single_dehydrogenative_recombination,recombination,0.8
edge_0402,PI,node_0013,node_0234,single_dehydrogenative_recombination,recombination,0.8
edge_0403,PI,node_0055,node_0234,single_dehydrogenative_recombination,recombination,0.8
edge_0404,PI,node_0013,node_0235,single_dehydrogenative_recombination,recombination,0.8
edge_0405,PI,node_0057,node_0235,single_dehydrogenative_recombination,recombination,0.8
edge_0406,PI,node_0013,node_0236,single_dehydrogenative_recombination,recombination,0.8
edge_0407,PI,node_0059,node_0236,single_dehydrogenative_recombination,recombination,0.8
edge_0408,PI,node_0013,node_0237,single_dehydrogenative_recombination,recombination,0.8
edge_0409,PI,node_0061,node_0237,single_dehydrogenative_recombination,recombination,0.8
edge_0410,PI,node_0013,node_0238,single_dehydrogenative_recombination,recombination,0.8
edge_0411,PI,node_0063,node_0238,single_dehydrogenative_recombination,recombination,0.8
edge_0412,PI,node_0014,node_0239,single_dehydrogenative_recombination,recombination,0.8
edge_0413,PI,node_0023,node_0239,single_dehydrogenative_recombination,recombination,0.8
edge_0414,PI,node_0014,node_0240,single_dehydrogenative_recombination,recombination,0.8
edge_0415,PI,node_0025,node_0240,single_dehydrogenative_recombination,recombination,0.8
edge_0416,PI,node_0014,node_0241,single_dehydrogenative_recombination,recombination,0.8
edge_0417,PI,node_0027,node_0241,single_dehydrogenative_recombination,recombination,0.8
edge_0418,PI,node_0014,node_0242,single_dehydrogenative_recombination,recombination,0.8
edge_0419,PI,node_0029,node_0242,single_dehydrogenative_recombination,recombination,0.8
edge_0420,PI,node_0014,node_0243,single_dehydrogenative_recombination,recombination,0.8
edge_0421,PI,node_0031,node_0243,single_dehydrogenative_recombination,recombination,0.8
edge_0422,PI,node_0014,node_0244,single_dehydrogenative_recombination,recombination,0.8
edge_0423,PI,node_0033,node_0244,single_dehydrogenative_recombination,recombination,0.8
edge_0424,PI,node_0014,node_0245,single_dehydrogenative_recombination,recombination,0.8
edge_0425,PI,node_0035,node_0245,single_dehydrogenative_recombination,recombination,0.8
edge_0426,PI,node_0014,node_0246,single_dehydrogenative_recombination,recombination,0.8
edge_0427,PI,node_0037,node_0246,single_dehydrogenative_recombination,recombination,0.8
edge_0428,PI,node_0014,node_0247,single_dehydrogenative_recombination,recombination,0.8
edge_0429,PI,node_0041,node_0247,single_dehydrogenative_recombination,recombination,0.8
edge_0430,PI,node_0014,node_0248,single_dehydrogenative_recombination,recombination,0.8
edge_0431,PI,node_0043,node_0248,single_dehydrogenative_recombination,recombination,0.8
edge_0432,PI,node_0014,node_0249,single_dehydrogenative_recombination,recombination,0.8
edge_0433,PI,node_0045,node_0249,single_dehydrogenative_recombination,recombination,0.8
edge_0434,PI,node_0014,node_0250,single_dehydrogenative_recombination,recombination,0.8
edge_0435,PI,node_0049,node_0250,single_dehydrogenative_recombination,recombination,0.8
edge_0436,PI,node_0014,node_0251,single_dehydrogenative_recombination,recombination,0.8
edge_0437,PI,node_0051,node_0251,single_dehydrogenative_recombination,recombination,0.8
edge_0438,PI,node_0014,node_0252,single_dehydrogenative_recombination,recombination,0.8
edge_0439,PI,node_0053,node_0252,single_dehydrogenative_recombination,recombination,0.8
edge_0440,PI,node_0014,node_0253,single_dehydrogenative_recombination,recombination,0.8
edge_0441,PI,node_0055,node_0253,single_dehydrogenative_recombination,recombination,0.8
edge_0442,PI,node_0014,node_0254,single_dehydrogenative_recombination,recombination,0.8
edge_0443,PI,node_0057,node_0254,single_dehydrogenative_recombination,recombination,0.8
edge_0444,PI,node_0014,node_0255,single_dehydrogenative_recombination,recombination,0.8
edge_0445,PI,node_0059,node_0255,single_dehydrogenative_recombination,recombination,0.8
edge_0446,PI,node_0014,node_0256,single_dehydrogenative_recombination,recombination,0.8
edge_0447,PI,node_0061,node_0256,single_dehydrogenative_recombination,recombination,0.8
edge_0448,PI,node_0014,node_0257,single_dehydrogenative_recombination,recombination,0.8
edge_0449,PI,node_0063,node_0257,single_dehydrogenative_recombination,recombination,0.8
edge_0450,PI,node_0015,node_0258,single_dehydrogenative_recombination,recombination,0.8
edge_0451,PI,node_0023,node_0258,single_dehydrogenative_recombination,recombination,0.8
edge_0452,PI,node_0015,node_0259,single_dehydrogenative_recombination,recombination,0.8
edge_0453,PI,node_0025,node_0259,single_dehydrogenative_recombination,recombination,0.8
edge_0454,PI,node_0015,node_0260,single_dehydrogenative_recombination,recombination,0.8
edge_0455,PI,node_0027,node_0260,single_dehydrogenative_recombination,recombination,0.8
edge_0456,PI,node_0015,node_0261,single_dehydrogenative_recombination,recombination,0.8
edge_0457,PI,node_0029,node_0261,single_dehydrogenative_recombination,recombination,0.8
edge_0458,PI,node_0015,node_0262,single_dehydrogenative_recombination,recombination,0.8
edge_0459,PI,node_0031,node_0262,single_dehydrogenative_recombination,recombination,0.8
edge_0460,PI,node_0015,node_0263,single_dehydrogenative_recombination,recombination,0.8
edge_0461,PI,node_0033,node_0263,single_dehydrogenative_recombination,recombination,0.8
edge_0462,PI,node_0015,node_0264,single_dehydrogenative_recombination,recombination,0.8
edge_0463,PI,node_0035,node_0264,single_dehydrogenative_recombination,recombination,0.8
edge_0464,PI,node_0015,node_0265,single_dehydrogenative_recombination,recombination,0.8
edge_0465,PI,node_0037,node_0265,single_dehydrogenative_recombination,recombination,0.8
edge_0466,PI,node_0015,node_0266,single_dehydrogenative_recombination,recombination,0.8
edge_0467,PI,node_0041,node_0266,single_dehydrogenative_recombination,recombination,0.8
edge_0468,PI,node_0015,node_0267,single_dehydrogenative_recombination,recombination,0.8
edge_0469,PI,node_0043,node_0267,single_dehydrogenative_recombination,recombination,0.8
edge_0470,PI,node_0015,node_0268,single_dehydrogenative_recombination,recombination,0.8
edge_0471,PI,node_0045,node_0268,single_dehydrogenative_recombination,recombination,0.8
edge_0472,PI,node_0015,node_0269,single_dehydrogenative_recombination,recombination,0.8
edge_0473,PI,node_0047,node_0269,single_dehydrogenative_recombination,recombination,0.8
edge_0474,PI,node_0015,node_0270,single_dehydrogenative_recombination,recombination,0.8
edge_0475,PI,node_0051,node_0270,single_dehydrogenative_recombination,recombination,0.8
edge_0476,PI,node_0015,node_0271,single_dehydrogenative_recombination,recombination,0.8
edge_0477,PI,node_0053,node_0271,single_dehydrogenative_recombination,recombination,0.8
edge_0478,PI,node_0015,node_0272,single_dehydrogenative_recombination,recombination,0.8
edge_0479,PI,node_0055,node_0272,single_dehydrogenative_recombination,recombination,0.8
edge_0480,PI,node_0015,node_0273,single_dehydrogenative_recombination,recombination,0.8
edge_0481,PI,node_0057,node_0273,single_dehydrogenative_recombination,recombination,0.8
edge_0482,PI,node_0015,node_0274,single_dehydrogenative_recombination,recombination,0.8
edge_0483,PI,node_0059,node_0274,single_dehydrogenative_recombination,recombination,0.8
edge_0484,PI,node_0015,node_0275,single_dehydrogenative_recombination,recombination,0.8
edge_0485,PI,node_0061,node_0275,single_dehydrogenative_recombination,recombination,0.8
edge_0486,PI,node_0015,node_0276,single_dehydrogenative_recombination,recombination,0.8
edge_0487,PI,node_0063,node_0276,single_dehydrogenative_recombination,recombination,0.8
edge_0488,PI,node_0016,node_0277,single_dehydrogenative_recombination,recombination,0.8
edge_0489,PI,node_0023,node_0277,single_dehydrogenative_recombination,recombination,0.8
edge_0490,PI,node_0016,node_0278,single_dehydrogenative_recombination,recombination,0.8
edge_0491,PI,node_0025,node_0278,single_dehydrogenative_recombination,recombination,0.8
edge_0492,PI,node_0016,node_0279,single_dehydrogenative_recombination,recombination,0.8
edge_0493,PI,node_0027,node_0279,single_dehydrogenative_recombination,recombination,0.8
edge_0494,PI,node_0016,node_0280,single_dehydrogenative_recombination,recombination,0.8
edge_0495,PI,node_0029,node_0280,single_dehydrogenative_recombination,recombination,0.8
edge_0496,PI,node_0016,node_0281,single_dehydrogenative_recombination,recombination,0.8
edge_0497,PI,node_0031,node_0281,single_dehydrogenative_recombination,recombination,0.8
edge_0498,PI,node_0016,node_0282,single_dehydrogenative_recombination,recombination,0.8
edge_0499,PI,node_0033,node_0282,single_dehydrogenative_recombination,recombination,0.8
edge_0500,PI,node_0016,node_0283,single_dehydrogenative_recombination,recombination,0.8
edge_0501,PI,node_0035,node_0283,single_dehydrogenative_recombination,recombination,0.8
edge_0502,PI,node_0016,node_0284,single_dehydrogenative_recombination,recombination,0.8
edge_0503,PI,node_0037,node_0284,single_dehydrogenative_recombination,recombination,0.8
edge_0504,PI,node_0016,node_0285,single_dehydrogenative_recombination,recombination,0.8
edge_0505,PI,node_0041,node_0285,single_dehydrogenative_recombination,recombination,0.8
edge_0506,PI,node_0016,node_0286,single_dehydrogenative_recombination,recombination,0.8
edge_0507,PI,node_0043,node_0286,single_dehydrogenative_recombination,recombination,0.8
edge_0508,PI,node_0016,node_0287,single_dehydrogenative_recombination,recombination,0.8
edge_0509,PI,node_0045,node_0287,single_dehydrogenative_recombination,recombination,0.8
edge_0510,PI,node_0016,node_0288,single_dehydrogenative_recombination,recombination,0.8
edge_0511,PI,node_0047,node_0288,single_dehydrogenative_recombination,recombination,0.8
edge_0512,PI,node_0016,node_0289,single_dehydrogenative_recombination,recombination,0.8
edge_0513,PI,node_0049,node_0289,single_dehydrogenative_recombination,recombination,0.8
edge_0514,PI,node_0016,node_0290,single_dehydrogenative_recombination,recombination,0.8
edge_0515,PI,node_0053,node_0290,single_dehydrogenative_recombination,recombination,0.8
edge_0516,PI,node_0016,node_0291,single_dehydrogenative_recombination,recombination,0.8
edge_0517,PI,node_0055,node_0291,single_dehydrogenative_recombination,recombination,0.8
edge_0518,PI,node_0016,node_0292,single_dehydrogenative_recombination,recombination,0.8
edge_0519,PI,node_0057,node_0292,single_dehydrogenative_recombination,recombination,0.8
edge_0520,PI,node_0016,node_0293,single_dehydrogenative_recombination,recombination,0.8
edge_0521,PI,node_0059,node_0293,single_dehydrogenative_recombination,recombination,0.8
edge_0522,PI,node_0016,node_0294,single_dehydrogenative_recombination,recombination,0.8
edge_0523,PI,node_0061,node_0294,single_dehydrogenative_recombination,recombination,0.8
edge_0524,PI,node_0016,node_0295,single_dehydrogenative_recombination,recombination,0.8
edge_0525,PI,node_0063,node_0295,single_dehydrogenative_recombination,recombination,0.8
edge_0526,PI,node_0017,node_0296,single_dehydrogenative_recombination,recombination,0.8
edge_0527,PI,node_0025,node_0296,single_dehydrogenative_recombination,recombination,0.8
edge_0528,PI,node_0017,node_0297,single_dehydrogenative_recombination,recombination,0.8
edge_0529,PI,node_0027,node_0297,single_dehydrogenative_recombination,recombination,0.8
edge_0530,PI,node_0017,node_0298,single_dehydrogenative_recombination,recombination,0.8
edge_0531,PI,node_0033,node_0298,single_dehydrogenative_recombination,recombination,0.8
edge_0532,PI,node_0017,node_0299,single_dehydrogenative_recombination,recombination,0.8
edge_0533,PI,node_0035,node_0299,single_dehydrogenative_recombination,recombination,0.8
edge_0534,PI,node_0017,node_0300,single_dehydrogenative_recombination,recombination,0.8
edge_0535,PI,node_0043,node_0300,single_dehydrogenative_recombination,recombination,0.8
edge_0536,PI,node_0017,node_0301,single_dehydrogenative_recombination,recombination,0.8
edge_0537,PI,node_0045,node_0301,single_dehydrogenative_recombination,recombination,0.8
edge_0538,PI,node_0017,node_0302,single_dehydrogenative_recombination,recombination,0.8
edge_0539,PI,node_0047,node_0302,single_dehydrogenative_recombination,recombination,0.8
edge_0540,PI,node_0017,node_0303,single_dehydrogenative_recombination,recombination,0.8
edge_0541,PI,node_0049,node_0303,single_dehydrogenative_recombination,recombination,0.8
edge_0542,PI,node_0017,node_0304,single_dehydrogenative_recombination,recombination,0.8
edge_0543,PI,node_0051,node_0304,single_dehydrogenative_recombination,recombination,0.8
edge_0544,PI,node_0017,node_0305,single_dehydrogenative_recombination,recombination,0.8
edge_0545,PI,node_0055,node_0305,single_dehydrogenative_recombination,recombination,0.8
edge_0546,PI,node_0017,node_0306,single_dehydrogenative_recombination,recombination,0.8
edge_0547,PI,node_0057,node_0306,single_dehydrogenative_recombination,recombination,0.8
edge_0548,PI,node_0017,node_0307,single_dehydrogenative_recombination,recombination,0.8
edge_0549,PI,node_0063,node_0307,single_dehydrogenative_recombination,recombination,0.8
edge_0550,PI,node_0018,node_0308,single_dehydrogenative_recombination,recombination,0.8
edge_0551,PI,node_0023,node_0308,single_dehydrogenative_recombination,recombination,0.8
edge_0552,PI,node_0018,node_0309,single_dehydrogenative_recombination,recombination,0.8
edge_0553,PI,node_0025,node_0309,single_dehydrogenative_recombination,recombination,0.8
edge_0554,PI,node_0018,node_0310,single_dehydrogenative_recombination,recombination,0.8
edge_0555,PI,node_0027,node_0310,single_dehydrogenative_recombination,recombination,0.8
edge_0556,PI,node_0018,node_0311,single_dehydrogenative_recombination,recombination,0.8
edge_0557,PI,node_0029,node_0311,single_dehydrogenative_recombination,recombination,0.8
edge_0558,PI,node_0018,node_0312,single_dehydrogenative_recombination,recombination,0.8
edge_0559,PI,node_0031,node_0312,single_dehydrogenative_recombination,recombination,0.8
edge_0560,PI,node_0018,node_0313,single_dehydrogenative_recombination,recombination,0.8
edge_0561,PI,node_0033,node_0313,single_dehydrogenative_recombination,recombination,0.8
edge_0562,PI,node_0018,node_0314,single_dehydrogenative_recombination,recombination,0.8
edge_0563,PI,node_0035,node_0314,single_dehydrogenative_recombination,recombination,0.8
edge_0564,PI,node_0018,node_0315,single_dehydrogenative_recombination,recombination,0.8
edge_0565,PI,node_0037,node_0315,single_dehydrogenative_recombination,recombination,0.8
edge_0566,PI,node_0018,node_0316,single_dehydrogenative_recombination,recombination,0.8
edge_0567,PI,node_0041,node_0316,single_dehydrogenative_recombination,recombination,0.8
edge_0568,PI,node_0018,node_0317,single_dehydrogenative_recombination,recombination,0.8
edge_0569,PI,node_0043,node_0317,single_dehydrogenative_recombination,recombination,0.8
edge_0570,PI,node_0018,node_0318,single_dehydrogenative_recombination,recombination,0.8
edge_0571,PI,node_0045,node_0318,single_dehydrogenative_recombination,recombination,0.8
edge_0572,PI,node_0018,node_0319,single_dehydrogenative_recombination,recombination,0.8
edge_0573,PI,node_0047,node_0319,single_dehydrogenative_recombination,recombination,0.8
edge_0574,PI,node_0018,node_0320,single_dehydrogenative_recombination,recombination,0.8
edge_0575,PI,node_0049,node_0320,single_dehydrogenative_recombination,recombination,0.8
edge_0576,PI,node_0018,node_0321,single_dehydrogenative_recombination,recombination,0.8
edge_0577,PI,node_0051,node_0321,single_dehydrogenative_recombination,recombination,0.8
edge_0578,PI,node_0018,node_0322,single_dehydrogenative_recombination,recombination,0.8
edge_0579,PI,node_0053,node_0322,single_dehydrogenative_recombination,recombination,0.8
edge_0580,PI,node_0018,node_0323,single_dehydrogenative_recombination,recombination,0.8
edge_0581,PI,node_0057,node_0323,single_dehydrogenative_recombination,recombination,0.8
edge_0582,PI,node_0018,node_0324,single_dehydrogenative_recombination,recombination,0.8
edge_0583,PI,node_0059,node_0324,single_dehydrogenative_recombination,recombination,0.8
edge_0584,PI,node_0018,node_0325,single_dehydrogenative_recombination,recombination,0.8
edge_0585,PI,node_0061,node_0325,single_dehydrogenative_recombination,recombination,0.8
edge_0586,PI,node_0018,node_0326,single_dehydrogenative_recombination,recombination,0.8
edge_0587,PI,node_0063,node_0326,single_dehydrogenative_recombination,recombination,0.8
edge_0588,PI,node_0019,node_0327,single_dehydrogenative_recombination,recombination,0.8
edge_0589,PI,node_0023,node_0327,single_dehydrogenative_recombination,recombination,0.8
edge_0590,PI,node_0019,node_0328,single_dehydrogenative_recombination,recombination,0.8
edge_0591,PI,node_0025,node_0328,single_dehydrogenative_recombination,recombination,0.8
edge_0592,PI,node_0019,node_0329,single_dehydrogenative_recombination,recombination,0.8
edge_0593,PI,node_0027,node_0329,single_dehydrogenative_recombination,recombination,0.8
edge_0594,PI,node_0019,node_0330,single_dehydrogenative_recombination,recombination,0.8
edge_0595,PI,node_0029,node_0330,single_dehydrogenative_recombination,recombination,0.8
edge_0596,PI,node_0019,node_0331,single_dehydrogenative_recombination,recombination,0.8
edge_0597,PI,node_0031,node_0331,single_dehydrogenative_recombination,recombination,0.8
edge_0598,PI,node_0019,node_0332,single_dehydrogenative_recombination,recombination,0.8
edge_0599,PI,node_0033,node_0332,single_dehydrogenative_recombination,recombination,0.8
edge_0600,PI,node_0019,node_0333,single_dehydrogenative_recombination,recombination,0.8
edge_0601,PI,node_0035,node_0333,single_dehydrogenative_recombination,recombination,0.8
edge_0602,PI,node_0019,node_0334,single_dehydrogenative_recombination,recombination,0.8
edge_0603,PI,node_0037,node_0334,single_dehydrogenative_recombination,recombination,0.8
edge_0604,PI,node_0019,node_0335,single_dehydrogenative_recombination,recombination,0.8
edge_0605,PI,node_0041,node_0335,single_dehydrogenative_recombination,recombination,0.8
edge_0606,PI,node_0019,node_0336,single_dehydrogenative_recombination,recombination,0.8
edge_0607,PI,node_0043,node_0336,single_dehydrogenative_recombination,recombination,0.8
edge_0608,PI,node_0019,node_0337,single_dehydrogenative_recombination,recombination,0.8
edge_0609,PI,node_0045,node_0337,single_dehydrogenative_recombination,recombination,0.8
edge_0610,PI,node_0019,node_0338,single_dehydrogenative_recombination,recombination,0.8
edge_0611,PI,node_0047,node_0338,single_dehydrogenative_recombination,recombination,0.8
edge_0612,PI,node_0019,node_0339,single_dehydrogenative_recombination,recombination,0.8
edge_0613,PI,node_0049,node_0339,single_dehydrogenative_recombination,recombination,0.8
edge_0614,PI,node_0019,node_0340,single_dehydrogenative_recombination,recombination,0.8
edge_0615,PI,node_0051,node_0340,single_dehydrogenative_recombination,recombination,0.8
edge_0616,PI,node_0019,node_0341,single_dehydrogenative_recombination,recombination,0.8
edge_0617,PI,node_0053,node_0341,single_dehydrogenative_recombination,recombination,0.8
edge_0618,PI,node_0019,node_0342,single_dehydrogenative_recombination,recombination,0.8
edge_0619,PI,node_0055,node_0342,single_dehydrogenative_recombination,recombination,0.8
edge_0620,PI,node_0019,node_0343,single_dehydrogenative_recombination,recombination,0.8
edge_0621,PI,node_0059,node_0343,single_dehydrogenative_recombination,recombination,0.8
edge_0622,PI,node_0019,node_0344,single_dehydrogenative_recombination,recombination,0.8
edge_0623,PI,node_0061,node_0344,single_dehydrogenative_recombination,recombination,0.8
edge_0624,PI,node_0019,node_0345,single_dehydrogenative_recombination,recombination,0.8
edge_0625,PI,node_0063,node_0345,single_dehydrogenative_recombination,recombination,0.8
edge_0626,PI,node_0020,node_0346,single_dehydrogenative_recombination,recombination,0.8
edge_0627,PI,node_0025,node_0346,single_dehydrogenative_recombination,recombination,0.8
edge_0628,PI,node_0020,node_0347,single_dehydrogenative_recombination,recombination,0.8
edge_0629,PI,node_0027,node_0347,single_dehydrogenative_recombination,recombination,0.8
edge_0630,PI,node_0020,node_0348,single_dehydrogenative_recombination,recombination,0.8
edge_0631,PI,node_0033,node_0348,single_dehydrogenative_recombination,recombination,0.8
edge_0632,PI,node_0020,node_0349,single_dehydrogenative_recombination,recombination,0.8
edge_0633,PI,node_0035,node_0349,single_dehydrogenative_recombination,recombination,0.8
edge_0634,PI,node_0020,node_0350,single_dehydrogenative_recombination,recombination,0.8
edge_0635,PI,node_0043,node_0350,single_dehydrogenative_recombination,recombination,0.8
edge_0636,PI,node_0020,node_0351,single_dehydrogenative_recombination,recombination,0.8
edge_0637,PI,node_0045,node_0351,single_dehydrogenative_recombination,recombination,0.8
edge_0638,PI,node_0020,node_0352,single_dehydrogenative_recombination,recombination,0.8
edge_0639,PI,node_0047,node_0352,single_dehydrogenative_recombination,recombination,0.8
edge_0640,PI,node_0020,node_0353,single_dehydrogenative_recombination,recombination,0.8
edge_0641,PI,node_0049,node_0353,single_dehydrogenative_recombination,recombination,0.8
edge_0642,PI,node_0020,node_0354,single_dehydrogenative_recombination,recombination,0.8
edge_0643,PI,node_0051,node_0354,single_dehydrogenative_recombination,recombination,0.8
edge_0644,PI,node_0020,node_0355,single_dehydrogenative_recombination,recombination,0.8
edge_0645,PI,node_0055,node_0355,single_dehydrogenative_recombination,recombination,0.8
edge_0646,PI,node_0020,node_0356,single_dehydrogenative_recombination,recombination,0.8
edge_0647,PI,node_0057,node_0356,single_dehydrogenative_recombination,recombination,0.8
edge_0648,PI,node_0020,node_0357,single_dehydrogenative_recombination,recombination,0.8
edge_0649,PI,node_0063,node_0357,single_dehydrogenative_recombination,recombination,0.8
edge_0650,PI,node_0021,node_0358,single_dehydrogenative_recombination,recombination,0.8
edge_0651,PI,node_0025,node_0358,single_dehydrogenative_recombination,recombination,0.8
edge_0652,PI,node_0021,node_0359,single_dehydrogenative_recombination,recombination,0.8
edge_0653,PI,node_0027,node_0359,single_dehydrogenative_recombination,recombination,0.8
edge_0654,PI,node_0021,node_0360,single_dehydrogenative_recombination,recombination,0.8
edge_0655,PI,node_0033,node_0360,single_dehydrogenative_recombination,recombination,0.8
edge_0656,PI,node_0021,node_0361,single_dehydrogenative_recombination,recombination,0.8
edge_0657,PI,node_0035,node_0361,single_dehydrogenative_recombination,recombination,0.8
edge_0658,PI,node_0021,node_0362,single_dehydrogenative_recombination,recombination,0.8
edge_0659,PI,node_0043,node_0362,single_dehydrogenative_recombination,recombination,0.8
edge_0660,PI,node_0021,node_0363,single_dehydrogenative_recombination,recombination,0.8
edge_0661,PI,node_0045,node_0363,single_dehydrogenative_recombination,recombination,0.8
edge_0662,PI,node_0021,node_0364,single_dehydrogenative_recombination,recombination,0.8
edge_0663,PI,node_0047,node_0364,single_dehydrogenative_recombination,recombination,0.8
edge_0664,PI,node_0021,node_0365,single_dehydrogenative_recombination,recombination,0.8
edge_0665,PI,node_0049,node_0365,single_dehydrogenative_recombination,recombination,0.8
edge_0666,PI,node_0021,node_0366,single_dehydrogenative_recombination,recombination,0.8
edge_0667,PI,node_0051,node_0366,single_dehydrogenative_recombination,recombination,0.8
edge_0668,PI,node_0021,node_0367,single_dehydrogenative_recombination,recombination,0.8
edge_0669,PI,node_0055,node_0367,single_dehydrogenative_recombination,recombination,0.8
edge_0670,PI,node_0021,node_0368,single_dehydrogenative_recombination,recombination,0.8
edge_0671,PI,node_0057,node_0368,single_dehydrogenative_recombination,recombination,0.8
edge_0672,PI,node_0021,node_0369,single_dehydrogenative_recombination,recombination,0.8
edge_0673,PI,node_0063,node_0369,single_dehydrogenative_recombination,recombination,0.8
edge_0674,PI,node_0022,node_0370,single_dehydrogenative_recombination,recombination,0.8
edge_0675,PI,node_0023,node_0370,single_dehydrogenative_recombination,recombination,0.8
edge_0676,PI,node_0022,node_0371,single_dehydrogenative_recombination,recombination,0.8
edge_0677,PI,node_0025,node_0371,single_dehydrogenative_recombination,recombination,0.8
edge_0678,PI,node_0022,node_0372,single_dehydrogenative_recombination,recombination,0.8
edge_0679,PI,node_0027,node_0372,single_dehydrogenative_recombination,recombination,0.8
edge_0680,PI,node_0022,node_0373,single_dehydrogenative_recombination,recombination,0.8
edge_0681,PI,node_0029,node_0373,single_dehydrogenative_recombination,recombination,0.8
edge_0682,PI,node_0022,node_0374,single_dehydrogenative_recombination,recombination,0.8
edge_0683,PI,node_0031,node_0374,single_dehydrogenative_recombination,recombination,0.8
edge_0684,PI,node_0022,node_0375,single_dehydrogenative_recombination,recombination,0.8
edge_0685,PI,node_0033,node_0375,single_dehydrogenative_recombination,recombination,0.8
edge_0686,PI,node_0022,node_0376,single_dehydrogenative_recombination,recombination,0.8
edge_0687,PI,node_0035,node_0376,single_dehydrogenative_recombination,recombination,0.8
edge_0688,PI,node_0022,node_0377,single_dehydrogenative_recombination,recombination,0.8
edge_0689,PI,node_0037,node_0377,single_dehydrogenative_recombination,recombination,0.8
edge_0690,PI,node_0022,node_0378,single_dehydrogenative_recombination,recombination,0.8
edge_0691,PI,node_0041,node_0378,single_dehydrogenative_recombination,recombination,0.8
edge_0692,PI,node_0022,node_0379,single_dehydrogenative_recombination,recombination,0.8
edge_0693,PI,node_0043,node_0379,single_dehydrogenative_recombination,recombination,0.8
edge_0694,PI,node_0022,node_0380,single_dehydrogenative_recombination,recombination,0.8
edge_0695,PI,node_0045,node_0380,single_dehydrogenative_recombination,recombination,0.8
edge_0696,PI,node_0022,node_0381,single_dehydrogenative_recombination,recombination,0.8
edge_0697,PI,node_0047,node_0381,single_dehydrogenative_recombination,recombination,0.8
edge_0698,PI,node_0022,node_0382,single_dehydrogenative_recombination,recombination,0.8
edge_0699,PI,node_0049,node_0382,single_dehydrogenative_recombination,recombination,0.8
edge_0700,PI,node_0022,node_0383,single_dehydrogenative_recombination,recombination,0.8
edge_0701,PI,node_0051,node_0383,single_dehydrogenative_recombination,recombination,0.8
edge_0702,PI,node_0022,node_0384,single_dehydrogenative_recombination,recombination,0.8
edge_0703,PI,node_0053,node_0384,single_dehydrogenative_recombination,recombination,0.8
edge_0704,PI,node_0022,node_0385,single_dehydrogenative_recombination,recombination,0.8
edge_0705,PI,node_0055,node_0385,single_dehydrogenative_recombination,recombination,0.8
edge_0706,PI,node_0022,node_0386,single_dehydrogenative_recombination,recombination,0.8
edge_0707,PI,node_0057,node_0386,single_dehydrogenative_recombination,recombination,0.8
edge_0708,PI,node_0022,node_0387,single_dehydrogenative_recombination,recombination,0.8
edge_0709,PI,node_0059,node_0387,single_dehydrogenative_recombination,recombination,0.8
edge_0710,PI,node_0022,node_0388,single_dehydrogenative_recombination,recombination,0.8
edge_0711,PI,node_0061,node_0388,single_dehydrogenative_recombination,recombination,0.8
edge_0712,PI,node_0023,node_0389,dehydrogenative_coupling,recombination,0.8
edge_0713,PI,node_0025,node_0389,dehydrogenative_coupling,recombination,0.8
edge_0714,PI,node_0023,node_0390,h_transfer_recombination,recombination,0.8
edge_0715,PI,node_0026,node_0390,h_transfer_recombination,recombination,0.8
edge_0716,PI,node_0023,node_0391,dehydrogenative_coupling,recombination,0.8
edge_0717,PI,node_0027,node_0391,dehydrogenative_coupling,recombination,0.8
edge_0718,PI,node_0023,node_0392,h_transfer_recombination,recombination,0.8
edge_0719,PI,node_0028,node_0392,h_transfer_recombination,recombination,0.8
edge_0720,PI,node_0023,node_0393,dehydrogenative_coupling,recombination,0.8
edge_0721,PI,node_0033,node_0393,dehydrogenative_coupling,recombination,0.8
edge_0722,PI,node_0023,node_0394,h_transfer_recombination,recombination,0.8
edge_0723,PI,node_0034,node_0394,h_transfer_recombination,recombination,0.8
edge_0724,PI,node_0023,node_0395,dehydrogenative_coupling,recombination,0.8
edge_0725,PI,node_0035,node_0395,dehydrogenative_coupling,recombination,0.8
edge_0726,PI,node_0023,node_0396,h_transfer_recombination,recombination,0.8
edge_0727,PI,node_0036,node_0396,h_transfer_recombination,recombination,0.8
edge_0728,PI,node_0023,node_0397,dehydrogenative_coupling,recombination,0.8
edge_0729,PI,node_0043,node_0397,dehydrogenative_coupling,recombination,0.8
edge_0730,PI,node_0023,node_0398,h_transfer_recombination,recombination,0.8
edge_0731,PI,node_0044,node_0398,h_transfer_recombination,recombination,0.8
edge_0732,PI,node_0023,node_0399,dehydrogenative_coupling,recombination,0.8
edge_0733,PI,node_0045,node_0399,dehydrogenative_coupling,recombination,0.8
edge_0734,PI,node_0023,node_0400,h_transfer_recombination,recombination,0.8
edge_0735,PI,node_0046,node_0400,h_transfer_recombination,recombination,0.8
edge_0736,PI,node_0023,node_0401,dehydrogenative_coupling,recombination,0.8
edge_0737,PI,node_0047,node_0401,dehydrogenative_coupling,recombination,0.8
edge_0738,PI,node_0023,node_0402,h_transfer_recombination,recombination,0.8
edge_0739,PI,node_0048,node_0402,h_transfer_recombination,recombination,0.8
edge_0740,PI,node_0023,node_0403,dehydrogenative_coupling,recombination,0.8
edge_0741,PI,node_0049,node_0403,dehydrogenative_coupling,recombination,0.8
edge_0742,PI,node_0023,node_0404,h_transfer_recombination,recombination,0.8
edge_0743,PI,node_0050,node_0404,h_transfer_recombination,recombination,0.8
edge_0744,PI,node_0023,node_0405,dehydrogenative_coupling,recombination,0.8
edge_0745,PI,node_0051,node_0405,dehydrogenative_coupling,recombination,0.8
edge_0746,PI,node_0023,node_0406,h_transfer_recombination,recombination,0.8
edge_0747,PI,node_0052,node_0406,h_transfer_recombination,recombination,0.8
edge_0748,PI,node_0023,node_0407,dehydrogenative_coupling,recombination,0.8
edge_0749,PI,node_0055,node_0407,dehydrogenative_coupling,recombination,0.8
edge_0750,PI,node_0023,node_0408,h_transfer_recombination,recombination,0.8
edge_0751,PI,node_0056,node_0408,h_transfer_recombination,recombination,0.8
edge_0752,PI,node_0023,node_0409,dehydrogenative_coupling,recombination,0.8
edge_0753,PI,node_0057,node_0409,dehydrogenative_coupling,recombination,0.8
edge_0754,PI,node_0023,node_0410,h_transfer_recombination,recombination,0.8
edge_0755,PI,node_0058,node_0410,h_transfer_recombination,recombination,0.8
edge_0756,PI,node_0023,node_0411,dehydrogenative_coupling,recombination,0.8
edge_0757,PI,node_0063,node_0411,dehydrogenative_coupling,recombination,0.8
edge_0758,PI,node_0023,node_0412,h_transfer_recombination,recombination,0.8
edge_0759,PI,node_0064,node_0412,h_transfer_recombination,recombination,0.8
edge_0760,PI,node_0024,node_0413,h_transfer_recombination,recombination,0.8
edge_0761,PI,node_0025,node_0413,h_transfer_recombination,recombination,0.8
edge_0762,PI,node_0024,node_0414,h_transfer_recombination,recombination,0.8
edge_0763,PI,node_0027,node_0414,h_transfer_recombination,recombination,0.8
edge_0764,PI,node_0024,node_0415,h_transfer_recombination,recombination,0.8
edge_0765,PI,node_0033,node_0415,h_transfer_recombination,recombination,0.8
edge_0766,PI,node_0024,node_0416,h_transfer_recombination,recombination,0.8
edge_0767,PI,node_0035,node_0416,h_transfer_recombination,recombination,0.8
edge_0768,PI,node_0024,node_0417,h_transfer_recombination,recombination,0.8
edge_0769,PI,node_0043,node_0417,h_transfer_recombination,recombination,0.8
edge_0770,PI,node_0024,node_0418,h_transfer_recombination,recombination,0.8
edge_0771,PI,node_0045,node_0418,h_transfer_recombination,recombination,0.8
edge_0772,PI,node_0024,node_0419,h_transfer_recombination,recombination,0.8
edge_0773,PI,node_0047,node_0419,h_transfer_recombination,recombination,0.8
edge_0774,PI,node_0024,node_0420,h_transfer_recombination,recombination,0.8
edge_0775,PI,node_0049,node_0420,h_transfer_recombination,recombination,0.8
edge_0776,PI,node_0024,node_0421,h_transfer_recombination,recombination,0.8
edge_0777,PI,node_0051,node_0421,h_transfer_recombination,recombination,0.8
edge_0778,PI,node_0024,node_0422,h_transfer_recombination,recombination,0.8
edge_0779,PI,node_0055,node_0422,h_transfer_recombination,recombination,0.8
edge_0780,PI,node_0024,node_0423,h_transfer_recombination,recombination,0.8
edge_0781,PI,node_0057,node_0423,h_transfer_recombination,recombination,0.8
edge_0782,PI,node_0024,node_0424,h_transfer_recombination,recombination,0.8
edge_0783,PI,node_0063,node_0424,h_transfer_recombination,recombination,0.8
edge_0784,PI,node_0025,node_0425,dehydrogenative_coupling,recombination,0.8
edge_0785,PI,node_0027,node_0425,dehydrogenative_coupling,recombination,0.8
edge_0786,PI,node_0025,node_0426,h_transfer_recombination,recombination,0.8
edge_0787,PI,node_0028,node_0426,h_transfer_recombination,recombination,0.8
edge_0788,PI,node_0025,node_0427,dehydrogenative_coupling,recombination,0.8
edge_0789,PI,node_0029,node_0427,dehydrogenative_coupling,recombination,0.8
edge_0790,PI,node_0025,node_0428,h_transfer_recombination,recombination,0.8
edge_0791,PI,node_0030,node_0428,h_transfer_recombination,recombination,0.8
edge_0792,PI,node_0025,node_0429,dehydrogenative_coupling,recombination,0.8
edge_0793,PI,node_0031,node_0429,dehydrogenative_coupling,recombination,0.8
edge_0794,PI,node_0025,node_0430,h_transfer_recombination,recombination,0.8
edge_0795,PI,node_0032,node_0430,h_transfer_recombination,recombination,0.8
edge_0796,PI,node_0025,node_0431,dehydrogenative_coupling,recombination,0.8
edge_0797,PI,node_0033,node_0431,dehydrogenative_coupling,recombination,0.8
edge_0798,PI,node_0025,node_0432,h_transfer_recombination,recombination,0.8
edge_0799,PI,node_0034,node_0432,h_transfer_recombination,recombination,0.8
edge_0800,PI,node_0025,node_0433,dehydrogenative_coupling,recombination,0.8
edge_0801,PI,node_0035,node_0433,dehydrogenative_coupling,recombination,0.8
edge_0802,PI,node_0025,node_0434,h_transfer_recombination,recombination,0.8
edge_0803,PI,node_0036,node_0434,h_transfer_recombination,recombination,0.8
edge_0804,PI,node_0025,node_0435,dehydrogenative_coupling,recombination,0.8
edge_0805,PI,node_0037,node_0435,dehydrogenative_coupling,recombination,0.8
edge_0806,PI,node_0025,node_0436,h_transfer_recombination,recombination,0.8
edge_0807,PI,node_0038,node_0436,h_transfer_recombination,recombination,0.8
edge_0808,PI,node_0025,node_0437,dehydrogenative_coupling,recombination,0.8
edge_0809,PI,node_0041,node_0437,dehydrogenative_coupling,recombination,0.8
edge_0810,PI,node_0025,node_0438,h_transfer_recombination,recombination,0.8
edge_0811,PI,node_0042,node_0438,h_transfer_recombination,recombination,0.8
edge_0812,PI,node_0025,node_0439,dehydrogenative_coupling,recombination,0.8
edge_0813,PI,node_0043,node_0439,dehydrogenative_coupling,recombination,0.8
edge_0814,PI,node_0025,node_0440,h_transfer_recombination,recombination,0.8
edge_0815,PI,node_0044,node_0440,h_transfer_recombination,recombination,0.8
edge_0816,PI,node_0025,node_0441,dehydrogenative_coupling,recombination,0.8
edge_0817,PI,node_0045,node_0441,dehydrogenative_coupling,recombination,0.8
edge_0818,PI,node_0025,node_0442,h_transfer_recombination,recombination,0.8
edge_0819,PI,node_0046,node_0442,h_transfer_recombination,recombination,0.8
edge_0820,PI,node_0025,node_0443,dehydrogenative_coupling,recombination,0.8
edge_0821,PI,node_0047,node_0443,dehydrogenative_coupling,recombination,0.8
edge_0822,PI,node_0025,node_0444,h_transfer_recombination,recombination,0.8
edge_0823,PI,node_0048,node_0444,h_transfer_recombination,recombination,0.8
edge_0824,PI,node_0025,node_0445,dehydrogenative_coupling,recombination,0.8
edge_0825,PI,node_0049,node_0445,dehydrogenative_coupling,recombination,0.8
edge_0826,PI,node_0025,node_0446,h_transfer_recombination,recombination,0.8
edge_0827,PI,node_0050,node_0446,h_transfer_recombination,recombination,0.8
edge_0828,PI,node_0025,node_0447,dehydrogenative_coupling,recombination,0.8
edge_0829,PI,node_0051,node_0447,dehydrogenative_coupling,recombination,0.8
edge_0830,PI,node_0025,node_0448,h_transfer_recombination,recombination,0.8
edge_0831,PI,node_0052,node_0448,h_transfer_recombination,recombination,0.8
edge_0832,PI,node_0025,node_0449,dehydrogenative_coupling,recombination,0.8
edge_0833,PI,node_0053,node_0449,dehydrogenative_coupling,recombination,0.8
edge_0834,PI,node_0025,node_0450,h_transfer_recombination,recombination,0.8
edge_0835,PI,node_0054,node_0450,h_transfer_recombination,recombination,0.8
edge_0836,PI,node_0025,node_0451,dehydrogenative_coupling,recombination,0.8
edge_0837,PI,node_0055,node_0451,dehydrogenative_coupling,recombination,0.8
edge_0838,PI,node_0025,node_0452,h_transfer_recombination,recombination,0.8
edge_0839,PI,node_0056,node_0452,h_transfer_recombination,recombination,0.8
edge_0840,PI,node_0025,node_0453,dehydrogenative_coupling,recombination,0.8
edge_0841,PI,node_0057,node_0453,dehydrogenative_coupling,recombination,0.8
edge_0842,PI,node_0025,node_0454,h_transfer_recombination,recombination,0.8
edge_0843,PI,node_0058,node_0454,h_transfer_recombination,recombination,0.8
edge_0844,PI,node_0025,node_0455,dehydrogenative_coupling,recombination,0.8
edge_0845,PI,node_0059,node_0455,dehydrogenative_coupling,recombination,0.8
edge_0846,PI,node_0025,node_0456,h_transfer_recombination,recombination,0.8
edge_0847,PI,node_0060,node_0456,h_transfer_recombination,recombination,0.8
edge_0848,PI,node_0025,node_0457,dehydrogenative_coupling,recombination,0.8
edge_0849,PI,node_0061,node_0457,dehydrogenative_coupling,recombination,0.8
edge_0850,PI,node_0025,node_0458,h_transfer_recombination,recombination,0.8
edge_0851,PI,node_0062,node_0458,h_transfer_recombination,recombination,0.8
edge_0852,PI,node_0025,node_0459,dehydrogenative_coupling,recombination,0.8
edge_0853,PI,node_0063,node_0459,dehydrogenative_coupling,recombination,0.8
edge_0854,PI,node_0025,node_0460,h_transfer_recombination,recombination,0.8
edge_0855,PI,node_0064,node_0460,h_transfer_recombination,recombination,0.8
edge_0856,PI,node_0026,node_0461,h_transfer_recombination,recombination,0.8
edge_0857,PI,node_0027,node_0461,h_transfer_recombination,recombination,0.8
edge_0858,PI,node_0026,node_0462,h_transfer_recombination,recombination,0.8
edge_0859,PI,node_0029,node_0462,h_transfer_recombination,recombination,0.8
edge_0860,PI,node_0026,node_0463,h_transfer_recombination,recombination,0.8
edge_0861,PI,node_0031,node_0463,h_transfer_recombination,recombination,0.8
edge_0862,PI,node_0026,node_0464,h_transfer_recombination,recombination,0.8
edge_0863,PI,node_0033,node_0464,h_transfer_recombination,recombination,0.8
edge_0864,PI,node_0026,node_0465,h_transfer_recombination,recombination,0.8
edge_0865,PI,node_0035,node_0465,h_transfer_recombination,recombination,0.8
edge_0866,PI,node_0026,node_0466,h_transfer_recombination,recombination,0.8
edge_0867,PI,node_0037,node_0466,h_transfer_recombination,recombination,0.8
edge_0868,PI,node_0026,node_0467,h_transfer_recombination,recombination,0.8
edge_0869,PI,node_0041,node_0467,h_transfer_recombination,recombination,0.8
edge_0870,PI,node_0026,node_0468,h_transfer_recombination,recombination,0.8
edge_0871,PI,node_0043,node_0468,h_transfer_recombination,recombination,0.8
edge_0872,PI,node_0026,node_0469,h_transfer_recombination,recombination,0.8
edge_0873,PI,node_0045,node_0469,h_transfer_recombination,recombination,0.8
edge_0874,PI,node_0026,node_0470,h_transfer_recombination,recombination,0.8
edge_0875,PI,node_0047,node_0470,h_transfer_recombination,recombination,0.8
edge_0876,PI,node_0026,node_0471,h_transfer_recombination,recombination,0.8
edge_0877,PI,node_0049,node_0471,h_transfer_recombination,recombination,0.8
edge_0878,PI,node_0026,node_0472,h_transfer_recombination,recombination,0.8
edge_0879,PI,node_0051,node_0472,h_transfer_recombination,recombination,0.8
edge_0880,PI,node_0026,node_0473,h_transfer_recombination,recombination,0.8
edge_0881,PI,node_0053,node_0473,h_transfer_recombination,recombination,0.8
edge_0882,PI,node_0026,node_0474,h_transfer_recombination,recombination,0.8
edge_0883,PI,node_0055,node_0474,h_transfer_recombination,recombination,0.8
edge_0884,PI,node_0026,node_0475,h_transfer_recombination,recombination,0.8
edge_0885,PI,node_0057,node_0475,h_transfer_recombination,recombination,0.8
edge_0886,PI,node_0026,node_0476,h_transfer_recombination,recombination,0.8
edge_0887,PI,node_0059,node_0476,h_transfer_recombination,recombination,0.8
edge_0888,PI,node_0026,node_0477,h_transfer_recombination,recombination,0.8
edge_0889,PI,node_0061,node_0477,h_transfer_recombination,recombination,0.8
edge_0890,PI,node_0026,node_0478,h_transfer_recombination,recombination,0.8
edge_0891,PI,node_0063,node_0478,h_transfer_recombination,recombination,0.8
edge_0892,PI,node_0027,node_0479,dehydrogenative_coupling,recombination,0.8
edge_0893,PI,node_0029,node_0479,dehydrogenative_coupling,recombination,0.8
edge_0894,PI,node_0027,node_0480,h_transfer_recombination,recombination,0.8
edge_0895,PI,node_0030,node_0480,h_transfer_recombination,recombination,0.8
edge_0896,PI,node_0027,node_0481,dehydrogenative_coupling,recombination,0.8
edge_0897,PI,node_0031,node_0481,dehydrogenative_coupling,recombination,0.8
edge_0898,PI,node_0027,node_0482,h_transfer_recombination,recombination,0.8
edge_0899,PI,node_0032,node_0482,h_transfer_recombination,recombination,0.8
edge_0900,PI,node_0027,node_0483,dehydrogenative_coupling,recombination,0.8
edge_0901,PI,node_0033,node_0483,dehydrogenative_coupling,recombination,0.8
edge_0902,PI,node_0027,node_0484,h_transfer_recombination,recombination,0.8
edge_0903,PI,node_0034,node_0484,h_transfer_recombination,recombination,0.8
edge_0904,PI,node_0027,node_0485,dehydrogenative_coupling,recombination,0.8
edge_0905,PI,node_0035,node_0485,dehydrogenative_coupling,recombination,0.8
edge_0906,PI,node_0027,node_0486,h_transfer_recombination,recombination,0.8
edge_0907,PI,node_0036,node_0486,h_transfer_recombination,recombination,0.8
edge_0908,PI,node_0027,node_0487,dehydrogenative_coupling,recombination,0.8
edge_0909,PI,node_0037,node_0487,dehydrogenative_coupling,recombination,0.8
edge_0910,PI,node_0027,node_0488,h_transfer_recombination,recombination,0.8
edge_0911,PI,node_0038,node_0488,h_transfer_recombination,recombination,0.8
edge_0912,PI,node_0027,node_0489,dehydrogenative_coupling,recombination,0.8
edge_0913,PI,node_0041,node_0489,dehydrogenative_coupling,recombination,0.8
edge_0914,PI,node_0027,node_0490,h_transfer_recombination,recombination,0.8
edge_0915,PI,node_0042,node_0490,h_transfer_recombination,recombination,0.8
edge_0916,PI,node_0027,node_0491,dehydrogenative_coupling,recombination,0.8
edge_0917,PI,node_0043,node_0491,dehydrogenative_coupling,recombination,0.8
edge_0918,PI,node_0027,node_0492,h_transfer_recombination,recombination,0.8
edge_0919,PI,node_0044,node_0492,h_transfer_recombination,recombination,0.8
edge_0920,PI,node_0027,node_0493,dehydrogenative_coupling,recombination,0.8
edge_0921,PI,node_0045,node_0493,dehydrogenative_coupling,recombination,0.8
edge_0922,PI,node_0027,node_0494,h_transfer_recombination,recombination,0.8
edge_0923,PI,node_0046,node_0494,h_transfer_recombination,recombination,0.8
edge_0924,PI,node_0027,node_0495,dehydrogenative_coupling,recombination,0.8
edge_0925,PI,node_0047,node_0495,dehydrogenative_coupling,recombination,0.8
edge_0926,PI,node_0027,node_0496,h_transfer_recombination,recombination,0.8
edge_0927,PI,node_0048,node_0496,h_transfer_recombination,recombination,0.8
edge_0928,PI,node_0027,node_0497,dehydrogenative_coupling,recombination,0.8
edge_0929,PI,node_0049,node_0497,dehydrogenative_coupling,recombination,0.8
edge_0930,PI,node_0027,node_0498,h_transfer_recombination,recombination,0.8
edge_0931,PI,node_0050,node_0498,h_transfer_recombination,recombination,0.8
edge_0932,PI,node_0027,node_0499,dehydrogenative_coupling,recombination,0.8
edge_0933,PI,node_0051,node_0499,dehydrogenative_coupling,recombination,0.8
edge_0934,PI,node_0027,node_0500,h_transfer_recombination,recombination,0.8
edge_0935,PI,node_0052,node_0500,h_transfer_recombination,recombination,0.8
edge_0936,PI,node_0027,node_0501,dehydrogenative_coupling,recombination,0.8
edge_0937,PI,node_0053,node_0501,dehydrogenative_coupling,recombination,0.8
edge_0938,PI,node_0027,node_0502,h_transfer_recombination,recombination,0.8
edge_0939,PI,node_0054,node_0502,h_transfer_recombination,recombination,0.8
edge_0940,PI,node_0027,node_0503,dehydrogenative_coupling,recombination,0.8
edge_0941,PI,node_0055,node_0503,dehydrogenative_coupling,recombination,0.8
edge_0942,PI,node_0027,node_0504,h_transfer_recombination,recombination,0.8
edge_0943,PI,node_0056,node_0504,h_transfer_recombination,recombination,0.8
edge_0944,PI,node_0027,node_0505,dehydrogenative_coupling,recombination,0.8
edge_0945,PI,node_0057,node_0505,dehydrogenative_coupling,recombination,0.8
edge_0946,PI,node_0027,node_0506,h_transfer_recombination,recombination,0.8
edge_0947,PI,node_0058,node_0506,h_transfer_recombination,recombination,0.8
edge_0948,PI,node_0027,node_0507,dehydrogenative_coupling,recombination,0.8
edge_0949,PI,node_0059,node_0507,dehydrogenative_coupling,recombination,0.8
edge_0950,PI,node_0027,node_0508,h_transfer_recombination,recombination,0.8
edge_0951,PI,node_0060,node_0508,h_transfer_recombination,recombination,0.8
edge_0952,PI,node_0027,node_0509,dehydrogenative_coupling,recombination,0.8
edge_0953,PI,node_0061,node_0509,dehydrogenative_coupling,recombination,0.8
edge_0954,PI,node_0027,node_0510,h_transfer_recombination,recombination,0.8
edge_0955,PI,node_0062,node_0510,h_transfer_recombination,recombination,0.8
edge_0956,PI,node_0027,node_0511,dehydrogenative_coupling,recombination,0.8
edge_0957,PI,node_0063,node_0511,dehydrogenative_coupling,recombination,0.8
edge_0958,PI,node_0027,node_0512,h_transfer_recombination,recombination,0.8
edge_0959,PI,node_0064,node_0512,h_transfer_recombination,recombination,0.8
edge_0960,PI,node_0028,node_0513,h_transfer_recombination,recombination,0.8
edge_0961,PI,node_0029,node_0513,h_transfer_recombination,recombination,0.8
edge_0962,PI,node_0028,node_0514,h_transfer_recombination,recombination,0.8
edge_0963,PI,node_0031,node_0514,h_transfer_recombination,recombination,0.8
edge_0964,PI,node_0028,node_0515,h_transfer_recombination,recombination,0.8
edge_0965,PI,node_0033,node_0515,h_transfer_recombination,recombination,0.8
edge_0966,PI,node_0028,node_0516,h_transfer_recombination,recombination,0.8
edge_0967,PI,node_0035,node_0516,h_transfer_recombination,recombination,0.8
edge_0968,PI,node_0028,node_0517,h_transfer_recombination,recombination,0.8
edge_0969,PI,node_0037,node_0517,h_transfer_recombination,recombination,0.8
edge_0970,PI,node_0028,node_0518,h_transfer_recombination,recombination,0.8
edge_0971,PI,node_0041,node_0518,h_transfer_recombination,recombination,0.8
edge_0972,PI,node_0028,node_0519,h_transfer_recombination,recombination,0.8
edge_0973,PI,node_0043,node_0519,h_transfer_recombination,recombination,0.8
edge_0974,PI,node_0028,node_0520,h_transfer_recombination,recombination,0.8
edge_0975,PI,node_0045,node_0520,h_transfer_recombination,recombination,0.8
edge_0976,PI,node_0028,node_0521,h_transfer_recombination,recombination,0.8
edge_0977,PI,node_0047,node_0521,h_transfer_recombination,recombination,0.8
edge_0978,PI,node_0028,node_0522,h_transfer_recombination,recombination,0.8
edge_0979,PI,node_0049,node_0522,h_transfer_recombination,recombination,0.8
edge_0980,PI,node_0028,node_0523,h_transfer_recombination,recombination,0.8
edge_0981,PI,node_0051,node_0523,h_transfer_recombination,recombination,0.8
edge_0982,PI,node_0028,node_0524,h_transfer_recombination,recombination,0.8
edge_0983,PI,node_0053,node_0524,h_transfer_recombination,recombination,0.8
edge_0984,PI,node_0028,node_0525,h_transfer_recombination,recombination,0.8
edge_0985,PI,node_0055,node_0525,h_transfer_recombination,recombination,0.8
edge_0986,PI,node_0028,node_0526,h_transfer_recombination,recombination,0.8
edge_0987,PI,node_0057,node_0526,h_transfer_recombination,recombination,0.8
edge_0988,PI,node_0028,node_0527,h_transfer_recombination,recombination,0.8
edge_0989,PI,node_0059,node_0527,h_transfer_recombination,recombination,0.8
edge_0990,PI,node_0028,node_0528,h_transfer_recombination,recombination,0.8
edge_0991,PI,node_0061,node_0528,h_transfer_recombination,recombination,0.8
edge_0992,PI,node_0028,node_0529,h_transfer_recombination,recombination,0.8
edge_0993,PI,node_0063,node_0529,h_transfer_recombination,recombination,0.8
edge_0994,PI,node_0029,node_0530,dehydrogenative_coupling,recombination,0.8
edge_0995,PI,node_0033,node_0530,dehydrogenative_coupling,recombination,0.8
edge_0996,PI,node_0029,node_0531,h_transfer_recombination,recombination,0.8
edge_0997,PI,node_0034,node_0531,h_transfer_recombination,recombination,0.8
edge_0998,PI,node_0029,node_0532,dehydrogenative_coupling,recombination,0.8
edge_0999,PI,node_0035,node_0532,dehydrogenative_coupling,recombination,0.8
edge_1000,PI,node_0029,node_0533,h_transfer_recombination,recombination,0.8
edge_1001,PI,node_0036,node_0533,h_transfer_recombination,recombination,0.8
edge_1002,PI,node_0029,node_0534,dehydrogenative_coupling,recombination,0.8
edge_1003,PI,node_0043,node_0534,dehydrogenative_coupling,recombination,0.8
edge_1004,PI,node_0029,node_0535,h_transfer_recombination,recombination,0.8
edge_1005,PI,node_0044,node_0535,h_transfer_recombination,recombination,0.8
edge_1006,PI,node_0029,node_0536,dehydrogenative_coupling,recombination,0.8
edge_1007,PI,node_0045,node_0536,dehydrogenative_coupling,recombination,0.8
edge_1008,PI,node_0029,node_0537,h_transfer_recombination,recombination,0.8
edge_1009,PI,node_0046,node_0537,h_transfer_recombination,recombination,0.8
edge_1010,PI,node_0029,node_0538,dehydrogenative_coupling,recombination,0.8
edge_1011,PI,node_0047,node_0538,dehydrogenative_coupling,recombination,0.8
edge_1012,PI,node_0029,node_0539,h_transfer_recombination,recombination,0.8
edge_1013,PI,node_0048,node_0539,h_transfer_recombination,recombination,0.8
edge_1014,PI,node_0029,node_0540,dehydrogenative_coupling,recombination,0.8
edge_1015,PI,node_0049,node_0540,dehydrogenative_coupling,recombination,0.8
edge_1016,PI,node_0029,node_0541,h_transfer_recombination,recombination,0.8
edge_1017,PI,node_0050,node_0541,h_transfer_recombination,recombination,0.8
edge_1018,PI,node_0029,node_0542,dehydrogenative_coupling,recombination,0.8
edge_1019,PI,node_0051,node_0542,dehydrogenative_coupling,recombination,0.8
edge_1020,PI,node_0029,node_0543,h_transfer_recombination,recombination,0.8
edge_1021,PI,node_0052,node_0543,h_transfer_recombination,recombination,0.8
edge_1022,PI,node_0029,node_0544,dehydrogenative_coupling,recombination,0.8
edge_1023,PI,node_0055,node_0544,dehydrogenative_coupling,recombination,0.8
edge_1024,PI,node_0029,node_0545,h_transfer_recombination,recombination,0.8
edge_1025,PI,node_0056,node_0545,h_transfer_recombination,recombination,0.8
edge_1026,PI,node_0029,node_0546,dehydrogenative_coupling,recombination,0.8
edge_1027,PI,node_0057,node_0546,dehydrogenative_coupling,recombination,0.8
edge_1028,PI,node_0029,node_0547,h_transfer_recombination,recombination,0.8
edge_1029,PI,node_0058,node_0547,h_transfer_recombination,recombination,0.8
edge_1030,PI,node_0029,node_0548,dehydrogenative_coupling,recombination,0.8
edge_1031,PI,node_0063,node_0548,dehydrogenative_coupling,recombination,0.8
edge_1032,PI,node_0029,node_0549,h_transfer_recombination,recombination,0.8
edge_1033,PI,node_0064,node_0549,h_transfer_recombination,recombination,0.8
edge_1034,PI,node_0030,node_0550,h_transfer_recombination,recombination,0.8
edge_1035,PI,node_0033,node_0550,h_transfer_recombination,recombination,0.8
edge_1036,PI,node_0030,node_0551,h_transfer_recombination,recombination,0.8
edge_1037,PI,node_0035,node_0551,h_transfer_recombination,recombination,0.8
edge_1038,PI,node_0030,node_0552,h_transfer_recombination,recombination,0.8
edge_1039,PI,node_0043,node_0552,h_transfer_recombination,recombination,0.8
edge_1040,PI,node_0030,node_0553,h_transfer_recombination,recombination,0.8
edge_1041,PI,node_0045,node_0553,h_transfer_recombination,recombination,0.8
edge_1042,PI,node_0030,node_0554,h_transfer_recombination,recombination,0.8
edge_1043,PI,node_0047,node_0554,h_transfer_recombination,recombination,0.8
edge_1044,PI,node_0030,node_0555,h_transfer_recombination,recombination,0.8
edge_1045,PI,node_0049,node_0555,h_transfer_recombination,recombination,0.8
edge_1046,PI,node_0030,node_0556,h_transfer_recombination,recombination,0.8
edge_1047,PI,node_0051,node_0556,h_transfer_recombination,recombination,0.8
edge_1048,PI,node_0030,node_0557,h_transfer_recombination,recombination,0.8
edge_1049,PI,node_0055,node_0557,h_transfer_recombination,recombination,0.8
edge_1050,PI,node_0030,node_0558,h_transfer_recombination,recombination,0.8
edge_1051,PI,node_0057,node_0558,h_transfer_recombination,recombination,0.8
edge_1052,PI,node_0030,node_0559,h_transfer_recombination,recombination,0.8
edge_1053,PI,node_0063,node_0559,h_transfer_recombination,recombination,0.8
edge_1054,PI,node_0031,node_0560,dehydrogenative_coupling,recombination,0.8
edge_1055,PI,node_0033,node_0560,dehydrogenative_coupling,recombination,0.8
edge_1056,PI,node_0031,node_0561,h_transfer_recombination,recombination,0.8
edge_1057,PI,node_0034,node_0561,h_transfer_recombination,recombination,0.8
edge_1058,PI,node_0031,node_0562,dehydrogenative_coupling,recombination,0.8
edge_1059,PI,node_0035,node_0562,dehydrogenative_coupling,recombination,0.8
edge_1060,PI,node_0031,node_0563,h_transfer_recombination,recombination,0.8
edge_1061,PI,node_0036,node_0563,h_transfer_recombination,recombination,0.8
edge_1062,PI,node_0031,node_0564,dehydrogenative_coupling,recombination,0.8
edge_1063,PI,node_0043,node_0564,dehydrogenative_coupling,recombination,0.8
edge_1064,PI,node_0031,node_0565,h_transfer_recombination,recombination,0.8
edge_1065,PI,node_0044,node_0565,h_transfer_recombination,recombination,0.8
edge_1066,PI,node_0031,node_0566,dehydrogenative_coupling,recombination,0.8
edge_1067,PI,node_0045,node_0566,dehydrogenative_coupling,recombination,0.8
edge_1068,PI,node_0031,node_0567,h_transfer_recombination,recombination,0.8
edge_1069,PI,node_0046,node_0567,h_transfer_recombination,recombination,0.8
edge_1070,PI,node_0031,node_0568,dehydrogenative_coupling,recombination,0.8
edge_1071,PI,node_0047,node_0568,dehydrogenative_coupling,recombination,0.8
edge_1072,PI,node_0031,node_0569,h_transfer_recombination,recombination,0.8
edge_1073,PI,node_0048,node_0569,h_transfer_recombination,recombination,0.8
edge_1074,PI,node_0031,node_0570,dehydrogenative_coupling,recombination,0.8
edge_1075,PI,node_0049,node_0570,dehydrogenative_coupling,recombination,0.8
edge_1076,PI,node_0031,node_0571,h_transfer_recombination,recombination,0.8
edge_1077,PI,node_0050,node_0571,h_transfer_recombination,recombination,0.8
edge_1078,PI,node_0031,node_0572,dehydrogenative_coupling,recombination,0.8
edge_1079,PI,node_0051,node_0572,dehydrogenative_coupling,recombination,0.8
edge_1080,PI,node_0031,node_0573,h_transfer_recombination,recombination,0.8
edge_1081,PI,node_0052,node_0573,h_transfer_recombination,recombination,0.8
edge_1082,PI,node_0031,node_0574,dehydrogenative_coupling,recombination,0.8
edge_1083,PI,node_0055,node_0574,dehydrogenative_coupling,recombination,0.8
edge_1084,PI,node_0031,node_0575,h_transfer_recombination,recombination,0.8
edge_1085,PI,node_0056,node_0575,h_transfer_recombination,recombination,0.8
edge_1086,PI,node_0031,node_0576,dehydrogenative_coupling,recombination,0.8
edge_1087,PI,node_0057,node_0576,dehydrogenative_coupling,recombination,0.8
edge_1088,PI,node_0031,node_0577,h_transfer_recombination,recombination,0.8
edge_1089,PI,node_0058,node_0577,h_transfer_recombination,recombination,0.8
edge_1090,PI,node_0031,node_0578,dehydrogenative_coupling,recombination,0.8
edge_1091,PI,node_0063,node_0578,dehydrogenative_coupling,recombination,0.8
edge_1092,PI,node_0031,node_0579,h_transfer_recombination,recombination,0.8
edge_1093,PI,node_0064,node_0579,h_transfer_recombination,recombination,0.8
edge_1094,PI,node_0032,node_0580,h_transfer_recombination,recombination,0.8
edge_1095,PI,node_0033,node_0580,h_transfer_recombination,recombination,0.8
edge_1096,PI,node_0032,node_0581,h_transfer_recombination,recombination,0.8
edge_1097,PI,node_0035,node_0581,h_transfer_recombination,recombination,0.8
edge_1098,PI,node_0032,node_0582,h_transfer_recombination,recombination,0.8
edge_1099,PI,node_0043,node_0582,h_transfer_recombination,recombination,0.8
edge_1100,PI,node_0032,node_0583,h_transfer_recombination,recombination,0.8
edge_1101,PI,node_0045,node_0583,h_transfer_recombination,recombination,0.8
edge_1102,PI,node_0032,node_0584,h_transfer_recombination,recombination,0.8
edge_1103,PI,node_0047,node_0584,h_transfer_recombination,recombination,0.8
edge_1104,PI,node_0032,node_0585,h_transfer_recombination,recombination,0.8
edge_1105,PI,node_0049,node_0585,h_transfer_recombination,recombination,0.8
edge_1106,PI,node_0032,node_0586,h_transfer_recombination,recombination,0.8
edge_1107,PI,node_0051,node_0586,h_transfer_recombination,recombination,0.8
edge_1108,PI,node_0032,node_0587,h_transfer_recombination,recombination,0.8
edge_1109,PI,node_0055,node_0587,h_transfer_recombination,recombination,0.8
edge_1110,PI,node_0032,node_0588,h_transfer_recombination,recombination,0.8
edge_1111,PI,node_0057,node_0588,h_transfer_recombination,recombination,0.8
edge_1112,PI,node_0032,node_0589,h_transfer_recombination,recombination,0.8
edge_1113,PI,node_0063,node_0589,h_transfer_recombination,recombination,0.8
edge_1114,PI,node_0033,node_0590,dehydrogenative_coupling,recombination,0.8
edge_1115,PI,node_0035,node_0590,dehydrogenative_coupling,recombination,0.8
edge_1116,PI,node_0033,node_0591,h_transfer_recombination,recombination,0.8
edge_1117,PI,node_0036,node_0591,h_transfer_recombination,recombination,0.8
edge_1118,PI,node_0033,node_0592,dehydrogenative_coupling,recombination,0.8
edge_1119,PI,node_0037,node_0592,dehydrogenative_coupling,recombination,0.8
edge_1120,PI,node_0033,node_0593,h_transfer_recombination,recombination,0.8
edge_1121,PI,node_0038,node_0593,h_transfer_recombination,recombination,0.8
edge_1122,PI,node_0033,node_0594,dehydrogenative_coupling,recombination,0.8
edge_1123,PI,node_0041,node_0594,dehydrogenative_coupling,recombination,0.8
edge_1124,PI,node_0033,node_0595,h_transfer_recombination,recombination,0.8
edge_1125,PI,node_0042,node_0595,h_transfer_recombination,recombination,0.8
edge_1126,PI,node_0033,node_0596,dehydrogenative_coupling,recombination,0.8
edge_1127,PI,node_0043,node_0596,dehydrogenative_coupling,recombination,0.8
edge_1128,PI,node_0033,node_0597,h_transfer_recombination,recombination,0.8
edge_1129,PI,node_0044,node_0597,h_transfer_recombination,recombination,0.8
edge_1130,PI,node_0033,node_0598,dehydrogenative_coupling,recombination,0.8
edge_1131,PI,node_0045,node_0598,dehydrogenative_coupling,recombination,0.8
edge_1132,PI,node_0033,node_0599,h_transfer_recombination,recombination,0.8
edge_1133,PI,node_0046,node_0599,h_transfer_recombination,recombination,0.8
edge_1134,PI,node_0033,node_0600,dehydrogenative_coupling,recombination,0.8
edge_1135,PI,node_0047,node_0600,dehydrogenative_coupling,recombination,0.8
edge_1136,PI,node_0033,node_0601,h_transfer_recombination,recombination,0.8
edge_1137,PI,node_0048,node_0601,h_transfer_recombination,recombination,0.8
edge_1138,PI,node_0033,node_0602,dehydrogenative_coupling,recombination,0.8
edge_1139,PI,node_0049,node_0602,dehydrogenative_coupling,recombination,0.8
edge_1140,PI,node_0033,node_0603,h_transfer_recombination,recombination,0.8
edge_1141,PI,node_0050,node_0603,h_transfer_recombination,recombination,0.8
edge_1142,PI,node_0033,node_0604,dehydrogenative_coupling,recombination,0.8
edge_1143,PI,node_0051,node_0604,dehydrogenative_coupling,recombination,0.8
edge_1144,PI,node_0033,node_0605,h_transfer_recombination,recombination,0.8
edge_1145,PI,node_0052,node_0605,h_transfer_recombination,recombination,0.8
edge_1146,PI,node_0033,node_0606,dehydrogenative_coupling,recombination,0.8
edge_1147,PI,node_0053,node_0606,dehydrogenative_coupling,recombination,0.8
edge_1148,PI,node_0033,node_0607,h_transfer_recombination,recombination,0.8
edge_1149,PI,node_0054,node_0607,h_transfer_recombination,recombination,0.8
edge_1150,PI,node_0033,node_0608,dehydrogenative_coupling,recombination,0.8
edge_1151,PI,node_0055,node_0608,dehydrogenative_coupling,recombination,0.8
edge_1152,PI,node_0033,node_0609,h_transfer_recombination,recombination,0.8
edge_1153,PI,node_0056,node_0609,h_transfer_recombination,recombination,0.8
edge_1154,PI,node_0033,node_0610,dehydrogenative_coupling,recombination,0.8
edge_1155,PI,node_0057,node_0610,dehydrogenative_coupling,recombination,0.8
edge_1156,PI,node_0033,node_0611,h_transfer_recombination,recombination,0.8
edge_1157,PI,node_0058,node_0611,h_transfer_recombination,recombination,0.8
edge_1158,PI,node_0033,node_0612,dehydrogenative_coupling,recombination,0.8
edge_1159,PI,node_0059,node_0612,dehydrogenative_coupling,recombination,0.8
edge_1160,PI,node_0033,node_0613,h_transfer_recombination,recombination,0.8
edge_1161,PI,node_0060,node_0613,h_transfer_recombination,recombination,0.8
edge_1162,PI,node_0033,node_0614,dehydrogenative_coupling,recombination,0.8
edge_1163,PI,node_0061,node_0614,dehydrogenative_coupling,recombination,0.8
edge_1164,PI,node_0033,node_0615,h_transfer_recombination,recombination,0.8
edge_1165,PI,node_0062,node_0615,h_transfer_recombination,recombination,0.8
edge_1166,PI,node_0033,node_0616,dehydrogenative_coupling,recombination,0.8
edge_1167,PI,node_0063,node_0616,dehydrogenative_coupling,recombination,0.8
edge_1168,PI,node_0033,node_0617,h_transfer_recombination,recombination,0.8
edge_1169,PI,node_0064,node_0617,h_transfer_recombination,recombination,0.8
edge_1170,PI,node_0034,node_0618,h_transfer_recombination,recombination,0.8
edge_1171,PI,node_0035,node_0618,h_transfer_recombination,recombination,0.8
edge_1172,PI,node_0034,node_0619,h_transfer_recombination,recombination,0.8
edge_1173,PI,node_0037,node_0619,h_transfer_recombination,recombination,0.8
edge_1174,PI,node_0034,node_0620,h_transfer_recombination,recombination,0.8
edge_1175,PI,node_0041,node_0620,h_transfer_recombination,recombination,0.8
edge_1176,PI,node_0034,node_0621,h_transfer_recombination,recombination,0.8
edge_1177,PI,node_0043,node_0621,h_transfer_recombination,recombination,0.8
edge_1178,PI,node_0034,node_0622,h_transfer_recombination,recombination,0.8
edge_1179,PI,node_0045,node_0622,h_transfer_recombination,recombination,0.8
edge_1180,PI,node_0034,node_0623,h_transfer_recombination,recombination,0.8
edge_1181,PI,node_0047,node_0623,h_transfer_recombination,recombination,0.8
edge_1182,PI,node_0034,node_0624,h_transfer_recombination,recombination,0.8
edge_1183,PI,node_0049,node_0624,h_transfer_recombination,recombination,0.8
edge_1184,PI,node_0034,node_0625,h_transfer_recombination,recombination,0.8
edge_1185,PI,node_0051,node_0625,h_transfer_recombination,recombination,0.8
edge_1186,PI,node_0034,node_0626,h_transfer_recombination,recombination,0.8
edge_1187,PI,node_0053,node_0626,h_transfer_recombination,recombination,0.8
edge_1188,PI,node_0034,node_0627,h_transfer_recombination,recombination,0.8
edge_1189,PI,node_0055,node_0627,h_transfer_recombination,recombination,0.8
edge_1190,PI,node_0034,node_0628,h_transfer_recombination,recombination,0.8
edge_1191,PI,node_0057,node_0628,h_transfer_recombination,recombination,0.8
edge_1192,PI,node_0034,node_0629,h_transfer_recombination,recombination,0.8
edge_1193,PI,node_0059,node_0629,h_transfer_recombination,recombination,0.8
edge_1194,PI,node_0034,node_0630,h_transfer_recombination,recombination,0.8
edge_1195,PI,node_0061,node_0630,h_transfer_recombination,recombination,0.8
edge_1196,PI,node_0034,node_0631,h_transfer_recombination,recombination,0.8
edge_1197,PI,node_0063,node_0631,h_transfer_recombination,recombination,0.8
edge_1198,PI,node_0035,node_0632,dehydrogenative_coupling,recombination,0.8
edge_1199,PI,node_0037,node_0632,dehydrogenative_coupling,recombination,0.8
edge_1200,PI,node_0035,node_0633,h_transfer_recombination,recombination,0.8
edge_1201,PI,node_0038,node_0633,h_transfer_recombination,recombination,0.8
edge_1202,PI,node_0035,node_0634,dehydrogenative_coupling,recombination,0.8
edge_1203,PI,node_0041,node_0634,dehydrogenative_coupling,recombination,0.8
edge_1204,PI,node_0035,node_0635,h_transfer_recombination,recombination,0.8
edge_1205,PI,node_0042,node_0635,h_transfer_recombination,recombination,0.8
edge_1206,PI,node_0035,node_0636,dehydrogenative_coupling,recombination,0.8
edge_1207,PI,node_0043,node_0636,dehydrogenative_coupling,recombination,0.8
edge_1208,PI,node_0035,node_0637,h_transfer_recombination,recombination,0.8
edge_1209,PI,node_0044,node_0637,h_transfer_recombination,recombination,0.8
edge_1210,PI,node_0035,node_0638,dehydrogenative_coupling,recombination,0.8
edge_1211,PI,node_0045,node_0638,dehydrogenative_coupling,recombination,0.8
edge_1212,PI,node_0035,node_0639,h_transfer_recombination,recombination,0.8
edge_1213,PI,node_0046,node_0639,h_transfer_recombination,recombination,0.8
edge_1214,PI,node_0035,node_0640,dehydrogenative_coupling,recombination,0.8
edge_1215,PI,node_0047,node_0640,dehydrogenative_coupling,recombination,0.8
edge_1216,PI,node_0035,node_0641,h_transfer_recombination,recombination,0.8
edge_1217,PI,node_0048,node_0641,h_transfer_recombination,recombination,0.8
edge_1218,PI,node_0035,node_0642,dehydrogenative_coupling,recombination,0.8
edge_1219,PI,node_0049,node_0642,dehydrogenative_coupling,recombination,0.8
edge_1220,PI,node_0035,node_0643,h_transfer_recombination,recombination,0.8
edge_1221,PI,node_0050,node_0643,h_transfer_recombination,recombination,0.8
edge_1222,PI,node_0035,node_0644,dehydrogenative_coupling,recombination,0.8
edge_1223,PI,node_0051,node_0644,dehydrogenative_coupling,recombination,0.8
edge_1224,PI,node_0035,node_0645,h_transfer_recombination,recombination,0.8
edge_1225,PI,node_0052,node_0645,h_transfer_recombination,recombination,0.8
edge_1226,PI,node_0035,node_0646,dehydrogenative_coupling,recombination,0.8
edge_1227,PI,node_0053,node_0646,dehydrogenative_coupling,recombination,0.8
edge_1228,PI,node_0035,node_0647,h_transfer_recombination,recombination,0.8
edge_1229,PI,node_0054,node_0647,h_transfer_recombination,recombination,0.8
edge_1230,PI,node_0035,node_0648,dehydrogenative_coupling,recombination,0.8
edge_1231,PI,node_0055,node_0648,dehydrogenative_coupling,recombination,0.8
edge_1232,PI,node_0035,node_0649,h_transfer_recombination,recombination,0.8
edge_1233,PI,node_0056,node_0649,h_transfer_recombination,recombination,0.8
edge_1234,PI,node_0035,node_0650,dehydrogenative_coupling,recombination,0.8
edge_1235,PI,node_0057,node_0650,dehydrogenative_coupling,recombination,0.8
edge_1236,PI,node_0035,node_0651,h_transfer_recombination,recombination,0.8
edge_1237,PI,node_0058,node_0651,h_transfer_recombination,recombination,0.8
edge_1238,PI,node_0035,node_0652,dehydrogenative_coupling,recombination,0.8
edge_1239,PI,node_0059,node_0652,dehydrogenative_coupling,recombination,0.8
edge_1240,PI,node_0035,node_0653,h_transfer_recombination,recombination,0.8
edge_1241,PI,node_0060,node_0653,h_transfer_recombination,recombination,0.8
edge_1242,PI,node_0035,node_0654,dehydrogenative_coupling,recombination,0.8
edge_1243,PI,node_0061,node_0654,dehydrogenative_coupling,recombination,0.8
edge_1244,PI,node_0035,node_0655,h_transfer_recombination,recombination,0.8
edge_1245,PI,node_0062,node_0655,h_transfer_recombination,recombination,0.8
edge_1246,PI,node_0035,node_0656,dehydrogenative_coupling,recombination,0.8
edge_1247,PI,node_0063,node_0656,dehydrogenative_coupling,recombination,0.8
edge_1248,PI,node_0035,node_0657,h_transfer_recombination,recombination,0.8
edge_1249,PI,node_0064,node_0657,h_transfer_recombination,recombination,0.8
edge_1250,PI,node_0036,node_0658,h_transfer_recombination,recombination,0.8
edge_1251,PI,node_0037,node_0658,h_transfer_recombination,recombination,0.8
edge_1252,PI,node_0036,node_0659,h_transfer_recombination,recombination,0.8
edge_1253,PI,node_0041,node_0659,h_transfer_recombination,recombination,0.8
edge_1254,PI,node_0036,node_0660,h_transfer_recombination,recombination,0.8
edge_1255,PI,node_0043,node_0660,h_transfer_recombination,recombination,0.8
edge_1256,PI,node_0036,node_0661,h_transfer_recombination,recombination,0.8
edge_1257,PI,node_0045,node_0661,h_transfer_recombination,recombination,0.8
edge_1258,PI,node_0036,node_0662,h_transfer_recombination,recombination,0.8
edge_1259,PI,node_0047,node_0662,h_transfer_recombination,recombination,0.8
edge_1260,PI,node_0036,node_0663,h_transfer_recombination,recombination,0.8
edge_1261,PI,node_0049,node_0663,h_transfer_recombination,recombination,0.8
edge_1262,PI,node_0036,node_0664,h_transfer_recombination,recombination,0.8
edge_1263,PI,node_0051,node_0664,h_transfer_recombination,recombination,0.8
edge_1264,PI,node_0036,node_0665,h_transfer_recombination,recombination,0.8
edge_1265,PI,node_0053,node_0665,h_transfer_recombination,recombination,0.8
edge_1266,PI,node_0036,node_0666,h_transfer_recombination,recombination,0.8
edge_1267,PI,node_0055,node_0666,h_transfer_recombination,recombination,0.8
edge_1268,PI,node_0036,node_0667,h_transfer_recombination,recombination,0.8
edge_1269,PI,node_0057,node_0667,h_transfer_recombination,recombination,0.8
edge_1270,PI,node_0036,node_0668,h_transfer_recombination,recombination,0.8
edge_1271,PI,node_0059,node_0668,h_transfer_recombination,recombination,0.8
edge_1272,PI,node_0036,node_0669,h_transfer_recombination,recombination,0.8
edge_1273,PI,node_0061,node_0669,h_transfer_recombination,recombination,0.8
edge_1274,PI,node_0036,node_0670,h_transfer_recombination,recombination,0.8
edge_1275,PI,node_0063,node_0670,h_transfer_recombination,recombination,0.8
edge_1276,PI,node_0037,node_0671,dehydrogenative_coupling,recombination,0.8
edge_1277,PI,node_0043,node_0671,dehydrogenative_coupling,recombination,0.8
edge_1278,PI,node_0037,node_0672,h_transfer_recombination,recombination,0.8
edge_1279,PI,node_0044,node_0672,h_transfer_recombination,recombination,0.8
edge_1280,PI,node_0037,node_0673,dehydrogenative_coupling,recombination,0.8
edge_1281,PI,node_0045,node_0673,dehydrogenative_coupling,recombination,0.8
edge_1282,PI,node_0037,node_0674,h_transfer_recombination,recombination,0.8
edge_1283,PI,node_0046,node_0674,h_transfer_recombination,recombination,0.8
edge_1284,PI,node_0037,node_0675,dehydrogenative_coupling,recombination,0.8
edge_1285,PI,node_0047,node_0675,dehydrogenative_coupling,recombination,0.8
edge_1286,PI,node_0037,node_0676,h_transfer_recombination,recombination,0.8
edge_1287,PI,node_0048,node_0676,h_transfer_recombination,recombination,0.8
edge_1288,PI,node_0037,node_0677,dehydrogenative_coupling,recombination,0.8
edge_1289,PI,node_0049,node_0677,dehydrogenative_coupling,recombination,0.8
edge_1290,PI,node_0037,node_0678,h_transfer_recombination,recombination,0.8
edge_1291,PI,node_0050,node_0678,h_transfer_recombination,recombination,0.8
edge_1292,PI,node_0037,node_0679,dehydrogenative_coupling,recombination,0.8
edge_1293,PI,node_0051,node_0679,dehydrogenative_coupling,recombination,0.8
edge_1294,PI,node_0037,node_0680,h_transfer_recombination,recombination,0.8
edge_1295,PI,node_0052,node_0680,h_transfer_recombination,recombination,0.8
edge_1296,PI,node_0037,node_0681,dehydrogenative_coupling,recombination,0.8
edge_1297,PI,node_0055,node_0681,dehydrogenative_coupling,recombination,0.8
edge_1298,PI,node_0037,node_0682,h_transfer_recombination,recombination,0.8
edge_1299,PI,node_0056,node_0682,h_transfer_recombination,recombination,0.8
edge_1300,PI,node_0037,node_0683,dehydrogenative_coupling,recombination,0.8
edge_1301,PI,node_0057,node_0683,dehydrogenative_coupling,recombination,0.8
edge_1302,PI,node_0037,node_0684,h_transfer_recombination,recombination,0.8
edge_1303,PI,node_0058,node_0684,h_transfer_recombination,recombination,0.8
edge_1304,PI,node_0037,node_0685,dehydrogenative_coupling,recombination,0.8
edge_1305,PI,node_0063,node_0685,dehydrogenative_coupling,recombination,0.8
edge_1306,PI,node_0037,node_0686,h_transfer_recombination,recombination,0.8
edge_1307,PI,node_0064,node_0686,h_transfer_recombination,recombination,0.8
edge_1308,PI,node_0038,node_0687,h_transfer_recombination,recombination,0.8
edge_1309,PI,node_0043,node_0687,h_transfer_recombination,recombination,0.8
edge_1310,PI,node_0038,node_0688,h_transfer_recombination,recombination,0.8
edge_1311,PI,node_0045,node_0688,h_transfer_recombination,recombination,0.8
edge_1312,PI,node_0038,node_0689,h_transfer_recombination,recombination,0.8
edge_1313,PI,node_0047,node_0689,h_transfer_recombination,recombination,0.8
edge_1314,PI,node_0038,node_0690,h_transfer_recombination,recombination,0.8
edge_1315,PI,node_0049,node_0690,h_transfer_recombination,recombination,0.8
edge_1316,PI,node_0038,node_0691,h_transfer_recombination,recombination,0.8
edge_1317,PI,node_0051,node_0691,h_transfer_recombination,recombination,0.8
edge_1318,PI,node_0038,node_0692,h_transfer_recombination,recombination,0.8
edge_1319,PI,node_0055,node_0692,h_transfer_recombination,recombination,0.8
edge_1320,PI,node_0038,node_0693,h_transfer_recombination,recombination,0.8
edge_1321,PI,node_0057,node_0693,h_transfer_recombination,recombination,0.8
edge_1322,PI,node_0038,node_0694,h_transfer_recombination,recombination,0.8
edge_1323,PI,node_0063,node_0694,h_transfer_recombination,recombination,0.8
edge_1324,PI,node_0041,node_0695,dehydrogenative_coupling,recombination,0.8
edge_1325,PI,node_0043,node_0695,dehydrogenative_coupling,recombination,0.8
edge_1326,PI,node_0041,node_0696,h_transfer_recombination,recombination,0.8
edge_1327,PI,node_0044,node_0696,h_transfer_recombination,recombination,0.8
edge_1328,PI,node_0041,node_0697,dehydrogenative_coupling,recombination,0.8
edge_1329,PI,node_0045,node_0697,dehydrogenative_coupling,recombination,0.8
edge_1330,PI,node_0041,node_0698,h_transfer_recombination,recombination,0.8
edge_1331,PI,node_0046,node_0698,h_transfer_recombination,recombination,0.8
edge_1332,PI,node_0041,node_0699,dehydrogenative_coupling,recombination,0.8
edge_1333,PI,node_0047,node_0699,dehydrogenative_coupling,recombination,0.8
edge_1334,PI,node_0041,node_0700,h_transfer_recombination,recombination,0.8
edge_1335,PI,node_0048,node_0700,h_transfer_recombination,recombination,0.8
edge_1336,PI,node_0041,node_0701,dehydrogenative_coupling,recombination,0.8
edge_1337,PI,node_0049,node_0701,dehydrogenative_coupling,recombination,0.8
edge_1338,PI,node_0041,node_0702,h_transfer_recombination,recombination,0.8
edge_1339,PI,node_0050,node_0702,h_transfer_recombination,recombination,0.8
edge_1340,PI,node_0041,node_0703,dehydrogenative_coupling,recombination,0.8
edge_1341,PI,node_0051,node_0703,dehydrogenative_coupling,recombination,0.8
edge_1342,PI,node_0041,node_0704,h_transfer_recombination,recombination,0.8
edge_1343,PI,node_0052,node_0704,h_transfer_recombination,recombination,0.8
edge_1344,PI,node_0041,node_0705,dehydrogenative_coupling,recombination,0.8
edge_1345,PI,node_0055,node_0705,dehydrogenative_coupling,recombination,0.8
edge_1346,PI,node_0041,node_0706,h_transfer_recombination,recombination,0.8
edge_1347,PI,node_0056,node_0706,h_transfer_recombination,recombination,0.8
edge_1348,PI,node_0041,node_0707,dehydrogenative_coupling,recombination,0.8
edge_1349,PI,node_0057,node_0707,dehydrogenative_coupling,recombination,0.8
edge_1350,PI,node_0041,node_0708,h_transfer_recombination,recombination,0.8
edge_1351,PI,node_0058,node_0708,h_transfer_recombination,recombination,0.8
edge_1352,PI,node_0041,node_0709,dehydrogenative_coupling,recombination,0.8
edge_1353,PI,node_0063,node_0709,dehydrogenative_coupling,recombination,0.8
edge_1354,PI,node_0041,node_0710,h_transfer_recombination,recombination,0.8
edge_1355,PI,node_0064,node_0710,h_transfer_recombination,recombination,0.8
edge_1356,PI,node_0042,node_0711,h_transfer_recombination,recombination,0.8
edge_1357,PI,node_0043,node_0711,h_transfer_recombination,recombination,0.8
edge_1358,PI,node_0042,node_0712,h_transfer_recombination,recombination,0.8
edge_1359,PI,node_0045,node_0712,h_transfer_recombination,recombination,0.8
edge_1360,PI,node_0042,node_0713,h_transfer_recombination,recombination,0.8
edge_1361,PI,node_0047,node_0713,h_transfer_recombination,recombination,0.8
edge_1362,PI,node_0042,node_0714,h_transfer_recombination,recombination,0.8
edge_1363,PI,node_0049,node_0714,h_transfer_recombination,recombination,0.8
edge_1364,PI,node_0042,node_0715,h_transfer_recombination,recombination,0.8
edge_1365,PI,node_0051,node_0715,h_transfer_recombination,recombination,0.8
edge_1366,PI,node_0042,node_0716,h_transfer_recombination,recombination,0.8
edge_1367,PI,node_0055,node_0716,h_transfer_recombination,recombination,0.8
edge_1368,PI,node_0042,node_0717,h_transfer_recombination,recombination,0.8
edge_1369,PI,node_0057,node_0717,h_transfer_recombination,recombination,0.8
edge_1370,PI,node_0042,node_0718,h_transfer_recombination,recombination,0.8
edge_1371,PI,node_0063,node_0718,h_transfer_recombination,recombination,0.8
edge_1372,PI,node_0043,node_0719,dehydrogenative_coupling,recombination,0.8
edge_1373,PI,node_0045,node_0719,dehydrogenative_coupling,recombination,0.8
edge_1374,PI,node_0043,node_0720,h_transfer_recombination,recombination,0.8
edge_1375,PI,node_0046,node_0720,h_transfer_recombination,recombination,0.8
edge_1376,PI,node_0043,node_0721,dehydrogenative_coupling,recombination,0.8
edge_1377,PI,node_0047,node_0721,dehydrogenative_coupling,recombination,0.8
edge_1378,PI,node_0043,node_0722,h_transfer_recombination,recombination,0.8
edge_1379,PI,node_0048,node_0722,h_transfer_recombination,recombination,0.8
edge_1380,PI,node_0043,node_0723,dehydrogenative_coupling,recombination,0.8
edge_1381,PI,node_0049,node_0723,dehydrogenative_coupling,recombination,0.8
edge_1382,PI,node_0043,node_0724,h_transfer_recombination,recombination,0.8
edge_1383,PI,node_0050,node_0724,h_transfer_recombination,recombination,0.8
edge_1384,PI,node_0043,node_0725,dehydrogenative_coupling,recombination,0.8
edge_1385,PI,node_0051,node_0725,dehydrogenative_coupling,recombination,0.8
edge_1386,PI,node_0043,node_0726,h_transfer_recombination,recombination,0.8
edge_1387,PI,node_0052,node_0726,h_transfer_recombination,recombination,0.8
edge_1388,PI,node_0043,node_0727,dehydrogenative_coupling,recombination,0.8
edge_1389,PI,node_0053,node_0727,dehydrogenative_coupling,recombination,0.8
edge_1390,PI,node_0043,node_0728,h_transfer_recombination,recombination,0.8
edge_1391,PI,node_0054,node_0728,h_transfer_recombination,recombination,0.8
edge_1392,PI,node_0043,node_0729,dehydrogenative_coupling,recombination,0.8
edge_1393,PI,node_0055,node_0729,dehydrogenative_coupling,recombination,0.8
edge_1394,PI,node_0043,node_0730,h_transfer_recombination,recombination,0.8
edge_1395,PI,node_0056,node_0730,h_transfer_recombination,recombination,0.8
edge_1396,PI,node_0043,node_0731,dehydrogenative_coupling,recombination,0.8
edge_1397,PI,node_0057,node_0731,dehydrogenative_coupling,recombination,0.8
edge_1398,PI,node_0043,node_0732,h_transfer_recombination,recombination,0.8
edge_1399,PI,node_0058,node_0732,h_transfer_recombination,recombination,0.8
edge_1400,PI,node_0043,node_0733,dehydrogenative_coupling,recombination,0.8
edge_1401,PI,node_0059,node_0733,dehydrogenative_coupling,recombination,0.8
edge_1402,PI,node_0043,node_0734,h_transfer_recombination,recombination,0.8
edge_1403,PI,node_0060,node_0734,h_transfer_recombination,recombination,0.8
edge_1404,PI,node_0043,node_0735,dehydrogenative_coupling,recombination,0.8
edge_1405,PI,node_0061,node_0735,dehydrogenative_coupling,recombination,0.8
edge_1406,PI,node_0043,node_0736,h_transfer_recombination,recombination,0.8
edge_1407,PI,node_0062,node_0736,h_transfer_recombination,recombination,0.8
edge_1408,PI,node_0043,node_0737,dehydrogenative_coupling,recombination,0.8
edge_1409,PI,node_0063,node_0737,dehydrogenative_coupling,recombination,0.8
edge_1410,PI,node_0043,node_0738,h_transfer_recombination,recombination,0.8
edge_1411,PI,node_0064,node_0738,h_transfer_recombination,recombination,0.8
edge_1412,PI,node_0044,node_0739,h_transfer_recombination,recombination,0.8
edge_1413,PI,node_0045,node_0739,h_transfer_recombination,recombination,0.8
edge_1414,PI,node_0044,node_0740,h_transfer_recombination,recombination,0.8
edge_1415,PI,node_0047,node_0740,h_transfer_recombination,recombination,0.8
edge_1416,PI,node_0044,node_0741,h_transfer_recombination,recombination,0.8
edge_1417,PI,node_0049,node_0741,h_transfer_recombination,recombination,0.8
edge_1418,PI,node_0044,node_0742,h_transfer_recombination,recombination,0.8
edge_1419,PI,node_0051,node_0742,h_transfer_recombination,recombination,0.8
edge_1420,PI,node_0044,node_0743,h_transfer_recombination,recombination,0.8
edge_1421,PI,node_0053,node_0743,h_transfer_recombination,recombination,0.8
edge_1422,PI,node_0044,node_0744,h_transfer_recombination,recombination,0.8
edge_1423,PI,node_0055,node_0744,h_transfer_recombination,recombination,0.8
edge_1424,PI,node_0044,node_0745,h_transfer_recombination,recombination,0.8
edge_1425,PI,node_0057,node_0745,h_transfer_recombination,recombination,0.8
edge_1426,PI,node_0044,node_0746,h_transfer_recombination,recombination,0.8
edge_1427,PI,node_0059,node_0746,h_transfer_recombination,recombination,0.8
edge_1428,PI,node_0044,node_0747,h_transfer_recombination,recombination,0.8
edge_1429,PI,node_0061,node_0747,h_transfer_recombination,recombination,0.8
edge_1430,PI,node_0044,node_0748,h_transfer_recombination,recombination,0.8
edge_1431,PI,node_0063,node_0748,h_transfer_recombination,recombination,0.8
edge_1432,PI,node_0045,node_0749,dehydrogenative_coupling,recombination,0.8
edge_1433,PI,node_0047,node_0749,dehydrogenative_coupling,recombination,0.8
edge_1434,PI,node_0045,node_0750,h_transfer_recombination,recombination,0.8
edge_1435,PI,node_0048,node_0750,h_transfer_recombination,recombination,0.8
edge_1436,PI,node_0045,node_0751,dehydrogenative_coupling,recombination,0.8
edge_1437,PI,node_0049,node_0751,dehydrogenative_coupling,recombination,0.8
edge_1438,PI,node_0045,node_0752,h_transfer_recombination,recombination,0.8
edge_1439,PI,node_0050,node_0752,h_transfer_recombination,recombination,0.8
edge_1440,PI,node_0045,node_0753,dehydrogenative_coupling,recombination,0.8
edge_1441,PI,node_0051,node_0753,dehydrogenative_coupling,recombination,0.8
edge_1442,PI,node_0045,node_0754,h_transfer_recombination,recombination,0.8
edge_1443,PI,node_0052,node_0754,h_transfer_recombination,recombination,0.8
edge_1444,PI,node_0045,node_0755,dehydrogenative_coupling,recombination,0.8
edge_1445,PI,node_0053,node_0755,dehydrogenative_coupling,recombination,0.8
edge_1446,PI,node_0045,node_0756,h_transfer_recombination,recombination,0.8
edge_1447,PI,node_0054,node_0756,h_transfer_recombination,recombination,0.8
edge_1448,PI,node_0045,node_0757,dehydrogenative_coupling,recombination,0.8
edge_1449,PI,node_0055,node_0757,dehydrogenative_coupling,recombination,0.8
edge_1450,PI,node_0045,node_0758,h_transfer_recombination,recombination,0.8
edge_1451,PI,node_0056,node_0758,h_transfer_recombination,recombination,0.8
edge_1452,PI,node_0045,node_0759,dehydrogenative_coupling,recombination,0.8
edge_1453,PI,node_0057,node_0759,dehydrogenative_coupling,recombination,0.8
edge_1454,PI,node_0045,node_0760,h_transfer_recombination,recombination,0.8
edge_1455,PI,node_0058,node_0760,h_transfer_recombination,recombination,0.8
edge_1456,PI,node_0045,node_0761,dehydrogenative_coupling,recombination,0.8
edge_1457,PI,node_0059,node_0761,dehydrogenative_coupling,recombination,0.8
edge_1458,PI,node_0045,node_0762,h_transfer_recombination,recombination,0.8
edge_1459,PI,node_0060,node_0762,h_transfer_recombination,recombination,0.8
edge_1460,PI,node_0045,node_0763,dehydrogenative_coupling,recombination,0.8
edge_1461,PI,node_0061,node_0763,dehydrogenative_coupling,recombination,0.8
edge_1462,PI,node_0045,node_0764,h_transfer_recombination,recombination,0.8
edge_1463,PI,node_0062,node_0764,h_transfer_recombination,recombination,0.8
edge_1464,PI,node_0045,node_0765,dehydrogenative_coupling,recombination,0.8
edge_1465,PI,node_0063,node_0765,dehydrogenative_coupling,recombination,0.8
edge_1466,PI,node_0045,node_0766,h_transfer_recombination,recombination,0.8
edge_1467,PI,node_0064,node_0766,h_transfer_recombination,recombination,0.8
edge_1468,PI,node_0046,node_0767,h_transfer_recombination,recombination,0.8
edge_1469,PI,node_0047,node_0767,h_transfer_recombination,recombination,0.8
edge_1470,PI,node_0046,node_0768,h_transfer_recombination,recombination,0.8
edge_1471,PI,node_0049,node_0768,h_transfer_recombination,recombination,0.8
edge_1472,PI,node_0046,node_0769,h_transfer_recombination,recombination,0.8
edge_1473,PI,node_0051,node_0769,h_transfer_recombination,recombination,0.8
edge_1474,PI,node_0046,node_0770,h_transfer_recombination,recombination,0.8
edge_1475,PI,node_0053,node_0770,h_transfer_recombination,recombination,0.8
edge_1476,PI,node_0046,node_0771,h_transfer_recombination,recombination,0.8
edge_1477,PI,node_0055,node_0771,h_transfer_recombination,recombination,0.8
edge_1478,PI,node_0046,node_0772,h_transfer_recombination,recombination,0.8
edge_1479,PI,node_0057,node_0772,h_transfer_recombination,recombination,0.8
edge_1480,PI,node_0046,node_0773,h_transfer_recombination,recombination,0.8
edge_1481,PI,node_0059,node_0773,h_transfer_recombination,recombination,0.8
edge_1482,PI,node_0046,node_0774,h_transfer_recombination,recombination,0.8
edge_1483,PI,node_0061,node_0774,h_transfer_recombination,recombination,0.8
edge_1484,PI,node_0046,node_0775,h_transfer_recombination,recombination,0.8
edge_1485,PI,node_0063,node_0775,h_transfer_recombination,recombination,0.8
edge_1486,PI,node_0047,node_0776,dehydrogenative_coupling,recombination,0.8
edge_1487,PI,node_0049,node_0776,dehydrogenative_coupling,recombination,0.8
edge_1488,PI,node_0047,node_0777,h_transfer_recombination,recombination,0.8
edge_1489,PI,node_0050,node_0777,h_transfer_recombination,recombination,0.8
edge_1490,PI,node_0047,node_0778,dehydrogenative_coupling,recombination,0.8
edge_1491,PI,node_0051,node_0778,dehydrogenative_coupling,recombination,0.8
edge_1492,PI,node_0047,node_0779,h_transfer_recombination,recombination,0.8
edge_1493,PI,node_0052,node_0779,h_transfer_recombination,recombination,0.8
edge_1494,PI,node_0047,node_0780,dehydrogenative_coupling,recombination,0.8
edge_1495,PI,node_0053,node_0780,dehydrogenative_coupling,recombination,0.8
edge_1496,PI,node_0047,node_0781,h_transfer_recombination,recombination,0.8
edge_1497,PI,node_0054,node_0781,h_transfer_recombination,recombination,0.8
edge_1498,PI,node_0047,node_0782,dehydrogenative_coupling,recombination,0.8
edge_1499,PI,node_0055,node_0782,dehydrogenative_coupling,recombination,0.8
edge_1500,PI,node_0047,node_0783,h_transfer_recombination,recombination,0.8
edge_1501,PI,node_0056,node_0783,h_transfer_recombination,recombination,0.8
edge_1502,PI,node_0047,node_0784,dehydrogenative_coupling,recombination,0.8
edge_1503,PI,node_0057,node_0784,dehydrogenative_coupling,recombination,0.8
edge_1504,PI,node_0047,node_0785,h_transfer_recombination,recombination,0.8
edge_1505,PI,node_0058,node_0785,h_transfer_recombination,recombination,0.8
edge_1506,PI,node_0047,node_0786,dehydrogenative_coupling,recombination,0.8
edge_1507,PI,node_0059,node_0786,dehydrogenative_coupling,recombination,0.8
edge_1508,PI,node_0047,node_0787,h_transfer_recombination,recombination,0.8
edge_1509,PI,node_0060,node_0787,h_transfer_recombination,recombination,0.8
edge_1510,PI,node_0047,node_0788,dehydrogenative_coupling,recombination,0.8
edge_1511,PI,node_0061,node_0788,dehydrogenative_coupling,recombination,0.8
edge_1512,PI,node_0047,node_0789,h_transfer_recombination,recombination,0.8
edge_1513,PI,node_0062,node_0789,h_transfer_recombination,recombination,0.8
edge_1514,PI,node_0047,node_0790,dehydrogenative_coupling,recombination,0.8
edge_1515,PI,node_0063,node_0790,dehydrogenative_coupling,recombination,0.8
edge_1516,PI,node_0047,node_0791,h_transfer_recombination,recombination,0.8
edge_1517,PI,node_0064,node_0791,h_transfer_recombination,recombination,0.8
edge_1518,PI,node_0048,node_0792,h_transfer_recombination,recombination,0.8
edge_1519,PI,node_0049,node_0792,h_transfer_recombination,recombination,0.8
edge_1520,PI,node_0048,node_0793,h_transfer_recombination,recombination,0.8
edge_1521,PI,node_0051,node_0793,h_transfer_recombination,recombination,0.8
edge_1522,PI,node_0048,node_0794,h_transfer_recombination,recombination,0.8
edge_1523,PI,node_0053,node_0794,h_transfer_recombination,recombination,0.8
edge_1524,PI,node_0048,node_0795,h_transfer_recombination,recombination,0.8
edge_1525,PI,node_0055,node_0795,h_transfer_recombination,recombination,0.8
edge_1526,PI,node_0048,node_0796,h_transfer_recombination,recombination,0.8
edge_1527,PI,node_0057,node_0796,h_transfer_recombination,recombination,0.8
edge_1528,PI,node_0048,node_0797,h_transfer_recombination,recombination,0.8
edge_1529,PI,node_0059,node_0797,h_transfer_recombination,recombination,0.8
edge_1530,PI,node_0048,node_0798,h_transfer_recombination,recombination,0.8
edge_1531,PI,node_0061,node_0798,h_transfer_recombination,recombination,0.8
edge_1532,PI,node_0048,node_0799,h_transfer_recombination,recombination,0.8
edge_1533,PI,node_0063,node_0799,h_transfer_recombination,recombination,0.8
edge_1534,PI,node_0049,node_0800,dehydrogenative_coupling,recombination,0.8
edge_1535,PI,node_0051,node_0800,dehydrogenative_coupling,recombination,0.8
edge_1536,PI,node_0049,node_0801,h_transfer_recombination,recombination,0.8
edge_1537,PI,node_0052,node_0801,h_transfer_recombination,recombination,0.8
edge_1538,PI,node_0049,node_0802,dehydrogenative_coupling,recombination,0.8
edge_1539,PI,node_0053,node_0802,dehydrogenative_coupling,recombination,0.8
edge_1540,PI,node_0049,node_0803,h_transfer_recombination,recombination,0.8
edge_1541,PI,node_0054,node_0803,h_transfer_recombination,recombination,0.8
edge_1542,PI,node_0049,node_0804,dehydrogenative_coupling,recombination,0.8
edge_1543,PI,node_0055,node_0804,dehydrogenative_coupling,recombination,0.8
edge_1544,PI,node_0049,node_0805,h_transfer_recombination,recombination,0.8
edge_1545,PI,node_0056,node_0805,h_transfer_recombination,recombination,0.8
edge_1546,PI,node_0049,node_0806,dehydrogenative_coupling,recombination,0.8
edge_1547,PI,node_0057,node_0806,dehydrogenative_coupling,recombination,0.8
edge_1548,PI,node_0049,node_0807,h_transfer_recombination,recombination,0.8
edge_1549,PI,node_0058,node_0807,h_transfer_recombination,recombination,0.8
edge_1550,PI,node_0049,node_0808,dehydrogenative_coupling,recombination,0.8
edge_1551,PI,node_0059,node_0808,dehydrogenative_coupling,recombination,0.8
edge_1552,PI,node_0049,node_0809,h_transfer_recombination,recombination,0.8
edge_1553,PI,node_0060,node_0809,h_transfer_recombination,recombination,0.8
edge_1554,PI,node_0049,node_0810,dehydrogenative_coupling,recombination,0.8
edge_1555,PI,node_0061,node_0810,dehydrogenative_coupling,recombination,0.8
edge_1556,PI,node_0049,node_0811,h_transfer_recombination,recombination,0.8
edge_1557,PI,node_0062,node_0811,h_transfer_recombination,recombination,0.8
edge_1558,PI,node_0049,node_0812,dehydrogenative_coupling,recombination,0.8
edge_1559,PI,node_0063,node_0812,dehydrogenative_coupling,recombination,0.8
edge_1560,PI,node_0049,node_0813,h_transfer_recombination,recombination,0.8
edge_1561,PI,node_0064,node_0813,h_transfer_recombination,recombination,0.8
edge_1562,PI,node_0050,node_0814,h_transfer_recombination,recombination,0.8
edge_1563,PI,node_0051,node_0814,h_transfer_recombination,recombination,0.8
edge_1564,PI,node_0050,node_0815,h_transfer_recombination,recombination,0.8
edge_1565,PI,node_0053,node_0815,h_transfer_recombination,recombination,0.8
edge_1566,PI,node_0050,node_0816,h_transfer_recombination,recombination,0.8
edge_1567,PI,node_0055,node_0816,h_transfer_recombination,recombination,0.8
edge_1568,PI,node_0050,node_0817,h_transfer_recombination,recombination,0.8
edge_1569,PI,node_0057,node_0817,h_transfer_recombination,recombination,0.8
edge_1570,PI,node_0050,node_0818,h_transfer_recombination,recombination,0.8
edge_1571,PI,node_0059,node_0818,h_transfer_recombination,recombination,0.8
edge_1572,PI,node_0050,node_0819,h_transfer_recombination,recombination,0.8
edge_1573,PI,node_0061,node_0819,h_transfer_recombination,recombination,0.8
edge_1574,PI,node_0050,node_0820,h_transfer_recombination,recombination,0.8
edge_1575,PI,node_0063,node_0820,h_transfer_recombination,recombination,0.8
edge_1576,PI,node_0051,node_0821,dehydrogenative_coupling,recombination,0.8
edge_1577,PI,node_0053,node_0821,dehydrogenative_coupling,recombination,0.8
edge_1578,PI,node_0051,node_0822,h_transfer_recombination,recombination,0.8
edge_1579,PI,node_0054,node_0822,h_transfer_recombination,recombination,0.8
edge_1580,PI,node_0051,node_0823,dehydrogenative_coupling,recombination,0.8
edge_1581,PI,node_0055,node_0823,dehydrogenative_coupling,recombination,0.8
edge_1582,PI,node_0051,node_0824,h_transfer_recombination,recombination,0.8
edge_1583,PI,node_0056,node_0824,h_transfer_recombination,recombination,0.8
edge_1584,PI,node_0051,node_0825,dehydrogenative_coupling,recombination,0.8
edge_1585,PI,node_0057,node_0825,dehydrogenative_coupling,recombination,0.8
edge_1586,PI,node_0051,node_0826,h_transfer_recombination,recombination,0.8
edge_1587,PI,node_0058,node_0826,h_transfer_recombination,recombination,0.8
edge_1588,PI,node_0051,node_0827,dehydrogenative_coupling,recombination,0.8
edge_1589,PI,node_0059,node_0827,dehydrogenative_coupling,recombination,0.8
edge_1590,PI,node_0051,node_0828,h_transfer_recombination,recombination,0.8
edge_1591,PI,node_0060,node_0828,h_transfer_recombination,recombination,0.8
edge_1592,PI,node_0051,node_0829,dehydrogenative_coupling,recombination,0.8
edge_1593,PI,node_0061,node_0829,dehydrogenative_coupling,recombination,0.8
edge_1594,PI,node_0051,node_0830,h_transfer_recombination,recombination,0.8
edge_1595,PI,node_0062,node_0830,h_transfer_recombination,recombination,0.8
edge_1596,PI,node_0051,node_0831,dehydrogenative_coupling,recombination,0.8
edge_1597,PI,node_0063,node_0831,dehydrogenative_coupling,recombination,0.8
edge_1598,PI,node_0051,node_0832,h_transfer_recombination,recombination,0.8
edge_1599,PI,node_0064,node_0832,h_transfer_recombination,recombination,0.8
edge_1600,PI,node_0052,node_0833,h_transfer_recombination,recombination,0.8
edge_1601,PI,node_0053,node_0833,h_transfer_recombination,recombination,0.8
edge_1602,PI,node_0052,node_0834,h_transfer_recombination,recombination,0.8
edge_1603,PI,node_0055,node_0834,h_transfer_recombination,recombination,0.8
edge_1604,PI,node_0052,node_0835,h_transfer_recombination,recombination,0.8
edge_1605,PI,node_0057,node_0835,h_transfer_recombination,recombination,0.8
edge_1606,PI,node_0052,node_0836,h_transfer_recombination,recombination,0.8
edge_1607,PI,node_0059,node_0836,h_transfer_recombination,recombination,0.8
edge_1608,PI,node_0052,node_0837,h_transfer_recombination,recombination,0.8
edge_1609,PI,node_0061,node_0837,h_transfer_recombination,recombination,0.8
edge_1610,PI,node_0052,node_0838,h_transfer_recombination,recombination,0.8
edge_1611,PI,node_0063,node_0838,h_transfer_recombination,recombination,0.8
edge_1612,PI,node_0053,node_0839,dehydrogenative_coupling,recombination,0.8
edge_1613,PI,node_0055,node_0839,dehydrogenative_coupling,recombination,0.8
edge_1614,PI,node_0053,node_0840,h_transfer_recombination,recombination,0.8
edge_1615,PI,node_0056,node_0840,h_transfer_recombination,recombination,0.8
edge_1616,PI,node_0053,node_0841,dehydrogenative_coupling,recombination,0.8
edge_1617,PI,node_0057,node_0841,dehydrogenative_coupling,recombination,0.8
edge_1618,PI,node_0053,node_0842,h_transfer_recombination,recombination,0.8
edge_1619,PI,node_0058,node_0842,h_transfer_recombination,recombination,0.8
edge_1620,PI,node_0053,node_0843,dehydrogenative_coupling,recombination,0.8
edge_1621,PI,node_0063,node_0843,dehydrogenative_coupling,recombination,0.8
edge_1622,PI,node_0053,node_0844,h_transfer_recombination,recombination,0.8
edge_1623,PI,node_0064,node_0844,h_transfer_recombination,recombination,0.8
edge_1624,PI,node_0054,node_0845,h_transfer_recombination,recombination,0.8
edge_1625,PI,node_0055,node_0845,h_transfer_recombination,recombination,0.8
edge_1626,PI,node_0054,node_0846,h_transfer_recombination,recombination,0.8
edge_1627,PI,node_0057,node_0846,h_transfer_recombination,recombination,0.8
edge_1628,PI,node_0054,node_0847,h_transfer_recombination,recombination,0.8
edge_1629,PI,node_0063,node_0847,h_transfer_recombination,recombination,0.8
edge_1630,PI,node_0055,node_0848,dehydrogenative_coupling,recombination,0.8
edge_1631,PI,node_0057,node_0848,dehydrogenative_coupling,recombination,0.8
edge_1632,PI,node_0055,node_0849,h_transfer_recombination,recombination,0.8
edge_1633,PI,node_0058,node_0849,h_transfer_recombination,recombination,0.8
edge_1634,PI,node_0055,node_0850,dehydrogenative_coupling,recombination,0.8
edge_1635,PI,node_0059,node_0850,dehydrogenative_coupling,recombination,0.8
edge_1636,PI,node_0055,node_0851,h_transfer_recombination,recombination,0.8
edge_1637,PI,node_0060,node_0851,h_transfer_recombination,recombination,0.8
edge_1638,PI,node_0055,node_0852,dehydrogenative_coupling,recombination,0.8
edge_1639,PI,node_0061,node_0852,dehydrogenative_coupling,recombination,0.8
edge_1640,PI,node_0055,node_0853,h_transfer_recombination,recombination,0.8
edge_1641,PI,node_0062,node_0853,h_transfer_recombination,recombination,0.8
edge_1642,PI,node_0055,node_0854,dehydrogenative_coupling,recombination,0.8
edge_1643,PI,node_0063,node_0854,dehydrogenative_coupling,recombination,0.8
edge_1644,PI,node_0055,node_0855,h_transfer_recombination,recombination,0.8
edge_1645,PI,node_0064,node_0855,h_transfer_recombination,recombination,0.8
edge_1646,PI,node_0056,node_0856,h_transfer_recombination,recombination,0.8
edge_1647,PI,node_0057,node_0856,h_transfer_recombination,recombination,0.8
edge_1648,PI,node_0056,node_0857,h_transfer_recombination,recombination,0.8
edge_1649,PI,node_0059,node_0857,h_transfer_recombination,recombination,0.8
edge_1650,PI,node_0056,node_0858,h_transfer_recombination,recombination,0.8
edge_1651,PI,node_0061,node_0858,h_transfer_recombination,recombination,0.8
edge_1652,PI,node_0056,node_0859,h_transfer_recombination,recombination,0.8
edge_1653,PI,node_0063,node_0859,h_transfer_recombination,recombination,0.8
edge_1654,PI,node_0057,node_0860,dehydrogenative_coupling,recombination,0.8
edge_1655,PI,node_0059,node_0860,dehydrogenative_coupling,recombination,0.8
edge_1656,PI,node_0057,node_0861,h_transfer_recombination,recombination,0.8
edge_1657,PI,node_0060,node_0861,h_transfer_recombination,recombination,0.8
edge_1658,PI,node_0057,node_0862,dehydrogenative_coupling,recombination,0.8
edge_1659,PI,node_0061,node_0862,dehydrogenative_coupling,recombination,0.8
edge_1660,PI,node_0057,node_0863,h_transfer_recombination,recombination,0.8
edge_1661,PI,node_0062,node_0863,h_transfer_recombination,recombination,0.8
edge_1662,PI,node_0057,node_0864,dehydrogenative_coupling,recombination,0.8
edge_1663,PI,node_0063,node_0864,dehydrogenative_coupling,recombination,0.8
edge_1664,PI,node_0057,node_0865,h_transfer_recombination,recombination,0.8
edge_1665,PI,node_0064,node_0865,h_transfer_recombination,recombination,0.8
edge_1666,PI,node_0058,node_0866,h_transfer_recombination,recombination,0.8
edge_1667,PI,node_0059,node_0866,h_transfer_recombination,recombination,0.8
edge_1668,PI,node_0058,node_0867,h_transfer_recombination,recombination,0.8
edge_1669,PI,node_0061,node_0867,h_transfer_recombination,recombination,0.8
edge_1670,PI,node_0058,node_0868,h_transfer_recombination,recombination,0.8
edge_1671,PI,node_0063,node_0868,h_transfer_recombination,recombination,0.8
edge_1672,PI,node_0059,node_0869,dehydrogenative_coupling,recombination,0.8
edge_1673,PI,node_0063,node_0869,dehydrogenative_coupling,recombination,0.8
edge_1674,PI,node_0059,node_0870,h_transfer_recombination,recombination,0.8
edge_1675,PI,node_0064,node_0870,h_transfer_recombination,recombination,0.8
edge_1676,PI,node_0060,node_0871,h_transfer_recombination,recombination,0.8
edge_1677,PI,node_0063,node_0871,h_transfer_recombination,recombination,0.8
edge_1678,PI,node_0061,node_0872,dehydrogenative_coupling,recombination,0.8
edge_1679,PI,node_0063,node_0872,dehydrogenative_coupling,recombination,0.8
edge_1680,PI,node_0061,node_0873,h_transfer_recombination,recombination,0.8
edge_1681,PI,node_0064,node_0873,h_transfer_recombination,recombination,0.8
edge_1682,PI,node_0062,node_0874,h_transfer_recombination,recombination,0.8
edge_1683,PI,node_0063,node_0874,h_transfer_recombination,recombination,0.8
edge_1684,PI,node_0001,node_0875,aromatic_C6H5,feature_rule,0.7
edge_1685,PI,node_0001,node_0876,aromatic_C6H5,feature_rule,0.7
edge_1686,PI,node_0001,node_0877,aromatic_C7H7,feature_rule,0.7
edge_1687,PI,node_0001,node_0878,aromatic_C6H5O,feature_rule,0.7
edge_1688,PI,node_0001,node_0879,aromatic_C6H5O,feature_rule,0.7
edge_1689,PI,node_0001,node_0880,carbonyl_CO,feature_rule,0.7
edge_1690,PI,node_0001,node_0881,carbonyl_HCO,feature_rule,0.7
edge_1691,PI,node_0001,node_0882,carbonyl_C2H3O,feature_rule,0.7
edge_1692,PI,node_0001,node_0883,carbonyl_C2HO,feature_rule,0.7
edge_1693,PI,node_0001,node_0884,carbonyl_CO2,feature_rule,0.7
edge_1694,PI,node_0001,node_0885,carbonyl_CHO2,feature_rule,0.7
edge_1695,PI,node_0001,node_0886,carbonyl_C3H3O,feature_rule,0.7
edge_1696,PI,node_0001,node_0887,carbonyl_C3H5O,feature_rule,0.7
edge_1697,PI,node_0001,node_0888,carbonyl_CO,feature_rule,0.7
edge_1698,PI,node_0001,node_0889,carbonyl_C2O,feature_rule,0.7
edge_1699,PI,node_0001,node_0890,carbonyl_C2HO,feature_rule,0.7
edge_1700,PI,node_0001,node_0891,imide_NCO,feature_rule,0.7
edge_1701,PI,node_0001,node_0892,imide_CNO,feature_rule,0.7
edge_1702,PI,node_0001,node_0893,imide_HCN,feature_rule,0.7
edge_1703,PI,node_0001,node_0894,imide_C2H2NO,feature_rule,0.7
edge_1704,PI,node_0001,node_0895,imide_C7H4NO2,feature_rule,0.7
edge_1705,PI,node_0001,node_0896,imide_C6H4NO,feature_rule,0.7
edge_1706,PI,node_0001,node_0897,amide_CH2NO,feature_rule,0.7
edge_1707,PI,node_0001,node_0898,amide_CH4N,feature_rule,0.7
edge_1708,PI,node_0001,node_0899,amide_C2H2NO,feature_rule,0.7
edge_1709,PI,node_0001,node_0900,amide_C2H4NO,feature_rule,0.7
edge_1710,PI,node_0001,node_0901,amide_C6H6N,feature_rule,0.7
edge_1711,PI,node_0001,node_0902,amide_CNO,feature_rule,0.7
edge_1712,PI,node_0001,node_0903,small_hc_C2H3,feature_rule,0.7
edge_1713,PI,node_0001,node_0904,small_hc_C2H5,feature_rule,0.7
edge_1714,PI,node_0001,node_0905,small_hc_C3H3,feature_rule,0.7
edge_1715,PI,node_0001,node_0906,small_hc_C3H5,feature_rule,0.7
edge_1716,PI,node_0001,node_0907,small_hc_C3H7,feature_rule,0.7
edge_1717,PI,node_0001,node_0908,small_hc_C4H3,feature_rule,0.7
edge_1718,PI,node_0001,node_0909,small_hc_C4H5,feature_rule,0.7
edge_1719,PI,node_0001,node_0910,small_hc_C4H7,feature_rule,0.7
edge_1720,PI,node_0001,node_0911,small_hc_C4H9,feature_rule,0.7
edge_1721,PI,node_0001,node_0912,small_hc_C5H5,feature_rule,0.7
edge_1722,PI,node_0001,node_0913,small_hc_C5H7,feature_rule,0.7
edge_1723,PI,node_0001,node_0914,small_hc_C5H9,feature_rule,0.7
edge_1724,PI,node_0001,node_0915,small_hc_C5H11,feature_rule,0.7
edge_1725,PI,node_0001,node_0916,small_hc_C6H5,feature_rule,0.7
edge_1726,PI,node_0001,node_0917,small_hc_C6H7,feature_rule,0.7
edge_1727,PI,node_0001,node_0918,small_hc_C6H9,feature_rule,0.7
edge_1728,PI,node_0001,node_0919,small_hc_C6H11,feature_rule,0.7
edge_1729,PI,node_0001,node_0920,small_hc_C2,feature_rule,0.7
edge_1730,PI,node_0001,node_0921,small_hc_C2H,feature_rule,0.7
edge_1731,PI,node_0001,node_0922,small_hc_C3,feature_rule,0.7
edge_1732,PI,node_0001,node_0923,small_hc_C3H,feature_rule,0.7
edge_1733,PI,node_0001,node_0924,small_hc_C4,feature_rule,0.7
edge_1734,PI,node_0001,node_0925,small_hc_C4H,feature_rule,0.7
edge_1735,PI,node_0001,node_0926,small_hc_C5,feature_rule,0.7
edge_1736,PI,node_0001,node_0927,small_hc_C5H,feature_rule,0.7
edge_1737,PI,node_0001,node_0928,small_hc_C6,feature_rule,0.7
edge_1738,PI,node_0001,node_0929,small_hc_C6H,feature_rule,0.7
edge_1739,PI,node_0001,node_0930,o_small_CHO,feature_rule,0.7
edge_1740,PI,node_0001,node_0931,o_small_CH3O,feature_rule,0.7
edge_1741,PI,node_0001,node_0932,o_small_C2H3O,feature_rule,0.7
edge_1742,PI,node_0001,node_0933,o_small_C2H5O,feature_rule,0.7
edge_1743,PI,node_0001,node_0934,o_small_C3H3O,feature_rule,0.7
edge_1744,PI,node_0001,node_0935,o_small_C3H5O,feature_rule,0.7
edge_1745,PI,node_0001,node_0936,o_small_C3H7O,feature_rule,0.7
edge_1746,PI,node_0001,node_0937,o_small_CH3O2,feature_rule,0.7
edge_1747,PI,node_0001,node_0938,o_small_C2H5O2,feature_rule,0.7
edge_1748,PI,node_0001,node_0939,o_small_C3H5O2,feature_rule,0.7
edge_1749,PI,node_0001,node_0940,o_small_C3H7O2,feature_rule,0.7
edge_1750,PI,node_0001,node_0941,o_small_CHO,feature_rule,0.7
edge_1751,PI,node_0001,node_0942,o_small_C2HO,feature_rule,0.7
edge_1752,PI,node_0001,node_0943,o_small_C2H3O,feature_rule,0.7
edge_1753,PI,node_0001,node_0944,o_small_CHO2,feature_rule,0.7
edge_1754,PI,node_0001,node_0945,o_small_C2H3O2,feature_rule,0.7
edge_1755,PI,node_0001,node_0946,n_small_CH2N,feature_rule,0.7
edge_1756,PI,node_0001,node_0947,n_small_CH4N,feature_rule,0.7
edge_1757,PI,node_0001,node_0948,n_small_C2H2N,feature_rule,0.7
edge_1758,PI,node_0001,node_0949,n_small_C2H4N,feature_rule,0.7
edge_1759,PI,node_0001,node_0950,n_small_C2H6N,feature_rule,0.7
edge_1760,PI,node_0001,node_0951,n_small_CN,feature_rule,0.7
edge_1761,PI,node_0001,node_0952,n_small_C2N,feature_rule,0.7
edge_1762,PI,node_0001,node_0953,n_small_C3N,feature_rule,0.7
edge_1763,PI,node_0001,node_0954,electron_loss,ionization,1.0
edge_1764,PI,node_0001,node_0955,electron_gain,ionization,1.0
edge_1765,PI,node_0001,node_0956,protonation,ionization,1.0
edge_1766,PI,node_0001,node_0957,deprotonation,ionization,1.0
edge_1767,PI,node_0002,node_0958,electron_loss,ionization,1.0
edge_1768,PI,node_0002,node_0959,electron_gain,ionization,1.0
edge_1769,PI,node_0002,node_0960,protonation,ionization,1.0
edge_1770,PI,node_0002,node_0961,deprotonation,ionization,1.0
edge_1771,PI,node_0003,node_0962,electron_loss,ionization,1.0
edge_1772,PI,node_0003,node_0963,electron_gain,ionization,1.0
edge_1773,PI,node_0003,node_0964,protonation,ionization,1.0
edge_1774,PI,node_0003,node_0965,deprotonation,ionization,1.0
edge_1775,PI,node_0004,node_0966,electron_loss,ionization,1.0
edge_1776,PI,node_0004,node_0967,electron_gain,ionization,1.0
edge_1777,PI,node_0004,node_0968,protonation,ionization,1.0
edge_1778,PI,node_0004,node_0969,deprotonation,ionization,1.0
edge_1779,PI,node_0005,node_0970,electron_loss,ionization,1.0
edge_1780,PI,node_0005,node_0971,electron_gain,ionization,1.0
edge_1781,PI,node_0005,node_0972,protonation,ionization,1.0
edge_1782,PI,node_0005,node_0973,deprotonation,ionization,1.0
edge_1783,PI,node_0006,node_0974,electron_loss,ionization,1.0
edge_1784,PI,node_0006,node_0975,electron_gain,ionization,1.0
edge_1785,PI,node_0006,node_0976,protonation,ionization,1.0
edge_1786,PI,node_0006,node_0977,deprotonation,ionization,1.0
edge_1787,PI,node_0007,node_0978,electron_loss,ionization,1.0
edge_1788,PI,node_0007,node_0979,electron_gain,ionization,1.0
edge_1789,PI,node_0007,node_0980,protonation,ionization,1.0
edge_1790,PI,node_0007,node_0981,deprotonation,ionization,1.0
edge_1791,PI,node_0008,node_0982,electron_loss,ionization,1.0
edge_1792,PI,node_0008,node_0983,electron_gain,ionization,1.0
edge_1793,PI,node_0008,node_0984,protonation,ionization,1.0
edge_1794,PI,node_0008,node_0985,deprotonation,ionization,1.0
edge_1795,PI,node_0009,node_0986,electron_loss,ionization,1.0
edge_1796,PI,node_0009,node_0987,electron_gain,ionization,1.0
edge_1797,PI,node_0009,node_0988,protonation,ionization,1.0
edge_1798,PI,node_0009,node_0989,deprotonation,ionization,1.0
edge_1799,PI,node_0010,node_0990,electron_loss,ionization,1.0
edge_1800,PI,node_0010,node_0991,electron_gain,ionization,1.0
edge_1801,PI,node_0010,node_0992,protonation,ionization,1.0
edge_1802,PI,node_0010,node_0993,deprotonation,ionization,1.0
edge_1803,PI,node_0011,node_0994,electron_loss,ionization,1.0
edge_1804,PI,node_0011,node_0995,electron_gain,ionization,1.0
edge_1805,PI,node_0011,node_0996,protonation,ionization,1.0
edge_1806,PI,node_0011,node_0997,deprotonation,ionization,1.0
edge_1807,PI,node_0012,node_0998,electron_loss,ionization,1.0
edge_1808,PI,node_0012,node_0999,electron_gain,ionization,1.0
edge_1809,PI,node_0012,node_1000,protonation,ionization,1.0
edge_1810,PI,node_0012,node_1001,deprotonation,ionization,1.0
edge_1811,PI,node_0013,node_1002,electron_loss,ionization,1.0
edge_1812,PI,node_0013,node_1003,electron_gain,ionization,1.0
edge_1813,PI,node_0013,node_1004,protonation,ionization,1.0
edge_1814,PI,node_0013,node_1005,deprotonation,ionization,1.0
edge_1815,PI,node_0014,node_1006,electron_loss,ionization,1.0
edge_1816,PI,node_0014,node_1007,electron_gain,ionization,1.0
edge_1817,PI,node_0014,node_1008,protonation,ionization,1.0
edge_1818,PI,node_0014,node_1009,deprotonation,ionization,1.0
edge_1819,PI,node_0015,node_1010,electron_loss,ionization,1.0
edge_1820,PI,node_0015,node_1011,electron_gain,ionization,1.0
edge_1821,PI,node_0015,node_1012,protonation,ionization,1.0
edge_1822,PI,node_0015,node_1013,deprotonation,ionization,1.0
edge_1823,PI,node_0016,node_1014,electron_loss,ionization,1.0
edge_1824,PI,node_0016,node_1015,electron_gain,ionization,1.0
edge_1825,PI,node_0016,node_1016,protonation,ionization,1.0
edge_1826,PI,node_0016,node_1017,deprotonation,ionization,1.0
edge_1827,PI,node_0017,node_1018,electron_loss,ionization,1.0
edge_1828,PI,node_0017,node_1019,electron_gain,ionization,1.0
edge_1829,PI,node_0017,node_1020,protonation,ionization,1.0
edge_1830,PI,node_0017,node_1021,deprotonation,ionization,1.0
edge_1831,PI,node_0018,node_1022,electron_loss,ionization,1.0
edge_1832,PI,node_0018,node_1023,electron_gain,ionization,1.0
edge_1833,PI,node_0018,node_1024,protonation,ionization,1.0
edge_1834,PI,node_0018,node_1025,deprotonation,ionization,1.0
edge_1835,PI,node_0019,node_1026,electron_loss,ionization,1.0
edge_1836,PI,node_0019,node_1027,electron_gain,ionization,1.0
edge_1837,PI,node_0019,node_1028,protonation,ionization,1.0
edge_1838,PI,node_0019,node_1029,deprotonation,ionization,1.0
edge_1839,PI,node_0020,node_1030,electron_loss,ionization,1.0
edge_1840,PI,node_0020,node_1031,electron_gain,ionization,1.0
edge_1841,PI,node_0020,node_1032,protonation,ionization,1.0
edge_1842,PI,node_0020,node_1033,deprotonation,ionization,1.0
edge_1843,PI,node_0021,node_1034,electron_loss,ionization,1.0
edge_1844,PI,node_0021,node_1035,electron_gain,ionization,1.0
edge_1845,PI,node_0021,node_1036,protonation,ionization,1.0
edge_1846,PI,node_0021,node_1037,deprotonation,ionization,1.0
edge_1847,PI,node_0022,node_1038,electron_loss,ionization,1.0
edge_1848,PI,node_0022,node_1039,electron_gain,ionization,1.0
edge_1849,PI,node_0022,node_1040,protonation,ionization,1.0
edge_1850,PI,node_0022,node_1041,deprotonation,ionization,1.0
edge_1851,PI,node_0023,node_1042,electron_loss,ionization,1.0
edge_1852,PI,node_0023,node_1043,electron_gain,ionization,1.0
edge_1853,PI,node_0024,node_1044,electron_loss,ionization,1.0
edge_1854,PI,node_0024,node_1045,electron_gain,ionization,1.0
edge_1855,PI,node_0025,node_1046,electron_loss,ionization,1.0
edge_1856,PI,node_0025,node_1047,electron_gain,ionization,1.0
edge_1857,PI,node_0026,node_1048,electron_loss,ionization,1.0
edge_1858,PI,node_0026,node_1049,electron_gain,ionization,1.0
edge_1859,PI,node_0027,node_1050,electron_loss,ionization,1.0
edge_1860,PI,node_0027,node_1051,electron_gain,ionization,1.0
edge_1861,PI,node_0028,node_1052,electron_loss,ionization,1.0
edge_1862,PI,node_0028,node_1053,electron_gain,ionization,1.0
edge_1863,PI,node_0029,node_1054,electron_loss,ionization,1.0
edge_1864,PI,node_0029,node_1055,electron_gain,ionization,1.0
edge_1865,PI,node_0030,node_1056,electron_loss,ionization,1.0
edge_1866,PI,node_0030,node_1057,electron_gain,ionization,1.0
edge_1867,PI,node_0031,node_1058,electron_loss,ionization,1.0
edge_1868,PI,node_0031,node_1059,electron_gain,ionization,1.0
edge_1869,PI,node_0032,node_1060,electron_loss,ionization,1.0
edge_1870,PI,node_0032,node_1061,electron_gain,ionization,1.0
edge_1871,PI,node_0033,node_1062,electron_loss,ionization,1.0
edge_1872,PI,node_0033,node_1063,electron_gain,ionization,1.0
edge_1873,PI,node_0034,node_1064,electron_loss,ionization,1.0
edge_1874,PI,node_0034,node_1065,electron_gain,ionization,1.0
edge_1875,PI,node_0035,node_1066,electron_loss,ionization,1.0
edge_1876,PI,node_0035,node_1067,electron_gain,ionization,1.0
edge_1877,PI,node_0036,node_1068,electron_loss,ionization,1.0
edge_1878,PI,node_0036,node_1069,electron_gain,ionization,1.0
edge_1879,PI,node_0037,node_1070,electron_loss,ionization,1.0
edge_1880,PI,node_0037,node_1071,electron_gain,ionization,1.0
edge_1881,PI,node_0038,node_1072,electron_loss,ionization,1.0
edge_1882,PI,node_0038,node_1073,electron_gain,ionization,1.0
edge_1883,PI,node_0039,node_1074,electron_loss,ionization,1.0
edge_1884,PI,node_0039,node_1075,electron_gain,ionization,1.0
edge_1885,PI,node_0040,node_1076,electron_loss,ionization,1.0
edge_1886,PI,node_0040,node_1077,electron_gain,ionization,1.0
edge_1887,PI,node_0041,node_1078,electron_loss,ionization,1.0
edge_1888,PI,node_0041,node_1079,electron_gain,ionization,1.0
edge_1889,PI,node_0042,node_1080,electron_loss,ionization,1.0
edge_1890,PI,node_0042,node_1081,electron_gain,ionization,1.0
edge_1891,PI,node_0043,node_1082,electron_loss,ionization,1.0
edge_1892,PI,node_0043,node_1083,electron_gain,ionization,1.0
edge_1893,PI,node_0044,node_1084,electron_loss,ionization,1.0
edge_1894,PI,node_0044,node_1085,electron_gain,ionization,1.0
edge_1895,PI,node_0045,node_1086,electron_loss,ionization,1.0
edge_1896,PI,node_0045,node_1087,electron_gain,ionization,1.0
edge_1897,PI,node_0046,node_1088,electron_loss,ionization,1.0
edge_1898,PI,node_0046,node_1089,electron_gain,ionization,1.0
edge_1899,PI,node_0047,node_1090,electron_loss,ionization,1.0
edge_1900,PI,node_0047,node_1091,electron_gain,ionization,1.0
edge_1901,PI,node_0048,node_1092,electron_loss,ionization,1.0
edge_1902,PI,node_0048,node_1093,electron_gain,ionization,1.0
edge_1903,PI,node_0049,node_1094,electron_loss,ionization,1.0
edge_1904,PI,node_0049,node_1095,electron_gain,ionization,1.0
edge_1905,PI,node_0050,node_1096,electron_loss,ionization,1.0
edge_1906,PI,node_0050,node_1097,electron_gain,ionization,1.0
edge_1907,PI,node_0051,node_1098,electron_loss,ionization,1.0
edge_1908,PI,node_0051,node_1099,electron_gain,ionization,1.0
edge_1909,PI,node_0052,node_1100,electron_loss,ionization,1.0
edge_1910,PI,node_0052,node_1101,electron_gain,ionization,1.0
edge_1911,PI,node_0053,node_1102,electron_loss,ionization,1.0
edge_1912,PI,node_0053,node_1103,electron_gain,ionization,1.0
edge_1913,PI,node_0054,node_1104,electron_loss,ionization,1.0
edge_1914,PI,node_0054,node_1105,electron_gain,ionization,1.0
edge_1915,PI,node_0055,node_1106,electron_loss,ionization,1.0
edge_1916,PI,node_0055,node_1107,electron_gain,ionization,1.0
edge_1917,PI,node_0056,node_1108,electron_loss,ionization,1.0
edge_1918,PI,node_0056,node_1109,electron_gain,ionization,1.0
edge_1919,PI,node_0057,node_1110,electron_loss,ionization,1.0
edge_1920,PI,node_0057,node_1111,electron_gain,ionization,1.0
edge_1921,PI,node_0058,node_1112,electron_loss,ionization,1.0
edge_1922,PI,node_0058,node_1113,electron_gain,ionization,1.0
edge_1923,PI,node_0059,node_1114,electron_loss,ionization,1.0
edge_1924,PI,node_0059,node_1115,electron_gain,ionization,1.0
edge_1925,PI,node_0060,node_1116,electron_loss,ionization,1.0
edge_1926,PI,node_0060,node_1117,electron_gain,ionization,1.0
edge_1927,PI,node_0061,node_1118,electron_loss,ionization,1.0
edge_1928,PI,node_0061,node_1119,electron_gain,ionization,1.0
edge_1929,PI,node_0062,node_1120,electron_loss,ionization,1.0
edge_1930,PI,node_0062,node_1121,electron_gain,ionization,1.0
edge_1931,PI,node_0063,node_1122,electron_loss,ionization,1.0
edge_1932,PI,node_0063,node_1123,electron_gain,ionization,1.0
edge_1933,PI,node_0064,node_1124,electron_loss,ionization,1.0
edge_1934,PI,node_0064,node_1125,electron_gain,ionization,1.0
edge_1935,PI,node_0065,node_1126,electron_loss,ionization,1.0
edge_1936,PI,node_0065,node_1127,electron_gain,ionization,1.0
edge_1937,PI,node_0065,node_1128,protonation,ionization,1.0
edge_1938,PI,node_0065,node_1129,deprotonation,ionization,1.0
edge_1939,PI,node_0066,node_1130,electron_loss,ionization,1.0
edge_1940,PI,node_0066,node_1131,electron_gain,ionization,1.0
edge_1941,PI,node_0066,node_1132,protonation,ionization,1.0
edge_1942,PI,node_0066,node_1133,deprotonation,ionization,1.0
edge_1943,PI,node_0067,node_1134,electron_loss,ionization,1.0
edge_1944,PI,node_0067,node_1135,electron_gain,ionization,1.0
edge_1945,PI,node_0067,node_1136,protonation,ionization,1.0
edge_1946,PI,node_0067,node_1137,deprotonation,ionization,1.0
edge_1947,PI,node_0068,node_1138,electron_loss,ionization,1.0
edge_1948,PI,node_0068,node_1139,electron_gain,ionization,1.0
edge_1949,PI,node_0068,node_1140,protonation,ionization,1.0
edge_1950,PI,node_0068,node_1141,deprotonation,ionization,1.0
edge_1951,PI,node_0069,node_1142,electron_loss,ionization,1.0
edge_1952,PI,node_0069,node_1143,electron_gain,ionization,1.0
edge_1953,PI,node_0069,node_1144,protonation,ionization,1.0
edge_1954,PI,node_0069,node_1145,deprotonation,ionization,1.0
edge_1955,PI,node_0070,node_1146,electron_loss,ionization,1.0
edge_1956,PI,node_0070,node_1147,electron_gain,ionization,1.0
edge_1957,PI,node_0070,node_1148,protonation,ionization,1.0
edge_1958,PI,node_0070,node_1149,deprotonation,ionization,1.0
edge_1959,PI,node_0071,node_1150,electron_loss,ionization,1.0
edge_1960,PI,node_0071,node_1151,electron_gain,ionization,1.0
edge_1961,PI,node_0071,node_1152,protonation,ionization,1.0
edge_1962,PI,node_0071,node_1153,deprotonation,ionization,1.0
edge_1963,PI,node_0072,node_1154,electron_loss,ionization,1.0
edge_1964,PI,node_0072,node_1155,electron_gain,ionization,1.0
edge_1965,PI,node_0072,node_1156,protonation,ionization,1.0
edge_1966,PI,node_0072,node_1157,deprotonation,ionization,1.0
edge_1967,PI,node_0073,node_1158,electron_loss,ionization,1.0
edge_1968,PI,node_0073,node_1159,electron_gain,ionization,1.0
edge_1969,PI,node_0073,node_1160,protonation,ionization,1.0
edge_1970,PI,node_0073,node_1161,deprotonation,ionization,1.0
edge_1971,PI,node_0074,node_1162,electron_loss,ionization,1.0
edge_1972,PI,node_0074,node_1163,electron_gain,ionization,1.0
edge_1973,PI,node_0074,node_1164,protonation,ionization,1.0
edge_1974,PI,node_0074,node_1165,deprotonation,ionization,1.0
edge_1975,PI,node_0075,node_1166,electron_loss,ionization,1.0
edge_1976,PI,node_0075,node_1167,electron_gain,ionization,1.0
edge_1977,PI,node_0075,node_1168,protonation,ionization,1.0
edge_1978,PI,node_0075,node_1169,deprotonation,ionization,1.0
edge_1979,PI,node_0076,node_1170,electron_loss,ionization,1.0
edge_1980,PI,node_0076,node_1171,electron_gain,ionization,1.0
edge_1981,PI,node_0076,node_1172,protonation,ionization,1.0
edge_1982,PI,node_0076,node_1173,deprotonation,ionization,1.0
edge_1983,PI,node_0077,node_1174,electron_loss,ionization,1.0
edge_1984,PI,node_0077,node_1175,electron_gain,ionization,1.0
edge_1985,PI,node_0077,node_1176,protonation,ionization,1.0
edge_1986,PI,node_0077,node_1177,deprotonation,ionization,1.0
edge_1987,PI,node_0078,node_1178,electron_loss,ionization,1.0
edge_1988,PI,node_0078,node_1179,electron_gain,ionization,1.0
edge_1989,PI,node_0078,node_1180,protonation,ionization,1.0
edge_1990,PI,node_0078,node_1181,deprotonation,ionization,1.0
edge_1991,PI,node_0079,node_1182,electron_loss,ionization,1.0
edge_1992,PI,node_0079,node_1183,electron_gain,ionization,1.0
edge_1993,PI,node_0079,node_1184,protonation,ionization,1.0
edge_1994,PI,node_0079,node_1185,deprotonation,ionization,1.0
edge_1995,PI,node_0080,node_1186,electron_loss,ionization,1.0
edge_1996,PI,node_0080,node_1187,electron_gain,ionization,1.0
edge_1997,PI,node_0080,node_1188,protonation,ionization,1.0
edge_1998,PI,node_0080,node_1189,deprotonation,ionization,1.0
edge_1999,PI,node_0081,node_1190,electron_loss,ionization,1.0
edge_2000,PI,node_0081,node_1191,electron_gain,ionization,1.0
edge_2001,PI,node_0081,node_1192,protonation,ionization,1.0
edge_2002,PI,node_0081,node_1193,deprotonation,ionization,1.0
edge_2003,PI,node_0082,node_1194,electron_loss,ionization,1.0
edge_2004,PI,node_0082,node_1195,electron_gain,ionization,1.0
edge_2005,PI,node_0082,node_1196,protonation,ionization,1.0
edge_2006,PI,node_0082,node_1197,deprotonation,ionization,1.0
edge_2007,PI,node_0083,node_1198,electron_loss,ionization,1.0
edge_2008,PI,node_0083,node_1199,electron_gain,ionization,1.0
edge_2009,PI,node_0083,node_1200,protonation,ionization,1.0
edge_2010,PI,node_0083,node_1201,deprotonation,ionization,1.0
edge_2011,PI,node_0084,node_1202,electron_loss,ionization,1.0
edge_2012,PI,node_0084,node_1203,electron_gain,ionization,1.0
edge_2013,PI,node_0084,node_1204,protonation,ionization,1.0
edge_2014,PI,node_0084,node_1205,deprotonation,ionization,1.0
edge_2015,PI,node_0085,node_1206,electron_loss,ionization,1.0
edge_2016,PI,node_0085,node_1207,electron_gain,ionization,1.0
edge_2017,PI,node_0085,node_1208,protonation,ionization,1.0
edge_2018,PI,node_0085,node_1209,deprotonation,ionization,1.0
edge_2019,PI,node_0086,node_1210,electron_loss,ionization,1.0
edge_2020,PI,node_0086,node_1211,electron_gain,ionization,1.0
edge_2021,PI,node_0086,node_1212,protonation,ionization,1.0
edge_2022,PI,node_0086,node_1213,deprotonation,ionization,1.0
edge_2023,PI,node_0087,node_1214,electron_loss,ionization,1.0
edge_2024,PI,node_0087,node_1215,electron_gain,ionization,1.0
edge_2025,PI,node_0087,node_1216,protonation,ionization,1.0
edge_2026,PI,node_0087,node_1217,deprotonation,ionization,1.0
edge_2027,PI,node_0088,node_1218,electron_loss,ionization,1.0
edge_2028,PI,node_0088,node_1219,electron_gain,ionization,1.0
edge_2029,PI,node_0088,node_1220,protonation,ionization,1.0
edge_2030,PI,node_0088,node_1221,deprotonation,ionization,1.0
edge_2031,PI,node_0089,node_1222,electron_loss,ionization,1.0
edge_2032,PI,node_0089,node_1223,electron_gain,ionization,1.0
edge_2033,PI,node_0089,node_1224,protonation,ionization,1.0
edge_2034,PI,node_0089,node_1225,deprotonation,ionization,1.0
edge_2035,PI,node_0090,node_1226,electron_loss,ionization,1.0
edge_2036,PI,node_0090,node_1227,electron_gain,ionization,1.0
edge_2037,PI,node_0090,node_1228,protonation,ionization,1.0
edge_2038,PI,node_0090,node_1229,deprotonation,ionization,1.0
edge_2039,PI,node_0091,node_1230,electron_loss,ionization,1.0
edge_2040,PI,node_0091,node_1231,electron_gain,ionization,1.0
edge_2041,PI,node_0091,node_1232,protonation,ionization,1.0
edge_2042,PI,node_0091,node_1233,deprotonation,ionization,1.0
edge_2043,PI,node_0092,node_1234,electron_loss,ionization,1.0
edge_2044,PI,node_0092,node_1235,electron_gain,ionization,1.0
edge_2045,PI,node_0092,node_1236,protonation,ionization,1.0
edge_2046,PI,node_0092,node_1237,deprotonation,ionization,1.0
edge_2047,PI,node_0093,node_1238,electron_loss,ionization,1.0
edge_2048,PI,node_0093,node_1239,electron_gain,ionization,1.0
edge_2049,PI,node_0093,node_1240,protonation,ionization,1.0
edge_2050,PI,node_0093,node_1241,deprotonation,ionization,1.0
edge_2051,PI,node_0094,node_1242,electron_loss,ionization,1.0
edge_2052,PI,node_0094,node_1243,electron_gain,ionization,1.0
edge_2053,PI,node_0094,node_1244,protonation,ionization,1.0
edge_2054,PI,node_0094,node_1245,deprotonation,ionization,1.0
edge_2055,PI,node_0095,node_1246,electron_loss,ionization,1.0
edge_2056,PI,node_0095,node_1247,electron_gain,ionization,1.0
edge_2057,PI,node_0095,node_1248,protonation,ionization,1.0
edge_2058,PI,node_0095,node_1249,deprotonation,ionization,1.0
edge_2059,PI,node_0096,node_1250,electron_loss,ionization,1.0
edge_2060,PI,node_0096,node_1251,electron_gain,ionization,1.0
edge_2061,PI,node_0096,node_1252,protonation,ionization,1.0
edge_2062,PI,node_0096,node_1253,deprotonation,ionization,1.0
edge_2063,PI,node_0097,node_1254,electron_loss,ionization,1.0
edge_2064,PI,node_0097,node_1255,electron_gain,ionization,1.0
edge_2065,PI,node_0097,node_1256,protonation,ionization,1.0
edge_2066,PI,node_0097,node_1257,deprotonation,ionization,1.0
edge_2067,PI,node_0098,node_1258,electron_loss,ionization,1.0
edge_2068,PI,node_0098,node_1259,electron_gain,ionization,1.0
edge_2069,PI,node_0098,node_1260,protonation,ionization,1.0
edge_2070,PI,node_0098,node_1261,deprotonation,ionization,1.0
edge_2071,PI,node_0099,node_1262,electron_loss,ionization,1.0
edge_2072,PI,node_0099,node_1263,electron_gain,ionization,1.0
edge_2073,PI,node_0099,node_1264,protonation,ionization,1.0
edge_2074,PI,node_0099,node_1265,deprotonation,ionization,1.0
edge_2075,PI,node_0100,node_1266,electron_loss,ionization,1.0
edge_2076,PI,node_0100,node_1267,electron_gain,ionization,1.0
edge_2077,PI,node_0100,node_1268,protonation,ionization,1.0
edge_2078,PI,node_0100,node_1269,deprotonation,ionization,1.0
edge_2079,PI,node_0101,node_1270,electron_loss,ionization,1.0
edge_2080,PI,node_0101,node_1271,electron_gain,ionization,1.0
edge_2081,PI,node_0101,node_1272,protonation,ionization,1.0
edge_2082,PI,node_0101,node_1273,deprotonation,ionization,1.0
edge_2083,PI,node_0102,node_1274,electron_loss,ionization,1.0
edge_2084,PI,node_0102,node_1275,electron_gain,ionization,1.0
edge_2085,PI,node_0102,node_1276,protonation,ionization,1.0
edge_2086,PI,node_0102,node_1277,deprotonation,ionization,1.0
edge_2087,PI,node_0103,node_1278,electron_loss,ionization,1.0
edge_2088,PI,node_0103,node_1279,electron_gain,ionization,1.0
edge_2089,PI,node_0103,node_1280,protonation,ionization,1.0
edge_2090,PI,node_0103,node_1281,deprotonation,ionization,1.0
edge_2091,PI,node_0104,node_1282,electron_loss,ionization,1.0
edge_2092,PI,node_0104,node_1283,electron_gain,ionization,1.0
edge_2093,PI,node_0104,node_1284,protonation,ionization,1.0
edge_2094,PI,node_0104,node_1285,deprotonation,ionization,1.0
edge_2095,PI,node_0105,node_1286,electron_loss,ionization,1.0
edge_2096,PI,node_0105,node_1287,electron_gain,ionization,1.0
edge_2097,PI,node_0105,node_1288,protonation,ionization,1.0
edge_2098,PI,node_0105,node_1289,deprotonation,ionization,1.0
edge_2099,PI,node_0106,node_1290,electron_loss,ionization,1.0
edge_2100,PI,node_0106,node_1291,electron_gain,ionization,1.0
edge_2101,PI,node_0106,node_1292,protonation,ionization,1.0
edge_2102,PI,node_0106,node_1293,deprotonation,ionization,1.0
edge_2103,PI,node_0107,node_1294,electron_loss,ionization,1.0
edge_2104,PI,node_0107,node_1295,electron_gain,ionization,1.0
edge_2105,PI,node_0107,node_1296,protonation,ionization,1.0
edge_2106,PI,node_0107,node_1297,deprotonation,ionization,1.0
edge_2107,PI,node_0108,node_1298,electron_loss,ionization,1.0
edge_2108,PI,node_0108,node_1299,electron_gain,ionization,1.0
edge_2109,PI,node_0108,node_1300,protonation,ionization,1.0
edge_2110,PI,node_0108,node_1301,deprotonation,ionization,1.0
edge_2111,PI,node_0109,node_1302,electron_loss,ionization,1.0
edge_2112,PI,node_0109,node_1303,electron_gain,ionization,1.0
edge_2113,PI,node_0109,node_1304,protonation,ionization,1.0
edge_2114,PI,node_0109,node_1305,deprotonation,ionization,1.0
edge_2115,PI,node_0110,node_1306,electron_loss,ionization,1.0
edge_2116,PI,node_0110,node_1307,electron_gain,ionization,1.0
edge_2117,PI,node_0110,node_1308,protonation,ionization,1.0
edge_2118,PI,node_0110,node_1309,deprotonation,ionization,1.0
edge_2119,PI,node_0111,node_1310,electron_loss,ionization,1.0
edge_2120,PI,node_0111,node_1311,electron_gain,ionization,1.0
edge_2121,PI,node_0111,node_1312,protonation,ionization,1.0
edge_2122,PI,node_0111,node_1313,deprotonation,ionization,1.0
edge_2123,PI,node_0112,node_1314,electron_loss,ionization,1.0
edge_2124,PI,node_0112,node_1315,electron_gain,ionization,1.0
edge_2125,PI,node_0112,node_1316,protonation,ionization,1.0
edge_2126,PI,node_0112,node_1317,deprotonation,ionization,1.0
edge_2127,PI,node_0113,node_1318,electron_loss,ionization,1.0
edge_2128,PI,node_0113,node_1319,electron_gain,ionization,1.0
edge_2129,PI,node_0113,node_1320,protonation,ionization,1.0
edge_2130,PI,node_0113,node_1321,deprotonation,ionization,1.0
edge_2131,PI,node_0114,node_1322,electron_loss,ionization,1.0
edge_2132,PI,node_0114,node_1323,electron_gain,ionization,1.0
edge_2133,PI,node_0114,node_1324,protonation,ionization,1.0
edge_2134,PI,node_0114,node_1325,deprotonation,ionization,1.0
edge_2135,PI,node_0115,node_1326,electron_loss,ionization,1.0
edge_2136,PI,node_0115,node_1327,electron_gain,ionization,1.0
edge_2137,PI,node_0115,node_1328,protonation,ionization,1.0
edge_2138,PI,node_0115,node_1329,deprotonation,ionization,1.0
edge_2139,PI,node_0116,node_1330,electron_loss,ionization,1.0
edge_2140,PI,node_0116,node_1331,electron_gain,ionization,1.0
edge_2141,PI,node_0116,node_1332,protonation,ionization,1.0
edge_2142,PI,node_0116,node_1333,deprotonation,ionization,1.0
edge_2143,PI,node_0117,node_1334,electron_loss,ionization,1.0
edge_2144,PI,node_0117,node_1335,electron_gain,ionization,1.0
edge_2145,PI,node_0117,node_1336,protonation,ionization,1.0
edge_2146,PI,node_0117,node_1337,deprotonation,ionization,1.0
edge_2147,PI,node_0118,node_1338,electron_loss,ionization,1.0
edge_2148,PI,node_0118,node_1339,electron_gain,ionization,1.0
edge_2149,PI,node_0118,node_1340,protonation,ionization,1.0
edge_2150,PI,node_0118,node_1341,deprotonation,ionization,1.0
edge_2151,PI,node_0119,node_1342,electron_loss,ionization,1.0
edge_2152,PI,node_0119,node_1343,electron_gain,ionization,1.0
edge_2153,PI,node_0119,node_1344,protonation,ionization,1.0
edge_2154,PI,node_0119,node_1345,deprotonation,ionization,1.0
edge_2155,PI,node_0120,node_1346,electron_loss,ionization,1.0
edge_2156,PI,node_0120,node_1347,electron_gain,ionization,1.0
edge_2157,PI,node_0120,node_1348,protonation,ionization,1.0
edge_2158,PI,node_0120,node_1349,deprotonation,ionization,1.0
edge_2159,PI,node_0121,node_1350,electron_loss,ionization,1.0
edge_2160,PI,node_0121,node_1351,electron_gain,ionization,1.0
edge_2161,PI,node_0121,node_1352,protonation,ionization,1.0
edge_2162,PI,node_0121,node_1353,deprotonation,ionization,1.0
edge_2163,PI,node_0122,node_1354,electron_loss,ionization,1.0
edge_2164,PI,node_0122,node_1355,electron_gain,ionization,1.0
edge_2165,PI,node_0122,node_1356,protonation,ionization,1.0
edge_2166,PI,node_0122,node_1357,deprotonation,ionization,1.0
edge_2167,PI,node_0123,node_1358,electron_loss,ionization,1.0
edge_2168,PI,node_0123,node_1359,electron_gain,ionization,1.0
edge_2169,PI,node_0123,node_1360,protonation,ionization,1.0
edge_2170,PI,node_0123,node_1361,deprotonation,ionization,1.0
edge_2171,PI,node_0124,node_1362,electron_loss,ionization,1.0
edge_2172,PI,node_0124,node_1363,electron_gain,ionization,1.0
edge_2173,PI,node_0124,node_1364,protonation,ionization,1.0
edge_2174,PI,node_0124,node_1365,deprotonation,ionization,1.0
edge_2175,PI,node_0125,node_1366,electron_loss,ionization,1.0
edge_2176,PI,node_0125,node_1367,electron_gain,ionization,1.0
edge_2177,PI,node_0125,node_1368,protonation,ionization,1.0
edge_2178,PI,node_0125,node_1369,deprotonation,ionization,1.0
edge_2179,PI,node_0126,node_1370,electron_loss,ionization,1.0
edge_2180,PI,node_0126,node_1371,electron_gain,ionization,1.0
edge_2181,PI,node_0126,node_1372,protonation,ionization,1.0
edge_2182,PI,node_0126,node_1373,deprotonation,ionization,1.0
edge_2183,PI,node_0127,node_1374,electron_loss,ionization,1.0
edge_2184,PI,node_0127,node_1375,electron_gain,ionization,1.0
edge_2185,PI,node_0127,node_1376,protonation,ionization,1.0
edge_2186,PI,node_0127,node_1377,deprotonation,ionization,1.0
edge_2187,PI,node_0128,node_1378,electron_loss,ionization,1.0
edge_2188,PI,node_0128,node_1379,electron_gain,ionization,1.0
edge_2189,PI,node_0128,node_1380,protonation,ionization,1.0
edge_2190,PI,node_0128,node_1381,deprotonation,ionization,1.0
edge_2191,PI,node_0129,node_1382,electron_loss,ionization,1.0
edge_2192,PI,node_0129,node_1383,electron_gain,ionization,1.0
edge_2193,PI,node_0129,node_1384,protonation,ionization,1.0
edge_2194,PI,node_0129,node_1385,deprotonation,ionization,1.0
edge_2195,PI,node_0130,node_1386,electron_loss,ionization,1.0
edge_2196,PI,node_0130,node_1387,electron_gain,ionization,1.0
edge_2197,PI,node_0130,node_1388,protonation,ionization,1.0
edge_2198,PI,node_0130,node_1389,deprotonation,ionization,1.0
edge_2199,PI,node_0131,node_1390,electron_loss,ionization,1.0
edge_2200,PI,node_0131,node_1391,electron_gain,ionization,1.0
edge_2201,PI,node_0131,node_1392,protonation,ionization,1.0
edge_2202,PI,node_0131,node_1393,deprotonation,ionization,1.0
edge_2203,PI,node_0132,node_1394,electron_loss,ionization,1.0
edge_2204,PI,node_0132,node_1395,electron_gain,ionization,1.0
edge_2205,PI,node_0132,node_1396,protonation,ionization,1.0
edge_2206,PI,node_0132,node_1397,deprotonation,ionization,1.0
edge_2207,PI,node_0133,node_1398,electron_loss,ionization,1.0
edge_2208,PI,node_0133,node_1399,electron_gain,ionization,1.0
edge_2209,PI,node_0133,node_1400,protonation,ionization,1.0
edge_2210,PI,node_0133,node_1401,deprotonation,ionization,1.0
edge_2211,PI,node_0134,node_1402,electron_loss,ionization,1.0
edge_2212,PI,node_0134,node_1403,electron_gain,ionization,1.0
edge_2213,PI,node_0134,node_1404,protonation,ionization,1.0
edge_2214,PI,node_0134,node_1405,deprotonation,ionization,1.0
edge_2215,PI,node_0135,node_1406,electron_loss,ionization,1.0
edge_2216,PI,node_0135,node_1407,electron_gain,ionization,1.0
edge_2217,PI,node_0135,node_1408,protonation,ionization,1.0
edge_2218,PI,node_0135,node_1409,deprotonation,ionization,1.0
edge_2219,PI,node_0136,node_1410,electron_loss,ionization,1.0
edge_2220,PI,node_0136,node_1411,electron_gain,ionization,1.0
edge_2221,PI,node_0136,node_1412,protonation,ionization,1.0
edge_2222,PI,node_0136,node_1413,deprotonation,ionization,1.0
edge_2223,PI,node_0137,node_1414,electron_loss,ionization,1.0
edge_2224,PI,node_0137,node_1415,electron_gain,ionization,1.0
edge_2225,PI,node_0137,node_1416,protonation,ionization,1.0
edge_2226,PI,node_0137,node_1417,deprotonation,ionization,1.0
edge_2227,PI,node_0138,node_1418,electron_loss,ionization,1.0
edge_2228,PI,node_0138,node_1419,electron_gain,ionization,1.0
edge_2229,PI,node_0138,node_1420,protonation,ionization,1.0
edge_2230,PI,node_0138,node_1421,deprotonation,ionization,1.0
edge_2231,PI,node_0139,node_1422,electron_loss,ionization,1.0
edge_2232,PI,node_0139,node_1423,electron_gain,ionization,1.0
edge_2233,PI,node_0139,node_1424,protonation,ionization,1.0
edge_2234,PI,node_0139,node_1425,deprotonation,ionization,1.0
edge_2235,PI,node_0140,node_1426,electron_loss,ionization,1.0
edge_2236,PI,node_0140,node_1427,electron_gain,ionization,1.0
edge_2237,PI,node_0140,node_1428,protonation,ionization,1.0
edge_2238,PI,node_0140,node_1429,deprotonation,ionization,1.0
edge_2239,PI,node_0141,node_1430,electron_loss,ionization,1.0
edge_2240,PI,node_0141,node_1431,electron_gain,ionization,1.0
edge_2241,PI,node_0141,node_1432,protonation,ionization,1.0
edge_2242,PI,node_0141,node_1433,deprotonation,ionization,1.0
edge_2243,PI,node_0142,node_1434,electron_loss,ionization,1.0
edge_2244,PI,node_0142,node_1435,electron_gain,ionization,1.0
edge_2245,PI,node_0142,node_1436,protonation,ionization,1.0
edge_2246,PI,node_0142,node_1437,deprotonation,ionization,1.0
edge_2247,PI,node_0143,node_1438,electron_loss,ionization,1.0
edge_2248,PI,node_0143,node_1439,electron_gain,ionization,1.0
edge_2249,PI,node_0143,node_1440,protonation,ionization,1.0
edge_2250,PI,node_0143,node_1441,deprotonation,ionization,1.0
edge_2251,PI,node_0144,node_1442,electron_loss,ionization,1.0
edge_2252,PI,node_0144,node_1443,electron_gain,ionization,1.0
edge_2253,PI,node_0144,node_1444,protonation,ionization,1.0
edge_2254,PI,node_0144,node_1445,deprotonation,ionization,1.0
edge_2255,PI,node_0145,node_1446,electron_loss,ionization,1.0
edge_2256,PI,node_0145,node_1447,electron_gain,ionization,1.0
edge_2257,PI,node_0145,node_1448,protonation,ionization,1.0
edge_2258,PI,node_0145,node_1449,deprotonation,ionization,1.0
edge_2259,PI,node_0146,node_1450,electron_loss,ionization,1.0
edge_2260,PI,node_0146,node_1451,electron_gain,ionization,1.0
edge_2261,PI,node_0146,node_1452,protonation,ionization,1.0
edge_2262,PI,node_0146,node_1453,deprotonation,ionization,1.0
edge_2263,PI,node_0147,node_1454,electron_loss,ionization,1.0
edge_2264,PI,node_0147,node_1455,electron_gain,ionization,1.0
edge_2265,PI,node_0147,node_1456,protonation,ionization,1.0
edge_2266,PI,node_0147,node_1457,deprotonation,ionization,1.0
edge_2267,PI,node_0148,node_1458,electron_loss,ionization,1.0
edge_2268,PI,node_0148,node_1459,electron_gain,ionization,1.0
edge_2269,PI,node_0148,node_1460,protonation,ionization,1.0
edge_2270,PI,node_0148,node_1461,deprotonation,ionization,1.0
edge_2271,PI,node_0149,node_1462,electron_loss,ionization,1.0
edge_2272,PI,node_0149,node_1463,electron_gain,ionization,1.0
edge_2273,PI,node_0149,node_1464,protonation,ionization,1.0
edge_2274,PI,node_0149,node_1465,deprotonation,ionization,1.0
edge_2275,PI,node_0150,node_1466,electron_loss,ionization,1.0
edge_2276,PI,node_0150,node_1467,electron_gain,ionization,1.0
edge_2277,PI,node_0150,node_1468,protonation,ionization,1.0
edge_2278,PI,node_0150,node_1469,deprotonation,ionization,1.0
edge_2279,PI,node_0151,node_1470,electron_loss,ionization,1.0
edge_2280,PI,node_0151,node_1471,electron_gain,ionization,1.0
edge_2281,PI,node_0151,node_1472,protonation,ionization,1.0
edge_2282,PI,node_0151,node_1473,deprotonation,ionization,1.0
edge_2283,PI,node_0152,node_1474,electron_loss,ionization,1.0
edge_2284,PI,node_0152,node_1475,electron_gain,ionization,1.0
edge_2285,PI,node_0152,node_1476,protonation,ionization,1.0
edge_2286,PI,node_0152,node_1477,deprotonation,ionization,1.0
edge_2287,PI,node_0153,node_1478,electron_loss,ionization,1.0
edge_2288,PI,node_0153,node_1479,electron_gain,ionization,1.0
edge_2289,PI,node_0153,node_1480,protonation,ionization,1.0
edge_2290,PI,node_0153,node_1481,deprotonation,ionization,1.0
edge_2291,PI,node_0154,node_1482,electron_loss,ionization,1.0
edge_2292,PI,node_0154,node_1483,electron_gain,ionization,1.0
edge_2293,PI,node_0154,node_1484,protonation,ionization,1.0
edge_2294,PI,node_0154,node_1485,deprotonation,ionization,1.0
edge_2295,PI,node_0155,node_1486,electron_loss,ionization,1.0
edge_2296,PI,node_0155,node_1487,electron_gain,ionization,1.0
edge_2297,PI,node_0155,node_1488,protonation,ionization,1.0
edge_2298,PI,node_0155,node_1489,deprotonation,ionization,1.0
edge_2299,PI,node_0156,node_1490,electron_loss,ionization,1.0
edge_2300,PI,node_0156,node_1491,electron_gain,ionization,1.0
edge_2301,PI,node_0156,node_1492,protonation,ionization,1.0
edge_2302,PI,node_0156,node_1493,deprotonation,ionization,1.0
edge_2303,PI,node_0157,node_1494,electron_loss,ionization,1.0
edge_2304,PI,node_0157,node_1495,electron_gain,ionization,1.0
edge_2305,PI,node_0157,node_1496,protonation,ionization,1.0
edge_2306,PI,node_0157,node_1497,deprotonation,ionization,1.0
edge_2307,PI,node_0158,node_1498,electron_loss,ionization,1.0
edge_2308,PI,node_0158,node_1499,electron_gain,ionization,1.0
edge_2309,PI,node_0158,node_1500,protonation,ionization,1.0
edge_2310,PI,node_0158,node_1501,deprotonation,ionization,1.0
edge_2311,PI,node_0159,node_1502,electron_loss,ionization,1.0
edge_2312,PI,node_0159,node_1503,electron_gain,ionization,1.0
edge_2313,PI,node_0159,node_1504,protonation,ionization,1.0
edge_2314,PI,node_0159,node_1505,deprotonation,ionization,1.0
edge_2315,PI,node_0160,node_1506,electron_loss,ionization,1.0
edge_2316,PI,node_0160,node_1507,electron_gain,ionization,1.0
edge_2317,PI,node_0160,node_1508,protonation,ionization,1.0
edge_2318,PI,node_0160,node_1509,deprotonation,ionization,1.0
edge_2319,PI,node_0161,node_1510,electron_loss,ionization,1.0
edge_2320,PI,node_0161,node_1511,electron_gain,ionization,1.0
edge_2321,PI,node_0161,node_1512,protonation,ionization,1.0
edge_2322,PI,node_0161,node_1513,deprotonation,ionization,1.0
edge_2323,PI,node_0162,node_1514,electron_loss,ionization,1.0
edge_2324,PI,node_0162,node_1515,electron_gain,ionization,1.0
edge_2325,PI,node_0162,node_1516,protonation,ionization,1.0
edge_2326,PI,node_0162,node_1517,deprotonation,ionization,1.0
edge_2327,PI,node_0163,node_1518,electron_loss,ionization,1.0
edge_2328,PI,node_0163,node_1519,electron_gain,ionization,1.0
edge_2329,PI,node_0163,node_1520,protonation,ionization,1.0
edge_2330,PI,node_0163,node_1521,deprotonation,ionization,1.0
edge_2331,PI,node_0164,node_1522,electron_loss,ionization,1.0
edge_2332,PI,node_0164,node_1523,electron_gain,ionization,1.0
edge_2333,PI,node_0164,node_1524,protonation,ionization,1.0
edge_2334,PI,node_0164,node_1525,deprotonation,ionization,1.0
edge_2335,PI,node_0165,node_1526,electron_loss,ionization,1.0
edge_2336,PI,node_0165,node_1527,electron_gain,ionization,1.0
edge_2337,PI,node_0165,node_1528,protonation,ionization,1.0
edge_2338,PI,node_0165,node_1529,deprotonation,ionization,1.0
edge_2339,PI,node_0166,node_1530,electron_loss,ionization,1.0
edge_2340,PI,node_0166,node_1531,electron_gain,ionization,1.0
edge_2341,PI,node_0166,node_1532,protonation,ionization,1.0
edge_2342,PI,node_0166,node_1533,deprotonation,ionization,1.0
edge_2343,PI,node_0167,node_1534,electron_loss,ionization,1.0
edge_2344,PI,node_0167,node_1535,electron_gain,ionization,1.0
edge_2345,PI,node_0167,node_1536,protonation,ionization,1.0
edge_2346,PI,node_0167,node_1537,deprotonation,ionization,1.0
edge_2347,PI,node_0168,node_1538,electron_loss,ionization,1.0
edge_2348,PI,node_0168,node_1539,electron_gain,ionization,1.0
edge_2349,PI,node_0168,node_1540,protonation,ionization,1.0
edge_2350,PI,node_0168,node_1541,deprotonation,ionization,1.0
edge_2351,PI,node_0169,node_1542,electron_loss,ionization,1.0
edge_2352,PI,node_0169,node_1543,electron_gain,ionization,1.0
edge_2353,PI,node_0169,node_1544,protonation,ionization,1.0
edge_2354,PI,node_0169,node_1545,deprotonation,ionization,1.0
edge_2355,PI,node_0170,node_1546,electron_loss,ionization,1.0
edge_2356,PI,node_0170,node_1547,electron_gain,ionization,1.0
edge_2357,PI,node_0170,node_1548,protonation,ionization,1.0
edge_2358,PI,node_0170,node_1549,deprotonation,ionization,1.0
edge_2359,PI,node_0171,node_1550,electron_loss,ionization,1.0
edge_2360,PI,node_0171,node_1551,electron_gain,ionization,1.0
edge_2361,PI,node_0171,node_1552,protonation,ionization,1.0
edge_2362,PI,node_0171,node_1553,deprotonation,ionization,1.0
edge_2363,PI,node_0172,node_1554,electron_loss,ionization,1.0
edge_2364,PI,node_0172,node_1555,electron_gain,ionization,1.0
edge_2365,PI,node_0172,node_1556,protonation,ionization,1.0
edge_2366,PI,node_0172,node_1557,deprotonation,ionization,1.0
edge_2367,PI,node_0173,node_1558,electron_loss,ionization,1.0
edge_2368,PI,node_0173,node_1559,electron_gain,ionization,1.0
edge_2369,PI,node_0173,node_1560,protonation,ionization,1.0
edge_2370,PI,node_0173,node_1561,deprotonation,ionization,1.0
edge_2371,PI,node_0174,node_1562,electron_loss,ionization,1.0
edge_2372,PI,node_0174,node_1563,electron_gain,ionization,1.0
edge_2373,PI,node_0174,node_1564,protonation,ionization,1.0
edge_2374,PI,node_0174,node_1565,deprotonation,ionization,1.0
edge_2375,PI,node_0175,node_1566,electron_loss,ionization,1.0
edge_2376,PI,node_0175,node_1567,electron_gain,ionization,1.0
edge_2377,PI,node_0175,node_1568,protonation,ionization,1.0
edge_2378,PI,node_0175,node_1569,deprotonation,ionization,1.0
edge_2379,PI,node_0176,node_1570,electron_loss,ionization,1.0
edge_2380,PI,node_0176,node_1571,electron_gain,ionization,1.0
edge_2381,PI,node_0176,node_1572,protonation,ionization,1.0
edge_2382,PI,node_0176,node_1573,deprotonation,ionization,1.0
edge_2383,PI,node_0177,node_1574,electron_loss,ionization,1.0
edge_2384,PI,node_0177,node_1575,electron_gain,ionization,1.0
edge_2385,PI,node_0177,node_1576,protonation,ionization,1.0
edge_2386,PI,node_0177,node_1577,deprotonation,ionization,1.0
edge_2387,PI,node_0178,node_1578,electron_loss,ionization,1.0
edge_2388,PI,node_0178,node_1579,electron_gain,ionization,1.0
edge_2389,PI,node_0178,node_1580,protonation,ionization,1.0
edge_2390,PI,node_0178,node_1581,deprotonation,ionization,1.0
edge_2391,PI,node_0179,node_1582,electron_loss,ionization,1.0
edge_2392,PI,node_0179,node_1583,electron_gain,ionization,1.0
edge_2393,PI,node_0179,node_1584,protonation,ionization,1.0
edge_2394,PI,node_0179,node_1585,deprotonation,ionization,1.0
edge_2395,PI,node_0180,node_1586,electron_loss,ionization,1.0
edge_2396,PI,node_0180,node_1587,electron_gain,ionization,1.0
edge_2397,PI,node_0180,node_1588,protonation,ionization,1.0
edge_2398,PI,node_0180,node_1589,deprotonation,ionization,1.0
edge_2399,PI,node_0181,node_1590,electron_loss,ionization,1.0
edge_2400,PI,node_0181,node_1591,electron_gain,ionization,1.0
edge_2401,PI,node_0181,node_1592,protonation,ionization,1.0
edge_2402,PI,node_0181,node_1593,deprotonation,ionization,1.0
edge_2403,PI,node_0182,node_1594,electron_loss,ionization,1.0
edge_2404,PI,node_0182,node_1595,electron_gain,ionization,1.0
edge_2405,PI,node_0182,node_1596,protonation,ionization,1.0
edge_2406,PI,node_0182,node_1597,deprotonation,ionization,1.0
edge_2407,PI,node_0183,node_1598,electron_loss,ionization,1.0
edge_2408,PI,node_0183,node_1599,electron_gain,ionization,1.0
edge_2409,PI,node_0183,node_1600,protonation,ionization,1.0
edge_2410,PI,node_0183,node_1601,deprotonation,ionization,1.0
edge_2411,PI,node_0184,node_1602,electron_loss,ionization,1.0
edge_2412,PI,node_0184,node_1603,electron_gain,ionization,1.0
edge_2413,PI,node_0184,node_1604,protonation,ionization,1.0
edge_2414,PI,node_0184,node_1605,deprotonation,ionization,1.0
edge_2415,PI,node_0185,node_1606,electron_loss,ionization,1.0
edge_2416,PI,node_0185,node_1607,electron_gain,ionization,1.0
edge_2417,PI,node_0185,node_1608,protonation,ionization,1.0
edge_2418,PI,node_0185,node_1609,deprotonation,ionization,1.0
edge_2419,PI,node_0186,node_1610,electron_loss,ionization,1.0
edge_2420,PI,node_0186,node_1611,electron_gain,ionization,1.0
edge_2421,PI,node_0186,node_1612,protonation,ionization,1.0
edge_2422,PI,node_0186,node_1613,deprotonation,ionization,1.0
edge_2423,PI,node_0187,node_1614,electron_loss,ionization,1.0
edge_2424,PI,node_0187,node_1615,electron_gain,ionization,1.0
edge_2425,PI,node_0187,node_1616,protonation,ionization,1.0
edge_2426,PI,node_0187,node_1617,deprotonation,ionization,1.0
edge_2427,PI,node_0188,node_1618,electron_loss,ionization,1.0
edge_2428,PI,node_0188,node_1619,electron_gain,ionization,1.0
edge_2429,PI,node_0188,node_1620,protonation,ionization,1.0
edge_2430,PI,node_0188,node_1621,deprotonation,ionization,1.0
edge_2431,PI,node_0189,node_1622,electron_loss,ionization,1.0
edge_2432,PI,node_0189,node_1623,electron_gain,ionization,1.0
edge_2433,PI,node_0189,node_1624,protonation,ionization,1.0
edge_2434,PI,node_0189,node_1625,deprotonation,ionization,1.0
edge_2435,PI,node_0190,node_1626,electron_loss,ionization,1.0
edge_2436,PI,node_0190,node_1627,electron_gain,ionization,1.0
edge_2437,PI,node_0190,node_1628,protonation,ionization,1.0
edge_2438,PI,node_0190,node_1629,deprotonation,ionization,1.0
edge_2439,PI,node_0191,node_1630,electron_loss,ionization,1.0
edge_2440,PI,node_0191,node_1631,electron_gain,ionization,1.0
edge_2441,PI,node_0191,node_1632,protonation,ionization,1.0
edge_2442,PI,node_0191,node_1633,deprotonation,ionization,1.0
edge_2443,PI,node_0192,node_1634,electron_loss,ionization,1.0
edge_2444,PI,node_0192,node_1635,electron_gain,ionization,1.0
edge_2445,PI,node_0192,node_1636,protonation,ionization,1.0
edge_2446,PI,node_0192,node_1637,deprotonation,ionization,1.0
edge_2447,PI,node_0193,node_1638,electron_loss,ionization,1.0
edge_2448,PI,node_0193,node_1639,electron_gain,ionization,1.0
edge_2449,PI,node_0193,node_1640,protonation,ionization,1.0
edge_2450,PI,node_0193,node_1641,deprotonation,ionization,1.0
edge_2451,PI,node_0194,node_1642,electron_loss,ionization,1.0
edge_2452,PI,node_0194,node_1643,electron_gain,ionization,1.0
edge_2453,PI,node_0194,node_1644,protonation,ionization,1.0
edge_2454,PI,node_0194,node_1645,deprotonation,ionization,1.0
edge_2455,PI,node_0195,node_1646,electron_loss,ionization,1.0
edge_2456,PI,node_0195,node_1647,electron_gain,ionization,1.0
edge_2457,PI,node_0195,node_1648,protonation,ionization,1.0
edge_2458,PI,node_0195,node_1649,deprotonation,ionization,1.0
edge_2459,PI,node_0196,node_1650,electron_loss,ionization,1.0
edge_2460,PI,node_0196,node_1651,electron_gain,ionization,1.0
edge_2461,PI,node_0196,node_1652,protonation,ionization,1.0
edge_2462,PI,node_0196,node_1653,deprotonation,ionization,1.0
edge_2463,PI,node_0197,node_1654,electron_loss,ionization,1.0
edge_2464,PI,node_0197,node_1655,electron_gain,ionization,1.0
edge_2465,PI,node_0197,node_1656,protonation,ionization,1.0
edge_2466,PI,node_0197,node_1657,deprotonation,ionization,1.0
edge_2467,PI,node_0198,node_1658,electron_loss,ionization,1.0
edge_2468,PI,node_0198,node_1659,electron_gain,ionization,1.0
edge_2469,PI,node_0198,node_1660,protonation,ionization,1.0
edge_2470,PI,node_0198,node_1661,deprotonation,ionization,1.0
edge_2471,PI,node_0199,node_1662,electron_loss,ionization,1.0
edge_2472,PI,node_0199,node_1663,electron_gain,ionization,1.0
edge_2473,PI,node_0199,node_1664,protonation,ionization,1.0
edge_2474,PI,node_0199,node_1665,deprotonation,ionization,1.0
edge_2475,PI,node_0200,node_1666,electron_loss,ionization,1.0
edge_2476,PI,node_0200,node_1667,electron_gain,ionization,1.0
edge_2477,PI,node_0200,node_1668,protonation,ionization,1.0
edge_2478,PI,node_0200,node_1669,deprotonation,ionization,1.0
edge_2479,PI,node_0201,node_1670,electron_loss,ionization,1.0
edge_2480,PI,node_0201,node_1671,electron_gain,ionization,1.0
edge_2481,PI,node_0201,node_1672,protonation,ionization,1.0
edge_2482,PI,node_0201,node_1673,deprotonation,ionization,1.0
edge_2483,PI,node_0202,node_1674,electron_loss,ionization,1.0
edge_2484,PI,node_0202,node_1675,electron_gain,ionization,1.0
edge_2485,PI,node_0202,node_1676,protonation,ionization,1.0
edge_2486,PI,node_0202,node_1677,deprotonation,ionization,1.0
edge_2487,PI,node_0203,node_1678,electron_loss,ionization,1.0
edge_2488,PI,node_0203,node_1679,electron_gain,ionization,1.0
edge_2489,PI,node_0203,node_1680,protonation,ionization,1.0
edge_2490,PI,node_0203,node_1681,deprotonation,ionization,1.0
edge_2491,PI,node_0204,node_1682,electron_loss,ionization,1.0
edge_2492,PI,node_0204,node_1683,electron_gain,ionization,1.0
edge_2493,PI,node_0204,node_1684,protonation,ionization,1.0
edge_2494,PI,node_0204,node_1685,deprotonation,ionization,1.0
edge_2495,PI,node_0205,node_1686,electron_loss,ionization,1.0
edge_2496,PI,node_0205,node_1687,electron_gain,ionization,1.0
edge_2497,PI,node_0205,node_1688,protonation,ionization,1.0
edge_2498,PI,node_0205,node_1689,deprotonation,ionization,1.0
edge_2499,PI,node_0206,node_1690,electron_loss,ionization,1.0
edge_2500,PI,node_0206,node_1691,electron_gain,ionization,1.0
edge_2501,PI,node_0206,node_1692,protonation,ionization,1.0
edge_2502,PI,node_0206,node_1693,deprotonation,ionization,1.0
edge_2503,PI,node_0207,node_1694,electron_loss,ionization,1.0
edge_2504,PI,node_0207,node_1695,electron_gain,ionization,1.0
edge_2505,PI,node_0207,node_1696,protonation,ionization,1.0
edge_2506,PI,node_0207,node_1697,deprotonation,ionization,1.0
edge_2507,PI,node_0208,node_1698,electron_loss,ionization,1.0
edge_2508,PI,node_0208,node_1699,electron_gain,ionization,1.0
edge_2509,PI,node_0208,node_1700,protonation,ionization,1.0
edge_2510,PI,node_0208,node_1701,deprotonation,ionization,1.0
edge_2511,PI,node_0209,node_1702,electron_loss,ionization,1.0
edge_2512,PI,node_0209,node_1703,electron_gain,ionization,1.0
edge_2513,PI,node_0209,node_1704,protonation,ionization,1.0
edge_2514,PI,node_0209,node_1705,deprotonation,ionization,1.0
edge_2515,PI,node_0210,node_1706,electron_loss,ionization,1.0
edge_2516,PI,node_0210,node_1707,electron_gain,ionization,1.0
edge_2517,PI,node_0210,node_1708,protonation,ionization,1.0
edge_2518,PI,node_0210,node_1709,deprotonation,ionization,1.0
edge_2519,PI,node_0211,node_1710,electron_loss,ionization,1.0
edge_2520,PI,node_0211,node_1711,electron_gain,ionization,1.0
edge_2521,PI,node_0211,node_1712,protonation,ionization,1.0
edge_2522,PI,node_0211,node_1713,deprotonation,ionization,1.0
edge_2523,PI,node_0212,node_1714,electron_loss,ionization,1.0
edge_2524,PI,node_0212,node_1715,electron_gain,ionization,1.0
edge_2525,PI,node_0212,node_1716,protonation,ionization,1.0
edge_2526,PI,node_0212,node_1717,deprotonation,ionization,1.0
edge_2527,PI,node_0213,node_1718,electron_loss,ionization,1.0
edge_2528,PI,node_0213,node_1719,electron_gain,ionization,1.0
edge_2529,PI,node_0213,node_1720,protonation,ionization,1.0
edge_2530,PI,node_0213,node_1721,deprotonation,ionization,1.0
edge_2531,PI,node_0214,node_1722,electron_loss,ionization,1.0
edge_2532,PI,node_0214,node_1723,electron_gain,ionization,1.0
edge_2533,PI,node_0214,node_1724,protonation,ionization,1.0
edge_2534,PI,node_0214,node_1725,deprotonation,ionization,1.0
edge_2535,PI,node_0215,node_1726,electron_loss,ionization,1.0
edge_2536,PI,node_0215,node_1727,electron_gain,ionization,1.0
edge_2537,PI,node_0215,node_1728,protonation,ionization,1.0
edge_2538,PI,node_0215,node_1729,deprotonation,ionization,1.0
edge_2539,PI,node_0216,node_1730,electron_loss,ionization,1.0
edge_2540,PI,node_0216,node_1731,electron_gain,ionization,1.0
edge_2541,PI,node_0216,node_1732,protonation,ionization,1.0
edge_2542,PI,node_0216,node_1733,deprotonation,ionization,1.0
edge_2543,PI,node_0217,node_1734,electron_loss,ionization,1.0
edge_2544,PI,node_0217,node_1735,electron_gain,ionization,1.0
edge_2545,PI,node_0217,node_1736,protonation,ionization,1.0
edge_2546,PI,node_0217,node_1737,deprotonation,ionization,1.0
edge_2547,PI,node_0218,node_1738,electron_loss,ionization,1.0
edge_2548,PI,node_0218,node_1739,electron_gain,ionization,1.0
edge_2549,PI,node_0218,node_1740,protonation,ionization,1.0
edge_2550,PI,node_0218,node_1741,deprotonation,ionization,1.0
edge_2551,PI,node_0219,node_1742,electron_loss,ionization,1.0
edge_2552,PI,node_0219,node_1743,electron_gain,ionization,1.0
edge_2553,PI,node_0219,node_1744,protonation,ionization,1.0
edge_2554,PI,node_0219,node_1745,deprotonation,ionization,1.0
edge_2555,PI,node_0220,node_1746,electron_loss,ionization,1.0
edge_2556,PI,node_0220,node_1747,electron_gain,ionization,1.0
edge_2557,PI,node_0220,node_1748,protonation,ionization,1.0
edge_2558,PI,node_0220,node_1749,deprotonation,ionization,1.0
edge_2559,PI,node_0221,node_1750,electron_loss,ionization,1.0
edge_2560,PI,node_0221,node_1751,electron_gain,ionization,1.0
edge_2561,PI,node_0221,node_1752,protonation,ionization,1.0
edge_2562,PI,node_0221,node_1753,deprotonation,ionization,1.0
edge_2563,PI,node_0222,node_1754,electron_loss,ionization,1.0
edge_2564,PI,node_0222,node_1755,electron_gain,ionization,1.0
edge_2565,PI,node_0222,node_1756,protonation,ionization,1.0
edge_2566,PI,node_0222,node_1757,deprotonation,ionization,1.0
edge_2567,PI,node_0223,node_1758,electron_loss,ionization,1.0
edge_2568,PI,node_0223,node_1759,electron_gain,ionization,1.0
edge_2569,PI,node_0223,node_1760,protonation,ionization,1.0
edge_2570,PI,node_0223,node_1761,deprotonation,ionization,1.0
edge_2571,PI,node_0224,node_1762,electron_loss,ionization,1.0
edge_2572,PI,node_0224,node_1763,electron_gain,ionization,1.0
edge_2573,PI,node_0224,node_1764,protonation,ionization,1.0
edge_2574,PI,node_0224,node_1765,deprotonation,ionization,1.0
edge_2575,PI,node_0225,node_1766,electron_loss,ionization,1.0
edge_2576,PI,node_0225,node_1767,electron_gain,ionization,1.0
edge_2577,PI,node_0225,node_1768,protonation,ionization,1.0
edge_2578,PI,node_0225,node_1769,deprotonation,ionization,1.0
edge_2579,PI,node_0226,node_1770,electron_loss,ionization,1.0
edge_2580,PI,node_0226,node_1771,electron_gain,ionization,1.0
edge_2581,PI,node_0226,node_1772,protonation,ionization,1.0
edge_2582,PI,node_0226,node_1773,deprotonation,ionization,1.0
edge_2583,PI,node_0227,node_1774,electron_loss,ionization,1.0
edge_2584,PI,node_0227,node_1775,electron_gain,ionization,1.0
edge_2585,PI,node_0227,node_1776,protonation,ionization,1.0
edge_2586,PI,node_0227,node_1777,deprotonation,ionization,1.0
edge_2587,PI,node_0228,node_1778,electron_loss,ionization,1.0
edge_2588,PI,node_0228,node_1779,electron_gain,ionization,1.0
edge_2589,PI,node_0228,node_1780,protonation,ionization,1.0
edge_2590,PI,node_0228,node_1781,deprotonation,ionization,1.0
edge_2591,PI,node_0229,node_1782,electron_loss,ionization,1.0
edge_2592,PI,node_0229,node_1783,electron_gain,ionization,1.0
edge_2593,PI,node_0229,node_1784,protonation,ionization,1.0
edge_2594,PI,node_0229,node_1785,deprotonation,ionization,1.0
edge_2595,PI,node_0230,node_1786,electron_loss,ionization,1.0
edge_2596,PI,node_0230,node_1787,electron_gain,ionization,1.0
edge_2597,PI,node_0230,node_1788,protonation,ionization,1.0
edge_2598,PI,node_0230,node_1789,deprotonation,ionization,1.0
edge_2599,PI,node_0231,node_1790,electron_loss,ionization,1.0
edge_2600,PI,node_0231,node_1791,electron_gain,ionization,1.0
edge_2601,PI,node_0231,node_1792,protonation,ionization,1.0
edge_2602,PI,node_0231,node_1793,deprotonation,ionization,1.0
edge_2603,PI,node_0232,node_1794,electron_loss,ionization,1.0
edge_2604,PI,node_0232,node_1795,electron_gain,ionization,1.0
edge_2605,PI,node_0232,node_1796,protonation,ionization,1.0
edge_2606,PI,node_0232,node_1797,deprotonation,ionization,1.0
edge_2607,PI,node_0233,node_1798,electron_loss,ionization,1.0
edge_2608,PI,node_0233,node_1799,electron_gain,ionization,1.0
edge_2609,PI,node_0233,node_1800,protonation,ionization,1.0
edge_2610,PI,node_0233,node_1801,deprotonation,ionization,1.0
edge_2611,PI,node_0234,node_1802,electron_loss,ionization,1.0
edge_2612,PI,node_0234,node_1803,electron_gain,ionization,1.0
edge_2613,PI,node_0234,node_1804,protonation,ionization,1.0
edge_2614,PI,node_0234,node_1805,deprotonation,ionization,1.0
edge_2615,PI,node_0235,node_1806,electron_loss,ionization,1.0
edge_2616,PI,node_0235,node_1807,electron_gain,ionization,1.0
edge_2617,PI,node_0235,node_1808,protonation,ionization,1.0
edge_2618,PI,node_0235,node_1809,deprotonation,ionization,1.0
edge_2619,PI,node_0236,node_1810,electron_loss,ionization,1.0
edge_2620,PI,node_0236,node_1811,electron_gain,ionization,1.0
edge_2621,PI,node_0236,node_1812,protonation,ionization,1.0
edge_2622,PI,node_0236,node_1813,deprotonation,ionization,1.0
edge_2623,PI,node_0237,node_1814,electron_loss,ionization,1.0
edge_2624,PI,node_0237,node_1815,electron_gain,ionization,1.0
edge_2625,PI,node_0237,node_1816,protonation,ionization,1.0
edge_2626,PI,node_0237,node_1817,deprotonation,ionization,1.0
edge_2627,PI,node_0238,node_1818,electron_loss,ionization,1.0
edge_2628,PI,node_0238,node_1819,electron_gain,ionization,1.0
edge_2629,PI,node_0238,node_1820,protonation,ionization,1.0
edge_2630,PI,node_0238,node_1821,deprotonation,ionization,1.0
edge_2631,PI,node_0239,node_1822,electron_loss,ionization,1.0
edge_2632,PI,node_0239,node_1823,electron_gain,ionization,1.0
edge_2633,PI,node_0239,node_1824,protonation,ionization,1.0
edge_2634,PI,node_0239,node_1825,deprotonation,ionization,1.0
edge_2635,PI,node_0240,node_1826,electron_loss,ionization,1.0
edge_2636,PI,node_0240,node_1827,electron_gain,ionization,1.0
edge_2637,PI,node_0240,node_1828,protonation,ionization,1.0
edge_2638,PI,node_0240,node_1829,deprotonation,ionization,1.0
edge_2639,PI,node_0241,node_1830,electron_loss,ionization,1.0
edge_2640,PI,node_0241,node_1831,electron_gain,ionization,1.0
edge_2641,PI,node_0241,node_1832,protonation,ionization,1.0
edge_2642,PI,node_0241,node_1833,deprotonation,ionization,1.0
edge_2643,PI,node_0242,node_1834,electron_loss,ionization,1.0
edge_2644,PI,node_0242,node_1835,electron_gain,ionization,1.0
edge_2645,PI,node_0242,node_1836,protonation,ionization,1.0
edge_2646,PI,node_0242,node_1837,deprotonation,ionization,1.0
edge_2647,PI,node_0243,node_1838,electron_loss,ionization,1.0
edge_2648,PI,node_0243,node_1839,electron_gain,ionization,1.0
edge_2649,PI,node_0243,node_1840,protonation,ionization,1.0
edge_2650,PI,node_0243,node_1841,deprotonation,ionization,1.0
edge_2651,PI,node_0244,node_1842,electron_loss,ionization,1.0
edge_2652,PI,node_0244,node_1843,electron_gain,ionization,1.0
edge_2653,PI,node_0244,node_1844,protonation,ionization,1.0
edge_2654,PI,node_0244,node_1845,deprotonation,ionization,1.0
edge_2655,PI,node_0245,node_1846,electron_loss,ionization,1.0
edge_2656,PI,node_0245,node_1847,electron_gain,ionization,1.0
edge_2657,PI,node_0245,node_1848,protonation,ionization,1.0
edge_2658,PI,node_0245,node_1849,deprotonation,ionization,1.0
edge_2659,PI,node_0246,node_1850,electron_loss,ionization,1.0
edge_2660,PI,node_0246,node_1851,electron_gain,ionization,1.0
edge_2661,PI,node_0246,node_1852,protonation,ionization,1.0
edge_2662,PI,node_0246,node_1853,deprotonation,ionization,1.0
edge_2663,PI,node_0247,node_1854,electron_loss,ionization,1.0
edge_2664,PI,node_0247,node_1855,electron_gain,ionization,1.0
edge_2665,PI,node_0247,node_1856,protonation,ionization,1.0
edge_2666,PI,node_0247,node_1857,deprotonation,ionization,1.0
edge_2667,PI,node_0248,node_1858,electron_loss,ionization,1.0
edge_2668,PI,node_0248,node_1859,electron_gain,ionization,1.0
edge_2669,PI,node_0248,node_1860,protonation,ionization,1.0
edge_2670,PI,node_0248,node_1861,deprotonation,ionization,1.0
edge_2671,PI,node_0249,node_1862,electron_loss,ionization,1.0
edge_2672,PI,node_0249,node_1863,electron_gain,ionization,1.0
edge_2673,PI,node_0249,node_1864,protonation,ionization,1.0
edge_2674,PI,node_0249,node_1865,deprotonation,ionization,1.0
edge_2675,PI,node_0250,node_1866,electron_loss,ionization,1.0
edge_2676,PI,node_0250,node_1867,electron_gain,ionization,1.0
edge_2677,PI,node_0250,node_1868,protonation,ionization,1.0
edge_2678,PI,node_0250,node_1869,deprotonation,ionization,1.0
edge_2679,PI,node_0251,node_1870,electron_loss,ionization,1.0
edge_2680,PI,node_0251,node_1871,electron_gain,ionization,1.0
edge_2681,PI,node_0251,node_1872,protonation,ionization,1.0
edge_2682,PI,node_0251,node_1873,deprotonation,ionization,1.0
edge_2683,PI,node_0252,node_1874,electron_loss,ionization,1.0
edge_2684,PI,node_0252,node_1875,electron_gain,ionization,1.0
edge_2685,PI,node_0252,node_1876,protonation,ionization,1.0
edge_2686,PI,node_0252,node_1877,deprotonation,ionization,1.0
edge_2687,PI,node_0253,node_1878,electron_loss,ionization,1.0
edge_2688,PI,node_0253,node_1879,electron_gain,ionization,1.0
edge_2689,PI,node_0253,node_1880,protonation,ionization,1.0
edge_2690,PI,node_0253,node_1881,deprotonation,ionization,1.0
edge_2691,PI,node_0254,node_1882,electron_loss,ionization,1.0
edge_2692,PI,node_0254,node_1883,electron_gain,ionization,1.0
edge_2693,PI,node_0254,node_1884,protonation,ionization,1.0
edge_2694,PI,node_0254,node_1885,deprotonation,ionization,1.0
edge_2695,PI,node_0255,node_1886,electron_loss,ionization,1.0
edge_2696,PI,node_0255,node_1887,electron_gain,ionization,1.0
edge_2697,PI,node_0255,node_1888,protonation,ionization,1.0
edge_2698,PI,node_0255,node_1889,deprotonation,ionization,1.0
edge_2699,PI,node_0256,node_1890,electron_loss,ionization,1.0
edge_2700,PI,node_0256,node_1891,electron_gain,ionization,1.0
edge_2701,PI,node_0256,node_1892,protonation,ionization,1.0
edge_2702,PI,node_0256,node_1893,deprotonation,ionization,1.0
edge_2703,PI,node_0257,node_1894,electron_loss,ionization,1.0
edge_2704,PI,node_0257,node_1895,electron_gain,ionization,1.0
edge_2705,PI,node_0257,node_1896,protonation,ionization,1.0
edge_2706,PI,node_0257,node_1897,deprotonation,ionization,1.0
edge_2707,PI,node_0258,node_1898,electron_loss,ionization,1.0
edge_2708,PI,node_0258,node_1899,electron_gain,ionization,1.0
edge_2709,PI,node_0258,node_1900,protonation,ionization,1.0
edge_2710,PI,node_0258,node_1901,deprotonation,ionization,1.0
edge_2711,PI,node_0259,node_1902,electron_loss,ionization,1.0
edge_2712,PI,node_0259,node_1903,electron_gain,ionization,1.0
edge_2713,PI,node_0259,node_1904,protonation,ionization,1.0
edge_2714,PI,node_0259,node_1905,deprotonation,ionization,1.0
edge_2715,PI,node_0260,node_1906,electron_loss,ionization,1.0
edge_2716,PI,node_0260,node_1907,electron_gain,ionization,1.0
edge_2717,PI,node_0260,node_1908,protonation,ionization,1.0
edge_2718,PI,node_0260,node_1909,deprotonation,ionization,1.0
edge_2719,PI,node_0261,node_1910,electron_loss,ionization,1.0
edge_2720,PI,node_0261,node_1911,electron_gain,ionization,1.0
edge_2721,PI,node_0261,node_1912,protonation,ionization,1.0
edge_2722,PI,node_0261,node_1913,deprotonation,ionization,1.0
edge_2723,PI,node_0262,node_1914,electron_loss,ionization,1.0
edge_2724,PI,node_0262,node_1915,electron_gain,ionization,1.0
edge_2725,PI,node_0262,node_1916,protonation,ionization,1.0
edge_2726,PI,node_0262,node_1917,deprotonation,ionization,1.0
edge_2727,PI,node_0263,node_1918,electron_loss,ionization,1.0
edge_2728,PI,node_0263,node_1919,electron_gain,ionization,1.0
edge_2729,PI,node_0263,node_1920,protonation,ionization,1.0
edge_2730,PI,node_0263,node_1921,deprotonation,ionization,1.0
edge_2731,PI,node_0264,node_1922,electron_loss,ionization,1.0
edge_2732,PI,node_0264,node_1923,electron_gain,ionization,1.0
edge_2733,PI,node_0264,node_1924,protonation,ionization,1.0
edge_2734,PI,node_0264,node_1925,deprotonation,ionization,1.0
edge_2735,PI,node_0265,node_1926,electron_loss,ionization,1.0
edge_2736,PI,node_0265,node_1927,electron_gain,ionization,1.0
edge_2737,PI,node_0265,node_1928,protonation,ionization,1.0
edge_2738,PI,node_0265,node_1929,deprotonation,ionization,1.0
edge_2739,PI,node_0266,node_1930,electron_loss,ionization,1.0
edge_2740,PI,node_0266,node_1931,electron_gain,ionization,1.0
edge_2741,PI,node_0266,node_1932,protonation,ionization,1.0
edge_2742,PI,node_0266,node_1933,deprotonation,ionization,1.0
edge_2743,PI,node_0267,node_1934,electron_loss,ionization,1.0
edge_2744,PI,node_0267,node_1935,electron_gain,ionization,1.0
edge_2745,PI,node_0267,node_1936,protonation,ionization,1.0
edge_2746,PI,node_0267,node_1937,deprotonation,ionization,1.0
edge_2747,PI,node_0268,node_1938,electron_loss,ionization,1.0
edge_2748,PI,node_0268,node_1939,electron_gain,ionization,1.0
edge_2749,PI,node_0268,node_1940,protonation,ionization,1.0
edge_2750,PI,node_0268,node_1941,deprotonation,ionization,1.0
edge_2751,PI,node_0269,node_1942,electron_loss,ionization,1.0
edge_2752,PI,node_0269,node_1943,electron_gain,ionization,1.0
edge_2753,PI,node_0269,node_1944,protonation,ionization,1.0
edge_2754,PI,node_0269,node_1945,deprotonation,ionization,1.0
edge_2755,PI,node_0270,node_1946,electron_loss,ionization,1.0
edge_2756,PI,node_0270,node_1947,electron_gain,ionization,1.0
edge_2757,PI,node_0270,node_1948,protonation,ionization,1.0
edge_2758,PI,node_0270,node_1949,deprotonation,ionization,1.0
edge_2759,PI,node_0271,node_1950,electron_loss,ionization,1.0
edge_2760,PI,node_0271,node_1951,electron_gain,ionization,1.0
edge_2761,PI,node_0271,node_1952,protonation,ionization,1.0
edge_2762,PI,node_0271,node_1953,deprotonation,ionization,1.0
edge_2763,PI,node_0272,node_1954,electron_loss,ionization,1.0
edge_2764,PI,node_0272,node_1955,electron_gain,ionization,1.0
edge_2765,PI,node_0272,node_1956,protonation,ionization,1.0
edge_2766,PI,node_0272,node_1957,deprotonation,ionization,1.0
edge_2767,PI,node_0273,node_1958,electron_loss,ionization,1.0
edge_2768,PI,node_0273,node_1959,electron_gain,ionization,1.0
edge_2769,PI,node_0273,node_1960,protonation,ionization,1.0
edge_2770,PI,node_0273,node_1961,deprotonation,ionization,1.0
edge_2771,PI,node_0274,node_1962,electron_loss,ionization,1.0
edge_2772,PI,node_0274,node_1963,electron_gain,ionization,1.0
edge_2773,PI,node_0274,node_1964,protonation,ionization,1.0
edge_2774,PI,node_0274,node_1965,deprotonation,ionization,1.0
edge_2775,PI,node_0275,node_1966,electron_loss,ionization,1.0
edge_2776,PI,node_0275,node_1967,electron_gain,ionization,1.0
edge_2777,PI,node_0275,node_1968,protonation,ionization,1.0
edge_2778,PI,node_0275,node_1969,deprotonation,ionization,1.0
edge_2779,PI,node_0276,node_1970,electron_loss,ionization,1.0
edge_2780,PI,node_0276,node_1971,electron_gain,ionization,1.0
edge_2781,PI,node_0276,node_1972,protonation,ionization,1.0
edge_2782,PI,node_0276,node_1973,deprotonation,ionization,1.0
edge_2783,PI,node_0277,node_1974,electron_loss,ionization,1.0
edge_2784,PI,node_0277,node_1975,electron_gain,ionization,1.0
edge_2785,PI,node_0277,node_1976,protonation,ionization,1.0
edge_2786,PI,node_0277,node_1977,deprotonation,ionization,1.0
edge_2787,PI,node_0278,node_1978,electron_loss,ionization,1.0
edge_2788,PI,node_0278,node_1979,electron_gain,ionization,1.0
edge_2789,PI,node_0278,node_1980,protonation,ionization,1.0
edge_2790,PI,node_0278,node_1981,deprotonation,ionization,1.0
edge_2791,PI,node_0279,node_1982,electron_loss,ionization,1.0
edge_2792,PI,node_0279,node_1983,electron_gain,ionization,1.0
edge_2793,PI,node_0279,node_1984,protonation,ionization,1.0
edge_2794,PI,node_0279,node_1985,deprotonation,ionization,1.0
edge_2795,PI,node_0280,node_1986,electron_loss,ionization,1.0
edge_2796,PI,node_0280,node_1987,electron_gain,ionization,1.0
edge_2797,PI,node_0280,node_1988,protonation,ionization,1.0
edge_2798,PI,node_0280,node_1989,deprotonation,ionization,1.0
edge_2799,PI,node_0281,node_1990,electron_loss,ionization,1.0
edge_2800,PI,node_0281,node_1991,electron_gain,ionization,1.0
edge_2801,PI,node_0281,node_1992,protonation,ionization,1.0
edge_2802,PI,node_0281,node_1993,deprotonation,ionization,1.0
edge_2803,PI,node_0282,node_1994,electron_loss,ionization,1.0
edge_2804,PI,node_0282,node_1995,electron_gain,ionization,1.0
edge_2805,PI,node_0282,node_1996,protonation,ionization,1.0
edge_2806,PI,node_0282,node_1997,deprotonation,ionization,1.0
edge_2807,PI,node_0283,node_1998,electron_loss,ionization,1.0
edge_2808,PI,node_0283,node_1999,electron_gain,ionization,1.0
edge_2809,PI,node_0283,node_2000,protonation,ionization,1.0
edge_2810,PI,node_0283,node_2001,deprotonation,ionization,1.0
edge_2811,PI,node_0284,node_2002,electron_loss,ionization,1.0
edge_2812,PI,node_0284,node_2003,electron_gain,ionization,1.0
edge_2813,PI,node_0284,node_2004,protonation,ionization,1.0
edge_2814,PI,node_0284,node_2005,deprotonation,ionization,1.0
edge_2815,PI,node_0285,node_2006,electron_loss,ionization,1.0
edge_2816,PI,node_0285,node_2007,electron_gain,ionization,1.0
edge_2817,PI,node_0285,node_2008,protonation,ionization,1.0
edge_2818,PI,node_0285,node_2009,deprotonation,ionization,1.0
edge_2819,PI,node_0286,node_2010,electron_loss,ionization,1.0
edge_2820,PI,node_0286,node_2011,electron_gain,ionization,1.0
edge_2821,PI,node_0286,node_2012,protonation,ionization,1.0
edge_2822,PI,node_0286,node_2013,deprotonation,ionization,1.0
edge_2823,PI,node_0287,node_2014,electron_loss,ionization,1.0
edge_2824,PI,node_0287,node_2015,electron_gain,ionization,1.0
edge_2825,PI,node_0287,node_2016,protonation,ionization,1.0
edge_2826,PI,node_0287,node_2017,deprotonation,ionization,1.0
edge_2827,PI,node_0288,node_2018,electron_loss,ionization,1.0
edge_2828,PI,node_0288,node_2019,electron_gain,ionization,1.0
edge_2829,PI,node_0288,node_2020,protonation,ionization,1.0
edge_2830,PI,node_0288,node_2021,deprotonation,ionization,1.0
edge_2831,PI,node_0289,node_2022,electron_loss,ionization,1.0
edge_2832,PI,node_0289,node_2023,electron_gain,ionization,1.0
edge_2833,PI,node_0289,node_2024,protonation,ionization,1.0
edge_2834,PI,node_0289,node_2025,deprotonation,ionization,1.0
edge_2835,PI,node_0290,node_2026,electron_loss,ionization,1.0
edge_2836,PI,node_0290,node_2027,electron_gain,ionization,1.0
edge_2837,PI,node_0290,node_2028,protonation,ionization,1.0
edge_2838,PI,node_0290,node_2029,deprotonation,ionization,1.0
edge_2839,PI,node_0291,node_2030,electron_loss,ionization,1.0
edge_2840,PI,node_0291,node_2031,electron_gain,ionization,1.0
edge_2841,PI,node_0291,node_2032,protonation,ionization,1.0
edge_2842,PI,node_0291,node_2033,deprotonation,ionization,1.0
edge_2843,PI,node_0292,node_2034,electron_loss,ionization,1.0
edge_2844,PI,node_0292,node_2035,electron_gain,ionization,1.0
edge_2845,PI,node_0292,node_2036,protonation,ionization,1.0
edge_2846,PI,node_0292,node_2037,deprotonation,ionization,1.0
edge_2847,PI,node_0293,node_2038,electron_loss,ionization,1.0
edge_2848,PI,node_0293,node_2039,electron_gain,ionization,1.0
edge_2849,PI,node_0293,node_2040,protonation,ionization,1.0
edge_2850,PI,node_0293,node_2041,deprotonation,ionization,1.0
edge_2851,PI,node_0294,node_2042,electron_loss,ionization,1.0
edge_2852,PI,node_0294,node_2043,electron_gain,ionization,1.0
edge_2853,PI,node_0294,node_2044,protonation,ionization,1.0
edge_2854,PI,node_0294,node_2045,deprotonation,ionization,1.0
edge_2855,PI,node_0295,node_2046,electron_loss,ionization,1.0
edge_2856,PI,node_0295,node_2047,electron_gain,ionization,1.0
edge_2857,PI,node_0295,node_2048,protonation,ionization,1.0
edge_2858,PI,node_0295,node_2049,deprotonation,ionization,1.0
edge_2859,PI,node_0296,node_2050,electron_loss,ionization,1.0
edge_2860,PI,node_0296,node_2051,electron_gain,ionization,1.0
edge_2861,PI,node_0296,node_2052,protonation,ionization,1.0
edge_2862,PI,node_0296,node_2053,deprotonation,ionization,1.0
edge_2863,PI,node_0297,node_2054,electron_loss,ionization,1.0
edge_2864,PI,node_0297,node_2055,electron_gain,ionization,1.0
edge_2865,PI,node_0297,node_2056,protonation,ionization,1.0
edge_2866,PI,node_0297,node_2057,deprotonation,ionization,1.0
edge_2867,PI,node_0298,node_2058,electron_loss,ionization,1.0
edge_2868,PI,node_0298,node_2059,electron_gain,ionization,1.0
edge_2869,PI,node_0298,node_2060,protonation,ionization,1.0
edge_2870,PI,node_0298,node_2061,deprotonation,ionization,1.0
edge_2871,PI,node_0299,node_2062,electron_loss,ionization,1.0
edge_2872,PI,node_0299,node_2063,electron_gain,ionization,1.0
edge_2873,PI,node_0299,node_2064,protonation,ionization,1.0
edge_2874,PI,node_0299,node_2065,deprotonation,ionization,1.0
edge_2875,PI,node_0300,node_2066,electron_loss,ionization,1.0
edge_2876,PI,node_0300,node_2067,electron_gain,ionization,1.0
edge_2877,PI,node_0300,node_2068,protonation,ionization,1.0
edge_2878,PI,node_0300,node_2069,deprotonation,ionization,1.0
edge_2879,PI,node_0301,node_2070,electron_loss,ionization,1.0
edge_2880,PI,node_0301,node_2071,electron_gain,ionization,1.0
edge_2881,PI,node_0301,node_2072,protonation,ionization,1.0
edge_2882,PI,node_0301,node_2073,deprotonation,ionization,1.0
edge_2883,PI,node_0302,node_2074,electron_loss,ionization,1.0
edge_2884,PI,node_0302,node_2075,electron_gain,ionization,1.0
edge_2885,PI,node_0302,node_2076,protonation,ionization,1.0
edge_2886,PI,node_0302,node_2077,deprotonation,ionization,1.0
edge_2887,PI,node_0303,node_2078,electron_loss,ionization,1.0
edge_2888,PI,node_0303,node_2079,electron_gain,ionization,1.0
edge_2889,PI,node_0303,node_2080,protonation,ionization,1.0
edge_2890,PI,node_0303,node_2081,deprotonation,ionization,1.0
edge_2891,PI,node_0304,node_2082,electron_loss,ionization,1.0
edge_2892,PI,node_0304,node_2083,electron_gain,ionization,1.0
edge_2893,PI,node_0304,node_2084,protonation,ionization,1.0
edge_2894,PI,node_0304,node_2085,deprotonation,ionization,1.0
edge_2895,PI,node_0305,node_2086,electron_loss,ionization,1.0
edge_2896,PI,node_0305,node_2087,electron_gain,ionization,1.0
edge_2897,PI,node_0305,node_2088,protonation,ionization,1.0
edge_2898,PI,node_0305,node_2089,deprotonation,ionization,1.0
edge_2899,PI,node_0306,node_2090,electron_loss,ionization,1.0
edge_2900,PI,node_0306,node_2091,electron_gain,ionization,1.0
edge_2901,PI,node_0306,node_2092,protonation,ionization,1.0
edge_2902,PI,node_0306,node_2093,deprotonation,ionization,1.0
edge_2903,PI,node_0307,node_2094,electron_loss,ionization,1.0
edge_2904,PI,node_0307,node_2095,electron_gain,ionization,1.0
edge_2905,PI,node_0307,node_2096,protonation,ionization,1.0
edge_2906,PI,node_0307,node_2097,deprotonation,ionization,1.0
edge_2907,PI,node_0308,node_2098,electron_loss,ionization,1.0
edge_2908,PI,node_0308,node_2099,electron_gain,ionization,1.0
edge_2909,PI,node_0308,node_2100,protonation,ionization,1.0
edge_2910,PI,node_0308,node_2101,deprotonation,ionization,1.0
edge_2911,PI,node_0309,node_2102,electron_loss,ionization,1.0
edge_2912,PI,node_0309,node_2103,electron_gain,ionization,1.0
edge_2913,PI,node_0309,node_2104,protonation,ionization,1.0
edge_2914,PI,node_0309,node_2105,deprotonation,ionization,1.0
edge_2915,PI,node_0310,node_2106,electron_loss,ionization,1.0
edge_2916,PI,node_0310,node_2107,electron_gain,ionization,1.0
edge_2917,PI,node_0310,node_2108,protonation,ionization,1.0
edge_2918,PI,node_0310,node_2109,deprotonation,ionization,1.0
edge_2919,PI,node_0311,node_2110,electron_loss,ionization,1.0
edge_2920,PI,node_0311,node_2111,electron_gain,ionization,1.0
edge_2921,PI,node_0311,node_2112,protonation,ionization,1.0
edge_2922,PI,node_0311,node_2113,deprotonation,ionization,1.0
edge_2923,PI,node_0312,node_2114,electron_loss,ionization,1.0
edge_2924,PI,node_0312,node_2115,electron_gain,ionization,1.0
edge_2925,PI,node_0312,node_2116,protonation,ionization,1.0
edge_2926,PI,node_0312,node_2117,deprotonation,ionization,1.0
edge_2927,PI,node_0313,node_2118,electron_loss,ionization,1.0
edge_2928,PI,node_0313,node_2119,electron_gain,ionization,1.0
edge_2929,PI,node_0313,node_2120,protonation,ionization,1.0
edge_2930,PI,node_0313,node_2121,deprotonation,ionization,1.0
edge_2931,PI,node_0314,node_2122,electron_loss,ionization,1.0
edge_2932,PI,node_0314,node_2123,electron_gain,ionization,1.0
edge_2933,PI,node_0314,node_2124,protonation,ionization,1.0
edge_2934,PI,node_0314,node_2125,deprotonation,ionization,1.0
edge_2935,PI,node_0315,node_2126,electron_loss,ionization,1.0
edge_2936,PI,node_0315,node_2127,electron_gain,ionization,1.0
edge_2937,PI,node_0315,node_2128,protonation,ionization,1.0
edge_2938,PI,node_0315,node_2129,deprotonation,ionization,1.0
edge_2939,PI,node_0316,node_2130,electron_loss,ionization,1.0
edge_2940,PI,node_0316,node_2131,electron_gain,ionization,1.0
edge_2941,PI,node_0316,node_2132,protonation,ionization,1.0
edge_2942,PI,node_0316,node_2133,deprotonation,ionization,1.0
edge_2943,PI,node_0317,node_2134,electron_loss,ionization,1.0
edge_2944,PI,node_0317,node_2135,electron_gain,ionization,1.0
edge_2945,PI,node_0317,node_2136,protonation,ionization,1.0
edge_2946,PI,node_0317,node_2137,deprotonation,ionization,1.0
edge_2947,PI,node_0318,node_2138,electron_loss,ionization,1.0
edge_2948,PI,node_0318,node_2139,electron_gain,ionization,1.0
edge_2949,PI,node_0318,node_2140,protonation,ionization,1.0
edge_2950,PI,node_0318,node_2141,deprotonation,ionization,1.0
edge_2951,PI,node_0319,node_2142,electron_loss,ionization,1.0
edge_2952,PI,node_0319,node_2143,electron_gain,ionization,1.0
edge_2953,PI,node_0319,node_2144,protonation,ionization,1.0
edge_2954,PI,node_0319,node_2145,deprotonation,ionization,1.0
edge_2955,PI,node_0320,node_2146,electron_loss,ionization,1.0
edge_2956,PI,node_0320,node_2147,electron_gain,ionization,1.0
edge_2957,PI,node_0320,node_2148,protonation,ionization,1.0
edge_2958,PI,node_0320,node_2149,deprotonation,ionization,1.0
edge_2959,PI,node_0321,node_2150,electron_loss,ionization,1.0
edge_2960,PI,node_0321,node_2151,electron_gain,ionization,1.0
edge_2961,PI,node_0321,node_2152,protonation,ionization,1.0
edge_2962,PI,node_0321,node_2153,deprotonation,ionization,1.0
edge_2963,PI,node_0322,node_2154,electron_loss,ionization,1.0
edge_2964,PI,node_0322,node_2155,electron_gain,ionization,1.0
edge_2965,PI,node_0322,node_2156,protonation,ionization,1.0
edge_2966,PI,node_0322,node_2157,deprotonation,ionization,1.0
edge_2967,PI,node_0323,node_2158,electron_loss,ionization,1.0
edge_2968,PI,node_0323,node_2159,electron_gain,ionization,1.0
edge_2969,PI,node_0323,node_2160,protonation,ionization,1.0
edge_2970,PI,node_0323,node_2161,deprotonation,ionization,1.0
edge_2971,PI,node_0324,node_2162,electron_loss,ionization,1.0
edge_2972,PI,node_0324,node_2163,electron_gain,ionization,1.0
edge_2973,PI,node_0324,node_2164,protonation,ionization,1.0
edge_2974,PI,node_0324,node_2165,deprotonation,ionization,1.0
edge_2975,PI,node_0325,node_2166,electron_loss,ionization,1.0
edge_2976,PI,node_0325,node_2167,electron_gain,ionization,1.0
edge_2977,PI,node_0325,node_2168,protonation,ionization,1.0
edge_2978,PI,node_0325,node_2169,deprotonation,ionization,1.0
edge_2979,PI,node_0326,node_2170,electron_loss,ionization,1.0
edge_2980,PI,node_0326,node_2171,electron_gain,ionization,1.0
edge_2981,PI,node_0326,node_2172,protonation,ionization,1.0
edge_2982,PI,node_0326,node_2173,deprotonation,ionization,1.0
edge_2983,PI,node_0327,node_2174,electron_loss,ionization,1.0
edge_2984,PI,node_0327,node_2175,electron_gain,ionization,1.0
edge_2985,PI,node_0327,node_2176,protonation,ionization,1.0
edge_2986,PI,node_0327,node_2177,deprotonation,ionization,1.0
edge_2987,PI,node_0328,node_2178,electron_loss,ionization,1.0
edge_2988,PI,node_0328,node_2179,electron_gain,ionization,1.0
edge_2989,PI,node_0328,node_2180,protonation,ionization,1.0
edge_2990,PI,node_0328,node_2181,deprotonation,ionization,1.0
edge_2991,PI,node_0329,node_2182,electron_loss,ionization,1.0
edge_2992,PI,node_0329,node_2183,electron_gain,ionization,1.0
edge_2993,PI,node_0329,node_2184,protonation,ionization,1.0
edge_2994,PI,node_0329,node_2185,deprotonation,ionization,1.0
edge_2995,PI,node_0330,node_2186,electron_loss,ionization,1.0
edge_2996,PI,node_0330,node_2187,electron_gain,ionization,1.0
edge_2997,PI,node_0330,node_2188,protonation,ionization,1.0
edge_2998,PI,node_0330,node_2189,deprotonation,ionization,1.0
edge_2999,PI,node_0331,node_2190,electron_loss,ionization,1.0
edge_3000,PI,node_0331,node_2191,electron_gain,ionization,1.0
edge_3001,PI,node_0331,node_2192,protonation,ionization,1.0
edge_3002,PI,node_0331,node_2193,deprotonation,ionization,1.0
edge_3003,PI,node_0332,node_2194,electron_loss,ionization,1.0
edge_3004,PI,node_0332,node_2195,electron_gain,ionization,1.0
edge_3005,PI,node_0332,node_2196,protonation,ionization,1.0
edge_3006,PI,node_0332,node_2197,deprotonation,ionization,1.0
edge_3007,PI,node_0333,node_2198,electron_loss,ionization,1.0
edge_3008,PI,node_0333,node_2199,electron_gain,ionization,1.0
edge_3009,PI,node_0333,node_2200,protonation,ionization,1.0
edge_3010,PI,node_0333,node_2201,deprotonation,ionization,1.0
edge_3011,PI,node_0334,node_2202,electron_loss,ionization,1.0
edge_3012,PI,node_0334,node_2203,electron_gain,ionization,1.0
edge_3013,PI,node_0334,node_2204,protonation,ionization,1.0
edge_3014,PI,node_0334,node_2205,deprotonation,ionization,1.0
edge_3015,PI,node_0335,node_2206,electron_loss,ionization,1.0
edge_3016,PI,node_0335,node_2207,electron_gain,ionization,1.0
edge_3017,PI,node_0335,node_2208,protonation,ionization,1.0
edge_3018,PI,node_0335,node_2209,deprotonation,ionization,1.0
edge_3019,PI,node_0336,node_2210,electron_loss,ionization,1.0
edge_3020,PI,node_0336,node_2211,electron_gain,ionization,1.0
edge_3021,PI,node_0336,node_2212,protonation,ionization,1.0
edge_3022,PI,node_0336,node_2213,deprotonation,ionization,1.0
edge_3023,PI,node_0337,node_2214,electron_loss,ionization,1.0
edge_3024,PI,node_0337,node_2215,electron_gain,ionization,1.0
edge_3025,PI,node_0337,node_2216,protonation,ionization,1.0
edge_3026,PI,node_0337,node_2217,deprotonation,ionization,1.0
edge_3027,PI,node_0338,node_2218,electron_loss,ionization,1.0
edge_3028,PI,node_0338,node_2219,electron_gain,ionization,1.0
edge_3029,PI,node_0338,node_2220,protonation,ionization,1.0
edge_3030,PI,node_0338,node_2221,deprotonation,ionization,1.0
edge_3031,PI,node_0339,node_2222,electron_loss,ionization,1.0
edge_3032,PI,node_0339,node_2223,electron_gain,ionization,1.0
edge_3033,PI,node_0339,node_2224,protonation,ionization,1.0
edge_3034,PI,node_0339,node_2225,deprotonation,ionization,1.0
edge_3035,PI,node_0340,node_2226,electron_loss,ionization,1.0
edge_3036,PI,node_0340,node_2227,electron_gain,ionization,1.0
edge_3037,PI,node_0340,node_2228,protonation,ionization,1.0
edge_3038,PI,node_0340,node_2229,deprotonation,ionization,1.0
edge_3039,PI,node_0341,node_2230,electron_loss,ionization,1.0
edge_3040,PI,node_0341,node_2231,electron_gain,ionization,1.0
edge_3041,PI,node_0341,node_2232,protonation,ionization,1.0
edge_3042,PI,node_0341,node_2233,deprotonation,ionization,1.0
edge_3043,PI,node_0342,node_2234,electron_loss,ionization,1.0
edge_3044,PI,node_0342,node_2235,electron_gain,ionization,1.0
edge_3045,PI,node_0342,node_2236,protonation,ionization,1.0
edge_3046,PI,node_0342,node_2237,deprotonation,ionization,1.0
edge_3047,PI,node_0343,node_2238,electron_loss,ionization,1.0
edge_3048,PI,node_0343,node_2239,electron_gain,ionization,1.0
edge_3049,PI,node_0343,node_2240,protonation,ionization,1.0
edge_3050,PI,node_0343,node_2241,deprotonation,ionization,1.0
edge_3051,PI,node_0344,node_2242,electron_loss,ionization,1.0
edge_3052,PI,node_0344,node_2243,electron_gain,ionization,1.0
edge_3053,PI,node_0344,node_2244,protonation,ionization,1.0
edge_3054,PI,node_0344,node_2245,deprotonation,ionization,1.0
edge_3055,PI,node_0345,node_2246,electron_loss,ionization,1.0
edge_3056,PI,node_0345,node_2247,electron_gain,ionization,1.0
edge_3057,PI,node_0345,node_2248,protonation,ionization,1.0
edge_3058,PI,node_0345,node_2249,deprotonation,ionization,1.0
edge_3059,PI,node_0346,node_2250,electron_loss,ionization,1.0
edge_3060,PI,node_0346,node_2251,electron_gain,ionization,1.0
edge_3061,PI,node_0346,node_2252,protonation,ionization,1.0
edge_3062,PI,node_0346,node_2253,deprotonation,ionization,1.0
edge_3063,PI,node_0347,node_2254,electron_loss,ionization,1.0
edge_3064,PI,node_0347,node_2255,electron_gain,ionization,1.0
edge_3065,PI,node_0347,node_2256,protonation,ionization,1.0
edge_3066,PI,node_0347,node_2257,deprotonation,ionization,1.0
edge_3067,PI,node_0348,node_2258,electron_loss,ionization,1.0
edge_3068,PI,node_0348,node_2259,electron_gain,ionization,1.0
edge_3069,PI,node_0348,node_2260,protonation,ionization,1.0
edge_3070,PI,node_0348,node_2261,deprotonation,ionization,1.0
edge_3071,PI,node_0349,node_2262,electron_loss,ionization,1.0
edge_3072,PI,node_0349,node_2263,electron_gain,ionization,1.0
edge_3073,PI,node_0349,node_2264,protonation,ionization,1.0
edge_3074,PI,node_0349,node_2265,deprotonation,ionization,1.0
edge_3075,PI,node_0350,node_2266,electron_loss,ionization,1.0
edge_3076,PI,node_0350,node_2267,electron_gain,ionization,1.0
edge_3077,PI,node_0350,node_2268,protonation,ionization,1.0
edge_3078,PI,node_0350,node_2269,deprotonation,ionization,1.0
edge_3079,PI,node_0351,node_2270,electron_loss,ionization,1.0
edge_3080,PI,node_0351,node_2271,electron_gain,ionization,1.0
edge_3081,PI,node_0351,node_2272,protonation,ionization,1.0
edge_3082,PI,node_0351,node_2273,deprotonation,ionization,1.0
edge_3083,PI,node_0352,node_2274,electron_loss,ionization,1.0
edge_3084,PI,node_0352,node_2275,electron_gain,ionization,1.0
edge_3085,PI,node_0352,node_2276,protonation,ionization,1.0
edge_3086,PI,node_0352,node_2277,deprotonation,ionization,1.0
edge_3087,PI,node_0353,node_2278,electron_loss,ionization,1.0
edge_3088,PI,node_0353,node_2279,electron_gain,ionization,1.0
edge_3089,PI,node_0353,node_2280,protonation,ionization,1.0
edge_3090,PI,node_0353,node_2281,deprotonation,ionization,1.0
edge_3091,PI,node_0354,node_2282,electron_loss,ionization,1.0
edge_3092,PI,node_0354,node_2283,electron_gain,ionization,1.0
edge_3093,PI,node_0354,node_2284,protonation,ionization,1.0
edge_3094,PI,node_0354,node_2285,deprotonation,ionization,1.0
edge_3095,PI,node_0355,node_2286,electron_loss,ionization,1.0
edge_3096,PI,node_0355,node_2287,electron_gain,ionization,1.0
edge_3097,PI,node_0355,node_2288,protonation,ionization,1.0
edge_3098,PI,node_0355,node_2289,deprotonation,ionization,1.0
edge_3099,PI,node_0356,node_2290,electron_loss,ionization,1.0
edge_3100,PI,node_0356,node_2291,electron_gain,ionization,1.0
edge_3101,PI,node_0356,node_2292,protonation,ionization,1.0
edge_3102,PI,node_0356,node_2293,deprotonation,ionization,1.0
edge_3103,PI,node_0357,node_2294,electron_loss,ionization,1.0
edge_3104,PI,node_0357,node_2295,electron_gain,ionization,1.0
edge_3105,PI,node_0357,node_2296,protonation,ionization,1.0
edge_3106,PI,node_0357,node_2297,deprotonation,ionization,1.0
edge_3107,PI,node_0358,node_2298,electron_loss,ionization,1.0
edge_3108,PI,node_0358,node_2299,electron_gain,ionization,1.0
edge_3109,PI,node_0358,node_2300,protonation,ionization,1.0
edge_3110,PI,node_0358,node_2301,deprotonation,ionization,1.0
edge_3111,PI,node_0359,node_2302,electron_loss,ionization,1.0
edge_3112,PI,node_0359,node_2303,electron_gain,ionization,1.0
edge_3113,PI,node_0359,node_2304,protonation,ionization,1.0
edge_3114,PI,node_0359,node_2305,deprotonation,ionization,1.0
edge_3115,PI,node_0360,node_2306,electron_loss,ionization,1.0
edge_3116,PI,node_0360,node_2307,electron_gain,ionization,1.0
edge_3117,PI,node_0360,node_2308,protonation,ionization,1.0
edge_3118,PI,node_0360,node_2309,deprotonation,ionization,1.0
edge_3119,PI,node_0361,node_2310,electron_loss,ionization,1.0
edge_3120,PI,node_0361,node_2311,electron_gain,ionization,1.0
edge_3121,PI,node_0361,node_2312,protonation,ionization,1.0
edge_3122,PI,node_0361,node_2313,deprotonation,ionization,1.0
edge_3123,PI,node_0362,node_2314,electron_loss,ionization,1.0
edge_3124,PI,node_0362,node_2315,electron_gain,ionization,1.0
edge_3125,PI,node_0362,node_2316,protonation,ionization,1.0
edge_3126,PI,node_0362,node_2317,deprotonation,ionization,1.0
edge_3127,PI,node_0363,node_2318,electron_loss,ionization,1.0
edge_3128,PI,node_0363,node_2319,electron_gain,ionization,1.0
edge_3129,PI,node_0363,node_2320,protonation,ionization,1.0
edge_3130,PI,node_0363,node_2321,deprotonation,ionization,1.0
edge_3131,PI,node_0364,node_2322,electron_loss,ionization,1.0
edge_3132,PI,node_0364,node_2323,electron_gain,ionization,1.0
edge_3133,PI,node_0364,node_2324,protonation,ionization,1.0
edge_3134,PI,node_0364,node_2325,deprotonation,ionization,1.0
edge_3135,PI,node_0365,node_2326,electron_loss,ionization,1.0
edge_3136,PI,node_0365,node_2327,electron_gain,ionization,1.0
edge_3137,PI,node_0365,node_2328,protonation,ionization,1.0
edge_3138,PI,node_0365,node_2329,deprotonation,ionization,1.0
edge_3139,PI,node_0366,node_2330,electron_loss,ionization,1.0
edge_3140,PI,node_0366,node_2331,electron_gain,ionization,1.0
edge_3141,PI,node_0366,node_2332,protonation,ionization,1.0
edge_3142,PI,node_0366,node_2333,deprotonation,ionization,1.0
edge_3143,PI,node_0367,node_2334,electron_loss,ionization,1.0
edge_3144,PI,node_0367,node_2335,electron_gain,ionization,1.0
edge_3145,PI,node_0367,node_2336,protonation,ionization,1.0
edge_3146,PI,node_0367,node_2337,deprotonation,ionization,1.0
edge_3147,PI,node_0368,node_2338,electron_loss,ionization,1.0
edge_3148,PI,node_0368,node_2339,electron_gain,ionization,1.0
edge_3149,PI,node_0368,node_2340,protonation,ionization,1.0
edge_3150,PI,node_0368,node_2341,deprotonation,ionization,1.0
edge_3151,PI,node_0369,node_2342,electron_loss,ionization,1.0
edge_3152,PI,node_0369,node_2343,electron_gain,ionization,1.0
edge_3153,PI,node_0369,node_2344,protonation,ionization,1.0
edge_3154,PI,node_0369,node_2345,deprotonation,ionization,1.0
edge_3155,PI,node_0370,node_2346,electron_loss,ionization,1.0
edge_3156,PI,node_0370,node_2347,electron_gain,ionization,1.0
edge_3157,PI,node_0370,node_2348,protonation,ionization,1.0
edge_3158,PI,node_0370,node_2349,deprotonation,ionization,1.0
edge_3159,PI,node_0371,node_2350,electron_loss,ionization,1.0
edge_3160,PI,node_0371,node_2351,electron_gain,ionization,1.0
edge_3161,PI,node_0371,node_2352,protonation,ionization,1.0
edge_3162,PI,node_0371,node_2353,deprotonation,ionization,1.0
edge_3163,PI,node_0372,node_2354,electron_loss,ionization,1.0
edge_3164,PI,node_0372,node_2355,electron_gain,ionization,1.0
edge_3165,PI,node_0372,node_2356,protonation,ionization,1.0
edge_3166,PI,node_0372,node_2357,deprotonation,ionization,1.0
edge_3167,PI,node_0373,node_2358,electron_loss,ionization,1.0
edge_3168,PI,node_0373,node_2359,electron_gain,ionization,1.0
edge_3169,PI,node_0373,node_2360,protonation,ionization,1.0
edge_3170,PI,node_0373,node_2361,deprotonation,ionization,1.0
edge_3171,PI,node_0374,node_2362,electron_loss,ionization,1.0
edge_3172,PI,node_0374,node_2363,electron_gain,ionization,1.0
edge_3173,PI,node_0374,node_2364,protonation,ionization,1.0
edge_3174,PI,node_0374,node_2365,deprotonation,ionization,1.0
edge_3175,PI,node_0375,node_2366,electron_loss,ionization,1.0
edge_3176,PI,node_0375,node_2367,electron_gain,ionization,1.0
edge_3177,PI,node_0375,node_2368,protonation,ionization,1.0
edge_3178,PI,node_0375,node_2369,deprotonation,ionization,1.0
edge_3179,PI,node_0376,node_2370,electron_loss,ionization,1.0
edge_3180,PI,node_0376,node_2371,electron_gain,ionization,1.0
edge_3181,PI,node_0376,node_2372,protonation,ionization,1.0
edge_3182,PI,node_0376,node_2373,deprotonation,ionization,1.0
edge_3183,PI,node_0377,node_2374,electron_loss,ionization,1.0
edge_3184,PI,node_0377,node_2375,electron_gain,ionization,1.0
edge_3185,PI,node_0377,node_2376,protonation,ionization,1.0
edge_3186,PI,node_0377,node_2377,deprotonation,ionization,1.0
edge_3187,PI,node_0378,node_2378,electron_loss,ionization,1.0
edge_3188,PI,node_0378,node_2379,electron_gain,ionization,1.0
edge_3189,PI,node_0378,node_2380,protonation,ionization,1.0
edge_3190,PI,node_0378,node_2381,deprotonation,ionization,1.0
edge_3191,PI,node_0379,node_2382,electron_loss,ionization,1.0
edge_3192,PI,node_0379,node_2383,electron_gain,ionization,1.0
edge_3193,PI,node_0379,node_2384,protonation,ionization,1.0
edge_3194,PI,node_0379,node_2385,deprotonation,ionization,1.0
edge_3195,PI,node_0380,node_2386,electron_loss,ionization,1.0
edge_3196,PI,node_0380,node_2387,electron_gain,ionization,1.0
edge_3197,PI,node_0380,node_2388,protonation,ionization,1.0
edge_3198,PI,node_0380,node_2389,deprotonation,ionization,1.0
edge_3199,PI,node_0381,node_2390,electron_loss,ionization,1.0
edge_3200,PI,node_0381,node_2391,electron_gain,ionization,1.0
edge_3201,PI,node_0381,node_2392,protonation,ionization,1.0
edge_3202,PI,node_0381,node_2393,deprotonation,ionization,1.0
edge_3203,PI,node_0382,node_2394,electron_loss,ionization,1.0
edge_3204,PI,node_0382,node_2395,electron_gain,ionization,1.0
edge_3205,PI,node_0382,node_2396,protonation,ionization,1.0
edge_3206,PI,node_0382,node_2397,deprotonation,ionization,1.0
edge_3207,PI,node_0383,node_2398,electron_loss,ionization,1.0
edge_3208,PI,node_0383,node_2399,electron_gain,ionization,1.0
edge_3209,PI,node_0383,node_2400,protonation,ionization,1.0
edge_3210,PI,node_0383,node_2401,deprotonation,ionization,1.0
edge_3211,PI,node_0384,node_2402,electron_loss,ionization,1.0
edge_3212,PI,node_0384,node_2403,electron_gain,ionization,1.0
edge_3213,PI,node_0384,node_2404,protonation,ionization,1.0
edge_3214,PI,node_0384,node_2405,deprotonation,ionization,1.0
edge_3215,PI,node_0385,node_2406,electron_loss,ionization,1.0
edge_3216,PI,node_0385,node_2407,electron_gain,ionization,1.0
edge_3217,PI,node_0385,node_2408,protonation,ionization,1.0
edge_3218,PI,node_0385,node_2409,deprotonation,ionization,1.0
edge_3219,PI,node_0386,node_2410,electron_loss,ionization,1.0
edge_3220,PI,node_0386,node_2411,electron_gain,ionization,1.0
edge_3221,PI,node_0386,node_2412,protonation,ionization,1.0
edge_3222,PI,node_0386,node_2413,deprotonation,ionization,1.0
edge_3223,PI,node_0387,node_2414,electron_loss,ionization,1.0
edge_3224,PI,node_0387,node_2415,electron_gain,ionization,1.0
edge_3225,PI,node_0387,node_2416,protonation,ionization,1.0
edge_3226,PI,node_0387,node_2417,deprotonation,ionization,1.0
edge_3227,PI,node_0388,node_2418,electron_loss,ionization,1.0
edge_3228,PI,node_0388,node_2419,electron_gain,ionization,1.0
edge_3229,PI,node_0388,node_2420,protonation,ionization,1.0
edge_3230,PI,node_0388,node_2421,deprotonation,ionization,1.0
edge_3231,PI,node_0389,node_2422,electron_loss,ionization,1.0
edge_3232,PI,node_0389,node_2423,electron_gain,ionization,1.0
edge_3233,PI,node_0389,node_2424,protonation,ionization,1.0
edge_3234,PI,node_0389,node_2425,deprotonation,ionization,1.0
edge_3235,PI,node_0390,node_2426,electron_loss,ionization,1.0
edge_3236,PI,node_0390,node_2427,electron_gain,ionization,1.0
edge_3237,PI,node_0390,node_2428,protonation,ionization,1.0
edge_3238,PI,node_0390,node_2429,deprotonation,ionization,1.0
edge_3239,PI,node_0391,node_2430,electron_loss,ionization,1.0
edge_3240,PI,node_0391,node_2431,electron_gain,ionization,1.0
edge_3241,PI,node_0391,node_2432,protonation,ionization,1.0
edge_3242,PI,node_0391,node_2433,deprotonation,ionization,1.0
edge_3243,PI,node_0392,node_2434,electron_loss,ionization,1.0
edge_3244,PI,node_0392,node_2435,electron_gain,ionization,1.0
edge_3245,PI,node_0392,node_2436,protonation,ionization,1.0
edge_3246,PI,node_0392,node_2437,deprotonation,ionization,1.0
edge_3247,PI,node_0393,node_2438,electron_loss,ionization,1.0
edge_3248,PI,node_0393,node_2439,electron_gain,ionization,1.0
edge_3249,PI,node_0393,node_2440,protonation,ionization,1.0
edge_3250,PI,node_0393,node_2441,deprotonation,ionization,1.0
edge_3251,PI,node_0394,node_2442,electron_loss,ionization,1.0
edge_3252,PI,node_0394,node_2443,electron_gain,ionization,1.0
edge_3253,PI,node_0394,node_2444,protonation,ionization,1.0
edge_3254,PI,node_0394,node_2445,deprotonation,ionization,1.0
edge_3255,PI,node_0395,node_2446,electron_loss,ionization,1.0
edge_3256,PI,node_0395,node_2447,electron_gain,ionization,1.0
edge_3257,PI,node_0395,node_2448,protonation,ionization,1.0
edge_3258,PI,node_0395,node_2449,deprotonation,ionization,1.0
edge_3259,PI,node_0396,node_2450,electron_loss,ionization,1.0
edge_3260,PI,node_0396,node_2451,electron_gain,ionization,1.0
edge_3261,PI,node_0396,node_2452,protonation,ionization,1.0
edge_3262,PI,node_0396,node_2453,deprotonation,ionization,1.0
edge_3263,PI,node_0397,node_2454,electron_loss,ionization,1.0
edge_3264,PI,node_0397,node_2455,electron_gain,ionization,1.0
edge_3265,PI,node_0397,node_2456,protonation,ionization,1.0
edge_3266,PI,node_0397,node_2457,deprotonation,ionization,1.0
edge_3267,PI,node_0398,node_2458,electron_loss,ionization,1.0
edge_3268,PI,node_0398,node_2459,electron_gain,ionization,1.0
edge_3269,PI,node_0398,node_2460,protonation,ionization,1.0
edge_3270,PI,node_0398,node_2461,deprotonation,ionization,1.0
edge_3271,PI,node_0399,node_2462,electron_loss,ionization,1.0
edge_3272,PI,node_0399,node_2463,electron_gain,ionization,1.0
edge_3273,PI,node_0399,node_2464,protonation,ionization,1.0
edge_3274,PI,node_0399,node_2465,deprotonation,ionization,1.0
edge_3275,PI,node_0400,node_2466,electron_loss,ionization,1.0
edge_3276,PI,node_0400,node_2467,electron_gain,ionization,1.0
edge_3277,PI,node_0400,node_2468,protonation,ionization,1.0
edge_3278,PI,node_0400,node_2469,deprotonation,ionization,1.0
edge_3279,PI,node_0401,node_2470,electron_loss,ionization,1.0
edge_3280,PI,node_0401,node_2471,electron_gain,ionization,1.0
edge_3281,PI,node_0401,node_2472,protonation,ionization,1.0
edge_3282,PI,node_0401,node_2473,deprotonation,ionization,1.0
edge_3283,PI,node_0402,node_2474,electron_loss,ionization,1.0
edge_3284,PI,node_0402,node_2475,electron_gain,ionization,1.0
edge_3285,PI,node_0402,node_2476,protonation,ionization,1.0
edge_3286,PI,node_0402,node_2477,deprotonation,ionization,1.0
edge_3287,PI,node_0403,node_2478,electron_loss,ionization,1.0
edge_3288,PI,node_0403,node_2479,electron_gain,ionization,1.0
edge_3289,PI,node_0403,node_2480,protonation,ionization,1.0
edge_3290,PI,node_0403,node_2481,deprotonation,ionization,1.0
edge_3291,PI,node_0404,node_2482,electron_loss,ionization,1.0
edge_3292,PI,node_0404,node_2483,electron_gain,ionization,1.0
edge_3293,PI,node_0404,node_2484,protonation,ionization,1.0
edge_3294,PI,node_0404,node_2485,deprotonation,ionization,1.0
edge_3295,PI,node_0405,node_2486,electron_loss,ionization,1.0
edge_3296,PI,node_0405,node_2487,electron_gain,ionization,1.0
edge_3297,PI,node_0405,node_2488,protonation,ionization,1.0
edge_3298,PI,node_0405,node_2489,deprotonation,ionization,1.0
edge_3299,PI,node_0406,node_2490,electron_loss,ionization,1.0
edge_3300,PI,node_0406,node_2491,electron_gain,ionization,1.0
edge_3301,PI,node_0406,node_2492,protonation,ionization,1.0
edge_3302,PI,node_0406,node_2493,deprotonation,ionization,1.0
edge_3303,PI,node_0407,node_2494,electron_loss,ionization,1.0
edge_3304,PI,node_0407,node_2495,electron_gain,ionization,1.0
edge_3305,PI,node_0407,node_2496,protonation,ionization,1.0
edge_3306,PI,node_0407,node_2497,deprotonation,ionization,1.0
edge_3307,PI,node_0408,node_2498,electron_loss,ionization,1.0
edge_3308,PI,node_0408,node_2499,electron_gain,ionization,1.0
edge_3309,PI,node_0408,node_2500,protonation,ionization,1.0
edge_3310,PI,node_0408,node_2501,deprotonation,ionization,1.0
edge_3311,PI,node_0409,node_2502,electron_loss,ionization,1.0
edge_3312,PI,node_0409,node_2503,electron_gain,ionization,1.0
edge_3313,PI,node_0409,node_2504,protonation,ionization,1.0
edge_3314,PI,node_0409,node_2505,deprotonation,ionization,1.0
edge_3315,PI,node_0410,node_2506,electron_loss,ionization,1.0
edge_3316,PI,node_0410,node_2507,electron_gain,ionization,1.0
edge_3317,PI,node_0410,node_2508,protonation,ionization,1.0
edge_3318,PI,node_0410,node_2509,deprotonation,ionization,1.0
edge_3319,PI,node_0411,node_2510,electron_loss,ionization,1.0
edge_3320,PI,node_0411,node_2511,electron_gain,ionization,1.0
edge_3321,PI,node_0411,node_2512,protonation,ionization,1.0
edge_3322,PI,node_0411,node_2513,deprotonation,ionization,1.0
edge_3323,PI,node_0412,node_2514,electron_loss,ionization,1.0
edge_3324,PI,node_0412,node_2515,electron_gain,ionization,1.0
edge_3325,PI,node_0412,node_2516,protonation,ionization,1.0
edge_3326,PI,node_0412,node_2517,deprotonation,ionization,1.0
edge_3327,PI,node_0413,node_2518,electron_loss,ionization,1.0
edge_3328,PI,node_0413,node_2519,electron_gain,ionization,1.0
edge_3329,PI,node_0413,node_2520,protonation,ionization,1.0
edge_3330,PI,node_0413,node_2521,deprotonation,ionization,1.0
edge_3331,PI,node_0414,node_2522,electron_loss,ionization,1.0
edge_3332,PI,node_0414,node_2523,electron_gain,ionization,1.0
edge_3333,PI,node_0414,node_2524,protonation,ionization,1.0
edge_3334,PI,node_0414,node_2525,deprotonation,ionization,1.0
edge_3335,PI,node_0415,node_2526,electron_loss,ionization,1.0
edge_3336,PI,node_0415,node_2527,electron_gain,ionization,1.0
edge_3337,PI,node_0415,node_2528,protonation,ionization,1.0
edge_3338,PI,node_0415,node_2529,deprotonation,ionization,1.0
edge_3339,PI,node_0416,node_2530,electron_loss,ionization,1.0
edge_3340,PI,node_0416,node_2531,electron_gain,ionization,1.0
edge_3341,PI,node_0416,node_2532,protonation,ionization,1.0
edge_3342,PI,node_0416,node_2533,deprotonation,ionization,1.0
edge_3343,PI,node_0417,node_2534,electron_loss,ionization,1.0
edge_3344,PI,node_0417,node_2535,electron_gain,ionization,1.0
edge_3345,PI,node_0417,node_2536,protonation,ionization,1.0
edge_3346,PI,node_0417,node_2537,deprotonation,ionization,1.0
edge_3347,PI,node_0418,node_2538,electron_loss,ionization,1.0
edge_3348,PI,node_0418,node_2539,electron_gain,ionization,1.0
edge_3349,PI,node_0418,node_2540,protonation,ionization,1.0
edge_3350,PI,node_0418,node_2541,deprotonation,ionization,1.0
edge_3351,PI,node_0419,node_2542,electron_loss,ionization,1.0
edge_3352,PI,node_0419,node_2543,electron_gain,ionization,1.0
edge_3353,PI,node_0419,node_2544,protonation,ionization,1.0
edge_3354,PI,node_0419,node_2545,deprotonation,ionization,1.0
edge_3355,PI,node_0420,node_2546,electron_loss,ionization,1.0
edge_3356,PI,node_0420,node_2547,electron_gain,ionization,1.0
edge_3357,PI,node_0420,node_2548,protonation,ionization,1.0
edge_3358,PI,node_0420,node_2549,deprotonation,ionization,1.0
edge_3359,PI,node_0421,node_2550,electron_loss,ionization,1.0
edge_3360,PI,node_0421,node_2551,electron_gain,ionization,1.0
edge_3361,PI,node_0421,node_2552,protonation,ionization,1.0
edge_3362,PI,node_0421,node_2553,deprotonation,ionization,1.0
edge_3363,PI,node_0422,node_2554,electron_loss,ionization,1.0
edge_3364,PI,node_0422,node_2555,electron_gain,ionization,1.0
edge_3365,PI,node_0422,node_2556,protonation,ionization,1.0
edge_3366,PI,node_0422,node_2557,deprotonation,ionization,1.0
edge_3367,PI,node_0423,node_2558,electron_loss,ionization,1.0
edge_3368,PI,node_0423,node_2559,electron_gain,ionization,1.0
edge_3369,PI,node_0423,node_2560,protonation,ionization,1.0
edge_3370,PI,node_0423,node_2561,deprotonation,ionization,1.0
edge_3371,PI,node_0424,node_2562,electron_loss,ionization,1.0
edge_3372,PI,node_0424,node_2563,electron_gain,ionization,1.0
edge_3373,PI,node_0424,node_2564,protonation,ionization,1.0
edge_3374,PI,node_0424,node_2565,deprotonation,ionization,1.0
edge_3375,PI,node_0425,node_2566,electron_loss,ionization,1.0
edge_3376,PI,node_0425,node_2567,electron_gain,ionization,1.0
edge_3377,PI,node_0425,node_2568,protonation,ionization,1.0
edge_3378,PI,node_0425,node_2569,deprotonation,ionization,1.0
edge_3379,PI,node_0426,node_2570,electron_loss,ionization,1.0
edge_3380,PI,node_0426,node_2571,electron_gain,ionization,1.0
edge_3381,PI,node_0426,node_2572,protonation,ionization,1.0
edge_3382,PI,node_0426,node_2573,deprotonation,ionization,1.0
edge_3383,PI,node_0427,node_2574,electron_loss,ionization,1.0
edge_3384,PI,node_0427,node_2575,electron_gain,ionization,1.0
edge_3385,PI,node_0427,node_2576,protonation,ionization,1.0
edge_3386,PI,node_0427,node_2577,deprotonation,ionization,1.0
edge_3387,PI,node_0428,node_2578,electron_loss,ionization,1.0
edge_3388,PI,node_0428,node_2579,electron_gain,ionization,1.0
edge_3389,PI,node_0428,node_2580,protonation,ionization,1.0
edge_3390,PI,node_0428,node_2581,deprotonation,ionization,1.0
edge_3391,PI,node_0429,node_2582,electron_loss,ionization,1.0
edge_3392,PI,node_0429,node_2583,electron_gain,ionization,1.0
edge_3393,PI,node_0429,node_2584,protonation,ionization,1.0
edge_3394,PI,node_0429,node_2585,deprotonation,ionization,1.0
edge_3395,PI,node_0430,node_2586,electron_loss,ionization,1.0
edge_3396,PI,node_0430,node_2587,electron_gain,ionization,1.0
edge_3397,PI,node_0430,node_2588,protonation,ionization,1.0
edge_3398,PI,node_0430,node_2589,deprotonation,ionization,1.0
edge_3399,PI,node_0431,node_2590,electron_loss,ionization,1.0
edge_3400,PI,node_0431,node_2591,electron_gain,ionization,1.0
edge_3401,PI,node_0431,node_2592,protonation,ionization,1.0
edge_3402,PI,node_0431,node_2593,deprotonation,ionization,1.0
edge_3403,PI,node_0432,node_2594,electron_loss,ionization,1.0
edge_3404,PI,node_0432,node_2595,electron_gain,ionization,1.0
edge_3405,PI,node_0432,node_2596,protonation,ionization,1.0
edge_3406,PI,node_0432,node_2597,deprotonation,ionization,1.0
edge_3407,PI,node_0433,node_2598,electron_loss,ionization,1.0
edge_3408,PI,node_0433,node_2599,electron_gain,ionization,1.0
edge_3409,PI,node_0433,node_2600,protonation,ionization,1.0
edge_3410,PI,node_0433,node_2601,deprotonation,ionization,1.0
edge_3411,PI,node_0434,node_2602,electron_loss,ionization,1.0
edge_3412,PI,node_0434,node_2603,electron_gain,ionization,1.0
edge_3413,PI,node_0434,node_2604,protonation,ionization,1.0
edge_3414,PI,node_0434,node_2605,deprotonation,ionization,1.0
edge_3415,PI,node_0435,node_2606,electron_loss,ionization,1.0
edge_3416,PI,node_0435,node_2607,electron_gain,ionization,1.0
edge_3417,PI,node_0435,node_2608,protonation,ionization,1.0
edge_3418,PI,node_0435,node_2609,deprotonation,ionization,1.0
edge_3419,PI,node_0436,node_2610,electron_loss,ionization,1.0
edge_3420,PI,node_0436,node_2611,electron_gain,ionization,1.0
edge_3421,PI,node_0436,node_2612,protonation,ionization,1.0
edge_3422,PI,node_0436,node_2613,deprotonation,ionization,1.0
edge_3423,PI,node_0437,node_2614,electron_loss,ionization,1.0
edge_3424,PI,node_0437,node_2615,electron_gain,ionization,1.0
edge_3425,PI,node_0437,node_2616,protonation,ionization,1.0
edge_3426,PI,node_0437,node_2617,deprotonation,ionization,1.0
edge_3427,PI,node_0438,node_2618,electron_loss,ionization,1.0
edge_3428,PI,node_0438,node_2619,electron_gain,ionization,1.0
edge_3429,PI,node_0438,node_2620,protonation,ionization,1.0
edge_3430,PI,node_0438,node_2621,deprotonation,ionization,1.0
edge_3431,PI,node_0439,node_2622,electron_loss,ionization,1.0
edge_3432,PI,node_0439,node_2623,electron_gain,ionization,1.0
edge_3433,PI,node_0439,node_2624,protonation,ionization,1.0
edge_3434,PI,node_0439,node_2625,deprotonation,ionization,1.0
edge_3435,PI,node_0440,node_2626,electron_loss,ionization,1.0
edge_3436,PI,node_0440,node_2627,electron_gain,ionization,1.0
edge_3437,PI,node_0440,node_2628,protonation,ionization,1.0
edge_3438,PI,node_0440,node_2629,deprotonation,ionization,1.0
edge_3439,PI,node_0441,node_2630,electron_loss,ionization,1.0
edge_3440,PI,node_0441,node_2631,electron_gain,ionization,1.0
edge_3441,PI,node_0441,node_2632,protonation,ionization,1.0
edge_3442,PI,node_0441,node_2633,deprotonation,ionization,1.0
edge_3443,PI,node_0442,node_2634,electron_loss,ionization,1.0
edge_3444,PI,node_0442,node_2635,electron_gain,ionization,1.0
edge_3445,PI,node_0442,node_2636,protonation,ionization,1.0
edge_3446,PI,node_0442,node_2637,deprotonation,ionization,1.0
edge_3447,PI,node_0443,node_2638,electron_loss,ionization,1.0
edge_3448,PI,node_0443,node_2639,electron_gain,ionization,1.0
edge_3449,PI,node_0443,node_2640,protonation,ionization,1.0
edge_3450,PI,node_0443,node_2641,deprotonation,ionization,1.0
edge_3451,PI,node_0444,node_2642,electron_loss,ionization,1.0
edge_3452,PI,node_0444,node_2643,electron_gain,ionization,1.0
edge_3453,PI,node_0444,node_2644,protonation,ionization,1.0
edge_3454,PI,node_0444,node_2645,deprotonation,ionization,1.0
edge_3455,PI,node_0445,node_2646,electron_loss,ionization,1.0
edge_3456,PI,node_0445,node_2647,electron_gain,ionization,1.0
edge_3457,PI,node_0445,node_2648,protonation,ionization,1.0
edge_3458,PI,node_0445,node_2649,deprotonation,ionization,1.0
edge_3459,PI,node_0446,node_2650,electron_loss,ionization,1.0
edge_3460,PI,node_0446,node_2651,electron_gain,ionization,1.0
edge_3461,PI,node_0446,node_2652,protonation,ionization,1.0
edge_3462,PI,node_0446,node_2653,deprotonation,ionization,1.0
edge_3463,PI,node_0447,node_2654,electron_loss,ionization,1.0
edge_3464,PI,node_0447,node_2655,electron_gain,ionization,1.0
edge_3465,PI,node_0447,node_2656,protonation,ionization,1.0
edge_3466,PI,node_0447,node_2657,deprotonation,ionization,1.0
edge_3467,PI,node_0448,node_2658,electron_loss,ionization,1.0
edge_3468,PI,node_0448,node_2659,electron_gain,ionization,1.0
edge_3469,PI,node_0448,node_2660,protonation,ionization,1.0
edge_3470,PI,node_0448,node_2661,deprotonation,ionization,1.0
edge_3471,PI,node_0449,node_2662,electron_loss,ionization,1.0
edge_3472,PI,node_0449,node_2663,electron_gain,ionization,1.0
edge_3473,PI,node_0449,node_2664,protonation,ionization,1.0
edge_3474,PI,node_0449,node_2665,deprotonation,ionization,1.0
edge_3475,PI,node_0450,node_2666,electron_loss,ionization,1.0
edge_3476,PI,node_0450,node_2667,electron_gain,ionization,1.0
edge_3477,PI,node_0450,node_2668,protonation,ionization,1.0
edge_3478,PI,node_0450,node_2669,deprotonation,ionization,1.0
edge_3479,PI,node_0451,node_2670,electron_loss,ionization,1.0
edge_3480,PI,node_0451,node_2671,electron_gain,ionization,1.0
edge_3481,PI,node_0451,node_2672,protonation,ionization,1.0
edge_3482,PI,node_0451,node_2673,deprotonation,ionization,1.0
edge_3483,PI,node_0452,node_2674,electron_loss,ionization,1.0
edge_3484,PI,node_0452,node_2675,electron_gain,ionization,1.0
edge_3485,PI,node_0452,node_2676,protonation,ionization,1.0
edge_3486,PI,node_0452,node_2677,deprotonation,ionization,1.0
edge_3487,PI,node_0453,node_2678,electron_loss,ionization,1.0
edge_3488,PI,node_0453,node_2679,electron_gain,ionization,1.0
edge_3489,PI,node_0453,node_2680,protonation,ionization,1.0
edge_3490,PI,node_0453,node_2681,deprotonation,ionization,1.0
edge_3491,PI,node_0454,node_2682,electron_loss,ionization,1.0
edge_3492,PI,node_0454,node_2683,electron_gain,ionization,1.0
edge_3493,PI,node_0454,node_2684,protonation,ionization,1.0
edge_3494,PI,node_0454,node_2685,deprotonation,ionization,1.0
edge_3495,PI,node_0455,node_2686,electron_loss,ionization,1.0
edge_3496,PI,node_0455,node_2687,electron_gain,ionization,1.0
edge_3497,PI,node_0455,node_2688,protonation,ionization,1.0
edge_3498,PI,node_0455,node_2689,deprotonation,ionization,1.0
edge_3499,PI,node_0456,node_2690,electron_loss,ionization,1.0
edge_3500,PI,node_0456,node_2691,electron_gain,ionization,1.0
edge_3501,PI,node_0456,node_2692,protonation,ionization,1.0
edge_3502,PI,node_0456,node_2693,deprotonation,ionization,1.0
edge_3503,PI,node_0457,node_2694,electron_loss,ionization,1.0
edge_3504,PI,node_0457,node_2695,electron_gain,ionization,1.0
edge_3505,PI,node_0457,node_2696,protonation,ionization,1.0
edge_3506,PI,node_0457,node_2697,deprotonation,ionization,1.0
edge_3507,PI,node_0458,node_2698,electron_loss,ionization,1.0
edge_3508,PI,node_0458,node_2699,electron_gain,ionization,1.0
edge_3509,PI,node_0458,node_2700,protonation,ionization,1.0
edge_3510,PI,node_0458,node_2701,deprotonation,ionization,1.0
edge_3511,PI,node_0459,node_2702,electron_loss,ionization,1.0
edge_3512,PI,node_0459,node_2703,electron_gain,ionization,1.0
edge_3513,PI,node_0459,node_2704,protonation,ionization,1.0
edge_3514,PI,node_0459,node_2705,deprotonation,ionization,1.0
edge_3515,PI,node_0460,node_2706,electron_loss,ionization,1.0
edge_3516,PI,node_0460,node_2707,electron_gain,ionization,1.0
edge_3517,PI,node_0460,node_2708,protonation,ionization,1.0
edge_3518,PI,node_0460,node_2709,deprotonation,ionization,1.0
edge_3519,PI,node_0461,node_2710,electron_loss,ionization,1.0
edge_3520,PI,node_0461,node_2711,electron_gain,ionization,1.0
edge_3521,PI,node_0461,node_2712,protonation,ionization,1.0
edge_3522,PI,node_0461,node_2713,deprotonation,ionization,1.0
edge_3523,PI,node_0462,node_2714,electron_loss,ionization,1.0
edge_3524,PI,node_0462,node_2715,electron_gain,ionization,1.0
edge_3525,PI,node_0462,node_2716,protonation,ionization,1.0
edge_3526,PI,node_0462,node_2717,deprotonation,ionization,1.0
edge_3527,PI,node_0463,node_2718,electron_loss,ionization,1.0
edge_3528,PI,node_0463,node_2719,electron_gain,ionization,1.0
edge_3529,PI,node_0463,node_2720,protonation,ionization,1.0
edge_3530,PI,node_0463,node_2721,deprotonation,ionization,1.0
edge_3531,PI,node_0464,node_2722,electron_loss,ionization,1.0
edge_3532,PI,node_0464,node_2723,electron_gain,ionization,1.0
edge_3533,PI,node_0464,node_2724,protonation,ionization,1.0
edge_3534,PI,node_0464,node_2725,deprotonation,ionization,1.0
edge_3535,PI,node_0465,node_2726,electron_loss,ionization,1.0
edge_3536,PI,node_0465,node_2727,electron_gain,ionization,1.0
edge_3537,PI,node_0465,node_2728,protonation,ionization,1.0
edge_3538,PI,node_0465,node_2729,deprotonation,ionization,1.0
edge_3539,PI,node_0466,node_2730,electron_loss,ionization,1.0
edge_3540,PI,node_0466,node_2731,electron_gain,ionization,1.0
edge_3541,PI,node_0466,node_2732,protonation,ionization,1.0
edge_3542,PI,node_0466,node_2733,deprotonation,ionization,1.0
edge_3543,PI,node_0467,node_2734,electron_loss,ionization,1.0
edge_3544,PI,node_0467,node_2735,electron_gain,ionization,1.0
edge_3545,PI,node_0467,node_2736,protonation,ionization,1.0
edge_3546,PI,node_0467,node_2737,deprotonation,ionization,1.0
edge_3547,PI,node_0468,node_2738,electron_loss,ionization,1.0
edge_3548,PI,node_0468,node_2739,electron_gain,ionization,1.0
edge_3549,PI,node_0468,node_2740,protonation,ionization,1.0
edge_3550,PI,node_0468,node_2741,deprotonation,ionization,1.0
edge_3551,PI,node_0469,node_2742,electron_loss,ionization,1.0
edge_3552,PI,node_0469,node_2743,electron_gain,ionization,1.0
edge_3553,PI,node_0469,node_2744,protonation,ionization,1.0
edge_3554,PI,node_0469,node_2745,deprotonation,ionization,1.0
edge_3555,PI,node_0470,node_2746,electron_loss,ionization,1.0
edge_3556,PI,node_0470,node_2747,electron_gain,ionization,1.0
edge_3557,PI,node_0470,node_2748,protonation,ionization,1.0
edge_3558,PI,node_0470,node_2749,deprotonation,ionization,1.0
edge_3559,PI,node_0471,node_2750,electron_loss,ionization,1.0
edge_3560,PI,node_0471,node_2751,electron_gain,ionization,1.0
edge_3561,PI,node_0471,node_2752,protonation,ionization,1.0
edge_3562,PI,node_0471,node_2753,deprotonation,ionization,1.0
edge_3563,PI,node_0472,node_2754,electron_loss,ionization,1.0
edge_3564,PI,node_0472,node_2755,electron_gain,ionization,1.0
edge_3565,PI,node_0472,node_2756,protonation,ionization,1.0
edge_3566,PI,node_0472,node_2757,deprotonation,ionization,1.0
edge_3567,PI,node_0473,node_2758,electron_loss,ionization,1.0
edge_3568,PI,node_0473,node_2759,electron_gain,ionization,1.0
edge_3569,PI,node_0473,node_2760,protonation,ionization,1.0
edge_3570,PI,node_0473,node_2761,deprotonation,ionization,1.0
edge_3571,PI,node_0474,node_2762,electron_loss,ionization,1.0
edge_3572,PI,node_0474,node_2763,electron_gain,ionization,1.0
edge_3573,PI,node_0474,node_2764,protonation,ionization,1.0
edge_3574,PI,node_0474,node_2765,deprotonation,ionization,1.0
edge_3575,PI,node_0475,node_2766,electron_loss,ionization,1.0
edge_3576,PI,node_0475,node_2767,electron_gain,ionization,1.0
edge_3577,PI,node_0475,node_2768,protonation,ionization,1.0
edge_3578,PI,node_0475,node_2769,deprotonation,ionization,1.0
edge_3579,PI,node_0476,node_2770,electron_loss,ionization,1.0
edge_3580,PI,node_0476,node_2771,electron_gain,ionization,1.0
edge_3581,PI,node_0476,node_2772,protonation,ionization,1.0
edge_3582,PI,node_0476,node_2773,deprotonation,ionization,1.0
edge_3583,PI,node_0477,node_2774,electron_loss,ionization,1.0
edge_3584,PI,node_0477,node_2775,electron_gain,ionization,1.0
edge_3585,PI,node_0477,node_2776,protonation,ionization,1.0
edge_3586,PI,node_0477,node_2777,deprotonation,ionization,1.0
edge_3587,PI,node_0478,node_2778,electron_loss,ionization,1.0
edge_3588,PI,node_0478,node_2779,electron_gain,ionization,1.0
edge_3589,PI,node_0478,node_2780,protonation,ionization,1.0
edge_3590,PI,node_0478,node_2781,deprotonation,ionization,1.0
edge_3591,PI,node_0479,node_2782,electron_loss,ionization,1.0
edge_3592,PI,node_0479,node_2783,electron_gain,ionization,1.0
edge_3593,PI,node_0479,node_2784,protonation,ionization,1.0
edge_3594,PI,node_0479,node_2785,deprotonation,ionization,1.0
edge_3595,PI,node_0480,node_2786,electron_loss,ionization,1.0
edge_3596,PI,node_0480,node_2787,electron_gain,ionization,1.0
edge_3597,PI,node_0480,node_2788,protonation,ionization,1.0
edge_3598,PI,node_0480,node_2789,deprotonation,ionization,1.0
edge_3599,PI,node_0481,node_2790,electron_loss,ionization,1.0
edge_3600,PI,node_0481,node_2791,electron_gain,ionization,1.0
edge_3601,PI,node_0481,node_2792,protonation,ionization,1.0
edge_3602,PI,node_0481,node_2793,deprotonation,ionization,1.0
edge_3603,PI,node_0482,node_2794,electron_loss,ionization,1.0
edge_3604,PI,node_0482,node_2795,electron_gain,ionization,1.0
edge_3605,PI,node_0482,node_2796,protonation,ionization,1.0
edge_3606,PI,node_0482,node_2797,deprotonation,ionization,1.0
edge_3607,PI,node_0483,node_2798,electron_loss,ionization,1.0
edge_3608,PI,node_0483,node_2799,electron_gain,ionization,1.0
edge_3609,PI,node_0483,node_2800,protonation,ionization,1.0
edge_3610,PI,node_0483,node_2801,deprotonation,ionization,1.0
edge_3611,PI,node_0484,node_2802,electron_loss,ionization,1.0
edge_3612,PI,node_0484,node_2803,electron_gain,ionization,1.0
edge_3613,PI,node_0484,node_2804,protonation,ionization,1.0
edge_3614,PI,node_0484,node_2805,deprotonation,ionization,1.0
edge_3615,PI,node_0485,node_2806,electron_loss,ionization,1.0
edge_3616,PI,node_0485,node_2807,electron_gain,ionization,1.0
edge_3617,PI,node_0485,node_2808,protonation,ionization,1.0
edge_3618,PI,node_0485,node_2809,deprotonation,ionization,1.0
edge_3619,PI,node_0486,node_2810,electron_loss,ionization,1.0
edge_3620,PI,node_0486,node_2811,electron_gain,ionization,1.0
edge_3621,PI,node_0486,node_2812,protonation,ionization,1.0
edge_3622,PI,node_0486,node_2813,deprotonation,ionization,1.0
edge_3623,PI,node_0487,node_2814,electron_loss,ionization,1.0
edge_3624,PI,node_0487,node_2815,electron_gain,ionization,1.0
edge_3625,PI,node_0487,node_2816,protonation,ionization,1.0
edge_3626,PI,node_0487,node_2817,deprotonation,ionization,1.0
edge_3627,PI,node_0488,node_2818,electron_loss,ionization,1.0
edge_3628,PI,node_0488,node_2819,electron_gain,ionization,1.0
edge_3629,PI,node_0488,node_2820,protonation,ionization,1.0
edge_3630,PI,node_0488,node_2821,deprotonation,ionization,1.0
edge_3631,PI,node_0489,node_2822,electron_loss,ionization,1.0
edge_3632,PI,node_0489,node_2823,electron_gain,ionization,1.0
edge_3633,PI,node_0489,node_2824,protonation,ionization,1.0
edge_3634,PI,node_0489,node_2825,deprotonation,ionization,1.0
edge_3635,PI,node_0490,node_2826,electron_loss,ionization,1.0
edge_3636,PI,node_0490,node_2827,electron_gain,ionization,1.0
edge_3637,PI,node_0490,node_2828,protonation,ionization,1.0
edge_3638,PI,node_0490,node_2829,deprotonation,ionization,1.0
edge_3639,PI,node_0491,node_2830,electron_loss,ionization,1.0
edge_3640,PI,node_0491,node_2831,electron_gain,ionization,1.0
edge_3641,PI,node_0491,node_2832,protonation,ionization,1.0
edge_3642,PI,node_0491,node_2833,deprotonation,ionization,1.0
edge_3643,PI,node_0492,node_2834,electron_loss,ionization,1.0
edge_3644,PI,node_0492,node_2835,electron_gain,ionization,1.0
edge_3645,PI,node_0492,node_2836,protonation,ionization,1.0
edge_3646,PI,node_0492,node_2837,deprotonation,ionization,1.0
edge_3647,PI,node_0493,node_2838,electron_loss,ionization,1.0
edge_3648,PI,node_0493,node_2839,electron_gain,ionization,1.0
edge_3649,PI,node_0493,node_2840,protonation,ionization,1.0
edge_3650,PI,node_0493,node_2841,deprotonation,ionization,1.0
edge_3651,PI,node_0494,node_2842,electron_loss,ionization,1.0
edge_3652,PI,node_0494,node_2843,electron_gain,ionization,1.0
edge_3653,PI,node_0494,node_2844,protonation,ionization,1.0
edge_3654,PI,node_0494,node_2845,deprotonation,ionization,1.0
edge_3655,PI,node_0495,node_2846,electron_loss,ionization,1.0
edge_3656,PI,node_0495,node_2847,electron_gain,ionization,1.0
edge_3657,PI,node_0495,node_2848,protonation,ionization,1.0
edge_3658,PI,node_0495,node_2849,deprotonation,ionization,1.0
edge_3659,PI,node_0496,node_2850,electron_loss,ionization,1.0
edge_3660,PI,node_0496,node_2851,electron_gain,ionization,1.0
edge_3661,PI,node_0496,node_2852,protonation,ionization,1.0
edge_3662,PI,node_0496,node_2853,deprotonation,ionization,1.0
edge_3663,PI,node_0497,node_2854,electron_loss,ionization,1.0
edge_3664,PI,node_0497,node_2855,electron_gain,ionization,1.0
edge_3665,PI,node_0497,node_2856,protonation,ionization,1.0
edge_3666,PI,node_0497,node_2857,deprotonation,ionization,1.0
edge_3667,PI,node_0498,node_2858,electron_loss,ionization,1.0
edge_3668,PI,node_0498,node_2859,electron_gain,ionization,1.0
edge_3669,PI,node_0498,node_2860,protonation,ionization,1.0
edge_3670,PI,node_0498,node_2861,deprotonation,ionization,1.0
edge_3671,PI,node_0499,node_2862,electron_loss,ionization,1.0
edge_3672,PI,node_0499,node_2863,electron_gain,ionization,1.0
edge_3673,PI,node_0499,node_2864,protonation,ionization,1.0
edge_3674,PI,node_0499,node_2865,deprotonation,ionization,1.0
edge_3675,PI,node_0500,node_2866,electron_loss,ionization,1.0
edge_3676,PI,node_0500,node_2867,electron_gain,ionization,1.0
edge_3677,PI,node_0500,node_2868,protonation,ionization,1.0
edge_3678,PI,node_0500,node_2869,deprotonation,ionization,1.0
edge_3679,PI,node_0501,node_2870,electron_loss,ionization,1.0
edge_3680,PI,node_0501,node_2871,electron_gain,ionization,1.0
edge_3681,PI,node_0501,node_2872,protonation,ionization,1.0
edge_3682,PI,node_0501,node_2873,deprotonation,ionization,1.0
edge_3683,PI,node_0502,node_2874,electron_loss,ionization,1.0
edge_3684,PI,node_0502,node_2875,electron_gain,ionization,1.0
edge_3685,PI,node_0502,node_2876,protonation,ionization,1.0
edge_3686,PI,node_0502,node_2877,deprotonation,ionization,1.0
edge_3687,PI,node_0503,node_2878,electron_loss,ionization,1.0
edge_3688,PI,node_0503,node_2879,electron_gain,ionization,1.0
edge_3689,PI,node_0503,node_2880,protonation,ionization,1.0
edge_3690,PI,node_0503,node_2881,deprotonation,ionization,1.0
edge_3691,PI,node_0504,node_2882,electron_loss,ionization,1.0
edge_3692,PI,node_0504,node_2883,electron_gain,ionization,1.0
edge_3693,PI,node_0504,node_2884,protonation,ionization,1.0
edge_3694,PI,node_0504,node_2885,deprotonation,ionization,1.0
edge_3695,PI,node_0505,node_2886,electron_loss,ionization,1.0
edge_3696,PI,node_0505,node_2887,electron_gain,ionization,1.0
edge_3697,PI,node_0505,node_2888,protonation,ionization,1.0
edge_3698,PI,node_0505,node_2889,deprotonation,ionization,1.0
edge_3699,PI,node_0506,node_2890,electron_loss,ionization,1.0
edge_3700,PI,node_0506,node_2891,electron_gain,ionization,1.0
edge_3701,PI,node_0506,node_2892,protonation,ionization,1.0
edge_3702,PI,node_0506,node_2893,deprotonation,ionization,1.0
edge_3703,PI,node_0507,node_2894,electron_loss,ionization,1.0
edge_3704,PI,node_0507,node_2895,electron_gain,ionization,1.0
edge_3705,PI,node_0507,node_2896,protonation,ionization,1.0
edge_3706,PI,node_0507,node_2897,deprotonation,ionization,1.0
edge_3707,PI,node_0508,node_2898,electron_loss,ionization,1.0
edge_3708,PI,node_0508,node_2899,electron_gain,ionization,1.0
edge_3709,PI,node_0508,node_2900,protonation,ionization,1.0
edge_3710,PI,node_0508,node_2901,deprotonation,ionization,1.0
edge_3711,PI,node_0509,node_2902,electron_loss,ionization,1.0
edge_3712,PI,node_0509,node_2903,electron_gain,ionization,1.0
edge_3713,PI,node_0509,node_2904,protonation,ionization,1.0
edge_3714,PI,node_0509,node_2905,deprotonation,ionization,1.0
edge_3715,PI,node_0510,node_2906,electron_loss,ionization,1.0
edge_3716,PI,node_0510,node_2907,electron_gain,ionization,1.0
edge_3717,PI,node_0510,node_2908,protonation,ionization,1.0
edge_3718,PI,node_0510,node_2909,deprotonation,ionization,1.0
edge_3719,PI,node_0511,node_2910,electron_loss,ionization,1.0
edge_3720,PI,node_0511,node_2911,electron_gain,ionization,1.0
edge_3721,PI,node_0511,node_2912,protonation,ionization,1.0
edge_3722,PI,node_0511,node_2913,deprotonation,ionization,1.0
edge_3723,PI,node_0512,node_2914,electron_loss,ionization,1.0
edge_3724,PI,node_0512,node_2915,electron_gain,ionization,1.0
edge_3725,PI,node_0512,node_2916,protonation,ionization,1.0
edge_3726,PI,node_0512,node_2917,deprotonation,ionization,1.0
edge_3727,PI,node_0513,node_2918,electron_loss,ionization,1.0
edge_3728,PI,node_0513,node_2919,electron_gain,ionization,1.0
edge_3729,PI,node_0513,node_2920,protonation,ionization,1.0
edge_3730,PI,node_0513,node_2921,deprotonation,ionization,1.0
edge_3731,PI,node_0514,node_2922,electron_loss,ionization,1.0
edge_3732,PI,node_0514,node_2923,electron_gain,ionization,1.0
edge_3733,PI,node_0514,node_2924,protonation,ionization,1.0
edge_3734,PI,node_0514,node_2925,deprotonation,ionization,1.0
edge_3735,PI,node_0515,node_2926,electron_loss,ionization,1.0
edge_3736,PI,node_0515,node_2927,electron_gain,ionization,1.0
edge_3737,PI,node_0515,node_2928,protonation,ionization,1.0
edge_3738,PI,node_0515,node_2929,deprotonation,ionization,1.0
edge_3739,PI,node_0516,node_2930,electron_loss,ionization,1.0
edge_3740,PI,node_0516,node_2931,electron_gain,ionization,1.0
edge_3741,PI,node_0516,node_2932,protonation,ionization,1.0
edge_3742,PI,node_0516,node_2933,deprotonation,ionization,1.0
edge_3743,PI,node_0517,node_2934,electron_loss,ionization,1.0
edge_3744,PI,node_0517,node_2935,electron_gain,ionization,1.0
edge_3745,PI,node_0517,node_2936,protonation,ionization,1.0
edge_3746,PI,node_0517,node_2937,deprotonation,ionization,1.0
edge_3747,PI,node_0518,node_2938,electron_loss,ionization,1.0
edge_3748,PI,node_0518,node_2939,electron_gain,ionization,1.0
edge_3749,PI,node_0518,node_2940,protonation,ionization,1.0
edge_3750,PI,node_0518,node_2941,deprotonation,ionization,1.0
edge_3751,PI,node_0519,node_2942,electron_loss,ionization,1.0
edge_3752,PI,node_0519,node_2943,electron_gain,ionization,1.0
edge_3753,PI,node_0519,node_2944,protonation,ionization,1.0
edge_3754,PI,node_0519,node_2945,deprotonation,ionization,1.0
edge_3755,PI,node_0520,node_2946,electron_loss,ionization,1.0
edge_3756,PI,node_0520,node_2947,electron_gain,ionization,1.0
edge_3757,PI,node_0520,node_2948,protonation,ionization,1.0
edge_3758,PI,node_0520,node_2949,deprotonation,ionization,1.0
edge_3759,PI,node_0521,node_2950,electron_loss,ionization,1.0
edge_3760,PI,node_0521,node_2951,electron_gain,ionization,1.0
edge_3761,PI,node_0521,node_2952,protonation,ionization,1.0
edge_3762,PI,node_0521,node_2953,deprotonation,ionization,1.0
edge_3763,PI,node_0522,node_2954,electron_loss,ionization,1.0
edge_3764,PI,node_0522,node_2955,electron_gain,ionization,1.0
edge_3765,PI,node_0522,node_2956,protonation,ionization,1.0
edge_3766,PI,node_0522,node_2957,deprotonation,ionization,1.0
edge_3767,PI,node_0523,node_2958,electron_loss,ionization,1.0
edge_3768,PI,node_0523,node_2959,electron_gain,ionization,1.0
edge_3769,PI,node_0523,node_2960,protonation,ionization,1.0
edge_3770,PI,node_0523,node_2961,deprotonation,ionization,1.0
edge_3771,PI,node_0524,node_2962,electron_loss,ionization,1.0
edge_3772,PI,node_0524,node_2963,electron_gain,ionization,1.0
edge_3773,PI,node_0524,node_2964,protonation,ionization,1.0
edge_3774,PI,node_0524,node_2965,deprotonation,ionization,1.0
edge_3775,PI,node_0525,node_2966,electron_loss,ionization,1.0
edge_3776,PI,node_0525,node_2967,electron_gain,ionization,1.0
edge_3777,PI,node_0525,node_2968,protonation,ionization,1.0
edge_3778,PI,node_0525,node_2969,deprotonation,ionization,1.0
edge_3779,PI,node_0526,node_2970,electron_loss,ionization,1.0
edge_3780,PI,node_0526,node_2971,electron_gain,ionization,1.0
edge_3781,PI,node_0526,node_2972,protonation,ionization,1.0
edge_3782,PI,node_0526,node_2973,deprotonation,ionization,1.0
edge_3783,PI,node_0527,node_2974,electron_loss,ionization,1.0
edge_3784,PI,node_0527,node_2975,electron_gain,ionization,1.0
edge_3785,PI,node_0527,node_2976,protonation,ionization,1.0
edge_3786,PI,node_0527,node_2977,deprotonation,ionization,1.0
edge_3787,PI,node_0528,node_2978,electron_loss,ionization,1.0
edge_3788,PI,node_0528,node_2979,electron_gain,ionization,1.0
edge_3789,PI,node_0528,node_2980,protonation,ionization,1.0
edge_3790,PI,node_0528,node_2981,deprotonation,ionization,1.0
edge_3791,PI,node_0529,node_2982,electron_loss,ionization,1.0
edge_3792,PI,node_0529,node_2983,electron_gain,ionization,1.0
edge_3793,PI,node_0529,node_2984,protonation,ionization,1.0
edge_3794,PI,node_0529,node_2985,deprotonation,ionization,1.0
edge_3795,PI,node_0530,node_2986,electron_loss,ionization,1.0
edge_3796,PI,node_0530,node_2987,electron_gain,ionization,1.0
edge_3797,PI,node_0530,node_2988,protonation,ionization,1.0
edge_3798,PI,node_0530,node_2989,deprotonation,ionization,1.0
edge_3799,PI,node_0531,node_2990,electron_loss,ionization,1.0
edge_3800,PI,node_0531,node_2991,electron_gain,ionization,1.0
edge_3801,PI,node_0531,node_2992,protonation,ionization,1.0
edge_3802,PI,node_0531,node_2993,deprotonation,ionization,1.0
edge_3803,PI,node_0532,node_2994,electron_loss,ionization,1.0
edge_3804,PI,node_0532,node_2995,electron_gain,ionization,1.0
edge_3805,PI,node_0532,node_2996,protonation,ionization,1.0
edge_3806,PI,node_0532,node_2997,deprotonation,ionization,1.0
edge_3807,PI,node_0533,node_2998,electron_loss,ionization,1.0
edge_3808,PI,node_0533,node_2999,electron_gain,ionization,1.0
edge_3809,PI,node_0533,node_3000,protonation,ionization,1.0
edge_3810,PI,node_0533,node_3001,deprotonation,ionization,1.0
edge_3811,PI,node_0534,node_3002,electron_loss,ionization,1.0
edge_3812,PI,node_0534,node_3003,electron_gain,ionization,1.0
edge_3813,PI,node_0534,node_3004,protonation,ionization,1.0
edge_3814,PI,node_0534,node_3005,deprotonation,ionization,1.0
edge_3815,PI,node_0535,node_3006,electron_loss,ionization,1.0
edge_3816,PI,node_0535,node_3007,electron_gain,ionization,1.0
edge_3817,PI,node_0535,node_3008,protonation,ionization,1.0
edge_3818,PI,node_0535,node_3009,deprotonation,ionization,1.0
edge_3819,PI,node_0536,node_3010,electron_loss,ionization,1.0
edge_3820,PI,node_0536,node_3011,electron_gain,ionization,1.0
edge_3821,PI,node_0536,node_3012,protonation,ionization,1.0
edge_3822,PI,node_0536,node_3013,deprotonation,ionization,1.0
edge_3823,PI,node_0537,node_3014,electron_loss,ionization,1.0
edge_3824,PI,node_0537,node_3015,electron_gain,ionization,1.0
edge_3825,PI,node_0537,node_3016,protonation,ionization,1.0
edge_3826,PI,node_0537,node_3017,deprotonation,ionization,1.0
edge_3827,PI,node_0538,node_3018,electron_loss,ionization,1.0
edge_3828,PI,node_0538,node_3019,electron_gain,ionization,1.0
edge_3829,PI,node_0538,node_3020,protonation,ionization,1.0
edge_3830,PI,node_0538,node_3021,deprotonation,ionization,1.0
edge_3831,PI,node_0539,node_3022,electron_loss,ionization,1.0
edge_3832,PI,node_0539,node_3023,electron_gain,ionization,1.0
edge_3833,PI,node_0539,node_3024,protonation,ionization,1.0
edge_3834,PI,node_0539,node_3025,deprotonation,ionization,1.0
edge_3835,PI,node_0540,node_3026,electron_loss,ionization,1.0
edge_3836,PI,node_0540,node_3027,electron_gain,ionization,1.0
edge_3837,PI,node_0540,node_3028,protonation,ionization,1.0
edge_3838,PI,node_0540,node_3029,deprotonation,ionization,1.0
edge_3839,PI,node_0541,node_3030,electron_loss,ionization,1.0
edge_3840,PI,node_0541,node_3031,electron_gain,ionization,1.0
edge_3841,PI,node_0541,node_3032,protonation,ionization,1.0
edge_3842,PI,node_0541,node_3033,deprotonation,ionization,1.0
edge_3843,PI,node_0542,node_3034,electron_loss,ionization,1.0
edge_3844,PI,node_0542,node_3035,electron_gain,ionization,1.0
edge_3845,PI,node_0542,node_3036,protonation,ionization,1.0
edge_3846,PI,node_0542,node_3037,deprotonation,ionization,1.0
edge_3847,PI,node_0543,node_3038,electron_loss,ionization,1.0
edge_3848,PI,node_0543,node_3039,electron_gain,ionization,1.0
edge_3849,PI,node_0543,node_3040,protonation,ionization,1.0
edge_3850,PI,node_0543,node_3041,deprotonation,ionization,1.0
edge_3851,PI,node_0544,node_3042,electron_loss,ionization,1.0
edge_3852,PI,node_0544,node_3043,electron_gain,ionization,1.0
edge_3853,PI,node_0544,node_3044,protonation,ionization,1.0
edge_3854,PI,node_0544,node_3045,deprotonation,ionization,1.0
edge_3855,PI,node_0545,node_3046,electron_loss,ionization,1.0
edge_3856,PI,node_0545,node_3047,electron_gain,ionization,1.0
edge_3857,PI,node_0545,node_3048,protonation,ionization,1.0
edge_3858,PI,node_0545,node_3049,deprotonation,ionization,1.0
edge_3859,PI,node_0546,node_3050,electron_loss,ionization,1.0
edge_3860,PI,node_0546,node_3051,electron_gain,ionization,1.0
edge_3861,PI,node_0546,node_3052,protonation,ionization,1.0
edge_3862,PI,node_0546,node_3053,deprotonation,ionization,1.0
edge_3863,PI,node_0547,node_3054,electron_loss,ionization,1.0
edge_3864,PI,node_0547,node_3055,electron_gain,ionization,1.0
edge_3865,PI,node_0547,node_3056,protonation,ionization,1.0
edge_3866,PI,node_0547,node_3057,deprotonation,ionization,1.0
edge_3867,PI,node_0548,node_3058,electron_loss,ionization,1.0
edge_3868,PI,node_0548,node_3059,electron_gain,ionization,1.0
edge_3869,PI,node_0548,node_3060,protonation,ionization,1.0
edge_3870,PI,node_0548,node_3061,deprotonation,ionization,1.0
edge_3871,PI,node_0549,node_3062,electron_loss,ionization,1.0
edge_3872,PI,node_0549,node_3063,electron_gain,ionization,1.0
edge_3873,PI,node_0549,node_3064,protonation,ionization,1.0
edge_3874,PI,node_0549,node_3065,deprotonation,ionization,1.0
edge_3875,PI,node_0550,node_3066,electron_loss,ionization,1.0
edge_3876,PI,node_0550,node_3067,electron_gain,ionization,1.0
edge_3877,PI,node_0550,node_3068,protonation,ionization,1.0
edge_3878,PI,node_0550,node_3069,deprotonation,ionization,1.0
edge_3879,PI,node_0551,node_3070,electron_loss,ionization,1.0
edge_3880,PI,node_0551,node_3071,electron_gain,ionization,1.0
edge_3881,PI,node_0551,node_3072,protonation,ionization,1.0
edge_3882,PI,node_0551,node_3073,deprotonation,ionization,1.0
edge_3883,PI,node_0552,node_3074,electron_loss,ionization,1.0
edge_3884,PI,node_0552,node_3075,electron_gain,ionization,1.0
edge_3885,PI,node_0552,node_3076,protonation,ionization,1.0
edge_3886,PI,node_0552,node_3077,deprotonation,ionization,1.0
edge_3887,PI,node_0553,node_3078,electron_loss,ionization,1.0
edge_3888,PI,node_0553,node_3079,electron_gain,ionization,1.0
edge_3889,PI,node_0553,node_3080,protonation,ionization,1.0
edge_3890,PI,node_0553,node_3081,deprotonation,ionization,1.0
edge_3891,PI,node_0554,node_3082,electron_loss,ionization,1.0
edge_3892,PI,node_0554,node_3083,electron_gain,ionization,1.0
edge_3893,PI,node_0554,node_3084,protonation,ionization,1.0
edge_3894,PI,node_0554,node_3085,deprotonation,ionization,1.0
edge_3895,PI,node_0555,node_3086,electron_loss,ionization,1.0
edge_3896,PI,node_0555,node_3087,electron_gain,ionization,1.0
edge_3897,PI,node_0555,node_3088,protonation,ionization,1.0
edge_3898,PI,node_0555,node_3089,deprotonation,ionization,1.0
edge_3899,PI,node_0556,node_3090,electron_loss,ionization,1.0
edge_3900,PI,node_0556,node_3091,electron_gain,ionization,1.0
edge_3901,PI,node_0556,node_3092,protonation,ionization,1.0
edge_3902,PI,node_0556,node_3093,deprotonation,ionization,1.0
edge_3903,PI,node_0557,node_3094,electron_loss,ionization,1.0
edge_3904,PI,node_0557,node_3095,electron_gain,ionization,1.0
edge_3905,PI,node_0557,node_3096,protonation,ionization,1.0
edge_3906,PI,node_0557,node_3097,deprotonation,ionization,1.0
edge_3907,PI,node_0558,node_3098,electron_loss,ionization,1.0
edge_3908,PI,node_0558,node_3099,electron_gain,ionization,1.0
edge_3909,PI,node_0558,node_3100,protonation,ionization,1.0
edge_3910,PI,node_0558,node_3101,deprotonation,ionization,1.0
edge_3911,PI,node_0559,node_3102,electron_loss,ionization,1.0
edge_3912,PI,node_0559,node_3103,electron_gain,ionization,1.0
edge_3913,PI,node_0559,node_3104,protonation,ionization,1.0
edge_3914,PI,node_0559,node_3105,deprotonation,ionization,1.0
edge_3915,PI,node_0560,node_3106,electron_loss,ionization,1.0
edge_3916,PI,node_0560,node_3107,electron_gain,ionization,1.0
edge_3917,PI,node_0560,node_3108,protonation,ionization,1.0
edge_3918,PI,node_0560,node_3109,deprotonation,ionization,1.0
edge_3919,PI,node_0561,node_3110,electron_loss,ionization,1.0
edge_3920,PI,node_0561,node_3111,electron_gain,ionization,1.0
edge_3921,PI,node_0561,node_3112,protonation,ionization,1.0
edge_3922,PI,node_0561,node_3113,deprotonation,ionization,1.0
edge_3923,PI,node_0562,node_3114,electron_loss,ionization,1.0
edge_3924,PI,node_0562,node_3115,electron_gain,ionization,1.0
edge_3925,PI,node_0562,node_3116,protonation,ionization,1.0
edge_3926,PI,node_0562,node_3117,deprotonation,ionization,1.0
edge_3927,PI,node_0563,node_3118,electron_loss,ionization,1.0
edge_3928,PI,node_0563,node_3119,electron_gain,ionization,1.0
edge_3929,PI,node_0563,node_3120,protonation,ionization,1.0
edge_3930,PI,node_0563,node_3121,deprotonation,ionization,1.0
edge_3931,PI,node_0564,node_3122,electron_loss,ionization,1.0
edge_3932,PI,node_0564,node_3123,electron_gain,ionization,1.0
edge_3933,PI,node_0564,node_3124,protonation,ionization,1.0
edge_3934,PI,node_0564,node_3125,deprotonation,ionization,1.0
edge_3935,PI,node_0565,node_3126,electron_loss,ionization,1.0
edge_3936,PI,node_0565,node_3127,electron_gain,ionization,1.0
edge_3937,PI,node_0565,node_3128,protonation,ionization,1.0
edge_3938,PI,node_0565,node_3129,deprotonation,ionization,1.0
edge_3939,PI,node_0566,node_3130,electron_loss,ionization,1.0
edge_3940,PI,node_0566,node_3131,electron_gain,ionization,1.0
edge_3941,PI,node_0566,node_3132,protonation,ionization,1.0
edge_3942,PI,node_0566,node_3133,deprotonation,ionization,1.0
edge_3943,PI,node_0567,node_3134,electron_loss,ionization,1.0
edge_3944,PI,node_0567,node_3135,electron_gain,ionization,1.0
edge_3945,PI,node_0567,node_3136,protonation,ionization,1.0
edge_3946,PI,node_0567,node_3137,deprotonation,ionization,1.0
edge_3947,PI,node_0568,node_3138,electron_loss,ionization,1.0
edge_3948,PI,node_0568,node_3139,electron_gain,ionization,1.0
edge_3949,PI,node_0568,node_3140,protonation,ionization,1.0
edge_3950,PI,node_0568,node_3141,deprotonation,ionization,1.0
edge_3951,PI,node_0569,node_3142,electron_loss,ionization,1.0
edge_3952,PI,node_0569,node_3143,electron_gain,ionization,1.0
edge_3953,PI,node_0569,node_3144,protonation,ionization,1.0
edge_3954,PI,node_0569,node_3145,deprotonation,ionization,1.0
edge_3955,PI,node_0570,node_3146,electron_loss,ionization,1.0
edge_3956,PI,node_0570,node_3147,electron_gain,ionization,1.0
edge_3957,PI,node_0570,node_3148,protonation,ionization,1.0
edge_3958,PI,node_0570,node_3149,deprotonation,ionization,1.0
edge_3959,PI,node_0571,node_3150,electron_loss,ionization,1.0
edge_3960,PI,node_0571,node_3151,electron_gain,ionization,1.0
edge_3961,PI,node_0571,node_3152,protonation,ionization,1.0
edge_3962,PI,node_0571,node_3153,deprotonation,ionization,1.0
edge_3963,PI,node_0572,node_3154,electron_loss,ionization,1.0
edge_3964,PI,node_0572,node_3155,electron_gain,ionization,1.0
edge_3965,PI,node_0572,node_3156,protonation,ionization,1.0
edge_3966,PI,node_0572,node_3157,deprotonation,ionization,1.0
edge_3967,PI,node_0573,node_3158,electron_loss,ionization,1.0
edge_3968,PI,node_0573,node_3159,electron_gain,ionization,1.0
edge_3969,PI,node_0573,node_3160,protonation,ionization,1.0
edge_3970,PI,node_0573,node_3161,deprotonation,ionization,1.0
edge_3971,PI,node_0574,node_3162,electron_loss,ionization,1.0
edge_3972,PI,node_0574,node_3163,electron_gain,ionization,1.0
edge_3973,PI,node_0574,node_3164,protonation,ionization,1.0
edge_3974,PI,node_0574,node_3165,deprotonation,ionization,1.0
edge_3975,PI,node_0575,node_3166,electron_loss,ionization,1.0
edge_3976,PI,node_0575,node_3167,electron_gain,ionization,1.0
edge_3977,PI,node_0575,node_3168,protonation,ionization,1.0
edge_3978,PI,node_0575,node_3169,deprotonation,ionization,1.0
edge_3979,PI,node_0576,node_3170,electron_loss,ionization,1.0
edge_3980,PI,node_0576,node_3171,electron_gain,ionization,1.0
edge_3981,PI,node_0576,node_3172,protonation,ionization,1.0
edge_3982,PI,node_0576,node_3173,deprotonation,ionization,1.0
edge_3983,PI,node_0577,node_3174,electron_loss,ionization,1.0
edge_3984,PI,node_0577,node_3175,electron_gain,ionization,1.0
edge_3985,PI,node_0577,node_3176,protonation,ionization,1.0
edge_3986,PI,node_0577,node_3177,deprotonation,ionization,1.0
edge_3987,PI,node_0578,node_3178,electron_loss,ionization,1.0
edge_3988,PI,node_0578,node_3179,electron_gain,ionization,1.0
edge_3989,PI,node_0578,node_3180,protonation,ionization,1.0
edge_3990,PI,node_0578,node_3181,deprotonation,ionization,1.0
edge_3991,PI,node_0579,node_3182,electron_loss,ionization,1.0
edge_3992,PI,node_0579,node_3183,electron_gain,ionization,1.0
edge_3993,PI,node_0579,node_3184,protonation,ionization,1.0
edge_3994,PI,node_0579,node_3185,deprotonation,ionization,1.0
edge_3995,PI,node_0580,node_3186,electron_loss,ionization,1.0
edge_3996,PI,node_0580,node_3187,electron_gain,ionization,1.0
edge_3997,PI,node_0580,node_3188,protonation,ionization,1.0
edge_3998,PI,node_0580,node_3189,deprotonation,ionization,1.0
edge_3999,PI,node_0581,node_3190,electron_loss,ionization,1.0
edge_4000,PI,node_0581,node_3191,electron_gain,ionization,1.0
edge_4001,PI,node_0581,node_3192,protonation,ionization,1.0
edge_4002,PI,node_0581,node_3193,deprotonation,ionization,1.0
edge_4003,PI,node_0582,node_3194,electron_loss,ionization,1.0
edge_4004,PI,node_0582,node_3195,electron_gain,ionization,1.0
edge_4005,PI,node_0582,node_3196,protonation,ionization,1.0
edge_4006,PI,node_0582,node_3197,deprotonation,ionization,1.0
edge_4007,PI,node_0583,node_3198,electron_loss,ionization,1.0
edge_4008,PI,node_0583,node_3199,electron_gain,ionization,1.0
edge_4009,PI,node_0583,node_3200,protonation,ionization,1.0
edge_4010,PI,node_0583,node_3201,deprotonation,ionization,1.0
edge_4011,PI,node_0584,node_3202,electron_loss,ionization,1.0
edge_4012,PI,node_0584,node_3203,electron_gain,ionization,1.0
edge_4013,PI,node_0584,node_3204,protonation,ionization,1.0
edge_4014,PI,node_0584,node_3205,deprotonation,ionization,1.0
edge_4015,PI,node_0585,node_3206,electron_loss,ionization,1.0
edge_4016,PI,node_0585,node_3207,electron_gain,ionization,1.0
edge_4017,PI,node_0585,node_3208,protonation,ionization,1.0
edge_4018,PI,node_0585,node_3209,deprotonation,ionization,1.0
edge_4019,PI,node_0586,node_3210,electron_loss,ionization,1.0
edge_4020,PI,node_0586,node_3211,electron_gain,ionization,1.0
edge_4021,PI,node_0586,node_3212,protonation,ionization,1.0
edge_4022,PI,node_0586,node_3213,deprotonation,ionization,1.0
edge_4023,PI,node_0587,node_3214,electron_loss,ionization,1.0
edge_4024,PI,node_0587,node_3215,electron_gain,ionization,1.0
edge_4025,PI,node_0587,node_3216,protonation,ionization,1.0
edge_4026,PI,node_0587,node_3217,deprotonation,ionization,1.0
edge_4027,PI,node_0588,node_3218,electron_loss,ionization,1.0
edge_4028,PI,node_0588,node_3219,electron_gain,ionization,1.0
edge_4029,PI,node_0588,node_3220,protonation,ionization,1.0
edge_4030,PI,node_0588,node_3221,deprotonation,ionization,1.0
edge_4031,PI,node_0589,node_3222,electron_loss,ionization,1.0
edge_4032,PI,node_0589,node_3223,electron_gain,ionization,1.0
edge_4033,PI,node_0589,node_3224,protonation,ionization,1.0
edge_4034,PI,node_0589,node_3225,deprotonation,ionization,1.0
edge_4035,PI,node_0590,node_3226,electron_loss,ionization,1.0
edge_4036,PI,node_0590,node_3227,electron_gain,ionization,1.0
edge_4037,PI,node_0590,node_3228,protonation,ionization,1.0
edge_4038,PI,node_0590,node_3229,deprotonation,ionization,1.0
edge_4039,PI,node_0591,node_3230,electron_loss,ionization,1.0
edge_4040,PI,node_0591,node_3231,electron_gain,ionization,1.0
edge_4041,PI,node_0591,node_3232,protonation,ionization,1.0
edge_4042,PI,node_0591,node_3233,deprotonation,ionization,1.0
edge_4043,PI,node_0592,node_3234,electron_loss,ionization,1.0
edge_4044,PI,node_0592,node_3235,electron_gain,ionization,1.0
edge_4045,PI,node_0592,node_3236,protonation,ionization,1.0
edge_4046,PI,node_0592,node_3237,deprotonation,ionization,1.0
edge_4047,PI,node_0593,node_3238,electron_loss,ionization,1.0
edge_4048,PI,node_0593,node_3239,electron_gain,ionization,1.0
edge_4049,PI,node_0593,node_3240,protonation,ionization,1.0
edge_4050,PI,node_0593,node_3241,deprotonation,ionization,1.0
edge_4051,PI,node_0594,node_3242,electron_loss,ionization,1.0
edge_4052,PI,node_0594,node_3243,electron_gain,ionization,1.0
edge_4053,PI,node_0594,node_3244,protonation,ionization,1.0
edge_4054,PI,node_0594,node_3245,deprotonation,ionization,1.0
edge_4055,PI,node_0595,node_3246,electron_loss,ionization,1.0
edge_4056,PI,node_0595,node_3247,electron_gain,ionization,1.0
edge_4057,PI,node_0595,node_3248,protonation,ionization,1.0
edge_4058,PI,node_0595,node_3249,deprotonation,ionization,1.0
edge_4059,PI,node_0596,node_3250,electron_loss,ionization,1.0
edge_4060,PI,node_0596,node_3251,electron_gain,ionization,1.0
edge_4061,PI,node_0596,node_3252,protonation,ionization,1.0
edge_4062,PI,node_0596,node_3253,deprotonation,ionization,1.0
edge_4063,PI,node_0597,node_3254,electron_loss,ionization,1.0
edge_4064,PI,node_0597,node_3255,electron_gain,ionization,1.0
edge_4065,PI,node_0597,node_3256,protonation,ionization,1.0
edge_4066,PI,node_0597,node_3257,deprotonation,ionization,1.0
edge_4067,PI,node_0598,node_3258,electron_loss,ionization,1.0
edge_4068,PI,node_0598,node_3259,electron_gain,ionization,1.0
edge_4069,PI,node_0598,node_3260,protonation,ionization,1.0
edge_4070,PI,node_0598,node_3261,deprotonation,ionization,1.0
edge_4071,PI,node_0599,node_3262,electron_loss,ionization,1.0
edge_4072,PI,node_0599,node_3263,electron_gain,ionization,1.0
edge_4073,PI,node_0599,node_3264,protonation,ionization,1.0
edge_4074,PI,node_0599,node_3265,deprotonation,ionization,1.0
edge_4075,PI,node_0600,node_3266,electron_loss,ionization,1.0
edge_4076,PI,node_0600,node_3267,electron_gain,ionization,1.0
edge_4077,PI,node_0600,node_3268,protonation,ionization,1.0
edge_4078,PI,node_0600,node_3269,deprotonation,ionization,1.0
edge_4079,PI,node_0601,node_3270,electron_loss,ionization,1.0
edge_4080,PI,node_0601,node_3271,electron_gain,ionization,1.0
edge_4081,PI,node_0601,node_3272,protonation,ionization,1.0
edge_4082,PI,node_0601,node_3273,deprotonation,ionization,1.0
edge_4083,PI,node_0602,node_3274,electron_loss,ionization,1.0
edge_4084,PI,node_0602,node_3275,electron_gain,ionization,1.0
edge_4085,PI,node_0602,node_3276,protonation,ionization,1.0
edge_4086,PI,node_0602,node_3277,deprotonation,ionization,1.0
edge_4087,PI,node_0603,node_3278,electron_loss,ionization,1.0
edge_4088,PI,node_0603,node_3279,electron_gain,ionization,1.0
edge_4089,PI,node_0603,node_3280,protonation,ionization,1.0
edge_4090,PI,node_0603,node_3281,deprotonation,ionization,1.0
edge_4091,PI,node_0604,node_3282,electron_loss,ionization,1.0
edge_4092,PI,node_0604,node_3283,electron_gain,ionization,1.0
edge_4093,PI,node_0604,node_3284,protonation,ionization,1.0
edge_4094,PI,node_0604,node_3285,deprotonation,ionization,1.0
edge_4095,PI,node_0605,node_3286,electron_loss,ionization,1.0
edge_4096,PI,node_0605,node_3287,electron_gain,ionization,1.0
edge_4097,PI,node_0605,node_3288,protonation,ionization,1.0
edge_4098,PI,node_0605,node_3289,deprotonation,ionization,1.0
edge_4099,PI,node_0606,node_3290,electron_loss,ionization,1.0
edge_4100,PI,node_0606,node_3291,electron_gain,ionization,1.0
edge_4101,PI,node_0606,node_3292,protonation,ionization,1.0
edge_4102,PI,node_0606,node_3293,deprotonation,ionization,1.0
edge_4103,PI,node_0607,node_3294,electron_loss,ionization,1.0
edge_4104,PI,node_0607,node_3295,electron_gain,ionization,1.0
edge_4105,PI,node_0607,node_3296,protonation,ionization,1.0
edge_4106,PI,node_0607,node_3297,deprotonation,ionization,1.0
edge_4107,PI,node_0608,node_3298,electron_loss,ionization,1.0
edge_4108,PI,node_0608,node_3299,electron_gain,ionization,1.0
edge_4109,PI,node_0608,node_3300,protonation,ionization,1.0
edge_4110,PI,node_0608,node_3301,deprotonation,ionization,1.0
edge_4111,PI,node_0609,node_3302,electron_loss,ionization,1.0
edge_4112,PI,node_0609,node_3303,electron_gain,ionization,1.0
edge_4113,PI,node_0609,node_3304,protonation,ionization,1.0
edge_4114,PI,node_0609,node_3305,deprotonation,ionization,1.0
edge_4115,PI,node_0610,node_3306,electron_loss,ionization,1.0
edge_4116,PI,node_0610,node_3307,electron_gain,ionization,1.0
edge_4117,PI,node_0610,node_3308,protonation,ionization,1.0
edge_4118,PI,node_0610,node_3309,deprotonation,ionization,1.0
edge_4119,PI,node_0611,node_3310,electron_loss,ionization,1.0
edge_4120,PI,node_0611,node_3311,electron_gain,ionization,1.0
edge_4121,PI,node_0611,node_3312,protonation,ionization,1.0
edge_4122,PI,node_0611,node_3313,deprotonation,ionization,1.0
edge_4123,PI,node_0612,node_3314,electron_loss,ionization,1.0
edge_4124,PI,node_0612,node_3315,electron_gain,ionization,1.0
edge_4125,PI,node_0612,node_3316,protonation,ionization,1.0
edge_4126,PI,node_0612,node_3317,deprotonation,ionization,1.0
edge_4127,PI,node_0613,node_3318,electron_loss,ionization,1.0
edge_4128,PI,node_0613,node_3319,electron_gain,ionization,1.0
edge_4129,PI,node_0613,node_3320,protonation,ionization,1.0
edge_4130,PI,node_0613,node_3321,deprotonation,ionization,1.0
edge_4131,PI,node_0614,node_3322,electron_loss,ionization,1.0
edge_4132,PI,node_0614,node_3323,electron_gain,ionization,1.0
edge_4133,PI,node_0614,node_3324,protonation,ionization,1.0
edge_4134,PI,node_0614,node_3325,deprotonation,ionization,1.0
edge_4135,PI,node_0615,node_3326,electron_loss,ionization,1.0
edge_4136,PI,node_0615,node_3327,electron_gain,ionization,1.0
edge_4137,PI,node_0615,node_3328,protonation,ionization,1.0
edge_4138,PI,node_0615,node_3329,deprotonation,ionization,1.0
edge_4139,PI,node_0616,node_3330,electron_loss,ionization,1.0
edge_4140,PI,node_0616,node_3331,electron_gain,ionization,1.0
edge_4141,PI,node_0616,node_3332,protonation,ionization,1.0
edge_4142,PI,node_0616,node_3333,deprotonation,ionization,1.0
edge_4143,PI,node_0617,node_3334,electron_loss,ionization,1.0
edge_4144,PI,node_0617,node_3335,electron_gain,ionization,1.0
edge_4145,PI,node_0617,node_3336,protonation,ionization,1.0
edge_4146,PI,node_0617,node_3337,deprotonation,ionization,1.0
edge_4147,PI,node_0618,node_3338,electron_loss,ionization,1.0
edge_4148,PI,node_0618,node_3339,electron_gain,ionization,1.0
edge_4149,PI,node_0618,node_3340,protonation,ionization,1.0
edge_4150,PI,node_0618,node_3341,deprotonation,ionization,1.0
edge_4151,PI,node_0619,node_3342,electron_loss,ionization,1.0
edge_4152,PI,node_0619,node_3343,electron_gain,ionization,1.0
edge_4153,PI,node_0619,node_3344,protonation,ionization,1.0
edge_4154,PI,node_0619,node_3345,deprotonation,ionization,1.0
edge_4155,PI,node_0620,node_3346,electron_loss,ionization,1.0
edge_4156,PI,node_0620,node_3347,electron_gain,ionization,1.0
edge_4157,PI,node_0620,node_3348,protonation,ionization,1.0
edge_4158,PI,node_0620,node_3349,deprotonation,ionization,1.0
edge_4159,PI,node_0621,node_3350,electron_loss,ionization,1.0
edge_4160,PI,node_0621,node_3351,electron_gain,ionization,1.0
edge_4161,PI,node_0621,node_3352,protonation,ionization,1.0
edge_4162,PI,node_0621,node_3353,deprotonation,ionization,1.0
edge_4163,PI,node_0622,node_3354,electron_loss,ionization,1.0
edge_4164,PI,node_0622,node_3355,electron_gain,ionization,1.0
edge_4165,PI,node_0622,node_3356,protonation,ionization,1.0
edge_4166,PI,node_0622,node_3357,deprotonation,ionization,1.0
edge_4167,PI,node_0623,node_3358,electron_loss,ionization,1.0
edge_4168,PI,node_0623,node_3359,electron_gain,ionization,1.0
edge_4169,PI,node_0623,node_3360,protonation,ionization,1.0
edge_4170,PI,node_0623,node_3361,deprotonation,ionization,1.0
edge_4171,PI,node_0624,node_3362,electron_loss,ionization,1.0
edge_4172,PI,node_0624,node_3363,electron_gain,ionization,1.0
edge_4173,PI,node_0624,node_3364,protonation,ionization,1.0
edge_4174,PI,node_0624,node_3365,deprotonation,ionization,1.0
edge_4175,PI,node_0625,node_3366,electron_loss,ionization,1.0
edge_4176,PI,node_0625,node_3367,electron_gain,ionization,1.0
edge_4177,PI,node_0625,node_3368,protonation,ionization,1.0
edge_4178,PI,node_0625,node_3369,deprotonation,ionization,1.0
edge_4179,PI,node_0626,node_3370,electron_loss,ionization,1.0
edge_4180,PI,node_0626,node_3371,electron_gain,ionization,1.0
edge_4181,PI,node_0626,node_3372,protonation,ionization,1.0
edge_4182,PI,node_0626,node_3373,deprotonation,ionization,1.0
edge_4183,PI,node_0627,node_3374,electron_loss,ionization,1.0
edge_4184,PI,node_0627,node_3375,electron_gain,ionization,1.0
edge_4185,PI,node_0627,node_3376,protonation,ionization,1.0
edge_4186,PI,node_0627,node_3377,deprotonation,ionization,1.0
edge_4187,PI,node_0628,node_3378,electron_loss,ionization,1.0
edge_4188,PI,node_0628,node_3379,electron_gain,ionization,1.0
edge_4189,PI,node_0628,node_3380,protonation,ionization,1.0
edge_4190,PI,node_0628,node_3381,deprotonation,ionization,1.0
edge_4191,PI,node_0629,node_3382,electron_loss,ionization,1.0
edge_4192,PI,node_0629,node_3383,electron_gain,ionization,1.0
edge_4193,PI,node_0629,node_3384,protonation,ionization,1.0
edge_4194,PI,node_0629,node_3385,deprotonation,ionization,1.0
edge_4195,PI,node_0630,node_3386,electron_loss,ionization,1.0
edge_4196,PI,node_0630,node_3387,electron_gain,ionization,1.0
edge_4197,PI,node_0630,node_3388,protonation,ionization,1.0
edge_4198,PI,node_0630,node_3389,deprotonation,ionization,1.0
edge_4199,PI,node_0631,node_3390,electron_loss,ionization,1.0
edge_4200,PI,node_0631,node_3391,electron_gain,ionization,1.0
edge_4201,PI,node_0631,node_3392,protonation,ionization,1.0
edge_4202,PI,node_0631,node_3393,deprotonation,ionization,1.0
edge_4203,PI,node_0632,node_3394,electron_loss,ionization,1.0
edge_4204,PI,node_0632,node_3395,electron_gain,ionization,1.0
edge_4205,PI,node_0632,node_3396,protonation,ionization,1.0
edge_4206,PI,node_0632,node_3397,deprotonation,ionization,1.0
edge_4207,PI,node_0633,node_3398,electron_loss,ionization,1.0
edge_4208,PI,node_0633,node_3399,electron_gain,ionization,1.0
edge_4209,PI,node_0633,node_3400,protonation,ionization,1.0
edge_4210,PI,node_0633,node_3401,deprotonation,ionization,1.0
edge_4211,PI,node_0634,node_3402,electron_loss,ionization,1.0
edge_4212,PI,node_0634,node_3403,electron_gain,ionization,1.0
edge_4213,PI,node_0634,node_3404,protonation,ionization,1.0
edge_4214,PI,node_0634,node_3405,deprotonation,ionization,1.0
edge_4215,PI,node_0635,node_3406,electron_loss,ionization,1.0
edge_4216,PI,node_0635,node_3407,electron_gain,ionization,1.0
edge_4217,PI,node_0635,node_3408,protonation,ionization,1.0
edge_4218,PI,node_0635,node_3409,deprotonation,ionization,1.0
edge_4219,PI,node_0636,node_3410,electron_loss,ionization,1.0
edge_4220,PI,node_0636,node_3411,electron_gain,ionization,1.0
edge_4221,PI,node_0636,node_3412,protonation,ionization,1.0
edge_4222,PI,node_0636,node_3413,deprotonation,ionization,1.0
edge_4223,PI,node_0637,node_3414,electron_loss,ionization,1.0
edge_4224,PI,node_0637,node_3415,electron_gain,ionization,1.0
edge_4225,PI,node_0637,node_3416,protonation,ionization,1.0
edge_4226,PI,node_0637,node_3417,deprotonation,ionization,1.0
edge_4227,PI,node_0638,node_3418,electron_loss,ionization,1.0
edge_4228,PI,node_0638,node_3419,electron_gain,ionization,1.0
edge_4229,PI,node_0638,node_3420,protonation,ionization,1.0
edge_4230,PI,node_0638,node_3421,deprotonation,ionization,1.0
edge_4231,PI,node_0639,node_3422,electron_loss,ionization,1.0
edge_4232,PI,node_0639,node_3423,electron_gain,ionization,1.0
edge_4233,PI,node_0639,node_3424,protonation,ionization,1.0
edge_4234,PI,node_0639,node_3425,deprotonation,ionization,1.0
edge_4235,PI,node_0640,node_3426,electron_loss,ionization,1.0
edge_4236,PI,node_0640,node_3427,electron_gain,ionization,1.0
edge_4237,PI,node_0640,node_3428,protonation,ionization,1.0
edge_4238,PI,node_0640,node_3429,deprotonation,ionization,1.0
edge_4239,PI,node_0641,node_3430,electron_loss,ionization,1.0
edge_4240,PI,node_0641,node_3431,electron_gain,ionization,1.0
edge_4241,PI,node_0641,node_3432,protonation,ionization,1.0
edge_4242,PI,node_0641,node_3433,deprotonation,ionization,1.0
edge_4243,PI,node_0642,node_3434,electron_loss,ionization,1.0
edge_4244,PI,node_0642,node_3435,electron_gain,ionization,1.0
edge_4245,PI,node_0642,node_3436,protonation,ionization,1.0
edge_4246,PI,node_0642,node_3437,deprotonation,ionization,1.0
edge_4247,PI,node_0643,node_3438,electron_loss,ionization,1.0
edge_4248,PI,node_0643,node_3439,electron_gain,ionization,1.0
edge_4249,PI,node_0643,node_3440,protonation,ionization,1.0
edge_4250,PI,node_0643,node_3441,deprotonation,ionization,1.0
edge_4251,PI,node_0644,node_3442,electron_loss,ionization,1.0
edge_4252,PI,node_0644,node_3443,electron_gain,ionization,1.0
edge_4253,PI,node_0644,node_3444,protonation,ionization,1.0
edge_4254,PI,node_0644,node_3445,deprotonation,ionization,1.0
edge_4255,PI,node_0645,node_3446,electron_loss,ionization,1.0
edge_4256,PI,node_0645,node_3447,electron_gain,ionization,1.0
edge_4257,PI,node_0645,node_3448,protonation,ionization,1.0
edge_4258,PI,node_0645,node_3449,deprotonation,ionization,1.0
edge_4259,PI,node_0646,node_3450,electron_loss,ionization,1.0
edge_4260,PI,node_0646,node_3451,electron_gain,ionization,1.0
edge_4261,PI,node_0646,node_3452,protonation,ionization,1.0
edge_4262,PI,node_0646,node_3453,deprotonation,ionization,1.0
edge_4263,PI,node_0647,node_3454,electron_loss,ionization,1.0
edge_4264,PI,node_0647,node_3455,electron_gain,ionization,1.0
edge_4265,PI,node_0647,node_3456,protonation,ionization,1.0
edge_4266,PI,node_0647,node_3457,deprotonation,ionization,1.0
edge_4267,PI,node_0648,node_3458,electron_loss,ionization,1.0
edge_4268,PI,node_0648,node_3459,electron_gain,ionization,1.0
edge_4269,PI,node_0648,node_3460,protonation,ionization,1.0
edge_4270,PI,node_0648,node_3461,deprotonation,ionization,1.0
edge_4271,PI,node_0649,node_3462,electron_loss,ionization,1.0
edge_4272,PI,node_0649,node_3463,electron_gain,ionization,1.0
edge_4273,PI,node_0649,node_3464,protonation,ionization,1.0
edge_4274,PI,node_0649,node_3465,deprotonation,ionization,1.0
edge_4275,PI,node_0650,node_3466,electron_loss,ionization,1.0
edge_4276,PI,node_0650,node_3467,electron_gain,ionization,1.0
edge_4277,PI,node_0650,node_3468,protonation,ionization,1.0
edge_4278,PI,node_0650,node_3469,deprotonation,ionization,1.0
edge_4279,PI,node_0651,node_3470,electron_loss,ionization,1.0
edge_4280,PI,node_0651,node_3471,electron_gain,ionization,1.0
edge_4281,PI,node_0651,node_3472,protonation,ionization,1.0
edge_4282,PI,node_0651,node_3473,deprotonation,ionization,1.0
edge_4283,PI,node_0652,node_3474,electron_loss,ionization,1.0
edge_4284,PI,node_0652,node_3475,electron_gain,ionization,1.0
edge_4285,PI,node_0652,node_3476,protonation,ionization,1.0
edge_4286,PI,node_0652,node_3477,deprotonation,ionization,1.0
edge_4287,PI,node_0653,node_3478,electron_loss,ionization,1.0
edge_4288,PI,node_0653,node_3479,electron_gain,ionization,1.0
edge_4289,PI,node_0653,node_3480,protonation,ionization,1.0
edge_4290,PI,node_0653,node_3481,deprotonation,ionization,1.0
edge_4291,PI,node_0654,node_3482,electron_loss,ionization,1.0
edge_4292,PI,node_0654,node_3483,electron_gain,ionization,1.0
edge_4293,PI,node_0654,node_3484,protonation,ionization,1.0
edge_4294,PI,node_0654,node_3485,deprotonation,ionization,1.0
edge_4295,PI,node_0655,node_3486,electron_loss,ionization,1.0
edge_4296,PI,node_0655,node_3487,electron_gain,ionization,1.0
edge_4297,PI,node_0655,node_3488,protonation,ionization,1.0
edge_4298,PI,node_0655,node_3489,deprotonation,ionization,1.0
edge_4299,PI,node_0656,node_3490,electron_loss,ionization,1.0
edge_4300,PI,node_0656,node_3491,electron_gain,ionization,1.0
edge_4301,PI,node_0656,node_3492,protonation,ionization,1.0
edge_4302,PI,node_0656,node_3493,deprotonation,ionization,1.0
edge_4303,PI,node_0657,node_3494,electron_loss,ionization,1.0
edge_4304,PI,node_0657,node_3495,electron_gain,ionization,1.0
edge_4305,PI,node_0657,node_3496,protonation,ionization,1.0
edge_4306,PI,node_0657,node_3497,deprotonation,ionization,1.0
edge_4307,PI,node_0658,node_3498,electron_loss,ionization,1.0
edge_4308,PI,node_0658,node_3499,electron_gain,ionization,1.0
edge_4309,PI,node_0658,node_3500,protonation,ionization,1.0
edge_4310,PI,node_0658,node_3501,deprotonation,ionization,1.0
edge_4311,PI,node_0659,node_3502,electron_loss,ionization,1.0
edge_4312,PI,node_0659,node_3503,electron_gain,ionization,1.0
edge_4313,PI,node_0659,node_3504,protonation,ionization,1.0
edge_4314,PI,node_0659,node_3505,deprotonation,ionization,1.0
edge_4315,PI,node_0660,node_3506,electron_loss,ionization,1.0
edge_4316,PI,node_0660,node_3507,electron_gain,ionization,1.0
edge_4317,PI,node_0660,node_3508,protonation,ionization,1.0
edge_4318,PI,node_0660,node_3509,deprotonation,ionization,1.0
edge_4319,PI,node_0661,node_3510,electron_loss,ionization,1.0
edge_4320,PI,node_0661,node_3511,electron_gain,ionization,1.0
edge_4321,PI,node_0661,node_3512,protonation,ionization,1.0
edge_4322,PI,node_0661,node_3513,deprotonation,ionization,1.0
edge_4323,PI,node_0662,node_3514,electron_loss,ionization,1.0
edge_4324,PI,node_0662,node_3515,electron_gain,ionization,1.0
edge_4325,PI,node_0662,node_3516,protonation,ionization,1.0
edge_4326,PI,node_0662,node_3517,deprotonation,ionization,1.0
edge_4327,PI,node_0663,node_3518,electron_loss,ionization,1.0
edge_4328,PI,node_0663,node_3519,electron_gain,ionization,1.0
edge_4329,PI,node_0663,node_3520,protonation,ionization,1.0
edge_4330,PI,node_0663,node_3521,deprotonation,ionization,1.0
edge_4331,PI,node_0664,node_3522,electron_loss,ionization,1.0
edge_4332,PI,node_0664,node_3523,electron_gain,ionization,1.0
edge_4333,PI,node_0664,node_3524,protonation,ionization,1.0
edge_4334,PI,node_0664,node_3525,deprotonation,ionization,1.0
edge_4335,PI,node_0665,node_3526,electron_loss,ionization,1.0
edge_4336,PI,node_0665,node_3527,electron_gain,ionization,1.0
edge_4337,PI,node_0665,node_3528,protonation,ionization,1.0
edge_4338,PI,node_0665,node_3529,deprotonation,ionization,1.0
edge_4339,PI,node_0666,node_3530,electron_loss,ionization,1.0
edge_4340,PI,node_0666,node_3531,electron_gain,ionization,1.0
edge_4341,PI,node_0666,node_3532,protonation,ionization,1.0
edge_4342,PI,node_0666,node_3533,deprotonation,ionization,1.0
edge_4343,PI,node_0667,node_3534,electron_loss,ionization,1.0
edge_4344,PI,node_0667,node_3535,electron_gain,ionization,1.0
edge_4345,PI,node_0667,node_3536,protonation,ionization,1.0
edge_4346,PI,node_0667,node_3537,deprotonation,ionization,1.0
edge_4347,PI,node_0668,node_3538,electron_loss,ionization,1.0
edge_4348,PI,node_0668,node_3539,electron_gain,ionization,1.0
edge_4349,PI,node_0668,node_3540,protonation,ionization,1.0
edge_4350,PI,node_0668,node_3541,deprotonation,ionization,1.0
edge_4351,PI,node_0669,node_3542,electron_loss,ionization,1.0
edge_4352,PI,node_0669,node_3543,electron_gain,ionization,1.0
edge_4353,PI,node_0669,node_3544,protonation,ionization,1.0
edge_4354,PI,node_0669,node_3545,deprotonation,ionization,1.0
edge_4355,PI,node_0670,node_3546,electron_loss,ionization,1.0
edge_4356,PI,node_0670,node_3547,electron_gain,ionization,1.0
edge_4357,PI,node_0670,node_3548,protonation,ionization,1.0
edge_4358,PI,node_0670,node_3549,deprotonation,ionization,1.0
edge_4359,PI,node_0671,node_3550,electron_loss,ionization,1.0
edge_4360,PI,node_0671,node_3551,electron_gain,ionization,1.0
edge_4361,PI,node_0671,node_3552,protonation,ionization,1.0
edge_4362,PI,node_0671,node_3553,deprotonation,ionization,1.0
edge_4363,PI,node_0672,node_3554,electron_loss,ionization,1.0
edge_4364,PI,node_0672,node_3555,electron_gain,ionization,1.0
edge_4365,PI,node_0672,node_3556,protonation,ionization,1.0
edge_4366,PI,node_0672,node_3557,deprotonation,ionization,1.0
edge_4367,PI,node_0673,node_3558,electron_loss,ionization,1.0
edge_4368,PI,node_0673,node_3559,electron_gain,ionization,1.0
edge_4369,PI,node_0673,node_3560,protonation,ionization,1.0
edge_4370,PI,node_0673,node_3561,deprotonation,ionization,1.0
edge_4371,PI,node_0674,node_3562,electron_loss,ionization,1.0
edge_4372,PI,node_0674,node_3563,electron_gain,ionization,1.0
edge_4373,PI,node_0674,node_3564,protonation,ionization,1.0
edge_4374,PI,node_0674,node_3565,deprotonation,ionization,1.0
edge_4375,PI,node_0675,node_3566,electron_loss,ionization,1.0
edge_4376,PI,node_0675,node_3567,electron_gain,ionization,1.0
edge_4377,PI,node_0675,node_3568,protonation,ionization,1.0
edge_4378,PI,node_0675,node_3569,deprotonation,ionization,1.0
edge_4379,PI,node_0676,node_3570,electron_loss,ionization,1.0
edge_4380,PI,node_0676,node_3571,electron_gain,ionization,1.0
edge_4381,PI,node_0676,node_3572,protonation,ionization,1.0
edge_4382,PI,node_0676,node_3573,deprotonation,ionization,1.0
edge_4383,PI,node_0677,node_3574,electron_loss,ionization,1.0
edge_4384,PI,node_0677,node_3575,electron_gain,ionization,1.0
edge_4385,PI,node_0677,node_3576,protonation,ionization,1.0
edge_4386,PI,node_0677,node_3577,deprotonation,ionization,1.0
edge_4387,PI,node_0678,node_3578,electron_loss,ionization,1.0
edge_4388,PI,node_0678,node_3579,electron_gain,ionization,1.0
edge_4389,PI,node_0678,node_3580,protonation,ionization,1.0
edge_4390,PI,node_0678,node_3581,deprotonation,ionization,1.0
edge_4391,PI,node_0679,node_3582,electron_loss,ionization,1.0
edge_4392,PI,node_0679,node_3583,electron_gain,ionization,1.0
edge_4393,PI,node_0679,node_3584,protonation,ionization,1.0
edge_4394,PI,node_0679,node_3585,deprotonation,ionization,1.0
edge_4395,PI,node_0680,node_3586,electron_loss,ionization,1.0
edge_4396,PI,node_0680,node_3587,electron_gain,ionization,1.0
edge_4397,PI,node_0680,node_3588,protonation,ionization,1.0
edge_4398,PI,node_0680,node_3589,deprotonation,ionization,1.0
edge_4399,PI,node_0681,node_3590,electron_loss,ionization,1.0
edge_4400,PI,node_0681,node_3591,electron_gain,ionization,1.0
edge_4401,PI,node_0681,node_3592,protonation,ionization,1.0
edge_4402,PI,node_0681,node_3593,deprotonation,ionization,1.0
edge_4403,PI,node_0682,node_3594,electron_loss,ionization,1.0
edge_4404,PI,node_0682,node_3595,electron_gain,ionization,1.0
edge_4405,PI,node_0682,node_3596,protonation,ionization,1.0
edge_4406,PI,node_0682,node_3597,deprotonation,ionization,1.0
edge_4407,PI,node_0683,node_3598,electron_loss,ionization,1.0
edge_4408,PI,node_0683,node_3599,electron_gain,ionization,1.0
edge_4409,PI,node_0683,node_3600,protonation,ionization,1.0
edge_4410,PI,node_0683,node_3601,deprotonation,ionization,1.0
edge_4411,PI,node_0684,node_3602,electron_loss,ionization,1.0
edge_4412,PI,node_0684,node_3603,electron_gain,ionization,1.0
edge_4413,PI,node_0684,node_3604,protonation,ionization,1.0
edge_4414,PI,node_0684,node_3605,deprotonation,ionization,1.0
edge_4415,PI,node_0685,node_3606,electron_loss,ionization,1.0
edge_4416,PI,node_0685,node_3607,electron_gain,ionization,1.0
edge_4417,PI,node_0685,node_3608,protonation,ionization,1.0
edge_4418,PI,node_0685,node_3609,deprotonation,ionization,1.0
edge_4419,PI,node_0686,node_3610,electron_loss,ionization,1.0
edge_4420,PI,node_0686,node_3611,electron_gain,ionization,1.0
edge_4421,PI,node_0686,node_3612,protonation,ionization,1.0
edge_4422,PI,node_0686,node_3613,deprotonation,ionization,1.0
edge_4423,PI,node_0687,node_3614,electron_loss,ionization,1.0
edge_4424,PI,node_0687,node_3615,electron_gain,ionization,1.0
edge_4425,PI,node_0687,node_3616,protonation,ionization,1.0
edge_4426,PI,node_0687,node_3617,deprotonation,ionization,1.0
edge_4427,PI,node_0688,node_3618,electron_loss,ionization,1.0
edge_4428,PI,node_0688,node_3619,electron_gain,ionization,1.0
edge_4429,PI,node_0688,node_3620,protonation,ionization,1.0
edge_4430,PI,node_0688,node_3621,deprotonation,ionization,1.0
edge_4431,PI,node_0689,node_3622,electron_loss,ionization,1.0
edge_4432,PI,node_0689,node_3623,electron_gain,ionization,1.0
edge_4433,PI,node_0689,node_3624,protonation,ionization,1.0
edge_4434,PI,node_0689,node_3625,deprotonation,ionization,1.0
edge_4435,PI,node_0690,node_3626,electron_loss,ionization,1.0
edge_4436,PI,node_0690,node_3627,electron_gain,ionization,1.0
edge_4437,PI,node_0690,node_3628,protonation,ionization,1.0
edge_4438,PI,node_0690,node_3629,deprotonation,ionization,1.0
edge_4439,PI,node_0691,node_3630,electron_loss,ionization,1.0
edge_4440,PI,node_0691,node_3631,electron_gain,ionization,1.0
edge_4441,PI,node_0691,node_3632,protonation,ionization,1.0
edge_4442,PI,node_0691,node_3633,deprotonation,ionization,1.0
edge_4443,PI,node_0692,node_3634,electron_loss,ionization,1.0
edge_4444,PI,node_0692,node_3635,electron_gain,ionization,1.0
edge_4445,PI,node_0692,node_3636,protonation,ionization,1.0
edge_4446,PI,node_0692,node_3637,deprotonation,ionization,1.0
edge_4447,PI,node_0693,node_3638,electron_loss,ionization,1.0
edge_4448,PI,node_0693,node_3639,electron_gain,ionization,1.0
edge_4449,PI,node_0693,node_3640,protonation,ionization,1.0
edge_4450,PI,node_0693,node_3641,deprotonation,ionization,1.0
edge_4451,PI,node_0694,node_3642,electron_loss,ionization,1.0
edge_4452,PI,node_0694,node_3643,electron_gain,ionization,1.0
edge_4453,PI,node_0694,node_3644,protonation,ionization,1.0
edge_4454,PI,node_0694,node_3645,deprotonation,ionization,1.0
edge_4455,PI,node_0695,node_3646,electron_loss,ionization,1.0
edge_4456,PI,node_0695,node_3647,electron_gain,ionization,1.0
edge_4457,PI,node_0695,node_3648,protonation,ionization,1.0
edge_4458,PI,node_0695,node_3649,deprotonation,ionization,1.0
edge_4459,PI,node_0696,node_3650,electron_loss,ionization,1.0
edge_4460,PI,node_0696,node_3651,electron_gain,ionization,1.0
edge_4461,PI,node_0696,node_3652,protonation,ionization,1.0
edge_4462,PI,node_0696,node_3653,deprotonation,ionization,1.0
edge_4463,PI,node_0697,node_3654,electron_loss,ionization,1.0
edge_4464,PI,node_0697,node_3655,electron_gain,ionization,1.0
edge_4465,PI,node_0697,node_3656,protonation,ionization,1.0
edge_4466,PI,node_0697,node_3657,deprotonation,ionization,1.0
edge_4467,PI,node_0698,node_3658,electron_loss,ionization,1.0
edge_4468,PI,node_0698,node_3659,electron_gain,ionization,1.0
edge_4469,PI,node_0698,node_3660,protonation,ionization,1.0
edge_4470,PI,node_0698,node_3661,deprotonation,ionization,1.0
edge_4471,PI,node_0699,node_3662,electron_loss,ionization,1.0
edge_4472,PI,node_0699,node_3663,electron_gain,ionization,1.0
edge_4473,PI,node_0699,node_3664,protonation,ionization,1.0
edge_4474,PI,node_0699,node_3665,deprotonation,ionization,1.0
edge_4475,PI,node_0700,node_3666,electron_loss,ionization,1.0
edge_4476,PI,node_0700,node_3667,electron_gain,ionization,1.0
edge_4477,PI,node_0700,node_3668,protonation,ionization,1.0
edge_4478,PI,node_0700,node_3669,deprotonation,ionization,1.0
edge_4479,PI,node_0701,node_3670,electron_loss,ionization,1.0
edge_4480,PI,node_0701,node_3671,electron_gain,ionization,1.0
edge_4481,PI,node_0701,node_3672,protonation,ionization,1.0
edge_4482,PI,node_0701,node_3673,deprotonation,ionization,1.0
edge_4483,PI,node_0702,node_3674,electron_loss,ionization,1.0
edge_4484,PI,node_0702,node_3675,electron_gain,ionization,1.0
edge_4485,PI,node_0702,node_3676,protonation,ionization,1.0
edge_4486,PI,node_0702,node_3677,deprotonation,ionization,1.0
edge_4487,PI,node_0703,node_3678,electron_loss,ionization,1.0
edge_4488,PI,node_0703,node_3679,electron_gain,ionization,1.0
edge_4489,PI,node_0703,node_3680,protonation,ionization,1.0
edge_4490,PI,node_0703,node_3681,deprotonation,ionization,1.0
edge_4491,PI,node_0704,node_3682,electron_loss,ionization,1.0
edge_4492,PI,node_0704,node_3683,electron_gain,ionization,1.0
edge_4493,PI,node_0704,node_3684,protonation,ionization,1.0
edge_4494,PI,node_0704,node_3685,deprotonation,ionization,1.0
edge_4495,PI,node_0705,node_3686,electron_loss,ionization,1.0
edge_4496,PI,node_0705,node_3687,electron_gain,ionization,1.0
edge_4497,PI,node_0705,node_3688,protonation,ionization,1.0
edge_4498,PI,node_0705,node_3689,deprotonation,ionization,1.0
edge_4499,PI,node_0706,node_3690,electron_loss,ionization,1.0
edge_4500,PI,node_0706,node_3691,electron_gain,ionization,1.0
edge_4501,PI,node_0706,node_3692,protonation,ionization,1.0
edge_4502,PI,node_0706,node_3693,deprotonation,ionization,1.0
edge_4503,PI,node_0707,node_3694,electron_loss,ionization,1.0
edge_4504,PI,node_0707,node_3695,electron_gain,ionization,1.0
edge_4505,PI,node_0707,node_3696,protonation,ionization,1.0
edge_4506,PI,node_0707,node_3697,deprotonation,ionization,1.0
edge_4507,PI,node_0708,node_3698,electron_loss,ionization,1.0
edge_4508,PI,node_0708,node_3699,electron_gain,ionization,1.0
edge_4509,PI,node_0708,node_3700,protonation,ionization,1.0
edge_4510,PI,node_0708,node_3701,deprotonation,ionization,1.0
edge_4511,PI,node_0709,node_3702,electron_loss,ionization,1.0
edge_4512,PI,node_0709,node_3703,electron_gain,ionization,1.0
edge_4513,PI,node_0709,node_3704,protonation,ionization,1.0
edge_4514,PI,node_0709,node_3705,deprotonation,ionization,1.0
edge_4515,PI,node_0710,node_3706,electron_loss,ionization,1.0
edge_4516,PI,node_0710,node_3707,electron_gain,ionization,1.0
edge_4517,PI,node_0710,node_3708,protonation,ionization,1.0
edge_4518,PI,node_0710,node_3709,deprotonation,ionization,1.0
edge_4519,PI,node_0711,node_3710,electron_loss,ionization,1.0
edge_4520,PI,node_0711,node_3711,electron_gain,ionization,1.0
edge_4521,PI,node_0711,node_3712,protonation,ionization,1.0
edge_4522,PI,node_0711,node_3713,deprotonation,ionization,1.0
edge_4523,PI,node_0712,node_3714,electron_loss,ionization,1.0
edge_4524,PI,node_0712,node_3715,electron_gain,ionization,1.0
edge_4525,PI,node_0712,node_3716,protonation,ionization,1.0
edge_4526,PI,node_0712,node_3717,deprotonation,ionization,1.0
edge_4527,PI,node_0713,node_3718,electron_loss,ionization,1.0
edge_4528,PI,node_0713,node_3719,electron_gain,ionization,1.0
edge_4529,PI,node_0713,node_3720,protonation,ionization,1.0
edge_4530,PI,node_0713,node_3721,deprotonation,ionization,1.0
edge_4531,PI,node_0714,node_3722,electron_loss,ionization,1.0
edge_4532,PI,node_0714,node_3723,electron_gain,ionization,1.0
edge_4533,PI,node_0714,node_3724,protonation,ionization,1.0
edge_4534,PI,node_0714,node_3725,deprotonation,ionization,1.0
edge_4535,PI,node_0715,node_3726,electron_loss,ionization,1.0
edge_4536,PI,node_0715,node_3727,electron_gain,ionization,1.0
edge_4537,PI,node_0715,node_3728,protonation,ionization,1.0
edge_4538,PI,node_0715,node_3729,deprotonation,ionization,1.0
edge_4539,PI,node_0716,node_3730,electron_loss,ionization,1.0
edge_4540,PI,node_0716,node_3731,electron_gain,ionization,1.0
edge_4541,PI,node_0716,node_3732,protonation,ionization,1.0
edge_4542,PI,node_0716,node_3733,deprotonation,ionization,1.0
edge_4543,PI,node_0717,node_3734,electron_loss,ionization,1.0
edge_4544,PI,node_0717,node_3735,electron_gain,ionization,1.0
edge_4545,PI,node_0717,node_3736,protonation,ionization,1.0
edge_4546,PI,node_0717,node_3737,deprotonation,ionization,1.0
edge_4547,PI,node_0718,node_3738,electron_loss,ionization,1.0
edge_4548,PI,node_0718,node_3739,electron_gain,ionization,1.0
edge_4549,PI,node_0718,node_3740,protonation,ionization,1.0
edge_4550,PI,node_0718,node_3741,deprotonation,ionization,1.0
edge_4551,PI,node_0719,node_3742,electron_loss,ionization,1.0
edge_4552,PI,node_0719,node_3743,electron_gain,ionization,1.0
edge_4553,PI,node_0719,node_3744,protonation,ionization,1.0
edge_4554,PI,node_0719,node_3745,deprotonation,ionization,1.0
edge_4555,PI,node_0720,node_3746,electron_loss,ionization,1.0
edge_4556,PI,node_0720,node_3747,electron_gain,ionization,1.0
edge_4557,PI,node_0720,node_3748,protonation,ionization,1.0
edge_4558,PI,node_0720,node_3749,deprotonation,ionization,1.0
edge_4559,PI,node_0721,node_3750,electron_loss,ionization,1.0
edge_4560,PI,node_0721,node_3751,electron_gain,ionization,1.0
edge_4561,PI,node_0721,node_3752,protonation,ionization,1.0
edge_4562,PI,node_0721,node_3753,deprotonation,ionization,1.0
edge_4563,PI,node_0722,node_3754,electron_loss,ionization,1.0
edge_4564,PI,node_0722,node_3755,electron_gain,ionization,1.0
edge_4565,PI,node_0722,node_3756,protonation,ionization,1.0
edge_4566,PI,node_0722,node_3757,deprotonation,ionization,1.0
edge_4567,PI,node_0723,node_3758,electron_loss,ionization,1.0
edge_4568,PI,node_0723,node_3759,electron_gain,ionization,1.0
edge_4569,PI,node_0723,node_3760,protonation,ionization,1.0
edge_4570,PI,node_0723,node_3761,deprotonation,ionization,1.0
edge_4571,PI,node_0724,node_3762,electron_loss,ionization,1.0
edge_4572,PI,node_0724,node_3763,electron_gain,ionization,1.0
edge_4573,PI,node_0724,node_3764,protonation,ionization,1.0
edge_4574,PI,node_0724,node_3765,deprotonation,ionization,1.0
edge_4575,PI,node_0725,node_3766,electron_loss,ionization,1.0
edge_4576,PI,node_0725,node_3767,electron_gain,ionization,1.0
edge_4577,PI,node_0725,node_3768,protonation,ionization,1.0
edge_4578,PI,node_0725,node_3769,deprotonation,ionization,1.0
edge_4579,PI,node_0726,node_3770,electron_loss,ionization,1.0
edge_4580,PI,node_0726,node_3771,electron_gain,ionization,1.0
edge_4581,PI,node_0726,node_3772,protonation,ionization,1.0
edge_4582,PI,node_0726,node_3773,deprotonation,ionization,1.0
edge_4583,PI,node_0727,node_3774,electron_loss,ionization,1.0
edge_4584,PI,node_0727,node_3775,electron_gain,ionization,1.0
edge_4585,PI,node_0727,node_3776,protonation,ionization,1.0
edge_4586,PI,node_0727,node_3777,deprotonation,ionization,1.0
edge_4587,PI,node_0728,node_3778,electron_loss,ionization,1.0
edge_4588,PI,node_0728,node_3779,electron_gain,ionization,1.0
edge_4589,PI,node_0728,node_3780,protonation,ionization,1.0
edge_4590,PI,node_0728,node_3781,deprotonation,ionization,1.0
edge_4591,PI,node_0729,node_3782,electron_loss,ionization,1.0
edge_4592,PI,node_0729,node_3783,electron_gain,ionization,1.0
edge_4593,PI,node_0729,node_3784,protonation,ionization,1.0
edge_4594,PI,node_0729,node_3785,deprotonation,ionization,1.0
edge_4595,PI,node_0730,node_3786,electron_loss,ionization,1.0
edge_4596,PI,node_0730,node_3787,electron_gain,ionization,1.0
edge_4597,PI,node_0730,node_3788,protonation,ionization,1.0
edge_4598,PI,node_0730,node_3789,deprotonation,ionization,1.0
edge_4599,PI,node_0731,node_3790,electron_loss,ionization,1.0
edge_4600,PI,node_0731,node_3791,electron_gain,ionization,1.0
edge_4601,PI,node_0731,node_3792,protonation,ionization,1.0
edge_4602,PI,node_0731,node_3793,deprotonation,ionization,1.0
edge_4603,PI,node_0732,node_3794,electron_loss,ionization,1.0
edge_4604,PI,node_0732,node_3795,electron_gain,ionization,1.0
edge_4605,PI,node_0732,node_3796,protonation,ionization,1.0
edge_4606,PI,node_0732,node_3797,deprotonation,ionization,1.0
edge_4607,PI,node_0733,node_3798,electron_loss,ionization,1.0
edge_4608,PI,node_0733,node_3799,electron_gain,ionization,1.0
edge_4609,PI,node_0733,node_3800,protonation,ionization,1.0
edge_4610,PI,node_0733,node_3801,deprotonation,ionization,1.0
edge_4611,PI,node_0734,node_3802,electron_loss,ionization,1.0
edge_4612,PI,node_0734,node_3803,electron_gain,ionization,1.0
edge_4613,PI,node_0734,node_3804,protonation,ionization,1.0
edge_4614,PI,node_0734,node_3805,deprotonation,ionization,1.0
edge_4615,PI,node_0735,node_3806,electron_loss,ionization,1.0
edge_4616,PI,node_0735,node_3807,electron_gain,ionization,1.0
edge_4617,PI,node_0735,node_3808,protonation,ionization,1.0
edge_4618,PI,node_0735,node_3809,deprotonation,ionization,1.0
edge_4619,PI,node_0736,node_3810,electron_loss,ionization,1.0
edge_4620,PI,node_0736,node_3811,electron_gain,ionization,1.0
edge_4621,PI,node_0736,node_3812,protonation,ionization,1.0
edge_4622,PI,node_0736,node_3813,deprotonation,ionization,1.0
edge_4623,PI,node_0737,node_3814,electron_loss,ionization,1.0
edge_4624,PI,node_0737,node_3815,electron_gain,ionization,1.0
edge_4625,PI,node_0737,node_3816,protonation,ionization,1.0
edge_4626,PI,node_0737,node_3817,deprotonation,ionization,1.0
edge_4627,PI,node_0738,node_3818,electron_loss,ionization,1.0
edge_4628,PI,node_0738,node_3819,electron_gain,ionization,1.0
edge_4629,PI,node_0738,node_3820,protonation,ionization,1.0
edge_4630,PI,node_0738,node_3821,deprotonation,ionization,1.0
edge_4631,PI,node_0739,node_3822,electron_loss,ionization,1.0
edge_4632,PI,node_0739,node_3823,electron_gain,ionization,1.0
edge_4633,PI,node_0739,node_3824,protonation,ionization,1.0
edge_4634,PI,node_0739,node_3825,deprotonation,ionization,1.0
edge_4635,PI,node_0740,node_3826,electron_loss,ionization,1.0
edge_4636,PI,node_0740,node_3827,electron_gain,ionization,1.0
edge_4637,PI,node_0740,node_3828,protonation,ionization,1.0
edge_4638,PI,node_0740,node_3829,deprotonation,ionization,1.0
edge_4639,PI,node_0741,node_3830,electron_loss,ionization,1.0
edge_4640,PI,node_0741,node_3831,electron_gain,ionization,1.0
edge_4641,PI,node_0741,node_3832,protonation,ionization,1.0
edge_4642,PI,node_0741,node_3833,deprotonation,ionization,1.0
edge_4643,PI,node_0742,node_3834,electron_loss,ionization,1.0
edge_4644,PI,node_0742,node_3835,electron_gain,ionization,1.0
edge_4645,PI,node_0742,node_3836,protonation,ionization,1.0
edge_4646,PI,node_0742,node_3837,deprotonation,ionization,1.0
edge_4647,PI,node_0743,node_3838,electron_loss,ionization,1.0
edge_4648,PI,node_0743,node_3839,electron_gain,ionization,1.0
edge_4649,PI,node_0743,node_3840,protonation,ionization,1.0
edge_4650,PI,node_0743,node_3841,deprotonation,ionization,1.0
edge_4651,PI,node_0744,node_3842,electron_loss,ionization,1.0
edge_4652,PI,node_0744,node_3843,electron_gain,ionization,1.0
edge_4653,PI,node_0744,node_3844,protonation,ionization,1.0
edge_4654,PI,node_0744,node_3845,deprotonation,ionization,1.0
edge_4655,PI,node_0745,node_3846,electron_loss,ionization,1.0
edge_4656,PI,node_0745,node_3847,electron_gain,ionization,1.0
edge_4657,PI,node_0745,node_3848,protonation,ionization,1.0
edge_4658,PI,node_0745,node_3849,deprotonation,ionization,1.0
edge_4659,PI,node_0746,node_3850,electron_loss,ionization,1.0
edge_4660,PI,node_0746,node_3851,electron_gain,ionization,1.0
edge_4661,PI,node_0746,node_3852,protonation,ionization,1.0
edge_4662,PI,node_0746,node_3853,deprotonation,ionization,1.0
edge_4663,PI,node_0747,node_3854,electron_loss,ionization,1.0
edge_4664,PI,node_0747,node_3855,electron_gain,ionization,1.0
edge_4665,PI,node_0747,node_3856,protonation,ionization,1.0
edge_4666,PI,node_0747,node_3857,deprotonation,ionization,1.0
edge_4667,PI,node_0748,node_3858,electron_loss,ionization,1.0
edge_4668,PI,node_0748,node_3859,electron_gain,ionization,1.0
edge_4669,PI,node_0748,node_3860,protonation,ionization,1.0
edge_4670,PI,node_0748,node_3861,deprotonation,ionization,1.0
edge_4671,PI,node_0749,node_3862,electron_loss,ionization,1.0
edge_4672,PI,node_0749,node_3863,electron_gain,ionization,1.0
edge_4673,PI,node_0749,node_3864,protonation,ionization,1.0
edge_4674,PI,node_0749,node_3865,deprotonation,ionization,1.0
edge_4675,PI,node_0750,node_3866,electron_loss,ionization,1.0
edge_4676,PI,node_0750,node_3867,electron_gain,ionization,1.0
edge_4677,PI,node_0750,node_3868,protonation,ionization,1.0
edge_4678,PI,node_0750,node_3869,deprotonation,ionization,1.0
edge_4679,PI,node_0751,node_3870,electron_loss,ionization,1.0
edge_4680,PI,node_0751,node_3871,electron_gain,ionization,1.0
edge_4681,PI,node_0751,node_3872,protonation,ionization,1.0
edge_4682,PI,node_0751,node_3873,deprotonation,ionization,1.0
edge_4683,PI,node_0752,node_3874,electron_loss,ionization,1.0
edge_4684,PI,node_0752,node_3875,electron_gain,ionization,1.0
edge_4685,PI,node_0752,node_3876,protonation,ionization,1.0
edge_4686,PI,node_0752,node_3877,deprotonation,ionization,1.0
edge_4687,PI,node_0753,node_3878,electron_loss,ionization,1.0
edge_4688,PI,node_0753,node_3879,electron_gain,ionization,1.0
edge_4689,PI,node_0753,node_3880,protonation,ionization,1.0
edge_4690,PI,node_0753,node_3881,deprotonation,ionization,1.0
edge_4691,PI,node_0754,node_3882,electron_loss,ionization,1.0
edge_4692,PI,node_0754,node_3883,electron_gain,ionization,1.0
edge_4693,PI,node_0754,node_3884,protonation,ionization,1.0
edge_4694,PI,node_0754,node_3885,deprotonation,ionization,1.0
edge_4695,PI,node_0755,node_3886,electron_loss,ionization,1.0
edge_4696,PI,node_0755,node_3887,electron_gain,ionization,1.0
edge_4697,PI,node_0755,node_3888,protonation,ionization,1.0
edge_4698,PI,node_0755,node_3889,deprotonation,ionization,1.0
edge_4699,PI,node_0756,node_3890,electron_loss,ionization,1.0
edge_4700,PI,node_0756,node_3891,electron_gain,ionization,1.0
edge_4701,PI,node_0756,node_3892,protonation,ionization,1.0
edge_4702,PI,node_0756,node_3893,deprotonation,ionization,1.0
edge_4703,PI,node_0757,node_3894,electron_loss,ionization,1.0
edge_4704,PI,node_0757,node_3895,electron_gain,ionization,1.0
edge_4705,PI,node_0757,node_3896,protonation,ionization,1.0
edge_4706,PI,node_0757,node_3897,deprotonation,ionization,1.0
edge_4707,PI,node_0758,node_3898,electron_loss,ionization,1.0
edge_4708,PI,node_0758,node_3899,electron_gain,ionization,1.0
edge_4709,PI,node_0758,node_3900,protonation,ionization,1.0
edge_4710,PI,node_0758,node_3901,deprotonation,ionization,1.0
edge_4711,PI,node_0759,node_3902,electron_loss,ionization,1.0
edge_4712,PI,node_0759,node_3903,electron_gain,ionization,1.0
edge_4713,PI,node_0759,node_3904,protonation,ionization,1.0
edge_4714,PI,node_0759,node_3905,deprotonation,ionization,1.0
edge_4715,PI,node_0760,node_3906,electron_loss,ionization,1.0
edge_4716,PI,node_0760,node_3907,electron_gain,ionization,1.0
edge_4717,PI,node_0760,node_3908,protonation,ionization,1.0
edge_4718,PI,node_0760,node_3909,deprotonation,ionization,1.0
edge_4719,PI,node_0761,node_3910,electron_loss,ionization,1.0
edge_4720,PI,node_0761,node_3911,electron_gain,ionization,1.0
edge_4721,PI,node_0761,node_3912,protonation,ionization,1.0
edge_4722,PI,node_0761,node_3913,deprotonation,ionization,1.0
edge_4723,PI,node_0762,node_3914,electron_loss,ionization,1.0
edge_4724,PI,node_0762,node_3915,electron_gain,ionization,1.0
edge_4725,PI,node_0762,node_3916,protonation,ionization,1.0
edge_4726,PI,node_0762,node_3917,deprotonation,ionization,1.0
edge_4727,PI,node_0763,node_3918,electron_loss,ionization,1.0
edge_4728,PI,node_0763,node_3919,electron_gain,ionization,1.0
edge_4729,PI,node_0763,node_3920,protonation,ionization,1.0
edge_4730,PI,node_0763,node_3921,deprotonation,ionization,1.0
edge_4731,PI,node_0764,node_3922,electron_loss,ionization,1.0
edge_4732,PI,node_0764,node_3923,electron_gain,ionization,1.0
edge_4733,PI,node_0764,node_3924,protonation,ionization,1.0
edge_4734,PI,node_0764,node_3925,deprotonation,ionization,1.0
edge_4735,PI,node_0765,node_3926,electron_loss,ionization,1.0
edge_4736,PI,node_0765,node_3927,electron_gain,ionization,1.0
edge_4737,PI,node_0765,node_3928,protonation,ionization,1.0
edge_4738,PI,node_0765,node_3929,deprotonation,ionization,1.0
edge_4739,PI,node_0766,node_3930,electron_loss,ionization,1.0
edge_4740,PI,node_0766,node_3931,electron_gain,ionization,1.0
edge_4741,PI,node_0766,node_3932,protonation,ionization,1.0
edge_4742,PI,node_0766,node_3933,deprotonation,ionization,1.0
edge_4743,PI,node_0767,node_3934,electron_loss,ionization,1.0
edge_4744,PI,node_0767,node_3935,electron_gain,ionization,1.0
edge_4745,PI,node_0767,node_3936,protonation,ionization,1.0
edge_4746,PI,node_0767,node_3937,deprotonation,ionization,1.0
edge_4747,PI,node_0768,node_3938,electron_loss,ionization,1.0
edge_4748,PI,node_0768,node_3939,electron_gain,ionization,1.0
edge_4749,PI,node_0768,node_3940,protonation,ionization,1.0
edge_4750,PI,node_0768,node_3941,deprotonation,ionization,1.0
edge_4751,PI,node_0769,node_3942,electron_loss,ionization,1.0
edge_4752,PI,node_0769,node_3943,electron_gain,ionization,1.0
edge_4753,PI,node_0769,node_3944,protonation,ionization,1.0
edge_4754,PI,node_0769,node_3945,deprotonation,ionization,1.0
edge_4755,PI,node_0770,node_3946,electron_loss,ionization,1.0
edge_4756,PI,node_0770,node_3947,electron_gain,ionization,1.0
edge_4757,PI,node_0770,node_3948,protonation,ionization,1.0
edge_4758,PI,node_0770,node_3949,deprotonation,ionization,1.0
edge_4759,PI,node_0771,node_3950,electron_loss,ionization,1.0
edge_4760,PI,node_0771,node_3951,electron_gain,ionization,1.0
edge_4761,PI,node_0771,node_3952,protonation,ionization,1.0
edge_4762,PI,node_0771,node_3953,deprotonation,ionization,1.0
edge_4763,PI,node_0772,node_3954,electron_loss,ionization,1.0
edge_4764,PI,node_0772,node_3955,electron_gain,ionization,1.0
edge_4765,PI,node_0772,node_3956,protonation,ionization,1.0
edge_4766,PI,node_0772,node_3957,deprotonation,ionization,1.0
edge_4767,PI,node_0773,node_3958,electron_loss,ionization,1.0
edge_4768,PI,node_0773,node_3959,electron_gain,ionization,1.0
edge_4769,PI,node_0773,node_3960,protonation,ionization,1.0
edge_4770,PI,node_0773,node_3961,deprotonation,ionization,1.0
edge_4771,PI,node_0774,node_3962,electron_loss,ionization,1.0
edge_4772,PI,node_0774,node_3963,electron_gain,ionization,1.0
edge_4773,PI,node_0774,node_3964,protonation,ionization,1.0
edge_4774,PI,node_0774,node_3965,deprotonation,ionization,1.0
edge_4775,PI,node_0775,node_3966,electron_loss,ionization,1.0
edge_4776,PI,node_0775,node_3967,electron_gain,ionization,1.0
edge_4777,PI,node_0775,node_3968,protonation,ionization,1.0
edge_4778,PI,node_0775,node_3969,deprotonation,ionization,1.0
edge_4779,PI,node_0776,node_3970,electron_loss,ionization,1.0
edge_4780,PI,node_0776,node_3971,electron_gain,ionization,1.0
edge_4781,PI,node_0776,node_3972,protonation,ionization,1.0
edge_4782,PI,node_0776,node_3973,deprotonation,ionization,1.0
edge_4783,PI,node_0777,node_3974,electron_loss,ionization,1.0
edge_4784,PI,node_0777,node_3975,electron_gain,ionization,1.0
edge_4785,PI,node_0777,node_3976,protonation,ionization,1.0
edge_4786,PI,node_0777,node_3977,deprotonation,ionization,1.0
edge_4787,PI,node_0778,node_3978,electron_loss,ionization,1.0
edge_4788,PI,node_0778,node_3979,electron_gain,ionization,1.0
edge_4789,PI,node_0778,node_3980,protonation,ionization,1.0
edge_4790,PI,node_0778,node_3981,deprotonation,ionization,1.0
edge_4791,PI,node_0779,node_3982,electron_loss,ionization,1.0
edge_4792,PI,node_0779,node_3983,electron_gain,ionization,1.0
edge_4793,PI,node_0779,node_3984,protonation,ionization,1.0
edge_4794,PI,node_0779,node_3985,deprotonation,ionization,1.0
edge_4795,PI,node_0780,node_3986,electron_loss,ionization,1.0
edge_4796,PI,node_0780,node_3987,electron_gain,ionization,1.0
edge_4797,PI,node_0780,node_3988,protonation,ionization,1.0
edge_4798,PI,node_0780,node_3989,deprotonation,ionization,1.0
edge_4799,PI,node_0781,node_3990,electron_loss,ionization,1.0
edge_4800,PI,node_0781,node_3991,electron_gain,ionization,1.0
edge_4801,PI,node_0781,node_3992,protonation,ionization,1.0
edge_4802,PI,node_0781,node_3993,deprotonation,ionization,1.0
edge_4803,PI,node_0782,node_3994,electron_loss,ionization,1.0
edge_4804,PI,node_0782,node_3995,electron_gain,ionization,1.0
edge_4805,PI,node_0782,node_3996,protonation,ionization,1.0
edge_4806,PI,node_0782,node_3997,deprotonation,ionization,1.0
edge_4807,PI,node_0783,node_3998,electron_loss,ionization,1.0
edge_4808,PI,node_0783,node_3999,electron_gain,ionization,1.0
edge_4809,PI,node_0783,node_4000,protonation,ionization,1.0
edge_4810,PI,node_0783,node_4001,deprotonation,ionization,1.0
edge_4811,PI,node_0784,node_4002,electron_loss,ionization,1.0
edge_4812,PI,node_0784,node_4003,electron_gain,ionization,1.0
edge_4813,PI,node_0784,node_4004,protonation,ionization,1.0
edge_4814,PI,node_0784,node_4005,deprotonation,ionization,1.0
edge_4815,PI,node_0785,node_4006,electron_loss,ionization,1.0
edge_4816,PI,node_0785,node_4007,electron_gain,ionization,1.0
edge_4817,PI,node_0785,node_4008,protonation,ionization,1.0
edge_4818,PI,node_0785,node_4009,deprotonation,ionization,1.0
edge_4819,PI,node_0786,node_4010,electron_loss,ionization,1.0
edge_4820,PI,node_0786,node_4011,electron_gain,ionization,1.0
edge_4821,PI,node_0786,node_4012,protonation,ionization,1.0
edge_4822,PI,node_0786,node_4013,deprotonation,ionization,1.0
edge_4823,PI,node_0787,node_4014,electron_loss,ionization,1.0
edge_4824,PI,node_0787,node_4015,electron_gain,ionization,1.0
edge_4825,PI,node_0787,node_4016,protonation,ionization,1.0
edge_4826,PI,node_0787,node_4017,deprotonation,ionization,1.0
edge_4827,PI,node_0788,node_4018,electron_loss,ionization,1.0
edge_4828,PI,node_0788,node_4019,electron_gain,ionization,1.0
edge_4829,PI,node_0788,node_4020,protonation,ionization,1.0
edge_4830,PI,node_0788,node_4021,deprotonation,ionization,1.0
edge_4831,PI,node_0789,node_4022,electron_loss,ionization,1.0
edge_4832,PI,node_0789,node_4023,electron_gain,ionization,1.0
edge_4833,PI,node_0789,node_4024,protonation,ionization,1.0
edge_4834,PI,node_0789,node_4025,deprotonation,ionization,1.0
edge_4835,PI,node_0790,node_4026,electron_loss,ionization,1.0
edge_4836,PI,node_0790,node_4027,electron_gain,ionization,1.0
edge_4837,PI,node_0790,node_4028,protonation,ionization,1.0
edge_4838,PI,node_0790,node_4029,deprotonation,ionization,1.0
edge_4839,PI,node_0791,node_4030,electron_loss,ionization,1.0
edge_4840,PI,node_0791,node_4031,electron_gain,ionization,1.0
edge_4841,PI,node_0791,node_4032,protonation,ionization,1.0
edge_4842,PI,node_0791,node_4033,deprotonation,ionization,1.0
edge_4843,PI,node_0792,node_4034,electron_loss,ionization,1.0
edge_4844,PI,node_0792,node_4035,electron_gain,ionization,1.0
edge_4845,PI,node_0792,node_4036,protonation,ionization,1.0
edge_4846,PI,node_0792,node_4037,deprotonation,ionization,1.0
edge_4847,PI,node_0793,node_4038,electron_loss,ionization,1.0
edge_4848,PI,node_0793,node_4039,electron_gain,ionization,1.0
edge_4849,PI,node_0793,node_4040,protonation,ionization,1.0
edge_4850,PI,node_0793,node_4041,deprotonation,ionization,1.0
edge_4851,PI,node_0794,node_4042,electron_loss,ionization,1.0
edge_4852,PI,node_0794,node_4043,electron_gain,ionization,1.0
edge_4853,PI,node_0794,node_4044,protonation,ionization,1.0
edge_4854,PI,node_0794,node_4045,deprotonation,ionization,1.0
edge_4855,PI,node_0795,node_4046,electron_loss,ionization,1.0
edge_4856,PI,node_0795,node_4047,electron_gain,ionization,1.0
edge_4857,PI,node_0795,node_4048,protonation,ionization,1.0
edge_4858,PI,node_0795,node_4049,deprotonation,ionization,1.0
edge_4859,PI,node_0796,node_4050,electron_loss,ionization,1.0
edge_4860,PI,node_0796,node_4051,electron_gain,ionization,1.0
edge_4861,PI,node_0796,node_4052,protonation,ionization,1.0
edge_4862,PI,node_0796,node_4053,deprotonation,ionization,1.0
edge_4863,PI,node_0797,node_4054,electron_loss,ionization,1.0
edge_4864,PI,node_0797,node_4055,electron_gain,ionization,1.0
edge_4865,PI,node_0797,node_4056,protonation,ionization,1.0
edge_4866,PI,node_0797,node_4057,deprotonation,ionization,1.0
edge_4867,PI,node_0798,node_4058,electron_loss,ionization,1.0
edge_4868,PI,node_0798,node_4059,electron_gain,ionization,1.0
edge_4869,PI,node_0798,node_4060,protonation,ionization,1.0
edge_4870,PI,node_0798,node_4061,deprotonation,ionization,1.0
edge_4871,PI,node_0799,node_4062,electron_loss,ionization,1.0
edge_4872,PI,node_0799,node_4063,electron_gain,ionization,1.0
edge_4873,PI,node_0799,node_4064,protonation,ionization,1.0
edge_4874,PI,node_0799,node_4065,deprotonation,ionization,1.0
edge_4875,PI,node_0800,node_4066,electron_loss,ionization,1.0
edge_4876,PI,node_0800,node_4067,electron_gain,ionization,1.0
edge_4877,PI,node_0800,node_4068,protonation,ionization,1.0
edge_4878,PI,node_0800,node_4069,deprotonation,ionization,1.0
edge_4879,PI,node_0801,node_4070,electron_loss,ionization,1.0
edge_4880,PI,node_0801,node_4071,electron_gain,ionization,1.0
edge_4881,PI,node_0801,node_4072,protonation,ionization,1.0
edge_4882,PI,node_0801,node_4073,deprotonation,ionization,1.0
edge_4883,PI,node_0802,node_4074,electron_loss,ionization,1.0
edge_4884,PI,node_0802,node_4075,electron_gain,ionization,1.0
edge_4885,PI,node_0802,node_4076,protonation,ionization,1.0
edge_4886,PI,node_0802,node_4077,deprotonation,ionization,1.0
edge_4887,PI,node_0803,node_4078,electron_loss,ionization,1.0
edge_4888,PI,node_0803,node_4079,electron_gain,ionization,1.0
edge_4889,PI,node_0803,node_4080,protonation,ionization,1.0
edge_4890,PI,node_0803,node_4081,deprotonation,ionization,1.0
edge_4891,PI,node_0804,node_4082,electron_loss,ionization,1.0
edge_4892,PI,node_0804,node_4083,electron_gain,ionization,1.0
edge_4893,PI,node_0804,node_4084,protonation,ionization,1.0
edge_4894,PI,node_0804,node_4085,deprotonation,ionization,1.0
edge_4895,PI,node_0805,node_4086,electron_loss,ionization,1.0
edge_4896,PI,node_0805,node_4087,electron_gain,ionization,1.0
edge_4897,PI,node_0805,node_4088,protonation,ionization,1.0
edge_4898,PI,node_0805,node_4089,deprotonation,ionization,1.0
edge_4899,PI,node_0806,node_4090,electron_loss,ionization,1.0
edge_4900,PI,node_0806,node_4091,electron_gain,ionization,1.0
edge_4901,PI,node_0806,node_4092,protonation,ionization,1.0
edge_4902,PI,node_0806,node_4093,deprotonation,ionization,1.0
edge_4903,PI,node_0807,node_4094,electron_loss,ionization,1.0
edge_4904,PI,node_0807,node_4095,electron_gain,ionization,1.0
edge_4905,PI,node_0807,node_4096,protonation,ionization,1.0
edge_4906,PI,node_0807,node_4097,deprotonation,ionization,1.0
edge_4907,PI,node_0808,node_4098,electron_loss,ionization,1.0
edge_4908,PI,node_0808,node_4099,electron_gain,ionization,1.0
edge_4909,PI,node_0808,node_4100,protonation,ionization,1.0
edge_4910,PI,node_0808,node_4101,deprotonation,ionization,1.0
edge_4911,PI,node_0809,node_4102,electron_loss,ionization,1.0
edge_4912,PI,node_0809,node_4103,electron_gain,ionization,1.0
edge_4913,PI,node_0809,node_4104,protonation,ionization,1.0
edge_4914,PI,node_0809,node_4105,deprotonation,ionization,1.0
edge_4915,PI,node_0810,node_4106,electron_loss,ionization,1.0
edge_4916,PI,node_0810,node_4107,electron_gain,ionization,1.0
edge_4917,PI,node_0810,node_4108,protonation,ionization,1.0
edge_4918,PI,node_0810,node_4109,deprotonation,ionization,1.0
edge_4919,PI,node_0811,node_4110,electron_loss,ionization,1.0
edge_4920,PI,node_0811,node_4111,electron_gain,ionization,1.0
edge_4921,PI,node_0811,node_4112,protonation,ionization,1.0
edge_4922,PI,node_0811,node_4113,deprotonation,ionization,1.0
edge_4923,PI,node_0812,node_4114,electron_loss,ionization,1.0
edge_4924,PI,node_0812,node_4115,electron_gain,ionization,1.0
edge_4925,PI,node_0812,node_4116,protonation,ionization,1.0
edge_4926,PI,node_0812,node_4117,deprotonation,ionization,1.0
edge_4927,PI,node_0813,node_4118,electron_loss,ionization,1.0
edge_4928,PI,node_0813,node_4119,electron_gain,ionization,1.0
edge_4929,PI,node_0813,node_4120,protonation,ionization,1.0
edge_4930,PI,node_0813,node_4121,deprotonation,ionization,1.0
edge_4931,PI,node_0814,node_4122,electron_loss,ionization,1.0
edge_4932,PI,node_0814,node_4123,electron_gain,ionization,1.0
edge_4933,PI,node_0814,node_4124,protonation,ionization,1.0
edge_4934,PI,node_0814,node_4125,deprotonation,ionization,1.0
edge_4935,PI,node_0815,node_4126,electron_loss,ionization,1.0
edge_4936,PI,node_0815,node_4127,electron_gain,ionization,1.0
edge_4937,PI,node_0815,node_4128,protonation,ionization,1.0
edge_4938,PI,node_0815,node_4129,deprotonation,ionization,1.0
edge_4939,PI,node_0816,node_4130,electron_loss,ionization,1.0
edge_4940,PI,node_0816,node_4131,electron_gain,ionization,1.0
edge_4941,PI,node_0816,node_4132,protonation,ionization,1.0
edge_4942,PI,node_0816,node_4133,deprotonation,ionization,1.0
edge_4943,PI,node_0817,node_4134,electron_loss,ionization,1.0
edge_4944,PI,node_0817,node_4135,electron_gain,ionization,1.0
edge_4945,PI,node_0817,node_4136,protonation,ionization,1.0
edge_4946,PI,node_0817,node_4137,deprotonation,ionization,1.0
edge_4947,PI,node_0818,node_4138,electron_loss,ionization,1.0
edge_4948,PI,node_0818,node_4139,electron_gain,ionization,1.0
edge_4949,PI,node_0818,node_4140,protonation,ionization,1.0
edge_4950,PI,node_0818,node_4141,deprotonation,ionization,1.0
edge_4951,PI,node_0819,node_4142,electron_loss,ionization,1.0
edge_4952,PI,node_0819,node_4143,electron_gain,ionization,1.0
edge_4953,PI,node_0819,node_4144,protonation,ionization,1.0
edge_4954,PI,node_0819,node_4145,deprotonation,ionization,1.0
edge_4955,PI,node_0820,node_4146,electron_loss,ionization,1.0
edge_4956,PI,node_0820,node_4147,electron_gain,ionization,1.0
edge_4957,PI,node_0820,node_4148,protonation,ionization,1.0
edge_4958,PI,node_0820,node_4149,deprotonation,ionization,1.0
edge_4959,PI,node_0821,node_4150,electron_loss,ionization,1.0
edge_4960,PI,node_0821,node_4151,electron_gain,ionization,1.0
edge_4961,PI,node_0821,node_4152,protonation,ionization,1.0
edge_4962,PI,node_0821,node_4153,deprotonation,ionization,1.0
edge_4963,PI,node_0822,node_4154,electron_loss,ionization,1.0
edge_4964,PI,node_0822,node_4155,electron_gain,ionization,1.0
edge_4965,PI,node_0822,node_4156,protonation,ionization,1.0
edge_4966,PI,node_0822,node_4157,deprotonation,ionization,1.0
edge_4967,PI,node_0823,node_4158,electron_loss,ionization,1.0
edge_4968,PI,node_0823,node_4159,electron_gain,ionization,1.0
edge_4969,PI,node_0823,node_4160,protonation,ionization,1.0
edge_4970,PI,node_0823,node_4161,deprotonation,ionization,1.0
edge_4971,PI,node_0824,node_4162,electron_loss,ionization,1.0
edge_4972,PI,node_0824,node_4163,electron_gain,ionization,1.0
edge_4973,PI,node_0824,node_4164,protonation,ionization,1.0
edge_4974,PI,node_0824,node_4165,deprotonation,ionization,1.0
edge_4975,PI,node_0825,node_4166,electron_loss,ionization,1.0
edge_4976,PI,node_0825,node_4167,electron_gain,ionization,1.0
edge_4977,PI,node_0825,node_4168,protonation,ionization,1.0
edge_4978,PI,node_0825,node_4169,deprotonation,ionization,1.0
edge_4979,PI,node_0826,node_4170,electron_loss,ionization,1.0
edge_4980,PI,node_0826,node_4171,electron_gain,ionization,1.0
edge_4981,PI,node_0826,node_4172,protonation,ionization,1.0
edge_4982,PI,node_0826,node_4173,deprotonation,ionization,1.0
edge_4983,PI,node_0827,node_4174,electron_loss,ionization,1.0
edge_4984,PI,node_0827,node_4175,electron_gain,ionization,1.0
edge_4985,PI,node_0827,node_4176,protonation,ionization,1.0
edge_4986,PI,node_0827,node_4177,deprotonation,ionization,1.0
edge_4987,PI,node_0828,node_4178,electron_loss,ionization,1.0
edge_4988,PI,node_0828,node_4179,electron_gain,ionization,1.0
edge_4989,PI,node_0828,node_4180,protonation,ionization,1.0
edge_4990,PI,node_0828,node_4181,deprotonation,ionization,1.0
edge_4991,PI,node_0829,node_4182,electron_loss,ionization,1.0
edge_4992,PI,node_0829,node_4183,electron_gain,ionization,1.0
edge_4993,PI,node_0829,node_4184,protonation,ionization,1.0
edge_4994,PI,node_0829,node_4185,deprotonation,ionization,1.0
edge_4995,PI,node_0830,node_4186,electron_loss,ionization,1.0
edge_4996,PI,node_0830,node_4187,electron_gain,ionization,1.0
edge_4997,PI,node_0830,node_4188,protonation,ionization,1.0
edge_4998,PI,node_0830,node_4189,deprotonation,ionization,1.0
edge_4999,PI,node_0831,node_4190,electron_loss,ionization,1.0
edge_5000,PI,node_0831,node_4191,electron_gain,ionization,1.0
edge_5001,PI,node_0831,node_4192,protonation,ionization,1.0
edge_5002,PI,node_0831,node_4193,deprotonation,ionization,1.0
edge_5003,PI,node_0832,node_4194,electron_loss,ionization,1.0
edge_5004,PI,node_0832,node_4195,electron_gain,ionization,1.0
edge_5005,PI,node_0832,node_4196,protonation,ionization,1.0
edge_5006,PI,node_0832,node_4197,deprotonation,ionization,1.0
edge_5007,PI,node_0833,node_4198,electron_loss,ionization,1.0
edge_5008,PI,node_0833,node_4199,electron_gain,ionization,1.0
edge_5009,PI,node_0833,node_4200,protonation,ionization,1.0
edge_5010,PI,node_0833,node_4201,deprotonation,ionization,1.0
edge_5011,PI,node_0834,node_4202,electron_loss,ionization,1.0
edge_5012,PI,node_0834,node_4203,electron_gain,ionization,1.0
edge_5013,PI,node_0834,node_4204,protonation,ionization,1.0
edge_5014,PI,node_0834,node_4205,deprotonation,ionization,1.0
edge_5015,PI,node_0835,node_4206,electron_loss,ionization,1.0
edge_5016,PI,node_0835,node_4207,electron_gain,ionization,1.0
edge_5017,PI,node_0835,node_4208,protonation,ionization,1.0
edge_5018,PI,node_0835,node_4209,deprotonation,ionization,1.0
edge_5019,PI,node_0836,node_4210,electron_loss,ionization,1.0
edge_5020,PI,node_0836,node_4211,electron_gain,ionization,1.0
edge_5021,PI,node_0836,node_4212,protonation,ionization,1.0
edge_5022,PI,node_0836,node_4213,deprotonation,ionization,1.0
edge_5023,PI,node_0837,node_4214,electron_loss,ionization,1.0
edge_5024,PI,node_0837,node_4215,electron_gain,ionization,1.0
edge_5025,PI,node_0837,node_4216,protonation,ionization,1.0
edge_5026,PI,node_0837,node_4217,deprotonation,ionization,1.0
edge_5027,PI,node_0838,node_4218,electron_loss,ionization,1.0
edge_5028,PI,node_0838,node_4219,electron_gain,ionization,1.0
edge_5029,PI,node_0838,node_4220,protonation,ionization,1.0
edge_5030,PI,node_0838,node_4221,deprotonation,ionization,1.0
edge_5031,PI,node_0839,node_4222,electron_loss,ionization,1.0
edge_5032,PI,node_0839,node_4223,electron_gain,ionization,1.0
edge_5033,PI,node_0839,node_4224,protonation,ionization,1.0
edge_5034,PI,node_0839,node_4225,deprotonation,ionization,1.0
edge_5035,PI,node_0840,node_4226,electron_loss,ionization,1.0
edge_5036,PI,node_0840,node_4227,electron_gain,ionization,1.0
edge_5037,PI,node_0840,node_4228,protonation,ionization,1.0
edge_5038,PI,node_0840,node_4229,deprotonation,ionization,1.0
edge_5039,PI,node_0841,node_4230,electron_loss,ionization,1.0
edge_5040,PI,node_0841,node_4231,electron_gain,ionization,1.0
edge_5041,PI,node_0841,node_4232,protonation,ionization,1.0
edge_5042,PI,node_0841,node_4233,deprotonation,ionization,1.0
edge_5043,PI,node_0842,node_4234,electron_loss,ionization,1.0
edge_5044,PI,node_0842,node_4235,electron_gain,ionization,1.0
edge_5045,PI,node_0842,node_4236,protonation,ionization,1.0
edge_5046,PI,node_0842,node_4237,deprotonation,ionization,1.0
edge_5047,PI,node_0843,node_4238,electron_loss,ionization,1.0
edge_5048,PI,node_0843,node_4239,electron_gain,ionization,1.0
edge_5049,PI,node_0843,node_4240,protonation,ionization,1.0
edge_5050,PI,node_0843,node_4241,deprotonation,ionization,1.0
edge_5051,PI,node_0844,node_4242,electron_loss,ionization,1.0
edge_5052,PI,node_0844,node_4243,electron_gain,ionization,1.0
edge_5053,PI,node_0844,node_4244,protonation,ionization,1.0
edge_5054,PI,node_0844,node_4245,deprotonation,ionization,1.0
edge_5055,PI,node_0845,node_4246,electron_loss,ionization,1.0
edge_5056,PI,node_0845,node_4247,electron_gain,ionization,1.0
edge_5057,PI,node_0845,node_4248,protonation,ionization,1.0
edge_5058,PI,node_0845,node_4249,deprotonation,ionization,1.0
edge_5059,PI,node_0846,node_4250,electron_loss,ionization,1.0
edge_5060,PI,node_0846,node_4251,electron_gain,ionization,1.0
edge_5061,PI,node_0846,node_4252,protonation,ionization,1.0
edge_5062,PI,node_0846,node_4253,deprotonation,ionization,1.0
edge_5063,PI,node_0847,node_4254,electron_loss,ionization,1.0
edge_5064,PI,node_0847,node_4255,electron_gain,ionization,1.0
edge_5065,PI,node_0847,node_4256,protonation,ionization,1.0
edge_5066,PI,node_0847,node_4257,deprotonation,ionization,1.0
edge_5067,PI,node_0848,node_4258,electron_loss,ionization,1.0
edge_5068,PI,node_0848,node_4259,electron_gain,ionization,1.0
edge_5069,PI,node_0848,node_4260,protonation,ionization,1.0
edge_5070,PI,node_0848,node_4261,deprotonation,ionization,1.0
edge_5071,PI,node_0849,node_4262,electron_loss,ionization,1.0
edge_5072,PI,node_0849,node_4263,electron_gain,ionization,1.0
edge_5073,PI,node_0849,node_4264,protonation,ionization,1.0
edge_5074,PI,node_0849,node_4265,deprotonation,ionization,1.0
edge_5075,PI,node_0850,node_4266,electron_loss,ionization,1.0
edge_5076,PI,node_0850,node_4267,electron_gain,ionization,1.0
edge_5077,PI,node_0850,node_4268,protonation,ionization,1.0
edge_5078,PI,node_0850,node_4269,deprotonation,ionization,1.0
edge_5079,PI,node_0851,node_4270,electron_loss,ionization,1.0
edge_5080,PI,node_0851,node_4271,electron_gain,ionization,1.0
edge_5081,PI,node_0851,node_4272,protonation,ionization,1.0
edge_5082,PI,node_0851,node_4273,deprotonation,ionization,1.0
edge_5083,PI,node_0852,node_4274,electron_loss,ionization,1.0
edge_5084,PI,node_0852,node_4275,electron_gain,ionization,1.0
edge_5085,PI,node_0852,node_4276,protonation,ionization,1.0
edge_5086,PI,node_0852,node_4277,deprotonation,ionization,1.0
edge_5087,PI,node_0853,node_4278,electron_loss,ionization,1.0
edge_5088,PI,node_0853,node_4279,electron_gain,ionization,1.0
edge_5089,PI,node_0853,node_4280,protonation,ionization,1.0
edge_5090,PI,node_0853,node_4281,deprotonation,ionization,1.0
edge_5091,PI,node_0854,node_4282,electron_loss,ionization,1.0
edge_5092,PI,node_0854,node_4283,electron_gain,ionization,1.0
edge_5093,PI,node_0854,node_4284,protonation,ionization,1.0
edge_5094,PI,node_0854,node_4285,deprotonation,ionization,1.0
edge_5095,PI,node_0855,node_4286,electron_loss,ionization,1.0
edge_5096,PI,node_0855,node_4287,electron_gain,ionization,1.0
edge_5097,PI,node_0855,node_4288,protonation,ionization,1.0
edge_5098,PI,node_0855,node_4289,deprotonation,ionization,1.0
edge_5099,PI,node_0856,node_4290,electron_loss,ionization,1.0
edge_5100,PI,node_0856,node_4291,electron_gain,ionization,1.0
edge_5101,PI,node_0856,node_4292,protonation,ionization,1.0
edge_5102,PI,node_0856,node_4293,deprotonation,ionization,1.0
edge_5103,PI,node_0857,node_4294,electron_loss,ionization,1.0
edge_5104,PI,node_0857,node_4295,electron_gain,ionization,1.0
edge_5105,PI,node_0857,node_4296,protonation,ionization,1.0
edge_5106,PI,node_0857,node_4297,deprotonation,ionization,1.0
edge_5107,PI,node_0858,node_4298,electron_loss,ionization,1.0
edge_5108,PI,node_0858,node_4299,electron_gain,ionization,1.0
edge_5109,PI,node_0858,node_4300,protonation,ionization,1.0
edge_5110,PI,node_0858,node_4301,deprotonation,ionization,1.0
edge_5111,PI,node_0859,node_4302,electron_loss,ionization,1.0
edge_5112,PI,node_0859,node_4303,electron_gain,ionization,1.0
edge_5113,PI,node_0859,node_4304,protonation,ionization,1.0
edge_5114,PI,node_0859,node_4305,deprotonation,ionization,1.0
edge_5115,PI,node_0860,node_4306,electron_loss,ionization,1.0
edge_5116,PI,node_0860,node_4307,electron_gain,ionization,1.0
edge_5117,PI,node_0860,node_4308,protonation,ionization,1.0
edge_5118,PI,node_0860,node_4309,deprotonation,ionization,1.0
edge_5119,PI,node_0861,node_4310,electron_loss,ionization,1.0
edge_5120,PI,node_0861,node_4311,electron_gain,ionization,1.0
edge_5121,PI,node_0861,node_4312,protonation,ionization,1.0
edge_5122,PI,node_0861,node_4313,deprotonation,ionization,1.0
edge_5123,PI,node_0862,node_4314,electron_loss,ionization,1.0
edge_5124,PI,node_0862,node_4315,electron_gain,ionization,1.0
edge_5125,PI,node_0862,node_4316,protonation,ionization,1.0
edge_5126,PI,node_0862,node_4317,deprotonation,ionization,1.0
edge_5127,PI,node_0863,node_4318,electron_loss,ionization,1.0
edge_5128,PI,node_0863,node_4319,electron_gain,ionization,1.0
edge_5129,PI,node_0863,node_4320,protonation,ionization,1.0
edge_5130,PI,node_0863,node_4321,deprotonation,ionization,1.0
edge_5131,PI,node_0864,node_4322,electron_loss,ionization,1.0
edge_5132,PI,node_0864,node_4323,electron_gain,ionization,1.0
edge_5133,PI,node_0864,node_4324,protonation,ionization,1.0
edge_5134,PI,node_0864,node_4325,deprotonation,ionization,1.0
edge_5135,PI,node_0865,node_4326,electron_loss,ionization,1.0
edge_5136,PI,node_0865,node_4327,electron_gain,ionization,1.0
edge_5137,PI,node_0865,node_4328,protonation,ionization,1.0
edge_5138,PI,node_0865,node_4329,deprotonation,ionization,1.0
edge_5139,PI,node_0866,node_4330,electron_loss,ionization,1.0
edge_5140,PI,node_0866,node_4331,electron_gain,ionization,1.0
edge_5141,PI,node_0866,node_4332,protonation,ionization,1.0
edge_5142,PI,node_0866,node_4333,deprotonation,ionization,1.0
edge_5143,PI,node_0867,node_4334,electron_loss,ionization,1.0
edge_5144,PI,node_0867,node_4335,electron_gain,ionization,1.0
edge_5145,PI,node_0867,node_4336,protonation,ionization,1.0
edge_5146,PI,node_0867,node_4337,deprotonation,ionization,1.0
edge_5147,PI,node_0868,node_4338,electron_loss,ionization,1.0
edge_5148,PI,node_0868,node_4339,electron_gain,ionization,1.0
edge_5149,PI,node_0868,node_4340,protonation,ionization,1.0
edge_5150,PI,node_0868,node_4341,deprotonation,ionization,1.0
edge_5151,PI,node_0869,node_4342,electron_loss,ionization,1.0
edge_5152,PI,node_0869,node_4343,electron_gain,ionization,1.0
edge_5153,PI,node_0869,node_4344,protonation,ionization,1.0
edge_5154,PI,node_0869,node_4345,deprotonation,ionization,1.0
edge_5155,PI,node_0870,node_4346,electron_loss,ionization,1.0
edge_5156,PI,node_0870,node_4347,electron_gain,ionization,1.0
edge_5157,PI,node_0870,node_4348,protonation,ionization,1.0
edge_5158,PI,node_0870,node_4349,deprotonation,ionization,1.0
edge_5159,PI,node_0871,node_4350,electron_loss,ionization,1.0
edge_5160,PI,node_0871,node_4351,electron_gain,ionization,1.0
edge_5161,PI,node_0871,node_4352,protonation,ionization,1.0
edge_5162,PI,node_0871,node_4353,deprotonation,ionization,1.0
edge_5163,PI,node_0872,node_4354,electron_loss,ionization,1.0
edge_5164,PI,node_0872,node_4355,electron_gain,ionization,1.0
edge_5165,PI,node_0872,node_4356,protonation,ionization,1.0
edge_5166,PI,node_0872,node_4357,deprotonation,ionization,1.0
edge_5167,PI,node_0873,node_4358,electron_loss,ionization,1.0
edge_5168,PI,node_0873,node_4359,electron_gain,ionization,1.0
edge_5169,PI,node_0873,node_4360,protonation,ionization,1.0
edge_5170,PI,node_0873,node_4361,deprotonation,ionization,1.0
edge_5171,PI,node_0874,node_4362,electron_loss,ionization,1.0
edge_5172,PI,node_0874,node_4363,electron_gain,ionization,1.0
edge_5173,PI,node_0874,node_4364,protonation,ionization,1.0
edge_5174,PI,node_0874,node_4365,deprotonation,ionization,1.0
