spectrum_key,material,polarity,compound_id,formula,raw_formula,mz,intensity,network_score,generation_type,matched_ion_mode,network_path
COC_neg,COC,neg,COC,C4H,C_4H-,49.0086,527570.15,0.22,carbon_cluster,positive,carbon cluster C4 H0-10 | positive ion formula
COC_neg,COC,neg,COC,C6H,C_6H-,73.0084,218623.26,0.22,carbon_cluster,positive,carbon cluster C6 H0-14 | positive ion formula
COC_neg,COC,neg,COC,C4,C_4-,48.0003,197248.35,0.22,carbon_cluster,positive,carbon cluster C4 H0-10 | positive ion formula
COC_neg,COC,neg,COC,C3,C_3-,36.0004,188927.89,0.22,carbon_cluster,positive,carbon cluster C3 H0-8 | positive ion formula
COC_neg,COC,neg,COC,C3H,C_3H-,37.0082,111667.77,0.22,carbon_cluster,positive,carbon cluster C3 H0-8 | positive ion formula
COC_neg,COC,neg,COC,C8H,C_8H-,97.0085,91448.12,0.22,carbon_cluster,positive,carbon cluster C8 H0-18 | positive ion formula
COC_neg,COC,neg,COC,C6,C_6-,72.0002,78881.65,0.22,carbon_cluster,positive,carbon cluster C6 H0-14 | positive ion formula
COC_neg,COC,neg,COC,C3H2,C_3H_2-,38.0162,77555.84,0.22,carbon_cluster,positive,carbon cluster C3 H0-8 | positive ion formula
COC_neg,COC,neg,COC,C5,C_5-,60.0005,71296.29,0.22,carbon_cluster,positive,carbon cluster C5 H0-12 | positive ion formula
COC_neg,COC,neg,COC,C5H2,C_5H_2-,62.0162,59444.44,0.22,carbon_cluster,positive,carbon cluster C5 H0-12 | positive ion formula
COC_neg,COC,neg,COC,C5H,C_5H-,61.0081,56480.89,0.22,carbon_cluster,positive,carbon cluster C5 H0-12 | positive ion formula
COC_neg,COC,neg,COC,C4H2,C_4H_2-,50.0132,38199.3,0.22,carbon_cluster,positive,carbon cluster C4 H0-10 | positive ion formula
COC_neg,COC,neg,COC,C4H3,C_4H_3-,51.0244,35898.46,0.22,carbon_cluster,positive,carbon cluster C4 H0-10 | positive ion formula
COC_neg,COC,neg,COC,C10H,C_10H-,121.0076,35421.39,0.22,carbon_cluster,positive,carbon cluster C10 H0-22 | positive ion formula
COC_neg,COC,neg,COC,C7H2,C_7H_2-,86.0159,34530.85,0.22,carbon_cluster,positive,carbon cluster C7 H0-16 | positive ion formula
COC_neg,COC,neg,COC,C7,C_7-,84.0002,33835.36,0.22,carbon_cluster,positive,carbon cluster C7 H0-16 | positive ion formula
COC_neg,COC,neg,COC,C8,C_8-,96.0,31752.9,0.22,carbon_cluster,positive,carbon cluster C8 H0-18 | positive ion formula
COC_neg,COC,neg,COC,C7H,C_7H-,85.0078,31620.44,0.22,carbon_cluster,positive,carbon cluster C7 H0-16 | positive ion formula
COC_neg,COC,neg,COC,C5H3,C_5H_3-,63.0239,25216.38,0.22,carbon_cluster,positive,carbon cluster C5 H0-12 | positive ion formula
COC_neg,COC,neg,COC,C6H2,C_6H_2-,74.0133,23502.1,0.22,carbon_cluster,positive,carbon cluster C6 H0-14 | positive ion formula
COC_neg,COC,neg,COC,C6H3,C_6H_3-,75.0243,23456.11,0.22,carbon_cluster,positive,carbon cluster C6 H0-14 | positive ion formula
COC_neg,COC,neg,COC,C9H,C_9H-,109.0071,18522.91,0.22,carbon_cluster,positive,carbon cluster C9 H0-20 | positive ion formula
COC_neg,COC,neg,COC,C3H3,C_3H_3-,39.0242,18309.53,0.22,carbon_cluster,positive,carbon cluster C3 H0-8 | positive ion formula
COC_neg,COC,neg,COC,C9H2,C_9H_2-,110.0151,15666.1,0.22,carbon_cluster,positive,carbon cluster C9 H0-20 | positive ion formula
COC_neg,COC,neg,COC,C5H5,C_5H_5-,65.0406,13741.21,0.22,carbon_cluster,positive,carbon cluster C5 H0-12 | positive ion formula
COC_neg,COC,neg,COC,C9,C_9-,107.9993,13661.98,0.22,carbon_cluster,positive,carbon cluster C9 H0-20 | positive ion formula
COC_neg,COC,neg,COC,C12H,C_12H-,145.0061,13416.04,0.22,carbon_cluster,positive,carbon cluster C12 H0-26 | positive ion formula
COC_neg,COC,neg,COC,C7H3,C_7H_3-,87.0234,12659.83,0.22,carbon_cluster,positive,carbon cluster C7 H0-16 | positive ion formula
COC_neg,COC,neg,COC,C8H2,C_8H_2-,98.0129,11642.06,0.22,carbon_cluster,positive,carbon cluster C8 H0-18 | positive ion formula
COC_neg,COC,neg,COC,C8H3,C_8H_3-,99.0242,11067.89,0.22,carbon_cluster,positive,carbon cluster C8 H0-18 | positive ion formula
COC_neg,COC,neg,COC,C11H,C_11H-,133.0055,8390.78,0.22,carbon_cluster,positive,carbon cluster C11 H0-24 | positive ion formula
COC_neg,COC,neg,COC,C10,C_10-,119.9982,7853.01,0.22,carbon_cluster,positive,carbon cluster C10 H0-22 | positive ion formula
COC_neg,COC,neg,COC,C11H2,C_11H_2-,134.0144,7093.2,0.22,carbon_cluster,positive,carbon cluster C11 H0-24 | positive ion formula
COC_neg,COC,neg,COC,C9H3,C_9H_3-,111.0226,7026.24,0.22,carbon_cluster,positive,carbon cluster C9 H0-20 | positive ion formula
COC_neg,COC,neg,COC,C7H5,C_7H_5-,89.0401,6913.7,0.22,carbon_cluster,positive,carbon cluster C7 H0-16 | positive ion formula
COC_neg,COC,neg,COC,C5H4,C_5H_4-,64.0314,6292.33,0.22,carbon_cluster,positive,carbon cluster C5 H0-12 | positive ion formula
COC_neg,COC,neg,COC,C7H4,C_7H_4-,88.0315,5407.88,0.22,carbon_cluster,positive,carbon cluster C7 H0-16 | positive ion formula
COC_neg,COC,neg,COC,C10H2,C_10H_2-,122.0116,5206.7,0.22,carbon_cluster,positive,carbon cluster C10 H0-22 | positive ion formula
COC_neg,COC,neg,COC,C14H,C_14H-,169.0056,4181.53,0.22,carbon_cluster,positive,carbon cluster C14 H0-30 | positive ion formula
COC_neg,COC,neg,COC,C10H3,C_10H_3-,123.023,3961.45,0.22,carbon_cluster,positive,carbon cluster C10 H0-22 | positive ion formula
COC_neg,COC,neg,COC,C11H3,C_11H_3-,135.0211,3946.43,0.22,carbon_cluster,positive,carbon cluster C11 H0-24 | positive ion formula
COC_neg,COC,neg,COC,C9H5,C_9H_5-,113.0397,3737.51,0.22,carbon_cluster,positive,carbon cluster C9 H0-20 | positive ion formula
COC_neg,COC,neg,COC,C11,C_11-,131.9983,3610.47,0.22,carbon_cluster,positive,carbon cluster C11 H0-24 | positive ion formula
COC_neg,COC,neg,COC,C9H4,C_9H_4-,112.031,3408.35,0.22,carbon_cluster,positive,carbon cluster C9 H0-20 | positive ion formula
COC_neg,COC,neg,COC,C13H,C_13H-,157.0038,3379.34,0.22,carbon_cluster,positive,carbon cluster C13 H0-28 | positive ion formula
COC_neg,COC,neg,COC,C12,C_12-,143.9962,3376.52,0.22,carbon_cluster,positive,carbon cluster C12 H0-26 | positive ion formula
COC_neg,COC,neg,COC,C6H5,C_6H_5-,77.0405,3277.43,0.2499999999999999,neutral_loss,neutral,break 2 bond(s) | H shift -2 | -CH3
COC_neg,COC,neg,COC,C8H5,C_8H_5-,101.0396,3204.39,0.22,carbon_cluster,positive,carbon cluster C8 H0-18 | positive ion formula
COC_neg,COC,neg,COC,C2H3O,C_2H_3O-,43.0198,2969.36,0.38,adduct,negative,break 1 bond(s) | H shift -2 | O | ; | break 1 bond(s) | H shift -2 | O | ; | break 2 bond(s) | H shift -2 | O
COC_neg,COC,neg,COC,C13H2,C_13H_2-,158.0118,2964.26,0.22,carbon_cluster,positive,carbon cluster C13 H0-28 | positive ion formula
COC_neg,COC,neg,COC,C6H4,C_6H_4-,76.0298,2779.3,0.22,carbon_cluster,positive,carbon cluster C6 H0-14 | positive ion formula
COC_neg,COC,neg,COC,C11H5,C_11H_5-,137.038,2520.25,0.22,carbon_cluster,positive,carbon cluster C11 H0-24 | positive ion formula
COC_neg,COC,neg,COC,C12H2,C_12H_2-,146.0102,2214.18,0.22,carbon_cluster,positive,carbon cluster C12 H0-26 | positive ion formula
COC_neg,COC,neg,COC,C7H7,C_7H_7-,91.0565,2029.25,0.35,adduct,negative,break 2 bond(s) | H shift -2 | -H
COC_neg,COC,neg,COC,C10H5,C_10H_5-,125.0383,2022.17,0.22,carbon_cluster,positive,carbon cluster C10 H0-22 | positive ion formula
COC_pos,COC,pos,COC,C5H7,C_5H_7+,67.0569,1029446.55,0.22,carbon_cluster,positive,carbon cluster C5 H0-12 | positive ion formula
COC_pos,COC,pos,COC,C3H5,C_3H_5+,41.04,1006435.87,0.22,carbon_cluster,positive,carbon cluster C3 H0-8 | positive ion formula
COC_pos,COC,pos,COC,C7H7,C_7H_7+,91.0536,593814.1,0.35,adduct,negative,break 2 bond(s) | H shift -2 | -H
COC_pos,COC,pos,COC,C6H7,C_6H_7+,79.0555,537055.55,0.35,neutral_loss,neutral,break 2 bond(s) | -CH3
COC_pos,COC,pos,COC,C3H3,C_3H_3+,39.0231,535167.53,0.22,carbon_cluster,positive,carbon cluster C3 H0-8 | positive ion formula
COC_pos,COC,pos,COC,C6H5,C_6H_5+,77.0374,476453.07,0.2499999999999999,neutral_loss,neutral,break 2 bond(s) | H shift -2 | -CH3
COC_pos,COC,pos,COC,C4H7,C_4H_7+,55.0567,473036.22,0.22,carbon_cluster,positive,carbon cluster C4 H0-10 | positive ion formula
COC_pos,COC,pos,COC,C4H5,C_4H_5+,53.0392,365674.95,0.22,carbon_cluster,positive,carbon cluster C4 H0-10 | positive ion formula
COC_pos,COC,pos,COC,C6H9,C_6H_9+,81.0743,289411.16,0.2499999999999999,neutral_loss,neutral,break 2 bond(s) | H shift +2 | -CH3
COC_pos,COC,pos,COC,C5H5,C_5H_5+,65.0384,271793.82,0.22,carbon_cluster,positive,carbon cluster C5 H0-12 | positive ion formula
COC_pos,COC,pos,COC,C9H7,C_9H_7+,115.0494,244811.27,0.22,carbon_cluster,positive,carbon cluster C9 H0-20 | positive ion formula
COC_pos,COC,pos,COC,C4H3,C_4H_3+,51.0227,240804.92,0.22,carbon_cluster,positive,carbon cluster C4 H0-10 | positive ion formula
COC_pos,COC,pos,COC,C7H9,C_7H_9+,93.0735,190308.76,0.45,adduct,negative,break 2 bond(s) | -H
COC_pos,COC,pos,COC,C10H8,C_10H_8+,128.055,180336.7,0.22,carbon_cluster,positive,carbon cluster C10 H0-22 | positive ion formula
COC_pos,COC,pos,COC,C8H9,C_8H_9+,105.0713,173541.38,0.35,adduct,negative,break 2 bond(s) | H shift -2 | -H | ; | break 2 bond(s) | H shift -2 | -H
COC_pos,COC,pos,COC,C5H3,C_5H_3+,63.0221,171861.97,0.22,carbon_cluster,positive,carbon cluster C5 H0-12 | positive ion formula
COC_pos,COC,pos,COC,C6H6,C_6H_6+,78.045,153610.53,0.3,neutral_loss,neutral,break 2 bond(s) | H shift -1 | -CH3
COC_pos,COC,pos,COC,C7H11,C_7H_11+,95.0926,140101.76,0.45,adduct,positive,break 2 bond(s) | H
COC_pos,COC,pos,COC,C9H9,C_9H_9+,117.0651,127030.88,0.22,carbon_cluster,positive,carbon cluster C9 H0-20 | positive ion formula
COC_pos,COC,pos,COC,C5H6,C_5H_6+,66.0458,109027.29,0.22,carbon_cluster,positive,carbon cluster C5 H0-12 | positive ion formula
COC_pos,COC,pos,COC,C3H7,C_3H_7+,43.0572,100919.8,0.22,carbon_cluster,positive,carbon cluster C3 H0-8 | positive ion formula
COC_pos,COC,pos,COC,C10H9,C_10H_9+,129.0638,94340.16,0.22,carbon_cluster,positive,carbon cluster C10 H0-22 | positive ion formula
COC_pos,COC,pos,COC,C13H9,C_13H_9+,165.0597,93201.18,0.22,carbon_cluster,positive,carbon cluster C13 H0-28 | positive ion formula
COC_pos,COC,pos,COC,C11H9,C_11H_9+,141.0596,92424.17,0.22,carbon_cluster,positive,carbon cluster C11 H0-24 | positive ion formula
COC_pos,COC,pos,COC,C12H8,C_12H_8+,152.0492,90072.16,0.22,carbon_cluster,positive,carbon cluster C12 H0-26 | positive ion formula
COC_pos,COC,pos,COC,C7H8,C_7H_8+,92.0595,89918.93,0.4,adduct,negative,break 2 bond(s) | H shift -1 | -H
COC_pos,COC,pos,COC,C6H8,C_6H_8+,80.062,87870.33,0.3,neutral_loss,neutral,break 2 bond(s) | H shift +1 | -CH3
COC_pos,COC,pos,COC,C8H7,C_8H_7+,103.0508,82580.07,0.22,carbon_cluster,positive,carbon cluster C8 H0-18 | positive ion formula
COC_pos,COC,pos,COC,C5H9,C_5H_9+,69.0744,82328.76,0.22,carbon_cluster,positive,carbon cluster C5 H0-12 | positive ion formula
COC_pos,COC,pos,COC,C4H4,C_4H_4+,52.03,80456.08,0.22,carbon_cluster,positive,carbon cluster C4 H0-10 | positive ion formula
COC_pos,COC,pos,COC,C4H2,C_4H_2+,50.014,78584.8,0.22,carbon_cluster,positive,carbon cluster C4 H0-10 | positive ion formula
COC_pos,COC,pos,COC,C6H3,C_6H_3+,75.0215,65278.17,0.22,carbon_cluster,positive,carbon cluster C6 H0-14 | positive ion formula
COC_pos,COC,pos,COC,C5H8,C_5H_8+,68.0605,64899.86,0.22,carbon_cluster,positive,carbon cluster C5 H0-12 | positive ion formula
COC_pos,COC,pos,COC,C9H8,C_9H_8+,116.0565,64812.46,0.22,carbon_cluster,positive,carbon cluster C9 H0-20 | positive ion formula
COC_pos,COC,pos,COC,C12H9,C_12H_9+,153.0537,59787.35,0.22,carbon_cluster,positive,carbon cluster C12 H0-26 | positive ion formula
COC_pos,COC,pos,COC,C3H4,C_3H_4+,40.0298,59030.27,0.22,carbon_cluster,positive,carbon cluster C3 H0-8 | positive ion formula
COC_pos,COC,pos,COC,C10H7,C_10H_7+,127.048,54044.55,0.22,carbon_cluster,positive,carbon cluster C10 H0-22 | positive ion formula
COC_pos,COC,pos,COC,C3H2,C_3H_2+,38.0143,52431.5,0.22,carbon_cluster,positive,carbon cluster C3 H0-8 | positive ion formula
COC_pos,COC,pos,COC,C11H7,C_11H_7+,139.0464,50494.51,0.22,carbon_cluster,positive,carbon cluster C11 H0-24 | positive ion formula
COC_pos,COC,pos,COC,C5H2,C_5H_2+,62.0135,48848.9,0.22,carbon_cluster,positive,carbon cluster C5 H0-12 | positive ion formula
COC_pos,COC,pos,COC,C6H2,C_6H_2+,74.0128,48838.55,0.22,carbon_cluster,positive,carbon cluster C6 H0-14 | positive ion formula
COC_pos,COC,pos,COC,C7H5,C_7H_5+,89.0347,48570.25,0.22,carbon_cluster,positive,carbon cluster C7 H0-16 | positive ion formula
COC_pos,COC,pos,COC,C8H11,C_8H_11+,107.0924,45996.71,0.45,adduct,negative,break 2 bond(s) | -H | ; | break 2 bond(s) | -H
COC_pos,COC,pos,COC,C7H3,C_7H_3+,87.0207,44868.99,0.22,carbon_cluster,positive,carbon cluster C7 H0-16 | positive ion formula
COC_pos,COC,pos,COC,C14H10,C_14H_10+,178.0618,44227.07,0.22,carbon_cluster,positive,carbon cluster C14 H0-30 | positive ion formula
COC_pos,COC,pos,COC,C3H6,C_3H_6+,42.0438,44012.8,0.22,carbon_cluster,positive,carbon cluster C3 H0-8 | positive ion formula
COC_pos,COC,pos,COC,C8H6,C_8H_6+,102.0431,43968.45,0.22,carbon_cluster,positive,carbon cluster C8 H0-18 | positive ion formula
COC_pos,COC,pos,COC,C4H6,C_4H_6+,54.0453,43764.53,0.22,carbon_cluster,positive,carbon cluster C4 H0-10 | positive ion formula
COC_pos,COC,pos,COC,C8H8,C_8H_8+,104.0602,41928.81,0.2499999999999999,neutral_loss,neutral,break 2 bond(s) | H shift -2 | -H2 | ; | break 2 bond(s) | H shift -2 | -H2
COC_pos,COC,pos,COC,C9H11,C_9H_11+,119.0903,41130.32,0.4,neutral_loss,neutral,break 1 bond(s) | H shift -2 | -H2 | ; | break 1 bond(s) | H shift -2 | -H2 | ; | break 2 bond(s) | H shift -2 | -H2
COC_pos,COC,pos,COC,C10H11,C_10H_11+,131.0874,38344.72,0.22,carbon_cluster,positive,carbon cluster C10 H0-22 | positive ion formula
COC_pos,COC,pos,COC,C5H4,C_5H_4+,64.0289,32429.97,0.22,carbon_cluster,positive,carbon cluster C5 H0-12 | positive ion formula
COC_pos,COC,pos,COC,C8H13,C_8H_13+,109.1117,30497.78,0.45,adduct,positive,break 2 bond(s) | H | ; | break 2 bond(s) | H
COC_pos,COC,pos,COC,C8H10,C_8H_10+,106.078,30169.79,0.4,neutral_loss,neutral,break 1 bond(s) | H shift -2 | -CH3 | ; | break 1 bond(s) | H shift -2 | -CH3 | ; | break 2 bond(s) | H shift -2 | -CH3
COC_pos,COC,pos,COC,C7H2,C_7H_2+,86.012,29088.98,0.22,carbon_cluster,positive,carbon cluster C7 H0-16 | positive ion formula
COC_pos,COC,pos,COC,C6H4,C_6H_4+,76.029,28697.05,0.22,carbon_cluster,positive,carbon cluster C6 H0-14 | positive ion formula
COC_pos,COC,pos,COC,C14H8,C_14H_8+,176.0448,27381.64,0.22,carbon_cluster,positive,carbon cluster C14 H0-30 | positive ion formula
COC_pos,COC,pos,COC,C11H10,C_11H_10+,142.0681,26562.67,0.22,carbon_cluster,positive,carbon cluster C11 H0-24 | positive ion formula
COC_pos,COC,pos,COC,C4H9,C_4H_9+,57.0737,26307.65,0.22,carbon_cluster,positive,carbon cluster C4 H0-10 | positive ion formula
COC_pos,COC,pos,COC,C12H11,C_12H_11+,155.0804,24366.48,0.22,carbon_cluster,positive,carbon cluster C12 H0-26 | positive ion formula
EVA_neg,EVA,neg,EVA,C4H,C_4H-,49.0097,1271828.64,0.22,carbon_cluster,positive,carbon cluster C4 H0-10 | positive ion formula
EVA_neg,EVA,neg,EVA,C2H3O2,C_2H_3O_2-,59.0168,1180077.62,0.6,fragment,neutral,break 1 bond(s) | ; | break 2 bond(s) | ; | break 2 bond(s) | ; | break 2 bond(s)
EVA_neg,EVA,neg,EVA,CClO,COCl-,62.9672,658428.11,0.33,adduct,negative,break 2 bond(s) | Cl
EVA_neg,EVA,neg,EVA,C6H,C_6H-,73.0081,565340.58,0.22,carbon_cluster,positive,carbon cluster C6 H0-14 | positive ion formula
EVA_neg,EVA,neg,EVA,C2HO,C_2HO-,41.0059,515804.11,0.5499999999999999,adduct,negative,break 1 bond(s) | H shift -1 | -H | ; | break 2 bond(s) | H shift -1 | -H | ; | break 2 bond(s) | H shift -2 | -H
EVA_neg,EVA,neg,EVA,C3H,C_3H-,37.009,358830.43,0.22,carbon_cluster,positive,carbon cluster C3 H0-8 | positive ion formula
EVA_neg,EVA,neg,EVA,C3H2,C_3H_2-,38.0164,265394.74,0.2499999999999999,neutral_loss,neutral,break 2 bond(s) | H shift -2 | -H2 | ; | break 2 bond(s) | H shift -2 | -H2O | ; | break 2 bond(s) | H shift -2 | -H2
EVA_neg,EVA,neg,EVA,C4H2,C_4H_2-,50.0105,246181.38,0.22,carbon_cluster,positive,carbon cluster C4 H0-10 | positive ion formula
EVA_neg,EVA,neg,EVA,C3,C_3-,36.0007,225914.31,0.22,carbon_cluster,positive,carbon cluster C3 H0-8 | positive ion formula
EVA_neg,EVA,neg,EVA,C8H,C_8H-,97.0092,219375.45,0.22,carbon_cluster,positive,carbon cluster C8 H0-18 | positive ion formula
EVA_neg,EVA,neg,EVA,C5H2,C_5H_2-,62.0159,207390.12,0.22,carbon_cluster,positive,carbon cluster C5 H0-12 | positive ion formula
EVA_neg,EVA,neg,EVA,C4,C_4-,48.0004,205918.36,0.22,carbon_cluster,positive,carbon cluster C4 H0-10 | positive ion formula
EVA_neg,EVA,neg,EVA,C15H23O6,C_15H_23O_6-,299.211,193376.21,0.29,adduct,negative,break 2 bond(s) + 2×repeat | -H | ; | break 2 bond(s) + 2×repeat | -H
EVA_neg,EVA,neg,EVA,C4H3,C_4H_3-,51.0247,188239.71,0.22,carbon_cluster,positive,carbon cluster C4 H0-10 | positive ion formula
EVA_neg,EVA,neg,EVA,C4H5O2,C_4H_5O_2-,85.021,161612.85,0.5499999999999999,adduct,negative,break 1 bond(s) | H shift -1 | -H | ; | break 2 bond(s) | H shift -1 | -H | ; | break 2 bond(s) | -H
EVA_neg,EVA,neg,EVA,CHO2,CHO_2-,45.0009,160324.03,0.45,adduct,positive,break 2 bond(s) | H
EVA_neg,EVA,neg,EVA,C5,C_5-,60.0026,156006.35,0.22,carbon_cluster,positive,carbon cluster C5 H0-12 | positive ion formula
EVA_neg,EVA,neg,EVA,C5H,C_5H-,61.0079,151713.59,0.22,carbon_cluster,positive,carbon cluster C5 H0-12 | positive ion formula
EVA_neg,EVA,neg,EVA,C6H2,C_6H_2-,74.009,149525.31,0.22,carbon_cluster,positive,carbon cluster C6 H0-14 | positive ion formula
EVA_neg,EVA,neg,EVA,C15H25O6,C_15H_25O_6-,301.2266,147524.34,0.29,adduct,positive,break 2 bond(s) + 2×repeat | H | ; | break 2 bond(s) + 2×repeat | H
EVA_neg,EVA,neg,EVA,C2H2O2,C_2H_2O_2-,58.0052,130054.55,0.6,adduct,negative,break 1 bond(s) | -H | ; | break 1 bond(s) | H shift -2 | OH | ; | break 1 bond(s) | H shift -1 | O
EVA_neg,EVA,neg,EVA,C6,C_6-,71.9997,125870.37,0.22,carbon_cluster,positive,carbon cluster C6 H0-14 | positive ion formula
EVA_neg,EVA,neg,EVA,C3H3,C_3H_3-,39.0247,123834.64,0.35,adduct,negative,break 2 bond(s) | H shift -2 | -H | ; | break 2 bond(s) | H shift -2 | -H
EVA_neg,EVA,neg,EVA,C7H2,C_7H_2-,86.0159,120798.48,0.22,carbon_cluster,positive,carbon cluster C7 H0-16 | positive ion formula
EVA_neg,EVA,neg,EVA,C5H3,C_5H_3-,63.0225,120606.72,0.22,carbon_cluster,positive,carbon cluster C5 H0-12 | positive ion formula
EVA_neg,EVA,neg,EVA,C6H3,C_6H_3-,75.0232,102865.36,0.22,carbon_cluster,positive,carbon cluster C6 H0-14 | positive ion formula
EVA_neg,EVA,neg,EVA,C10H,C_10H-,121.0071,92437.03,0.22,carbon_cluster,positive,carbon cluster C10 H0-22 | positive ion formula
EVA_neg,EVA,neg,EVA,C8H2,C_8H_2-,98.0088,84481.76,0.22,carbon_cluster,positive,carbon cluster C8 H0-18 | positive ion formula
EVA_neg,EVA,neg,EVA,C7,C_7-,83.999,78422.83,0.22,carbon_cluster,positive,carbon cluster C7 H0-16 | positive ion formula
EVA_neg,EVA,neg,EVA,C7H3,C_7H_3-,87.0207,72278.55,0.22,carbon_cluster,positive,carbon cluster C7 H0-16 | positive ion formula
EVA_neg,EVA,neg,EVA,C2H3O,C_2H_3O-,43.0201,63833.37,0.6,fragment,neutral,break 1 bond(s) | ; | break 2 bond(s) | ; | break 2 bond(s) | ; | break 2 bond(s) | ; | break 2 bond(s)
EVA_neg,EVA,neg,EVA,C9H2,C_9H_2-,110.0116,59965.36,0.22,carbon_cluster,positive,carbon cluster C9 H0-20 | positive ion formula
EVA_neg,EVA,neg,EVA,C8,C_8-,95.9974,58527.81,0.22,carbon_cluster,positive,carbon cluster C8 H0-18 | positive ion formula
EVA_neg,EVA,neg,EVA,C8H3,C_8H_3-,99.023,57477.12,0.22,carbon_cluster,positive,carbon cluster C8 H0-18 | positive ion formula
EVA_neg,EVA,neg,EVA,C5H5,C_5H_5-,65.0378,55993.86,0.22,carbon_cluster,positive,carbon cluster C5 H0-12 | positive ion formula
EVA_neg,EVA,neg,EVA,C9H,C_9H-,109.0007,55361.42,0.22,carbon_cluster,positive,carbon cluster C9 H0-20 | positive ion formula
EVA_neg,EVA,neg,EVA,C5H4,C_5H_4-,64.0268,51232.07,0.22,carbon_cluster,positive,carbon cluster C5 H0-12 | positive ion formula
EVA_neg,EVA,neg,EVA,C4HO,C_4HO-,65.0009,50273.43,0.22,carbon_cluster,positive,carbon cluster C4 H0-10 O1 | positive ion formula
EVA_neg,EVA,neg,EVA,C3H5O3,C_3H_5O_3-,89.0299,49643.67,0.33,adduct,negative,break 2 bond(s) | OH | ; | break 2 bond(s) | H shift +1 | O | ; | break 2 bond(s) | OH
EVA_neg,EVA,neg,EVA,C6H2O3,C_6H_2O_3-,122.006,46736.95,0.22,carbon_cluster,positive,carbon cluster C6 H0-14 O3 | positive ion formula
EVA_neg,EVA,neg,EVA,C9H3,C_9H_3-,111.0208,42807.05,0.22,carbon_cluster,positive,carbon cluster C9 H0-20 | positive ion formula
EVA_neg,EVA,neg,EVA,C12H,C_12H-,145.0028,42040.35,0.22,carbon_cluster,positive,carbon cluster C12 H0-26 | positive ion formula
EVA_neg,EVA,neg,EVA,C2O,C_2O-,39.9975,40592.83,0.5,adduct,negative,break 1 bond(s) | H shift -2 | -H | ; | break 2 bond(s) | H shift -2 | -H | ; | break 2 bond(s) | H shift -2 | -H
EVA_neg,EVA,neg,EVA,C9,C_9-,107.9976,36092.84,0.22,carbon_cluster,positive,carbon cluster C9 H0-20 | positive ion formula
EVA_pos,EVA,pos,EVA,C3H5,C_3H_5+,41.0398,914932.0,0.45,adduct,negative,break 2 bond(s) | -H | ; | break 2 bond(s) | -H
EVA_pos,EVA,pos,EVA,C4H7,C_4H_7+,55.0564,900773.0,0.5499999999999999,adduct,negative,break 1 bond(s) | H shift -1 | -H | ; | break 2 bond(s) | H shift -1 | -H | ; | break 2 bond(s) | H shift -1 | -H
EVA_pos,EVA,pos,EVA,C3H7,C_3H_7+,43.0558,626492.0,0.5,neutral_loss,neutral,break 1 bond(s) | -CO2 | ; | break 1 bond(s) | H shift +1 | -CH3 | ; | break 1 bond(s) | H shift -2 | -CO
EVA_pos,EVA,pos,EVA,C7H7,C_7H_7+,91.0528,521260.0,0.22,carbon_cluster,positive,carbon cluster C7 H0-16 | positive ion formula
EVA_pos,EVA,pos,EVA,C5H9,C_5H_9+,69.0727,520246.0,0.22,carbon_cluster,positive,carbon cluster C5 H0-12 | positive ion formula
EVA_pos,EVA,pos,EVA,C5H7,C_5H_7+,67.0551,482917.0,0.22,carbon_cluster,positive,carbon cluster C5 H0-12 | positive ion formula
EVA_pos,EVA,pos,EVA,C4H9,C_4H_9+,57.0726,464255.0,0.6,fragment,neutral,break 1 bond(s) | ; | break 2 bond(s) | ; | break 2 bond(s)
EVA_pos,EVA,pos,EVA,C6H9,C_6H_9+,81.0721,395112.0,0.22,carbon_cluster,positive,carbon cluster C6 H0-14 | positive ion formula
EVA_pos,EVA,pos,EVA,C2H3O,C_2H_3O+,43.0179,383772.0,0.6,fragment,neutral,break 1 bond(s) | ; | break 2 bond(s) | ; | break 2 bond(s) | ; | break 2 bond(s) | ; | break 2 bond(s)
EVA_pos,EVA,pos,EVA,C3H3,C_3H_3+,39.022,364808.0,0.35,adduct,negative,break 2 bond(s) | H shift -2 | -H | ; | break 2 bond(s) | H shift -2 | -H
EVA_pos,EVA,pos,EVA,C4H5,C_4H_5+,53.0379,353367.0,0.4,neutral_loss,neutral,break 1 bond(s) | H shift -2 | -H2 | ; | break 1 bond(s) | H shift -2 | -H2O | ; | break 2 bond(s) | H shift -2 | -H2
EVA_pos,EVA,pos,EVA,C6H7,C_6H_7+,79.0521,292590.0,0.22,carbon_cluster,positive,carbon cluster C6 H0-14 | positive ion formula
EVA_pos,EVA,pos,EVA,C6H5,C_6H_5+,77.0354,282485.0,0.22,carbon_cluster,positive,carbon cluster C6 H0-14 | positive ion formula
EVA_pos,EVA,pos,EVA,C7H11,C_7H_11+,95.0896,261251.0,0.22,carbon_cluster,positive,carbon cluster C7 H0-16 | positive ion formula
EVA_pos,EVA,pos,EVA,C9H7,C_9H_7+,115.0472,258712.0,0.22,carbon_cluster,positive,carbon cluster C9 H0-20 | positive ion formula
EVA_pos,EVA,pos,EVA,C8H9,C_8H_9+,105.0684,223361.0,0.22,carbon_cluster,positive,carbon cluster C8 H0-18 | positive ion formula
EVA_pos,EVA,pos,EVA,C6H8O3,C_6H_8O_3+,128.051,221914.0,0.22,neutral_loss,neutral,break 2 bond(s) + 1×repeat | H shift +1 | -CH3
EVA_pos,EVA,pos,EVA,C6H11,C_6H_11+,83.0908,221312.0,0.22,carbon_cluster,positive,carbon cluster C6 H0-14 | positive ion formula
EVA_pos,EVA,pos,EVA,C5H5,C_5H_5+,65.0367,184089.0,0.22,carbon_cluster,positive,carbon cluster C5 H0-12 | positive ion formula
EVA_pos,EVA,pos,EVA,C7H9,C_7H_9+,93.0694,174775.0,0.22,carbon_cluster,positive,carbon cluster C7 H0-16 | positive ion formula
EVA_pos,EVA,pos,EVA,C5H11,C_5H_11+,71.0903,172256.0,0.6,neutral_loss,neutral,M | H shift -1 | -CO2
EVA_pos,EVA,pos,EVA,C9H9,C_9H_9+,117.0658,162369.0,0.22,carbon_cluster,positive,carbon cluster C9 H0-20 | positive ion formula
EVA_pos,EVA,pos,EVA,C7H9O3,C_7H_9O_3+,141.058,157946.0,0.37,adduct,negative,break 2 bond(s) + 1×repeat | -H
EVA_pos,EVA,pos,EVA,C6H9O3,C_6H_9O_3+,129.0615,154646.0,0.22,neutral_loss,neutral,break 2 bond(s) + 1×repeat | H shift -1 | -CO | ; | break 2 bond(s) + 1×repeat | H shift +2 | -CH3
EVA_pos,EVA,pos,EVA,C9H9O3,C_9H_9O_3+,165.0553,154461.0,0.22,carbon_cluster,positive,carbon cluster C9 H0-20 O3 | positive ion formula
EVA_pos,EVA,pos,EVA,C4H8,C_4H_8+,56.0599,138652.0,0.6,adduct,negative,break 1 bond(s) | -H | ; | break 2 bond(s) | -H | ; | break 2 bond(s) | -H
EVA_pos,EVA,pos,EVA,C4H3,C_4H_3+,51.0214,138220.0,0.22,carbon_cluster,positive,carbon cluster C4 H0-10 | positive ion formula
EVA_pos,EVA,pos,EVA,C7H13,C_7H_13+,97.1083,136084.0,0.32,neutral_loss,neutral,break 1 bond(s) + 1×repeat | H shift -2 | -CO2 | ; | break 2 bond(s) + 1×repeat | H shift -2 | -CO2 | ; | break 2 bond(s) + 1×repeat | H shift -1 | -CO2
EVA_pos,EVA,pos,EVA,C4H6,C_4H_6+,54.0449,121359.0,0.5,adduct,negative,break 1 bond(s) | H shift -2 | -H | ; | break 2 bond(s) | H shift -2 | -H | ; | break 2 bond(s) | H shift -2 | -H
EVA_pos,EVA,pos,EVA,C8H13,C_8H_13+,109.1042,117583.0,0.22,carbon_cluster,positive,carbon cluster C8 H0-18 | positive ion formula
EVA_pos,EVA,pos,EVA,C3H6,C_3H_6+,42.0435,115184.0,0.5,neutral_loss,neutral,break 1 bond(s) | -CH3 | ; | break 2 bond(s) | H shift -1 | -CO2 | ; | break 2 bond(s) | H shift +2 | -H2
EVA_pos,EVA,pos,EVA,C10H11,C_10H_11+,131.0831,110319.0,0.22,carbon_cluster,positive,carbon cluster C10 H0-22 | positive ion formula
EVA_pos,EVA,pos,EVA,C8H8O3,C_8H_8O_3+,152.046,109740.0,0.22,carbon_cluster,positive,carbon cluster C8 H0-18 O3 | positive ion formula
EVA_pos,EVA,pos,EVA,C6H6,C_6H_6+,78.0428,105484.0,0.22,carbon_cluster,positive,carbon cluster C6 H0-14 | positive ion formula
EVA_pos,EVA,pos,EVA,C10H10O3,C_10H_10O_3+,178.055,101429.0,0.22,carbon_cluster,positive,carbon cluster C10 H0-22 O3 | positive ion formula
EVA_pos,EVA,pos,EVA,C8H7,C_8H_7+,103.0483,99909.0,0.22,carbon_cluster,positive,carbon cluster C8 H0-18 | positive ion formula
EVA_pos,EVA,pos,EVA,C13H17,C_13H_17+,173.1329,99772.0,0.22,carbon_cluster,positive,carbon cluster C13 H0-28 | positive ion formula
EVA_pos,EVA,pos,EVA,C8H9O3,C_8H_9O_3+,153.0491,99205.0,0.32,neutral_loss,neutral,break 1 bond(s) + 1×repeat | H shift -2 | -H2O | ; | break 1 bond(s) + 1×repeat | H shift -2 | -H2 | ; | break 2 bond(s) + 1×repeat | H shift -2 | -H2O
EVA_pos,EVA,pos,EVA,C5HO,C_5HO+,76.9963,98894.0,0.22,carbon_cluster,positive,carbon cluster C5 H0-12 O1 | positive ion formula
EVA_pos,EVA,pos,EVA,C5H8,C_5H_8+,68.0605,96908.0,0.22,carbon_cluster,positive,carbon cluster C5 H0-12 | positive ion formula
EVA_pos,EVA,pos,EVA,C8H11,C_8H_11+,107.0857,95481.0,0.22,carbon_cluster,positive,carbon cluster C8 H0-18 | positive ion formula
EVA_pos,EVA,pos,EVA,C10H13,C_10H_13+,133.1004,93948.0,0.22,carbon_cluster,positive,carbon cluster C10 H0-22 | positive ion formula
EVA_pos,EVA,pos,EVA,C5H3,C_5H_3+,63.0205,89888.0,0.22,carbon_cluster,positive,carbon cluster C5 H0-12 | positive ion formula
EVA_pos,EVA,pos,EVA,C8H11O3,C_8H_11O_3+,155.0764,88737.0,0.4699999999999999,adduct,negative,break 1 bond(s) + 1×repeat | H shift -1 | -H | ; | break 2 bond(s) + 1×repeat | H shift -1 | -H | ; | break 2 bond(s) + 1×repeat | H shift -2 | -H
EVA_pos,EVA,pos,EVA,C2HO,C_2HO+,41.0077,83957.0,0.5499999999999999,adduct,negative,break 1 bond(s) | H shift -1 | -H | ; | break 2 bond(s) | H shift -1 | -H | ; | break 2 bond(s) | H shift -2 | -H
EVA_pos,EVA,pos,EVA,C7H8,C_7H_8+,92.0571,83549.0,0.22,carbon_cluster,positive,carbon cluster C7 H0-16 | positive ion formula
EVA_pos,EVA,pos,EVA,C11H11,C_11H_11+,143.0797,80623.0,0.22,carbon_cluster,positive,carbon cluster C11 H0-24 | positive ion formula
EVA_pos,EVA,pos,EVA,C9H8,C_9H_8+,116.0528,78738.0,0.22,carbon_cluster,positive,carbon cluster C9 H0-20 | positive ion formula
EVA_pos,EVA,pos,EVA,C6H13,C_6H_13+,85.1076,77745.0,0.22,carbon_cluster,positive,carbon cluster C6 H0-14 | positive ion formula
EVA_pos,EVA,pos,EVA,C6H7O3,C_6H_7O_3+,127.0415,76631.0,0.2699999999999999,neutral_loss,neutral,break 2 bond(s) + 1×repeat | -CH3
EVA_pos,EVA,pos,EVA,C9H11,C_9H_11+,119.0844,76239.0,0.22,carbon_cluster,positive,carbon cluster C9 H0-20 | positive ion formula
EVA_pos,EVA,pos,EVA,C6H8,C_6H_8+,80.0596,74165.0,0.22,carbon_cluster,positive,carbon cluster C6 H0-14 | positive ion formula
EVA_pos,EVA,pos,EVA,C3H3O,C_3H_3O+,55.0194,70406.0,0.35,adduct,negative,break 2 bond(s) | H shift -2 | -H | ; | break 2 bond(s) | H shift -2 | -H
EVA_pos,EVA,pos,EVA,C11H9O3,C_11H_9O_3+,189.0447,68891.0,0.22,carbon_cluster,positive,carbon cluster C11 H0-24 O3 | positive ion formula
EVA_pos,EVA,pos,EVA,C5H10,C_5H_10+,70.0767,64908.0,0.55,neutral_loss,neutral,M | H shift -2 | -CO2
EVA_pos,EVA,pos,EVA,C10H11O3,C_10H_11O_3+,179.0681,64775.0,0.22,carbon_cluster,positive,carbon cluster C10 H0-22 O3 | positive ion formula
EVA_pos,EVA,pos,EVA,C5H6,C_5H_6+,66.0438,64622.0,0.22,carbon_cluster,positive,carbon cluster C5 H0-12 | positive ion formula
EVA_pos,EVA,pos,EVA,C7H10O3,C_7H_10O_3+,142.0644,63636.0,0.42,neutral_loss,neutral,break 1 bond(s) + 1×repeat | -CH3 | ; | break 2 bond(s) + 1×repeat | -CH3 | ; | break 2 bond(s) + 1×repeat | H shift -1 | -CH3
EVA_pos,EVA,pos,EVA,C12H10O3,C_12H_10O_3+,202.0519,63417.0,0.22,carbon_cluster,positive,carbon cluster C12 H0-26 O3 | positive ion formula
EVA_pos,EVA,pos,EVA,C9H11O3,C_9H_11O_3+,167.0698,63348.0,0.22,neutral_loss,neutral,break 2 bond(s) + 1×repeat | H shift -1 | -H2O | ; | break 2 bond(s) + 1×repeat | H shift -2 | -OH | ; | break 2 bond(s) + 1×repeat | H shift -1 | -H2O
EVA_pos,EVA,pos,EVA,C4H4,C_4H_4+,52.0285,62473.0,0.22,carbon_cluster,positive,carbon cluster C4 H0-10 | positive ion formula
EVA_pos,EVA,pos,EVA,C3H4,C_3H_4+,40.0288,61987.0,0.4,neutral_loss,neutral,break 1 bond(s) | H shift -2 | -CH3 | ; | break 2 bond(s) | -H2 | ; | break 2 bond(s) | H shift -1 | -OH
EVA_pos,EVA,pos,EVA,C6H10,C_6H_10+,82.0769,57238.0,0.22,carbon_cluster,positive,carbon cluster C6 H0-14 | positive ion formula
EVA_pos,EVA,pos,EVA,C11H11O3,C_11H_11O_3+,191.0609,55237.0,0.22,carbon_cluster,positive,carbon cluster C11 H0-24 O3 | positive ion formula
EVA_pos,EVA,pos,EVA,C7H7O3,C_7H_7O_3+,139.0427,53500.0,0.2699999999999999,adduct,negative,break 2 bond(s) + 1×repeat | H shift -2 | -H
EVA_pos,EVA,pos,EVA,C14H17,C_14H_17+,185.1244,52803.0,0.22,carbon_cluster,positive,carbon cluster C14 H0-30 | positive ion formula
EVA_pos,EVA,pos,EVA,C11H13,C_11H_13+,145.098,48808.0,0.22,carbon_cluster,positive,carbon cluster C11 H0-24 | positive ion formula
EVA_pos,EVA,pos,EVA,C9H15,C_9H_15+,123.1213,46669.0,0.22,carbon_cluster,positive,carbon cluster C9 H0-20 | positive ion formula
EVA_pos,EVA,pos,EVA,C9H13,C_9H_13+,121.1026,45377.0,0.22,carbon_cluster,positive,carbon cluster C9 H0-20 | positive ion formula
PDMS_neg,PDMS,neg,PDMS,CH3O2Si,SiCH_3O_2-,74.9949,804993.08,0.28,adduct,negative,break 2 bond(s) | H shift -1 | O | ; | break 2 bond(s) | H shift -2 | OH | ; | break 2 bond(s) | H shift -1 | O
PDMS_neg,PDMS,neg,PDMS,CH3OSi,SiCH_3O-,58.9983,488504.91,0.45,adduct,negative,break 2 bond(s) | -H | ; | break 2 bond(s) | -H | ; | break 2 bond(s) | -H | ; | break 2 bond(s) | -H
PDMS_neg,PDMS,neg,PDMS,O2Si,SiO_2-,59.9685,379935.42,0.28,siloxane_fragment,positive,siloxane fragment Si1 C0-4 O0-3 | positive ion formula
PDMS_neg,PDMS,neg,PDMS,C2H5OSi,SiC_2H_5O-,73.0157,322307.46,0.5499999999999999,adduct,negative,break 1 bond(s) | H shift -1 | -H | ; | break 1 bond(s) | H shift -1 | -H | ; | break 2 bond(s) | H shift -1 | -H
PDMS_neg,PDMS,neg,PDMS,HO2Si,SiHO_2-,60.9775,272335.33,0.28,siloxane_fragment,positive,siloxane fragment Si1 C0-4 O0-3 | positive ion formula
PDMS_neg,PDMS,neg,PDMS,C2H7OSi,SiC_2H_7O-,75.0303,190562.54,0.6,fragment,neutral,break 1 bond(s) | ; | break 1 bond(s) | ; | break 2 bond(s) | ; | break 2 bond(s) | ; | break 2 bond(s)
PDMS_neg,PDMS,neg,PDMS,C5H15O4Si3,Si_3C_5H_15O_4-,223.039,189203.31,0.3,adduct,negative,break 1 bond(s) + 1×repeat | H shift -2 | O | ; | break 1 bond(s) + 1×repeat | H shift -2 | O | ; | break 1 bond(s) + 1×repeat | H shift -2 | O
PDMS_neg,PDMS,neg,PDMS,C3H9OSi,SiC_3H_9O-,89.052,168049.92,0.28,siloxane_fragment,positive,siloxane fragment Si1 C0-4 O0-3 | positive ion formula
PDMS_neg,PDMS,neg,PDMS,C2H7O2Si,SiC_2H_7O_2-,91.0288,146096.5,0.48,adduct,negative,break 1 bond(s) | O | ; | break 1 bond(s) | H shift -1 | OH | ; | break 1 bond(s) | O
PDMS_neg,PDMS,neg,PDMS,CH2OSi,SiCH_2O-,57.9893,133996.91,0.4,neutral_loss,neutral,break 1 bond(s) | H shift -2 | -CH3 | ; | break 1 bond(s) | H shift -2 | -CH3 | ; | break 2 bond(s) | -H2
PDMS_neg,PDMS,neg,PDMS,C4HSi,SiC_4H-,76.9877,89689.24,0.28,siloxane_fragment,positive,siloxane fragment Si1 C0-4 O0-3 | positive ion formula
PDMS_neg,PDMS,neg,PDMS,CHO2Si2,Si_2CHO_2-,100.9548,63189.41,0.28,siloxane_fragment,positive,siloxane fragment Si2 C0-6 O0-4 | positive ion formula
PDMS_neg,PDMS,neg,PDMS,CH3O2Si,^29SiCH_3O_2-,75.9935,56268.42,0.28,adduct,negative,break 2 bond(s) | H shift -1 | O | ; | break 2 bond(s) | H shift -2 | OH | ; | break 2 bond(s) | H shift -1 | O
PDMS_neg,PDMS,neg,PDMS,C4H13O4Si3,Si_3C_4H_13O_4-,209.0093,50735.4,0.28,siloxane_fragment,positive,siloxane fragment Si3 C0-8 O1-5 | positive ion formula
PDMS_neg,PDMS,neg,PDMS,C2H5Si,SiC_2H_5-,57.02,42011.47,0.5,neutral_loss,neutral,break 1 bond(s) | -H2O | ; | break 1 bond(s) | H shift -1 | -OH | ; | break 1 bond(s) | -H2O
PDMS_neg,PDMS,neg,PDMS,CHOSi,SiCHO-,56.9799,40695.9,0.35,adduct,negative,break 2 bond(s) | H shift -2 | -H | ; | break 2 bond(s) | H shift -2 | -H | ; | break 2 bond(s) | H shift -2 | -H
PDMS_neg,PDMS,neg,PDMS,CH3OSi,^29SiCH_3O-,59.9965,40218.89,0.45,adduct,negative,break 2 bond(s) | -H | ; | break 2 bond(s) | -H | ; | break 2 bond(s) | -H | ; | break 2 bond(s) | -H
PDMS_neg,PDMS,neg,PDMS,CH2O2Si,SiCH_2O_2-,73.9845,37869.53,0.28,siloxane_fragment,positive,siloxane fragment Si1 C0-4 O0-3 | positive ion formula
PDMS_neg,PDMS,neg,PDMS,CH5OSi,SiCH_5O-,61.0144,33408.59,0.45,adduct,positive,break 2 bond(s) | H | ; | break 2 bond(s) | H | ; | break 2 bond(s) | H | ; | break 2 bond(s) | H
PDMS_neg,PDMS,neg,PDMS,C6H17O3Si3,Si_3C_6H_17O_3-,221.0553,33371.88,0.5700000000000001,adduct,negative,M + 1×repeat | H shift -2 | -H | ; | break 1 bond(s) + 1×repeat | H shift -2 | O | ; | break 1 bond(s) + 1×repeat | H shift -2 | O
PDMS_neg,PDMS,neg,PDMS,C4H11O4Si3,Si_3C_4H_11O_4-,207.0028,31308.03,0.28,siloxane_fragment,positive,siloxane fragment Si3 C0-8 O1-5 | positive ion formula
PDMS_neg,PDMS,neg,PDMS,C4H13O3Si2,Si_2C_4H_13O_3-,165.0523,28631.63,0.58,adduct,negative,M | H shift -1 | O | ; | break 1 bond(s) + 1×repeat | H shift -1 | OH | ; | break 1 bond(s) + 1×repeat | O
PDMS_neg,PDMS,neg,PDMS,C2H3Si,SiC_2H_3-,55.0047,23508.41,0.4,neutral_loss,neutral,break 1 bond(s) | H shift -2 | -H2O | ; | break 1 bond(s) | H shift -2 | -H2O | ; | break 2 bond(s) | H shift -2 | -H2O
PDMS_neg,PDMS,neg,PDMS,C2H3OSi2,Si_2C_2H_3O-,98.9782,21052.64,0.28,siloxane_fragment,positive,siloxane fragment Si2 C0-6 O0-4 | positive ion formula
PDMS_neg,PDMS,neg,PDMS,C5H3O2Si3,Si_3C_5H_3O_2-,178.9424,20119.04,0.28,siloxane_fragment,positive,siloxane fragment Si3 C0-8 O1-5 | positive ion formula
PDMS_neg,PDMS,neg,PDMS,C2H5O4Si3,Si_3C_2H_5O_4-,176.9549,18601.16,0.28,siloxane_fragment,positive,siloxane fragment Si3 C0-8 O1-5 | positive ion formula
PDMS_neg,PDMS,neg,PDMS,C7H21O5Si4,Si_4C_7H_21O_5-,297.0592,17128.49,0.28,siloxane_fragment,positive,siloxane fragment Si4 C0-10 O2-6 | positive ion formula
PDMS_neg,PDMS,neg,PDMS,C3H3OSi,SiC_3H_3O-,82.997,17046.3,0.28,siloxane_fragment,positive,siloxane fragment Si1 C0-4 O0-3 | positive ion formula
PDMS_neg,PDMS,neg,PDMS,C2HSi,SiC_2H-,52.9876,16741.07,0.28,siloxane_fragment,positive,siloxane fragment Si1 C0-4 O0-3 | positive ion formula
PDMS_neg,PDMS,neg,PDMS,C2H8OSi,SiC_2H_8O-,76.0323,15780.12,0.6,adduct,positive,break 1 bond(s) | H | ; | break 1 bond(s) | H | ; | break 2 bond(s) | H | ; | break 2 bond(s) | H
PDMS_neg,PDMS,neg,PDMS,C3HSi,SiC_3H-,64.9887,15168.37,0.28,siloxane_fragment,positive,siloxane fragment Si1 C0-4 O0-3 | positive ion formula
PDMS_neg,PDMS,neg,PDMS,C3H7OSi,SiC_3H_7O-,87.032,15025.91,0.28,siloxane_fragment,positive,siloxane fragment Si1 C0-4 O0-3 | positive ion formula
PDMS_neg,PDMS,neg,PDMS,C6H17O4Si3,Si_3C_6H_17O_4-,237.0844,14817.12,0.28,siloxane_fragment,positive,siloxane fragment Si3 C0-8 O1-5 | positive ion formula
PDMS_neg,PDMS,neg,PDMS,C3H3Si,SiC_3H_3-,67.0046,14812.44,0.28,siloxane_fragment,positive,siloxane fragment Si1 C0-4 O0-3 | positive ion formula
PDMS_neg,PDMS,neg,PDMS,C2H2Si,SiC_2H_2-,53.9949,13636.96,0.28,siloxane_fragment,positive,siloxane fragment Si1 C0-4 O0-3 | positive ion formula
PDMS_neg,PDMS,neg,PDMS,C3H5OSi,SiC_3H_5O-,85.0145,13103.06,0.28,siloxane_fragment,positive,siloxane fragment Si1 C0-4 O0-3 | positive ion formula
PDMS_neg,PDMS,neg,PDMS,C3H7O4Si3,Si_3C_3H_7O_4-,190.9715,13071.99,0.28,siloxane_fragment,positive,siloxane fragment Si3 C0-8 O1-5 | positive ion formula
PDMS_neg,PDMS,neg,PDMS,C2Si,SiC_2-,51.9789,11112.19,0.28,siloxane_fragment,positive,siloxane fragment Si1 C0-4 O0-3 | positive ion formula
PDMS_neg,PDMS,neg,PDMS,HO2Si,^30SiHO_2-,62.9761,11066.79,0.28,siloxane_fragment,positive,siloxane fragment Si1 C0-4 O0-3 | positive ion formula
PDMS_neg,PDMS,neg,PDMS,C2H5OSi2,Si_2C_2H_5O-,100.9925,10070.55,0.3,neutral_loss,neutral,break 2 bond(s) | H shift -1 | -H2O | ; | break 2 bond(s) | H shift -2 | -CH3 | ; | break 2 bond(s) | H shift -2 | -OH
PDMS_neg,PDMS,neg,PDMS,CH6O2Si3,Si_3CH_6O_2-,133.9783,10005.02,0.28,siloxane_fragment,positive,siloxane fragment Si3 C0-8 O1-5 | positive ion formula
PDMS_neg,PDMS,neg,PDMS,C3H7Si,SiC_3H_7-,71.0369,9211.68,0.28,siloxane_fragment,positive,siloxane fragment Si1 C0-4 O0-3 | positive ion formula
PDMS_neg,PDMS,neg,PDMS,C4H7OSi,SiC_4H_7O-,99.0314,8951.05,0.28,siloxane_fragment,positive,siloxane fragment Si1 C0-4 O0-3 | positive ion formula
PDMS_neg,PDMS,neg,PDMS,C3H5Si,SiC_3H_5-,69.0216,8788.33,0.28,siloxane_fragment,positive,siloxane fragment Si1 C0-4 O0-3 | positive ion formula
PDMS_neg,PDMS,neg,PDMS,C4H9OSi,SiC_4H_9O-,101.0501,7823.49,0.28,siloxane_fragment,positive,siloxane fragment Si1 C0-4 O0-3 | positive ion formula
PDMS_neg,PDMS,neg,PDMS,C6H17O5Si4,Si_4C_6H_17O_5-,281.0167,7436.16,0.28,siloxane_fragment,positive,siloxane fragment Si4 C0-10 O2-6 | positive ion formula
PDMS_neg,PDMS,neg,PDMS,C5H19O4Si5,Si_5C_5H_19O_4-,283.0135,6770.79,0.28,siloxane_fragment,positive,siloxane fragment Si5 C0-12 O3-7 | positive ion formula
PDMS_neg,PDMS,neg,PDMS,C8H23O4Si4,Si_4C_8H_23O_4-,295.0778,6704.93,0.49,adduct,negative,M + 2×repeat | H shift -2 | -H | ; | break 1 bond(s) + 2×repeat | H shift -2 | O | ; | break 1 bond(s) + 2×repeat | H shift -2 | O
PDMS_neg,PDMS,neg,PDMS,C3H9O2Si,SiC_3H_9O_2-,105.044,6074.19,0.28,siloxane_fragment,positive,siloxane fragment Si1 C0-4 O0-3 | positive ion formula
PDMS_neg,PDMS,neg,PDMS,COSi,SiCO-,55.972,5652.81,0.28,siloxane_fragment,positive,siloxane fragment Si1 C0-4 O0-3 | positive ion formula
PDMS_neg,PDMS,neg,PDMS,C7H19O6Si5,Si_5C_7H_19O_6-,338.984,5135.15,0.28,siloxane_fragment,positive,siloxane fragment Si5 C0-12 O3-7 | positive ion formula
PDMS_neg,PDMS,neg,PDMS,C6H15O4Si3,Si_3C_6H_15O_4-,235.0362,5015.4,0.28,siloxane_fragment,positive,siloxane fragment Si3 C0-8 O1-5 | positive ion formula
PDMS_neg,PDMS,neg,PDMS,C3H2Si,SiC_3H_2-,65.9948,4690.2,0.28,siloxane_fragment,positive,siloxane fragment Si1 C0-4 O0-3 | positive ion formula
PDMS_neg,PDMS,neg,PDMS,C3H8OSi,SiC_3H_8O-,88.0393,4687.68,0.28,siloxane_fragment,positive,siloxane fragment Si1 C0-4 O0-3 | positive ion formula
PDMS_neg,PDMS,neg,PDMS,C2H4Si,SiC_2H_4-,56.0086,4480.6,0.4499999999999999,neutral_loss,neutral,break 1 bond(s) | H shift -1 | -H2O | ; | break 1 bond(s) | H shift -2 | -OH | ; | break 1 bond(s) | H shift -1 | -H2O
PDMS_neg,PDMS,neg,PDMS,C4H5Si,SiC_4H_5-,81.0212,4069.02,0.28,siloxane_fragment,positive,siloxane fragment Si1 C0-4 O0-3 | positive ion formula
PDMS_neg,PDMS,neg,PDMS,C2H5Si,^29SiC_2H_5-,58.0191,3994.15,0.5,neutral_loss,neutral,break 1 bond(s) | -H2O | ; | break 1 bond(s) | H shift -1 | -OH | ; | break 1 bond(s) | -H2O
PDMS_neg,PDMS,neg,PDMS,C4H7Si,SiC_4H_7-,83.0399,3816.65,0.28,siloxane_fragment,positive,siloxane fragment Si1 C0-4 O0-3 | positive ion formula
PDMS_neg,PDMS,neg,PDMS,CH6OSi,SiCH_6O-,62.0168,3657.2,0.4,neutral_loss,neutral,break 1 bond(s) | H shift +2 | -CH3 | ; | break 1 bond(s) | H shift +2 | -CH3 | ; | break 2 bond(s) | H shift +2 | -CH3
PDMS_neg,PDMS,neg,PDMS,OSi2,Si_2O-,71.9505,3127.45,0.28,siloxane_fragment,positive,siloxane fragment Si2 C0-6 O0-4 | positive ion formula
PDMS_neg,PDMS,neg,PDMS,C9H3O2Si4,Si_4C_9H_3O_2-,254.9388,2870.34,0.28,siloxane_fragment,positive,siloxane fragment Si4 C0-10 O2-6 | positive ion formula
PDMS_neg,PDMS,neg,PDMS,C9H27O6Si5,Si_5C_9H_27O_6-,371.0811,2834.22,0.14,adduct,negative,break 1 bond(s) + 3×repeat | H shift -2 | O | ; | break 1 bond(s) + 3×repeat | H shift -2 | O | ; | break 1 bond(s) + 3×repeat | H shift -2 | O
PDMS_neg,PDMS,neg,PDMS,C5H14O2Si2,Si_2C_5H_14O_2-,162.0563,2272.12,0.28,siloxane_fragment,positive,siloxane fragment Si2 C0-6 O0-4 | positive ion formula
PDMS_neg,PDMS,neg,PDMS,C3Si,SiC_3-,63.9769,2019.45,0.28,siloxane_fragment,positive,siloxane fragment Si1 C0-4 O0-3 | positive ion formula
PDMS_neg,PDMS,neg,PDMS,C3H10O2Si3,Si_3C_3H_10O_2-,162.0068,1631.29,0.28,siloxane_fragment,positive,siloxane fragment Si3 C0-8 O1-5 | positive ion formula
PDMS_neg,PDMS,neg,PDMS,C4H15O5Si3,Si_3C_4H_15O_5-,227.0309,1427.23,0.28,siloxane_fragment,positive,siloxane fragment Si3 C0-8 O1-5 | positive ion formula
PDMS_neg,PDMS,neg,PDMS,C9H27O4Si4,Si_4C_9H_27O_4-,311.0831,1083.71,0.28,siloxane_fragment,positive,siloxane fragment Si4 C0-10 O2-6 | positive ion formula
PDMS_neg,PDMS,neg,PDMS,C3H7Si,^29SiC_3H_7-,72.0377,779.26,0.28,siloxane_fragment,positive,siloxane fragment Si1 C0-4 O0-3 | positive ion formula
PDMS_neg,PDMS,neg,PDMS,C3H9O2Si,^29SiC_3H_9O_2-,106.0438,575.24,0.28,siloxane_fragment,positive,siloxane fragment Si1 C0-4 O0-3 | positive ion formula
PDMS_pos,PDMS,pos,PDMS,C3H9Si,SiC_3H_9+,73.059,3416958.36,0.28,siloxane_fragment,positive,siloxane fragment Si1 C0-4 O0-3 | positive ion formula
PDMS_pos,PDMS,pos,PDMS,C5H15OSi2,Si_2C_5H_15O+,147.0633,935941.47,0.28,siloxane_fragment,positive,siloxane fragment Si2 C0-6 O0-4 | positive ion formula
PDMS_pos,PDMS,pos,PDMS,C2H7Si,SiC_2H_7+,59.0338,568295.16,0.45,adduct,positive,break 2 bond(s) | H | ; | break 2 bond(s) | H
PDMS_pos,PDMS,pos,PDMS,C3H10Si,SiC_3H_10+,74.0523,434463.48,0.28,siloxane_fragment,positive,siloxane fragment Si1 C0-4 O0-3 | positive ion formula
PDMS_pos,PDMS,pos,PDMS,C5H15O3Si3,Si_3C_5H_15O_3+,207.0119,350846.39,0.47,neutral_loss,neutral,M + 1×repeat | H shift -2 | -CH3 | ; | break 1 bond(s) + 1×repeat | -H2 | ; | break 1 bond(s) + 1×repeat | -H2
PDMS_pos,PDMS,pos,PDMS,C3H9Si,^30SiC_3H_9+,75.0453,258267.97,0.28,siloxane_fragment,positive,siloxane fragment Si1 C0-4 O0-3 | positive ion formula
PDMS_pos,PDMS,pos,PDMS,C2H7OSi,SiC_2H_7O+,75.0216,244168.8,0.6,fragment,neutral,break 1 bond(s) | ; | break 1 bond(s) | ; | break 2 bond(s) | ; | break 2 bond(s) | ; | break 2 bond(s)
PDMS_pos,PDMS,pos,PDMS,C5H15OSi2,Si^29SiC_5H_15O+,148.0642,198831.37,0.28,siloxane_fragment,positive,siloxane fragment Si2 C0-6 O0-4 | positive ion formula
PDMS_pos,PDMS,pos,PDMS,C4H9O3Si,SiC_4H_9O_3+,133.0379,186135.91,0.28,siloxane_fragment,positive,siloxane fragment Si1 C0-4 O0-3 | positive ion formula
PDMS_pos,PDMS,pos,PDMS,C3H9O2Si2,Si_2C_3H_9O_2+,132.997,151622.87,0.55,neutral_loss,neutral,M | H shift -2 | -CH3 | ; | break 1 bond(s) | -H2 | ; | break 1 bond(s) | -H2
PDMS_pos,PDMS,pos,PDMS,C7H21O2Si3,Si_3C_7H_21O_2+,221.1089,141683.85,0.28,siloxane_fragment,positive,siloxane fragment Si3 C0-8 O1-5 | positive ion formula
PDMS_pos,PDMS,pos,PDMS,C7H21O4Si4,Si_4C_7H_21O_4+,281.028,121520.84,0.39,neutral_loss,neutral,M + 2×repeat | H shift -2 | -CH3 | ; | break 1 bond(s) + 2×repeat | -H2 | ; | break 1 bond(s) + 2×repeat | -H2
PDMS_pos,PDMS,pos,PDMS,C4H11OSi2,Si_2C_4H_11O+,131.0206,110184.0,0.6,neutral_loss,neutral,M | H shift -1 | -H2O | ; | break 1 bond(s) | -H2 | ; | break 1 bond(s) | -H2
PDMS_pos,PDMS,pos,PDMS,C5H15OSi2,Si^30SiC_5H_15O+,149.0566,106845.32,0.28,siloxane_fragment,positive,siloxane fragment Si2 C0-6 O0-4 | positive ion formula
PDMS_pos,PDMS,pos,PDMS,C2H6Si,SiC_2H_6+,58.0209,73659.32,0.5,neutral_loss,neutral,break 1 bond(s) | -OH | ; | break 1 bond(s) | H shift +1 | -H2O | ; | break 1 bond(s) | -OH
PDMS_pos,PDMS,pos,PDMS,C3H9O3Si3,Si_3C_3H_9O_3+,176.9585,72460.63,0.28,siloxane_fragment,positive,siloxane fragment Si3 C0-8 O1-5 | positive ion formula
PDMS_pos,PDMS,pos,PDMS,C6H17O6Si5,Si_5C_6H_17O_6+,324.9255,70112.92,0.28,siloxane_fragment,positive,siloxane fragment Si5 C0-12 O3-7 | positive ion formula
PDMS_pos,PDMS,pos,PDMS,C5H13O2Si3,Si_3C_5H_13O_2+,188.9929,67296.96,0.32,neutral_loss,neutral,break 1 bond(s) + 1×repeat | H shift -2 | -H2O | ; | break 1 bond(s) + 1×repeat | H shift -2 | -H2O | ; | break 1 bond(s) + 1×repeat | H shift -2 | -H2O
PDMS_pos,PDMS,pos,PDMS,C6H17O2Si3,Si_3C_6H_17O_2+,205.0312,65869.26,0.52,neutral_loss,neutral,M + 1×repeat | H shift -1 | -H2O | ; | break 1 bond(s) + 1×repeat | -H2 | ; | break 1 bond(s) + 1×repeat | -H2
PDMS_pos,PDMS,pos,PDMS,C2H7OSi2,Si_2C_2H_7O+,102.9945,59222.55,0.35,neutral_loss,neutral,break 2 bond(s) | -OH | ; | break 2 bond(s) | H shift +1 | -H2O | ; | break 2 bond(s) | -CH3
PDMS_pos,PDMS,pos,PDMS,CH3OSi2,Si_2CH_3O+,86.9632,55326.84,0.28,siloxane_fragment,positive,siloxane fragment Si2 C0-6 O0-4 | positive ion formula
PDMS_pos,PDMS,pos,PDMS,C5H15O5Si4,Si_4C_5H_15O_5+,266.9738,53725.26,0.28,siloxane_fragment,positive,siloxane fragment Si4 C0-10 O2-6 | positive ion formula
PDMS_pos,PDMS,pos,PDMS,C4H11O3Si3,Si_3C_4H_11O_3+,191.0148,50898.01,0.28,siloxane_fragment,positive,siloxane fragment Si3 C0-8 O1-5 | positive ion formula
PDMS_pos,PDMS,pos,PDMS,C4H15O6Si6,Si_6C_4H_15O_6+,326.9075,48788.57,0.28,siloxane_fragment,positive,siloxane fragment Si6 C0-14 O4-8 | positive ion formula
PDMS_pos,PDMS,pos,PDMS,C4H9Si,SiC_4H_9+,85.047,48054.91,0.28,siloxane_fragment,positive,siloxane fragment Si1 C0-4 O0-3 | positive ion formula
PDMS_pos,PDMS,pos,PDMS,C4H7Si,SiC_4H_7+,83.0283,47143.04,0.28,siloxane_fragment,positive,siloxane fragment Si1 C0-4 O0-3 | positive ion formula
PDMS_pos,PDMS,pos,PDMS,C2H7Si,^29SiC_2H_7+,60.033,46347.13,0.45,adduct,positive,break 2 bond(s) | H | ; | break 2 bond(s) | H
PDMS_pos,PDMS,pos,PDMS,CH5OSi,SiCH_5O+,61.0085,46304.17,0.45,adduct,positive,break 2 bond(s) | H | ; | break 2 bond(s) | H | ; | break 2 bond(s) | H | ; | break 2 bond(s) | H
PDMS_pos,PDMS,pos,PDMS,C7H19O5Si5,Si_5C_7H_19O_5+,322.9467,41372.41,0.28,siloxane_fragment,positive,siloxane fragment Si5 C0-12 O3-7 | positive ion formula
PDMS_pos,PDMS,pos,PDMS,C3H8Si,SiC_3H_8+,72.0358,40195.95,0.28,siloxane_fragment,positive,siloxane fragment Si1 C0-4 O0-3 | positive ion formula
PDMS_pos,PDMS,pos,PDMS,C8H23O3Si4,Si_4C_8H_23O_3+,279.0557,37171.02,0.4399999999999999,neutral_loss,neutral,M + 2×repeat | H shift -1 | -H2O | ; | break 1 bond(s) + 2×repeat | -H2 | ; | break 1 bond(s) + 2×repeat | -H2
PDMS_pos,PDMS,pos,PDMS,C4H11O2Si3,Si_3C_4H_11O_2+,174.9802,31643.32,0.28,siloxane_fragment,positive,siloxane fragment Si3 C0-8 O1-5 | positive ion formula
PDMS_pos,PDMS,pos,PDMS,H3OSi3,Si_3H_3O+,102.9543,30927.41,0.28,siloxane_fragment,positive,siloxane fragment Si3 C0-8 O1-5 | positive ion formula
PDMS_pos,PDMS,pos,PDMS,C3H7Si,SiC_3H_7+,71.0313,30247.7,0.28,siloxane_fragment,positive,siloxane fragment Si1 C0-4 O0-3 | positive ion formula
PDMS_pos,PDMS,pos,PDMS,C2H5Si,SiC_2H_5+,57.0135,30088.68,0.5,neutral_loss,neutral,break 1 bond(s) | -H2O | ; | break 1 bond(s) | H shift -1 | -OH | ; | break 1 bond(s) | -H2O
PDMS_pos,PDMS,pos,PDMS,CH3OSi,SiCH_3O+,58.9915,29951.44,0.45,adduct,negative,break 2 bond(s) | -H | ; | break 2 bond(s) | -H | ; | break 2 bond(s) | -H | ; | break 2 bond(s) | -H
PDMS_pos,PDMS,pos,PDMS,C4H10O3Si,SiC_4H_10O_3+,134.0386,28298.0,0.28,siloxane_fragment,positive,siloxane fragment Si1 C0-4 O0-3 | positive ion formula
PDMS_pos,PDMS,pos,PDMS,HO2Si2,Si_2HO_2+,88.9417,22240.41,0.28,siloxane_fragment,positive,siloxane fragment Si2 C0-6 O0-4 | positive ion formula
PDMS_pos,PDMS,pos,PDMS,C2H7Si,^30SiC_2H_7+,61.0288,22018.18,0.45,adduct,positive,break 2 bond(s) | H | ; | break 2 bond(s) | H
PDMS_pos,PDMS,pos,PDMS,C2H6O3Si2,Si_2C_2H_6O_3+,133.9966,21718.32,0.28,siloxane_fragment,positive,siloxane fragment Si2 C0-6 O0-4 | positive ion formula
PDMS_pos,PDMS,pos,PDMS,C2H7OSi,^29SiC_2H_7O+,76.022,21628.5,0.6,fragment,neutral,break 1 bond(s) | ; | break 1 bond(s) | ; | break 2 bond(s) | ; | break 2 bond(s) | ; | break 2 bond(s)
PDMS_pos,PDMS,pos,PDMS,C2H3Si,SiC_2H_3+,54.998,21618.99,0.4,neutral_loss,neutral,break 1 bond(s) | H shift -2 | -H2O | ; | break 1 bond(s) | H shift -2 | -H2O | ; | break 2 bond(s) | H shift -2 | -H2O
PDMS_pos,PDMS,pos,PDMS,C2H6OSi2,Si_2C_2H_6O+,101.9832,21117.79,0.35,neutral_loss,neutral,break 2 bond(s) | -H2O | ; | break 2 bond(s) | H shift -1 | -CH3 | ; | break 2 bond(s) | H shift -1 | -OH
PDMS_pos,PDMS,pos,PDMS,C4H8O3Si,SiC_4H_8O_3+,132.0213,17250.93,0.28,siloxane_fragment,positive,siloxane fragment Si1 C0-4 O0-3 | positive ion formula
PDMS_pos,PDMS,pos,PDMS,C5H15O6Si5,Si_5C_5H_15O_6+,310.9169,15803.42,0.28,siloxane_fragment,positive,siloxane fragment Si5 C0-12 O3-7 | positive ion formula
PDMS_pos,PDMS,pos,PDMS,C3H5Si,SiC_3H_5+,69.0144,15648.04,0.28,siloxane_fragment,positive,siloxane fragment Si1 C0-4 O0-3 | positive ion formula
PDMS_pos,PDMS,pos,PDMS,C2H5O3Si3,Si_3C_2H_5O_3+,160.9667,14642.43,0.28,siloxane_fragment,positive,siloxane fragment Si3 C0-8 O1-5 | positive ion formula
PDMS_pos,PDMS,pos,PDMS,C4H9Si2,Si_2C_4H_9+,113.0158,14360.19,0.4,neutral_loss,neutral,break 1 bond(s) | H shift -2 | -H2O | ; | break 1 bond(s) | H shift -2 | -H2O | ; | break 2 bond(s) | H shift -1 | -H2
PDMS_pos,PDMS,pos,PDMS,OSi2,Si_2O+,71.9422,14124.6,0.28,siloxane_fragment,positive,siloxane fragment Si2 C0-6 O0-4 | positive ion formula
PDMS_pos,PDMS,pos,PDMS,C5H13Si2,Si_2C_5H_13+,129.0463,13195.38,0.28,siloxane_fragment,positive,siloxane fragment Si2 C0-6 O0-4 | positive ion formula
PDMS_pos,PDMS,pos,PDMS,C2HSi,SiC_2H+,52.9818,12456.42,0.28,siloxane_fragment,positive,siloxane fragment Si1 C0-4 O0-3 | positive ion formula
PDMS_pos,PDMS,pos,PDMS,CO3Si,SiCO_3+,87.9666,11983.07,0.28,siloxane_fragment,positive,siloxane fragment Si1 C0-4 O0-3 | positive ion formula
PDMS_pos,PDMS,pos,PDMS,C2H7OSi,^30SiC_2H_7O+,77.0191,11665.13,0.6,fragment,neutral,break 1 bond(s) | ; | break 1 bond(s) | ; | break 2 bond(s) | ; | break 2 bond(s) | ; | break 2 bond(s)
PDMS_pos,PDMS,pos,PDMS,H5OSi3,Si_3H_5O+,104.9705,11610.98,0.28,siloxane_fragment,positive,siloxane fragment Si3 C0-8 O1-5 | positive ion formula
PDMS_pos,PDMS,pos,PDMS,CHSi2,Si_2CH+,68.9559,10682.76,0.28,siloxane_fragment,positive,siloxane fragment Si2 C0-6 O0-4 | positive ion formula
PDMS_pos,PDMS,pos,PDMS,C6H13OSi2,Si_2C_6H_13O+,157.0343,10628.15,0.28,siloxane_fragment,positive,siloxane fragment Si2 C0-6 O0-4 | positive ion formula
PDMS_pos,PDMS,pos,PDMS,CH4OSi,SiCH_4O+,59.9989,10089.45,0.5,neutral_loss,neutral,break 1 bond(s) | -CH3 | ; | break 1 bond(s) | -CH3 | ; | break 2 bond(s) | H shift +2 | -H2
PDMS_pos,PDMS,pos,PDMS,C3H9OSi,SiC_3H_9O+,89.0415,9595.98,0.28,siloxane_fragment,positive,siloxane fragment Si1 C0-4 O0-3 | positive ion formula
PDMS_pos,PDMS,pos,PDMS,C4H7O2Si,SiC_4H_7O_2+,115.0305,9316.93,0.28,siloxane_fragment,positive,siloxane fragment Si1 C0-4 O0-3 | positive ion formula
PDMS_pos,PDMS,pos,PDMS,CH5O2Si,SiCH_5O_2+,76.9988,8730.02,0.33,adduct,negative,break 2 bond(s) | OH | ; | break 2 bond(s) | H shift +1 | O | ; | break 2 bond(s) | OH
PDMS_pos,PDMS,pos,PDMS,C3H13O6Si6,Si_6C_3H_13O_6+,312.8959,8198.17,0.28,siloxane_fragment,positive,siloxane fragment Si6 C0-14 O4-8 | positive ion formula
PDMS_pos,PDMS,pos,PDMS,C3H3Si,SiC_3H_3+,66.9968,7876.27,0.28,siloxane_fragment,positive,siloxane fragment Si1 C0-4 O0-3 | positive ion formula
PDMS_pos,PDMS,pos,PDMS,C4H11Si,SiC_4H_11+,87.0642,6765.91,0.28,siloxane_fragment,positive,siloxane fragment Si1 C0-4 O0-3 | positive ion formula
PDMS_pos,PDMS,pos,PDMS,C4H7Si,^29SiC_4H_7+,84.0325,6223.7,0.28,siloxane_fragment,positive,siloxane fragment Si1 C0-4 O0-3 | positive ion formula
PDMS_pos,PDMS,pos,PDMS,C5H4Si2,Si_2C_5H_4+,119.9846,5778.02,0.28,siloxane_fragment,positive,siloxane fragment Si2 C0-6 O0-4 | positive ion formula
PDMS_pos,PDMS,pos,PDMS,C4H9Si,^29SiC_4H_9+,86.0508,5661.28,0.28,siloxane_fragment,positive,siloxane fragment Si1 C0-4 O0-3 | positive ion formula
PDMS_pos,PDMS,pos,PDMS,C4H10Si,SiC_4H_10+,86.0507,5477.84,0.28,siloxane_fragment,positive,siloxane fragment Si1 C0-4 O0-3 | positive ion formula
PDMS_pos,PDMS,pos,PDMS,C3H10Si,^30SiC_3H_10+,76.0456,5473.26,0.28,siloxane_fragment,positive,siloxane fragment Si1 C0-4 O0-3 | positive ion formula
PDMS_pos,PDMS,pos,PDMS,C4H12Si2,Si_2C_4H_12+,116.0434,5448.14,0.5,neutral_loss,neutral,break 1 bond(s) | -OH | ; | break 1 bond(s) | H shift +1 | -H2O | ; | break 1 bond(s) | -OH
PDMS_pos,PDMS,pos,PDMS,C3HO3Si,SiC_3HO_3+,112.9752,4893.18,0.28,siloxane_fragment,positive,siloxane fragment Si1 C0-4 O0-3 | positive ion formula
PDMS_pos,PDMS,pos,PDMS,C3H6Si,SiC_3H_6+,70.0171,3973.21,0.28,siloxane_fragment,positive,siloxane fragment Si1 C0-4 O0-3 | positive ion formula
PDMS_pos,PDMS,pos,PDMS,C2H4Si,SiC_2H_4+,56.0026,3830.28,0.4499999999999999,neutral_loss,neutral,break 1 bond(s) | H shift -1 | -H2O | ; | break 1 bond(s) | H shift -2 | -OH | ; | break 1 bond(s) | H shift -1 | -H2O
PDMS_pos,PDMS,pos,PDMS,C3H7Si2,^29SiSiC_3H_7+,100.0029,2676.84,0.3,neutral_loss,neutral,break 2 bond(s) | H shift -1 | -H2O | ; | break 2 bond(s) | H shift -2 | -OH | ; | break 2 bond(s) | H shift -1 | -H2O
PDMS_pos,PDMS,pos,PDMS,C4H6O2Si,SiC_4H_6O_2+,114.0171,2318.0,0.28,siloxane_fragment,positive,siloxane fragment Si1 C0-4 O0-3 | positive ion formula
PDMS_pos,PDMS,pos,PDMS,C4H7Si2,Si_2C_4H_7+,110.9987,1982.62,0.28,siloxane_fragment,positive,siloxane fragment Si2 C0-6 O0-4 | positive ion formula
PET_neg,PET,neg,PET,C4H,C_4H-,49.0094,1384351.58,0.22,carbon_cluster,positive,carbon cluster C4 H0-10 | positive ion formula
PET_neg,PET,neg,PET,C6H,C_6H-,73.0089,833648.5,0.35,adduct,negative,break 2 bond(s) | H shift -2 | -H
PET_neg,PET,neg,PET,C6H4,C_6H_4-,76.0334,732581.03,0.45,fragment,neutral,break 2 bond(s)
PET_neg,PET,neg,PET,C7H5O2,C_7H_5O_2-,121.0329,697509.27,0.45,adduct,positive,break 2 bond(s) | H | ; | break 2 bond(s) | H
PET_neg,PET,neg,PET,C2HO,C_2HO-,41.0044,512751.43,0.4,neutral_loss,neutral,break 1 bond(s) | H shift -2 | -H2O | ; | break 1 bond(s) | H shift -2 | -H2 | ; | break 1 bond(s) | H shift -2 | -H2O
PET_neg,PET,neg,PET,C7H4O2,C_7H_4O_2-,120.0233,443799.21,0.45,fragment,neutral,break 2 bond(s) | ; | break 2 bond(s)
PET_neg,PET,neg,PET,C8H,C_8H-,97.008,382118.85,0.22,carbon_cluster,positive,carbon cluster C8 H0-18 | positive ion formula
PET_neg,PET,neg,PET,C4,C_4-,48.0005,340211.47,0.22,carbon_cluster,positive,carbon cluster C4 H0-10 | positive ion formula
PET_neg,PET,neg,PET,C2H3O,C_2H_3O-,43.0205,339188.59,0.5499999999999999,adduct,negative,break 1 bond(s) | H shift -1 | -H | ; | break 1 bond(s) | H shift -1 | -H | ; | break 2 bond(s) | H shift -1 | -H
PET_neg,PET,neg,PET,C4HO,C_4HO-,65.0039,281714.23,0.22,carbon_cluster,positive,carbon cluster C4 H0-10 O1 | positive ion formula
PET_neg,PET,neg,PET,C6H3,C_6H_3-,75.0249,278532.69,0.45,adduct,negative,break 2 bond(s) | -H
PET_neg,PET,neg,PET,C6,C_6-,72.0002,237999.51,0.2499999999999999,neutral_loss,neutral,break 2 bond(s) | H shift -2 | -H2
PET_neg,PET,neg,PET,C3,C_3-,36.0007,228961.11,0.22,carbon_cluster,positive,carbon cluster C3 H0-8 | positive ion formula
PET_neg,PET,neg,PET,C5H,C_5H-,61.0083,225408.22,0.35,neutral_loss,neutral,break 2 bond(s) | -CH3
PET_neg,PET,neg,PET,C5,C_5-,60.0007,224282.84,0.3,neutral_loss,neutral,break 2 bond(s) | H shift -1 | -CH3
PET_neg,PET,neg,PET,C6H5,C_6H_5-,77.0403,218469.45,0.45,adduct,positive,break 2 bond(s) | H
PET_neg,PET,neg,PET,C5H2,C_5H_2-,62.0164,193058.83,0.3,neutral_loss,neutral,break 2 bond(s) | H shift +1 | -CH3
PET_neg,PET,neg,PET,CHO2,CHO_2-,44.999,193023.87,0.45,adduct,positive,break 2 bond(s) | H | ; | break 2 bond(s) | H
PET_neg,PET,neg,PET,C3H,C_3H-,37.0086,189878.09,0.22,carbon_cluster,positive,carbon cluster C3 H0-8 | positive ion formula
PET_neg,PET,neg,PET,C10H,C_10H-,121.005,146711.47,0.22,carbon_cluster,positive,carbon cluster C10 H0-22 | positive ion formula
PET_neg,PET,neg,PET,C7H2,C_7H_2-,86.0158,135524.88,0.35,neutral_loss,neutral,break 2 bond(s) | -H2O | ; | break 2 bond(s) | H shift -2 | -CO2 | ; | break 2 bond(s) | H shift -1 | -OH
PET_neg,PET,neg,PET,C7H,C_7H-,85.0077,135462.23,0.3,neutral_loss,neutral,break 2 bond(s) | H shift -1 | -H2O | ; | break 2 bond(s) | H shift -2 | -OH | ; | break 2 bond(s) | H shift -1 | -H2O
PET_neg,PET,neg,PET,C7,C_7-,84.0,130283.73,0.2499999999999999,neutral_loss,neutral,break 2 bond(s) | H shift -2 | -H2O | ; | break 2 bond(s) | H shift -2 | -H2O
PET_neg,PET,neg,PET,C8,C_8-,95.9994,118505.34,0.22,carbon_cluster,positive,carbon cluster C8 H0-18 | positive ion formula
PET_neg,PET,neg,PET,C3HO2,C_3HO_2-,68.9992,113526.36,0.4,neutral_loss,neutral,break 1 bond(s) | H shift -2 | -H2O | ; | break 1 bond(s) | H shift -2 | -H2O | ; | break 2 bond(s) | H shift -2 | -H2O
PET_neg,PET,neg,PET,C5H3,C_5H_3-,63.0244,106598.53,0.2499999999999999,neutral_loss,neutral,break 2 bond(s) | H shift +2 | -CH3
PET_neg,PET,neg,PET,C4H2,C_4H_2-,50.0131,104558.49,0.22,carbon_cluster,positive,carbon cluster C4 H0-10 | positive ion formula
PET_neg,PET,neg,PET,C2H3O2,C_2H_3O_2-,59.0152,102187.12,0.5499999999999999,adduct,negative,break 1 bond(s) | H shift -1 | -H | ; | break 1 bond(s) | H shift -2 | O | ; | break 1 bond(s) | H shift -1 | -H
PET_neg,PET,neg,PET,C7H5O,C_7H_5O-,105.0357,101973.22,0.45,adduct,positive,break 2 bond(s) | H | ; | break 2 bond(s) | H
PET_neg,PET,neg,PET,C6H2,C_6H_2-,74.0136,101103.55,0.4,adduct,negative,break 2 bond(s) | H shift -1 | -H
PET_neg,PET,neg,PET,C3H2,C_3H_2-,38.0162,100439.08,0.22,carbon_cluster,positive,carbon cluster C3 H0-8 | positive ion formula
PET_neg,PET,neg,PET,C2O,C_2O-,39.9955,93549.68,0.35,neutral_loss,neutral,break 2 bond(s) | -H2O | ; | break 2 bond(s) | H shift -1 | -OH | ; | break 2 bond(s) | -H2O
PET_neg,PET,neg,PET,C6HO,C_6HO-,89.0033,92603.0,0.35,neutral_loss,neutral,break 2 bond(s) | -CH3 | ; | break 2 bond(s) | -CH3
PET_neg,PET,neg,PET,C4H3,C_4H_3-,51.0247,92531.2,0.22,carbon_cluster,positive,carbon cluster C4 H0-10 | positive ion formula
PET_neg,PET,neg,PET,C6H4O,C_6H_4O-,92.0276,89316.82,0.35,neutral_loss,neutral,break 2 bond(s) | -CO | ; | break 2 bond(s) | -CO
PET_neg,PET,neg,PET,C6H3O,C_6H_3O-,91.0196,89073.74,0.3,neutral_loss,neutral,break 2 bond(s) | H shift -1 | -CO | ; | break 2 bond(s) | H shift +2 | -CH3 | ; | break 2 bond(s) | H shift -1 | -CO
PET_neg,PET,neg,PET,C3HO,C_3HO-,53.0038,84437.57,0.3,neutral_loss,neutral,break 2 bond(s) | H shift -1 | -H2O | ; | break 2 bond(s) | H shift -2 | -OH | ; | break 2 bond(s) | H shift -1 | -H2O
PET_neg,PET,neg,PET,C9H,C_9H-,109.007,83246.71,0.22,carbon_cluster,positive,carbon cluster C9 H0-20 | positive ion formula
PET_neg,PET,neg,PET,C9H7O2,C_9H_7O_2-,147.0464,77776.22,0.5,neutral_loss,neutral,break 1 bond(s) | -H2O | ; | break 1 bond(s) | H shift -1 | -OH | ; | break 1 bond(s) | -H2O
PET_neg,PET,neg,PET,C6H5O,C_6H_5O-,93.0354,70936.35,0.33,adduct,negative,break 2 bond(s) | OH | ; | break 2 bond(s) | H shift +1 | O
PET_neg,PET,neg,PET,C12H,C_12H-,145.0065,68569.83,0.22,carbon_cluster,positive,carbon cluster C12 H0-26 | positive ion formula
PET_neg,PET,neg,PET,C9H2,C_9H_2-,110.015,67018.86,0.22,carbon_cluster,positive,carbon cluster C9 H0-20 | positive ion formula
PET_neg,PET,neg,PET,C7H3,C_7H_3-,87.0231,65490.66,0.35,neutral_loss,neutral,break 2 bond(s) | -OH | ; | break 2 bond(s) | H shift +1 | -H2O | ; | break 2 bond(s) | H shift -1 | -CO2
PET_neg,PET,neg,PET,C5HO,C_5HO-,77.0035,63377.17,0.22,carbon_cluster,positive,carbon cluster C5 H0-12 O1 | positive ion formula
PET_neg,PET,neg,PET,C8H5O4,C_8H_5O_4-,165.0233,61277.1,0.45,adduct,positive,break 2 bond(s) | H
PET_neg,PET,neg,PET,C9,C_9-,107.9992,60524.28,0.22,carbon_cluster,positive,carbon cluster C9 H0-20 | positive ion formula
PET_neg,PET,neg,PET,CClO2,CO_2Cl-,78.9602,58146.97,0.33,adduct,negative,break 2 bond(s) | Cl | ; | break 2 bond(s) | Cl
PET_neg,PET,neg,PET,C3H3,C_3H_3-,39.0251,55928.07,0.22,carbon_cluster,positive,carbon cluster C3 H0-8 | positive ion formula
PET_neg,PET,neg,PET,C4H3O,C_4H_3O-,67.0198,55255.25,0.22,carbon_cluster,positive,carbon cluster C4 H0-10 O1 | positive ion formula
PET_neg,PET,neg,PET,C7H6O2,C_7H_6O_2-,122.0357,54771.55,0.4,adduct,positive,break 2 bond(s) | H shift +1 | H | ; | break 2 bond(s) | H shift +1 | H
PET_neg,PET,neg,PET,C7H5,C_7H_5-,89.0403,52651.57,0.3,neutral_loss,neutral,break 2 bond(s) | H shift +1 | -CO2 | ; | break 2 bond(s) | H shift -1 | -CO2 | ; | break 2 bond(s) | H shift +2 | -OH
PET_neg,PET,neg,PET,C8H3,C_8H_3-,99.0233,52032.57,0.22,carbon_cluster,positive,carbon cluster C8 H0-18 | positive ion formula
PET_neg,PET,neg,PET,C8H2,C_8H_2-,98.0123,49725.91,0.22,carbon_cluster,positive,carbon cluster C8 H0-18 | positive ion formula
PET_neg,PET,neg,PET,C3H3O2,C_3H_3O_2-,71.0148,49167.74,0.5,neutral_loss,neutral,break 1 bond(s) | -H2O | ; | break 1 bond(s) | H shift -1 | -OH | ; | break 1 bond(s) | -H2O
PET_neg,PET,neg,PET,C10,C_10-,119.9984,41239.35,0.22,carbon_cluster,positive,carbon cluster C10 H0-22 | positive ion formula
PET_neg,PET,neg,PET,C12H5,C_12H_5-,149.0276,40783.2,0.22,carbon_cluster,positive,carbon cluster C12 H0-26 | positive ion formula
PET_neg,PET,neg,PET,C8H5,C_8H_5-,101.0406,40579.22,0.22,carbon_cluster,positive,carbon cluster C8 H0-18 | positive ion formula
PET_neg,PET,neg,PET,C11H,C_11H-,133.0063,38585.53,0.22,carbon_cluster,positive,carbon cluster C11 H0-24 | positive ion formula
PET_neg,PET,neg,PET,C11H2,C_11H_2-,134.0147,37839.7,0.22,carbon_cluster,positive,carbon cluster C11 H0-24 | positive ion formula
PET_neg,PET,neg,PET,C3O,C_3O-,51.9956,37779.86,0.2499999999999999,neutral_loss,neutral,break 2 bond(s) | H shift -2 | -H2O | ; | break 2 bond(s) | H shift -2 | -H2O
PET_neg,PET,neg,PET,C7H4,C_7H_4-,88.0315,37426.71,0.35,neutral_loss,neutral,break 2 bond(s) | -CO2 | ; | break 2 bond(s) | H shift -2 | -CO2 | ; | break 2 bond(s) | H shift +1 | -OH
PET_neg,PET,neg,PET,C9H7O3,C_9H_7O_3-,163.0378,37016.79,0.5499999999999999,adduct,negative,break 1 bond(s) | H shift -1 | -H | ; | break 1 bond(s) | H shift -1 | -H | ; | break 2 bond(s) | H shift -1 | -H
PET_neg,PET,neg,PET,CClO,COCl-,62.9651,35852.2,0.33,adduct,negative,break 2 bond(s) | Cl | ; | break 2 bond(s) | Cl | ; | break 2 bond(s) | H shift -2 | Cl
PET_neg,PET,neg,PET,C9H3,C_9H_3-,111.0218,33970.1,0.22,carbon_cluster,positive,carbon cluster C9 H0-20 | positive ion formula
PET_neg,PET,neg,PET,C4O,C_4O-,63.9955,33845.37,0.22,carbon_cluster,positive,carbon cluster C4 H0-10 O1 | positive ion formula
PET_neg,PET,neg,PET,C2H2O2,C_2H_2O_2-,58.0069,31925.55,0.5,adduct,negative,break 1 bond(s) | H shift -2 | -H | ; | break 1 bond(s) | H shift -2 | -H | ; | break 2 bond(s) | H shift -2 | O
PET_neg,PET,neg,PET,C5H5,C_5H_5-,65.0409,31220.01,0.22,carbon_cluster,positive,carbon cluster C5 H0-12 | positive ion formula
PET_neg,PET,neg,PET,C8H4O,C_8H_4O-,116.0274,30619.91,0.35,neutral_loss,neutral,break 2 bond(s) | -H2O | ; | break 2 bond(s) | H shift -2 | -CO2 | ; | break 2 bond(s) | H shift -1 | -OH
PET_neg,PET,neg,PET,C12H8,C_12H_8-,152.0637,29879.62,0.22,carbon_cluster,positive,carbon cluster C12 H0-26 | positive ion formula
PET_neg,PET,neg,PET,C4H2O,C_4H_2O-,66.0082,29386.04,0.22,carbon_cluster,positive,carbon cluster C4 H0-10 O1 | positive ion formula
PET_neg,PET,neg,PET,C11H5,C_11H_5-,137.0344,29275.9,0.22,carbon_cluster,positive,carbon cluster C11 H0-24 | positive ion formula
PET_neg,PET,neg,PET,C5H4,C_5H_4-,64.0317,29270.32,0.22,carbon_cluster,positive,carbon cluster C5 H0-12 | positive ion formula
PET_neg,PET,neg,PET,C11H4,C_11H_4-,136.0243,27375.99,0.22,carbon_cluster,positive,carbon cluster C11 H0-24 | positive ion formula
PET_neg,PET,neg,PET,C8H5O,C_8H_5O-,117.0349,27063.05,0.35,neutral_loss,neutral,break 2 bond(s) | -OH | ; | break 2 bond(s) | H shift +1 | -H2O | ; | break 2 bond(s) | H shift -1 | -CO2
PET_neg,PET,neg,PET,C8H4,C_8H_4-,100.0318,27016.99,0.22,carbon_cluster,positive,carbon cluster C8 H0-18 | positive ion formula
PET_neg,PET,neg,PET,C9H9O3,C_9H_9O_3-,165.0602,26700.71,0.6,fragment,neutral,break 1 bond(s) | ; | break 1 bond(s) | ; | break 2 bond(s) | ; | break 2 bond(s) | ; | break 2 bond(s)
PET_neg,PET,neg,PET,C8H7O2,C_8H_7O_2-,135.0469,26673.78,0.45,adduct,positive,break 2 bond(s) | H | ; | break 2 bond(s) | H
PET_neg,PET,neg,PET,C8H5O2,C_8H_5O_2-,133.0313,25993.18,0.45,adduct,positive,break 2 bond(s) | H | ; | break 2 bond(s) | H shift -2 | H | ; | break 2 bond(s) | H shift -2 | H
PET_neg,PET,neg,PET,C10H3,C_10H_3-,123.0243,25584.49,0.22,carbon_cluster,positive,carbon cluster C10 H0-22 | positive ion formula
PET_neg,PET,neg,PET,C10HO3,C_10HO_3-,169.0068,25347.36,0.22,carbon_cluster,positive,carbon cluster C10 H0-22 O3 | positive ion formula
PET_neg,PET,neg,PET,C9H5,C_9H_5-,113.0397,25104.12,0.22,carbon_cluster,positive,carbon cluster C9 H0-20 | positive ion formula
PET_neg,PET,neg,PET,C11H3,C_11H_3-,135.0194,24653.5,0.22,carbon_cluster,positive,carbon cluster C11 H0-24 | positive ion formula
PET_neg,PET,neg,PET,C10H2,C_10H_2-,122.0097,24336.04,0.22,carbon_cluster,positive,carbon cluster C10 H0-22 | positive ion formula
PET_neg,PET,neg,PET,C5H3O,C_5H_3O-,79.0196,22953.51,0.22,carbon_cluster,positive,carbon cluster C5 H0-12 O1 | positive ion formula
PET_neg,PET,neg,PET,C9H5O3,C_9H_5O_3-,161.0349,21728.62,0.45,adduct,negative,break 2 bond(s) | -H | ; | break 2 bond(s) | -H
PET_neg,PET,neg,PET,C6H2O,C_6H_2O-,90.0097,21108.14,0.3,neutral_loss,neutral,break 2 bond(s) | H shift +1 | -CH3 | ; | break 2 bond(s) | H shift -2 | -CO | ; | break 2 bond(s) | H shift +1 | -CH3
PET_neg,PET,neg,PET,C8HO,C_8HO-,113.0027,20976.78,0.3,neutral_loss,neutral,break 2 bond(s) | H shift -1 | -H2O
PET_neg,PET,neg,PET,C9H4,C_9H_4-,112.0308,20464.62,0.22,carbon_cluster,positive,carbon cluster C9 H0-20 | positive ion formula
PET_neg,PET,neg,PET,C3H3O,C_3H_3O-,55.02,20336.27,0.35,neutral_loss,neutral,break 2 bond(s) | -OH | ; | break 2 bond(s) | H shift +1 | -H2O | ; | break 2 bond(s) | -OH
PET_neg,PET,neg,PET,C5HO2,C_5HO_2-,92.9981,20073.37,0.22,carbon_cluster,positive,carbon cluster C5 H0-12 O2 | positive ion formula
PET_neg,PET,neg,PET,C12H3,C_12H_3-,147.0134,19635.25,0.22,carbon_cluster,positive,carbon cluster C12 H0-26 | positive ion formula
PET_neg,PET,neg,PET,C7H6,C_7H_6-,90.0474,19418.24,0.35,neutral_loss,neutral,break 2 bond(s) | -CO2 | ; | break 2 bond(s) | -CO2
PET_neg,PET,neg,PET,C9H5O,C_9H_5O-,129.0355,18870.79,0.3,neutral_loss,neutral,break 2 bond(s) | H shift -1 | -H2O | ; | break 2 bond(s) | H shift -2 | -OH | ; | break 2 bond(s) | H shift -1 | -H2O
PET_neg,PET,neg,PET,C8H3O,C_8H_3O-,115.0189,18771.54,0.35,neutral_loss,neutral,break 2 bond(s) | -OH | ; | break 2 bond(s) | H shift +1 | -H2O | ; | break 2 bond(s) | H shift -2 | -OH
PET_neg,PET,neg,PET,C9H9O2,C_9H_9O_2-,149.06,18675.53,0.5,neutral_loss,neutral,break 1 bond(s) | -CO2 | ; | break 1 bond(s) | H shift +1 | -OH | ; | break 1 bond(s) | H shift +2 | -H2O
PET_neg,PET,neg,PET,C10H7O4,C_10H_7O_4-,191.0408,18532.03,0.5499999999999999,adduct,negative,break 1 bond(s) | H shift -1 | -H | ; | break 1 bond(s) | H shift -1 | -H | ; | break 2 bond(s) | H shift -1 | -H
PET_neg,PET,neg,PET,C10H6O2,C_10H_6O_2-,158.015,17899.85,0.35,neutral_loss,neutral,break 2 bond(s) | -H2O | ; | break 2 bond(s) | H shift -1 | -OH | ; | break 2 bond(s) | -H2O
PET_neg,PET,neg,PET,C11,C_11-,131.9983,16826.4,0.22,carbon_cluster,positive,carbon cluster C11 H0-24 | positive ion formula
PET_neg,PET,neg,PET,C10H5O2,C_10H_5O_2-,157.0056,16769.51,0.3,neutral_loss,neutral,break 2 bond(s) | H shift -1 | -H2O | ; | break 2 bond(s) | H shift -2 | -OH | ; | break 2 bond(s) | H shift -1 | -H2O
PET_neg,PET,neg,PET,C8H6O,C_8H_6O-,118.043,16436.86,0.35,neutral_loss,neutral,break 2 bond(s) | -CO2 | ; | break 2 bond(s) | H shift +1 | -OH | ; | break 2 bond(s) | H shift +2 | -H2O
PET_neg,PET,neg,PET,C7H3O2,C_7H_3O_2-,119.0153,15899.36,0.45,adduct,negative,break 2 bond(s) | -H | ; | break 2 bond(s) | H shift -2 | OH | ; | break 2 bond(s) | H shift -1 | O
PET_neg,PET,neg,PET,C7H4O,C_7H_4O-,104.0273,15790.7,0.45,fragment,neutral,break 2 bond(s) | ; | break 2 bond(s)
PET_neg,PET,neg,PET,C14H7O2,C_14H_7O_2-,207.0314,15531.95,0.22,carbon_cluster,positive,carbon cluster C14 H0-30 O2 | positive ion formula
PET_neg,PET,neg,PET,C8H7O,C_8H_7O-,119.0514,15430.59,0.4,neutral_loss,neutral,break 1 bond(s) | H shift -2 | -CO2 | ; | break 1 bond(s) | H shift -2 | -CO2 | ; | break 2 bond(s) | H shift -2 | -CO2
PET_neg,PET,neg,PET,C9H5O2,C_9H_5O_2-,145.0323,14952.27,0.4,neutral_loss,neutral,break 1 bond(s) | H shift -2 | -H2O | ; | break 1 bond(s) | H shift -2 | -H2O | ; | break 2 bond(s) | H shift -2 | -H2O
PET_neg,PET,neg,PET,C10H5,C_10H_5-,125.0393,14515.29,0.22,carbon_cluster,positive,carbon cluster C10 H0-22 | positive ion formula
PET_neg,PET,neg,PET,C12,C_12-,143.9972,14027.35,0.22,carbon_cluster,positive,carbon cluster C12 H0-26 | positive ion formula
PET_neg,PET,neg,PET,C6H6,C_6H_6-,78.0444,13953.12,0.4,adduct,positive,break 2 bond(s) | H shift +1 | H
PET_neg,PET,neg,PET,C9H7O4,C_9H_7O_4-,179.0435,13861.12,0.45,adduct,positive,break 2 bond(s) | H | ; | break 2 bond(s) | H
PET_neg,PET,neg,PET,C9H6,C_9H_6-,114.0478,13634.94,0.22,carbon_cluster,positive,carbon cluster C9 H0-20 | positive ion formula
PET_neg,PET,neg,PET,C8H6O4,C_8H_6O_4-,166.0375,13292.61,0.4,adduct,positive,break 2 bond(s) | H shift +1 | H
PET_neg,PET,neg,PET,C5H2O,C_5H_2O-,78.0105,13242.88,0.22,carbon_cluster,positive,carbon cluster C5 H0-12 O1 | positive ion formula
PET_neg,PET,neg,PET,C7H3O,C_7H_3O-,103.0193,13106.05,0.45,adduct,negative,break 2 bond(s) | -H | ; | break 2 bond(s) | -H
PET_neg,PET,neg,PET,C14H9O2,C_14H_9O_2-,209.0448,13094.41,0.22,carbon_cluster,positive,carbon cluster C14 H0-30 O2 | positive ion formula
PET_neg,PET,neg,PET,C8H6O2,C_8H_6O_2-,134.0386,12918.1,0.45,fragment,neutral,break 2 bond(s) | ; | break 2 bond(s)
PET_neg,PET,neg,PET,C9H3O3,C_9H_3O_3-,159.0203,11902.1,0.35,adduct,negative,break 2 bond(s) | H shift -2 | -H | ; | break 2 bond(s) | H shift -2 | -H
PET_neg,PET,neg,PET,C12H2,C_12H_2-,146.0101,11504.92,0.22,carbon_cluster,positive,carbon cluster C12 H0-26 | positive ion formula
PET_neg,PET,neg,PET,C12H4,C_12H_4-,148.0197,11314.11,0.22,carbon_cluster,positive,carbon cluster C12 H0-26 | positive ion formula
PET_neg,PET,neg,PET,C7H6O,C_7H_6O-,106.0403,11236.34,0.4,adduct,positive,break 2 bond(s) | H shift +1 | H | ; | break 2 bond(s) | H shift +1 | H
PET_neg,PET,neg,PET,C10H4,C_10H_4-,124.0308,11168.76,0.22,carbon_cluster,positive,carbon cluster C10 H0-22 | positive ion formula
PET_neg,PET,neg,PET,C12H6,C_12H_6-,150.0384,11009.22,0.22,carbon_cluster,positive,carbon cluster C12 H0-26 | positive ion formula
PET_neg,PET,neg,PET,C5H3O2,C_5H_3O_2-,95.0151,10920.81,0.22,carbon_cluster,positive,carbon cluster C5 H0-12 O2 | positive ion formula
PET_neg,PET,neg,PET,C7HO,C_7HO-,101.0031,10451.56,0.35,adduct,negative,break 2 bond(s) | H shift -2 | -H | ; | break 2 bond(s) | H shift -2 | -H
PET_neg,PET,neg,PET,C6O,C_6O-,87.9951,10440.13,0.3,neutral_loss,neutral,break 2 bond(s) | H shift -1 | -CH3 | ; | break 2 bond(s) | H shift -1 | -CH3
PET_neg,PET,neg,PET,C9H7,C_9H_7-,115.0563,10438.15,0.22,carbon_cluster,positive,carbon cluster C9 H0-20 | positive ion formula
PET_neg,PET,neg,PET,C12HO3,C_12HO_3-,193.0045,10435.4,0.22,carbon_cluster,positive,carbon cluster C12 H0-26 O3 | positive ion formula
PET_neg,PET,neg,PET,C11H3O3,C_11H_3O_3-,183.0182,10407.19,0.22,carbon_cluster,positive,carbon cluster C11 H0-24 O3 | positive ion formula
PET_neg,PET,neg,PET,C11H6,C_11H_6-,138.0457,10341.91,0.22,carbon_cluster,positive,carbon cluster C11 H0-24 | positive ion formula
PET_neg,PET,neg,PET,C8H7O4,C_8H_7O_4-,167.047,9946.25,0.35,adduct,positive,break 2 bond(s) | H shift +2 | H
PET_neg,PET,neg,PET,C11H16O3,C_11H_16O_3-,196.0506,9929.38,0.22,carbon_cluster,positive,carbon cluster C11 H0-24 O3 | positive ion formula
PET_neg,PET,neg,PET,C9H6O3,C_9H_6O_3-,162.0411,9811.36,0.5,adduct,negative,break 1 bond(s) | H shift -2 | -H | ; | break 1 bond(s) | H shift -2 | -H | ; | break 2 bond(s) | H shift -2 | -H
PET_neg,PET,neg,PET,C9H5O4,C_9H_5O_4-,177.0241,9759.71,0.45,adduct,negative,break 2 bond(s) | -H | ; | break 2 bond(s) | H shift -2 | OH | ; | break 2 bond(s) | H shift -1 | O
PET_neg,PET,neg,PET,C11HO3,C_11HO_3-,181.0074,9707.34,0.22,carbon_cluster,positive,carbon cluster C11 H0-24 O3 | positive ion formula
PET_neg,PET,neg,PET,C10H9O4,C_10H_9O_4-,193.0554,9627.22,0.6,fragment,neutral,break 1 bond(s) | ; | break 1 bond(s) | ; | break 2 bond(s) | ; | break 2 bond(s) | ; | break 2 bond(s)
PET_neg,PET,neg,PET,C4H5O,C_4H_5O-,69.0362,9313.3,0.22,carbon_cluster,positive,carbon cluster C4 H0-10 O1 | positive ion formula
PET_neg,PET,neg,PET,C11H2O3,C_11H_2O_3-,182.0139,9249.75,0.22,carbon_cluster,positive,carbon cluster C11 H0-24 O3 | positive ion formula
PET_neg,PET,neg,PET,C9H4O3,C_9H_4O_3-,160.0255,9245.82,0.4,adduct,negative,break 2 bond(s) | H shift -1 | -H | ; | break 2 bond(s) | H shift -1 | -H
PET_neg,PET,neg,PET,C9H8O2,C_9H_8O_2-,148.0498,9195.31,0.5,neutral_loss,neutral,break 1 bond(s) | -OH | ; | break 1 bond(s) | H shift +1 | -H2O | ; | break 1 bond(s) | -OH
PET_neg,PET,neg,PET,C2H4O,C_2H_4O-,44.023,9000.02,0.6,adduct,negative,break 1 bond(s) | -H | ; | break 1 bond(s) | -H | ; | break 2 bond(s) | -H | ; | break 2 bond(s) | H shift +1 | -H
PET_neg,PET,neg,PET,C10H5O,C_10H_5O-,141.0341,8754.13,0.22,carbon_cluster,positive,carbon cluster C10 H0-22 O1 | positive ion formula
PET_neg,PET,neg,PET,C7H7,C_7H_7-,91.056,8624.34,0.3,neutral_loss,neutral,break 2 bond(s) | H shift +1 | -CO2 | ; | break 2 bond(s) | H shift +1 | -CO2
PET_neg,PET,neg,PET,C9H8O3,C_9H_8O_3-,164.0476,8573.9,0.6,adduct,negative,break 1 bond(s) | -H | ; | break 1 bond(s) | -H | ; | break 2 bond(s) | -H | ; | break 2 bond(s) | -H
PET_neg,PET,neg,PET,C11H5O,C_11H_5O-,153.0331,7891.16,0.22,carbon_cluster,positive,carbon cluster C11 H0-24 O1 | positive ion formula
PET_neg,PET,neg,PET,C13H7O2,C_13H_7O_2-,195.0439,7689.52,0.22,carbon_cluster,positive,carbon cluster C13 H0-28 O2 | positive ion formula
PET_neg,PET,neg,PET,C10H7O,C_10H_7O-,143.0509,7646.76,0.22,carbon_cluster,positive,carbon cluster C10 H0-22 O1 | positive ion formula
PET_neg,PET,neg,PET,CO2,CO_2-,43.9904,7622.85,0.45,fragment,neutral,break 2 bond(s) | ; | break 2 bond(s)
PET_neg,PET,neg,PET,C8H7,C_8H_7-,103.0566,7579.95,0.3,neutral_loss,neutral,break 2 bond(s) | H shift -1 | -CO2 | ; | break 2 bond(s) | H shift -1 | -CO2
PET_neg,PET,neg,PET,C12H7,C_12H_7-,151.0532,7268.51,0.22,carbon_cluster,positive,carbon cluster C12 H0-26 | positive ion formula
PET_neg,PET,neg,PET,C3H2O,C_3H_2O-,54.0101,7195.18,0.35,neutral_loss,neutral,break 2 bond(s) | -H2O | ; | break 2 bond(s) | H shift -1 | -OH | ; | break 2 bond(s) | -H2O
PET_neg,PET,neg,PET,C10H4O2,C_10H_4O_2-,155.9982,7136.79,0.2499999999999999,neutral_loss,neutral,break 2 bond(s) | H shift -2 | -H2O | ; | break 2 bond(s) | H shift -2 | -H2O
PET_neg,PET,neg,PET,C10H7O3,C_10H_7O_3-,175.0423,7016.93,0.5,neutral_loss,neutral,break 1 bond(s) | -H2O | ; | break 1 bond(s) | H shift -1 | -OH | ; | break 1 bond(s) | -H2O
PET_neg,PET,neg,PET,C7H2O,C_7H_2O-,102.0101,6956.59,0.4,adduct,negative,break 2 bond(s) | H shift -1 | -H | ; | break 2 bond(s) | H shift -1 | -H
PET_neg,PET,neg,PET,C2HO2,C_2HO_2-,56.9996,6893.48,0.45,adduct,negative,break 2 bond(s) | -H | ; | break 2 bond(s) | -H
PET_neg,PET,neg,PET,C10H5O3,C_10H_5O_3-,173.0342,6801.62,0.4,neutral_loss,neutral,break 1 bond(s) | H shift -2 | -H2O | ; | break 1 bond(s) | H shift -2 | -H2O | ; | break 2 bond(s) | H shift -2 | -H2O
PET_neg,PET,neg,PET,C11H7,C_11H_7-,139.0553,6747.94,0.22,carbon_cluster,positive,carbon cluster C11 H0-24 | positive ion formula
PET_neg,PET,neg,PET,C4H3O2,C_4H_3O_2-,83.0153,6580.14,0.22,carbon_cluster,positive,carbon cluster C4 H0-10 O2 | positive ion formula
PET_neg,PET,neg,PET,C10H6O,C_10H_6O-,142.0425,6331.05,0.22,carbon_cluster,positive,carbon cluster C10 H0-22 O1 | positive ion formula
PET_neg,PET,neg,PET,C9H8O4,C_9H_8O_4-,180.0534,6310.01,0.4499999999999999,neutral_loss,neutral,break 1 bond(s) | H shift -1 | -CO | ; | break 1 bond(s) | H shift +2 | -CH3 | ; | break 1 bond(s) | H shift -1 | -CO
PET_neg,PET,neg,PET,C7HO2,C_7HO_2-,116.9966,6164.16,0.35,neutral_loss,neutral,break 2 bond(s) | -CH3 | ; | break 2 bond(s) | H shift -1 | -H2 | ; | break 2 bond(s) | H shift -2 | -CH3
PET_neg,PET,neg,PET,C8H6,C_8H_6-,102.0452,6122.23,0.2499999999999999,neutral_loss,neutral,break 2 bond(s) | H shift -2 | -CO2 | ; | break 2 bond(s) | H shift -2 | -CO2
PET_neg,PET,neg,PET,C12H9,C_12H_9-,153.0704,6096.87,0.22,carbon_cluster,positive,carbon cluster C12 H0-26 | positive ion formula
PET_neg,PET,neg,PET,C9H9O4,C_9H_9O_4-,181.0642,6079.99,0.5,neutral_loss,neutral,break 1 bond(s) | -CO | ; | break 1 bond(s) | -CO | ; | break 2 bond(s) | -CO | ; | break 2 bond(s) | -CO
PET_neg,PET,neg,PET,C8H2O,C_8H_2O-,114.0078,5920.13,0.35,neutral_loss,neutral,break 2 bond(s) | -H2O | ; | break 2 bond(s) | H shift -2 | -H2O | ; | break 2 bond(s) | H shift -2 | -H2O
PET_neg,PET,neg,PET,C8H3O2,C_8H_3O_2-,131.0145,5909.92,0.45,adduct,negative,break 2 bond(s) | -H | ; | break 2 bond(s) | H shift -2 | -H | ; | break 2 bond(s) | H shift -2 | -H
PET_neg,PET,neg,PET,C10H8O4,C_10H_8O_4-,192.0514,5783.11,0.6,adduct,negative,break 1 bond(s) | -H | ; | break 1 bond(s) | -H | ; | break 2 bond(s) | -H | ; | break 2 bond(s) | -H
PET_neg,PET,neg,PET,C4H4,C_4H_4-,52.0281,5749.93,0.22,carbon_cluster,positive,carbon cluster C4 H0-10 | positive ion formula
PET_neg,PET,neg,PET,C4H5,C_4H_5-,53.0413,5708.84,0.22,carbon_cluster,positive,carbon cluster C4 H0-10 | positive ion formula
PET_neg,PET,neg,PET,C9H7O,C_9H_7O-,131.0514,5692.02,0.35,neutral_loss,neutral,break 2 bond(s) | -OH | ; | break 2 bond(s) | H shift +1 | -H2O | ; | break 2 bond(s) | H shift -1 | -CO2
PET_neg,PET,neg,PET,C6H2O2,C_6H_2O_2-,106.0055,5589.26,0.3,neutral_loss,neutral,break 2 bond(s) | H shift +1 | -CH3 | ; | break 2 bond(s) | H shift +1 | -CH3
PET_neg,PET,neg,PET,C4H2O2,C_4H_2O_2-,82.0063,5513.89,0.22,carbon_cluster,positive,carbon cluster C4 H0-10 O2 | positive ion formula
PET_neg,PET,neg,PET,C3H2O2,C_3H_2O_2-,70.0037,5464.18,0.4499999999999999,neutral_loss,neutral,break 1 bond(s) | H shift -1 | -H2O | ; | break 1 bond(s) | H shift -2 | -OH | ; | break 1 bond(s) | H shift -1 | -H2O
PET_neg,PET,neg,PET,C9H6O,C_9H_6O-,130.0417,5390.54,0.35,neutral_loss,neutral,break 2 bond(s) | -H2O | ; | break 2 bond(s) | H shift -2 | -CO2 | ; | break 2 bond(s) | H shift -1 | -OH
PET_neg,PET,neg,PET,C5H5O,C_5H_5O-,81.036,5356.69,0.22,carbon_cluster,positive,carbon cluster C5 H0-12 O1 | positive ion formula
PET_neg,PET,neg,PET,C9H6O4,C_9H_6O_4-,178.0373,5190.58,0.5,neutral_loss,neutral,break 1 bond(s) | -CH3 | ; | break 1 bond(s) | -CH3 | ; | break 2 bond(s) | -CH3 | ; | break 2 bond(s) | -CH3
PET_neg,PET,neg,PET,C3H5O,C_3H_5O-,57.0366,5133.59,0.2499999999999999,neutral_loss,neutral,break 2 bond(s) | H shift +2 | -OH | ; | break 2 bond(s) | H shift +2 | -OH
PET_neg,PET,neg,PET,C10H4O,C_10H_4O-,140.0268,5077.93,0.22,carbon_cluster,positive,carbon cluster C10 H0-22 O1 | positive ion formula
PET_neg,PET,neg,PET,C6H6O,C_6H_6O-,94.0385,5048.99,0.28,adduct,negative,break 2 bond(s) | H shift +1 | OH | ; | break 2 bond(s) | H shift +2 | O
PET_neg,PET,neg,PET,C6H3O2,C_6H_3O_2-,107.0147,5009.9,0.2499999999999999,neutral_loss,neutral,break 2 bond(s) | H shift +2 | -CH3 | ; | break 2 bond(s) | H shift +2 | -CH3
PET_neg,PET,neg,PET,C9H4O2,C_9H_4O_2-,144.0246,4999.63,0.35,neutral_loss,neutral,break 2 bond(s) | -H2O | ; | break 2 bond(s) | H shift -1 | -OH | ; | break 2 bond(s) | -H2O
PET_neg,PET,neg,PET,C11H7O3,C_11H_7O_3-,187.0485,4956.32,0.3,neutral_loss,neutral,break 2 bond(s) | H shift -1 | -H2O | ; | break 2 bond(s) | H shift -2 | -OH | ; | break 2 bond(s) | H shift -1 | -H2O
PET_neg,PET,neg,PET,C10H3O,C_10H_3O-,139.0179,4928.93,0.22,carbon_cluster,positive,carbon cluster C10 H0-22 O1 | positive ion formula
PET_neg,PET,neg,PET,C10H7,C_10H_7-,127.0576,4840.83,0.22,carbon_cluster,positive,carbon cluster C10 H0-22 | positive ion formula
PET_neg,PET,neg,PET,C9H6O2,C_9H_6O_2-,146.0394,4751.52,0.4499999999999999,neutral_loss,neutral,break 1 bond(s) | H shift -1 | -H2O | ; | break 1 bond(s) | H shift -2 | -OH | ; | break 1 bond(s) | H shift -1 | -H2O
PET_neg,PET,neg,PET,C14H11O2,C_14H_11O_2-,211.0422,4709.3,0.22,carbon_cluster,positive,carbon cluster C14 H0-30 O2 | positive ion formula
PET_neg,PET,neg,PET,C13H2O3,C_13H_2O_3-,206.0137,4631.85,0.22,carbon_cluster,positive,carbon cluster C13 H0-28 O3 | positive ion formula
PET_neg,PET,neg,PET,C14H10O2,C_14H_10O_2-,210.0439,4501.18,0.22,carbon_cluster,positive,carbon cluster C14 H0-30 O2 | positive ion formula
PET_neg,PET,neg,PET,C10H2O3,C_10H_2O_3-,170.0091,4490.79,0.22,carbon_cluster,positive,carbon cluster C10 H0-22 O3 | positive ion formula
PET_neg,PET,neg,PET,C11H4O3,C_11H_4O_3-,184.0264,4461.75,0.22,carbon_cluster,positive,carbon cluster C11 H0-24 O3 | positive ion formula
PET_neg,PET,neg,PET,C9H4O,C_9H_4O-,128.0271,4393.56,0.2499999999999999,neutral_loss,neutral,break 2 bond(s) | H shift -2 | -H2O | ; | break 2 bond(s) | H shift -2 | -H2O
PET_neg,PET,neg,PET,C7H7O,C_7H_7O-,107.0509,4185.82,0.35,adduct,positive,break 2 bond(s) | H shift +2 | H | ; | break 2 bond(s) | H shift +2 | H
PET_neg,PET,neg,PET,C10H6,C_10H_6-,126.046,3882.01,0.22,carbon_cluster,positive,carbon cluster C10 H0-22 | positive ion formula
PET_neg,PET,neg,PET,C10H5O4,C_10H_5O_4-,189.0231,3805.98,0.4,neutral_loss,neutral,break 1 bond(s) | H shift -2 | -H2 | ; | break 1 bond(s) | H shift -2 | -H2O | ; | break 1 bond(s) | H shift -2 | -H2
PET_neg,PET,neg,PET,C10H6O3,C_10H_6O_3-,174.0379,3405.52,0.4499999999999999,neutral_loss,neutral,break 1 bond(s) | H shift -1 | -H2O | ; | break 1 bond(s) | H shift -2 | -OH | ; | break 1 bond(s) | H shift -1 | -H2O
PET_neg,PET,neg,PET,C10H3O3,C_10H_3O_3-,171.0169,3299.57,0.22,carbon_cluster,positive,carbon cluster C10 H0-22 O3 | positive ion formula
PET_neg,PET,neg,PET,C7O,C_7O-,99.995,3279.07,0.2499999999999999,neutral_loss,neutral,break 2 bond(s) | H shift -2 | -H2 | ; | break 2 bond(s) | H shift -2 | -H2O | ; | break 2 bond(s) | H shift -2 | -H2
PET_neg,PET,neg,PET,C4O2,C_4O_2-,79.9903,3182.48,0.22,carbon_cluster,positive,carbon cluster C4 H0-10 O2 | positive ion formula
PET_neg,PET,neg,PET,C11H7O,C_11H_7O-,155.0509,3148.37,0.22,carbon_cluster,positive,carbon cluster C11 H0-24 O1 | positive ion formula
PET_neg,PET,neg,PET,C11H5O5,C_11H_5O_5-,217.0043,3097.27,0.2699999999999999,adduct,negative,break 2 bond(s) + 1×repeat | H shift -2 | -H | ; | break 2 bond(s) + 1×repeat | H shift -2 | -H
PET_neg,PET,neg,PET,C5H4O,C_5H_4O-,80.0255,3095.7,0.22,carbon_cluster,positive,carbon cluster C5 H0-12 O1 | positive ion formula
PET_neg,PET,neg,PET,C4HO2,C_4HO_2-,80.9987,3033.54,0.22,carbon_cluster,positive,carbon cluster C4 H0-10 O2 | positive ion formula
PET_neg,PET,neg,PET,C12H7O3,C_12H_7O_3-,199.0417,3015.55,0.22,carbon_cluster,positive,carbon cluster C12 H0-26 O3 | positive ion formula
PET_neg,PET,neg,PET,C11H6O,C_11H_6O-,154.0412,2860.99,0.22,carbon_cluster,positive,carbon cluster C11 H0-24 O1 | positive ion formula
PET_neg,PET,neg,PET,C9H3O,C_9H_3O-,127.0183,2840.11,0.22,carbon_cluster,positive,carbon cluster C9 H0-20 O1 | positive ion formula
PET_neg,PET,neg,PET,C11H9O3,C_11H_9O_3-,189.0686,2800.14,0.35,neutral_loss,neutral,break 2 bond(s) | -OH | ; | break 2 bond(s) | H shift +1 | -H2O | ; | break 2 bond(s) | -OH
PET_neg,PET,neg,PET,C9H3O2,C_9H_3O_2-,143.0105,2752.09,0.3,neutral_loss,neutral,break 2 bond(s) | H shift -1 | -H2O | ; | break 2 bond(s) | H shift -2 | -OH | ; | break 2 bond(s) | H shift -1 | -H2O
PET_neg,PET,neg,PET,C11H8,C_11H_8-,140.0637,2714.67,0.22,carbon_cluster,positive,carbon cluster C11 H0-24 | positive ion formula
PET_neg,PET,neg,PET,C10H4O3,C_10H_4O_3-,172.0286,2656.67,0.2499999999999999,neutral_loss,neutral,break 2 bond(s) | H shift -2 | -H2 | ; | break 2 bond(s) | H shift -2 | -H2O | ; | break 2 bond(s) | H shift -2 | -H2O
PET_neg,PET,neg,PET,C5H6,C_5H_6-,66.043,2601.95,0.22,carbon_cluster,positive,carbon cluster C5 H0-12 | positive ion formula
PET_neg,PET,neg,PET,C10H6O4,C_10H_6O_4-,190.036,2591.83,0.5,adduct,negative,break 1 bond(s) | H shift -2 | -H | ; | break 1 bond(s) | H shift -2 | -H | ; | break 2 bond(s) | H shift -2 | -H
PET_neg,PET,neg,PET,C9H2O,C_9H_2O-,126.0068,2519.23,0.22,carbon_cluster,positive,carbon cluster C9 H0-20 O1 | positive ion formula
PET_neg,PET,neg,PET,C5H2O2,C_5H_2O_2-,94.004,2292.28,0.22,carbon_cluster,positive,carbon cluster C5 H0-12 O2 | positive ion formula
PET_neg,PET,neg,PET,C14H12O2,C_14H_12O_2-,212.047,2260.04,0.22,carbon_cluster,positive,carbon cluster C14 H0-30 O2 | positive ion formula
PET_neg,PET,neg,PET,C12H6O3,C_12H_6O_3-,198.041,2109.92,0.22,carbon_cluster,positive,carbon cluster C12 H0-26 O3 | positive ion formula
PET_neg,PET,neg,PET,C12H12O4,C_12H_12O_4-,220.0462,2082.86,0.5,neutral_loss,neutral,break 1 bond(s) | -OH | ; | break 1 bond(s) | H shift +1 | -H2O | ; | break 1 bond(s) | -OH
PET_neg,PET,neg,PET,C11H8O3,C_11H_8O_3-,188.0586,1993.65,0.35,neutral_loss,neutral,break 2 bond(s) | -H2O | ; | break 2 bond(s) | H shift -1 | -OH | ; | break 2 bond(s) | -H2O
PET_neg,PET,neg,PET,C6O2,C_6O_2-,103.9897,1989.72,0.3,neutral_loss,neutral,break 2 bond(s) | H shift -1 | -CH3 | ; | break 2 bond(s) | H shift -1 | -CH3
PET_neg,PET,neg,PET,C10H8O3,C_10H_8O_3-,176.0613,1932.78,0.5,neutral_loss,neutral,break 1 bond(s) | -OH | ; | break 1 bond(s) | H shift +1 | -H2O | ; | break 1 bond(s) | -OH
PET_neg,PET,neg,PET,C5H7O,C_5H_7O-,83.0529,1751.25,0.22,carbon_cluster,positive,carbon cluster C5 H0-12 O1 | positive ion formula
PET_neg,PET,neg,PET,C12H8O3,C_12H_8O_3-,200.0432,1600.11,0.2499999999999999,neutral_loss,neutral,break 2 bond(s) | H shift -2 | -H2O | ; | break 2 bond(s) + 1×repeat | H shift -2 | -H2O | ; | break 2 bond(s) + 1×repeat | H shift -2 | -H2O
PET_neg,PET,neg,PET,C11H8O,C_11H_8O-,156.0593,1364.49,0.22,carbon_cluster,positive,carbon cluster C11 H0-24 O1 | positive ion formula
PET_neg,PET,neg,PET,C26H19O9,C_26H_19O_9-,475.0961,851.46,0.14,neutral_loss,neutral,break 2 bond(s) + 2×repeat | H shift -1 | -CO | ; | break 2 bond(s) + 2×repeat | H shift +2 | -CH3 | ; | break 2 bond(s) + 2×repeat | H shift -1 | -CO
PET_pos,PET,pos,PET,C6H5,C_6H_5+,77.0368,720646.01,0.45,adduct,positive,break 2 bond(s) | H
PET_pos,PET,pos,PET,C7H4O,C_7H_4O+,104.0246,693029.35,0.45,fragment,neutral,break 2 bond(s) | ; | break 2 bond(s)
PET_pos,PET,pos,PET,C3H5,C_3H_5+,41.0384,617423.46,0.22,carbon_cluster,positive,carbon cluster C3 H0-8 | positive ion formula
PET_pos,PET,pos,PET,C4H3,C_4H_3+,51.0218,509538.12,0.22,carbon_cluster,positive,carbon cluster C4 H0-10 | positive ion formula
PET_pos,PET,pos,PET,C6H4,C_6H_4+,76.0288,470520.47,0.45,fragment,neutral,break 2 bond(s)
PET_pos,PET,pos,PET,C5H3,C_5H_3+,63.0213,434844.23,0.2499999999999999,neutral_loss,neutral,break 2 bond(s) | H shift +2 | -CH3
PET_pos,PET,pos,PET,C3H3,C_3H_3+,39.0218,411672.0,0.22,carbon_cluster,positive,carbon cluster C3 H0-8 | positive ion formula
PET_pos,PET,pos,PET,C7H5O,C_7H_5O+,105.0314,406221.55,0.45,adduct,positive,break 2 bond(s) | H | ; | break 2 bond(s) | H
PET_pos,PET,pos,PET,C5H5,C_5H_5+,65.0379,376053.28,0.22,carbon_cluster,positive,carbon cluster C5 H0-12 | positive ion formula
PET_pos,PET,pos,PET,C6H3,C_6H_3+,75.0208,336982.48,0.45,adduct,negative,break 2 bond(s) | -H
PET_pos,PET,pos,PET,C4H7,C_4H_7+,55.054,285139.42,0.22,carbon_cluster,positive,carbon cluster C4 H0-10 | positive ion formula
PET_pos,PET,pos,PET,C4H5,C_4H_5+,53.0374,253182.44,0.22,carbon_cluster,positive,carbon cluster C4 H0-10 | positive ion formula
PET_pos,PET,pos,PET,C8H5O3,C_8H_5O_3+,149.0213,252686.96,0.45,adduct,positive,break 2 bond(s) | H | ; | break 2 bond(s) | H
PET_pos,PET,pos,PET,C2H3O,C_2H_3O+,43.0177,247671.68,0.5499999999999999,adduct,negative,break 1 bond(s) | H shift -1 | -H | ; | break 1 bond(s) | H shift -1 | -H | ; | break 2 bond(s) | H shift -1 | -H
PET_pos,PET,pos,PET,C7H7,C_7H_7+,91.0518,232102.55,0.3,neutral_loss,neutral,break 2 bond(s) | H shift +1 | -CO2 | ; | break 2 bond(s) | H shift +1 | -CO2
PET_pos,PET,pos,PET,C9H7,C_9H_7+,115.0495,218183.94,0.22,carbon_cluster,positive,carbon cluster C9 H0-20 | positive ion formula
PET_pos,PET,pos,PET,C3H3O,C_3H_3O+,55.0174,204763.61,0.35,neutral_loss,neutral,break 2 bond(s) | -OH | ; | break 2 bond(s) | H shift +1 | -H2O | ; | break 2 bond(s) | -OH
PET_pos,PET,pos,PET,C4H2,C_4H_2+,50.0133,194702.41,0.22,carbon_cluster,positive,carbon cluster C4 H0-10 | positive ion formula
PET_pos,PET,pos,PET,C3H7,C_3H_7+,43.0542,185804.64,0.22,carbon_cluster,positive,carbon cluster C3 H0-8 | positive ion formula
PET_pos,PET,pos,PET,C7H5,C_7H_5+,89.0352,162139.81,0.3,neutral_loss,neutral,break 2 bond(s) | H shift +1 | -CO2 | ; | break 2 bond(s) | H shift -1 | -CO2 | ; | break 2 bond(s) | H shift +2 | -OH
PET_pos,PET,pos,PET,C6H2,C_6H_2+,74.0119,161884.14,0.4,adduct,negative,break 2 bond(s) | H shift -1 | -H
PET_pos,PET,pos,PET,C7H3,C_7H_3+,87.0194,161501.58,0.35,neutral_loss,neutral,break 2 bond(s) | -OH | ; | break 2 bond(s) | H shift +1 | -H2O | ; | break 2 bond(s) | H shift -1 | -CO2
PET_pos,PET,pos,PET,C3HO,C_3HO+,53.0009,150886.13,0.3,neutral_loss,neutral,break 2 bond(s) | H shift -1 | -H2O | ; | break 2 bond(s) | H shift -2 | -OH | ; | break 2 bond(s) | H shift -1 | -H2O
PET_pos,PET,pos,PET,C5H2,C_5H_2+,62.0126,148548.97,0.3,neutral_loss,neutral,break 2 bond(s) | H shift +1 | -CH3
PET_pos,PET,pos,PET,C2H5O,C_2H_5O+,45.033,145048.76,0.6,fragment,neutral,break 1 bond(s) | ; | break 1 bond(s) | ; | break 2 bond(s) | ; | break 2 bond(s) | ; | break 2 bond(s)
PET_pos,PET,pos,PET,C6H6,C_6H_6+,78.0424,144378.48,0.4,adduct,positive,break 2 bond(s) | H shift +1 | H
PET_pos,PET,pos,PET,C7H3O,C_7H_3O+,103.0166,141247.72,0.45,adduct,negative,break 2 bond(s) | -H | ; | break 2 bond(s) | -H
PET_pos,PET,pos,PET,C8H8O3,C_8H_8O_3+,152.0522,130902.62,0.4,neutral_loss,neutral,break 1 bond(s) | H shift +2 | -CH3 | ; | break 1 bond(s) | H shift +2 | -CH3 | ; | break 2 bond(s) | H shift +2 | -CH3
PET_pos,PET,pos,PET,C4H4,C_4H_4+,52.0285,129186.45,0.22,carbon_cluster,positive,carbon cluster C4 H0-10 | positive ion formula
PET_pos,PET,pos,PET,C7H7O3,C_7H_7O_3+,139.0458,125287.76,0.2299999999999999,adduct,negative,break 2 bond(s) | H shift +2 | OH | ; | break 2 bond(s) | H shift +2 | OH
PET_pos,PET,pos,PET,C5H7,C_5H_7+,67.0534,122791.91,0.22,carbon_cluster,positive,carbon cluster C5 H0-12 | positive ion formula
PET_pos,PET,pos,PET,C9H9O3,C_9H_9O_3+,165.0591,114994.21,0.6,fragment,neutral,break 1 bond(s) | ; | break 1 bond(s) | ; | break 2 bond(s) | ; | break 2 bond(s) | ; | break 2 bond(s)
PET_pos,PET,pos,PET,C5HO,C_5HO+,76.9988,113918.51,0.22,carbon_cluster,positive,carbon cluster C5 H0-12 O1 | positive ion formula
PET_pos,PET,pos,PET,C10H8,C_10H_8+,128.0557,112257.35,0.22,carbon_cluster,positive,carbon cluster C10 H0-22 | positive ion formula
PET_pos,PET,pos,PET,C9H8O2,C_9H_8O_2+,148.0513,109287.52,0.5,neutral_loss,neutral,break 1 bond(s) | -OH | ; | break 1 bond(s) | H shift +1 | -H2O | ; | break 1 bond(s) | -OH
PET_pos,PET,pos,PET,C8H6O3,C_8H_6O_3+,150.0284,108592.55,0.5,neutral_loss,neutral,break 1 bond(s) | -CH3 | ; | break 1 bond(s) | -CH3 | ; | break 2 bond(s) | -CH3 | ; | break 2 bond(s) | -CH3
PET_pos,PET,pos,PET,C9H7O3,C_9H_7O_3+,163.0402,105628.98,0.5499999999999999,adduct,negative,break 1 bond(s) | H shift -1 | -H | ; | break 1 bond(s) | H shift -1 | -H | ; | break 2 bond(s) | H shift -1 | -H
PET_pos,PET,pos,PET,C6H7,C_6H_7+,79.052,102813.81,0.35,adduct,positive,break 2 bond(s) | H shift +2 | H
PET_pos,PET,pos,PET,C7H2,C_7H_2+,86.0109,101658.37,0.35,neutral_loss,neutral,break 2 bond(s) | -H2O | ; | break 2 bond(s) | H shift -2 | -CO2 | ; | break 2 bond(s) | H shift -1 | -OH
PET_pos,PET,pos,PET,C11H9O3,C_11H_9O_3+,189.0507,90413.1,0.35,neutral_loss,neutral,break 2 bond(s) | -OH | ; | break 2 bond(s) | H shift +1 | -H2O | ; | break 2 bond(s) | -OH
PET_pos,PET,pos,PET,C8H6,C_8H_6+,102.0424,89378.4,0.2499999999999999,neutral_loss,neutral,break 2 bond(s) | H shift -2 | -CO2 | ; | break 2 bond(s) | H shift -2 | -CO2
PET_pos,PET,pos,PET,C5H4,C_5H_4+,64.0277,86764.32,0.22,carbon_cluster,positive,carbon cluster C5 H0-12 | positive ion formula
PET_pos,PET,pos,PET,C8H2,C_8H_2+,98.0099,85316.13,0.22,carbon_cluster,positive,carbon cluster C8 H0-18 | positive ion formula
PET_pos,PET,pos,PET,C3H2,C_3H_2+,38.0133,79951.31,0.22,carbon_cluster,positive,carbon cluster C3 H0-8 | positive ion formula
PET_pos,PET,pos,PET,C7H6,C_7H_6+,90.0433,75514.95,0.35,neutral_loss,neutral,break 2 bond(s) | -CO2 | ; | break 2 bond(s) | -CO2
PET_pos,PET,pos,PET,C8H7,C_8H_7+,103.0499,73812.66,0.3,neutral_loss,neutral,break 2 bond(s) | H shift -1 | -CO2 | ; | break 2 bond(s) | H shift -1 | -CO2
PET_pos,PET,pos,PET,C3H4,C_3H_4+,40.0284,73212.53,0.22,carbon_cluster,positive,carbon cluster C3 H0-8 | positive ion formula
PET_pos,PET,pos,PET,C8H3,C_8H_3+,99.0182,72388.49,0.22,carbon_cluster,positive,carbon cluster C8 H0-18 | positive ion formula
PET_pos,PET,pos,PET,C10H8O3,C_10H_8O_3+,176.0451,70995.55,0.5,neutral_loss,neutral,break 1 bond(s) | -OH | ; | break 1 bond(s) | H shift +1 | -H2O | ; | break 1 bond(s) | -OH
PET_pos,PET,pos,PET,C10H7,C_10H_7+,127.0473,70388.55,0.22,carbon_cluster,positive,carbon cluster C10 H0-22 | positive ion formula
PET_pos,PET,pos,PET,C7H4,C_7H_4+,88.027,66129.3,0.35,neutral_loss,neutral,break 2 bond(s) | -CO2 | ; | break 2 bond(s) | H shift -2 | -CO2 | ; | break 2 bond(s) | H shift +1 | -OH
PET_pos,PET,pos,PET,C7H5O2,C_7H_5O_2+,121.0244,65386.23,0.45,adduct,positive,break 2 bond(s) | H | ; | break 2 bond(s) | H
PET_pos,PET,pos,PET,C8H5O2,C_8H_5O_2+,133.0241,64790.86,0.45,adduct,positive,break 2 bond(s) | H | ; | break 2 bond(s) | H shift -2 | H | ; | break 2 bond(s) | H shift -2 | H
PET_pos,PET,pos,PET,C4H9,C_4H_9+,57.0702,63499.91,0.22,carbon_cluster,positive,carbon cluster C4 H0-10 | positive ion formula
PET_pos,PET,pos,PET,C10H6,C_10H_6+,126.0402,61439.02,0.22,carbon_cluster,positive,carbon cluster C10 H0-22 | positive ion formula
PET_pos,PET,pos,PET,C8H5,C_8H_5+,101.0347,59376.55,0.22,carbon_cluster,positive,carbon cluster C8 H0-18 | positive ion formula
PET_pos,PET,pos,PET,C7H9O3,C_7H_9O_3+,141.058,57084.2,0.22,carbon_cluster,positive,carbon cluster C7 H0-16 O3 | positive ion formula
PET_pos,PET,pos,PET,C5H3O,C_5H_3O+,79.0159,56959.75,0.22,carbon_cluster,positive,carbon cluster C5 H0-12 O1 | positive ion formula
PET_pos,PET,pos,PET,C8H9O3,C_8H_9O_3+,153.0516,56896.26,0.2299999999999999,adduct,negative,break 2 bond(s) | H shift +2 | OH | ; | break 2 bond(s) | H shift +2 | OH
PET_pos,PET,pos,PET,C9H6O4,C_9H_6O_4+,178.0562,56735.17,0.5,neutral_loss,neutral,break 1 bond(s) | -CH3 | ; | break 1 bond(s) | -CH3 | ; | break 2 bond(s) | -CH3 | ; | break 2 bond(s) | -CH3
PET_pos,PET,pos,PET,C9H9O2,C_9H_9O_2+,149.0597,56126.35,0.5,neutral_loss,neutral,break 1 bond(s) | -CO2 | ; | break 1 bond(s) | H shift +1 | -OH | ; | break 1 bond(s) | H shift +2 | -H2O
PET_pos,PET,pos,PET,C5H9,C_5H_9+,69.0701,55744.97,0.22,carbon_cluster,positive,carbon cluster C5 H0-12 | positive ion formula
PET_pos,PET,pos,PET,C9H8O3,C_9H_8O_3+,164.0345,54363.5,0.6,adduct,negative,break 1 bond(s) | -H | ; | break 1 bond(s) | -H | ; | break 2 bond(s) | -H | ; | break 2 bond(s) | -H
PET_pos,PET,pos,PET,C5H6,C_5H_6+,66.0431,53190.84,0.22,carbon_cluster,positive,carbon cluster C5 H0-12 | positive ion formula
PET_pos,PET,pos,PET,C9H3,C_9H_3+,111.0174,51919.73,0.22,carbon_cluster,positive,carbon cluster C9 H0-20 | positive ion formula
PET_pos,PET,pos,PET,C9H2,C_9H_2+,110.0089,51083.58,0.22,carbon_cluster,positive,carbon cluster C9 H0-20 | positive ion formula
PET_pos,PET,pos,PET,C3H6,C_3H_6+,42.0435,49331.49,0.22,carbon_cluster,positive,carbon cluster C3 H0-8 | positive ion formula
PET_pos,PET,pos,PET,C8H7O3,C_8H_7O_3+,151.0451,47873.7,0.4499999999999999,neutral_loss,neutral,break 1 bond(s) | H shift +1 | -CH3 | ; | break 1 bond(s) | H shift +1 | -CH3 | ; | break 2 bond(s) | H shift +1 | -CH3
PET_pos,PET,pos,PET,C10H10O6,C_10H_10O_6+,226.0496,46567.94,0.48,adduct,negative,break 1 bond(s) | OH | ; | break 1 bond(s) | H shift +1 | O | ; | break 1 bond(s) | OH
PET_pos,PET,pos,PET,C8H7O3,C_8H_7O_3+,151.015,46360.95,0.4499999999999999,neutral_loss,neutral,break 1 bond(s) | H shift +1 | -CH3 | ; | break 1 bond(s) | H shift +1 | -CH3 | ; | break 2 bond(s) | H shift +1 | -CH3
PET_pos,PET,pos,PET,C6H9,C_6H_9+,81.0695,45594.8,0.22,carbon_cluster,positive,carbon cluster C6 H0-14 | positive ion formula
PET_pos,PET,pos,PET,C10H7O4,C_10H_7O_4+,191.0298,45218.85,0.5499999999999999,adduct,negative,break 1 bond(s) | H shift -1 | -H | ; | break 1 bond(s) | H shift -1 | -H | ; | break 2 bond(s) | H shift -1 | -H
PET_pos,PET,pos,PET,C9H5O4,C_9H_5O_4+,177.0472,44638.4,0.45,adduct,negative,break 2 bond(s) | -H | ; | break 2 bond(s) | H shift -2 | OH | ; | break 2 bond(s) | H shift -1 | O
PET_pos,PET,pos,PET,C10H9O4,C_10H_9O_4+,193.05,44521.29,0.6,fragment,neutral,break 1 bond(s) | ; | break 1 bond(s) | ; | break 2 bond(s) | ; | break 2 bond(s) | ; | break 2 bond(s)
PET_pos,PET,pos,PET,C9H5,C_9H_5+,113.0329,44269.01,0.22,carbon_cluster,positive,carbon cluster C9 H0-20 | positive ion formula
PET_pos,PET,pos,PET,C7H3O2,C_7H_3O_2+,119.007,43973.19,0.45,adduct,negative,break 2 bond(s) | -H | ; | break 2 bond(s) | H shift -2 | OH | ; | break 2 bond(s) | H shift -1 | O
PET_pos,PET,pos,PET,C4H6,C_4H_6+,54.0436,43827.71,0.22,carbon_cluster,positive,carbon cluster C4 H0-10 | positive ion formula
PET_pos,PET,pos,PET,C9H3O4,C_9H_3O_4+,175.0319,42453.18,0.35,adduct,negative,break 2 bond(s) | H shift -2 | -H | ; | break 2 bond(s) | H shift -2 | -H
PET_pos,PET,pos,PET,C8H9,C_8H_9+,105.0673,42092.69,0.3,neutral_loss,neutral,break 2 bond(s) | H shift +1 | -CO2 | ; | break 2 bond(s) | H shift +1 | -CO2
PET_pos,PET,pos,PET,C7H6O,C_7H_6O+,106.035,41524.71,0.4,adduct,positive,break 2 bond(s) | H shift +1 | H | ; | break 2 bond(s) | H shift +1 | H
PET_pos,PET,pos,PET,C10H2,C_10H_2+,122.0077,41462.32,0.22,carbon_cluster,positive,carbon cluster C10 H0-22 | positive ion formula
PET_pos,PET,pos,PET,C9H6,C_9H_6+,114.0415,40742.13,0.22,carbon_cluster,positive,carbon cluster C9 H0-20 | positive ion formula
PET_pos,PET,pos,PET,C9H8,C_9H_8+,116.0545,39881.07,0.22,carbon_cluster,positive,carbon cluster C9 H0-20 | positive ion formula
PET_pos,PET,pos,PET,C11H11O6,C_11H_11O_6+,239.0606,37759.06,0.65,neutral_loss,neutral,M | -CH3 | ; | break 1 bond(s) + 1×repeat | H shift +1 | -CH3 | ; | break 1 bond(s) + 1×repeat | H shift +1 | -CH3
PET_pos,PET,pos,PET,C6H3O,C_6H_3O+,91.0154,37661.77,0.3,neutral_loss,neutral,break 2 bond(s) | H shift -1 | -CO | ; | break 2 bond(s) | H shift +2 | -CH3 | ; | break 2 bond(s) | H shift -1 | -CO
PET_pos,PET,pos,PET,C11H9O6,C_11H_9O_6+,237.0434,37296.62,0.55,neutral_loss,neutral,M | H shift -2 | -CH3 | ; | break 1 bond(s) + 1×repeat | H shift -1 | -CH3 | ; | break 1 bond(s) + 1×repeat | H shift -1 | -CH3
PET_pos,PET,pos,PET,C3H5O,C_3H_5O+,57.0328,36934.69,0.2499999999999999,neutral_loss,neutral,break 2 bond(s) | H shift +2 | -OH | ; | break 2 bond(s) | H shift +2 | -OH
PET_pos,PET,pos,PET,C6HO,C_6HO+,89.0108,36689.77,0.35,neutral_loss,neutral,break 2 bond(s) | -CH3 | ; | break 2 bond(s) | -CH3
PET_pos,PET,pos,PET,C10H8O6,C_10H_8O_6+,224.0297,36478.83,0.4299999999999999,adduct,negative,break 1 bond(s) | H shift -1 | O | ; | break 1 bond(s) | H shift -2 | OH | ; | break 1 bond(s) | H shift -1 | O
PET_pos,PET,pos,PET,C10H9,C_10H_9+,129.0634,36400.7,0.22,carbon_cluster,positive,carbon cluster C10 H0-22 | positive ion formula
PET_pos,PET,pos,PET,C9H7O,C_9H_7O+,131.0463,34376.93,0.35,neutral_loss,neutral,break 2 bond(s) | -OH | ; | break 2 bond(s) | H shift +1 | -H2O | ; | break 2 bond(s) | H shift -1 | -CO2
PET_pos,PET,pos,PET,C9H5O,C_9H_5O+,129.0298,32780.51,0.3,neutral_loss,neutral,break 2 bond(s) | H shift -1 | -H2O | ; | break 2 bond(s) | H shift -2 | -OH | ; | break 2 bond(s) | H shift -1 | -H2O
PET_pos,PET,pos,PET,C5H,C_5H+,61.0047,32606.37,0.35,neutral_loss,neutral,break 2 bond(s) | -CH3
PET_pos,PET,pos,PET,C10H6O3,C_10H_6O_3+,174.0286,31952.92,0.4499999999999999,neutral_loss,neutral,break 1 bond(s) | H shift -1 | -H2O | ; | break 1 bond(s) | H shift -2 | -OH | ; | break 1 bond(s) | H shift -1 | -H2O
PET_pos,PET,pos,PET,C4H3O,C_4H_3O+,67.0174,31515.98,0.22,carbon_cluster,positive,carbon cluster C4 H0-10 O1 | positive ion formula
PET_pos,PET,pos,PET,C11H8O3,C_11H_8O_3+,188.0262,29346.39,0.35,neutral_loss,neutral,break 2 bond(s) | -H2O | ; | break 2 bond(s) | H shift -1 | -OH | ; | break 2 bond(s) | -H2O
PET_pos,PET,pos,PET,C2H2O,C_2H_2O+,42.0083,29172.31,0.5,adduct,negative,break 1 bond(s) | H shift -2 | -H | ; | break 1 bond(s) | H shift -2 | -H | ; | break 2 bond(s) | H shift -2 | -H
PET_pos,PET,pos,PET,C6H4O,C_6H_4O+,92.0229,29036.25,0.35,neutral_loss,neutral,break 2 bond(s) | -CO | ; | break 2 bond(s) | -CO
PET_pos,PET,pos,PET,C12H10O6,C_12H_10O_6+,250.0409,28796.35,0.55,neutral_loss,neutral,M | H shift -2 | -H2 | ; | break 1 bond(s) + 1×repeat | H shift -1 | -H2 | ; | break 1 bond(s) + 1×repeat | H shift -1 | -H2
PET_pos,PET,pos,PET,C8H8,C_8H_8+,104.0543,28540.03,0.35,neutral_loss,neutral,break 2 bond(s) | -CO2 | ; | break 2 bond(s) | -CO2
PET_pos,PET,pos,PET,C9H9,C_9H_9+,117.0656,27890.7,0.22,carbon_cluster,positive,carbon cluster C9 H0-20 | positive ion formula
PET_pos,PET,pos,PET,C4H8,C_4H_8+,56.0577,27551.94,0.22,carbon_cluster,positive,carbon cluster C4 H0-10 | positive ion formula
PET_pos,PET,pos,PET,C9H6O3,C_9H_6O_3+,162.0188,26704.23,0.5,adduct,negative,break 1 bond(s) | H shift -2 | -H | ; | break 1 bond(s) | H shift -2 | -H | ; | break 2 bond(s) | H shift -2 | -H
PET_pos,PET,pos,PET,C5H5O,C_5H_5O+,81.0323,26645.38,0.22,carbon_cluster,positive,carbon cluster C5 H0-12 O1 | positive ion formula
PET_pos,PET,pos,PET,C8H6O4,C_8H_6O_4+,166.0598,26343.34,0.4,adduct,positive,break 2 bond(s) | H shift +1 | H
PET_pos,PET,pos,PET,C8H6O,C_8H_6O+,118.0389,25923.38,0.35,neutral_loss,neutral,break 2 bond(s) | -CO2 | ; | break 2 bond(s) | H shift +1 | -OH | ; | break 2 bond(s) | H shift +2 | -H2O
PET_pos,PET,pos,PET,C11H7O6,C_11H_7O_6+,235.0327,25799.87,0.37,adduct,negative,break 2 bond(s) + 1×repeat | -H | ; | break 2 bond(s) + 1×repeat | H shift -2 | OH | ; | break 2 bond(s) + 1×repeat | H shift -1 | O
PET_pos,PET,pos,PET,C11H10O3,C_11H_10O_3+,190.0472,25687.52,0.3,neutral_loss,neutral,break 2 bond(s) | H shift +1 | -OH | ; | break 2 bond(s) | H shift +2 | -H2O | ; | break 2 bond(s) | H shift +1 | -OH
PET_pos,PET,pos,PET,C13H11O6,C_13H_11O_6+,263.0524,25384.49,0.42,neutral_loss,neutral,break 1 bond(s) + 1×repeat | -H2O | ; | break 1 bond(s) + 1×repeat | H shift -1 | -OH | ; | break 1 bond(s) + 1×repeat | -H2O
PET_pos,PET,pos,PET,C10H3,C_10H_3+,123.0159,24956.52,0.22,carbon_cluster,positive,carbon cluster C10 H0-22 | positive ion formula
PET_pos,PET,pos,PET,C4H5O,C_4H_5O+,69.0327,24845.89,0.22,carbon_cluster,positive,carbon cluster C4 H0-10 O1 | positive ion formula
PET_pos,PET,pos,PET,C7H8,C_7H_8+,92.056,24771.47,0.2499999999999999,neutral_loss,neutral,break 2 bond(s) | H shift +2 | -CO2 | ; | break 2 bond(s) | H shift +2 | -CO2
PET_pos,PET,pos,PET,C9H5O3,C_9H_5O_3+,161.0112,24014.83,0.45,adduct,negative,break 2 bond(s) | -H | ; | break 2 bond(s) | -H
PET_pos,PET,pos,PET,C3H,C_3H+,37.0054,23831.02,0.22,carbon_cluster,positive,carbon cluster C3 H0-8 | positive ion formula
PET_pos,PET,pos,PET,C11H2,C_11H_2+,134.0065,23464.57,0.22,carbon_cluster,positive,carbon cluster C11 H0-24 | positive ion formula
PET_pos,PET,pos,PET,CHO2,CHO_2+,44.9959,22408.28,0.45,adduct,positive,break 2 bond(s) | H | ; | break 2 bond(s) | H
PET_pos,PET,pos,PET,C7H4O2,C_7H_4O_2+,120.0161,22307.26,0.45,fragment,neutral,break 2 bond(s) | ; | break 2 bond(s)
PET_pos,PET,pos,PET,C8H4O2,C_8H_4O_2+,132.0179,22094.41,0.45,fragment,neutral,break 2 bond(s)
PET_pos,PET,pos,PET,C3HO2,C_3HO_2+,68.9959,21897.24,0.4,neutral_loss,neutral,break 1 bond(s) | H shift -2 | -H2O | ; | break 1 bond(s) | H shift -2 | -H2O | ; | break 2 bond(s) | H shift -2 | -H2O
PET_pos,PET,pos,PET,C8H4,C_8H_4+,100.0255,21778.51,0.22,carbon_cluster,positive,carbon cluster C8 H0-18 | positive ion formula
PET_pos,PET,pos,PET,C9H7O2,C_9H_7O_2+,147.0445,21678.16,0.5,neutral_loss,neutral,break 1 bond(s) | -H2O | ; | break 1 bond(s) | H shift -1 | -OH | ; | break 1 bond(s) | -H2O
PET_pos,PET,pos,PET,C7H9,C_7H_9+,93.0688,21562.48,0.22,carbon_cluster,positive,carbon cluster C7 H0-16 | positive ion formula
PET_pos,PET,pos,PET,C10H9O6,C_10H_9O_6+,225.0323,21383.61,0.48,adduct,negative,break 1 bond(s) | O | ; | break 1 bond(s) | H shift -1 | OH | ; | break 1 bond(s) | O
PET_pos,PET,pos,PET,C8H2O3,C_8H_2O_3+,146.004,21281.93,0.4,adduct,negative,break 2 bond(s) | H shift -1 | -H | ; | break 2 bond(s) | H shift -1 | -H
PET_pos,PET,pos,PET,C7H,C_7H+,85.0023,20969.71,0.3,neutral_loss,neutral,break 2 bond(s) | H shift -1 | -H2O | ; | break 2 bond(s) | H shift -2 | -OH | ; | break 2 bond(s) | H shift -1 | -H2O
PET_pos,PET,pos,PET,C7H6O3,C_7H_6O_3+,138.0382,20967.47,0.28,adduct,negative,break 2 bond(s) | H shift +1 | OH | ; | break 2 bond(s) | H shift +2 | O | ; | break 2 bond(s) | H shift +1 | OH
PET_pos,PET,pos,PET,C12H12O6,C_12H_12O_6+,252.0621,20914.7,0.7,adduct,negative,M | H shift -1 | -H | ; | break 1 bond(s) | H shift -2 | OH | ; | break 1 bond(s) | H shift -1 | O
PET_pos,PET,pos,PET,C13H9O6,C_13H_9O_6+,261.0262,20566.37,0.32,neutral_loss,neutral,break 1 bond(s) + 1×repeat | H shift -2 | -H2O | ; | break 1 bond(s) + 1×repeat | H shift -2 | -H2O | ; | break 2 bond(s) + 1×repeat | H shift -2 | -H2O
PET_pos,PET,pos,PET,C4H2O,C_4H_2O+,66.0077,20303.45,0.22,carbon_cluster,positive,carbon cluster C4 H0-10 O1 | positive ion formula
PET_pos,PET,pos,PET,C7H8O3,C_7H_8O_3+,140.0516,20225.4,0.22,carbon_cluster,positive,carbon cluster C7 H0-16 O3 | positive ion formula
PET_pos,PET,pos,PET,C8H5O,C_8H_5O+,117.0307,20088.99,0.35,neutral_loss,neutral,break 2 bond(s) | -OH | ; | break 2 bond(s) | H shift +1 | -H2O | ; | break 2 bond(s) | H shift -1 | -CO2
PET_pos,PET,pos,PET,C7H5O3,C_7H_5O_3+,137.0309,19756.54,0.33,adduct,negative,break 2 bond(s) | OH | ; | break 2 bond(s) | H shift +1 | O | ; | break 2 bond(s) | OH
PET_pos,PET,pos,PET,C12H8O6,C_12H_8O_6+,248.0211,19358.54,0.32,adduct,negative,break 2 bond(s) + 1×repeat | H shift -1 | -H | ; | break 2 bond(s) + 1×repeat | H shift -1 | -H
PET_pos,PET,pos,PET,C10H11O6,C_10H_11O_6+,227.0499,19155.99,0.4299999999999999,adduct,negative,break 1 bond(s) | H shift +1 | OH | ; | break 1 bond(s) | H shift +2 | O | ; | break 1 bond(s) | H shift +1 | OH
PET_pos,PET,pos,PET,C6H5O,C_6H_5O+,93.0301,19013.05,0.33,adduct,negative,break 2 bond(s) | OH | ; | break 2 bond(s) | H shift +1 | O
PET_pos,PET,pos,PET,C8H7O,C_8H_7O+,119.0458,18785.62,0.4,neutral_loss,neutral,break 1 bond(s) | H shift -2 | -CO2 | ; | break 1 bond(s) | H shift -2 | -CO2 | ; | break 2 bond(s) | H shift -2 | -CO2
PET_pos,PET,pos,PET,C7H3O3,C_7H_3O_3+,135.0147,18394.91,0.3,neutral_loss,neutral,break 2 bond(s) | H shift -1 | -CO
PET_pos,PET,pos,PET,C4H10,C_4H_10+,58.067,18337.85,0.22,carbon_cluster,positive,carbon cluster C4 H0-10 | positive ion formula
PET_pos,PET,pos,PET,C7H7O,C_7H_7O+,107.0452,18234.77,0.35,adduct,positive,break 2 bond(s) | H shift +2 | H | ; | break 2 bond(s) | H shift +2 | H
PET_pos,PET,pos,PET,C3H5O2,C_3H_5O_2+,73.0276,17965.0,0.45,adduct,positive,break 2 bond(s) | H | ; | break 2 bond(s) | H
PET_pos,PET,pos,PET,C6H8,C_6H_8+,80.0577,16720.35,0.22,carbon_cluster,positive,carbon cluster C6 H0-14 | positive ion formula
PET_pos,PET,pos,PET,C7H11,C_7H_11+,95.0861,16266.62,0.22,carbon_cluster,positive,carbon cluster C7 H0-16 | positive ion formula
PET_pos,PET,pos,PET,C5H8,C_5H_8+,68.0583,16213.45,0.22,carbon_cluster,positive,carbon cluster C5 H0-12 | positive ion formula
PET_pos,PET,pos,PET,C4H4O,C_4H_4O+,68.0235,15739.66,0.22,carbon_cluster,positive,carbon cluster C4 H0-10 O1 | positive ion formula
PET_pos,PET,pos,PET,C5H2O,C_5H_2O+,78.004,15237.47,0.22,carbon_cluster,positive,carbon cluster C5 H0-12 O1 | positive ion formula
PET_pos,PET,pos,PET,C10H5,C_10H_5+,125.0327,14932.77,0.22,carbon_cluster,positive,carbon cluster C10 H0-22 | positive ion formula
PET_pos,PET,pos,PET,C8H10O3,C_8H_10O_3+,154.0551,14532.82,0.22,carbon_cluster,positive,carbon cluster C8 H0-18 O3 | positive ion formula
PET_pos,PET,pos,PET,C2H4O,C_2H_4O+,44.023,14438.87,0.6,adduct,negative,break 1 bond(s) | -H | ; | break 1 bond(s) | -H | ; | break 2 bond(s) | -H | ; | break 2 bond(s) | H shift +1 | -H
PET_pos,PET,pos,PET,C10H11O3,C_10H_11O_3+,179.0751,14260.46,0.5,neutral_loss,neutral,break 1 bond(s) | -CO2 | ; | break 1 bond(s) | -CO2 | ; | break 2 bond(s) | -CO2 | ; | break 2 bond(s) | H shift +1 | -CO
PET_pos,PET,pos,PET,C7HO,C_7HO+,100.9967,14212.94,0.35,adduct,negative,break 2 bond(s) | H shift -2 | -H | ; | break 2 bond(s) | H shift -2 | -H
PET_pos,PET,pos,PET,C9H5O2,C_9H_5O_2+,145.0246,13440.53,0.4,neutral_loss,neutral,break 1 bond(s) | H shift -2 | -H2O | ; | break 1 bond(s) | H shift -2 | -H2O | ; | break 2 bond(s) | H shift -2 | -H2O
PET_pos,PET,pos,PET,C9H9O4,C_9H_9O_4+,181.0572,13140.63,0.5,neutral_loss,neutral,break 1 bond(s) | -CO | ; | break 1 bond(s) | -CO | ; | break 2 bond(s) | -CO | ; | break 2 bond(s) | -CO
PET_pos,PET,pos,PET,C8H7O4,C_8H_7O_4+,167.0657,13025.14,0.35,adduct,positive,break 2 bond(s) | H shift +2 | H
PET_pos,PET,pos,PET,C8H3O3,C_8H_3O_3+,147.0079,12836.61,0.45,adduct,negative,break 2 bond(s) | -H | ; | break 2 bond(s) | -H
PET_pos,PET,pos,PET,C3H7,C_2^13CH_7+,44.0545,12789.01,0.22,carbon_cluster,positive,carbon cluster C3 H0-8 | positive ion formula
PET_pos,PET,pos,PET,C8H4O,C_8H_4O+,116.0226,12606.5,0.35,neutral_loss,neutral,break 2 bond(s) | -H2O | ; | break 2 bond(s) | H shift -2 | -CO2 | ; | break 2 bond(s) | H shift -1 | -OH
PET_pos,PET,pos,PET,C3H3O2,C_3H_3O_2+,71.0113,12493.33,0.5,neutral_loss,neutral,break 1 bond(s) | -H2O | ; | break 1 bond(s) | H shift -1 | -OH | ; | break 1 bond(s) | -H2O
PET_pos,PET,pos,PET,C5H2O3,C_5H_2O_3+,109.9789,12164.45,0.22,carbon_cluster,positive,carbon cluster C5 H0-12 O3 | positive ion formula
PET_pos,PET,pos,PET,C3H7O,C_3H_7O+,59.0486,11983.97,0.22,carbon_cluster,positive,carbon cluster C3 H0-8 O1 | positive ion formula
PET_pos,PET,pos,PET,C3H4O,C_3H_4O+,56.0217,11936.47,0.3,neutral_loss,neutral,break 2 bond(s) | H shift +1 | -OH | ; | break 2 bond(s) | H shift +2 | -H2O | ; | break 2 bond(s) | H shift +1 | -OH
PET_pos,PET,pos,PET,C8H7O2,C_8H_7O_2+,135.0414,11713.37,0.45,adduct,positive,break 2 bond(s) | H | ; | break 2 bond(s) | H
PET_pos,PET,pos,PET,C9H2O3,C_9H_2O_3+,158.0033,11699.18,0.2499999999999999,neutral_loss,neutral,break 2 bond(s) | H shift -2 | -H2 | ; | break 2 bond(s) | H shift -2 | -H2O | ; | break 2 bond(s) | H shift -2 | -H2
PET_pos,PET,pos,PET,C9H8O4,C_9H_8O_4+,180.0554,11656.73,0.4499999999999999,neutral_loss,neutral,break 1 bond(s) | H shift -1 | -CO | ; | break 1 bond(s) | H shift +2 | -CH3 | ; | break 1 bond(s) | H shift -1 | -CO
PET_pos,PET,pos,PET,C3H2O,C_3H_2O+,54.0064,11340.02,0.35,neutral_loss,neutral,break 2 bond(s) | -H2O | ; | break 2 bond(s) | H shift -1 | -OH | ; | break 2 bond(s) | -H2O
PET_pos,PET,pos,PET,C9H4,C_9H_4+,112.0234,11255.05,0.22,carbon_cluster,positive,carbon cluster C9 H0-20 | positive ion formula
PET_pos,PET,pos,PET,C17H11O6,C_17H_11O_6+,311.0334,11053.11,0.37,adduct,negative,break 2 bond(s) + 1×repeat | -H | ; | break 2 bond(s) + 1×repeat | H shift -2 | OH | ; | break 2 bond(s) + 1×repeat | H shift -1 | O
PET_pos,PET,pos,PET,C8H6O2,C_8H_6O_2+,134.0324,10897.07,0.45,fragment,neutral,break 2 bond(s) | ; | break 2 bond(s)
PET_pos,PET,pos,PET,C6H11,C_6H_11+,83.0865,10825.86,0.22,carbon_cluster,positive,carbon cluster C6 H0-14 | positive ion formula
PET_pos,PET,pos,PET,C9H,C_9H+,109.0,10767.51,0.22,carbon_cluster,positive,carbon cluster C9 H0-20 | positive ion formula
PET_pos,PET,pos,PET,C9H7O4,C_9H_7O_4+,179.0401,10642.79,0.45,adduct,positive,break 2 bond(s) | H | ; | break 2 bond(s) | H
PET_pos,PET,pos,PET,C5H11,C_5H_11+,71.0873,10568.37,0.22,carbon_cluster,positive,carbon cluster C5 H0-12 | positive ion formula
PET_pos,PET,pos,PET,C5H5O2,C_5H_5O_2+,97.0293,10432.21,0.22,carbon_cluster,positive,carbon cluster C5 H0-12 O2 | positive ion formula
PET_pos,PET,pos,PET,C6H2O,C_6H_2O+,90.008,10376.69,0.3,neutral_loss,neutral,break 2 bond(s) | H shift +1 | -CH3 | ; | break 2 bond(s) | H shift -2 | -CO | ; | break 2 bond(s) | H shift +1 | -CH3
PET_pos,PET,pos,PET,C10H8O4,C_10H_8O_4+,192.0412,10364.15,0.6,adduct,negative,break 1 bond(s) | -H | ; | break 1 bond(s) | -H | ; | break 2 bond(s) | -H | ; | break 2 bond(s) | -H
PET_pos,PET,pos,PET,C5H7O,C_5H_7O+,83.0482,10320.89,0.22,carbon_cluster,positive,carbon cluster C5 H0-12 O1 | positive ion formula
PET_pos,PET,pos,PET,C7H2O,C_7H_2O+,102.0027,10294.99,0.4,adduct,negative,break 2 bond(s) | H shift -1 | -H | ; | break 2 bond(s) | H shift -1 | -H
PET_pos,PET,pos,PET,C17H13O6,C_17H_13O_6+,313.0637,10121.58,0.37,adduct,positive,break 2 bond(s) + 1×repeat | H | ; | break 2 bond(s) + 1×repeat | H
PET_pos,PET,pos,PET,C4H7O,C_4H_7O+,71.0489,9902.19,0.22,carbon_cluster,positive,carbon cluster C4 H0-10 O1 | positive ion formula
PET_pos,PET,pos,PET,C7H10O3,C_7H_10O_3+,142.07,9864.88,0.22,carbon_cluster,positive,carbon cluster C7 H0-16 O3 | positive ion formula
PET_pos,PET,pos,PET,C10H2O3,C_10H_2O_3+,170.0027,9694.93,0.22,carbon_cluster,positive,carbon cluster C10 H0-22 O3 | positive ion formula
PET_pos,PET,pos,PET,C9H6O,C_9H_6O+,130.0369,9517.72,0.35,neutral_loss,neutral,break 2 bond(s) | -H2O | ; | break 2 bond(s) | H shift -2 | -CO2 | ; | break 2 bond(s) | H shift -1 | -OH
PET_pos,PET,pos,PET,C10H10O4,C_10H_10O_4+,194.0583,9015.09,0.6,adduct,positive,break 1 bond(s) | H | ; | break 1 bond(s) | H | ; | break 2 bond(s) | H | ; | break 2 bond(s) | H
PET_pos,PET,pos,PET,C6H7O,C_6H_7O+,95.0476,8768.21,0.2299999999999999,adduct,negative,break 2 bond(s) | H shift +2 | OH
PET_pos,PET,pos,PET,C17H8O7,C_17H_8O_7+,324.042,8547.34,0.22,neutral_loss,neutral,break 2 bond(s) + 1×repeat | H shift -1 | -CH3 | ; | break 2 bond(s) + 1×repeat | H shift -1 | -CH3
PET_pos,PET,pos,PET,C10H7O,C_10H_7O+,143.0464,8472.24,0.22,carbon_cluster,positive,carbon cluster C10 H0-22 O1 | positive ion formula
PET_pos,PET,pos,PET,C8H11O3,C_8H_11O_3+,155.0801,8424.88,0.22,carbon_cluster,positive,carbon cluster C8 H0-18 O3 | positive ion formula
PET_pos,PET,pos,PET,C10H11,C_10H_11+,131.0843,7824.83,0.22,carbon_cluster,positive,carbon cluster C10 H0-22 | positive ion formula
PET_pos,PET,pos,PET,C11H7O5,C_11H_7O_5+,219.0658,7774.97,0.4,neutral_loss,neutral,break 1 bond(s) | H shift -2 | -H2 | ; | break 1 bond(s) | H shift -2 | -H2 | ; | break 2 bond(s) | H shift -2 | -H2
PET_pos,PET,pos,PET,C3H8O,C_3H_8O+,60.0543,7772.22,0.22,carbon_cluster,positive,carbon cluster C3 H0-8 O1 | positive ion formula
PET_pos,PET,pos,PET,C5H3O2,C_5H_3O_2+,95.0111,7540.69,0.22,carbon_cluster,positive,carbon cluster C5 H0-12 O2 | positive ion formula
PET_pos,PET,pos,PET,C5H10,C_5H_10+,70.0725,7428.91,0.22,carbon_cluster,positive,carbon cluster C5 H0-12 | positive ion formula
PET_pos,PET,pos,PET,C10H5O3,C_10H_5O_3+,173.0159,7389.92,0.4,neutral_loss,neutral,break 1 bond(s) | H shift -2 | -H2O | ; | break 1 bond(s) | H shift -2 | -H2O | ; | break 2 bond(s) | H shift -2 | -H2O
PET_pos,PET,pos,PET,C10H7O2,C_10H_7O_2+,159.0409,7208.5,0.35,neutral_loss,neutral,break 2 bond(s) | -OH | ; | break 2 bond(s) | H shift +1 | -H2O | ; | break 2 bond(s) | -OH
PET_pos,PET,pos,PET,C9H8O,C_9H_8O+,132.053,7192.95,0.35,neutral_loss,neutral,break 2 bond(s) | -CO2 | ; | break 2 bond(s) | H shift +1 | -OH | ; | break 2 bond(s) | H shift +2 | -H2O
PET_pos,PET,pos,PET,C2H3O2,C_2H_3O_2+,59.0121,7032.56,0.5499999999999999,adduct,negative,break 1 bond(s) | H shift -1 | -H | ; | break 1 bond(s) | H shift -2 | O | ; | break 1 bond(s) | H shift -1 | -H
PET_pos,PET,pos,PET,C6H6O,C_6H_6O+,94.0379,6983.94,0.28,adduct,negative,break 2 bond(s) | H shift +1 | OH | ; | break 2 bond(s) | H shift +2 | O
PET_pos,PET,pos,PET,C9H11,C_9H_11+,119.0837,6956.18,0.22,carbon_cluster,positive,carbon cluster C9 H0-20 | positive ion formula
PET_pos,PET,pos,PET,C6H,C_6H+,73.0031,6939.09,0.35,adduct,negative,break 2 bond(s) | H shift -2 | -H
PET_pos,PET,pos,PET,C18H9O7,C_18H_9O_7+,337.0542,6820.42,0.2699999999999999,adduct,negative,break 2 bond(s) + 1×repeat | H shift -2 | -H | ; | break 2 bond(s) + 1×repeat | H shift -2 | -H
PET_pos,PET,pos,PET,C17H9O6,C_17H_9O_6+,309.0166,6544.86,0.2699999999999999,neutral_loss,neutral,break 2 bond(s) + 1×repeat | -CH3 | ; | break 2 bond(s) + 1×repeat | H shift -1 | -H2 | ; | break 2 bond(s) + 1×repeat | H shift -2 | -CH3
PET_pos,PET,pos,PET,C10H9O,C_10H_9O+,145.0614,6515.62,0.22,carbon_cluster,positive,carbon cluster C10 H0-22 O1 | positive ion formula
PET_pos,PET,pos,PET,C10H4,C_10H_4+,124.0236,6420.68,0.22,carbon_cluster,positive,carbon cluster C10 H0-22 | positive ion formula
PET_pos,PET,pos,PET,C5H4O,C_5H_4O+,80.0216,6403.19,0.22,carbon_cluster,positive,carbon cluster C5 H0-12 O1 | positive ion formula
PET_pos,PET,pos,PET,C10H10,C_10H_10+,130.0702,6201.1,0.22,carbon_cluster,positive,carbon cluster C10 H0-22 | positive ion formula
PET_pos,PET,pos,PET,C4H,C_4H+,49.004,6151.54,0.22,carbon_cluster,positive,carbon cluster C4 H0-10 | positive ion formula
PET_pos,PET,pos,PET,C10H3O3,C_10H_3O_3+,171.0051,6140.19,0.22,carbon_cluster,positive,carbon cluster C10 H0-22 O3 | positive ion formula
PET_pos,PET,pos,PET,C8H10,C_8H_10+,106.0709,6087.12,0.2499999999999999,neutral_loss,neutral,break 2 bond(s) | H shift +2 | -CO2 | ; | break 2 bond(s) | H shift +2 | -CO2
PET_pos,PET,pos,PET,C19H11O6,C_19H_11O_6+,335.0262,6070.55,0.22,neutral_loss,neutral,break 2 bond(s) + 1×repeat | H shift -1 | -H2O | ; | break 2 bond(s) + 1×repeat | H shift -2 | -OH | ; | break 2 bond(s) + 1×repeat | H shift -1 | -H2O
PET_pos,PET,pos,PET,C8H11,C_8H_11+,107.0852,5929.53,0.22,carbon_cluster,positive,carbon cluster C8 H0-18 | positive ion formula
PET_pos,PET,pos,PET,C6H10,C_6H_10+,82.0727,5921.25,0.22,carbon_cluster,positive,carbon cluster C6 H0-14 | positive ion formula
PET_pos,PET,pos,PET,C9H6O2,C_9H_6O_2+,146.0331,5896.16,0.4499999999999999,neutral_loss,neutral,break 1 bond(s) | H shift -1 | -H2O | ; | break 1 bond(s) | H shift -2 | -OH | ; | break 1 bond(s) | H shift -1 | -H2O
PET_pos,PET,pos,PET,C7H11O3,C_7H_11O_3+,143.082,5694.06,0.22,carbon_cluster,positive,carbon cluster C7 H0-16 O3 | positive ion formula
PET_pos,PET,pos,PET,C9H3O3,C_9H_3O_3+,159.011,5692.18,0.35,adduct,negative,break 2 bond(s) | H shift -2 | -H | ; | break 2 bond(s) | H shift -2 | -H
PET_pos,PET,pos,PET,C8H,C_8H+,97.0003,5673.8,0.22,carbon_cluster,positive,carbon cluster C8 H0-18 | positive ion formula
PET_pos,PET,pos,PET,C5HO2,C_5HO_2+,92.9939,5501.07,0.22,carbon_cluster,positive,carbon cluster C5 H0-12 O2 | positive ion formula
PET_pos,PET,pos,PET,C10H8O,C_10H_8O+,144.0527,5426.86,0.22,carbon_cluster,positive,carbon cluster C10 H0-22 O1 | positive ion formula
PET_pos,PET,pos,PET,C11H9O,C_11H_9O+,157.0606,5411.51,0.22,carbon_cluster,positive,carbon cluster C11 H0-24 O1 | positive ion formula
PET_pos,PET,pos,PET,C17H10O7,C_17H_10O_7+,326.0664,5382.95,0.22,neutral_loss,neutral,break 2 bond(s) + 1×repeat | H shift +1 | -CH3 | ; | break 2 bond(s) + 1×repeat | H shift +1 | -CH3 | ; | break 2 bond(s) + 1×repeat | H shift -2 | -CO
PET_pos,PET,pos,PET,C18H13O7,C_18H_13O_7+,341.0723,5356.82,0.37,adduct,positive,break 2 bond(s) + 1×repeat | H | ; | break 2 bond(s) + 1×repeat | H
PET_pos,PET,pos,PET,C5H6O,C_5H_6O+,82.0375,5314.95,0.22,carbon_cluster,positive,carbon cluster C5 H0-12 O1 | positive ion formula
PET_pos,PET,pos,PET,C9HO,C_9HO+,124.9901,5122.06,0.22,carbon_cluster,positive,carbon cluster C9 H0-20 O1 | positive ion formula
PET_pos,PET,pos,PET,C11H2O3,C_11H_2O_3+,181.999,5084.52,0.22,carbon_cluster,positive,carbon cluster C11 H0-24 O3 | positive ion formula
PET_pos,PET,pos,PET,C4H6O,C_4H_6O+,70.0369,4735.53,0.22,carbon_cluster,positive,carbon cluster C4 H0-10 O1 | positive ion formula
PET_pos,PET,pos,PET,C7H4O3,C_7H_4O_3+,136.0184,4581.81,0.35,neutral_loss,neutral,break 2 bond(s) | -CO
PET_pos,PET,pos,PET,C10H5O2,C_10H_5O_2+,157.0248,4578.96,0.3,neutral_loss,neutral,break 2 bond(s) | H shift -1 | -H2O | ; | break 2 bond(s) | H shift -2 | -OH | ; | break 2 bond(s) | H shift -1 | -H2O
PET_pos,PET,pos,PET,C9H3O2,C_9H_3O_2+,143.0058,4437.18,0.3,neutral_loss,neutral,break 2 bond(s) | H shift -1 | -H2O | ; | break 2 bond(s) | H shift -2 | -OH | ; | break 2 bond(s) | H shift -1 | -H2O
PET_pos,PET,pos,PET,C3H6O,C_3H_6O+,58.0391,4399.44,0.22,carbon_cluster,positive,carbon cluster C3 H0-8 O1 | positive ion formula
PET_pos,PET,pos,PET,C4H3O2,C_4H_3O_2+,83.0112,4243.56,0.22,carbon_cluster,positive,carbon cluster C4 H0-10 O2 | positive ion formula
PET_pos,PET,pos,PET,C8H8O,C_8H_8O+,120.0525,4053.14,0.4499999999999999,neutral_loss,neutral,break 1 bond(s) | H shift -1 | -CO2 | ; | break 1 bond(s) | H shift -1 | -CO2 | ; | break 2 bond(s) | H shift -1 | -CO2
PET_pos,PET,pos,PET,C4H5O2,C_4H_5O_2+,85.0273,3938.67,0.22,carbon_cluster,positive,carbon cluster C4 H0-10 O2 | positive ion formula
PET_pos,PET,pos,PET,C10H5O3,C_10H_5O_3+,173.0599,3924.9,0.4,neutral_loss,neutral,break 1 bond(s) | H shift -2 | -H2O | ; | break 1 bond(s) | H shift -2 | -H2O | ; | break 2 bond(s) | H shift -2 | -H2O
PET_pos,PET,pos,PET,C7H10,C_7H_10+,94.072,3886.86,0.22,carbon_cluster,positive,carbon cluster C7 H0-16 | positive ion formula
PET_pos,PET,pos,PET,C6H3O2,C_6H_3O_2+,107.0094,3822.31,0.2499999999999999,neutral_loss,neutral,break 2 bond(s) | H shift +2 | -CH3 | ; | break 2 bond(s) | H shift +2 | -CH3
PET_pos,PET,pos,PET,C2H6O,C_2H_6O+,46.0358,3756.99,0.6,adduct,positive,break 1 bond(s) | H | ; | break 1 bond(s) | H | ; | break 2 bond(s) | H | ; | break 2 bond(s) | H shift +1 | H
PET_pos,PET,pos,PET,C9H6O5,C_9H_6O_5+,193.9993,3749.76,0.5,neutral_loss,neutral,break 1 bond(s) | -CH3 | ; | break 1 bond(s) | -CH3 | ; | break 2 bond(s) | -CH3 | ; | break 2 bond(s) | -CH3
PET_pos,PET,pos,PET,C7H13,C_7H_13+,97.1011,3634.55,0.22,carbon_cluster,positive,carbon cluster C7 H0-16 | positive ion formula
PET_pos,PET,pos,PET,C8H13,C_8H_13+,109.1017,3530.58,0.22,carbon_cluster,positive,carbon cluster C8 H0-18 | positive ion formula
PET_pos,PET,pos,PET,C6H9O,C_6H_9O+,97.0647,3275.72,0.22,carbon_cluster,positive,carbon cluster C6 H0-14 O1 | positive ion formula
PET_pos,PET,pos,PET,C14H3,C_14H_3+,171.0397,3255.14,0.22,carbon_cluster,positive,carbon cluster C14 H0-30 | positive ion formula
PET_pos,PET,pos,PET,C5H9O,C_5H_9O+,85.0649,3053.55,0.22,carbon_cluster,positive,carbon cluster C5 H0-12 O1 | positive ion formula
PET_pos,PET,pos,PET,C8H8O2,C_8H_8O_2+,136.0492,2945.94,0.4499999999999999,neutral_loss,neutral,break 1 bond(s) | H shift -1 | -CO | ; | break 1 bond(s) | H shift -1 | -CO | ; | break 2 bond(s) | H shift -1 | -CO
PET_pos,PET,pos,PET,C7H9O,C_7H_9O+,109.0629,2905.54,0.22,carbon_cluster,positive,carbon cluster C7 H0-16 O1 | positive ion formula
PET_pos,PET,pos,PET,C6H13,C_6H_13+,85.103,2790.07,0.22,carbon_cluster,positive,carbon cluster C6 H0-14 | positive ion formula
PET_pos,PET,pos,PET,C8O4,C_8O_4+,159.9785,2787.28,0.2499999999999999,neutral_loss,neutral,break 2 bond(s) | H shift -2 | -H2
PET_pos,PET,pos,PET,C13H10O,C_13H_10O+,182.0666,2770.67,0.22,carbon_cluster,positive,carbon cluster C13 H0-28 O1 | positive ion formula
PET_pos,PET,pos,PET,C6H5O2,C_6H_5O_2+,109.0276,2693.37,0.22,carbon_cluster,positive,carbon cluster C6 H0-14 O2 | positive ion formula
PET_pos,PET,pos,PET,C5H8O,C_5H_8O+,84.0521,2649.16,0.22,carbon_cluster,positive,carbon cluster C5 H0-12 O1 | positive ion formula
PET_pos,PET,pos,PET,C7H8O,C_7H_8O+,108.0512,2643.33,0.2499999999999999,neutral_loss,neutral,break 2 bond(s) | H shift +2 | -CO | ; | break 2 bond(s) | H shift +2 | -CO
PET_pos,PET,pos,PET,C11H13,C_11H_13+,145.1013,2604.67,0.22,carbon_cluster,positive,carbon cluster C11 H0-24 | positive ion formula
PET_pos,PET,pos,PET,CH3O2,CH_3O_2+,47.0115,2421.21,0.48,adduct,negative,break 1 bond(s) | O | ; | break 1 bond(s) | H shift -1 | OH | ; | break 1 bond(s) | O
PET_pos,PET,pos,PET,C6H12,C_6H_12+,84.0846,2382.53,0.22,carbon_cluster,positive,carbon cluster C6 H0-14 | positive ion formula
PET_pos,PET,pos,PET,C10H8O2,C_10H_8O_2+,160.0496,2227.24,0.3,neutral_loss,neutral,break 2 bond(s) | H shift +1 | -OH | ; | break 2 bond(s) | H shift +2 | -H2O | ; | break 2 bond(s) | H shift -2 | -CO2
PET_pos,PET,pos,PET,C7H12,C_7H_12+,96.0881,2201.93,0.22,carbon_cluster,positive,carbon cluster C7 H0-16 | positive ion formula
PET_pos,PET,pos,PET,C6H8O,C_6H_8O+,96.0506,2094.27,0.22,carbon_cluster,positive,carbon cluster C6 H0-14 O1 | positive ion formula
PET_pos,PET,pos,PET,C9H4O2,C_9H_4O_2+,144.0153,1991.24,0.35,neutral_loss,neutral,break 2 bond(s) | -H2O | ; | break 2 bond(s) | H shift -1 | -OH | ; | break 2 bond(s) | -H2O
PET_pos,PET,pos,PET,C2H4O2,C_2H_4O_2+,60.0188,1879.2,0.6,adduct,negative,break 1 bond(s) | -H | ; | break 1 bond(s) | H shift -2 | OH | ; | break 1 bond(s) | H shift -1 | O
PET_pos,PET,pos,PET,C6H4O2,C_6H_4O_2+,108.0173,1789.61,0.22,carbon_cluster,positive,carbon cluster C6 H0-14 O2 | positive ion formula
PET_pos,PET,pos,PET,C5,C_5+,59.9966,1719.3,0.3,neutral_loss,neutral,break 2 bond(s) | H shift -1 | -CH3
PET_pos,PET,pos,PET,C4H4O2,C_4H_4O_2+,84.0179,1540.96,0.22,carbon_cluster,positive,carbon cluster C4 H0-10 O2 | positive ion formula
PET_pos,PET,pos,PET,C5H4O2,C_5H_4O_2+,96.0157,1238.11,0.22,carbon_cluster,positive,carbon cluster C5 H0-12 O2 | positive ion formula
PET_pos,PET,pos,PET,C8H12,C_8H_12+,108.0865,1213.42,0.22,carbon_cluster,positive,carbon cluster C8 H0-18 | positive ion formula
PET_pos,PET,pos,PET,C3,C_3+,35.9967,924.54,0.22,carbon_cluster,positive,carbon cluster C3 H0-8 | positive ion formula
POMC_neg,POMC,neg,POMC,C2H5O,C_2H_5O+,45.0353,3528735.71,0.75,adduct,negative,M | -H
POMC_neg,POMC,neg,POMC,C2H5O2,C_2H_5O_2+,61.0286,2734525.05,0.58,adduct,negative,M | H shift -1 | O | ; | break 1 bond(s) + 1×repeat | H shift +1 | -H | ; | break 1 bond(s) + 1×repeat | H shift +1 | -H
POMC_neg,POMC,neg,POMC,C2H4O,C_2H_4O+,44.0263,2145159.27,0.7,adduct,negative,M | H shift -1 | -H
POMC_neg,POMC,neg,POMC,C3H5O3,C_3H_5O_3+,89.02,1742888.19,0.39,neutral_loss,neutral,M + 2×repeat | H shift -2 | -CH3 | ; | break 1 bond(s) + 2×repeat | -H2 | ; | break 1 bond(s) + 2×repeat | -H2
POMC_neg,POMC,neg,POMC,C3H5O2,C_3H_5O_2+,73.0264,1523651.75,0.5700000000000001,adduct,negative,M + 1×repeat | H shift -2 | -H
POMC_neg,POMC,neg,POMC,C3H7O2,C_3H_7O_2+,75.0401,895490.07,0.67,adduct,negative,M + 1×repeat | -H
POMC_neg,POMC,neg,POMC,C3H5,C_3H_5+,41.038,733211.35,0.22,carbon_cluster,positive,carbon cluster C3 H0-8 | positive ion formula
POMC_neg,POMC,neg,POMC,C4H7,C_4H_7+,55.0526,724649.26,0.22,carbon_cluster,positive,carbon cluster C4 H0-10 | positive ion formula
POMC_neg,POMC,neg,POMC,C4H9O3,C_4H_9O_3+,105.048,608418.19,0.59,adduct,negative,M + 2×repeat | -H
POMC_neg,POMC,neg,POMC,C3H7O3,C_3H_7O_3+,91.0338,548017.18,0.4999999999999999,adduct,negative,M + 1×repeat | H shift -1 | O | ; | break 1 bond(s) + 2×repeat | H shift +1 | -H | ; | break 1 bond(s) + 2×repeat | H shift +1 | -H
POMC_neg,POMC,neg,POMC,C4H7O4,C_4H_7O_4+,119.0236,522665.67,0.31,neutral_loss,neutral,M + 3×repeat | H shift -2 | -CH3 | ; | break 1 bond(s) + 3×repeat | -H2 | ; | break 1 bond(s) + 3×repeat | -H2
POMC_neg,POMC,neg,POMC,C2H3O,C_2H_3O+,43.0168,515815.66,0.65,adduct,negative,M | H shift -2 | -H
POMC_neg,POMC,neg,POMC,C3H7,C_3H_7+,43.0534,413726.72,0.22,carbon_cluster,positive,carbon cluster C3 H0-8 | positive ion formula
POMC_neg,POMC,neg,POMC,C5H9O5,C_5H_9O_5+,149.03,410693.84,0.23,neutral_loss,neutral,M + 4×repeat | H shift -2 | -CH3 | ; | break 1 bond(s) + 4×repeat | -H2 | ; | break 1 bond(s) + 4×repeat | -H2
POMC_neg,POMC,neg,POMC,C6H11O6,C_6H_11O_6+,179.0363,376741.76,0.15,neutral_loss,neutral,M + 5×repeat | H shift -2 | -CH3 | ; | break 1 bond(s) + 5×repeat | -H2 | ; | break 1 bond(s) + 5×repeat | -H2
POMC_neg,POMC,neg,POMC,C3H3,C_3H_3+,39.0213,340400.31,0.22,carbon_cluster,positive,carbon cluster C3 H0-8 | positive ion formula
POMC_neg,POMC,neg,POMC,C4H9O4,C_4H_9O_4+,121.0389,333200.77,0.4199999999999999,adduct,negative,M + 2×repeat | H shift -1 | O | ; | break 1 bond(s) + 3×repeat | H shift +1 | -H | ; | break 1 bond(s) + 3×repeat | H shift +1 | -H
POMC_neg,POMC,neg,POMC,C4H7O3,C_4H_7O_3+,103.0318,319153.99,0.49,adduct,negative,M + 2×repeat | H shift -2 | -H
POMC_neg,POMC,neg,POMC,C4H7O,C_4H_7O+,71.0453,295923.35,0.22,carbon_cluster,positive,carbon cluster C4 H0-10 O1 | positive ion formula
POMC_neg,POMC,neg,POMC,C5H11O4,C_5H_11O_4+,135.0525,287506.44,0.51,adduct,negative,M + 3×repeat | -H
POMC_neg,POMC,neg,POMC,C3H5O,C_3H_5O+,57.0306,272196.58,0.52,neutral_loss,neutral,M + 1×repeat | H shift -1 | -H2O
POMC_neg,POMC,neg,POMC,CH3O2,CH_3O_2+,47.0104,256394.0,0.48,adduct,negative,break 1 bond(s) | O | ; | break 1 bond(s) | H shift -1 | OH | ; | break 1 bond(s) | O
POMC_neg,POMC,neg,POMC,C4H9,C_4H_9+,57.0676,241179.82,0.22,carbon_cluster,positive,carbon cluster C4 H0-10 | positive ion formula
POMC_neg,POMC,neg,POMC,C3H7O,C_3H_7O+,59.0459,224722.07,0.5700000000000001,neutral_loss,neutral,M + 1×repeat | -OH | ; | M + 1×repeat | H shift +1 | -H2O
POMC_neg,POMC,neg,POMC,C4H8O3,C_4H_8O_3+,104.0386,219411.97,0.5399999999999999,adduct,negative,M + 2×repeat | H shift -1 | -H
POMC_neg,POMC,neg,POMC,C7H13O7,C_7H_13O_7+,209.0415,208838.87,0.07,neutral_loss,neutral,M + 6×repeat | H shift -2 | -CH3 | ; | break 1 bond(s) + 6×repeat | -H2 | ; | break 1 bond(s) + 6×repeat | -H2
POMC_neg,POMC,neg,POMC,C5H11O5,C_5H_11O_5+,151.0445,205604.94,0.3399999999999999,adduct,negative,M + 3×repeat | H shift -1 | O | ; | break 1 bond(s) + 4×repeat | H shift +1 | -H | ; | break 1 bond(s) + 4×repeat | H shift +1 | -H
POMC_neg,POMC,neg,POMC,C3H3O,C_3H_3O+,55.0154,204047.2,0.22,carbon_cluster,positive,carbon cluster C3 H0-8 O1 | positive ion formula
POMC_neg,POMC,neg,POMC,C6H13O5,C_6H_13O_5+,165.0578,201074.31,0.43,adduct,negative,M + 4×repeat | -H
POMC_neg,POMC,neg,POMC,C4H7O2,C_4H_7O_2+,87.0377,182528.43,0.4399999999999999,neutral_loss,neutral,M + 2×repeat | H shift -1 | -H2O
POMC_neg,POMC,neg,POMC,C4H9O,C_4H_9O+,73.059,181469.52,0.22,carbon_cluster,positive,carbon cluster C4 H0-10 O1 | positive ion formula
POMC_neg,POMC,neg,POMC,C4H5,C_4H_5+,53.0354,176173.96,0.22,carbon_cluster,positive,carbon cluster C4 H0-10 | positive ion formula
POMC_neg,POMC,neg,POMC,C3H6O2,C_3H_6O_2+,74.0298,163316.43,0.62,adduct,negative,M + 1×repeat | H shift -1 | -H
POMC_neg,POMC,neg,POMC,C3H6O,C_3H_6O+,58.0383,161607.4,0.5700000000000001,neutral_loss,neutral,M + 1×repeat | -H2O
POMC_neg,POMC,neg,POMC,C5H7,C_5H_7+,67.0505,152258.01,0.22,carbon_cluster,positive,carbon cluster C5 H0-12 | positive ion formula
POMC_neg,POMC,neg,POMC,C8H15O8,C_8H_15O_8+,239.0474,145977.12,0.0,neutral_loss,neutral,M + 7×repeat | H shift -2 | -CH3 | ; | break 1 bond(s) + 7×repeat | -H2 | ; | break 1 bond(s) + 7×repeat | -H2
POMC_neg,POMC,neg,POMC,C5H9,C_5H_9+,69.0669,144441.37,0.22,carbon_cluster,positive,carbon cluster C5 H0-12 | positive ion formula
POMC_neg,POMC,neg,POMC,C6H11O3,C_6H_11O_3+,131.0579,133350.67,0.22,carbon_cluster,positive,carbon cluster C6 H0-14 O3 | positive ion formula
POMC_neg,POMC,neg,POMC,C3H6,C_3H_6+,42.0436,130861.6,0.22,carbon_cluster,positive,carbon cluster C3 H0-8 | positive ion formula
POMC_neg,POMC,neg,POMC,C2H3O2,C^13CH_3O_2+,60.0165,124852.25,0.47,neutral_loss,neutral,M + 1×repeat | H shift -2 | -CH3 | ; | break 1 bond(s) + 1×repeat | -H2 | ; | break 1 bond(s) + 1×repeat | -H2
POMC_neg,POMC,neg,POMC,C4H8,C_4H_8+,56.0575,123860.7,0.22,carbon_cluster,positive,carbon cluster C4 H0-10 | positive ion formula
POMC_neg,POMC,neg,POMC,C6H11O5,C_6H_11O_5+,163.0425,121584.52,0.33,adduct,negative,M + 4×repeat | H shift -2 | -H
POMC_neg,POMC,neg,POMC,C5H9O4,C_5H_9O_4+,133.0355,121465.44,0.41,adduct,negative,M + 3×repeat | H shift -2 | -H
POMC_neg,POMC,neg,POMC,C5H9O2,C_5H_9O_2+,101.0511,117207.72,0.22,carbon_cluster,positive,carbon cluster C5 H0-12 O2 | positive ion formula
POMC_neg,POMC,neg,POMC,C7H15O6,C_7H_15O_6+,195.0636,114960.64,0.35,adduct,negative,M + 5×repeat | -H
POMC_neg,POMC,neg,POMC,C5H9O,C_5H_9O+,85.0588,109354.5,0.22,carbon_cluster,positive,carbon cluster C5 H0-12 O1 | positive ion formula
POMC_neg,POMC,neg,POMC,C8H17O8,C_8H_17O_8+,241.0645,108755.06,0.0999999999999999,adduct,negative,M + 6×repeat | H shift -1 | O | ; | break 1 bond(s) + 7×repeat | H shift +1 | -H | ; | break 1 bond(s) + 7×repeat | H shift +1 | -H
POMC_neg,POMC,neg,POMC,C6H9O5,C_6H_9O_5+,161.0642,106115.96,0.0,neutral_loss,neutral,break 1 bond(s) + 5×repeat | H shift -2 | -H2O | ; | break 1 bond(s) + 5×repeat | H shift -2 | -H2O
POMC_neg,POMC,neg,POMC,C4H8O2,C_4H_8O_2+,88.0452,105140.53,0.49,neutral_loss,neutral,M + 2×repeat | -H2O
POMC_neg,POMC,neg,POMC,C2H5O,C^13CH_5O+,46.0342,100692.56,0.75,adduct,negative,M | -H
POMC_neg,POMC,neg,POMC,C3H6O3,C_3H_6O_3+,90.0206,99020.58,0.45,adduct,negative,M + 1×repeat | H shift -2 | O | ; | break 1 bond(s) + 2×repeat | -H | ; | break 1 bond(s) + 2×repeat | -H
POMC_pos,POMC,pos,POMC,C2H5O,C_2H_5O+,45.0343,2369190.43,0.75,adduct,negative,M | -H
POMC_pos,POMC,pos,POMC,C2H5O2,C_2H_5O_2+,61.0268,1825357.23,0.58,adduct,negative,M | H shift -1 | O | ; | break 1 bond(s) + 1×repeat | H shift +1 | -H | ; | break 1 bond(s) + 1×repeat | H shift +1 | -H
POMC_pos,POMC,pos,POMC,C2H4O,C_2H_4O+,44.0252,1411135.43,0.7,adduct,negative,M | H shift -1 | -H
POMC_pos,POMC,pos,POMC,C3H5O3,C_3H_5O_3+,89.013,1197406.81,0.39,neutral_loss,neutral,M + 2×repeat | H shift -2 | -CH3 | ; | break 1 bond(s) + 2×repeat | -H2 | ; | break 1 bond(s) + 2×repeat | -H2
POMC_pos,POMC,pos,POMC,C3H5O2,C_3H_5O_2+,73.0214,1052445.68,0.5700000000000001,adduct,negative,M + 1×repeat | H shift -2 | -H
POMC_pos,POMC,pos,POMC,C3H7O2,C_3H_7O_2+,75.0348,616682.68,0.67,adduct,negative,M + 1×repeat | -H
POMC_pos,POMC,pos,POMC,C4H7,C_4H_7+,55.0511,479920.68,0.22,carbon_cluster,positive,carbon cluster C4 H0-10 | positive ion formula
POMC_pos,POMC,pos,POMC,C3H5,C_3H_5+,41.0372,474074.59,0.22,carbon_cluster,positive,carbon cluster C3 H0-8 | positive ion formula
POMC_pos,POMC,pos,POMC,C4H9O3,C_4H_9O_3+,105.0391,434828.55,0.59,adduct,negative,M + 2×repeat | -H
POMC_pos,POMC,pos,POMC,C3H7O3,C_3H_7O_3+,91.0265,383746.11,0.4999999999999999,adduct,negative,M + 1×repeat | H shift -1 | O | ; | break 1 bond(s) + 2×repeat | H shift +1 | -H | ; | break 1 bond(s) + 2×repeat | H shift +1 | -H
POMC_pos,POMC,pos,POMC,C4H7O4,C_4H_7O_4+,119.0135,377098.54,0.31,neutral_loss,neutral,M + 3×repeat | H shift -2 | -CH3 | ; | break 1 bond(s) + 3×repeat | -H2 | ; | break 1 bond(s) + 3×repeat | -H2
POMC_pos,POMC,pos,POMC,C2H3O,C_2H_3O+,43.016,329492.84,0.65,adduct,negative,M | H shift -2 | -H
POMC_pos,POMC,pos,POMC,C5H9O5,C_5H_9O_5+,149.0164,303097.67,0.23,neutral_loss,neutral,M + 4×repeat | H shift -2 | -CH3 | ; | break 1 bond(s) + 4×repeat | -H2 | ; | break 1 bond(s) + 4×repeat | -H2
POMC_pos,POMC,pos,POMC,C6H11O6,C_6H_11O_6+,179.0192,285714.9,0.15,neutral_loss,neutral,M + 5×repeat | H shift -2 | -CH3 | ; | break 1 bond(s) + 5×repeat | -H2 | ; | break 1 bond(s) + 5×repeat | -H2
POMC_pos,POMC,pos,POMC,C3H7,C_3H_7+,43.0526,282499.48,0.22,carbon_cluster,positive,carbon cluster C3 H0-8 | positive ion formula
POMC_pos,POMC,pos,POMC,C4H9O4,C_4H_9O_4+,121.0281,245999.04,0.4199999999999999,adduct,negative,M + 2×repeat | H shift -1 | O | ; | break 1 bond(s) + 3×repeat | H shift +1 | -H | ; | break 1 bond(s) + 3×repeat | H shift +1 | -H
POMC_pos,POMC,pos,POMC,C4H7O3,C_4H_7O_3+,103.024,225004.06,0.49,adduct,negative,M + 2×repeat | H shift -2 | -H
POMC_pos,POMC,pos,POMC,C3H3,C_3H_3+,39.0207,223259.66,0.22,carbon_cluster,positive,carbon cluster C3 H0-8 | positive ion formula
POMC_pos,POMC,pos,POMC,C5H11O4,C_5H_11O_4+,135.0404,209840.04,0.51,adduct,negative,M + 3×repeat | -H
POMC_pos,POMC,pos,POMC,C4H7O,C_4H_7O+,71.0433,203677.17,0.22,carbon_cluster,positive,carbon cluster C4 H0-10 O1 | positive ion formula
POMC_pos,POMC,pos,POMC,C3H5O,C_3H_5O+,57.0293,176968.1,0.52,neutral_loss,neutral,M + 1×repeat | H shift -1 | -H2O
POMC_pos,POMC,pos,POMC,C4H9,C_4H_9+,57.0663,168405.32,0.22,carbon_cluster,positive,carbon cluster C4 H0-10 | positive ion formula
POMC_pos,POMC,pos,POMC,CH3O2,CH_3O_2+,47.0096,164497.87,0.48,adduct,negative,break 1 bond(s) | O | ; | break 1 bond(s) | H shift -1 | OH | ; | break 1 bond(s) | O
POMC_pos,POMC,pos,POMC,C4H8O3,C_4H_8O_3+,104.0301,159977.41,0.5399999999999999,adduct,negative,M + 2×repeat | H shift -1 | -H
POMC_pos,POMC,pos,POMC,C7H13O7,C_7H_13O_7+,209.0211,158477.6,0.07,neutral_loss,neutral,M + 6×repeat | H shift -2 | -CH3 | ; | break 1 bond(s) + 6×repeat | -H2 | ; | break 1 bond(s) + 6×repeat | -H2
POMC_pos,POMC,pos,POMC,C5H11O5,C_5H_11O_5+,151.0302,151681.25,0.3399999999999999,adduct,negative,M + 3×repeat | H shift -1 | O | ; | break 1 bond(s) + 4×repeat | H shift +1 | -H | ; | break 1 bond(s) + 4×repeat | H shift +1 | -H
POMC_pos,POMC,pos,POMC,C6H13O5,C_6H_13O_5+,165.0443,145542.26,0.43,adduct,negative,M + 4×repeat | -H
POMC_pos,POMC,pos,POMC,C3H7O,C_3H_7O+,59.0445,143823.93,0.5700000000000001,neutral_loss,neutral,M + 1×repeat | -OH | ; | M + 1×repeat | H shift +1 | -H2O
POMC_pos,POMC,pos,POMC,C3H3O,C_3H_3O+,55.0142,131441.83,0.22,carbon_cluster,positive,carbon cluster C3 H0-8 O1 | positive ion formula
POMC_pos,POMC,pos,POMC,C4H9O,C_4H_9O+,73.0552,130492.24,0.22,carbon_cluster,positive,carbon cluster C4 H0-10 O1 | positive ion formula
POMC_pos,POMC,pos,POMC,C4H7O2,C_4H_7O_2+,87.0316,122114.3,0.4399999999999999,neutral_loss,neutral,M + 2×repeat | H shift -1 | -H2O
POMC_pos,POMC,pos,POMC,C3H6O2,C_3H_6O_2+,74.0251,114140.47,0.62,adduct,negative,M + 1×repeat | H shift -1 | -H
POMC_pos,POMC,pos,POMC,C8H15O8,C_8H_15O_8+,239.0234,111348.97,0.0,neutral_loss,neutral,M + 7×repeat | H shift -2 | -CH3 | ; | break 1 bond(s) + 7×repeat | -H2 | ; | break 1 bond(s) + 7×repeat | -H2
POMC_pos,POMC,pos,POMC,C4H5,C_4H_5+,53.0342,110417.62,0.22,carbon_cluster,positive,carbon cluster C4 H0-10 | positive ion formula
POMC_pos,POMC,pos,POMC,C3H6O,C_3H_6O+,58.037,108439.06,0.5700000000000001,neutral_loss,neutral,M + 1×repeat | -H2O
POMC_pos,POMC,pos,POMC,C5H9,C_5H_9+,69.0652,100130.86,0.22,carbon_cluster,positive,carbon cluster C5 H0-12 | positive ion formula
POMC_pos,POMC,pos,POMC,C5H7,C_5H_7+,67.0487,96998.45,0.22,carbon_cluster,positive,carbon cluster C5 H0-12 | positive ion formula
POMC_pos,POMC,pos,POMC,C6H11O3,C_6H_11O_3+,131.0476,94419.71,0.22,carbon_cluster,positive,carbon cluster C6 H0-14 O3 | positive ion formula
POMC_pos,POMC,pos,POMC,C6H11O5,C_6H_11O_5+,163.0296,90648.52,0.33,adduct,negative,M + 4×repeat | H shift -2 | -H
POMC_pos,POMC,pos,POMC,C5H9O4,C_5H_9O_4+,133.0255,88638.67,0.41,adduct,negative,M + 3×repeat | H shift -2 | -H
POMC_pos,POMC,pos,POMC,C3H6,C_3H_6+,42.043,87883.77,0.22,carbon_cluster,positive,carbon cluster C3 H0-8 | positive ion formula
POMC_pos,POMC,pos,POMC,C4H8,C_4H_8+,56.0562,87527.95,0.22,carbon_cluster,positive,carbon cluster C4 H0-10 | positive ion formula
POMC_pos,POMC,pos,POMC,C2H3O2,C^13CH_3O_2+,60.0152,85045.22,0.47,neutral_loss,neutral,M + 1×repeat | H shift -2 | -CH3 | ; | break 1 bond(s) + 1×repeat | -H2 | ; | break 1 bond(s) + 1×repeat | -H2
POMC_pos,POMC,pos,POMC,C7H15O6,C_7H_15O_6+,195.0481,82534.61,0.35,adduct,negative,M + 5×repeat | -H
POMC_pos,POMC,pos,POMC,C5H9O2,C_5H_9O_2+,101.0435,80834.54,0.22,carbon_cluster,positive,carbon cluster C5 H0-12 O2 | positive ion formula
POMC_pos,POMC,pos,POMC,C6H9O5,C_6H_9O_5+,161.0517,78505.59,0.0,neutral_loss,neutral,break 1 bond(s) + 5×repeat | H shift -2 | -H2O | ; | break 1 bond(s) + 5×repeat | H shift -2 | -H2O
POMC_pos,POMC,pos,POMC,C8H17O8,C_8H_17O_8+,241.0466,76833.68,0.0999999999999999,adduct,negative,M + 6×repeat | H shift -1 | O | ; | break 1 bond(s) + 7×repeat | H shift +1 | -H | ; | break 1 bond(s) + 7×repeat | H shift +1 | -H
POMC_pos,POMC,pos,POMC,C5H9O,C_5H_9O+,85.053,75044.39,0.22,carbon_cluster,positive,carbon cluster C5 H0-12 O1 | positive ion formula
POMC_pos,POMC,pos,POMC,C4H8O2,C_4H_8O_2+,88.0388,73696.3,0.49,neutral_loss,neutral,M + 2×repeat | -H2O
POMC_pos,POMC,pos,POMC,C3H6O3,C_3H_6O_3+,90.014,68783.61,0.45,adduct,negative,M + 1×repeat | H shift -2 | O | ; | break 1 bond(s) + 2×repeat | -H | ; | break 1 bond(s) + 2×repeat | -H
POMC_pos,POMC,pos,POMC,C2H5O,C^13CH_5O+,46.0334,67170.33,0.75,adduct,negative,M | -H
POMH_neg,POMH,neg,POMH,CHO2,CHO_2-,44.9992,5728322.61,0.38,adduct,negative,break 1 bond(s) | H shift -2 | O | ; | break 1 bond(s) | H shift -2 | O
POMH_neg,POMH,neg,POMH,C2HO,C_2HO-,41.0046,1561653.99,0.32,neutral_loss,neutral,break 1 bond(s) + 1×repeat | H shift -2 | -H2O | ; | break 1 bond(s) + 1×repeat | H shift -2 | -H2O
POMH_neg,POMH,neg,POMH,C2H3O3,C_2H_3O_3-,75.0098,1095531.01,0.3,adduct,negative,break 1 bond(s) + 1×repeat | H shift -2 | O | ; | break 1 bond(s) + 1×repeat | H shift -2 | O
POMH_neg,POMH,neg,POMH,C2H3O2,C_2H_3O_2-,59.0146,930799.5,0.47,neutral_loss,neutral,M + 1×repeat | H shift -2 | -CH3 | ; | break 1 bond(s) + 1×repeat | -H2 | ; | break 1 bond(s) + 1×repeat | -H2
POMH_neg,POMH,neg,POMH,C2H5O2,C_2H_5O_2-,61.0296,751641.94,0.58,adduct,negative,M | H shift -1 | O | ; | break 1 bond(s) + 1×repeat | H shift +1 | -H | ; | break 1 bond(s) + 1×repeat | H shift +1 | -H
POMH_neg,POMH,neg,POMH,C2H3O,C_2H_3O-,43.0196,651632.99,0.65,adduct,negative,M | H shift -2 | -H
POMH_neg,POMH,neg,POMH,C2H2O2,C_2H_2O_2-,58.0066,509187.39,0.42,adduct,negative,break 1 bond(s) + 1×repeat | H shift -2 | -H | ; | break 1 bond(s) + 1×repeat | H shift -2 | -H
POMH_neg,POMH,neg,POMH,CH3O2,CH_3O_2-,47.0127,462372.6,0.48,adduct,negative,break 1 bond(s) | O | ; | break 1 bond(s) | H shift -1 | OH | ; | break 1 bond(s) | O
POMH_neg,POMH,neg,POMH,C3H7O3,C_3H_7O_3-,91.0395,442273.7,0.4999999999999999,adduct,negative,M + 1×repeat | H shift -1 | O | ; | break 1 bond(s) + 2×repeat | H shift +1 | -H | ; | break 1 bond(s) + 2×repeat | H shift +1 | -H
POMH_neg,POMH,neg,POMH,C3H5O4,C_3H_5O_4-,105.0191,338279.16,0.22,adduct,negative,break 1 bond(s) + 2×repeat | H shift -2 | O | ; | break 1 bond(s) + 2×repeat | H shift -2 | O
POMH_neg,POMH,neg,POMH,C3H3O2,C_3H_3O_2-,71.0139,322230.56,0.24,neutral_loss,neutral,break 1 bond(s) + 2×repeat | H shift -2 | -H2O | ; | break 1 bond(s) + 2×repeat | H shift -2 | -H2O
POMH_neg,POMH,neg,POMH,CH2O2,CH_2O_2-,46.0006,310501.62,0.4299999999999999,adduct,negative,break 1 bond(s) | H shift -1 | O | ; | break 1 bond(s) | H shift -2 | OH | ; | break 1 bond(s) | H shift -1 | O
POMH_neg,POMH,neg,POMH,C2H5O3,C_2H_5O_3-,77.0236,289630.37,0.3999999999999999,adduct,negative,break 1 bond(s) + 1×repeat | O | ; | break 1 bond(s) + 1×repeat | H shift -1 | OH | ; | break 1 bond(s) + 1×repeat | O
POMH_neg,POMH,neg,POMH,C2H2O,C_2H_2O-,42.0008,260875.78,0.55,neutral_loss,neutral,M | H shift -2 | -H2 | ; | break 1 bond(s) + 1×repeat | H shift -2 | -OH | ; | break 1 bond(s) + 1×repeat | H shift -1 | -H2O
POMH_neg,POMH,neg,POMH,C4H9O4,C_4H_9O_4-,121.0492,203879.68,0.4199999999999999,adduct,negative,M + 2×repeat | H shift -1 | O | ; | break 1 bond(s) + 3×repeat | H shift +1 | -H | ; | break 1 bond(s) + 3×repeat | H shift +1 | -H
POMH_neg,POMH,neg,POMH,C3HO2,C_3HO_2-,68.9978,201255.38,0.22,carbon_cluster,positive,carbon cluster C3 H0-8 O2 | positive ion formula
POMH_neg,POMH,neg,POMH,C3H7O4,C_3H_7O_4-,107.0346,171833.73,0.3199999999999999,adduct,negative,break 1 bond(s) + 2×repeat | O | ; | break 1 bond(s) + 2×repeat | H shift -1 | OH | ; | break 1 bond(s) + 2×repeat | O
POMH_neg,POMH,neg,POMH,C4H7O5,C_4H_7O_5-,135.0285,158772.76,0.14,adduct,negative,break 1 bond(s) + 3×repeat | H shift -2 | O | ; | break 1 bond(s) + 3×repeat | H shift -2 | O
POMH_neg,POMH,neg,POMH,C4H,C_4H-,49.0072,157196.81,0.22,carbon_cluster,positive,carbon cluster C4 H0-10 | positive ion formula
POMH_neg,POMH,neg,POMH,C3H5O3,C_3H_5O_3-,89.0247,155732.94,0.39,neutral_loss,neutral,M + 2×repeat | H shift -2 | -CH3 | ; | break 1 bond(s) + 2×repeat | -H2 | ; | break 1 bond(s) + 2×repeat | -H2
POMH_neg,POMH,neg,POMH,C5H11O5,C_5H_11O_5-,151.0589,120909.41,0.3399999999999999,adduct,negative,M + 3×repeat | H shift -1 | O | ; | break 1 bond(s) + 4×repeat | H shift +1 | -H | ; | break 1 bond(s) + 4×repeat | H shift +1 | -H
POMH_neg,POMH,neg,POMH,C3H6O3,C_3H_6O_3-,90.0313,112396.48,0.45,adduct,negative,M + 1×repeat | H shift -2 | O | ; | break 1 bond(s) + 2×repeat | -H | ; | break 1 bond(s) + 2×repeat | -H
POMH_neg,POMH,neg,POMH,C3HO,C_3HO-,53.0024,108810.61,0.22,carbon_cluster,positive,carbon cluster C3 H0-8 O1 | positive ion formula
POMH_neg,POMH,neg,POMH,C3H5O2,C_3H_5O_2-,73.0292,102024.82,0.5700000000000001,adduct,negative,M + 1×repeat | H shift -2 | -H
POMH_neg,POMH,neg,POMH,C3H3O3,C_3H_3O_3-,87.0097,98520.96,0.24,neutral_loss,neutral,break 1 bond(s) + 2×repeat | H shift -2 | -H2 | ; | break 1 bond(s) + 2×repeat | H shift -2 | -H2
POMH_neg,POMH,neg,POMH,C5H9O6,C_5H_9O_6-,165.0381,90680.27,0.06,adduct,negative,break 1 bond(s) + 4×repeat | H shift -2 | O | ; | break 1 bond(s) + 4×repeat | H shift -2 | O
POMH_neg,POMH,neg,POMH,C6H11O7,C_6H_11O_7-,195.0481,80985.76,0.0,adduct,negative,break 1 bond(s) + 5×repeat | H shift -2 | O | ; | break 1 bond(s) + 5×repeat | H shift -2 | O
POMH_neg,POMH,neg,POMH,C3H,C_3H-,37.0081,80533.78,0.22,carbon_cluster,positive,carbon cluster C3 H0-8 | positive ion formula
POMH_neg,POMH,neg,POMH,C4H9O5,C_4H_9O_5-,137.0436,79149.44,0.24,adduct,negative,break 1 bond(s) + 3×repeat | O | ; | break 1 bond(s) + 3×repeat | H shift -1 | OH | ; | break 1 bond(s) + 3×repeat | O
POMH_neg,POMH,neg,POMH,C6H13O6,C_6H_13O_6-,181.0686,73752.57,0.2599999999999999,adduct,negative,M + 4×repeat | H shift -1 | O | ; | break 1 bond(s) + 5×repeat | H shift +1 | -H | ; | break 1 bond(s) + 5×repeat | H shift +1 | -H
POMH_neg,POMH,neg,POMH,C4H7O4,C_4H_7O_4-,119.0343,73266.59,0.31,neutral_loss,neutral,M + 3×repeat | H shift -2 | -CH3 | ; | break 1 bond(s) + 3×repeat | -H2 | ; | break 1 bond(s) + 3×repeat | -H2
POMH_neg,POMH,neg,POMH,C4HO,C_4HO-,65.0024,70642.37,0.22,carbon_cluster,positive,carbon cluster C4 H0-10 O1 | positive ion formula
POMH_neg,POMH,neg,POMH,C3,C_3-,36.0002,63423.65,0.22,carbon_cluster,positive,carbon cluster C3 H0-8 | positive ion formula
POMH_neg,POMH,neg,POMH,C3H2,C_3H_2-,38.0159,63163.46,0.22,carbon_cluster,positive,carbon cluster C3 H0-8 | positive ion formula
POMH_neg,POMH,neg,POMH,C3H7O2,C_3H_7O_2-,75.0435,57820.54,0.67,adduct,negative,M + 1×repeat | -H
POMH_neg,POMH,neg,POMH,C2H4O3,C_2H_4O_3-,76.0137,53012.62,0.3499999999999999,adduct,negative,break 1 bond(s) + 1×repeat | H shift -1 | O | ; | break 1 bond(s) + 1×repeat | H shift -2 | OH | ; | break 1 bond(s) + 1×repeat | H shift -1 | O
POMH_neg,POMH,neg,POMH,C4H8O4,C_4H_8O_4-,120.0409,52849.97,0.37,adduct,negative,M + 2×repeat | H shift -2 | O | ; | break 1 bond(s) + 3×repeat | -H | ; | break 1 bond(s) + 3×repeat | -H
POMH_neg,POMH,neg,POMH,C2HO2,C_2HO_2-,56.9975,51053.25,0.32,neutral_loss,neutral,break 1 bond(s) + 1×repeat | H shift -2 | -H2 | ; | break 1 bond(s) + 1×repeat | H shift -2 | -H2
POMH_neg,POMH,neg,POMH,C7H15O7,C_7H_15O_7-,211.0779,50181.62,0.1799999999999999,adduct,negative,M + 5×repeat | H shift -1 | O | ; | break 1 bond(s) + 6×repeat | H shift +1 | -H | ; | break 1 bond(s) + 6×repeat | H shift +1 | -H
POMH_neg,POMH,neg,POMH,C7H13O8,C_7H_13O_8-,225.0587,49940.04,0.0,adduct,negative,break 1 bond(s) + 6×repeat | H shift -2 | O | ; | break 1 bond(s) + 6×repeat | H shift -2 | O
POMH_neg,POMH,neg,POMH,C3H3O,C_3H_3O-,55.0184,49121.79,0.22,carbon_cluster,positive,carbon cluster C3 H0-8 O1 | positive ion formula
POMH_neg,POMH,neg,POMH,C4H3O,C_4H_3O-,67.0183,45008.46,0.22,carbon_cluster,positive,carbon cluster C4 H0-10 O1 | positive ion formula
POMH_neg,POMH,neg,POMH,C4H9O3,C_4H_9O_3-,105.0535,41664.19,0.59,adduct,negative,M + 2×repeat | -H
POMH_neg,POMH,neg,POMH,C8H15O9,C_8H_15O_9-,255.0699,41110.19,0.0,adduct,negative,break 1 bond(s) + 7×repeat | H shift -2 | O | ; | break 1 bond(s) + 7×repeat | H shift -2 | O
POMH_neg,POMH,neg,POMH,C5H9O5,C_5H_9O_5-,149.0442,40619.55,0.23,neutral_loss,neutral,M + 4×repeat | H shift -2 | -CH3 | ; | break 1 bond(s) + 4×repeat | -H2 | ; | break 1 bond(s) + 4×repeat | -H2
POMH_neg,POMH,neg,POMH,C5H11O6,C_5H_11O_6-,167.0534,38732.6,0.1599999999999999,adduct,negative,break 1 bond(s) + 4×repeat | O | ; | break 1 bond(s) + 4×repeat | H shift -1 | OH | ; | break 1 bond(s) + 4×repeat | O
POMH_neg,POMH,neg,POMH,C8H17O8,C_8H_17O_8-,241.088,36965.28,0.0999999999999999,adduct,negative,M + 6×repeat | H shift -1 | O | ; | break 1 bond(s) + 7×repeat | H shift +1 | -H | ; | break 1 bond(s) + 7×repeat | H shift +1 | -H
POMH_pos,POMH,pos,POMH,C2H5O,C_2H_5O+,45.0342,2903316.11,0.75,adduct,negative,M | -H
POMH_pos,POMH,pos,POMH,C2H5O2,C_2H_5O_2+,61.028,2672035.71,0.58,adduct,negative,M | H shift -1 | O | ; | break 1 bond(s) + 1×repeat | H shift +1 | -H | ; | break 1 bond(s) + 1×repeat | H shift +1 | -H
POMH_pos,POMH,pos,POMH,C2H4O,C_2H_4O+,44.0266,2592918.67,0.7,adduct,negative,M | H shift -1 | -H
POMH_pos,POMH,pos,POMH,C3H5O3,C_3H_5O_3+,89.0197,1854282.79,0.39,neutral_loss,neutral,M + 2×repeat | H shift -2 | -CH3 | ; | break 1 bond(s) + 2×repeat | -H2 | ; | break 1 bond(s) + 2×repeat | -H2
POMH_pos,POMH,pos,POMH,C3H5O2,C_3H_5O_2+,73.0269,1851281.0,0.5700000000000001,adduct,negative,M + 1×repeat | H shift -2 | -H
POMH_pos,POMH,pos,POMH,C3H7O2,C_3H_7O_2+,75.0398,961400.25,0.67,adduct,negative,M + 1×repeat | -H
POMH_pos,POMH,pos,POMH,C4H9O3,C_4H_9O_3+,105.0468,659599.95,0.59,adduct,negative,M + 2×repeat | -H
POMH_pos,POMH,pos,POMH,C4H7O4,C_4H_7O_4+,119.0233,600645.42,0.31,neutral_loss,neutral,M + 3×repeat | H shift -2 | -CH3 | ; | break 1 bond(s) + 3×repeat | -H2 | ; | break 1 bond(s) + 3×repeat | -H2
POMH_pos,POMH,pos,POMH,C2H3O,C_2H_3O+,43.0165,600248.17,0.65,adduct,negative,M | H shift -2 | -H
POMH_pos,POMH,pos,POMH,C3H7O3,C_3H_7O_3+,91.0323,591621.0,0.4999999999999999,adduct,negative,M + 1×repeat | H shift -1 | O | ; | break 1 bond(s) + 2×repeat | H shift +1 | -H | ; | break 1 bond(s) + 2×repeat | H shift +1 | -H
POMH_pos,POMH,pos,POMH,C5H9O5,C_5H_9O_5+,149.0294,461331.07,0.23,neutral_loss,neutral,M + 4×repeat | H shift -2 | -CH3 | ; | break 1 bond(s) + 4×repeat | -H2 | ; | break 1 bond(s) + 4×repeat | -H2
POMH_pos,POMH,pos,POMH,C4H7O3,C_4H_7O_3+,103.03,422296.33,0.49,adduct,negative,M + 2×repeat | H shift -2 | -H
POMH_pos,POMH,pos,POMH,C6H11O6,C_6H_11O_6+,179.0353,421160.44,0.15,neutral_loss,neutral,M + 5×repeat | H shift -2 | -CH3 | ; | break 1 bond(s) + 5×repeat | -H2 | ; | break 1 bond(s) + 5×repeat | -H2
POMH_pos,POMH,pos,POMH,C4H9O4,C_4H_9O_4+,121.0382,406077.21,0.4199999999999999,adduct,negative,M + 2×repeat | H shift -1 | O | ; | break 1 bond(s) + 3×repeat | H shift +1 | -H | ; | break 1 bond(s) + 3×repeat | H shift +1 | -H
POMH_pos,POMH,pos,POMH,C3H5,C_3H_5+,41.0373,375292.73,0.22,carbon_cluster,positive,carbon cluster C3 H0-8 | positive ion formula
POMH_pos,POMH,pos,POMH,C5H11O4,C_5H_11O_4+,135.0515,332843.74,0.51,adduct,negative,M + 3×repeat | -H
POMH_pos,POMH,pos,POMH,C4H8O3,C_4H_8O_3+,104.0372,316291.57,0.5399999999999999,adduct,negative,M + 2×repeat | H shift -1 | -H
POMH_pos,POMH,pos,POMH,CH3O2,CH_3O_2+,47.0098,312877.21,0.48,adduct,negative,break 1 bond(s) | O | ; | break 1 bond(s) | H shift -1 | OH | ; | break 1 bond(s) | O
POMH_pos,POMH,pos,POMH,C5H11O5,C_5H_11O_5+,151.0438,260993.32,0.3399999999999999,adduct,negative,M + 3×repeat | H shift -1 | O | ; | break 1 bond(s) + 4×repeat | H shift +1 | -H | ; | break 1 bond(s) + 4×repeat | H shift +1 | -H
POMH_pos,POMH,pos,POMH,C4H7,C_4H_7+,55.0518,258098.25,0.22,carbon_cluster,positive,carbon cluster C4 H0-10 | positive ion formula
POMH_pos,POMH,pos,POMH,C3H7,C_3H_7+,43.0532,257623.01,0.22,carbon_cluster,positive,carbon cluster C3 H0-8 | positive ion formula
POMH_pos,POMH,pos,POMH,C6H13O5,C_6H_13O_5+,165.0572,230180.44,0.43,adduct,negative,M + 4×repeat | -H
POMH_pos,POMH,pos,POMH,C3H5O,C_3H_5O+,57.03,216962.22,0.52,neutral_loss,neutral,M + 1×repeat | H shift -1 | -H2O
POMH_pos,POMH,pos,POMH,C3H6O2,C_3H_6O_2+,74.0294,206320.51,0.62,adduct,negative,M + 1×repeat | H shift -1 | -H
POMH_pos,POMH,pos,POMH,C3H3,C_3H_3+,39.0209,193894.53,0.22,carbon_cluster,positive,carbon cluster C3 H0-8 | positive ion formula
POMH_pos,POMH,pos,POMH,C3H7O,C_3H_7O+,59.0453,186318.5,0.5700000000000001,neutral_loss,neutral,M + 1×repeat | -OH | ; | M + 1×repeat | H shift +1 | -H2O
POMH_pos,POMH,pos,POMH,C3H6O,C_3H_6O+,58.0383,175726.41,0.5700000000000001,neutral_loss,neutral,M + 1×repeat | -H2O
POMH_pos,POMH,pos,POMH,C4H7O2,C_4H_7O_2+,87.0368,155947.22,0.4399999999999999,neutral_loss,neutral,M + 2×repeat | H shift -1 | -H2O
POMH_pos,POMH,pos,POMH,C6H11O7,C_6H_11O_7+,195.0629,144226.15,0.0,adduct,negative,break 1 bond(s) + 5×repeat | H shift -2 | O | ; | break 1 bond(s) + 5×repeat | H shift -2 | O
POMH_pos,POMH,pos,POMH,C6H11O5,C_6H_11O_5+,163.0418,144053.03,0.33,adduct,negative,M + 4×repeat | H shift -2 | -H
POMH_pos,POMH,pos,POMH,C3H3O,C_3H_3O+,55.0143,144034.79,0.22,carbon_cluster,positive,carbon cluster C3 H0-8 O1 | positive ion formula
POMH_pos,POMH,pos,POMH,C5H9O4,C_5H_9O_4+,133.0347,132328.95,0.41,adduct,negative,M + 3×repeat | H shift -2 | -H
POMH_pos,POMH,pos,POMH,C4H8O2,C_4H_8O_2+,88.0446,122425.88,0.49,neutral_loss,neutral,M + 2×repeat | -H2O
POMH_pos,POMH,pos,POMH,C4H9,C_4H_9+,57.0677,117191.74,0.22,carbon_cluster,positive,carbon cluster C4 H0-10 | positive ion formula
POMH_pos,POMH,pos,POMH,C5H10O4,C_5H_10O_4+,134.0436,116264.08,0.4599999999999999,adduct,negative,M + 3×repeat | H shift -1 | -H
POMH_pos,POMH,pos,POMH,C3H6O3,C_3H_6O_3+,90.0197,115994.46,0.45,adduct,negative,M + 1×repeat | H shift -2 | O | ; | break 1 bond(s) + 2×repeat | -H | ; | break 1 bond(s) + 2×repeat | -H
POMH_pos,POMH,pos,POMH,C7H15O7,C_7H_15O_7+,211.0559,104850.99,0.1799999999999999,adduct,negative,M + 5×repeat | H shift -1 | O | ; | break 1 bond(s) + 6×repeat | H shift +1 | -H | ; | break 1 bond(s) + 6×repeat | H shift +1 | -H
POMH_pos,POMH,pos,POMH,C2H5O,C^13CH_5O+,46.0335,104816.38,0.75,adduct,negative,M | -H
POMH_pos,POMH,pos,POMH,C2H5O3,C_2H_5O_3+,77.0162,100817.65,0.3999999999999999,adduct,negative,break 1 bond(s) + 1×repeat | O | ; | break 1 bond(s) + 1×repeat | H shift -1 | OH | ; | break 1 bond(s) + 1×repeat | O
POMH_pos,POMH,pos,POMH,C6H12O5,C_6H_12O_5+,164.05,92964.27,0.3799999999999999,adduct,negative,M + 4×repeat | H shift -1 | -H
POMH_pos,POMH,pos,POMH,C7H13O8,C_7H_13O_8+,225.0688,92623.98,0.0,adduct,negative,break 1 bond(s) + 6×repeat | H shift -2 | O | ; | break 1 bond(s) + 6×repeat | H shift -2 | O
POMH_pos,POMH,pos,POMH,C2H2O,C_2H_2O+,42.0074,89817.53,0.55,neutral_loss,neutral,M | H shift -2 | -H2 | ; | break 1 bond(s) + 1×repeat | H shift -2 | -OH | ; | break 1 bond(s) + 1×repeat | H shift -1 | -H2O
POMH_pos,POMH,pos,POMH,C5H9,C_5H_9+,69.0663,89660.54,0.22,carbon_cluster,positive,carbon cluster C5 H0-12 | positive ion formula
POMH_pos,POMH,pos,POMH,C2H5O2,C^13CH_5O_2+,62.0264,79682.61,0.58,adduct,negative,M | H shift -1 | O | ; | break 1 bond(s) + 1×repeat | H shift +1 | -H | ; | break 1 bond(s) + 1×repeat | H shift +1 | -H
POMH_pos,POMH,pos,POMH,C8H15O9,C_8H_15O_9+,255.076,78459.33,0.0,adduct,negative,break 1 bond(s) + 7×repeat | H shift -2 | O | ; | break 1 bond(s) + 7×repeat | H shift -2 | O
POMH_pos,POMH,pos,POMH,C5H7,C_5H_7+,67.0493,73884.58,0.22,carbon_cluster,positive,carbon cluster C5 H0-12 | positive ion formula
