formula,counts,exact_mass,ion_mode,charge,source_compound_id,source_name,generation_type,path,broken_bonds,h_shift,adduct,neutral_losses,fragment_atom_indices,score
C6H10O2,"{'C': 6, 'H': 10, 'O': 2}",114.06807956144,neutral,0,EVA,Ethylene-Vinyl Acetate,parent,M,0,0,,,,1.0
C6H11O2,"{'C': 6, 'H': 11, 'O': 2}",115.07590459367,positive,1,EVA,Ethylene-Vinyl Acetate,adduct,M | H,0,0,H,,,0.75
C6H9O2,"{'C': 6, 'H': 9, 'O': 2}",113.06025452921,negative,-1,EVA,Ethylene-Vinyl Acetate,adduct,M | -H,0,0,-H,,,0.75
C6H10O2,"{'C': 6, 'H': 10, 'O': 2}",114.06807956144,positive,1,EVA,Ethylene-Vinyl Acetate,adduct,M | H shift -1 | H,0,-1,H,,,0.7
C6H10O2,"{'C': 6, 'H': 10, 'O': 2}",114.06807956144,negative,-1,EVA,Ethylene-Vinyl Acetate,adduct,M | H shift +1 | -H,0,1,-H,,,0.7
C6H11O2,"{'C': 6, 'H': 11, 'O': 2}",115.07590459367,neutral,0,EVA,Ethylene-Vinyl Acetate,h_shift,M | H shift +1,0,1,,,,0.7
C6H12O2,"{'C': 6, 'H': 12, 'O': 2}",116.0837296259,positive,1,EVA,Ethylene-Vinyl Acetate,adduct,M | H shift +1 | H,0,1,H,,,0.7
C6H8O2,"{'C': 6, 'H': 8, 'O': 2}",112.05242949698,negative,-1,EVA,Ethylene-Vinyl Acetate,adduct,M | H shift -1 | -H,0,-1,-H,,,0.7
C6H9O2,"{'C': 6, 'H': 9, 'O': 2}",113.06025452921,neutral,0,EVA,Ethylene-Vinyl Acetate,h_shift,M | H shift -1,0,-1,,,,0.7
C5H10,"{'C': 5, 'H': 10}",70.0782503223,neutral,0,EVA,Ethylene-Vinyl Acetate,neutral_loss,M | -CO2,0,0,,CO2,,0.65
C5H10O,"{'C': 5, 'H': 10, 'O': 1}",86.07316494187,neutral,0,EVA,Ethylene-Vinyl Acetate,neutral_loss,M | -CO | ; | break 1 bond(s) | H shift +2 | -OH | ; | break 1 bond(s) | H shift +2 | -OH,0,0,,CO,,0.65
C5H7O2,"{'C': 5, 'H': 7, 'O': 2}",99.04460446475,neutral,0,EVA,Ethylene-Vinyl Acetate,neutral_loss,M | -CH3 | ; | break 1 bond(s) | -H2 | ; | break 1 bond(s) | -H2 | ; | break 1 bond(s) | -H2,0,0,,CH3,,0.65
C6H11O2,"{'C': 6, 'H': 11, 'O': 2}",115.07590459367,negative,-1,EVA,Ethylene-Vinyl Acetate,adduct,M | H shift +2 | -H,0,2,-H,,,0.65
C6H12O2,"{'C': 6, 'H': 12, 'O': 2}",116.0837296259,neutral,0,EVA,Ethylene-Vinyl Acetate,h_shift,M | H shift +2,0,2,,,,0.65
C6H13O2,"{'C': 6, 'H': 13, 'O': 2}",117.09155465813001,positive,1,EVA,Ethylene-Vinyl Acetate,adduct,M | H shift +2 | H,0,2,H,,,0.65
C6H7O2,"{'C': 6, 'H': 7, 'O': 2}",111.04460446475,negative,-1,EVA,Ethylene-Vinyl Acetate,adduct,M | H shift -2 | -H,0,-2,-H,,,0.65
C6H8O,"{'C': 6, 'H': 8, 'O': 1}",96.05751487741,neutral,0,EVA,Ethylene-Vinyl Acetate,neutral_loss,M | -H2O,0,0,,H2O,,0.65
C6H8O2,"{'C': 6, 'H': 8, 'O': 2}",112.05242949698,neutral,0,EVA,Ethylene-Vinyl Acetate,h_shift,M | H shift -2,0,-2,,,,0.65
C6H8O2,"{'C': 6, 'H': 8, 'O': 2}",112.05242949698,neutral,0,EVA,Ethylene-Vinyl Acetate,neutral_loss,M | -H2,0,0,,H2,,0.65
C6H9O,"{'C': 6, 'H': 9, 'O': 1}",97.06533990964,neutral,0,EVA,Ethylene-Vinyl Acetate,neutral_loss,M | -OH | ; | M | H shift +1 | -H2O,0,0,,OH,,0.65
C6H9O2,"{'C': 6, 'H': 9, 'O': 2}",113.06025452921,positive,1,EVA,Ethylene-Vinyl Acetate,adduct,M | H shift -2 | H,0,-2,H,,,0.65
C6H10ClO2,"{'C': 6, 'H': 10, 'O': 2, 'Cl': 1}",149.03693224344,negative,-1,EVA,Ethylene-Vinyl Acetate,adduct,M | Cl,0,0,Cl,,,0.63
C6H10KO2,"{'C': 6, 'H': 10, 'O': 2, 'K': 1}",153.03178604784,positive,1,EVA,Ethylene-Vinyl Acetate,adduct,M | K,0,0,K,,,0.63
C6H10NaO2,"{'C': 6, 'H': 10, 'O': 2, 'Na': 1}",137.05784884344,positive,1,EVA,Ethylene-Vinyl Acetate,adduct,M | Na,0,0,Na,,,0.63
C6H10O3,"{'C': 6, 'H': 10, 'O': 3}",130.06299418101,negative,-1,EVA,Ethylene-Vinyl Acetate,adduct,M | O,0,0,O,,,0.63
C6H11O3,"{'C': 6, 'H': 11, 'O': 3}",131.07081921324001,negative,-1,EVA,Ethylene-Vinyl Acetate,adduct,M | OH | ; | M | H shift +1 | O,0,0,OH,,,0.63
C2H2O,"{'C': 2, 'O': 1, 'H': 2}",42.01056468403,negative,-1,EVA,Ethylene-Vinyl Acetate,adduct,break 1 bond(s) | -H | ; | break 2 bond(s) | -H | ; | break 2 bond(s) | H shift -2 | O,1,0,-H,,"[4, 5, 6, 14, 15, 16]",0.6
C2H2O2,"{'O': 2, 'C': 2, 'H': 2}",58.0054793036,negative,-1,EVA,Ethylene-Vinyl Acetate,adduct,break 1 bond(s) | -H | ; | break 1 bond(s) | H shift -2 | OH | ; | break 1 bond(s) | H shift -1 | O,1,0,-H,,"[3, 4, 5, 6, 14, 15, 16]",0.6
C2H3O,"{'C': 2, 'O': 1, 'H': 3}",43.01838971626,neutral,0,EVA,Ethylene-Vinyl Acetate,fragment,break 1 bond(s) | ; | break 2 bond(s) | ; | break 2 bond(s) | ; | break 2 bond(s) | ; | break 2 bond(s),1,0,,,"[4, 5, 6, 14, 15, 16]",0.6
C2H3O2,"{'O': 2, 'C': 2, 'H': 3}",59.01330433583,neutral,0,EVA,Ethylene-Vinyl Acetate,fragment,break 1 bond(s) | ; | break 2 bond(s) | ; | break 2 bond(s) | ; | break 2 bond(s),1,0,,,"[3, 4, 5, 6, 14, 15, 16]",0.6
C2H4,"{'C': 2, 'H': 4}",28.03130012892,negative,-1,EVA,Ethylene-Vinyl Acetate,adduct,break 1 bond(s) | -H | ; | break 2 bond(s) | -H | ; | break 2 bond(s) | H shift +1 | -H,1,0,-H,,"[0, 1, 8, 9, 10, 11, 12]",0.6
C2H4O,"{'C': 2, 'O': 1, 'H': 4}",44.02621474849,positive,1,EVA,Ethylene-Vinyl Acetate,adduct,break 1 bond(s) | H | ; | break 2 bond(s) | H | ; | break 2 bond(s) | H shift -1 | H,1,0,H,,"[4, 5, 6, 14, 15, 16]",0.6
C2H4O2,"{'O': 2, 'C': 2, 'H': 4}",60.02112936806,positive,1,EVA,Ethylene-Vinyl Acetate,adduct,break 1 bond(s) | H | ; | break 2 bond(s) | H | ; | break 2 bond(s) | H | ; | break 2 bond(s) | H,1,0,H,,"[3, 4, 5, 6, 14, 15, 16]",0.6
C2H5,"{'C': 2, 'H': 5}",29.03912516115,neutral,0,EVA,Ethylene-Vinyl Acetate,fragment,break 1 bond(s) | ; | break 2 bond(s) | ; | break 2 bond(s) | ; | break 2 bond(s) | ; | break 2 bond(s),1,0,,,"[0, 1, 8, 9, 10, 11, 12]",0.6
C2H6,"{'C': 2, 'H': 6}",30.04695019338,positive,1,EVA,Ethylene-Vinyl Acetate,adduct,break 1 bond(s) | H | ; | break 2 bond(s) | H | ; | break 2 bond(s) | H shift +1 | H,1,0,H,,"[0, 1, 8, 9, 10, 11, 12]",0.6
C4H10,"{'C': 4, 'H': 10}",58.0782503223,positive,1,EVA,Ethylene-Vinyl Acetate,adduct,break 1 bond(s) | H | ; | break 2 bond(s) | H | ; | break 2 bond(s) | H,1,0,H,,"[0, 1, 2, 7, 8, 9, 10, 11, 12, 13, 17, 18, 19]",0.6
C4H10O,"{'C': 4, 'O': 1, 'H': 10}",74.07316494187,positive,1,EVA,Ethylene-Vinyl Acetate,adduct,break 1 bond(s) | H | ; | break 2 bond(s) | H,1,0,H,,"[0, 1, 2, 3, 7, 8, 9, 10, 11, 12, 13, 17, 18, 19]",0.6
C4H6O2,"{'C': 4, 'O': 2, 'H': 6}",86.03677943252,negative,-1,EVA,Ethylene-Vinyl Acetate,adduct,break 1 bond(s) | -H | ; | break 2 bond(s) | -H | ; | break 2 bond(s) | H shift +1 | -H,1,0,-H,,"[2, 3, 4, 5, 6, 7, 13, 14, 15, 16, 17, 18, 19]",0.6
C4H7O2,"{'C': 4, 'O': 2, 'H': 7}",87.04460446475,neutral,0,EVA,Ethylene-Vinyl Acetate,fragment,break 1 bond(s) | ; | break 2 bond(s),1,0,,,"[2, 3, 4, 5, 6, 7, 13, 14, 15, 16, 17, 18, 19]",0.6
C4H8,"{'C': 4, 'H': 8}",56.06260025784,negative,-1,EVA,Ethylene-Vinyl Acetate,adduct,break 1 bond(s) | -H | ; | break 2 bond(s) | -H | ; | break 2 bond(s) | -H,1,0,-H,,"[0, 1, 2, 7, 8, 9, 10, 11, 12, 13, 17, 18, 19]",0.6
C4H8O,"{'C': 4, 'O': 1, 'H': 8}",72.05751487741,negative,-1,EVA,Ethylene-Vinyl Acetate,adduct,break 1 bond(s) | -H | ; | break 2 bond(s) | H shift -2 | OH | ; | break 2 bond(s) | H shift -1 | O,1,0,-H,,"[0, 1, 2, 3, 7, 8, 9, 10, 11, 12, 13, 17, 18, 19]",0.6
C4H8O2,"{'C': 4, 'O': 2, 'H': 8}",88.05242949698,positive,1,EVA,Ethylene-Vinyl Acetate,adduct,break 1 bond(s) | H | ; | break 2 bond(s) | H | ; | break 2 bond(s) | H shift +1 | H,1,0,H,,"[2, 3, 4, 5, 6, 7, 13, 14, 15, 16, 17, 18, 19]",0.6
C4H9,"{'C': 4, 'H': 9}",57.07042529007,neutral,0,EVA,Ethylene-Vinyl Acetate,fragment,break 1 bond(s) | ; | break 2 bond(s) | ; | break 2 bond(s),1,0,,,"[0, 1, 2, 7, 8, 9, 10, 11, 12, 13, 17, 18, 19]",0.6
C4H9O,"{'C': 4, 'O': 1, 'H': 9}",73.06533990964,neutral,0,EVA,Ethylene-Vinyl Acetate,fragment,break 1 bond(s) | ; | break 2 bond(s),1,0,,,"[0, 1, 2, 3, 7, 8, 9, 10, 11, 12, 13, 17, 18, 19]",0.6
C5H10O2,"{'C': 5, 'O': 2, 'H': 10}",102.06807956144,positive,1,EVA,Ethylene-Vinyl Acetate,adduct,break 1 bond(s) | H | ; | break 1 bond(s) | H | ; | break 1 bond(s) | H,1,0,H,,"[1, 2, 3, 4, 5, 6, 7, 11, 12, 13, 14, 15, 16, 17, 18, 19]",0.6
C5H11,"{'C': 5, 'H': 11}",71.08607535453,neutral,0,EVA,Ethylene-Vinyl Acetate,neutral_loss,M | H shift +1 | -CO2,0,1,,CO2,,0.6
C5H11O,"{'C': 5, 'H': 11, 'O': 1}",87.08098997409999,neutral,0,EVA,Ethylene-Vinyl Acetate,neutral_loss,M | H shift +1 | -CO,0,1,,CO,,0.6
C5H6O2,"{'C': 5, 'H': 6, 'O': 2}",98.03677943252,neutral,0,EVA,Ethylene-Vinyl Acetate,neutral_loss,M | H shift -1 | -CH3 | ; | break 1 bond(s) | H shift -1 | -H2 | ; | break 1 bond(s) | H shift -1 | -H2,0,-1,,CH3,,0.6
C5H8O2,"{'C': 5, 'H': 8, 'O': 2}",100.05242949698,neutral,0,EVA,Ethylene-Vinyl Acetate,neutral_loss,M | H shift +1 | -CH3 | ; | break 1 bond(s) | H shift +1 | -H2 | ; | break 1 bond(s) | H shift +1 | -H2,0,1,,CH3,,0.6
C5H8O2,"{'C': 5, 'O': 2, 'H': 8}",100.05242949698,negative,-1,EVA,Ethylene-Vinyl Acetate,adduct,break 1 bond(s) | -H | ; | break 1 bond(s) | -H | ; | break 1 bond(s) | -H,1,0,-H,,"[1, 2, 3, 4, 5, 6, 7, 11, 12, 13, 14, 15, 16, 17, 18, 19]",0.6
C5H9,"{'C': 5, 'H': 9}",69.07042529007,neutral,0,EVA,Ethylene-Vinyl Acetate,neutral_loss,M | H shift -1 | -CO2,0,-1,,CO2,,0.6
C5H9O,"{'C': 5, 'H': 9, 'O': 1}",85.06533990964,neutral,0,EVA,Ethylene-Vinyl Acetate,neutral_loss,M | H shift -1 | -CO | ; | break 1 bond(s) | H shift +1 | -OH | ; | break 1 bond(s) | H shift +2 | -H2O,0,-1,,CO,,0.6
C5H9O2,"{'C': 5, 'O': 2, 'H': 9}",101.06025452921,neutral,0,EVA,Ethylene-Vinyl Acetate,fragment,break 1 bond(s) | ; | break 1 bond(s) | ; | break 1 bond(s),1,0,,,"[1, 2, 3, 4, 5, 6, 7, 11, 12, 13, 14, 15, 16, 17, 18, 19]",0.6
C6H10O,"{'C': 6, 'H': 10, 'O': 1}",98.07316494187,neutral,0,EVA,Ethylene-Vinyl Acetate,neutral_loss,M | H shift +1 | -OH | ; | M | H shift +2 | -H2O,0,1,,OH,,0.6
C6H7O,"{'C': 6, 'H': 7, 'O': 1}",95.04968984518,neutral,0,EVA,Ethylene-Vinyl Acetate,neutral_loss,M | H shift -1 | -H2O,0,-1,,H2O,,0.6
C6H7O2,"{'C': 6, 'H': 7, 'O': 2}",111.04460446475,neutral,0,EVA,Ethylene-Vinyl Acetate,neutral_loss,M | H shift -1 | -H2,0,-1,,H2,,0.6
C6H9O2,"{'C': 6, 'H': 9, 'O': 2}",113.06025452921,neutral,0,EVA,Ethylene-Vinyl Acetate,neutral_loss,M | H shift +1 | -H2,0,1,,H2,,0.6
C6H11ClO2,"{'C': 6, 'H': 11, 'O': 2, 'Cl': 1}",150.04475727567,negative,-1,EVA,Ethylene-Vinyl Acetate,adduct,M | H shift +1 | Cl,0,1,Cl,,,0.58
C6H11KO2,"{'C': 6, 'H': 11, 'O': 2, 'K': 1}",154.03961108007,positive,1,EVA,Ethylene-Vinyl Acetate,adduct,M | H shift +1 | K,0,1,K,,,0.58
C6H11NaO2,"{'C': 6, 'H': 11, 'O': 2, 'Na': 1}",138.06567387567,positive,1,EVA,Ethylene-Vinyl Acetate,adduct,M | H shift +1 | Na,0,1,Na,,,0.58
C6H12O3,"{'C': 6, 'H': 12, 'O': 3}",132.07864424547,negative,-1,EVA,Ethylene-Vinyl Acetate,adduct,M | H shift +1 | OH | ; | M | H shift +2 | O,0,1,OH,,,0.58
C6H9ClO2,"{'C': 6, 'H': 9, 'O': 2, 'Cl': 1}",148.02910721121,negative,-1,EVA,Ethylene-Vinyl Acetate,adduct,M | H shift -1 | Cl,0,-1,Cl,,,0.58
C6H9KO2,"{'C': 6, 'H': 9, 'O': 2, 'K': 1}",152.02396101561,positive,1,EVA,Ethylene-Vinyl Acetate,adduct,M | H shift -1 | K,0,-1,K,,,0.58
C6H9NaO2,"{'C': 6, 'H': 9, 'O': 2, 'Na': 1}",136.05002381121,positive,1,EVA,Ethylene-Vinyl Acetate,adduct,M | H shift -1 | Na,0,-1,Na,,,0.58
C6H9O3,"{'C': 6, 'H': 9, 'O': 3}",129.05516914878,negative,-1,EVA,Ethylene-Vinyl Acetate,adduct,M | H shift -1 | O,0,-1,O,,,0.58
C12H19O4,"{'C': 12, 'H': 19, 'O': 4}",227.12833409065001,negative,-1,EVA,Ethylene-Vinyl Acetate,dimer,2M | -H,0,0,-H,,,0.55
C12H21O4,"{'C': 12, 'H': 21, 'O': 4}",229.14398415511,positive,1,EVA,Ethylene-Vinyl Acetate,dimer,2M | H,0,0,H,,,0.55
C5H12,"{'C': 5, 'H': 12}",72.09390038676,neutral,0,EVA,Ethylene-Vinyl Acetate,neutral_loss,M | H shift +2 | -CO2,0,2,,CO2,,0.55
C5H12O,"{'C': 5, 'H': 12, 'O': 1}",88.08881500633,neutral,0,EVA,Ethylene-Vinyl Acetate,neutral_loss,M | H shift +2 | -CO,0,2,,CO,,0.55
C5H5O2,"{'C': 5, 'H': 5, 'O': 2}",97.02895440029,neutral,0,EVA,Ethylene-Vinyl Acetate,neutral_loss,M | H shift -2 | -CH3 | ; | break 1 bond(s) | H shift -2 | -H2 | ; | break 1 bond(s) | H shift -2 | -H2,0,-2,,CH3,,0.55
C5H8,"{'C': 5, 'H': 8}",68.06260025784,neutral,0,EVA,Ethylene-Vinyl Acetate,neutral_loss,M | H shift -2 | -CO2,0,-2,,CO2,,0.55
C5H8O,"{'C': 5, 'H': 8, 'O': 1}",84.05751487741,neutral,0,EVA,Ethylene-Vinyl Acetate,neutral_loss,M | H shift -2 | -CO | ; | break 1 bond(s) | -OH | ; | break 1 bond(s) | H shift +1 | -H2O,0,-2,,CO,,0.55
C5H9O2,"{'C': 5, 'H': 9, 'O': 2}",101.06025452921,neutral,0,EVA,Ethylene-Vinyl Acetate,neutral_loss,M | H shift +2 | -CH3 | ; | break 1 bond(s) | H shift +2 | -H2 | ; | break 1 bond(s) | H shift +2 | -H2,0,2,,CH3,,0.55
C6H10O2,"{'C': 6, 'H': 10, 'O': 2}",114.06807956144,neutral,0,EVA,Ethylene-Vinyl Acetate,neutral_loss,M | H shift +2 | -H2,0,2,,H2,,0.55
C6H11O,"{'C': 6, 'H': 11, 'O': 1}",99.08098997409999,neutral,0,EVA,Ethylene-Vinyl Acetate,neutral_loss,M | H shift +2 | -OH,0,2,,OH,,0.55
C6H6O,"{'C': 6, 'H': 6, 'O': 1}",94.04186481295,neutral,0,EVA,Ethylene-Vinyl Acetate,neutral_loss,M | H shift -2 | -H2O,0,-2,,H2O,,0.55
C6H6O2,"{'C': 6, 'H': 6, 'O': 2}",110.03677943252,neutral,0,EVA,Ethylene-Vinyl Acetate,neutral_loss,M | H shift -2 | -H2,0,-2,,H2,,0.55
C2H2O,"{'C': 2, 'O': 1, 'H': 2}",42.01056468403,neutral,0,EVA,Ethylene-Vinyl Acetate,h_shift,break 1 bond(s) | H shift -1 | ; | break 2 bond(s) | H shift -1 | ; | break 2 bond(s) | H shift -2 | ; | break 2 bond(s) | H shift -1,1,-1,,,"[4, 5, 6, 14, 15, 16]",0.5499999999999999
C2H2O2,"{'O': 2, 'C': 2, 'H': 2}",58.0054793036,neutral,0,EVA,Ethylene-Vinyl Acetate,h_shift,break 1 bond(s) | H shift -1 | ; | break 2 bond(s) | H shift -1 | ; | break 2 bond(s) | H shift -1 | ; | break 2 bond(s) | H shift -1,1,-1,,,"[3, 4, 5, 6, 14, 15, 16]",0.5499999999999999
C2H3,"{'C': 2, 'H': 3}",27.02347509669,negative,-1,EVA,Ethylene-Vinyl Acetate,adduct,break 1 bond(s) | H shift -1 | -H | ; | break 2 bond(s) | H shift -1 | -H | ; | break 2 bond(s) | -H,1,-1,-H,,"[0, 1, 8, 9, 10, 11, 12]",0.5499999999999999
C2H3O,"{'C': 2, 'O': 1, 'H': 3}",43.01838971626,negative,-1,EVA,Ethylene-Vinyl Acetate,adduct,break 1 bond(s) | H shift +1 | -H | ; | break 2 bond(s) | H shift +1 | -H | ; | break 2 bond(s) | H shift -2 | O,1,1,-H,,"[4, 5, 6, 14, 15, 16]",0.5499999999999999
C2H3O,"{'C': 2, 'O': 1, 'H': 3}",43.01838971626,positive,1,EVA,Ethylene-Vinyl Acetate,adduct,break 1 bond(s) | H shift -1 | H | ; | break 2 bond(s) | H shift -1 | H | ; | break 2 bond(s) | H shift -2 | H,1,-1,H,,"[4, 5, 6, 14, 15, 16]",0.5499999999999999
C2H3O2,"{'O': 2, 'C': 2, 'H': 3}",59.01330433583,positive,1,EVA,Ethylene-Vinyl Acetate,adduct,break 1 bond(s) | H shift -1 | H | ; | break 2 bond(s) | H shift -1 | H | ; | break 2 bond(s) | H shift -1 | H,1,-1,H,,"[3, 4, 5, 6, 14, 15, 16]",0.5499999999999999
C2H3O2,"{'O': 2, 'C': 2, 'H': 3}",59.01330433583,negative,-1,EVA,Ethylene-Vinyl Acetate,adduct,break 1 bond(s) | H shift +1 | -H | ; | break 1 bond(s) | H shift -1 | OH | ; | break 1 bond(s) | O,1,1,-H,,"[3, 4, 5, 6, 14, 15, 16]",0.5499999999999999
C2H4,"{'C': 2, 'H': 4}",28.03130012892,neutral,0,EVA,Ethylene-Vinyl Acetate,h_shift,break 1 bond(s) | H shift -1 | ; | break 2 bond(s) | H shift -1 | ; | break 2 bond(s) | H shift -1 | ; | break 2 bond(s) | H shift -1,1,-1,,,"[0, 1, 8, 9, 10, 11, 12]",0.5499999999999999
C2H4O,"{'C': 2, 'O': 1, 'H': 4}",44.02621474849,neutral,0,EVA,Ethylene-Vinyl Acetate,h_shift,break 1 bond(s) | H shift +1 | ; | break 2 bond(s) | H shift +1 | ; | break 2 bond(s) | H shift +1 | ; | break 2 bond(s) | H shift +1,1,1,,,"[4, 5, 6, 14, 15, 16]",0.5499999999999999
C2H4O2,"{'O': 2, 'C': 2, 'H': 4}",60.02112936806,neutral,0,EVA,Ethylene-Vinyl Acetate,h_shift,break 1 bond(s) | H shift +1 | ; | break 2 bond(s) | H shift +1 | ; | break 2 bond(s) | H shift +1 | ; | break 2 bond(s) | H shift +1,1,1,,,"[3, 4, 5, 6, 14, 15, 16]",0.5499999999999999
C2H5,"{'C': 2, 'H': 5}",29.03912516115,positive,1,EVA,Ethylene-Vinyl Acetate,adduct,break 1 bond(s) | H shift -1 | H | ; | break 2 bond(s) | H shift -1 | H | ; | break 2 bond(s) | H,1,-1,H,,"[0, 1, 8, 9, 10, 11, 12]",0.5499999999999999
C2H5,"{'C': 2, 'H': 5}",29.03912516115,negative,-1,EVA,Ethylene-Vinyl Acetate,adduct,break 1 bond(s) | H shift +1 | -H | ; | break 2 bond(s) | H shift +1 | -H | ; | break 2 bond(s) | H shift +2 | -H,1,1,-H,,"[0, 1, 8, 9, 10, 11, 12]",0.5499999999999999
C2H5O,"{'C': 2, 'O': 1, 'H': 5}",45.03403978072,positive,1,EVA,Ethylene-Vinyl Acetate,adduct,break 1 bond(s) | H shift +1 | H | ; | break 2 bond(s) | H shift +1 | H | ; | break 2 bond(s) | H,1,1,H,,"[4, 5, 6, 14, 15, 16]",0.5499999999999999
C2H5O2,"{'O': 2, 'C': 2, 'H': 5}",61.028954400290004,positive,1,EVA,Ethylene-Vinyl Acetate,adduct,break 1 bond(s) | H shift +1 | H | ; | break 2 bond(s) | H shift +1 | H | ; | break 2 bond(s) | H shift +1 | H,1,1,H,,"[3, 4, 5, 6, 14, 15, 16]",0.5499999999999999
C2H6,"{'C': 2, 'H': 6}",30.04695019338,neutral,0,EVA,Ethylene-Vinyl Acetate,h_shift,break 1 bond(s) | H shift +1 | ; | break 2 bond(s) | H shift +1 | ; | break 2 bond(s) | H shift +2 | ; | break 2 bond(s) | H shift +1,1,1,,,"[0, 1, 8, 9, 10, 11, 12]",0.5499999999999999
C2H7,"{'C': 2, 'H': 7}",31.05477522561,positive,1,EVA,Ethylene-Vinyl Acetate,adduct,break 1 bond(s) | H shift +1 | H | ; | break 2 bond(s) | H shift +1 | H | ; | break 2 bond(s) | H shift +2 | H,1,1,H,,"[0, 1, 8, 9, 10, 11, 12]",0.5499999999999999
C2HO,"{'C': 2, 'O': 1, 'H': 1}",41.0027396518,negative,-1,EVA,Ethylene-Vinyl Acetate,adduct,break 1 bond(s) | H shift -1 | -H | ; | break 2 bond(s) | H shift -1 | -H | ; | break 2 bond(s) | H shift -2 | -H,1,-1,-H,,"[4, 5, 6, 14, 15, 16]",0.5499999999999999
C2HO2,"{'O': 2, 'C': 2, 'H': 1}",56.99765427137,negative,-1,EVA,Ethylene-Vinyl Acetate,adduct,break 1 bond(s) | H shift -1 | -H | ; | break 1 bond(s) | H shift -2 | O | ; | break 2 bond(s) | H shift -1 | -H,1,-1,-H,,"[3, 4, 5, 6, 14, 15, 16]",0.5499999999999999
C4H10,"{'C': 4, 'H': 10}",58.0782503223,neutral,0,EVA,Ethylene-Vinyl Acetate,h_shift,break 1 bond(s) | H shift +1 | ; | break 2 bond(s) | H shift +1 | ; | break 2 bond(s) | H shift +1,1,1,,,"[0, 1, 2, 7, 8, 9, 10, 11, 12, 13, 17, 18, 19]",0.5499999999999999
C4H10O,"{'C': 4, 'O': 1, 'H': 10}",74.07316494187,neutral,0,EVA,Ethylene-Vinyl Acetate,h_shift,break 1 bond(s) | H shift +1 | ; | break 2 bond(s) | H shift +1,1,1,,,"[0, 1, 2, 3, 7, 8, 9, 10, 11, 12, 13, 17, 18, 19]",0.5499999999999999
C4H11,"{'C': 4, 'H': 11}",59.086075354529996,positive,1,EVA,Ethylene-Vinyl Acetate,adduct,break 1 bond(s) | H shift +1 | H | ; | break 2 bond(s) | H shift +1 | H | ; | break 2 bond(s) | H shift +1 | H,1,1,H,,"[0, 1, 2, 7, 8, 9, 10, 11, 12, 13, 17, 18, 19]",0.5499999999999999
C4H11O,"{'C': 4, 'O': 1, 'H': 11}",75.08098997409999,positive,1,EVA,Ethylene-Vinyl Acetate,adduct,break 1 bond(s) | H shift +1 | H | ; | break 2 bond(s) | H shift +1 | H,1,1,H,,"[0, 1, 2, 3, 7, 8, 9, 10, 11, 12, 13, 17, 18, 19]",0.5499999999999999
C4H5O2,"{'C': 4, 'O': 2, 'H': 5}",85.02895440029,negative,-1,EVA,Ethylene-Vinyl Acetate,adduct,break 1 bond(s) | H shift -1 | -H | ; | break 2 bond(s) | H shift -1 | -H | ; | break 2 bond(s) | -H,1,-1,-H,,"[2, 3, 4, 5, 6, 7, 13, 14, 15, 16, 17, 18, 19]",0.5499999999999999
C4H6O2,"{'C': 4, 'O': 2, 'H': 6}",86.03677943252,neutral,0,EVA,Ethylene-Vinyl Acetate,h_shift,break 1 bond(s) | H shift -1 | ; | break 2 bond(s) | H shift -1,1,-1,,,"[2, 3, 4, 5, 6, 7, 13, 14, 15, 16, 17, 18, 19]",0.5499999999999999
C4H7,"{'C': 4, 'H': 7}",55.05477522561,negative,-1,EVA,Ethylene-Vinyl Acetate,adduct,break 1 bond(s) | H shift -1 | -H | ; | break 2 bond(s) | H shift -1 | -H | ; | break 2 bond(s) | H shift -1 | -H,1,-1,-H,,"[0, 1, 2, 7, 8, 9, 10, 11, 12, 13, 17, 18, 19]",0.5499999999999999
C4H7O,"{'C': 4, 'O': 1, 'H': 7}",71.04968984518,negative,-1,EVA,Ethylene-Vinyl Acetate,adduct,break 1 bond(s) | H shift -1 | -H | ; | break 2 bond(s) | H shift -2 | O | ; | break 2 bond(s) | H shift -2 | O,1,-1,-H,,"[0, 1, 2, 3, 7, 8, 9, 10, 11, 12, 13, 17, 18, 19]",0.5499999999999999
C4H7O2,"{'C': 4, 'O': 2, 'H': 7}",87.04460446475,positive,1,EVA,Ethylene-Vinyl Acetate,adduct,break 1 bond(s) | H shift -1 | H | ; | break 2 bond(s) | H shift -1 | H | ; | break 2 bond(s) | H,1,-1,H,,"[2, 3, 4, 5, 6, 7, 13, 14, 15, 16, 17, 18, 19]",0.5499999999999999
C4H7O2,"{'C': 4, 'O': 2, 'H': 7}",87.04460446475,negative,-1,EVA,Ethylene-Vinyl Acetate,adduct,break 1 bond(s) | H shift +1 | -H | ; | break 1 bond(s) | H shift -2 | O | ; | break 2 bond(s) | H shift +1 | -H,1,1,-H,,"[2, 3, 4, 5, 6, 7, 13, 14, 15, 16, 17, 18, 19]",0.5499999999999999
C4H8,"{'C': 4, 'H': 8}",56.06260025784,neutral,0,EVA,Ethylene-Vinyl Acetate,h_shift,break 1 bond(s) | H shift -1 | ; | break 2 bond(s) | H shift -1 | ; | break 2 bond(s) | H shift -1,1,-1,,,"[0, 1, 2, 7, 8, 9, 10, 11, 12, 13, 17, 18, 19]",0.5499999999999999
C4H8O,"{'C': 4, 'O': 1, 'H': 8}",72.05751487741,neutral,0,EVA,Ethylene-Vinyl Acetate,h_shift,break 1 bond(s) | H shift -1 | ; | break 2 bond(s) | H shift -1,1,-1,,,"[0, 1, 2, 3, 7, 8, 9, 10, 11, 12, 13, 17, 18, 19]",0.5499999999999999
C4H8O2,"{'C': 4, 'O': 2, 'H': 8}",88.05242949698,neutral,0,EVA,Ethylene-Vinyl Acetate,h_shift,break 1 bond(s) | H shift +1 | ; | break 2 bond(s) | H shift +1 | ; | break 2 bond(s) | H shift +2 | ; | break 2 bond(s) | H shift +2,1,1,,,"[2, 3, 4, 5, 6, 7, 13, 14, 15, 16, 17, 18, 19]",0.5499999999999999
C4H9,"{'C': 4, 'H': 9}",57.07042529007,positive,1,EVA,Ethylene-Vinyl Acetate,adduct,break 1 bond(s) | H shift -1 | H | ; | break 2 bond(s) | H shift -1 | H | ; | break 2 bond(s) | H shift -1 | H,1,-1,H,,"[0, 1, 2, 7, 8, 9, 10, 11, 12, 13, 17, 18, 19]",0.5499999999999999
C4H9,"{'C': 4, 'H': 9}",57.07042529007,negative,-1,EVA,Ethylene-Vinyl Acetate,adduct,break 1 bond(s) | H shift +1 | -H | ; | break 2 bond(s) | H shift +1 | -H | ; | break 2 bond(s) | H shift +1 | -H,1,1,-H,,"[0, 1, 2, 7, 8, 9, 10, 11, 12, 13, 17, 18, 19]",0.5499999999999999
C4H9O,"{'C': 4, 'O': 1, 'H': 9}",73.06533990964,negative,-1,EVA,Ethylene-Vinyl Acetate,adduct,break 1 bond(s) | H shift +1 | -H | ; | break 2 bond(s) | H shift -1 | OH | ; | break 2 bond(s) | O,1,1,-H,,"[0, 1, 2, 3, 7, 8, 9, 10, 11, 12, 13, 17, 18, 19]",0.5499999999999999
C4H9O,"{'C': 4, 'O': 1, 'H': 9}",73.06533990964,positive,1,EVA,Ethylene-Vinyl Acetate,adduct,break 1 bond(s) | H shift -1 | H | ; | break 2 bond(s) | H shift -1 | H,1,-1,H,,"[0, 1, 2, 3, 7, 8, 9, 10, 11, 12, 13, 17, 18, 19]",0.5499999999999999
C4H9O2,"{'C': 4, 'O': 2, 'H': 9}",89.06025452921,positive,1,EVA,Ethylene-Vinyl Acetate,adduct,break 1 bond(s) | H shift +1 | H | ; | break 2 bond(s) | H shift +1 | H | ; | break 2 bond(s) | H shift +2 | H,1,1,H,,"[2, 3, 4, 5, 6, 7, 13, 14, 15, 16, 17, 18, 19]",0.5499999999999999
C5H10O2,"{'C': 5, 'O': 2, 'H': 10}",102.06807956144,neutral,0,EVA,Ethylene-Vinyl Acetate,h_shift,break 1 bond(s) | H shift +1 | ; | break 1 bond(s) | H shift +1 | ; | break 1 bond(s) | H shift +1,1,1,,,"[1, 2, 3, 4, 5, 6, 7, 11, 12, 13, 14, 15, 16, 17, 18, 19]",0.5499999999999999
C5H11O2,"{'C': 5, 'O': 2, 'H': 11}",103.07590459367,positive,1,EVA,Ethylene-Vinyl Acetate,adduct,break 1 bond(s) | H shift +1 | H | ; | break 1 bond(s) | H shift +1 | H | ; | break 1 bond(s) | H shift +1 | H,1,1,H,,"[1, 2, 3, 4, 5, 6, 7, 11, 12, 13, 14, 15, 16, 17, 18, 19]",0.5499999999999999
C5H7O2,"{'C': 5, 'O': 2, 'H': 7}",99.04460446475,negative,-1,EVA,Ethylene-Vinyl Acetate,adduct,break 1 bond(s) | H shift -1 | -H | ; | break 1 bond(s) | H shift -1 | -H | ; | break 1 bond(s) | H shift -1 | -H,1,-1,-H,,"[1, 2, 3, 4, 5, 6, 7, 11, 12, 13, 14, 15, 16, 17, 18, 19]",0.5499999999999999
C5H8O2,"{'C': 5, 'O': 2, 'H': 8}",100.05242949698,neutral,0,EVA,Ethylene-Vinyl Acetate,h_shift,break 1 bond(s) | H shift -1 | ; | break 1 bond(s) | H shift -1 | ; | break 1 bond(s) | H shift -1,1,-1,,,"[1, 2, 3, 4, 5, 6, 7, 11, 12, 13, 14, 15, 16, 17, 18, 19]",0.5499999999999999
C5H9O2,"{'C': 5, 'O': 2, 'H': 9}",101.06025452921,positive,1,EVA,Ethylene-Vinyl Acetate,adduct,break 1 bond(s) | H shift -1 | H | ; | break 1 bond(s) | H shift -1 | H | ; | break 1 bond(s) | H shift -1 | H,1,-1,H,,"[1, 2, 3, 4, 5, 6, 7, 11, 12, 13, 14, 15, 16, 17, 18, 19]",0.5499999999999999
C5H9O2,"{'C': 5, 'O': 2, 'H': 9}",101.06025452921,negative,-1,EVA,Ethylene-Vinyl Acetate,adduct,break 1 bond(s) | H shift +1 | -H | ; | break 1 bond(s) | H shift +1 | -H | ; | break 1 bond(s) | H shift +1 | -H,1,1,-H,,"[1, 2, 3, 4, 5, 6, 7, 11, 12, 13, 14, 15, 16, 17, 18, 19]",0.5499999999999999
C6H12ClO2,"{'C': 6, 'H': 12, 'O': 2, 'Cl': 1}",151.0525823079,negative,-1,EVA,Ethylene-Vinyl Acetate,adduct,M | H shift +2 | Cl,0,2,Cl,,,0.53
C6H12KO2,"{'C': 6, 'H': 12, 'O': 2, 'K': 1}",155.0474361123,positive,1,EVA,Ethylene-Vinyl Acetate,adduct,M | H shift +2 | K,0,2,K,,,0.53
C6H12NaO2,"{'C': 6, 'H': 12, 'O': 2, 'Na': 1}",139.0734989079,positive,1,EVA,Ethylene-Vinyl Acetate,adduct,M | H shift +2 | Na,0,2,Na,,,0.53
C6H13O3,"{'C': 6, 'H': 13, 'O': 3}",133.08646927770002,negative,-1,EVA,Ethylene-Vinyl Acetate,adduct,M | H shift +2 | OH,0,2,OH,,,0.53
C6H8ClO2,"{'C': 6, 'H': 8, 'O': 2, 'Cl': 1}",147.02128217898,negative,-1,EVA,Ethylene-Vinyl Acetate,adduct,M | H shift -2 | Cl,0,-2,Cl,,,0.53
C6H8KO2,"{'C': 6, 'H': 8, 'O': 2, 'K': 1}",151.01613598338,positive,1,EVA,Ethylene-Vinyl Acetate,adduct,M | H shift -2 | K,0,-2,K,,,0.53
C6H8NaO2,"{'C': 6, 'H': 8, 'O': 2, 'Na': 1}",135.04219877898,positive,1,EVA,Ethylene-Vinyl Acetate,adduct,M | H shift -2 | Na,0,-2,Na,,,0.53
C6H8O3,"{'C': 6, 'H': 8, 'O': 3}",128.04734411655,negative,-1,EVA,Ethylene-Vinyl Acetate,adduct,M | H shift -2 | O,0,-2,O,,,0.53
C2H,"{'C': 2, 'H': 1}",25.00782503223,neutral,0,EVA,Ethylene-Vinyl Acetate,neutral_loss,break 1 bond(s) | -H2O | ; | break 2 bond(s) | H shift -2 | -CH3 | ; | break 2 bond(s) | H shift -1 | -OH,1,0,,H2O,"[4, 5, 6, 14, 15, 16]",0.5
C2H2,"{'C': 2, 'H': 2}",26.01565006446,negative,-1,EVA,Ethylene-Vinyl Acetate,adduct,break 1 bond(s) | H shift -2 | -H | ; | break 2 bond(s) | H shift -2 | -H | ; | break 2 bond(s) | H shift -1 | -H,1,-2,-H,,"[0, 1, 8, 9, 10, 11, 12]",0.5
C2H2,"{'C': 2, 'H': 2}",26.01565006446,neutral,0,EVA,Ethylene-Vinyl Acetate,neutral_loss,break 1 bond(s) | -OH | ; | break 1 bond(s) | H shift +1 | -H2O | ; | break 2 bond(s) | H shift -1 | -CH3,1,0,,OH,"[4, 5, 6, 14, 15, 16]",0.5
C2H2O,"{'O': 1, 'C': 2, 'H': 2}",42.01056468403,neutral,0,EVA,Ethylene-Vinyl Acetate,neutral_loss,break 1 bond(s) | -OH | ; | break 1 bond(s) | H shift +1 | -H2O | ; | break 1 bond(s) | H shift +1 | -H2,1,0,,OH,"[3, 4, 5, 6, 14, 15, 16]",0.5
C2H2O,"{'C': 2, 'O': 1, 'H': 2}",42.01056468403,positive,1,EVA,Ethylene-Vinyl Acetate,adduct,break 1 bond(s) | H shift -2 | H | ; | break 2 bond(s) | H shift -2 | H | ; | break 2 bond(s) | H shift -2 | H,1,-2,H,,"[4, 5, 6, 14, 15, 16]",0.5
C2H2O2,"{'O': 2, 'C': 2, 'H': 2}",58.0054793036,positive,1,EVA,Ethylene-Vinyl Acetate,adduct,break 1 bond(s) | H shift -2 | H | ; | break 2 bond(s) | H shift -2 | H | ; | break 2 bond(s) | H shift -2 | H,1,-2,H,,"[3, 4, 5, 6, 14, 15, 16]",0.5
C2H3,"{'C': 2, 'H': 3}",27.02347509669,neutral,0,EVA,Ethylene-Vinyl Acetate,h_shift,break 1 bond(s) | H shift -2 | ; | break 2 bond(s) | H shift -2 | ; | break 2 bond(s) | H shift -1 | ; | break 2 bond(s) | H shift -2,1,-2,,,"[0, 1, 8, 9, 10, 11, 12]",0.5
C2H3,"{'C': 2, 'H': 3}",27.02347509669,neutral,0,EVA,Ethylene-Vinyl Acetate,neutral_loss,break 1 bond(s) | -H2 | ; | break 1 bond(s) | H shift +1 | -OH | ; | break 1 bond(s) | H shift +2 | -H2O,1,0,,H2,"[0, 1, 8, 9, 10, 11, 12]",0.5
C2H4,"{'C': 2, 'H': 4}",28.03130012892,positive,1,EVA,Ethylene-Vinyl Acetate,adduct,break 1 bond(s) | H shift -2 | H | ; | break 2 bond(s) | H shift -2 | H | ; | break 2 bond(s) | H shift -1 | H,1,-2,H,,"[0, 1, 8, 9, 10, 11, 12]",0.5
C2H4O,"{'C': 2, 'O': 1, 'H': 4}",44.02621474849,negative,-1,EVA,Ethylene-Vinyl Acetate,adduct,break 1 bond(s) | H shift +2 | -H | ; | break 2 bond(s) | H shift +2 | -H | ; | break 2 bond(s) | H shift -2 | OH,1,2,-H,,"[4, 5, 6, 14, 15, 16]",0.5
C2H4O2,"{'O': 2, 'C': 2, 'H': 4}",60.02112936806,negative,-1,EVA,Ethylene-Vinyl Acetate,adduct,break 1 bond(s) | H shift +2 | -H | ; | break 1 bond(s) | OH | ; | break 1 bond(s) | H shift +1 | O,1,2,-H,,"[3, 4, 5, 6, 14, 15, 16]",0.5
C2H5O,"{'C': 2, 'O': 1, 'H': 5}",45.03403978072,neutral,0,EVA,Ethylene-Vinyl Acetate,h_shift,break 1 bond(s) | H shift +2 | ; | break 2 bond(s) | H shift +2 | ; | break 2 bond(s) | H shift +1 | ; | break 2 bond(s) | H shift +2,1,2,,,"[4, 5, 6, 14, 15, 16]",0.5
C2H5O2,"{'O': 2, 'C': 2, 'H': 5}",61.028954400290004,neutral,0,EVA,Ethylene-Vinyl Acetate,h_shift,break 1 bond(s) | H shift +2 | ; | break 2 bond(s) | H shift +2 | ; | break 2 bond(s) | H shift +2 | ; | break 2 bond(s) | H shift +2,1,2,,,"[3, 4, 5, 6, 14, 15, 16]",0.5
C2H6,"{'C': 2, 'H': 6}",30.04695019338,negative,-1,EVA,Ethylene-Vinyl Acetate,adduct,break 1 bond(s) | H shift +2 | -H | ; | break 2 bond(s) | H shift +2 | -H | ; | break 2 bond(s) | H shift +2 | -H,1,2,-H,,"[0, 1, 8, 9, 10, 11, 12]",0.5
C2H6O,"{'C': 2, 'O': 1, 'H': 6}",46.04186481295,positive,1,EVA,Ethylene-Vinyl Acetate,adduct,break 1 bond(s) | H shift +2 | H | ; | break 2 bond(s) | H shift +2 | H | ; | break 2 bond(s) | H shift +1 | H,1,2,H,,"[4, 5, 6, 14, 15, 16]",0.5
C2H6O2,"{'O': 2, 'C': 2, 'H': 6}",62.03677943252,positive,1,EVA,Ethylene-Vinyl Acetate,adduct,break 1 bond(s) | H shift +2 | H | ; | break 2 bond(s) | H shift +2 | H | ; | break 2 bond(s) | H shift +2 | H,1,2,H,,"[3, 4, 5, 6, 14, 15, 16]",0.5
C2H7,"{'C': 2, 'H': 7}",31.05477522561,neutral,0,EVA,Ethylene-Vinyl Acetate,h_shift,break 1 bond(s) | H shift +2 | ; | break 2 bond(s) | H shift +2 | ; | break 2 bond(s) | H shift +2 | ; | break 2 bond(s) | H shift +2,1,2,,,"[0, 1, 8, 9, 10, 11, 12]",0.5
C2H8,"{'C': 2, 'H': 8}",32.06260025784,positive,1,EVA,Ethylene-Vinyl Acetate,adduct,break 1 bond(s) | H shift +2 | H | ; | break 2 bond(s) | H shift +2 | H | ; | break 2 bond(s) | H shift +2 | H,1,2,H,,"[0, 1, 8, 9, 10, 11, 12]",0.5
C2HO,"{'O': 1, 'C': 2, 'H': 1}",41.0027396518,neutral,0,EVA,Ethylene-Vinyl Acetate,neutral_loss,break 1 bond(s) | -H2O | ; | break 1 bond(s) | -H2 | ; | break 2 bond(s) | H shift -1 | -OH,1,0,,H2O,"[3, 4, 5, 6, 14, 15, 16]",0.5
C2HO,"{'C': 2, 'O': 1, 'H': 1}",41.0027396518,neutral,0,EVA,Ethylene-Vinyl Acetate,h_shift,break 1 bond(s) | H shift -2 | ; | break 2 bond(s) | H shift -2 | ; | break 2 bond(s) | H shift -2 | ; | break 2 bond(s) | H shift -2,1,-2,,,"[4, 5, 6, 14, 15, 16]",0.5
C2HO2,"{'O': 2, 'C': 2, 'H': 1}",56.99765427137,neutral,0,EVA,Ethylene-Vinyl Acetate,h_shift,break 1 bond(s) | H shift -2 | ; | break 2 bond(s) | H shift -2 | ; | break 2 bond(s) | H shift -2 | ; | break 2 bond(s) | H shift -2,1,-2,,,"[3, 4, 5, 6, 14, 15, 16]",0.5
C2HO2,"{'O': 2, 'C': 2, 'H': 1}",56.99765427137,neutral,0,EVA,Ethylene-Vinyl Acetate,neutral_loss,break 1 bond(s) | -H2 | ; | break 2 bond(s) | -H2 | ; | break 2 bond(s) | -H2 | ; | break 2 bond(s) | -CH3,1,0,,H2,"[3, 4, 5, 6, 14, 15, 16]",0.5
C2O,"{'C': 2, 'O': 1}",39.99491461957,negative,-1,EVA,Ethylene-Vinyl Acetate,adduct,break 1 bond(s) | H shift -2 | -H | ; | break 2 bond(s) | H shift -2 | -H | ; | break 2 bond(s) | H shift -2 | -H,1,-2,-H,,"[4, 5, 6, 14, 15, 16]",0.5
C2O2,"{'O': 2, 'C': 2}",55.98982923914,negative,-1,EVA,Ethylene-Vinyl Acetate,adduct,break 1 bond(s) | H shift -2 | -H | ; | break 2 bond(s) | H shift -2 | -H | ; | break 2 bond(s) | H shift -2 | -H,1,-2,-H,,"[3, 4, 5, 6, 14, 15, 16]",0.5
C3H4O2,"{'C': 3, 'O': 2, 'H': 4}",72.02112936806,neutral,0,EVA,Ethylene-Vinyl Acetate,neutral_loss,break 1 bond(s) | -CH3 | ; | break 2 bond(s) | -CH3 | ; | break 2 bond(s) | H shift +1 | -CH3,1,0,,CH3,"[2, 3, 4, 5, 6, 7, 13, 14, 15, 16, 17, 18, 19]",0.5
C3H6,"{'C': 3, 'H': 6}",42.04695019338,neutral,0,EVA,Ethylene-Vinyl Acetate,neutral_loss,break 1 bond(s) | -CH3 | ; | break 2 bond(s) | H shift -1 | -CO2 | ; | break 2 bond(s) | H shift +2 | -H2,1,0,,CH3,"[0, 1, 2, 7, 8, 9, 10, 11, 12, 13, 17, 18, 19]",0.5
C3H6O,"{'C': 3, 'O': 1, 'H': 6}",58.04186481295,neutral,0,EVA,Ethylene-Vinyl Acetate,neutral_loss,break 1 bond(s) | -CH3 | ; | break 2 bond(s) | H shift -1 | -CO | ; | break 2 bond(s) | H shift +2 | -H2,1,0,,CH3,"[0, 1, 2, 3, 7, 8, 9, 10, 11, 12, 13, 17, 18, 19]",0.5
C3H7,"{'C': 3, 'H': 7}",43.05477522561,neutral,0,EVA,Ethylene-Vinyl Acetate,neutral_loss,break 1 bond(s) | -CO2 | ; | break 1 bond(s) | H shift +1 | -CH3 | ; | break 1 bond(s) | H shift -2 | -CO,1,0,,CO2,"[2, 3, 4, 5, 6, 7, 13, 14, 15, 16, 17, 18, 19]",0.5
C3H7O,"{'C': 3, 'O': 1, 'H': 7}",59.04968984518,neutral,0,EVA,Ethylene-Vinyl Acetate,neutral_loss,break 1 bond(s) | -CO | ; | break 1 bond(s) | H shift +1 | -CH3 | ; | break 2 bond(s) | -CO,1,0,,CO,"[2, 3, 4, 5, 6, 7, 13, 14, 15, 16, 17, 18, 19]",0.5
C3H9,"{'C': 3, 'H': 9}",45.07042529007,neutral,0,EVA,Ethylene-Vinyl Acetate,neutral_loss,break 1 bond(s) | -CO | ; | break 2 bond(s) | H shift +2 | -CO2 | ; | break 2 bond(s) | -CO,1,0,,CO,"[0, 1, 2, 3, 7, 8, 9, 10, 11, 12, 13, 17, 18, 19]",0.5
C4H10,"{'C': 4, 'H': 10}",58.0782503223,negative,-1,EVA,Ethylene-Vinyl Acetate,adduct,break 1 bond(s) | H shift +2 | -H | ; | break 2 bond(s) | H shift +2 | -H | ; | break 2 bond(s) | H shift +2 | -H,1,2,-H,,"[0, 1, 2, 7, 8, 9, 10, 11, 12, 13, 17, 18, 19]",0.5
C4H10O,"{'C': 4, 'O': 1, 'H': 10}",74.07316494187,negative,-1,EVA,Ethylene-Vinyl Acetate,adduct,break 1 bond(s) | H shift +2 | -H | ; | break 2 bond(s) | OH | ; | break 2 bond(s) | H shift +1 | O,1,2,-H,,"[0, 1, 2, 3, 7, 8, 9, 10, 11, 12, 13, 17, 18, 19]",0.5
C4H10O2,"{'C': 4, 'O': 2, 'H': 10}",90.06807956144,positive,1,EVA,Ethylene-Vinyl Acetate,adduct,break 1 bond(s) | H shift +2 | H | ; | break 2 bond(s) | H shift +2 | H,1,2,H,,"[2, 3, 4, 5, 6, 7, 13, 14, 15, 16, 17, 18, 19]",0.5
C4H11,"{'C': 4, 'H': 11}",59.086075354529996,neutral,0,EVA,Ethylene-Vinyl Acetate,h_shift,break 1 bond(s) | H shift +2 | ; | break 2 bond(s) | H shift +2 | ; | break 2 bond(s) | H shift +2,1,2,,,"[0, 1, 2, 7, 8, 9, 10, 11, 12, 13, 17, 18, 19]",0.5
C4H11O,"{'C': 4, 'O': 1, 'H': 11}",75.08098997409999,neutral,0,EVA,Ethylene-Vinyl Acetate,h_shift,break 1 bond(s) | H shift +2 | ; | break 2 bond(s) | H shift +2,1,2,,,"[0, 1, 2, 3, 7, 8, 9, 10, 11, 12, 13, 17, 18, 19]",0.5
C4H12,"{'C': 4, 'H': 12}",60.09390038676,positive,1,EVA,Ethylene-Vinyl Acetate,adduct,break 1 bond(s) | H shift +2 | H | ; | break 2 bond(s) | H shift +2 | H | ; | break 2 bond(s) | H shift +2 | H,1,2,H,,"[0, 1, 2, 7, 8, 9, 10, 11, 12, 13, 17, 18, 19]",0.5
C4H12O,"{'C': 4, 'O': 1, 'H': 12}",76.08881500633,positive,1,EVA,Ethylene-Vinyl Acetate,adduct,break 1 bond(s) | H shift +2 | H | ; | break 2 bond(s) | H shift +2 | H,1,2,H,,"[0, 1, 2, 3, 7, 8, 9, 10, 11, 12, 13, 17, 18, 19]",0.5
C4H4O2,"{'C': 4, 'O': 2, 'H': 4}",84.02112936806,negative,-1,EVA,Ethylene-Vinyl Acetate,adduct,break 1 bond(s) | H shift -2 | -H | ; | break 2 bond(s) | H shift -2 | -H | ; | break 2 bond(s) | H shift -1 | -H,1,-2,-H,,"[2, 3, 4, 5, 6, 7, 13, 14, 15, 16, 17, 18, 19]",0.5
C4H5O,"{'C': 4, 'O': 1, 'H': 5}",69.03403978072001,neutral,0,EVA,Ethylene-Vinyl Acetate,neutral_loss,break 1 bond(s) | -H2O | ; | break 1 bond(s) | H shift -2 | -H2 | ; | break 2 bond(s) | H shift -1 | -OH,1,0,,H2O,"[2, 3, 4, 5, 6, 7, 13, 14, 15, 16, 17, 18, 19]",0.5
C4H5O2,"{'C': 4, 'O': 2, 'H': 5}",85.02895440029,neutral,0,EVA,Ethylene-Vinyl Acetate,neutral_loss,break 1 bond(s) | -H2 | ; | break 1 bond(s) | H shift -1 | -CH3 | ; | break 1 bond(s) | H shift -1 | -CH3,1,0,,H2,"[2, 3, 4, 5, 6, 7, 13, 14, 15, 16, 17, 18, 19]",0.5
C4H5O2,"{'C': 4, 'O': 2, 'H': 5}",85.02895440029,neutral,0,EVA,Ethylene-Vinyl Acetate,h_shift,break 1 bond(s) | H shift -2 | ; | break 2 bond(s) | H shift -2 | ; | break 2 bond(s) | H shift -1 | ; | break 2 bond(s) | H shift -1,1,-2,,,"[2, 3, 4, 5, 6, 7, 13, 14, 15, 16, 17, 18, 19]",0.5
C4H6,"{'C': 4, 'H': 6}",54.04695019338,negative,-1,EVA,Ethylene-Vinyl Acetate,adduct,break 1 bond(s) | H shift -2 | -H | ; | break 2 bond(s) | H shift -2 | -H | ; | break 2 bond(s) | H shift -2 | -H,1,-2,-H,,"[0, 1, 2, 7, 8, 9, 10, 11, 12, 13, 17, 18, 19]",0.5
C4H6O,"{'C': 4, 'O': 1, 'H': 6}",70.04186481295,neutral,0,EVA,Ethylene-Vinyl Acetate,neutral_loss,break 1 bond(s) | -OH | ; | break 1 bond(s) | H shift +1 | -H2O | ; | break 1 bond(s) | H shift -1 | -H2,1,0,,OH,"[2, 3, 4, 5, 6, 7, 13, 14, 15, 16, 17, 18, 19]",0.5
C4H6O,"{'C': 4, 'O': 1, 'H': 6}",70.04186481295,negative,-1,EVA,Ethylene-Vinyl Acetate,adduct,break 1 bond(s) | H shift -2 | -H | ; | break 2 bond(s) | H shift -2 | -H,1,-2,-H,,"[0, 1, 2, 3, 7, 8, 9, 10, 11, 12, 13, 17, 18, 19]",0.5
C4H6O2,"{'C': 4, 'O': 2, 'H': 6}",86.03677943252,neutral,0,EVA,Ethylene-Vinyl Acetate,neutral_loss,break 1 bond(s) | -CH3 | ; | break 1 bond(s) | H shift +1 | -H2 | ; | break 1 bond(s) | -CH3,1,0,,CH3,"[1, 2, 3, 4, 5, 6, 7, 11, 12, 13, 14, 15, 16, 17, 18, 19]",0.5
C4H6O2,"{'C': 4, 'O': 2, 'H': 6}",86.03677943252,positive,1,EVA,Ethylene-Vinyl Acetate,adduct,break 1 bond(s) | H shift -2 | H | ; | break 2 bond(s) | H shift -2 | H | ; | break 2 bond(s) | H shift -1 | H,1,-2,H,,"[2, 3, 4, 5, 6, 7, 13, 14, 15, 16, 17, 18, 19]",0.5
C4H7,"{'C': 4, 'H': 7}",55.05477522561,neutral,0,EVA,Ethylene-Vinyl Acetate,neutral_loss,break 1 bond(s) | -H2 | ; | break 1 bond(s) | H shift -1 | -OH | ; | break 1 bond(s) | -H2O,1,0,,H2,"[0, 1, 2, 7, 8, 9, 10, 11, 12, 13, 17, 18, 19]",0.5
C4H7,"{'C': 4, 'H': 7}",55.05477522561,neutral,0,EVA,Ethylene-Vinyl Acetate,h_shift,break 1 bond(s) | H shift -2 | ; | break 2 bond(s) | H shift -2 | ; | break 2 bond(s) | H shift -2,1,-2,,,"[0, 1, 2, 7, 8, 9, 10, 11, 12, 13, 17, 18, 19]",0.5
C4H7O,"{'C': 4, 'O': 1, 'H': 7}",71.04968984518,neutral,0,EVA,Ethylene-Vinyl Acetate,neutral_loss,break 1 bond(s) | -H2 | ; | break 1 bond(s) | H shift -2 | -CO | ; | break 1 bond(s) | H shift -2 | -CO,1,0,,H2,"[0, 1, 2, 3, 7, 8, 9, 10, 11, 12, 13, 17, 18, 19]",0.5
C4H7O,"{'C': 4, 'O': 1, 'H': 7}",71.04968984518,neutral,0,EVA,Ethylene-Vinyl Acetate,h_shift,break 1 bond(s) | H shift -2 | ; | break 2 bond(s) | H shift -2,1,-2,,,"[0, 1, 2, 3, 7, 8, 9, 10, 11, 12, 13, 17, 18, 19]",0.5
C4H8,"{'C': 4, 'H': 8}",56.06260025784,neutral,0,EVA,Ethylene-Vinyl Acetate,neutral_loss,break 1 bond(s) | -OH | ; | break 1 bond(s) | H shift +1 | -H2O | ; | break 1 bond(s) | H shift -1 | -CO2,1,0,,OH,"[0, 1, 2, 3, 7, 8, 9, 10, 11, 12, 13, 17, 18, 19]",0.5
C4H8,"{'C': 4, 'H': 8}",56.06260025784,positive,1,EVA,Ethylene-Vinyl Acetate,adduct,break 1 bond(s) | H shift -2 | H | ; | break 2 bond(s) | H shift -2 | H | ; | break 2 bond(s) | H shift -2 | H,1,-2,H,,"[0, 1, 2, 7, 8, 9, 10, 11, 12, 13, 17, 18, 19]",0.5
C4H8O,"{'C': 4, 'O': 1, 'H': 8}",72.05751487741,positive,1,EVA,Ethylene-Vinyl Acetate,adduct,break 1 bond(s) | H shift -2 | H | ; | break 2 bond(s) | H shift -2 | H,1,-2,H,,"[0, 1, 2, 3, 7, 8, 9, 10, 11, 12, 13, 17, 18, 19]",0.5
C4H8O2,"{'C': 4, 'O': 2, 'H': 8}",88.05242949698,negative,-1,EVA,Ethylene-Vinyl Acetate,adduct,break 1 bond(s) | H shift +2 | -H | ; | break 1 bond(s) | H shift -2 | OH | ; | break 1 bond(s) | H shift -1 | O,1,2,-H,,"[2, 3, 4, 5, 6, 7, 13, 14, 15, 16, 17, 18, 19]",0.5
C4H9,"{'C': 4, 'H': 9}",57.07042529007,neutral,0,EVA,Ethylene-Vinyl Acetate,neutral_loss,break 1 bond(s) | -CO2 | ; | break 1 bond(s) | H shift +2 | -H2 | ; | break 1 bond(s) | H shift +1 | -OH,1,0,,CO2,"[1, 2, 3, 4, 5, 6, 7, 11, 12, 13, 14, 15, 16, 17, 18, 19]",0.5
C4H9O,"{'C': 4, 'O': 1, 'H': 9}",73.06533990964,neutral,0,EVA,Ethylene-Vinyl Acetate,neutral_loss,break 1 bond(s) | -CO | ; | break 1 bond(s) | H shift +2 | -H2 | ; | break 1 bond(s) | -CO,1,0,,CO,"[1, 2, 3, 4, 5, 6, 7, 11, 12, 13, 14, 15, 16, 17, 18, 19]",0.5
C4H9O2,"{'C': 4, 'O': 2, 'H': 9}",89.06025452921,neutral,0,EVA,Ethylene-Vinyl Acetate,h_shift,break 1 bond(s) | H shift +2 | ; | break 2 bond(s) | H shift +2,1,2,,,"[2, 3, 4, 5, 6, 7, 13, 14, 15, 16, 17, 18, 19]",0.5
C5H10O2,"{'C': 5, 'O': 2, 'H': 10}",102.06807956144,negative,-1,EVA,Ethylene-Vinyl Acetate,adduct,break 1 bond(s) | H shift +2 | -H | ; | break 1 bond(s) | H shift +2 | -H | ; | break 1 bond(s) | H shift +2 | -H,1,2,-H,,"[1, 2, 3, 4, 5, 6, 7, 11, 12, 13, 14, 15, 16, 17, 18, 19]",0.5
C5H11O2,"{'C': 5, 'O': 2, 'H': 11}",103.07590459367,neutral,0,EVA,Ethylene-Vinyl Acetate,h_shift,break 1 bond(s) | H shift +2 | ; | break 1 bond(s) | H shift +2 | ; | break 1 bond(s) | H shift +2,1,2,,,"[1, 2, 3, 4, 5, 6, 7, 11, 12, 13, 14, 15, 16, 17, 18, 19]",0.5
C5H12O2,"{'C': 5, 'O': 2, 'H': 12}",104.0837296259,positive,1,EVA,Ethylene-Vinyl Acetate,adduct,break 1 bond(s) | H shift +2 | H | ; | break 1 bond(s) | H shift +2 | H | ; | break 1 bond(s) | H shift +2 | H,1,2,H,,"[1, 2, 3, 4, 5, 6, 7, 11, 12, 13, 14, 15, 16, 17, 18, 19]",0.5
C5H6O2,"{'C': 5, 'O': 2, 'H': 6}",98.03677943252,negative,-1,EVA,Ethylene-Vinyl Acetate,adduct,break 1 bond(s) | H shift -2 | -H | ; | break 1 bond(s) | H shift -2 | -H | ; | break 1 bond(s) | H shift -2 | -H,1,-2,-H,,"[1, 2, 3, 4, 5, 6, 7, 11, 12, 13, 14, 15, 16, 17, 18, 19]",0.5
C5H7O,"{'C': 5, 'O': 1, 'H': 7}",83.04968984518,neutral,0,EVA,Ethylene-Vinyl Acetate,neutral_loss,break 1 bond(s) | -H2O | ; | break 1 bond(s) | H shift -1 | -OH | ; | break 1 bond(s) | -H2O,1,0,,H2O,"[1, 2, 3, 4, 5, 6, 7, 11, 12, 13, 14, 15, 16, 17, 18, 19]",0.5
C5H7O2,"{'C': 5, 'O': 2, 'H': 7}",99.04460446475,neutral,0,EVA,Ethylene-Vinyl Acetate,h_shift,break 1 bond(s) | H shift -2 | ; | break 1 bond(s) | H shift -2 | ; | break 1 bond(s) | H shift -2,1,-2,,,"[1, 2, 3, 4, 5, 6, 7, 11, 12, 13, 14, 15, 16, 17, 18, 19]",0.5
C5H8O2,"{'C': 5, 'O': 2, 'H': 8}",100.05242949698,positive,1,EVA,Ethylene-Vinyl Acetate,adduct,break 1 bond(s) | H shift -2 | H | ; | break 1 bond(s) | H shift -2 | H | ; | break 1 bond(s) | H shift -2 | H,1,-2,H,,"[1, 2, 3, 4, 5, 6, 7, 11, 12, 13, 14, 15, 16, 17, 18, 19]",0.5
CH2,"{'C': 1, 'H': 2}",14.01565006446,neutral,0,EVA,Ethylene-Vinyl Acetate,neutral_loss,break 1 bond(s) | -CH3 | ; | break 1 bond(s) | H shift -1 | -CO2 | ; | break 1 bond(s) | H shift -1 | -CO,1,0,,CH3,"[0, 1, 8, 9, 10, 11, 12]",0.5
CH3,"{'C': 1, 'H': 3}",15.02347509669,neutral,0,EVA,Ethylene-Vinyl Acetate,neutral_loss,break 1 bond(s) | -CO2 | ; | break 1 bond(s) | -CO | ; | break 2 bond(s) | -CO2 | ; | break 2 bond(s) | -CO,1,0,,CO2,"[3, 4, 5, 6, 14, 15, 16]",0.5
CH3O,"{'O': 1, 'C': 1, 'H': 3}",31.01838971626,neutral,0,EVA,Ethylene-Vinyl Acetate,neutral_loss,break 1 bond(s) | -CO | ; | break 2 bond(s) | -CO | ; | break 2 bond(s) | -CO | ; | break 2 bond(s) | H shift +2 | -CH3,1,0,,CO,"[3, 4, 5, 6, 14, 15, 16]",0.5
CO,"{'C': 1, 'O': 1}",27.99491461957,neutral,0,EVA,Ethylene-Vinyl Acetate,neutral_loss,break 1 bond(s) | -CH3 | ; | break 2 bond(s) | -CH3 | ; | break 2 bond(s) | H shift -1 | -CH3,1,0,,CH3,"[4, 5, 6, 14, 15, 16]",0.5
CO2,"{'O': 2, 'C': 1}",43.98982923914,neutral,0,EVA,Ethylene-Vinyl Acetate,neutral_loss,break 1 bond(s) | -CH3 | ; | break 2 bond(s) | -CH3 | ; | break 2 bond(s) | -CH3 | ; | break 2 bond(s) | H shift +2 | -H2,1,0,,CH3,"[3, 4, 5, 6, 14, 15, 16]",0.5
C2H3ClO,"{'C': 2, 'O': 1, 'H': 3, 'Cl': 1}",77.98724239826,negative,-1,EVA,Ethylene-Vinyl Acetate,adduct,break 1 bond(s) | Cl | ; | break 2 bond(s) | Cl | ; | break 2 bond(s) | H shift -1 | Cl,1,0,Cl,,"[4, 5, 6, 14, 15, 16]",0.48
C2H3ClO2,"{'O': 2, 'C': 2, 'H': 3, 'Cl': 1}",93.98215701783,negative,-1,EVA,Ethylene-Vinyl Acetate,adduct,break 1 bond(s) | Cl | ; | break 2 bond(s) | Cl | ; | break 2 bond(s) | Cl | ; | break 2 bond(s) | Cl,1,0,Cl,,"[3, 4, 5, 6, 14, 15, 16]",0.48
C2H3KO,"{'C': 2, 'O': 1, 'H': 3, 'K': 1}",81.98209620266,positive,1,EVA,Ethylene-Vinyl Acetate,adduct,break 1 bond(s) | K | ; | break 2 bond(s) | K | ; | break 2 bond(s) | H shift -1 | K,1,0,K,,"[4, 5, 6, 14, 15, 16]",0.48
C2H3KO2,"{'O': 2, 'C': 2, 'H': 3, 'K': 1}",97.97701082223,positive,1,EVA,Ethylene-Vinyl Acetate,adduct,break 1 bond(s) | K | ; | break 2 bond(s) | K | ; | break 2 bond(s) | K | ; | break 2 bond(s) | K,1,0,K,,"[3, 4, 5, 6, 14, 15, 16]",0.48
C2H3NaO,"{'C': 2, 'O': 1, 'H': 3, 'Na': 1}",66.00815899826,positive,1,EVA,Ethylene-Vinyl Acetate,adduct,break 1 bond(s) | Na | ; | break 2 bond(s) | Na | ; | break 2 bond(s) | H shift -1 | Na,1,0,Na,,"[4, 5, 6, 14, 15, 16]",0.48
C2H3NaO2,"{'O': 2, 'C': 2, 'H': 3, 'Na': 1}",82.00307361783,positive,1,EVA,Ethylene-Vinyl Acetate,adduct,break 1 bond(s) | Na | ; | break 2 bond(s) | Na | ; | break 2 bond(s) | Na | ; | break 2 bond(s) | Na,1,0,Na,,"[3, 4, 5, 6, 14, 15, 16]",0.48
C2H3O3,"{'O': 3, 'C': 2, 'H': 3}",75.00821895540001,negative,-1,EVA,Ethylene-Vinyl Acetate,adduct,break 1 bond(s) | O | ; | break 2 bond(s) | H shift -1 | OH | ; | break 2 bond(s) | O,1,0,O,,"[3, 4, 5, 6, 14, 15, 16]",0.48
C2H4O3,"{'O': 3, 'C': 2, 'H': 4}",76.01604398763,negative,-1,EVA,Ethylene-Vinyl Acetate,adduct,break 1 bond(s) | OH | ; | break 1 bond(s) | H shift +1 | O | ; | break 2 bond(s) | OH,1,0,OH,,"[3, 4, 5, 6, 14, 15, 16]",0.48
C2H5Cl,"{'C': 2, 'H': 5, 'Cl': 1}",64.00797784315,negative,-1,EVA,Ethylene-Vinyl Acetate,adduct,break 1 bond(s) | Cl | ; | break 2 bond(s) | Cl | ; | break 2 bond(s) | H shift +1 | Cl,1,0,Cl,,"[0, 1, 8, 9, 10, 11, 12]",0.48
C2H5K,"{'C': 2, 'H': 5, 'K': 1}",68.00283164755,positive,1,EVA,Ethylene-Vinyl Acetate,adduct,break 1 bond(s) | K | ; | break 2 bond(s) | K | ; | break 2 bond(s) | H shift +1 | K,1,0,K,,"[0, 1, 8, 9, 10, 11, 12]",0.48
C2H5Na,"{'C': 2, 'H': 5, 'Na': 1}",52.02889444315,positive,1,EVA,Ethylene-Vinyl Acetate,adduct,break 1 bond(s) | Na | ; | break 2 bond(s) | Na | ; | break 2 bond(s) | H shift +1 | Na,1,0,Na,,"[0, 1, 8, 9, 10, 11, 12]",0.48
C2H5O,"{'C': 2, 'H': 5, 'O': 1}",45.03403978072,negative,-1,EVA,Ethylene-Vinyl Acetate,adduct,break 1 bond(s) | O | ; | break 2 bond(s) | H shift -1 | OH | ; | break 2 bond(s) | O,1,0,O,,"[0, 1, 8, 9, 10, 11, 12]",0.48
C2H6O,"{'C': 2, 'H': 6, 'O': 1}",46.04186481295,negative,-1,EVA,Ethylene-Vinyl Acetate,adduct,break 1 bond(s) | OH | ; | break 1 bond(s) | H shift +1 | O | ; | break 2 bond(s) | OH,1,0,OH,,"[0, 1, 8, 9, 10, 11, 12]",0.48
C4H10O2,"{'C': 4, 'O': 2, 'H': 10}",90.06807956144,negative,-1,EVA,Ethylene-Vinyl Acetate,adduct,break 1 bond(s) | OH | ; | break 1 bond(s) | H shift +1 | O | ; | break 2 bond(s) | OH,1,0,OH,,"[0, 1, 2, 3, 7, 8, 9, 10, 11, 12, 13, 17, 18, 19]",0.48
C4H7ClO2,"{'C': 4, 'O': 2, 'H': 7, 'Cl': 1}",122.01345714675,negative,-1,EVA,Ethylene-Vinyl Acetate,adduct,break 1 bond(s) | Cl | ; | break 2 bond(s) | Cl | ; | break 2 bond(s) | H shift +1 | Cl,1,0,Cl,,"[2, 3, 4, 5, 6, 7, 13, 14, 15, 16, 17, 18, 19]",0.48
C4H7KO2,"{'C': 4, 'O': 2, 'H': 7, 'K': 1}",126.00831095115,positive,1,EVA,Ethylene-Vinyl Acetate,adduct,break 1 bond(s) | K | ; | break 2 bond(s) | K | ; | break 2 bond(s) | H shift +1 | K,1,0,K,,"[2, 3, 4, 5, 6, 7, 13, 14, 15, 16, 17, 18, 19]",0.48
C4H7NaO2,"{'C': 4, 'O': 2, 'H': 7, 'Na': 1}",110.03437374675,positive,1,EVA,Ethylene-Vinyl Acetate,adduct,break 1 bond(s) | Na | ; | break 2 bond(s) | Na | ; | break 2 bond(s) | H shift +1 | Na,1,0,Na,,"[2, 3, 4, 5, 6, 7, 13, 14, 15, 16, 17, 18, 19]",0.48
C4H7O3,"{'C': 4, 'O': 3, 'H': 7}",103.03951908432,negative,-1,EVA,Ethylene-Vinyl Acetate,adduct,break 1 bond(s) | O | ; | break 2 bond(s) | H shift -1 | OH | ; | break 2 bond(s) | O,1,0,O,,"[2, 3, 4, 5, 6, 7, 13, 14, 15, 16, 17, 18, 19]",0.48
C4H8O3,"{'C': 4, 'O': 3, 'H': 8}",104.04734411655001,negative,-1,EVA,Ethylene-Vinyl Acetate,adduct,break 1 bond(s) | OH | ; | break 1 bond(s) | H shift +1 | O | ; | break 2 bond(s) | OH,1,0,OH,,"[2, 3, 4, 5, 6, 7, 13, 14, 15, 16, 17, 18, 19]",0.48
C4H9Cl,"{'C': 4, 'H': 9, 'Cl': 1}",92.03927797207,negative,-1,EVA,Ethylene-Vinyl Acetate,adduct,break 1 bond(s) | Cl | ; | break 2 bond(s) | Cl | ; | break 2 bond(s) | Cl,1,0,Cl,,"[0, 1, 2, 7, 8, 9, 10, 11, 12, 13, 17, 18, 19]",0.48
C4H9ClO,"{'C': 4, 'O': 1, 'H': 9, 'Cl': 1}",108.03419259164,negative,-1,EVA,Ethylene-Vinyl Acetate,adduct,break 1 bond(s) | Cl | ; | break 2 bond(s) | Cl,1,0,Cl,,"[0, 1, 2, 3, 7, 8, 9, 10, 11, 12, 13, 17, 18, 19]",0.48
C4H9K,"{'C': 4, 'H': 9, 'K': 1}",96.03413177647,positive,1,EVA,Ethylene-Vinyl Acetate,adduct,break 1 bond(s) | K | ; | break 2 bond(s) | K | ; | break 2 bond(s) | K,1,0,K,,"[0, 1, 2, 7, 8, 9, 10, 11, 12, 13, 17, 18, 19]",0.48
C4H9KO,"{'C': 4, 'O': 1, 'H': 9, 'K': 1}",112.02904639604,positive,1,EVA,Ethylene-Vinyl Acetate,adduct,break 1 bond(s) | K | ; | break 2 bond(s) | K,1,0,K,,"[0, 1, 2, 3, 7, 8, 9, 10, 11, 12, 13, 17, 18, 19]",0.48
C4H9Na,"{'C': 4, 'H': 9, 'Na': 1}",80.06019457207,positive,1,EVA,Ethylene-Vinyl Acetate,adduct,break 1 bond(s) | Na | ; | break 2 bond(s) | Na | ; | break 2 bond(s) | Na,1,0,Na,,"[0, 1, 2, 7, 8, 9, 10, 11, 12, 13, 17, 18, 19]",0.48
C4H9NaO,"{'C': 4, 'O': 1, 'H': 9, 'Na': 1}",96.05510919164,positive,1,EVA,Ethylene-Vinyl Acetate,adduct,break 1 bond(s) | Na | ; | break 2 bond(s) | Na,1,0,Na,,"[0, 1, 2, 3, 7, 8, 9, 10, 11, 12, 13, 17, 18, 19]",0.48
C4H9O2,"{'C': 4, 'O': 2, 'H': 9}",89.06025452921,negative,-1,EVA,Ethylene-Vinyl Acetate,adduct,break 1 bond(s) | O | ; | break 2 bond(s) | H shift -1 | OH | ; | break 2 bond(s) | O,1,0,O,,"[0, 1, 2, 3, 7, 8, 9, 10, 11, 12, 13, 17, 18, 19]",0.48
C5H10O3,"{'C': 5, 'O': 3, 'H': 10}",118.06299418101,negative,-1,EVA,Ethylene-Vinyl Acetate,adduct,break 1 bond(s) | OH | ; | break 1 bond(s) | H shift +1 | O | ; | break 1 bond(s) | OH,1,0,OH,,"[1, 2, 3, 4, 5, 6, 7, 11, 12, 13, 14, 15, 16, 17, 18, 19]",0.48
C5H9ClO2,"{'C': 5, 'O': 2, 'H': 9, 'Cl': 1}",136.02910721121,negative,-1,EVA,Ethylene-Vinyl Acetate,adduct,break 1 bond(s) | Cl | ; | break 1 bond(s) | Cl | ; | break 1 bond(s) | Cl,1,0,Cl,,"[1, 2, 3, 4, 5, 6, 7, 11, 12, 13, 14, 15, 16, 17, 18, 19]",0.48
C5H9KO2,"{'C': 5, 'O': 2, 'H': 9, 'K': 1}",140.02396101561,positive,1,EVA,Ethylene-Vinyl Acetate,adduct,break 1 bond(s) | K | ; | break 1 bond(s) | K | ; | break 1 bond(s) | K,1,0,K,,"[1, 2, 3, 4, 5, 6, 7, 11, 12, 13, 14, 15, 16, 17, 18, 19]",0.48
C5H9NaO2,"{'C': 5, 'O': 2, 'H': 9, 'Na': 1}",124.05002381121,positive,1,EVA,Ethylene-Vinyl Acetate,adduct,break 1 bond(s) | Na | ; | break 1 bond(s) | Na | ; | break 1 bond(s) | Na,1,0,Na,,"[1, 2, 3, 4, 5, 6, 7, 11, 12, 13, 14, 15, 16, 17, 18, 19]",0.48
C5H9O3,"{'C': 5, 'O': 3, 'H': 9}",117.05516914878001,negative,-1,EVA,Ethylene-Vinyl Acetate,adduct,break 1 bond(s) | O | ; | break 1 bond(s) | H shift -1 | OH | ; | break 1 bond(s) | O,1,0,O,,"[1, 2, 3, 4, 5, 6, 7, 11, 12, 13, 14, 15, 16, 17, 18, 19]",0.48
C2H4,"{'C': 2, 'H': 4}",28.03130012892,neutral,0,EVA,Ethylene-Vinyl Acetate,fragment,break 2 bond(s),2,0,,,"[2, 7, 13, 17, 18, 19]",0.45
C2H4O,"{'C': 2, 'O': 1, 'H': 4}",44.02621474849,neutral,0,EVA,Ethylene-Vinyl Acetate,fragment,break 2 bond(s),2,0,,,"[2, 3, 7, 13, 17, 18, 19]",0.45
C3H3O2,"{'C': 3, 'O': 2, 'H': 3}",71.01330433583,negative,-1,EVA,Ethylene-Vinyl Acetate,adduct,break 2 bond(s) | -H | ; | break 2 bond(s) | -H,2,0,-H,,"[2, 3, 4, 5, 7, 13, 17, 18, 19]",0.45
C3H4O2,"{'C': 3, 'O': 2, 'H': 4}",72.02112936806,neutral,0,EVA,Ethylene-Vinyl Acetate,fragment,break 2 bond(s) | ; | break 2 bond(s),2,0,,,"[2, 3, 4, 5, 7, 13, 17, 18, 19]",0.45
C3H5,"{'C': 3, 'H': 5}",41.03912516115,negative,-1,EVA,Ethylene-Vinyl Acetate,adduct,break 2 bond(s) | -H | ; | break 2 bond(s) | -H,2,0,-H,,"[1, 2, 7, 11, 12, 13, 17, 18, 19]",0.45
C3H5O,"{'C': 3, 'O': 1, 'H': 5}",57.03403978072,negative,-1,EVA,Ethylene-Vinyl Acetate,adduct,break 2 bond(s) | -H | ; | break 2 bond(s) | H shift -2 | OH | ; | break 2 bond(s) | H shift -1 | O,2,0,-H,,"[1, 2, 3, 7, 11, 12, 13, 17, 18, 19]",0.45
C3H5O2,"{'C': 3, 'O': 2, 'H': 5}",73.02895440029,positive,1,EVA,Ethylene-Vinyl Acetate,adduct,break 2 bond(s) | H | ; | break 2 bond(s) | H,2,0,H,,"[2, 3, 4, 5, 7, 13, 17, 18, 19]",0.45
C3H6,"{'C': 3, 'H': 6}",42.04695019338,neutral,0,EVA,Ethylene-Vinyl Acetate,fragment,break 2 bond(s) | ; | break 2 bond(s),2,0,,,"[1, 2, 7, 11, 12, 13, 17, 18, 19]",0.45
C3H6O,"{'C': 3, 'O': 1, 'H': 6}",58.04186481295,neutral,0,EVA,Ethylene-Vinyl Acetate,fragment,break 2 bond(s) | ; | break 2 bond(s),2,0,,,"[1, 2, 3, 7, 11, 12, 13, 17, 18, 19]",0.45
C3H7,"{'C': 3, 'H': 7}",43.05477522561,positive,1,EVA,Ethylene-Vinyl Acetate,adduct,break 2 bond(s) | H | ; | break 2 bond(s) | H,2,0,H,,"[1, 2, 7, 11, 12, 13, 17, 18, 19]",0.45
C3H7O,"{'C': 3, 'O': 1, 'H': 7}",59.04968984518,positive,1,EVA,Ethylene-Vinyl Acetate,adduct,break 2 bond(s) | H | ; | break 2 bond(s) | H,2,0,H,,"[1, 2, 3, 7, 11, 12, 13, 17, 18, 19]",0.45
C4H6O2,"{'C': 4, 'O': 2, 'H': 6}",86.03677943252,neutral,0,EVA,Ethylene-Vinyl Acetate,fragment,break 2 bond(s) | ; | break 2 bond(s) | ; | break 2 bond(s),2,0,,,"[1, 2, 3, 4, 5, 7, 11, 12, 13, 17, 18, 19]",0.45
CHO,"{'C': 1, 'O': 1, 'H': 1}",29.0027396518,positive,1,EVA,Ethylene-Vinyl Acetate,adduct,break 2 bond(s) | H,2,0,H,,"[4, 5]",0.45
CHO2,"{'O': 2, 'C': 1, 'H': 1}",44.99765427137,positive,1,EVA,Ethylene-Vinyl Acetate,adduct,break 2 bond(s) | H,2,0,H,,"[3, 4, 5]",0.45
CO,"{'C': 1, 'O': 1}",27.99491461957,neutral,0,EVA,Ethylene-Vinyl Acetate,fragment,break 2 bond(s),2,0,,,"[4, 5]",0.45
CO2,"{'O': 2, 'C': 1}",43.98982923914,neutral,0,EVA,Ethylene-Vinyl Acetate,fragment,break 2 bond(s),2,0,,,"[3, 4, 5]",0.45
C2,{'C': 2},24.0,neutral,0,EVA,Ethylene-Vinyl Acetate,neutral_loss,break 1 bond(s) | H shift -1 | -H2O | ; | break 2 bond(s) | H shift -2 | -OH | ; | break 2 bond(s) | H shift -1 | -H2O,1,-1,,H2O,"[4, 5, 6, 14, 15, 16]",0.44999999999999996
C2H2O2,"{'O': 2, 'C': 2, 'H': 2}",58.0054793036,neutral,0,EVA,Ethylene-Vinyl Acetate,neutral_loss,break 1 bond(s) | H shift +1 | -H2 | ; | break 2 bond(s) | H shift +1 | -H2 | ; | break 2 bond(s) | H shift +1 | -H2,1,1,,H2,"[3, 4, 5, 6, 14, 15, 16]",0.44999999999999996
C2H3O,"{'O': 1, 'C': 2, 'H': 3}",43.01838971626,neutral,0,EVA,Ethylene-Vinyl Acetate,neutral_loss,break 1 bond(s) | H shift +1 | -OH | ; | break 1 bond(s) | H shift +2 | -H2O | ; | break 1 bond(s) | H shift +2 | -H2,1,1,,OH,"[3, 4, 5, 6, 14, 15, 16]",0.44999999999999996
C2H4,"{'C': 2, 'H': 4}",28.03130012892,neutral,0,EVA,Ethylene-Vinyl Acetate,neutral_loss,break 1 bond(s) | H shift +1 | -H2 | ; | break 1 bond(s) | H shift +2 | -OH | ; | break 2 bond(s) | H shift +1 | -CH3,1,1,,H2,"[0, 1, 8, 9, 10, 11, 12]",0.44999999999999996
C2O,"{'O': 1, 'C': 2}",39.99491461957,neutral,0,EVA,Ethylene-Vinyl Acetate,neutral_loss,break 1 bond(s) | H shift -1 | -H2O | ; | break 1 bond(s) | H shift -1 | -H2 | ; | break 2 bond(s) | H shift -2 | -OH,1,-1,,H2O,"[3, 4, 5, 6, 14, 15, 16]",0.44999999999999996
C2O2,"{'O': 2, 'C': 2}",55.98982923914,neutral,0,EVA,Ethylene-Vinyl Acetate,neutral_loss,break 1 bond(s) | H shift -1 | -H2 | ; | break 2 bond(s) | H shift -1 | -H2 | ; | break 2 bond(s) | H shift -1 | -H2,1,-1,,H2,"[3, 4, 5, 6, 14, 15, 16]",0.44999999999999996
C3H10,"{'C': 3, 'H': 10}",46.0782503223,neutral,0,EVA,Ethylene-Vinyl Acetate,neutral_loss,break 1 bond(s) | H shift +1 | -CO | ; | break 2 bond(s) | H shift +1 | -CO,1,1,,CO,"[0, 1, 2, 3, 7, 8, 9, 10, 11, 12, 13, 17, 18, 19]",0.44999999999999996
C3H3O2,"{'C': 3, 'O': 2, 'H': 3}",71.01330433583,neutral,0,EVA,Ethylene-Vinyl Acetate,neutral_loss,break 1 bond(s) | H shift -1 | -CH3 | ; | break 2 bond(s) | H shift -1 | -CH3 | ; | break 2 bond(s) | -CH3,1,-1,,CH3,"[2, 3, 4, 5, 6, 7, 13, 14, 15, 16, 17, 18, 19]",0.44999999999999996
C3H5,"{'C': 3, 'H': 5}",41.03912516115,neutral,0,EVA,Ethylene-Vinyl Acetate,neutral_loss,break 1 bond(s) | H shift -1 | -CH3 | ; | break 2 bond(s) | H shift -2 | -CO2 | ; | break 2 bond(s) | H shift +1 | -H2,1,-1,,CH3,"[0, 1, 2, 7, 8, 9, 10, 11, 12, 13, 17, 18, 19]",0.44999999999999996
C3H5O,"{'C': 3, 'O': 1, 'H': 5}",57.03403978072,neutral,0,EVA,Ethylene-Vinyl Acetate,neutral_loss,break 1 bond(s) | H shift -1 | -CH3 | ; | break 2 bond(s) | H shift -2 | -CO | ; | break 2 bond(s) | H shift +1 | -H2,1,-1,,CH3,"[0, 1, 2, 3, 7, 8, 9, 10, 11, 12, 13, 17, 18, 19]",0.44999999999999996
C3H5O2,"{'C': 3, 'O': 2, 'H': 5}",73.02895440029,neutral,0,EVA,Ethylene-Vinyl Acetate,neutral_loss,break 1 bond(s) | H shift +1 | -CH3 | ; | break 2 bond(s) | H shift +1 | -CH3 | ; | break 2 bond(s) | H shift +2 | -CH3,1,1,,CH3,"[2, 3, 4, 5, 6, 7, 13, 14, 15, 16, 17, 18, 19]",0.44999999999999996
C3H8,"{'C': 3, 'H': 8}",44.06260025784,neutral,0,EVA,Ethylene-Vinyl Acetate,neutral_loss,break 1 bond(s) | H shift +1 | -CO2 | ; | break 1 bond(s) | H shift +2 | -CH3 | ; | break 1 bond(s) | H shift -1 | -CO,1,1,,CO2,"[2, 3, 4, 5, 6, 7, 13, 14, 15, 16, 17, 18, 19]",0.44999999999999996
C3H8O,"{'C': 3, 'O': 1, 'H': 8}",60.05751487741,neutral,0,EVA,Ethylene-Vinyl Acetate,neutral_loss,break 1 bond(s) | H shift +1 | -CO | ; | break 1 bond(s) | H shift +2 | -CH3 | ; | break 2 bond(s) | H shift +1 | -CO,1,1,,CO,"[2, 3, 4, 5, 6, 7, 13, 14, 15, 16, 17, 18, 19]",0.44999999999999996
C4H10,"{'C': 4, 'H': 10}",58.0782503223,neutral,0,EVA,Ethylene-Vinyl Acetate,neutral_loss,break 1 bond(s) | H shift +1 | -CO2 | ; | break 1 bond(s) | H shift +2 | -OH | ; | break 1 bond(s) | H shift +1 | -CO2,1,1,,CO2,"[1, 2, 3, 4, 5, 6, 7, 11, 12, 13, 14, 15, 16, 17, 18, 19]",0.44999999999999996
C4H10O,"{'C': 4, 'O': 1, 'H': 10}",74.07316494187,neutral,0,EVA,Ethylene-Vinyl Acetate,neutral_loss,break 1 bond(s) | H shift +1 | -CO | ; | break 1 bond(s) | H shift +1 | -CO | ; | break 1 bond(s) | H shift +1 | -CO,1,1,,CO,"[1, 2, 3, 4, 5, 6, 7, 11, 12, 13, 14, 15, 16, 17, 18, 19]",0.44999999999999996
C4H4O,"{'C': 4, 'O': 1, 'H': 4}",68.02621474849,neutral,0,EVA,Ethylene-Vinyl Acetate,neutral_loss,break 1 bond(s) | H shift -1 | -H2O | ; | break 2 bond(s) | H shift -2 | -OH | ; | break 2 bond(s) | H shift -1 | -H2O,1,-1,,H2O,"[2, 3, 4, 5, 6, 7, 13, 14, 15, 16, 17, 18, 19]",0.44999999999999996
C4H4O2,"{'C': 4, 'O': 2, 'H': 4}",84.02112936806,neutral,0,EVA,Ethylene-Vinyl Acetate,neutral_loss,break 1 bond(s) | H shift -1 | -H2 | ; | break 1 bond(s) | H shift -2 | -CH3 | ; | break 1 bond(s) | H shift -2 | -CH3,1,-1,,H2,"[2, 3, 4, 5, 6, 7, 13, 14, 15, 16, 17, 18, 19]",0.44999999999999996
C4H6,"{'C': 4, 'H': 6}",54.04695019338,neutral,0,EVA,Ethylene-Vinyl Acetate,neutral_loss,break 1 bond(s) | H shift -1 | -H2 | ; | break 1 bond(s) | H shift -2 | -OH | ; | break 1 bond(s) | H shift -1 | -H2O,1,-1,,H2,"[0, 1, 2, 7, 8, 9, 10, 11, 12, 13, 17, 18, 19]",0.44999999999999996
C4H7O2,"{'C': 4, 'O': 2, 'H': 7}",87.04460446475,neutral,0,EVA,Ethylene-Vinyl Acetate,neutral_loss,break 1 bond(s) | H shift +1 | -CH3 | ; | break 1 bond(s) | H shift +2 | -H2 | ; | break 1 bond(s) | H shift +1 | -CH3,1,1,,CH3,"[1, 2, 3, 4, 5, 6, 7, 11, 12, 13, 14, 15, 16, 17, 18, 19]",0.44999999999999996
C4H8O,"{'C': 4, 'O': 1, 'H': 8}",72.05751487741,neutral,0,EVA,Ethylene-Vinyl Acetate,neutral_loss,break 1 bond(s) | H shift -1 | -CO | ; | break 1 bond(s) | H shift +2 | -OH | ; | break 1 bond(s) | H shift +1 | -H2,1,-1,,CO,"[1, 2, 3, 4, 5, 6, 7, 11, 12, 13, 14, 15, 16, 17, 18, 19]",0.44999999999999996
C5H6O,"{'C': 5, 'O': 1, 'H': 6}",82.04186481295,neutral,0,EVA,Ethylene-Vinyl Acetate,neutral_loss,break 1 bond(s) | H shift -1 | -H2O | ; | break 1 bond(s) | H shift -2 | -OH | ; | break 1 bond(s) | H shift -1 | -H2O,1,-1,,H2O,"[1, 2, 3, 4, 5, 6, 7, 11, 12, 13, 14, 15, 16, 17, 18, 19]",0.44999999999999996
CH,"{'C': 1, 'H': 1}",13.00782503223,neutral,0,EVA,Ethylene-Vinyl Acetate,neutral_loss,break 1 bond(s) | H shift -1 | -CH3 | ; | break 1 bond(s) | H shift -2 | -CO2 | ; | break 1 bond(s) | H shift -2 | -CO,1,-1,,CH3,"[0, 1, 8, 9, 10, 11, 12]",0.44999999999999996
CH2O,"{'O': 1, 'C': 1, 'H': 2}",30.01056468403,neutral,0,EVA,Ethylene-Vinyl Acetate,neutral_loss,break 1 bond(s) | H shift -1 | -CO | ; | break 1 bond(s) | H shift +2 | -CH3 | ; | break 2 bond(s) | H shift -1 | -CO,1,-1,,CO,"[3, 4, 5, 6, 14, 15, 16]",0.44999999999999996
CH4,"{'C': 1, 'H': 4}",16.03130012892,neutral,0,EVA,Ethylene-Vinyl Acetate,neutral_loss,break 1 bond(s) | H shift +1 | -CO2 | ; | break 1 bond(s) | H shift +1 | -CO | ; | break 2 bond(s) | H shift +1 | -CO2,1,1,,CO2,"[3, 4, 5, 6, 14, 15, 16]",0.44999999999999996
CH4O,"{'O': 1, 'C': 1, 'H': 4}",32.02621474849,neutral,0,EVA,Ethylene-Vinyl Acetate,neutral_loss,break 1 bond(s) | H shift +1 | -CO | ; | break 2 bond(s) | H shift +1 | -CO | ; | break 2 bond(s) | H shift +1 | -CO,1,1,,CO,"[3, 4, 5, 6, 14, 15, 16]",0.44999999999999996
CHO,"{'C': 1, 'O': 1, 'H': 1}",29.0027396518,neutral,0,EVA,Ethylene-Vinyl Acetate,neutral_loss,break 1 bond(s) | H shift +1 | -CH3 | ; | break 2 bond(s) | H shift -2 | -CO | ; | break 2 bond(s) | H shift +1 | -CH3,1,1,,CH3,"[4, 5, 6, 14, 15, 16]",0.44999999999999996
CHO2,"{'O': 2, 'C': 1, 'H': 1}",44.99765427137,neutral,0,EVA,Ethylene-Vinyl Acetate,neutral_loss,break 1 bond(s) | H shift +1 | -CH3 | ; | break 2 bond(s) | H shift +1 | -CH3 | ; | break 2 bond(s) | H shift +1 | -CH3,1,1,,CH3,"[3, 4, 5, 6, 14, 15, 16]",0.44999999999999996
C12H20ClO4,"{'C': 12, 'H': 20, 'O': 4, 'Cl': 1}",263.10501180488,negative,-1,EVA,Ethylene-Vinyl Acetate,dimer,2M | Cl,0,0,Cl,,,0.43
C12H20NaO4,"{'C': 12, 'H': 20, 'O': 4, 'Na': 1}",251.12592840488,positive,1,EVA,Ethylene-Vinyl Acetate,dimer,2M | Na,0,0,Na,,,0.43
C2H2ClO,"{'C': 2, 'O': 1, 'H': 2, 'Cl': 1}",76.97941736602999,negative,-1,EVA,Ethylene-Vinyl Acetate,adduct,break 1 bond(s) | H shift -1 | Cl | ; | break 2 bond(s) | H shift -1 | Cl | ; | break 2 bond(s) | H shift -2 | Cl,1,-1,Cl,,"[4, 5, 6, 14, 15, 16]",0.42999999999999994
C2H2ClO2,"{'O': 2, 'C': 2, 'H': 2, 'Cl': 1}",92.9743319856,negative,-1,EVA,Ethylene-Vinyl Acetate,adduct,break 1 bond(s) | H shift -1 | Cl | ; | break 2 bond(s) | H shift -1 | Cl | ; | break 2 bond(s) | H shift -1 | Cl,1,-1,Cl,,"[3, 4, 5, 6, 14, 15, 16]",0.42999999999999994
C2H2KO,"{'C': 2, 'O': 1, 'H': 2, 'K': 1}",80.97427117043,positive,1,EVA,Ethylene-Vinyl Acetate,adduct,break 1 bond(s) | H shift -1 | K | ; | break 2 bond(s) | H shift -1 | K | ; | break 2 bond(s) | H shift -2 | K,1,-1,K,,"[4, 5, 6, 14, 15, 16]",0.42999999999999994
C2H2KO2,"{'O': 2, 'C': 2, 'H': 2, 'K': 1}",96.96918579,positive,1,EVA,Ethylene-Vinyl Acetate,adduct,break 1 bond(s) | H shift -1 | K | ; | break 2 bond(s) | H shift -1 | K | ; | break 2 bond(s) | H shift -1 | K,1,-1,K,,"[3, 4, 5, 6, 14, 15, 16]",0.42999999999999994
C2H2NaO,"{'C': 2, 'O': 1, 'H': 2, 'Na': 1}",65.00033396603,positive,1,EVA,Ethylene-Vinyl Acetate,adduct,break 1 bond(s) | H shift -1 | Na | ; | break 2 bond(s) | H shift -1 | Na | ; | break 2 bond(s) | H shift -2 | Na,1,-1,Na,,"[4, 5, 6, 14, 15, 16]",0.42999999999999994
C2H2NaO2,"{'O': 2, 'C': 2, 'H': 2, 'Na': 1}",80.9952485856,positive,1,EVA,Ethylene-Vinyl Acetate,adduct,break 1 bond(s) | H shift -1 | Na | ; | break 2 bond(s) | H shift -1 | Na | ; | break 2 bond(s) | H shift -1 | Na,1,-1,Na,,"[3, 4, 5, 6, 14, 15, 16]",0.42999999999999994
C2H2O3,"{'O': 3, 'C': 2, 'H': 2}",74.00039392317001,negative,-1,EVA,Ethylene-Vinyl Acetate,adduct,break 1 bond(s) | H shift -1 | O | ; | break 2 bond(s) | H shift -2 | OH | ; | break 2 bond(s) | H shift -1 | O,1,-1,O,,"[3, 4, 5, 6, 14, 15, 16]",0.42999999999999994
C2H4Cl,"{'C': 2, 'H': 4, 'Cl': 1}",63.00015281092,negative,-1,EVA,Ethylene-Vinyl Acetate,adduct,break 1 bond(s) | H shift -1 | Cl | ; | break 2 bond(s) | H shift -1 | Cl | ; | break 2 bond(s) | Cl,1,-1,Cl,,"[0, 1, 8, 9, 10, 11, 12]",0.42999999999999994
C2H4ClO,"{'C': 2, 'O': 1, 'H': 4, 'Cl': 1}",78.99506743049,negative,-1,EVA,Ethylene-Vinyl Acetate,adduct,break 1 bond(s) | H shift +1 | Cl | ; | break 2 bond(s) | H shift +1 | Cl | ; | break 2 bond(s) | Cl,1,1,Cl,,"[4, 5, 6, 14, 15, 16]",0.42999999999999994
C2H4ClO2,"{'O': 2, 'C': 2, 'H': 4, 'Cl': 1}",94.98998205006,negative,-1,EVA,Ethylene-Vinyl Acetate,adduct,break 1 bond(s) | H shift +1 | Cl | ; | break 2 bond(s) | H shift +1 | Cl | ; | break 2 bond(s) | H shift +1 | Cl,1,1,Cl,,"[3, 4, 5, 6, 14, 15, 16]",0.42999999999999994
C2H4K,"{'C': 2, 'H': 4, 'K': 1}",66.99500661532,positive,1,EVA,Ethylene-Vinyl Acetate,adduct,break 1 bond(s) | H shift -1 | K | ; | break 2 bond(s) | H shift -1 | K | ; | break 2 bond(s) | K,1,-1,K,,"[0, 1, 8, 9, 10, 11, 12]",0.42999999999999994
C2H4KO,"{'C': 2, 'O': 1, 'H': 4, 'K': 1}",82.98992123489,positive,1,EVA,Ethylene-Vinyl Acetate,adduct,break 1 bond(s) | H shift +1 | K | ; | break 2 bond(s) | H shift +1 | K | ; | break 2 bond(s) | K,1,1,K,,"[4, 5, 6, 14, 15, 16]",0.42999999999999994
C2H4KO2,"{'O': 2, 'C': 2, 'H': 4, 'K': 1}",98.98483585446,positive,1,EVA,Ethylene-Vinyl Acetate,adduct,break 1 bond(s) | H shift +1 | K | ; | break 2 bond(s) | H shift +1 | K | ; | break 2 bond(s) | H shift +1 | K,1,1,K,,"[3, 4, 5, 6, 14, 15, 16]",0.42999999999999994
C2H4Na,"{'C': 2, 'H': 4, 'Na': 1}",51.02106941092,positive,1,EVA,Ethylene-Vinyl Acetate,adduct,break 1 bond(s) | H shift -1 | Na | ; | break 2 bond(s) | H shift -1 | Na | ; | break 2 bond(s) | Na,1,-1,Na,,"[0, 1, 8, 9, 10, 11, 12]",0.42999999999999994
C2H4NaO,"{'C': 2, 'O': 1, 'H': 4, 'Na': 1}",67.01598403049,positive,1,EVA,Ethylene-Vinyl Acetate,adduct,break 1 bond(s) | H shift +1 | Na | ; | break 2 bond(s) | H shift +1 | Na | ; | break 2 bond(s) | Na,1,1,Na,,"[4, 5, 6, 14, 15, 16]",0.42999999999999994
C2H4NaO2,"{'O': 2, 'C': 2, 'H': 4, 'Na': 1}",83.01089865006,positive,1,EVA,Ethylene-Vinyl Acetate,adduct,break 1 bond(s) | H shift +1 | Na | ; | break 2 bond(s) | H shift +1 | Na | ; | break 2 bond(s) | H shift +1 | Na,1,1,Na,,"[3, 4, 5, 6, 14, 15, 16]",0.42999999999999994
C2H5O2,"{'C': 2, 'O': 2, 'H': 5}",61.028954400290004,negative,-1,EVA,Ethylene-Vinyl Acetate,adduct,break 1 bond(s) | H shift +1 | OH | ; | break 1 bond(s) | H shift +2 | O | ; | break 2 bond(s) | H shift +1 | OH,1,1,OH,,"[4, 5, 6, 14, 15, 16]",0.42999999999999994
C2H5O3,"{'O': 3, 'C': 2, 'H': 5}",77.02386901986,negative,-1,EVA,Ethylene-Vinyl Acetate,adduct,break 1 bond(s) | H shift +1 | OH | ; | break 1 bond(s) | H shift +2 | O | ; | break 2 bond(s) | H shift +1 | OH,1,1,OH,,"[3, 4, 5, 6, 14, 15, 16]",0.42999999999999994
C2H6Cl,"{'C': 2, 'H': 6, 'Cl': 1}",65.01580287538,negative,-1,EVA,Ethylene-Vinyl Acetate,adduct,break 1 bond(s) | H shift +1 | Cl | ; | break 2 bond(s) | H shift +1 | Cl | ; | break 2 bond(s) | H shift +2 | Cl,1,1,Cl,,"[0, 1, 8, 9, 10, 11, 12]",0.42999999999999994
C2H6K,"{'C': 2, 'H': 6, 'K': 1}",69.01065667978,positive,1,EVA,Ethylene-Vinyl Acetate,adduct,break 1 bond(s) | H shift +1 | K | ; | break 2 bond(s) | H shift +1 | K | ; | break 2 bond(s) | H shift +2 | K,1,1,K,,"[0, 1, 8, 9, 10, 11, 12]",0.42999999999999994
C2H6Na,"{'C': 2, 'H': 6, 'Na': 1}",53.03671947538,positive,1,EVA,Ethylene-Vinyl Acetate,adduct,break 1 bond(s) | H shift +1 | Na | ; | break 2 bond(s) | H shift +1 | Na | ; | break 2 bond(s) | H shift +2 | Na,1,1,Na,,"[0, 1, 8, 9, 10, 11, 12]",0.42999999999999994
C2H7O,"{'C': 2, 'H': 7, 'O': 1}",47.04968984518,negative,-1,EVA,Ethylene-Vinyl Acetate,adduct,break 1 bond(s) | H shift +1 | OH | ; | break 1 bond(s) | H shift +2 | O | ; | break 2 bond(s) | H shift +1 | OH,1,1,OH,,"[0, 1, 8, 9, 10, 11, 12]",0.42999999999999994
C4H10Cl,"{'C': 4, 'H': 10, 'Cl': 1}",93.0471030043,negative,-1,EVA,Ethylene-Vinyl Acetate,adduct,break 1 bond(s) | H shift +1 | Cl | ; | break 2 bond(s) | H shift +1 | Cl | ; | break 2 bond(s) | H shift +1 | Cl,1,1,Cl,,"[0, 1, 2, 7, 8, 9, 10, 11, 12, 13, 17, 18, 19]",0.42999999999999994
C4H10ClO,"{'C': 4, 'O': 1, 'H': 10, 'Cl': 1}",109.04201762387,negative,-1,EVA,Ethylene-Vinyl Acetate,adduct,break 1 bond(s) | H shift +1 | Cl | ; | break 2 bond(s) | H shift +1 | Cl,1,1,Cl,,"[0, 1, 2, 3, 7, 8, 9, 10, 11, 12, 13, 17, 18, 19]",0.42999999999999994
C4H10K,"{'C': 4, 'H': 10, 'K': 1}",97.04195680870001,positive,1,EVA,Ethylene-Vinyl Acetate,adduct,break 1 bond(s) | H shift +1 | K | ; | break 2 bond(s) | H shift +1 | K | ; | break 2 bond(s) | H shift +1 | K,1,1,K,,"[0, 1, 2, 7, 8, 9, 10, 11, 12, 13, 17, 18, 19]",0.42999999999999994
C4H10KO,"{'C': 4, 'O': 1, 'H': 10, 'K': 1}",113.03687142827,positive,1,EVA,Ethylene-Vinyl Acetate,adduct,break 1 bond(s) | H shift +1 | K | ; | break 2 bond(s) | H shift +1 | K,1,1,K,,"[0, 1, 2, 3, 7, 8, 9, 10, 11, 12, 13, 17, 18, 19]",0.42999999999999994
C4H10Na,"{'C': 4, 'H': 10, 'Na': 1}",81.0680196043,positive,1,EVA,Ethylene-Vinyl Acetate,adduct,break 1 bond(s) | H shift +1 | Na | ; | break 2 bond(s) | H shift +1 | Na | ; | break 2 bond(s) | H shift +1 | Na,1,1,Na,,"[0, 1, 2, 7, 8, 9, 10, 11, 12, 13, 17, 18, 19]",0.42999999999999994
C4H10NaO,"{'C': 4, 'O': 1, 'H': 10, 'Na': 1}",97.06293422387,positive,1,EVA,Ethylene-Vinyl Acetate,adduct,break 1 bond(s) | H shift +1 | Na | ; | break 2 bond(s) | H shift +1 | Na,1,1,Na,,"[0, 1, 2, 3, 7, 8, 9, 10, 11, 12, 13, 17, 18, 19]",0.42999999999999994
C4H11O,"{'C': 4, 'H': 11, 'O': 1}",75.08098997409999,negative,-1,EVA,Ethylene-Vinyl Acetate,adduct,break 1 bond(s) | H shift +1 | OH | ; | break 1 bond(s) | H shift +2 | O | ; | break 2 bond(s) | H shift +1 | OH,1,1,OH,,"[0, 1, 2, 7, 8, 9, 10, 11, 12, 13, 17, 18, 19]",0.42999999999999994
C4H11O2,"{'C': 4, 'O': 2, 'H': 11}",91.07590459367,negative,-1,EVA,Ethylene-Vinyl Acetate,adduct,break 1 bond(s) | H shift +1 | OH | ; | break 1 bond(s) | H shift +2 | O | ; | break 2 bond(s) | H shift +1 | OH,1,1,OH,,"[0, 1, 2, 3, 7, 8, 9, 10, 11, 12, 13, 17, 18, 19]",0.42999999999999994
C4H6ClO2,"{'C': 4, 'O': 2, 'H': 6, 'Cl': 1}",121.00563211452,negative,-1,EVA,Ethylene-Vinyl Acetate,adduct,break 1 bond(s) | H shift -1 | Cl | ; | break 2 bond(s) | H shift -1 | Cl | ; | break 2 bond(s) | Cl,1,-1,Cl,,"[2, 3, 4, 5, 6, 7, 13, 14, 15, 16, 17, 18, 19]",0.42999999999999994
C4H6KO2,"{'C': 4, 'O': 2, 'H': 6, 'K': 1}",125.00048591892,positive,1,EVA,Ethylene-Vinyl Acetate,adduct,break 1 bond(s) | H shift -1 | K | ; | break 2 bond(s) | H shift -1 | K | ; | break 2 bond(s) | K,1,-1,K,,"[2, 3, 4, 5, 6, 7, 13, 14, 15, 16, 17, 18, 19]",0.42999999999999994
C4H6NaO2,"{'C': 4, 'O': 2, 'H': 6, 'Na': 1}",109.02654871452,positive,1,EVA,Ethylene-Vinyl Acetate,adduct,break 1 bond(s) | H shift -1 | Na | ; | break 2 bond(s) | H shift -1 | Na | ; | break 2 bond(s) | Na,1,-1,Na,,"[2, 3, 4, 5, 6, 7, 13, 14, 15, 16, 17, 18, 19]",0.42999999999999994
C4H6O3,"{'C': 4, 'O': 3, 'H': 6}",102.03169405209,negative,-1,EVA,Ethylene-Vinyl Acetate,adduct,break 1 bond(s) | H shift -1 | O | ; | break 2 bond(s) | H shift -2 | OH | ; | break 2 bond(s) | H shift -1 | O,1,-1,O,,"[2, 3, 4, 5, 6, 7, 13, 14, 15, 16, 17, 18, 19]",0.42999999999999994
C4H8Cl,"{'C': 4, 'H': 8, 'Cl': 1}",91.03145293984,negative,-1,EVA,Ethylene-Vinyl Acetate,adduct,break 1 bond(s) | H shift -1 | Cl | ; | break 2 bond(s) | H shift -1 | Cl | ; | break 2 bond(s) | H shift -1 | Cl,1,-1,Cl,,"[0, 1, 2, 7, 8, 9, 10, 11, 12, 13, 17, 18, 19]",0.42999999999999994
C4H8ClO,"{'C': 4, 'O': 1, 'H': 8, 'Cl': 1}",107.02636755941,negative,-1,EVA,Ethylene-Vinyl Acetate,adduct,break 1 bond(s) | H shift -1 | Cl | ; | break 2 bond(s) | H shift -1 | Cl,1,-1,Cl,,"[0, 1, 2, 3, 7, 8, 9, 10, 11, 12, 13, 17, 18, 19]",0.42999999999999994
C4H8ClO2,"{'C': 4, 'O': 2, 'H': 8, 'Cl': 1}",123.02128217898,negative,-1,EVA,Ethylene-Vinyl Acetate,adduct,break 1 bond(s) | H shift +1 | Cl | ; | break 2 bond(s) | H shift +1 | Cl | ; | break 2 bond(s) | H shift +2 | Cl,1,1,Cl,,"[2, 3, 4, 5, 6, 7, 13, 14, 15, 16, 17, 18, 19]",0.42999999999999994
C4H8K,"{'C': 4, 'H': 8, 'K': 1}",95.02630674424,positive,1,EVA,Ethylene-Vinyl Acetate,adduct,break 1 bond(s) | H shift -1 | K | ; | break 2 bond(s) | H shift -1 | K | ; | break 2 bond(s) | H shift -1 | K,1,-1,K,,"[0, 1, 2, 7, 8, 9, 10, 11, 12, 13, 17, 18, 19]",0.42999999999999994
C4H8KO,"{'C': 4, 'O': 1, 'H': 8, 'K': 1}",111.02122136381,positive,1,EVA,Ethylene-Vinyl Acetate,adduct,break 1 bond(s) | H shift -1 | K | ; | break 2 bond(s) | H shift -1 | K,1,-1,K,,"[0, 1, 2, 3, 7, 8, 9, 10, 11, 12, 13, 17, 18, 19]",0.42999999999999994
C4H8KO2,"{'C': 4, 'O': 2, 'H': 8, 'K': 1}",127.01613598338,positive,1,EVA,Ethylene-Vinyl Acetate,adduct,break 1 bond(s) | H shift +1 | K | ; | break 2 bond(s) | H shift +1 | K | ; | break 2 bond(s) | H shift +2 | K,1,1,K,,"[2, 3, 4, 5, 6, 7, 13, 14, 15, 16, 17, 18, 19]",0.42999999999999994
C4H8Na,"{'C': 4, 'H': 8, 'Na': 1}",79.05236953984,positive,1,EVA,Ethylene-Vinyl Acetate,adduct,break 1 bond(s) | H shift -1 | Na | ; | break 2 bond(s) | H shift -1 | Na | ; | break 2 bond(s) | H shift -1 | Na,1,-1,Na,,"[0, 1, 2, 7, 8, 9, 10, 11, 12, 13, 17, 18, 19]",0.42999999999999994
C4H8NaO,"{'C': 4, 'O': 1, 'H': 8, 'Na': 1}",95.04728415941,positive,1,EVA,Ethylene-Vinyl Acetate,adduct,break 1 bond(s) | H shift -1 | Na | ; | break 2 bond(s) | H shift -1 | Na,1,-1,Na,,"[0, 1, 2, 3, 7, 8, 9, 10, 11, 12, 13, 17, 18, 19]",0.42999999999999994
C4H8NaO2,"{'C': 4, 'O': 2, 'H': 8, 'Na': 1}",111.04219877898001,positive,1,EVA,Ethylene-Vinyl Acetate,adduct,break 1 bond(s) | H shift +1 | Na | ; | break 2 bond(s) | H shift +1 | Na | ; | break 2 bond(s) | H shift +2 | Na,1,1,Na,,"[2, 3, 4, 5, 6, 7, 13, 14, 15, 16, 17, 18, 19]",0.42999999999999994
C4H9O3,"{'C': 4, 'O': 3, 'H': 9}",105.05516914878001,negative,-1,EVA,Ethylene-Vinyl Acetate,adduct,break 1 bond(s) | H shift +1 | OH | ; | break 1 bond(s) | H shift +2 | O | ; | break 2 bond(s) | H shift +1 | OH,1,1,OH,,"[2, 3, 4, 5, 6, 7, 13, 14, 15, 16, 17, 18, 19]",0.42999999999999994
C5H10ClO2,"{'C': 5, 'O': 2, 'H': 10, 'Cl': 1}",137.03693224344,negative,-1,EVA,Ethylene-Vinyl Acetate,adduct,break 1 bond(s) | H shift +1 | Cl | ; | break 1 bond(s) | H shift +1 | Cl | ; | break 1 bond(s) | H shift +1 | Cl,1,1,Cl,,"[1, 2, 3, 4, 5, 6, 7, 11, 12, 13, 14, 15, 16, 17, 18, 19]",0.42999999999999994
C5H10KO2,"{'C': 5, 'O': 2, 'H': 10, 'K': 1}",141.03178604784,positive,1,EVA,Ethylene-Vinyl Acetate,adduct,break 1 bond(s) | H shift +1 | K | ; | break 1 bond(s) | H shift +1 | K | ; | break 1 bond(s) | H shift +1 | K,1,1,K,,"[1, 2, 3, 4, 5, 6, 7, 11, 12, 13, 14, 15, 16, 17, 18, 19]",0.42999999999999994
C5H10NaO2,"{'C': 5, 'O': 2, 'H': 10, 'Na': 1}",125.05784884344,positive,1,EVA,Ethylene-Vinyl Acetate,adduct,break 1 bond(s) | H shift +1 | Na | ; | break 1 bond(s) | H shift +1 | Na | ; | break 1 bond(s) | H shift +1 | Na,1,1,Na,,"[1, 2, 3, 4, 5, 6, 7, 11, 12, 13, 14, 15, 16, 17, 18, 19]",0.42999999999999994
C5H11O3,"{'C': 5, 'O': 3, 'H': 11}",119.07081921324,negative,-1,EVA,Ethylene-Vinyl Acetate,adduct,break 1 bond(s) | H shift +1 | OH | ; | break 1 bond(s) | H shift +2 | O | ; | break 1 bond(s) | H shift +1 | OH,1,1,OH,,"[1, 2, 3, 4, 5, 6, 7, 11, 12, 13, 14, 15, 16, 17, 18, 19]",0.42999999999999994
C5H8ClO2,"{'C': 5, 'O': 2, 'H': 8, 'Cl': 1}",135.02128217898,negative,-1,EVA,Ethylene-Vinyl Acetate,adduct,break 1 bond(s) | H shift -1 | Cl | ; | break 1 bond(s) | H shift -1 | Cl | ; | break 1 bond(s) | H shift -1 | Cl,1,-1,Cl,,"[1, 2, 3, 4, 5, 6, 7, 11, 12, 13, 14, 15, 16, 17, 18, 19]",0.42999999999999994
C5H8KO2,"{'C': 5, 'O': 2, 'H': 8, 'K': 1}",139.01613598338,positive,1,EVA,Ethylene-Vinyl Acetate,adduct,break 1 bond(s) | H shift -1 | K | ; | break 1 bond(s) | H shift -1 | K | ; | break 1 bond(s) | H shift -1 | K,1,-1,K,,"[1, 2, 3, 4, 5, 6, 7, 11, 12, 13, 14, 15, 16, 17, 18, 19]",0.42999999999999994
C5H8NaO2,"{'C': 5, 'O': 2, 'H': 8, 'Na': 1}",123.04219877898001,positive,1,EVA,Ethylene-Vinyl Acetate,adduct,break 1 bond(s) | H shift -1 | Na | ; | break 1 bond(s) | H shift -1 | Na | ; | break 1 bond(s) | H shift -1 | Na,1,-1,Na,,"[1, 2, 3, 4, 5, 6, 7, 11, 12, 13, 14, 15, 16, 17, 18, 19]",0.42999999999999994
C5H8O3,"{'C': 5, 'O': 3, 'H': 8}",116.04734411655001,negative,-1,EVA,Ethylene-Vinyl Acetate,adduct,break 1 bond(s) | H shift -1 | O | ; | break 1 bond(s) | H shift -2 | OH | ; | break 1 bond(s) | H shift -1 | O,1,-1,O,,"[1, 2, 3, 4, 5, 6, 7, 11, 12, 13, 14, 15, 16, 17, 18, 19]",0.42999999999999994
C,{'C': 1},12.0,neutral,0,EVA,Ethylene-Vinyl Acetate,neutral_loss,break 1 bond(s) | H shift -2 | -CH3 | ; | break 2 bond(s) | H shift -2 | -CH3 | ; | break 2 bond(s) | H shift -1 | -CH3,1,-2,,CH3,"[0, 1, 8, 9, 10, 11, 12]",0.4
C2H3O,"{'C': 2, 'O': 1, 'H': 3}",43.01838971626,neutral,0,EVA,Ethylene-Vinyl Acetate,h_shift,break 2 bond(s) | H shift -1,2,-1,,,"[2, 3, 7, 13, 17, 18, 19]",0.4
C2H3O2,"{'O': 2, 'C': 2, 'H': 3}",59.01330433583,neutral,0,EVA,Ethylene-Vinyl Acetate,neutral_loss,break 1 bond(s) | H shift +2 | -H2 | ; | break 2 bond(s) | H shift +2 | -H2 | ; | break 2 bond(s) | H shift +2 | -H2,1,2,,H2,"[3, 4, 5, 6, 14, 15, 16]",0.4
C2H4O,"{'O': 1, 'C': 2, 'H': 4}",44.02621474849,neutral,0,EVA,Ethylene-Vinyl Acetate,neutral_loss,break 1 bond(s) | H shift +2 | -OH | ; | break 2 bond(s) | H shift +2 | -OH | ; | break 2 bond(s) | H shift +1 | -CH3,1,2,,OH,"[3, 4, 5, 6, 14, 15, 16]",0.4
C2H5,"{'C': 2, 'H': 5}",29.03912516115,neutral,0,EVA,Ethylene-Vinyl Acetate,neutral_loss,break 1 bond(s) | H shift +2 | -H2 | ; | break 2 bond(s) | H shift +2 | -CH3 | ; | break 2 bond(s) | H shift -1 | -CO,1,2,,H2,"[0, 1, 8, 9, 10, 11, 12]",0.4
C2H5,"{'C': 2, 'H': 5}",29.03912516115,neutral,0,EVA,Ethylene-Vinyl Acetate,h_shift,break 2 bond(s) | H shift +1,2,1,,,"[2, 7, 13, 17, 18, 19]",0.4
C3H11,"{'C': 3, 'H': 11}",47.086075354529996,neutral,0,EVA,Ethylene-Vinyl Acetate,neutral_loss,break 1 bond(s) | H shift +2 | -CO | ; | break 2 bond(s) | H shift +2 | -CO,1,2,,CO,"[0, 1, 2, 3, 7, 8, 9, 10, 11, 12, 13, 17, 18, 19]",0.4
C3H2O2,"{'C': 3, 'O': 2, 'H': 2}",70.0054793036,neutral,0,EVA,Ethylene-Vinyl Acetate,neutral_loss,break 1 bond(s) | H shift -2 | -CH3 | ; | break 2 bond(s) | H shift -2 | -CH3 | ; | break 2 bond(s) | H shift -1 | -CH3,1,-2,,CH3,"[2, 3, 4, 5, 6, 7, 13, 14, 15, 16, 17, 18, 19]",0.4
C3H2O2,"{'C': 3, 'O': 2, 'H': 2}",70.0054793036,negative,-1,EVA,Ethylene-Vinyl Acetate,adduct,break 2 bond(s) | H shift -1 | -H | ; | break 2 bond(s) | H shift -1 | -H,2,-1,-H,,"[2, 3, 4, 5, 7, 13, 17, 18, 19]",0.4
C3H3O2,"{'C': 3, 'O': 2, 'H': 3}",71.01330433583,neutral,0,EVA,Ethylene-Vinyl Acetate,h_shift,break 2 bond(s) | H shift -1 | ; | break 2 bond(s) | H shift -1,2,-1,,,"[2, 3, 4, 5, 7, 13, 17, 18, 19]",0.4
C3H4,"{'C': 3, 'H': 4}",40.03130012892,neutral,0,EVA,Ethylene-Vinyl Acetate,neutral_loss,break 1 bond(s) | H shift -2 | -CH3 | ; | break 2 bond(s) | -H2 | ; | break 2 bond(s) | H shift -1 | -OH,1,-2,,CH3,"[0, 1, 2, 7, 8, 9, 10, 11, 12, 13, 17, 18, 19]",0.4
C3H4,"{'C': 3, 'H': 4}",40.03130012892,negative,-1,EVA,Ethylene-Vinyl Acetate,adduct,break 2 bond(s) | H shift -1 | -H | ; | break 2 bond(s) | H shift -1 | -H,2,-1,-H,,"[1, 2, 7, 11, 12, 13, 17, 18, 19]",0.4
C3H4O,"{'C': 3, 'O': 1, 'H': 4}",56.02621474849,neutral,0,EVA,Ethylene-Vinyl Acetate,neutral_loss,break 1 bond(s) | H shift -2 | -CH3 | ; | break 2 bond(s) | -H2 | ; | break 2 bond(s) | H shift -2 | -CO,1,-2,,CH3,"[0, 1, 2, 3, 7, 8, 9, 10, 11, 12, 13, 17, 18, 19]",0.4
C3H4O,"{'C': 3, 'O': 1, 'H': 4}",56.02621474849,negative,-1,EVA,Ethylene-Vinyl Acetate,adduct,break 2 bond(s) | H shift -1 | -H | ; | break 2 bond(s) | H shift -2 | O | ; | break 2 bond(s) | H shift -1 | -H,2,-1,-H,,"[1, 2, 3, 7, 11, 12, 13, 17, 18, 19]",0.4
C3H4O2,"{'C': 3, 'O': 2, 'H': 4}",72.02112936806,negative,-1,EVA,Ethylene-Vinyl Acetate,adduct,break 2 bond(s) | H shift +1 | -H | ; | break 2 bond(s) | H shift +1 | -H | ; | break 2 bond(s) | H shift -2 | O,2,1,-H,,"[2, 3, 4, 5, 7, 13, 17, 18, 19]",0.4
C3H4O2,"{'C': 3, 'O': 2, 'H': 4}",72.02112936806,positive,1,EVA,Ethylene-Vinyl Acetate,adduct,break 2 bond(s) | H shift -1 | H | ; | break 2 bond(s) | H shift -1 | H,2,-1,H,,"[2, 3, 4, 5, 7, 13, 17, 18, 19]",0.4
C3H5,"{'C': 3, 'H': 5}",41.03912516115,neutral,0,EVA,Ethylene-Vinyl Acetate,h_shift,break 2 bond(s) | H shift -1 | ; | break 2 bond(s) | H shift -1,2,-1,,,"[1, 2, 7, 11, 12, 13, 17, 18, 19]",0.4
C3H5O,"{'C': 3, 'O': 1, 'H': 5}",57.03403978072,neutral,0,EVA,Ethylene-Vinyl Acetate,h_shift,break 2 bond(s) | H shift -1 | ; | break 2 bond(s) | H shift -1,2,-1,,,"[1, 2, 3, 7, 11, 12, 13, 17, 18, 19]",0.4
C3H5O2,"{'C': 3, 'O': 2, 'H': 5}",73.02895440029,neutral,0,EVA,Ethylene-Vinyl Acetate,h_shift,break 2 bond(s) | H shift +1 | ; | break 2 bond(s) | H shift +1,2,1,,,"[2, 3, 4, 5, 7, 13, 17, 18, 19]",0.4
C3H6,"{'C': 3, 'H': 6}",42.04695019338,positive,1,EVA,Ethylene-Vinyl Acetate,adduct,break 2 bond(s) | H shift -1 | H | ; | break 2 bond(s) | H shift -1 | H,2,-1,H,,"[1, 2, 7, 11, 12, 13, 17, 18, 19]",0.4
C3H6,"{'C': 3, 'H': 6}",42.04695019338,negative,-1,EVA,Ethylene-Vinyl Acetate,adduct,break 2 bond(s) | H shift +1 | -H | ; | break 2 bond(s) | H shift +1 | -H,2,1,-H,,"[1, 2, 7, 11, 12, 13, 17, 18, 19]",0.4
C3H6O,"{'C': 3, 'O': 1, 'H': 6}",58.04186481295,negative,-1,EVA,Ethylene-Vinyl Acetate,adduct,break 2 bond(s) | H shift +1 | -H | ; | break 2 bond(s) | H shift -1 | OH | ; | break 2 bond(s) | O,2,1,-H,,"[1, 2, 3, 7, 11, 12, 13, 17, 18, 19]",0.4
C3H6O,"{'C': 3, 'O': 1, 'H': 6}",58.04186481295,positive,1,EVA,Ethylene-Vinyl Acetate,adduct,break 2 bond(s) | H shift -1 | H | ; | break 2 bond(s) | H shift -1 | H,2,-1,H,,"[1, 2, 3, 7, 11, 12, 13, 17, 18, 19]",0.4
C3H6O2,"{'C': 3, 'O': 2, 'H': 6}",74.03677943252,neutral,0,EVA,Ethylene-Vinyl Acetate,neutral_loss,break 1 bond(s) | H shift +2 | -CH3 | ; | break 2 bond(s) | H shift +2 | -CH3,1,2,,CH3,"[2, 3, 4, 5, 6, 7, 13, 14, 15, 16, 17, 18, 19]",0.4
C3H6O2,"{'C': 3, 'O': 2, 'H': 6}",74.03677943252,positive,1,EVA,Ethylene-Vinyl Acetate,adduct,break 2 bond(s) | H shift +1 | H | ; | break 2 bond(s) | H shift +1 | H,2,1,H,,"[2, 3, 4, 5, 7, 13, 17, 18, 19]",0.4
C3H7,"{'C': 3, 'H': 7}",43.05477522561,neutral,0,EVA,Ethylene-Vinyl Acetate,h_shift,break 2 bond(s) | H shift +1 | ; | break 2 bond(s) | H shift +1,2,1,,,"[1, 2, 7, 11, 12, 13, 17, 18, 19]",0.4
C3H7O,"{'C': 3, 'O': 1, 'H': 7}",59.04968984518,neutral,0,EVA,Ethylene-Vinyl Acetate,h_shift,break 2 bond(s) | H shift +1 | ; | break 2 bond(s) | H shift +1,2,1,,,"[1, 2, 3, 7, 11, 12, 13, 17, 18, 19]",0.4
C3H8,"{'C': 3, 'H': 8}",44.06260025784,positive,1,EVA,Ethylene-Vinyl Acetate,adduct,break 2 bond(s) | H shift +1 | H | ; | break 2 bond(s) | H shift +1 | H,2,1,H,,"[1, 2, 7, 11, 12, 13, 17, 18, 19]",0.4
C3H8O,"{'C': 3, 'O': 1, 'H': 8}",60.05751487741,positive,1,EVA,Ethylene-Vinyl Acetate,adduct,break 2 bond(s) | H shift +1 | H | ; | break 2 bond(s) | H shift +1 | H,2,1,H,,"[1, 2, 3, 7, 11, 12, 13, 17, 18, 19]",0.4
C3H9O,"{'C': 3, 'O': 1, 'H': 9}",61.06533990964,neutral,0,EVA,Ethylene-Vinyl Acetate,neutral_loss,break 1 bond(s) | H shift +2 | -CO | ; | break 2 bond(s) | H shift +2 | -CO,1,2,,CO,"[2, 3, 4, 5, 6, 7, 13, 14, 15, 16, 17, 18, 19]",0.4
C4H11,"{'C': 4, 'H': 11}",59.086075354529996,neutral,0,EVA,Ethylene-Vinyl Acetate,neutral_loss,break 1 bond(s) | H shift +2 | -CO2 | ; | break 1 bond(s) | H shift +2 | -CO2 | ; | break 1 bond(s) | H shift +2 | -CO2,1,2,,CO2,"[1, 2, 3, 4, 5, 6, 7, 11, 12, 13, 14, 15, 16, 17, 18, 19]",0.4
C4H11O,"{'C': 4, 'O': 1, 'H': 11}",75.08098997409999,neutral,0,EVA,Ethylene-Vinyl Acetate,neutral_loss,break 1 bond(s) | H shift +2 | -CO | ; | break 1 bond(s) | H shift +2 | -CO | ; | break 1 bond(s) | H shift +2 | -CO,1,2,,CO,"[1, 2, 3, 4, 5, 6, 7, 11, 12, 13, 14, 15, 16, 17, 18, 19]",0.4
C4H3O,"{'C': 4, 'O': 1, 'H': 3}",67.01838971626,neutral,0,EVA,Ethylene-Vinyl Acetate,neutral_loss,break 1 bond(s) | H shift -2 | -H2O | ; | break 2 bond(s) | H shift -2 | -H2O | ; | break 2 bond(s) | H shift -2 | -OH,1,-2,,H2O,"[2, 3, 4, 5, 6, 7, 13, 14, 15, 16, 17, 18, 19]",0.4
C4H3O2,"{'C': 4, 'O': 2, 'H': 3}",83.01330433583,neutral,0,EVA,Ethylene-Vinyl Acetate,neutral_loss,break 1 bond(s) | H shift -2 | -H2 | ; | break 2 bond(s) | H shift -2 | -H2 | ; | break 2 bond(s) | H shift -1 | -H2,1,-2,,H2,"[2, 3, 4, 5, 6, 7, 13, 14, 15, 16, 17, 18, 19]",0.4
C4H5,"{'C': 4, 'H': 5}",53.03912516115,neutral,0,EVA,Ethylene-Vinyl Acetate,neutral_loss,break 1 bond(s) | H shift -2 | -H2 | ; | break 1 bond(s) | H shift -2 | -H2O | ; | break 2 bond(s) | H shift -2 | -H2,1,-2,,H2,"[0, 1, 2, 7, 8, 9, 10, 11, 12, 13, 17, 18, 19]",0.4
C4H7O2,"{'C': 4, 'O': 2, 'H': 7}",87.04460446475,neutral,0,EVA,Ethylene-Vinyl Acetate,h_shift,break 2 bond(s) | H shift +1 | ; | break 2 bond(s) | H shift +1 | ; | break 2 bond(s) | H shift +1,2,1,,,"[1, 2, 3, 4, 5, 7, 11, 12, 13, 17, 18, 19]",0.4
C4H8O2,"{'C': 4, 'O': 2, 'H': 8}",88.05242949698,neutral,0,EVA,Ethylene-Vinyl Acetate,neutral_loss,break 1 bond(s) | H shift +2 | -CH3 | ; | break 1 bond(s) | H shift +2 | -CH3 | ; | break 1 bond(s) | H shift +2 | -CH3,1,2,,CH3,"[1, 2, 3, 4, 5, 6, 7, 11, 12, 13, 14, 15, 16, 17, 18, 19]",0.4
C5H5O,"{'C': 5, 'O': 1, 'H': 5}",81.03403978072001,neutral,0,EVA,Ethylene-Vinyl Acetate,neutral_loss,break 1 bond(s) | H shift -2 | -H2O | ; | break 1 bond(s) | H shift -2 | -H2O | ; | break 1 bond(s) | H shift -2 | -H2O,1,-2,,H2O,"[1, 2, 3, 4, 5, 6, 7, 11, 12, 13, 14, 15, 16, 17, 18, 19]",0.4
CH2O,"{'C': 1, 'O': 1, 'H': 2}",30.01056468403,positive,1,EVA,Ethylene-Vinyl Acetate,adduct,break 2 bond(s) | H shift +1 | H,2,1,H,,"[4, 5]",0.4
CH2O2,"{'O': 2, 'C': 1, 'H': 2}",46.0054793036,neutral,0,EVA,Ethylene-Vinyl Acetate,neutral_loss,break 1 bond(s) | H shift +2 | -CH3 | ; | break 2 bond(s) | H shift +2 | -CH3 | ; | break 2 bond(s) | H shift +2 | -CH3,1,2,,CH3,"[3, 4, 5, 6, 14, 15, 16]",0.4
CH2O2,"{'O': 2, 'C': 1, 'H': 2}",46.0054793036,positive,1,EVA,Ethylene-Vinyl Acetate,adduct,break 2 bond(s) | H shift +1 | H,2,1,H,,"[3, 4, 5]",0.4
CH5,"{'C': 1, 'H': 5}",17.03912516115,neutral,0,EVA,Ethylene-Vinyl Acetate,neutral_loss,break 1 bond(s) | H shift +2 | -CO2 | ; | break 1 bond(s) | H shift +2 | -CO | ; | break 2 bond(s) | H shift +2 | -CO2,1,2,,CO2,"[3, 4, 5, 6, 14, 15, 16]",0.4
CH5O,"{'O': 1, 'C': 1, 'H': 5}",33.03403978072,neutral,0,EVA,Ethylene-Vinyl Acetate,neutral_loss,break 1 bond(s) | H shift +2 | -CO | ; | break 2 bond(s) | H shift +2 | -CO | ; | break 2 bond(s) | H shift +2 | -CO,1,2,,CO,"[3, 4, 5, 6, 14, 15, 16]",0.4
CHO,"{'C': 1, 'O': 1, 'H': 1}",29.0027396518,neutral,0,EVA,Ethylene-Vinyl Acetate,h_shift,break 2 bond(s) | H shift +1,2,1,,,"[4, 5]",0.4
CHO2,"{'O': 2, 'C': 1, 'H': 1}",44.99765427137,neutral,0,EVA,Ethylene-Vinyl Acetate,h_shift,break 2 bond(s) | H shift +1,2,1,,,"[3, 4, 5]",0.4
CO,"{'C': 1, 'O': 1}",27.99491461957,negative,-1,EVA,Ethylene-Vinyl Acetate,adduct,break 2 bond(s) | H shift +1 | -H,2,1,-H,,"[4, 5]",0.4
CO2,"{'O': 2, 'C': 1}",43.98982923914,negative,-1,EVA,Ethylene-Vinyl Acetate,adduct,break 2 bond(s) | H shift +1 | -H | ; | break 2 bond(s) | O,2,1,-H,,"[3, 4, 5]",0.4
C2H3Cl,"{'C': 2, 'H': 3, 'Cl': 1}",61.99232777869,negative,-1,EVA,Ethylene-Vinyl Acetate,adduct,break 1 bond(s) | H shift -2 | Cl | ; | break 2 bond(s) | H shift -2 | Cl | ; | break 2 bond(s) | H shift -1 | Cl,1,-2,Cl,,"[0, 1, 8, 9, 10, 11, 12]",0.38
C2H3K,"{'C': 2, 'H': 3, 'K': 1}",65.98718158309,positive,1,EVA,Ethylene-Vinyl Acetate,adduct,break 1 bond(s) | H shift -2 | K | ; | break 2 bond(s) | H shift -2 | K | ; | break 2 bond(s) | H shift -1 | K,1,-2,K,,"[0, 1, 8, 9, 10, 11, 12]",0.38
C2H3Na,"{'C': 2, 'H': 3, 'Na': 1}",50.013244378690004,positive,1,EVA,Ethylene-Vinyl Acetate,adduct,break 1 bond(s) | H shift -2 | Na | ; | break 2 bond(s) | H shift -2 | Na | ; | break 2 bond(s) | H shift -1 | Na,1,-2,Na,,"[0, 1, 8, 9, 10, 11, 12]",0.38
C2H5ClO,"{'C': 2, 'O': 1, 'H': 5, 'Cl': 1}",80.00289246272,negative,-1,EVA,Ethylene-Vinyl Acetate,adduct,break 1 bond(s) | H shift +2 | Cl | ; | break 2 bond(s) | H shift +2 | Cl | ; | break 2 bond(s) | H shift +1 | Cl,1,2,Cl,,"[4, 5, 6, 14, 15, 16]",0.38
C2H5ClO2,"{'O': 2, 'C': 2, 'H': 5, 'Cl': 1}",95.99780708229,negative,-1,EVA,Ethylene-Vinyl Acetate,adduct,break 1 bond(s) | H shift +2 | Cl | ; | break 2 bond(s) | H shift +2 | Cl | ; | break 2 bond(s) | H shift +2 | Cl,1,2,Cl,,"[3, 4, 5, 6, 14, 15, 16]",0.38
C2H5KO,"{'C': 2, 'O': 1, 'H': 5, 'K': 1}",83.99774626712,positive,1,EVA,Ethylene-Vinyl Acetate,adduct,break 1 bond(s) | H shift +2 | K | ; | break 2 bond(s) | H shift +2 | K | ; | break 2 bond(s) | H shift +1 | K,1,2,K,,"[4, 5, 6, 14, 15, 16]",0.38
C2H5KO2,"{'O': 2, 'C': 2, 'H': 5, 'K': 1}",99.99266088669,positive,1,EVA,Ethylene-Vinyl Acetate,adduct,break 1 bond(s) | H shift +2 | K | ; | break 2 bond(s) | H shift +2 | K | ; | break 2 bond(s) | H shift +2 | K,1,2,K,,"[3, 4, 5, 6, 14, 15, 16]",0.38
C2H5NaO,"{'C': 2, 'O': 1, 'H': 5, 'Na': 1}",68.02380906272,positive,1,EVA,Ethylene-Vinyl Acetate,adduct,break 1 bond(s) | H shift +2 | Na | ; | break 2 bond(s) | H shift +2 | Na | ; | break 2 bond(s) | H shift +1 | Na,1,2,Na,,"[4, 5, 6, 14, 15, 16]",0.38
C2H5NaO2,"{'O': 2, 'C': 2, 'H': 5, 'Na': 1}",84.01872368229,positive,1,EVA,Ethylene-Vinyl Acetate,adduct,break 1 bond(s) | H shift +2 | Na | ; | break 2 bond(s) | H shift +2 | Na | ; | break 2 bond(s) | H shift +2 | Na,1,2,Na,,"[3, 4, 5, 6, 14, 15, 16]",0.38
C2H6O2,"{'C': 2, 'O': 2, 'H': 6}",62.03677943252,negative,-1,EVA,Ethylene-Vinyl Acetate,adduct,break 1 bond(s) | H shift +2 | OH | ; | break 2 bond(s) | H shift +2 | OH | ; | break 2 bond(s) | H shift +1 | OH,1,2,OH,,"[4, 5, 6, 14, 15, 16]",0.38
C2H6O3,"{'O': 3, 'C': 2, 'H': 6}",78.03169405209,negative,-1,EVA,Ethylene-Vinyl Acetate,adduct,break 1 bond(s) | H shift +2 | OH | ; | break 2 bond(s) | H shift +2 | OH | ; | break 2 bond(s) | H shift +2 | OH,1,2,OH,,"[3, 4, 5, 6, 14, 15, 16]",0.38
C2H7Cl,"{'C': 2, 'H': 7, 'Cl': 1}",66.02362790760999,negative,-1,EVA,Ethylene-Vinyl Acetate,adduct,break 1 bond(s) | H shift +2 | Cl | ; | break 2 bond(s) | H shift +2 | Cl | ; | break 2 bond(s) | H shift +2 | Cl,1,2,Cl,,"[0, 1, 8, 9, 10, 11, 12]",0.38
C2H7K,"{'C': 2, 'H': 7, 'K': 1}",70.01848171201,positive,1,EVA,Ethylene-Vinyl Acetate,adduct,break 1 bond(s) | H shift +2 | K | ; | break 2 bond(s) | H shift +2 | K | ; | break 2 bond(s) | H shift +2 | K,1,2,K,,"[0, 1, 8, 9, 10, 11, 12]",0.38
C2H7Na,"{'C': 2, 'H': 7, 'Na': 1}",54.04454450761,positive,1,EVA,Ethylene-Vinyl Acetate,adduct,break 1 bond(s) | H shift +2 | Na | ; | break 2 bond(s) | H shift +2 | Na | ; | break 2 bond(s) | H shift +2 | Na,1,2,Na,,"[0, 1, 8, 9, 10, 11, 12]",0.38
C2H8O,"{'C': 2, 'H': 8, 'O': 1}",48.05751487741,negative,-1,EVA,Ethylene-Vinyl Acetate,adduct,break 1 bond(s) | H shift +2 | OH | ; | break 2 bond(s) | H shift +2 | OH | ; | break 2 bond(s) | H shift +2 | OH,1,2,OH,,"[0, 1, 8, 9, 10, 11, 12]",0.38
C2HClO,"{'C': 2, 'O': 1, 'H': 1, 'Cl': 1}",75.9715923338,negative,-1,EVA,Ethylene-Vinyl Acetate,adduct,break 1 bond(s) | H shift -2 | Cl | ; | break 2 bond(s) | H shift -2 | Cl | ; | break 2 bond(s) | H shift -2 | Cl,1,-2,Cl,,"[4, 5, 6, 14, 15, 16]",0.38
C2HClO2,"{'O': 2, 'C': 2, 'H': 1, 'Cl': 1}",91.96650695337,negative,-1,EVA,Ethylene-Vinyl Acetate,adduct,break 1 bond(s) | H shift -2 | Cl | ; | break 2 bond(s) | H shift -2 | Cl | ; | break 2 bond(s) | H shift -2 | Cl,1,-2,Cl,,"[3, 4, 5, 6, 14, 15, 16]",0.38
C2HKO,"{'C': 2, 'O': 1, 'H': 1, 'K': 1}",79.9664461382,positive,1,EVA,Ethylene-Vinyl Acetate,adduct,break 1 bond(s) | H shift -2 | K | ; | break 2 bond(s) | H shift -2 | K | ; | break 2 bond(s) | H shift -2 | K,1,-2,K,,"[4, 5, 6, 14, 15, 16]",0.38
C2HKO2,"{'O': 2, 'C': 2, 'H': 1, 'K': 1}",95.96136075777,positive,1,EVA,Ethylene-Vinyl Acetate,adduct,break 1 bond(s) | H shift -2 | K | ; | break 2 bond(s) | H shift -2 | K | ; | break 2 bond(s) | H shift -2 | K,1,-2,K,,"[3, 4, 5, 6, 14, 15, 16]",0.38
C2HNaO,"{'C': 2, 'O': 1, 'H': 1, 'Na': 1}",63.9925089338,positive,1,EVA,Ethylene-Vinyl Acetate,adduct,break 1 bond(s) | H shift -2 | Na | ; | break 2 bond(s) | H shift -2 | Na | ; | break 2 bond(s) | H shift -2 | Na,1,-2,Na,,"[4, 5, 6, 14, 15, 16]",0.38
C2HNaO2,"{'O': 2, 'C': 2, 'H': 1, 'Na': 1}",79.98742355337001,positive,1,EVA,Ethylene-Vinyl Acetate,adduct,break 1 bond(s) | H shift -2 | Na | ; | break 2 bond(s) | H shift -2 | Na | ; | break 2 bond(s) | H shift -2 | Na,1,-2,Na,,"[3, 4, 5, 6, 14, 15, 16]",0.38
C2HO3,"{'O': 3, 'C': 2, 'H': 1}",72.99256889094,negative,-1,EVA,Ethylene-Vinyl Acetate,adduct,break 1 bond(s) | H shift -2 | O | ; | break 2 bond(s) | H shift -2 | O | ; | break 2 bond(s) | H shift -2 | O,1,-2,O,,"[3, 4, 5, 6, 14, 15, 16]",0.38
C4H10O3,"{'C': 4, 'O': 3, 'H': 10}",106.06299418101,negative,-1,EVA,Ethylene-Vinyl Acetate,adduct,break 1 bond(s) | H shift +2 | OH | ; | break 2 bond(s) | H shift +2 | OH,1,2,OH,,"[2, 3, 4, 5, 6, 7, 13, 14, 15, 16, 17, 18, 19]",0.38
C4H11Cl,"{'C': 4, 'H': 11, 'Cl': 1}",94.05492803653,negative,-1,EVA,Ethylene-Vinyl Acetate,adduct,break 1 bond(s) | H shift +2 | Cl | ; | break 2 bond(s) | H shift +2 | Cl | ; | break 2 bond(s) | H shift +2 | Cl,1,2,Cl,,"[0, 1, 2, 7, 8, 9, 10, 11, 12, 13, 17, 18, 19]",0.38
C4H11ClO,"{'C': 4, 'O': 1, 'H': 11, 'Cl': 1}",110.0498426561,negative,-1,EVA,Ethylene-Vinyl Acetate,adduct,break 1 bond(s) | H shift +2 | Cl | ; | break 2 bond(s) | H shift +2 | Cl,1,2,Cl,,"[0, 1, 2, 3, 7, 8, 9, 10, 11, 12, 13, 17, 18, 19]",0.38
C4H11K,"{'C': 4, 'H': 11, 'K': 1}",98.04978184093,positive,1,EVA,Ethylene-Vinyl Acetate,adduct,break 1 bond(s) | H shift +2 | K | ; | break 2 bond(s) | H shift +2 | K | ; | break 2 bond(s) | H shift +2 | K,1,2,K,,"[0, 1, 2, 7, 8, 9, 10, 11, 12, 13, 17, 18, 19]",0.38
C4H11KO,"{'C': 4, 'O': 1, 'H': 11, 'K': 1}",114.0446964605,positive,1,EVA,Ethylene-Vinyl Acetate,adduct,break 1 bond(s) | H shift +2 | K | ; | break 2 bond(s) | H shift +2 | K,1,2,K,,"[0, 1, 2, 3, 7, 8, 9, 10, 11, 12, 13, 17, 18, 19]",0.38
C4H11Na,"{'C': 4, 'H': 11, 'Na': 1}",82.07584463653001,positive,1,EVA,Ethylene-Vinyl Acetate,adduct,break 1 bond(s) | H shift +2 | Na | ; | break 2 bond(s) | H shift +2 | Na | ; | break 2 bond(s) | H shift +2 | Na,1,2,Na,,"[0, 1, 2, 7, 8, 9, 10, 11, 12, 13, 17, 18, 19]",0.38
C4H11NaO,"{'C': 4, 'O': 1, 'H': 11, 'Na': 1}",98.0707592561,positive,1,EVA,Ethylene-Vinyl Acetate,adduct,break 1 bond(s) | H shift +2 | Na | ; | break 2 bond(s) | H shift +2 | Na,1,2,Na,,"[0, 1, 2, 3, 7, 8, 9, 10, 11, 12, 13, 17, 18, 19]",0.38
C4H12O,"{'C': 4, 'H': 12, 'O': 1}",76.08881500633,negative,-1,EVA,Ethylene-Vinyl Acetate,adduct,break 1 bond(s) | H shift +2 | OH | ; | break 2 bond(s) | H shift +2 | OH | ; | break 2 bond(s) | H shift +2 | OH,1,2,OH,,"[0, 1, 2, 7, 8, 9, 10, 11, 12, 13, 17, 18, 19]",0.38
C4H12O2,"{'C': 4, 'O': 2, 'H': 12}",92.0837296259,negative,-1,EVA,Ethylene-Vinyl Acetate,adduct,break 1 bond(s) | H shift +2 | OH | ; | break 2 bond(s) | H shift +2 | OH,1,2,OH,,"[0, 1, 2, 3, 7, 8, 9, 10, 11, 12, 13, 17, 18, 19]",0.38
C4H5ClO2,"{'C': 4, 'O': 2, 'H': 5, 'Cl': 1}",119.99780708229,negative,-1,EVA,Ethylene-Vinyl Acetate,adduct,break 1 bond(s) | H shift -2 | Cl | ; | break 2 bond(s) | H shift -2 | Cl | ; | break 2 bond(s) | H shift -1 | Cl,1,-2,Cl,,"[2, 3, 4, 5, 6, 7, 13, 14, 15, 16, 17, 18, 19]",0.38
C4H5KO2,"{'C': 4, 'O': 2, 'H': 5, 'K': 1}",123.99266088669,positive,1,EVA,Ethylene-Vinyl Acetate,adduct,break 1 bond(s) | H shift -2 | K | ; | break 2 bond(s) | H shift -2 | K | ; | break 2 bond(s) | H shift -1 | K,1,-2,K,,"[2, 3, 4, 5, 6, 7, 13, 14, 15, 16, 17, 18, 19]",0.38
C4H5NaO2,"{'C': 4, 'O': 2, 'H': 5, 'Na': 1}",108.01872368229,positive,1,EVA,Ethylene-Vinyl Acetate,adduct,break 1 bond(s) | H shift -2 | Na | ; | break 2 bond(s) | H shift -2 | Na | ; | break 2 bond(s) | H shift -1 | Na,1,-2,Na,,"[2, 3, 4, 5, 6, 7, 13, 14, 15, 16, 17, 18, 19]",0.38
C4H5O3,"{'C': 4, 'O': 3, 'H': 5}",101.02386901986,negative,-1,EVA,Ethylene-Vinyl Acetate,adduct,break 1 bond(s) | H shift -2 | O | ; | break 2 bond(s) | H shift -2 | O | ; | break 2 bond(s) | H shift -2 | OH,1,-2,O,,"[2, 3, 4, 5, 6, 7, 13, 14, 15, 16, 17, 18, 19]",0.38
C4H7Cl,"{'C': 4, 'H': 7, 'Cl': 1}",90.02362790760999,negative,-1,EVA,Ethylene-Vinyl Acetate,adduct,break 1 bond(s) | H shift -2 | Cl | ; | break 2 bond(s) | H shift -2 | Cl | ; | break 2 bond(s) | H shift -2 | Cl,1,-2,Cl,,"[0, 1, 2, 7, 8, 9, 10, 11, 12, 13, 17, 18, 19]",0.38
C4H7ClO,"{'C': 4, 'O': 1, 'H': 7, 'Cl': 1}",106.01854252718,negative,-1,EVA,Ethylene-Vinyl Acetate,adduct,break 1 bond(s) | H shift -2 | Cl | ; | break 2 bond(s) | H shift -2 | Cl,1,-2,Cl,,"[0, 1, 2, 3, 7, 8, 9, 10, 11, 12, 13, 17, 18, 19]",0.38
C4H7K,"{'C': 4, 'H': 7, 'K': 1}",94.01848171201,positive,1,EVA,Ethylene-Vinyl Acetate,adduct,break 1 bond(s) | H shift -2 | K | ; | break 2 bond(s) | H shift -2 | K | ; | break 2 bond(s) | H shift -2 | K,1,-2,K,,"[0, 1, 2, 7, 8, 9, 10, 11, 12, 13, 17, 18, 19]",0.38
C4H7KO,"{'C': 4, 'O': 1, 'H': 7, 'K': 1}",110.01339633158,positive,1,EVA,Ethylene-Vinyl Acetate,adduct,break 1 bond(s) | H shift -2 | K | ; | break 2 bond(s) | H shift -2 | K,1,-2,K,,"[0, 1, 2, 3, 7, 8, 9, 10, 11, 12, 13, 17, 18, 19]",0.38
C4H7Na,"{'C': 4, 'H': 7, 'Na': 1}",78.04454450761,positive,1,EVA,Ethylene-Vinyl Acetate,adduct,break 1 bond(s) | H shift -2 | Na | ; | break 2 bond(s) | H shift -2 | Na | ; | break 2 bond(s) | H shift -2 | Na,1,-2,Na,,"[0, 1, 2, 7, 8, 9, 10, 11, 12, 13, 17, 18, 19]",0.38
C4H7NaO,"{'C': 4, 'O': 1, 'H': 7, 'Na': 1}",94.03945912718,positive,1,EVA,Ethylene-Vinyl Acetate,adduct,break 1 bond(s) | H shift -2 | Na | ; | break 2 bond(s) | H shift -2 | Na,1,-2,Na,,"[0, 1, 2, 3, 7, 8, 9, 10, 11, 12, 13, 17, 18, 19]",0.38
C4H9ClO2,"{'C': 4, 'O': 2, 'H': 9, 'Cl': 1}",124.02910721121,negative,-1,EVA,Ethylene-Vinyl Acetate,adduct,break 1 bond(s) | H shift +2 | Cl | ; | break 2 bond(s) | H shift +2 | Cl,1,2,Cl,,"[2, 3, 4, 5, 6, 7, 13, 14, 15, 16, 17, 18, 19]",0.38
C4H9KO2,"{'C': 4, 'O': 2, 'H': 9, 'K': 1}",128.02396101561,positive,1,EVA,Ethylene-Vinyl Acetate,adduct,break 1 bond(s) | H shift +2 | K | ; | break 2 bond(s) | H shift +2 | K,1,2,K,,"[2, 3, 4, 5, 6, 7, 13, 14, 15, 16, 17, 18, 19]",0.38
C4H9NaO2,"{'C': 4, 'O': 2, 'H': 9, 'Na': 1}",112.05002381121,positive,1,EVA,Ethylene-Vinyl Acetate,adduct,break 1 bond(s) | H shift +2 | Na | ; | break 2 bond(s) | H shift +2 | Na,1,2,Na,,"[2, 3, 4, 5, 6, 7, 13, 14, 15, 16, 17, 18, 19]",0.38
C5H11ClO2,"{'C': 5, 'O': 2, 'H': 11, 'Cl': 1}",138.04475727567,negative,-1,EVA,Ethylene-Vinyl Acetate,adduct,break 1 bond(s) | H shift +2 | Cl | ; | break 1 bond(s) | H shift +2 | Cl | ; | break 1 bond(s) | H shift +2 | Cl,1,2,Cl,,"[1, 2, 3, 4, 5, 6, 7, 11, 12, 13, 14, 15, 16, 17, 18, 19]",0.38
C5H11KO2,"{'C': 5, 'O': 2, 'H': 11, 'K': 1}",142.03961108007,positive,1,EVA,Ethylene-Vinyl Acetate,adduct,break 1 bond(s) | H shift +2 | K | ; | break 1 bond(s) | H shift +2 | K | ; | break 1 bond(s) | H shift +2 | K,1,2,K,,"[1, 2, 3, 4, 5, 6, 7, 11, 12, 13, 14, 15, 16, 17, 18, 19]",0.38
C5H11NaO2,"{'C': 5, 'O': 2, 'H': 11, 'Na': 1}",126.06567387567,positive,1,EVA,Ethylene-Vinyl Acetate,adduct,break 1 bond(s) | H shift +2 | Na | ; | break 1 bond(s) | H shift +2 | Na | ; | break 1 bond(s) | H shift +2 | Na,1,2,Na,,"[1, 2, 3, 4, 5, 6, 7, 11, 12, 13, 14, 15, 16, 17, 18, 19]",0.38
C5H12O3,"{'C': 5, 'O': 3, 'H': 12}",120.07864424547,negative,-1,EVA,Ethylene-Vinyl Acetate,adduct,break 1 bond(s) | H shift +2 | OH | ; | break 1 bond(s) | H shift +2 | OH | ; | break 1 bond(s) | H shift +2 | OH,1,2,OH,,"[1, 2, 3, 4, 5, 6, 7, 11, 12, 13, 14, 15, 16, 17, 18, 19]",0.38
C5H7ClO2,"{'C': 5, 'O': 2, 'H': 7, 'Cl': 1}",134.01345714675,negative,-1,EVA,Ethylene-Vinyl Acetate,adduct,break 1 bond(s) | H shift -2 | Cl | ; | break 1 bond(s) | H shift -2 | Cl | ; | break 1 bond(s) | H shift -2 | Cl,1,-2,Cl,,"[1, 2, 3, 4, 5, 6, 7, 11, 12, 13, 14, 15, 16, 17, 18, 19]",0.38
C5H7KO2,"{'C': 5, 'O': 2, 'H': 7, 'K': 1}",138.00831095115,positive,1,EVA,Ethylene-Vinyl Acetate,adduct,break 1 bond(s) | H shift -2 | K | ; | break 1 bond(s) | H shift -2 | K | ; | break 1 bond(s) | H shift -2 | K,1,-2,K,,"[1, 2, 3, 4, 5, 6, 7, 11, 12, 13, 14, 15, 16, 17, 18, 19]",0.38
C5H7NaO2,"{'C': 5, 'O': 2, 'H': 7, 'Na': 1}",122.03437374675,positive,1,EVA,Ethylene-Vinyl Acetate,adduct,break 1 bond(s) | H shift -2 | Na | ; | break 1 bond(s) | H shift -2 | Na | ; | break 1 bond(s) | H shift -2 | Na,1,-2,Na,,"[1, 2, 3, 4, 5, 6, 7, 11, 12, 13, 14, 15, 16, 17, 18, 19]",0.38
C5H7O3,"{'C': 5, 'O': 3, 'H': 7}",115.03951908432,negative,-1,EVA,Ethylene-Vinyl Acetate,adduct,break 1 bond(s) | H shift -2 | O | ; | break 1 bond(s) | H shift -2 | O | ; | break 1 bond(s) | H shift -2 | O,1,-2,O,,"[1, 2, 3, 4, 5, 6, 7, 11, 12, 13, 14, 15, 16, 17, 18, 19]",0.38
C2H,"{'C': 2, 'H': 1}",25.00782503223,negative,-1,EVA,Ethylene-Vinyl Acetate,adduct,break 2 bond(s) | H shift -2 | -H,2,-2,-H,,"[2, 7, 13, 17, 18, 19]",0.35
C2H2,"{'C': 2, 'H': 2}",26.01565006446,neutral,0,EVA,Ethylene-Vinyl Acetate,h_shift,break 2 bond(s) | H shift -2,2,-2,,,"[2, 7, 13, 17, 18, 19]",0.35
C2H3,"{'C': 2, 'H': 3}",27.02347509669,positive,1,EVA,Ethylene-Vinyl Acetate,adduct,break 2 bond(s) | H shift -2 | H,2,-2,H,,"[2, 7, 13, 17, 18, 19]",0.35
C2H6,"{'C': 2, 'H': 6}",30.04695019338,neutral,0,EVA,Ethylene-Vinyl Acetate,neutral_loss,break 2 bond(s) | -CO | ; | break 2 bond(s) | H shift +2 | -CO2 | ; | break 2 bond(s) | H shift +2 | -CO2,2,0,,CO,"[1, 2, 3, 7, 11, 12, 13, 17, 18, 19]",0.35
C2H6O,"{'C': 2, 'O': 1, 'H': 6}",46.04186481295,neutral,0,EVA,Ethylene-Vinyl Acetate,h_shift,break 2 bond(s) | H shift +2,2,2,,,"[2, 3, 7, 13, 17, 18, 19]",0.35
C2H7O,"{'C': 2, 'O': 1, 'H': 7}",47.04968984518,positive,1,EVA,Ethylene-Vinyl Acetate,adduct,break 2 bond(s) | H shift +2 | H,2,2,H,,"[2, 3, 7, 13, 17, 18, 19]",0.35
C3H2O,"{'C': 3, 'O': 1, 'H': 2}",54.01056468403,neutral,0,EVA,Ethylene-Vinyl Acetate,neutral_loss,break 2 bond(s) | -H2O | ; | break 2 bond(s) | H shift -1 | -OH | ; | break 2 bond(s) | -H2O,2,0,,H2O,"[2, 3, 4, 5, 7, 13, 17, 18, 19]",0.35
C3H2O2,"{'C': 3, 'O': 2, 'H': 2}",70.0054793036,neutral,0,EVA,Ethylene-Vinyl Acetate,h_shift,break 2 bond(s) | H shift -2 | ; | break 2 bond(s) | H shift -2,2,-2,,,"[2, 3, 4, 5, 7, 13, 17, 18, 19]",0.35
C3H3,"{'C': 3, 'H': 3}",39.02347509669,negative,-1,EVA,Ethylene-Vinyl Acetate,adduct,break 2 bond(s) | H shift -2 | -H | ; | break 2 bond(s) | H shift -2 | -H,2,-2,-H,,"[1, 2, 7, 11, 12, 13, 17, 18, 19]",0.35
C3H3O,"{'C': 3, 'O': 1, 'H': 3}",55.01838971626,negative,-1,EVA,Ethylene-Vinyl Acetate,adduct,break 2 bond(s) | H shift -2 | -H | ; | break 2 bond(s) | H shift -2 | -H,2,-2,-H,,"[1, 2, 3, 7, 11, 12, 13, 17, 18, 19]",0.35
C3H3O,"{'C': 3, 'O': 1, 'H': 3}",55.01838971626,neutral,0,EVA,Ethylene-Vinyl Acetate,neutral_loss,break 2 bond(s) | -OH | ; | break 2 bond(s) | H shift +1 | -H2O | ; | break 2 bond(s) | -OH,2,0,,OH,"[2, 3, 4, 5, 7, 13, 17, 18, 19]",0.35
C3H3O2,"{'C': 3, 'O': 2, 'H': 3}",71.01330433583,positive,1,EVA,Ethylene-Vinyl Acetate,adduct,break 2 bond(s) | H shift -2 | H | ; | break 2 bond(s) | H shift -2 | H,2,-2,H,,"[2, 3, 4, 5, 7, 13, 17, 18, 19]",0.35
C3H4,"{'C': 3, 'H': 4}",40.03130012892,neutral,0,EVA,Ethylene-Vinyl Acetate,h_shift,break 2 bond(s) | H shift -2 | ; | break 2 bond(s) | H shift -2,2,-2,,,"[1, 2, 7, 11, 12, 13, 17, 18, 19]",0.35
C3H4O,"{'C': 3, 'O': 1, 'H': 4}",56.02621474849,neutral,0,EVA,Ethylene-Vinyl Acetate,h_shift,break 2 bond(s) | H shift -2 | ; | break 2 bond(s) | H shift -2,2,-2,,,"[1, 2, 3, 7, 11, 12, 13, 17, 18, 19]",0.35
C3H5,"{'C': 3, 'H': 5}",41.03912516115,positive,1,EVA,Ethylene-Vinyl Acetate,adduct,break 2 bond(s) | H shift -2 | H | ; | break 2 bond(s) | H shift -2 | H,2,-2,H,,"[1, 2, 7, 11, 12, 13, 17, 18, 19]",0.35
C3H5O,"{'C': 3, 'O': 1, 'H': 5}",57.03403978072,positive,1,EVA,Ethylene-Vinyl Acetate,adduct,break 2 bond(s) | H shift -2 | H | ; | break 2 bond(s) | H shift -2 | H,2,-2,H,,"[1, 2, 3, 7, 11, 12, 13, 17, 18, 19]",0.35
C3H5O2,"{'C': 3, 'O': 2, 'H': 5}",73.02895440029,negative,-1,EVA,Ethylene-Vinyl Acetate,adduct,break 2 bond(s) | H shift +2 | -H | ; | break 2 bond(s) | H shift +2 | -H | ; | break 2 bond(s) | H shift -2 | OH,2,2,-H,,"[2, 3, 4, 5, 7, 13, 17, 18, 19]",0.35
C3H6O2,"{'C': 3, 'O': 2, 'H': 6}",74.03677943252,neutral,0,EVA,Ethylene-Vinyl Acetate,h_shift,break 2 bond(s) | H shift +2 | ; | break 2 bond(s) | H shift +2,2,2,,,"[2, 3, 4, 5, 7, 13, 17, 18, 19]",0.35
C3H7,"{'C': 3, 'H': 7}",43.05477522561,negative,-1,EVA,Ethylene-Vinyl Acetate,adduct,break 2 bond(s) | H shift +2 | -H | ; | break 2 bond(s) | H shift +2 | -H,2,2,-H,,"[1, 2, 7, 11, 12, 13, 17, 18, 19]",0.35
C3H7O,"{'C': 3, 'O': 1, 'H': 7}",59.04968984518,negative,-1,EVA,Ethylene-Vinyl Acetate,adduct,break 2 bond(s) | H shift +2 | -H | ; | break 2 bond(s) | OH | ; | break 2 bond(s) | H shift +1 | O,2,2,-H,,"[1, 2, 3, 7, 11, 12, 13, 17, 18, 19]",0.35
C3H7O2,"{'C': 3, 'O': 2, 'H': 7}",75.04460446475,positive,1,EVA,Ethylene-Vinyl Acetate,adduct,break 2 bond(s) | H shift +2 | H | ; | break 2 bond(s) | H shift +2 | H,2,2,H,,"[2, 3, 4, 5, 7, 13, 17, 18, 19]",0.35
C3H8,"{'C': 3, 'H': 8}",44.06260025784,neutral,0,EVA,Ethylene-Vinyl Acetate,h_shift,break 2 bond(s) | H shift +2 | ; | break 2 bond(s) | H shift +2,2,2,,,"[1, 2, 7, 11, 12, 13, 17, 18, 19]",0.35
C3H8O,"{'C': 3, 'O': 1, 'H': 8}",60.05751487741,neutral,0,EVA,Ethylene-Vinyl Acetate,h_shift,break 2 bond(s) | H shift +2 | ; | break 2 bond(s) | H shift +2,2,2,,,"[1, 2, 3, 7, 11, 12, 13, 17, 18, 19]",0.35
C3H9,"{'C': 3, 'H': 9}",45.07042529007,positive,1,EVA,Ethylene-Vinyl Acetate,adduct,break 2 bond(s) | H shift +2 | H | ; | break 2 bond(s) | H shift +2 | H,2,2,H,,"[1, 2, 7, 11, 12, 13, 17, 18, 19]",0.35
C3H9O,"{'C': 3, 'O': 1, 'H': 9}",61.06533990964,positive,1,EVA,Ethylene-Vinyl Acetate,adduct,break 2 bond(s) | H shift +2 | H | ; | break 2 bond(s) | H shift +2 | H,2,2,H,,"[1, 2, 3, 7, 11, 12, 13, 17, 18, 19]",0.35
C3HO2,"{'C': 3, 'O': 2, 'H': 1}",68.99765427137,negative,-1,EVA,Ethylene-Vinyl Acetate,adduct,break 2 bond(s) | H shift -2 | -H | ; | break 2 bond(s) | H shift -2 | -H,2,-2,-H,,"[2, 3, 4, 5, 7, 13, 17, 18, 19]",0.35
C4H3O2,"{'C': 4, 'O': 2, 'H': 3}",83.01330433583,negative,-1,EVA,Ethylene-Vinyl Acetate,adduct,break 2 bond(s) | H shift -2 | -H | ; | break 2 bond(s) | H shift -2 | -H | ; | break 2 bond(s) | H shift -2 | -H,2,-2,-H,,"[1, 2, 3, 4, 5, 7, 11, 12, 13, 17, 18, 19]",0.35
C4H4O2,"{'C': 4, 'O': 2, 'H': 4}",84.02112936806,neutral,0,EVA,Ethylene-Vinyl Acetate,h_shift,break 2 bond(s) | H shift -2 | ; | break 2 bond(s) | H shift -2 | ; | break 2 bond(s) | H shift -2,2,-2,,,"[1, 2, 3, 4, 5, 7, 11, 12, 13, 17, 18, 19]",0.35
C4H5O2,"{'C': 4, 'O': 2, 'H': 5}",85.02895440029,positive,1,EVA,Ethylene-Vinyl Acetate,adduct,break 2 bond(s) | H shift -2 | H | ; | break 2 bond(s) | H shift -2 | H | ; | break 2 bond(s) | H shift -2 | H,2,-2,H,,"[1, 2, 3, 4, 5, 7, 11, 12, 13, 17, 18, 19]",0.35
CH2O,"{'C': 1, 'O': 1, 'H': 2}",30.01056468403,neutral,0,EVA,Ethylene-Vinyl Acetate,h_shift,break 2 bond(s) | H shift +2,2,2,,,"[4, 5]",0.35
CH2O2,"{'O': 2, 'C': 1, 'H': 2}",46.0054793036,neutral,0,EVA,Ethylene-Vinyl Acetate,h_shift,break 2 bond(s) | H shift +2,2,2,,,"[3, 4, 5]",0.35
CH3O,"{'C': 1, 'O': 1, 'H': 3}",31.01838971626,positive,1,EVA,Ethylene-Vinyl Acetate,adduct,break 2 bond(s) | H shift +2 | H,2,2,H,,"[4, 5]",0.35
CH3O2,"{'O': 2, 'C': 1, 'H': 3}",47.01330433583,positive,1,EVA,Ethylene-Vinyl Acetate,adduct,break 2 bond(s) | H shift +2 | H,2,2,H,,"[3, 4, 5]",0.35
CHO,"{'C': 1, 'O': 1, 'H': 1}",29.0027396518,negative,-1,EVA,Ethylene-Vinyl Acetate,adduct,break 2 bond(s) | H shift +2 | -H,2,2,-H,,"[4, 5]",0.35
CHO2,"{'O': 2, 'C': 1, 'H': 1}",44.99765427137,negative,-1,EVA,Ethylene-Vinyl Acetate,adduct,break 2 bond(s) | H shift +2 | -H | ; | break 2 bond(s) | OH | ; | break 2 bond(s) | H shift +1 | O,2,2,-H,,"[3, 4, 5]",0.35
O,{'O': 1},15.99491461957,neutral,0,EVA,Ethylene-Vinyl Acetate,neutral_loss,break 2 bond(s) | -CO,2,0,,CO,"[3, 4, 5]",0.35
C3H4ClO2,"{'C': 3, 'O': 2, 'H': 4, 'Cl': 1}",106.98998205006,negative,-1,EVA,Ethylene-Vinyl Acetate,adduct,break 2 bond(s) | Cl | ; | break 2 bond(s) | Cl,2,0,Cl,,"[2, 3, 4, 5, 7, 13, 17, 18, 19]",0.33
C3H4KO2,"{'C': 3, 'O': 2, 'H': 4, 'K': 1}",110.98483585446,positive,1,EVA,Ethylene-Vinyl Acetate,adduct,break 2 bond(s) | K | ; | break 2 bond(s) | K,2,0,K,,"[2, 3, 4, 5, 7, 13, 17, 18, 19]",0.33
C3H4NaO2,"{'C': 3, 'O': 2, 'H': 4, 'Na': 1}",95.01089865006,positive,1,EVA,Ethylene-Vinyl Acetate,adduct,break 2 bond(s) | Na | ; | break 2 bond(s) | Na,2,0,Na,,"[2, 3, 4, 5, 7, 13, 17, 18, 19]",0.33
C3H4O3,"{'C': 3, 'O': 3, 'H': 4}",88.01604398763,negative,-1,EVA,Ethylene-Vinyl Acetate,adduct,break 2 bond(s) | O | ; | break 2 bond(s) | H shift -1 | OH | ; | break 2 bond(s) | O,2,0,O,,"[2, 3, 4, 5, 7, 13, 17, 18, 19]",0.33
C3H5O3,"{'C': 3, 'O': 3, 'H': 5}",89.02386901986,negative,-1,EVA,Ethylene-Vinyl Acetate,adduct,break 2 bond(s) | OH | ; | break 2 bond(s) | H shift +1 | O | ; | break 2 bond(s) | OH,2,0,OH,,"[2, 3, 4, 5, 7, 13, 17, 18, 19]",0.33
C3H6Cl,"{'C': 3, 'H': 6, 'Cl': 1}",77.01580287538,negative,-1,EVA,Ethylene-Vinyl Acetate,adduct,break 2 bond(s) | Cl | ; | break 2 bond(s) | Cl,2,0,Cl,,"[1, 2, 7, 11, 12, 13, 17, 18, 19]",0.33
C3H6ClO,"{'C': 3, 'O': 1, 'H': 6, 'Cl': 1}",93.01071749495,negative,-1,EVA,Ethylene-Vinyl Acetate,adduct,break 2 bond(s) | Cl | ; | break 2 bond(s) | Cl,2,0,Cl,,"[1, 2, 3, 7, 11, 12, 13, 17, 18, 19]",0.33
C3H6K,"{'C': 3, 'H': 6, 'K': 1}",81.01065667978,positive,1,EVA,Ethylene-Vinyl Acetate,adduct,break 2 bond(s) | K | ; | break 2 bond(s) | K,2,0,K,,"[1, 2, 7, 11, 12, 13, 17, 18, 19]",0.33
C3H6KO,"{'C': 3, 'O': 1, 'H': 6, 'K': 1}",97.00557129935,positive,1,EVA,Ethylene-Vinyl Acetate,adduct,break 2 bond(s) | K | ; | break 2 bond(s) | K,2,0,K,,"[1, 2, 3, 7, 11, 12, 13, 17, 18, 19]",0.33
C3H6Na,"{'C': 3, 'H': 6, 'Na': 1}",65.03671947538,positive,1,EVA,Ethylene-Vinyl Acetate,adduct,break 2 bond(s) | Na | ; | break 2 bond(s) | Na,2,0,Na,,"[1, 2, 7, 11, 12, 13, 17, 18, 19]",0.33
C3H6NaO,"{'C': 3, 'O': 1, 'H': 6, 'Na': 1}",81.03163409495001,positive,1,EVA,Ethylene-Vinyl Acetate,adduct,break 2 bond(s) | Na | ; | break 2 bond(s) | Na,2,0,Na,,"[1, 2, 3, 7, 11, 12, 13, 17, 18, 19]",0.33
C3H6O2,"{'C': 3, 'O': 2, 'H': 6}",74.03677943252,negative,-1,EVA,Ethylene-Vinyl Acetate,adduct,break 2 bond(s) | O | ; | break 2 bond(s) | H shift -1 | OH | ; | break 2 bond(s) | O,2,0,O,,"[1, 2, 3, 7, 11, 12, 13, 17, 18, 19]",0.33
C3H7O2,"{'C': 3, 'O': 2, 'H': 7}",75.04460446475,negative,-1,EVA,Ethylene-Vinyl Acetate,adduct,break 2 bond(s) | OH | ; | break 2 bond(s) | H shift +1 | O | ; | break 2 bond(s) | OH,2,0,OH,,"[1, 2, 3, 7, 11, 12, 13, 17, 18, 19]",0.33
CClO,"{'C': 1, 'O': 1, 'Cl': 1}",62.96376730157,negative,-1,EVA,Ethylene-Vinyl Acetate,adduct,break 2 bond(s) | Cl,2,0,Cl,,"[4, 5]",0.33
CClO2,"{'O': 2, 'C': 1, 'Cl': 1}",78.95868192114,negative,-1,EVA,Ethylene-Vinyl Acetate,adduct,break 2 bond(s) | Cl,2,0,Cl,,"[3, 4, 5]",0.33
CHO3,"{'O': 3, 'C': 1, 'H': 1}",60.99256889094001,negative,-1,EVA,Ethylene-Vinyl Acetate,adduct,break 2 bond(s) | OH | ; | break 2 bond(s) | H shift +1 | O,2,0,OH,,"[3, 4, 5]",0.33
CKO,"{'C': 1, 'O': 1, 'K': 1}",66.95862110597,positive,1,EVA,Ethylene-Vinyl Acetate,adduct,break 2 bond(s) | K,2,0,K,,"[4, 5]",0.33
CKO2,"{'O': 2, 'C': 1, 'K': 1}",82.95353572554001,positive,1,EVA,Ethylene-Vinyl Acetate,adduct,break 2 bond(s) | K,2,0,K,,"[3, 4, 5]",0.33
CNaO,"{'C': 1, 'O': 1, 'Na': 1}",50.98468390157,positive,1,EVA,Ethylene-Vinyl Acetate,adduct,break 2 bond(s) | Na,2,0,Na,,"[4, 5]",0.33
CNaO2,"{'O': 2, 'C': 1, 'Na': 1}",66.97959852114,positive,1,EVA,Ethylene-Vinyl Acetate,adduct,break 2 bond(s) | Na,2,0,Na,,"[3, 4, 5]",0.33
CO3,"{'O': 3, 'C': 1}",59.984743858710004,negative,-1,EVA,Ethylene-Vinyl Acetate,adduct,break 2 bond(s) | O,2,0,O,,"[3, 4, 5]",0.33
C2H5O,"{'C': 2, 'O': 1, 'H': 5}",45.03403978072,neutral,0,EVA,Ethylene-Vinyl Acetate,neutral_loss,break 2 bond(s) | H shift +1 | -CO | ; | break 2 bond(s) | H shift +1 | -CO | ; | break 2 bond(s) | H shift +2 | -CH3,2,1,,CO,"[2, 3, 4, 5, 7, 13, 17, 18, 19]",0.30000000000000004
C2H7,"{'C': 2, 'H': 7}",31.05477522561,neutral,0,EVA,Ethylene-Vinyl Acetate,neutral_loss,break 2 bond(s) | H shift +1 | -CO | ; | break 2 bond(s) | H shift +1 | -CO,2,1,,CO,"[1, 2, 3, 7, 11, 12, 13, 17, 18, 19]",0.30000000000000004
C3H3,"{'C': 3, 'H': 3}",39.02347509669,neutral,0,EVA,Ethylene-Vinyl Acetate,neutral_loss,break 2 bond(s) | H shift -1 | -H2 | ; | break 2 bond(s) | H shift -2 | -OH | ; | break 2 bond(s) | H shift -1 | -H2O,2,-1,,H2,"[1, 2, 7, 11, 12, 13, 17, 18, 19]",0.30000000000000004
C3HO,"{'C': 3, 'O': 1, 'H': 1}",53.0027396518,neutral,0,EVA,Ethylene-Vinyl Acetate,neutral_loss,break 2 bond(s) | H shift -1 | -H2O | ; | break 2 bond(s) | H shift -2 | -OH | ; | break 2 bond(s) | H shift -1 | -H2O,2,-1,,H2O,"[2, 3, 4, 5, 7, 13, 17, 18, 19]",0.30000000000000004
C3HO2,"{'C': 3, 'O': 2, 'H': 1}",68.99765427137,neutral,0,EVA,Ethylene-Vinyl Acetate,neutral_loss,break 2 bond(s) | H shift -1 | -H2 | ; | break 2 bond(s) | H shift -1 | -H2 | ; | break 2 bond(s) | H shift -2 | -CH3,2,-1,,H2,"[2, 3, 4, 5, 7, 13, 17, 18, 19]",0.30000000000000004
H,{'H': 1},1.00782503223,neutral,0,EVA,Ethylene-Vinyl Acetate,neutral_loss,break 2 bond(s) | H shift +1 | -CO2 | ; | break 2 bond(s) | H shift +1 | -CO,2,1,,CO2,"[3, 4, 5]",0.30000000000000004
HO,"{'O': 1, 'H': 1}",17.0027396518,neutral,0,EVA,Ethylene-Vinyl Acetate,neutral_loss,break 2 bond(s) | H shift +1 | -CO,2,1,,CO,"[3, 4, 5]",0.30000000000000004
C3H3ClO2,"{'C': 3, 'O': 2, 'H': 3, 'Cl': 1}",105.98215701783,negative,-1,EVA,Ethylene-Vinyl Acetate,adduct,break 2 bond(s) | H shift -1 | Cl | ; | break 2 bond(s) | H shift -1 | Cl,2,-1,Cl,,"[2, 3, 4, 5, 7, 13, 17, 18, 19]",0.28
C3H3KO2,"{'C': 3, 'O': 2, 'H': 3, 'K': 1}",109.97701082223,positive,1,EVA,Ethylene-Vinyl Acetate,adduct,break 2 bond(s) | H shift -1 | K | ; | break 2 bond(s) | H shift -1 | K,2,-1,K,,"[2, 3, 4, 5, 7, 13, 17, 18, 19]",0.28
C3H3NaO2,"{'C': 3, 'O': 2, 'H': 3, 'Na': 1}",94.00307361783,positive,1,EVA,Ethylene-Vinyl Acetate,adduct,break 2 bond(s) | H shift -1 | Na | ; | break 2 bond(s) | H shift -1 | Na,2,-1,Na,,"[2, 3, 4, 5, 7, 13, 17, 18, 19]",0.28
C3H3O3,"{'C': 3, 'O': 3, 'H': 3}",87.00821895540001,negative,-1,EVA,Ethylene-Vinyl Acetate,adduct,break 2 bond(s) | H shift -1 | O | ; | break 2 bond(s) | H shift -2 | OH | ; | break 2 bond(s) | H shift -1 | O,2,-1,O,,"[2, 3, 4, 5, 7, 13, 17, 18, 19]",0.28
C3H5Cl,"{'C': 3, 'H': 5, 'Cl': 1}",76.00797784315,negative,-1,EVA,Ethylene-Vinyl Acetate,adduct,break 2 bond(s) | H shift -1 | Cl | ; | break 2 bond(s) | H shift -1 | Cl,2,-1,Cl,,"[1, 2, 7, 11, 12, 13, 17, 18, 19]",0.28
C3H5ClO,"{'C': 3, 'O': 1, 'H': 5, 'Cl': 1}",92.00289246272,negative,-1,EVA,Ethylene-Vinyl Acetate,adduct,break 2 bond(s) | H shift -1 | Cl | ; | break 2 bond(s) | H shift -1 | Cl,2,-1,Cl,,"[1, 2, 3, 7, 11, 12, 13, 17, 18, 19]",0.28
C3H5ClO2,"{'C': 3, 'O': 2, 'H': 5, 'Cl': 1}",107.99780708229,negative,-1,EVA,Ethylene-Vinyl Acetate,adduct,break 2 bond(s) | H shift +1 | Cl | ; | break 2 bond(s) | H shift +1 | Cl,2,1,Cl,,"[2, 3, 4, 5, 7, 13, 17, 18, 19]",0.28
C3H5K,"{'C': 3, 'H': 5, 'K': 1}",80.00283164755,positive,1,EVA,Ethylene-Vinyl Acetate,adduct,break 2 bond(s) | H shift -1 | K | ; | break 2 bond(s) | H shift -1 | K,2,-1,K,,"[1, 2, 7, 11, 12, 13, 17, 18, 19]",0.28
C3H5KO,"{'C': 3, 'O': 1, 'H': 5, 'K': 1}",95.99774626712,positive,1,EVA,Ethylene-Vinyl Acetate,adduct,break 2 bond(s) | H shift -1 | K | ; | break 2 bond(s) | H shift -1 | K,2,-1,K,,"[1, 2, 3, 7, 11, 12, 13, 17, 18, 19]",0.28
C3H5KO2,"{'C': 3, 'O': 2, 'H': 5, 'K': 1}",111.99266088669,positive,1,EVA,Ethylene-Vinyl Acetate,adduct,break 2 bond(s) | H shift +1 | K | ; | break 2 bond(s) | H shift +1 | K,2,1,K,,"[2, 3, 4, 5, 7, 13, 17, 18, 19]",0.28
C3H5Na,"{'C': 3, 'H': 5, 'Na': 1}",64.02889444315,positive,1,EVA,Ethylene-Vinyl Acetate,adduct,break 2 bond(s) | H shift -1 | Na | ; | break 2 bond(s) | H shift -1 | Na,2,-1,Na,,"[1, 2, 7, 11, 12, 13, 17, 18, 19]",0.28
C3H5NaO,"{'C': 3, 'O': 1, 'H': 5, 'Na': 1}",80.02380906272,positive,1,EVA,Ethylene-Vinyl Acetate,adduct,break 2 bond(s) | H shift -1 | Na | ; | break 2 bond(s) | H shift -1 | Na,2,-1,Na,,"[1, 2, 3, 7, 11, 12, 13, 17, 18, 19]",0.28
C3H5NaO2,"{'C': 3, 'O': 2, 'H': 5, 'Na': 1}",96.01872368229,positive,1,EVA,Ethylene-Vinyl Acetate,adduct,break 2 bond(s) | H shift +1 | Na | ; | break 2 bond(s) | H shift +1 | Na,2,1,Na,,"[2, 3, 4, 5, 7, 13, 17, 18, 19]",0.28
C3H6O3,"{'C': 3, 'O': 3, 'H': 6}",90.03169405209,negative,-1,EVA,Ethylene-Vinyl Acetate,adduct,break 2 bond(s) | H shift +1 | OH | ; | break 2 bond(s) | H shift +2 | O | ; | break 2 bond(s) | H shift +1 | OH,2,1,OH,,"[2, 3, 4, 5, 7, 13, 17, 18, 19]",0.28
C3H7Cl,"{'C': 3, 'H': 7, 'Cl': 1}",78.02362790760999,negative,-1,EVA,Ethylene-Vinyl Acetate,adduct,break 2 bond(s) | H shift +1 | Cl | ; | break 2 bond(s) | H shift +1 | Cl,2,1,Cl,,"[1, 2, 7, 11, 12, 13, 17, 18, 19]",0.28
C3H7ClO,"{'C': 3, 'O': 1, 'H': 7, 'Cl': 1}",94.01854252718,negative,-1,EVA,Ethylene-Vinyl Acetate,adduct,break 2 bond(s) | H shift +1 | Cl | ; | break 2 bond(s) | H shift +1 | Cl,2,1,Cl,,"[1, 2, 3, 7, 11, 12, 13, 17, 18, 19]",0.28
C3H7K,"{'C': 3, 'H': 7, 'K': 1}",82.01848171201,positive,1,EVA,Ethylene-Vinyl Acetate,adduct,break 2 bond(s) | H shift +1 | K | ; | break 2 bond(s) | H shift +1 | K,2,1,K,,"[1, 2, 7, 11, 12, 13, 17, 18, 19]",0.28
C3H7KO,"{'C': 3, 'O': 1, 'H': 7, 'K': 1}",98.01339633158,positive,1,EVA,Ethylene-Vinyl Acetate,adduct,break 2 bond(s) | H shift +1 | K | ; | break 2 bond(s) | H shift +1 | K,2,1,K,,"[1, 2, 3, 7, 11, 12, 13, 17, 18, 19]",0.28
C3H7Na,"{'C': 3, 'H': 7, 'Na': 1}",66.04454450761,positive,1,EVA,Ethylene-Vinyl Acetate,adduct,break 2 bond(s) | H shift +1 | Na | ; | break 2 bond(s) | H shift +1 | Na,2,1,Na,,"[1, 2, 7, 11, 12, 13, 17, 18, 19]",0.28
C3H7NaO,"{'C': 3, 'O': 1, 'H': 7, 'Na': 1}",82.03945912718,positive,1,EVA,Ethylene-Vinyl Acetate,adduct,break 2 bond(s) | H shift +1 | Na | ; | break 2 bond(s) | H shift +1 | Na,2,1,Na,,"[1, 2, 3, 7, 11, 12, 13, 17, 18, 19]",0.28
C3H8O,"{'C': 3, 'H': 8, 'O': 1}",60.05751487741,negative,-1,EVA,Ethylene-Vinyl Acetate,adduct,break 2 bond(s) | H shift +1 | OH | ; | break 2 bond(s) | H shift +2 | O | ; | break 2 bond(s) | H shift +1 | OH,2,1,OH,,"[1, 2, 7, 11, 12, 13, 17, 18, 19]",0.28
C3H8O2,"{'C': 3, 'O': 2, 'H': 8}",76.05242949698,negative,-1,EVA,Ethylene-Vinyl Acetate,adduct,break 2 bond(s) | H shift +1 | OH | ; | break 2 bond(s) | H shift +2 | O | ; | break 2 bond(s) | H shift +1 | OH,2,1,OH,,"[1, 2, 3, 7, 11, 12, 13, 17, 18, 19]",0.28
CH2O2,"{'C': 1, 'O': 2, 'H': 2}",46.0054793036,negative,-1,EVA,Ethylene-Vinyl Acetate,adduct,break 2 bond(s) | H shift +1 | OH | ; | break 2 bond(s) | H shift +2 | O,2,1,OH,,"[4, 5]",0.28
CH2O3,"{'O': 3, 'C': 1, 'H': 2}",62.00039392317,negative,-1,EVA,Ethylene-Vinyl Acetate,adduct,break 2 bond(s) | H shift +1 | OH | ; | break 2 bond(s) | H shift +2 | O,2,1,OH,,"[3, 4, 5]",0.28
CHClO,"{'C': 1, 'O': 1, 'H': 1, 'Cl': 1}",63.9715923338,negative,-1,EVA,Ethylene-Vinyl Acetate,adduct,break 2 bond(s) | H shift +1 | Cl,2,1,Cl,,"[4, 5]",0.28
CHClO2,"{'O': 2, 'C': 1, 'H': 1, 'Cl': 1}",79.96650695337,negative,-1,EVA,Ethylene-Vinyl Acetate,adduct,break 2 bond(s) | H shift +1 | Cl,2,1,Cl,,"[3, 4, 5]",0.28
CHKO,"{'C': 1, 'O': 1, 'H': 1, 'K': 1}",67.9664461382,positive,1,EVA,Ethylene-Vinyl Acetate,adduct,break 2 bond(s) | H shift +1 | K,2,1,K,,"[4, 5]",0.28
CHKO2,"{'O': 2, 'C': 1, 'H': 1, 'K': 1}",83.96136075777,positive,1,EVA,Ethylene-Vinyl Acetate,adduct,break 2 bond(s) | H shift +1 | K,2,1,K,,"[3, 4, 5]",0.28
CHNaO,"{'C': 1, 'O': 1, 'H': 1, 'Na': 1}",51.9925089338,positive,1,EVA,Ethylene-Vinyl Acetate,adduct,break 2 bond(s) | H shift +1 | Na,2,1,Na,,"[4, 5]",0.28
CHNaO2,"{'O': 2, 'C': 1, 'H': 1, 'Na': 1}",67.98742355337001,positive,1,EVA,Ethylene-Vinyl Acetate,adduct,break 2 bond(s) | H shift +1 | Na,2,1,Na,,"[3, 4, 5]",0.28
C2H6O,"{'C': 2, 'O': 1, 'H': 6}",46.04186481295,neutral,0,EVA,Ethylene-Vinyl Acetate,neutral_loss,break 2 bond(s) | H shift +2 | -CO | ; | break 2 bond(s) | H shift +2 | -CO,2,2,,CO,"[2, 3, 4, 5, 7, 13, 17, 18, 19]",0.24999999999999997
C2H8,"{'C': 2, 'H': 8}",32.06260025784,neutral,0,EVA,Ethylene-Vinyl Acetate,neutral_loss,break 2 bond(s) | H shift +2 | -CO | ; | break 2 bond(s) | H shift +2 | -CO,2,2,,CO,"[1, 2, 3, 7, 11, 12, 13, 17, 18, 19]",0.24999999999999997
C3H2,"{'C': 3, 'H': 2}",38.01565006446,neutral,0,EVA,Ethylene-Vinyl Acetate,neutral_loss,break 2 bond(s) | H shift -2 | -H2 | ; | break 2 bond(s) | H shift -2 | -H2O | ; | break 2 bond(s) | H shift -2 | -H2,2,-2,,H2,"[1, 2, 7, 11, 12, 13, 17, 18, 19]",0.24999999999999997
C3O,"{'C': 3, 'O': 1}",51.99491461957,neutral,0,EVA,Ethylene-Vinyl Acetate,neutral_loss,break 2 bond(s) | H shift -2 | -H2O | ; | break 2 bond(s) | H shift -2 | -H2O,2,-2,,H2O,"[2, 3, 4, 5, 7, 13, 17, 18, 19]",0.24999999999999997
C3O2,"{'C': 3, 'O': 2}",67.98982923914,neutral,0,EVA,Ethylene-Vinyl Acetate,neutral_loss,break 2 bond(s) | H shift -2 | -H2 | ; | break 2 bond(s) | H shift -2 | -H2,2,-2,,H2,"[2, 3, 4, 5, 7, 13, 17, 18, 19]",0.24999999999999997
C4H2O,"{'C': 4, 'O': 1, 'H': 2}",66.01056468403,neutral,0,EVA,Ethylene-Vinyl Acetate,neutral_loss,break 2 bond(s) | H shift -2 | -H2O | ; | break 2 bond(s) | H shift -2 | -H2O | ; | break 2 bond(s) | H shift -2 | -H2O,2,-2,,H2O,"[1, 2, 3, 4, 5, 7, 11, 12, 13, 17, 18, 19]",0.24999999999999997
C4H2O2,"{'C': 4, 'O': 2, 'H': 2}",82.0054793036,neutral,0,EVA,Ethylene-Vinyl Acetate,neutral_loss,break 2 bond(s) | H shift -2 | -H2 | ; | break 2 bond(s) | H shift -2 | -H2 | ; | break 2 bond(s) | H shift -2 | -H2,2,-2,,H2,"[1, 2, 3, 4, 5, 7, 11, 12, 13, 17, 18, 19]",0.24999999999999997
CH6,"{'C': 1, 'H': 6}",18.04695019338,neutral,0,EVA,Ethylene-Vinyl Acetate,neutral_loss,break 2 bond(s) | H shift +2 | -CO,2,2,,CO,"[2, 3, 7, 13, 17, 18, 19]",0.24999999999999997
H2,{'H': 2},2.01565006446,neutral,0,EVA,Ethylene-Vinyl Acetate,neutral_loss,break 2 bond(s) | H shift +2 | -CO2 | ; | break 2 bond(s) | H shift +2 | -CO,2,2,,CO2,"[3, 4, 5]",0.24999999999999997
H2O,"{'O': 1, 'H': 2}",18.01056468403,neutral,0,EVA,Ethylene-Vinyl Acetate,neutral_loss,break 2 bond(s) | H shift +2 | -CO,2,2,,CO,"[3, 4, 5]",0.24999999999999997
C2H2Cl,"{'C': 2, 'H': 2, 'Cl': 1}",60.984502746459995,negative,-1,EVA,Ethylene-Vinyl Acetate,adduct,break 2 bond(s) | H shift -2 | Cl,2,-2,Cl,,"[2, 7, 13, 17, 18, 19]",0.22999999999999998
C2H2K,"{'C': 2, 'H': 2, 'K': 1}",64.97935655086,positive,1,EVA,Ethylene-Vinyl Acetate,adduct,break 2 bond(s) | H shift -2 | K,2,-2,K,,"[2, 7, 13, 17, 18, 19]",0.22999999999999998
C2H2Na,"{'C': 2, 'H': 2, 'Na': 1}",49.00541934646,positive,1,EVA,Ethylene-Vinyl Acetate,adduct,break 2 bond(s) | H shift -2 | Na,2,-2,Na,,"[2, 7, 13, 17, 18, 19]",0.22999999999999998
C2H6ClO,"{'C': 2, 'O': 1, 'H': 6, 'Cl': 1}",81.01071749495,negative,-1,EVA,Ethylene-Vinyl Acetate,adduct,break 2 bond(s) | H shift +2 | Cl,2,2,Cl,,"[2, 3, 7, 13, 17, 18, 19]",0.22999999999999998
C2H6KO,"{'C': 2, 'O': 1, 'H': 6, 'K': 1}",85.00557129935,positive,1,EVA,Ethylene-Vinyl Acetate,adduct,break 2 bond(s) | H shift +2 | K,2,2,K,,"[2, 3, 7, 13, 17, 18, 19]",0.22999999999999998
C2H6NaO,"{'C': 2, 'O': 1, 'H': 6, 'Na': 1}",69.03163409495001,positive,1,EVA,Ethylene-Vinyl Acetate,adduct,break 2 bond(s) | H shift +2 | Na,2,2,Na,,"[2, 3, 7, 13, 17, 18, 19]",0.22999999999999998
C2H7O2,"{'C': 2, 'O': 2, 'H': 7}",63.04460446475,negative,-1,EVA,Ethylene-Vinyl Acetate,adduct,break 2 bond(s) | H shift +2 | OH,2,2,OH,,"[2, 3, 7, 13, 17, 18, 19]",0.22999999999999998
C3H2ClO2,"{'C': 3, 'O': 2, 'H': 2, 'Cl': 1}",104.9743319856,negative,-1,EVA,Ethylene-Vinyl Acetate,adduct,break 2 bond(s) | H shift -2 | Cl | ; | break 2 bond(s) | H shift -2 | Cl,2,-2,Cl,,"[2, 3, 4, 5, 7, 13, 17, 18, 19]",0.22999999999999998
C3H2KO2,"{'C': 3, 'O': 2, 'H': 2, 'K': 1}",108.96918579,positive,1,EVA,Ethylene-Vinyl Acetate,adduct,break 2 bond(s) | H shift -2 | K | ; | break 2 bond(s) | H shift -2 | K,2,-2,K,,"[2, 3, 4, 5, 7, 13, 17, 18, 19]",0.22999999999999998
C3H2NaO2,"{'C': 3, 'O': 2, 'H': 2, 'Na': 1}",92.9952485856,positive,1,EVA,Ethylene-Vinyl Acetate,adduct,break 2 bond(s) | H shift -2 | Na | ; | break 2 bond(s) | H shift -2 | Na,2,-2,Na,,"[2, 3, 4, 5, 7, 13, 17, 18, 19]",0.22999999999999998
C3H2O3,"{'C': 3, 'O': 3, 'H': 2}",86.00039392317001,negative,-1,EVA,Ethylene-Vinyl Acetate,adduct,break 2 bond(s) | H shift -2 | O | ; | break 2 bond(s) | H shift -2 | O,2,-2,O,,"[2, 3, 4, 5, 7, 13, 17, 18, 19]",0.22999999999999998
C3H4Cl,"{'C': 3, 'H': 4, 'Cl': 1}",75.00015281092,negative,-1,EVA,Ethylene-Vinyl Acetate,adduct,break 2 bond(s) | H shift -2 | Cl | ; | break 2 bond(s) | H shift -2 | Cl,2,-2,Cl,,"[1, 2, 7, 11, 12, 13, 17, 18, 19]",0.22999999999999998
C3H4ClO,"{'C': 3, 'O': 1, 'H': 4, 'Cl': 1}",90.99506743049,negative,-1,EVA,Ethylene-Vinyl Acetate,adduct,break 2 bond(s) | H shift -2 | Cl | ; | break 2 bond(s) | H shift -2 | Cl,2,-2,Cl,,"[1, 2, 3, 7, 11, 12, 13, 17, 18, 19]",0.22999999999999998
C3H4K,"{'C': 3, 'H': 4, 'K': 1}",78.99500661532,positive,1,EVA,Ethylene-Vinyl Acetate,adduct,break 2 bond(s) | H shift -2 | K | ; | break 2 bond(s) | H shift -2 | K,2,-2,K,,"[1, 2, 7, 11, 12, 13, 17, 18, 19]",0.22999999999999998
C3H4KO,"{'C': 3, 'O': 1, 'H': 4, 'K': 1}",94.98992123489,positive,1,EVA,Ethylene-Vinyl Acetate,adduct,break 2 bond(s) | H shift -2 | K | ; | break 2 bond(s) | H shift -2 | K,2,-2,K,,"[1, 2, 3, 7, 11, 12, 13, 17, 18, 19]",0.22999999999999998
C3H4Na,"{'C': 3, 'H': 4, 'Na': 1}",63.02106941092,positive,1,EVA,Ethylene-Vinyl Acetate,adduct,break 2 bond(s) | H shift -2 | Na | ; | break 2 bond(s) | H shift -2 | Na,2,-2,Na,,"[1, 2, 7, 11, 12, 13, 17, 18, 19]",0.22999999999999998
C3H4NaO,"{'C': 3, 'O': 1, 'H': 4, 'Na': 1}",79.01598403049,positive,1,EVA,Ethylene-Vinyl Acetate,adduct,break 2 bond(s) | H shift -2 | Na | ; | break 2 bond(s) | H shift -2 | Na,2,-2,Na,,"[1, 2, 3, 7, 11, 12, 13, 17, 18, 19]",0.22999999999999998
C3H6ClO2,"{'C': 3, 'O': 2, 'H': 6, 'Cl': 1}",109.00563211452,negative,-1,EVA,Ethylene-Vinyl Acetate,adduct,break 2 bond(s) | H shift +2 | Cl | ; | break 2 bond(s) | H shift +2 | Cl,2,2,Cl,,"[2, 3, 4, 5, 7, 13, 17, 18, 19]",0.22999999999999998
C3H6KO2,"{'C': 3, 'O': 2, 'H': 6, 'K': 1}",113.00048591892,positive,1,EVA,Ethylene-Vinyl Acetate,adduct,break 2 bond(s) | H shift +2 | K | ; | break 2 bond(s) | H shift +2 | K,2,2,K,,"[2, 3, 4, 5, 7, 13, 17, 18, 19]",0.22999999999999998
C3H6NaO2,"{'C': 3, 'O': 2, 'H': 6, 'Na': 1}",97.02654871452,positive,1,EVA,Ethylene-Vinyl Acetate,adduct,break 2 bond(s) | H shift +2 | Na | ; | break 2 bond(s) | H shift +2 | Na,2,2,Na,,"[2, 3, 4, 5, 7, 13, 17, 18, 19]",0.22999999999999998
C3H7O3,"{'C': 3, 'O': 3, 'H': 7}",91.03951908432,negative,-1,EVA,Ethylene-Vinyl Acetate,adduct,break 2 bond(s) | H shift +2 | OH | ; | break 2 bond(s) | H shift +2 | OH,2,2,OH,,"[2, 3, 4, 5, 7, 13, 17, 18, 19]",0.22999999999999998
C3H8Cl,"{'C': 3, 'H': 8, 'Cl': 1}",79.03145293984,negative,-1,EVA,Ethylene-Vinyl Acetate,adduct,break 2 bond(s) | H shift +2 | Cl | ; | break 2 bond(s) | H shift +2 | Cl,2,2,Cl,,"[1, 2, 7, 11, 12, 13, 17, 18, 19]",0.22999999999999998
C3H8ClO,"{'C': 3, 'O': 1, 'H': 8, 'Cl': 1}",95.02636755941,negative,-1,EVA,Ethylene-Vinyl Acetate,adduct,break 2 bond(s) | H shift +2 | Cl | ; | break 2 bond(s) | H shift +2 | Cl,2,2,Cl,,"[1, 2, 3, 7, 11, 12, 13, 17, 18, 19]",0.22999999999999998
C3H8K,"{'C': 3, 'H': 8, 'K': 1}",83.02630674424,positive,1,EVA,Ethylene-Vinyl Acetate,adduct,break 2 bond(s) | H shift +2 | K | ; | break 2 bond(s) | H shift +2 | K,2,2,K,,"[1, 2, 7, 11, 12, 13, 17, 18, 19]",0.22999999999999998
C3H8KO,"{'C': 3, 'O': 1, 'H': 8, 'K': 1}",99.02122136381,positive,1,EVA,Ethylene-Vinyl Acetate,adduct,break 2 bond(s) | H shift +2 | K | ; | break 2 bond(s) | H shift +2 | K,2,2,K,,"[1, 2, 3, 7, 11, 12, 13, 17, 18, 19]",0.22999999999999998
C3H8Na,"{'C': 3, 'H': 8, 'Na': 1}",67.05236953984,positive,1,EVA,Ethylene-Vinyl Acetate,adduct,break 2 bond(s) | H shift +2 | Na | ; | break 2 bond(s) | H shift +2 | Na,2,2,Na,,"[1, 2, 7, 11, 12, 13, 17, 18, 19]",0.22999999999999998
C3H8NaO,"{'C': 3, 'O': 1, 'H': 8, 'Na': 1}",83.04728415941,positive,1,EVA,Ethylene-Vinyl Acetate,adduct,break 2 bond(s) | H shift +2 | Na | ; | break 2 bond(s) | H shift +2 | Na,2,2,Na,,"[1, 2, 3, 7, 11, 12, 13, 17, 18, 19]",0.22999999999999998
C3H9O,"{'C': 3, 'H': 9, 'O': 1}",61.06533990964,negative,-1,EVA,Ethylene-Vinyl Acetate,adduct,break 2 bond(s) | H shift +2 | OH | ; | break 2 bond(s) | H shift +2 | OH,2,2,OH,,"[1, 2, 7, 11, 12, 13, 17, 18, 19]",0.22999999999999998
C3H9O2,"{'C': 3, 'O': 2, 'H': 9}",77.06025452921,negative,-1,EVA,Ethylene-Vinyl Acetate,adduct,break 2 bond(s) | H shift +2 | OH | ; | break 2 bond(s) | H shift +2 | OH,2,2,OH,,"[1, 2, 3, 7, 11, 12, 13, 17, 18, 19]",0.22999999999999998
C4H4ClO2,"{'C': 4, 'O': 2, 'H': 4, 'Cl': 1}",118.98998205006,negative,-1,EVA,Ethylene-Vinyl Acetate,adduct,break 2 bond(s) | H shift -2 | Cl | ; | break 2 bond(s) | H shift -2 | Cl | ; | break 2 bond(s) | H shift -2 | Cl,2,-2,Cl,,"[1, 2, 3, 4, 5, 7, 11, 12, 13, 17, 18, 19]",0.22999999999999998
C4H4KO2,"{'C': 4, 'O': 2, 'H': 4, 'K': 1}",122.98483585446,positive,1,EVA,Ethylene-Vinyl Acetate,adduct,break 2 bond(s) | H shift -2 | K | ; | break 2 bond(s) | H shift -2 | K | ; | break 2 bond(s) | H shift -2 | K,2,-2,K,,"[1, 2, 3, 4, 5, 7, 11, 12, 13, 17, 18, 19]",0.22999999999999998
C4H4NaO2,"{'C': 4, 'O': 2, 'H': 4, 'Na': 1}",107.01089865006,positive,1,EVA,Ethylene-Vinyl Acetate,adduct,break 2 bond(s) | H shift -2 | Na | ; | break 2 bond(s) | H shift -2 | Na | ; | break 2 bond(s) | H shift -2 | Na,2,-2,Na,,"[1, 2, 3, 4, 5, 7, 11, 12, 13, 17, 18, 19]",0.22999999999999998
C4H4O3,"{'C': 4, 'O': 3, 'H': 4}",100.01604398763,negative,-1,EVA,Ethylene-Vinyl Acetate,adduct,break 2 bond(s) | H shift -2 | O | ; | break 2 bond(s) | H shift -2 | O | ; | break 2 bond(s) | H shift -2 | O,2,-2,O,,"[1, 2, 3, 4, 5, 7, 11, 12, 13, 17, 18, 19]",0.22999999999999998
CH2ClO,"{'C': 1, 'O': 1, 'H': 2, 'Cl': 1}",64.97941736602999,negative,-1,EVA,Ethylene-Vinyl Acetate,adduct,break 2 bond(s) | H shift +2 | Cl,2,2,Cl,,"[4, 5]",0.22999999999999998
CH2ClO2,"{'O': 2, 'C': 1, 'H': 2, 'Cl': 1}",80.9743319856,negative,-1,EVA,Ethylene-Vinyl Acetate,adduct,break 2 bond(s) | H shift +2 | Cl,2,2,Cl,,"[3, 4, 5]",0.22999999999999998
CH2KO,"{'C': 1, 'O': 1, 'H': 2, 'K': 1}",68.97427117043,positive,1,EVA,Ethylene-Vinyl Acetate,adduct,break 2 bond(s) | H shift +2 | K,2,2,K,,"[4, 5]",0.22999999999999998
CH2KO2,"{'O': 2, 'C': 1, 'H': 2, 'K': 1}",84.96918579,positive,1,EVA,Ethylene-Vinyl Acetate,adduct,break 2 bond(s) | H shift +2 | K,2,2,K,,"[3, 4, 5]",0.22999999999999998
CH2NaO,"{'C': 1, 'O': 1, 'H': 2, 'Na': 1}",53.00033396603,positive,1,EVA,Ethylene-Vinyl Acetate,adduct,break 2 bond(s) | H shift +2 | Na,2,2,Na,,"[4, 5]",0.22999999999999998
CH2NaO2,"{'O': 2, 'C': 1, 'H': 2, 'Na': 1}",68.9952485856,positive,1,EVA,Ethylene-Vinyl Acetate,adduct,break 2 bond(s) | H shift +2 | Na,2,2,Na,,"[3, 4, 5]",0.22999999999999998
CH3O2,"{'C': 1, 'O': 2, 'H': 3}",47.01330433583,negative,-1,EVA,Ethylene-Vinyl Acetate,adduct,break 2 bond(s) | H shift +2 | OH,2,2,OH,,"[4, 5]",0.22999999999999998
CH3O3,"{'O': 3, 'C': 1, 'H': 3}",63.008218955400004,negative,-1,EVA,Ethylene-Vinyl Acetate,adduct,break 2 bond(s) | H shift +2 | OH,2,2,OH,,"[3, 4, 5]",0.22999999999999998
