formula,counts,exact_mass,ion_mode,charge,source_compound_id,source_name,generation_type,path,broken_bonds,h_shift,adduct,neutral_losses,fragment_atom_indices,score
C14H10N2O2,"{'C': 14, 'H': 10, 'N': 2, 'O': 2}",238.0742275703,neutral,0,Nomex,meta-Aramid,parent,M,0,0,,,,1.0
C14H11N2O2,"{'C': 14, 'H': 11, 'N': 2, 'O': 2}",239.08205260252998,positive,1,Nomex,meta-Aramid,adduct,M | H | ; | break 1 bond(s) | H shift -1 | H | ; | break 1 bond(s) | H shift -1 | H,0,0,H,,,0.75
C14H9N2O2,"{'C': 14, 'H': 9, 'N': 2, 'O': 2}",237.06640253807,negative,-1,Nomex,meta-Aramid,adduct,M | -H | ; | break 1 bond(s) | H shift -1 | -H | ; | break 1 bond(s) | H shift -1 | -H,0,0,-H,,,0.75
C14H10N2O2,"{'C': 14, 'H': 10, 'N': 2, 'O': 2}",238.0742275703,positive,1,Nomex,meta-Aramid,adduct,M | H shift -1 | H | ; | break 1 bond(s) | H shift -2 | H | ; | break 1 bond(s) | H shift -2 | H,0,-1,H,,,0.7
C14H10N2O2,"{'C': 14, 'H': 10, 'N': 2, 'O': 2}",238.0742275703,negative,-1,Nomex,meta-Aramid,adduct,M | H shift +1 | -H | ; | break 1 bond(s) | -H | ; | break 1 bond(s) | -H,0,1,-H,,,0.7
C14H11N2O2,"{'C': 14, 'H': 11, 'N': 2, 'O': 2}",239.08205260252998,neutral,0,Nomex,meta-Aramid,h_shift,M | H shift +1,0,1,,,,0.7
C14H12N2O2,"{'C': 14, 'H': 12, 'N': 2, 'O': 2}",240.08987763476,positive,1,Nomex,meta-Aramid,adduct,M | H shift +1 | H | ; | break 1 bond(s) | H | ; | break 1 bond(s) | H,0,1,H,,,0.7
C14H8N2O2,"{'C': 14, 'H': 8, 'N': 2, 'O': 2}",236.05857750584,negative,-1,Nomex,meta-Aramid,adduct,M | H shift -1 | -H | ; | break 1 bond(s) | H shift -2 | -H | ; | break 1 bond(s) | H shift -2 | -H,0,-1,-H,,,0.7
C14H9N2O2,"{'C': 14, 'H': 9, 'N': 2, 'O': 2}",237.06640253807,neutral,0,Nomex,meta-Aramid,h_shift,M | H shift -1 | ; | break 1 bond(s) | H shift -2 | ; | break 1 bond(s) | H shift -2,0,-1,,,,0.7
C13H10N2,"{'C': 13, 'H': 10, 'N': 2}",194.08439833116,neutral,0,Nomex,meta-Aramid,neutral_loss,M | -CO2 | ; | break 1 bond(s) | H shift -1 | -CO2 | ; | break 1 bond(s) | H shift -1 | -CO2,0,0,,CO2,,0.65
C13H10N2O,"{'C': 13, 'H': 10, 'N': 2, 'O': 1}",210.07931295073,neutral,0,Nomex,meta-Aramid,neutral_loss,M | -CO | ; | break 1 bond(s) | H shift -1 | -CO | ; | break 1 bond(s) | H shift -1 | -CO,0,0,,CO,,0.65
C13H7N2O2,"{'C': 13, 'H': 7, 'N': 2, 'O': 2}",223.05075247361,neutral,0,Nomex,meta-Aramid,neutral_loss,M | -CH3 | ; | break 1 bond(s) | H shift -1 | -CH3 | ; | break 1 bond(s) | H shift -1 | -CH3,0,0,,CH3,,0.65
C14H11N2O2,"{'C': 14, 'H': 11, 'N': 2, 'O': 2}",239.08205260252998,negative,-1,Nomex,meta-Aramid,adduct,M | H shift +2 | -H | ; | break 1 bond(s) | H shift +1 | -H | ; | break 1 bond(s) | H shift +1 | -H,0,2,-H,,,0.65
C14H12N2O2,"{'C': 14, 'H': 12, 'N': 2, 'O': 2}",240.08987763476,neutral,0,Nomex,meta-Aramid,h_shift,M | H shift +2 | ; | break 1 bond(s) | H shift +1 | ; | break 1 bond(s) | H shift +1,0,2,,,,0.65
C14H13N2O2,"{'C': 14, 'H': 13, 'N': 2, 'O': 2}",241.09770266699,positive,1,Nomex,meta-Aramid,adduct,M | H shift +2 | H | ; | break 1 bond(s) | H shift +1 | H | ; | break 1 bond(s) | H shift +1 | H,0,2,H,,,0.65
C14H7N2O2,"{'C': 14, 'H': 7, 'N': 2, 'O': 2}",235.05075247361,negative,-1,Nomex,meta-Aramid,adduct,M | H shift -2 | -H,0,-2,-H,,,0.65
C14H7NO2,"{'C': 14, 'H': 7, 'N': 1, 'O': 2}",221.04767846918,neutral,0,Nomex,meta-Aramid,neutral_loss,M | -NH3 | ; | break 1 bond(s) | H shift -1 | -NH3 | ; | break 1 bond(s) | H shift -1 | -H2,0,0,,NH3,,0.65
C14H8N2O,"{'C': 14, 'H': 8, 'N': 2, 'O': 1}",220.06366288627,neutral,0,Nomex,meta-Aramid,neutral_loss,M | -H2O | ; | break 1 bond(s) | H shift -2 | -OH | ; | break 1 bond(s) | H shift -1 | -H2O,0,0,,H2O,,0.65
C14H8N2O2,"{'C': 14, 'H': 8, 'N': 2, 'O': 2}",236.05857750584,neutral,0,Nomex,meta-Aramid,h_shift,M | H shift -2,0,-2,,,,0.65
C14H8N2O2,"{'C': 14, 'H': 8, 'N': 2, 'O': 2}",236.05857750584,neutral,0,Nomex,meta-Aramid,neutral_loss,M | -H2 | ; | break 1 bond(s) | H shift -1 | -H2 | ; | break 1 bond(s) | H shift -1 | -H2,0,0,,H2,,0.65
C14H9N2O,"{'C': 14, 'H': 9, 'N': 2, 'O': 1}",221.0714879185,neutral,0,Nomex,meta-Aramid,neutral_loss,M | -OH | ; | M | H shift +1 | -H2O | ; | break 1 bond(s) | H shift -1 | -OH,0,0,,OH,,0.65
C14H9N2O2,"{'C': 14, 'H': 9, 'N': 2, 'O': 2}",237.06640253807,positive,1,Nomex,meta-Aramid,adduct,M | H shift -2 | H,0,-2,H,,,0.65
C14H10ClN2O2,"{'C': 14, 'H': 10, 'N': 2, 'O': 2, 'Cl': 1}",273.0430802523,negative,-1,Nomex,meta-Aramid,adduct,M | Cl | ; | break 1 bond(s) | H shift -1 | Cl | ; | break 1 bond(s) | H shift -1 | Cl,0,0,Cl,,,0.63
C14H10KN2O2,"{'C': 14, 'H': 10, 'N': 2, 'O': 2, 'K': 1}",277.0379340567,positive,1,Nomex,meta-Aramid,adduct,M | K | ; | break 1 bond(s) | H shift -1 | K | ; | break 1 bond(s) | H shift -1 | K,0,0,K,,,0.63
C14H10N2NaO2,"{'C': 14, 'H': 10, 'N': 2, 'O': 2, 'Na': 1}",261.0639968523,positive,1,Nomex,meta-Aramid,adduct,M | Na | ; | break 1 bond(s) | H shift -1 | Na | ; | break 1 bond(s) | H shift -1 | Na,0,0,Na,,,0.63
C14H10N2O3,"{'C': 14, 'H': 10, 'N': 2, 'O': 3}",254.06914218987,negative,-1,Nomex,meta-Aramid,adduct,M | O | ; | break 1 bond(s) | H shift -2 | OH | ; | break 1 bond(s) | H shift -1 | O,0,0,O,,,0.63
C14H11N2O3,"{'C': 14, 'H': 11, 'N': 2, 'O': 3}",255.0769672221,negative,-1,Nomex,meta-Aramid,adduct,M | OH | ; | M | H shift +1 | O | ; | break 1 bond(s) | H shift -1 | OH,0,0,OH,,,0.63
C13H11N2,"{'C': 13, 'H': 11, 'N': 2}",195.09222336339,neutral,0,Nomex,meta-Aramid,neutral_loss,M | H shift +1 | -CO2 | ; | break 1 bond(s) | -CO2 | ; | break 1 bond(s) | -CO2,0,1,,CO2,,0.6
C13H11N2O,"{'C': 13, 'H': 11, 'N': 2, 'O': 1}",211.08713798296,neutral,0,Nomex,meta-Aramid,neutral_loss,M | H shift +1 | -CO | ; | break 1 bond(s) | -CO | ; | break 1 bond(s) | -CO,0,1,,CO,,0.6
C13H6N2O2,"{'C': 13, 'H': 6, 'N': 2, 'O': 2}",222.04292744138,neutral,0,Nomex,meta-Aramid,neutral_loss,M | H shift -1 | -CH3 | ; | break 1 bond(s) | H shift -2 | -CH3 | ; | break 1 bond(s) | H shift -2 | -CH3,0,-1,,CH3,,0.6
C13H8N2O2,"{'C': 13, 'H': 8, 'N': 2, 'O': 2}",224.05857750584,neutral,0,Nomex,meta-Aramid,neutral_loss,M | H shift +1 | -CH3 | ; | break 1 bond(s) | -CH3 | ; | break 1 bond(s) | -CH3,0,1,,CH3,,0.6
C13H9N2,"{'C': 13, 'H': 9, 'N': 2}",193.07657329893,neutral,0,Nomex,meta-Aramid,neutral_loss,M | H shift -1 | -CO2 | ; | break 1 bond(s) | H shift -2 | -CO2 | ; | break 1 bond(s) | H shift -2 | -CO2,0,-1,,CO2,,0.6
C13H9N2O,"{'C': 13, 'H': 9, 'N': 2, 'O': 1}",209.0714879185,neutral,0,Nomex,meta-Aramid,neutral_loss,M | H shift -1 | -CO | ; | break 1 bond(s) | H shift -2 | -CO | ; | break 1 bond(s) | H shift -2 | -CO,0,-1,,CO,,0.6
C14H10N2O,"{'C': 14, 'H': 10, 'N': 2, 'O': 1}",222.07931295073,neutral,0,Nomex,meta-Aramid,neutral_loss,M | H shift +1 | -OH | ; | M | H shift +2 | -H2O | ; | break 1 bond(s) | -OH,0,1,,OH,,0.6
C14H10NO2,"{'C': 14, 'N': 1, 'O': 2, 'H': 10}",224.07115356587,neutral,0,Nomex,meta-Aramid,fragment,break 1 bond(s) | ; | break 2 bond(s),1,0,,,"[3, 4, 5, 6, 7, 8, 9, 10, 11, 12, 13, 14, 15, 16, 17, 18, 19, 22, 23, 24, 25, 26, 27, 28, 29, 30, 31]",0.6
C14H11N2O2,"{'N': 2, 'C': 14, 'O': 2, 'H': 11}",239.08205260252998,neutral,0,Nomex,meta-Aramid,fragment,break 1 bond(s) | ; | break 1 bond(s),1,0,,,"[2, 3, 4, 5, 6, 7, 8, 9, 10, 11, 12, 13, 14, 15, 16, 17, 18, 19, 21, 22, 23, 24, 25, 26, 27, 28, 29, 30, 31]",0.6
C14H11NO2,"{'C': 14, 'N': 1, 'O': 2, 'H': 11}",225.0789785981,positive,1,Nomex,meta-Aramid,adduct,break 1 bond(s) | H | ; | break 2 bond(s) | H,1,0,H,,"[3, 4, 5, 6, 7, 8, 9, 10, 11, 12, 13, 14, 15, 16, 17, 18, 19, 22, 23, 24, 25, 26, 27, 28, 29, 30, 31]",0.6
C14H6NO2,"{'C': 14, 'H': 6, 'N': 1, 'O': 2}",220.03985343695,neutral,0,Nomex,meta-Aramid,neutral_loss,M | H shift -1 | -NH3 | ; | break 1 bond(s) | H shift -2 | -NH3 | ; | break 1 bond(s) | H shift -2 | -H2,0,-1,,NH3,,0.6
C14H7N2O,"{'C': 14, 'H': 7, 'N': 2, 'O': 1}",219.05583785404,neutral,0,Nomex,meta-Aramid,neutral_loss,M | H shift -1 | -H2O | ; | break 1 bond(s) | H shift -2 | -H2O | ; | break 1 bond(s) | H shift -2 | -H2O,0,-1,,H2O,,0.6
C14H7N2O2,"{'C': 14, 'H': 7, 'N': 2, 'O': 2}",235.05075247361,neutral,0,Nomex,meta-Aramid,neutral_loss,M | H shift -1 | -H2 | ; | break 1 bond(s) | H shift -2 | -H2 | ; | break 1 bond(s) | H shift -2 | -H2,0,-1,,H2,,0.6
C14H8NO2,"{'C': 14, 'H': 8, 'N': 1, 'O': 2}",222.05550350141,neutral,0,Nomex,meta-Aramid,neutral_loss,M | H shift +1 | -NH3 | ; | break 1 bond(s) | -NH3 | ; | break 1 bond(s) | -H2,0,1,,NH3,,0.6
C14H9N2O2,"{'C': 14, 'H': 9, 'N': 2, 'O': 2}",237.06640253807,neutral,0,Nomex,meta-Aramid,neutral_loss,M | H shift +1 | -H2 | ; | break 1 bond(s) | -H2 | ; | break 1 bond(s) | -H2,0,1,,H2,,0.6
C14H9NO2,"{'C': 14, 'N': 1, 'O': 2, 'H': 9}",223.06332853364,negative,-1,Nomex,meta-Aramid,adduct,break 1 bond(s) | -H | ; | break 2 bond(s) | -H,1,0,-H,,"[3, 4, 5, 6, 7, 8, 9, 10, 11, 12, 13, 14, 15, 16, 17, 18, 19, 22, 23, 24, 25, 26, 27, 28, 29, 30, 31]",0.6
C7H4O,"{'C': 7, 'O': 1, 'H': 4}",104.02621474849,negative,-1,Nomex,meta-Aramid,adduct,break 1 bond(s) | -H | ; | break 2 bond(s) | -H | ; | break 2 bond(s) | -H | ; | break 2 bond(s) | -H,1,0,-H,,"[11, 12, 13, 14, 15, 16, 17, 18, 26, 27, 28, 29, 30]",0.6
C7H5NO,"{'O': 1, 'C': 7, 'N': 1, 'H': 5}",119.03711378515,negative,-1,Nomex,meta-Aramid,adduct,break 1 bond(s) | -H | ; | break 2 bond(s) | H shift +1 | -H | ; | break 2 bond(s) | -H,1,0,-H,,"[0, 1, 2, 3, 4, 5, 6, 7, 19, 20, 21, 22, 23, 24, 31]",0.6
C7H5O,"{'C': 7, 'O': 1, 'H': 5}",105.03403978072001,neutral,0,Nomex,meta-Aramid,fragment,break 1 bond(s) | ; | break 2 bond(s) | ; | break 2 bond(s) | ; | break 2 bond(s) | ; | break 2 bond(s),1,0,,,"[11, 12, 13, 14, 15, 16, 17, 18, 26, 27, 28, 29, 30]",0.6
C7H6N2O,"{'O': 1, 'C': 7, 'N': 2, 'H': 6}",134.04801282181,negative,-1,Nomex,meta-Aramid,adduct,break 1 bond(s) | -H | ; | break 2 bond(s) | H shift +1 | -H | ; | break 2 bond(s) | -H,1,0,-H,,"[0, 1, 2, 3, 4, 5, 6, 7, 8, 19, 20, 21, 22, 23, 24, 25, 31]",0.6
C7H6NO,"{'O': 1, 'C': 7, 'N': 1, 'H': 6}",120.04493881738,neutral,0,Nomex,meta-Aramid,fragment,break 1 bond(s) | ; | break 2 bond(s) | ; | break 2 bond(s) | ; | break 2 bond(s),1,0,,,"[0, 1, 2, 3, 4, 5, 6, 7, 19, 20, 21, 22, 23, 24, 31]",0.6
C7H6O,"{'C': 7, 'O': 1, 'H': 6}",106.04186481295,positive,1,Nomex,meta-Aramid,adduct,break 1 bond(s) | H | ; | break 2 bond(s) | H | ; | break 2 bond(s) | H | ; | break 2 bond(s) | H,1,0,H,,"[11, 12, 13, 14, 15, 16, 17, 18, 26, 27, 28, 29, 30]",0.6
C7H7N2O,"{'O': 1, 'C': 7, 'N': 2, 'H': 7}",135.05583785404,neutral,0,Nomex,meta-Aramid,fragment,break 1 bond(s) | ; | break 2 bond(s) | ; | break 2 bond(s),1,0,,,"[0, 1, 2, 3, 4, 5, 6, 7, 8, 19, 20, 21, 22, 23, 24, 25, 31]",0.6
C7H7NO,"{'O': 1, 'C': 7, 'N': 1, 'H': 7}",121.05276384961,positive,1,Nomex,meta-Aramid,adduct,break 1 bond(s) | H | ; | break 2 bond(s) | H shift +1 | H | ; | break 2 bond(s) | H,1,0,H,,"[0, 1, 2, 3, 4, 5, 6, 7, 19, 20, 21, 22, 23, 24, 31]",0.6
C7H8N2O,"{'O': 1, 'C': 7, 'N': 2, 'H': 8}",136.06366288627,positive,1,Nomex,meta-Aramid,adduct,break 1 bond(s) | H | ; | break 2 bond(s) | H shift +1 | H | ; | break 2 bond(s) | H,1,0,H,,"[0, 1, 2, 3, 4, 5, 6, 7, 8, 19, 20, 21, 22, 23, 24, 25, 31]",0.6
C8H4O2,"{'C': 8, 'O': 2, 'H': 4}",132.02112936806,negative,-1,Nomex,meta-Aramid,adduct,break 1 bond(s) | -H | ; | break 2 bond(s) | -H | ; | break 2 bond(s) | -H | ; | break 2 bond(s) | -H,1,0,-H,,"[9, 10, 11, 12, 13, 14, 15, 16, 17, 18, 26, 27, 28, 29, 30]",0.6
C8H5NO2,"{'N': 1, 'C': 8, 'O': 2, 'H': 5}",147.03202840472,negative,-1,Nomex,meta-Aramid,adduct,break 1 bond(s) | -H | ; | break 2 bond(s) | -H | ; | break 2 bond(s) | -H,1,0,-H,,"[8, 9, 10, 11, 12, 13, 14, 15, 16, 17, 18, 25, 26, 27, 28, 29, 30]",0.6
C8H5O2,"{'C': 8, 'O': 2, 'H': 5}",133.02895440029,neutral,0,Nomex,meta-Aramid,fragment,break 1 bond(s) | ; | break 2 bond(s) | ; | break 2 bond(s) | ; | break 2 bond(s),1,0,,,"[9, 10, 11, 12, 13, 14, 15, 16, 17, 18, 26, 27, 28, 29, 30]",0.6
C8H6N2O2,"{'O': 2, 'C': 8, 'N': 2, 'H': 6}",162.04292744138,negative,-1,Nomex,meta-Aramid,adduct,break 1 bond(s) | -H | ; | break 2 bond(s) | -H,1,0,-H,,"[0, 1, 2, 3, 4, 5, 6, 7, 8, 9, 10, 19, 20, 21, 22, 23, 24, 25, 31]",0.6
C8H6NO2,"{'N': 1, 'C': 8, 'O': 2, 'H': 6}",148.03985343695,neutral,0,Nomex,meta-Aramid,fragment,break 1 bond(s) | ; | break 2 bond(s) | ; | break 2 bond(s),1,0,,,"[8, 9, 10, 11, 12, 13, 14, 15, 16, 17, 18, 25, 26, 27, 28, 29, 30]",0.6
C8H6O2,"{'C': 8, 'O': 2, 'H': 6}",134.03677943252,positive,1,Nomex,meta-Aramid,adduct,break 1 bond(s) | H | ; | break 2 bond(s) | H | ; | break 2 bond(s) | H | ; | break 2 bond(s) | H,1,0,H,,"[9, 10, 11, 12, 13, 14, 15, 16, 17, 18, 26, 27, 28, 29, 30]",0.6
C8H7N2O2,"{'O': 2, 'C': 8, 'N': 2, 'H': 7}",163.05075247361,neutral,0,Nomex,meta-Aramid,fragment,break 1 bond(s) | ; | break 2 bond(s),1,0,,,"[0, 1, 2, 3, 4, 5, 6, 7, 8, 9, 10, 19, 20, 21, 22, 23, 24, 25, 31]",0.6
C8H7NO2,"{'N': 1, 'C': 8, 'O': 2, 'H': 7}",149.04767846918,positive,1,Nomex,meta-Aramid,adduct,break 1 bond(s) | H | ; | break 2 bond(s) | H | ; | break 2 bond(s) | H,1,0,H,,"[8, 9, 10, 11, 12, 13, 14, 15, 16, 17, 18, 25, 26, 27, 28, 29, 30]",0.6
C8H8N2O2,"{'O': 2, 'C': 8, 'N': 2, 'H': 8}",164.05857750584,positive,1,Nomex,meta-Aramid,adduct,break 1 bond(s) | H | ; | break 2 bond(s) | H,1,0,H,,"[0, 1, 2, 3, 4, 5, 6, 7, 8, 9, 10, 19, 20, 21, 22, 23, 24, 25, 31]",0.6
CH2NO,"{'O': 1, 'C': 1, 'N': 1, 'H': 2}",44.01363868846,neutral,0,Nomex,meta-Aramid,fragment,break 1 bond(s) | ; | break 2 bond(s) | ; | break 2 bond(s) | ; | break 2 bond(s) | ; | break 2 bond(s),1,0,,,"[0, 1, 2, 20, 21]",0.6
CH2O,"{'O': 1, 'C': 1, 'H': 2}",30.01056468403,positive,1,Nomex,meta-Aramid,adduct,break 1 bond(s) | H | ; | break 1 bond(s) | H | ; | break 2 bond(s) | H | ; | break 2 bond(s) | H,1,0,H,,"[0, 1, 20]",0.6
CH3NO,"{'O': 1, 'C': 1, 'N': 1, 'H': 3}",45.02146372069,positive,1,Nomex,meta-Aramid,adduct,break 1 bond(s) | H | ; | break 2 bond(s) | H | ; | break 2 bond(s) | H | ; | break 2 bond(s) | H,1,0,H,,"[0, 1, 2, 20, 21]",0.6
CHNO,"{'O': 1, 'C': 1, 'N': 1, 'H': 1}",43.005813656229996,negative,-1,Nomex,meta-Aramid,adduct,break 1 bond(s) | -H | ; | break 2 bond(s) | -H | ; | break 2 bond(s) | -H | ; | break 2 bond(s) | -H,1,0,-H,,"[0, 1, 2, 20, 21]",0.6
CHO,"{'O': 1, 'C': 1, 'H': 1}",29.0027396518,neutral,0,Nomex,meta-Aramid,fragment,break 1 bond(s) | ; | break 1 bond(s) | ; | break 2 bond(s) | ; | break 2 bond(s) | ; | break 2 bond(s),1,0,,,"[0, 1, 20]",0.6
CO,"{'O': 1, 'C': 1}",27.99491461957,negative,-1,Nomex,meta-Aramid,adduct,break 1 bond(s) | -H | ; | break 1 bond(s) | -H | ; | break 2 bond(s) | -H | ; | break 2 bond(s) | -H,1,0,-H,,"[0, 1, 20]",0.6
C14H11ClN2O2,"{'C': 14, 'H': 11, 'N': 2, 'O': 2, 'Cl': 1}",274.05090528453,negative,-1,Nomex,meta-Aramid,adduct,M | H shift +1 | Cl | ; | break 1 bond(s) | Cl | ; | break 1 bond(s) | Cl,0,1,Cl,,,0.58
C14H11KN2O2,"{'C': 14, 'H': 11, 'N': 2, 'O': 2, 'K': 1}",278.04575908893,positive,1,Nomex,meta-Aramid,adduct,M | H shift +1 | K | ; | break 1 bond(s) | K | ; | break 1 bond(s) | K,0,1,K,,,0.58
C14H11N2NaO2,"{'C': 14, 'H': 11, 'N': 2, 'O': 2, 'Na': 1}",262.07182188453,positive,1,Nomex,meta-Aramid,adduct,M | H shift +1 | Na | ; | break 1 bond(s) | Na | ; | break 1 bond(s) | Na,0,1,Na,,,0.58
C14H12N2O3,"{'C': 14, 'H': 12, 'N': 2, 'O': 3}",256.08479225433,negative,-1,Nomex,meta-Aramid,adduct,M | H shift +1 | OH | ; | M | H shift +2 | O | ; | break 1 bond(s) | OH,0,1,OH,,,0.58
C14H9ClN2O2,"{'C': 14, 'H': 9, 'N': 2, 'O': 2, 'Cl': 1}",272.03525522007,negative,-1,Nomex,meta-Aramid,adduct,M | H shift -1 | Cl | ; | break 1 bond(s) | H shift -2 | Cl | ; | break 1 bond(s) | H shift -2 | Cl,0,-1,Cl,,,0.58
C14H9KN2O2,"{'C': 14, 'H': 9, 'N': 2, 'O': 2, 'K': 1}",276.03010902447,positive,1,Nomex,meta-Aramid,adduct,M | H shift -1 | K | ; | break 1 bond(s) | H shift -2 | K | ; | break 1 bond(s) | H shift -2 | K,0,-1,K,,,0.58
C14H9N2NaO2,"{'C': 14, 'H': 9, 'N': 2, 'O': 2, 'Na': 1}",260.05617182007,positive,1,Nomex,meta-Aramid,adduct,M | H shift -1 | Na | ; | break 1 bond(s) | H shift -2 | Na | ; | break 1 bond(s) | H shift -2 | Na,0,-1,Na,,,0.58
C14H9N2O3,"{'C': 14, 'H': 9, 'N': 2, 'O': 3}",253.06131715764,negative,-1,Nomex,meta-Aramid,adduct,M | H shift -1 | O | ; | break 1 bond(s) | H shift -2 | O | ; | break 1 bond(s) | H shift -2 | O,0,-1,O,,,0.58
C13H12N2,"{'C': 13, 'H': 12, 'N': 2}",196.10004839562,neutral,0,Nomex,meta-Aramid,neutral_loss,M | H shift +2 | -CO2 | ; | break 1 bond(s) | H shift +1 | -CO2 | ; | break 1 bond(s) | H shift +1 | -CO2,0,2,,CO2,,0.55
C13H12N2O,"{'C': 13, 'H': 12, 'N': 2, 'O': 1}",212.09496301519,neutral,0,Nomex,meta-Aramid,neutral_loss,M | H shift +2 | -CO | ; | break 1 bond(s) | H shift +1 | -CO | ; | break 1 bond(s) | H shift +1 | -CO,0,2,,CO,,0.55
C13H5N2O2,"{'C': 13, 'H': 5, 'N': 2, 'O': 2}",221.03510240915,neutral,0,Nomex,meta-Aramid,neutral_loss,M | H shift -2 | -CH3,0,-2,,CH3,,0.55
C13H8N2,"{'C': 13, 'H': 8, 'N': 2}",192.0687482667,neutral,0,Nomex,meta-Aramid,neutral_loss,M | H shift -2 | -CO2 | ; | break 2 bond(s) | H shift -1 | -OH | ; | break 2 bond(s) | -H2O,0,-2,,CO2,,0.55
C13H8N2O,"{'C': 13, 'H': 8, 'N': 2, 'O': 1}",208.06366288627,neutral,0,Nomex,meta-Aramid,neutral_loss,M | H shift -2 | -CO | ; | break 2 bond(s) | -H2,0,-2,,CO,,0.55
C13H9N2O2,"{'C': 13, 'H': 9, 'N': 2, 'O': 2}",225.06640253807,neutral,0,Nomex,meta-Aramid,neutral_loss,M | H shift +2 | -CH3 | ; | break 1 bond(s) | H shift +1 | -CH3 | ; | break 1 bond(s) | H shift +1 | -CH3,0,2,,CH3,,0.55
C14H10N2O2,"{'C': 14, 'H': 10, 'N': 2, 'O': 2}",238.0742275703,neutral,0,Nomex,meta-Aramid,neutral_loss,M | H shift +2 | -H2 | ; | break 1 bond(s) | H shift +1 | -H2 | ; | break 1 bond(s) | H shift +1 | -H2,0,2,,H2,,0.55
C14H11N2O,"{'C': 14, 'H': 11, 'N': 2, 'O': 1}",223.08713798296,neutral,0,Nomex,meta-Aramid,neutral_loss,M | H shift +2 | -OH | ; | break 1 bond(s) | H shift +1 | -OH | ; | break 1 bond(s) | H shift +2 | -H2O,0,2,,OH,,0.55
C14H5NO2,"{'C': 14, 'H': 5, 'N': 1, 'O': 2}",219.03202840472,neutral,0,Nomex,meta-Aramid,neutral_loss,M | H shift -2 | -NH3,0,-2,,NH3,,0.55
C14H6N2O,"{'C': 14, 'H': 6, 'N': 2, 'O': 1}",218.04801282181,neutral,0,Nomex,meta-Aramid,neutral_loss,M | H shift -2 | -H2O,0,-2,,H2O,,0.55
C14H6N2O2,"{'C': 14, 'H': 6, 'N': 2, 'O': 2}",234.04292744138,neutral,0,Nomex,meta-Aramid,neutral_loss,M | H shift -2 | -H2,0,-2,,H2,,0.55
C14H9NO2,"{'C': 14, 'H': 9, 'N': 1, 'O': 2}",223.06332853364,neutral,0,Nomex,meta-Aramid,neutral_loss,M | H shift +2 | -NH3 | ; | break 1 bond(s) | H shift +1 | -NH3 | ; | break 1 bond(s) | H shift +1 | -H2,0,2,,NH3,,0.55
C28H19N4O4,"{'C': 28, 'H': 19, 'N': 4, 'O': 4}",475.14063010837,negative,-1,Nomex,meta-Aramid,dimer,2M | -H,0,0,-H,,,0.55
C28H21N4O4,"{'C': 28, 'H': 21, 'N': 4, 'O': 4}",477.15628017283,positive,1,Nomex,meta-Aramid,dimer,2M | H,0,0,H,,,0.55
C14H10N2O2,"{'N': 2, 'C': 14, 'O': 2, 'H': 10}",238.0742275703,neutral,0,Nomex,meta-Aramid,h_shift,break 1 bond(s) | H shift -1 | ; | break 1 bond(s) | H shift -1,1,-1,,,"[2, 3, 4, 5, 6, 7, 8, 9, 10, 11, 12, 13, 14, 15, 16, 17, 18, 19, 21, 22, 23, 24, 25, 26, 27, 28, 29, 30, 31]",0.5499999999999999
C14H10NO2,"{'C': 14, 'N': 1, 'O': 2, 'H': 10}",224.07115356587,positive,1,Nomex,meta-Aramid,adduct,break 1 bond(s) | H shift -1 | H | ; | break 2 bond(s) | H shift -1 | H,1,-1,H,,"[3, 4, 5, 6, 7, 8, 9, 10, 11, 12, 13, 14, 15, 16, 17, 18, 19, 22, 23, 24, 25, 26, 27, 28, 29, 30, 31]",0.5499999999999999
C14H10NO2,"{'C': 14, 'N': 1, 'O': 2, 'H': 10}",224.07115356587,negative,-1,Nomex,meta-Aramid,adduct,break 1 bond(s) | H shift +1 | -H | ; | break 2 bond(s) | H shift +1 | -H,1,1,-H,,"[3, 4, 5, 6, 7, 8, 9, 10, 11, 12, 13, 14, 15, 16, 17, 18, 19, 22, 23, 24, 25, 26, 27, 28, 29, 30, 31]",0.5499999999999999
C14H11NO2,"{'C': 14, 'N': 1, 'O': 2, 'H': 11}",225.0789785981,neutral,0,Nomex,meta-Aramid,h_shift,break 1 bond(s) | H shift +1 | ; | break 2 bond(s) | H shift +1,1,1,,,"[3, 4, 5, 6, 7, 8, 9, 10, 11, 12, 13, 14, 15, 16, 17, 18, 19, 22, 23, 24, 25, 26, 27, 28, 29, 30, 31]",0.5499999999999999
C14H12NO2,"{'C': 14, 'N': 1, 'O': 2, 'H': 12}",226.08680363033,positive,1,Nomex,meta-Aramid,adduct,break 1 bond(s) | H shift +1 | H | ; | break 2 bond(s) | H shift +1 | H,1,1,H,,"[3, 4, 5, 6, 7, 8, 9, 10, 11, 12, 13, 14, 15, 16, 17, 18, 19, 22, 23, 24, 25, 26, 27, 28, 29, 30, 31]",0.5499999999999999
C14H8NO2,"{'C': 14, 'N': 1, 'O': 2, 'H': 8}",222.05550350141,negative,-1,Nomex,meta-Aramid,adduct,break 1 bond(s) | H shift -1 | -H | ; | break 2 bond(s) | H shift -1 | -H,1,-1,-H,,"[3, 4, 5, 6, 7, 8, 9, 10, 11, 12, 13, 14, 15, 16, 17, 18, 19, 22, 23, 24, 25, 26, 27, 28, 29, 30, 31]",0.5499999999999999
C14H9NO2,"{'C': 14, 'N': 1, 'O': 2, 'H': 9}",223.06332853364,neutral,0,Nomex,meta-Aramid,h_shift,break 1 bond(s) | H shift -1 | ; | break 2 bond(s) | H shift -1,1,-1,,,"[3, 4, 5, 6, 7, 8, 9, 10, 11, 12, 13, 14, 15, 16, 17, 18, 19, 22, 23, 24, 25, 26, 27, 28, 29, 30, 31]",0.5499999999999999
C7H3O,"{'C': 7, 'O': 1, 'H': 3}",103.01838971626,negative,-1,Nomex,meta-Aramid,adduct,break 1 bond(s) | H shift -1 | -H | ; | break 2 bond(s) | H shift -1 | -H | ; | break 2 bond(s) | H shift -1 | -H,1,-1,-H,,"[11, 12, 13, 14, 15, 16, 17, 18, 26, 27, 28, 29, 30]",0.5499999999999999
C7H4NO,"{'O': 1, 'C': 7, 'N': 1, 'H': 4}",118.02928875292,negative,-1,Nomex,meta-Aramid,adduct,break 1 bond(s) | H shift -1 | -H | ; | break 2 bond(s) | -H | ; | break 2 bond(s) | H shift -1 | -H,1,-1,-H,,"[0, 1, 2, 3, 4, 5, 6, 7, 19, 20, 21, 22, 23, 24, 31]",0.5499999999999999
C7H4O,"{'C': 7, 'O': 1, 'H': 4}",104.02621474849,neutral,0,Nomex,meta-Aramid,h_shift,break 1 bond(s) | H shift -1 | ; | break 2 bond(s) | H shift -1 | ; | break 2 bond(s) | H shift -1 | ; | break 2 bond(s) | H shift -1,1,-1,,,"[11, 12, 13, 14, 15, 16, 17, 18, 26, 27, 28, 29, 30]",0.5499999999999999
C7H5N2O,"{'O': 1, 'C': 7, 'N': 2, 'H': 5}",133.04018778958,negative,-1,Nomex,meta-Aramid,adduct,break 1 bond(s) | H shift -1 | -H | ; | break 2 bond(s) | -H | ; | break 2 bond(s) | H shift -1 | -H,1,-1,-H,,"[0, 1, 2, 3, 4, 5, 6, 7, 8, 19, 20, 21, 22, 23, 24, 25, 31]",0.5499999999999999
C7H5NO,"{'O': 1, 'C': 7, 'N': 1, 'H': 5}",119.03711378515,neutral,0,Nomex,meta-Aramid,h_shift,break 1 bond(s) | H shift -1 | ; | break 2 bond(s) | H shift -1 | ; | break 2 bond(s) | H shift -1 | ; | break 2 bond(s) | H shift -1,1,-1,,,"[0, 1, 2, 3, 4, 5, 6, 7, 19, 20, 21, 22, 23, 24, 31]",0.5499999999999999
C7H5O,"{'C': 7, 'O': 1, 'H': 5}",105.03403978072001,positive,1,Nomex,meta-Aramid,adduct,break 1 bond(s) | H shift -1 | H | ; | break 2 bond(s) | H shift -1 | H | ; | break 2 bond(s) | H shift -1 | H,1,-1,H,,"[11, 12, 13, 14, 15, 16, 17, 18, 26, 27, 28, 29, 30]",0.5499999999999999
C7H5O,"{'C': 7, 'O': 1, 'H': 5}",105.03403978072001,negative,-1,Nomex,meta-Aramid,adduct,break 1 bond(s) | H shift +1 | -H | ; | break 2 bond(s) | H shift +1 | -H | ; | break 2 bond(s) | H shift +1 | -H,1,1,-H,,"[11, 12, 13, 14, 15, 16, 17, 18, 26, 27, 28, 29, 30]",0.5499999999999999
C7H6N2O,"{'O': 1, 'C': 7, 'N': 2, 'H': 6}",134.04801282181,neutral,0,Nomex,meta-Aramid,h_shift,break 1 bond(s) | H shift -1 | ; | break 2 bond(s) | H shift -1 | ; | break 2 bond(s) | H shift -1,1,-1,,,"[0, 1, 2, 3, 4, 5, 6, 7, 8, 19, 20, 21, 22, 23, 24, 25, 31]",0.5499999999999999
C7H6NO,"{'O': 1, 'C': 7, 'N': 1, 'H': 6}",120.04493881738,positive,1,Nomex,meta-Aramid,adduct,break 1 bond(s) | H shift -1 | H | ; | break 2 bond(s) | H | ; | break 2 bond(s) | H shift -1 | H,1,-1,H,,"[0, 1, 2, 3, 4, 5, 6, 7, 19, 20, 21, 22, 23, 24, 31]",0.5499999999999999
C7H6NO,"{'O': 1, 'C': 7, 'N': 1, 'H': 6}",120.04493881738,negative,-1,Nomex,meta-Aramid,adduct,break 1 bond(s) | H shift +1 | -H | ; | break 2 bond(s) | H shift +2 | -H | ; | break 2 bond(s) | H shift +1 | -H,1,1,-H,,"[0, 1, 2, 3, 4, 5, 6, 7, 19, 20, 21, 22, 23, 24, 31]",0.5499999999999999
C7H6O,"{'C': 7, 'O': 1, 'H': 6}",106.04186481295,neutral,0,Nomex,meta-Aramid,h_shift,break 1 bond(s) | H shift +1 | ; | break 2 bond(s) | H shift +1 | ; | break 2 bond(s) | H shift +1 | ; | break 2 bond(s) | H shift +1,1,1,,,"[11, 12, 13, 14, 15, 16, 17, 18, 26, 27, 28, 29, 30]",0.5499999999999999
C7H7N2O,"{'O': 1, 'C': 7, 'N': 2, 'H': 7}",135.05583785404,positive,1,Nomex,meta-Aramid,adduct,break 1 bond(s) | H shift -1 | H | ; | break 2 bond(s) | H | ; | break 2 bond(s) | H shift -1 | H,1,-1,H,,"[0, 1, 2, 3, 4, 5, 6, 7, 8, 19, 20, 21, 22, 23, 24, 25, 31]",0.5499999999999999
C7H7N2O,"{'O': 1, 'C': 7, 'N': 2, 'H': 7}",135.05583785404,negative,-1,Nomex,meta-Aramid,adduct,break 1 bond(s) | H shift +1 | -H | ; | break 2 bond(s) | H shift +2 | -H | ; | break 2 bond(s) | H shift +1 | -H,1,1,-H,,"[0, 1, 2, 3, 4, 5, 6, 7, 8, 19, 20, 21, 22, 23, 24, 25, 31]",0.5499999999999999
C7H7NO,"{'O': 1, 'C': 7, 'N': 1, 'H': 7}",121.05276384961,neutral,0,Nomex,meta-Aramid,h_shift,break 1 bond(s) | H shift +1 | ; | break 2 bond(s) | H shift +2 | ; | break 2 bond(s) | H shift +1 | ; | break 2 bond(s) | H shift +1,1,1,,,"[0, 1, 2, 3, 4, 5, 6, 7, 19, 20, 21, 22, 23, 24, 31]",0.5499999999999999
C7H7O,"{'C': 7, 'O': 1, 'H': 7}",107.04968984518,positive,1,Nomex,meta-Aramid,adduct,break 1 bond(s) | H shift +1 | H | ; | break 2 bond(s) | H shift +1 | H | ; | break 2 bond(s) | H shift +1 | H,1,1,H,,"[11, 12, 13, 14, 15, 16, 17, 18, 26, 27, 28, 29, 30]",0.5499999999999999
C7H8N2O,"{'O': 1, 'C': 7, 'N': 2, 'H': 8}",136.06366288627,neutral,0,Nomex,meta-Aramid,h_shift,break 1 bond(s) | H shift +1 | ; | break 2 bond(s) | H shift +2 | ; | break 2 bond(s) | H shift +1 | ; | break 2 bond(s) | H shift +1,1,1,,,"[0, 1, 2, 3, 4, 5, 6, 7, 8, 19, 20, 21, 22, 23, 24, 25, 31]",0.5499999999999999
C7H8NO,"{'O': 1, 'C': 7, 'N': 1, 'H': 8}",122.06058888184,positive,1,Nomex,meta-Aramid,adduct,break 1 bond(s) | H shift +1 | H | ; | break 2 bond(s) | H shift +2 | H | ; | break 2 bond(s) | H shift +1 | H,1,1,H,,"[0, 1, 2, 3, 4, 5, 6, 7, 19, 20, 21, 22, 23, 24, 31]",0.5499999999999999
C7H9N2O,"{'O': 1, 'C': 7, 'N': 2, 'H': 9}",137.0714879185,positive,1,Nomex,meta-Aramid,adduct,break 1 bond(s) | H shift +1 | H | ; | break 2 bond(s) | H shift +2 | H | ; | break 2 bond(s) | H shift +1 | H,1,1,H,,"[0, 1, 2, 3, 4, 5, 6, 7, 8, 19, 20, 21, 22, 23, 24, 25, 31]",0.5499999999999999
C8H3O2,"{'C': 8, 'O': 2, 'H': 3}",131.01330433583001,negative,-1,Nomex,meta-Aramid,adduct,break 1 bond(s) | H shift -1 | -H | ; | break 2 bond(s) | H shift -1 | -H | ; | break 2 bond(s) | H shift -1 | -H,1,-1,-H,,"[9, 10, 11, 12, 13, 14, 15, 16, 17, 18, 26, 27, 28, 29, 30]",0.5499999999999999
C8H4NO2,"{'N': 1, 'C': 8, 'O': 2, 'H': 4}",146.02420337249,negative,-1,Nomex,meta-Aramid,adduct,break 1 bond(s) | H shift -1 | -H | ; | break 2 bond(s) | H shift -1 | -H | ; | break 2 bond(s) | H shift -1 | -H,1,-1,-H,,"[8, 9, 10, 11, 12, 13, 14, 15, 16, 17, 18, 25, 26, 27, 28, 29, 30]",0.5499999999999999
C8H4O2,"{'C': 8, 'O': 2, 'H': 4}",132.02112936806,neutral,0,Nomex,meta-Aramid,h_shift,break 1 bond(s) | H shift -1 | ; | break 2 bond(s) | H shift -1 | ; | break 2 bond(s) | H shift -1 | ; | break 2 bond(s) | H shift -1,1,-1,,,"[9, 10, 11, 12, 13, 14, 15, 16, 17, 18, 26, 27, 28, 29, 30]",0.5499999999999999
C8H5N2O2,"{'O': 2, 'C': 8, 'N': 2, 'H': 5}",161.03510240915,negative,-1,Nomex,meta-Aramid,adduct,break 1 bond(s) | H shift -1 | -H | ; | break 2 bond(s) | H shift -1 | -H,1,-1,-H,,"[0, 1, 2, 3, 4, 5, 6, 7, 8, 9, 10, 19, 20, 21, 22, 23, 24, 25, 31]",0.5499999999999999
C8H5NO2,"{'N': 1, 'C': 8, 'O': 2, 'H': 5}",147.03202840472,neutral,0,Nomex,meta-Aramid,h_shift,break 1 bond(s) | H shift -1 | ; | break 2 bond(s) | H shift -1 | ; | break 2 bond(s) | H shift -1,1,-1,,,"[8, 9, 10, 11, 12, 13, 14, 15, 16, 17, 18, 25, 26, 27, 28, 29, 30]",0.5499999999999999
C8H5O2,"{'C': 8, 'O': 2, 'H': 5}",133.02895440029,positive,1,Nomex,meta-Aramid,adduct,break 1 bond(s) | H shift -1 | H | ; | break 2 bond(s) | H shift -1 | H | ; | break 2 bond(s) | H shift -1 | H,1,-1,H,,"[9, 10, 11, 12, 13, 14, 15, 16, 17, 18, 26, 27, 28, 29, 30]",0.5499999999999999
C8H5O2,"{'C': 8, 'O': 2, 'H': 5}",133.02895440029,negative,-1,Nomex,meta-Aramid,adduct,break 1 bond(s) | H shift +1 | -H | ; | break 2 bond(s) | H shift +1 | -H | ; | break 2 bond(s) | H shift +1 | -H,1,1,-H,,"[9, 10, 11, 12, 13, 14, 15, 16, 17, 18, 26, 27, 28, 29, 30]",0.5499999999999999
C8H6N2O2,"{'O': 2, 'C': 8, 'N': 2, 'H': 6}",162.04292744138,neutral,0,Nomex,meta-Aramid,h_shift,break 1 bond(s) | H shift -1 | ; | break 2 bond(s) | H shift -1,1,-1,,,"[0, 1, 2, 3, 4, 5, 6, 7, 8, 9, 10, 19, 20, 21, 22, 23, 24, 25, 31]",0.5499999999999999
C8H6NO2,"{'N': 1, 'C': 8, 'O': 2, 'H': 6}",148.03985343695,positive,1,Nomex,meta-Aramid,adduct,break 1 bond(s) | H shift -1 | H | ; | break 2 bond(s) | H shift -1 | H | ; | break 2 bond(s) | H shift -1 | H,1,-1,H,,"[8, 9, 10, 11, 12, 13, 14, 15, 16, 17, 18, 25, 26, 27, 28, 29, 30]",0.5499999999999999
C8H6NO2,"{'N': 1, 'C': 8, 'O': 2, 'H': 6}",148.03985343695,negative,-1,Nomex,meta-Aramid,adduct,break 1 bond(s) | H shift +1 | -H | ; | break 2 bond(s) | H shift +1 | -H | ; | break 2 bond(s) | H shift +1 | -H,1,1,-H,,"[8, 9, 10, 11, 12, 13, 14, 15, 16, 17, 18, 25, 26, 27, 28, 29, 30]",0.5499999999999999
C8H6O2,"{'C': 8, 'O': 2, 'H': 6}",134.03677943252,neutral,0,Nomex,meta-Aramid,h_shift,break 1 bond(s) | H shift +1 | ; | break 2 bond(s) | H shift +1 | ; | break 2 bond(s) | H shift +1 | ; | break 2 bond(s) | H shift +1,1,1,,,"[9, 10, 11, 12, 13, 14, 15, 16, 17, 18, 26, 27, 28, 29, 30]",0.5499999999999999
C8H7N2O2,"{'O': 2, 'C': 8, 'N': 2, 'H': 7}",163.05075247361,positive,1,Nomex,meta-Aramid,adduct,break 1 bond(s) | H shift -1 | H | ; | break 2 bond(s) | H shift -1 | H,1,-1,H,,"[0, 1, 2, 3, 4, 5, 6, 7, 8, 9, 10, 19, 20, 21, 22, 23, 24, 25, 31]",0.5499999999999999
C8H7N2O2,"{'O': 2, 'C': 8, 'N': 2, 'H': 7}",163.05075247361,negative,-1,Nomex,meta-Aramid,adduct,break 1 bond(s) | H shift +1 | -H | ; | break 2 bond(s) | H shift +1 | -H,1,1,-H,,"[0, 1, 2, 3, 4, 5, 6, 7, 8, 9, 10, 19, 20, 21, 22, 23, 24, 25, 31]",0.5499999999999999
C8H7NO2,"{'N': 1, 'C': 8, 'O': 2, 'H': 7}",149.04767846918,neutral,0,Nomex,meta-Aramid,h_shift,break 1 bond(s) | H shift +1 | ; | break 2 bond(s) | H shift +1 | ; | break 2 bond(s) | H shift +1,1,1,,,"[8, 9, 10, 11, 12, 13, 14, 15, 16, 17, 18, 25, 26, 27, 28, 29, 30]",0.5499999999999999
C8H7O2,"{'C': 8, 'O': 2, 'H': 7}",135.04460446475,positive,1,Nomex,meta-Aramid,adduct,break 1 bond(s) | H shift +1 | H | ; | break 2 bond(s) | H shift +1 | H | ; | break 2 bond(s) | H shift +1 | H,1,1,H,,"[9, 10, 11, 12, 13, 14, 15, 16, 17, 18, 26, 27, 28, 29, 30]",0.5499999999999999
C8H8N2O2,"{'O': 2, 'C': 8, 'N': 2, 'H': 8}",164.05857750584,neutral,0,Nomex,meta-Aramid,h_shift,break 1 bond(s) | H shift +1 | ; | break 2 bond(s) | H shift +1,1,1,,,"[0, 1, 2, 3, 4, 5, 6, 7, 8, 9, 10, 19, 20, 21, 22, 23, 24, 25, 31]",0.5499999999999999
C8H8NO2,"{'N': 1, 'C': 8, 'O': 2, 'H': 8}",150.05550350141,positive,1,Nomex,meta-Aramid,adduct,break 1 bond(s) | H shift +1 | H | ; | break 2 bond(s) | H shift +1 | H | ; | break 2 bond(s) | H shift +1 | H,1,1,H,,"[8, 9, 10, 11, 12, 13, 14, 15, 16, 17, 18, 25, 26, 27, 28, 29, 30]",0.5499999999999999
C8H9N2O2,"{'O': 2, 'C': 8, 'N': 2, 'H': 9}",165.06640253807,positive,1,Nomex,meta-Aramid,adduct,break 1 bond(s) | H shift +1 | H | ; | break 2 bond(s) | H shift +1 | H,1,1,H,,"[0, 1, 2, 3, 4, 5, 6, 7, 8, 9, 10, 19, 20, 21, 22, 23, 24, 25, 31]",0.5499999999999999
CH2NO,"{'O': 1, 'C': 1, 'N': 1, 'H': 2}",44.01363868846,positive,1,Nomex,meta-Aramid,adduct,break 1 bond(s) | H shift -1 | H | ; | break 2 bond(s) | H shift -1 | H | ; | break 2 bond(s) | H shift -1 | H,1,-1,H,,"[0, 1, 2, 20, 21]",0.5499999999999999
CH2NO,"{'O': 1, 'C': 1, 'N': 1, 'H': 2}",44.01363868846,negative,-1,Nomex,meta-Aramid,adduct,break 1 bond(s) | H shift +1 | -H | ; | break 2 bond(s) | H shift +1 | -H | ; | break 2 bond(s) | H shift +1 | -H,1,1,-H,,"[0, 1, 2, 20, 21]",0.5499999999999999
CH2O,"{'O': 1, 'C': 1, 'H': 2}",30.01056468403,neutral,0,Nomex,meta-Aramid,h_shift,break 1 bond(s) | H shift +1 | ; | break 1 bond(s) | H shift +1 | ; | break 2 bond(s) | H shift +1 | ; | break 2 bond(s) | H shift +1,1,1,,,"[0, 1, 20]",0.5499999999999999
CH3NO,"{'O': 1, 'C': 1, 'N': 1, 'H': 3}",45.02146372069,neutral,0,Nomex,meta-Aramid,h_shift,break 1 bond(s) | H shift +1 | ; | break 2 bond(s) | H shift +1 | ; | break 2 bond(s) | H shift +1 | ; | break 2 bond(s) | H shift +1,1,1,,,"[0, 1, 2, 20, 21]",0.5499999999999999
CH3O,"{'O': 1, 'C': 1, 'H': 3}",31.01838971626,positive,1,Nomex,meta-Aramid,adduct,break 1 bond(s) | H shift +1 | H | ; | break 1 bond(s) | H shift +1 | H | ; | break 2 bond(s) | H shift +1 | H,1,1,H,,"[0, 1, 20]",0.5499999999999999
CH4NO,"{'O': 1, 'C': 1, 'N': 1, 'H': 4}",46.029288752919996,positive,1,Nomex,meta-Aramid,adduct,break 1 bond(s) | H shift +1 | H | ; | break 2 bond(s) | H shift +1 | H | ; | break 2 bond(s) | H shift +1 | H,1,1,H,,"[0, 1, 2, 20, 21]",0.5499999999999999
CHNO,"{'O': 1, 'C': 1, 'N': 1, 'H': 1}",43.005813656229996,neutral,0,Nomex,meta-Aramid,h_shift,break 1 bond(s) | H shift -1 | ; | break 2 bond(s) | H shift -1 | ; | break 2 bond(s) | H shift -1 | ; | break 2 bond(s) | H shift -1,1,-1,,,"[0, 1, 2, 20, 21]",0.5499999999999999
CHO,"{'O': 1, 'C': 1, 'H': 1}",29.0027396518,positive,1,Nomex,meta-Aramid,adduct,break 1 bond(s) | H shift -1 | H | ; | break 1 bond(s) | H shift -1 | H | ; | break 2 bond(s) | H shift -1 | H,1,-1,H,,"[0, 1, 20]",0.5499999999999999
CHO,"{'O': 1, 'C': 1, 'H': 1}",29.0027396518,negative,-1,Nomex,meta-Aramid,adduct,break 1 bond(s) | H shift +1 | -H | ; | break 1 bond(s) | H shift +1 | -H | ; | break 2 bond(s) | H shift +1 | -H,1,1,-H,,"[0, 1, 20]",0.5499999999999999
CNO,"{'O': 1, 'C': 1, 'N': 1}",41.997988624,negative,-1,Nomex,meta-Aramid,adduct,break 1 bond(s) | H shift -1 | -H | ; | break 2 bond(s) | H shift -1 | -H | ; | break 2 bond(s) | H shift -1 | -H,1,-1,-H,,"[0, 1, 2, 20, 21]",0.5499999999999999
CO,"{'O': 1, 'C': 1}",27.99491461957,neutral,0,Nomex,meta-Aramid,h_shift,break 1 bond(s) | H shift -1 | ; | break 1 bond(s) | H shift -1 | ; | break 2 bond(s) | H shift -1 | ; | break 2 bond(s) | H shift -1,1,-1,,,"[0, 1, 20]",0.5499999999999999
C14H12ClN2O2,"{'C': 14, 'H': 12, 'N': 2, 'O': 2, 'Cl': 1}",275.05873031676,negative,-1,Nomex,meta-Aramid,adduct,M | H shift +2 | Cl | ; | break 1 bond(s) | H shift +1 | Cl | ; | break 1 bond(s) | H shift +1 | Cl,0,2,Cl,,,0.53
C14H12KN2O2,"{'C': 14, 'H': 12, 'N': 2, 'O': 2, 'K': 1}",279.05358412116,positive,1,Nomex,meta-Aramid,adduct,M | H shift +2 | K | ; | break 1 bond(s) | H shift +1 | K | ; | break 1 bond(s) | H shift +1 | K,0,2,K,,,0.53
C14H12N2NaO2,"{'C': 14, 'H': 12, 'N': 2, 'O': 2, 'Na': 1}",263.07964691676,positive,1,Nomex,meta-Aramid,adduct,M | H shift +2 | Na | ; | break 1 bond(s) | H shift +1 | Na | ; | break 1 bond(s) | H shift +1 | Na,0,2,Na,,,0.53
C14H13N2O3,"{'C': 14, 'H': 13, 'N': 2, 'O': 3}",257.09261728656,negative,-1,Nomex,meta-Aramid,adduct,M | H shift +2 | OH | ; | break 1 bond(s) | H shift +1 | OH | ; | break 1 bond(s) | H shift +2 | O,0,2,OH,,,0.53
C14H8ClN2O2,"{'C': 14, 'H': 8, 'N': 2, 'O': 2, 'Cl': 1}",271.02743018783997,negative,-1,Nomex,meta-Aramid,adduct,M | H shift -2 | Cl,0,-2,Cl,,,0.53
C14H8KN2O2,"{'C': 14, 'H': 8, 'N': 2, 'O': 2, 'K': 1}",275.02228399224,positive,1,Nomex,meta-Aramid,adduct,M | H shift -2 | K,0,-2,K,,,0.53
C14H8N2NaO2,"{'C': 14, 'H': 8, 'N': 2, 'O': 2, 'Na': 1}",259.04834678784,positive,1,Nomex,meta-Aramid,adduct,M | H shift -2 | Na,0,-2,Na,,,0.53
C14H8N2O3,"{'C': 14, 'H': 8, 'N': 2, 'O': 3}",252.05349212541,negative,-1,Nomex,meta-Aramid,adduct,M | H shift -2 | O,0,-2,O,,,0.53
C,{'C': 1},12.0,neutral,0,Nomex,meta-Aramid,neutral_loss,break 1 bond(s) | -OH | ; | break 1 bond(s) | H shift +1 | -H2O | ; | break 1 bond(s) | -OH,1,0,,OH,"[0, 1, 20]",0.5
C13H10N,"{'C': 13, 'N': 1, 'H': 10}",180.08132432673,neutral,0,Nomex,meta-Aramid,neutral_loss,break 1 bond(s) | -CO2 | ; | break 2 bond(s) | -CO2 | ; | break 2 bond(s) | H shift +2 | -OH,1,0,,CO2,"[3, 4, 5, 6, 7, 8, 9, 10, 11, 12, 13, 14, 15, 16, 17, 18, 19, 22, 23, 24, 25, 26, 27, 28, 29, 30, 31]",0.5
C13H10NO,"{'C': 13, 'N': 1, 'O': 1, 'H': 10}",196.0762389463,neutral,0,Nomex,meta-Aramid,neutral_loss,break 1 bond(s) | -CO | ; | break 2 bond(s) | -CO,1,0,,CO,"[3, 4, 5, 6, 7, 8, 9, 10, 11, 12, 13, 14, 15, 16, 17, 18, 19, 22, 23, 24, 25, 26, 27, 28, 29, 30, 31]",0.5
C13H7NO2,"{'C': 13, 'N': 1, 'O': 2, 'H': 7}",209.04767846918,neutral,0,Nomex,meta-Aramid,neutral_loss,break 1 bond(s) | -CH3 | ; | break 2 bond(s) | -CH3,1,0,,CH3,"[3, 4, 5, 6, 7, 8, 9, 10, 11, 12, 13, 14, 15, 16, 17, 18, 19, 22, 23, 24, 25, 26, 27, 28, 29, 30, 31]",0.5
C14H11NO2,"{'C': 14, 'N': 1, 'O': 2, 'H': 11}",225.0789785981,negative,-1,Nomex,meta-Aramid,adduct,break 1 bond(s) | H shift +2 | -H | ; | break 2 bond(s) | H shift +2 | -H,1,2,-H,,"[3, 4, 5, 6, 7, 8, 9, 10, 11, 12, 13, 14, 15, 16, 17, 18, 19, 22, 23, 24, 25, 26, 27, 28, 29, 30, 31]",0.5
C14H12N2O2,"{'N': 2, 'C': 14, 'O': 2, 'H': 12}",240.08987763476,negative,-1,Nomex,meta-Aramid,adduct,break 1 bond(s) | H shift +2 | -H | ; | break 1 bond(s) | H shift +2 | -H,1,2,-H,,"[2, 3, 4, 5, 6, 7, 8, 9, 10, 11, 12, 13, 14, 15, 16, 17, 18, 19, 21, 22, 23, 24, 25, 26, 27, 28, 29, 30, 31]",0.5
C14H12NO2,"{'C': 14, 'N': 1, 'O': 2, 'H': 12}",226.08680363033,neutral,0,Nomex,meta-Aramid,h_shift,break 1 bond(s) | H shift +2 | ; | break 2 bond(s) | H shift +2,1,2,,,"[3, 4, 5, 6, 7, 8, 9, 10, 11, 12, 13, 14, 15, 16, 17, 18, 19, 22, 23, 24, 25, 26, 27, 28, 29, 30, 31]",0.5
C14H13N2O2,"{'N': 2, 'C': 14, 'O': 2, 'H': 13}",241.09770266699,neutral,0,Nomex,meta-Aramid,h_shift,break 1 bond(s) | H shift +2 | ; | break 1 bond(s) | H shift +2,1,2,,,"[2, 3, 4, 5, 6, 7, 8, 9, 10, 11, 12, 13, 14, 15, 16, 17, 18, 19, 21, 22, 23, 24, 25, 26, 27, 28, 29, 30, 31]",0.5
C14H13NO2,"{'C': 14, 'N': 1, 'O': 2, 'H': 13}",227.09462866256,positive,1,Nomex,meta-Aramid,adduct,break 1 bond(s) | H shift +2 | H | ; | break 2 bond(s) | H shift +2 | H,1,2,H,,"[3, 4, 5, 6, 7, 8, 9, 10, 11, 12, 13, 14, 15, 16, 17, 18, 19, 22, 23, 24, 25, 26, 27, 28, 29, 30, 31]",0.5
C14H14N2O2,"{'N': 2, 'C': 14, 'O': 2, 'H': 14}",242.10552769922,positive,1,Nomex,meta-Aramid,adduct,break 1 bond(s) | H shift +2 | H | ; | break 1 bond(s) | H shift +2 | H,1,2,H,,"[2, 3, 4, 5, 6, 7, 8, 9, 10, 11, 12, 13, 14, 15, 16, 17, 18, 19, 21, 22, 23, 24, 25, 26, 27, 28, 29, 30, 31]",0.5
C14H7NO2,"{'C': 14, 'N': 1, 'O': 2, 'H': 7}",221.04767846918,negative,-1,Nomex,meta-Aramid,adduct,break 1 bond(s) | H shift -2 | -H | ; | break 2 bond(s) | H shift -2 | -H,1,-2,-H,,"[3, 4, 5, 6, 7, 8, 9, 10, 11, 12, 13, 14, 15, 16, 17, 18, 19, 22, 23, 24, 25, 26, 27, 28, 29, 30, 31]",0.5
C14H7O2,"{'C': 14, 'O': 2, 'H': 7}",207.04460446475,neutral,0,Nomex,meta-Aramid,neutral_loss,break 1 bond(s) | -NH3 | ; | break 2 bond(s) | -NH3,1,0,,NH3,"[3, 4, 5, 6, 7, 8, 9, 10, 11, 12, 13, 14, 15, 16, 17, 18, 19, 22, 23, 24, 25, 26, 27, 28, 29, 30, 31]",0.5
C14H8NO,"{'C': 14, 'N': 1, 'O': 1, 'H': 8}",206.06058888184,neutral,0,Nomex,meta-Aramid,neutral_loss,break 1 bond(s) | -H2O | ; | break 2 bond(s) | H shift -1 | -OH | ; | break 2 bond(s) | -H2O,1,0,,H2O,"[3, 4, 5, 6, 7, 8, 9, 10, 11, 12, 13, 14, 15, 16, 17, 18, 19, 22, 23, 24, 25, 26, 27, 28, 29, 30, 31]",0.5
C14H8NO2,"{'C': 14, 'N': 1, 'O': 2, 'H': 8}",222.05550350141,neutral,0,Nomex,meta-Aramid,h_shift,break 1 bond(s) | H shift -2 | ; | break 2 bond(s) | H shift -2,1,-2,,,"[3, 4, 5, 6, 7, 8, 9, 10, 11, 12, 13, 14, 15, 16, 17, 18, 19, 22, 23, 24, 25, 26, 27, 28, 29, 30, 31]",0.5
C14H9NO,"{'C': 14, 'N': 1, 'O': 1, 'H': 9}",207.06841391407,neutral,0,Nomex,meta-Aramid,neutral_loss,break 1 bond(s) | -OH | ; | break 1 bond(s) | H shift +1 | -H2O | ; | break 2 bond(s) | -OH,1,0,,OH,"[3, 4, 5, 6, 7, 8, 9, 10, 11, 12, 13, 14, 15, 16, 17, 18, 19, 22, 23, 24, 25, 26, 27, 28, 29, 30, 31]",0.5
C14H9NO2,"{'C': 14, 'N': 1, 'O': 2, 'H': 9}",223.06332853364,positive,1,Nomex,meta-Aramid,adduct,break 1 bond(s) | H shift -2 | H | ; | break 2 bond(s) | H shift -2 | H,1,-2,H,,"[3, 4, 5, 6, 7, 8, 9, 10, 11, 12, 13, 14, 15, 16, 17, 18, 19, 22, 23, 24, 25, 26, 27, 28, 29, 30, 31]",0.5
C6H2O,"{'C': 6, 'O': 1, 'H': 2}",90.01056468403,neutral,0,Nomex,meta-Aramid,neutral_loss,break 1 bond(s) | -CH3 | ; | break 2 bond(s) | -CH3 | ; | break 2 bond(s) | -CH3 | ; | break 2 bond(s) | -CH3,1,0,,CH3,"[11, 12, 13, 14, 15, 16, 17, 18, 26, 27, 28, 29, 30]",0.5
C6H3NO,"{'O': 1, 'C': 6, 'N': 1, 'H': 3}",105.02146372069,neutral,0,Nomex,meta-Aramid,neutral_loss,break 1 bond(s) | -CH3 | ; | break 2 bond(s) | H shift +1 | -CH3 | ; | break 2 bond(s) | -CH3,1,0,,CH3,"[0, 1, 2, 3, 4, 5, 6, 7, 19, 20, 21, 22, 23, 24, 31]",0.5
C6H4N2O,"{'O': 1, 'C': 6, 'N': 2, 'H': 4}",120.03236275735,neutral,0,Nomex,meta-Aramid,neutral_loss,break 1 bond(s) | -CH3 | ; | break 2 bond(s) | H shift +1 | -CH3 | ; | break 2 bond(s) | -CH3,1,0,,CH3,"[0, 1, 2, 3, 4, 5, 6, 7, 8, 19, 20, 21, 22, 23, 24, 25, 31]",0.5
C6H5,"{'C': 6, 'H': 5}",77.03912516115,neutral,0,Nomex,meta-Aramid,neutral_loss,break 1 bond(s) | -CO | ; | break 2 bond(s) | -CO | ; | break 2 bond(s) | -CO | ; | break 2 bond(s) | -CO,1,0,,CO,"[11, 12, 13, 14, 15, 16, 17, 18, 26, 27, 28, 29, 30]",0.5
C6H6N,"{'C': 6, 'N': 1, 'H': 6}",92.05002419781,neutral,0,Nomex,meta-Aramid,neutral_loss,break 1 bond(s) | -CO | ; | break 2 bond(s) | H shift +1 | -CO | ; | break 2 bond(s) | -CO,1,0,,CO,"[0, 1, 2, 3, 4, 5, 6, 7, 19, 20, 21, 22, 23, 24, 31]",0.5
C6H7N2,"{'C': 6, 'N': 2, 'H': 7}",107.06092323447,neutral,0,Nomex,meta-Aramid,neutral_loss,break 1 bond(s) | -CO | ; | break 2 bond(s) | H shift +1 | -CO | ; | break 2 bond(s) | -CO,1,0,,CO,"[0, 1, 2, 3, 4, 5, 6, 7, 8, 19, 20, 21, 22, 23, 24, 25, 31]",0.5
C7H10N2O,"{'O': 1, 'C': 7, 'N': 2, 'H': 10}",138.07931295073,positive,1,Nomex,meta-Aramid,adduct,break 1 bond(s) | H shift +2 | H | ; | break 2 bond(s) | H shift +2 | H | ; | break 2 bond(s) | H shift +2 | H,1,2,H,,"[0, 1, 2, 3, 4, 5, 6, 7, 8, 19, 20, 21, 22, 23, 24, 25, 31]",0.5
C7H2O,"{'C': 7, 'O': 1, 'H': 2}",102.01056468403,negative,-1,Nomex,meta-Aramid,adduct,break 1 bond(s) | H shift -2 | -H | ; | break 2 bond(s) | H shift -2 | -H | ; | break 2 bond(s) | H shift -2 | -H,1,-2,-H,,"[11, 12, 13, 14, 15, 16, 17, 18, 26, 27, 28, 29, 30]",0.5
C7H2O2,"{'C': 7, 'O': 2, 'H': 2}",118.0054793036,neutral,0,Nomex,meta-Aramid,neutral_loss,break 1 bond(s) | -CH3 | ; | break 2 bond(s) | -CH3 | ; | break 2 bond(s) | -CH3 | ; | break 2 bond(s) | -CH3,1,0,,CH3,"[9, 10, 11, 12, 13, 14, 15, 16, 17, 18, 26, 27, 28, 29, 30]",0.5
C7H3,"{'C': 7, 'H': 3}",87.02347509669,neutral,0,Nomex,meta-Aramid,neutral_loss,break 1 bond(s) | -H2O | ; | break 2 bond(s) | H shift -2 | -CO2 | ; | break 2 bond(s) | H shift -1 | -OH,1,0,,H2O,"[11, 12, 13, 14, 15, 16, 17, 18, 26, 27, 28, 29, 30]",0.5
C7H3NO,"{'O': 1, 'C': 7, 'N': 1, 'H': 3}",117.02146372069,negative,-1,Nomex,meta-Aramid,adduct,break 1 bond(s) | H shift -2 | -H | ; | break 2 bond(s) | H shift -1 | -H | ; | break 2 bond(s) | H shift -2 | -H,1,-2,-H,,"[0, 1, 2, 3, 4, 5, 6, 7, 19, 20, 21, 22, 23, 24, 31]",0.5
C7H3NO2,"{'N': 1, 'C': 7, 'O': 2, 'H': 3}",133.01637834026,neutral,0,Nomex,meta-Aramid,neutral_loss,break 1 bond(s) | -CH3 | ; | break 2 bond(s) | -CH3 | ; | break 2 bond(s) | -CH3,1,0,,CH3,"[8, 9, 10, 11, 12, 13, 14, 15, 16, 17, 18, 25, 26, 27, 28, 29, 30]",0.5
C7H3O,"{'O': 1, 'C': 7, 'H': 3}",103.01838971626,neutral,0,Nomex,meta-Aramid,neutral_loss,break 1 bond(s) | -NH3 | ; | break 1 bond(s) | H shift -2 | -CO | ; | break 1 bond(s) | -H2,1,0,,NH3,"[0, 1, 2, 3, 4, 5, 6, 7, 19, 20, 21, 22, 23, 24, 31]",0.5
C7H3O,"{'C': 7, 'O': 1, 'H': 3}",103.01838971626,neutral,0,Nomex,meta-Aramid,h_shift,break 1 bond(s) | H shift -2 | ; | break 2 bond(s) | H shift -2 | ; | break 2 bond(s) | H shift -2 | ; | break 2 bond(s) | H shift -2,1,-2,,,"[11, 12, 13, 14, 15, 16, 17, 18, 26, 27, 28, 29, 30]",0.5
C7H4,"{'C': 7, 'H': 4}",88.03130012892,neutral,0,Nomex,meta-Aramid,neutral_loss,break 1 bond(s) | -OH | ; | break 1 bond(s) | H shift +1 | -H2O | ; | break 2 bond(s) | H shift -1 | -CO2,1,0,,OH,"[11, 12, 13, 14, 15, 16, 17, 18, 26, 27, 28, 29, 30]",0.5
C7H4N,"{'C': 7, 'N': 1, 'H': 4}",102.03437413335,neutral,0,Nomex,meta-Aramid,neutral_loss,break 1 bond(s) | -H2O | ; | break 1 bond(s) | H shift -2 | -CO2 | ; | break 2 bond(s) | H shift -2 | -CO2,1,0,,H2O,"[0, 1, 2, 3, 4, 5, 6, 7, 19, 20, 21, 22, 23, 24, 31]",0.5
C7H4N2O,"{'O': 1, 'C': 7, 'N': 2, 'H': 4}",132.03236275735,negative,-1,Nomex,meta-Aramid,adduct,break 1 bond(s) | H shift -2 | -H | ; | break 2 bond(s) | H shift -1 | -H | ; | break 2 bond(s) | H shift -2 | -H,1,-2,-H,,"[0, 1, 2, 3, 4, 5, 6, 7, 8, 19, 20, 21, 22, 23, 24, 25, 31]",0.5
C7H4N2O2,"{'O': 2, 'C': 7, 'N': 2, 'H': 4}",148.02727737692,neutral,0,Nomex,meta-Aramid,neutral_loss,break 1 bond(s) | -CH3 | ; | break 2 bond(s) | -CH3,1,0,,CH3,"[0, 1, 2, 3, 4, 5, 6, 7, 8, 9, 10, 19, 20, 21, 22, 23, 24, 25, 31]",0.5
C7H4NO,"{'O': 1, 'C': 7, 'N': 1, 'H': 4}",118.02928875292,neutral,0,Nomex,meta-Aramid,h_shift,break 1 bond(s) | H shift -2 | ; | break 2 bond(s) | H shift -1 | ; | break 2 bond(s) | H shift -2 | ; | break 2 bond(s) | H shift -2,1,-2,,,"[0, 1, 2, 3, 4, 5, 6, 7, 19, 20, 21, 22, 23, 24, 31]",0.5
C7H4NO,"{'O': 1, 'C': 7, 'N': 1, 'H': 4}",118.02928875292,neutral,0,Nomex,meta-Aramid,neutral_loss,break 1 bond(s) | -H2 | ; | break 1 bond(s) | H shift -2 | -CO | ; | break 1 bond(s) | -NH3,1,0,,H2,"[0, 1, 2, 3, 4, 5, 6, 7, 19, 20, 21, 22, 23, 24, 31]",0.5
C7H4O,"{'C': 7, 'O': 1, 'H': 4}",104.02621474849,positive,1,Nomex,meta-Aramid,adduct,break 1 bond(s) | H shift -2 | H | ; | break 2 bond(s) | H shift -2 | H | ; | break 2 bond(s) | H shift -2 | H,1,-2,H,,"[11, 12, 13, 14, 15, 16, 17, 18, 26, 27, 28, 29, 30]",0.5
C7H5,"{'C': 7, 'H': 5}",89.03912516115,neutral,0,Nomex,meta-Aramid,neutral_loss,break 1 bond(s) | -CO2 | ; | break 1 bond(s) | H shift +1 | -OH | ; | break 1 bond(s) | H shift +2 | -H2O,1,0,,CO2,"[9, 10, 11, 12, 13, 14, 15, 16, 17, 18, 26, 27, 28, 29, 30]",0.5
C7H5N,"{'C': 7, 'N': 1, 'H': 5}",103.04219916558,neutral,0,Nomex,meta-Aramid,neutral_loss,break 1 bond(s) | -OH | ; | break 1 bond(s) | H shift +1 | -H2O | ; | break 1 bond(s) | H shift -1 | -CO2,1,0,,OH,"[0, 1, 2, 3, 4, 5, 6, 7, 19, 20, 21, 22, 23, 24, 31]",0.5
C7H5N2,"{'C': 7, 'N': 2, 'H': 5}",117.04527317001,neutral,0,Nomex,meta-Aramid,neutral_loss,break 1 bond(s) | -H2O | ; | break 1 bond(s) | H shift -2 | -CO2 | ; | break 2 bond(s) | -OH,1,0,,H2O,"[0, 1, 2, 3, 4, 5, 6, 7, 8, 19, 20, 21, 22, 23, 24, 25, 31]",0.5
C7H5N2O,"{'O': 1, 'C': 7, 'N': 2, 'H': 5}",133.04018778958,neutral,0,Nomex,meta-Aramid,h_shift,break 1 bond(s) | H shift -2 | ; | break 2 bond(s) | H shift -1 | ; | break 2 bond(s) | H shift -2 | ; | break 2 bond(s) | H shift -2,1,-2,,,"[0, 1, 2, 3, 4, 5, 6, 7, 8, 19, 20, 21, 22, 23, 24, 25, 31]",0.5
C7H5N2O,"{'O': 1, 'C': 7, 'N': 2, 'H': 5}",133.04018778958,neutral,0,Nomex,meta-Aramid,neutral_loss,break 1 bond(s) | -H2 | ; | break 1 bond(s) | H shift -2 | -CO | ; | break 2 bond(s) | H shift +1 | -H2,1,0,,H2,"[0, 1, 2, 3, 4, 5, 6, 7, 8, 19, 20, 21, 22, 23, 24, 25, 31]",0.5
C7H5NO,"{'O': 1, 'C': 7, 'N': 1, 'H': 5}",119.03711378515,positive,1,Nomex,meta-Aramid,adduct,break 1 bond(s) | H shift -2 | H | ; | break 2 bond(s) | H shift -1 | H | ; | break 2 bond(s) | H shift -2 | H,1,-2,H,,"[0, 1, 2, 3, 4, 5, 6, 7, 19, 20, 21, 22, 23, 24, 31]",0.5
C7H5O,"{'C': 7, 'O': 1, 'H': 5}",105.03403978072001,neutral,0,Nomex,meta-Aramid,neutral_loss,break 1 bond(s) | -CO | ; | break 1 bond(s) | H shift +2 | -H2 | ; | break 2 bond(s) | -CO,1,0,,CO,"[9, 10, 11, 12, 13, 14, 15, 16, 17, 18, 26, 27, 28, 29, 30]",0.5
C7H6N,"{'N': 1, 'C': 7, 'H': 6}",104.05002419781,neutral,0,Nomex,meta-Aramid,neutral_loss,break 1 bond(s) | -CO2 | ; | break 2 bond(s) | -CO2 | ; | break 2 bond(s) | -CO2 | ; | break 2 bond(s) | H shift +2 | -OH,1,0,,CO2,"[8, 9, 10, 11, 12, 13, 14, 15, 16, 17, 18, 25, 26, 27, 28, 29, 30]",0.5
C7H6N2,"{'C': 7, 'N': 2, 'H': 6}",118.05309820224,neutral,0,Nomex,meta-Aramid,neutral_loss,break 1 bond(s) | -OH | ; | break 1 bond(s) | H shift +1 | -H2O | ; | break 1 bond(s) | H shift -1 | -CO2,1,0,,OH,"[0, 1, 2, 3, 4, 5, 6, 7, 8, 19, 20, 21, 22, 23, 24, 25, 31]",0.5
C7H6N2O,"{'O': 1, 'C': 7, 'N': 2, 'H': 6}",134.04801282181,positive,1,Nomex,meta-Aramid,adduct,break 1 bond(s) | H shift -2 | H | ; | break 2 bond(s) | H shift -1 | H | ; | break 2 bond(s) | H shift -2 | H,1,-2,H,,"[0, 1, 2, 3, 4, 5, 6, 7, 8, 19, 20, 21, 22, 23, 24, 25, 31]",0.5
C7H6NO,"{'N': 1, 'C': 7, 'O': 1, 'H': 6}",120.04493881738,neutral,0,Nomex,meta-Aramid,neutral_loss,break 1 bond(s) | -CO | ; | break 1 bond(s) | H shift +2 | -NH3 | ; | break 2 bond(s) | -CO,1,0,,CO,"[8, 9, 10, 11, 12, 13, 14, 15, 16, 17, 18, 25, 26, 27, 28, 29, 30]",0.5
C7H6O,"{'C': 7, 'O': 1, 'H': 6}",106.04186481295,negative,-1,Nomex,meta-Aramid,adduct,break 1 bond(s) | H shift +2 | -H | ; | break 2 bond(s) | H shift +2 | -H | ; | break 2 bond(s) | H shift +2 | -H,1,2,-H,,"[11, 12, 13, 14, 15, 16, 17, 18, 26, 27, 28, 29, 30]",0.5
C7H7N2,"{'C': 7, 'N': 2, 'H': 7}",119.06092323447,neutral,0,Nomex,meta-Aramid,neutral_loss,break 1 bond(s) | -CO2 | ; | break 2 bond(s) | H shift +2 | -OH | ; | break 2 bond(s) | H shift +1 | -OH,1,0,,CO2,"[0, 1, 2, 3, 4, 5, 6, 7, 8, 9, 10, 19, 20, 21, 22, 23, 24, 25, 31]",0.5
C7H7N2O,"{'O': 1, 'C': 7, 'N': 2, 'H': 7}",135.05583785404,neutral,0,Nomex,meta-Aramid,neutral_loss,break 1 bond(s) | -CO | ; | break 2 bond(s) | H shift +2 | -H2 | ; | break 2 bond(s) | H shift +2 | -H2,1,0,,CO,"[0, 1, 2, 3, 4, 5, 6, 7, 8, 9, 10, 19, 20, 21, 22, 23, 24, 25, 31]",0.5
C7H7NO,"{'O': 1, 'C': 7, 'N': 1, 'H': 7}",121.05276384961,negative,-1,Nomex,meta-Aramid,adduct,break 1 bond(s) | H shift +2 | -H | ; | break 2 bond(s) | H shift +2 | -H | ; | break 2 bond(s) | H shift +2 | -H,1,2,-H,,"[0, 1, 2, 3, 4, 5, 6, 7, 19, 20, 21, 22, 23, 24, 31]",0.5
C7H7O,"{'C': 7, 'O': 1, 'H': 7}",107.04968984518,neutral,0,Nomex,meta-Aramid,h_shift,break 1 bond(s) | H shift +2 | ; | break 2 bond(s) | H shift +2 | ; | break 2 bond(s) | H shift +2 | ; | break 2 bond(s) | H shift +2,1,2,,,"[11, 12, 13, 14, 15, 16, 17, 18, 26, 27, 28, 29, 30]",0.5
C7H8N2O,"{'O': 1, 'C': 7, 'N': 2, 'H': 8}",136.06366288627,negative,-1,Nomex,meta-Aramid,adduct,break 1 bond(s) | H shift +2 | -H | ; | break 2 bond(s) | H shift +2 | -H | ; | break 2 bond(s) | H shift +2 | -H,1,2,-H,,"[0, 1, 2, 3, 4, 5, 6, 7, 8, 19, 20, 21, 22, 23, 24, 25, 31]",0.5
C7H8NO,"{'O': 1, 'C': 7, 'N': 1, 'H': 8}",122.06058888184,neutral,0,Nomex,meta-Aramid,h_shift,break 1 bond(s) | H shift +2 | ; | break 2 bond(s) | H shift +2 | ; | break 2 bond(s) | H shift +2 | ; | break 2 bond(s) | H shift +2,1,2,,,"[0, 1, 2, 3, 4, 5, 6, 7, 19, 20, 21, 22, 23, 24, 31]",0.5
C7H8O,"{'C': 7, 'O': 1, 'H': 8}",108.05751487741,positive,1,Nomex,meta-Aramid,adduct,break 1 bond(s) | H shift +2 | H | ; | break 2 bond(s) | H shift +2 | H | ; | break 2 bond(s) | H shift +2 | H,1,2,H,,"[11, 12, 13, 14, 15, 16, 17, 18, 26, 27, 28, 29, 30]",0.5
C7H9N2O,"{'O': 1, 'C': 7, 'N': 2, 'H': 9}",137.0714879185,neutral,0,Nomex,meta-Aramid,h_shift,break 1 bond(s) | H shift +2 | ; | break 2 bond(s) | H shift +2 | ; | break 2 bond(s) | H shift +2,1,2,,,"[0, 1, 2, 3, 4, 5, 6, 7, 8, 19, 20, 21, 22, 23, 24, 25, 31]",0.5
C7H9NO,"{'O': 1, 'C': 7, 'N': 1, 'H': 9}",123.06841391406999,positive,1,Nomex,meta-Aramid,adduct,break 1 bond(s) | H shift +2 | H | ; | break 2 bond(s) | H shift +2 | H | ; | break 2 bond(s) | H shift +2 | H,1,2,H,,"[0, 1, 2, 3, 4, 5, 6, 7, 19, 20, 21, 22, 23, 24, 31]",0.5
C8H10N2O2,"{'O': 2, 'C': 8, 'N': 2, 'H': 10}",166.0742275703,positive,1,Nomex,meta-Aramid,adduct,break 1 bond(s) | H shift +2 | H | ; | break 2 bond(s) | H shift +2 | H,1,2,H,,"[0, 1, 2, 3, 4, 5, 6, 7, 8, 9, 10, 19, 20, 21, 22, 23, 24, 25, 31]",0.5
C8H2O2,"{'C': 8, 'O': 2, 'H': 2}",130.0054793036,negative,-1,Nomex,meta-Aramid,adduct,break 1 bond(s) | H shift -2 | -H | ; | break 2 bond(s) | H shift -2 | -H | ; | break 2 bond(s) | H shift -2 | -H,1,-2,-H,,"[9, 10, 11, 12, 13, 14, 15, 16, 17, 18, 26, 27, 28, 29, 30]",0.5
C8H3NO2,"{'N': 1, 'C': 8, 'O': 2, 'H': 3}",145.01637834026,negative,-1,Nomex,meta-Aramid,adduct,break 1 bond(s) | H shift -2 | -H | ; | break 2 bond(s) | H shift -2 | -H | ; | break 2 bond(s) | H shift -2 | -H,1,-2,-H,,"[8, 9, 10, 11, 12, 13, 14, 15, 16, 17, 18, 25, 26, 27, 28, 29, 30]",0.5
C8H3O,"{'C': 8, 'O': 1, 'H': 3}",115.01838971626,neutral,0,Nomex,meta-Aramid,neutral_loss,break 1 bond(s) | -H2O | ; | break 2 bond(s) | H shift -1 | -OH | ; | break 2 bond(s) | -H2O,1,0,,H2O,"[9, 10, 11, 12, 13, 14, 15, 16, 17, 18, 26, 27, 28, 29, 30]",0.5
C8H3O2,"{'C': 8, 'O': 2, 'H': 3}",131.01330433583001,neutral,0,Nomex,meta-Aramid,neutral_loss,break 1 bond(s) | -NH3 | ; | break 1 bond(s) | -H2 | ; | break 2 bond(s) | -NH3 | ; | break 2 bond(s) | -H2,1,0,,NH3,"[8, 9, 10, 11, 12, 13, 14, 15, 16, 17, 18, 25, 26, 27, 28, 29, 30]",0.5
C8H3O2,"{'C': 8, 'O': 2, 'H': 3}",131.01330433583001,neutral,0,Nomex,meta-Aramid,h_shift,break 1 bond(s) | H shift -2 | ; | break 2 bond(s) | H shift -2 | ; | break 2 bond(s) | H shift -2 | ; | break 2 bond(s) | H shift -2,1,-2,,,"[9, 10, 11, 12, 13, 14, 15, 16, 17, 18, 26, 27, 28, 29, 30]",0.5
C8H4N2O2,"{'O': 2, 'C': 8, 'N': 2, 'H': 4}",160.02727737692,negative,-1,Nomex,meta-Aramid,adduct,break 1 bond(s) | H shift -2 | -H | ; | break 2 bond(s) | H shift -2 | -H,1,-2,-H,,"[0, 1, 2, 3, 4, 5, 6, 7, 8, 9, 10, 19, 20, 21, 22, 23, 24, 25, 31]",0.5
C8H4NO,"{'N': 1, 'C': 8, 'O': 1, 'H': 4}",130.02928875292,neutral,0,Nomex,meta-Aramid,neutral_loss,break 1 bond(s) | -H2O | ; | break 2 bond(s) | H shift -1 | -OH | ; | break 2 bond(s) | -H2O,1,0,,H2O,"[8, 9, 10, 11, 12, 13, 14, 15, 16, 17, 18, 25, 26, 27, 28, 29, 30]",0.5
C8H4NO2,"{'N': 1, 'C': 8, 'O': 2, 'H': 4}",146.02420337249,neutral,0,Nomex,meta-Aramid,h_shift,break 1 bond(s) | H shift -2 | ; | break 2 bond(s) | H shift -2 | ; | break 2 bond(s) | H shift -2,1,-2,,,"[8, 9, 10, 11, 12, 13, 14, 15, 16, 17, 18, 25, 26, 27, 28, 29, 30]",0.5
C8H4NO2,"{'N': 1, 'C': 8, 'O': 2, 'H': 4}",146.02420337249,neutral,0,Nomex,meta-Aramid,neutral_loss,break 1 bond(s) | -H2 | ; | break 1 bond(s) | -NH3 | ; | break 2 bond(s) | -H2 | ; | break 2 bond(s) | -H2,1,0,,H2,"[8, 9, 10, 11, 12, 13, 14, 15, 16, 17, 18, 25, 26, 27, 28, 29, 30]",0.5
C8H4O,"{'C': 8, 'O': 1, 'H': 4}",116.02621474849,neutral,0,Nomex,meta-Aramid,neutral_loss,break 1 bond(s) | -OH | ; | break 1 bond(s) | H shift +1 | -H2O | ; | break 2 bond(s) | -OH,1,0,,OH,"[9, 10, 11, 12, 13, 14, 15, 16, 17, 18, 26, 27, 28, 29, 30]",0.5
C8H4O2,"{'C': 8, 'O': 2, 'H': 4}",132.02112936806,positive,1,Nomex,meta-Aramid,adduct,break 1 bond(s) | H shift -2 | H | ; | break 2 bond(s) | H shift -2 | H | ; | break 2 bond(s) | H shift -2 | H,1,-2,H,,"[9, 10, 11, 12, 13, 14, 15, 16, 17, 18, 26, 27, 28, 29, 30]",0.5
C8H5N2O,"{'O': 1, 'C': 8, 'N': 2, 'H': 5}",145.04018778958,neutral,0,Nomex,meta-Aramid,neutral_loss,break 1 bond(s) | -H2O | ; | break 2 bond(s) | H shift -1 | -OH | ; | break 2 bond(s) | -H2O,1,0,,H2O,"[0, 1, 2, 3, 4, 5, 6, 7, 8, 9, 10, 19, 20, 21, 22, 23, 24, 25, 31]",0.5
C8H5N2O2,"{'O': 2, 'C': 8, 'N': 2, 'H': 5}",161.03510240915,neutral,0,Nomex,meta-Aramid,h_shift,break 1 bond(s) | H shift -2 | ; | break 2 bond(s) | H shift -2,1,-2,,,"[0, 1, 2, 3, 4, 5, 6, 7, 8, 9, 10, 19, 20, 21, 22, 23, 24, 25, 31]",0.5
C8H5N2O2,"{'O': 2, 'C': 8, 'N': 2, 'H': 5}",161.03510240915,neutral,0,Nomex,meta-Aramid,neutral_loss,break 1 bond(s) | -H2 | ; | break 2 bond(s) | -H2,1,0,,H2,"[0, 1, 2, 3, 4, 5, 6, 7, 8, 9, 10, 19, 20, 21, 22, 23, 24, 25, 31]",0.5
C8H5NO,"{'N': 1, 'C': 8, 'O': 1, 'H': 5}",131.03711378515,neutral,0,Nomex,meta-Aramid,neutral_loss,break 1 bond(s) | -OH | ; | break 1 bond(s) | H shift +1 | -H2O | ; | break 2 bond(s) | -OH,1,0,,OH,"[8, 9, 10, 11, 12, 13, 14, 15, 16, 17, 18, 25, 26, 27, 28, 29, 30]",0.5
C8H5NO2,"{'N': 1, 'C': 8, 'O': 2, 'H': 5}",147.03202840472,positive,1,Nomex,meta-Aramid,adduct,break 1 bond(s) | H shift -2 | H | ; | break 2 bond(s) | H shift -2 | H | ; | break 2 bond(s) | H shift -2 | H,1,-2,H,,"[8, 9, 10, 11, 12, 13, 14, 15, 16, 17, 18, 25, 26, 27, 28, 29, 30]",0.5
C8H6N2O,"{'O': 1, 'C': 8, 'N': 2, 'H': 6}",146.04801282181,neutral,0,Nomex,meta-Aramid,neutral_loss,break 1 bond(s) | -OH | ; | break 1 bond(s) | H shift +1 | -H2O | ; | break 2 bond(s) | -OH,1,0,,OH,"[0, 1, 2, 3, 4, 5, 6, 7, 8, 9, 10, 19, 20, 21, 22, 23, 24, 25, 31]",0.5
C8H6N2O2,"{'O': 2, 'C': 8, 'N': 2, 'H': 6}",162.04292744138,positive,1,Nomex,meta-Aramid,adduct,break 1 bond(s) | H shift -2 | H | ; | break 2 bond(s) | H shift -2 | H,1,-2,H,,"[0, 1, 2, 3, 4, 5, 6, 7, 8, 9, 10, 19, 20, 21, 22, 23, 24, 25, 31]",0.5
C8H6O2,"{'C': 8, 'O': 2, 'H': 6}",134.03677943252,negative,-1,Nomex,meta-Aramid,adduct,break 1 bond(s) | H shift +2 | -H | ; | break 2 bond(s) | H shift +2 | -H | ; | break 2 bond(s) | H shift +2 | -H,1,2,-H,,"[9, 10, 11, 12, 13, 14, 15, 16, 17, 18, 26, 27, 28, 29, 30]",0.5
C8H7NO2,"{'N': 1, 'C': 8, 'O': 2, 'H': 7}",149.04767846918,negative,-1,Nomex,meta-Aramid,adduct,break 1 bond(s) | H shift +2 | -H | ; | break 2 bond(s) | H shift +2 | -H | ; | break 2 bond(s) | H shift +2 | -H,1,2,-H,,"[8, 9, 10, 11, 12, 13, 14, 15, 16, 17, 18, 25, 26, 27, 28, 29, 30]",0.5
C8H7O2,"{'C': 8, 'O': 2, 'H': 7}",135.04460446475,neutral,0,Nomex,meta-Aramid,h_shift,break 1 bond(s) | H shift +2 | ; | break 2 bond(s) | H shift +2 | ; | break 2 bond(s) | H shift +2 | ; | break 2 bond(s) | H shift +2,1,2,,,"[9, 10, 11, 12, 13, 14, 15, 16, 17, 18, 26, 27, 28, 29, 30]",0.5
C8H8N2O2,"{'O': 2, 'C': 8, 'N': 2, 'H': 8}",164.05857750584,negative,-1,Nomex,meta-Aramid,adduct,break 1 bond(s) | H shift +2 | -H | ; | break 2 bond(s) | H shift +2 | -H,1,2,-H,,"[0, 1, 2, 3, 4, 5, 6, 7, 8, 9, 10, 19, 20, 21, 22, 23, 24, 25, 31]",0.5
C8H8NO2,"{'N': 1, 'C': 8, 'O': 2, 'H': 8}",150.05550350141,neutral,0,Nomex,meta-Aramid,h_shift,break 1 bond(s) | H shift +2 | ; | break 2 bond(s) | H shift +2 | ; | break 2 bond(s) | H shift +2,1,2,,,"[8, 9, 10, 11, 12, 13, 14, 15, 16, 17, 18, 25, 26, 27, 28, 29, 30]",0.5
C8H8O2,"{'C': 8, 'O': 2, 'H': 8}",136.05242949698,positive,1,Nomex,meta-Aramid,adduct,break 1 bond(s) | H shift +2 | H | ; | break 2 bond(s) | H shift +2 | H | ; | break 2 bond(s) | H shift +2 | H,1,2,H,,"[9, 10, 11, 12, 13, 14, 15, 16, 17, 18, 26, 27, 28, 29, 30]",0.5
C8H9N2O2,"{'O': 2, 'C': 8, 'N': 2, 'H': 9}",165.06640253807,neutral,0,Nomex,meta-Aramid,h_shift,break 1 bond(s) | H shift +2 | ; | break 2 bond(s) | H shift +2,1,2,,,"[0, 1, 2, 3, 4, 5, 6, 7, 8, 9, 10, 19, 20, 21, 22, 23, 24, 25, 31]",0.5
C8H9NO2,"{'N': 1, 'C': 8, 'O': 2, 'H': 9}",151.06332853364,positive,1,Nomex,meta-Aramid,adduct,break 1 bond(s) | H shift +2 | H | ; | break 2 bond(s) | H shift +2 | H | ; | break 2 bond(s) | H shift +2 | H,1,2,H,,"[8, 9, 10, 11, 12, 13, 14, 15, 16, 17, 18, 25, 26, 27, 28, 29, 30]",0.5
CH2O,"{'O': 1, 'C': 1, 'H': 2}",30.01056468403,negative,-1,Nomex,meta-Aramid,adduct,break 1 bond(s) | H shift +2 | -H | ; | break 1 bond(s) | H shift +2 | -H | ; | break 2 bond(s) | H shift +2 | -H,1,2,-H,,"[0, 1, 20]",0.5
CH3NO,"{'O': 1, 'C': 1, 'N': 1, 'H': 3}",45.02146372069,negative,-1,Nomex,meta-Aramid,adduct,break 1 bond(s) | H shift +2 | -H | ; | break 2 bond(s) | H shift +2 | -H | ; | break 2 bond(s) | H shift +2 | -H,1,2,-H,,"[0, 1, 2, 20, 21]",0.5
CH3O,"{'O': 1, 'C': 1, 'H': 3}",31.01838971626,neutral,0,Nomex,meta-Aramid,h_shift,break 1 bond(s) | H shift +2 | ; | break 1 bond(s) | H shift +2 | ; | break 2 bond(s) | H shift +2 | ; | break 2 bond(s) | H shift +2,1,2,,,"[0, 1, 20]",0.5
CH4NO,"{'O': 1, 'C': 1, 'N': 1, 'H': 4}",46.029288752919996,neutral,0,Nomex,meta-Aramid,h_shift,break 1 bond(s) | H shift +2 | ; | break 2 bond(s) | H shift +2 | ; | break 2 bond(s) | H shift +2 | ; | break 2 bond(s) | H shift +2,1,2,,,"[0, 1, 2, 20, 21]",0.5
CH4O,"{'O': 1, 'C': 1, 'H': 4}",32.02621474849,positive,1,Nomex,meta-Aramid,adduct,break 1 bond(s) | H shift +2 | H | ; | break 1 bond(s) | H shift +2 | H | ; | break 2 bond(s) | H shift +2 | H,1,2,H,,"[0, 1, 20]",0.5
CH5NO,"{'O': 1, 'C': 1, 'N': 1, 'H': 5}",47.03711378515,positive,1,Nomex,meta-Aramid,adduct,break 1 bond(s) | H shift +2 | H | ; | break 2 bond(s) | H shift +2 | H | ; | break 2 bond(s) | H shift +2 | H,1,2,H,,"[0, 1, 2, 20, 21]",0.5
CHN,"{'C': 1, 'N': 1, 'H': 1}",27.01089903666,neutral,0,Nomex,meta-Aramid,neutral_loss,break 1 bond(s) | -OH | ; | break 1 bond(s) | H shift +1 | -H2O | ; | break 2 bond(s) | -OH,1,0,,OH,"[0, 1, 2, 20, 21]",0.5
CHNO,"{'O': 1, 'C': 1, 'N': 1, 'H': 1}",43.005813656229996,positive,1,Nomex,meta-Aramid,adduct,break 1 bond(s) | H shift -2 | H | ; | break 2 bond(s) | H shift -2 | H | ; | break 2 bond(s) | H shift -2 | H,1,-2,H,,"[0, 1, 2, 20, 21]",0.5
CN,"{'C': 1, 'N': 1}",26.003074004429998,neutral,0,Nomex,meta-Aramid,neutral_loss,break 1 bond(s) | -H2O | ; | break 2 bond(s) | H shift -1 | -OH | ; | break 2 bond(s) | -H2O,1,0,,H2O,"[0, 1, 2, 20, 21]",0.5
CNO,"{'O': 1, 'C': 1, 'N': 1}",41.997988624,neutral,0,Nomex,meta-Aramid,h_shift,break 1 bond(s) | H shift -2 | ; | break 2 bond(s) | H shift -2 | ; | break 2 bond(s) | H shift -2 | ; | break 2 bond(s) | H shift -2,1,-2,,,"[0, 1, 2, 20, 21]",0.5
CNO,"{'O': 1, 'C': 1, 'N': 1}",41.997988624,neutral,0,Nomex,meta-Aramid,neutral_loss,break 1 bond(s) | -H2 | ; | break 2 bond(s) | -H2 | ; | break 2 bond(s) | -H2 | ; | break 2 bond(s) | -H2,1,0,,H2,"[0, 1, 2, 20, 21]",0.5
H,{'H': 1},1.00782503223,neutral,0,Nomex,meta-Aramid,neutral_loss,break 1 bond(s) | -CO | ; | break 1 bond(s) | -CO | ; | break 2 bond(s) | -CO | ; | break 2 bond(s) | -CO,1,0,,CO,"[0, 1, 20]",0.5
H2N,"{'N': 1, 'H': 2}",16.01872406889,neutral,0,Nomex,meta-Aramid,neutral_loss,break 1 bond(s) | -CO | ; | break 2 bond(s) | -CO | ; | break 2 bond(s) | -CO | ; | break 2 bond(s) | -CO,1,0,,CO,"[0, 1, 2, 20, 21]",0.5
C14H10ClNO2,"{'C': 14, 'N': 1, 'O': 2, 'H': 10, 'Cl': 1}",259.04000624787,negative,-1,Nomex,meta-Aramid,adduct,break 1 bond(s) | Cl | ; | break 2 bond(s) | Cl,1,0,Cl,,"[3, 4, 5, 6, 7, 8, 9, 10, 11, 12, 13, 14, 15, 16, 17, 18, 19, 22, 23, 24, 25, 26, 27, 28, 29, 30, 31]",0.48
C14H10KNO2,"{'C': 14, 'N': 1, 'O': 2, 'H': 10, 'K': 1}",263.03486005227,positive,1,Nomex,meta-Aramid,adduct,break 1 bond(s) | K | ; | break 2 bond(s) | K,1,0,K,,"[3, 4, 5, 6, 7, 8, 9, 10, 11, 12, 13, 14, 15, 16, 17, 18, 19, 22, 23, 24, 25, 26, 27, 28, 29, 30, 31]",0.48
C14H10NNaO2,"{'C': 14, 'N': 1, 'O': 2, 'H': 10, 'Na': 1}",247.06092284787,positive,1,Nomex,meta-Aramid,adduct,break 1 bond(s) | Na | ; | break 2 bond(s) | Na,1,0,Na,,"[3, 4, 5, 6, 7, 8, 9, 10, 11, 12, 13, 14, 15, 16, 17, 18, 19, 22, 23, 24, 25, 26, 27, 28, 29, 30, 31]",0.48
C14H10NO3,"{'C': 14, 'N': 1, 'O': 3, 'H': 10}",240.06606818544,negative,-1,Nomex,meta-Aramid,adduct,break 1 bond(s) | O | ; | break 2 bond(s) | H shift -1 | OH | ; | break 2 bond(s) | O,1,0,O,,"[3, 4, 5, 6, 7, 8, 9, 10, 11, 12, 13, 14, 15, 16, 17, 18, 19, 22, 23, 24, 25, 26, 27, 28, 29, 30, 31]",0.48
C14H11NO3,"{'C': 14, 'N': 1, 'O': 3, 'H': 11}",241.07389321767,negative,-1,Nomex,meta-Aramid,adduct,break 1 bond(s) | OH | ; | break 1 bond(s) | H shift +1 | O | ; | break 2 bond(s) | OH,1,0,OH,,"[3, 4, 5, 6, 7, 8, 9, 10, 11, 12, 13, 14, 15, 16, 17, 18, 19, 22, 23, 24, 25, 26, 27, 28, 29, 30, 31]",0.48
C7H5ClO,"{'C': 7, 'O': 1, 'H': 5, 'Cl': 1}",140.00289246272,negative,-1,Nomex,meta-Aramid,adduct,break 1 bond(s) | Cl | ; | break 2 bond(s) | Cl | ; | break 2 bond(s) | Cl | ; | break 2 bond(s) | Cl,1,0,Cl,,"[11, 12, 13, 14, 15, 16, 17, 18, 26, 27, 28, 29, 30]",0.48
C7H5KO,"{'C': 7, 'O': 1, 'H': 5, 'K': 1}",143.99774626712,positive,1,Nomex,meta-Aramid,adduct,break 1 bond(s) | K | ; | break 2 bond(s) | K | ; | break 2 bond(s) | K | ; | break 2 bond(s) | K,1,0,K,,"[11, 12, 13, 14, 15, 16, 17, 18, 26, 27, 28, 29, 30]",0.48
C7H5NaO,"{'C': 7, 'O': 1, 'H': 5, 'Na': 1}",128.02380906272,positive,1,Nomex,meta-Aramid,adduct,break 1 bond(s) | Na | ; | break 2 bond(s) | Na | ; | break 2 bond(s) | Na | ; | break 2 bond(s) | Na,1,0,Na,,"[11, 12, 13, 14, 15, 16, 17, 18, 26, 27, 28, 29, 30]",0.48
C7H5O2,"{'C': 7, 'O': 2, 'H': 5}",121.02895440029,negative,-1,Nomex,meta-Aramid,adduct,break 1 bond(s) | O | ; | break 2 bond(s) | H shift -1 | OH | ; | break 2 bond(s) | O,1,0,O,,"[11, 12, 13, 14, 15, 16, 17, 18, 26, 27, 28, 29, 30]",0.48
C7H6ClNO,"{'O': 1, 'C': 7, 'N': 1, 'H': 6, 'Cl': 1}",155.01379149938,negative,-1,Nomex,meta-Aramid,adduct,break 1 bond(s) | Cl | ; | break 2 bond(s) | H shift +1 | Cl | ; | break 2 bond(s) | Cl,1,0,Cl,,"[0, 1, 2, 3, 4, 5, 6, 7, 19, 20, 21, 22, 23, 24, 31]",0.48
C7H6KNO,"{'O': 1, 'C': 7, 'N': 1, 'H': 6, 'K': 1}",159.00864530377999,positive,1,Nomex,meta-Aramid,adduct,break 1 bond(s) | K | ; | break 2 bond(s) | H shift +1 | K | ; | break 2 bond(s) | K,1,0,K,,"[0, 1, 2, 3, 4, 5, 6, 7, 19, 20, 21, 22, 23, 24, 31]",0.48
C7H6NNaO,"{'O': 1, 'C': 7, 'N': 1, 'H': 6, 'Na': 1}",143.03470809938,positive,1,Nomex,meta-Aramid,adduct,break 1 bond(s) | Na | ; | break 2 bond(s) | H shift +1 | Na | ; | break 2 bond(s) | Na,1,0,Na,,"[0, 1, 2, 3, 4, 5, 6, 7, 19, 20, 21, 22, 23, 24, 31]",0.48
C7H6NO2,"{'O': 2, 'C': 7, 'N': 1, 'H': 6}",136.03985343695,negative,-1,Nomex,meta-Aramid,adduct,break 1 bond(s) | O | ; | break 2 bond(s) | OH | ; | break 2 bond(s) | H shift +1 | O,1,0,O,,"[0, 1, 2, 3, 4, 5, 6, 7, 19, 20, 21, 22, 23, 24, 31]",0.48
C7H6O2,"{'C': 7, 'O': 2, 'H': 6}",122.03677943252,negative,-1,Nomex,meta-Aramid,adduct,break 1 bond(s) | OH | ; | break 1 bond(s) | H shift +1 | O | ; | break 2 bond(s) | OH,1,0,OH,,"[11, 12, 13, 14, 15, 16, 17, 18, 26, 27, 28, 29, 30]",0.48
C7H7ClN2O,"{'O': 1, 'C': 7, 'N': 2, 'H': 7, 'Cl': 1}",170.02469053604,negative,-1,Nomex,meta-Aramid,adduct,break 1 bond(s) | Cl | ; | break 2 bond(s) | H shift +1 | Cl | ; | break 2 bond(s) | Cl,1,0,Cl,,"[0, 1, 2, 3, 4, 5, 6, 7, 8, 19, 20, 21, 22, 23, 24, 25, 31]",0.48
C7H7KN2O,"{'O': 1, 'C': 7, 'N': 2, 'H': 7, 'K': 1}",174.01954434044,positive,1,Nomex,meta-Aramid,adduct,break 1 bond(s) | K | ; | break 2 bond(s) | H shift +1 | K | ; | break 2 bond(s) | K,1,0,K,,"[0, 1, 2, 3, 4, 5, 6, 7, 8, 19, 20, 21, 22, 23, 24, 25, 31]",0.48
C7H7N2NaO,"{'O': 1, 'C': 7, 'N': 2, 'H': 7, 'Na': 1}",158.04560713604,positive,1,Nomex,meta-Aramid,adduct,break 1 bond(s) | Na | ; | break 2 bond(s) | H shift +1 | Na | ; | break 2 bond(s) | Na,1,0,Na,,"[0, 1, 2, 3, 4, 5, 6, 7, 8, 19, 20, 21, 22, 23, 24, 25, 31]",0.48
C7H7N2O2,"{'O': 2, 'C': 7, 'N': 2, 'H': 7}",151.05075247361,negative,-1,Nomex,meta-Aramid,adduct,break 1 bond(s) | O | ; | break 2 bond(s) | OH | ; | break 2 bond(s) | H shift +1 | O,1,0,O,,"[0, 1, 2, 3, 4, 5, 6, 7, 8, 19, 20, 21, 22, 23, 24, 25, 31]",0.48
C7H7NO2,"{'O': 2, 'C': 7, 'N': 1, 'H': 7}",137.04767846918,negative,-1,Nomex,meta-Aramid,adduct,break 1 bond(s) | OH | ; | break 1 bond(s) | H shift +1 | O | ; | break 2 bond(s) | H shift +1 | OH,1,0,OH,,"[0, 1, 2, 3, 4, 5, 6, 7, 19, 20, 21, 22, 23, 24, 31]",0.48
C7H8N2O2,"{'O': 2, 'C': 7, 'N': 2, 'H': 8}",152.05857750584,negative,-1,Nomex,meta-Aramid,adduct,break 1 bond(s) | OH | ; | break 1 bond(s) | H shift +1 | O | ; | break 2 bond(s) | H shift +1 | OH,1,0,OH,,"[0, 1, 2, 3, 4, 5, 6, 7, 8, 19, 20, 21, 22, 23, 24, 25, 31]",0.48
C8H5ClO2,"{'C': 8, 'O': 2, 'H': 5, 'Cl': 1}",167.99780708229,negative,-1,Nomex,meta-Aramid,adduct,break 1 bond(s) | Cl | ; | break 2 bond(s) | Cl | ; | break 2 bond(s) | Cl | ; | break 2 bond(s) | Cl,1,0,Cl,,"[9, 10, 11, 12, 13, 14, 15, 16, 17, 18, 26, 27, 28, 29, 30]",0.48
C8H5KO2,"{'C': 8, 'O': 2, 'H': 5, 'K': 1}",171.99266088669,positive,1,Nomex,meta-Aramid,adduct,break 1 bond(s) | K | ; | break 2 bond(s) | K | ; | break 2 bond(s) | K | ; | break 2 bond(s) | K,1,0,K,,"[9, 10, 11, 12, 13, 14, 15, 16, 17, 18, 26, 27, 28, 29, 30]",0.48
C8H5NaO2,"{'C': 8, 'O': 2, 'H': 5, 'Na': 1}",156.01872368229,positive,1,Nomex,meta-Aramid,adduct,break 1 bond(s) | Na | ; | break 2 bond(s) | Na | ; | break 2 bond(s) | Na | ; | break 2 bond(s) | Na,1,0,Na,,"[9, 10, 11, 12, 13, 14, 15, 16, 17, 18, 26, 27, 28, 29, 30]",0.48
C8H5O3,"{'C': 8, 'O': 3, 'H': 5}",149.02386901986,negative,-1,Nomex,meta-Aramid,adduct,break 1 bond(s) | O | ; | break 2 bond(s) | H shift -1 | OH | ; | break 2 bond(s) | O,1,0,O,,"[9, 10, 11, 12, 13, 14, 15, 16, 17, 18, 26, 27, 28, 29, 30]",0.48
C8H6ClNO2,"{'N': 1, 'C': 8, 'O': 2, 'H': 6, 'Cl': 1}",183.00870611895,negative,-1,Nomex,meta-Aramid,adduct,break 1 bond(s) | Cl | ; | break 2 bond(s) | Cl | ; | break 2 bond(s) | Cl,1,0,Cl,,"[8, 9, 10, 11, 12, 13, 14, 15, 16, 17, 18, 25, 26, 27, 28, 29, 30]",0.48
C8H6KNO2,"{'N': 1, 'C': 8, 'O': 2, 'H': 6, 'K': 1}",187.00355992335,positive,1,Nomex,meta-Aramid,adduct,break 1 bond(s) | K | ; | break 2 bond(s) | K | ; | break 2 bond(s) | K,1,0,K,,"[8, 9, 10, 11, 12, 13, 14, 15, 16, 17, 18, 25, 26, 27, 28, 29, 30]",0.48
C8H6NNaO2,"{'N': 1, 'C': 8, 'O': 2, 'H': 6, 'Na': 1}",171.02962271895,positive,1,Nomex,meta-Aramid,adduct,break 1 bond(s) | Na | ; | break 2 bond(s) | Na | ; | break 2 bond(s) | Na,1,0,Na,,"[8, 9, 10, 11, 12, 13, 14, 15, 16, 17, 18, 25, 26, 27, 28, 29, 30]",0.48
C8H6NO3,"{'N': 1, 'C': 8, 'O': 3, 'H': 6}",164.03476805652,negative,-1,Nomex,meta-Aramid,adduct,break 1 bond(s) | O | ; | break 2 bond(s) | H shift -1 | OH | ; | break 2 bond(s) | O,1,0,O,,"[8, 9, 10, 11, 12, 13, 14, 15, 16, 17, 18, 25, 26, 27, 28, 29, 30]",0.48
C8H6O3,"{'C': 8, 'O': 3, 'H': 6}",150.03169405209002,negative,-1,Nomex,meta-Aramid,adduct,break 1 bond(s) | OH | ; | break 1 bond(s) | H shift +1 | O | ; | break 2 bond(s) | OH,1,0,OH,,"[9, 10, 11, 12, 13, 14, 15, 16, 17, 18, 26, 27, 28, 29, 30]",0.48
C8H7ClN2O2,"{'O': 2, 'C': 8, 'N': 2, 'H': 7, 'Cl': 1}",198.01960515561,negative,-1,Nomex,meta-Aramid,adduct,break 1 bond(s) | Cl | ; | break 2 bond(s) | Cl,1,0,Cl,,"[0, 1, 2, 3, 4, 5, 6, 7, 8, 9, 10, 19, 20, 21, 22, 23, 24, 25, 31]",0.48
C8H7KN2O2,"{'O': 2, 'C': 8, 'N': 2, 'H': 7, 'K': 1}",202.01445896001,positive,1,Nomex,meta-Aramid,adduct,break 1 bond(s) | K | ; | break 2 bond(s) | K,1,0,K,,"[0, 1, 2, 3, 4, 5, 6, 7, 8, 9, 10, 19, 20, 21, 22, 23, 24, 25, 31]",0.48
C8H7N2NaO2,"{'O': 2, 'C': 8, 'N': 2, 'H': 7, 'Na': 1}",186.04052175561,positive,1,Nomex,meta-Aramid,adduct,break 1 bond(s) | Na | ; | break 2 bond(s) | Na,1,0,Na,,"[0, 1, 2, 3, 4, 5, 6, 7, 8, 9, 10, 19, 20, 21, 22, 23, 24, 25, 31]",0.48
C8H7N2O3,"{'O': 3, 'C': 8, 'N': 2, 'H': 7}",179.04566709318001,negative,-1,Nomex,meta-Aramid,adduct,break 1 bond(s) | O | ; | break 2 bond(s) | H shift -1 | OH | ; | break 2 bond(s) | O,1,0,O,,"[0, 1, 2, 3, 4, 5, 6, 7, 8, 9, 10, 19, 20, 21, 22, 23, 24, 25, 31]",0.48
C8H7NO3,"{'N': 1, 'C': 8, 'O': 3, 'H': 7}",165.04259308875,negative,-1,Nomex,meta-Aramid,adduct,break 1 bond(s) | OH | ; | break 1 bond(s) | H shift +1 | O | ; | break 2 bond(s) | OH,1,0,OH,,"[8, 9, 10, 11, 12, 13, 14, 15, 16, 17, 18, 25, 26, 27, 28, 29, 30]",0.48
C8H8N2O3,"{'O': 3, 'C': 8, 'N': 2, 'H': 8}",180.05349212541,negative,-1,Nomex,meta-Aramid,adduct,break 1 bond(s) | OH | ; | break 1 bond(s) | H shift +1 | O | ; | break 2 bond(s) | OH,1,0,OH,,"[0, 1, 2, 3, 4, 5, 6, 7, 8, 9, 10, 19, 20, 21, 22, 23, 24, 25, 31]",0.48
CH2ClNO,"{'O': 1, 'C': 1, 'N': 1, 'H': 2, 'Cl': 1}",78.98249137046,negative,-1,Nomex,meta-Aramid,adduct,break 1 bond(s) | Cl | ; | break 2 bond(s) | Cl | ; | break 2 bond(s) | Cl | ; | break 2 bond(s) | Cl,1,0,Cl,,"[0, 1, 2, 20, 21]",0.48
CH2KNO,"{'O': 1, 'C': 1, 'N': 1, 'H': 2, 'K': 1}",82.97734517486,positive,1,Nomex,meta-Aramid,adduct,break 1 bond(s) | K | ; | break 2 bond(s) | K | ; | break 2 bond(s) | K | ; | break 2 bond(s) | K,1,0,K,,"[0, 1, 2, 20, 21]",0.48
CH2NNaO,"{'O': 1, 'C': 1, 'N': 1, 'H': 2, 'Na': 1}",67.00340797046,positive,1,Nomex,meta-Aramid,adduct,break 1 bond(s) | Na | ; | break 2 bond(s) | Na | ; | break 2 bond(s) | Na | ; | break 2 bond(s) | Na,1,0,Na,,"[0, 1, 2, 20, 21]",0.48
CH2NO2,"{'O': 2, 'C': 1, 'N': 1, 'H': 2}",60.00855330803,negative,-1,Nomex,meta-Aramid,adduct,break 1 bond(s) | O | ; | break 2 bond(s) | H shift -1 | OH | ; | break 2 bond(s) | O,1,0,O,,"[0, 1, 2, 20, 21]",0.48
CH2O2,"{'O': 2, 'C': 1, 'H': 2}",46.0054793036,negative,-1,Nomex,meta-Aramid,adduct,break 1 bond(s) | OH | ; | break 1 bond(s) | H shift +1 | O | ; | break 1 bond(s) | OH,1,0,OH,,"[0, 1, 20]",0.48
CH3NO2,"{'O': 2, 'C': 1, 'N': 1, 'H': 3}",61.01637834026,negative,-1,Nomex,meta-Aramid,adduct,break 1 bond(s) | OH | ; | break 1 bond(s) | H shift +1 | O | ; | break 2 bond(s) | OH,1,0,OH,,"[0, 1, 2, 20, 21]",0.48
CHClO,"{'O': 1, 'C': 1, 'H': 1, 'Cl': 1}",63.9715923338,negative,-1,Nomex,meta-Aramid,adduct,break 1 bond(s) | Cl | ; | break 1 bond(s) | Cl | ; | break 2 bond(s) | Cl | ; | break 2 bond(s) | Cl,1,0,Cl,,"[0, 1, 20]",0.48
CHKO,"{'O': 1, 'C': 1, 'H': 1, 'K': 1}",67.9664461382,positive,1,Nomex,meta-Aramid,adduct,break 1 bond(s) | K | ; | break 1 bond(s) | K | ; | break 2 bond(s) | K | ; | break 2 bond(s) | K,1,0,K,,"[0, 1, 20]",0.48
CHNaO,"{'O': 1, 'C': 1, 'H': 1, 'Na': 1}",51.9925089338,positive,1,Nomex,meta-Aramid,adduct,break 1 bond(s) | Na | ; | break 1 bond(s) | Na | ; | break 2 bond(s) | Na | ; | break 2 bond(s) | Na,1,0,Na,,"[0, 1, 20]",0.48
CHO2,"{'O': 2, 'C': 1, 'H': 1}",44.99765427137,negative,-1,Nomex,meta-Aramid,adduct,break 1 bond(s) | O | ; | break 1 bond(s) | H shift -1 | OH | ; | break 1 bond(s) | O,1,0,O,,"[0, 1, 20]",0.48
C13H10N2O,"{'N': 2, 'C': 13, 'O': 1, 'H': 10}",210.07931295073,neutral,0,Nomex,meta-Aramid,fragment,break 2 bond(s),2,0,,,"[2, 3, 4, 5, 6, 7, 8, 9, 10, 11, 12, 13, 14, 15, 18, 19, 21, 22, 23, 24, 25, 26, 27, 28, 30, 31]",0.45
C13H10NO,"{'C': 13, 'N': 1, 'O': 1, 'H': 10}",196.0762389463,positive,1,Nomex,meta-Aramid,adduct,break 2 bond(s) | H,2,0,H,,"[3, 4, 5, 6, 7, 8, 9, 10, 11, 12, 13, 14, 15, 18, 19, 22, 23, 24, 25, 26, 27, 28, 30, 31]",0.45
C13H11N2O,"{'N': 2, 'C': 13, 'O': 1, 'H': 11}",211.08713798296,positive,1,Nomex,meta-Aramid,adduct,break 2 bond(s) | H,2,0,H,,"[2, 3, 4, 5, 6, 7, 8, 9, 10, 11, 12, 13, 14, 15, 18, 19, 21, 22, 23, 24, 25, 26, 27, 28, 30, 31]",0.45
C13H8NO,"{'C': 13, 'N': 1, 'O': 1, 'H': 8}",194.06058888184,negative,-1,Nomex,meta-Aramid,adduct,break 2 bond(s) | -H,2,0,-H,,"[3, 4, 5, 6, 7, 8, 9, 10, 11, 12, 13, 14, 15, 18, 19, 22, 23, 24, 25, 26, 27, 28, 30, 31]",0.45
C13H9N2O,"{'N': 2, 'C': 13, 'O': 1, 'H': 9}",209.0714879185,negative,-1,Nomex,meta-Aramid,adduct,break 2 bond(s) | -H,2,0,-H,,"[2, 3, 4, 5, 6, 7, 8, 9, 10, 11, 12, 13, 14, 15, 18, 19, 21, 22, 23, 24, 25, 26, 27, 28, 30, 31]",0.45
C13H9NO,"{'C': 13, 'N': 1, 'O': 1, 'H': 9}",195.06841391407,neutral,0,Nomex,meta-Aramid,fragment,break 2 bond(s),2,0,,,"[3, 4, 5, 6, 7, 8, 9, 10, 11, 12, 13, 14, 15, 18, 19, 22, 23, 24, 25, 26, 27, 28, 30, 31]",0.45
C6H3,"{'C': 6, 'H': 3}",75.02347509669,negative,-1,Nomex,meta-Aramid,adduct,break 2 bond(s) | -H | ; | break 2 bond(s) | -H,2,0,-H,,"[3, 4, 5, 6, 7, 19, 22, 23, 24, 31]",0.45
C6H4,"{'C': 6, 'H': 4}",76.03130012892,neutral,0,Nomex,meta-Aramid,fragment,break 2 bond(s) | ; | break 2 bond(s),2,0,,,"[3, 4, 5, 6, 7, 19, 22, 23, 24, 31]",0.45
C6H4N,"{'N': 1, 'C': 6, 'H': 4}",90.03437413335,negative,-1,Nomex,meta-Aramid,adduct,break 2 bond(s) | -H | ; | break 2 bond(s) | -H,2,0,-H,,"[2, 3, 4, 5, 6, 7, 19, 21, 22, 23, 24, 31]",0.45
C6H5,"{'C': 6, 'H': 5}",77.03912516115,positive,1,Nomex,meta-Aramid,adduct,break 2 bond(s) | H | ; | break 2 bond(s) | H,2,0,H,,"[3, 4, 5, 6, 7, 19, 22, 23, 24, 31]",0.45
C6H5N,"{'N': 1, 'C': 6, 'H': 5}",91.04219916558,neutral,0,Nomex,meta-Aramid,fragment,break 2 bond(s) | ; | break 2 bond(s),2,0,,,"[2, 3, 4, 5, 6, 7, 19, 21, 22, 23, 24, 31]",0.45
C6H5N2,"{'N': 2, 'C': 6, 'H': 5}",105.04527317001,negative,-1,Nomex,meta-Aramid,adduct,break 2 bond(s) | -H,2,0,-H,,"[2, 3, 4, 5, 6, 7, 8, 19, 21, 22, 23, 24, 25, 31]",0.45
C6H6N,"{'N': 1, 'C': 6, 'H': 6}",92.05002419781,positive,1,Nomex,meta-Aramid,adduct,break 2 bond(s) | H | ; | break 2 bond(s) | H,2,0,H,,"[2, 3, 4, 5, 6, 7, 19, 21, 22, 23, 24, 31]",0.45
C6H6N2,"{'N': 2, 'C': 6, 'H': 6}",106.05309820224,neutral,0,Nomex,meta-Aramid,fragment,break 2 bond(s),2,0,,,"[2, 3, 4, 5, 6, 7, 8, 19, 21, 22, 23, 24, 25, 31]",0.45
C6H7N2,"{'N': 2, 'C': 6, 'H': 7}",107.06092323447,positive,1,Nomex,meta-Aramid,adduct,break 2 bond(s) | H,2,0,H,,"[2, 3, 4, 5, 6, 7, 8, 19, 21, 22, 23, 24, 25, 31]",0.45
C7H4O,"{'C': 7, 'O': 1, 'H': 4}",104.02621474849,neutral,0,Nomex,meta-Aramid,fragment,break 2 bond(s),2,0,,,"[9, 10, 11, 12, 13, 14, 15, 18, 26, 27, 28, 30]",0.45
C7H5NO,"{'C': 7, 'N': 1, 'O': 1, 'H': 5}",119.03711378515,neutral,0,Nomex,meta-Aramid,fragment,break 2 bond(s) | ; | break 2 bond(s),2,0,,,"[3, 4, 5, 6, 7, 8, 9, 10, 19, 22, 23, 24, 25, 31]",0.45
C7H6N2O,"{'N': 2, 'C': 7, 'O': 1, 'H': 6}",134.04801282181,neutral,0,Nomex,meta-Aramid,fragment,break 2 bond(s),2,0,,,"[2, 3, 4, 5, 6, 7, 8, 9, 10, 19, 21, 22, 23, 24, 25, 31]",0.45
CHNO,"{'N': 1, 'C': 1, 'O': 1, 'H': 1}",43.005813656229996,neutral,0,Nomex,meta-Aramid,fragment,break 2 bond(s),2,0,,,"[8, 9, 10, 25]",0.45
CO,"{'C': 1, 'O': 1}",27.99491461957,neutral,0,Nomex,meta-Aramid,fragment,break 2 bond(s),2,0,,,"[9, 10]",0.45
C13H11N,"{'C': 13, 'N': 1, 'H': 11}",181.08914935896,neutral,0,Nomex,meta-Aramid,neutral_loss,break 1 bond(s) | H shift +1 | -CO2 | ; | break 2 bond(s) | H shift +1 | -CO2,1,1,,CO2,"[3, 4, 5, 6, 7, 8, 9, 10, 11, 12, 13, 14, 15, 16, 17, 18, 19, 22, 23, 24, 25, 26, 27, 28, 29, 30, 31]",0.44999999999999996
C13H11NO,"{'C': 13, 'N': 1, 'O': 1, 'H': 11}",197.08406397853,neutral,0,Nomex,meta-Aramid,neutral_loss,break 1 bond(s) | H shift +1 | -CO | ; | break 2 bond(s) | H shift +1 | -CO,1,1,,CO,"[3, 4, 5, 6, 7, 8, 9, 10, 11, 12, 13, 14, 15, 16, 17, 18, 19, 22, 23, 24, 25, 26, 27, 28, 29, 30, 31]",0.44999999999999996
C13H6NO2,"{'C': 13, 'N': 1, 'O': 2, 'H': 6}",208.03985343695,neutral,0,Nomex,meta-Aramid,neutral_loss,break 1 bond(s) | H shift -1 | -CH3 | ; | break 2 bond(s) | H shift -1 | -CH3,1,-1,,CH3,"[3, 4, 5, 6, 7, 8, 9, 10, 11, 12, 13, 14, 15, 16, 17, 18, 19, 22, 23, 24, 25, 26, 27, 28, 29, 30, 31]",0.44999999999999996
C13H8NO2,"{'C': 13, 'N': 1, 'O': 2, 'H': 8}",210.05550350141,neutral,0,Nomex,meta-Aramid,neutral_loss,break 1 bond(s) | H shift +1 | -CH3 | ; | break 2 bond(s) | H shift +1 | -CH3,1,1,,CH3,"[3, 4, 5, 6, 7, 8, 9, 10, 11, 12, 13, 14, 15, 16, 17, 18, 19, 22, 23, 24, 25, 26, 27, 28, 29, 30, 31]",0.44999999999999996
C13H9N,"{'C': 13, 'N': 1, 'H': 9}",179.0734992945,neutral,0,Nomex,meta-Aramid,neutral_loss,break 1 bond(s) | H shift -1 | -CO2 | ; | break 2 bond(s) | H shift -1 | -CO2 | ; | break 2 bond(s) | H shift +1 | -OH,1,-1,,CO2,"[3, 4, 5, 6, 7, 8, 9, 10, 11, 12, 13, 14, 15, 16, 17, 18, 19, 22, 23, 24, 25, 26, 27, 28, 29, 30, 31]",0.44999999999999996
C13H9NO,"{'C': 13, 'N': 1, 'O': 1, 'H': 9}",195.06841391407,neutral,0,Nomex,meta-Aramid,neutral_loss,break 1 bond(s) | H shift -1 | -CO | ; | break 2 bond(s) | H shift -1 | -CO | ; | break 2 bond(s) | H shift +2 | -NH3,1,-1,,CO,"[3, 4, 5, 6, 7, 8, 9, 10, 11, 12, 13, 14, 15, 16, 17, 18, 19, 22, 23, 24, 25, 26, 27, 28, 29, 30, 31]",0.44999999999999996
C14H10NO,"{'C': 14, 'N': 1, 'O': 1, 'H': 10}",208.0762389463,neutral,0,Nomex,meta-Aramid,neutral_loss,break 1 bond(s) | H shift +1 | -OH | ; | break 1 bond(s) | H shift +2 | -H2O | ; | break 2 bond(s) | H shift +1 | -OH,1,1,,OH,"[3, 4, 5, 6, 7, 8, 9, 10, 11, 12, 13, 14, 15, 16, 17, 18, 19, 22, 23, 24, 25, 26, 27, 28, 29, 30, 31]",0.44999999999999996
C14H6O2,"{'C': 14, 'O': 2, 'H': 6}",206.03677943252,neutral,0,Nomex,meta-Aramid,neutral_loss,break 1 bond(s) | H shift -1 | -NH3 | ; | break 2 bond(s) | H shift -1 | -NH3,1,-1,,NH3,"[3, 4, 5, 6, 7, 8, 9, 10, 11, 12, 13, 14, 15, 16, 17, 18, 19, 22, 23, 24, 25, 26, 27, 28, 29, 30, 31]",0.44999999999999996
C14H7NO,"{'C': 14, 'N': 1, 'O': 1, 'H': 7}",205.05276384961,neutral,0,Nomex,meta-Aramid,neutral_loss,break 1 bond(s) | H shift -1 | -H2O | ; | break 2 bond(s) | H shift -2 | -OH | ; | break 2 bond(s) | H shift -1 | -H2O,1,-1,,H2O,"[3, 4, 5, 6, 7, 8, 9, 10, 11, 12, 13, 14, 15, 16, 17, 18, 19, 22, 23, 24, 25, 26, 27, 28, 29, 30, 31]",0.44999999999999996
C14H8O2,"{'C': 14, 'O': 2, 'H': 8}",208.05242949698,neutral,0,Nomex,meta-Aramid,neutral_loss,break 1 bond(s) | H shift +1 | -NH3 | ; | break 2 bond(s) | H shift +1 | -NH3,1,1,,NH3,"[3, 4, 5, 6, 7, 8, 9, 10, 11, 12, 13, 14, 15, 16, 17, 18, 19, 22, 23, 24, 25, 26, 27, 28, 29, 30, 31]",0.44999999999999996
C6H2NO,"{'O': 1, 'C': 6, 'N': 1, 'H': 2}",104.01363868846,neutral,0,Nomex,meta-Aramid,neutral_loss,break 1 bond(s) | H shift -1 | -CH3 | ; | break 2 bond(s) | -CH3 | ; | break 2 bond(s) | H shift -1 | -CH3,1,-1,,CH3,"[0, 1, 2, 3, 4, 5, 6, 7, 19, 20, 21, 22, 23, 24, 31]",0.44999999999999996
C6H3N2O,"{'O': 1, 'C': 6, 'N': 2, 'H': 3}",119.02453772512,neutral,0,Nomex,meta-Aramid,neutral_loss,break 1 bond(s) | H shift -1 | -CH3 | ; | break 2 bond(s) | -CH3 | ; | break 2 bond(s) | H shift -1 | -CH3,1,-1,,CH3,"[0, 1, 2, 3, 4, 5, 6, 7, 8, 19, 20, 21, 22, 23, 24, 25, 31]",0.44999999999999996
C6H3O,"{'C': 6, 'O': 1, 'H': 3}",91.01838971626,neutral,0,Nomex,meta-Aramid,neutral_loss,break 1 bond(s) | H shift +1 | -CH3 | ; | break 2 bond(s) | H shift +1 | -CH3 | ; | break 2 bond(s) | H shift +1 | -CH3,1,1,,CH3,"[11, 12, 13, 14, 15, 16, 17, 18, 26, 27, 28, 29, 30]",0.44999999999999996
C6H4,"{'C': 6, 'H': 4}",76.03130012892,neutral,0,Nomex,meta-Aramid,neutral_loss,break 1 bond(s) | H shift -1 | -CO | ; | break 2 bond(s) | H shift +2 | -NH3 | ; | break 2 bond(s) | H shift -1 | -CO,1,-1,,CO,"[11, 12, 13, 14, 15, 16, 17, 18, 26, 27, 28, 29, 30]",0.44999999999999996
C6H4NO,"{'O': 1, 'C': 6, 'N': 1, 'H': 4}",106.02928875292,neutral,0,Nomex,meta-Aramid,neutral_loss,break 1 bond(s) | H shift +1 | -CH3 | ; | break 2 bond(s) | H shift +2 | -CH3 | ; | break 2 bond(s) | H shift +1 | -CH3,1,1,,CH3,"[0, 1, 2, 3, 4, 5, 6, 7, 19, 20, 21, 22, 23, 24, 31]",0.44999999999999996
C6H5N,"{'C': 6, 'N': 1, 'H': 5}",91.04219916558,neutral,0,Nomex,meta-Aramid,neutral_loss,break 1 bond(s) | H shift -1 | -CO | ; | break 2 bond(s) | H shift +2 | -H2 | ; | break 2 bond(s) | H shift +2 | -NH3,1,-1,,CO,"[0, 1, 2, 3, 4, 5, 6, 7, 19, 20, 21, 22, 23, 24, 31]",0.44999999999999996
C6H5N2O,"{'O': 1, 'C': 6, 'N': 2, 'H': 5}",121.04018778958,neutral,0,Nomex,meta-Aramid,neutral_loss,break 1 bond(s) | H shift +1 | -CH3 | ; | break 2 bond(s) | H shift +2 | -CH3 | ; | break 2 bond(s) | H shift +1 | -CH3,1,1,,CH3,"[0, 1, 2, 3, 4, 5, 6, 7, 8, 19, 20, 21, 22, 23, 24, 25, 31]",0.44999999999999996
C6H6,"{'C': 6, 'H': 6}",78.04695019338,neutral,0,Nomex,meta-Aramid,neutral_loss,break 1 bond(s) | H shift +1 | -CO | ; | break 2 bond(s) | H shift +1 | -CO | ; | break 2 bond(s) | H shift +1 | -CO,1,1,,CO,"[11, 12, 13, 14, 15, 16, 17, 18, 26, 27, 28, 29, 30]",0.44999999999999996
C6H6N2,"{'C': 6, 'N': 2, 'H': 6}",106.05309820224,neutral,0,Nomex,meta-Aramid,neutral_loss,break 1 bond(s) | H shift -1 | -CO | ; | break 2 bond(s) | H shift +2 | -H2 | ; | break 2 bond(s) | -CO,1,-1,,CO,"[0, 1, 2, 3, 4, 5, 6, 7, 8, 19, 20, 21, 22, 23, 24, 25, 31]",0.44999999999999996
C6H7N,"{'C': 6, 'N': 1, 'H': 7}",93.05784923004,neutral,0,Nomex,meta-Aramid,neutral_loss,break 1 bond(s) | H shift +1 | -CO | ; | break 2 bond(s) | H shift +2 | -CO | ; | break 2 bond(s) | H shift +1 | -CO,1,1,,CO,"[0, 1, 2, 3, 4, 5, 6, 7, 19, 20, 21, 22, 23, 24, 31]",0.44999999999999996
C6H8N2,"{'C': 6, 'N': 2, 'H': 8}",108.0687482667,neutral,0,Nomex,meta-Aramid,neutral_loss,break 1 bond(s) | H shift +1 | -CO | ; | break 2 bond(s) | H shift +2 | -CO | ; | break 2 bond(s) | H shift +1 | -CO,1,1,,CO,"[0, 1, 2, 3, 4, 5, 6, 7, 8, 19, 20, 21, 22, 23, 24, 25, 31]",0.44999999999999996
C6HO,"{'C': 6, 'O': 1, 'H': 1}",89.0027396518,neutral,0,Nomex,meta-Aramid,neutral_loss,break 1 bond(s) | H shift -1 | -CH3 | ; | break 2 bond(s) | H shift -1 | -CH3 | ; | break 2 bond(s) | H shift -1 | -CH3,1,-1,,CH3,"[11, 12, 13, 14, 15, 16, 17, 18, 26, 27, 28, 29, 30]",0.44999999999999996
C7H2,"{'C': 7, 'H': 2}",86.01565006446,neutral,0,Nomex,meta-Aramid,neutral_loss,break 1 bond(s) | H shift -1 | -H2O | ; | break 2 bond(s) | H shift -2 | -OH | ; | break 2 bond(s) | H shift -1 | -H2O,1,-1,,H2O,"[11, 12, 13, 14, 15, 16, 17, 18, 26, 27, 28, 29, 30]",0.44999999999999996
C7H2NO2,"{'N': 1, 'C': 7, 'O': 2, 'H': 2}",132.00855330803,neutral,0,Nomex,meta-Aramid,neutral_loss,break 1 bond(s) | H shift -1 | -CH3 | ; | break 2 bond(s) | H shift -1 | -CH3 | ; | break 2 bond(s) | H shift -1 | -CH3,1,-1,,CH3,"[8, 9, 10, 11, 12, 13, 14, 15, 16, 17, 18, 25, 26, 27, 28, 29, 30]",0.44999999999999996
C7H2O,"{'O': 1, 'C': 7, 'H': 2}",102.01056468403,neutral,0,Nomex,meta-Aramid,neutral_loss,break 1 bond(s) | H shift -1 | -NH3 | ; | break 1 bond(s) | H shift -1 | -H2 | ; | break 2 bond(s) | H shift -1 | -H2,1,-1,,NH3,"[0, 1, 2, 3, 4, 5, 6, 7, 19, 20, 21, 22, 23, 24, 31]",0.44999999999999996
C7H3N,"{'C': 7, 'N': 1, 'H': 3}",101.02654910112,neutral,0,Nomex,meta-Aramid,neutral_loss,break 1 bond(s) | H shift -1 | -H2O | ; | break 2 bond(s) | H shift -1 | -OH | ; | break 2 bond(s) | -H2O,1,-1,,H2O,"[0, 1, 2, 3, 4, 5, 6, 7, 19, 20, 21, 22, 23, 24, 31]",0.44999999999999996
C7H3N2O2,"{'O': 2, 'C': 7, 'N': 2, 'H': 3}",147.01945234469,neutral,0,Nomex,meta-Aramid,neutral_loss,break 1 bond(s) | H shift -1 | -CH3 | ; | break 2 bond(s) | H shift -1 | -CH3,1,-1,,CH3,"[0, 1, 2, 3, 4, 5, 6, 7, 8, 9, 10, 19, 20, 21, 22, 23, 24, 25, 31]",0.44999999999999996
C7H3NO,"{'O': 1, 'C': 7, 'N': 1, 'H': 3}",117.02146372069,neutral,0,Nomex,meta-Aramid,neutral_loss,break 1 bond(s) | H shift -1 | -H2 | ; | break 1 bond(s) | H shift -1 | -NH3 | ; | break 2 bond(s) | -NH3,1,-1,,H2,"[0, 1, 2, 3, 4, 5, 6, 7, 19, 20, 21, 22, 23, 24, 31]",0.44999999999999996
C7H3O2,"{'C': 7, 'O': 2, 'H': 3}",119.01330433583,neutral,0,Nomex,meta-Aramid,neutral_loss,break 1 bond(s) | H shift +1 | -CH3 | ; | break 2 bond(s) | H shift +1 | -CH3 | ; | break 2 bond(s) | H shift +1 | -CH3,1,1,,CH3,"[9, 10, 11, 12, 13, 14, 15, 16, 17, 18, 26, 27, 28, 29, 30]",0.44999999999999996
C7H4N2,"{'C': 7, 'N': 2, 'H': 4}",116.03744813778,neutral,0,Nomex,meta-Aramid,neutral_loss,break 1 bond(s) | H shift -1 | -H2O | ; | break 2 bond(s) | H shift -1 | -OH | ; | break 2 bond(s) | -H2O,1,-1,,H2O,"[0, 1, 2, 3, 4, 5, 6, 7, 8, 19, 20, 21, 22, 23, 24, 25, 31]",0.44999999999999996
C7H4N2O,"{'O': 1, 'C': 7, 'N': 2, 'H': 4}",132.03236275735,neutral,0,Nomex,meta-Aramid,neutral_loss,break 1 bond(s) | H shift -1 | -H2 | ; | break 2 bond(s) | -H2 | ; | break 2 bond(s) | H shift -1 | -H2,1,-1,,H2,"[0, 1, 2, 3, 4, 5, 6, 7, 8, 19, 20, 21, 22, 23, 24, 25, 31]",0.44999999999999996
C7H4NO2,"{'N': 1, 'C': 7, 'O': 2, 'H': 4}",134.02420337249,neutral,0,Nomex,meta-Aramid,neutral_loss,break 1 bond(s) | H shift +1 | -CH3 | ; | break 2 bond(s) | H shift +1 | -CH3 | ; | break 2 bond(s) | H shift +1 | -CH3,1,1,,CH3,"[8, 9, 10, 11, 12, 13, 14, 15, 16, 17, 18, 25, 26, 27, 28, 29, 30]",0.44999999999999996
C7H4O,"{'O': 1, 'C': 7, 'H': 4}",104.02621474849,neutral,0,Nomex,meta-Aramid,neutral_loss,break 1 bond(s) | H shift +1 | -NH3 | ; | break 1 bond(s) | H shift -1 | -CO | ; | break 1 bond(s) | H shift +1 | -H2,1,1,,NH3,"[0, 1, 2, 3, 4, 5, 6, 7, 19, 20, 21, 22, 23, 24, 31]",0.44999999999999996
C7H5N2O2,"{'O': 2, 'C': 7, 'N': 2, 'H': 5}",149.03510240915,neutral,0,Nomex,meta-Aramid,neutral_loss,break 1 bond(s) | H shift +1 | -CH3 | ; | break 2 bond(s) | H shift +1 | -CH3,1,1,,CH3,"[0, 1, 2, 3, 4, 5, 6, 7, 8, 9, 10, 19, 20, 21, 22, 23, 24, 25, 31]",0.44999999999999996
C7H5NO,"{'O': 1, 'C': 7, 'N': 1, 'H': 5}",119.03711378515,neutral,0,Nomex,meta-Aramid,neutral_loss,break 1 bond(s) | H shift +1 | -H2 | ; | break 1 bond(s) | H shift -1 | -CO | ; | break 1 bond(s) | H shift +1 | -NH3,1,1,,H2,"[0, 1, 2, 3, 4, 5, 6, 7, 19, 20, 21, 22, 23, 24, 31]",0.44999999999999996
C7H6,"{'C': 7, 'H': 6}",90.04695019338,neutral,0,Nomex,meta-Aramid,neutral_loss,break 1 bond(s) | H shift +1 | -CO2 | ; | break 1 bond(s) | H shift +2 | -OH | ; | break 2 bond(s) | H shift +1 | -CO2,1,1,,CO2,"[9, 10, 11, 12, 13, 14, 15, 16, 17, 18, 26, 27, 28, 29, 30]",0.44999999999999996
C7H6N2O,"{'O': 1, 'C': 7, 'N': 2, 'H': 6}",134.04801282181,neutral,0,Nomex,meta-Aramid,neutral_loss,break 1 bond(s) | H shift +1 | -H2 | ; | break 1 bond(s) | H shift -1 | -CO | ; | break 2 bond(s) | H shift +2 | -H2,1,1,,H2,"[0, 1, 2, 3, 4, 5, 6, 7, 8, 19, 20, 21, 22, 23, 24, 25, 31]",0.44999999999999996
C7H6O,"{'C': 7, 'O': 1, 'H': 6}",106.04186481295,neutral,0,Nomex,meta-Aramid,neutral_loss,break 1 bond(s) | H shift +1 | -CO | ; | break 2 bond(s) | H shift +1 | -CO | ; | break 2 bond(s) | H shift +1 | -CO,1,1,,CO,"[9, 10, 11, 12, 13, 14, 15, 16, 17, 18, 26, 27, 28, 29, 30]",0.44999999999999996
C7H7N,"{'N': 1, 'C': 7, 'H': 7}",105.05784923004,neutral,0,Nomex,meta-Aramid,neutral_loss,break 1 bond(s) | H shift +1 | -CO2 | ; | break 2 bond(s) | H shift +1 | -CO2 | ; | break 2 bond(s) | H shift +1 | -CO2,1,1,,CO2,"[8, 9, 10, 11, 12, 13, 14, 15, 16, 17, 18, 25, 26, 27, 28, 29, 30]",0.44999999999999996
C7H7NO,"{'N': 1, 'C': 7, 'O': 1, 'H': 7}",121.05276384961,neutral,0,Nomex,meta-Aramid,neutral_loss,break 1 bond(s) | H shift +1 | -CO | ; | break 2 bond(s) | H shift +1 | -CO | ; | break 2 bond(s) | H shift +1 | -CO,1,1,,CO,"[8, 9, 10, 11, 12, 13, 14, 15, 16, 17, 18, 25, 26, 27, 28, 29, 30]",0.44999999999999996
C7H8N2,"{'C': 7, 'N': 2, 'H': 8}",120.0687482667,neutral,0,Nomex,meta-Aramid,neutral_loss,break 1 bond(s) | H shift +1 | -CO2 | ; | break 2 bond(s) | H shift +2 | -OH | ; | break 2 bond(s) | H shift +2 | -OH,1,1,,CO2,"[0, 1, 2, 3, 4, 5, 6, 7, 8, 9, 10, 19, 20, 21, 22, 23, 24, 25, 31]",0.44999999999999996
C7H8N2O,"{'O': 1, 'C': 7, 'N': 2, 'H': 8}",136.06366288627,neutral,0,Nomex,meta-Aramid,neutral_loss,break 1 bond(s) | H shift +1 | -CO | ; | break 2 bond(s) | H shift +1 | -CO,1,1,,CO,"[0, 1, 2, 3, 4, 5, 6, 7, 8, 9, 10, 19, 20, 21, 22, 23, 24, 25, 31]",0.44999999999999996
C7HO2,"{'C': 7, 'O': 2, 'H': 1}",116.99765427137,neutral,0,Nomex,meta-Aramid,neutral_loss,break 1 bond(s) | H shift -1 | -CH3 | ; | break 2 bond(s) | H shift -1 | -CH3 | ; | break 2 bond(s) | H shift -1 | -CH3,1,-1,,CH3,"[9, 10, 11, 12, 13, 14, 15, 16, 17, 18, 26, 27, 28, 29, 30]",0.44999999999999996
C8H2O,"{'C': 8, 'O': 1, 'H': 2}",114.01056468403,neutral,0,Nomex,meta-Aramid,neutral_loss,break 1 bond(s) | H shift -1 | -H2O | ; | break 2 bond(s) | H shift -2 | -OH | ; | break 2 bond(s) | H shift -1 | -H2O,1,-1,,H2O,"[9, 10, 11, 12, 13, 14, 15, 16, 17, 18, 26, 27, 28, 29, 30]",0.44999999999999996
C8H2O2,"{'C': 8, 'O': 2, 'H': 2}",130.0054793036,neutral,0,Nomex,meta-Aramid,neutral_loss,break 1 bond(s) | H shift -1 | -NH3 | ; | break 1 bond(s) | H shift -1 | -H2 | ; | break 2 bond(s) | H shift -1 | -NH3,1,-1,,NH3,"[8, 9, 10, 11, 12, 13, 14, 15, 16, 17, 18, 25, 26, 27, 28, 29, 30]",0.44999999999999996
C8H3NO,"{'N': 1, 'C': 8, 'O': 1, 'H': 3}",129.02146372069,neutral,0,Nomex,meta-Aramid,neutral_loss,break 1 bond(s) | H shift -1 | -H2O | ; | break 2 bond(s) | H shift -2 | -OH | ; | break 2 bond(s) | H shift -1 | -H2O,1,-1,,H2O,"[8, 9, 10, 11, 12, 13, 14, 15, 16, 17, 18, 25, 26, 27, 28, 29, 30]",0.44999999999999996
C8H3NO2,"{'N': 1, 'C': 8, 'O': 2, 'H': 3}",145.01637834026,neutral,0,Nomex,meta-Aramid,neutral_loss,break 1 bond(s) | H shift -1 | -H2 | ; | break 1 bond(s) | H shift -1 | -NH3 | ; | break 2 bond(s) | H shift -1 | -H2,1,-1,,H2,"[8, 9, 10, 11, 12, 13, 14, 15, 16, 17, 18, 25, 26, 27, 28, 29, 30]",0.44999999999999996
C8H4N2O,"{'O': 1, 'C': 8, 'N': 2, 'H': 4}",144.03236275735,neutral,0,Nomex,meta-Aramid,neutral_loss,break 1 bond(s) | H shift -1 | -H2O | ; | break 2 bond(s) | H shift -2 | -OH | ; | break 2 bond(s) | H shift -1 | -H2O,1,-1,,H2O,"[0, 1, 2, 3, 4, 5, 6, 7, 8, 9, 10, 19, 20, 21, 22, 23, 24, 25, 31]",0.44999999999999996
C8H4N2O2,"{'O': 2, 'C': 8, 'N': 2, 'H': 4}",160.02727737692,neutral,0,Nomex,meta-Aramid,neutral_loss,break 1 bond(s) | H shift -1 | -H2 | ; | break 2 bond(s) | H shift -1 | -H2,1,-1,,H2,"[0, 1, 2, 3, 4, 5, 6, 7, 8, 9, 10, 19, 20, 21, 22, 23, 24, 25, 31]",0.44999999999999996
C8H4O2,"{'C': 8, 'O': 2, 'H': 4}",132.02112936806,neutral,0,Nomex,meta-Aramid,neutral_loss,break 1 bond(s) | H shift +1 | -NH3 | ; | break 1 bond(s) | H shift +1 | -H2 | ; | break 2 bond(s) | H shift +1 | -NH3,1,1,,NH3,"[8, 9, 10, 11, 12, 13, 14, 15, 16, 17, 18, 25, 26, 27, 28, 29, 30]",0.44999999999999996
C8H5NO2,"{'N': 1, 'C': 8, 'O': 2, 'H': 5}",147.03202840472,neutral,0,Nomex,meta-Aramid,neutral_loss,break 1 bond(s) | H shift +1 | -H2 | ; | break 1 bond(s) | H shift +1 | -NH3 | ; | break 2 bond(s) | H shift +1 | -H2,1,1,,H2,"[8, 9, 10, 11, 12, 13, 14, 15, 16, 17, 18, 25, 26, 27, 28, 29, 30]",0.44999999999999996
C8H5O,"{'C': 8, 'O': 1, 'H': 5}",117.03403978072001,neutral,0,Nomex,meta-Aramid,neutral_loss,break 1 bond(s) | H shift +1 | -OH | ; | break 1 bond(s) | H shift +2 | -H2O | ; | break 2 bond(s) | H shift +1 | -OH,1,1,,OH,"[9, 10, 11, 12, 13, 14, 15, 16, 17, 18, 26, 27, 28, 29, 30]",0.44999999999999996
C8H6N2O2,"{'O': 2, 'C': 8, 'N': 2, 'H': 6}",162.04292744138,neutral,0,Nomex,meta-Aramid,neutral_loss,break 1 bond(s) | H shift +1 | -H2 | ; | break 2 bond(s) | H shift +1 | -H2,1,1,,H2,"[0, 1, 2, 3, 4, 5, 6, 7, 8, 9, 10, 19, 20, 21, 22, 23, 24, 25, 31]",0.44999999999999996
C8H6NO,"{'N': 1, 'C': 8, 'O': 1, 'H': 6}",132.04493881738,neutral,0,Nomex,meta-Aramid,neutral_loss,break 1 bond(s) | H shift +1 | -OH | ; | break 1 bond(s) | H shift +2 | -H2O | ; | break 2 bond(s) | H shift +1 | -OH,1,1,,OH,"[8, 9, 10, 11, 12, 13, 14, 15, 16, 17, 18, 25, 26, 27, 28, 29, 30]",0.44999999999999996
C8H7N2O,"{'O': 1, 'C': 8, 'N': 2, 'H': 7}",147.05583785404,neutral,0,Nomex,meta-Aramid,neutral_loss,break 1 bond(s) | H shift +1 | -OH | ; | break 1 bond(s) | H shift +2 | -H2O | ; | break 2 bond(s) | H shift +1 | -OH,1,1,,OH,"[0, 1, 2, 3, 4, 5, 6, 7, 8, 9, 10, 19, 20, 21, 22, 23, 24, 25, 31]",0.44999999999999996
CH,"{'C': 1, 'H': 1}",13.00782503223,neutral,0,Nomex,meta-Aramid,neutral_loss,break 1 bond(s) | H shift +1 | -OH | ; | break 1 bond(s) | H shift +2 | -H2O | ; | break 1 bond(s) | H shift +1 | -OH,1,1,,OH,"[0, 1, 20]",0.44999999999999996
CH2N,"{'C': 1, 'N': 1, 'H': 2}",28.01872406889,neutral,0,Nomex,meta-Aramid,neutral_loss,break 1 bond(s) | H shift +1 | -OH | ; | break 1 bond(s) | H shift +2 | -H2O | ; | break 2 bond(s) | H shift +1 | -OH,1,1,,OH,"[0, 1, 2, 20, 21]",0.44999999999999996
CHNO,"{'O': 1, 'C': 1, 'N': 1, 'H': 1}",43.005813656229996,neutral,0,Nomex,meta-Aramid,neutral_loss,break 1 bond(s) | H shift +1 | -H2 | ; | break 2 bond(s) | H shift +1 | -H2 | ; | break 2 bond(s) | H shift +1 | -H2,1,1,,H2,"[0, 1, 2, 20, 21]",0.44999999999999996
CO,"{'O': 1, 'C': 1}",27.99491461957,neutral,0,Nomex,meta-Aramid,neutral_loss,break 1 bond(s) | H shift +1 | -H2 | ; | break 1 bond(s) | H shift +1 | -NH3 | ; | break 1 bond(s) | H shift +1 | -H2,1,1,,H2,"[0, 1, 20]",0.44999999999999996
H2,{'H': 2},2.01565006446,neutral,0,Nomex,meta-Aramid,neutral_loss,break 1 bond(s) | H shift +1 | -CO | ; | break 1 bond(s) | H shift +1 | -CO | ; | break 2 bond(s) | H shift +1 | -CO,1,1,,CO,"[0, 1, 20]",0.44999999999999996
H3N,"{'N': 1, 'H': 3}",17.02654910112,neutral,0,Nomex,meta-Aramid,neutral_loss,break 1 bond(s) | H shift +1 | -CO | ; | break 2 bond(s) | H shift +1 | -CO | ; | break 2 bond(s) | H shift +1 | -CO,1,1,,CO,"[0, 1, 2, 20, 21]",0.44999999999999996
HN,"{'N': 1, 'H': 1}",15.01089903666,neutral,0,Nomex,meta-Aramid,neutral_loss,break 1 bond(s) | H shift -1 | -CO | ; | break 2 bond(s) | H shift -1 | -CO | ; | break 2 bond(s) | H shift -1 | -CO,1,-1,,CO,"[0, 1, 2, 20, 21]",0.44999999999999996
NO,"{'O': 1, 'N': 1}",29.997988624,neutral,0,Nomex,meta-Aramid,neutral_loss,break 1 bond(s) | H shift +1 | -CH3 | ; | break 2 bond(s) | H shift +1 | -CH3 | ; | break 2 bond(s) | H shift +1 | -CH3,1,1,,CH3,"[0, 1, 2, 20, 21]",0.44999999999999996
C28H20ClN4O4,"{'C': 28, 'H': 20, 'N': 4, 'O': 4, 'Cl': 1}",511.11730782259997,negative,-1,Nomex,meta-Aramid,dimer,2M | Cl,0,0,Cl,,,0.43
C28H20N4NaO4,"{'C': 28, 'H': 20, 'N': 4, 'O': 4, 'Na': 1}",499.1382244226,positive,1,Nomex,meta-Aramid,dimer,2M | Na,0,0,Na,,,0.43
C14H11ClNO2,"{'C': 14, 'N': 1, 'O': 2, 'H': 11, 'Cl': 1}",260.0478312801,negative,-1,Nomex,meta-Aramid,adduct,break 1 bond(s) | H shift +1 | Cl | ; | break 2 bond(s) | H shift +1 | Cl,1,1,Cl,,"[3, 4, 5, 6, 7, 8, 9, 10, 11, 12, 13, 14, 15, 16, 17, 18, 19, 22, 23, 24, 25, 26, 27, 28, 29, 30, 31]",0.42999999999999994
C14H11KNO2,"{'C': 14, 'N': 1, 'O': 2, 'H': 11, 'K': 1}",264.0426850845,positive,1,Nomex,meta-Aramid,adduct,break 1 bond(s) | H shift +1 | K | ; | break 2 bond(s) | H shift +1 | K,1,1,K,,"[3, 4, 5, 6, 7, 8, 9, 10, 11, 12, 13, 14, 15, 16, 17, 18, 19, 22, 23, 24, 25, 26, 27, 28, 29, 30, 31]",0.42999999999999994
C14H11NNaO2,"{'C': 14, 'N': 1, 'O': 2, 'H': 11, 'Na': 1}",248.0687478801,positive,1,Nomex,meta-Aramid,adduct,break 1 bond(s) | H shift +1 | Na | ; | break 2 bond(s) | H shift +1 | Na,1,1,Na,,"[3, 4, 5, 6, 7, 8, 9, 10, 11, 12, 13, 14, 15, 16, 17, 18, 19, 22, 23, 24, 25, 26, 27, 28, 29, 30, 31]",0.42999999999999994
C14H12NO3,"{'C': 14, 'N': 1, 'O': 3, 'H': 12}",242.0817182499,negative,-1,Nomex,meta-Aramid,adduct,break 1 bond(s) | H shift +1 | OH | ; | break 1 bond(s) | H shift +2 | O | ; | break 2 bond(s) | H shift +1 | OH,1,1,OH,,"[3, 4, 5, 6, 7, 8, 9, 10, 11, 12, 13, 14, 15, 16, 17, 18, 19, 22, 23, 24, 25, 26, 27, 28, 29, 30, 31]",0.42999999999999994
C14H9ClNO2,"{'C': 14, 'N': 1, 'O': 2, 'H': 9, 'Cl': 1}",258.03218121564,negative,-1,Nomex,meta-Aramid,adduct,break 1 bond(s) | H shift -1 | Cl | ; | break 2 bond(s) | H shift -1 | Cl,1,-1,Cl,,"[3, 4, 5, 6, 7, 8, 9, 10, 11, 12, 13, 14, 15, 16, 17, 18, 19, 22, 23, 24, 25, 26, 27, 28, 29, 30, 31]",0.42999999999999994
C14H9KNO2,"{'C': 14, 'N': 1, 'O': 2, 'H': 9, 'K': 1}",262.02703502004,positive,1,Nomex,meta-Aramid,adduct,break 1 bond(s) | H shift -1 | K | ; | break 2 bond(s) | H shift -1 | K,1,-1,K,,"[3, 4, 5, 6, 7, 8, 9, 10, 11, 12, 13, 14, 15, 16, 17, 18, 19, 22, 23, 24, 25, 26, 27, 28, 29, 30, 31]",0.42999999999999994
C14H9NNaO2,"{'C': 14, 'N': 1, 'O': 2, 'H': 9, 'Na': 1}",246.05309781564,positive,1,Nomex,meta-Aramid,adduct,break 1 bond(s) | H shift -1 | Na | ; | break 2 bond(s) | H shift -1 | Na,1,-1,Na,,"[3, 4, 5, 6, 7, 8, 9, 10, 11, 12, 13, 14, 15, 16, 17, 18, 19, 22, 23, 24, 25, 26, 27, 28, 29, 30, 31]",0.42999999999999994
C14H9NO3,"{'C': 14, 'N': 1, 'O': 3, 'H': 9}",239.05824315321001,negative,-1,Nomex,meta-Aramid,adduct,break 1 bond(s) | H shift -1 | O | ; | break 2 bond(s) | H shift -2 | OH | ; | break 2 bond(s) | H shift -1 | O,1,-1,O,,"[3, 4, 5, 6, 7, 8, 9, 10, 11, 12, 13, 14, 15, 16, 17, 18, 19, 22, 23, 24, 25, 26, 27, 28, 29, 30, 31]",0.42999999999999994
C7H4ClO,"{'C': 7, 'O': 1, 'H': 4, 'Cl': 1}",138.99506743049,negative,-1,Nomex,meta-Aramid,adduct,break 1 bond(s) | H shift -1 | Cl | ; | break 2 bond(s) | H shift -1 | Cl | ; | break 2 bond(s) | H shift -1 | Cl,1,-1,Cl,,"[11, 12, 13, 14, 15, 16, 17, 18, 26, 27, 28, 29, 30]",0.42999999999999994
C7H4KO,"{'C': 7, 'O': 1, 'H': 4, 'K': 1}",142.98992123489,positive,1,Nomex,meta-Aramid,adduct,break 1 bond(s) | H shift -1 | K | ; | break 2 bond(s) | H shift -1 | K | ; | break 2 bond(s) | H shift -1 | K,1,-1,K,,"[11, 12, 13, 14, 15, 16, 17, 18, 26, 27, 28, 29, 30]",0.42999999999999994
C7H4NaO,"{'C': 7, 'O': 1, 'H': 4, 'Na': 1}",127.01598403049,positive,1,Nomex,meta-Aramid,adduct,break 1 bond(s) | H shift -1 | Na | ; | break 2 bond(s) | H shift -1 | Na | ; | break 2 bond(s) | H shift -1 | Na,1,-1,Na,,"[11, 12, 13, 14, 15, 16, 17, 18, 26, 27, 28, 29, 30]",0.42999999999999994
C7H4O2,"{'C': 7, 'O': 2, 'H': 4}",120.02112936806,negative,-1,Nomex,meta-Aramid,adduct,break 1 bond(s) | H shift -1 | O | ; | break 2 bond(s) | H shift -2 | OH | ; | break 2 bond(s) | H shift -1 | O,1,-1,O,,"[11, 12, 13, 14, 15, 16, 17, 18, 26, 27, 28, 29, 30]",0.42999999999999994
C7H5ClNO,"{'O': 1, 'C': 7, 'N': 1, 'H': 5, 'Cl': 1}",154.00596646715,negative,-1,Nomex,meta-Aramid,adduct,break 1 bond(s) | H shift -1 | Cl | ; | break 2 bond(s) | Cl | ; | break 2 bond(s) | H shift -1 | Cl,1,-1,Cl,,"[0, 1, 2, 3, 4, 5, 6, 7, 19, 20, 21, 22, 23, 24, 31]",0.42999999999999994
C7H5KNO,"{'O': 1, 'C': 7, 'N': 1, 'H': 5, 'K': 1}",158.00082027155,positive,1,Nomex,meta-Aramid,adduct,break 1 bond(s) | H shift -1 | K | ; | break 2 bond(s) | K | ; | break 2 bond(s) | H shift -1 | K,1,-1,K,,"[0, 1, 2, 3, 4, 5, 6, 7, 19, 20, 21, 22, 23, 24, 31]",0.42999999999999994
C7H5NNaO,"{'O': 1, 'C': 7, 'N': 1, 'H': 5, 'Na': 1}",142.02688306715,positive,1,Nomex,meta-Aramid,adduct,break 1 bond(s) | H shift -1 | Na | ; | break 2 bond(s) | Na | ; | break 2 bond(s) | H shift -1 | Na,1,-1,Na,,"[0, 1, 2, 3, 4, 5, 6, 7, 19, 20, 21, 22, 23, 24, 31]",0.42999999999999994
C7H5NO2,"{'O': 2, 'C': 7, 'N': 1, 'H': 5}",135.03202840472,negative,-1,Nomex,meta-Aramid,adduct,break 1 bond(s) | H shift -1 | O | ; | break 2 bond(s) | H shift -1 | OH | ; | break 2 bond(s) | O,1,-1,O,,"[0, 1, 2, 3, 4, 5, 6, 7, 19, 20, 21, 22, 23, 24, 31]",0.42999999999999994
C7H6ClN2O,"{'O': 1, 'C': 7, 'N': 2, 'H': 6, 'Cl': 1}",169.01686550381,negative,-1,Nomex,meta-Aramid,adduct,break 1 bond(s) | H shift -1 | Cl | ; | break 2 bond(s) | Cl | ; | break 2 bond(s) | H shift -1 | Cl,1,-1,Cl,,"[0, 1, 2, 3, 4, 5, 6, 7, 8, 19, 20, 21, 22, 23, 24, 25, 31]",0.42999999999999994
C7H6ClO,"{'C': 7, 'O': 1, 'H': 6, 'Cl': 1}",141.01071749495,negative,-1,Nomex,meta-Aramid,adduct,break 1 bond(s) | H shift +1 | Cl | ; | break 2 bond(s) | H shift +1 | Cl | ; | break 2 bond(s) | H shift +1 | Cl,1,1,Cl,,"[11, 12, 13, 14, 15, 16, 17, 18, 26, 27, 28, 29, 30]",0.42999999999999994
C7H6KN2O,"{'O': 1, 'C': 7, 'N': 2, 'H': 6, 'K': 1}",173.01171930821,positive,1,Nomex,meta-Aramid,adduct,break 1 bond(s) | H shift -1 | K | ; | break 2 bond(s) | K | ; | break 2 bond(s) | H shift -1 | K,1,-1,K,,"[0, 1, 2, 3, 4, 5, 6, 7, 8, 19, 20, 21, 22, 23, 24, 25, 31]",0.42999999999999994
C7H6KO,"{'C': 7, 'O': 1, 'H': 6, 'K': 1}",145.00557129935,positive,1,Nomex,meta-Aramid,adduct,break 1 bond(s) | H shift +1 | K | ; | break 2 bond(s) | H shift +1 | K | ; | break 2 bond(s) | H shift +1 | K,1,1,K,,"[11, 12, 13, 14, 15, 16, 17, 18, 26, 27, 28, 29, 30]",0.42999999999999994
C7H6N2NaO,"{'O': 1, 'C': 7, 'N': 2, 'H': 6, 'Na': 1}",157.03778210381,positive,1,Nomex,meta-Aramid,adduct,break 1 bond(s) | H shift -1 | Na | ; | break 2 bond(s) | Na | ; | break 2 bond(s) | H shift -1 | Na,1,-1,Na,,"[0, 1, 2, 3, 4, 5, 6, 7, 8, 19, 20, 21, 22, 23, 24, 25, 31]",0.42999999999999994
C7H6N2O2,"{'O': 2, 'C': 7, 'N': 2, 'H': 6}",150.04292744138,negative,-1,Nomex,meta-Aramid,adduct,break 1 bond(s) | H shift -1 | O | ; | break 2 bond(s) | H shift -1 | OH | ; | break 2 bond(s) | O,1,-1,O,,"[0, 1, 2, 3, 4, 5, 6, 7, 8, 19, 20, 21, 22, 23, 24, 25, 31]",0.42999999999999994
C7H6NaO,"{'C': 7, 'O': 1, 'H': 6, 'Na': 1}",129.03163409495,positive,1,Nomex,meta-Aramid,adduct,break 1 bond(s) | H shift +1 | Na | ; | break 2 bond(s) | H shift +1 | Na | ; | break 2 bond(s) | H shift +1 | Na,1,1,Na,,"[11, 12, 13, 14, 15, 16, 17, 18, 26, 27, 28, 29, 30]",0.42999999999999994
C7H7ClNO,"{'O': 1, 'C': 7, 'N': 1, 'H': 7, 'Cl': 1}",156.02161653161,negative,-1,Nomex,meta-Aramid,adduct,break 1 bond(s) | H shift +1 | Cl | ; | break 2 bond(s) | H shift +2 | Cl | ; | break 2 bond(s) | H shift +1 | Cl,1,1,Cl,,"[0, 1, 2, 3, 4, 5, 6, 7, 19, 20, 21, 22, 23, 24, 31]",0.42999999999999994
C7H7KNO,"{'O': 1, 'C': 7, 'N': 1, 'H': 7, 'K': 1}",160.01647033601,positive,1,Nomex,meta-Aramid,adduct,break 1 bond(s) | H shift +1 | K | ; | break 2 bond(s) | H shift +2 | K | ; | break 2 bond(s) | H shift +1 | K,1,1,K,,"[0, 1, 2, 3, 4, 5, 6, 7, 19, 20, 21, 22, 23, 24, 31]",0.42999999999999994
C7H7NNaO,"{'O': 1, 'C': 7, 'N': 1, 'H': 7, 'Na': 1}",144.04253313161,positive,1,Nomex,meta-Aramid,adduct,break 1 bond(s) | H shift +1 | Na | ; | break 2 bond(s) | H shift +2 | Na | ; | break 2 bond(s) | H shift +1 | Na,1,1,Na,,"[0, 1, 2, 3, 4, 5, 6, 7, 19, 20, 21, 22, 23, 24, 31]",0.42999999999999994
C7H7O2,"{'C': 7, 'O': 2, 'H': 7}",123.04460446475,negative,-1,Nomex,meta-Aramid,adduct,break 1 bond(s) | H shift +1 | OH | ; | break 1 bond(s) | H shift +2 | O | ; | break 2 bond(s) | H shift +1 | OH,1,1,OH,,"[11, 12, 13, 14, 15, 16, 17, 18, 26, 27, 28, 29, 30]",0.42999999999999994
C7H8ClN2O,"{'O': 1, 'C': 7, 'N': 2, 'H': 8, 'Cl': 1}",171.03251556827,negative,-1,Nomex,meta-Aramid,adduct,break 1 bond(s) | H shift +1 | Cl | ; | break 2 bond(s) | H shift +2 | Cl | ; | break 2 bond(s) | H shift +1 | Cl,1,1,Cl,,"[0, 1, 2, 3, 4, 5, 6, 7, 8, 19, 20, 21, 22, 23, 24, 25, 31]",0.42999999999999994
C7H8KN2O,"{'O': 1, 'C': 7, 'N': 2, 'H': 8, 'K': 1}",175.02736937267,positive,1,Nomex,meta-Aramid,adduct,break 1 bond(s) | H shift +1 | K | ; | break 2 bond(s) | H shift +2 | K | ; | break 2 bond(s) | H shift +1 | K,1,1,K,,"[0, 1, 2, 3, 4, 5, 6, 7, 8, 19, 20, 21, 22, 23, 24, 25, 31]",0.42999999999999994
C7H8N2NaO,"{'O': 1, 'C': 7, 'N': 2, 'H': 8, 'Na': 1}",159.05343216827,positive,1,Nomex,meta-Aramid,adduct,break 1 bond(s) | H shift +1 | Na | ; | break 2 bond(s) | H shift +2 | Na | ; | break 2 bond(s) | H shift +1 | Na,1,1,Na,,"[0, 1, 2, 3, 4, 5, 6, 7, 8, 19, 20, 21, 22, 23, 24, 25, 31]",0.42999999999999994
C7H8NO2,"{'O': 2, 'C': 7, 'N': 1, 'H': 8}",138.05550350141,negative,-1,Nomex,meta-Aramid,adduct,break 1 bond(s) | H shift +1 | OH | ; | break 1 bond(s) | H shift +2 | O | ; | break 2 bond(s) | H shift +2 | OH,1,1,OH,,"[0, 1, 2, 3, 4, 5, 6, 7, 19, 20, 21, 22, 23, 24, 31]",0.42999999999999994
C7H9N2O2,"{'O': 2, 'C': 7, 'N': 2, 'H': 9}",153.06640253807,negative,-1,Nomex,meta-Aramid,adduct,break 1 bond(s) | H shift +1 | OH | ; | break 1 bond(s) | H shift +2 | O | ; | break 2 bond(s) | H shift +2 | OH,1,1,OH,,"[0, 1, 2, 3, 4, 5, 6, 7, 8, 19, 20, 21, 22, 23, 24, 25, 31]",0.42999999999999994
C8H4ClO2,"{'C': 8, 'O': 2, 'H': 4, 'Cl': 1}",166.98998205006,negative,-1,Nomex,meta-Aramid,adduct,break 1 bond(s) | H shift -1 | Cl | ; | break 2 bond(s) | H shift -1 | Cl | ; | break 2 bond(s) | H shift -1 | Cl,1,-1,Cl,,"[9, 10, 11, 12, 13, 14, 15, 16, 17, 18, 26, 27, 28, 29, 30]",0.42999999999999994
C8H4KO2,"{'C': 8, 'O': 2, 'H': 4, 'K': 1}",170.98483585446,positive,1,Nomex,meta-Aramid,adduct,break 1 bond(s) | H shift -1 | K | ; | break 2 bond(s) | H shift -1 | K | ; | break 2 bond(s) | H shift -1 | K,1,-1,K,,"[9, 10, 11, 12, 13, 14, 15, 16, 17, 18, 26, 27, 28, 29, 30]",0.42999999999999994
C8H4NaO2,"{'C': 8, 'O': 2, 'H': 4, 'Na': 1}",155.01089865006,positive,1,Nomex,meta-Aramid,adduct,break 1 bond(s) | H shift -1 | Na | ; | break 2 bond(s) | H shift -1 | Na | ; | break 2 bond(s) | H shift -1 | Na,1,-1,Na,,"[9, 10, 11, 12, 13, 14, 15, 16, 17, 18, 26, 27, 28, 29, 30]",0.42999999999999994
C8H4O3,"{'C': 8, 'O': 3, 'H': 4}",148.01604398763,negative,-1,Nomex,meta-Aramid,adduct,break 1 bond(s) | H shift -1 | O | ; | break 2 bond(s) | H shift -2 | OH | ; | break 2 bond(s) | H shift -1 | O,1,-1,O,,"[9, 10, 11, 12, 13, 14, 15, 16, 17, 18, 26, 27, 28, 29, 30]",0.42999999999999994
C8H5ClNO2,"{'N': 1, 'C': 8, 'O': 2, 'H': 5, 'Cl': 1}",182.00088108672,negative,-1,Nomex,meta-Aramid,adduct,break 1 bond(s) | H shift -1 | Cl | ; | break 2 bond(s) | H shift -1 | Cl | ; | break 2 bond(s) | H shift -1 | Cl,1,-1,Cl,,"[8, 9, 10, 11, 12, 13, 14, 15, 16, 17, 18, 25, 26, 27, 28, 29, 30]",0.42999999999999994
C8H5KNO2,"{'N': 1, 'C': 8, 'O': 2, 'H': 5, 'K': 1}",185.99573489112,positive,1,Nomex,meta-Aramid,adduct,break 1 bond(s) | H shift -1 | K | ; | break 2 bond(s) | H shift -1 | K | ; | break 2 bond(s) | H shift -1 | K,1,-1,K,,"[8, 9, 10, 11, 12, 13, 14, 15, 16, 17, 18, 25, 26, 27, 28, 29, 30]",0.42999999999999994
C8H5NNaO2,"{'N': 1, 'C': 8, 'O': 2, 'H': 5, 'Na': 1}",170.02179768672,positive,1,Nomex,meta-Aramid,adduct,break 1 bond(s) | H shift -1 | Na | ; | break 2 bond(s) | H shift -1 | Na | ; | break 2 bond(s) | H shift -1 | Na,1,-1,Na,,"[8, 9, 10, 11, 12, 13, 14, 15, 16, 17, 18, 25, 26, 27, 28, 29, 30]",0.42999999999999994
C8H5NO3,"{'N': 1, 'C': 8, 'O': 3, 'H': 5}",163.02694302429,negative,-1,Nomex,meta-Aramid,adduct,break 1 bond(s) | H shift -1 | O | ; | break 2 bond(s) | H shift -2 | OH | ; | break 2 bond(s) | H shift -1 | O,1,-1,O,,"[8, 9, 10, 11, 12, 13, 14, 15, 16, 17, 18, 25, 26, 27, 28, 29, 30]",0.42999999999999994
C8H6ClN2O2,"{'O': 2, 'C': 8, 'N': 2, 'H': 6, 'Cl': 1}",197.01178012338,negative,-1,Nomex,meta-Aramid,adduct,break 1 bond(s) | H shift -1 | Cl | ; | break 2 bond(s) | H shift -1 | Cl,1,-1,Cl,,"[0, 1, 2, 3, 4, 5, 6, 7, 8, 9, 10, 19, 20, 21, 22, 23, 24, 25, 31]",0.42999999999999994
C8H6ClO2,"{'C': 8, 'O': 2, 'H': 6, 'Cl': 1}",169.00563211452,negative,-1,Nomex,meta-Aramid,adduct,break 1 bond(s) | H shift +1 | Cl | ; | break 2 bond(s) | H shift +1 | Cl | ; | break 2 bond(s) | H shift +1 | Cl,1,1,Cl,,"[9, 10, 11, 12, 13, 14, 15, 16, 17, 18, 26, 27, 28, 29, 30]",0.42999999999999994
C8H6KN2O2,"{'O': 2, 'C': 8, 'N': 2, 'H': 6, 'K': 1}",201.00663392778,positive,1,Nomex,meta-Aramid,adduct,break 1 bond(s) | H shift -1 | K | ; | break 2 bond(s) | H shift -1 | K,1,-1,K,,"[0, 1, 2, 3, 4, 5, 6, 7, 8, 9, 10, 19, 20, 21, 22, 23, 24, 25, 31]",0.42999999999999994
C8H6KO2,"{'C': 8, 'O': 2, 'H': 6, 'K': 1}",173.00048591892,positive,1,Nomex,meta-Aramid,adduct,break 1 bond(s) | H shift +1 | K | ; | break 2 bond(s) | H shift +1 | K | ; | break 2 bond(s) | H shift +1 | K,1,1,K,,"[9, 10, 11, 12, 13, 14, 15, 16, 17, 18, 26, 27, 28, 29, 30]",0.42999999999999994
C8H6N2NaO2,"{'O': 2, 'C': 8, 'N': 2, 'H': 6, 'Na': 1}",185.03269672338,positive,1,Nomex,meta-Aramid,adduct,break 1 bond(s) | H shift -1 | Na | ; | break 2 bond(s) | H shift -1 | Na,1,-1,Na,,"[0, 1, 2, 3, 4, 5, 6, 7, 8, 9, 10, 19, 20, 21, 22, 23, 24, 25, 31]",0.42999999999999994
C8H6N2O3,"{'O': 3, 'C': 8, 'N': 2, 'H': 6}",178.03784206095,negative,-1,Nomex,meta-Aramid,adduct,break 1 bond(s) | H shift -1 | O | ; | break 2 bond(s) | H shift -2 | OH | ; | break 2 bond(s) | H shift -1 | O,1,-1,O,,"[0, 1, 2, 3, 4, 5, 6, 7, 8, 9, 10, 19, 20, 21, 22, 23, 24, 25, 31]",0.42999999999999994
C8H6NaO2,"{'C': 8, 'O': 2, 'H': 6, 'Na': 1}",157.02654871452,positive,1,Nomex,meta-Aramid,adduct,break 1 bond(s) | H shift +1 | Na | ; | break 2 bond(s) | H shift +1 | Na | ; | break 2 bond(s) | H shift +1 | Na,1,1,Na,,"[9, 10, 11, 12, 13, 14, 15, 16, 17, 18, 26, 27, 28, 29, 30]",0.42999999999999994
C8H7ClNO2,"{'N': 1, 'C': 8, 'O': 2, 'H': 7, 'Cl': 1}",184.01653115118,negative,-1,Nomex,meta-Aramid,adduct,break 1 bond(s) | H shift +1 | Cl | ; | break 2 bond(s) | H shift +1 | Cl | ; | break 2 bond(s) | H shift +1 | Cl,1,1,Cl,,"[8, 9, 10, 11, 12, 13, 14, 15, 16, 17, 18, 25, 26, 27, 28, 29, 30]",0.42999999999999994
C8H7KNO2,"{'N': 1, 'C': 8, 'O': 2, 'H': 7, 'K': 1}",188.01138495558,positive,1,Nomex,meta-Aramid,adduct,break 1 bond(s) | H shift +1 | K | ; | break 2 bond(s) | H shift +1 | K | ; | break 2 bond(s) | H shift +1 | K,1,1,K,,"[8, 9, 10, 11, 12, 13, 14, 15, 16, 17, 18, 25, 26, 27, 28, 29, 30]",0.42999999999999994
C8H7NNaO2,"{'N': 1, 'C': 8, 'O': 2, 'H': 7, 'Na': 1}",172.03744775118,positive,1,Nomex,meta-Aramid,adduct,break 1 bond(s) | H shift +1 | Na | ; | break 2 bond(s) | H shift +1 | Na | ; | break 2 bond(s) | H shift +1 | Na,1,1,Na,,"[8, 9, 10, 11, 12, 13, 14, 15, 16, 17, 18, 25, 26, 27, 28, 29, 30]",0.42999999999999994
C8H7O3,"{'C': 8, 'O': 3, 'H': 7}",151.03951908432,negative,-1,Nomex,meta-Aramid,adduct,break 1 bond(s) | H shift +1 | OH | ; | break 1 bond(s) | H shift +2 | O | ; | break 2 bond(s) | H shift +1 | OH,1,1,OH,,"[9, 10, 11, 12, 13, 14, 15, 16, 17, 18, 26, 27, 28, 29, 30]",0.42999999999999994
C8H8ClN2O2,"{'O': 2, 'C': 8, 'N': 2, 'H': 8, 'Cl': 1}",199.02743018784,negative,-1,Nomex,meta-Aramid,adduct,break 1 bond(s) | H shift +1 | Cl | ; | break 2 bond(s) | H shift +1 | Cl,1,1,Cl,,"[0, 1, 2, 3, 4, 5, 6, 7, 8, 9, 10, 19, 20, 21, 22, 23, 24, 25, 31]",0.42999999999999994
C8H8KN2O2,"{'O': 2, 'C': 8, 'N': 2, 'H': 8, 'K': 1}",203.02228399224,positive,1,Nomex,meta-Aramid,adduct,break 1 bond(s) | H shift +1 | K | ; | break 2 bond(s) | H shift +1 | K,1,1,K,,"[0, 1, 2, 3, 4, 5, 6, 7, 8, 9, 10, 19, 20, 21, 22, 23, 24, 25, 31]",0.42999999999999994
C8H8N2NaO2,"{'O': 2, 'C': 8, 'N': 2, 'H': 8, 'Na': 1}",187.04834678784,positive,1,Nomex,meta-Aramid,adduct,break 1 bond(s) | H shift +1 | Na | ; | break 2 bond(s) | H shift +1 | Na,1,1,Na,,"[0, 1, 2, 3, 4, 5, 6, 7, 8, 9, 10, 19, 20, 21, 22, 23, 24, 25, 31]",0.42999999999999994
C8H8NO3,"{'N': 1, 'C': 8, 'O': 3, 'H': 8}",166.05041812098,negative,-1,Nomex,meta-Aramid,adduct,break 1 bond(s) | H shift +1 | OH | ; | break 1 bond(s) | H shift +2 | O | ; | break 2 bond(s) | H shift +1 | OH,1,1,OH,,"[8, 9, 10, 11, 12, 13, 14, 15, 16, 17, 18, 25, 26, 27, 28, 29, 30]",0.42999999999999994
C8H9N2O3,"{'O': 3, 'C': 8, 'N': 2, 'H': 9}",181.06131715764,negative,-1,Nomex,meta-Aramid,adduct,break 1 bond(s) | H shift +1 | OH | ; | break 1 bond(s) | H shift +2 | O | ; | break 2 bond(s) | H shift +1 | OH,1,1,OH,,"[0, 1, 2, 3, 4, 5, 6, 7, 8, 9, 10, 19, 20, 21, 22, 23, 24, 25, 31]",0.42999999999999994
CClO,"{'O': 1, 'C': 1, 'Cl': 1}",62.96376730157,negative,-1,Nomex,meta-Aramid,adduct,break 1 bond(s) | H shift -1 | Cl | ; | break 1 bond(s) | H shift -1 | Cl | ; | break 2 bond(s) | H shift -1 | Cl,1,-1,Cl,,"[0, 1, 20]",0.42999999999999994
CH2ClO,"{'O': 1, 'C': 1, 'H': 2, 'Cl': 1}",64.97941736602999,negative,-1,Nomex,meta-Aramid,adduct,break 1 bond(s) | H shift +1 | Cl | ; | break 1 bond(s) | H shift +1 | Cl | ; | break 2 bond(s) | H shift +1 | Cl,1,1,Cl,,"[0, 1, 20]",0.42999999999999994
CH2KO,"{'O': 1, 'C': 1, 'H': 2, 'K': 1}",68.97427117043,positive,1,Nomex,meta-Aramid,adduct,break 1 bond(s) | H shift +1 | K | ; | break 1 bond(s) | H shift +1 | K | ; | break 2 bond(s) | H shift +1 | K,1,1,K,,"[0, 1, 20]",0.42999999999999994
CH2NaO,"{'O': 1, 'C': 1, 'H': 2, 'Na': 1}",53.00033396603,positive,1,Nomex,meta-Aramid,adduct,break 1 bond(s) | H shift +1 | Na | ; | break 1 bond(s) | H shift +1 | Na | ; | break 2 bond(s) | H shift +1 | Na,1,1,Na,,"[0, 1, 20]",0.42999999999999994
CH3ClNO,"{'O': 1, 'C': 1, 'N': 1, 'H': 3, 'Cl': 1}",79.99031640269,negative,-1,Nomex,meta-Aramid,adduct,break 1 bond(s) | H shift +1 | Cl | ; | break 2 bond(s) | H shift +1 | Cl | ; | break 2 bond(s) | H shift +1 | Cl,1,1,Cl,,"[0, 1, 2, 20, 21]",0.42999999999999994
CH3KNO,"{'O': 1, 'C': 1, 'N': 1, 'H': 3, 'K': 1}",83.98517020709,positive,1,Nomex,meta-Aramid,adduct,break 1 bond(s) | H shift +1 | K | ; | break 2 bond(s) | H shift +1 | K | ; | break 2 bond(s) | H shift +1 | K,1,1,K,,"[0, 1, 2, 20, 21]",0.42999999999999994
CH3NNaO,"{'O': 1, 'C': 1, 'N': 1, 'H': 3, 'Na': 1}",68.01123300269,positive,1,Nomex,meta-Aramid,adduct,break 1 bond(s) | H shift +1 | Na | ; | break 2 bond(s) | H shift +1 | Na | ; | break 2 bond(s) | H shift +1 | Na,1,1,Na,,"[0, 1, 2, 20, 21]",0.42999999999999994
CH3O2,"{'O': 2, 'C': 1, 'H': 3}",47.01330433583,negative,-1,Nomex,meta-Aramid,adduct,break 1 bond(s) | H shift +1 | OH | ; | break 1 bond(s) | H shift +2 | O | ; | break 1 bond(s) | H shift +1 | OH,1,1,OH,,"[0, 1, 20]",0.42999999999999994
CH4NO2,"{'O': 2, 'C': 1, 'N': 1, 'H': 4}",62.02420337249,negative,-1,Nomex,meta-Aramid,adduct,break 1 bond(s) | H shift +1 | OH | ; | break 1 bond(s) | H shift +2 | O | ; | break 2 bond(s) | H shift +1 | OH,1,1,OH,,"[0, 1, 2, 20, 21]",0.42999999999999994
CHClNO,"{'O': 1, 'C': 1, 'N': 1, 'H': 1, 'Cl': 1}",77.97466633823,negative,-1,Nomex,meta-Aramid,adduct,break 1 bond(s) | H shift -1 | Cl | ; | break 2 bond(s) | H shift -1 | Cl | ; | break 2 bond(s) | H shift -1 | Cl,1,-1,Cl,,"[0, 1, 2, 20, 21]",0.42999999999999994
CHKNO,"{'O': 1, 'C': 1, 'N': 1, 'H': 1, 'K': 1}",81.96952014263,positive,1,Nomex,meta-Aramid,adduct,break 1 bond(s) | H shift -1 | K | ; | break 2 bond(s) | H shift -1 | K | ; | break 2 bond(s) | H shift -1 | K,1,-1,K,,"[0, 1, 2, 20, 21]",0.42999999999999994
CHNNaO,"{'O': 1, 'C': 1, 'N': 1, 'H': 1, 'Na': 1}",65.99558293823,positive,1,Nomex,meta-Aramid,adduct,break 1 bond(s) | H shift -1 | Na | ; | break 2 bond(s) | H shift -1 | Na | ; | break 2 bond(s) | H shift -1 | Na,1,-1,Na,,"[0, 1, 2, 20, 21]",0.42999999999999994
CHNO2,"{'O': 2, 'C': 1, 'N': 1, 'H': 1}",59.0007282758,negative,-1,Nomex,meta-Aramid,adduct,break 1 bond(s) | H shift -1 | O | ; | break 2 bond(s) | H shift -2 | OH | ; | break 2 bond(s) | H shift -1 | O,1,-1,O,,"[0, 1, 2, 20, 21]",0.42999999999999994
CKO,"{'O': 1, 'C': 1, 'K': 1}",66.95862110597,positive,1,Nomex,meta-Aramid,adduct,break 1 bond(s) | H shift -1 | K | ; | break 1 bond(s) | H shift -1 | K | ; | break 2 bond(s) | H shift -1 | K,1,-1,K,,"[0, 1, 20]",0.42999999999999994
CNaO,"{'O': 1, 'C': 1, 'Na': 1}",50.98468390157,positive,1,Nomex,meta-Aramid,adduct,break 1 bond(s) | H shift -1 | Na | ; | break 1 bond(s) | H shift -1 | Na | ; | break 2 bond(s) | H shift -1 | Na,1,-1,Na,,"[0, 1, 20]",0.42999999999999994
CO2,"{'O': 2, 'C': 1}",43.98982923914,negative,-1,Nomex,meta-Aramid,adduct,break 1 bond(s) | H shift -1 | O | ; | break 1 bond(s) | H shift -1 | O | ; | break 2 bond(s) | H shift -1 | O,1,-1,O,,"[0, 1, 20]",0.42999999999999994
C13H10N2O,"{'N': 2, 'C': 13, 'O': 1, 'H': 10}",210.07931295073,positive,1,Nomex,meta-Aramid,adduct,break 2 bond(s) | H shift -1 | H,2,-1,H,,"[2, 3, 4, 5, 6, 7, 8, 9, 10, 11, 12, 13, 14, 15, 18, 19, 21, 22, 23, 24, 25, 26, 27, 28, 30, 31]",0.4
C13H10N2O,"{'N': 2, 'C': 13, 'O': 1, 'H': 10}",210.07931295073,negative,-1,Nomex,meta-Aramid,adduct,break 2 bond(s) | H shift +1 | -H,2,1,-H,,"[2, 3, 4, 5, 6, 7, 8, 9, 10, 11, 12, 13, 14, 15, 18, 19, 21, 22, 23, 24, 25, 26, 27, 28, 30, 31]",0.4
C13H10N2O2,"{'N': 2, 'C': 13, 'O': 2, 'H': 10}",226.0742275703,neutral,0,Nomex,meta-Aramid,neutral_loss,break 1 bond(s) | H shift +2 | -CH3 | ; | break 1 bond(s) | H shift +2 | -CH3,1,2,,CH3,"[2, 3, 4, 5, 6, 7, 8, 9, 10, 11, 12, 13, 14, 15, 16, 17, 18, 19, 21, 22, 23, 24, 25, 26, 27, 28, 29, 30, 31]",0.4
C13H10NO,"{'C': 13, 'N': 1, 'O': 1, 'H': 10}",196.0762389463,neutral,0,Nomex,meta-Aramid,h_shift,break 2 bond(s) | H shift +1,2,1,,,"[3, 4, 5, 6, 7, 8, 9, 10, 11, 12, 13, 14, 15, 18, 19, 22, 23, 24, 25, 26, 27, 28, 30, 31]",0.4
C13H11N2O,"{'N': 2, 'C': 13, 'O': 1, 'H': 11}",211.08713798296,neutral,0,Nomex,meta-Aramid,h_shift,break 2 bond(s) | H shift +1,2,1,,,"[2, 3, 4, 5, 6, 7, 8, 9, 10, 11, 12, 13, 14, 15, 18, 19, 21, 22, 23, 24, 25, 26, 27, 28, 30, 31]",0.4
C13H11NO,"{'C': 13, 'N': 1, 'O': 1, 'H': 11}",197.08406397853,positive,1,Nomex,meta-Aramid,adduct,break 2 bond(s) | H shift +1 | H,2,1,H,,"[3, 4, 5, 6, 7, 8, 9, 10, 11, 12, 13, 14, 15, 18, 19, 22, 23, 24, 25, 26, 27, 28, 30, 31]",0.4
C13H12N,"{'C': 13, 'N': 1, 'H': 12}",182.09697439119,neutral,0,Nomex,meta-Aramid,neutral_loss,break 1 bond(s) | H shift +2 | -CO2 | ; | break 2 bond(s) | H shift +2 | -CO2,1,2,,CO2,"[3, 4, 5, 6, 7, 8, 9, 10, 11, 12, 13, 14, 15, 16, 17, 18, 19, 22, 23, 24, 25, 26, 27, 28, 29, 30, 31]",0.4
C13H12N2O,"{'N': 2, 'C': 13, 'O': 1, 'H': 12}",212.09496301519,positive,1,Nomex,meta-Aramid,adduct,break 2 bond(s) | H shift +1 | H,2,1,H,,"[2, 3, 4, 5, 6, 7, 8, 9, 10, 11, 12, 13, 14, 15, 18, 19, 21, 22, 23, 24, 25, 26, 27, 28, 30, 31]",0.4
C13H12NO,"{'C': 13, 'N': 1, 'O': 1, 'H': 12}",198.09188901075999,neutral,0,Nomex,meta-Aramid,neutral_loss,break 1 bond(s) | H shift +2 | -CO | ; | break 2 bond(s) | H shift +2 | -CO,1,2,,CO,"[3, 4, 5, 6, 7, 8, 9, 10, 11, 12, 13, 14, 15, 16, 17, 18, 19, 22, 23, 24, 25, 26, 27, 28, 29, 30, 31]",0.4
C13H13N2,"{'N': 2, 'C': 13, 'H': 13}",197.10787342785,neutral,0,Nomex,meta-Aramid,neutral_loss,break 1 bond(s) | H shift +2 | -CO2 | ; | break 1 bond(s) | H shift +2 | -CO2,1,2,,CO2,"[2, 3, 4, 5, 6, 7, 8, 9, 10, 11, 12, 13, 14, 15, 16, 17, 18, 19, 21, 22, 23, 24, 25, 26, 27, 28, 29, 30, 31]",0.4
C13H13N2O,"{'N': 2, 'C': 13, 'O': 1, 'H': 13}",213.10278804742,neutral,0,Nomex,meta-Aramid,neutral_loss,break 1 bond(s) | H shift +2 | -CO | ; | break 1 bond(s) | H shift +2 | -CO,1,2,,CO,"[2, 3, 4, 5, 6, 7, 8, 9, 10, 11, 12, 13, 14, 15, 16, 17, 18, 19, 21, 22, 23, 24, 25, 26, 27, 28, 29, 30, 31]",0.4
C13H5NO2,"{'C': 13, 'N': 1, 'O': 2, 'H': 5}",207.03202840472,neutral,0,Nomex,meta-Aramid,neutral_loss,break 1 bond(s) | H shift -2 | -CH3 | ; | break 2 bond(s) | H shift -2 | -CH3,1,-2,,CH3,"[3, 4, 5, 6, 7, 8, 9, 10, 11, 12, 13, 14, 15, 16, 17, 18, 19, 22, 23, 24, 25, 26, 27, 28, 29, 30, 31]",0.4
C13H7NO,"{'C': 13, 'N': 1, 'O': 1, 'H': 7}",193.05276384961,negative,-1,Nomex,meta-Aramid,adduct,break 2 bond(s) | H shift -1 | -H,2,-1,-H,,"[3, 4, 5, 6, 7, 8, 9, 10, 11, 12, 13, 14, 15, 18, 19, 22, 23, 24, 25, 26, 27, 28, 30, 31]",0.4
C13H8N,"{'C': 13, 'N': 1, 'H': 8}",178.06567426227,neutral,0,Nomex,meta-Aramid,neutral_loss,break 1 bond(s) | H shift -2 | -CO2 | ; | break 2 bond(s) | H shift -2 | -CO2 | ; | break 2 bond(s) | -OH,1,-2,,CO2,"[3, 4, 5, 6, 7, 8, 9, 10, 11, 12, 13, 14, 15, 16, 17, 18, 19, 22, 23, 24, 25, 26, 27, 28, 29, 30, 31]",0.4
C13H8N2O,"{'N': 2, 'C': 13, 'O': 1, 'H': 8}",208.06366288627,negative,-1,Nomex,meta-Aramid,adduct,break 2 bond(s) | H shift -1 | -H,2,-1,-H,,"[2, 3, 4, 5, 6, 7, 8, 9, 10, 11, 12, 13, 14, 15, 18, 19, 21, 22, 23, 24, 25, 26, 27, 28, 30, 31]",0.4
C13H8NO,"{'C': 13, 'N': 1, 'O': 1, 'H': 8}",194.06058888184,neutral,0,Nomex,meta-Aramid,neutral_loss,break 1 bond(s) | H shift -2 | -CO | ; | break 2 bond(s) | H shift -2 | -CO | ; | break 2 bond(s) | H shift +1 | -NH3,1,-2,,CO,"[3, 4, 5, 6, 7, 8, 9, 10, 11, 12, 13, 14, 15, 16, 17, 18, 19, 22, 23, 24, 25, 26, 27, 28, 29, 30, 31]",0.4
C13H8NO,"{'C': 13, 'N': 1, 'O': 1, 'H': 8}",194.06058888184,neutral,0,Nomex,meta-Aramid,h_shift,break 2 bond(s) | H shift -1,2,-1,,,"[3, 4, 5, 6, 7, 8, 9, 10, 11, 12, 13, 14, 15, 18, 19, 22, 23, 24, 25, 26, 27, 28, 30, 31]",0.4
C13H9N2O,"{'N': 2, 'C': 13, 'O': 1, 'H': 9}",209.0714879185,neutral,0,Nomex,meta-Aramid,h_shift,break 2 bond(s) | H shift -1,2,-1,,,"[2, 3, 4, 5, 6, 7, 8, 9, 10, 11, 12, 13, 14, 15, 18, 19, 21, 22, 23, 24, 25, 26, 27, 28, 30, 31]",0.4
C13H9NO,"{'C': 13, 'N': 1, 'O': 1, 'H': 9}",195.06841391407,positive,1,Nomex,meta-Aramid,adduct,break 2 bond(s) | H shift -1 | H,2,-1,H,,"[3, 4, 5, 6, 7, 8, 9, 10, 11, 12, 13, 14, 15, 18, 19, 22, 23, 24, 25, 26, 27, 28, 30, 31]",0.4
C13H9NO,"{'C': 13, 'N': 1, 'O': 1, 'H': 9}",195.06841391407,negative,-1,Nomex,meta-Aramid,adduct,break 2 bond(s) | H shift +1 | -H,2,1,-H,,"[3, 4, 5, 6, 7, 8, 9, 10, 11, 12, 13, 14, 15, 18, 19, 22, 23, 24, 25, 26, 27, 28, 30, 31]",0.4
C13H9NO2,"{'C': 13, 'N': 1, 'O': 2, 'H': 9}",211.06332853364,neutral,0,Nomex,meta-Aramid,neutral_loss,break 1 bond(s) | H shift +2 | -CH3 | ; | break 2 bond(s) | H shift +2 | -CH3,1,2,,CH3,"[3, 4, 5, 6, 7, 8, 9, 10, 11, 12, 13, 14, 15, 16, 17, 18, 19, 22, 23, 24, 25, 26, 27, 28, 29, 30, 31]",0.4
C14H10NO2,"{'N': 1, 'C': 14, 'O': 2, 'H': 10}",224.07115356587,neutral,0,Nomex,meta-Aramid,neutral_loss,break 1 bond(s) | H shift +2 | -NH3 | ; | break 1 bond(s) | H shift +2 | -H2 | ; | break 1 bond(s) | H shift +2 | -NH3,1,2,,NH3,"[2, 3, 4, 5, 6, 7, 8, 9, 10, 11, 12, 13, 14, 15, 16, 17, 18, 19, 21, 22, 23, 24, 25, 26, 27, 28, 29, 30, 31]",0.4
C14H11N2O2,"{'N': 2, 'C': 14, 'O': 2, 'H': 11}",239.08205260252998,neutral,0,Nomex,meta-Aramid,neutral_loss,break 1 bond(s) | H shift +2 | -H2 | ; | break 1 bond(s) | H shift +2 | -H2,1,2,,H2,"[2, 3, 4, 5, 6, 7, 8, 9, 10, 11, 12, 13, 14, 15, 16, 17, 18, 19, 21, 22, 23, 24, 25, 26, 27, 28, 29, 30, 31]",0.4
C14H11NO,"{'C': 14, 'N': 1, 'O': 1, 'H': 11}",209.08406397853,neutral,0,Nomex,meta-Aramid,neutral_loss,break 1 bond(s) | H shift +2 | -OH | ; | break 2 bond(s) | H shift +2 | -OH,1,2,,OH,"[3, 4, 5, 6, 7, 8, 9, 10, 11, 12, 13, 14, 15, 16, 17, 18, 19, 22, 23, 24, 25, 26, 27, 28, 29, 30, 31]",0.4
C14H12N2O,"{'N': 2, 'C': 14, 'O': 1, 'H': 12}",224.09496301519,neutral,0,Nomex,meta-Aramid,neutral_loss,break 1 bond(s) | H shift +2 | -OH | ; | break 1 bond(s) | H shift +2 | -OH,1,2,,OH,"[2, 3, 4, 5, 6, 7, 8, 9, 10, 11, 12, 13, 14, 15, 16, 17, 18, 19, 21, 22, 23, 24, 25, 26, 27, 28, 29, 30, 31]",0.4
C14H5O2,"{'C': 14, 'O': 2, 'H': 5}",205.02895440029,neutral,0,Nomex,meta-Aramid,neutral_loss,break 1 bond(s) | H shift -2 | -NH3 | ; | break 2 bond(s) | H shift -2 | -NH3,1,-2,,NH3,"[3, 4, 5, 6, 7, 8, 9, 10, 11, 12, 13, 14, 15, 16, 17, 18, 19, 22, 23, 24, 25, 26, 27, 28, 29, 30, 31]",0.4
C14H6NO,"{'C': 14, 'N': 1, 'O': 1, 'H': 6}",204.04493881738,neutral,0,Nomex,meta-Aramid,neutral_loss,break 1 bond(s) | H shift -2 | -H2O | ; | break 2 bond(s) | H shift -2 | -H2O,1,-2,,H2O,"[3, 4, 5, 6, 7, 8, 9, 10, 11, 12, 13, 14, 15, 16, 17, 18, 19, 22, 23, 24, 25, 26, 27, 28, 29, 30, 31]",0.4
C14H9O2,"{'C': 14, 'O': 2, 'H': 9}",209.06025452921,neutral,0,Nomex,meta-Aramid,neutral_loss,break 1 bond(s) | H shift +2 | -NH3 | ; | break 2 bond(s) | H shift +2 | -NH3,1,2,,NH3,"[3, 4, 5, 6, 7, 8, 9, 10, 11, 12, 13, 14, 15, 16, 17, 18, 19, 22, 23, 24, 25, 26, 27, 28, 29, 30, 31]",0.4
C6H2,"{'C': 6, 'H': 2}",74.01565006446,negative,-1,Nomex,meta-Aramid,adduct,break 2 bond(s) | H shift -1 | -H | ; | break 2 bond(s) | H shift -1 | -H,2,-1,-H,,"[3, 4, 5, 6, 7, 19, 22, 23, 24, 31]",0.4
C6H2N2O,"{'O': 1, 'C': 6, 'N': 2, 'H': 2}",118.01671269289,neutral,0,Nomex,meta-Aramid,neutral_loss,break 1 bond(s) | H shift -2 | -CH3 | ; | break 2 bond(s) | H shift -1 | -CH3 | ; | break 2 bond(s) | H shift -2 | -CH3,1,-2,,CH3,"[0, 1, 2, 3, 4, 5, 6, 7, 8, 19, 20, 21, 22, 23, 24, 25, 31]",0.4
C6H3,"{'C': 6, 'H': 3}",75.02347509669,neutral,0,Nomex,meta-Aramid,neutral_loss,break 1 bond(s) | H shift -2 | -CO | ; | break 2 bond(s) | H shift +1 | -NH3 | ; | break 2 bond(s) | H shift -2 | -CO,1,-2,,CO,"[11, 12, 13, 14, 15, 16, 17, 18, 26, 27, 28, 29, 30]",0.4
C6H3,"{'C': 6, 'H': 3}",75.02347509669,neutral,0,Nomex,meta-Aramid,h_shift,break 2 bond(s) | H shift -1 | ; | break 2 bond(s) | H shift -1,2,-1,,,"[3, 4, 5, 6, 7, 19, 22, 23, 24, 31]",0.4
C6H3N,"{'N': 1, 'C': 6, 'H': 3}",89.02654910112,negative,-1,Nomex,meta-Aramid,adduct,break 2 bond(s) | H shift -1 | -H | ; | break 2 bond(s) | H shift -1 | -H,2,-1,-H,,"[2, 3, 4, 5, 6, 7, 19, 21, 22, 23, 24, 31]",0.4
C6H4,"{'C': 6, 'H': 4}",76.03130012892,positive,1,Nomex,meta-Aramid,adduct,break 2 bond(s) | H shift -1 | H | ; | break 2 bond(s) | H shift -1 | H,2,-1,H,,"[3, 4, 5, 6, 7, 19, 22, 23, 24, 31]",0.4
C6H4,"{'C': 6, 'H': 4}",76.03130012892,negative,-1,Nomex,meta-Aramid,adduct,break 2 bond(s) | H shift +1 | -H | ; | break 2 bond(s) | H shift +1 | -H,2,1,-H,,"[3, 4, 5, 6, 7, 19, 22, 23, 24, 31]",0.4
C6H4N,"{'C': 6, 'N': 1, 'H': 4}",90.03437413335,neutral,0,Nomex,meta-Aramid,neutral_loss,break 1 bond(s) | H shift -2 | -CO | ; | break 2 bond(s) | H shift +1 | -H2 | ; | break 2 bond(s) | H shift +1 | -NH3,1,-2,,CO,"[0, 1, 2, 3, 4, 5, 6, 7, 19, 20, 21, 22, 23, 24, 31]",0.4
C6H4N,"{'N': 1, 'C': 6, 'H': 4}",90.03437413335,neutral,0,Nomex,meta-Aramid,h_shift,break 2 bond(s) | H shift -1 | ; | break 2 bond(s) | H shift -1,2,-1,,,"[2, 3, 4, 5, 6, 7, 19, 21, 22, 23, 24, 31]",0.4
C6H4N2,"{'N': 2, 'C': 6, 'H': 4}",104.03744813778,negative,-1,Nomex,meta-Aramid,adduct,break 2 bond(s) | H shift -1 | -H,2,-1,-H,,"[2, 3, 4, 5, 6, 7, 8, 19, 21, 22, 23, 24, 25, 31]",0.4
C6H4O,"{'C': 6, 'O': 1, 'H': 4}",92.02621474849,neutral,0,Nomex,meta-Aramid,neutral_loss,break 1 bond(s) | H shift +2 | -CH3 | ; | break 2 bond(s) | H shift +2 | -CH3 | ; | break 2 bond(s) | H shift +2 | -CH3,1,2,,CH3,"[11, 12, 13, 14, 15, 16, 17, 18, 26, 27, 28, 29, 30]",0.4
C6H5,"{'C': 6, 'H': 5}",77.03912516115,neutral,0,Nomex,meta-Aramid,h_shift,break 2 bond(s) | H shift +1 | ; | break 2 bond(s) | H shift +1,2,1,,,"[3, 4, 5, 6, 7, 19, 22, 23, 24, 31]",0.4
C6H5N,"{'N': 1, 'C': 6, 'H': 5}",91.04219916558,positive,1,Nomex,meta-Aramid,adduct,break 2 bond(s) | H shift -1 | H | ; | break 2 bond(s) | H shift -1 | H,2,-1,H,,"[2, 3, 4, 5, 6, 7, 19, 21, 22, 23, 24, 31]",0.4
C6H5N,"{'N': 1, 'C': 6, 'H': 5}",91.04219916558,negative,-1,Nomex,meta-Aramid,adduct,break 2 bond(s) | H shift +1 | -H | ; | break 2 bond(s) | H shift +1 | -H,2,1,-H,,"[2, 3, 4, 5, 6, 7, 19, 21, 22, 23, 24, 31]",0.4
C6H5N2,"{'C': 6, 'N': 2, 'H': 5}",105.04527317001,neutral,0,Nomex,meta-Aramid,neutral_loss,break 1 bond(s) | H shift -2 | -CO | ; | break 2 bond(s) | H shift +1 | -H2 | ; | break 2 bond(s) | H shift -1 | -CO,1,-2,,CO,"[0, 1, 2, 3, 4, 5, 6, 7, 8, 19, 20, 21, 22, 23, 24, 25, 31]",0.4
C6H5N2,"{'N': 2, 'C': 6, 'H': 5}",105.04527317001,neutral,0,Nomex,meta-Aramid,h_shift,break 2 bond(s) | H shift -1,2,-1,,,"[2, 3, 4, 5, 6, 7, 8, 19, 21, 22, 23, 24, 25, 31]",0.4
C6H5NO,"{'O': 1, 'C': 6, 'N': 1, 'H': 5}",107.03711378515,neutral,0,Nomex,meta-Aramid,neutral_loss,break 1 bond(s) | H shift +2 | -CH3 | ; | break 2 bond(s) | H shift +2 | -CH3 | ; | break 2 bond(s) | H shift +2 | -CH3,1,2,,CH3,"[0, 1, 2, 3, 4, 5, 6, 7, 19, 20, 21, 22, 23, 24, 31]",0.4
C6H6,"{'C': 6, 'H': 6}",78.04695019338,positive,1,Nomex,meta-Aramid,adduct,break 2 bond(s) | H shift +1 | H | ; | break 2 bond(s) | H shift +1 | H,2,1,H,,"[3, 4, 5, 6, 7, 19, 22, 23, 24, 31]",0.4
C6H6N,"{'N': 1, 'C': 6, 'H': 6}",92.05002419781,neutral,0,Nomex,meta-Aramid,h_shift,break 2 bond(s) | H shift +1 | ; | break 2 bond(s) | H shift +1,2,1,,,"[2, 3, 4, 5, 6, 7, 19, 21, 22, 23, 24, 31]",0.4
C6H6N2,"{'N': 2, 'C': 6, 'H': 6}",106.05309820224,positive,1,Nomex,meta-Aramid,adduct,break 2 bond(s) | H shift -1 | H,2,-1,H,,"[2, 3, 4, 5, 6, 7, 8, 19, 21, 22, 23, 24, 25, 31]",0.4
C6H6N2,"{'N': 2, 'C': 6, 'H': 6}",106.05309820224,negative,-1,Nomex,meta-Aramid,adduct,break 2 bond(s) | H shift +1 | -H,2,1,-H,,"[2, 3, 4, 5, 6, 7, 8, 19, 21, 22, 23, 24, 25, 31]",0.4
C6H6N2O,"{'O': 1, 'C': 6, 'N': 2, 'H': 6}",122.04801282181,neutral,0,Nomex,meta-Aramid,neutral_loss,break 1 bond(s) | H shift +2 | -CH3 | ; | break 2 bond(s) | H shift +2 | -CH3 | ; | break 2 bond(s) | H shift +2 | -CH3,1,2,,CH3,"[0, 1, 2, 3, 4, 5, 6, 7, 8, 19, 20, 21, 22, 23, 24, 25, 31]",0.4
C6H7,"{'C': 6, 'H': 7}",79.05477522561,neutral,0,Nomex,meta-Aramid,neutral_loss,break 1 bond(s) | H shift +2 | -CO | ; | break 2 bond(s) | H shift +2 | -CO | ; | break 2 bond(s) | H shift +2 | -CO,1,2,,CO,"[11, 12, 13, 14, 15, 16, 17, 18, 26, 27, 28, 29, 30]",0.4
C6H7N,"{'N': 1, 'C': 6, 'H': 7}",93.05784923004,positive,1,Nomex,meta-Aramid,adduct,break 2 bond(s) | H shift +1 | H | ; | break 2 bond(s) | H shift +1 | H,2,1,H,,"[2, 3, 4, 5, 6, 7, 19, 21, 22, 23, 24, 31]",0.4
C6H7N2,"{'N': 2, 'C': 6, 'H': 7}",107.06092323447,neutral,0,Nomex,meta-Aramid,h_shift,break 2 bond(s) | H shift +1,2,1,,,"[2, 3, 4, 5, 6, 7, 8, 19, 21, 22, 23, 24, 25, 31]",0.4
C6H8N,"{'C': 6, 'N': 1, 'H': 8}",94.06567426227,neutral,0,Nomex,meta-Aramid,neutral_loss,break 1 bond(s) | H shift +2 | -CO | ; | break 2 bond(s) | H shift +2 | -CO | ; | break 2 bond(s) | H shift +2 | -CO,1,2,,CO,"[0, 1, 2, 3, 4, 5, 6, 7, 19, 20, 21, 22, 23, 24, 31]",0.4
C6H8N2,"{'N': 2, 'C': 6, 'H': 8}",108.0687482667,positive,1,Nomex,meta-Aramid,adduct,break 2 bond(s) | H shift +1 | H,2,1,H,,"[2, 3, 4, 5, 6, 7, 8, 19, 21, 22, 23, 24, 25, 31]",0.4
C6H9N2,"{'C': 6, 'N': 2, 'H': 9}",109.07657329893,neutral,0,Nomex,meta-Aramid,neutral_loss,break 1 bond(s) | H shift +2 | -CO | ; | break 2 bond(s) | H shift +2 | -CO | ; | break 2 bond(s) | H shift +2 | -CO,1,2,,CO,"[0, 1, 2, 3, 4, 5, 6, 7, 8, 19, 20, 21, 22, 23, 24, 25, 31]",0.4
C6HNO,"{'O': 1, 'C': 6, 'N': 1, 'H': 1}",103.00581365623,neutral,0,Nomex,meta-Aramid,neutral_loss,break 1 bond(s) | H shift -2 | -CH3 | ; | break 2 bond(s) | H shift -1 | -CH3 | ; | break 2 bond(s) | H shift -2 | -CH3,1,-2,,CH3,"[0, 1, 2, 3, 4, 5, 6, 7, 19, 20, 21, 22, 23, 24, 31]",0.4
C6O,"{'C': 6, 'O': 1}",87.99491461957,neutral,0,Nomex,meta-Aramid,neutral_loss,break 1 bond(s) | H shift -2 | -CH3 | ; | break 2 bond(s) | H shift -2 | -CH3 | ; | break 2 bond(s) | H shift -2 | -CH3,1,-2,,CH3,"[11, 12, 13, 14, 15, 16, 17, 18, 26, 27, 28, 29, 30]",0.4
C7H,"{'C': 7, 'H': 1}",85.00782503223,neutral,0,Nomex,meta-Aramid,neutral_loss,break 1 bond(s) | H shift -2 | -H2O | ; | break 2 bond(s) | H shift -2 | -H2O | ; | break 2 bond(s) | H shift -2 | -H2O,1,-2,,H2O,"[11, 12, 13, 14, 15, 16, 17, 18, 26, 27, 28, 29, 30]",0.4
C7H2N,"{'C': 7, 'N': 1, 'H': 2}",100.01872406889,neutral,0,Nomex,meta-Aramid,neutral_loss,break 1 bond(s) | H shift -2 | -H2O | ; | break 2 bond(s) | H shift -2 | -OH | ; | break 2 bond(s) | H shift -1 | -H2O,1,-2,,H2O,"[0, 1, 2, 3, 4, 5, 6, 7, 19, 20, 21, 22, 23, 24, 31]",0.4
C7H2N2O2,"{'O': 2, 'C': 7, 'N': 2, 'H': 2}",146.01162731246,neutral,0,Nomex,meta-Aramid,neutral_loss,break 1 bond(s) | H shift -2 | -CH3 | ; | break 2 bond(s) | H shift -2 | -CH3,1,-2,,CH3,"[0, 1, 2, 3, 4, 5, 6, 7, 8, 9, 10, 19, 20, 21, 22, 23, 24, 25, 31]",0.4
C7H2NO,"{'O': 1, 'C': 7, 'N': 1, 'H': 2}",116.01363868846,neutral,0,Nomex,meta-Aramid,neutral_loss,break 1 bond(s) | H shift -2 | -H2 | ; | break 1 bond(s) | H shift -2 | -NH3 | ; | break 2 bond(s) | H shift -1 | -NH3,1,-2,,H2,"[0, 1, 2, 3, 4, 5, 6, 7, 19, 20, 21, 22, 23, 24, 31]",0.4
C7H3N2,"{'C': 7, 'N': 2, 'H': 3}",115.02962310555,neutral,0,Nomex,meta-Aramid,neutral_loss,break 1 bond(s) | H shift -2 | -H2O | ; | break 2 bond(s) | H shift -2 | -OH | ; | break 2 bond(s) | H shift -1 | -H2O,1,-2,,H2O,"[0, 1, 2, 3, 4, 5, 6, 7, 8, 19, 20, 21, 22, 23, 24, 25, 31]",0.4
C7H3N2O,"{'O': 1, 'C': 7, 'N': 2, 'H': 3}",131.02453772512,neutral,0,Nomex,meta-Aramid,neutral_loss,break 1 bond(s) | H shift -2 | -H2 | ; | break 2 bond(s) | H shift -1 | -H2 | ; | break 2 bond(s) | H shift -2 | -H2,1,-2,,H2,"[0, 1, 2, 3, 4, 5, 6, 7, 8, 19, 20, 21, 22, 23, 24, 25, 31]",0.4
C7H4O2,"{'C': 7, 'O': 2, 'H': 4}",120.02112936806,neutral,0,Nomex,meta-Aramid,neutral_loss,break 1 bond(s) | H shift +2 | -CH3 | ; | break 2 bond(s) | H shift +2 | -CH3 | ; | break 2 bond(s) | H shift +2 | -CH3,1,2,,CH3,"[9, 10, 11, 12, 13, 14, 15, 16, 17, 18, 26, 27, 28, 29, 30]",0.4
C7H5NO2,"{'N': 1, 'C': 7, 'O': 2, 'H': 5}",135.03202840472,neutral,0,Nomex,meta-Aramid,neutral_loss,break 1 bond(s) | H shift +2 | -CH3 | ; | break 2 bond(s) | H shift +2 | -CH3 | ; | break 2 bond(s) | H shift +2 | -CH3,1,2,,CH3,"[8, 9, 10, 11, 12, 13, 14, 15, 16, 17, 18, 25, 26, 27, 28, 29, 30]",0.4
C7H5O,"{'C': 7, 'O': 1, 'H': 5}",105.03403978072001,neutral,0,Nomex,meta-Aramid,h_shift,break 2 bond(s) | H shift +1,2,1,,,"[9, 10, 11, 12, 13, 14, 15, 18, 26, 27, 28, 30]",0.4
C7H6N2O2,"{'O': 2, 'C': 7, 'N': 2, 'H': 6}",150.04292744138,neutral,0,Nomex,meta-Aramid,neutral_loss,break 1 bond(s) | H shift +2 | -CH3 | ; | break 2 bond(s) | H shift +2 | -CH3,1,2,,CH3,"[0, 1, 2, 3, 4, 5, 6, 7, 8, 9, 10, 19, 20, 21, 22, 23, 24, 25, 31]",0.4
C7H6NO,"{'C': 7, 'N': 1, 'O': 1, 'H': 6}",120.04493881738,neutral,0,Nomex,meta-Aramid,h_shift,break 2 bond(s) | H shift +1 | ; | break 2 bond(s) | H shift +1,2,1,,,"[3, 4, 5, 6, 7, 8, 9, 10, 19, 22, 23, 24, 25, 31]",0.4
C7H7,"{'C': 7, 'H': 7}",91.05477522561,neutral,0,Nomex,meta-Aramid,neutral_loss,break 1 bond(s) | H shift +2 | -CO2 | ; | break 2 bond(s) | H shift +2 | -CO2 | ; | break 2 bond(s) | H shift +2 | -CO2,1,2,,CO2,"[9, 10, 11, 12, 13, 14, 15, 16, 17, 18, 26, 27, 28, 29, 30]",0.4
C7H7N2O,"{'N': 2, 'C': 7, 'O': 1, 'H': 7}",135.05583785404,neutral,0,Nomex,meta-Aramid,h_shift,break 2 bond(s) | H shift +1,2,1,,,"[2, 3, 4, 5, 6, 7, 8, 9, 10, 19, 21, 22, 23, 24, 25, 31]",0.4
C7H7O,"{'C': 7, 'O': 1, 'H': 7}",107.04968984518,neutral,0,Nomex,meta-Aramid,neutral_loss,break 1 bond(s) | H shift +2 | -CO | ; | break 2 bond(s) | H shift +2 | -CO | ; | break 2 bond(s) | H shift +2 | -CO,1,2,,CO,"[9, 10, 11, 12, 13, 14, 15, 16, 17, 18, 26, 27, 28, 29, 30]",0.4
C7H8N,"{'N': 1, 'C': 7, 'H': 8}",106.06567426227,neutral,0,Nomex,meta-Aramid,neutral_loss,break 1 bond(s) | H shift +2 | -CO2 | ; | break 2 bond(s) | H shift +2 | -CO2 | ; | break 2 bond(s) | H shift +2 | -CO2,1,2,,CO2,"[8, 9, 10, 11, 12, 13, 14, 15, 16, 17, 18, 25, 26, 27, 28, 29, 30]",0.4
C7H8NO,"{'N': 1, 'C': 7, 'O': 1, 'H': 8}",122.06058888184,neutral,0,Nomex,meta-Aramid,neutral_loss,break 1 bond(s) | H shift +2 | -CO | ; | break 2 bond(s) | H shift +2 | -CO | ; | break 2 bond(s) | H shift +2 | -CO,1,2,,CO,"[8, 9, 10, 11, 12, 13, 14, 15, 16, 17, 18, 25, 26, 27, 28, 29, 30]",0.4
C7H9N2,"{'C': 7, 'N': 2, 'H': 9}",121.07657329893,neutral,0,Nomex,meta-Aramid,neutral_loss,break 1 bond(s) | H shift +2 | -CO2 | ; | break 2 bond(s) | H shift +2 | -CO2,1,2,,CO2,"[0, 1, 2, 3, 4, 5, 6, 7, 8, 9, 10, 19, 20, 21, 22, 23, 24, 25, 31]",0.4
C7H9N2O,"{'O': 1, 'C': 7, 'N': 2, 'H': 9}",137.0714879185,neutral,0,Nomex,meta-Aramid,neutral_loss,break 1 bond(s) | H shift +2 | -CO | ; | break 2 bond(s) | H shift +2 | -CO,1,2,,CO,"[0, 1, 2, 3, 4, 5, 6, 7, 8, 9, 10, 19, 20, 21, 22, 23, 24, 25, 31]",0.4
C7HNO2,"{'N': 1, 'C': 7, 'O': 2, 'H': 1}",131.0007282758,neutral,0,Nomex,meta-Aramid,neutral_loss,break 1 bond(s) | H shift -2 | -CH3 | ; | break 2 bond(s) | H shift -2 | -CH3 | ; | break 2 bond(s) | H shift -2 | -CH3,1,-2,,CH3,"[8, 9, 10, 11, 12, 13, 14, 15, 16, 17, 18, 25, 26, 27, 28, 29, 30]",0.4
C7HO,"{'O': 1, 'C': 7, 'H': 1}",101.0027396518,neutral,0,Nomex,meta-Aramid,neutral_loss,break 1 bond(s) | H shift -2 | -NH3 | ; | break 1 bond(s) | H shift -2 | -H2 | ; | break 2 bond(s) | H shift -2 | -H2,1,-2,,NH3,"[0, 1, 2, 3, 4, 5, 6, 7, 19, 20, 21, 22, 23, 24, 31]",0.4
C7O2,"{'C': 7, 'O': 2}",115.98982923914,neutral,0,Nomex,meta-Aramid,neutral_loss,break 1 bond(s) | H shift -2 | -CH3 | ; | break 2 bond(s) | H shift -2 | -CH3 | ; | break 2 bond(s) | H shift -2 | -CH3,1,-2,,CH3,"[9, 10, 11, 12, 13, 14, 15, 16, 17, 18, 26, 27, 28, 29, 30]",0.4
C8H2NO,"{'N': 1, 'C': 8, 'O': 1, 'H': 2}",128.01363868846,neutral,0,Nomex,meta-Aramid,neutral_loss,break 1 bond(s) | H shift -2 | -H2O | ; | break 2 bond(s) | H shift -2 | -H2O | ; | break 2 bond(s) | H shift -2 | -H2O,1,-2,,H2O,"[8, 9, 10, 11, 12, 13, 14, 15, 16, 17, 18, 25, 26, 27, 28, 29, 30]",0.4
C8H2NO2,"{'N': 1, 'C': 8, 'O': 2, 'H': 2}",144.00855330803,neutral,0,Nomex,meta-Aramid,neutral_loss,break 1 bond(s) | H shift -2 | -H2 | ; | break 1 bond(s) | H shift -2 | -NH3 | ; | break 2 bond(s) | H shift -2 | -H2,1,-2,,H2,"[8, 9, 10, 11, 12, 13, 14, 15, 16, 17, 18, 25, 26, 27, 28, 29, 30]",0.4
C8H3N2O,"{'O': 1, 'C': 8, 'N': 2, 'H': 3}",143.02453772512,neutral,0,Nomex,meta-Aramid,neutral_loss,break 1 bond(s) | H shift -2 | -H2O | ; | break 2 bond(s) | H shift -2 | -H2O,1,-2,,H2O,"[0, 1, 2, 3, 4, 5, 6, 7, 8, 9, 10, 19, 20, 21, 22, 23, 24, 25, 31]",0.4
C8H3N2O2,"{'O': 2, 'C': 8, 'N': 2, 'H': 3}",159.01945234469,neutral,0,Nomex,meta-Aramid,neutral_loss,break 1 bond(s) | H shift -2 | -H2 | ; | break 2 bond(s) | H shift -2 | -H2,1,-2,,H2,"[0, 1, 2, 3, 4, 5, 6, 7, 8, 9, 10, 19, 20, 21, 22, 23, 24, 25, 31]",0.4
C8H5O2,"{'C': 8, 'O': 2, 'H': 5}",133.02895440029,neutral,0,Nomex,meta-Aramid,neutral_loss,break 1 bond(s) | H shift +2 | -NH3 | ; | break 1 bond(s) | H shift +2 | -H2 | ; | break 2 bond(s) | H shift +2 | -NH3,1,2,,NH3,"[8, 9, 10, 11, 12, 13, 14, 15, 16, 17, 18, 25, 26, 27, 28, 29, 30]",0.4
C8H6NO2,"{'N': 1, 'C': 8, 'O': 2, 'H': 6}",148.03985343695,neutral,0,Nomex,meta-Aramid,neutral_loss,break 1 bond(s) | H shift +2 | -H2 | ; | break 1 bond(s) | H shift +2 | -NH3 | ; | break 2 bond(s) | H shift +2 | -H2,1,2,,H2,"[8, 9, 10, 11, 12, 13, 14, 15, 16, 17, 18, 25, 26, 27, 28, 29, 30]",0.4
C8H6O,"{'C': 8, 'O': 1, 'H': 6}",118.04186481295,neutral,0,Nomex,meta-Aramid,neutral_loss,break 1 bond(s) | H shift +2 | -OH | ; | break 2 bond(s) | H shift +2 | -OH | ; | break 2 bond(s) | H shift +2 | -OH,1,2,,OH,"[9, 10, 11, 12, 13, 14, 15, 16, 17, 18, 26, 27, 28, 29, 30]",0.4
C8H7N2O2,"{'O': 2, 'C': 8, 'N': 2, 'H': 7}",163.05075247361,neutral,0,Nomex,meta-Aramid,neutral_loss,break 1 bond(s) | H shift +2 | -H2 | ; | break 2 bond(s) | H shift +2 | -H2,1,2,,H2,"[0, 1, 2, 3, 4, 5, 6, 7, 8, 9, 10, 19, 20, 21, 22, 23, 24, 25, 31]",0.4
C8H7NO,"{'N': 1, 'C': 8, 'O': 1, 'H': 7}",133.05276384961,neutral,0,Nomex,meta-Aramid,neutral_loss,break 1 bond(s) | H shift +2 | -OH | ; | break 2 bond(s) | H shift +2 | -OH | ; | break 2 bond(s) | H shift +2 | -OH,1,2,,OH,"[8, 9, 10, 11, 12, 13, 14, 15, 16, 17, 18, 25, 26, 27, 28, 29, 30]",0.4
C8H8N2O,"{'O': 1, 'C': 8, 'N': 2, 'H': 8}",148.06366288627,neutral,0,Nomex,meta-Aramid,neutral_loss,break 1 bond(s) | H shift +2 | -OH | ; | break 2 bond(s) | H shift +2 | -OH,1,2,,OH,"[0, 1, 2, 3, 4, 5, 6, 7, 8, 9, 10, 19, 20, 21, 22, 23, 24, 25, 31]",0.4
C8HO,"{'C': 8, 'O': 1, 'H': 1}",113.0027396518,neutral,0,Nomex,meta-Aramid,neutral_loss,break 1 bond(s) | H shift -2 | -H2O | ; | break 2 bond(s) | H shift -2 | -H2O | ; | break 2 bond(s) | H shift -2 | -H2O,1,-2,,H2O,"[9, 10, 11, 12, 13, 14, 15, 16, 17, 18, 26, 27, 28, 29, 30]",0.4
C8HO2,"{'C': 8, 'O': 2, 'H': 1}",128.99765427137,neutral,0,Nomex,meta-Aramid,neutral_loss,break 1 bond(s) | H shift -2 | -NH3 | ; | break 1 bond(s) | H shift -2 | -H2 | ; | break 2 bond(s) | H shift -2 | -NH3,1,-2,,NH3,"[8, 9, 10, 11, 12, 13, 14, 15, 16, 17, 18, 25, 26, 27, 28, 29, 30]",0.4
CH2,"{'C': 1, 'H': 2}",14.01565006446,neutral,0,Nomex,meta-Aramid,neutral_loss,break 1 bond(s) | H shift +2 | -OH | ; | break 1 bond(s) | H shift +2 | -OH | ; | break 2 bond(s) | H shift +2 | -OH,1,2,,OH,"[0, 1, 20]",0.4
CH2NO,"{'O': 1, 'C': 1, 'N': 1, 'H': 2}",44.01363868846,neutral,0,Nomex,meta-Aramid,neutral_loss,break 1 bond(s) | H shift +2 | -H2 | ; | break 2 bond(s) | H shift +2 | -H2 | ; | break 2 bond(s) | H shift +2 | -H2,1,2,,H2,"[0, 1, 2, 20, 21]",0.4
CH2NO,"{'N': 1, 'C': 1, 'O': 1, 'H': 2}",44.01363868846,neutral,0,Nomex,meta-Aramid,h_shift,break 2 bond(s) | H shift +1,2,1,,,"[8, 9, 10, 25]",0.4
CH3N,"{'C': 1, 'N': 1, 'H': 3}",29.02654910112,neutral,0,Nomex,meta-Aramid,neutral_loss,break 1 bond(s) | H shift +2 | -OH | ; | break 2 bond(s) | H shift +2 | -OH | ; | break 2 bond(s) | H shift +2 | -OH,1,2,,OH,"[0, 1, 2, 20, 21]",0.4
CHO,"{'O': 1, 'C': 1, 'H': 1}",29.0027396518,neutral,0,Nomex,meta-Aramid,neutral_loss,break 1 bond(s) | H shift +2 | -H2 | ; | break 1 bond(s) | H shift +2 | -NH3 | ; | break 1 bond(s) | H shift +2 | -H2,1,2,,H2,"[0, 1, 20]",0.4
CHO,"{'C': 1, 'O': 1, 'H': 1}",29.0027396518,neutral,0,Nomex,meta-Aramid,h_shift,break 2 bond(s) | H shift +1,2,1,,,"[9, 10]",0.4
H3,{'H': 3},3.02347509669,neutral,0,Nomex,meta-Aramid,neutral_loss,break 1 bond(s) | H shift +2 | -CO | ; | break 1 bond(s) | H shift +2 | -CO | ; | break 2 bond(s) | H shift +2 | -CO,1,2,,CO,"[0, 1, 20]",0.4
H4N,"{'N': 1, 'H': 4}",18.03437413335,neutral,0,Nomex,meta-Aramid,neutral_loss,break 1 bond(s) | H shift +2 | -CO | ; | break 2 bond(s) | H shift +2 | -CO | ; | break 2 bond(s) | H shift +2 | -CO,1,2,,CO,"[0, 1, 2, 20, 21]",0.4
HNO,"{'O': 1, 'N': 1, 'H': 1}",31.00581365623,neutral,0,Nomex,meta-Aramid,neutral_loss,break 1 bond(s) | H shift +2 | -CH3 | ; | break 2 bond(s) | H shift +2 | -CH3 | ; | break 2 bond(s) | H shift +2 | -CH3,1,2,,CH3,"[0, 1, 2, 20, 21]",0.4
N,{'N': 1},14.00307400443,neutral,0,Nomex,meta-Aramid,neutral_loss,break 1 bond(s) | H shift -2 | -CO | ; | break 2 bond(s) | H shift -2 | -CO | ; | break 2 bond(s) | H shift -2 | -CO,1,-2,,CO,"[0, 1, 2, 20, 21]",0.4
O,{'O': 1},15.99491461957,neutral,0,Nomex,meta-Aramid,neutral_loss,break 1 bond(s) | H shift +2 | -CH3 | ; | break 1 bond(s) | H shift +2 | -CH3 | ; | break 2 bond(s) | H shift +2 | -CH3,1,2,,CH3,"[0, 1, 20]",0.4
C14H12ClNO2,"{'C': 14, 'N': 1, 'O': 2, 'H': 12, 'Cl': 1}",261.05565631233,negative,-1,Nomex,meta-Aramid,adduct,break 1 bond(s) | H shift +2 | Cl | ; | break 2 bond(s) | H shift +2 | Cl,1,2,Cl,,"[3, 4, 5, 6, 7, 8, 9, 10, 11, 12, 13, 14, 15, 16, 17, 18, 19, 22, 23, 24, 25, 26, 27, 28, 29, 30, 31]",0.38
C14H12KNO2,"{'C': 14, 'N': 1, 'O': 2, 'H': 12, 'K': 1}",265.05051011673,positive,1,Nomex,meta-Aramid,adduct,break 1 bond(s) | H shift +2 | K | ; | break 2 bond(s) | H shift +2 | K,1,2,K,,"[3, 4, 5, 6, 7, 8, 9, 10, 11, 12, 13, 14, 15, 16, 17, 18, 19, 22, 23, 24, 25, 26, 27, 28, 29, 30, 31]",0.38
C14H12NNaO2,"{'C': 14, 'N': 1, 'O': 2, 'H': 12, 'Na': 1}",249.07657291233,positive,1,Nomex,meta-Aramid,adduct,break 1 bond(s) | H shift +2 | Na | ; | break 2 bond(s) | H shift +2 | Na,1,2,Na,,"[3, 4, 5, 6, 7, 8, 9, 10, 11, 12, 13, 14, 15, 16, 17, 18, 19, 22, 23, 24, 25, 26, 27, 28, 29, 30, 31]",0.38
C14H13ClN2O2,"{'N': 2, 'C': 14, 'O': 2, 'H': 13, 'Cl': 1}",276.06655534899,negative,-1,Nomex,meta-Aramid,adduct,break 1 bond(s) | H shift +2 | Cl | ; | break 1 bond(s) | H shift +2 | Cl,1,2,Cl,,"[2, 3, 4, 5, 6, 7, 8, 9, 10, 11, 12, 13, 14, 15, 16, 17, 18, 19, 21, 22, 23, 24, 25, 26, 27, 28, 29, 30, 31]",0.38
C14H13KN2O2,"{'N': 2, 'C': 14, 'O': 2, 'H': 13, 'K': 1}",280.06140915339,positive,1,Nomex,meta-Aramid,adduct,break 1 bond(s) | H shift +2 | K | ; | break 1 bond(s) | H shift +2 | K,1,2,K,,"[2, 3, 4, 5, 6, 7, 8, 9, 10, 11, 12, 13, 14, 15, 16, 17, 18, 19, 21, 22, 23, 24, 25, 26, 27, 28, 29, 30, 31]",0.38
C14H13N2NaO2,"{'N': 2, 'C': 14, 'O': 2, 'H': 13, 'Na': 1}",264.08747194899,positive,1,Nomex,meta-Aramid,adduct,break 1 bond(s) | H shift +2 | Na | ; | break 1 bond(s) | H shift +2 | Na,1,2,Na,,"[2, 3, 4, 5, 6, 7, 8, 9, 10, 11, 12, 13, 14, 15, 16, 17, 18, 19, 21, 22, 23, 24, 25, 26, 27, 28, 29, 30, 31]",0.38
C14H13NO3,"{'C': 14, 'N': 1, 'O': 3, 'H': 13}",243.08954328213,negative,-1,Nomex,meta-Aramid,adduct,break 1 bond(s) | H shift +2 | OH | ; | break 2 bond(s) | H shift +2 | OH,1,2,OH,,"[3, 4, 5, 6, 7, 8, 9, 10, 11, 12, 13, 14, 15, 16, 17, 18, 19, 22, 23, 24, 25, 26, 27, 28, 29, 30, 31]",0.38
C14H14N2O3,"{'N': 2, 'C': 14, 'O': 3, 'H': 14}",258.10044231879,negative,-1,Nomex,meta-Aramid,adduct,break 1 bond(s) | H shift +2 | OH | ; | break 1 bond(s) | H shift +2 | OH,1,2,OH,,"[2, 3, 4, 5, 6, 7, 8, 9, 10, 11, 12, 13, 14, 15, 16, 17, 18, 19, 21, 22, 23, 24, 25, 26, 27, 28, 29, 30, 31]",0.38
C14H8ClNO2,"{'C': 14, 'N': 1, 'O': 2, 'H': 8, 'Cl': 1}",257.02435618341,negative,-1,Nomex,meta-Aramid,adduct,break 1 bond(s) | H shift -2 | Cl | ; | break 2 bond(s) | H shift -2 | Cl,1,-2,Cl,,"[3, 4, 5, 6, 7, 8, 9, 10, 11, 12, 13, 14, 15, 16, 17, 18, 19, 22, 23, 24, 25, 26, 27, 28, 29, 30, 31]",0.38
C14H8KNO2,"{'C': 14, 'N': 1, 'O': 2, 'H': 8, 'K': 1}",261.01920998781,positive,1,Nomex,meta-Aramid,adduct,break 1 bond(s) | H shift -2 | K | ; | break 2 bond(s) | H shift -2 | K,1,-2,K,,"[3, 4, 5, 6, 7, 8, 9, 10, 11, 12, 13, 14, 15, 16, 17, 18, 19, 22, 23, 24, 25, 26, 27, 28, 29, 30, 31]",0.38
C14H8NNaO2,"{'C': 14, 'N': 1, 'O': 2, 'H': 8, 'Na': 1}",245.04527278341,positive,1,Nomex,meta-Aramid,adduct,break 1 bond(s) | H shift -2 | Na | ; | break 2 bond(s) | H shift -2 | Na,1,-2,Na,,"[3, 4, 5, 6, 7, 8, 9, 10, 11, 12, 13, 14, 15, 16, 17, 18, 19, 22, 23, 24, 25, 26, 27, 28, 29, 30, 31]",0.38
C14H8NO3,"{'C': 14, 'N': 1, 'O': 3, 'H': 8}",238.05041812098,negative,-1,Nomex,meta-Aramid,adduct,break 1 bond(s) | H shift -2 | O | ; | break 2 bond(s) | H shift -2 | O,1,-2,O,,"[3, 4, 5, 6, 7, 8, 9, 10, 11, 12, 13, 14, 15, 16, 17, 18, 19, 22, 23, 24, 25, 26, 27, 28, 29, 30, 31]",0.38
C7H10N2O2,"{'O': 2, 'C': 7, 'N': 2, 'H': 10}",154.0742275703,negative,-1,Nomex,meta-Aramid,adduct,break 1 bond(s) | H shift +2 | OH | ; | break 2 bond(s) | H shift +2 | OH | ; | break 2 bond(s) | H shift +2 | OH,1,2,OH,,"[0, 1, 2, 3, 4, 5, 6, 7, 8, 19, 20, 21, 22, 23, 24, 25, 31]",0.38
C7H3ClO,"{'C': 7, 'O': 1, 'H': 3, 'Cl': 1}",137.98724239826,negative,-1,Nomex,meta-Aramid,adduct,break 1 bond(s) | H shift -2 | Cl | ; | break 2 bond(s) | H shift -2 | Cl | ; | break 2 bond(s) | H shift -2 | Cl,1,-2,Cl,,"[11, 12, 13, 14, 15, 16, 17, 18, 26, 27, 28, 29, 30]",0.38
C7H3KO,"{'C': 7, 'O': 1, 'H': 3, 'K': 1}",141.98209620266,positive,1,Nomex,meta-Aramid,adduct,break 1 bond(s) | H shift -2 | K | ; | break 2 bond(s) | H shift -2 | K | ; | break 2 bond(s) | H shift -2 | K,1,-2,K,,"[11, 12, 13, 14, 15, 16, 17, 18, 26, 27, 28, 29, 30]",0.38
C7H3NaO,"{'C': 7, 'O': 1, 'H': 3, 'Na': 1}",126.00815899826,positive,1,Nomex,meta-Aramid,adduct,break 1 bond(s) | H shift -2 | Na | ; | break 2 bond(s) | H shift -2 | Na | ; | break 2 bond(s) | H shift -2 | Na,1,-2,Na,,"[11, 12, 13, 14, 15, 16, 17, 18, 26, 27, 28, 29, 30]",0.38
C7H3O2,"{'C': 7, 'O': 2, 'H': 3}",119.01330433583,negative,-1,Nomex,meta-Aramid,adduct,break 1 bond(s) | H shift -2 | O | ; | break 2 bond(s) | H shift -2 | O | ; | break 2 bond(s) | H shift -2 | O,1,-2,O,,"[11, 12, 13, 14, 15, 16, 17, 18, 26, 27, 28, 29, 30]",0.38
C7H4ClNO,"{'O': 1, 'C': 7, 'N': 1, 'H': 4, 'Cl': 1}",152.99814143492,negative,-1,Nomex,meta-Aramid,adduct,break 1 bond(s) | H shift -2 | Cl | ; | break 2 bond(s) | H shift -1 | Cl | ; | break 2 bond(s) | H shift -2 | Cl,1,-2,Cl,,"[0, 1, 2, 3, 4, 5, 6, 7, 19, 20, 21, 22, 23, 24, 31]",0.38
C7H4KNO,"{'O': 1, 'C': 7, 'N': 1, 'H': 4, 'K': 1}",156.99299523932,positive,1,Nomex,meta-Aramid,adduct,break 1 bond(s) | H shift -2 | K | ; | break 2 bond(s) | H shift -1 | K | ; | break 2 bond(s) | H shift -2 | K,1,-2,K,,"[0, 1, 2, 3, 4, 5, 6, 7, 19, 20, 21, 22, 23, 24, 31]",0.38
C7H4NNaO,"{'O': 1, 'C': 7, 'N': 1, 'H': 4, 'Na': 1}",141.01905803492,positive,1,Nomex,meta-Aramid,adduct,break 1 bond(s) | H shift -2 | Na | ; | break 2 bond(s) | H shift -1 | Na | ; | break 2 bond(s) | H shift -2 | Na,1,-2,Na,,"[0, 1, 2, 3, 4, 5, 6, 7, 19, 20, 21, 22, 23, 24, 31]",0.38
C7H4NO2,"{'O': 2, 'C': 7, 'N': 1, 'H': 4}",134.02420337249,negative,-1,Nomex,meta-Aramid,adduct,break 1 bond(s) | H shift -2 | O | ; | break 2 bond(s) | H shift -2 | OH | ; | break 2 bond(s) | H shift -1 | O,1,-2,O,,"[0, 1, 2, 3, 4, 5, 6, 7, 19, 20, 21, 22, 23, 24, 31]",0.38
C7H5ClN2O,"{'O': 1, 'C': 7, 'N': 2, 'H': 5, 'Cl': 1}",168.00904047158,negative,-1,Nomex,meta-Aramid,adduct,break 1 bond(s) | H shift -2 | Cl | ; | break 2 bond(s) | H shift -1 | Cl | ; | break 2 bond(s) | H shift -2 | Cl,1,-2,Cl,,"[0, 1, 2, 3, 4, 5, 6, 7, 8, 19, 20, 21, 22, 23, 24, 25, 31]",0.38
C7H5KN2O,"{'O': 1, 'C': 7, 'N': 2, 'H': 5, 'K': 1}",172.00389427598,positive,1,Nomex,meta-Aramid,adduct,break 1 bond(s) | H shift -2 | K | ; | break 2 bond(s) | H shift -1 | K | ; | break 2 bond(s) | H shift -2 | K,1,-2,K,,"[0, 1, 2, 3, 4, 5, 6, 7, 8, 19, 20, 21, 22, 23, 24, 25, 31]",0.38
C7H5N2NaO,"{'O': 1, 'C': 7, 'N': 2, 'H': 5, 'Na': 1}",156.02995707158,positive,1,Nomex,meta-Aramid,adduct,break 1 bond(s) | H shift -2 | Na | ; | break 2 bond(s) | H shift -1 | Na | ; | break 2 bond(s) | H shift -2 | Na,1,-2,Na,,"[0, 1, 2, 3, 4, 5, 6, 7, 8, 19, 20, 21, 22, 23, 24, 25, 31]",0.38
C7H5N2O2,"{'O': 2, 'C': 7, 'N': 2, 'H': 5}",149.03510240915,negative,-1,Nomex,meta-Aramid,adduct,break 1 bond(s) | H shift -2 | O | ; | break 2 bond(s) | H shift -2 | OH | ; | break 2 bond(s) | H shift -1 | O,1,-2,O,,"[0, 1, 2, 3, 4, 5, 6, 7, 8, 19, 20, 21, 22, 23, 24, 25, 31]",0.38
C7H7ClO,"{'C': 7, 'O': 1, 'H': 7, 'Cl': 1}",142.01854252718,negative,-1,Nomex,meta-Aramid,adduct,break 1 bond(s) | H shift +2 | Cl | ; | break 2 bond(s) | H shift +2 | Cl | ; | break 2 bond(s) | H shift +2 | Cl,1,2,Cl,,"[11, 12, 13, 14, 15, 16, 17, 18, 26, 27, 28, 29, 30]",0.38
C7H7KO,"{'C': 7, 'O': 1, 'H': 7, 'K': 1}",146.01339633158,positive,1,Nomex,meta-Aramid,adduct,break 1 bond(s) | H shift +2 | K | ; | break 2 bond(s) | H shift +2 | K | ; | break 2 bond(s) | H shift +2 | K,1,2,K,,"[11, 12, 13, 14, 15, 16, 17, 18, 26, 27, 28, 29, 30]",0.38
C7H7NaO,"{'C': 7, 'O': 1, 'H': 7, 'Na': 1}",130.03945912718,positive,1,Nomex,meta-Aramid,adduct,break 1 bond(s) | H shift +2 | Na | ; | break 2 bond(s) | H shift +2 | Na | ; | break 2 bond(s) | H shift +2 | Na,1,2,Na,,"[11, 12, 13, 14, 15, 16, 17, 18, 26, 27, 28, 29, 30]",0.38
C7H8ClNO,"{'O': 1, 'C': 7, 'N': 1, 'H': 8, 'Cl': 1}",157.02944156384,negative,-1,Nomex,meta-Aramid,adduct,break 1 bond(s) | H shift +2 | Cl | ; | break 2 bond(s) | H shift +2 | Cl | ; | break 2 bond(s) | H shift +2 | Cl,1,2,Cl,,"[0, 1, 2, 3, 4, 5, 6, 7, 19, 20, 21, 22, 23, 24, 31]",0.38
C7H8KNO,"{'O': 1, 'C': 7, 'N': 1, 'H': 8, 'K': 1}",161.02429536824,positive,1,Nomex,meta-Aramid,adduct,break 1 bond(s) | H shift +2 | K | ; | break 2 bond(s) | H shift +2 | K | ; | break 2 bond(s) | H shift +2 | K,1,2,K,,"[0, 1, 2, 3, 4, 5, 6, 7, 19, 20, 21, 22, 23, 24, 31]",0.38
C7H8NNaO,"{'O': 1, 'C': 7, 'N': 1, 'H': 8, 'Na': 1}",145.05035816384,positive,1,Nomex,meta-Aramid,adduct,break 1 bond(s) | H shift +2 | Na | ; | break 2 bond(s) | H shift +2 | Na | ; | break 2 bond(s) | H shift +2 | Na,1,2,Na,,"[0, 1, 2, 3, 4, 5, 6, 7, 19, 20, 21, 22, 23, 24, 31]",0.38
C7H8O2,"{'C': 7, 'O': 2, 'H': 8}",124.05242949698,negative,-1,Nomex,meta-Aramid,adduct,break 1 bond(s) | H shift +2 | OH | ; | break 2 bond(s) | H shift +2 | OH | ; | break 2 bond(s) | H shift +2 | OH,1,2,OH,,"[11, 12, 13, 14, 15, 16, 17, 18, 26, 27, 28, 29, 30]",0.38
C7H9ClN2O,"{'O': 1, 'C': 7, 'N': 2, 'H': 9, 'Cl': 1}",172.0403406005,negative,-1,Nomex,meta-Aramid,adduct,break 1 bond(s) | H shift +2 | Cl | ; | break 2 bond(s) | H shift +2 | Cl | ; | break 2 bond(s) | H shift +2 | Cl,1,2,Cl,,"[0, 1, 2, 3, 4, 5, 6, 7, 8, 19, 20, 21, 22, 23, 24, 25, 31]",0.38
C7H9KN2O,"{'O': 1, 'C': 7, 'N': 2, 'H': 9, 'K': 1}",176.0351944049,positive,1,Nomex,meta-Aramid,adduct,break 1 bond(s) | H shift +2 | K | ; | break 2 bond(s) | H shift +2 | K | ; | break 2 bond(s) | H shift +2 | K,1,2,K,,"[0, 1, 2, 3, 4, 5, 6, 7, 8, 19, 20, 21, 22, 23, 24, 25, 31]",0.38
C7H9N2NaO,"{'O': 1, 'C': 7, 'N': 2, 'H': 9, 'Na': 1}",160.0612572005,positive,1,Nomex,meta-Aramid,adduct,break 1 bond(s) | H shift +2 | Na | ; | break 2 bond(s) | H shift +2 | Na | ; | break 2 bond(s) | H shift +2 | Na,1,2,Na,,"[0, 1, 2, 3, 4, 5, 6, 7, 8, 19, 20, 21, 22, 23, 24, 25, 31]",0.38
C7H9NO2,"{'O': 2, 'C': 7, 'N': 1, 'H': 9}",139.06332853364,negative,-1,Nomex,meta-Aramid,adduct,break 1 bond(s) | H shift +2 | OH | ; | break 2 bond(s) | H shift +2 | OH | ; | break 2 bond(s) | H shift +2 | OH,1,2,OH,,"[0, 1, 2, 3, 4, 5, 6, 7, 19, 20, 21, 22, 23, 24, 31]",0.38
C8H10N2O3,"{'O': 3, 'C': 8, 'N': 2, 'H': 10}",182.06914218987,negative,-1,Nomex,meta-Aramid,adduct,break 1 bond(s) | H shift +2 | OH | ; | break 2 bond(s) | H shift +2 | OH,1,2,OH,,"[0, 1, 2, 3, 4, 5, 6, 7, 8, 9, 10, 19, 20, 21, 22, 23, 24, 25, 31]",0.38
C8H3ClO2,"{'C': 8, 'O': 2, 'H': 3, 'Cl': 1}",165.98215701783,negative,-1,Nomex,meta-Aramid,adduct,break 1 bond(s) | H shift -2 | Cl | ; | break 2 bond(s) | H shift -2 | Cl | ; | break 2 bond(s) | H shift -2 | Cl,1,-2,Cl,,"[9, 10, 11, 12, 13, 14, 15, 16, 17, 18, 26, 27, 28, 29, 30]",0.38
C8H3KO2,"{'C': 8, 'O': 2, 'H': 3, 'K': 1}",169.97701082223,positive,1,Nomex,meta-Aramid,adduct,break 1 bond(s) | H shift -2 | K | ; | break 2 bond(s) | H shift -2 | K | ; | break 2 bond(s) | H shift -2 | K,1,-2,K,,"[9, 10, 11, 12, 13, 14, 15, 16, 17, 18, 26, 27, 28, 29, 30]",0.38
C8H3NaO2,"{'C': 8, 'O': 2, 'H': 3, 'Na': 1}",154.00307361783,positive,1,Nomex,meta-Aramid,adduct,break 1 bond(s) | H shift -2 | Na | ; | break 2 bond(s) | H shift -2 | Na | ; | break 2 bond(s) | H shift -2 | Na,1,-2,Na,,"[9, 10, 11, 12, 13, 14, 15, 16, 17, 18, 26, 27, 28, 29, 30]",0.38
C8H3O3,"{'C': 8, 'O': 3, 'H': 3}",147.0082189554,negative,-1,Nomex,meta-Aramid,adduct,break 1 bond(s) | H shift -2 | O | ; | break 2 bond(s) | H shift -2 | O | ; | break 2 bond(s) | H shift -2 | O,1,-2,O,,"[9, 10, 11, 12, 13, 14, 15, 16, 17, 18, 26, 27, 28, 29, 30]",0.38
C8H4ClNO2,"{'N': 1, 'C': 8, 'O': 2, 'H': 4, 'Cl': 1}",180.99305605449,negative,-1,Nomex,meta-Aramid,adduct,break 1 bond(s) | H shift -2 | Cl | ; | break 2 bond(s) | H shift -2 | Cl | ; | break 2 bond(s) | H shift -2 | Cl,1,-2,Cl,,"[8, 9, 10, 11, 12, 13, 14, 15, 16, 17, 18, 25, 26, 27, 28, 29, 30]",0.38
C8H4KNO2,"{'N': 1, 'C': 8, 'O': 2, 'H': 4, 'K': 1}",184.98790985889,positive,1,Nomex,meta-Aramid,adduct,break 1 bond(s) | H shift -2 | K | ; | break 2 bond(s) | H shift -2 | K | ; | break 2 bond(s) | H shift -2 | K,1,-2,K,,"[8, 9, 10, 11, 12, 13, 14, 15, 16, 17, 18, 25, 26, 27, 28, 29, 30]",0.38
C8H4NNaO2,"{'N': 1, 'C': 8, 'O': 2, 'H': 4, 'Na': 1}",169.01397265449,positive,1,Nomex,meta-Aramid,adduct,break 1 bond(s) | H shift -2 | Na | ; | break 2 bond(s) | H shift -2 | Na | ; | break 2 bond(s) | H shift -2 | Na,1,-2,Na,,"[8, 9, 10, 11, 12, 13, 14, 15, 16, 17, 18, 25, 26, 27, 28, 29, 30]",0.38
C8H4NO3,"{'N': 1, 'C': 8, 'O': 3, 'H': 4}",162.01911799206,negative,-1,Nomex,meta-Aramid,adduct,break 1 bond(s) | H shift -2 | O | ; | break 2 bond(s) | H shift -2 | O | ; | break 2 bond(s) | H shift -2 | O,1,-2,O,,"[8, 9, 10, 11, 12, 13, 14, 15, 16, 17, 18, 25, 26, 27, 28, 29, 30]",0.38
C8H5ClN2O2,"{'O': 2, 'C': 8, 'N': 2, 'H': 5, 'Cl': 1}",196.00395509115,negative,-1,Nomex,meta-Aramid,adduct,break 1 bond(s) | H shift -2 | Cl | ; | break 2 bond(s) | H shift -2 | Cl,1,-2,Cl,,"[0, 1, 2, 3, 4, 5, 6, 7, 8, 9, 10, 19, 20, 21, 22, 23, 24, 25, 31]",0.38
C8H5KN2O2,"{'O': 2, 'C': 8, 'N': 2, 'H': 5, 'K': 1}",199.99880889554998,positive,1,Nomex,meta-Aramid,adduct,break 1 bond(s) | H shift -2 | K | ; | break 2 bond(s) | H shift -2 | K,1,-2,K,,"[0, 1, 2, 3, 4, 5, 6, 7, 8, 9, 10, 19, 20, 21, 22, 23, 24, 25, 31]",0.38
C8H5N2NaO2,"{'O': 2, 'C': 8, 'N': 2, 'H': 5, 'Na': 1}",184.02487169115,positive,1,Nomex,meta-Aramid,adduct,break 1 bond(s) | H shift -2 | Na | ; | break 2 bond(s) | H shift -2 | Na,1,-2,Na,,"[0, 1, 2, 3, 4, 5, 6, 7, 8, 9, 10, 19, 20, 21, 22, 23, 24, 25, 31]",0.38
C8H5N2O3,"{'O': 3, 'C': 8, 'N': 2, 'H': 5}",177.03001702872,negative,-1,Nomex,meta-Aramid,adduct,break 1 bond(s) | H shift -2 | O | ; | break 2 bond(s) | H shift -2 | O,1,-2,O,,"[0, 1, 2, 3, 4, 5, 6, 7, 8, 9, 10, 19, 20, 21, 22, 23, 24, 25, 31]",0.38
C8H7ClO2,"{'C': 8, 'O': 2, 'H': 7, 'Cl': 1}",170.01345714675,negative,-1,Nomex,meta-Aramid,adduct,break 1 bond(s) | H shift +2 | Cl | ; | break 2 bond(s) | H shift +2 | Cl | ; | break 2 bond(s) | H shift +2 | Cl,1,2,Cl,,"[9, 10, 11, 12, 13, 14, 15, 16, 17, 18, 26, 27, 28, 29, 30]",0.38
C8H7KO2,"{'C': 8, 'O': 2, 'H': 7, 'K': 1}",174.00831095115,positive,1,Nomex,meta-Aramid,adduct,break 1 bond(s) | H shift +2 | K | ; | break 2 bond(s) | H shift +2 | K | ; | break 2 bond(s) | H shift +2 | K,1,2,K,,"[9, 10, 11, 12, 13, 14, 15, 16, 17, 18, 26, 27, 28, 29, 30]",0.38
C8H7NaO2,"{'C': 8, 'O': 2, 'H': 7, 'Na': 1}",158.03437374675,positive,1,Nomex,meta-Aramid,adduct,break 1 bond(s) | H shift +2 | Na | ; | break 2 bond(s) | H shift +2 | Na | ; | break 2 bond(s) | H shift +2 | Na,1,2,Na,,"[9, 10, 11, 12, 13, 14, 15, 16, 17, 18, 26, 27, 28, 29, 30]",0.38
C8H8ClNO2,"{'N': 1, 'C': 8, 'O': 2, 'H': 8, 'Cl': 1}",185.02435618341,negative,-1,Nomex,meta-Aramid,adduct,break 1 bond(s) | H shift +2 | Cl | ; | break 2 bond(s) | H shift +2 | Cl | ; | break 2 bond(s) | H shift +2 | Cl,1,2,Cl,,"[8, 9, 10, 11, 12, 13, 14, 15, 16, 17, 18, 25, 26, 27, 28, 29, 30]",0.38
C8H8KNO2,"{'N': 1, 'C': 8, 'O': 2, 'H': 8, 'K': 1}",189.01920998781,positive,1,Nomex,meta-Aramid,adduct,break 1 bond(s) | H shift +2 | K | ; | break 2 bond(s) | H shift +2 | K | ; | break 2 bond(s) | H shift +2 | K,1,2,K,,"[8, 9, 10, 11, 12, 13, 14, 15, 16, 17, 18, 25, 26, 27, 28, 29, 30]",0.38
C8H8NNaO2,"{'N': 1, 'C': 8, 'O': 2, 'H': 8, 'Na': 1}",173.04527278341,positive,1,Nomex,meta-Aramid,adduct,break 1 bond(s) | H shift +2 | Na | ; | break 2 bond(s) | H shift +2 | Na | ; | break 2 bond(s) | H shift +2 | Na,1,2,Na,,"[8, 9, 10, 11, 12, 13, 14, 15, 16, 17, 18, 25, 26, 27, 28, 29, 30]",0.38
C8H8O3,"{'C': 8, 'O': 3, 'H': 8}",152.04734411655,negative,-1,Nomex,meta-Aramid,adduct,break 1 bond(s) | H shift +2 | OH | ; | break 2 bond(s) | H shift +2 | OH | ; | break 2 bond(s) | H shift +2 | OH,1,2,OH,,"[9, 10, 11, 12, 13, 14, 15, 16, 17, 18, 26, 27, 28, 29, 30]",0.38
C8H9ClN2O2,"{'O': 2, 'C': 8, 'N': 2, 'H': 9, 'Cl': 1}",200.03525522006998,negative,-1,Nomex,meta-Aramid,adduct,break 1 bond(s) | H shift +2 | Cl | ; | break 2 bond(s) | H shift +2 | Cl,1,2,Cl,,"[0, 1, 2, 3, 4, 5, 6, 7, 8, 9, 10, 19, 20, 21, 22, 23, 24, 25, 31]",0.38
C8H9KN2O2,"{'O': 2, 'C': 8, 'N': 2, 'H': 9, 'K': 1}",204.03010902447,positive,1,Nomex,meta-Aramid,adduct,break 1 bond(s) | H shift +2 | K | ; | break 2 bond(s) | H shift +2 | K,1,2,K,,"[0, 1, 2, 3, 4, 5, 6, 7, 8, 9, 10, 19, 20, 21, 22, 23, 24, 25, 31]",0.38
C8H9N2NaO2,"{'O': 2, 'C': 8, 'N': 2, 'H': 9, 'Na': 1}",188.05617182007,positive,1,Nomex,meta-Aramid,adduct,break 1 bond(s) | H shift +2 | Na | ; | break 2 bond(s) | H shift +2 | Na,1,2,Na,,"[0, 1, 2, 3, 4, 5, 6, 7, 8, 9, 10, 19, 20, 21, 22, 23, 24, 25, 31]",0.38
C8H9NO3,"{'N': 1, 'C': 8, 'O': 3, 'H': 9}",167.05824315321001,negative,-1,Nomex,meta-Aramid,adduct,break 1 bond(s) | H shift +2 | OH | ; | break 2 bond(s) | H shift +2 | OH | ; | break 2 bond(s) | H shift +2 | OH,1,2,OH,,"[8, 9, 10, 11, 12, 13, 14, 15, 16, 17, 18, 25, 26, 27, 28, 29, 30]",0.38
CClNO,"{'O': 1, 'C': 1, 'N': 1, 'Cl': 1}",76.96684130599999,negative,-1,Nomex,meta-Aramid,adduct,break 1 bond(s) | H shift -2 | Cl | ; | break 2 bond(s) | H shift -2 | Cl | ; | break 2 bond(s) | H shift -2 | Cl,1,-2,Cl,,"[0, 1, 2, 20, 21]",0.38
CH3ClO,"{'O': 1, 'C': 1, 'H': 3, 'Cl': 1}",65.98724239826,negative,-1,Nomex,meta-Aramid,adduct,break 1 bond(s) | H shift +2 | Cl | ; | break 1 bond(s) | H shift +2 | Cl | ; | break 2 bond(s) | H shift +2 | Cl,1,2,Cl,,"[0, 1, 20]",0.38
CH3KO,"{'O': 1, 'C': 1, 'H': 3, 'K': 1}",69.98209620266,positive,1,Nomex,meta-Aramid,adduct,break 1 bond(s) | H shift +2 | K | ; | break 1 bond(s) | H shift +2 | K | ; | break 2 bond(s) | H shift +2 | K,1,2,K,,"[0, 1, 20]",0.38
CH3NaO,"{'O': 1, 'C': 1, 'H': 3, 'Na': 1}",54.00815899826,positive,1,Nomex,meta-Aramid,adduct,break 1 bond(s) | H shift +2 | Na | ; | break 1 bond(s) | H shift +2 | Na | ; | break 2 bond(s) | H shift +2 | Na,1,2,Na,,"[0, 1, 20]",0.38
CH4ClNO,"{'O': 1, 'C': 1, 'N': 1, 'H': 4, 'Cl': 1}",80.99814143492,negative,-1,Nomex,meta-Aramid,adduct,break 1 bond(s) | H shift +2 | Cl | ; | break 2 bond(s) | H shift +2 | Cl | ; | break 2 bond(s) | H shift +2 | Cl,1,2,Cl,,"[0, 1, 2, 20, 21]",0.38
CH4KNO,"{'O': 1, 'C': 1, 'N': 1, 'H': 4, 'K': 1}",84.99299523932,positive,1,Nomex,meta-Aramid,adduct,break 1 bond(s) | H shift +2 | K | ; | break 2 bond(s) | H shift +2 | K | ; | break 2 bond(s) | H shift +2 | K,1,2,K,,"[0, 1, 2, 20, 21]",0.38
CH4NNaO,"{'O': 1, 'C': 1, 'N': 1, 'H': 4, 'Na': 1}",69.01905803492,positive,1,Nomex,meta-Aramid,adduct,break 1 bond(s) | H shift +2 | Na | ; | break 2 bond(s) | H shift +2 | Na | ; | break 2 bond(s) | H shift +2 | Na,1,2,Na,,"[0, 1, 2, 20, 21]",0.38
CH4O2,"{'O': 2, 'C': 1, 'H': 4}",48.02112936806,negative,-1,Nomex,meta-Aramid,adduct,break 1 bond(s) | H shift +2 | OH | ; | break 1 bond(s) | H shift +2 | OH | ; | break 2 bond(s) | H shift +2 | OH,1,2,OH,,"[0, 1, 20]",0.38
CH5NO2,"{'O': 2, 'C': 1, 'N': 1, 'H': 5}",63.03202840472,negative,-1,Nomex,meta-Aramid,adduct,break 1 bond(s) | H shift +2 | OH | ; | break 2 bond(s) | H shift +2 | OH | ; | break 2 bond(s) | H shift +2 | OH,1,2,OH,,"[0, 1, 2, 20, 21]",0.38
CKNO,"{'O': 1, 'C': 1, 'N': 1, 'K': 1}",80.9616951104,positive,1,Nomex,meta-Aramid,adduct,break 1 bond(s) | H shift -2 | K | ; | break 2 bond(s) | H shift -2 | K | ; | break 2 bond(s) | H shift -2 | K,1,-2,K,,"[0, 1, 2, 20, 21]",0.38
CNNaO,"{'O': 1, 'C': 1, 'N': 1, 'Na': 1}",64.987757906,positive,1,Nomex,meta-Aramid,adduct,break 1 bond(s) | H shift -2 | Na | ; | break 2 bond(s) | H shift -2 | Na | ; | break 2 bond(s) | H shift -2 | Na,1,-2,Na,,"[0, 1, 2, 20, 21]",0.38
CNO2,"{'O': 2, 'C': 1, 'N': 1}",57.99290324357,negative,-1,Nomex,meta-Aramid,adduct,break 1 bond(s) | H shift -2 | O | ; | break 2 bond(s) | H shift -2 | O | ; | break 2 bond(s) | H shift -2 | O,1,-2,O,,"[0, 1, 2, 20, 21]",0.38
C12H10N2,"{'N': 2, 'C': 12, 'H': 10}",182.08439833116,neutral,0,Nomex,meta-Aramid,neutral_loss,break 2 bond(s) | -CO,2,0,,CO,"[2, 3, 4, 5, 6, 7, 8, 9, 10, 11, 12, 13, 14, 15, 18, 19, 21, 22, 23, 24, 25, 26, 27, 28, 30, 31]",0.35
C12H6NO,"{'C': 12, 'N': 1, 'O': 1, 'H': 6}",180.04493881738,neutral,0,Nomex,meta-Aramid,neutral_loss,break 2 bond(s) | -CH3,2,0,,CH3,"[3, 4, 5, 6, 7, 8, 9, 10, 11, 12, 13, 14, 15, 18, 19, 22, 23, 24, 25, 26, 27, 28, 30, 31]",0.35
C12H7N2O,"{'N': 2, 'C': 12, 'O': 1, 'H': 7}",195.05583785404,neutral,0,Nomex,meta-Aramid,neutral_loss,break 2 bond(s) | -CH3,2,0,,CH3,"[2, 3, 4, 5, 6, 7, 8, 9, 10, 11, 12, 13, 14, 15, 18, 19, 21, 22, 23, 24, 25, 26, 27, 28, 30, 31]",0.35
C12H9N,"{'C': 12, 'N': 1, 'H': 9}",167.0734992945,neutral,0,Nomex,meta-Aramid,neutral_loss,break 2 bond(s) | -CO,2,0,,CO,"[3, 4, 5, 6, 7, 8, 9, 10, 11, 12, 13, 14, 15, 18, 19, 22, 23, 24, 25, 26, 27, 28, 30, 31]",0.35
C13H10NO,"{'C': 13, 'N': 1, 'O': 1, 'H': 10}",196.0762389463,negative,-1,Nomex,meta-Aramid,adduct,break 2 bond(s) | H shift +2 | -H,2,2,-H,,"[3, 4, 5, 6, 7, 8, 9, 10, 11, 12, 13, 14, 15, 18, 19, 22, 23, 24, 25, 26, 27, 28, 30, 31]",0.35
C13H11N2O,"{'N': 2, 'C': 13, 'O': 1, 'H': 11}",211.08713798296,negative,-1,Nomex,meta-Aramid,adduct,break 2 bond(s) | H shift +2 | -H,2,2,-H,,"[2, 3, 4, 5, 6, 7, 8, 9, 10, 11, 12, 13, 14, 15, 18, 19, 21, 22, 23, 24, 25, 26, 27, 28, 30, 31]",0.35
C13H11NO,"{'C': 13, 'N': 1, 'O': 1, 'H': 11}",197.08406397853,neutral,0,Nomex,meta-Aramid,h_shift,break 2 bond(s) | H shift +2,2,2,,,"[3, 4, 5, 6, 7, 8, 9, 10, 11, 12, 13, 14, 15, 18, 19, 22, 23, 24, 25, 26, 27, 28, 30, 31]",0.35
C13H12N2O,"{'N': 2, 'C': 13, 'O': 1, 'H': 12}",212.09496301519,neutral,0,Nomex,meta-Aramid,h_shift,break 2 bond(s) | H shift +2,2,2,,,"[2, 3, 4, 5, 6, 7, 8, 9, 10, 11, 12, 13, 14, 15, 18, 19, 21, 22, 23, 24, 25, 26, 27, 28, 30, 31]",0.35
C13H12NO,"{'C': 13, 'N': 1, 'O': 1, 'H': 12}",198.09188901075999,positive,1,Nomex,meta-Aramid,adduct,break 2 bond(s) | H shift +2 | H,2,2,H,,"[3, 4, 5, 6, 7, 8, 9, 10, 11, 12, 13, 14, 15, 18, 19, 22, 23, 24, 25, 26, 27, 28, 30, 31]",0.35
C13H13N2O,"{'N': 2, 'C': 13, 'O': 1, 'H': 13}",213.10278804742,positive,1,Nomex,meta-Aramid,adduct,break 2 bond(s) | H shift +2 | H,2,2,H,,"[2, 3, 4, 5, 6, 7, 8, 9, 10, 11, 12, 13, 14, 15, 18, 19, 21, 22, 23, 24, 25, 26, 27, 28, 30, 31]",0.35
C13H6NO,"{'C': 13, 'N': 1, 'O': 1, 'H': 6}",192.04493881738,negative,-1,Nomex,meta-Aramid,adduct,break 2 bond(s) | H shift -2 | -H,2,-2,-H,,"[3, 4, 5, 6, 7, 8, 9, 10, 11, 12, 13, 14, 15, 18, 19, 22, 23, 24, 25, 26, 27, 28, 30, 31]",0.35
C13H6O,"{'C': 13, 'O': 1, 'H': 6}",178.04186481295,neutral,0,Nomex,meta-Aramid,neutral_loss,break 2 bond(s) | -NH3,2,0,,NH3,"[3, 4, 5, 6, 7, 8, 9, 10, 11, 12, 13, 14, 15, 18, 19, 22, 23, 24, 25, 26, 27, 28, 30, 31]",0.35
C13H7N,"{'C': 13, 'N': 1, 'H': 7}",177.05784923004,neutral,0,Nomex,meta-Aramid,neutral_loss,break 2 bond(s) | -H2O,2,0,,H2O,"[3, 4, 5, 6, 7, 8, 9, 10, 11, 12, 13, 14, 15, 18, 19, 22, 23, 24, 25, 26, 27, 28, 30, 31]",0.35
C13H7N2O,"{'N': 2, 'C': 13, 'O': 1, 'H': 7}",207.05583785404,negative,-1,Nomex,meta-Aramid,adduct,break 2 bond(s) | H shift -2 | -H,2,-2,-H,,"[2, 3, 4, 5, 6, 7, 8, 9, 10, 11, 12, 13, 14, 15, 18, 19, 21, 22, 23, 24, 25, 26, 27, 28, 30, 31]",0.35
C13H7NO,"{'N': 1, 'C': 13, 'O': 1, 'H': 7}",193.05276384961,neutral,0,Nomex,meta-Aramid,neutral_loss,break 2 bond(s) | -NH3 | ; | break 2 bond(s) | -H2,2,0,,NH3,"[2, 3, 4, 5, 6, 7, 8, 9, 10, 11, 12, 13, 14, 15, 18, 19, 21, 22, 23, 24, 25, 26, 27, 28, 30, 31]",0.35
C13H7NO,"{'C': 13, 'N': 1, 'O': 1, 'H': 7}",193.05276384961,neutral,0,Nomex,meta-Aramid,h_shift,break 2 bond(s) | H shift -2,2,-2,,,"[3, 4, 5, 6, 7, 8, 9, 10, 11, 12, 13, 14, 15, 18, 19, 22, 23, 24, 25, 26, 27, 28, 30, 31]",0.35
C13H8N2O,"{'N': 2, 'C': 13, 'O': 1, 'H': 8}",208.06366288627,neutral,0,Nomex,meta-Aramid,h_shift,break 2 bond(s) | H shift -2,2,-2,,,"[2, 3, 4, 5, 6, 7, 8, 9, 10, 11, 12, 13, 14, 15, 18, 19, 21, 22, 23, 24, 25, 26, 27, 28, 30, 31]",0.35
C13H8NO,"{'C': 13, 'N': 1, 'O': 1, 'H': 8}",194.06058888184,positive,1,Nomex,meta-Aramid,adduct,break 2 bond(s) | H shift -2 | H,2,-2,H,,"[3, 4, 5, 6, 7, 8, 9, 10, 11, 12, 13, 14, 15, 18, 19, 22, 23, 24, 25, 26, 27, 28, 30, 31]",0.35
C13H9N2O,"{'N': 2, 'C': 13, 'O': 1, 'H': 9}",209.0714879185,positive,1,Nomex,meta-Aramid,adduct,break 2 bond(s) | H shift -2 | H,2,-2,H,,"[2, 3, 4, 5, 6, 7, 8, 9, 10, 11, 12, 13, 14, 15, 18, 19, 21, 22, 23, 24, 25, 26, 27, 28, 30, 31]",0.35
C5H,"{'C': 5, 'H': 1}",61.00782503223,neutral,0,Nomex,meta-Aramid,neutral_loss,break 2 bond(s) | -CH3 | ; | break 2 bond(s) | -CH3,2,0,,CH3,"[3, 4, 5, 6, 7, 19, 22, 23, 24, 31]",0.35
C5H2N,"{'N': 1, 'C': 5, 'H': 2}",76.01872406889,neutral,0,Nomex,meta-Aramid,neutral_loss,break 2 bond(s) | -CH3 | ; | break 2 bond(s) | -CH3,2,0,,CH3,"[2, 3, 4, 5, 6, 7, 19, 21, 22, 23, 24, 31]",0.35
C5H3N2,"{'N': 2, 'C': 5, 'H': 3}",91.02962310555,neutral,0,Nomex,meta-Aramid,neutral_loss,break 2 bond(s) | -CH3,2,0,,CH3,"[2, 3, 4, 5, 6, 7, 8, 19, 21, 22, 23, 24, 25, 31]",0.35
C6H,"{'C': 6, 'H': 1}",73.00782503223,negative,-1,Nomex,meta-Aramid,adduct,break 2 bond(s) | H shift -2 | -H | ; | break 2 bond(s) | H shift -2 | -H,2,-2,-H,,"[3, 4, 5, 6, 7, 19, 22, 23, 24, 31]",0.35
C6H2,"{'C': 6, 'H': 2}",74.01565006446,neutral,0,Nomex,meta-Aramid,neutral_loss,break 2 bond(s) | -NH3 | ; | break 2 bond(s) | -H2 | ; | break 2 bond(s) | -NH3 | ; | break 2 bond(s) | H shift -2 | -CO,2,0,,NH3,"[2, 3, 4, 5, 6, 7, 19, 21, 22, 23, 24, 31]",0.35
C6H2,"{'C': 6, 'H': 2}",74.01565006446,neutral,0,Nomex,meta-Aramid,h_shift,break 2 bond(s) | H shift -2 | ; | break 2 bond(s) | H shift -2,2,-2,,,"[3, 4, 5, 6, 7, 19, 22, 23, 24, 31]",0.35
C6H2N,"{'N': 1, 'C': 6, 'H': 2}",88.01872406889,negative,-1,Nomex,meta-Aramid,adduct,break 2 bond(s) | H shift -2 | -H | ; | break 2 bond(s) | H shift -2 | -H,2,-2,-H,,"[2, 3, 4, 5, 6, 7, 19, 21, 22, 23, 24, 31]",0.35
C6H3,"{'C': 6, 'H': 3}",75.02347509669,positive,1,Nomex,meta-Aramid,adduct,break 2 bond(s) | H shift -2 | H | ; | break 2 bond(s) | H shift -2 | H,2,-2,H,,"[3, 4, 5, 6, 7, 19, 22, 23, 24, 31]",0.35
C6H3N,"{'N': 1, 'C': 6, 'H': 3}",89.02654910112,neutral,0,Nomex,meta-Aramid,h_shift,break 2 bond(s) | H shift -2 | ; | break 2 bond(s) | H shift -2,2,-2,,,"[2, 3, 4, 5, 6, 7, 19, 21, 22, 23, 24, 31]",0.35
C6H3N,"{'N': 1, 'C': 6, 'H': 3}",89.02654910112,neutral,0,Nomex,meta-Aramid,neutral_loss,break 2 bond(s) | -H2 | ; | break 2 bond(s) | -NH3 | ; | break 2 bond(s) | -H2 | ; | break 2 bond(s) | H shift -2 | -CO,2,0,,H2,"[2, 3, 4, 5, 6, 7, 19, 21, 22, 23, 24, 31]",0.35
C6H3N2,"{'N': 2, 'C': 6, 'H': 3}",103.02962310555,negative,-1,Nomex,meta-Aramid,adduct,break 2 bond(s) | H shift -2 | -H,2,-2,-H,,"[2, 3, 4, 5, 6, 7, 8, 19, 21, 22, 23, 24, 25, 31]",0.35
C6H4N,"{'N': 1, 'C': 6, 'H': 4}",90.03437413335,positive,1,Nomex,meta-Aramid,adduct,break 2 bond(s) | H shift -2 | H | ; | break 2 bond(s) | H shift -2 | H,2,-2,H,,"[2, 3, 4, 5, 6, 7, 19, 21, 22, 23, 24, 31]",0.35
C6H4N2,"{'N': 2, 'C': 6, 'H': 4}",104.03744813778,neutral,0,Nomex,meta-Aramid,h_shift,break 2 bond(s) | H shift -2,2,-2,,,"[2, 3, 4, 5, 6, 7, 8, 19, 21, 22, 23, 24, 25, 31]",0.35
C6H4N2,"{'N': 2, 'C': 6, 'H': 4}",104.03744813778,neutral,0,Nomex,meta-Aramid,neutral_loss,break 2 bond(s) | -H2 | ; | break 2 bond(s) | H shift -2 | -CO,2,0,,H2,"[2, 3, 4, 5, 6, 7, 8, 19, 21, 22, 23, 24, 25, 31]",0.35
C6H5,"{'C': 6, 'H': 5}",77.03912516115,negative,-1,Nomex,meta-Aramid,adduct,break 2 bond(s) | H shift +2 | -H | ; | break 2 bond(s) | H shift +2 | -H,2,2,-H,,"[3, 4, 5, 6, 7, 19, 22, 23, 24, 31]",0.35
C6H5N2,"{'N': 2, 'C': 6, 'H': 5}",105.04527317001,positive,1,Nomex,meta-Aramid,adduct,break 2 bond(s) | H shift -2 | H,2,-2,H,,"[2, 3, 4, 5, 6, 7, 8, 19, 21, 22, 23, 24, 25, 31]",0.35
C6H6,"{'C': 6, 'H': 6}",78.04695019338,neutral,0,Nomex,meta-Aramid,h_shift,break 2 bond(s) | H shift +2 | ; | break 2 bond(s) | H shift +2,2,2,,,"[3, 4, 5, 6, 7, 19, 22, 23, 24, 31]",0.35
C6H6N,"{'N': 1, 'C': 6, 'H': 6}",92.05002419781,negative,-1,Nomex,meta-Aramid,adduct,break 2 bond(s) | H shift +2 | -H | ; | break 2 bond(s) | H shift +2 | -H,2,2,-H,,"[2, 3, 4, 5, 6, 7, 19, 21, 22, 23, 24, 31]",0.35
C6H7,"{'C': 6, 'H': 7}",79.05477522561,positive,1,Nomex,meta-Aramid,adduct,break 2 bond(s) | H shift +2 | H | ; | break 2 bond(s) | H shift +2 | H,2,2,H,,"[3, 4, 5, 6, 7, 19, 22, 23, 24, 31]",0.35
C6H7N,"{'N': 1, 'C': 6, 'H': 7}",93.05784923004,neutral,0,Nomex,meta-Aramid,h_shift,break 2 bond(s) | H shift +2 | ; | break 2 bond(s) | H shift +2,2,2,,,"[2, 3, 4, 5, 6, 7, 19, 21, 22, 23, 24, 31]",0.35
C6H7N2,"{'N': 2, 'C': 6, 'H': 7}",107.06092323447,negative,-1,Nomex,meta-Aramid,adduct,break 2 bond(s) | H shift +2 | -H,2,2,-H,,"[2, 3, 4, 5, 6, 7, 8, 19, 21, 22, 23, 24, 25, 31]",0.35
C6H8N,"{'N': 1, 'C': 6, 'H': 8}",94.06567426227,positive,1,Nomex,meta-Aramid,adduct,break 2 bond(s) | H shift +2 | H | ; | break 2 bond(s) | H shift +2 | H,2,2,H,,"[2, 3, 4, 5, 6, 7, 19, 21, 22, 23, 24, 31]",0.35
C6H8N2,"{'N': 2, 'C': 6, 'H': 8}",108.0687482667,neutral,0,Nomex,meta-Aramid,h_shift,break 2 bond(s) | H shift +2,2,2,,,"[2, 3, 4, 5, 6, 7, 8, 19, 21, 22, 23, 24, 25, 31]",0.35
C6H9N2,"{'N': 2, 'C': 6, 'H': 9}",109.07657329893,positive,1,Nomex,meta-Aramid,adduct,break 2 bond(s) | H shift +2 | H,2,2,H,,"[2, 3, 4, 5, 6, 7, 8, 19, 21, 22, 23, 24, 25, 31]",0.35
C7H2NO,"{'C': 7, 'N': 1, 'O': 1, 'H': 2}",116.01363868846,negative,-1,Nomex,meta-Aramid,adduct,break 2 bond(s) | H shift -2 | -H | ; | break 2 bond(s) | H shift -2 | -H,2,-2,-H,,"[3, 4, 5, 6, 7, 8, 9, 10, 19, 22, 23, 24, 25, 31]",0.35
C7H2O,"{'C': 7, 'O': 1, 'H': 2}",102.01056468403,neutral,0,Nomex,meta-Aramid,h_shift,break 2 bond(s) | H shift -2,2,-2,,,"[9, 10, 11, 12, 13, 14, 15, 18, 26, 27, 28, 30]",0.35
C7H3N2O,"{'N': 2, 'C': 7, 'O': 1, 'H': 3}",131.02453772512,negative,-1,Nomex,meta-Aramid,adduct,break 2 bond(s) | H shift -2 | -H,2,-2,-H,,"[2, 3, 4, 5, 6, 7, 8, 9, 10, 19, 21, 22, 23, 24, 25, 31]",0.35
C7H3NO,"{'C': 7, 'N': 1, 'O': 1, 'H': 3}",117.02146372069,neutral,0,Nomex,meta-Aramid,h_shift,break 2 bond(s) | H shift -2 | ; | break 2 bond(s) | H shift -2,2,-2,,,"[3, 4, 5, 6, 7, 8, 9, 10, 19, 22, 23, 24, 25, 31]",0.35
C7H3O,"{'C': 7, 'O': 1, 'H': 3}",103.01838971626,positive,1,Nomex,meta-Aramid,adduct,break 2 bond(s) | H shift -2 | H,2,-2,H,,"[9, 10, 11, 12, 13, 14, 15, 18, 26, 27, 28, 30]",0.35
C7H4N2O,"{'N': 2, 'C': 7, 'O': 1, 'H': 4}",132.03236275735,neutral,0,Nomex,meta-Aramid,h_shift,break 2 bond(s) | H shift -2,2,-2,,,"[2, 3, 4, 5, 6, 7, 8, 9, 10, 19, 21, 22, 23, 24, 25, 31]",0.35
C7H4NO,"{'C': 7, 'N': 1, 'O': 1, 'H': 4}",118.02928875292,positive,1,Nomex,meta-Aramid,adduct,break 2 bond(s) | H shift -2 | H | ; | break 2 bond(s) | H shift -2 | H,2,-2,H,,"[3, 4, 5, 6, 7, 8, 9, 10, 19, 22, 23, 24, 25, 31]",0.35
C7H5N2O,"{'N': 2, 'C': 7, 'O': 1, 'H': 5}",133.04018778958,positive,1,Nomex,meta-Aramid,adduct,break 2 bond(s) | H shift -2 | H,2,-2,H,,"[2, 3, 4, 5, 6, 7, 8, 9, 10, 19, 21, 22, 23, 24, 25, 31]",0.35
C7HO,"{'C': 7, 'O': 1, 'H': 1}",101.0027396518,negative,-1,Nomex,meta-Aramid,adduct,break 2 bond(s) | H shift -2 | -H,2,-2,-H,,"[9, 10, 11, 12, 13, 14, 15, 18, 26, 27, 28, 30]",0.35
C13H10ClN2O,"{'N': 2, 'C': 13, 'O': 1, 'H': 10, 'Cl': 1}",245.04816563273,negative,-1,Nomex,meta-Aramid,adduct,break 2 bond(s) | Cl,2,0,Cl,,"[2, 3, 4, 5, 6, 7, 8, 9, 10, 11, 12, 13, 14, 15, 18, 19, 21, 22, 23, 24, 25, 26, 27, 28, 30, 31]",0.33
C13H10KN2O,"{'N': 2, 'C': 13, 'O': 1, 'H': 10, 'K': 1}",249.04301943713,positive,1,Nomex,meta-Aramid,adduct,break 2 bond(s) | K,2,0,K,,"[2, 3, 4, 5, 6, 7, 8, 9, 10, 11, 12, 13, 14, 15, 18, 19, 21, 22, 23, 24, 25, 26, 27, 28, 30, 31]",0.33
C13H10N2NaO,"{'N': 2, 'C': 13, 'O': 1, 'H': 10, 'Na': 1}",233.06908223273,positive,1,Nomex,meta-Aramid,adduct,break 2 bond(s) | Na,2,0,Na,,"[2, 3, 4, 5, 6, 7, 8, 9, 10, 11, 12, 13, 14, 15, 18, 19, 21, 22, 23, 24, 25, 26, 27, 28, 30, 31]",0.33
C13H10N2O2,"{'N': 2, 'C': 13, 'O': 2, 'H': 10}",226.0742275703,negative,-1,Nomex,meta-Aramid,adduct,break 2 bond(s) | O,2,0,O,,"[2, 3, 4, 5, 6, 7, 8, 9, 10, 11, 12, 13, 14, 15, 18, 19, 21, 22, 23, 24, 25, 26, 27, 28, 30, 31]",0.33
C13H10NO2,"{'C': 13, 'N': 1, 'O': 2, 'H': 10}",212.07115356587,negative,-1,Nomex,meta-Aramid,adduct,break 2 bond(s) | OH | ; | break 2 bond(s) | H shift +1 | O,2,0,OH,,"[3, 4, 5, 6, 7, 8, 9, 10, 11, 12, 13, 14, 15, 18, 19, 22, 23, 24, 25, 26, 27, 28, 30, 31]",0.33
C13H11N2O2,"{'N': 2, 'C': 13, 'O': 2, 'H': 11}",227.08205260252998,negative,-1,Nomex,meta-Aramid,adduct,break 2 bond(s) | OH | ; | break 2 bond(s) | H shift +1 | O,2,0,OH,,"[2, 3, 4, 5, 6, 7, 8, 9, 10, 11, 12, 13, 14, 15, 18, 19, 21, 22, 23, 24, 25, 26, 27, 28, 30, 31]",0.33
C13H9ClNO,"{'C': 13, 'N': 1, 'O': 1, 'H': 9, 'Cl': 1}",230.03726659607,negative,-1,Nomex,meta-Aramid,adduct,break 2 bond(s) | Cl,2,0,Cl,,"[3, 4, 5, 6, 7, 8, 9, 10, 11, 12, 13, 14, 15, 18, 19, 22, 23, 24, 25, 26, 27, 28, 30, 31]",0.33
C13H9KNO,"{'C': 13, 'N': 1, 'O': 1, 'H': 9, 'K': 1}",234.03212040047,positive,1,Nomex,meta-Aramid,adduct,break 2 bond(s) | K,2,0,K,,"[3, 4, 5, 6, 7, 8, 9, 10, 11, 12, 13, 14, 15, 18, 19, 22, 23, 24, 25, 26, 27, 28, 30, 31]",0.33
C13H9NNaO,"{'C': 13, 'N': 1, 'O': 1, 'H': 9, 'Na': 1}",218.05818319607,positive,1,Nomex,meta-Aramid,adduct,break 2 bond(s) | Na,2,0,Na,,"[3, 4, 5, 6, 7, 8, 9, 10, 11, 12, 13, 14, 15, 18, 19, 22, 23, 24, 25, 26, 27, 28, 30, 31]",0.33
C13H9NO2,"{'C': 13, 'N': 1, 'O': 2, 'H': 9}",211.06332853364,negative,-1,Nomex,meta-Aramid,adduct,break 2 bond(s) | O,2,0,O,,"[3, 4, 5, 6, 7, 8, 9, 10, 11, 12, 13, 14, 15, 18, 19, 22, 23, 24, 25, 26, 27, 28, 30, 31]",0.33
C6H4Cl,"{'C': 6, 'H': 4, 'Cl': 1}",111.00015281092,negative,-1,Nomex,meta-Aramid,adduct,break 2 bond(s) | Cl | ; | break 2 bond(s) | Cl,2,0,Cl,,"[3, 4, 5, 6, 7, 19, 22, 23, 24, 31]",0.33
C6H4K,"{'C': 6, 'H': 4, 'K': 1}",114.99500661532,positive,1,Nomex,meta-Aramid,adduct,break 2 bond(s) | K | ; | break 2 bond(s) | K,2,0,K,,"[3, 4, 5, 6, 7, 19, 22, 23, 24, 31]",0.33
C6H4Na,"{'C': 6, 'H': 4, 'Na': 1}",99.02106941092,positive,1,Nomex,meta-Aramid,adduct,break 2 bond(s) | Na | ; | break 2 bond(s) | Na,2,0,Na,,"[3, 4, 5, 6, 7, 19, 22, 23, 24, 31]",0.33
C6H4O,"{'C': 6, 'H': 4, 'O': 1}",92.02621474849,negative,-1,Nomex,meta-Aramid,adduct,break 2 bond(s) | O | ; | break 2 bond(s) | H shift -1 | OH | ; | break 2 bond(s) | O,2,0,O,,"[3, 4, 5, 6, 7, 19, 22, 23, 24, 31]",0.33
C6H5ClN,"{'N': 1, 'C': 6, 'H': 5, 'Cl': 1}",126.01105184757999,negative,-1,Nomex,meta-Aramid,adduct,break 2 bond(s) | Cl | ; | break 2 bond(s) | Cl,2,0,Cl,,"[2, 3, 4, 5, 6, 7, 19, 21, 22, 23, 24, 31]",0.33
C6H5KN,"{'N': 1, 'C': 6, 'H': 5, 'K': 1}",130.00590565198,positive,1,Nomex,meta-Aramid,adduct,break 2 bond(s) | K | ; | break 2 bond(s) | K,2,0,K,,"[2, 3, 4, 5, 6, 7, 19, 21, 22, 23, 24, 31]",0.33
C6H5NNa,"{'N': 1, 'C': 6, 'H': 5, 'Na': 1}",114.03196844758,positive,1,Nomex,meta-Aramid,adduct,break 2 bond(s) | Na | ; | break 2 bond(s) | Na,2,0,Na,,"[2, 3, 4, 5, 6, 7, 19, 21, 22, 23, 24, 31]",0.33
C6H5NO,"{'N': 1, 'C': 6, 'H': 5, 'O': 1}",107.03711378515,negative,-1,Nomex,meta-Aramid,adduct,break 2 bond(s) | O | ; | break 2 bond(s) | H shift -1 | OH | ; | break 2 bond(s) | O,2,0,O,,"[2, 3, 4, 5, 6, 7, 19, 21, 22, 23, 24, 31]",0.33
C6H5O,"{'C': 6, 'H': 5, 'O': 1}",93.03403978072001,negative,-1,Nomex,meta-Aramid,adduct,break 2 bond(s) | OH | ; | break 2 bond(s) | H shift +1 | O | ; | break 2 bond(s) | OH,2,0,OH,,"[3, 4, 5, 6, 7, 19, 22, 23, 24, 31]",0.33
C6H6ClN2,"{'N': 2, 'C': 6, 'H': 6, 'Cl': 1}",141.02195088424,negative,-1,Nomex,meta-Aramid,adduct,break 2 bond(s) | Cl,2,0,Cl,,"[2, 3, 4, 5, 6, 7, 8, 19, 21, 22, 23, 24, 25, 31]",0.33
C6H6KN2,"{'N': 2, 'C': 6, 'H': 6, 'K': 1}",145.01680468864,positive,1,Nomex,meta-Aramid,adduct,break 2 bond(s) | K,2,0,K,,"[2, 3, 4, 5, 6, 7, 8, 19, 21, 22, 23, 24, 25, 31]",0.33
C6H6N2Na,"{'N': 2, 'C': 6, 'H': 6, 'Na': 1}",129.04286748424,positive,1,Nomex,meta-Aramid,adduct,break 2 bond(s) | Na,2,0,Na,,"[2, 3, 4, 5, 6, 7, 8, 19, 21, 22, 23, 24, 25, 31]",0.33
C6H6N2O,"{'N': 2, 'C': 6, 'H': 6, 'O': 1}",122.04801282181,negative,-1,Nomex,meta-Aramid,adduct,break 2 bond(s) | O,2,0,O,,"[2, 3, 4, 5, 6, 7, 8, 19, 21, 22, 23, 24, 25, 31]",0.33
C6H6NO,"{'N': 1, 'C': 6, 'H': 6, 'O': 1}",108.04493881738,negative,-1,Nomex,meta-Aramid,adduct,break 2 bond(s) | OH | ; | break 2 bond(s) | H shift +1 | O | ; | break 2 bond(s) | OH,2,0,OH,,"[2, 3, 4, 5, 6, 7, 19, 21, 22, 23, 24, 31]",0.33
C6H7N2O,"{'N': 2, 'C': 6, 'H': 7, 'O': 1}",123.05583785403999,negative,-1,Nomex,meta-Aramid,adduct,break 2 bond(s) | OH | ; | break 2 bond(s) | H shift +1 | O,2,0,OH,,"[2, 3, 4, 5, 6, 7, 8, 19, 21, 22, 23, 24, 25, 31]",0.33
C12H10N,"{'C': 12, 'N': 1, 'H': 10}",168.08132432673,neutral,0,Nomex,meta-Aramid,neutral_loss,break 2 bond(s) | H shift +1 | -CO,2,1,,CO,"[3, 4, 5, 6, 7, 8, 9, 10, 11, 12, 13, 14, 15, 18, 19, 22, 23, 24, 25, 26, 27, 28, 30, 31]",0.30000000000000004
C12H11N2,"{'N': 2, 'C': 12, 'H': 11}",183.09222336339,neutral,0,Nomex,meta-Aramid,neutral_loss,break 2 bond(s) | H shift +1 | -CO,2,1,,CO,"[2, 3, 4, 5, 6, 7, 8, 9, 10, 11, 12, 13, 14, 15, 18, 19, 21, 22, 23, 24, 25, 26, 27, 28, 30, 31]",0.30000000000000004
C12H5NO,"{'C': 12, 'N': 1, 'O': 1, 'H': 5}",179.03711378515,neutral,0,Nomex,meta-Aramid,neutral_loss,break 2 bond(s) | H shift -1 | -CH3,2,-1,,CH3,"[3, 4, 5, 6, 7, 8, 9, 10, 11, 12, 13, 14, 15, 18, 19, 22, 23, 24, 25, 26, 27, 28, 30, 31]",0.30000000000000004
C12H6N2O,"{'N': 2, 'C': 12, 'O': 1, 'H': 6}",194.04801282181,neutral,0,Nomex,meta-Aramid,neutral_loss,break 2 bond(s) | H shift -1 | -CH3,2,-1,,CH3,"[2, 3, 4, 5, 6, 7, 8, 9, 10, 11, 12, 13, 14, 15, 18, 19, 21, 22, 23, 24, 25, 26, 27, 28, 30, 31]",0.30000000000000004
C12H7NO,"{'C': 12, 'N': 1, 'O': 1, 'H': 7}",181.05276384961,neutral,0,Nomex,meta-Aramid,neutral_loss,break 2 bond(s) | H shift +1 | -CH3,2,1,,CH3,"[3, 4, 5, 6, 7, 8, 9, 10, 11, 12, 13, 14, 15, 18, 19, 22, 23, 24, 25, 26, 27, 28, 30, 31]",0.30000000000000004
C12H8N,"{'C': 12, 'N': 1, 'H': 8}",166.06567426227,neutral,0,Nomex,meta-Aramid,neutral_loss,break 2 bond(s) | H shift -1 | -CO,2,-1,,CO,"[3, 4, 5, 6, 7, 8, 9, 10, 11, 12, 13, 14, 15, 18, 19, 22, 23, 24, 25, 26, 27, 28, 30, 31]",0.30000000000000004
C12H8N2O,"{'N': 2, 'C': 12, 'O': 1, 'H': 8}",196.06366288627,neutral,0,Nomex,meta-Aramid,neutral_loss,break 2 bond(s) | H shift +1 | -CH3,2,1,,CH3,"[2, 3, 4, 5, 6, 7, 8, 9, 10, 11, 12, 13, 14, 15, 18, 19, 21, 22, 23, 24, 25, 26, 27, 28, 30, 31]",0.30000000000000004
C12H9N2,"{'N': 2, 'C': 12, 'H': 9}",181.07657329893,neutral,0,Nomex,meta-Aramid,neutral_loss,break 2 bond(s) | H shift -1 | -CO,2,-1,,CO,"[2, 3, 4, 5, 6, 7, 8, 9, 10, 11, 12, 13, 14, 15, 18, 19, 21, 22, 23, 24, 25, 26, 27, 28, 30, 31]",0.30000000000000004
C13H5O,"{'C': 13, 'O': 1, 'H': 5}",177.03403978072,neutral,0,Nomex,meta-Aramid,neutral_loss,break 2 bond(s) | H shift -1 | -NH3,2,-1,,NH3,"[3, 4, 5, 6, 7, 8, 9, 10, 11, 12, 13, 14, 15, 18, 19, 22, 23, 24, 25, 26, 27, 28, 30, 31]",0.30000000000000004
C13H6N,"{'C': 13, 'N': 1, 'H': 6}",176.05002419781,neutral,0,Nomex,meta-Aramid,neutral_loss,break 2 bond(s) | H shift -1 | -H2O,2,-1,,H2O,"[3, 4, 5, 6, 7, 8, 9, 10, 11, 12, 13, 14, 15, 18, 19, 22, 23, 24, 25, 26, 27, 28, 30, 31]",0.30000000000000004
C13H6NO,"{'N': 1, 'C': 13, 'O': 1, 'H': 6}",192.04493881738,neutral,0,Nomex,meta-Aramid,neutral_loss,break 2 bond(s) | H shift -1 | -NH3 | ; | break 2 bond(s) | H shift -1 | -H2,2,-1,,NH3,"[2, 3, 4, 5, 6, 7, 8, 9, 10, 11, 12, 13, 14, 15, 18, 19, 21, 22, 23, 24, 25, 26, 27, 28, 30, 31]",0.30000000000000004
C13H7N2,"{'N': 2, 'C': 13, 'H': 7}",191.06092323447,neutral,0,Nomex,meta-Aramid,neutral_loss,break 2 bond(s) | H shift -1 | -H2O,2,-1,,H2O,"[2, 3, 4, 5, 6, 7, 8, 9, 10, 11, 12, 13, 14, 15, 18, 19, 21, 22, 23, 24, 25, 26, 27, 28, 30, 31]",0.30000000000000004
C13H7N2O,"{'N': 2, 'C': 13, 'O': 1, 'H': 7}",207.05583785404,neutral,0,Nomex,meta-Aramid,neutral_loss,break 2 bond(s) | H shift -1 | -H2,2,-1,,H2,"[2, 3, 4, 5, 6, 7, 8, 9, 10, 11, 12, 13, 14, 15, 18, 19, 21, 22, 23, 24, 25, 26, 27, 28, 30, 31]",0.30000000000000004
C13H7O,"{'C': 13, 'O': 1, 'H': 7}",179.04968984518,neutral,0,Nomex,meta-Aramid,neutral_loss,break 2 bond(s) | H shift +1 | -NH3,2,1,,NH3,"[3, 4, 5, 6, 7, 8, 9, 10, 11, 12, 13, 14, 15, 18, 19, 22, 23, 24, 25, 26, 27, 28, 30, 31]",0.30000000000000004
C5,{'C': 5},60.0,neutral,0,Nomex,meta-Aramid,neutral_loss,break 2 bond(s) | H shift -1 | -CH3 | ; | break 2 bond(s) | H shift -1 | -CH3,2,-1,,CH3,"[3, 4, 5, 6, 7, 19, 22, 23, 24, 31]",0.30000000000000004
C5H2,"{'C': 5, 'H': 2}",62.01565006446,neutral,0,Nomex,meta-Aramid,neutral_loss,break 2 bond(s) | H shift +1 | -CH3 | ; | break 2 bond(s) | H shift +1 | -CH3,2,1,,CH3,"[3, 4, 5, 6, 7, 19, 22, 23, 24, 31]",0.30000000000000004
C5H2N2,"{'N': 2, 'C': 5, 'H': 2}",90.02179807332,neutral,0,Nomex,meta-Aramid,neutral_loss,break 2 bond(s) | H shift -1 | -CH3,2,-1,,CH3,"[2, 3, 4, 5, 6, 7, 8, 19, 21, 22, 23, 24, 25, 31]",0.30000000000000004
C5H3N,"{'N': 1, 'C': 5, 'H': 3}",77.02654910112,neutral,0,Nomex,meta-Aramid,neutral_loss,break 2 bond(s) | H shift +1 | -CH3 | ; | break 2 bond(s) | H shift +1 | -CH3,2,1,,CH3,"[2, 3, 4, 5, 6, 7, 19, 21, 22, 23, 24, 31]",0.30000000000000004
C5H4N2,"{'N': 2, 'C': 5, 'H': 4}",92.03744813778,neutral,0,Nomex,meta-Aramid,neutral_loss,break 2 bond(s) | H shift +1 | -CH3,2,1,,CH3,"[2, 3, 4, 5, 6, 7, 8, 19, 21, 22, 23, 24, 25, 31]",0.30000000000000004
C5HN,"{'N': 1, 'C': 5, 'H': 1}",75.01089903665999,neutral,0,Nomex,meta-Aramid,neutral_loss,break 2 bond(s) | H shift -1 | -CH3 | ; | break 2 bond(s) | H shift -1 | -CH3,2,-1,,CH3,"[2, 3, 4, 5, 6, 7, 19, 21, 22, 23, 24, 31]",0.30000000000000004
C6H,"{'C': 6, 'H': 1}",73.00782503223,neutral,0,Nomex,meta-Aramid,neutral_loss,break 2 bond(s) | H shift -1 | -NH3 | ; | break 2 bond(s) | H shift -1 | -H2 | ; | break 2 bond(s) | H shift -1 | -NH3,2,-1,,NH3,"[2, 3, 4, 5, 6, 7, 19, 21, 22, 23, 24, 31]",0.30000000000000004
C6H2N,"{'N': 1, 'C': 6, 'H': 2}",88.01872406889,neutral,0,Nomex,meta-Aramid,neutral_loss,break 2 bond(s) | H shift -1 | -H2 | ; | break 2 bond(s) | H shift -1 | -NH3 | ; | break 2 bond(s) | H shift -1 | -H2,2,-1,,H2,"[2, 3, 4, 5, 6, 7, 19, 21, 22, 23, 24, 31]",0.30000000000000004
C6H3N2,"{'N': 2, 'C': 6, 'H': 3}",103.02962310555,neutral,0,Nomex,meta-Aramid,neutral_loss,break 2 bond(s) | H shift -1 | -H2,2,-1,,H2,"[2, 3, 4, 5, 6, 7, 8, 19, 21, 22, 23, 24, 25, 31]",0.30000000000000004
C13H10ClNO,"{'C': 13, 'N': 1, 'O': 1, 'H': 10, 'Cl': 1}",231.04509162829999,negative,-1,Nomex,meta-Aramid,adduct,break 2 bond(s) | H shift +1 | Cl,2,1,Cl,,"[3, 4, 5, 6, 7, 8, 9, 10, 11, 12, 13, 14, 15, 18, 19, 22, 23, 24, 25, 26, 27, 28, 30, 31]",0.28
C13H10KNO,"{'C': 13, 'N': 1, 'O': 1, 'H': 10, 'K': 1}",235.0399454327,positive,1,Nomex,meta-Aramid,adduct,break 2 bond(s) | H shift +1 | K,2,1,K,,"[3, 4, 5, 6, 7, 8, 9, 10, 11, 12, 13, 14, 15, 18, 19, 22, 23, 24, 25, 26, 27, 28, 30, 31]",0.28
C13H10NNaO,"{'C': 13, 'N': 1, 'O': 1, 'H': 10, 'Na': 1}",219.0660082283,positive,1,Nomex,meta-Aramid,adduct,break 2 bond(s) | H shift +1 | Na,2,1,Na,,"[3, 4, 5, 6, 7, 8, 9, 10, 11, 12, 13, 14, 15, 18, 19, 22, 23, 24, 25, 26, 27, 28, 30, 31]",0.28
C13H11ClN2O,"{'N': 2, 'C': 13, 'O': 1, 'H': 11, 'Cl': 1}",246.05599066496,negative,-1,Nomex,meta-Aramid,adduct,break 2 bond(s) | H shift +1 | Cl,2,1,Cl,,"[2, 3, 4, 5, 6, 7, 8, 9, 10, 11, 12, 13, 14, 15, 18, 19, 21, 22, 23, 24, 25, 26, 27, 28, 30, 31]",0.28
C13H11KN2O,"{'N': 2, 'C': 13, 'O': 1, 'H': 11, 'K': 1}",250.05084446936,positive,1,Nomex,meta-Aramid,adduct,break 2 bond(s) | H shift +1 | K,2,1,K,,"[2, 3, 4, 5, 6, 7, 8, 9, 10, 11, 12, 13, 14, 15, 18, 19, 21, 22, 23, 24, 25, 26, 27, 28, 30, 31]",0.28
C13H11N2NaO,"{'N': 2, 'C': 13, 'O': 1, 'H': 11, 'Na': 1}",234.07690726496,positive,1,Nomex,meta-Aramid,adduct,break 2 bond(s) | H shift +1 | Na,2,1,Na,,"[2, 3, 4, 5, 6, 7, 8, 9, 10, 11, 12, 13, 14, 15, 18, 19, 21, 22, 23, 24, 25, 26, 27, 28, 30, 31]",0.28
C13H11NO2,"{'C': 13, 'N': 1, 'O': 2, 'H': 11}",213.0789785981,negative,-1,Nomex,meta-Aramid,adduct,break 2 bond(s) | H shift +1 | OH | ; | break 2 bond(s) | H shift +2 | O,2,1,OH,,"[3, 4, 5, 6, 7, 8, 9, 10, 11, 12, 13, 14, 15, 18, 19, 22, 23, 24, 25, 26, 27, 28, 30, 31]",0.28
C13H12N2O2,"{'N': 2, 'C': 13, 'O': 2, 'H': 12}",228.08987763476,negative,-1,Nomex,meta-Aramid,adduct,break 2 bond(s) | H shift +1 | OH | ; | break 2 bond(s) | H shift +2 | O,2,1,OH,,"[2, 3, 4, 5, 6, 7, 8, 9, 10, 11, 12, 13, 14, 15, 18, 19, 21, 22, 23, 24, 25, 26, 27, 28, 30, 31]",0.28
C13H8ClNO,"{'C': 13, 'N': 1, 'O': 1, 'H': 8, 'Cl': 1}",229.02944156384,negative,-1,Nomex,meta-Aramid,adduct,break 2 bond(s) | H shift -1 | Cl,2,-1,Cl,,"[3, 4, 5, 6, 7, 8, 9, 10, 11, 12, 13, 14, 15, 18, 19, 22, 23, 24, 25, 26, 27, 28, 30, 31]",0.28
C13H8KNO,"{'C': 13, 'N': 1, 'O': 1, 'H': 8, 'K': 1}",233.02429536824,positive,1,Nomex,meta-Aramid,adduct,break 2 bond(s) | H shift -1 | K,2,-1,K,,"[3, 4, 5, 6, 7, 8, 9, 10, 11, 12, 13, 14, 15, 18, 19, 22, 23, 24, 25, 26, 27, 28, 30, 31]",0.28
C13H8NNaO,"{'C': 13, 'N': 1, 'O': 1, 'H': 8, 'Na': 1}",217.05035816384,positive,1,Nomex,meta-Aramid,adduct,break 2 bond(s) | H shift -1 | Na,2,-1,Na,,"[3, 4, 5, 6, 7, 8, 9, 10, 11, 12, 13, 14, 15, 18, 19, 22, 23, 24, 25, 26, 27, 28, 30, 31]",0.28
C13H8NO2,"{'C': 13, 'N': 1, 'O': 2, 'H': 8}",210.05550350141,negative,-1,Nomex,meta-Aramid,adduct,break 2 bond(s) | H shift -1 | O,2,-1,O,,"[3, 4, 5, 6, 7, 8, 9, 10, 11, 12, 13, 14, 15, 18, 19, 22, 23, 24, 25, 26, 27, 28, 30, 31]",0.28
C13H9ClN2O,"{'N': 2, 'C': 13, 'O': 1, 'H': 9, 'Cl': 1}",244.0403406005,negative,-1,Nomex,meta-Aramid,adduct,break 2 bond(s) | H shift -1 | Cl,2,-1,Cl,,"[2, 3, 4, 5, 6, 7, 8, 9, 10, 11, 12, 13, 14, 15, 18, 19, 21, 22, 23, 24, 25, 26, 27, 28, 30, 31]",0.28
C13H9KN2O,"{'N': 2, 'C': 13, 'O': 1, 'H': 9, 'K': 1}",248.0351944049,positive,1,Nomex,meta-Aramid,adduct,break 2 bond(s) | H shift -1 | K,2,-1,K,,"[2, 3, 4, 5, 6, 7, 8, 9, 10, 11, 12, 13, 14, 15, 18, 19, 21, 22, 23, 24, 25, 26, 27, 28, 30, 31]",0.28
C13H9N2NaO,"{'N': 2, 'C': 13, 'O': 1, 'H': 9, 'Na': 1}",232.0612572005,positive,1,Nomex,meta-Aramid,adduct,break 2 bond(s) | H shift -1 | Na,2,-1,Na,,"[2, 3, 4, 5, 6, 7, 8, 9, 10, 11, 12, 13, 14, 15, 18, 19, 21, 22, 23, 24, 25, 26, 27, 28, 30, 31]",0.28
C13H9N2O2,"{'N': 2, 'C': 13, 'O': 2, 'H': 9}",225.06640253807,negative,-1,Nomex,meta-Aramid,adduct,break 2 bond(s) | H shift -1 | O,2,-1,O,,"[2, 3, 4, 5, 6, 7, 8, 9, 10, 11, 12, 13, 14, 15, 18, 19, 21, 22, 23, 24, 25, 26, 27, 28, 30, 31]",0.28
C6H3Cl,"{'C': 6, 'H': 3, 'Cl': 1}",109.99232777869,negative,-1,Nomex,meta-Aramid,adduct,break 2 bond(s) | H shift -1 | Cl | ; | break 2 bond(s) | H shift -1 | Cl,2,-1,Cl,,"[3, 4, 5, 6, 7, 19, 22, 23, 24, 31]",0.28
C6H3K,"{'C': 6, 'H': 3, 'K': 1}",113.98718158309,positive,1,Nomex,meta-Aramid,adduct,break 2 bond(s) | H shift -1 | K | ; | break 2 bond(s) | H shift -1 | K,2,-1,K,,"[3, 4, 5, 6, 7, 19, 22, 23, 24, 31]",0.28
C6H3Na,"{'C': 6, 'H': 3, 'Na': 1}",98.01324437869,positive,1,Nomex,meta-Aramid,adduct,break 2 bond(s) | H shift -1 | Na | ; | break 2 bond(s) | H shift -1 | Na,2,-1,Na,,"[3, 4, 5, 6, 7, 19, 22, 23, 24, 31]",0.28
C6H3O,"{'C': 6, 'H': 3, 'O': 1}",91.01838971626,negative,-1,Nomex,meta-Aramid,adduct,break 2 bond(s) | H shift -1 | O | ; | break 2 bond(s) | H shift -2 | OH | ; | break 2 bond(s) | H shift -1 | O,2,-1,O,,"[3, 4, 5, 6, 7, 19, 22, 23, 24, 31]",0.28
C6H4ClN,"{'N': 1, 'C': 6, 'H': 4, 'Cl': 1}",125.00322681534999,negative,-1,Nomex,meta-Aramid,adduct,break 2 bond(s) | H shift -1 | Cl | ; | break 2 bond(s) | H shift -1 | Cl,2,-1,Cl,,"[2, 3, 4, 5, 6, 7, 19, 21, 22, 23, 24, 31]",0.28
C6H4KN,"{'N': 1, 'C': 6, 'H': 4, 'K': 1}",128.99808061975,positive,1,Nomex,meta-Aramid,adduct,break 2 bond(s) | H shift -1 | K | ; | break 2 bond(s) | H shift -1 | K,2,-1,K,,"[2, 3, 4, 5, 6, 7, 19, 21, 22, 23, 24, 31]",0.28
C6H4NNa,"{'N': 1, 'C': 6, 'H': 4, 'Na': 1}",113.02414341535,positive,1,Nomex,meta-Aramid,adduct,break 2 bond(s) | H shift -1 | Na | ; | break 2 bond(s) | H shift -1 | Na,2,-1,Na,,"[2, 3, 4, 5, 6, 7, 19, 21, 22, 23, 24, 31]",0.28
C6H4NO,"{'N': 1, 'C': 6, 'H': 4, 'O': 1}",106.02928875292,negative,-1,Nomex,meta-Aramid,adduct,break 2 bond(s) | H shift -1 | O | ; | break 2 bond(s) | H shift -2 | OH | ; | break 2 bond(s) | H shift -1 | O,2,-1,O,,"[2, 3, 4, 5, 6, 7, 19, 21, 22, 23, 24, 31]",0.28
C6H5Cl,"{'C': 6, 'H': 5, 'Cl': 1}",112.00797784315,negative,-1,Nomex,meta-Aramid,adduct,break 2 bond(s) | H shift +1 | Cl | ; | break 2 bond(s) | H shift +1 | Cl,2,1,Cl,,"[3, 4, 5, 6, 7, 19, 22, 23, 24, 31]",0.28
C6H5ClN2,"{'N': 2, 'C': 6, 'H': 5, 'Cl': 1}",140.01412585201,negative,-1,Nomex,meta-Aramid,adduct,break 2 bond(s) | H shift -1 | Cl,2,-1,Cl,,"[2, 3, 4, 5, 6, 7, 8, 19, 21, 22, 23, 24, 25, 31]",0.28
C6H5K,"{'C': 6, 'H': 5, 'K': 1}",116.00283164755,positive,1,Nomex,meta-Aramid,adduct,break 2 bond(s) | H shift +1 | K | ; | break 2 bond(s) | H shift +1 | K,2,1,K,,"[3, 4, 5, 6, 7, 19, 22, 23, 24, 31]",0.28
C6H5KN2,"{'N': 2, 'C': 6, 'H': 5, 'K': 1}",144.00897965641,positive,1,Nomex,meta-Aramid,adduct,break 2 bond(s) | H shift -1 | K,2,-1,K,,"[2, 3, 4, 5, 6, 7, 8, 19, 21, 22, 23, 24, 25, 31]",0.28
C6H5N2Na,"{'N': 2, 'C': 6, 'H': 5, 'Na': 1}",128.03504245201,positive,1,Nomex,meta-Aramid,adduct,break 2 bond(s) | H shift -1 | Na,2,-1,Na,,"[2, 3, 4, 5, 6, 7, 8, 19, 21, 22, 23, 24, 25, 31]",0.28
C6H5N2O,"{'N': 2, 'C': 6, 'H': 5, 'O': 1}",121.04018778958,negative,-1,Nomex,meta-Aramid,adduct,break 2 bond(s) | H shift -1 | O,2,-1,O,,"[2, 3, 4, 5, 6, 7, 8, 19, 21, 22, 23, 24, 25, 31]",0.28
C6H5Na,"{'C': 6, 'H': 5, 'Na': 1}",100.02889444315,positive,1,Nomex,meta-Aramid,adduct,break 2 bond(s) | H shift +1 | Na | ; | break 2 bond(s) | H shift +1 | Na,2,1,Na,,"[3, 4, 5, 6, 7, 19, 22, 23, 24, 31]",0.28
C6H6ClN,"{'N': 1, 'C': 6, 'H': 6, 'Cl': 1}",127.01887687981,negative,-1,Nomex,meta-Aramid,adduct,break 2 bond(s) | H shift +1 | Cl | ; | break 2 bond(s) | H shift +1 | Cl,2,1,Cl,,"[2, 3, 4, 5, 6, 7, 19, 21, 22, 23, 24, 31]",0.28
C6H6KN,"{'N': 1, 'C': 6, 'H': 6, 'K': 1}",131.01373068421,positive,1,Nomex,meta-Aramid,adduct,break 2 bond(s) | H shift +1 | K | ; | break 2 bond(s) | H shift +1 | K,2,1,K,,"[2, 3, 4, 5, 6, 7, 19, 21, 22, 23, 24, 31]",0.28
C6H6NNa,"{'N': 1, 'C': 6, 'H': 6, 'Na': 1}",115.03979347981,positive,1,Nomex,meta-Aramid,adduct,break 2 bond(s) | H shift +1 | Na | ; | break 2 bond(s) | H shift +1 | Na,2,1,Na,,"[2, 3, 4, 5, 6, 7, 19, 21, 22, 23, 24, 31]",0.28
C6H6O,"{'C': 6, 'H': 6, 'O': 1}",94.04186481295,negative,-1,Nomex,meta-Aramid,adduct,break 2 bond(s) | H shift +1 | OH | ; | break 2 bond(s) | H shift +2 | O | ; | break 2 bond(s) | H shift +1 | OH,2,1,OH,,"[3, 4, 5, 6, 7, 19, 22, 23, 24, 31]",0.28
C6H7ClN2,"{'N': 2, 'C': 6, 'H': 7, 'Cl': 1}",142.02977591647,negative,-1,Nomex,meta-Aramid,adduct,break 2 bond(s) | H shift +1 | Cl,2,1,Cl,,"[2, 3, 4, 5, 6, 7, 8, 19, 21, 22, 23, 24, 25, 31]",0.28
C6H7KN2,"{'N': 2, 'C': 6, 'H': 7, 'K': 1}",146.02462972087,positive,1,Nomex,meta-Aramid,adduct,break 2 bond(s) | H shift +1 | K,2,1,K,,"[2, 3, 4, 5, 6, 7, 8, 19, 21, 22, 23, 24, 25, 31]",0.28
C6H7N2Na,"{'N': 2, 'C': 6, 'H': 7, 'Na': 1}",130.05069251647,positive,1,Nomex,meta-Aramid,adduct,break 2 bond(s) | H shift +1 | Na,2,1,Na,,"[2, 3, 4, 5, 6, 7, 8, 19, 21, 22, 23, 24, 25, 31]",0.28
C6H7NO,"{'N': 1, 'C': 6, 'H': 7, 'O': 1}",109.05276384961,negative,-1,Nomex,meta-Aramid,adduct,break 2 bond(s) | H shift +1 | OH | ; | break 2 bond(s) | H shift +2 | O | ; | break 2 bond(s) | H shift +1 | OH,2,1,OH,,"[2, 3, 4, 5, 6, 7, 19, 21, 22, 23, 24, 31]",0.28
C6H8N2O,"{'N': 2, 'C': 6, 'H': 8, 'O': 1}",124.06366288627,negative,-1,Nomex,meta-Aramid,adduct,break 2 bond(s) | H shift +1 | OH | ; | break 2 bond(s) | H shift +2 | O,2,1,OH,,"[2, 3, 4, 5, 6, 7, 8, 19, 21, 22, 23, 24, 25, 31]",0.28
C12H11N,"{'C': 12, 'N': 1, 'H': 11}",169.08914935896,neutral,0,Nomex,meta-Aramid,neutral_loss,break 2 bond(s) | H shift +2 | -CO,2,2,,CO,"[3, 4, 5, 6, 7, 8, 9, 10, 11, 12, 13, 14, 15, 18, 19, 22, 23, 24, 25, 26, 27, 28, 30, 31]",0.24999999999999997
C12H12N2,"{'N': 2, 'C': 12, 'H': 12}",184.10004839562,neutral,0,Nomex,meta-Aramid,neutral_loss,break 2 bond(s) | H shift +2 | -CO,2,2,,CO,"[2, 3, 4, 5, 6, 7, 8, 9, 10, 11, 12, 13, 14, 15, 18, 19, 21, 22, 23, 24, 25, 26, 27, 28, 30, 31]",0.24999999999999997
C12H4NO,"{'C': 12, 'N': 1, 'O': 1, 'H': 4}",178.02928875292,neutral,0,Nomex,meta-Aramid,neutral_loss,break 2 bond(s) | H shift -2 | -CH3,2,-2,,CH3,"[3, 4, 5, 6, 7, 8, 9, 10, 11, 12, 13, 14, 15, 18, 19, 22, 23, 24, 25, 26, 27, 28, 30, 31]",0.24999999999999997
C12H5N2O,"{'N': 2, 'C': 12, 'O': 1, 'H': 5}",193.04018778958,neutral,0,Nomex,meta-Aramid,neutral_loss,break 2 bond(s) | H shift -2 | -CH3,2,-2,,CH3,"[2, 3, 4, 5, 6, 7, 8, 9, 10, 11, 12, 13, 14, 15, 18, 19, 21, 22, 23, 24, 25, 26, 27, 28, 30, 31]",0.24999999999999997
C12H7N,"{'C': 12, 'N': 1, 'H': 7}",165.05784923004,neutral,0,Nomex,meta-Aramid,neutral_loss,break 2 bond(s) | H shift -2 | -CO,2,-2,,CO,"[3, 4, 5, 6, 7, 8, 9, 10, 11, 12, 13, 14, 15, 18, 19, 22, 23, 24, 25, 26, 27, 28, 30, 31]",0.24999999999999997
C12H8N2,"{'N': 2, 'C': 12, 'H': 8}",180.0687482667,neutral,0,Nomex,meta-Aramid,neutral_loss,break 2 bond(s) | H shift -2 | -CO,2,-2,,CO,"[2, 3, 4, 5, 6, 7, 8, 9, 10, 11, 12, 13, 14, 15, 18, 19, 21, 22, 23, 24, 25, 26, 27, 28, 30, 31]",0.24999999999999997
C12H8NO,"{'C': 12, 'N': 1, 'O': 1, 'H': 8}",182.06058888184,neutral,0,Nomex,meta-Aramid,neutral_loss,break 2 bond(s) | H shift +2 | -CH3,2,2,,CH3,"[3, 4, 5, 6, 7, 8, 9, 10, 11, 12, 13, 14, 15, 18, 19, 22, 23, 24, 25, 26, 27, 28, 30, 31]",0.24999999999999997
C12H9N2O,"{'N': 2, 'C': 12, 'O': 1, 'H': 9}",197.0714879185,neutral,0,Nomex,meta-Aramid,neutral_loss,break 2 bond(s) | H shift +2 | -CH3,2,2,,CH3,"[2, 3, 4, 5, 6, 7, 8, 9, 10, 11, 12, 13, 14, 15, 18, 19, 21, 22, 23, 24, 25, 26, 27, 28, 30, 31]",0.24999999999999997
C13H4O,"{'C': 13, 'O': 1, 'H': 4}",176.02621474849,neutral,0,Nomex,meta-Aramid,neutral_loss,break 2 bond(s) | H shift -2 | -NH3,2,-2,,NH3,"[3, 4, 5, 6, 7, 8, 9, 10, 11, 12, 13, 14, 15, 18, 19, 22, 23, 24, 25, 26, 27, 28, 30, 31]",0.24999999999999997
C13H5N,"{'C': 13, 'N': 1, 'H': 5}",175.04219916558,neutral,0,Nomex,meta-Aramid,neutral_loss,break 2 bond(s) | H shift -2 | -H2O,2,-2,,H2O,"[3, 4, 5, 6, 7, 8, 9, 10, 11, 12, 13, 14, 15, 18, 19, 22, 23, 24, 25, 26, 27, 28, 30, 31]",0.24999999999999997
C13H5NO,"{'N': 1, 'C': 13, 'O': 1, 'H': 5}",191.03711378515,neutral,0,Nomex,meta-Aramid,neutral_loss,break 2 bond(s) | H shift -2 | -NH3 | ; | break 2 bond(s) | H shift -2 | -H2,2,-2,,NH3,"[2, 3, 4, 5, 6, 7, 8, 9, 10, 11, 12, 13, 14, 15, 18, 19, 21, 22, 23, 24, 25, 26, 27, 28, 30, 31]",0.24999999999999997
C13H6N2,"{'N': 2, 'C': 13, 'H': 6}",190.05309820224,neutral,0,Nomex,meta-Aramid,neutral_loss,break 2 bond(s) | H shift -2 | -H2O,2,-2,,H2O,"[2, 3, 4, 5, 6, 7, 8, 9, 10, 11, 12, 13, 14, 15, 18, 19, 21, 22, 23, 24, 25, 26, 27, 28, 30, 31]",0.24999999999999997
C13H6N2O,"{'N': 2, 'C': 13, 'O': 1, 'H': 6}",206.04801282181,neutral,0,Nomex,meta-Aramid,neutral_loss,break 2 bond(s) | H shift -2 | -H2,2,-2,,H2,"[2, 3, 4, 5, 6, 7, 8, 9, 10, 11, 12, 13, 14, 15, 18, 19, 21, 22, 23, 24, 25, 26, 27, 28, 30, 31]",0.24999999999999997
C13H8O,"{'C': 13, 'O': 1, 'H': 8}",180.05751487741,neutral,0,Nomex,meta-Aramid,neutral_loss,break 2 bond(s) | H shift +2 | -NH3,2,2,,NH3,"[3, 4, 5, 6, 7, 8, 9, 10, 11, 12, 13, 14, 15, 18, 19, 22, 23, 24, 25, 26, 27, 28, 30, 31]",0.24999999999999997
C5H3,"{'C': 5, 'H': 3}",63.02347509669,neutral,0,Nomex,meta-Aramid,neutral_loss,break 2 bond(s) | H shift +2 | -CH3 | ; | break 2 bond(s) | H shift +2 | -CH3,2,2,,CH3,"[3, 4, 5, 6, 7, 19, 22, 23, 24, 31]",0.24999999999999997
C5H4N,"{'N': 1, 'C': 5, 'H': 4}",78.03437413335,neutral,0,Nomex,meta-Aramid,neutral_loss,break 2 bond(s) | H shift +2 | -CH3 | ; | break 2 bond(s) | H shift +2 | -CH3,2,2,,CH3,"[2, 3, 4, 5, 6, 7, 19, 21, 22, 23, 24, 31]",0.24999999999999997
C5H5N2,"{'N': 2, 'C': 5, 'H': 5}",93.04527317001,neutral,0,Nomex,meta-Aramid,neutral_loss,break 2 bond(s) | H shift +2 | -CH3,2,2,,CH3,"[2, 3, 4, 5, 6, 7, 8, 19, 21, 22, 23, 24, 25, 31]",0.24999999999999997
C5HN2,"{'N': 2, 'C': 5, 'H': 1}",89.01397304109,neutral,0,Nomex,meta-Aramid,neutral_loss,break 2 bond(s) | H shift -2 | -CH3,2,-2,,CH3,"[2, 3, 4, 5, 6, 7, 8, 19, 21, 22, 23, 24, 25, 31]",0.24999999999999997
C5N,"{'N': 1, 'C': 5}",74.00307400443,neutral,0,Nomex,meta-Aramid,neutral_loss,break 2 bond(s) | H shift -2 | -CH3 | ; | break 2 bond(s) | H shift -2 | -CH3,2,-2,,CH3,"[2, 3, 4, 5, 6, 7, 19, 21, 22, 23, 24, 31]",0.24999999999999997
C6,{'C': 6},72.0,neutral,0,Nomex,meta-Aramid,neutral_loss,break 2 bond(s) | H shift -2 | -NH3 | ; | break 2 bond(s) | H shift -2 | -H2 | ; | break 2 bond(s) | H shift -2 | -NH3,2,-2,,NH3,"[2, 3, 4, 5, 6, 7, 19, 21, 22, 23, 24, 31]",0.24999999999999997
C6H2N2,"{'N': 2, 'C': 6, 'H': 2}",102.02179807332,neutral,0,Nomex,meta-Aramid,neutral_loss,break 2 bond(s) | H shift -2 | -H2,2,-2,,H2,"[2, 3, 4, 5, 6, 7, 8, 19, 21, 22, 23, 24, 25, 31]",0.24999999999999997
C6HN,"{'N': 1, 'C': 6, 'H': 1}",87.01089903665999,neutral,0,Nomex,meta-Aramid,neutral_loss,break 2 bond(s) | H shift -2 | -H2 | ; | break 2 bond(s) | H shift -2 | -NH3 | ; | break 2 bond(s) | H shift -2 | -H2,2,-2,,H2,"[2, 3, 4, 5, 6, 7, 19, 21, 22, 23, 24, 31]",0.24999999999999997
C6HN2O,"{'N': 2, 'C': 6, 'O': 1, 'H': 1}",117.00888766066,neutral,0,Nomex,meta-Aramid,neutral_loss,break 2 bond(s) | H shift -2 | -CH3,2,-2,,CH3,"[2, 3, 4, 5, 6, 7, 8, 9, 10, 19, 21, 22, 23, 24, 25, 31]",0.24999999999999997
C6NO,"{'C': 6, 'N': 1, 'O': 1}",101.997988624,neutral,0,Nomex,meta-Aramid,neutral_loss,break 2 bond(s) | H shift -2 | -CH3 | ; | break 2 bond(s) | H shift -2 | -CH3,2,-2,,CH3,"[3, 4, 5, 6, 7, 8, 9, 10, 19, 22, 23, 24, 25, 31]",0.24999999999999997
C7,{'C': 7},84.0,neutral,0,Nomex,meta-Aramid,neutral_loss,break 2 bond(s) | H shift -2 | -H2O,2,-2,,H2O,"[9, 10, 11, 12, 13, 14, 15, 18, 26, 27, 28, 30]",0.24999999999999997
C7H2N2,"{'N': 2, 'C': 7, 'H': 2}",114.02179807332,neutral,0,Nomex,meta-Aramid,neutral_loss,break 2 bond(s) | H shift -2 | -H2O,2,-2,,H2O,"[2, 3, 4, 5, 6, 7, 8, 9, 10, 19, 21, 22, 23, 24, 25, 31]",0.24999999999999997
C7H2N2O,"{'N': 2, 'C': 7, 'O': 1, 'H': 2}",130.01671269289,neutral,0,Nomex,meta-Aramid,neutral_loss,break 2 bond(s) | H shift -2 | -H2,2,-2,,H2,"[2, 3, 4, 5, 6, 7, 8, 9, 10, 19, 21, 22, 23, 24, 25, 31]",0.24999999999999997
C7HN,"{'C': 7, 'N': 1, 'H': 1}",99.01089903665999,neutral,0,Nomex,meta-Aramid,neutral_loss,break 2 bond(s) | H shift -2 | -H2O | ; | break 2 bond(s) | H shift -2 | -H2O,2,-2,,H2O,"[3, 4, 5, 6, 7, 8, 9, 10, 19, 22, 23, 24, 25, 31]",0.24999999999999997
C7HNO,"{'N': 1, 'C': 7, 'O': 1, 'H': 1}",115.00581365623,neutral,0,Nomex,meta-Aramid,neutral_loss,break 2 bond(s) | H shift -2 | -NH3 | ; | break 2 bond(s) | H shift -2 | -H2 | ; | break 2 bond(s) | H shift -2 | -H2,2,-2,,NH3,"[2, 3, 4, 5, 6, 7, 8, 9, 10, 19, 21, 22, 23, 24, 25, 31]",0.24999999999999997
C7O,"{'C': 7, 'O': 1}",99.99491461957,neutral,0,Nomex,meta-Aramid,neutral_loss,break 2 bond(s) | H shift -2 | -NH3 | ; | break 2 bond(s) | H shift -2 | -NH3 | ; | break 2 bond(s) | H shift -2 | -H2,2,-2,,NH3,"[3, 4, 5, 6, 7, 8, 9, 10, 19, 22, 23, 24, 25, 31]",0.24999999999999997
C13H11ClNO,"{'C': 13, 'N': 1, 'O': 1, 'H': 11, 'Cl': 1}",232.05291666053,negative,-1,Nomex,meta-Aramid,adduct,break 2 bond(s) | H shift +2 | Cl,2,2,Cl,,"[3, 4, 5, 6, 7, 8, 9, 10, 11, 12, 13, 14, 15, 18, 19, 22, 23, 24, 25, 26, 27, 28, 30, 31]",0.22999999999999998
C13H11KNO,"{'C': 13, 'N': 1, 'O': 1, 'H': 11, 'K': 1}",236.04777046493,positive,1,Nomex,meta-Aramid,adduct,break 2 bond(s) | H shift +2 | K,2,2,K,,"[3, 4, 5, 6, 7, 8, 9, 10, 11, 12, 13, 14, 15, 18, 19, 22, 23, 24, 25, 26, 27, 28, 30, 31]",0.22999999999999998
C13H11NNaO,"{'C': 13, 'N': 1, 'O': 1, 'H': 11, 'Na': 1}",220.07383326053,positive,1,Nomex,meta-Aramid,adduct,break 2 bond(s) | H shift +2 | Na,2,2,Na,,"[3, 4, 5, 6, 7, 8, 9, 10, 11, 12, 13, 14, 15, 18, 19, 22, 23, 24, 25, 26, 27, 28, 30, 31]",0.22999999999999998
C13H12ClN2O,"{'N': 2, 'C': 13, 'O': 1, 'H': 12, 'Cl': 1}",247.06381569719,negative,-1,Nomex,meta-Aramid,adduct,break 2 bond(s) | H shift +2 | Cl,2,2,Cl,,"[2, 3, 4, 5, 6, 7, 8, 9, 10, 11, 12, 13, 14, 15, 18, 19, 21, 22, 23, 24, 25, 26, 27, 28, 30, 31]",0.22999999999999998
C13H12KN2O,"{'N': 2, 'C': 13, 'O': 1, 'H': 12, 'K': 1}",251.05866950159,positive,1,Nomex,meta-Aramid,adduct,break 2 bond(s) | H shift +2 | K,2,2,K,,"[2, 3, 4, 5, 6, 7, 8, 9, 10, 11, 12, 13, 14, 15, 18, 19, 21, 22, 23, 24, 25, 26, 27, 28, 30, 31]",0.22999999999999998
C13H12N2NaO,"{'N': 2, 'C': 13, 'O': 1, 'H': 12, 'Na': 1}",235.08473229719,positive,1,Nomex,meta-Aramid,adduct,break 2 bond(s) | H shift +2 | Na,2,2,Na,,"[2, 3, 4, 5, 6, 7, 8, 9, 10, 11, 12, 13, 14, 15, 18, 19, 21, 22, 23, 24, 25, 26, 27, 28, 30, 31]",0.22999999999999998
C13H12NO2,"{'C': 13, 'N': 1, 'O': 2, 'H': 12}",214.08680363033,negative,-1,Nomex,meta-Aramid,adduct,break 2 bond(s) | H shift +2 | OH,2,2,OH,,"[3, 4, 5, 6, 7, 8, 9, 10, 11, 12, 13, 14, 15, 18, 19, 22, 23, 24, 25, 26, 27, 28, 30, 31]",0.22999999999999998
C13H13N2O2,"{'N': 2, 'C': 13, 'O': 2, 'H': 13}",229.09770266699,negative,-1,Nomex,meta-Aramid,adduct,break 2 bond(s) | H shift +2 | OH,2,2,OH,,"[2, 3, 4, 5, 6, 7, 8, 9, 10, 11, 12, 13, 14, 15, 18, 19, 21, 22, 23, 24, 25, 26, 27, 28, 30, 31]",0.22999999999999998
C13H7ClNO,"{'C': 13, 'N': 1, 'O': 1, 'H': 7, 'Cl': 1}",228.02161653161,negative,-1,Nomex,meta-Aramid,adduct,break 2 bond(s) | H shift -2 | Cl,2,-2,Cl,,"[3, 4, 5, 6, 7, 8, 9, 10, 11, 12, 13, 14, 15, 18, 19, 22, 23, 24, 25, 26, 27, 28, 30, 31]",0.22999999999999998
C13H7KNO,"{'C': 13, 'N': 1, 'O': 1, 'H': 7, 'K': 1}",232.01647033601,positive,1,Nomex,meta-Aramid,adduct,break 2 bond(s) | H shift -2 | K,2,-2,K,,"[3, 4, 5, 6, 7, 8, 9, 10, 11, 12, 13, 14, 15, 18, 19, 22, 23, 24, 25, 26, 27, 28, 30, 31]",0.22999999999999998
C13H7NNaO,"{'C': 13, 'N': 1, 'O': 1, 'H': 7, 'Na': 1}",216.04253313161,positive,1,Nomex,meta-Aramid,adduct,break 2 bond(s) | H shift -2 | Na,2,-2,Na,,"[3, 4, 5, 6, 7, 8, 9, 10, 11, 12, 13, 14, 15, 18, 19, 22, 23, 24, 25, 26, 27, 28, 30, 31]",0.22999999999999998
C13H7NO2,"{'C': 13, 'N': 1, 'O': 2, 'H': 7}",209.04767846918,negative,-1,Nomex,meta-Aramid,adduct,break 2 bond(s) | H shift -2 | O,2,-2,O,,"[3, 4, 5, 6, 7, 8, 9, 10, 11, 12, 13, 14, 15, 18, 19, 22, 23, 24, 25, 26, 27, 28, 30, 31]",0.22999999999999998
C13H8ClN2O,"{'N': 2, 'C': 13, 'O': 1, 'H': 8, 'Cl': 1}",243.03251556827,negative,-1,Nomex,meta-Aramid,adduct,break 2 bond(s) | H shift -2 | Cl,2,-2,Cl,,"[2, 3, 4, 5, 6, 7, 8, 9, 10, 11, 12, 13, 14, 15, 18, 19, 21, 22, 23, 24, 25, 26, 27, 28, 30, 31]",0.22999999999999998
C13H8KN2O,"{'N': 2, 'C': 13, 'O': 1, 'H': 8, 'K': 1}",247.02736937267,positive,1,Nomex,meta-Aramid,adduct,break 2 bond(s) | H shift -2 | K,2,-2,K,,"[2, 3, 4, 5, 6, 7, 8, 9, 10, 11, 12, 13, 14, 15, 18, 19, 21, 22, 23, 24, 25, 26, 27, 28, 30, 31]",0.22999999999999998
C13H8N2NaO,"{'N': 2, 'C': 13, 'O': 1, 'H': 8, 'Na': 1}",231.05343216827,positive,1,Nomex,meta-Aramid,adduct,break 2 bond(s) | H shift -2 | Na,2,-2,Na,,"[2, 3, 4, 5, 6, 7, 8, 9, 10, 11, 12, 13, 14, 15, 18, 19, 21, 22, 23, 24, 25, 26, 27, 28, 30, 31]",0.22999999999999998
C13H8N2O2,"{'N': 2, 'C': 13, 'O': 2, 'H': 8}",224.05857750584,negative,-1,Nomex,meta-Aramid,adduct,break 2 bond(s) | H shift -2 | O,2,-2,O,,"[2, 3, 4, 5, 6, 7, 8, 9, 10, 11, 12, 13, 14, 15, 18, 19, 21, 22, 23, 24, 25, 26, 27, 28, 30, 31]",0.22999999999999998
C6H2Cl,"{'C': 6, 'H': 2, 'Cl': 1}",108.98450274646,negative,-1,Nomex,meta-Aramid,adduct,break 2 bond(s) | H shift -2 | Cl | ; | break 2 bond(s) | H shift -2 | Cl,2,-2,Cl,,"[3, 4, 5, 6, 7, 19, 22, 23, 24, 31]",0.22999999999999998
C6H2K,"{'C': 6, 'H': 2, 'K': 1}",112.97935655086,positive,1,Nomex,meta-Aramid,adduct,break 2 bond(s) | H shift -2 | K | ; | break 2 bond(s) | H shift -2 | K,2,-2,K,,"[3, 4, 5, 6, 7, 19, 22, 23, 24, 31]",0.22999999999999998
C6H2Na,"{'C': 6, 'H': 2, 'Na': 1}",97.00541934646,positive,1,Nomex,meta-Aramid,adduct,break 2 bond(s) | H shift -2 | Na | ; | break 2 bond(s) | H shift -2 | Na,2,-2,Na,,"[3, 4, 5, 6, 7, 19, 22, 23, 24, 31]",0.22999999999999998
C6H2O,"{'C': 6, 'H': 2, 'O': 1}",90.01056468403,negative,-1,Nomex,meta-Aramid,adduct,break 2 bond(s) | H shift -2 | O | ; | break 2 bond(s) | H shift -2 | O,2,-2,O,,"[3, 4, 5, 6, 7, 19, 22, 23, 24, 31]",0.22999999999999998
C6H3ClN,"{'N': 1, 'C': 6, 'H': 3, 'Cl': 1}",123.99540178312,negative,-1,Nomex,meta-Aramid,adduct,break 2 bond(s) | H shift -2 | Cl | ; | break 2 bond(s) | H shift -2 | Cl,2,-2,Cl,,"[2, 3, 4, 5, 6, 7, 19, 21, 22, 23, 24, 31]",0.22999999999999998
C6H3KN,"{'N': 1, 'C': 6, 'H': 3, 'K': 1}",127.99025558752,positive,1,Nomex,meta-Aramid,adduct,break 2 bond(s) | H shift -2 | K | ; | break 2 bond(s) | H shift -2 | K,2,-2,K,,"[2, 3, 4, 5, 6, 7, 19, 21, 22, 23, 24, 31]",0.22999999999999998
C6H3NNa,"{'N': 1, 'C': 6, 'H': 3, 'Na': 1}",112.01631838312,positive,1,Nomex,meta-Aramid,adduct,break 2 bond(s) | H shift -2 | Na | ; | break 2 bond(s) | H shift -2 | Na,2,-2,Na,,"[2, 3, 4, 5, 6, 7, 19, 21, 22, 23, 24, 31]",0.22999999999999998
C6H3NO,"{'N': 1, 'C': 6, 'H': 3, 'O': 1}",105.02146372069,negative,-1,Nomex,meta-Aramid,adduct,break 2 bond(s) | H shift -2 | O | ; | break 2 bond(s) | H shift -2 | O,2,-2,O,,"[2, 3, 4, 5, 6, 7, 19, 21, 22, 23, 24, 31]",0.22999999999999998
C6H4ClN2,"{'N': 2, 'C': 6, 'H': 4, 'Cl': 1}",139.00630081978,negative,-1,Nomex,meta-Aramid,adduct,break 2 bond(s) | H shift -2 | Cl,2,-2,Cl,,"[2, 3, 4, 5, 6, 7, 8, 19, 21, 22, 23, 24, 25, 31]",0.22999999999999998
C6H4KN2,"{'N': 2, 'C': 6, 'H': 4, 'K': 1}",143.00115462418,positive,1,Nomex,meta-Aramid,adduct,break 2 bond(s) | H shift -2 | K,2,-2,K,,"[2, 3, 4, 5, 6, 7, 8, 19, 21, 22, 23, 24, 25, 31]",0.22999999999999998
C6H4N2Na,"{'N': 2, 'C': 6, 'H': 4, 'Na': 1}",127.02721741978,positive,1,Nomex,meta-Aramid,adduct,break 2 bond(s) | H shift -2 | Na,2,-2,Na,,"[2, 3, 4, 5, 6, 7, 8, 19, 21, 22, 23, 24, 25, 31]",0.22999999999999998
C6H4N2O,"{'N': 2, 'C': 6, 'H': 4, 'O': 1}",120.03236275735,negative,-1,Nomex,meta-Aramid,adduct,break 2 bond(s) | H shift -2 | O,2,-2,O,,"[2, 3, 4, 5, 6, 7, 8, 19, 21, 22, 23, 24, 25, 31]",0.22999999999999998
C6H6Cl,"{'C': 6, 'H': 6, 'Cl': 1}",113.01580287538,negative,-1,Nomex,meta-Aramid,adduct,break 2 bond(s) | H shift +2 | Cl | ; | break 2 bond(s) | H shift +2 | Cl,2,2,Cl,,"[3, 4, 5, 6, 7, 19, 22, 23, 24, 31]",0.22999999999999998
C6H6K,"{'C': 6, 'H': 6, 'K': 1}",117.01065667978,positive,1,Nomex,meta-Aramid,adduct,break 2 bond(s) | H shift +2 | K | ; | break 2 bond(s) | H shift +2 | K,2,2,K,,"[3, 4, 5, 6, 7, 19, 22, 23, 24, 31]",0.22999999999999998
C6H6Na,"{'C': 6, 'H': 6, 'Na': 1}",101.03671947538,positive,1,Nomex,meta-Aramid,adduct,break 2 bond(s) | H shift +2 | Na | ; | break 2 bond(s) | H shift +2 | Na,2,2,Na,,"[3, 4, 5, 6, 7, 19, 22, 23, 24, 31]",0.22999999999999998
C6H7ClN,"{'N': 1, 'C': 6, 'H': 7, 'Cl': 1}",128.02670191203998,negative,-1,Nomex,meta-Aramid,adduct,break 2 bond(s) | H shift +2 | Cl | ; | break 2 bond(s) | H shift +2 | Cl,2,2,Cl,,"[2, 3, 4, 5, 6, 7, 19, 21, 22, 23, 24, 31]",0.22999999999999998
C6H7KN,"{'N': 1, 'C': 6, 'H': 7, 'K': 1}",132.02155571644,positive,1,Nomex,meta-Aramid,adduct,break 2 bond(s) | H shift +2 | K | ; | break 2 bond(s) | H shift +2 | K,2,2,K,,"[2, 3, 4, 5, 6, 7, 19, 21, 22, 23, 24, 31]",0.22999999999999998
C6H7NNa,"{'N': 1, 'C': 6, 'H': 7, 'Na': 1}",116.04761851204,positive,1,Nomex,meta-Aramid,adduct,break 2 bond(s) | H shift +2 | Na | ; | break 2 bond(s) | H shift +2 | Na,2,2,Na,,"[2, 3, 4, 5, 6, 7, 19, 21, 22, 23, 24, 31]",0.22999999999999998
C6H7O,"{'C': 6, 'H': 7, 'O': 1}",95.04968984518,negative,-1,Nomex,meta-Aramid,adduct,break 2 bond(s) | H shift +2 | OH | ; | break 2 bond(s) | H shift +2 | OH,2,2,OH,,"[3, 4, 5, 6, 7, 19, 22, 23, 24, 31]",0.22999999999999998
C6H8ClN2,"{'N': 2, 'C': 6, 'H': 8, 'Cl': 1}",143.0376009487,negative,-1,Nomex,meta-Aramid,adduct,break 2 bond(s) | H shift +2 | Cl,2,2,Cl,,"[2, 3, 4, 5, 6, 7, 8, 19, 21, 22, 23, 24, 25, 31]",0.22999999999999998
C6H8KN2,"{'N': 2, 'C': 6, 'H': 8, 'K': 1}",147.0324547531,positive,1,Nomex,meta-Aramid,adduct,break 2 bond(s) | H shift +2 | K,2,2,K,,"[2, 3, 4, 5, 6, 7, 8, 19, 21, 22, 23, 24, 25, 31]",0.22999999999999998
C6H8N2Na,"{'N': 2, 'C': 6, 'H': 8, 'Na': 1}",131.0585175487,positive,1,Nomex,meta-Aramid,adduct,break 2 bond(s) | H shift +2 | Na,2,2,Na,,"[2, 3, 4, 5, 6, 7, 8, 19, 21, 22, 23, 24, 25, 31]",0.22999999999999998
C6H8NO,"{'N': 1, 'C': 6, 'H': 8, 'O': 1}",110.06058888184,negative,-1,Nomex,meta-Aramid,adduct,break 2 bond(s) | H shift +2 | OH | ; | break 2 bond(s) | H shift +2 | OH,2,2,OH,,"[2, 3, 4, 5, 6, 7, 19, 21, 22, 23, 24, 31]",0.22999999999999998
C6H9N2O,"{'N': 2, 'C': 6, 'H': 9, 'O': 1}",125.0714879185,negative,-1,Nomex,meta-Aramid,adduct,break 2 bond(s) | H shift +2 | OH,2,2,OH,,"[2, 3, 4, 5, 6, 7, 8, 19, 21, 22, 23, 24, 25, 31]",0.22999999999999998
C7H2ClO,"{'C': 7, 'O': 1, 'H': 2, 'Cl': 1}",136.97941736603,negative,-1,Nomex,meta-Aramid,adduct,break 2 bond(s) | H shift -2 | Cl,2,-2,Cl,,"[9, 10, 11, 12, 13, 14, 15, 18, 26, 27, 28, 30]",0.22999999999999998
C7H2KO,"{'C': 7, 'O': 1, 'H': 2, 'K': 1}",140.97427117043,positive,1,Nomex,meta-Aramid,adduct,break 2 bond(s) | H shift -2 | K,2,-2,K,,"[9, 10, 11, 12, 13, 14, 15, 18, 26, 27, 28, 30]",0.22999999999999998
C7H2NaO,"{'C': 7, 'O': 1, 'H': 2, 'Na': 1}",125.00033396603,positive,1,Nomex,meta-Aramid,adduct,break 2 bond(s) | H shift -2 | Na,2,-2,Na,,"[9, 10, 11, 12, 13, 14, 15, 18, 26, 27, 28, 30]",0.22999999999999998
C7H2O2,"{'C': 7, 'O': 2, 'H': 2}",118.0054793036,negative,-1,Nomex,meta-Aramid,adduct,break 2 bond(s) | H shift -2 | O,2,-2,O,,"[9, 10, 11, 12, 13, 14, 15, 18, 26, 27, 28, 30]",0.22999999999999998
C7H3ClNO,"{'C': 7, 'N': 1, 'O': 1, 'H': 3, 'Cl': 1}",151.99031640268998,negative,-1,Nomex,meta-Aramid,adduct,break 2 bond(s) | H shift -2 | Cl | ; | break 2 bond(s) | H shift -2 | Cl,2,-2,Cl,,"[3, 4, 5, 6, 7, 8, 9, 10, 19, 22, 23, 24, 25, 31]",0.22999999999999998
C7H3KNO,"{'C': 7, 'N': 1, 'O': 1, 'H': 3, 'K': 1}",155.98517020709,positive,1,Nomex,meta-Aramid,adduct,break 2 bond(s) | H shift -2 | K | ; | break 2 bond(s) | H shift -2 | K,2,-2,K,,"[3, 4, 5, 6, 7, 8, 9, 10, 19, 22, 23, 24, 25, 31]",0.22999999999999998
C7H3NNaO,"{'C': 7, 'N': 1, 'O': 1, 'H': 3, 'Na': 1}",140.01123300269,positive,1,Nomex,meta-Aramid,adduct,break 2 bond(s) | H shift -2 | Na | ; | break 2 bond(s) | H shift -2 | Na,2,-2,Na,,"[3, 4, 5, 6, 7, 8, 9, 10, 19, 22, 23, 24, 25, 31]",0.22999999999999998
C7H3NO2,"{'C': 7, 'N': 1, 'O': 2, 'H': 3}",133.01637834026,negative,-1,Nomex,meta-Aramid,adduct,break 2 bond(s) | H shift -2 | O | ; | break 2 bond(s) | H shift -2 | O,2,-2,O,,"[3, 4, 5, 6, 7, 8, 9, 10, 19, 22, 23, 24, 25, 31]",0.22999999999999998
C7H4ClN2O,"{'N': 2, 'C': 7, 'O': 1, 'H': 4, 'Cl': 1}",167.00121543935,negative,-1,Nomex,meta-Aramid,adduct,break 2 bond(s) | H shift -2 | Cl,2,-2,Cl,,"[2, 3, 4, 5, 6, 7, 8, 9, 10, 19, 21, 22, 23, 24, 25, 31]",0.22999999999999998
C7H4KN2O,"{'N': 2, 'C': 7, 'O': 1, 'H': 4, 'K': 1}",170.99606924375,positive,1,Nomex,meta-Aramid,adduct,break 2 bond(s) | H shift -2 | K,2,-2,K,,"[2, 3, 4, 5, 6, 7, 8, 9, 10, 19, 21, 22, 23, 24, 25, 31]",0.22999999999999998
C7H4N2NaO,"{'N': 2, 'C': 7, 'O': 1, 'H': 4, 'Na': 1}",155.02213203935,positive,1,Nomex,meta-Aramid,adduct,break 2 bond(s) | H shift -2 | Na,2,-2,Na,,"[2, 3, 4, 5, 6, 7, 8, 9, 10, 19, 21, 22, 23, 24, 25, 31]",0.22999999999999998
C7H4N2O2,"{'N': 2, 'C': 7, 'O': 2, 'H': 4}",148.02727737692,negative,-1,Nomex,meta-Aramid,adduct,break 2 bond(s) | H shift -2 | O,2,-2,O,,"[2, 3, 4, 5, 6, 7, 8, 9, 10, 19, 21, 22, 23, 24, 25, 31]",0.22999999999999998
