formula,counts,exact_mass,ion_mode,charge,source_compound_id,source_name,generation_type,path,broken_bonds,h_shift,adduct,neutral_losses,fragment_atom_indices,score
C4H14O2Si2,"{'C': 4, 'H': 14, 'O': 2, 'Si': 2}",150.05323275966,neutral,0,PDMS,Polydimethylsiloxane,parent,M,0,0,,,,1.0
C4H13O2Si2,"{'C': 4, 'H': 13, 'O': 2, 'Si': 2}",149.04540772743002,negative,-1,PDMS,Polydimethylsiloxane,adduct,M | -H | ; | break 1 bond(s) | H shift -1 | OH | ; | break 1 bond(s) | O,0,0,-H,,,0.75
C4H15O2Si2,"{'C': 4, 'H': 15, 'O': 2, 'Si': 2}",151.06105779189,positive,1,PDMS,Polydimethylsiloxane,adduct,M | H,0,0,H,,,0.75
C4H12O2Si2,"{'C': 4, 'H': 12, 'O': 2, 'Si': 2}",148.0375826952,negative,-1,PDMS,Polydimethylsiloxane,adduct,M | H shift -1 | -H | ; | break 1 bond(s) | H shift -2 | OH | ; | break 1 bond(s) | H shift -1 | O,0,-1,-H,,,0.7
C4H13O2Si2,"{'C': 4, 'H': 13, 'O': 2, 'Si': 2}",149.04540772743002,neutral,0,PDMS,Polydimethylsiloxane,h_shift,M | H shift -1,0,-1,,,,0.7
C4H14O2Si2,"{'C': 4, 'H': 14, 'O': 2, 'Si': 2}",150.05323275966,positive,1,PDMS,Polydimethylsiloxane,adduct,M | H shift -1 | H,0,-1,H,,,0.7
C4H14O2Si2,"{'C': 4, 'H': 14, 'O': 2, 'Si': 2}",150.05323275966,negative,-1,PDMS,Polydimethylsiloxane,adduct,M | H shift +1 | -H | ; | break 1 bond(s) | OH | ; | break 1 bond(s) | H shift +1 | O,0,1,-H,,,0.7
C4H15O2Si2,"{'C': 4, 'H': 15, 'O': 2, 'Si': 2}",151.06105779189,neutral,0,PDMS,Polydimethylsiloxane,h_shift,M | H shift +1,0,1,,,,0.7
C4H16O2Si2,"{'C': 4, 'H': 16, 'O': 2, 'Si': 2}",152.06888282412,positive,1,PDMS,Polydimethylsiloxane,adduct,M | H shift +1 | H,0,1,H,,,0.7
C3H11O2Si2,"{'C': 3, 'H': 11, 'O': 2, 'Si': 2}",135.02975766297,neutral,0,PDMS,Polydimethylsiloxane,neutral_loss,M | -CH3 | ; | break 1 bond(s) | H shift +2 | -H2 | ; | break 1 bond(s) | H shift +2 | -H2,0,0,,CH3,,0.65
C3H14OSi2,"{'C': 3, 'H': 14, 'O': 1, 'Si': 2}",122.05831814009,neutral,0,PDMS,Polydimethylsiloxane,neutral_loss,M | -CO,0,0,,CO,,0.65
C3H14Si2,"{'C': 3, 'H': 14, 'Si': 2}",106.06340352052,neutral,0,PDMS,Polydimethylsiloxane,neutral_loss,M | -CO2 | ; | break 1 bond(s) | H shift +1 | -CO | ; | break 1 bond(s) | H shift +1 | -CO,0,0,,CO2,,0.65
C4H11O2Si2,"{'C': 4, 'H': 11, 'O': 2, 'Si': 2}",147.02975766297,negative,-1,PDMS,Polydimethylsiloxane,adduct,M | H shift -2 | -H | ; | break 1 bond(s) | H shift -2 | O | ; | break 1 bond(s) | H shift -2 | O,0,-2,-H,,,0.65
C4H12O2Si2,"{'C': 4, 'H': 12, 'O': 2, 'Si': 2}",148.0375826952,neutral,0,PDMS,Polydimethylsiloxane,h_shift,M | H shift -2,0,-2,,,,0.65
C4H12O2Si2,"{'C': 4, 'H': 12, 'O': 2, 'Si': 2}",148.0375826952,neutral,0,PDMS,Polydimethylsiloxane,neutral_loss,M | -H2,0,0,,H2,,0.65
C4H12OSi2,"{'C': 4, 'H': 12, 'O': 1, 'Si': 2}",132.04266807563,neutral,0,PDMS,Polydimethylsiloxane,neutral_loss,M | -H2O | ; | break 1 bond(s) | H shift +1 | -H2 | ; | break 1 bond(s) | H shift +1 | -H2,0,0,,H2O,,0.65
C4H13O2Si2,"{'C': 4, 'H': 13, 'O': 2, 'Si': 2}",149.04540772743002,positive,1,PDMS,Polydimethylsiloxane,adduct,M | H shift -2 | H,0,-2,H,,,0.65
C4H13OSi2,"{'C': 4, 'H': 13, 'O': 1, 'Si': 2}",133.05049310786,neutral,0,PDMS,Polydimethylsiloxane,neutral_loss,M | -OH | ; | M | H shift +1 | -H2O | ; | break 1 bond(s) | H shift +2 | -H2,0,0,,OH,,0.65
C4H15O2Si2,"{'C': 4, 'H': 15, 'O': 2, 'Si': 2}",151.06105779189,negative,-1,PDMS,Polydimethylsiloxane,adduct,M | H shift +2 | -H | ; | break 1 bond(s) | H shift +1 | OH | ; | break 1 bond(s) | H shift +2 | O,0,2,-H,,,0.65
C4H16O2Si2,"{'C': 4, 'H': 16, 'O': 2, 'Si': 2}",152.06888282412,neutral,0,PDMS,Polydimethylsiloxane,h_shift,M | H shift +2,0,2,,,,0.65
C4H17O2Si2,"{'C': 4, 'H': 17, 'O': 2, 'Si': 2}",153.07670785635,positive,1,PDMS,Polydimethylsiloxane,adduct,M | H shift +2 | H,0,2,H,,,0.65
C4H14ClO2Si2,"{'C': 4, 'H': 14, 'O': 2, 'Si': 2, 'Cl': 1}",185.02208544166,negative,-1,PDMS,Polydimethylsiloxane,adduct,M | Cl,0,0,Cl,,,0.63
C4H14KO2Si2,"{'C': 4, 'H': 14, 'O': 2, 'Si': 2, 'K': 1}",189.01693924606,positive,1,PDMS,Polydimethylsiloxane,adduct,M | K,0,0,K,,,0.63
C4H14NaO2Si2,"{'C': 4, 'H': 14, 'O': 2, 'Si': 2, 'Na': 1}",173.04300204166,positive,1,PDMS,Polydimethylsiloxane,adduct,M | Na,0,0,Na,,,0.63
C4H14O3Si2,"{'C': 4, 'H': 14, 'O': 3, 'Si': 2}",166.04814737923002,negative,-1,PDMS,Polydimethylsiloxane,adduct,M | O,0,0,O,,,0.63
C4H15O3Si2,"{'C': 4, 'H': 15, 'O': 3, 'Si': 2}",167.05597241146,negative,-1,PDMS,Polydimethylsiloxane,adduct,M | OH | ; | M | H shift +1 | O,0,0,OH,,,0.63
C2H6OSi,"{'C': 2, 'Si': 1, 'O': 1, 'H': 6}",74.0187913476,negative,-1,PDMS,Polydimethylsiloxane,adduct,break 1 bond(s) | -H | ; | break 1 bond(s) | -H | ; | break 2 bond(s) | -H | ; | break 2 bond(s) | -H,1,0,-H,,"[0, 1, 2, 3, 8, 9, 10, 11, 12, 13, 14]",0.6
C2H7OSi,"{'C': 2, 'Si': 1, 'O': 1, 'H': 7}",75.02661637983,neutral,0,PDMS,Polydimethylsiloxane,fragment,break 1 bond(s) | ; | break 1 bond(s) | ; | break 2 bond(s) | ; | break 2 bond(s) | ; | break 2 bond(s),1,0,,,"[0, 1, 2, 3, 8, 9, 10, 11, 12, 13, 14]",0.6
C2H8OSi,"{'C': 2, 'Si': 1, 'O': 1, 'H': 8}",76.03444141206,positive,1,PDMS,Polydimethylsiloxane,adduct,break 1 bond(s) | H | ; | break 1 bond(s) | H | ; | break 2 bond(s) | H | ; | break 2 bond(s) | H,1,0,H,,"[0, 1, 2, 3, 8, 9, 10, 11, 12, 13, 14]",0.6
C3H10O2Si2,"{'C': 3, 'H': 10, 'O': 2, 'Si': 2}",134.02193263074,neutral,0,PDMS,Polydimethylsiloxane,neutral_loss,M | H shift -1 | -CH3 | ; | break 1 bond(s) | H shift +1 | -H2 | ; | break 1 bond(s) | H shift +1 | -H2,0,-1,,CH3,,0.6
C3H10O2Si2,"{'Si': 2, 'C': 3, 'O': 2, 'H': 10}",134.02193263074,negative,-1,PDMS,Polydimethylsiloxane,adduct,break 1 bond(s) | -H | ; | break 1 bond(s) | -H | ; | break 1 bond(s) | -H | ; | break 1 bond(s) | -H,1,0,-H,,"[1, 2, 3, 4, 5, 6, 7, 11, 12, 13, 14, 15, 16, 17, 18, 19, 20, 21]",0.6
C3H11O2Si2,"{'Si': 2, 'C': 3, 'O': 2, 'H': 11}",135.02975766297,neutral,0,PDMS,Polydimethylsiloxane,fragment,break 1 bond(s) | ; | break 1 bond(s) | ; | break 1 bond(s) | ; | break 1 bond(s),1,0,,,"[1, 2, 3, 4, 5, 6, 7, 11, 12, 13, 14, 15, 16, 17, 18, 19, 20, 21]",0.6
C3H12O2Si2,"{'C': 3, 'H': 12, 'O': 2, 'Si': 2}",136.0375826952,neutral,0,PDMS,Polydimethylsiloxane,neutral_loss,M | H shift +1 | -CH3,0,1,,CH3,,0.6
C3H12O2Si2,"{'Si': 2, 'C': 3, 'O': 2, 'H': 12}",136.0375826952,positive,1,PDMS,Polydimethylsiloxane,adduct,break 1 bond(s) | H | ; | break 1 bond(s) | H | ; | break 1 bond(s) | H | ; | break 1 bond(s) | H,1,0,H,,"[1, 2, 3, 4, 5, 6, 7, 11, 12, 13, 14, 15, 16, 17, 18, 19, 20, 21]",0.6
C3H13OSi2,"{'C': 3, 'H': 13, 'O': 1, 'Si': 2}",121.05049310786,neutral,0,PDMS,Polydimethylsiloxane,neutral_loss,M | H shift -1 | -CO,0,-1,,CO,,0.6
C3H13Si2,"{'C': 3, 'H': 13, 'Si': 2}",105.05557848829,neutral,0,PDMS,Polydimethylsiloxane,neutral_loss,M | H shift -1 | -CO2 | ; | break 1 bond(s) | -CO | ; | break 1 bond(s) | -CO,0,-1,,CO2,,0.6
C3H15OSi2,"{'C': 3, 'H': 15, 'O': 1, 'Si': 2}",123.06614317232,neutral,0,PDMS,Polydimethylsiloxane,neutral_loss,M | H shift +1 | -CO,0,1,,CO,,0.6
C3H15Si2,"{'C': 3, 'H': 15, 'Si': 2}",107.07122855275,neutral,0,PDMS,Polydimethylsiloxane,neutral_loss,M | H shift +1 | -CO2 | ; | break 1 bond(s) | H shift +2 | -CO | ; | break 1 bond(s) | H shift +2 | -CO,0,1,,CO2,,0.6
C4H11O2Si2,"{'C': 4, 'H': 11, 'O': 2, 'Si': 2}",147.02975766297,neutral,0,PDMS,Polydimethylsiloxane,neutral_loss,M | H shift -1 | -H2,0,-1,,H2,,0.6
C4H11OSi2,"{'C': 4, 'H': 11, 'O': 1, 'Si': 2}",131.0348430434,neutral,0,PDMS,Polydimethylsiloxane,neutral_loss,M | H shift -1 | -H2O | ; | break 1 bond(s) | -H2 | ; | break 1 bond(s) | -H2,0,-1,,H2O,,0.6
C4H12OSi2,"{'C': 4, 'Si': 2, 'O': 1, 'H': 12}",132.04266807563,negative,-1,PDMS,Polydimethylsiloxane,adduct,break 1 bond(s) | -H | ; | break 1 bond(s) | -H | ; | break 2 bond(s) | H shift -1 | OH,1,0,-H,,"[0, 1, 2, 4, 5, 6, 7, 8, 9, 10, 11, 12, 13, 15, 16, 17, 18, 19, 20, 21]",0.6
C4H13O2Si2,"{'C': 4, 'H': 13, 'O': 2, 'Si': 2}",149.04540772743002,neutral,0,PDMS,Polydimethylsiloxane,neutral_loss,M | H shift +1 | -H2,0,1,,H2,,0.6
C4H13OSi2,"{'C': 4, 'Si': 2, 'O': 1, 'H': 13}",133.05049310786,neutral,0,PDMS,Polydimethylsiloxane,fragment,break 1 bond(s) | ; | break 1 bond(s),1,0,,,"[0, 1, 2, 4, 5, 6, 7, 8, 9, 10, 11, 12, 13, 15, 16, 17, 18, 19, 20, 21]",0.6
C4H14OSi2,"{'C': 4, 'H': 14, 'O': 1, 'Si': 2}",134.05831814009,neutral,0,PDMS,Polydimethylsiloxane,neutral_loss,M | H shift +1 | -OH | ; | M | H shift +2 | -H2O,0,1,,OH,,0.6
C4H14OSi2,"{'C': 4, 'Si': 2, 'O': 1, 'H': 14}",134.05831814009,positive,1,PDMS,Polydimethylsiloxane,adduct,break 1 bond(s) | H | ; | break 1 bond(s) | H,1,0,H,,"[0, 1, 2, 4, 5, 6, 7, 8, 9, 10, 11, 12, 13, 15, 16, 17, 18, 19, 20, 21]",0.6
C4H13ClO2Si2,"{'C': 4, 'H': 13, 'O': 2, 'Si': 2, 'Cl': 1}",184.01426040943,negative,-1,PDMS,Polydimethylsiloxane,adduct,M | H shift -1 | Cl,0,-1,Cl,,,0.58
C4H13KO2Si2,"{'C': 4, 'H': 13, 'O': 2, 'Si': 2, 'K': 1}",188.00911421383,positive,1,PDMS,Polydimethylsiloxane,adduct,M | H shift -1 | K,0,-1,K,,,0.58
C4H13NaO2Si2,"{'C': 4, 'H': 13, 'O': 2, 'Si': 2, 'Na': 1}",172.03517700943002,positive,1,PDMS,Polydimethylsiloxane,adduct,M | H shift -1 | Na,0,-1,Na,,,0.58
C4H13O3Si2,"{'C': 4, 'H': 13, 'O': 3, 'Si': 2}",165.040322347,negative,-1,PDMS,Polydimethylsiloxane,adduct,M | H shift -1 | O,0,-1,O,,,0.58
C4H15ClO2Si2,"{'C': 4, 'H': 15, 'O': 2, 'Si': 2, 'Cl': 1}",186.02991047389,negative,-1,PDMS,Polydimethylsiloxane,adduct,M | H shift +1 | Cl,0,1,Cl,,,0.58
C4H15KO2Si2,"{'C': 4, 'H': 15, 'O': 2, 'Si': 2, 'K': 1}",190.02476427829,positive,1,PDMS,Polydimethylsiloxane,adduct,M | H shift +1 | K,0,1,K,,,0.58
C4H15NaO2Si2,"{'C': 4, 'H': 15, 'O': 2, 'Si': 2, 'Na': 1}",174.05082707389,positive,1,PDMS,Polydimethylsiloxane,adduct,M | H shift +1 | Na,0,1,Na,,,0.58
C4H16O3Si2,"{'C': 4, 'H': 16, 'O': 3, 'Si': 2}",168.06379744369002,negative,-1,PDMS,Polydimethylsiloxane,adduct,M | H shift +1 | OH | ; | M | H shift +2 | O,0,1,OH,,,0.58
C3H12OSi2,"{'C': 3, 'H': 12, 'O': 1, 'Si': 2}",120.04266807563,neutral,0,PDMS,Polydimethylsiloxane,neutral_loss,M | H shift -2 | -CO | ; | break 1 bond(s) | H shift +2 | -OH | ; | break 1 bond(s) | H shift +2 | -OH,0,-2,,CO,,0.55
C3H12Si2,"{'C': 3, 'H': 12, 'Si': 2}",104.04775345606001,neutral,0,PDMS,Polydimethylsiloxane,neutral_loss,M | H shift -2 | -CO2 | ; | break 1 bond(s) | H shift -1 | -CO | ; | break 1 bond(s) | H shift -1 | -CO,0,-2,,CO2,,0.55
C3H13O2Si2,"{'C': 3, 'H': 13, 'O': 2, 'Si': 2}",137.04540772743002,neutral,0,PDMS,Polydimethylsiloxane,neutral_loss,M | H shift +2 | -CH3,0,2,,CH3,,0.55
C3H16OSi2,"{'C': 3, 'H': 16, 'O': 1, 'Si': 2}",124.07396820455,neutral,0,PDMS,Polydimethylsiloxane,neutral_loss,M | H shift +2 | -CO,0,2,,CO,,0.55
C3H16Si2,"{'C': 3, 'H': 16, 'Si': 2}",108.07905358498,neutral,0,PDMS,Polydimethylsiloxane,neutral_loss,M | H shift +2 | -CO2,0,2,,CO2,,0.55
C3H9O2Si2,"{'C': 3, 'H': 9, 'O': 2, 'Si': 2}",133.01410759851,neutral,0,PDMS,Polydimethylsiloxane,neutral_loss,M | H shift -2 | -CH3 | ; | break 1 bond(s) | -H2 | ; | break 1 bond(s) | -H2,0,-2,,CH3,,0.55
C4H10O2Si2,"{'C': 4, 'H': 10, 'O': 2, 'Si': 2}",146.02193263074,neutral,0,PDMS,Polydimethylsiloxane,neutral_loss,M | H shift -2 | -H2,0,-2,,H2,,0.55
C4H10OSi2,"{'C': 4, 'H': 10, 'O': 1, 'Si': 2}",130.02701801117001,neutral,0,PDMS,Polydimethylsiloxane,neutral_loss,M | H shift -2 | -H2O | ; | break 1 bond(s) | H shift -1 | -H2 | ; | break 1 bond(s) | H shift -1 | -H2,0,-2,,H2O,,0.55
C4H14O2Si2,"{'C': 4, 'H': 14, 'O': 2, 'Si': 2}",150.05323275966,neutral,0,PDMS,Polydimethylsiloxane,neutral_loss,M | H shift +2 | -H2,0,2,,H2,,0.55
C4H15OSi2,"{'C': 4, 'H': 15, 'O': 1, 'Si': 2}",135.06614317232,neutral,0,PDMS,Polydimethylsiloxane,neutral_loss,M | H shift +2 | -OH,0,2,,OH,,0.55
C8H27O4Si4,"{'C': 8, 'H': 27, 'O': 4, 'Si': 4}",299.09864048709,negative,-1,PDMS,Polydimethylsiloxane,dimer,2M | -H,0,0,-H,,,0.55
C8H29O4Si4,"{'C': 8, 'H': 29, 'O': 4, 'Si': 4}",301.11429055155,positive,1,PDMS,Polydimethylsiloxane,dimer,2M | H,0,0,H,,,0.55
C2H5OSi,"{'C': 2, 'Si': 1, 'O': 1, 'H': 5}",73.01096631537,negative,-1,PDMS,Polydimethylsiloxane,adduct,break 1 bond(s) | H shift -1 | -H | ; | break 1 bond(s) | H shift -1 | -H | ; | break 2 bond(s) | H shift -1 | -H,1,-1,-H,,"[0, 1, 2, 3, 8, 9, 10, 11, 12, 13, 14]",0.5499999999999999
C2H6OSi,"{'C': 2, 'Si': 1, 'O': 1, 'H': 6}",74.0187913476,neutral,0,PDMS,Polydimethylsiloxane,h_shift,break 1 bond(s) | H shift -1 | ; | break 1 bond(s) | H shift -1 | ; | break 2 bond(s) | H shift -1 | ; | break 2 bond(s) | H shift -1,1,-1,,,"[0, 1, 2, 3, 8, 9, 10, 11, 12, 13, 14]",0.5499999999999999
C2H7OSi,"{'C': 2, 'Si': 1, 'O': 1, 'H': 7}",75.02661637983,positive,1,PDMS,Polydimethylsiloxane,adduct,break 1 bond(s) | H shift -1 | H | ; | break 1 bond(s) | H shift -1 | H | ; | break 2 bond(s) | H shift -1 | H,1,-1,H,,"[0, 1, 2, 3, 8, 9, 10, 11, 12, 13, 14]",0.5499999999999999
C2H7OSi,"{'C': 2, 'Si': 1, 'O': 1, 'H': 7}",75.02661637983,negative,-1,PDMS,Polydimethylsiloxane,adduct,break 1 bond(s) | H shift +1 | -H | ; | break 1 bond(s) | H shift +1 | -H | ; | break 2 bond(s) | H shift +1 | -H,1,1,-H,,"[0, 1, 2, 3, 8, 9, 10, 11, 12, 13, 14]",0.5499999999999999
C2H8OSi,"{'C': 2, 'Si': 1, 'O': 1, 'H': 8}",76.03444141206,neutral,0,PDMS,Polydimethylsiloxane,h_shift,break 1 bond(s) | H shift +1 | ; | break 1 bond(s) | H shift +1 | ; | break 2 bond(s) | H shift +1 | ; | break 2 bond(s) | H shift +1,1,1,,,"[0, 1, 2, 3, 8, 9, 10, 11, 12, 13, 14]",0.5499999999999999
C2H9OSi,"{'C': 2, 'Si': 1, 'O': 1, 'H': 9}",77.04226644429001,positive,1,PDMS,Polydimethylsiloxane,adduct,break 1 bond(s) | H shift +1 | H | ; | break 1 bond(s) | H shift +1 | H | ; | break 2 bond(s) | H shift +1 | H,1,1,H,,"[0, 1, 2, 3, 8, 9, 10, 11, 12, 13, 14]",0.5499999999999999
C3H10O2Si2,"{'Si': 2, 'C': 3, 'O': 2, 'H': 10}",134.02193263074,neutral,0,PDMS,Polydimethylsiloxane,h_shift,break 1 bond(s) | H shift -1 | ; | break 1 bond(s) | H shift -1 | ; | break 1 bond(s) | H shift -1 | ; | break 1 bond(s) | H shift -1,1,-1,,,"[1, 2, 3, 4, 5, 6, 7, 11, 12, 13, 14, 15, 16, 17, 18, 19, 20, 21]",0.5499999999999999
C3H11O2Si2,"{'Si': 2, 'C': 3, 'O': 2, 'H': 11}",135.02975766297,positive,1,PDMS,Polydimethylsiloxane,adduct,break 1 bond(s) | H shift -1 | H | ; | break 1 bond(s) | H shift -1 | H | ; | break 1 bond(s) | H shift -1 | H,1,-1,H,,"[1, 2, 3, 4, 5, 6, 7, 11, 12, 13, 14, 15, 16, 17, 18, 19, 20, 21]",0.5499999999999999
C3H11O2Si2,"{'Si': 2, 'C': 3, 'O': 2, 'H': 11}",135.02975766297,negative,-1,PDMS,Polydimethylsiloxane,adduct,break 1 bond(s) | H shift +1 | -H | ; | break 1 bond(s) | H shift +1 | -H | ; | break 1 bond(s) | H shift +1 | -H,1,1,-H,,"[1, 2, 3, 4, 5, 6, 7, 11, 12, 13, 14, 15, 16, 17, 18, 19, 20, 21]",0.5499999999999999
C3H12O2Si2,"{'Si': 2, 'C': 3, 'O': 2, 'H': 12}",136.0375826952,neutral,0,PDMS,Polydimethylsiloxane,h_shift,break 1 bond(s) | H shift +1 | ; | break 1 bond(s) | H shift +1 | ; | break 1 bond(s) | H shift +1 | ; | break 1 bond(s) | H shift +1,1,1,,,"[1, 2, 3, 4, 5, 6, 7, 11, 12, 13, 14, 15, 16, 17, 18, 19, 20, 21]",0.5499999999999999
C3H13O2Si2,"{'Si': 2, 'C': 3, 'O': 2, 'H': 13}",137.04540772743002,positive,1,PDMS,Polydimethylsiloxane,adduct,break 1 bond(s) | H shift +1 | H | ; | break 1 bond(s) | H shift +1 | H | ; | break 1 bond(s) | H shift +1 | H,1,1,H,,"[1, 2, 3, 4, 5, 6, 7, 11, 12, 13, 14, 15, 16, 17, 18, 19, 20, 21]",0.5499999999999999
C3H9O2Si2,"{'Si': 2, 'C': 3, 'O': 2, 'H': 9}",133.01410759851,negative,-1,PDMS,Polydimethylsiloxane,adduct,break 1 bond(s) | H shift -1 | -H | ; | break 1 bond(s) | H shift -1 | -H | ; | break 1 bond(s) | H shift -1 | -H,1,-1,-H,,"[1, 2, 3, 4, 5, 6, 7, 11, 12, 13, 14, 15, 16, 17, 18, 19, 20, 21]",0.5499999999999999
C4H11OSi2,"{'C': 4, 'Si': 2, 'O': 1, 'H': 11}",131.0348430434,negative,-1,PDMS,Polydimethylsiloxane,adduct,break 1 bond(s) | H shift -1 | -H | ; | break 1 bond(s) | H shift -1 | -H | ; | break 2 bond(s) | H shift -2 | OH,1,-1,-H,,"[0, 1, 2, 4, 5, 6, 7, 8, 9, 10, 11, 12, 13, 15, 16, 17, 18, 19, 20, 21]",0.5499999999999999
C4H12OSi2,"{'C': 4, 'Si': 2, 'O': 1, 'H': 12}",132.04266807563,neutral,0,PDMS,Polydimethylsiloxane,h_shift,break 1 bond(s) | H shift -1 | ; | break 1 bond(s) | H shift -1,1,-1,,,"[0, 1, 2, 4, 5, 6, 7, 8, 9, 10, 11, 12, 13, 15, 16, 17, 18, 19, 20, 21]",0.5499999999999999
C4H13OSi2,"{'C': 4, 'Si': 2, 'O': 1, 'H': 13}",133.05049310786,positive,1,PDMS,Polydimethylsiloxane,adduct,break 1 bond(s) | H shift -1 | H | ; | break 1 bond(s) | H shift -1 | H,1,-1,H,,"[0, 1, 2, 4, 5, 6, 7, 8, 9, 10, 11, 12, 13, 15, 16, 17, 18, 19, 20, 21]",0.5499999999999999
C4H13OSi2,"{'C': 4, 'Si': 2, 'O': 1, 'H': 13}",133.05049310786,negative,-1,PDMS,Polydimethylsiloxane,adduct,break 1 bond(s) | H shift +1 | -H | ; | break 1 bond(s) | H shift +1 | -H | ; | break 2 bond(s) | OH,1,1,-H,,"[0, 1, 2, 4, 5, 6, 7, 8, 9, 10, 11, 12, 13, 15, 16, 17, 18, 19, 20, 21]",0.5499999999999999
C4H14OSi2,"{'C': 4, 'Si': 2, 'O': 1, 'H': 14}",134.05831814009,neutral,0,PDMS,Polydimethylsiloxane,h_shift,break 1 bond(s) | H shift +1 | ; | break 1 bond(s) | H shift +1,1,1,,,"[0, 1, 2, 4, 5, 6, 7, 8, 9, 10, 11, 12, 13, 15, 16, 17, 18, 19, 20, 21]",0.5499999999999999
C4H15OSi2,"{'C': 4, 'Si': 2, 'O': 1, 'H': 15}",135.06614317232,positive,1,PDMS,Polydimethylsiloxane,adduct,break 1 bond(s) | H shift +1 | H | ; | break 1 bond(s) | H shift +1 | H,1,1,H,,"[0, 1, 2, 4, 5, 6, 7, 8, 9, 10, 11, 12, 13, 15, 16, 17, 18, 19, 20, 21]",0.5499999999999999
C4H12ClO2Si2,"{'C': 4, 'H': 12, 'O': 2, 'Si': 2, 'Cl': 1}",183.0064353772,negative,-1,PDMS,Polydimethylsiloxane,adduct,M | H shift -2 | Cl,0,-2,Cl,,,0.53
C4H12KO2Si2,"{'C': 4, 'H': 12, 'O': 2, 'Si': 2, 'K': 1}",187.00128918160001,positive,1,PDMS,Polydimethylsiloxane,adduct,M | H shift -2 | K,0,-2,K,,,0.53
C4H12NaO2Si2,"{'C': 4, 'H': 12, 'O': 2, 'Si': 2, 'Na': 1}",171.0273519772,positive,1,PDMS,Polydimethylsiloxane,adduct,M | H shift -2 | Na,0,-2,Na,,,0.53
C4H12O3Si2,"{'C': 4, 'H': 12, 'O': 3, 'Si': 2}",164.03249731477,negative,-1,PDMS,Polydimethylsiloxane,adduct,M | H shift -2 | O,0,-2,O,,,0.53
C4H16ClO2Si2,"{'C': 4, 'H': 16, 'O': 2, 'Si': 2, 'Cl': 1}",187.03773550612,negative,-1,PDMS,Polydimethylsiloxane,adduct,M | H shift +2 | Cl,0,2,Cl,,,0.53
C4H16KO2Si2,"{'C': 4, 'H': 16, 'O': 2, 'Si': 2, 'K': 1}",191.03258931052,positive,1,PDMS,Polydimethylsiloxane,adduct,M | H shift +2 | K,0,2,K,,,0.53
C4H16NaO2Si2,"{'C': 4, 'H': 16, 'O': 2, 'Si': 2, 'Na': 1}",175.05865210612,positive,1,PDMS,Polydimethylsiloxane,adduct,M | H shift +2 | Na,0,2,Na,,,0.53
C4H17O3Si2,"{'C': 4, 'H': 17, 'O': 3, 'Si': 2}",169.07162247592,negative,-1,PDMS,Polydimethylsiloxane,adduct,M | H shift +2 | OH,0,2,OH,,,0.53
C2H10OSi,"{'C': 2, 'Si': 1, 'O': 1, 'H': 10}",78.05009147652001,positive,1,PDMS,Polydimethylsiloxane,adduct,break 1 bond(s) | H shift +2 | H | ; | break 1 bond(s) | H shift +2 | H | ; | break 2 bond(s) | H shift +2 | H,1,2,H,,"[0, 1, 2, 3, 8, 9, 10, 11, 12, 13, 14]",0.5
C2H11OSi2,"{'Si': 2, 'C': 2, 'O': 1, 'H': 11}",107.0348430434,neutral,0,PDMS,Polydimethylsiloxane,neutral_loss,break 1 bond(s) | -CO | ; | break 1 bond(s) | -CO | ; | break 1 bond(s) | -CO | ; | break 1 bond(s) | -CO,1,0,,CO,"[1, 2, 3, 4, 5, 6, 7, 11, 12, 13, 14, 15, 16, 17, 18, 19, 20, 21]",0.5
C2H11Si2,"{'Si': 2, 'C': 2, 'H': 11}",91.03992842383,neutral,0,PDMS,Polydimethylsiloxane,neutral_loss,break 1 bond(s) | -CO2 | ; | break 1 bond(s) | -CO2 | ; | break 1 bond(s) | -CO2 | ; | break 1 bond(s) | -CO2,1,0,,CO2,"[1, 2, 3, 4, 5, 6, 7, 11, 12, 13, 14, 15, 16, 17, 18, 19, 20, 21]",0.5
C2H4OSi,"{'C': 2, 'Si': 1, 'O': 1, 'H': 4}",72.00314128314,negative,-1,PDMS,Polydimethylsiloxane,adduct,break 1 bond(s) | H shift -2 | -H | ; | break 1 bond(s) | H shift -2 | -H | ; | break 2 bond(s) | H shift -2 | -H,1,-2,-H,,"[0, 1, 2, 3, 8, 9, 10, 11, 12, 13, 14]",0.5
C2H5OSi,"{'C': 2, 'Si': 1, 'O': 1, 'H': 5}",73.01096631537,neutral,0,PDMS,Polydimethylsiloxane,h_shift,break 1 bond(s) | H shift -2 | ; | break 1 bond(s) | H shift -2 | ; | break 2 bond(s) | H shift -2 | ; | break 2 bond(s) | H shift -2,1,-2,,,"[0, 1, 2, 3, 8, 9, 10, 11, 12, 13, 14]",0.5
C2H5OSi,"{'C': 2, 'Si': 1, 'O': 1, 'H': 5}",73.01096631537,neutral,0,PDMS,Polydimethylsiloxane,neutral_loss,break 1 bond(s) | -H2 | ; | break 1 bond(s) | -H2 | ; | break 2 bond(s) | -H2 | ; | break 2 bond(s) | -H2,1,0,,H2,"[0, 1, 2, 3, 8, 9, 10, 11, 12, 13, 14]",0.5
C2H5Si,"{'C': 2, 'Si': 1, 'H': 5}",57.0160516958,neutral,0,PDMS,Polydimethylsiloxane,neutral_loss,break 1 bond(s) | -H2O | ; | break 1 bond(s) | H shift -1 | -OH | ; | break 1 bond(s) | -H2O,1,0,,H2O,"[0, 1, 2, 3, 8, 9, 10, 11, 12, 13, 14]",0.5
C2H6OSi,"{'C': 2, 'Si': 1, 'O': 1, 'H': 6}",74.0187913476,positive,1,PDMS,Polydimethylsiloxane,adduct,break 1 bond(s) | H shift -2 | H | ; | break 1 bond(s) | H shift -2 | H | ; | break 2 bond(s) | H shift -2 | H,1,-2,H,,"[0, 1, 2, 3, 8, 9, 10, 11, 12, 13, 14]",0.5
C2H6Si,"{'C': 2, 'Si': 1, 'H': 6}",58.023876728030004,neutral,0,PDMS,Polydimethylsiloxane,neutral_loss,break 1 bond(s) | -OH | ; | break 1 bond(s) | H shift +1 | -H2O | ; | break 1 bond(s) | -OH,1,0,,OH,"[0, 1, 2, 3, 8, 9, 10, 11, 12, 13, 14]",0.5
C2H8O2Si2,"{'Si': 2, 'C': 2, 'O': 2, 'H': 8}",120.00628256628,neutral,0,PDMS,Polydimethylsiloxane,neutral_loss,break 1 bond(s) | -CH3 | ; | break 1 bond(s) | -CH3 | ; | break 1 bond(s) | -CH3 | ; | break 1 bond(s) | -CH3,1,0,,CH3,"[1, 2, 3, 4, 5, 6, 7, 11, 12, 13, 14, 15, 16, 17, 18, 19, 20, 21]",0.5
C2H8OSi,"{'C': 2, 'Si': 1, 'O': 1, 'H': 8}",76.03444141206,negative,-1,PDMS,Polydimethylsiloxane,adduct,break 1 bond(s) | H shift +2 | -H | ; | break 1 bond(s) | H shift +2 | -H | ; | break 2 bond(s) | H shift +2 | -H,1,2,-H,,"[0, 1, 2, 3, 8, 9, 10, 11, 12, 13, 14]",0.5
C2H9OSi,"{'C': 2, 'Si': 1, 'O': 1, 'H': 9}",77.04226644429001,neutral,0,PDMS,Polydimethylsiloxane,h_shift,break 1 bond(s) | H shift +2 | ; | break 1 bond(s) | H shift +2 | ; | break 2 bond(s) | H shift +2 | ; | break 2 bond(s) | H shift +2,1,2,,,"[0, 1, 2, 3, 8, 9, 10, 11, 12, 13, 14]",0.5
C3H10O2Si2,"{'Si': 2, 'C': 3, 'O': 2, 'H': 10}",134.02193263074,positive,1,PDMS,Polydimethylsiloxane,adduct,break 1 bond(s) | H shift -2 | H | ; | break 1 bond(s) | H shift -2 | H | ; | break 1 bond(s) | H shift -2 | H,1,-2,H,,"[1, 2, 3, 4, 5, 6, 7, 11, 12, 13, 14, 15, 16, 17, 18, 19, 20, 21]",0.5
C3H10OSi2,"{'Si': 2, 'C': 3, 'O': 1, 'H': 10}",118.02701801117,neutral,0,PDMS,Polydimethylsiloxane,neutral_loss,break 1 bond(s) | -OH | ; | break 1 bond(s) | H shift +1 | -H2O | ; | break 1 bond(s) | -OH,1,0,,OH,"[1, 2, 3, 4, 5, 6, 7, 11, 12, 13, 14, 15, 16, 17, 18, 19, 20, 21]",0.5
C3H12O2Si2,"{'Si': 2, 'C': 3, 'O': 2, 'H': 12}",136.0375826952,negative,-1,PDMS,Polydimethylsiloxane,adduct,break 1 bond(s) | H shift +2 | -H | ; | break 1 bond(s) | H shift +2 | -H | ; | break 1 bond(s) | H shift +2 | -H,1,2,-H,,"[1, 2, 3, 4, 5, 6, 7, 11, 12, 13, 14, 15, 16, 17, 18, 19, 20, 21]",0.5
C3H13O2Si2,"{'Si': 2, 'C': 3, 'O': 2, 'H': 13}",137.04540772743002,neutral,0,PDMS,Polydimethylsiloxane,h_shift,break 1 bond(s) | H shift +2 | ; | break 1 bond(s) | H shift +2 | ; | break 1 bond(s) | H shift +2 | ; | break 1 bond(s) | H shift +2,1,2,,,"[1, 2, 3, 4, 5, 6, 7, 11, 12, 13, 14, 15, 16, 17, 18, 19, 20, 21]",0.5
C3H14O2Si2,"{'Si': 2, 'C': 3, 'O': 2, 'H': 14}",138.05323275966,positive,1,PDMS,Polydimethylsiloxane,adduct,break 1 bond(s) | H shift +2 | H | ; | break 1 bond(s) | H shift +2 | H | ; | break 1 bond(s) | H shift +2 | H,1,2,H,,"[1, 2, 3, 4, 5, 6, 7, 11, 12, 13, 14, 15, 16, 17, 18, 19, 20, 21]",0.5
C3H8O2Si2,"{'Si': 2, 'C': 3, 'O': 2, 'H': 8}",132.00628256628,negative,-1,PDMS,Polydimethylsiloxane,adduct,break 1 bond(s) | H shift -2 | -H | ; | break 1 bond(s) | H shift -2 | -H | ; | break 1 bond(s) | H shift -2 | -H,1,-2,-H,,"[1, 2, 3, 4, 5, 6, 7, 11, 12, 13, 14, 15, 16, 17, 18, 19, 20, 21]",0.5
C3H9O2Si2,"{'Si': 2, 'C': 3, 'O': 2, 'H': 9}",133.01410759851,neutral,0,PDMS,Polydimethylsiloxane,h_shift,break 1 bond(s) | H shift -2 | ; | break 1 bond(s) | H shift -2 | ; | break 1 bond(s) | H shift -2 | ; | break 1 bond(s) | H shift -2,1,-2,,,"[1, 2, 3, 4, 5, 6, 7, 11, 12, 13, 14, 15, 16, 17, 18, 19, 20, 21]",0.5
C3H9OSi2,"{'Si': 2, 'C': 3, 'O': 1, 'H': 9}",117.01919297894,neutral,0,PDMS,Polydimethylsiloxane,neutral_loss,break 1 bond(s) | -H2O | ; | break 1 bond(s) | H shift -1 | -OH | ; | break 1 bond(s) | -H2O,1,0,,H2O,"[1, 2, 3, 4, 5, 6, 7, 11, 12, 13, 14, 15, 16, 17, 18, 19, 20, 21]",0.5
C4H10OSi2,"{'C': 4, 'Si': 2, 'O': 1, 'H': 10}",130.02701801117001,negative,-1,PDMS,Polydimethylsiloxane,adduct,break 1 bond(s) | H shift -2 | -H | ; | break 1 bond(s) | H shift -2 | -H | ; | break 2 bond(s) | H shift -2 | O,1,-2,-H,,"[0, 1, 2, 4, 5, 6, 7, 8, 9, 10, 11, 12, 13, 15, 16, 17, 18, 19, 20, 21]",0.5
C4H11OSi2,"{'C': 4, 'Si': 2, 'O': 1, 'H': 11}",131.0348430434,neutral,0,PDMS,Polydimethylsiloxane,h_shift,break 1 bond(s) | H shift -2 | ; | break 1 bond(s) | H shift -2,1,-2,,,"[0, 1, 2, 4, 5, 6, 7, 8, 9, 10, 11, 12, 13, 15, 16, 17, 18, 19, 20, 21]",0.5
C4H11Si2,"{'C': 4, 'Si': 2, 'H': 11}",115.03992842383,neutral,0,PDMS,Polydimethylsiloxane,neutral_loss,break 1 bond(s) | -H2O | ; | break 1 bond(s) | H shift -1 | -OH | ; | break 1 bond(s) | -H2O,1,0,,H2O,"[0, 1, 2, 4, 5, 6, 7, 8, 9, 10, 11, 12, 13, 15, 16, 17, 18, 19, 20, 21]",0.5
C4H12OSi2,"{'C': 4, 'Si': 2, 'O': 1, 'H': 12}",132.04266807563,positive,1,PDMS,Polydimethylsiloxane,adduct,break 1 bond(s) | H shift -2 | H | ; | break 1 bond(s) | H shift -2 | H,1,-2,H,,"[0, 1, 2, 4, 5, 6, 7, 8, 9, 10, 11, 12, 13, 15, 16, 17, 18, 19, 20, 21]",0.5
C4H12Si2,"{'C': 4, 'Si': 2, 'H': 12}",116.04775345606001,neutral,0,PDMS,Polydimethylsiloxane,neutral_loss,break 1 bond(s) | -OH | ; | break 1 bond(s) | H shift +1 | -H2O | ; | break 1 bond(s) | -OH,1,0,,OH,"[0, 1, 2, 4, 5, 6, 7, 8, 9, 10, 11, 12, 13, 15, 16, 17, 18, 19, 20, 21]",0.5
C4H14OSi2,"{'C': 4, 'Si': 2, 'O': 1, 'H': 14}",134.05831814009,negative,-1,PDMS,Polydimethylsiloxane,adduct,break 1 bond(s) | H shift +2 | -H | ; | break 1 bond(s) | H shift +2 | -H | ; | break 2 bond(s) | H shift +1 | OH,1,2,-H,,"[0, 1, 2, 4, 5, 6, 7, 8, 9, 10, 11, 12, 13, 15, 16, 17, 18, 19, 20, 21]",0.5
C4H15OSi2,"{'C': 4, 'Si': 2, 'O': 1, 'H': 15}",135.06614317232,neutral,0,PDMS,Polydimethylsiloxane,h_shift,break 1 bond(s) | H shift +2 | ; | break 1 bond(s) | H shift +2,1,2,,,"[0, 1, 2, 4, 5, 6, 7, 8, 9, 10, 11, 12, 13, 15, 16, 17, 18, 19, 20, 21]",0.5
C4H16OSi2,"{'C': 4, 'Si': 2, 'O': 1, 'H': 16}",136.07396820455,positive,1,PDMS,Polydimethylsiloxane,adduct,break 1 bond(s) | H shift +2 | H | ; | break 1 bond(s) | H shift +2 | H,1,2,H,,"[0, 1, 2, 4, 5, 6, 7, 8, 9, 10, 11, 12, 13, 15, 16, 17, 18, 19, 20, 21]",0.5
CH4OSi,"{'C': 1, 'Si': 1, 'O': 1, 'H': 4}",60.00314128314,neutral,0,PDMS,Polydimethylsiloxane,neutral_loss,break 1 bond(s) | -CH3 | ; | break 1 bond(s) | -CH3 | ; | break 2 bond(s) | H shift +2 | -H2,1,0,,CH3,"[0, 1, 2, 3, 8, 9, 10, 11, 12, 13, 14]",0.5
CH7Si,"{'C': 1, 'Si': 1, 'H': 7}",47.03170176026,neutral,0,PDMS,Polydimethylsiloxane,neutral_loss,break 1 bond(s) | -CO | ; | break 1 bond(s) | -CO | ; | break 2 bond(s) | -CO | ; | break 2 bond(s) | -CO,1,0,,CO,"[0, 1, 2, 3, 8, 9, 10, 11, 12, 13, 14]",0.5
C2H7ClOSi,"{'C': 2, 'Si': 1, 'O': 1, 'H': 7, 'Cl': 1}",109.99546906183,negative,-1,PDMS,Polydimethylsiloxane,adduct,break 1 bond(s) | Cl | ; | break 1 bond(s) | Cl | ; | break 2 bond(s) | Cl | ; | break 2 bond(s) | Cl,1,0,Cl,,"[0, 1, 2, 3, 8, 9, 10, 11, 12, 13, 14]",0.48
C2H7KOSi,"{'C': 2, 'Si': 1, 'O': 1, 'H': 7, 'K': 1}",113.99032286623,positive,1,PDMS,Polydimethylsiloxane,adduct,break 1 bond(s) | K | ; | break 1 bond(s) | K | ; | break 2 bond(s) | K | ; | break 2 bond(s) | K,1,0,K,,"[0, 1, 2, 3, 8, 9, 10, 11, 12, 13, 14]",0.48
C2H7NaOSi,"{'C': 2, 'Si': 1, 'O': 1, 'H': 7, 'Na': 1}",98.01638566183,positive,1,PDMS,Polydimethylsiloxane,adduct,break 1 bond(s) | Na | ; | break 1 bond(s) | Na | ; | break 2 bond(s) | Na | ; | break 2 bond(s) | Na,1,0,Na,,"[0, 1, 2, 3, 8, 9, 10, 11, 12, 13, 14]",0.48
C2H7O2Si,"{'C': 2, 'Si': 1, 'O': 2, 'H': 7}",91.0215309994,negative,-1,PDMS,Polydimethylsiloxane,adduct,break 1 bond(s) | O | ; | break 1 bond(s) | H shift -1 | OH | ; | break 1 bond(s) | O,1,0,O,,"[0, 1, 2, 3, 8, 9, 10, 11, 12, 13, 14]",0.48
C2H8O2Si,"{'C': 2, 'Si': 1, 'O': 2, 'H': 8}",92.02935603163,negative,-1,PDMS,Polydimethylsiloxane,adduct,break 1 bond(s) | OH | ; | break 1 bond(s) | H shift +1 | O | ; | break 1 bond(s) | OH,1,0,OH,,"[0, 1, 2, 3, 8, 9, 10, 11, 12, 13, 14]",0.48
C3H11ClO2Si2,"{'Si': 2, 'C': 3, 'O': 2, 'H': 11, 'Cl': 1}",169.99861034497,negative,-1,PDMS,Polydimethylsiloxane,adduct,break 1 bond(s) | Cl | ; | break 1 bond(s) | Cl | ; | break 1 bond(s) | Cl | ; | break 1 bond(s) | Cl,1,0,Cl,,"[1, 2, 3, 4, 5, 6, 7, 11, 12, 13, 14, 15, 16, 17, 18, 19, 20, 21]",0.48
C3H11KO2Si2,"{'Si': 2, 'C': 3, 'O': 2, 'H': 11, 'K': 1}",173.99346414937,positive,1,PDMS,Polydimethylsiloxane,adduct,break 1 bond(s) | K | ; | break 1 bond(s) | K | ; | break 1 bond(s) | K | ; | break 1 bond(s) | K,1,0,K,,"[1, 2, 3, 4, 5, 6, 7, 11, 12, 13, 14, 15, 16, 17, 18, 19, 20, 21]",0.48
C3H11NaO2Si2,"{'Si': 2, 'C': 3, 'O': 2, 'H': 11, 'Na': 1}",158.01952694497,positive,1,PDMS,Polydimethylsiloxane,adduct,break 1 bond(s) | Na | ; | break 1 bond(s) | Na | ; | break 1 bond(s) | Na | ; | break 1 bond(s) | Na,1,0,Na,,"[1, 2, 3, 4, 5, 6, 7, 11, 12, 13, 14, 15, 16, 17, 18, 19, 20, 21]",0.48
C3H11O3Si2,"{'Si': 2, 'C': 3, 'O': 3, 'H': 11}",151.02467228254,negative,-1,PDMS,Polydimethylsiloxane,adduct,break 1 bond(s) | O | ; | break 1 bond(s) | H shift -1 | OH | ; | break 1 bond(s) | O,1,0,O,,"[1, 2, 3, 4, 5, 6, 7, 11, 12, 13, 14, 15, 16, 17, 18, 19, 20, 21]",0.48
C3H12O3Si2,"{'Si': 2, 'C': 3, 'O': 3, 'H': 12}",152.03249731477,negative,-1,PDMS,Polydimethylsiloxane,adduct,break 1 bond(s) | OH | ; | break 1 bond(s) | H shift +1 | O | ; | break 1 bond(s) | OH,1,0,OH,,"[1, 2, 3, 4, 5, 6, 7, 11, 12, 13, 14, 15, 16, 17, 18, 19, 20, 21]",0.48
C4H13ClOSi2,"{'C': 4, 'Si': 2, 'O': 1, 'H': 13, 'Cl': 1}",168.01934578986,negative,-1,PDMS,Polydimethylsiloxane,adduct,break 1 bond(s) | Cl | ; | break 1 bond(s) | Cl,1,0,Cl,,"[0, 1, 2, 4, 5, 6, 7, 8, 9, 10, 11, 12, 13, 15, 16, 17, 18, 19, 20, 21]",0.48
C4H13KOSi2,"{'C': 4, 'Si': 2, 'O': 1, 'H': 13, 'K': 1}",172.01419959426,positive,1,PDMS,Polydimethylsiloxane,adduct,break 1 bond(s) | K | ; | break 1 bond(s) | K,1,0,K,,"[0, 1, 2, 4, 5, 6, 7, 8, 9, 10, 11, 12, 13, 15, 16, 17, 18, 19, 20, 21]",0.48
C4H13NaOSi2,"{'C': 4, 'Si': 2, 'O': 1, 'H': 13, 'Na': 1}",156.04026238986,positive,1,PDMS,Polydimethylsiloxane,adduct,break 1 bond(s) | Na | ; | break 1 bond(s) | Na,1,0,Na,,"[0, 1, 2, 4, 5, 6, 7, 8, 9, 10, 11, 12, 13, 15, 16, 17, 18, 19, 20, 21]",0.48
C2H5Si,"{'C': 2, 'Si': 1, 'H': 5}",57.0160516958,negative,-1,PDMS,Polydimethylsiloxane,adduct,break 2 bond(s) | -H | ; | break 2 bond(s) | -H,2,0,-H,,"[0, 1, 2, 8, 9, 10, 11, 12, 13]",0.45
C2H6Si,"{'C': 2, 'Si': 1, 'H': 6}",58.023876728030004,neutral,0,PDMS,Polydimethylsiloxane,fragment,break 2 bond(s) | ; | break 2 bond(s),2,0,,,"[0, 1, 2, 8, 9, 10, 11, 12, 13]",0.45
C2H7O2Si2,"{'Si': 2, 'O': 2, 'C': 2, 'H': 7}",118.99845753405,negative,-1,PDMS,Polydimethylsiloxane,adduct,break 2 bond(s) | -H | ; | break 2 bond(s) | -H | ; | break 2 bond(s) | -H | ; | break 2 bond(s) | -H,2,0,-H,,"[1, 3, 4, 5, 6, 7, 14, 15, 16, 17, 18, 19, 20, 21]",0.45
C2H7Si,"{'C': 2, 'Si': 1, 'H': 7}",59.03170176026,positive,1,PDMS,Polydimethylsiloxane,adduct,break 2 bond(s) | H | ; | break 2 bond(s) | H,2,0,H,,"[0, 1, 2, 8, 9, 10, 11, 12, 13]",0.45
C2H8O2Si2,"{'Si': 2, 'O': 2, 'C': 2, 'H': 8}",120.00628256628,neutral,0,PDMS,Polydimethylsiloxane,fragment,break 2 bond(s) | ; | break 2 bond(s) | ; | break 2 bond(s) | ; | break 2 bond(s) | ; | break 2 bond(s),2,0,,,"[1, 3, 4, 5, 6, 7, 14, 15, 16, 17, 18, 19, 20, 21]",0.45
C2H9O2Si2,"{'Si': 2, 'O': 2, 'C': 2, 'H': 9}",121.01410759851001,positive,1,PDMS,Polydimethylsiloxane,adduct,break 2 bond(s) | H | ; | break 2 bond(s) | H | ; | break 2 bond(s) | H | ; | break 2 bond(s) | H,2,0,H,,"[1, 3, 4, 5, 6, 7, 14, 15, 16, 17, 18, 19, 20, 21]",0.45
C3H10OSi2,"{'Si': 2, 'C': 3, 'O': 1, 'H': 10}",118.02701801117,neutral,0,PDMS,Polydimethylsiloxane,fragment,break 2 bond(s) | ; | break 2 bond(s) | ; | break 2 bond(s) | ; | break 2 bond(s) | ; | break 2 bond(s),2,0,,,"[1, 2, 4, 5, 6, 7, 11, 12, 13, 15, 16, 17, 18, 19, 20, 21]",0.45
C3H11OSi2,"{'Si': 2, 'C': 3, 'O': 1, 'H': 11}",119.0348430434,positive,1,PDMS,Polydimethylsiloxane,adduct,break 2 bond(s) | H | ; | break 2 bond(s) | H | ; | break 2 bond(s) | H | ; | break 2 bond(s) | H,2,0,H,,"[1, 2, 4, 5, 6, 7, 11, 12, 13, 15, 16, 17, 18, 19, 20, 21]",0.45
C3H9OSi2,"{'Si': 2, 'C': 3, 'O': 1, 'H': 9}",117.01919297894,negative,-1,PDMS,Polydimethylsiloxane,adduct,break 2 bond(s) | -H | ; | break 2 bond(s) | -H | ; | break 2 bond(s) | -H | ; | break 2 bond(s) | -H,2,0,-H,,"[1, 2, 4, 5, 6, 7, 11, 12, 13, 15, 16, 17, 18, 19, 20, 21]",0.45
C4H11Si2,"{'C': 4, 'Si': 2, 'H': 11}",115.03992842383,negative,-1,PDMS,Polydimethylsiloxane,adduct,break 2 bond(s) | -H,2,0,-H,,"[0, 1, 2, 4, 5, 6, 8, 9, 10, 11, 12, 13, 15, 16, 17, 18, 19, 20]",0.45
C4H12Si2,"{'C': 4, 'Si': 2, 'H': 12}",116.04775345606001,neutral,0,PDMS,Polydimethylsiloxane,fragment,break 2 bond(s),2,0,,,"[0, 1, 2, 4, 5, 6, 8, 9, 10, 11, 12, 13, 15, 16, 17, 18, 19, 20]",0.45
C4H13Si2,"{'C': 4, 'Si': 2, 'H': 13}",117.05557848829,positive,1,PDMS,Polydimethylsiloxane,adduct,break 2 bond(s) | H,2,0,H,,"[0, 1, 2, 4, 5, 6, 8, 9, 10, 11, 12, 13, 15, 16, 17, 18, 19, 20]",0.45
CH3OSi,"{'Si': 1, 'C': 1, 'O': 1, 'H': 3}",58.99531625091,negative,-1,PDMS,Polydimethylsiloxane,adduct,break 2 bond(s) | -H | ; | break 2 bond(s) | -H | ; | break 2 bond(s) | -H | ; | break 2 bond(s) | -H,2,0,-H,,"[1, 2, 3, 11, 12, 13, 14]",0.45
CH4OSi,"{'Si': 1, 'C': 1, 'O': 1, 'H': 4}",60.00314128314,neutral,0,PDMS,Polydimethylsiloxane,fragment,break 2 bond(s) | ; | break 2 bond(s) | ; | break 2 bond(s) | ; | break 2 bond(s),2,0,,,"[1, 2, 3, 11, 12, 13, 14]",0.45
CH5OSi,"{'Si': 1, 'C': 1, 'O': 1, 'H': 5}",61.01096631537,positive,1,PDMS,Polydimethylsiloxane,adduct,break 2 bond(s) | H | ; | break 2 bond(s) | H | ; | break 2 bond(s) | H | ; | break 2 bond(s) | H,2,0,H,,"[1, 2, 3, 11, 12, 13, 14]",0.45
C2H10OSi2,"{'Si': 2, 'C': 2, 'O': 1, 'H': 10}",106.02701801117,neutral,0,PDMS,Polydimethylsiloxane,neutral_loss,break 1 bond(s) | H shift -1 | -CO | ; | break 1 bond(s) | H shift -1 | -CO | ; | break 1 bond(s) | H shift -1 | -CO,1,-1,,CO,"[1, 2, 3, 4, 5, 6, 7, 11, 12, 13, 14, 15, 16, 17, 18, 19, 20, 21]",0.44999999999999996
C2H10Si2,"{'Si': 2, 'C': 2, 'H': 10}",90.0321033916,neutral,0,PDMS,Polydimethylsiloxane,neutral_loss,break 1 bond(s) | H shift -1 | -CO2 | ; | break 1 bond(s) | H shift -1 | -CO2 | ; | break 1 bond(s) | H shift -1 | -CO2,1,-1,,CO2,"[1, 2, 3, 4, 5, 6, 7, 11, 12, 13, 14, 15, 16, 17, 18, 19, 20, 21]",0.44999999999999996
C2H12OSi2,"{'Si': 2, 'C': 2, 'O': 1, 'H': 12}",108.04266807563,neutral,0,PDMS,Polydimethylsiloxane,neutral_loss,break 1 bond(s) | H shift +1 | -CO | ; | break 1 bond(s) | H shift +1 | -CO | ; | break 1 bond(s) | H shift +1 | -CO,1,1,,CO,"[1, 2, 3, 4, 5, 6, 7, 11, 12, 13, 14, 15, 16, 17, 18, 19, 20, 21]",0.44999999999999996
C2H12Si2,"{'Si': 2, 'C': 2, 'H': 12}",92.04775345606001,neutral,0,PDMS,Polydimethylsiloxane,neutral_loss,break 1 bond(s) | H shift +1 | -CO2 | ; | break 1 bond(s) | H shift +1 | -CO2 | ; | break 1 bond(s) | H shift +1 | -CO2,1,1,,CO2,"[1, 2, 3, 4, 5, 6, 7, 11, 12, 13, 14, 15, 16, 17, 18, 19, 20, 21]",0.44999999999999996
C2H4OSi,"{'C': 2, 'Si': 1, 'O': 1, 'H': 4}",72.00314128314,neutral,0,PDMS,Polydimethylsiloxane,neutral_loss,break 1 bond(s) | H shift -1 | -H2 | ; | break 1 bond(s) | H shift -1 | -H2 | ; | break 2 bond(s) | H shift -1 | -H2,1,-1,,H2,"[0, 1, 2, 3, 8, 9, 10, 11, 12, 13, 14]",0.44999999999999996
C2H4Si,"{'C': 2, 'Si': 1, 'H': 4}",56.00822666357,neutral,0,PDMS,Polydimethylsiloxane,neutral_loss,break 1 bond(s) | H shift -1 | -H2O | ; | break 1 bond(s) | H shift -2 | -OH | ; | break 1 bond(s) | H shift -1 | -H2O,1,-1,,H2O,"[0, 1, 2, 3, 8, 9, 10, 11, 12, 13, 14]",0.44999999999999996
C2H6OSi,"{'C': 2, 'Si': 1, 'O': 1, 'H': 6}",74.0187913476,neutral,0,PDMS,Polydimethylsiloxane,neutral_loss,break 1 bond(s) | H shift +1 | -H2 | ; | break 1 bond(s) | H shift +1 | -H2 | ; | break 2 bond(s) | H shift +1 | -H2,1,1,,H2,"[0, 1, 2, 3, 8, 9, 10, 11, 12, 13, 14]",0.44999999999999996
C2H7O2Si2,"{'Si': 2, 'C': 2, 'O': 2, 'H': 7}",118.99845753405,neutral,0,PDMS,Polydimethylsiloxane,neutral_loss,break 1 bond(s) | H shift -1 | -CH3 | ; | break 1 bond(s) | H shift -1 | -CH3 | ; | break 1 bond(s) | H shift -1 | -CH3,1,-1,,CH3,"[1, 2, 3, 4, 5, 6, 7, 11, 12, 13, 14, 15, 16, 17, 18, 19, 20, 21]",0.44999999999999996
C2H7Si,"{'C': 2, 'Si': 1, 'H': 7}",59.03170176026,neutral,0,PDMS,Polydimethylsiloxane,neutral_loss,break 1 bond(s) | H shift +1 | -OH | ; | break 1 bond(s) | H shift +2 | -H2O | ; | break 1 bond(s) | H shift +1 | -OH,1,1,,OH,"[0, 1, 2, 3, 8, 9, 10, 11, 12, 13, 14]",0.44999999999999996
C2H9O2Si2,"{'Si': 2, 'C': 2, 'O': 2, 'H': 9}",121.01410759851001,neutral,0,PDMS,Polydimethylsiloxane,neutral_loss,break 1 bond(s) | H shift +1 | -CH3 | ; | break 1 bond(s) | H shift +1 | -CH3 | ; | break 1 bond(s) | H shift +1 | -CH3,1,1,,CH3,"[1, 2, 3, 4, 5, 6, 7, 11, 12, 13, 14, 15, 16, 17, 18, 19, 20, 21]",0.44999999999999996
C3H11OSi2,"{'Si': 2, 'C': 3, 'O': 1, 'H': 11}",119.0348430434,neutral,0,PDMS,Polydimethylsiloxane,neutral_loss,break 1 bond(s) | H shift +1 | -OH | ; | break 1 bond(s) | H shift +2 | -H2O | ; | break 1 bond(s) | H shift +1 | -OH,1,1,,OH,"[1, 2, 3, 4, 5, 6, 7, 11, 12, 13, 14, 15, 16, 17, 18, 19, 20, 21]",0.44999999999999996
C3H8O2Si2,"{'Si': 2, 'C': 3, 'O': 2, 'H': 8}",132.00628256628,neutral,0,PDMS,Polydimethylsiloxane,neutral_loss,break 1 bond(s) | H shift -1 | -H2 | ; | break 1 bond(s) | H shift -1 | -H2 | ; | break 1 bond(s) | H shift -1 | -H2,1,-1,,H2,"[1, 2, 3, 4, 5, 6, 7, 11, 12, 13, 14, 15, 16, 17, 18, 19, 20, 21]",0.44999999999999996
C3H8OSi2,"{'Si': 2, 'C': 3, 'O': 1, 'H': 8}",116.01136794671001,neutral,0,PDMS,Polydimethylsiloxane,neutral_loss,break 1 bond(s) | H shift -1 | -H2O | ; | break 1 bond(s) | H shift -2 | -OH | ; | break 1 bond(s) | H shift -1 | -H2O,1,-1,,H2O,"[1, 2, 3, 4, 5, 6, 7, 11, 12, 13, 14, 15, 16, 17, 18, 19, 20, 21]",0.44999999999999996
C4H10Si2,"{'C': 4, 'Si': 2, 'H': 10}",114.0321033916,neutral,0,PDMS,Polydimethylsiloxane,neutral_loss,break 1 bond(s) | H shift -1 | -H2O | ; | break 1 bond(s) | H shift -2 | -OH | ; | break 1 bond(s) | H shift -1 | -H2O,1,-1,,H2O,"[0, 1, 2, 4, 5, 6, 7, 8, 9, 10, 11, 12, 13, 15, 16, 17, 18, 19, 20, 21]",0.44999999999999996
C4H13Si2,"{'C': 4, 'Si': 2, 'H': 13}",117.05557848829,neutral,0,PDMS,Polydimethylsiloxane,neutral_loss,break 1 bond(s) | H shift +1 | -OH | ; | break 1 bond(s) | H shift +2 | -H2O | ; | break 1 bond(s) | H shift +1 | -OH,1,1,,OH,"[0, 1, 2, 4, 5, 6, 7, 8, 9, 10, 11, 12, 13, 15, 16, 17, 18, 19, 20, 21]",0.44999999999999996
CH3OSi,"{'C': 1, 'Si': 1, 'O': 1, 'H': 3}",58.99531625091,neutral,0,PDMS,Polydimethylsiloxane,neutral_loss,break 1 bond(s) | H shift -1 | -CH3 | ; | break 1 bond(s) | H shift -1 | -CH3 | ; | break 2 bond(s) | H shift +1 | -H2,1,-1,,CH3,"[0, 1, 2, 3, 8, 9, 10, 11, 12, 13, 14]",0.44999999999999996
CH5OSi,"{'C': 1, 'Si': 1, 'O': 1, 'H': 5}",61.01096631537,neutral,0,PDMS,Polydimethylsiloxane,neutral_loss,break 1 bond(s) | H shift +1 | -CH3 | ; | break 1 bond(s) | H shift +1 | -CH3 | ; | break 2 bond(s) | H shift +1 | -CH3,1,1,,CH3,"[0, 1, 2, 3, 8, 9, 10, 11, 12, 13, 14]",0.44999999999999996
CH6Si,"{'C': 1, 'Si': 1, 'H': 6}",46.023876728030004,neutral,0,PDMS,Polydimethylsiloxane,neutral_loss,break 1 bond(s) | H shift -1 | -CO | ; | break 1 bond(s) | H shift -1 | -CO | ; | break 2 bond(s) | H shift -1 | -CO,1,-1,,CO,"[0, 1, 2, 3, 8, 9, 10, 11, 12, 13, 14]",0.44999999999999996
CH8Si,"{'C': 1, 'Si': 1, 'H': 8}",48.03952679249,neutral,0,PDMS,Polydimethylsiloxane,neutral_loss,break 1 bond(s) | H shift +1 | -CO | ; | break 1 bond(s) | H shift +1 | -CO | ; | break 2 bond(s) | H shift +1 | -CO,1,1,,CO,"[0, 1, 2, 3, 8, 9, 10, 11, 12, 13, 14]",0.44999999999999996
C8H28ClO4Si4,"{'C': 8, 'H': 28, 'O': 4, 'Si': 4, 'Cl': 1}",335.07531820132,negative,-1,PDMS,Polydimethylsiloxane,dimer,2M | Cl,0,0,Cl,,,0.43
C8H28NaO4Si4,"{'C': 8, 'H': 28, 'O': 4, 'Si': 4, 'Na': 1}",323.09623480132,positive,1,PDMS,Polydimethylsiloxane,dimer,2M | Na,0,0,Na,,,0.43
C2H6ClOSi,"{'C': 2, 'Si': 1, 'O': 1, 'H': 6, 'Cl': 1}",108.9876440296,negative,-1,PDMS,Polydimethylsiloxane,adduct,break 1 bond(s) | H shift -1 | Cl | ; | break 1 bond(s) | H shift -1 | Cl | ; | break 2 bond(s) | H shift -1 | Cl,1,-1,Cl,,"[0, 1, 2, 3, 8, 9, 10, 11, 12, 13, 14]",0.42999999999999994
C2H6KOSi,"{'C': 2, 'Si': 1, 'O': 1, 'H': 6, 'K': 1}",112.982497834,positive,1,PDMS,Polydimethylsiloxane,adduct,break 1 bond(s) | H shift -1 | K | ; | break 1 bond(s) | H shift -1 | K | ; | break 2 bond(s) | H shift -1 | K,1,-1,K,,"[0, 1, 2, 3, 8, 9, 10, 11, 12, 13, 14]",0.42999999999999994
C2H6NaOSi,"{'C': 2, 'Si': 1, 'O': 1, 'H': 6, 'Na': 1}",97.0085606296,positive,1,PDMS,Polydimethylsiloxane,adduct,break 1 bond(s) | H shift -1 | Na | ; | break 1 bond(s) | H shift -1 | Na | ; | break 2 bond(s) | H shift -1 | Na,1,-1,Na,,"[0, 1, 2, 3, 8, 9, 10, 11, 12, 13, 14]",0.42999999999999994
C2H6O2Si,"{'C': 2, 'Si': 1, 'O': 2, 'H': 6}",90.01370596717,negative,-1,PDMS,Polydimethylsiloxane,adduct,break 1 bond(s) | H shift -1 | O | ; | break 1 bond(s) | H shift -2 | OH | ; | break 1 bond(s) | H shift -1 | O,1,-1,O,,"[0, 1, 2, 3, 8, 9, 10, 11, 12, 13, 14]",0.42999999999999994
C2H8ClOSi,"{'C': 2, 'Si': 1, 'O': 1, 'H': 8, 'Cl': 1}",111.00329409406,negative,-1,PDMS,Polydimethylsiloxane,adduct,break 1 bond(s) | H shift +1 | Cl | ; | break 1 bond(s) | H shift +1 | Cl | ; | break 2 bond(s) | H shift +1 | Cl,1,1,Cl,,"[0, 1, 2, 3, 8, 9, 10, 11, 12, 13, 14]",0.42999999999999994
C2H8KOSi,"{'C': 2, 'Si': 1, 'O': 1, 'H': 8, 'K': 1}",114.99814789846,positive,1,PDMS,Polydimethylsiloxane,adduct,break 1 bond(s) | H shift +1 | K | ; | break 1 bond(s) | H shift +1 | K | ; | break 2 bond(s) | H shift +1 | K,1,1,K,,"[0, 1, 2, 3, 8, 9, 10, 11, 12, 13, 14]",0.42999999999999994
C2H8NaOSi,"{'C': 2, 'Si': 1, 'O': 1, 'H': 8, 'Na': 1}",99.02421069406,positive,1,PDMS,Polydimethylsiloxane,adduct,break 1 bond(s) | H shift +1 | Na | ; | break 1 bond(s) | H shift +1 | Na | ; | break 2 bond(s) | H shift +1 | Na,1,1,Na,,"[0, 1, 2, 3, 8, 9, 10, 11, 12, 13, 14]",0.42999999999999994
C2H9O2Si,"{'C': 2, 'Si': 1, 'O': 2, 'H': 9}",93.03718106386,negative,-1,PDMS,Polydimethylsiloxane,adduct,break 1 bond(s) | H shift +1 | OH | ; | break 1 bond(s) | H shift +2 | O | ; | break 1 bond(s) | H shift +1 | OH,1,1,OH,,"[0, 1, 2, 3, 8, 9, 10, 11, 12, 13, 14]",0.42999999999999994
C3H10ClO2Si2,"{'Si': 2, 'C': 3, 'O': 2, 'H': 10, 'Cl': 1}",168.99078531274,negative,-1,PDMS,Polydimethylsiloxane,adduct,break 1 bond(s) | H shift -1 | Cl | ; | break 1 bond(s) | H shift -1 | Cl | ; | break 1 bond(s) | H shift -1 | Cl,1,-1,Cl,,"[1, 2, 3, 4, 5, 6, 7, 11, 12, 13, 14, 15, 16, 17, 18, 19, 20, 21]",0.42999999999999994
C3H10KO2Si2,"{'Si': 2, 'C': 3, 'O': 2, 'H': 10, 'K': 1}",172.98563911714,positive,1,PDMS,Polydimethylsiloxane,adduct,break 1 bond(s) | H shift -1 | K | ; | break 1 bond(s) | H shift -1 | K | ; | break 1 bond(s) | H shift -1 | K,1,-1,K,,"[1, 2, 3, 4, 5, 6, 7, 11, 12, 13, 14, 15, 16, 17, 18, 19, 20, 21]",0.42999999999999994
C3H10NaO2Si2,"{'Si': 2, 'C': 3, 'O': 2, 'H': 10, 'Na': 1}",157.01170191274,positive,1,PDMS,Polydimethylsiloxane,adduct,break 1 bond(s) | H shift -1 | Na | ; | break 1 bond(s) | H shift -1 | Na | ; | break 1 bond(s) | H shift -1 | Na,1,-1,Na,,"[1, 2, 3, 4, 5, 6, 7, 11, 12, 13, 14, 15, 16, 17, 18, 19, 20, 21]",0.42999999999999994
C3H10O3Si2,"{'Si': 2, 'C': 3, 'O': 3, 'H': 10}",150.01684725031,negative,-1,PDMS,Polydimethylsiloxane,adduct,break 1 bond(s) | H shift -1 | O | ; | break 1 bond(s) | H shift -2 | OH | ; | break 1 bond(s) | H shift -1 | O,1,-1,O,,"[1, 2, 3, 4, 5, 6, 7, 11, 12, 13, 14, 15, 16, 17, 18, 19, 20, 21]",0.42999999999999994
C3H12ClO2Si2,"{'Si': 2, 'C': 3, 'O': 2, 'H': 12, 'Cl': 1}",171.0064353772,negative,-1,PDMS,Polydimethylsiloxane,adduct,break 1 bond(s) | H shift +1 | Cl | ; | break 1 bond(s) | H shift +1 | Cl | ; | break 1 bond(s) | H shift +1 | Cl,1,1,Cl,,"[1, 2, 3, 4, 5, 6, 7, 11, 12, 13, 14, 15, 16, 17, 18, 19, 20, 21]",0.42999999999999994
C3H12KO2Si2,"{'Si': 2, 'C': 3, 'O': 2, 'H': 12, 'K': 1}",175.00128918160001,positive,1,PDMS,Polydimethylsiloxane,adduct,break 1 bond(s) | H shift +1 | K | ; | break 1 bond(s) | H shift +1 | K | ; | break 1 bond(s) | H shift +1 | K,1,1,K,,"[1, 2, 3, 4, 5, 6, 7, 11, 12, 13, 14, 15, 16, 17, 18, 19, 20, 21]",0.42999999999999994
C3H12NaO2Si2,"{'Si': 2, 'C': 3, 'O': 2, 'H': 12, 'Na': 1}",159.0273519772,positive,1,PDMS,Polydimethylsiloxane,adduct,break 1 bond(s) | H shift +1 | Na | ; | break 1 bond(s) | H shift +1 | Na | ; | break 1 bond(s) | H shift +1 | Na,1,1,Na,,"[1, 2, 3, 4, 5, 6, 7, 11, 12, 13, 14, 15, 16, 17, 18, 19, 20, 21]",0.42999999999999994
C3H13O3Si2,"{'Si': 2, 'C': 3, 'O': 3, 'H': 13}",153.040322347,negative,-1,PDMS,Polydimethylsiloxane,adduct,break 1 bond(s) | H shift +1 | OH | ; | break 1 bond(s) | H shift +2 | O | ; | break 1 bond(s) | H shift +1 | OH,1,1,OH,,"[1, 2, 3, 4, 5, 6, 7, 11, 12, 13, 14, 15, 16, 17, 18, 19, 20, 21]",0.42999999999999994
C4H12ClOSi2,"{'C': 4, 'Si': 2, 'O': 1, 'H': 12, 'Cl': 1}",167.01152075763,negative,-1,PDMS,Polydimethylsiloxane,adduct,break 1 bond(s) | H shift -1 | Cl | ; | break 1 bond(s) | H shift -1 | Cl,1,-1,Cl,,"[0, 1, 2, 4, 5, 6, 7, 8, 9, 10, 11, 12, 13, 15, 16, 17, 18, 19, 20, 21]",0.42999999999999994
C4H12KOSi2,"{'C': 4, 'Si': 2, 'O': 1, 'H': 12, 'K': 1}",171.00637456203,positive,1,PDMS,Polydimethylsiloxane,adduct,break 1 bond(s) | H shift -1 | K | ; | break 1 bond(s) | H shift -1 | K,1,-1,K,,"[0, 1, 2, 4, 5, 6, 7, 8, 9, 10, 11, 12, 13, 15, 16, 17, 18, 19, 20, 21]",0.42999999999999994
C4H12NaOSi2,"{'C': 4, 'Si': 2, 'O': 1, 'H': 12, 'Na': 1}",155.03243735763002,positive,1,PDMS,Polydimethylsiloxane,adduct,break 1 bond(s) | H shift -1 | Na | ; | break 1 bond(s) | H shift -1 | Na,1,-1,Na,,"[0, 1, 2, 4, 5, 6, 7, 8, 9, 10, 11, 12, 13, 15, 16, 17, 18, 19, 20, 21]",0.42999999999999994
C4H14ClOSi2,"{'C': 4, 'Si': 2, 'O': 1, 'H': 14, 'Cl': 1}",169.02717082209,negative,-1,PDMS,Polydimethylsiloxane,adduct,break 1 bond(s) | H shift +1 | Cl | ; | break 1 bond(s) | H shift +1 | Cl,1,1,Cl,,"[0, 1, 2, 4, 5, 6, 7, 8, 9, 10, 11, 12, 13, 15, 16, 17, 18, 19, 20, 21]",0.42999999999999994
C4H14KOSi2,"{'C': 4, 'Si': 2, 'O': 1, 'H': 14, 'K': 1}",173.02202462649,positive,1,PDMS,Polydimethylsiloxane,adduct,break 1 bond(s) | H shift +1 | K | ; | break 1 bond(s) | H shift +1 | K,1,1,K,,"[0, 1, 2, 4, 5, 6, 7, 8, 9, 10, 11, 12, 13, 15, 16, 17, 18, 19, 20, 21]",0.42999999999999994
C4H14NaOSi2,"{'C': 4, 'Si': 2, 'O': 1, 'H': 14, 'Na': 1}",157.04808742209,positive,1,PDMS,Polydimethylsiloxane,adduct,break 1 bond(s) | H shift +1 | Na | ; | break 1 bond(s) | H shift +1 | Na,1,1,Na,,"[0, 1, 2, 4, 5, 6, 7, 8, 9, 10, 11, 12, 13, 15, 16, 17, 18, 19, 20, 21]",0.42999999999999994
C2H10O2Si2,"{'Si': 2, 'C': 2, 'O': 2, 'H': 10}",122.02193263074,neutral,0,PDMS,Polydimethylsiloxane,neutral_loss,break 1 bond(s) | H shift +2 | -CH3 | ; | break 1 bond(s) | H shift +2 | -CH3 | ; | break 1 bond(s) | H shift +2 | -CH3,1,2,,CH3,"[1, 2, 3, 4, 5, 6, 7, 11, 12, 13, 14, 15, 16, 17, 18, 19, 20, 21]",0.4
C2H10O2Si2,"{'Si': 2, 'O': 2, 'C': 2, 'H': 10}",122.02193263074,positive,1,PDMS,Polydimethylsiloxane,adduct,break 2 bond(s) | H shift +1 | H | ; | break 2 bond(s) | H shift +1 | H | ; | break 2 bond(s) | H shift +1 | H,2,1,H,,"[1, 3, 4, 5, 6, 7, 14, 15, 16, 17, 18, 19, 20, 21]",0.4
C2H13OSi2,"{'Si': 2, 'C': 2, 'O': 1, 'H': 13}",109.05049310786,neutral,0,PDMS,Polydimethylsiloxane,neutral_loss,break 1 bond(s) | H shift +2 | -CO | ; | break 1 bond(s) | H shift +2 | -CO | ; | break 1 bond(s) | H shift +2 | -CO,1,2,,CO,"[1, 2, 3, 4, 5, 6, 7, 11, 12, 13, 14, 15, 16, 17, 18, 19, 20, 21]",0.4
C2H13Si2,"{'Si': 2, 'C': 2, 'H': 13}",93.05557848829,neutral,0,PDMS,Polydimethylsiloxane,neutral_loss,break 1 bond(s) | H shift +2 | -CO2 | ; | break 1 bond(s) | H shift +2 | -CO2 | ; | break 1 bond(s) | H shift +2 | -CO2,1,2,,CO2,"[1, 2, 3, 4, 5, 6, 7, 11, 12, 13, 14, 15, 16, 17, 18, 19, 20, 21]",0.4
C2H3OSi,"{'C': 2, 'Si': 1, 'O': 1, 'H': 3}",70.99531625091001,neutral,0,PDMS,Polydimethylsiloxane,neutral_loss,break 1 bond(s) | H shift -2 | -H2 | ; | break 1 bond(s) | H shift -2 | -H2 | ; | break 2 bond(s) | H shift -2 | -H2,1,-2,,H2,"[0, 1, 2, 3, 8, 9, 10, 11, 12, 13, 14]",0.4
C2H3Si,"{'C': 2, 'Si': 1, 'H': 3}",55.000401631340004,neutral,0,PDMS,Polydimethylsiloxane,neutral_loss,break 1 bond(s) | H shift -2 | -H2O | ; | break 1 bond(s) | H shift -2 | -H2O | ; | break 2 bond(s) | H shift -2 | -H2O,1,-2,,H2O,"[0, 1, 2, 3, 8, 9, 10, 11, 12, 13, 14]",0.4
C2H4Si,"{'C': 2, 'Si': 1, 'H': 4}",56.00822666357,negative,-1,PDMS,Polydimethylsiloxane,adduct,break 2 bond(s) | H shift -1 | -H | ; | break 2 bond(s) | H shift -1 | -H,2,-1,-H,,"[0, 1, 2, 8, 9, 10, 11, 12, 13]",0.4
C2H5Si,"{'C': 2, 'Si': 1, 'H': 5}",57.0160516958,neutral,0,PDMS,Polydimethylsiloxane,h_shift,break 2 bond(s) | H shift -1 | ; | break 2 bond(s) | H shift -1,2,-1,,,"[0, 1, 2, 8, 9, 10, 11, 12, 13]",0.4
C2H6O2Si2,"{'Si': 2, 'C': 2, 'O': 2, 'H': 6}",117.99063250182,neutral,0,PDMS,Polydimethylsiloxane,neutral_loss,break 1 bond(s) | H shift -2 | -CH3 | ; | break 1 bond(s) | H shift -2 | -CH3 | ; | break 1 bond(s) | H shift -2 | -CH3,1,-2,,CH3,"[1, 2, 3, 4, 5, 6, 7, 11, 12, 13, 14, 15, 16, 17, 18, 19, 20, 21]",0.4
C2H6O2Si2,"{'Si': 2, 'O': 2, 'C': 2, 'H': 6}",117.99063250182,negative,-1,PDMS,Polydimethylsiloxane,adduct,break 2 bond(s) | H shift -1 | -H | ; | break 2 bond(s) | H shift -1 | -H | ; | break 2 bond(s) | H shift -1 | -H,2,-1,-H,,"[1, 3, 4, 5, 6, 7, 14, 15, 16, 17, 18, 19, 20, 21]",0.4
C2H6Si,"{'C': 2, 'Si': 1, 'H': 6}",58.023876728030004,positive,1,PDMS,Polydimethylsiloxane,adduct,break 2 bond(s) | H shift -1 | H | ; | break 2 bond(s) | H shift -1 | H,2,-1,H,,"[0, 1, 2, 8, 9, 10, 11, 12, 13]",0.4
C2H6Si,"{'C': 2, 'Si': 1, 'H': 6}",58.023876728030004,negative,-1,PDMS,Polydimethylsiloxane,adduct,break 2 bond(s) | H shift +1 | -H | ; | break 2 bond(s) | H shift +1 | -H,2,1,-H,,"[0, 1, 2, 8, 9, 10, 11, 12, 13]",0.4
C2H7O2Si2,"{'Si': 2, 'O': 2, 'C': 2, 'H': 7}",118.99845753405,neutral,0,PDMS,Polydimethylsiloxane,h_shift,break 2 bond(s) | H shift -1 | ; | break 2 bond(s) | H shift -1 | ; | break 2 bond(s) | H shift -1 | ; | break 2 bond(s) | H shift -1,2,-1,,,"[1, 3, 4, 5, 6, 7, 14, 15, 16, 17, 18, 19, 20, 21]",0.4
C2H7OSi,"{'C': 2, 'Si': 1, 'O': 1, 'H': 7}",75.02661637983,neutral,0,PDMS,Polydimethylsiloxane,neutral_loss,break 1 bond(s) | H shift +2 | -H2 | ; | break 1 bond(s) | H shift +2 | -H2 | ; | break 2 bond(s) | H shift +2 | -H2,1,2,,H2,"[0, 1, 2, 3, 8, 9, 10, 11, 12, 13, 14]",0.4
C2H7Si,"{'C': 2, 'Si': 1, 'H': 7}",59.03170176026,neutral,0,PDMS,Polydimethylsiloxane,h_shift,break 2 bond(s) | H shift +1 | ; | break 2 bond(s) | H shift +1,2,1,,,"[0, 1, 2, 8, 9, 10, 11, 12, 13]",0.4
C2H8O2Si2,"{'Si': 2, 'O': 2, 'C': 2, 'H': 8}",120.00628256628,positive,1,PDMS,Polydimethylsiloxane,adduct,break 2 bond(s) | H shift -1 | H | ; | break 2 bond(s) | H shift -1 | H | ; | break 2 bond(s) | H shift -1 | H,2,-1,H,,"[1, 3, 4, 5, 6, 7, 14, 15, 16, 17, 18, 19, 20, 21]",0.4
C2H8O2Si2,"{'Si': 2, 'O': 2, 'C': 2, 'H': 8}",120.00628256628,negative,-1,PDMS,Polydimethylsiloxane,adduct,break 2 bond(s) | H shift +1 | -H | ; | break 2 bond(s) | H shift +1 | -H | ; | break 2 bond(s) | H shift +1 | -H,2,1,-H,,"[1, 3, 4, 5, 6, 7, 14, 15, 16, 17, 18, 19, 20, 21]",0.4
C2H8Si,"{'C': 2, 'Si': 1, 'H': 8}",60.03952679249,neutral,0,PDMS,Polydimethylsiloxane,neutral_loss,break 1 bond(s) | H shift +2 | -OH | ; | break 1 bond(s) | H shift +2 | -OH | ; | break 2 bond(s) | H shift +2 | -OH,1,2,,OH,"[0, 1, 2, 3, 8, 9, 10, 11, 12, 13, 14]",0.4
C2H8Si,"{'C': 2, 'Si': 1, 'H': 8}",60.03952679249,positive,1,PDMS,Polydimethylsiloxane,adduct,break 2 bond(s) | H shift +1 | H | ; | break 2 bond(s) | H shift +1 | H,2,1,H,,"[0, 1, 2, 8, 9, 10, 11, 12, 13]",0.4
C2H9O2Si2,"{'Si': 2, 'O': 2, 'C': 2, 'H': 9}",121.01410759851001,neutral,0,PDMS,Polydimethylsiloxane,h_shift,break 2 bond(s) | H shift +1 | ; | break 2 bond(s) | H shift +1 | ; | break 2 bond(s) | H shift +1 | ; | break 2 bond(s) | H shift +1,2,1,,,"[1, 3, 4, 5, 6, 7, 14, 15, 16, 17, 18, 19, 20, 21]",0.4
C2H9OSi2,"{'Si': 2, 'C': 2, 'O': 1, 'H': 9}",105.01919297894,neutral,0,PDMS,Polydimethylsiloxane,neutral_loss,break 1 bond(s) | H shift -2 | -CO | ; | break 1 bond(s) | H shift -2 | -CO | ; | break 1 bond(s) | H shift -2 | -CO,1,-2,,CO,"[1, 2, 3, 4, 5, 6, 7, 11, 12, 13, 14, 15, 16, 17, 18, 19, 20, 21]",0.4
C2H9Si2,"{'Si': 2, 'C': 2, 'H': 9}",89.02427835937,neutral,0,PDMS,Polydimethylsiloxane,neutral_loss,break 1 bond(s) | H shift -2 | -CO2 | ; | break 1 bond(s) | H shift -2 | -CO2 | ; | break 1 bond(s) | H shift -2 | -CO2,1,-2,,CO2,"[1, 2, 3, 4, 5, 6, 7, 11, 12, 13, 14, 15, 16, 17, 18, 19, 20, 21]",0.4
C3H10OSi2,"{'Si': 2, 'C': 3, 'O': 1, 'H': 10}",118.02701801117,positive,1,PDMS,Polydimethylsiloxane,adduct,break 2 bond(s) | H shift -1 | H | ; | break 2 bond(s) | H shift -1 | H | ; | break 2 bond(s) | H shift -1 | H,2,-1,H,,"[1, 2, 4, 5, 6, 7, 11, 12, 13, 15, 16, 17, 18, 19, 20, 21]",0.4
C3H10OSi2,"{'Si': 2, 'C': 3, 'O': 1, 'H': 10}",118.02701801117,negative,-1,PDMS,Polydimethylsiloxane,adduct,break 2 bond(s) | H shift +1 | -H | ; | break 2 bond(s) | H shift +1 | -H | ; | break 2 bond(s) | H shift +1 | -H,2,1,-H,,"[1, 2, 4, 5, 6, 7, 11, 12, 13, 15, 16, 17, 18, 19, 20, 21]",0.4
C3H11OSi2,"{'Si': 2, 'C': 3, 'O': 1, 'H': 11}",119.0348430434,neutral,0,PDMS,Polydimethylsiloxane,h_shift,break 2 bond(s) | H shift +1 | ; | break 2 bond(s) | H shift +1 | ; | break 2 bond(s) | H shift +1 | ; | break 2 bond(s) | H shift +1,2,1,,,"[1, 2, 4, 5, 6, 7, 11, 12, 13, 15, 16, 17, 18, 19, 20, 21]",0.4
C3H11Si2,"{'C': 3, 'Si': 2, 'H': 11}",103.03992842383,neutral,0,PDMS,Polydimethylsiloxane,neutral_loss,break 1 bond(s) | H shift -2 | -CO | ; | break 1 bond(s) | H shift -2 | -CO | ; | break 2 bond(s) | H shift +2 | -OH,1,-2,,CO,"[0, 1, 2, 4, 5, 6, 7, 8, 9, 10, 11, 12, 13, 15, 16, 17, 18, 19, 20, 21]",0.4
C3H12OSi2,"{'Si': 2, 'C': 3, 'O': 1, 'H': 12}",120.04266807563,positive,1,PDMS,Polydimethylsiloxane,adduct,break 2 bond(s) | H shift +1 | H | ; | break 2 bond(s) | H shift +1 | H | ; | break 2 bond(s) | H shift +1 | H,2,1,H,,"[1, 2, 4, 5, 6, 7, 11, 12, 13, 15, 16, 17, 18, 19, 20, 21]",0.4
C3H7O2Si2,"{'Si': 2, 'C': 3, 'O': 2, 'H': 7}",130.99845753405,neutral,0,PDMS,Polydimethylsiloxane,neutral_loss,break 1 bond(s) | H shift -2 | -H2 | ; | break 1 bond(s) | H shift -2 | -H2 | ; | break 1 bond(s) | H shift -2 | -H2,1,-2,,H2,"[1, 2, 3, 4, 5, 6, 7, 11, 12, 13, 14, 15, 16, 17, 18, 19, 20, 21]",0.4
C3H7OSi2,"{'Si': 2, 'C': 3, 'O': 1, 'H': 7}",115.00354291448001,neutral,0,PDMS,Polydimethylsiloxane,neutral_loss,break 1 bond(s) | H shift -2 | -H2O | ; | break 1 bond(s) | H shift -2 | -H2O | ; | break 1 bond(s) | H shift -2 | -H2O,1,-2,,H2O,"[1, 2, 3, 4, 5, 6, 7, 11, 12, 13, 14, 15, 16, 17, 18, 19, 20, 21]",0.4
C3H8OSi2,"{'Si': 2, 'C': 3, 'O': 1, 'H': 8}",116.01136794671001,negative,-1,PDMS,Polydimethylsiloxane,adduct,break 2 bond(s) | H shift -1 | -H | ; | break 2 bond(s) | H shift -1 | -H | ; | break 2 bond(s) | H shift -1 | -H,2,-1,-H,,"[1, 2, 4, 5, 6, 7, 11, 12, 13, 15, 16, 17, 18, 19, 20, 21]",0.4
C3H9OSi2,"{'Si': 2, 'C': 3, 'O': 1, 'H': 9}",117.01919297894,neutral,0,PDMS,Polydimethylsiloxane,h_shift,break 2 bond(s) | H shift -1 | ; | break 2 bond(s) | H shift -1 | ; | break 2 bond(s) | H shift -1 | ; | break 2 bond(s) | H shift -1,2,-1,,,"[1, 2, 4, 5, 6, 7, 11, 12, 13, 15, 16, 17, 18, 19, 20, 21]",0.4
C4H10Si2,"{'C': 4, 'Si': 2, 'H': 10}",114.0321033916,negative,-1,PDMS,Polydimethylsiloxane,adduct,break 2 bond(s) | H shift -1 | -H,2,-1,-H,,"[0, 1, 2, 4, 5, 6, 8, 9, 10, 11, 12, 13, 15, 16, 17, 18, 19, 20]",0.4
C4H11Si2,"{'C': 4, 'Si': 2, 'H': 11}",115.03992842383,neutral,0,PDMS,Polydimethylsiloxane,h_shift,break 2 bond(s) | H shift -1,2,-1,,,"[0, 1, 2, 4, 5, 6, 8, 9, 10, 11, 12, 13, 15, 16, 17, 18, 19, 20]",0.4
C4H12Si2,"{'C': 4, 'Si': 2, 'H': 12}",116.04775345606001,positive,1,PDMS,Polydimethylsiloxane,adduct,break 2 bond(s) | H shift -1 | H,2,-1,H,,"[0, 1, 2, 4, 5, 6, 8, 9, 10, 11, 12, 13, 15, 16, 17, 18, 19, 20]",0.4
C4H12Si2,"{'C': 4, 'Si': 2, 'H': 12}",116.04775345606001,negative,-1,PDMS,Polydimethylsiloxane,adduct,break 2 bond(s) | H shift +1 | -H,2,1,-H,,"[0, 1, 2, 4, 5, 6, 8, 9, 10, 11, 12, 13, 15, 16, 17, 18, 19, 20]",0.4
C4H13Si2,"{'C': 4, 'Si': 2, 'H': 13}",117.05557848829,neutral,0,PDMS,Polydimethylsiloxane,h_shift,break 2 bond(s) | H shift +1,2,1,,,"[0, 1, 2, 4, 5, 6, 8, 9, 10, 11, 12, 13, 15, 16, 17, 18, 19, 20]",0.4
C4H14Si2,"{'C': 4, 'Si': 2, 'H': 14}",118.06340352052,neutral,0,PDMS,Polydimethylsiloxane,neutral_loss,break 1 bond(s) | H shift +2 | -OH | ; | break 1 bond(s) | H shift +2 | -OH,1,2,,OH,"[0, 1, 2, 4, 5, 6, 7, 8, 9, 10, 11, 12, 13, 15, 16, 17, 18, 19, 20, 21]",0.4
C4H14Si2,"{'C': 4, 'Si': 2, 'H': 14}",118.06340352052,positive,1,PDMS,Polydimethylsiloxane,adduct,break 2 bond(s) | H shift +1 | H,2,1,H,,"[0, 1, 2, 4, 5, 6, 8, 9, 10, 11, 12, 13, 15, 16, 17, 18, 19, 20]",0.4
C4H9OSi2,"{'C': 4, 'Si': 2, 'O': 1, 'H': 9}",129.01919297894,neutral,0,PDMS,Polydimethylsiloxane,neutral_loss,break 1 bond(s) | H shift -2 | -H2 | ; | break 1 bond(s) | H shift -2 | -H2,1,-2,,H2,"[0, 1, 2, 4, 5, 6, 7, 8, 9, 10, 11, 12, 13, 15, 16, 17, 18, 19, 20, 21]",0.4
C4H9Si2,"{'C': 4, 'Si': 2, 'H': 9}",113.02427835937,neutral,0,PDMS,Polydimethylsiloxane,neutral_loss,break 1 bond(s) | H shift -2 | -H2O | ; | break 1 bond(s) | H shift -2 | -H2O | ; | break 2 bond(s) | H shift -1 | -H2,1,-2,,H2O,"[0, 1, 2, 4, 5, 6, 7, 8, 9, 10, 11, 12, 13, 15, 16, 17, 18, 19, 20, 21]",0.4
CH2OSi,"{'C': 1, 'Si': 1, 'O': 1, 'H': 2}",57.98749121868,neutral,0,PDMS,Polydimethylsiloxane,neutral_loss,break 1 bond(s) | H shift -2 | -CH3 | ; | break 1 bond(s) | H shift -2 | -CH3 | ; | break 2 bond(s) | -H2,1,-2,,CH3,"[0, 1, 2, 3, 8, 9, 10, 11, 12, 13, 14]",0.4
CH2OSi,"{'Si': 1, 'C': 1, 'O': 1, 'H': 2}",57.98749121868,negative,-1,PDMS,Polydimethylsiloxane,adduct,break 2 bond(s) | H shift -1 | -H | ; | break 2 bond(s) | H shift -1 | -H | ; | break 2 bond(s) | H shift -1 | -H,2,-1,-H,,"[1, 2, 3, 11, 12, 13, 14]",0.4
CH3OSi,"{'Si': 1, 'C': 1, 'O': 1, 'H': 3}",58.99531625091,neutral,0,PDMS,Polydimethylsiloxane,h_shift,break 2 bond(s) | H shift -1 | ; | break 2 bond(s) | H shift -1 | ; | break 2 bond(s) | H shift -1 | ; | break 2 bond(s) | H shift -1,2,-1,,,"[1, 2, 3, 11, 12, 13, 14]",0.4
CH4OSi,"{'Si': 1, 'C': 1, 'O': 1, 'H': 4}",60.00314128314,positive,1,PDMS,Polydimethylsiloxane,adduct,break 2 bond(s) | H shift -1 | H | ; | break 2 bond(s) | H shift -1 | H | ; | break 2 bond(s) | H shift -1 | H,2,-1,H,,"[1, 2, 3, 11, 12, 13, 14]",0.4
CH4OSi,"{'Si': 1, 'C': 1, 'O': 1, 'H': 4}",60.00314128314,negative,-1,PDMS,Polydimethylsiloxane,adduct,break 2 bond(s) | H shift +1 | -H | ; | break 2 bond(s) | H shift +1 | -H | ; | break 2 bond(s) | H shift +1 | -H,2,1,-H,,"[1, 2, 3, 11, 12, 13, 14]",0.4
CH5OSi,"{'Si': 1, 'C': 1, 'O': 1, 'H': 5}",61.01096631537,neutral,0,PDMS,Polydimethylsiloxane,h_shift,break 2 bond(s) | H shift +1 | ; | break 2 bond(s) | H shift +1 | ; | break 2 bond(s) | H shift +1 | ; | break 2 bond(s) | H shift +1,2,1,,,"[1, 2, 3, 11, 12, 13, 14]",0.4
CH5Si,"{'C': 1, 'Si': 1, 'H': 5}",45.0160516958,neutral,0,PDMS,Polydimethylsiloxane,neutral_loss,break 1 bond(s) | H shift -2 | -CO | ; | break 1 bond(s) | H shift -2 | -CO | ; | break 2 bond(s) | H shift +2 | -OH,1,-2,,CO,"[0, 1, 2, 3, 8, 9, 10, 11, 12, 13, 14]",0.4
CH6OSi,"{'C': 1, 'Si': 1, 'O': 1, 'H': 6}",62.0187913476,neutral,0,PDMS,Polydimethylsiloxane,neutral_loss,break 1 bond(s) | H shift +2 | -CH3 | ; | break 1 bond(s) | H shift +2 | -CH3 | ; | break 2 bond(s) | H shift +2 | -CH3,1,2,,CH3,"[0, 1, 2, 3, 8, 9, 10, 11, 12, 13, 14]",0.4
CH6OSi,"{'Si': 1, 'C': 1, 'O': 1, 'H': 6}",62.0187913476,positive,1,PDMS,Polydimethylsiloxane,adduct,break 2 bond(s) | H shift +1 | H | ; | break 2 bond(s) | H shift +1 | H | ; | break 2 bond(s) | H shift +1 | H,2,1,H,,"[1, 2, 3, 11, 12, 13, 14]",0.4
CH9Si,"{'C': 1, 'Si': 1, 'H': 9}",49.04735182472,neutral,0,PDMS,Polydimethylsiloxane,neutral_loss,break 1 bond(s) | H shift +2 | -CO | ; | break 1 bond(s) | H shift +2 | -CO | ; | break 2 bond(s) | H shift +2 | -CO,1,2,,CO,"[0, 1, 2, 3, 8, 9, 10, 11, 12, 13, 14]",0.4
C2H10O2Si,"{'C': 2, 'Si': 1, 'O': 2, 'H': 10}",94.04500609609,negative,-1,PDMS,Polydimethylsiloxane,adduct,break 1 bond(s) | H shift +2 | OH | ; | break 1 bond(s) | H shift +2 | OH | ; | break 2 bond(s) | H shift +2 | OH,1,2,OH,,"[0, 1, 2, 3, 8, 9, 10, 11, 12, 13, 14]",0.38
C2H5ClOSi,"{'C': 2, 'Si': 1, 'O': 1, 'H': 5, 'Cl': 1}",107.97981899737,negative,-1,PDMS,Polydimethylsiloxane,adduct,break 1 bond(s) | H shift -2 | Cl | ; | break 1 bond(s) | H shift -2 | Cl | ; | break 2 bond(s) | H shift -2 | Cl,1,-2,Cl,,"[0, 1, 2, 3, 8, 9, 10, 11, 12, 13, 14]",0.38
C2H5KOSi,"{'C': 2, 'Si': 1, 'O': 1, 'H': 5, 'K': 1}",111.97467280177,positive,1,PDMS,Polydimethylsiloxane,adduct,break 1 bond(s) | H shift -2 | K | ; | break 1 bond(s) | H shift -2 | K | ; | break 2 bond(s) | H shift -2 | K,1,-2,K,,"[0, 1, 2, 3, 8, 9, 10, 11, 12, 13, 14]",0.38
C2H5NaOSi,"{'C': 2, 'Si': 1, 'O': 1, 'H': 5, 'Na': 1}",96.00073559737001,positive,1,PDMS,Polydimethylsiloxane,adduct,break 1 bond(s) | H shift -2 | Na | ; | break 1 bond(s) | H shift -2 | Na | ; | break 2 bond(s) | H shift -2 | Na,1,-2,Na,,"[0, 1, 2, 3, 8, 9, 10, 11, 12, 13, 14]",0.38
C2H5O2Si,"{'C': 2, 'Si': 1, 'O': 2, 'H': 5}",89.00588093494,negative,-1,PDMS,Polydimethylsiloxane,adduct,break 1 bond(s) | H shift -2 | O | ; | break 1 bond(s) | H shift -2 | O | ; | break 2 bond(s) | H shift -2 | O,1,-2,O,,"[0, 1, 2, 3, 8, 9, 10, 11, 12, 13, 14]",0.38
C2H9ClOSi,"{'C': 2, 'Si': 1, 'O': 1, 'H': 9, 'Cl': 1}",112.01111912629,negative,-1,PDMS,Polydimethylsiloxane,adduct,break 1 bond(s) | H shift +2 | Cl | ; | break 1 bond(s) | H shift +2 | Cl | ; | break 2 bond(s) | H shift +2 | Cl,1,2,Cl,,"[0, 1, 2, 3, 8, 9, 10, 11, 12, 13, 14]",0.38
C2H9KOSi,"{'C': 2, 'Si': 1, 'O': 1, 'H': 9, 'K': 1}",116.00597293069,positive,1,PDMS,Polydimethylsiloxane,adduct,break 1 bond(s) | H shift +2 | K | ; | break 1 bond(s) | H shift +2 | K | ; | break 2 bond(s) | H shift +2 | K,1,2,K,,"[0, 1, 2, 3, 8, 9, 10, 11, 12, 13, 14]",0.38
C2H9NaOSi,"{'C': 2, 'Si': 1, 'O': 1, 'H': 9, 'Na': 1}",100.03203572629,positive,1,PDMS,Polydimethylsiloxane,adduct,break 1 bond(s) | H shift +2 | Na | ; | break 1 bond(s) | H shift +2 | Na | ; | break 2 bond(s) | H shift +2 | Na,1,2,Na,,"[0, 1, 2, 3, 8, 9, 10, 11, 12, 13, 14]",0.38
C3H13ClO2Si2,"{'Si': 2, 'C': 3, 'O': 2, 'H': 13, 'Cl': 1}",172.01426040943,negative,-1,PDMS,Polydimethylsiloxane,adduct,break 1 bond(s) | H shift +2 | Cl | ; | break 1 bond(s) | H shift +2 | Cl | ; | break 1 bond(s) | H shift +2 | Cl,1,2,Cl,,"[1, 2, 3, 4, 5, 6, 7, 11, 12, 13, 14, 15, 16, 17, 18, 19, 20, 21]",0.38
C3H13KO2Si2,"{'Si': 2, 'C': 3, 'O': 2, 'H': 13, 'K': 1}",176.00911421383,positive,1,PDMS,Polydimethylsiloxane,adduct,break 1 bond(s) | H shift +2 | K | ; | break 1 bond(s) | H shift +2 | K | ; | break 1 bond(s) | H shift +2 | K,1,2,K,,"[1, 2, 3, 4, 5, 6, 7, 11, 12, 13, 14, 15, 16, 17, 18, 19, 20, 21]",0.38
C3H13NaO2Si2,"{'Si': 2, 'C': 3, 'O': 2, 'H': 13, 'Na': 1}",160.03517700943002,positive,1,PDMS,Polydimethylsiloxane,adduct,break 1 bond(s) | H shift +2 | Na | ; | break 1 bond(s) | H shift +2 | Na | ; | break 1 bond(s) | H shift +2 | Na,1,2,Na,,"[1, 2, 3, 4, 5, 6, 7, 11, 12, 13, 14, 15, 16, 17, 18, 19, 20, 21]",0.38
C3H14O3Si2,"{'Si': 2, 'C': 3, 'O': 3, 'H': 14}",154.04814737923002,negative,-1,PDMS,Polydimethylsiloxane,adduct,break 1 bond(s) | H shift +2 | OH | ; | break 1 bond(s) | H shift +2 | OH | ; | break 1 bond(s) | H shift +2 | OH,1,2,OH,,"[1, 2, 3, 4, 5, 6, 7, 11, 12, 13, 14, 15, 16, 17, 18, 19, 20, 21]",0.38
C3H9ClO2Si2,"{'Si': 2, 'C': 3, 'O': 2, 'H': 9, 'Cl': 1}",167.98296028051,negative,-1,PDMS,Polydimethylsiloxane,adduct,break 1 bond(s) | H shift -2 | Cl | ; | break 1 bond(s) | H shift -2 | Cl | ; | break 1 bond(s) | H shift -2 | Cl,1,-2,Cl,,"[1, 2, 3, 4, 5, 6, 7, 11, 12, 13, 14, 15, 16, 17, 18, 19, 20, 21]",0.38
C3H9KO2Si2,"{'Si': 2, 'C': 3, 'O': 2, 'H': 9, 'K': 1}",171.97781408491,positive,1,PDMS,Polydimethylsiloxane,adduct,break 1 bond(s) | H shift -2 | K | ; | break 1 bond(s) | H shift -2 | K | ; | break 1 bond(s) | H shift -2 | K,1,-2,K,,"[1, 2, 3, 4, 5, 6, 7, 11, 12, 13, 14, 15, 16, 17, 18, 19, 20, 21]",0.38
C3H9NaO2Si2,"{'Si': 2, 'C': 3, 'O': 2, 'H': 9, 'Na': 1}",156.00387688051,positive,1,PDMS,Polydimethylsiloxane,adduct,break 1 bond(s) | H shift -2 | Na | ; | break 1 bond(s) | H shift -2 | Na | ; | break 1 bond(s) | H shift -2 | Na,1,-2,Na,,"[1, 2, 3, 4, 5, 6, 7, 11, 12, 13, 14, 15, 16, 17, 18, 19, 20, 21]",0.38
C3H9O3Si2,"{'Si': 2, 'C': 3, 'O': 3, 'H': 9}",149.00902221808002,negative,-1,PDMS,Polydimethylsiloxane,adduct,break 1 bond(s) | H shift -2 | O | ; | break 1 bond(s) | H shift -2 | O | ; | break 1 bond(s) | H shift -2 | O,1,-2,O,,"[1, 2, 3, 4, 5, 6, 7, 11, 12, 13, 14, 15, 16, 17, 18, 19, 20, 21]",0.38
C4H11ClOSi2,"{'C': 4, 'Si': 2, 'O': 1, 'H': 11, 'Cl': 1}",166.0036957254,negative,-1,PDMS,Polydimethylsiloxane,adduct,break 1 bond(s) | H shift -2 | Cl | ; | break 1 bond(s) | H shift -2 | Cl,1,-2,Cl,,"[0, 1, 2, 4, 5, 6, 7, 8, 9, 10, 11, 12, 13, 15, 16, 17, 18, 19, 20, 21]",0.38
C4H11KOSi2,"{'C': 4, 'Si': 2, 'O': 1, 'H': 11, 'K': 1}",169.99854952980002,positive,1,PDMS,Polydimethylsiloxane,adduct,break 1 bond(s) | H shift -2 | K | ; | break 1 bond(s) | H shift -2 | K,1,-2,K,,"[0, 1, 2, 4, 5, 6, 7, 8, 9, 10, 11, 12, 13, 15, 16, 17, 18, 19, 20, 21]",0.38
C4H11NaOSi2,"{'C': 4, 'Si': 2, 'O': 1, 'H': 11, 'Na': 1}",154.0246123254,positive,1,PDMS,Polydimethylsiloxane,adduct,break 1 bond(s) | H shift -2 | Na | ; | break 1 bond(s) | H shift -2 | Na,1,-2,Na,,"[0, 1, 2, 4, 5, 6, 7, 8, 9, 10, 11, 12, 13, 15, 16, 17, 18, 19, 20, 21]",0.38
C4H15ClOSi2,"{'C': 4, 'Si': 2, 'O': 1, 'H': 15, 'Cl': 1}",170.03499585432,negative,-1,PDMS,Polydimethylsiloxane,adduct,break 1 bond(s) | H shift +2 | Cl | ; | break 1 bond(s) | H shift +2 | Cl,1,2,Cl,,"[0, 1, 2, 4, 5, 6, 7, 8, 9, 10, 11, 12, 13, 15, 16, 17, 18, 19, 20, 21]",0.38
C4H15KOSi2,"{'C': 4, 'Si': 2, 'O': 1, 'H': 15, 'K': 1}",174.02984965872,positive,1,PDMS,Polydimethylsiloxane,adduct,break 1 bond(s) | H shift +2 | K | ; | break 1 bond(s) | H shift +2 | K,1,2,K,,"[0, 1, 2, 4, 5, 6, 7, 8, 9, 10, 11, 12, 13, 15, 16, 17, 18, 19, 20, 21]",0.38
C4H15NaOSi2,"{'C': 4, 'Si': 2, 'O': 1, 'H': 15, 'Na': 1}",158.05591245432,positive,1,PDMS,Polydimethylsiloxane,adduct,break 1 bond(s) | H shift +2 | Na | ; | break 1 bond(s) | H shift +2 | Na,1,2,Na,,"[0, 1, 2, 4, 5, 6, 7, 8, 9, 10, 11, 12, 13, 15, 16, 17, 18, 19, 20, 21]",0.38
C4H16O2Si2,"{'C': 4, 'Si': 2, 'O': 2, 'H': 16}",152.06888282412,negative,-1,PDMS,Polydimethylsiloxane,adduct,break 1 bond(s) | H shift +2 | OH | ; | break 1 bond(s) | H shift +2 | OH,1,2,OH,,"[0, 1, 2, 4, 5, 6, 7, 8, 9, 10, 11, 12, 13, 15, 16, 17, 18, 19, 20, 21]",0.38
C2H10O2Si2,"{'Si': 2, 'O': 2, 'C': 2, 'H': 10}",122.02193263074,neutral,0,PDMS,Polydimethylsiloxane,h_shift,break 2 bond(s) | H shift +2 | ; | break 2 bond(s) | H shift +2 | ; | break 2 bond(s) | H shift +2 | ; | break 2 bond(s) | H shift +2,2,2,,,"[1, 3, 4, 5, 6, 7, 14, 15, 16, 17, 18, 19, 20, 21]",0.35
C2H11O2Si2,"{'Si': 2, 'O': 2, 'C': 2, 'H': 11}",123.02975766297,positive,1,PDMS,Polydimethylsiloxane,adduct,break 2 bond(s) | H shift +2 | H | ; | break 2 bond(s) | H shift +2 | H | ; | break 2 bond(s) | H shift +2 | H,2,2,H,,"[1, 3, 4, 5, 6, 7, 14, 15, 16, 17, 18, 19, 20, 21]",0.35
C2H3Si,"{'C': 2, 'Si': 1, 'H': 3}",55.000401631340004,negative,-1,PDMS,Polydimethylsiloxane,adduct,break 2 bond(s) | H shift -2 | -H | ; | break 2 bond(s) | H shift -2 | -H,2,-2,-H,,"[0, 1, 2, 8, 9, 10, 11, 12, 13]",0.35
C2H4Si,"{'C': 2, 'Si': 1, 'H': 4}",56.00822666357,neutral,0,PDMS,Polydimethylsiloxane,h_shift,break 2 bond(s) | H shift -2 | ; | break 2 bond(s) | H shift -2,2,-2,,,"[0, 1, 2, 8, 9, 10, 11, 12, 13]",0.35
C2H5O2Si2,"{'Si': 2, 'O': 2, 'C': 2, 'H': 5}",116.98280746959,negative,-1,PDMS,Polydimethylsiloxane,adduct,break 2 bond(s) | H shift -2 | -H | ; | break 2 bond(s) | H shift -2 | -H | ; | break 2 bond(s) | H shift -2 | -H,2,-2,-H,,"[1, 3, 4, 5, 6, 7, 14, 15, 16, 17, 18, 19, 20, 21]",0.35
C2H5Si,"{'C': 2, 'Si': 1, 'H': 5}",57.0160516958,positive,1,PDMS,Polydimethylsiloxane,adduct,break 2 bond(s) | H shift -2 | H | ; | break 2 bond(s) | H shift -2 | H,2,-2,H,,"[0, 1, 2, 8, 9, 10, 11, 12, 13]",0.35
C2H6O2Si2,"{'Si': 2, 'O': 2, 'C': 2, 'H': 6}",117.99063250182,neutral,0,PDMS,Polydimethylsiloxane,h_shift,break 2 bond(s) | H shift -2 | ; | break 2 bond(s) | H shift -2 | ; | break 2 bond(s) | H shift -2 | ; | break 2 bond(s) | H shift -2,2,-2,,,"[1, 3, 4, 5, 6, 7, 14, 15, 16, 17, 18, 19, 20, 21]",0.35
C2H6OSi2,"{'Si': 2, 'O': 1, 'C': 2, 'H': 6}",101.99571788225,neutral,0,PDMS,Polydimethylsiloxane,neutral_loss,break 2 bond(s) | -H2O | ; | break 2 bond(s) | H shift -1 | -CH3 | ; | break 2 bond(s) | H shift -1 | -OH,2,0,,H2O,"[1, 3, 4, 5, 6, 7, 14, 15, 16, 17, 18, 19, 20, 21]",0.35
C2H7O2Si2,"{'Si': 2, 'O': 2, 'C': 2, 'H': 7}",118.99845753405,positive,1,PDMS,Polydimethylsiloxane,adduct,break 2 bond(s) | H shift -2 | H | ; | break 2 bond(s) | H shift -2 | H | ; | break 2 bond(s) | H shift -2 | H,2,-2,H,,"[1, 3, 4, 5, 6, 7, 14, 15, 16, 17, 18, 19, 20, 21]",0.35
C2H7OSi2,"{'Si': 2, 'O': 1, 'C': 2, 'H': 7}",103.00354291448001,neutral,0,PDMS,Polydimethylsiloxane,neutral_loss,break 2 bond(s) | -OH | ; | break 2 bond(s) | H shift +1 | -H2O | ; | break 2 bond(s) | -CH3,2,0,,OH,"[1, 3, 4, 5, 6, 7, 14, 15, 16, 17, 18, 19, 20, 21]",0.35
C2H7Si,"{'C': 2, 'Si': 1, 'H': 7}",59.03170176026,negative,-1,PDMS,Polydimethylsiloxane,adduct,break 2 bond(s) | H shift +2 | -H | ; | break 2 bond(s) | H shift +2 | -H,2,2,-H,,"[0, 1, 2, 8, 9, 10, 11, 12, 13]",0.35
C2H8Si,"{'C': 2, 'Si': 1, 'H': 8}",60.03952679249,neutral,0,PDMS,Polydimethylsiloxane,h_shift,break 2 bond(s) | H shift +2 | ; | break 2 bond(s) | H shift +2,2,2,,,"[0, 1, 2, 8, 9, 10, 11, 12, 13]",0.35
C2H9O2Si2,"{'Si': 2, 'O': 2, 'C': 2, 'H': 9}",121.01410759851001,negative,-1,PDMS,Polydimethylsiloxane,adduct,break 2 bond(s) | H shift +2 | -H | ; | break 2 bond(s) | H shift +2 | -H | ; | break 2 bond(s) | H shift +2 | -H,2,2,-H,,"[1, 3, 4, 5, 6, 7, 14, 15, 16, 17, 18, 19, 20, 21]",0.35
C2H9Si,"{'C': 2, 'Si': 1, 'H': 9}",61.04735182472,positive,1,PDMS,Polydimethylsiloxane,adduct,break 2 bond(s) | H shift +2 | H | ; | break 2 bond(s) | H shift +2 | H,2,2,H,,"[0, 1, 2, 8, 9, 10, 11, 12, 13]",0.35
C3H11OSi2,"{'Si': 2, 'C': 3, 'O': 1, 'H': 11}",119.0348430434,negative,-1,PDMS,Polydimethylsiloxane,adduct,break 2 bond(s) | H shift +2 | -H | ; | break 2 bond(s) | H shift +2 | -H | ; | break 2 bond(s) | H shift +2 | -H,2,2,-H,,"[1, 2, 4, 5, 6, 7, 11, 12, 13, 15, 16, 17, 18, 19, 20, 21]",0.35
C3H12OSi2,"{'Si': 2, 'C': 3, 'O': 1, 'H': 12}",120.04266807563,neutral,0,PDMS,Polydimethylsiloxane,h_shift,break 2 bond(s) | H shift +2 | ; | break 2 bond(s) | H shift +2 | ; | break 2 bond(s) | H shift +2 | ; | break 2 bond(s) | H shift +2,2,2,,,"[1, 2, 4, 5, 6, 7, 11, 12, 13, 15, 16, 17, 18, 19, 20, 21]",0.35
C3H13OSi2,"{'Si': 2, 'C': 3, 'O': 1, 'H': 13}",121.05049310786,positive,1,PDMS,Polydimethylsiloxane,adduct,break 2 bond(s) | H shift +2 | H | ; | break 2 bond(s) | H shift +2 | H | ; | break 2 bond(s) | H shift +2 | H,2,2,H,,"[1, 2, 4, 5, 6, 7, 11, 12, 13, 15, 16, 17, 18, 19, 20, 21]",0.35
C3H7OSi2,"{'Si': 2, 'C': 3, 'O': 1, 'H': 7}",115.00354291448001,negative,-1,PDMS,Polydimethylsiloxane,adduct,break 2 bond(s) | H shift -2 | -H | ; | break 2 bond(s) | H shift -2 | -H | ; | break 2 bond(s) | H shift -2 | -H,2,-2,-H,,"[1, 2, 4, 5, 6, 7, 11, 12, 13, 15, 16, 17, 18, 19, 20, 21]",0.35
C3H8OSi2,"{'Si': 2, 'C': 3, 'O': 1, 'H': 8}",116.01136794671001,neutral,0,PDMS,Polydimethylsiloxane,h_shift,break 2 bond(s) | H shift -2 | ; | break 2 bond(s) | H shift -2 | ; | break 2 bond(s) | H shift -2 | ; | break 2 bond(s) | H shift -2,2,-2,,,"[1, 2, 4, 5, 6, 7, 11, 12, 13, 15, 16, 17, 18, 19, 20, 21]",0.35
C3H8Si2,"{'Si': 2, 'C': 3, 'H': 8}",100.01645332714,neutral,0,PDMS,Polydimethylsiloxane,neutral_loss,break 2 bond(s) | -H2O | ; | break 2 bond(s) | H shift -1 | -OH | ; | break 2 bond(s) | -H2O,2,0,,H2O,"[1, 2, 4, 5, 6, 7, 11, 12, 13, 15, 16, 17, 18, 19, 20, 21]",0.35
C3H9OSi2,"{'Si': 2, 'C': 3, 'O': 1, 'H': 9}",117.01919297894,positive,1,PDMS,Polydimethylsiloxane,adduct,break 2 bond(s) | H shift -2 | H | ; | break 2 bond(s) | H shift -2 | H | ; | break 2 bond(s) | H shift -2 | H,2,-2,H,,"[1, 2, 4, 5, 6, 7, 11, 12, 13, 15, 16, 17, 18, 19, 20, 21]",0.35
C3H9Si2,"{'Si': 2, 'C': 3, 'H': 9}",101.02427835937,neutral,0,PDMS,Polydimethylsiloxane,neutral_loss,break 2 bond(s) | -OH | ; | break 2 bond(s) | H shift +1 | -H2O | ; | break 2 bond(s) | -OH,2,0,,OH,"[1, 2, 4, 5, 6, 7, 11, 12, 13, 15, 16, 17, 18, 19, 20, 21]",0.35
C4H10Si2,"{'C': 4, 'Si': 2, 'H': 10}",114.0321033916,neutral,0,PDMS,Polydimethylsiloxane,h_shift,break 2 bond(s) | H shift -2,2,-2,,,"[0, 1, 2, 4, 5, 6, 8, 9, 10, 11, 12, 13, 15, 16, 17, 18, 19, 20]",0.35
C4H11Si2,"{'C': 4, 'Si': 2, 'H': 11}",115.03992842383,positive,1,PDMS,Polydimethylsiloxane,adduct,break 2 bond(s) | H shift -2 | H,2,-2,H,,"[0, 1, 2, 4, 5, 6, 8, 9, 10, 11, 12, 13, 15, 16, 17, 18, 19, 20]",0.35
C4H13Si2,"{'C': 4, 'Si': 2, 'H': 13}",117.05557848829,negative,-1,PDMS,Polydimethylsiloxane,adduct,break 2 bond(s) | H shift +2 | -H,2,2,-H,,"[0, 1, 2, 4, 5, 6, 8, 9, 10, 11, 12, 13, 15, 16, 17, 18, 19, 20]",0.35
C4H14Si2,"{'C': 4, 'Si': 2, 'H': 14}",118.06340352052,neutral,0,PDMS,Polydimethylsiloxane,h_shift,break 2 bond(s) | H shift +2,2,2,,,"[0, 1, 2, 4, 5, 6, 8, 9, 10, 11, 12, 13, 15, 16, 17, 18, 19, 20]",0.35
C4H15Si2,"{'C': 4, 'Si': 2, 'H': 15}",119.07122855275,positive,1,PDMS,Polydimethylsiloxane,adduct,break 2 bond(s) | H shift +2 | H,2,2,H,,"[0, 1, 2, 4, 5, 6, 8, 9, 10, 11, 12, 13, 15, 16, 17, 18, 19, 20]",0.35
C4H9Si2,"{'C': 4, 'Si': 2, 'H': 9}",113.02427835937,negative,-1,PDMS,Polydimethylsiloxane,adduct,break 2 bond(s) | H shift -2 | -H,2,-2,-H,,"[0, 1, 2, 4, 5, 6, 8, 9, 10, 11, 12, 13, 15, 16, 17, 18, 19, 20]",0.35
CH2OSi,"{'Si': 1, 'C': 1, 'O': 1, 'H': 2}",57.98749121868,neutral,0,PDMS,Polydimethylsiloxane,h_shift,break 2 bond(s) | H shift -2 | ; | break 2 bond(s) | H shift -2 | ; | break 2 bond(s) | H shift -2 | ; | break 2 bond(s) | H shift -2,2,-2,,,"[1, 2, 3, 11, 12, 13, 14]",0.35
CH2Si,"{'Si': 1, 'C': 1, 'H': 2}",41.99257659911,neutral,0,PDMS,Polydimethylsiloxane,neutral_loss,break 2 bond(s) | -H2O | ; | break 2 bond(s) | H shift -1 | -OH | ; | break 2 bond(s) | -H2O,2,0,,H2O,"[1, 2, 3, 11, 12, 13, 14]",0.35
CH3OSi,"{'Si': 1, 'C': 1, 'O': 1, 'H': 3}",58.99531625091,positive,1,PDMS,Polydimethylsiloxane,adduct,break 2 bond(s) | H shift -2 | H | ; | break 2 bond(s) | H shift -2 | H | ; | break 2 bond(s) | H shift -2 | H,2,-2,H,,"[1, 2, 3, 11, 12, 13, 14]",0.35
CH3Si,"{'Si': 1, 'C': 1, 'H': 3}",43.000401631340004,neutral,0,PDMS,Polydimethylsiloxane,neutral_loss,break 2 bond(s) | -OH | ; | break 2 bond(s) | H shift +1 | -H2O | ; | break 2 bond(s) | -OH,2,0,,OH,"[1, 2, 3, 11, 12, 13, 14]",0.35
CH5O2Si2,"{'Si': 2, 'O': 2, 'C': 1, 'H': 5}",104.98280746959,neutral,0,PDMS,Polydimethylsiloxane,neutral_loss,break 2 bond(s) | -CH3 | ; | break 2 bond(s) | -CH3 | ; | break 2 bond(s) | -CH3 | ; | break 2 bond(s) | -CH3,2,0,,CH3,"[1, 3, 4, 5, 6, 7, 14, 15, 16, 17, 18, 19, 20, 21]",0.35
CH5OSi,"{'Si': 1, 'C': 1, 'O': 1, 'H': 5}",61.01096631537,negative,-1,PDMS,Polydimethylsiloxane,adduct,break 2 bond(s) | H shift +2 | -H | ; | break 2 bond(s) | H shift +2 | -H | ; | break 2 bond(s) | H shift +2 | -H,2,2,-H,,"[1, 2, 3, 11, 12, 13, 14]",0.35
CH6OSi,"{'Si': 1, 'C': 1, 'O': 1, 'H': 6}",62.0187913476,neutral,0,PDMS,Polydimethylsiloxane,h_shift,break 2 bond(s) | H shift +2 | ; | break 2 bond(s) | H shift +2 | ; | break 2 bond(s) | H shift +2 | ; | break 2 bond(s) | H shift +2,2,2,,,"[1, 2, 3, 11, 12, 13, 14]",0.35
CH7OSi,"{'Si': 1, 'C': 1, 'O': 1, 'H': 7}",63.02661637983,positive,1,PDMS,Polydimethylsiloxane,adduct,break 2 bond(s) | H shift +2 | H | ; | break 2 bond(s) | H shift +2 | H | ; | break 2 bond(s) | H shift +2 | H,2,2,H,,"[1, 2, 3, 11, 12, 13, 14]",0.35
CH8OSi2,"{'Si': 2, 'O': 1, 'C': 1, 'H': 8}",92.01136794671001,neutral,0,PDMS,Polydimethylsiloxane,neutral_loss,break 2 bond(s) | -CO | ; | break 2 bond(s) | -CO | ; | break 2 bond(s) | -CO | ; | break 2 bond(s) | -CO,2,0,,CO,"[1, 3, 4, 5, 6, 7, 14, 15, 16, 17, 18, 19, 20, 21]",0.35
CH8Si2,"{'Si': 2, 'C': 1, 'H': 8}",76.01645332714,neutral,0,PDMS,Polydimethylsiloxane,neutral_loss,break 2 bond(s) | -CO2 | ; | break 2 bond(s) | -CO2 | ; | break 2 bond(s) | -CO2 | ; | break 2 bond(s) | -CO2,2,0,,CO2,"[1, 3, 4, 5, 6, 7, 14, 15, 16, 17, 18, 19, 20, 21]",0.35
CHOSi,"{'Si': 1, 'C': 1, 'O': 1, 'H': 1}",56.979666186450004,negative,-1,PDMS,Polydimethylsiloxane,adduct,break 2 bond(s) | H shift -2 | -H | ; | break 2 bond(s) | H shift -2 | -H | ; | break 2 bond(s) | H shift -2 | -H,2,-2,-H,,"[1, 2, 3, 11, 12, 13, 14]",0.35
H4Si,"{'Si': 1, 'H': 4}",32.00822666357,neutral,0,PDMS,Polydimethylsiloxane,neutral_loss,break 2 bond(s) | -CO | ; | break 2 bond(s) | -CO | ; | break 2 bond(s) | -CO | ; | break 2 bond(s) | -CO,2,0,,CO,"[1, 2, 3, 11, 12, 13, 14]",0.35
HOSi,"{'Si': 1, 'O': 1, 'H': 1}",44.979666186450004,neutral,0,PDMS,Polydimethylsiloxane,neutral_loss,break 2 bond(s) | -CH3 | ; | break 2 bond(s) | -CH3 | ; | break 2 bond(s) | -CH3 | ; | break 2 bond(s) | -CH3,2,0,,CH3,"[1, 2, 3, 11, 12, 13, 14]",0.35
C2H6ClSi,"{'C': 2, 'Si': 1, 'H': 6, 'Cl': 1}",92.99272941003,negative,-1,PDMS,Polydimethylsiloxane,adduct,break 2 bond(s) | Cl | ; | break 2 bond(s) | Cl,2,0,Cl,,"[0, 1, 2, 8, 9, 10, 11, 12, 13]",0.33
C2H6KSi,"{'C': 2, 'Si': 1, 'H': 6, 'K': 1}",96.98758321443,positive,1,PDMS,Polydimethylsiloxane,adduct,break 2 bond(s) | K | ; | break 2 bond(s) | K,2,0,K,,"[0, 1, 2, 8, 9, 10, 11, 12, 13]",0.33
C2H6NaSi,"{'C': 2, 'Si': 1, 'H': 6, 'Na': 1}",81.01364601003,positive,1,PDMS,Polydimethylsiloxane,adduct,break 2 bond(s) | Na | ; | break 2 bond(s) | Na,2,0,Na,,"[0, 1, 2, 8, 9, 10, 11, 12, 13]",0.33
C2H8ClO2Si2,"{'Si': 2, 'O': 2, 'C': 2, 'H': 8, 'Cl': 1}",154.97513524828,negative,-1,PDMS,Polydimethylsiloxane,adduct,break 2 bond(s) | Cl | ; | break 2 bond(s) | Cl | ; | break 2 bond(s) | Cl | ; | break 2 bond(s) | Cl,2,0,Cl,,"[1, 3, 4, 5, 6, 7, 14, 15, 16, 17, 18, 19, 20, 21]",0.33
C2H8KO2Si2,"{'Si': 2, 'O': 2, 'C': 2, 'H': 8, 'K': 1}",158.96998905268,positive,1,PDMS,Polydimethylsiloxane,adduct,break 2 bond(s) | K | ; | break 2 bond(s) | K | ; | break 2 bond(s) | K | ; | break 2 bond(s) | K,2,0,K,,"[1, 3, 4, 5, 6, 7, 14, 15, 16, 17, 18, 19, 20, 21]",0.33
C2H8NaO2Si2,"{'Si': 2, 'O': 2, 'C': 2, 'H': 8, 'Na': 1}",142.99605184828,positive,1,PDMS,Polydimethylsiloxane,adduct,break 2 bond(s) | Na | ; | break 2 bond(s) | Na | ; | break 2 bond(s) | Na | ; | break 2 bond(s) | Na,2,0,Na,,"[1, 3, 4, 5, 6, 7, 14, 15, 16, 17, 18, 19, 20, 21]",0.33
C2H8O3Si2,"{'Si': 2, 'O': 3, 'C': 2, 'H': 8}",136.00119718585,negative,-1,PDMS,Polydimethylsiloxane,adduct,break 2 bond(s) | O | ; | break 2 bond(s) | H shift -1 | OH | ; | break 2 bond(s) | O,2,0,O,,"[1, 3, 4, 5, 6, 7, 14, 15, 16, 17, 18, 19, 20, 21]",0.33
C2H9O3Si2,"{'Si': 2, 'O': 3, 'C': 2, 'H': 9}",137.00902221808002,negative,-1,PDMS,Polydimethylsiloxane,adduct,break 2 bond(s) | OH | ; | break 2 bond(s) | H shift +1 | O | ; | break 2 bond(s) | OH,2,0,OH,,"[1, 3, 4, 5, 6, 7, 14, 15, 16, 17, 18, 19, 20, 21]",0.33
C3H10ClOSi2,"{'Si': 2, 'C': 3, 'O': 1, 'H': 10, 'Cl': 1}",152.99587069317,negative,-1,PDMS,Polydimethylsiloxane,adduct,break 2 bond(s) | Cl | ; | break 2 bond(s) | Cl | ; | break 2 bond(s) | Cl | ; | break 2 bond(s) | Cl,2,0,Cl,,"[1, 2, 4, 5, 6, 7, 11, 12, 13, 15, 16, 17, 18, 19, 20, 21]",0.33
C3H10KOSi2,"{'Si': 2, 'C': 3, 'O': 1, 'H': 10, 'K': 1}",156.99072449757,positive,1,PDMS,Polydimethylsiloxane,adduct,break 2 bond(s) | K | ; | break 2 bond(s) | K | ; | break 2 bond(s) | K | ; | break 2 bond(s) | K,2,0,K,,"[1, 2, 4, 5, 6, 7, 11, 12, 13, 15, 16, 17, 18, 19, 20, 21]",0.33
C3H10NaOSi2,"{'Si': 2, 'C': 3, 'O': 1, 'H': 10, 'Na': 1}",141.01678729317,positive,1,PDMS,Polydimethylsiloxane,adduct,break 2 bond(s) | Na | ; | break 2 bond(s) | Na | ; | break 2 bond(s) | Na | ; | break 2 bond(s) | Na,2,0,Na,,"[1, 2, 4, 5, 6, 7, 11, 12, 13, 15, 16, 17, 18, 19, 20, 21]",0.33
C4H12ClSi2,"{'C': 4, 'Si': 2, 'H': 12, 'Cl': 1}",151.01660613806,negative,-1,PDMS,Polydimethylsiloxane,adduct,break 2 bond(s) | Cl,2,0,Cl,,"[0, 1, 2, 4, 5, 6, 8, 9, 10, 11, 12, 13, 15, 16, 17, 18, 19, 20]",0.33
C4H12KSi2,"{'C': 4, 'Si': 2, 'H': 12, 'K': 1}",155.01145994246,positive,1,PDMS,Polydimethylsiloxane,adduct,break 2 bond(s) | K,2,0,K,,"[0, 1, 2, 4, 5, 6, 8, 9, 10, 11, 12, 13, 15, 16, 17, 18, 19, 20]",0.33
C4H12NaSi2,"{'C': 4, 'Si': 2, 'H': 12, 'Na': 1}",139.03752273806,positive,1,PDMS,Polydimethylsiloxane,adduct,break 2 bond(s) | Na,2,0,Na,,"[0, 1, 2, 4, 5, 6, 8, 9, 10, 11, 12, 13, 15, 16, 17, 18, 19, 20]",0.33
CH4ClOSi,"{'Si': 1, 'C': 1, 'O': 1, 'H': 4, 'Cl': 1}",94.97199396514,negative,-1,PDMS,Polydimethylsiloxane,adduct,break 2 bond(s) | Cl | ; | break 2 bond(s) | Cl | ; | break 2 bond(s) | Cl | ; | break 2 bond(s) | Cl,2,0,Cl,,"[1, 2, 3, 11, 12, 13, 14]",0.33
CH4KOSi,"{'Si': 1, 'C': 1, 'O': 1, 'H': 4, 'K': 1}",98.96684776954,positive,1,PDMS,Polydimethylsiloxane,adduct,break 2 bond(s) | K | ; | break 2 bond(s) | K | ; | break 2 bond(s) | K | ; | break 2 bond(s) | K,2,0,K,,"[1, 2, 3, 11, 12, 13, 14]",0.33
CH4NaOSi,"{'Si': 1, 'C': 1, 'O': 1, 'H': 4, 'Na': 1}",82.99291056514001,positive,1,PDMS,Polydimethylsiloxane,adduct,break 2 bond(s) | Na | ; | break 2 bond(s) | Na | ; | break 2 bond(s) | Na | ; | break 2 bond(s) | Na,2,0,Na,,"[1, 2, 3, 11, 12, 13, 14]",0.33
CH4O2Si,"{'Si': 1, 'C': 1, 'O': 2, 'H': 4}",75.99805590271,negative,-1,PDMS,Polydimethylsiloxane,adduct,break 2 bond(s) | O | ; | break 2 bond(s) | H shift -1 | OH | ; | break 2 bond(s) | O,2,0,O,,"[1, 2, 3, 11, 12, 13, 14]",0.33
CH5O2Si,"{'Si': 1, 'C': 1, 'O': 2, 'H': 5}",77.00588093494,negative,-1,PDMS,Polydimethylsiloxane,adduct,break 2 bond(s) | OH | ; | break 2 bond(s) | H shift +1 | O | ; | break 2 bond(s) | OH,2,0,OH,,"[1, 2, 3, 11, 12, 13, 14]",0.33
C2H5O2Si2,"{'Si': 2, 'O': 2, 'C': 2, 'H': 5}",116.98280746959,neutral,0,PDMS,Polydimethylsiloxane,neutral_loss,break 2 bond(s) | H shift -1 | -H2 | ; | break 2 bond(s) | H shift -1 | -H2 | ; | break 2 bond(s) | H shift -1 | -H2,2,-1,,H2,"[1, 3, 4, 5, 6, 7, 14, 15, 16, 17, 18, 19, 20, 21]",0.30000000000000004
C2H5OSi2,"{'Si': 2, 'O': 1, 'C': 2, 'H': 5}",100.98789285002,neutral,0,PDMS,Polydimethylsiloxane,neutral_loss,break 2 bond(s) | H shift -1 | -H2O | ; | break 2 bond(s) | H shift -2 | -CH3 | ; | break 2 bond(s) | H shift -2 | -OH,2,-1,,H2O,"[1, 3, 4, 5, 6, 7, 14, 15, 16, 17, 18, 19, 20, 21]",0.30000000000000004
C2H8OSi2,"{'Si': 2, 'O': 1, 'C': 2, 'H': 8}",104.01136794671001,neutral,0,PDMS,Polydimethylsiloxane,neutral_loss,break 2 bond(s) | H shift +1 | -OH | ; | break 2 bond(s) | H shift +2 | -H2O | ; | break 2 bond(s) | H shift +1 | -CH3,2,1,,OH,"[1, 3, 4, 5, 6, 7, 14, 15, 16, 17, 18, 19, 20, 21]",0.30000000000000004
C3H10Si2,"{'Si': 2, 'C': 3, 'H': 10}",102.0321033916,neutral,0,PDMS,Polydimethylsiloxane,neutral_loss,break 2 bond(s) | H shift +1 | -OH | ; | break 2 bond(s) | H shift +2 | -H2O | ; | break 2 bond(s) | H shift +1 | -OH,2,1,,OH,"[1, 2, 4, 5, 6, 7, 11, 12, 13, 15, 16, 17, 18, 19, 20, 21]",0.30000000000000004
C3H7Si2,"{'Si': 2, 'C': 3, 'H': 7}",99.00862829491,neutral,0,PDMS,Polydimethylsiloxane,neutral_loss,break 2 bond(s) | H shift -1 | -H2O | ; | break 2 bond(s) | H shift -2 | -OH | ; | break 2 bond(s) | H shift -1 | -H2O,2,-1,,H2O,"[1, 2, 4, 5, 6, 7, 11, 12, 13, 15, 16, 17, 18, 19, 20, 21]",0.30000000000000004
CH4O2Si2,"{'Si': 2, 'O': 2, 'C': 1, 'H': 4}",103.97498243736,neutral,0,PDMS,Polydimethylsiloxane,neutral_loss,break 2 bond(s) | H shift -1 | -CH3 | ; | break 2 bond(s) | H shift -1 | -CH3 | ; | break 2 bond(s) | H shift -1 | -CH3,2,-1,,CH3,"[1, 3, 4, 5, 6, 7, 14, 15, 16, 17, 18, 19, 20, 21]",0.30000000000000004
CH4Si,"{'Si': 1, 'C': 1, 'H': 4}",44.00822666357,neutral,0,PDMS,Polydimethylsiloxane,neutral_loss,break 2 bond(s) | H shift +1 | -OH | ; | break 2 bond(s) | H shift +2 | -H2O | ; | break 2 bond(s) | H shift +1 | -OH,2,1,,OH,"[1, 2, 3, 11, 12, 13, 14]",0.30000000000000004
CH6O2Si2,"{'Si': 2, 'O': 2, 'C': 1, 'H': 6}",105.99063250182,neutral,0,PDMS,Polydimethylsiloxane,neutral_loss,break 2 bond(s) | H shift +1 | -CH3 | ; | break 2 bond(s) | H shift +1 | -CH3 | ; | break 2 bond(s) | H shift +1 | -CH3,2,1,,CH3,"[1, 3, 4, 5, 6, 7, 14, 15, 16, 17, 18, 19, 20, 21]",0.30000000000000004
CH7OSi2,"{'Si': 2, 'O': 1, 'C': 1, 'H': 7}",91.00354291448001,neutral,0,PDMS,Polydimethylsiloxane,neutral_loss,break 2 bond(s) | H shift -1 | -CO | ; | break 2 bond(s) | H shift -1 | -CO | ; | break 2 bond(s) | H shift -1 | -CO,2,-1,,CO,"[1, 3, 4, 5, 6, 7, 14, 15, 16, 17, 18, 19, 20, 21]",0.30000000000000004
CH7Si2,"{'Si': 2, 'C': 1, 'H': 7}",75.00862829491,neutral,0,PDMS,Polydimethylsiloxane,neutral_loss,break 2 bond(s) | H shift -1 | -CO2 | ; | break 2 bond(s) | H shift -1 | -CO2 | ; | break 2 bond(s) | H shift -1 | -CO2,2,-1,,CO2,"[1, 3, 4, 5, 6, 7, 14, 15, 16, 17, 18, 19, 20, 21]",0.30000000000000004
CH9OSi2,"{'Si': 2, 'O': 1, 'C': 1, 'H': 9}",93.01919297894,neutral,0,PDMS,Polydimethylsiloxane,neutral_loss,break 2 bond(s) | H shift +1 | -CO | ; | break 2 bond(s) | H shift +1 | -CO | ; | break 2 bond(s) | H shift +1 | -CO,2,1,,CO,"[1, 3, 4, 5, 6, 7, 14, 15, 16, 17, 18, 19, 20, 21]",0.30000000000000004
CH9Si2,"{'Si': 2, 'C': 1, 'H': 9}",77.02427835937,neutral,0,PDMS,Polydimethylsiloxane,neutral_loss,break 2 bond(s) | H shift +1 | -CO2 | ; | break 2 bond(s) | H shift +1 | -CO2 | ; | break 2 bond(s) | H shift +1 | -CO2,2,1,,CO2,"[1, 3, 4, 5, 6, 7, 14, 15, 16, 17, 18, 19, 20, 21]",0.30000000000000004
CHOSi,"{'Si': 1, 'C': 1, 'O': 1, 'H': 1}",56.979666186450004,neutral,0,PDMS,Polydimethylsiloxane,neutral_loss,break 2 bond(s) | H shift -1 | -H2 | ; | break 2 bond(s) | H shift -1 | -H2 | ; | break 2 bond(s) | H shift -1 | -H2,2,-1,,H2,"[1, 2, 3, 11, 12, 13, 14]",0.30000000000000004
CHSi,"{'Si': 1, 'C': 1, 'H': 1}",40.98475156688,neutral,0,PDMS,Polydimethylsiloxane,neutral_loss,break 2 bond(s) | H shift -1 | -H2O | ; | break 2 bond(s) | H shift -2 | -OH | ; | break 2 bond(s) | H shift -1 | -H2O,2,-1,,H2O,"[1, 2, 3, 11, 12, 13, 14]",0.30000000000000004
H2OSi,"{'Si': 1, 'O': 1, 'H': 2}",45.98749121868,neutral,0,PDMS,Polydimethylsiloxane,neutral_loss,break 2 bond(s) | H shift +1 | -CH3 | ; | break 2 bond(s) | H shift +1 | -CH3 | ; | break 2 bond(s) | H shift +1 | -CH3,2,1,,CH3,"[1, 2, 3, 11, 12, 13, 14]",0.30000000000000004
H3Si,"{'Si': 1, 'H': 3}",31.00040163134,neutral,0,PDMS,Polydimethylsiloxane,neutral_loss,break 2 bond(s) | H shift -1 | -CO | ; | break 2 bond(s) | H shift -1 | -CO | ; | break 2 bond(s) | H shift -1 | -CO,2,-1,,CO,"[1, 2, 3, 11, 12, 13, 14]",0.30000000000000004
H5Si,"{'Si': 1, 'H': 5}",33.0160516958,neutral,0,PDMS,Polydimethylsiloxane,neutral_loss,break 2 bond(s) | H shift +1 | -CO | ; | break 2 bond(s) | H shift +1 | -CO | ; | break 2 bond(s) | H shift +1 | -CO,2,1,,CO,"[1, 2, 3, 11, 12, 13, 14]",0.30000000000000004
OSi,"{'Si': 1, 'O': 1}",43.97184115422,neutral,0,PDMS,Polydimethylsiloxane,neutral_loss,break 2 bond(s) | H shift -1 | -CH3 | ; | break 2 bond(s) | H shift -1 | -CH3 | ; | break 2 bond(s) | H shift -1 | -CH3,2,-1,,CH3,"[1, 2, 3, 11, 12, 13, 14]",0.30000000000000004
C2H10O3Si2,"{'Si': 2, 'O': 3, 'C': 2, 'H': 10}",138.01684725031,negative,-1,PDMS,Polydimethylsiloxane,adduct,break 2 bond(s) | H shift +1 | OH | ; | break 2 bond(s) | H shift +2 | O | ; | break 2 bond(s) | H shift +1 | OH,2,1,OH,,"[1, 3, 4, 5, 6, 7, 14, 15, 16, 17, 18, 19, 20, 21]",0.28
C2H5ClSi,"{'C': 2, 'Si': 1, 'H': 5, 'Cl': 1}",91.9849043778,negative,-1,PDMS,Polydimethylsiloxane,adduct,break 2 bond(s) | H shift -1 | Cl | ; | break 2 bond(s) | H shift -1 | Cl,2,-1,Cl,,"[0, 1, 2, 8, 9, 10, 11, 12, 13]",0.28
C2H5KSi,"{'C': 2, 'Si': 1, 'H': 5, 'K': 1}",95.9797581822,positive,1,PDMS,Polydimethylsiloxane,adduct,break 2 bond(s) | H shift -1 | K | ; | break 2 bond(s) | H shift -1 | K,2,-1,K,,"[0, 1, 2, 8, 9, 10, 11, 12, 13]",0.28
C2H5NaSi,"{'C': 2, 'Si': 1, 'H': 5, 'Na': 1}",80.0058209778,positive,1,PDMS,Polydimethylsiloxane,adduct,break 2 bond(s) | H shift -1 | Na | ; | break 2 bond(s) | H shift -1 | Na,2,-1,Na,,"[0, 1, 2, 8, 9, 10, 11, 12, 13]",0.28
C2H7ClO2Si2,"{'Si': 2, 'O': 2, 'C': 2, 'H': 7, 'Cl': 1}",153.96731021605,negative,-1,PDMS,Polydimethylsiloxane,adduct,break 2 bond(s) | H shift -1 | Cl | ; | break 2 bond(s) | H shift -1 | Cl | ; | break 2 bond(s) | H shift -1 | Cl,2,-1,Cl,,"[1, 3, 4, 5, 6, 7, 14, 15, 16, 17, 18, 19, 20, 21]",0.28
C2H7ClSi,"{'C': 2, 'Si': 1, 'H': 7, 'Cl': 1}",94.00055444226,negative,-1,PDMS,Polydimethylsiloxane,adduct,break 2 bond(s) | H shift +1 | Cl | ; | break 2 bond(s) | H shift +1 | Cl,2,1,Cl,,"[0, 1, 2, 8, 9, 10, 11, 12, 13]",0.28
C2H7KO2Si2,"{'Si': 2, 'O': 2, 'C': 2, 'H': 7, 'K': 1}",157.96216402045,positive,1,PDMS,Polydimethylsiloxane,adduct,break 2 bond(s) | H shift -1 | K | ; | break 2 bond(s) | H shift -1 | K | ; | break 2 bond(s) | H shift -1 | K,2,-1,K,,"[1, 3, 4, 5, 6, 7, 14, 15, 16, 17, 18, 19, 20, 21]",0.28
C2H7KSi,"{'C': 2, 'Si': 1, 'H': 7, 'K': 1}",97.99540824666,positive,1,PDMS,Polydimethylsiloxane,adduct,break 2 bond(s) | H shift +1 | K | ; | break 2 bond(s) | H shift +1 | K,2,1,K,,"[0, 1, 2, 8, 9, 10, 11, 12, 13]",0.28
C2H7NaO2Si2,"{'Si': 2, 'O': 2, 'C': 2, 'H': 7, 'Na': 1}",141.98822681605,positive,1,PDMS,Polydimethylsiloxane,adduct,break 2 bond(s) | H shift -1 | Na | ; | break 2 bond(s) | H shift -1 | Na | ; | break 2 bond(s) | H shift -1 | Na,2,-1,Na,,"[1, 3, 4, 5, 6, 7, 14, 15, 16, 17, 18, 19, 20, 21]",0.28
C2H7NaSi,"{'C': 2, 'Si': 1, 'H': 7, 'Na': 1}",82.02147104226,positive,1,PDMS,Polydimethylsiloxane,adduct,break 2 bond(s) | H shift +1 | Na | ; | break 2 bond(s) | H shift +1 | Na,2,1,Na,,"[0, 1, 2, 8, 9, 10, 11, 12, 13]",0.28
C2H7O3Si2,"{'Si': 2, 'O': 3, 'C': 2, 'H': 7}",134.99337215362002,negative,-1,PDMS,Polydimethylsiloxane,adduct,break 2 bond(s) | H shift -1 | O | ; | break 2 bond(s) | H shift -2 | OH | ; | break 2 bond(s) | H shift -1 | O,2,-1,O,,"[1, 3, 4, 5, 6, 7, 14, 15, 16, 17, 18, 19, 20, 21]",0.28
C2H9ClO2Si2,"{'Si': 2, 'O': 2, 'C': 2, 'H': 9, 'Cl': 1}",155.98296028051,negative,-1,PDMS,Polydimethylsiloxane,adduct,break 2 bond(s) | H shift +1 | Cl | ; | break 2 bond(s) | H shift +1 | Cl | ; | break 2 bond(s) | H shift +1 | Cl,2,1,Cl,,"[1, 3, 4, 5, 6, 7, 14, 15, 16, 17, 18, 19, 20, 21]",0.28
C2H9KO2Si2,"{'Si': 2, 'O': 2, 'C': 2, 'H': 9, 'K': 1}",159.97781408491,positive,1,PDMS,Polydimethylsiloxane,adduct,break 2 bond(s) | H shift +1 | K | ; | break 2 bond(s) | H shift +1 | K | ; | break 2 bond(s) | H shift +1 | K,2,1,K,,"[1, 3, 4, 5, 6, 7, 14, 15, 16, 17, 18, 19, 20, 21]",0.28
C2H9NaO2Si2,"{'Si': 2, 'O': 2, 'C': 2, 'H': 9, 'Na': 1}",144.00387688051,positive,1,PDMS,Polydimethylsiloxane,adduct,break 2 bond(s) | H shift +1 | Na | ; | break 2 bond(s) | H shift +1 | Na | ; | break 2 bond(s) | H shift +1 | Na,2,1,Na,,"[1, 3, 4, 5, 6, 7, 14, 15, 16, 17, 18, 19, 20, 21]",0.28
C3H11ClOSi2,"{'Si': 2, 'C': 3, 'O': 1, 'H': 11, 'Cl': 1}",154.0036957254,negative,-1,PDMS,Polydimethylsiloxane,adduct,break 2 bond(s) | H shift +1 | Cl | ; | break 2 bond(s) | H shift +1 | Cl | ; | break 2 bond(s) | H shift +1 | Cl,2,1,Cl,,"[1, 2, 4, 5, 6, 7, 11, 12, 13, 15, 16, 17, 18, 19, 20, 21]",0.28
C3H11KOSi2,"{'Si': 2, 'C': 3, 'O': 1, 'H': 11, 'K': 1}",157.99854952980002,positive,1,PDMS,Polydimethylsiloxane,adduct,break 2 bond(s) | H shift +1 | K | ; | break 2 bond(s) | H shift +1 | K | ; | break 2 bond(s) | H shift +1 | K,2,1,K,,"[1, 2, 4, 5, 6, 7, 11, 12, 13, 15, 16, 17, 18, 19, 20, 21]",0.28
C3H11NaOSi2,"{'Si': 2, 'C': 3, 'O': 1, 'H': 11, 'Na': 1}",142.0246123254,positive,1,PDMS,Polydimethylsiloxane,adduct,break 2 bond(s) | H shift +1 | Na | ; | break 2 bond(s) | H shift +1 | Na | ; | break 2 bond(s) | H shift +1 | Na,2,1,Na,,"[1, 2, 4, 5, 6, 7, 11, 12, 13, 15, 16, 17, 18, 19, 20, 21]",0.28
C3H9ClOSi2,"{'Si': 2, 'C': 3, 'O': 1, 'H': 9, 'Cl': 1}",151.98804566094,negative,-1,PDMS,Polydimethylsiloxane,adduct,break 2 bond(s) | H shift -1 | Cl | ; | break 2 bond(s) | H shift -1 | Cl | ; | break 2 bond(s) | H shift -1 | Cl,2,-1,Cl,,"[1, 2, 4, 5, 6, 7, 11, 12, 13, 15, 16, 17, 18, 19, 20, 21]",0.28
C3H9KOSi2,"{'Si': 2, 'C': 3, 'O': 1, 'H': 9, 'K': 1}",155.98289946534,positive,1,PDMS,Polydimethylsiloxane,adduct,break 2 bond(s) | H shift -1 | K | ; | break 2 bond(s) | H shift -1 | K | ; | break 2 bond(s) | H shift -1 | K,2,-1,K,,"[1, 2, 4, 5, 6, 7, 11, 12, 13, 15, 16, 17, 18, 19, 20, 21]",0.28
C3H9NaOSi2,"{'Si': 2, 'C': 3, 'O': 1, 'H': 9, 'Na': 1}",140.00896226094,positive,1,PDMS,Polydimethylsiloxane,adduct,break 2 bond(s) | H shift -1 | Na | ; | break 2 bond(s) | H shift -1 | Na | ; | break 2 bond(s) | H shift -1 | Na,2,-1,Na,,"[1, 2, 4, 5, 6, 7, 11, 12, 13, 15, 16, 17, 18, 19, 20, 21]",0.28
C4H11ClSi2,"{'C': 4, 'Si': 2, 'H': 11, 'Cl': 1}",150.00878110583,negative,-1,PDMS,Polydimethylsiloxane,adduct,break 2 bond(s) | H shift -1 | Cl,2,-1,Cl,,"[0, 1, 2, 4, 5, 6, 8, 9, 10, 11, 12, 13, 15, 16, 17, 18, 19, 20]",0.28
C4H11KSi2,"{'C': 4, 'Si': 2, 'H': 11, 'K': 1}",154.00363491023,positive,1,PDMS,Polydimethylsiloxane,adduct,break 2 bond(s) | H shift -1 | K,2,-1,K,,"[0, 1, 2, 4, 5, 6, 8, 9, 10, 11, 12, 13, 15, 16, 17, 18, 19, 20]",0.28
C4H11NaSi2,"{'C': 4, 'Si': 2, 'H': 11, 'Na': 1}",138.02969770583002,positive,1,PDMS,Polydimethylsiloxane,adduct,break 2 bond(s) | H shift -1 | Na,2,-1,Na,,"[0, 1, 2, 4, 5, 6, 8, 9, 10, 11, 12, 13, 15, 16, 17, 18, 19, 20]",0.28
C4H13ClSi2,"{'C': 4, 'Si': 2, 'H': 13, 'Cl': 1}",152.02443117029,negative,-1,PDMS,Polydimethylsiloxane,adduct,break 2 bond(s) | H shift +1 | Cl,2,1,Cl,,"[0, 1, 2, 4, 5, 6, 8, 9, 10, 11, 12, 13, 15, 16, 17, 18, 19, 20]",0.28
C4H13KSi2,"{'C': 4, 'Si': 2, 'H': 13, 'K': 1}",156.01928497469,positive,1,PDMS,Polydimethylsiloxane,adduct,break 2 bond(s) | H shift +1 | K,2,1,K,,"[0, 1, 2, 4, 5, 6, 8, 9, 10, 11, 12, 13, 15, 16, 17, 18, 19, 20]",0.28
C4H13NaSi2,"{'C': 4, 'Si': 2, 'H': 13, 'Na': 1}",140.04534777029,positive,1,PDMS,Polydimethylsiloxane,adduct,break 2 bond(s) | H shift +1 | Na,2,1,Na,,"[0, 1, 2, 4, 5, 6, 8, 9, 10, 11, 12, 13, 15, 16, 17, 18, 19, 20]",0.28
CH3ClOSi,"{'Si': 1, 'C': 1, 'O': 1, 'H': 3, 'Cl': 1}",93.96416893291,negative,-1,PDMS,Polydimethylsiloxane,adduct,break 2 bond(s) | H shift -1 | Cl | ; | break 2 bond(s) | H shift -1 | Cl | ; | break 2 bond(s) | H shift -1 | Cl,2,-1,Cl,,"[1, 2, 3, 11, 12, 13, 14]",0.28
CH3KOSi,"{'Si': 1, 'C': 1, 'O': 1, 'H': 3, 'K': 1}",97.95902273731001,positive,1,PDMS,Polydimethylsiloxane,adduct,break 2 bond(s) | H shift -1 | K | ; | break 2 bond(s) | H shift -1 | K | ; | break 2 bond(s) | H shift -1 | K,2,-1,K,,"[1, 2, 3, 11, 12, 13, 14]",0.28
CH3NaOSi,"{'Si': 1, 'C': 1, 'O': 1, 'H': 3, 'Na': 1}",81.98508553291,positive,1,PDMS,Polydimethylsiloxane,adduct,break 2 bond(s) | H shift -1 | Na | ; | break 2 bond(s) | H shift -1 | Na | ; | break 2 bond(s) | H shift -1 | Na,2,-1,Na,,"[1, 2, 3, 11, 12, 13, 14]",0.28
CH3O2Si,"{'Si': 1, 'C': 1, 'O': 2, 'H': 3}",74.99023087048,negative,-1,PDMS,Polydimethylsiloxane,adduct,break 2 bond(s) | H shift -1 | O | ; | break 2 bond(s) | H shift -2 | OH | ; | break 2 bond(s) | H shift -1 | O,2,-1,O,,"[1, 2, 3, 11, 12, 13, 14]",0.28
CH5ClOSi,"{'Si': 1, 'C': 1, 'O': 1, 'H': 5, 'Cl': 1}",95.97981899737,negative,-1,PDMS,Polydimethylsiloxane,adduct,break 2 bond(s) | H shift +1 | Cl | ; | break 2 bond(s) | H shift +1 | Cl | ; | break 2 bond(s) | H shift +1 | Cl,2,1,Cl,,"[1, 2, 3, 11, 12, 13, 14]",0.28
CH5KOSi,"{'Si': 1, 'C': 1, 'O': 1, 'H': 5, 'K': 1}",99.97467280177,positive,1,PDMS,Polydimethylsiloxane,adduct,break 2 bond(s) | H shift +1 | K | ; | break 2 bond(s) | H shift +1 | K | ; | break 2 bond(s) | H shift +1 | K,2,1,K,,"[1, 2, 3, 11, 12, 13, 14]",0.28
CH5NaOSi,"{'Si': 1, 'C': 1, 'O': 1, 'H': 5, 'Na': 1}",84.00073559737001,positive,1,PDMS,Polydimethylsiloxane,adduct,break 2 bond(s) | H shift +1 | Na | ; | break 2 bond(s) | H shift +1 | Na | ; | break 2 bond(s) | H shift +1 | Na,2,1,Na,,"[1, 2, 3, 11, 12, 13, 14]",0.28
CH6O2Si,"{'Si': 1, 'C': 1, 'O': 2, 'H': 6}",78.01370596717,negative,-1,PDMS,Polydimethylsiloxane,adduct,break 2 bond(s) | H shift +1 | OH | ; | break 2 bond(s) | H shift +2 | O | ; | break 2 bond(s) | H shift +1 | OH,2,1,OH,,"[1, 2, 3, 11, 12, 13, 14]",0.28
C2H2Si,"{'C': 2, 'Si': 1, 'H': 2}",53.99257659911,neutral,0,PDMS,Polydimethylsiloxane,neutral_loss,break 2 bond(s) | H shift -2 | -H2 | ; | break 2 bond(s) | H shift -2 | -H2,2,-2,,H2,"[0, 1, 2, 8, 9, 10, 11, 12, 13]",0.24999999999999997
C2H4O2Si2,"{'Si': 2, 'O': 2, 'C': 2, 'H': 4}",115.97498243736,neutral,0,PDMS,Polydimethylsiloxane,neutral_loss,break 2 bond(s) | H shift -2 | -H2 | ; | break 2 bond(s) | H shift -2 | -H2 | ; | break 2 bond(s) | H shift -2 | -H2,2,-2,,H2,"[1, 3, 4, 5, 6, 7, 14, 15, 16, 17, 18, 19, 20, 21]",0.24999999999999997
C2H4OSi2,"{'Si': 2, 'O': 1, 'C': 2, 'H': 4}",99.98006781779,neutral,0,PDMS,Polydimethylsiloxane,neutral_loss,break 2 bond(s) | H shift -2 | -H2O | ; | break 2 bond(s) | H shift -2 | -H2O | ; | break 2 bond(s) | H shift -2 | -H2O,2,-2,,H2O,"[1, 3, 4, 5, 6, 7, 14, 15, 16, 17, 18, 19, 20, 21]",0.24999999999999997
C2H8Si2,"{'Si': 2, 'C': 2, 'H': 8}",88.01645332714,neutral,0,PDMS,Polydimethylsiloxane,neutral_loss,break 2 bond(s) | H shift -2 | -CO | ; | break 2 bond(s) | H shift -2 | -CO | ; | break 2 bond(s) | H shift -2 | -CO,2,-2,,CO,"[1, 2, 4, 5, 6, 7, 11, 12, 13, 15, 16, 17, 18, 19, 20, 21]",0.24999999999999997
C3H6OSi2,"{'Si': 2, 'C': 3, 'O': 1, 'H': 6}",113.99571788225,neutral,0,PDMS,Polydimethylsiloxane,neutral_loss,break 2 bond(s) | H shift -2 | -H2 | ; | break 2 bond(s) | H shift -2 | -H2 | ; | break 2 bond(s) | H shift -2 | -H2,2,-2,,H2,"[1, 2, 4, 5, 6, 7, 11, 12, 13, 15, 16, 17, 18, 19, 20, 21]",0.24999999999999997
C3H6Si2,"{'Si': 2, 'C': 3, 'H': 6}",98.00080326268001,neutral,0,PDMS,Polydimethylsiloxane,neutral_loss,break 2 bond(s) | H shift -2 | -H2O | ; | break 2 bond(s) | H shift -2 | -H2O | ; | break 2 bond(s) | H shift -2 | -H2O,2,-2,,H2O,"[1, 2, 4, 5, 6, 7, 11, 12, 13, 15, 16, 17, 18, 19, 20, 21]",0.24999999999999997
C4H8Si2,"{'C': 4, 'Si': 2, 'H': 8}",112.01645332714,neutral,0,PDMS,Polydimethylsiloxane,neutral_loss,break 2 bond(s) | H shift -2 | -H2,2,-2,,H2,"[0, 1, 2, 4, 5, 6, 8, 9, 10, 11, 12, 13, 15, 16, 17, 18, 19, 20]",0.24999999999999997
CH10OSi2,"{'Si': 2, 'O': 1, 'C': 1, 'H': 10}",94.02701801117,neutral,0,PDMS,Polydimethylsiloxane,neutral_loss,break 2 bond(s) | H shift +2 | -CO | ; | break 2 bond(s) | H shift +2 | -CO | ; | break 2 bond(s) | H shift +2 | -CO,2,2,,CO,"[1, 3, 4, 5, 6, 7, 14, 15, 16, 17, 18, 19, 20, 21]",0.24999999999999997
CH10Si2,"{'Si': 2, 'C': 1, 'H': 10}",78.0321033916,neutral,0,PDMS,Polydimethylsiloxane,neutral_loss,break 2 bond(s) | H shift +2 | -CO2 | ; | break 2 bond(s) | H shift +2 | -CO2 | ; | break 2 bond(s) | H shift +2 | -CO2,2,2,,CO2,"[1, 3, 4, 5, 6, 7, 14, 15, 16, 17, 18, 19, 20, 21]",0.24999999999999997
CH3O2Si2,"{'Si': 2, 'O': 2, 'C': 1, 'H': 3}",102.96715740513001,neutral,0,PDMS,Polydimethylsiloxane,neutral_loss,break 2 bond(s) | H shift -2 | -CH3 | ; | break 2 bond(s) | H shift -2 | -CH3 | ; | break 2 bond(s) | H shift -2 | -CH3,2,-2,,CH3,"[1, 3, 4, 5, 6, 7, 14, 15, 16, 17, 18, 19, 20, 21]",0.24999999999999997
CH6OSi2,"{'Si': 2, 'O': 1, 'C': 1, 'H': 6}",89.99571788225,neutral,0,PDMS,Polydimethylsiloxane,neutral_loss,break 2 bond(s) | H shift -2 | -CO | ; | break 2 bond(s) | H shift -2 | -CO | ; | break 2 bond(s) | H shift -2 | -CO,2,-2,,CO,"[1, 3, 4, 5, 6, 7, 14, 15, 16, 17, 18, 19, 20, 21]",0.24999999999999997
CH6Si2,"{'Si': 2, 'C': 1, 'H': 6}",74.00080326268001,neutral,0,PDMS,Polydimethylsiloxane,neutral_loss,break 2 bond(s) | H shift -2 | -CO2 | ; | break 2 bond(s) | H shift -2 | -CO2 | ; | break 2 bond(s) | H shift -2 | -CO2,2,-2,,CO2,"[1, 3, 4, 5, 6, 7, 14, 15, 16, 17, 18, 19, 20, 21]",0.24999999999999997
CH7O2Si2,"{'Si': 2, 'O': 2, 'C': 1, 'H': 7}",106.99845753405,neutral,0,PDMS,Polydimethylsiloxane,neutral_loss,break 2 bond(s) | H shift +2 | -CH3 | ; | break 2 bond(s) | H shift +2 | -CH3 | ; | break 2 bond(s) | H shift +2 | -CH3,2,2,,CH3,"[1, 3, 4, 5, 6, 7, 14, 15, 16, 17, 18, 19, 20, 21]",0.24999999999999997
COSi,"{'Si': 1, 'C': 1, 'O': 1}",55.97184115422,neutral,0,PDMS,Polydimethylsiloxane,neutral_loss,break 2 bond(s) | H shift -2 | -H2 | ; | break 2 bond(s) | H shift -2 | -H2 | ; | break 2 bond(s) | H shift -2 | -H2,2,-2,,H2,"[1, 2, 3, 11, 12, 13, 14]",0.24999999999999997
CSi,"{'Si': 1, 'C': 1}",39.976926534650005,neutral,0,PDMS,Polydimethylsiloxane,neutral_loss,break 2 bond(s) | H shift -2 | -H2O | ; | break 2 bond(s) | H shift -2 | -H2O | ; | break 2 bond(s) | H shift -2 | -H2O,2,-2,,H2O,"[1, 2, 3, 11, 12, 13, 14]",0.24999999999999997
H2Si,"{'Si': 1, 'H': 2}",29.992576599110002,neutral,0,PDMS,Polydimethylsiloxane,neutral_loss,break 2 bond(s) | H shift -2 | -CO | ; | break 2 bond(s) | H shift -2 | -CO | ; | break 2 bond(s) | H shift -2 | -CO,2,-2,,CO,"[1, 2, 3, 11, 12, 13, 14]",0.24999999999999997
H3OSi,"{'Si': 1, 'O': 1, 'H': 3}",46.99531625091,neutral,0,PDMS,Polydimethylsiloxane,neutral_loss,break 2 bond(s) | H shift +2 | -CH3 | ; | break 2 bond(s) | H shift +2 | -CH3 | ; | break 2 bond(s) | H shift +2 | -CH3,2,2,,CH3,"[1, 2, 3, 11, 12, 13, 14]",0.24999999999999997
H6Si,"{'Si': 1, 'H': 6}",34.023876728030004,neutral,0,PDMS,Polydimethylsiloxane,neutral_loss,break 2 bond(s) | H shift +2 | -CO | ; | break 2 bond(s) | H shift +2 | -CO | ; | break 2 bond(s) | H shift +2 | -CO,2,2,,CO,"[1, 2, 3, 11, 12, 13, 14]",0.24999999999999997
C2H10ClO2Si2,"{'Si': 2, 'O': 2, 'C': 2, 'H': 10, 'Cl': 1}",156.99078531274,negative,-1,PDMS,Polydimethylsiloxane,adduct,break 2 bond(s) | H shift +2 | Cl | ; | break 2 bond(s) | H shift +2 | Cl | ; | break 2 bond(s) | H shift +2 | Cl,2,2,Cl,,"[1, 3, 4, 5, 6, 7, 14, 15, 16, 17, 18, 19, 20, 21]",0.22999999999999998
C2H10KO2Si2,"{'Si': 2, 'O': 2, 'C': 2, 'H': 10, 'K': 1}",160.98563911714,positive,1,PDMS,Polydimethylsiloxane,adduct,break 2 bond(s) | H shift +2 | K | ; | break 2 bond(s) | H shift +2 | K | ; | break 2 bond(s) | H shift +2 | K,2,2,K,,"[1, 3, 4, 5, 6, 7, 14, 15, 16, 17, 18, 19, 20, 21]",0.22999999999999998
C2H10NaO2Si2,"{'Si': 2, 'O': 2, 'C': 2, 'H': 10, 'Na': 1}",145.01170191274,positive,1,PDMS,Polydimethylsiloxane,adduct,break 2 bond(s) | H shift +2 | Na | ; | break 2 bond(s) | H shift +2 | Na | ; | break 2 bond(s) | H shift +2 | Na,2,2,Na,,"[1, 3, 4, 5, 6, 7, 14, 15, 16, 17, 18, 19, 20, 21]",0.22999999999999998
C2H11O3Si2,"{'Si': 2, 'O': 3, 'C': 2, 'H': 11}",139.02467228254,negative,-1,PDMS,Polydimethylsiloxane,adduct,break 2 bond(s) | H shift +2 | OH | ; | break 2 bond(s) | H shift +2 | OH | ; | break 2 bond(s) | H shift +2 | OH,2,2,OH,,"[1, 3, 4, 5, 6, 7, 14, 15, 16, 17, 18, 19, 20, 21]",0.22999999999999998
C2H4ClSi,"{'C': 2, 'Si': 1, 'H': 4, 'Cl': 1}",90.97707934557,negative,-1,PDMS,Polydimethylsiloxane,adduct,break 2 bond(s) | H shift -2 | Cl | ; | break 2 bond(s) | H shift -2 | Cl,2,-2,Cl,,"[0, 1, 2, 8, 9, 10, 11, 12, 13]",0.22999999999999998
C2H4KSi,"{'C': 2, 'Si': 1, 'H': 4, 'K': 1}",94.97193314997,positive,1,PDMS,Polydimethylsiloxane,adduct,break 2 bond(s) | H shift -2 | K | ; | break 2 bond(s) | H shift -2 | K,2,-2,K,,"[0, 1, 2, 8, 9, 10, 11, 12, 13]",0.22999999999999998
C2H4NaSi,"{'C': 2, 'Si': 1, 'H': 4, 'Na': 1}",78.99799594557,positive,1,PDMS,Polydimethylsiloxane,adduct,break 2 bond(s) | H shift -2 | Na | ; | break 2 bond(s) | H shift -2 | Na,2,-2,Na,,"[0, 1, 2, 8, 9, 10, 11, 12, 13]",0.22999999999999998
C2H6ClO2Si2,"{'Si': 2, 'O': 2, 'C': 2, 'H': 6, 'Cl': 1}",152.95948518382,negative,-1,PDMS,Polydimethylsiloxane,adduct,break 2 bond(s) | H shift -2 | Cl | ; | break 2 bond(s) | H shift -2 | Cl | ; | break 2 bond(s) | H shift -2 | Cl,2,-2,Cl,,"[1, 3, 4, 5, 6, 7, 14, 15, 16, 17, 18, 19, 20, 21]",0.22999999999999998
C2H6KO2Si2,"{'Si': 2, 'O': 2, 'C': 2, 'H': 6, 'K': 1}",156.95433898822,positive,1,PDMS,Polydimethylsiloxane,adduct,break 2 bond(s) | H shift -2 | K | ; | break 2 bond(s) | H shift -2 | K | ; | break 2 bond(s) | H shift -2 | K,2,-2,K,,"[1, 3, 4, 5, 6, 7, 14, 15, 16, 17, 18, 19, 20, 21]",0.22999999999999998
C2H6NaO2Si2,"{'Si': 2, 'O': 2, 'C': 2, 'H': 6, 'Na': 1}",140.98040178382,positive,1,PDMS,Polydimethylsiloxane,adduct,break 2 bond(s) | H shift -2 | Na | ; | break 2 bond(s) | H shift -2 | Na | ; | break 2 bond(s) | H shift -2 | Na,2,-2,Na,,"[1, 3, 4, 5, 6, 7, 14, 15, 16, 17, 18, 19, 20, 21]",0.22999999999999998
C2H6O3Si2,"{'Si': 2, 'O': 3, 'C': 2, 'H': 6}",133.98554712139,negative,-1,PDMS,Polydimethylsiloxane,adduct,break 2 bond(s) | H shift -2 | O | ; | break 2 bond(s) | H shift -2 | O | ; | break 2 bond(s) | H shift -2 | O,2,-2,O,,"[1, 3, 4, 5, 6, 7, 14, 15, 16, 17, 18, 19, 20, 21]",0.22999999999999998
C2H8ClSi,"{'C': 2, 'Si': 1, 'H': 8, 'Cl': 1}",95.00837947449,negative,-1,PDMS,Polydimethylsiloxane,adduct,break 2 bond(s) | H shift +2 | Cl | ; | break 2 bond(s) | H shift +2 | Cl,2,2,Cl,,"[0, 1, 2, 8, 9, 10, 11, 12, 13]",0.22999999999999998
C2H8KSi,"{'C': 2, 'Si': 1, 'H': 8, 'K': 1}",99.00323327889001,positive,1,PDMS,Polydimethylsiloxane,adduct,break 2 bond(s) | H shift +2 | K | ; | break 2 bond(s) | H shift +2 | K,2,2,K,,"[0, 1, 2, 8, 9, 10, 11, 12, 13]",0.22999999999999998
C2H8NaSi,"{'C': 2, 'Si': 1, 'H': 8, 'Na': 1}",83.02929607449,positive,1,PDMS,Polydimethylsiloxane,adduct,break 2 bond(s) | H shift +2 | Na | ; | break 2 bond(s) | H shift +2 | Na,2,2,Na,,"[0, 1, 2, 8, 9, 10, 11, 12, 13]",0.22999999999999998
C2H9OSi,"{'C': 2, 'Si': 1, 'H': 9, 'O': 1}",77.04226644429001,negative,-1,PDMS,Polydimethylsiloxane,adduct,break 2 bond(s) | H shift +2 | OH | ; | break 2 bond(s) | H shift +2 | OH,2,2,OH,,"[0, 1, 2, 8, 9, 10, 11, 12, 13]",0.22999999999999998
C3H12ClOSi2,"{'Si': 2, 'C': 3, 'O': 1, 'H': 12, 'Cl': 1}",155.01152075763,negative,-1,PDMS,Polydimethylsiloxane,adduct,break 2 bond(s) | H shift +2 | Cl | ; | break 2 bond(s) | H shift +2 | Cl | ; | break 2 bond(s) | H shift +2 | Cl,2,2,Cl,,"[1, 2, 4, 5, 6, 7, 11, 12, 13, 15, 16, 17, 18, 19, 20, 21]",0.22999999999999998
C3H12KOSi2,"{'Si': 2, 'C': 3, 'O': 1, 'H': 12, 'K': 1}",159.00637456203,positive,1,PDMS,Polydimethylsiloxane,adduct,break 2 bond(s) | H shift +2 | K | ; | break 2 bond(s) | H shift +2 | K | ; | break 2 bond(s) | H shift +2 | K,2,2,K,,"[1, 2, 4, 5, 6, 7, 11, 12, 13, 15, 16, 17, 18, 19, 20, 21]",0.22999999999999998
C3H12NaOSi2,"{'Si': 2, 'C': 3, 'O': 1, 'H': 12, 'Na': 1}",143.03243735763002,positive,1,PDMS,Polydimethylsiloxane,adduct,break 2 bond(s) | H shift +2 | Na | ; | break 2 bond(s) | H shift +2 | Na | ; | break 2 bond(s) | H shift +2 | Na,2,2,Na,,"[1, 2, 4, 5, 6, 7, 11, 12, 13, 15, 16, 17, 18, 19, 20, 21]",0.22999999999999998
C3H13O2Si2,"{'Si': 2, 'C': 3, 'O': 2, 'H': 13}",137.04540772743002,negative,-1,PDMS,Polydimethylsiloxane,adduct,break 2 bond(s) | H shift +2 | OH | ; | break 2 bond(s) | H shift +2 | OH | ; | break 2 bond(s) | H shift +2 | OH,2,2,OH,,"[1, 2, 4, 5, 6, 7, 11, 12, 13, 15, 16, 17, 18, 19, 20, 21]",0.22999999999999998
C3H8ClOSi2,"{'Si': 2, 'C': 3, 'O': 1, 'H': 8, 'Cl': 1}",150.98022062871001,negative,-1,PDMS,Polydimethylsiloxane,adduct,break 2 bond(s) | H shift -2 | Cl | ; | break 2 bond(s) | H shift -2 | Cl | ; | break 2 bond(s) | H shift -2 | Cl,2,-2,Cl,,"[1, 2, 4, 5, 6, 7, 11, 12, 13, 15, 16, 17, 18, 19, 20, 21]",0.22999999999999998
C3H8KOSi2,"{'Si': 2, 'C': 3, 'O': 1, 'H': 8, 'K': 1}",154.97507443311,positive,1,PDMS,Polydimethylsiloxane,adduct,break 2 bond(s) | H shift -2 | K | ; | break 2 bond(s) | H shift -2 | K | ; | break 2 bond(s) | H shift -2 | K,2,-2,K,,"[1, 2, 4, 5, 6, 7, 11, 12, 13, 15, 16, 17, 18, 19, 20, 21]",0.22999999999999998
C3H8NaOSi2,"{'Si': 2, 'C': 3, 'O': 1, 'H': 8, 'Na': 1}",139.00113722871,positive,1,PDMS,Polydimethylsiloxane,adduct,break 2 bond(s) | H shift -2 | Na | ; | break 2 bond(s) | H shift -2 | Na | ; | break 2 bond(s) | H shift -2 | Na,2,-2,Na,,"[1, 2, 4, 5, 6, 7, 11, 12, 13, 15, 16, 17, 18, 19, 20, 21]",0.22999999999999998
C4H10ClSi2,"{'C': 4, 'Si': 2, 'H': 10, 'Cl': 1}",149.0009560736,negative,-1,PDMS,Polydimethylsiloxane,adduct,break 2 bond(s) | H shift -2 | Cl,2,-2,Cl,,"[0, 1, 2, 4, 5, 6, 8, 9, 10, 11, 12, 13, 15, 16, 17, 18, 19, 20]",0.22999999999999998
C4H10KSi2,"{'C': 4, 'Si': 2, 'H': 10, 'K': 1}",152.995809878,positive,1,PDMS,Polydimethylsiloxane,adduct,break 2 bond(s) | H shift -2 | K,2,-2,K,,"[0, 1, 2, 4, 5, 6, 8, 9, 10, 11, 12, 13, 15, 16, 17, 18, 19, 20]",0.22999999999999998
C4H10NaSi2,"{'C': 4, 'Si': 2, 'H': 10, 'Na': 1}",137.0218726736,positive,1,PDMS,Polydimethylsiloxane,adduct,break 2 bond(s) | H shift -2 | Na,2,-2,Na,,"[0, 1, 2, 4, 5, 6, 8, 9, 10, 11, 12, 13, 15, 16, 17, 18, 19, 20]",0.22999999999999998
C4H14ClSi2,"{'C': 4, 'Si': 2, 'H': 14, 'Cl': 1}",153.03225620252,negative,-1,PDMS,Polydimethylsiloxane,adduct,break 2 bond(s) | H shift +2 | Cl,2,2,Cl,,"[0, 1, 2, 4, 5, 6, 8, 9, 10, 11, 12, 13, 15, 16, 17, 18, 19, 20]",0.22999999999999998
C4H14KSi2,"{'C': 4, 'Si': 2, 'H': 14, 'K': 1}",157.02711000692,positive,1,PDMS,Polydimethylsiloxane,adduct,break 2 bond(s) | H shift +2 | K,2,2,K,,"[0, 1, 2, 4, 5, 6, 8, 9, 10, 11, 12, 13, 15, 16, 17, 18, 19, 20]",0.22999999999999998
C4H14NaSi2,"{'C': 4, 'Si': 2, 'H': 14, 'Na': 1}",141.05317280252,positive,1,PDMS,Polydimethylsiloxane,adduct,break 2 bond(s) | H shift +2 | Na,2,2,Na,,"[0, 1, 2, 4, 5, 6, 8, 9, 10, 11, 12, 13, 15, 16, 17, 18, 19, 20]",0.22999999999999998
C4H15OSi2,"{'C': 4, 'Si': 2, 'H': 15, 'O': 1}",135.06614317232,negative,-1,PDMS,Polydimethylsiloxane,adduct,break 2 bond(s) | H shift +2 | OH,2,2,OH,,"[0, 1, 2, 4, 5, 6, 8, 9, 10, 11, 12, 13, 15, 16, 17, 18, 19, 20]",0.22999999999999998
CH2ClOSi,"{'Si': 1, 'C': 1, 'O': 1, 'H': 2, 'Cl': 1}",92.95634390068,negative,-1,PDMS,Polydimethylsiloxane,adduct,break 2 bond(s) | H shift -2 | Cl | ; | break 2 bond(s) | H shift -2 | Cl | ; | break 2 bond(s) | H shift -2 | Cl,2,-2,Cl,,"[1, 2, 3, 11, 12, 13, 14]",0.22999999999999998
CH2KOSi,"{'Si': 1, 'C': 1, 'O': 1, 'H': 2, 'K': 1}",96.95119770508,positive,1,PDMS,Polydimethylsiloxane,adduct,break 2 bond(s) | H shift -2 | K | ; | break 2 bond(s) | H shift -2 | K | ; | break 2 bond(s) | H shift -2 | K,2,-2,K,,"[1, 2, 3, 11, 12, 13, 14]",0.22999999999999998
CH2NaOSi,"{'Si': 1, 'C': 1, 'O': 1, 'H': 2, 'Na': 1}",80.97726050068,positive,1,PDMS,Polydimethylsiloxane,adduct,break 2 bond(s) | H shift -2 | Na | ; | break 2 bond(s) | H shift -2 | Na | ; | break 2 bond(s) | H shift -2 | Na,2,-2,Na,,"[1, 2, 3, 11, 12, 13, 14]",0.22999999999999998
CH2O2Si,"{'Si': 1, 'C': 1, 'O': 2, 'H': 2}",73.98240583825,negative,-1,PDMS,Polydimethylsiloxane,adduct,break 2 bond(s) | H shift -2 | O | ; | break 2 bond(s) | H shift -2 | O | ; | break 2 bond(s) | H shift -2 | O,2,-2,O,,"[1, 2, 3, 11, 12, 13, 14]",0.22999999999999998
CH6ClOSi,"{'Si': 1, 'C': 1, 'O': 1, 'H': 6, 'Cl': 1}",96.9876440296,negative,-1,PDMS,Polydimethylsiloxane,adduct,break 2 bond(s) | H shift +2 | Cl | ; | break 2 bond(s) | H shift +2 | Cl | ; | break 2 bond(s) | H shift +2 | Cl,2,2,Cl,,"[1, 2, 3, 11, 12, 13, 14]",0.22999999999999998
CH6KOSi,"{'Si': 1, 'C': 1, 'O': 1, 'H': 6, 'K': 1}",100.982497834,positive,1,PDMS,Polydimethylsiloxane,adduct,break 2 bond(s) | H shift +2 | K | ; | break 2 bond(s) | H shift +2 | K | ; | break 2 bond(s) | H shift +2 | K,2,2,K,,"[1, 2, 3, 11, 12, 13, 14]",0.22999999999999998
CH6NaOSi,"{'Si': 1, 'C': 1, 'O': 1, 'H': 6, 'Na': 1}",85.0085606296,positive,1,PDMS,Polydimethylsiloxane,adduct,break 2 bond(s) | H shift +2 | Na | ; | break 2 bond(s) | H shift +2 | Na | ; | break 2 bond(s) | H shift +2 | Na,2,2,Na,,"[1, 2, 3, 11, 12, 13, 14]",0.22999999999999998
CH7O2Si,"{'Si': 1, 'C': 1, 'O': 2, 'H': 7}",79.0215309994,negative,-1,PDMS,Polydimethylsiloxane,adduct,break 2 bond(s) | H shift +2 | OH | ; | break 2 bond(s) | H shift +2 | OH | ; | break 2 bond(s) | H shift +2 | OH,2,2,OH,,"[1, 2, 3, 11, 12, 13, 14]",0.22999999999999998
