formula,counts,exact_mass,ion_mode,charge,source_compound_id,source_name,generation_type,path,broken_bonds,h_shift,adduct,neutral_losses,fragment_atom_indices,score
C19H12O3,"{'C': 19, 'H': 12, 'O': 3}",288.07864424547,neutral,0,PEEK,Polyether Ether Ketone,parent,M,0,0,,,,1.0
C19H11O3,"{'C': 19, 'H': 11, 'O': 3}",287.07081921324,negative,-1,PEEK,Polyether Ether Ketone,adduct,M | -H | ; | break 1 bond(s) | H shift -1 | -H | ; | break 1 bond(s) | H shift -1 | -H,0,0,-H,,,0.75
C19H13O3,"{'C': 19, 'H': 13, 'O': 3}",289.0864692777,positive,1,PEEK,Polyether Ether Ketone,adduct,M | H | ; | break 1 bond(s) | H shift -1 | H | ; | break 1 bond(s) | H shift -1 | H,0,0,H,,,0.75
C19H10O3,"{'C': 19, 'H': 10, 'O': 3}",286.06299418101,negative,-1,PEEK,Polyether Ether Ketone,adduct,M | H shift -1 | -H | ; | break 1 bond(s) | H shift -2 | -H | ; | break 1 bond(s) | H shift -2 | -H,0,-1,-H,,,0.7
C19H11O3,"{'C': 19, 'H': 11, 'O': 3}",287.07081921324,neutral,0,PEEK,Polyether Ether Ketone,h_shift,M | H shift -1 | ; | break 1 bond(s) | H shift -2 | ; | break 1 bond(s) | H shift -2,0,-1,,,,0.7
C19H12O3,"{'C': 19, 'H': 12, 'O': 3}",288.07864424547,positive,1,PEEK,Polyether Ether Ketone,adduct,M | H shift -1 | H | ; | break 1 bond(s) | H shift -2 | H | ; | break 1 bond(s) | H shift -2 | H,0,-1,H,,,0.7
C19H12O3,"{'C': 19, 'H': 12, 'O': 3}",288.07864424547,negative,-1,PEEK,Polyether Ether Ketone,adduct,M | H shift +1 | -H | ; | break 1 bond(s) | -H | ; | break 1 bond(s) | -H,0,1,-H,,,0.7
C19H13O3,"{'C': 19, 'H': 13, 'O': 3}",289.0864692777,neutral,0,PEEK,Polyether Ether Ketone,h_shift,M | H shift +1,0,1,,,,0.7
C19H14O3,"{'C': 19, 'H': 14, 'O': 3}",290.09429430993,positive,1,PEEK,Polyether Ether Ketone,adduct,M | H shift +1 | H | ; | break 1 bond(s) | H | ; | break 1 bond(s) | H,0,1,H,,,0.7
C18H12O,"{'C': 18, 'H': 12, 'O': 1}",244.08881500633,neutral,0,PEEK,Polyether Ether Ketone,neutral_loss,M | -CO2 | ; | break 1 bond(s) | H shift -1 | -CO2 | ; | break 1 bond(s) | H shift -1 | -CO2,0,0,,CO2,,0.65
C18H12O2,"{'C': 18, 'H': 12, 'O': 2}",260.0837296259,neutral,0,PEEK,Polyether Ether Ketone,neutral_loss,M | -CO | ; | break 1 bond(s) | H shift -1 | -CO | ; | break 1 bond(s) | H shift -1 | -CO,0,0,,CO,,0.65
C18H9O3,"{'C': 18, 'H': 9, 'O': 3}",273.05516914878,neutral,0,PEEK,Polyether Ether Ketone,neutral_loss,M | -CH3 | ; | break 1 bond(s) | H shift -1 | -CH3 | ; | break 1 bond(s) | H shift -1 | -CH3,0,0,,CH3,,0.65
C19H10O2,"{'C': 19, 'H': 10, 'O': 2}",270.06807956144,neutral,0,PEEK,Polyether Ether Ketone,neutral_loss,M | -H2O | ; | break 1 bond(s) | H shift -2 | -OH | ; | break 1 bond(s) | H shift -1 | -H2O,0,0,,H2O,,0.65
C19H10O3,"{'C': 19, 'H': 10, 'O': 3}",286.06299418101,neutral,0,PEEK,Polyether Ether Ketone,h_shift,M | H shift -2,0,-2,,,,0.65
C19H10O3,"{'C': 19, 'H': 10, 'O': 3}",286.06299418101,neutral,0,PEEK,Polyether Ether Ketone,neutral_loss,M | -H2 | ; | break 1 bond(s) | H shift -1 | -H2 | ; | break 1 bond(s) | H shift -1 | -H2,0,0,,H2,,0.65
C19H11O2,"{'C': 19, 'H': 11, 'O': 2}",271.07590459367,neutral,0,PEEK,Polyether Ether Ketone,neutral_loss,M | -OH | ; | M | H shift +1 | -H2O | ; | break 1 bond(s) | H shift -1 | -OH,0,0,,OH,,0.65
C19H11O3,"{'C': 19, 'H': 11, 'O': 3}",287.07081921324,positive,1,PEEK,Polyether Ether Ketone,adduct,M | H shift -2 | H,0,-2,H,,,0.65
C19H13O3,"{'C': 19, 'H': 13, 'O': 3}",289.0864692777,negative,-1,PEEK,Polyether Ether Ketone,adduct,M | H shift +2 | -H | ; | break 1 bond(s) | H shift +1 | -H | ; | break 1 bond(s) | H shift +1 | -H,0,2,-H,,,0.65
C19H14O3,"{'C': 19, 'H': 14, 'O': 3}",290.09429430993,neutral,0,PEEK,Polyether Ether Ketone,h_shift,M | H shift +2 | ; | break 1 bond(s) | H shift +1 | ; | break 1 bond(s) | H shift +1,0,2,,,,0.65
C19H15O3,"{'C': 19, 'H': 15, 'O': 3}",291.10211934216,positive,1,PEEK,Polyether Ether Ketone,adduct,M | H shift +2 | H | ; | break 1 bond(s) | H shift +1 | H | ; | break 1 bond(s) | H shift +1 | H,0,2,H,,,0.65
C19H9O3,"{'C': 19, 'H': 9, 'O': 3}",285.05516914878,negative,-1,PEEK,Polyether Ether Ketone,adduct,M | H shift -2 | -H,0,-2,-H,,,0.65
C19H12ClO3,"{'C': 19, 'H': 12, 'O': 3, 'Cl': 1}",323.04749692747,negative,-1,PEEK,Polyether Ether Ketone,adduct,M | Cl | ; | break 1 bond(s) | H shift -1 | Cl | ; | break 1 bond(s) | H shift -1 | Cl,0,0,Cl,,,0.63
C19H12KO3,"{'C': 19, 'H': 12, 'O': 3, 'K': 1}",327.04235073187,positive,1,PEEK,Polyether Ether Ketone,adduct,M | K | ; | break 1 bond(s) | H shift -1 | K | ; | break 1 bond(s) | H shift -1 | K,0,0,K,,,0.63
C19H12NaO3,"{'C': 19, 'H': 12, 'O': 3, 'Na': 1}",311.06841352747,positive,1,PEEK,Polyether Ether Ketone,adduct,M | Na | ; | break 1 bond(s) | H shift -1 | Na | ; | break 1 bond(s) | H shift -1 | Na,0,0,Na,,,0.63
C19H12O4,"{'C': 19, 'H': 12, 'O': 4}",304.07355886504,negative,-1,PEEK,Polyether Ether Ketone,adduct,M | O | ; | break 1 bond(s) | H shift -2 | OH | ; | break 1 bond(s) | H shift -1 | O,0,0,O,,,0.63
C19H13O4,"{'C': 19, 'H': 13, 'O': 4}",305.08138389727003,negative,-1,PEEK,Polyether Ether Ketone,adduct,M | OH | ; | M | H shift +1 | O | ; | break 1 bond(s) | H shift -1 | OH,0,0,OH,,,0.63
C12H10O2,"{'C': 12, 'O': 2, 'H': 10}",186.06807956144002,positive,1,PEEK,Polyether Ether Ketone,adduct,break 1 bond(s) | H | ; | break 2 bond(s) | H | ; | break 2 bond(s) | H,1,0,H,,"[2, 3, 4, 5, 6, 7, 8, 9, 10, 11, 12, 13, 14, 15, 23, 24, 25, 26, 27, 28, 29, 30, 31]",0.6
C12H8O2,"{'C': 12, 'O': 2, 'H': 8}",184.05242949698,negative,-1,PEEK,Polyether Ether Ketone,adduct,break 1 bond(s) | -H | ; | break 2 bond(s) | H shift -1 | OH | ; | break 2 bond(s) | O,1,0,-H,,"[2, 3, 4, 5, 6, 7, 8, 9, 10, 11, 12, 13, 14, 15, 23, 24, 25, 26, 27, 28, 29, 30, 31]",0.6
C12H9O2,"{'C': 12, 'O': 2, 'H': 9}",185.06025452921,neutral,0,PEEK,Polyether Ether Ketone,fragment,break 1 bond(s) | ; | break 2 bond(s) | ; | break 2 bond(s),1,0,,,"[2, 3, 4, 5, 6, 7, 8, 9, 10, 11, 12, 13, 14, 15, 23, 24, 25, 26, 27, 28, 29, 30, 31]",0.6
C13H10O2,"{'O': 2, 'C': 13, 'H': 10}",198.06807956144002,positive,1,PEEK,Polyether Ether Ketone,adduct,break 1 bond(s) | H | ; | break 2 bond(s) | H | ; | break 2 bond(s) | H | ; | break 2 bond(s) | H shift +1 | H,1,0,H,,"[0, 1, 2, 3, 4, 5, 14, 15, 16, 17, 18, 19, 20, 21, 22, 23, 24, 30, 31, 32, 33, 34, 35, 36]",0.6
C13H10O3,"{'O': 3, 'C': 13, 'H': 10}",214.06299418101,positive,1,PEEK,Polyether Ether Ketone,adduct,break 1 bond(s) | H | ; | break 1 bond(s) | H | ; | break 2 bond(s) | H | ; | break 2 bond(s) | H,1,0,H,,"[0, 1, 2, 3, 4, 5, 6, 14, 15, 16, 17, 18, 19, 20, 21, 22, 23, 24, 30, 31, 32, 33, 34, 35, 36]",0.6
C13H8O2,"{'O': 2, 'C': 13, 'H': 8}",196.05242949698,negative,-1,PEEK,Polyether Ether Ketone,adduct,break 1 bond(s) | -H | ; | break 2 bond(s) | -H | ; | break 2 bond(s) | -H | ; | break 2 bond(s) | H shift -1 | OH,1,0,-H,,"[0, 1, 2, 3, 4, 5, 14, 15, 16, 17, 18, 19, 20, 21, 22, 23, 24, 30, 31, 32, 33, 34, 35, 36]",0.6
C13H8O3,"{'O': 3, 'C': 13, 'H': 8}",212.04734411655,negative,-1,PEEK,Polyether Ether Ketone,adduct,break 1 bond(s) | -H | ; | break 1 bond(s) | -H | ; | break 2 bond(s) | H shift -2 | OH,1,0,-H,,"[0, 1, 2, 3, 4, 5, 6, 14, 15, 16, 17, 18, 19, 20, 21, 22, 23, 24, 30, 31, 32, 33, 34, 35, 36]",0.6
C13H9O2,"{'O': 2, 'C': 13, 'H': 9}",197.06025452921,neutral,0,PEEK,Polyether Ether Ketone,fragment,break 1 bond(s) | ; | break 2 bond(s) | ; | break 2 bond(s),1,0,,,"[0, 1, 2, 3, 4, 5, 14, 15, 16, 17, 18, 19, 20, 21, 22, 23, 24, 30, 31, 32, 33, 34, 35, 36]",0.6
C13H9O3,"{'O': 3, 'C': 13, 'H': 9}",213.05516914878,neutral,0,PEEK,Polyether Ether Ketone,fragment,break 1 bond(s) | ; | break 1 bond(s) | ; | break 2 bond(s) | ; | break 2 bond(s),1,0,,,"[0, 1, 2, 3, 4, 5, 6, 14, 15, 16, 17, 18, 19, 20, 21, 22, 23, 24, 30, 31, 32, 33, 34, 35, 36]",0.6
C18H10O3,"{'C': 18, 'H': 10, 'O': 3}",274.06299418101,neutral,0,PEEK,Polyether Ether Ketone,neutral_loss,M | H shift +1 | -CH3 | ; | break 1 bond(s) | -CH3 | ; | break 1 bond(s) | -CH3,0,1,,CH3,,0.6
C18H11O,"{'C': 18, 'H': 11, 'O': 1}",243.0809899741,neutral,0,PEEK,Polyether Ether Ketone,neutral_loss,M | H shift -1 | -CO2 | ; | break 1 bond(s) | H shift -2 | -CO2 | ; | break 1 bond(s) | H shift -2 | -CO2,0,-1,,CO2,,0.6
C18H11O2,"{'C': 18, 'H': 11, 'O': 2}",259.07590459367,neutral,0,PEEK,Polyether Ether Ketone,neutral_loss,M | H shift -1 | -CO | ; | break 1 bond(s) | H shift -2 | -CO | ; | break 1 bond(s) | H shift -2 | -CO,0,-1,,CO,,0.6
C18H13O,"{'C': 18, 'H': 13, 'O': 1}",245.09664003856,neutral,0,PEEK,Polyether Ether Ketone,neutral_loss,M | H shift +1 | -CO2 | ; | break 1 bond(s) | -CO2 | ; | break 1 bond(s) | -CO2,0,1,,CO2,,0.6
C18H13O2,"{'C': 18, 'H': 13, 'O': 2}",261.09155465813,neutral,0,PEEK,Polyether Ether Ketone,neutral_loss,M | H shift +1 | -CO | ; | break 1 bond(s) | -CO | ; | break 1 bond(s) | -CO,0,1,,CO,,0.6
C18H8O3,"{'C': 18, 'H': 8, 'O': 3}",272.04734411655,neutral,0,PEEK,Polyether Ether Ketone,neutral_loss,M | H shift -1 | -CH3 | ; | break 1 bond(s) | H shift -2 | -CH3 | ; | break 1 bond(s) | H shift -2 | -CH3,0,-1,,CH3,,0.6
C19H11O3,"{'C': 19, 'H': 11, 'O': 3}",287.07081921324,neutral,0,PEEK,Polyether Ether Ketone,neutral_loss,M | H shift +1 | -H2 | ; | break 1 bond(s) | -H2 | ; | break 1 bond(s) | -H2,0,1,,H2,,0.6
C19H12O2,"{'C': 19, 'H': 12, 'O': 2}",272.0837296259,neutral,0,PEEK,Polyether Ether Ketone,neutral_loss,M | H shift +1 | -OH | ; | M | H shift +2 | -H2O | ; | break 1 bond(s) | -OH,0,1,,OH,,0.6
C19H13O3,"{'O': 3, 'C': 19, 'H': 13}",289.0864692777,neutral,0,PEEK,Polyether Ether Ketone,fragment,break 1 bond(s) | ; | break 1 bond(s),1,0,,,"[0, 1, 2, 3, 4, 5, 6, 7, 8, 9, 10, 12, 13, 14, 15, 16, 17, 18, 19, 20, 21, 22, 23, 24, 25, 26, 28, 29, 30, 31, 32, 33, 34, 35, 36]",0.6
C19H9O2,"{'C': 19, 'H': 9, 'O': 2}",269.06025452921,neutral,0,PEEK,Polyether Ether Ketone,neutral_loss,M | H shift -1 | -H2O | ; | break 1 bond(s) | H shift -2 | -H2O | ; | break 1 bond(s) | H shift -2 | -H2O,0,-1,,H2O,,0.6
C19H9O3,"{'C': 19, 'H': 9, 'O': 3}",285.05516914878,neutral,0,PEEK,Polyether Ether Ketone,neutral_loss,M | H shift -1 | -H2 | ; | break 1 bond(s) | H shift -2 | -H2 | ; | break 1 bond(s) | H shift -2 | -H2,0,-1,,H2,,0.6
C6H4O,"{'C': 6, 'O': 1, 'H': 4}",92.02621474849,negative,-1,PEEK,Polyether Ether Ketone,adduct,break 1 bond(s) | -H | ; | break 1 bond(s) | -H | ; | break 2 bond(s) | H shift -1 | OH,1,0,-H,,"[7, 8, 9, 10, 11, 12, 13, 25, 26, 27, 28, 29]",0.6
C6H4O2,"{'O': 2, 'C': 6, 'H': 4}",108.02112936806,negative,-1,PEEK,Polyether Ether Ketone,adduct,break 1 bond(s) | -H | ; | break 1 bond(s) | H shift -2 | OH | ; | break 1 bond(s) | H shift -1 | O,1,0,-H,,"[6, 7, 8, 9, 10, 11, 12, 13, 25, 26, 27, 28, 29]",0.6
C6H5O,"{'C': 6, 'O': 1, 'H': 5}",93.03403978072001,neutral,0,PEEK,Polyether Ether Ketone,fragment,break 1 bond(s) | ; | break 1 bond(s) | ; | break 2 bond(s) | ; | break 2 bond(s) | ; | break 2 bond(s),1,0,,,"[7, 8, 9, 10, 11, 12, 13, 25, 26, 27, 28, 29]",0.6
C6H5O2,"{'O': 2, 'C': 6, 'H': 5}",109.02895440029,neutral,0,PEEK,Polyether Ether Ketone,fragment,break 1 bond(s) | ; | break 2 bond(s) | ; | break 2 bond(s) | ; | break 2 bond(s),1,0,,,"[6, 7, 8, 9, 10, 11, 12, 13, 25, 26, 27, 28, 29]",0.6
C6H6O,"{'C': 6, 'O': 1, 'H': 6}",94.04186481295,positive,1,PEEK,Polyether Ether Ketone,adduct,break 1 bond(s) | H | ; | break 1 bond(s) | H | ; | break 2 bond(s) | H shift +1 | H,1,0,H,,"[7, 8, 9, 10, 11, 12, 13, 25, 26, 27, 28, 29]",0.6
C6H6O2,"{'O': 2, 'C': 6, 'H': 6}",110.03677943252,positive,1,PEEK,Polyether Ether Ketone,adduct,break 1 bond(s) | H | ; | break 2 bond(s) | H | ; | break 2 bond(s) | H | ; | break 2 bond(s) | H,1,0,H,,"[6, 7, 8, 9, 10, 11, 12, 13, 25, 26, 27, 28, 29]",0.6
C7H4O2,"{'O': 2, 'C': 7, 'H': 4}",120.02112936806,negative,-1,PEEK,Polyether Ether Ketone,adduct,break 1 bond(s) | -H | ; | break 2 bond(s) | -H | ; | break 2 bond(s) | -H | ; | break 2 bond(s) | -H,1,0,-H,,"[0, 1, 16, 17, 18, 19, 20, 21, 22, 32, 33, 34, 35, 36]",0.6
C7H5O2,"{'O': 2, 'C': 7, 'H': 5}",121.02895440029,neutral,0,PEEK,Polyether Ether Ketone,fragment,break 1 bond(s) | ; | break 2 bond(s) | ; | break 2 bond(s) | ; | break 2 bond(s),1,0,,,"[0, 1, 16, 17, 18, 19, 20, 21, 22, 32, 33, 34, 35, 36]",0.6
C7H6O2,"{'O': 2, 'C': 7, 'H': 6}",122.03677943252,positive,1,PEEK,Polyether Ether Ketone,adduct,break 1 bond(s) | H | ; | break 2 bond(s) | H | ; | break 2 bond(s) | H | ; | break 2 bond(s) | H,1,0,H,,"[0, 1, 16, 17, 18, 19, 20, 21, 22, 32, 33, 34, 35, 36]",0.6
C19H11ClO3,"{'C': 19, 'H': 11, 'O': 3, 'Cl': 1}",322.03967189524,negative,-1,PEEK,Polyether Ether Ketone,adduct,M | H shift -1 | Cl | ; | break 1 bond(s) | H shift -2 | Cl | ; | break 1 bond(s) | H shift -2 | Cl,0,-1,Cl,,,0.58
C19H11KO3,"{'C': 19, 'H': 11, 'O': 3, 'K': 1}",326.03452569964,positive,1,PEEK,Polyether Ether Ketone,adduct,M | H shift -1 | K | ; | break 1 bond(s) | H shift -2 | K | ; | break 1 bond(s) | H shift -2 | K,0,-1,K,,,0.58
C19H11NaO3,"{'C': 19, 'H': 11, 'O': 3, 'Na': 1}",310.06058849524,positive,1,PEEK,Polyether Ether Ketone,adduct,M | H shift -1 | Na | ; | break 1 bond(s) | H shift -2 | Na | ; | break 1 bond(s) | H shift -2 | Na,0,-1,Na,,,0.58
C19H11O4,"{'C': 19, 'H': 11, 'O': 4}",303.06573383281,negative,-1,PEEK,Polyether Ether Ketone,adduct,M | H shift -1 | O | ; | break 1 bond(s) | H shift -2 | O | ; | break 1 bond(s) | H shift -2 | O,0,-1,O,,,0.58
C19H13ClO3,"{'C': 19, 'H': 13, 'O': 3, 'Cl': 1}",324.0553219597,negative,-1,PEEK,Polyether Ether Ketone,adduct,M | H shift +1 | Cl | ; | break 1 bond(s) | Cl | ; | break 1 bond(s) | Cl,0,1,Cl,,,0.58
C19H13KO3,"{'C': 19, 'H': 13, 'O': 3, 'K': 1}",328.0501757641,positive,1,PEEK,Polyether Ether Ketone,adduct,M | H shift +1 | K | ; | break 1 bond(s) | K | ; | break 1 bond(s) | K,0,1,K,,,0.58
C19H13NaO3,"{'C': 19, 'H': 13, 'O': 3, 'Na': 1}",312.0762385597,positive,1,PEEK,Polyether Ether Ketone,adduct,M | H shift +1 | Na | ; | break 1 bond(s) | Na | ; | break 1 bond(s) | Na,0,1,Na,,,0.58
C19H14O4,"{'C': 19, 'H': 14, 'O': 4}",306.0892089295,negative,-1,PEEK,Polyether Ether Ketone,adduct,M | H shift +1 | OH | ; | M | H shift +2 | O | ; | break 1 bond(s) | OH,0,1,OH,,,0.58
C18H10O,"{'C': 18, 'H': 10, 'O': 1}",242.07316494187,neutral,0,PEEK,Polyether Ether Ketone,neutral_loss,M | H shift -2 | -CO2 | ; | break 2 bond(s) | H shift -2 | -CO,0,-2,,CO2,,0.55
C18H10O2,"{'C': 18, 'H': 10, 'O': 2}",258.06807956144,neutral,0,PEEK,Polyether Ether Ketone,neutral_loss,M | H shift -2 | -CO | ; | break 2 bond(s) | H shift +1 | -CH3,0,-2,,CO,,0.55
C18H11O3,"{'C': 18, 'H': 11, 'O': 3}",275.07081921324,neutral,0,PEEK,Polyether Ether Ketone,neutral_loss,M | H shift +2 | -CH3 | ; | break 1 bond(s) | H shift +1 | -CH3 | ; | break 1 bond(s) | H shift +1 | -CH3,0,2,,CH3,,0.55
C18H14O,"{'C': 18, 'H': 14, 'O': 1}",246.10446507079,neutral,0,PEEK,Polyether Ether Ketone,neutral_loss,M | H shift +2 | -CO2 | ; | break 1 bond(s) | H shift +1 | -CO2 | ; | break 1 bond(s) | H shift +1 | -CO2,0,2,,CO2,,0.55
C18H14O2,"{'C': 18, 'H': 14, 'O': 2}",262.09937969036,neutral,0,PEEK,Polyether Ether Ketone,neutral_loss,M | H shift +2 | -CO | ; | break 1 bond(s) | H shift +1 | -CO | ; | break 1 bond(s) | H shift +1 | -CO,0,2,,CO,,0.55
C18H7O3,"{'C': 18, 'H': 7, 'O': 3}",271.03951908432,neutral,0,PEEK,Polyether Ether Ketone,neutral_loss,M | H shift -2 | -CH3,0,-2,,CH3,,0.55
C19H12O3,"{'C': 19, 'H': 12, 'O': 3}",288.07864424547,neutral,0,PEEK,Polyether Ether Ketone,neutral_loss,M | H shift +2 | -H2 | ; | break 1 bond(s) | H shift +1 | -H2 | ; | break 1 bond(s) | H shift +1 | -H2,0,2,,H2,,0.55
C19H13O2,"{'C': 19, 'H': 13, 'O': 2}",273.09155465813,neutral,0,PEEK,Polyether Ether Ketone,neutral_loss,M | H shift +2 | -OH | ; | break 1 bond(s) | H shift +1 | -OH | ; | break 1 bond(s) | H shift +2 | -H2O,0,2,,OH,,0.55
C19H8O2,"{'C': 19, 'H': 8, 'O': 2}",268.05242949698,neutral,0,PEEK,Polyether Ether Ketone,neutral_loss,M | H shift -2 | -H2O | ; | break 2 bond(s) | H shift -2 | -H2,0,-2,,H2O,,0.55
C19H8O3,"{'C': 19, 'H': 8, 'O': 3}",284.04734411655,neutral,0,PEEK,Polyether Ether Ketone,neutral_loss,M | H shift -2 | -H2,0,-2,,H2,,0.55
C38H23O6,"{'C': 38, 'H': 23, 'O': 6}",575.14946345871,negative,-1,PEEK,Polyether Ether Ketone,dimer,2M | -H,0,0,-H,,,0.55
C38H25O6,"{'C': 38, 'H': 25, 'O': 6}",577.16511352317,positive,1,PEEK,Polyether Ether Ketone,dimer,2M | H,0,0,H,,,0.55
C12H10O2,"{'C': 12, 'O': 2, 'H': 10}",186.06807956144002,neutral,0,PEEK,Polyether Ether Ketone,h_shift,break 1 bond(s) | H shift +1 | ; | break 2 bond(s) | H shift +1 | ; | break 2 bond(s) | H shift +1,1,1,,,"[2, 3, 4, 5, 6, 7, 8, 9, 10, 11, 12, 13, 14, 15, 23, 24, 25, 26, 27, 28, 29, 30, 31]",0.5499999999999999
C12H11O2,"{'C': 12, 'O': 2, 'H': 11}",187.07590459367,positive,1,PEEK,Polyether Ether Ketone,adduct,break 1 bond(s) | H shift +1 | H | ; | break 2 bond(s) | H shift +1 | H | ; | break 2 bond(s) | H shift +1 | H,1,1,H,,"[2, 3, 4, 5, 6, 7, 8, 9, 10, 11, 12, 13, 14, 15, 23, 24, 25, 26, 27, 28, 29, 30, 31]",0.5499999999999999
C12H7O2,"{'C': 12, 'O': 2, 'H': 7}",183.04460446475,negative,-1,PEEK,Polyether Ether Ketone,adduct,break 1 bond(s) | H shift -1 | -H | ; | break 2 bond(s) | H shift -2 | OH | ; | break 2 bond(s) | H shift -1 | O,1,-1,-H,,"[2, 3, 4, 5, 6, 7, 8, 9, 10, 11, 12, 13, 14, 15, 23, 24, 25, 26, 27, 28, 29, 30, 31]",0.5499999999999999
C12H8O2,"{'C': 12, 'O': 2, 'H': 8}",184.05242949698,neutral,0,PEEK,Polyether Ether Ketone,h_shift,break 1 bond(s) | H shift -1 | ; | break 2 bond(s) | H shift -1 | ; | break 2 bond(s) | H shift -1,1,-1,,,"[2, 3, 4, 5, 6, 7, 8, 9, 10, 11, 12, 13, 14, 15, 23, 24, 25, 26, 27, 28, 29, 30, 31]",0.5499999999999999
C12H9O2,"{'C': 12, 'O': 2, 'H': 9}",185.06025452921,positive,1,PEEK,Polyether Ether Ketone,adduct,break 1 bond(s) | H shift -1 | H | ; | break 2 bond(s) | H shift -1 | H | ; | break 2 bond(s) | H shift -1 | H,1,-1,H,,"[2, 3, 4, 5, 6, 7, 8, 9, 10, 11, 12, 13, 14, 15, 23, 24, 25, 26, 27, 28, 29, 30, 31]",0.5499999999999999
C12H9O2,"{'C': 12, 'O': 2, 'H': 9}",185.06025452921,negative,-1,PEEK,Polyether Ether Ketone,adduct,break 1 bond(s) | H shift +1 | -H | ; | break 2 bond(s) | OH | ; | break 2 bond(s) | H shift +1 | O,1,1,-H,,"[2, 3, 4, 5, 6, 7, 8, 9, 10, 11, 12, 13, 14, 15, 23, 24, 25, 26, 27, 28, 29, 30, 31]",0.5499999999999999
C13H10O2,"{'O': 2, 'C': 13, 'H': 10}",198.06807956144002,neutral,0,PEEK,Polyether Ether Ketone,h_shift,break 1 bond(s) | H shift +1 | ; | break 2 bond(s) | H shift +1 | ; | break 2 bond(s) | H shift +1 | ; | break 2 bond(s) | H shift +2,1,1,,,"[0, 1, 2, 3, 4, 5, 14, 15, 16, 17, 18, 19, 20, 21, 22, 23, 24, 30, 31, 32, 33, 34, 35, 36]",0.5499999999999999
C13H10O3,"{'O': 3, 'C': 13, 'H': 10}",214.06299418101,neutral,0,PEEK,Polyether Ether Ketone,h_shift,break 1 bond(s) | H shift +1 | ; | break 1 bond(s) | H shift +1 | ; | break 2 bond(s) | H shift +1 | ; | break 2 bond(s) | H shift +1,1,1,,,"[0, 1, 2, 3, 4, 5, 6, 14, 15, 16, 17, 18, 19, 20, 21, 22, 23, 24, 30, 31, 32, 33, 34, 35, 36]",0.5499999999999999
C13H11O2,"{'O': 2, 'C': 13, 'H': 11}",199.07590459367,positive,1,PEEK,Polyether Ether Ketone,adduct,break 1 bond(s) | H shift +1 | H | ; | break 2 bond(s) | H shift +1 | H | ; | break 2 bond(s) | H shift +1 | H,1,1,H,,"[0, 1, 2, 3, 4, 5, 14, 15, 16, 17, 18, 19, 20, 21, 22, 23, 24, 30, 31, 32, 33, 34, 35, 36]",0.5499999999999999
C13H11O3,"{'O': 3, 'C': 13, 'H': 11}",215.07081921324001,positive,1,PEEK,Polyether Ether Ketone,adduct,break 1 bond(s) | H shift +1 | H | ; | break 1 bond(s) | H shift +1 | H | ; | break 2 bond(s) | H shift +1 | H,1,1,H,,"[0, 1, 2, 3, 4, 5, 6, 14, 15, 16, 17, 18, 19, 20, 21, 22, 23, 24, 30, 31, 32, 33, 34, 35, 36]",0.5499999999999999
C13H7O2,"{'O': 2, 'C': 13, 'H': 7}",195.04460446475,negative,-1,PEEK,Polyether Ether Ketone,adduct,break 1 bond(s) | H shift -1 | -H | ; | break 2 bond(s) | H shift -1 | -H | ; | break 2 bond(s) | H shift -1 | -H,1,-1,-H,,"[0, 1, 2, 3, 4, 5, 14, 15, 16, 17, 18, 19, 20, 21, 22, 23, 24, 30, 31, 32, 33, 34, 35, 36]",0.5499999999999999
C13H7O3,"{'O': 3, 'C': 13, 'H': 7}",211.03951908432,negative,-1,PEEK,Polyether Ether Ketone,adduct,break 1 bond(s) | H shift -1 | -H | ; | break 1 bond(s) | H shift -1 | -H | ; | break 2 bond(s) | H shift -2 | O,1,-1,-H,,"[0, 1, 2, 3, 4, 5, 6, 14, 15, 16, 17, 18, 19, 20, 21, 22, 23, 24, 30, 31, 32, 33, 34, 35, 36]",0.5499999999999999
C13H8O2,"{'O': 2, 'C': 13, 'H': 8}",196.05242949698,neutral,0,PEEK,Polyether Ether Ketone,h_shift,break 1 bond(s) | H shift -1 | ; | break 2 bond(s) | H shift -1 | ; | break 2 bond(s) | H shift -1,1,-1,,,"[0, 1, 2, 3, 4, 5, 14, 15, 16, 17, 18, 19, 20, 21, 22, 23, 24, 30, 31, 32, 33, 34, 35, 36]",0.5499999999999999
C13H8O3,"{'O': 3, 'C': 13, 'H': 8}",212.04734411655,neutral,0,PEEK,Polyether Ether Ketone,h_shift,break 1 bond(s) | H shift -1 | ; | break 1 bond(s) | H shift -1 | ; | break 2 bond(s) | H shift -1 | ; | break 2 bond(s) | H shift -1,1,-1,,,"[0, 1, 2, 3, 4, 5, 6, 14, 15, 16, 17, 18, 19, 20, 21, 22, 23, 24, 30, 31, 32, 33, 34, 35, 36]",0.5499999999999999
C13H9O2,"{'O': 2, 'C': 13, 'H': 9}",197.06025452921,positive,1,PEEK,Polyether Ether Ketone,adduct,break 1 bond(s) | H shift -1 | H | ; | break 2 bond(s) | H shift -1 | H | ; | break 2 bond(s) | H shift -1 | H,1,-1,H,,"[0, 1, 2, 3, 4, 5, 14, 15, 16, 17, 18, 19, 20, 21, 22, 23, 24, 30, 31, 32, 33, 34, 35, 36]",0.5499999999999999
C13H9O2,"{'O': 2, 'C': 13, 'H': 9}",197.06025452921,negative,-1,PEEK,Polyether Ether Ketone,adduct,break 1 bond(s) | H shift +1 | -H | ; | break 2 bond(s) | H shift +1 | -H | ; | break 2 bond(s) | H shift +1 | -H,1,1,-H,,"[0, 1, 2, 3, 4, 5, 14, 15, 16, 17, 18, 19, 20, 21, 22, 23, 24, 30, 31, 32, 33, 34, 35, 36]",0.5499999999999999
C13H9O3,"{'O': 3, 'C': 13, 'H': 9}",213.05516914878,negative,-1,PEEK,Polyether Ether Ketone,adduct,break 1 bond(s) | H shift +1 | -H | ; | break 1 bond(s) | H shift +1 | -H | ; | break 2 bond(s) | H shift -1 | OH,1,1,-H,,"[0, 1, 2, 3, 4, 5, 6, 14, 15, 16, 17, 18, 19, 20, 21, 22, 23, 24, 30, 31, 32, 33, 34, 35, 36]",0.5499999999999999
C13H9O3,"{'O': 3, 'C': 13, 'H': 9}",213.05516914878,positive,1,PEEK,Polyether Ether Ketone,adduct,break 1 bond(s) | H shift -1 | H | ; | break 1 bond(s) | H shift -1 | H | ; | break 2 bond(s) | H shift -1 | H,1,-1,H,,"[0, 1, 2, 3, 4, 5, 6, 14, 15, 16, 17, 18, 19, 20, 21, 22, 23, 24, 30, 31, 32, 33, 34, 35, 36]",0.5499999999999999
C19H12O3,"{'O': 3, 'C': 19, 'H': 12}",288.07864424547,neutral,0,PEEK,Polyether Ether Ketone,h_shift,break 1 bond(s) | H shift -1 | ; | break 1 bond(s) | H shift -1,1,-1,,,"[0, 1, 2, 3, 4, 5, 6, 7, 8, 9, 10, 12, 13, 14, 15, 16, 17, 18, 19, 20, 21, 22, 23, 24, 25, 26, 28, 29, 30, 31, 32, 33, 34, 35, 36]",0.5499999999999999
C6H3O,"{'C': 6, 'O': 1, 'H': 3}",91.01838971626,negative,-1,PEEK,Polyether Ether Ketone,adduct,break 1 bond(s) | H shift -1 | -H | ; | break 1 bond(s) | H shift -1 | -H | ; | break 2 bond(s) | H shift -2 | OH,1,-1,-H,,"[7, 8, 9, 10, 11, 12, 13, 25, 26, 27, 28, 29]",0.5499999999999999
C6H3O2,"{'O': 2, 'C': 6, 'H': 3}",107.01330433583,negative,-1,PEEK,Polyether Ether Ketone,adduct,break 1 bond(s) | H shift -1 | -H | ; | break 1 bond(s) | H shift -2 | O | ; | break 1 bond(s) | H shift -2 | O,1,-1,-H,,"[6, 7, 8, 9, 10, 11, 12, 13, 25, 26, 27, 28, 29]",0.5499999999999999
C6H4O,"{'C': 6, 'O': 1, 'H': 4}",92.02621474849,neutral,0,PEEK,Polyether Ether Ketone,h_shift,break 1 bond(s) | H shift -1 | ; | break 1 bond(s) | H shift -1 | ; | break 2 bond(s) | H shift -1 | ; | break 2 bond(s) | H shift -1,1,-1,,,"[7, 8, 9, 10, 11, 12, 13, 25, 26, 27, 28, 29]",0.5499999999999999
C6H4O2,"{'O': 2, 'C': 6, 'H': 4}",108.02112936806,neutral,0,PEEK,Polyether Ether Ketone,h_shift,break 1 bond(s) | H shift -1 | ; | break 2 bond(s) | H shift -1 | ; | break 2 bond(s) | H shift -1 | ; | break 2 bond(s) | H shift -1,1,-1,,,"[6, 7, 8, 9, 10, 11, 12, 13, 25, 26, 27, 28, 29]",0.5499999999999999
C6H5O,"{'C': 6, 'O': 1, 'H': 5}",93.03403978072001,positive,1,PEEK,Polyether Ether Ketone,adduct,break 1 bond(s) | H shift -1 | H | ; | break 1 bond(s) | H shift -1 | H | ; | break 2 bond(s) | H,1,-1,H,,"[7, 8, 9, 10, 11, 12, 13, 25, 26, 27, 28, 29]",0.5499999999999999
C6H5O,"{'C': 6, 'O': 1, 'H': 5}",93.03403978072001,negative,-1,PEEK,Polyether Ether Ketone,adduct,break 1 bond(s) | H shift +1 | -H | ; | break 1 bond(s) | H shift +1 | -H | ; | break 2 bond(s) | OH,1,1,-H,,"[7, 8, 9, 10, 11, 12, 13, 25, 26, 27, 28, 29]",0.5499999999999999
C6H5O2,"{'O': 2, 'C': 6, 'H': 5}",109.02895440029,positive,1,PEEK,Polyether Ether Ketone,adduct,break 1 bond(s) | H shift -1 | H | ; | break 2 bond(s) | H shift -1 | H | ; | break 2 bond(s) | H shift -1 | H,1,-1,H,,"[6, 7, 8, 9, 10, 11, 12, 13, 25, 26, 27, 28, 29]",0.5499999999999999
C6H5O2,"{'O': 2, 'C': 6, 'H': 5}",109.02895440029,negative,-1,PEEK,Polyether Ether Ketone,adduct,break 1 bond(s) | H shift +1 | -H | ; | break 1 bond(s) | H shift -1 | OH | ; | break 1 bond(s) | O,1,1,-H,,"[6, 7, 8, 9, 10, 11, 12, 13, 25, 26, 27, 28, 29]",0.5499999999999999
C6H6O,"{'C': 6, 'O': 1, 'H': 6}",94.04186481295,neutral,0,PEEK,Polyether Ether Ketone,h_shift,break 1 bond(s) | H shift +1 | ; | break 1 bond(s) | H shift +1 | ; | break 2 bond(s) | H shift +2 | ; | break 2 bond(s) | H shift +1,1,1,,,"[7, 8, 9, 10, 11, 12, 13, 25, 26, 27, 28, 29]",0.5499999999999999
C6H6O2,"{'O': 2, 'C': 6, 'H': 6}",110.03677943252,neutral,0,PEEK,Polyether Ether Ketone,h_shift,break 1 bond(s) | H shift +1 | ; | break 2 bond(s) | H shift +1 | ; | break 2 bond(s) | H shift +1 | ; | break 2 bond(s) | H shift +1,1,1,,,"[6, 7, 8, 9, 10, 11, 12, 13, 25, 26, 27, 28, 29]",0.5499999999999999
C6H7O,"{'C': 6, 'O': 1, 'H': 7}",95.04968984518,positive,1,PEEK,Polyether Ether Ketone,adduct,break 1 bond(s) | H shift +1 | H | ; | break 1 bond(s) | H shift +1 | H | ; | break 2 bond(s) | H shift +2 | H,1,1,H,,"[7, 8, 9, 10, 11, 12, 13, 25, 26, 27, 28, 29]",0.5499999999999999
C6H7O2,"{'O': 2, 'C': 6, 'H': 7}",111.04460446475,positive,1,PEEK,Polyether Ether Ketone,adduct,break 1 bond(s) | H shift +1 | H | ; | break 2 bond(s) | H shift +1 | H | ; | break 2 bond(s) | H shift +1 | H,1,1,H,,"[6, 7, 8, 9, 10, 11, 12, 13, 25, 26, 27, 28, 29]",0.5499999999999999
C7H3O2,"{'O': 2, 'C': 7, 'H': 3}",119.01330433583,negative,-1,PEEK,Polyether Ether Ketone,adduct,break 1 bond(s) | H shift -1 | -H | ; | break 2 bond(s) | H shift -1 | -H | ; | break 2 bond(s) | H shift -1 | -H,1,-1,-H,,"[0, 1, 16, 17, 18, 19, 20, 21, 22, 32, 33, 34, 35, 36]",0.5499999999999999
C7H4O2,"{'O': 2, 'C': 7, 'H': 4}",120.02112936806,neutral,0,PEEK,Polyether Ether Ketone,h_shift,break 1 bond(s) | H shift -1 | ; | break 2 bond(s) | H shift -1 | ; | break 2 bond(s) | H shift -1 | ; | break 2 bond(s) | H shift -1,1,-1,,,"[0, 1, 16, 17, 18, 19, 20, 21, 22, 32, 33, 34, 35, 36]",0.5499999999999999
C7H5O2,"{'O': 2, 'C': 7, 'H': 5}",121.02895440029,positive,1,PEEK,Polyether Ether Ketone,adduct,break 1 bond(s) | H shift -1 | H | ; | break 2 bond(s) | H shift -1 | H | ; | break 2 bond(s) | H shift -1 | H,1,-1,H,,"[0, 1, 16, 17, 18, 19, 20, 21, 22, 32, 33, 34, 35, 36]",0.5499999999999999
C7H5O2,"{'O': 2, 'C': 7, 'H': 5}",121.02895440029,negative,-1,PEEK,Polyether Ether Ketone,adduct,break 1 bond(s) | H shift +1 | -H | ; | break 2 bond(s) | H shift +1 | -H | ; | break 2 bond(s) | H shift +1 | -H,1,1,-H,,"[0, 1, 16, 17, 18, 19, 20, 21, 22, 32, 33, 34, 35, 36]",0.5499999999999999
C7H6O2,"{'O': 2, 'C': 7, 'H': 6}",122.03677943252,neutral,0,PEEK,Polyether Ether Ketone,h_shift,break 1 bond(s) | H shift +1 | ; | break 2 bond(s) | H shift +1 | ; | break 2 bond(s) | H shift +1 | ; | break 2 bond(s) | H shift +1,1,1,,,"[0, 1, 16, 17, 18, 19, 20, 21, 22, 32, 33, 34, 35, 36]",0.5499999999999999
C7H7O2,"{'O': 2, 'C': 7, 'H': 7}",123.04460446475,positive,1,PEEK,Polyether Ether Ketone,adduct,break 1 bond(s) | H shift +1 | H | ; | break 2 bond(s) | H shift +1 | H | ; | break 2 bond(s) | H shift +1 | H,1,1,H,,"[0, 1, 16, 17, 18, 19, 20, 21, 22, 32, 33, 34, 35, 36]",0.5499999999999999
C19H10ClO3,"{'C': 19, 'H': 10, 'O': 3, 'Cl': 1}",321.03184686301,negative,-1,PEEK,Polyether Ether Ketone,adduct,M | H shift -2 | Cl,0,-2,Cl,,,0.53
C19H10KO3,"{'C': 19, 'H': 10, 'O': 3, 'K': 1}",325.02670066741,positive,1,PEEK,Polyether Ether Ketone,adduct,M | H shift -2 | K,0,-2,K,,,0.53
C19H10NaO3,"{'C': 19, 'H': 10, 'O': 3, 'Na': 1}",309.05276346301,positive,1,PEEK,Polyether Ether Ketone,adduct,M | H shift -2 | Na,0,-2,Na,,,0.53
C19H10O4,"{'C': 19, 'H': 10, 'O': 4}",302.05790880058,negative,-1,PEEK,Polyether Ether Ketone,adduct,M | H shift -2 | O,0,-2,O,,,0.53
C19H14ClO3,"{'C': 19, 'H': 14, 'O': 3, 'Cl': 1}",325.06314699193,negative,-1,PEEK,Polyether Ether Ketone,adduct,M | H shift +2 | Cl | ; | break 1 bond(s) | H shift +1 | Cl | ; | break 1 bond(s) | H shift +1 | Cl,0,2,Cl,,,0.53
C19H14KO3,"{'C': 19, 'H': 14, 'O': 3, 'K': 1}",329.05800079633,positive,1,PEEK,Polyether Ether Ketone,adduct,M | H shift +2 | K | ; | break 1 bond(s) | H shift +1 | K | ; | break 1 bond(s) | H shift +1 | K,0,2,K,,,0.53
C19H14NaO3,"{'C': 19, 'H': 14, 'O': 3, 'Na': 1}",313.08406359193,positive,1,PEEK,Polyether Ether Ketone,adduct,M | H shift +2 | Na | ; | break 1 bond(s) | H shift +1 | Na | ; | break 1 bond(s) | H shift +1 | Na,0,2,Na,,,0.53
C19H15O4,"{'C': 19, 'H': 15, 'O': 4}",307.09703396173,negative,-1,PEEK,Polyether Ether Ketone,adduct,M | H shift +2 | OH | ; | break 1 bond(s) | H shift +1 | OH | ; | break 1 bond(s) | H shift +2 | O,0,2,OH,,,0.53
C11H6O2,"{'C': 11, 'O': 2, 'H': 6}",170.03677943252,neutral,0,PEEK,Polyether Ether Ketone,neutral_loss,break 1 bond(s) | -CH3 | ; | break 2 bond(s) | -CH3 | ; | break 2 bond(s) | -CH3,1,0,,CH3,"[2, 3, 4, 5, 6, 7, 8, 9, 10, 11, 12, 13, 14, 15, 23, 24, 25, 26, 27, 28, 29, 30, 31]",0.5
C11H9,"{'C': 11, 'H': 9}",141.07042529007,neutral,0,PEEK,Polyether Ether Ketone,neutral_loss,break 1 bond(s) | -CO2 | ; | break 2 bond(s) | H shift +1 | -CO | ; | break 2 bond(s) | -CO2,1,0,,CO2,"[2, 3, 4, 5, 6, 7, 8, 9, 10, 11, 12, 13, 14, 15, 23, 24, 25, 26, 27, 28, 29, 30, 31]",0.5
C11H9O,"{'C': 11, 'O': 1, 'H': 9}",157.06533990964,neutral,0,PEEK,Polyether Ether Ketone,neutral_loss,break 1 bond(s) | -CO | ; | break 2 bond(s) | -CO | ; | break 2 bond(s) | -CO,1,0,,CO,"[2, 3, 4, 5, 6, 7, 8, 9, 10, 11, 12, 13, 14, 15, 23, 24, 25, 26, 27, 28, 29, 30, 31]",0.5
C12H10O2,"{'C': 12, 'O': 2, 'H': 10}",186.06807956144002,negative,-1,PEEK,Polyether Ether Ketone,adduct,break 1 bond(s) | H shift +2 | -H | ; | break 2 bond(s) | H shift +1 | OH | ; | break 2 bond(s) | H shift +2 | O,1,2,-H,,"[2, 3, 4, 5, 6, 7, 8, 9, 10, 11, 12, 13, 14, 15, 23, 24, 25, 26, 27, 28, 29, 30, 31]",0.5
C12H11O2,"{'C': 12, 'O': 2, 'H': 11}",187.07590459367,neutral,0,PEEK,Polyether Ether Ketone,h_shift,break 1 bond(s) | H shift +2 | ; | break 2 bond(s) | H shift +2 | ; | break 2 bond(s) | H shift +2,1,2,,,"[2, 3, 4, 5, 6, 7, 8, 9, 10, 11, 12, 13, 14, 15, 23, 24, 25, 26, 27, 28, 29, 30, 31]",0.5
C12H12O2,"{'C': 12, 'O': 2, 'H': 12}",188.0837296259,positive,1,PEEK,Polyether Ether Ketone,adduct,break 1 bond(s) | H shift +2 | H | ; | break 2 bond(s) | H shift +2 | H | ; | break 2 bond(s) | H shift +2 | H,1,2,H,,"[2, 3, 4, 5, 6, 7, 8, 9, 10, 11, 12, 13, 14, 15, 23, 24, 25, 26, 27, 28, 29, 30, 31]",0.5
C12H6O2,"{'C': 12, 'O': 2, 'H': 6}",182.03677943252,negative,-1,PEEK,Polyether Ether Ketone,adduct,break 1 bond(s) | H shift -2 | -H | ; | break 2 bond(s) | H shift -2 | O | ; | break 2 bond(s) | H shift -2 | -H,1,-2,-H,,"[2, 3, 4, 5, 6, 7, 8, 9, 10, 11, 12, 13, 14, 15, 23, 24, 25, 26, 27, 28, 29, 30, 31]",0.5
C12H6O2,"{'O': 2, 'C': 12, 'H': 6}",182.03677943252,neutral,0,PEEK,Polyether Ether Ketone,neutral_loss,break 1 bond(s) | -CH3 | ; | break 2 bond(s) | H shift -1 | -H2 | ; | break 2 bond(s) | H shift -1 | -H2,1,0,,CH3,"[0, 1, 2, 3, 4, 5, 14, 15, 16, 17, 18, 19, 20, 21, 22, 23, 24, 30, 31, 32, 33, 34, 35, 36]",0.5
C12H6O3,"{'O': 3, 'C': 12, 'H': 6}",198.03169405209002,neutral,0,PEEK,Polyether Ether Ketone,neutral_loss,break 1 bond(s) | -CH3 | ; | break 1 bond(s) | -CH3 | ; | break 2 bond(s) | -CH3 | ; | break 2 bond(s) | -CH3,1,0,,CH3,"[0, 1, 2, 3, 4, 5, 6, 14, 15, 16, 17, 18, 19, 20, 21, 22, 23, 24, 30, 31, 32, 33, 34, 35, 36]",0.5
C12H7O,"{'C': 12, 'O': 1, 'H': 7}",167.04968984518,neutral,0,PEEK,Polyether Ether Ketone,neutral_loss,break 1 bond(s) | -H2O | ; | break 1 bond(s) | H shift -2 | -CO | ; | break 1 bond(s) | H shift -2 | -CO2,1,0,,H2O,"[2, 3, 4, 5, 6, 7, 8, 9, 10, 11, 12, 13, 14, 15, 23, 24, 25, 26, 27, 28, 29, 30, 31]",0.5
C12H7O2,"{'C': 12, 'O': 2, 'H': 7}",183.04460446475,neutral,0,PEEK,Polyether Ether Ketone,h_shift,break 1 bond(s) | H shift -2 | ; | break 2 bond(s) | H shift -2 | ; | break 2 bond(s) | H shift -2,1,-2,,,"[2, 3, 4, 5, 6, 7, 8, 9, 10, 11, 12, 13, 14, 15, 23, 24, 25, 26, 27, 28, 29, 30, 31]",0.5
C12H7O2,"{'C': 12, 'O': 2, 'H': 7}",183.04460446475,neutral,0,PEEK,Polyether Ether Ketone,neutral_loss,break 1 bond(s) | -H2 | ; | break 1 bond(s) | H shift +1 | -CH3 | ; | break 1 bond(s) | H shift -2 | -CO,1,0,,H2,"[2, 3, 4, 5, 6, 7, 8, 9, 10, 11, 12, 13, 14, 15, 23, 24, 25, 26, 27, 28, 29, 30, 31]",0.5
C12H8O,"{'C': 12, 'O': 1, 'H': 8}",168.05751487741,neutral,0,PEEK,Polyether Ether Ketone,neutral_loss,break 1 bond(s) | -OH | ; | break 1 bond(s) | H shift +1 | -H2O | ; | break 1 bond(s) | H shift -1 | -CO,1,0,,OH,"[2, 3, 4, 5, 6, 7, 8, 9, 10, 11, 12, 13, 14, 15, 23, 24, 25, 26, 27, 28, 29, 30, 31]",0.5
C12H8O2,"{'C': 12, 'O': 2, 'H': 8}",184.05242949698,positive,1,PEEK,Polyether Ether Ketone,adduct,break 1 bond(s) | H shift -2 | H | ; | break 2 bond(s) | H shift -2 | H | ; | break 2 bond(s) | H shift -2 | H,1,-2,H,,"[2, 3, 4, 5, 6, 7, 8, 9, 10, 11, 12, 13, 14, 15, 23, 24, 25, 26, 27, 28, 29, 30, 31]",0.5
C12H9,"{'C': 12, 'H': 9}",153.07042529007,neutral,0,PEEK,Polyether Ether Ketone,neutral_loss,break 1 bond(s) | -CO2 | ; | break 2 bond(s) | H shift +2 | -OH | ; | break 2 bond(s) | -CO2,1,0,,CO2,"[0, 1, 2, 3, 4, 5, 14, 15, 16, 17, 18, 19, 20, 21, 22, 23, 24, 30, 31, 32, 33, 34, 35, 36]",0.5
C12H9O,"{'O': 1, 'C': 12, 'H': 9}",169.06533990964,neutral,0,PEEK,Polyether Ether Ketone,neutral_loss,break 1 bond(s) | -CO | ; | break 1 bond(s) | -CO2 | ; | break 1 bond(s) | -CO2 | ; | break 2 bond(s) | H shift +1 | -OH,1,0,,CO,"[0, 1, 2, 3, 4, 5, 14, 15, 16, 17, 18, 19, 20, 21, 22, 23, 24, 30, 31, 32, 33, 34, 35, 36]",0.5
C12H9O2,"{'O': 2, 'C': 12, 'H': 9}",185.06025452921,neutral,0,PEEK,Polyether Ether Ketone,neutral_loss,break 1 bond(s) | -CO | ; | break 1 bond(s) | -CO | ; | break 2 bond(s) | H shift +2 | -H2,1,0,,CO,"[0, 1, 2, 3, 4, 5, 6, 14, 15, 16, 17, 18, 19, 20, 21, 22, 23, 24, 30, 31, 32, 33, 34, 35, 36]",0.5
C13H10O2,"{'O': 2, 'C': 13, 'H': 10}",198.06807956144002,negative,-1,PEEK,Polyether Ether Ketone,adduct,break 1 bond(s) | H shift +2 | -H | ; | break 2 bond(s) | H shift +2 | -H | ; | break 2 bond(s) | H shift +2 | -H,1,2,-H,,"[0, 1, 2, 3, 4, 5, 14, 15, 16, 17, 18, 19, 20, 21, 22, 23, 24, 30, 31, 32, 33, 34, 35, 36]",0.5
C13H10O3,"{'O': 3, 'C': 13, 'H': 10}",214.06299418101,negative,-1,PEEK,Polyether Ether Ketone,adduct,break 1 bond(s) | H shift +2 | -H | ; | break 1 bond(s) | H shift +2 | -H | ; | break 2 bond(s) | OH,1,2,-H,,"[0, 1, 2, 3, 4, 5, 6, 14, 15, 16, 17, 18, 19, 20, 21, 22, 23, 24, 30, 31, 32, 33, 34, 35, 36]",0.5
C13H11O2,"{'O': 2, 'C': 13, 'H': 11}",199.07590459367,neutral,0,PEEK,Polyether Ether Ketone,h_shift,break 1 bond(s) | H shift +2 | ; | break 2 bond(s) | H shift +2 | ; | break 2 bond(s) | H shift +2,1,2,,,"[0, 1, 2, 3, 4, 5, 14, 15, 16, 17, 18, 19, 20, 21, 22, 23, 24, 30, 31, 32, 33, 34, 35, 36]",0.5
C13H11O3,"{'O': 3, 'C': 13, 'H': 11}",215.07081921324001,neutral,0,PEEK,Polyether Ether Ketone,h_shift,break 1 bond(s) | H shift +2 | ; | break 1 bond(s) | H shift +2 | ; | break 2 bond(s) | H shift +2 | ; | break 2 bond(s) | H shift +2,1,2,,,"[0, 1, 2, 3, 4, 5, 6, 14, 15, 16, 17, 18, 19, 20, 21, 22, 23, 24, 30, 31, 32, 33, 34, 35, 36]",0.5
C13H12O2,"{'O': 2, 'C': 13, 'H': 12}",200.0837296259,positive,1,PEEK,Polyether Ether Ketone,adduct,break 1 bond(s) | H shift +2 | H | ; | break 2 bond(s) | H shift +2 | H | ; | break 2 bond(s) | H shift +2 | H,1,2,H,,"[0, 1, 2, 3, 4, 5, 14, 15, 16, 17, 18, 19, 20, 21, 22, 23, 24, 30, 31, 32, 33, 34, 35, 36]",0.5
C13H12O3,"{'O': 3, 'C': 13, 'H': 12}",216.07864424547,positive,1,PEEK,Polyether Ether Ketone,adduct,break 1 bond(s) | H shift +2 | H | ; | break 1 bond(s) | H shift +2 | H | ; | break 2 bond(s) | H shift +2 | H,1,2,H,,"[0, 1, 2, 3, 4, 5, 6, 14, 15, 16, 17, 18, 19, 20, 21, 22, 23, 24, 30, 31, 32, 33, 34, 35, 36]",0.5
C13H6O2,"{'O': 2, 'C': 13, 'H': 6}",194.03677943252,negative,-1,PEEK,Polyether Ether Ketone,adduct,break 1 bond(s) | H shift -2 | -H | ; | break 2 bond(s) | H shift -2 | -H | ; | break 2 bond(s) | H shift -2 | -H,1,-2,-H,,"[0, 1, 2, 3, 4, 5, 14, 15, 16, 17, 18, 19, 20, 21, 22, 23, 24, 30, 31, 32, 33, 34, 35, 36]",0.5
C13H6O3,"{'O': 3, 'C': 13, 'H': 6}",210.03169405209002,negative,-1,PEEK,Polyether Ether Ketone,adduct,break 1 bond(s) | H shift -2 | -H | ; | break 1 bond(s) | H shift -2 | -H | ; | break 2 bond(s) | H shift -2 | -H,1,-2,-H,,"[0, 1, 2, 3, 4, 5, 6, 14, 15, 16, 17, 18, 19, 20, 21, 22, 23, 24, 30, 31, 32, 33, 34, 35, 36]",0.5
C13H7O,"{'O': 1, 'C': 13, 'H': 7}",179.04968984518,neutral,0,PEEK,Polyether Ether Ketone,neutral_loss,break 1 bond(s) | -H2O | ; | break 2 bond(s) | H shift -1 | -OH | ; | break 2 bond(s) | -H2O,1,0,,H2O,"[0, 1, 2, 3, 4, 5, 14, 15, 16, 17, 18, 19, 20, 21, 22, 23, 24, 30, 31, 32, 33, 34, 35, 36]",0.5
C13H7O2,"{'O': 2, 'C': 13, 'H': 7}",195.04460446475,neutral,0,PEEK,Polyether Ether Ketone,h_shift,break 1 bond(s) | H shift -2 | ; | break 2 bond(s) | H shift -2 | ; | break 2 bond(s) | H shift -2 | ; | break 2 bond(s) | H shift -1,1,-2,,,"[0, 1, 2, 3, 4, 5, 14, 15, 16, 17, 18, 19, 20, 21, 22, 23, 24, 30, 31, 32, 33, 34, 35, 36]",0.5
C13H7O2,"{'O': 2, 'C': 13, 'H': 7}",195.04460446475,neutral,0,PEEK,Polyether Ether Ketone,neutral_loss,break 1 bond(s) | -H2 | ; | break 1 bond(s) | H shift -1 | -OH | ; | break 1 bond(s) | -H2O,1,0,,H2,"[0, 1, 2, 3, 4, 5, 14, 15, 16, 17, 18, 19, 20, 21, 22, 23, 24, 30, 31, 32, 33, 34, 35, 36]",0.5
C13H7O3,"{'O': 3, 'C': 13, 'H': 7}",211.03951908432,neutral,0,PEEK,Polyether Ether Ketone,h_shift,break 1 bond(s) | H shift -2 | ; | break 1 bond(s) | H shift -2 | ; | break 2 bond(s) | H shift -2 | ; | break 2 bond(s) | H shift -2,1,-2,,,"[0, 1, 2, 3, 4, 5, 6, 14, 15, 16, 17, 18, 19, 20, 21, 22, 23, 24, 30, 31, 32, 33, 34, 35, 36]",0.5
C13H7O3,"{'O': 3, 'C': 13, 'H': 7}",211.03951908432,neutral,0,PEEK,Polyether Ether Ketone,neutral_loss,break 1 bond(s) | -H2 | ; | break 1 bond(s) | -H2 | ; | break 2 bond(s) | -H2 | ; | break 2 bond(s) | -H2,1,0,,H2,"[0, 1, 2, 3, 4, 5, 6, 14, 15, 16, 17, 18, 19, 20, 21, 22, 23, 24, 30, 31, 32, 33, 34, 35, 36]",0.5
C13H8O,"{'O': 1, 'C': 13, 'H': 8}",180.05751487741,neutral,0,PEEK,Polyether Ether Ketone,neutral_loss,break 1 bond(s) | -OH | ; | break 1 bond(s) | H shift +1 | -H2O | ; | break 2 bond(s) | -OH,1,0,,OH,"[0, 1, 2, 3, 4, 5, 14, 15, 16, 17, 18, 19, 20, 21, 22, 23, 24, 30, 31, 32, 33, 34, 35, 36]",0.5
C13H8O2,"{'O': 2, 'C': 13, 'H': 8}",196.05242949698,positive,1,PEEK,Polyether Ether Ketone,adduct,break 1 bond(s) | H shift -2 | H | ; | break 2 bond(s) | H shift -2 | H | ; | break 2 bond(s) | H shift -2 | H,1,-2,H,,"[0, 1, 2, 3, 4, 5, 14, 15, 16, 17, 18, 19, 20, 21, 22, 23, 24, 30, 31, 32, 33, 34, 35, 36]",0.5
C13H8O2,"{'O': 2, 'C': 13, 'H': 8}",196.05242949698,neutral,0,PEEK,Polyether Ether Ketone,neutral_loss,break 1 bond(s) | -OH | ; | break 1 bond(s) | H shift +1 | -H2O | ; | break 1 bond(s) | -OH,1,0,,OH,"[0, 1, 2, 3, 4, 5, 6, 14, 15, 16, 17, 18, 19, 20, 21, 22, 23, 24, 30, 31, 32, 33, 34, 35, 36]",0.5
C13H8O3,"{'O': 3, 'C': 13, 'H': 8}",212.04734411655,positive,1,PEEK,Polyether Ether Ketone,adduct,break 1 bond(s) | H shift -2 | H | ; | break 1 bond(s) | H shift -2 | H | ; | break 2 bond(s) | H shift -2 | H,1,-2,H,,"[0, 1, 2, 3, 4, 5, 6, 14, 15, 16, 17, 18, 19, 20, 21, 22, 23, 24, 30, 31, 32, 33, 34, 35, 36]",0.5
C19H14O3,"{'O': 3, 'C': 19, 'H': 14}",290.09429430993,negative,-1,PEEK,Polyether Ether Ketone,adduct,break 1 bond(s) | H shift +2 | -H | ; | break 1 bond(s) | H shift +2 | -H | ; | break 2 bond(s) | H shift +1 | OH,1,2,-H,,"[0, 1, 2, 3, 4, 5, 6, 7, 8, 9, 10, 12, 13, 14, 15, 16, 17, 18, 19, 20, 21, 22, 23, 24, 25, 26, 28, 29, 30, 31, 32, 33, 34, 35, 36]",0.5
C19H15O3,"{'O': 3, 'C': 19, 'H': 15}",291.10211934216,neutral,0,PEEK,Polyether Ether Ketone,h_shift,break 1 bond(s) | H shift +2 | ; | break 1 bond(s) | H shift +2,1,2,,,"[0, 1, 2, 3, 4, 5, 6, 7, 8, 9, 10, 12, 13, 14, 15, 16, 17, 18, 19, 20, 21, 22, 23, 24, 25, 26, 28, 29, 30, 31, 32, 33, 34, 35, 36]",0.5
C19H16O3,"{'O': 3, 'C': 19, 'H': 16}",292.10994437439,positive,1,PEEK,Polyether Ether Ketone,adduct,break 1 bond(s) | H shift +2 | H | ; | break 1 bond(s) | H shift +2 | H,1,2,H,,"[0, 1, 2, 3, 4, 5, 6, 7, 8, 9, 10, 12, 13, 14, 15, 16, 17, 18, 19, 20, 21, 22, 23, 24, 25, 26, 28, 29, 30, 31, 32, 33, 34, 35, 36]",0.5
C5H2O,"{'C': 5, 'O': 1, 'H': 2}",78.01056468403,neutral,0,PEEK,Polyether Ether Ketone,neutral_loss,break 1 bond(s) | -CH3 | ; | break 1 bond(s) | -CH3 | ; | break 2 bond(s) | H shift +1 | -CH3,1,0,,CH3,"[7, 8, 9, 10, 11, 12, 13, 25, 26, 27, 28, 29]",0.5
C5H2O2,"{'O': 2, 'C': 5, 'H': 2}",94.0054793036,neutral,0,PEEK,Polyether Ether Ketone,neutral_loss,break 1 bond(s) | -CH3 | ; | break 2 bond(s) | -CH3 | ; | break 2 bond(s) | -CH3 | ; | break 2 bond(s) | -CH3,1,0,,CH3,"[6, 7, 8, 9, 10, 11, 12, 13, 25, 26, 27, 28, 29]",0.5
C5H5,"{'C': 5, 'H': 5}",65.03912516115,neutral,0,PEEK,Polyether Ether Ketone,neutral_loss,break 1 bond(s) | -CO2 | ; | break 1 bond(s) | -CO | ; | break 1 bond(s) | -CO | ; | break 2 bond(s) | -CO2,1,0,,CO2,"[6, 7, 8, 9, 10, 11, 12, 13, 25, 26, 27, 28, 29]",0.5
C5H5O,"{'O': 1, 'C': 5, 'H': 5}",81.03403978072001,neutral,0,PEEK,Polyether Ether Ketone,neutral_loss,break 1 bond(s) | -CO | ; | break 2 bond(s) | -CO | ; | break 2 bond(s) | -CO | ; | break 2 bond(s) | -CO,1,0,,CO,"[6, 7, 8, 9, 10, 11, 12, 13, 25, 26, 27, 28, 29]",0.5
C6H2O,"{'C': 6, 'O': 1, 'H': 2}",90.01056468403,negative,-1,PEEK,Polyether Ether Ketone,adduct,break 1 bond(s) | H shift -2 | -H | ; | break 1 bond(s) | H shift -2 | -H | ; | break 2 bond(s) | H shift -2 | O,1,-2,-H,,"[7, 8, 9, 10, 11, 12, 13, 25, 26, 27, 28, 29]",0.5
C6H2O2,"{'O': 2, 'C': 6, 'H': 2}",106.0054793036,neutral,0,PEEK,Polyether Ether Ketone,neutral_loss,break 1 bond(s) | -CH3 | ; | break 1 bond(s) | H shift -1 | -H2 | ; | break 2 bond(s) | -CH3,1,0,,CH3,"[0, 1, 16, 17, 18, 19, 20, 21, 22, 32, 33, 34, 35, 36]",0.5
C6H2O2,"{'O': 2, 'C': 6, 'H': 2}",106.0054793036,negative,-1,PEEK,Polyether Ether Ketone,adduct,break 1 bond(s) | H shift -2 | -H | ; | break 2 bond(s) | H shift -2 | -H | ; | break 2 bond(s) | H shift -2 | O,1,-2,-H,,"[6, 7, 8, 9, 10, 11, 12, 13, 25, 26, 27, 28, 29]",0.5
C6H3,"{'C': 6, 'H': 3}",75.02347509669,neutral,0,PEEK,Polyether Ether Ketone,neutral_loss,break 1 bond(s) | -H2O | ; | break 1 bond(s) | H shift -1 | -OH | ; | break 1 bond(s) | -H2O,1,0,,H2O,"[7, 8, 9, 10, 11, 12, 13, 25, 26, 27, 28, 29]",0.5
C6H3O,"{'O': 1, 'C': 6, 'H': 3}",91.01838971626,neutral,0,PEEK,Polyether Ether Ketone,neutral_loss,break 1 bond(s) | -H2O | ; | break 1 bond(s) | -H2 | ; | break 1 bond(s) | -H2 | ; | break 2 bond(s) | H shift -2 | -CO,1,0,,H2O,"[6, 7, 8, 9, 10, 11, 12, 13, 25, 26, 27, 28, 29]",0.5
C6H3O,"{'C': 6, 'O': 1, 'H': 3}",91.01838971626,neutral,0,PEEK,Polyether Ether Ketone,h_shift,break 1 bond(s) | H shift -2 | ; | break 1 bond(s) | H shift -2 | ; | break 2 bond(s) | H shift -1 | ; | break 2 bond(s) | H shift -2,1,-2,,,"[7, 8, 9, 10, 11, 12, 13, 25, 26, 27, 28, 29]",0.5
C6H3O2,"{'O': 2, 'C': 6, 'H': 3}",107.01330433583,neutral,0,PEEK,Polyether Ether Ketone,neutral_loss,break 1 bond(s) | -H2 | ; | break 2 bond(s) | H shift +1 | -CH3 | ; | break 2 bond(s) | -H2,1,0,,H2,"[6, 7, 8, 9, 10, 11, 12, 13, 25, 26, 27, 28, 29]",0.5
C6H3O2,"{'O': 2, 'C': 6, 'H': 3}",107.01330433583,neutral,0,PEEK,Polyether Ether Ketone,h_shift,break 1 bond(s) | H shift -2 | ; | break 2 bond(s) | H shift -2 | ; | break 2 bond(s) | H shift -2 | ; | break 2 bond(s) | H shift -2,1,-2,,,"[6, 7, 8, 9, 10, 11, 12, 13, 25, 26, 27, 28, 29]",0.5
C6H4,"{'C': 6, 'H': 4}",76.03130012892,neutral,0,PEEK,Polyether Ether Ketone,neutral_loss,break 1 bond(s) | -OH | ; | break 1 bond(s) | H shift +1 | -H2O | ; | break 1 bond(s) | -OH,1,0,,OH,"[7, 8, 9, 10, 11, 12, 13, 25, 26, 27, 28, 29]",0.5
C6H4O,"{'O': 1, 'C': 6, 'H': 4}",92.02621474849,neutral,0,PEEK,Polyether Ether Ketone,neutral_loss,break 1 bond(s) | -OH | ; | break 1 bond(s) | H shift +1 | -H2O | ; | break 1 bond(s) | H shift +1 | -H2,1,0,,OH,"[6, 7, 8, 9, 10, 11, 12, 13, 25, 26, 27, 28, 29]",0.5
C6H4O,"{'C': 6, 'O': 1, 'H': 4}",92.02621474849,positive,1,PEEK,Polyether Ether Ketone,adduct,break 1 bond(s) | H shift -2 | H | ; | break 1 bond(s) | H shift -2 | H | ; | break 2 bond(s) | H shift -1 | H,1,-2,H,,"[7, 8, 9, 10, 11, 12, 13, 25, 26, 27, 28, 29]",0.5
C6H4O2,"{'O': 2, 'C': 6, 'H': 4}",108.02112936806,positive,1,PEEK,Polyether Ether Ketone,adduct,break 1 bond(s) | H shift -2 | H | ; | break 2 bond(s) | H shift -2 | H | ; | break 2 bond(s) | H shift -2 | H,1,-2,H,,"[6, 7, 8, 9, 10, 11, 12, 13, 25, 26, 27, 28, 29]",0.5
C6H5,"{'C': 6, 'H': 5}",77.03912516115,neutral,0,PEEK,Polyether Ether Ketone,neutral_loss,break 1 bond(s) | -CO2 | ; | break 1 bond(s) | H shift +1 | -OH | ; | break 1 bond(s) | H shift +2 | -H2O,1,0,,CO2,"[0, 1, 16, 17, 18, 19, 20, 21, 22, 32, 33, 34, 35, 36]",0.5
C6H5O,"{'O': 1, 'C': 6, 'H': 5}",93.03403978072001,neutral,0,PEEK,Polyether Ether Ketone,neutral_loss,break 1 bond(s) | -CO | ; | break 1 bond(s) | H shift +1 | -OH | ; | break 1 bond(s) | H shift +2 | -H2O,1,0,,CO,"[0, 1, 16, 17, 18, 19, 20, 21, 22, 32, 33, 34, 35, 36]",0.5
C6H6O,"{'C': 6, 'O': 1, 'H': 6}",94.04186481295,negative,-1,PEEK,Polyether Ether Ketone,adduct,break 1 bond(s) | H shift +2 | -H | ; | break 1 bond(s) | H shift +2 | -H | ; | break 2 bond(s) | H shift +1 | OH,1,2,-H,,"[7, 8, 9, 10, 11, 12, 13, 25, 26, 27, 28, 29]",0.5
C6H6O2,"{'O': 2, 'C': 6, 'H': 6}",110.03677943252,negative,-1,PEEK,Polyether Ether Ketone,adduct,break 1 bond(s) | H shift +2 | -H | ; | break 1 bond(s) | OH | ; | break 1 bond(s) | H shift +1 | O,1,2,-H,,"[6, 7, 8, 9, 10, 11, 12, 13, 25, 26, 27, 28, 29]",0.5
C6H7O,"{'C': 6, 'O': 1, 'H': 7}",95.04968984518,neutral,0,PEEK,Polyether Ether Ketone,h_shift,break 1 bond(s) | H shift +2 | ; | break 1 bond(s) | H shift +2 | ; | break 2 bond(s) | H shift +2 | ; | break 2 bond(s) | H shift +2,1,2,,,"[7, 8, 9, 10, 11, 12, 13, 25, 26, 27, 28, 29]",0.5
C6H7O2,"{'O': 2, 'C': 6, 'H': 7}",111.04460446475,neutral,0,PEEK,Polyether Ether Ketone,h_shift,break 1 bond(s) | H shift +2 | ; | break 2 bond(s) | H shift +2 | ; | break 2 bond(s) | H shift +2 | ; | break 2 bond(s) | H shift +2,1,2,,,"[6, 7, 8, 9, 10, 11, 12, 13, 25, 26, 27, 28, 29]",0.5
C6H8O,"{'C': 6, 'O': 1, 'H': 8}",96.05751487741,positive,1,PEEK,Polyether Ether Ketone,adduct,break 1 bond(s) | H shift +2 | H | ; | break 1 bond(s) | H shift +2 | H | ; | break 2 bond(s) | H shift +2 | H,1,2,H,,"[7, 8, 9, 10, 11, 12, 13, 25, 26, 27, 28, 29]",0.5
C6H8O2,"{'O': 2, 'C': 6, 'H': 8}",112.05242949698,positive,1,PEEK,Polyether Ether Ketone,adduct,break 1 bond(s) | H shift +2 | H | ; | break 2 bond(s) | H shift +2 | H | ; | break 2 bond(s) | H shift +2 | H,1,2,H,,"[6, 7, 8, 9, 10, 11, 12, 13, 25, 26, 27, 28, 29]",0.5
C7H2O2,"{'O': 2, 'C': 7, 'H': 2}",118.0054793036,negative,-1,PEEK,Polyether Ether Ketone,adduct,break 1 bond(s) | H shift -2 | -H | ; | break 2 bond(s) | H shift -2 | -H | ; | break 2 bond(s) | H shift -2 | -H,1,-2,-H,,"[0, 1, 16, 17, 18, 19, 20, 21, 22, 32, 33, 34, 35, 36]",0.5
C7H3O,"{'O': 1, 'C': 7, 'H': 3}",103.01838971626,neutral,0,PEEK,Polyether Ether Ketone,neutral_loss,break 1 bond(s) | -H2O | ; | break 2 bond(s) | H shift -1 | -OH | ; | break 2 bond(s) | -H2O,1,0,,H2O,"[0, 1, 16, 17, 18, 19, 20, 21, 22, 32, 33, 34, 35, 36]",0.5
C7H3O2,"{'O': 2, 'C': 7, 'H': 3}",119.01330433583,neutral,0,PEEK,Polyether Ether Ketone,h_shift,break 1 bond(s) | H shift -2 | ; | break 2 bond(s) | H shift -2 | ; | break 2 bond(s) | H shift -2 | ; | break 2 bond(s) | H shift -2,1,-2,,,"[0, 1, 16, 17, 18, 19, 20, 21, 22, 32, 33, 34, 35, 36]",0.5
C7H3O2,"{'O': 2, 'C': 7, 'H': 3}",119.01330433583,neutral,0,PEEK,Polyether Ether Ketone,neutral_loss,break 1 bond(s) | -H2 | ; | break 2 bond(s) | -H2 | ; | break 2 bond(s) | -H2 | ; | break 2 bond(s) | -H2,1,0,,H2,"[0, 1, 16, 17, 18, 19, 20, 21, 22, 32, 33, 34, 35, 36]",0.5
C7H4O,"{'O': 1, 'C': 7, 'H': 4}",104.02621474849,neutral,0,PEEK,Polyether Ether Ketone,neutral_loss,break 1 bond(s) | -OH | ; | break 1 bond(s) | H shift +1 | -H2O | ; | break 2 bond(s) | -OH,1,0,,OH,"[0, 1, 16, 17, 18, 19, 20, 21, 22, 32, 33, 34, 35, 36]",0.5
C7H4O2,"{'O': 2, 'C': 7, 'H': 4}",120.02112936806,positive,1,PEEK,Polyether Ether Ketone,adduct,break 1 bond(s) | H shift -2 | H | ; | break 2 bond(s) | H shift -2 | H | ; | break 2 bond(s) | H shift -2 | H,1,-2,H,,"[0, 1, 16, 17, 18, 19, 20, 21, 22, 32, 33, 34, 35, 36]",0.5
C7H6O2,"{'O': 2, 'C': 7, 'H': 6}",122.03677943252,negative,-1,PEEK,Polyether Ether Ketone,adduct,break 1 bond(s) | H shift +2 | -H | ; | break 2 bond(s) | H shift +2 | -H | ; | break 2 bond(s) | H shift +2 | -H,1,2,-H,,"[0, 1, 16, 17, 18, 19, 20, 21, 22, 32, 33, 34, 35, 36]",0.5
C7H7O2,"{'O': 2, 'C': 7, 'H': 7}",123.04460446475,neutral,0,PEEK,Polyether Ether Ketone,h_shift,break 1 bond(s) | H shift +2 | ; | break 2 bond(s) | H shift +2 | ; | break 2 bond(s) | H shift +2 | ; | break 2 bond(s) | H shift +2,1,2,,,"[0, 1, 16, 17, 18, 19, 20, 21, 22, 32, 33, 34, 35, 36]",0.5
C7H8O2,"{'O': 2, 'C': 7, 'H': 8}",124.05242949698,positive,1,PEEK,Polyether Ether Ketone,adduct,break 1 bond(s) | H shift +2 | H | ; | break 2 bond(s) | H shift +2 | H | ; | break 2 bond(s) | H shift +2 | H,1,2,H,,"[0, 1, 16, 17, 18, 19, 20, 21, 22, 32, 33, 34, 35, 36]",0.5
C12H10O3,"{'C': 12, 'O': 3, 'H': 10}",202.06299418101,negative,-1,PEEK,Polyether Ether Ketone,adduct,break 1 bond(s) | OH | ; | break 1 bond(s) | H shift +1 | O | ; | break 2 bond(s) | OH,1,0,OH,,"[2, 3, 4, 5, 6, 7, 8, 9, 10, 11, 12, 13, 14, 15, 23, 24, 25, 26, 27, 28, 29, 30, 31]",0.48
C12H9ClO2,"{'C': 12, 'O': 2, 'H': 9, 'Cl': 1}",220.02910721121,negative,-1,PEEK,Polyether Ether Ketone,adduct,break 1 bond(s) | Cl | ; | break 2 bond(s) | Cl | ; | break 2 bond(s) | Cl,1,0,Cl,,"[2, 3, 4, 5, 6, 7, 8, 9, 10, 11, 12, 13, 14, 15, 23, 24, 25, 26, 27, 28, 29, 30, 31]",0.48
C12H9KO2,"{'C': 12, 'O': 2, 'H': 9, 'K': 1}",224.02396101561,positive,1,PEEK,Polyether Ether Ketone,adduct,break 1 bond(s) | K | ; | break 2 bond(s) | K | ; | break 2 bond(s) | K,1,0,K,,"[2, 3, 4, 5, 6, 7, 8, 9, 10, 11, 12, 13, 14, 15, 23, 24, 25, 26, 27, 28, 29, 30, 31]",0.48
C12H9NaO2,"{'C': 12, 'O': 2, 'H': 9, 'Na': 1}",208.05002381121,positive,1,PEEK,Polyether Ether Ketone,adduct,break 1 bond(s) | Na | ; | break 2 bond(s) | Na | ; | break 2 bond(s) | Na,1,0,Na,,"[2, 3, 4, 5, 6, 7, 8, 9, 10, 11, 12, 13, 14, 15, 23, 24, 25, 26, 27, 28, 29, 30, 31]",0.48
C12H9O3,"{'C': 12, 'O': 3, 'H': 9}",201.05516914878,negative,-1,PEEK,Polyether Ether Ketone,adduct,break 1 bond(s) | O | ; | break 2 bond(s) | H shift -1 | OH | ; | break 2 bond(s) | O,1,0,O,,"[2, 3, 4, 5, 6, 7, 8, 9, 10, 11, 12, 13, 14, 15, 23, 24, 25, 26, 27, 28, 29, 30, 31]",0.48
C13H10O4,"{'O': 4, 'C': 13, 'H': 10}",230.05790880058,negative,-1,PEEK,Polyether Ether Ketone,adduct,break 1 bond(s) | OH | ; | break 1 bond(s) | H shift +1 | O | ; | break 1 bond(s) | OH,1,0,OH,,"[0, 1, 2, 3, 4, 5, 6, 14, 15, 16, 17, 18, 19, 20, 21, 22, 23, 24, 30, 31, 32, 33, 34, 35, 36]",0.48
C13H9ClO2,"{'O': 2, 'C': 13, 'H': 9, 'Cl': 1}",232.02910721121,negative,-1,PEEK,Polyether Ether Ketone,adduct,break 1 bond(s) | Cl | ; | break 2 bond(s) | Cl | ; | break 2 bond(s) | Cl | ; | break 2 bond(s) | H shift +1 | Cl,1,0,Cl,,"[0, 1, 2, 3, 4, 5, 14, 15, 16, 17, 18, 19, 20, 21, 22, 23, 24, 30, 31, 32, 33, 34, 35, 36]",0.48
C13H9ClO3,"{'O': 3, 'C': 13, 'H': 9, 'Cl': 1}",248.02402183078001,negative,-1,PEEK,Polyether Ether Ketone,adduct,break 1 bond(s) | Cl | ; | break 1 bond(s) | Cl | ; | break 2 bond(s) | Cl | ; | break 2 bond(s) | Cl,1,0,Cl,,"[0, 1, 2, 3, 4, 5, 6, 14, 15, 16, 17, 18, 19, 20, 21, 22, 23, 24, 30, 31, 32, 33, 34, 35, 36]",0.48
C13H9KO2,"{'O': 2, 'C': 13, 'H': 9, 'K': 1}",236.02396101561,positive,1,PEEK,Polyether Ether Ketone,adduct,break 1 bond(s) | K | ; | break 2 bond(s) | K | ; | break 2 bond(s) | K | ; | break 2 bond(s) | H shift +1 | K,1,0,K,,"[0, 1, 2, 3, 4, 5, 14, 15, 16, 17, 18, 19, 20, 21, 22, 23, 24, 30, 31, 32, 33, 34, 35, 36]",0.48
C13H9KO3,"{'O': 3, 'C': 13, 'H': 9, 'K': 1}",252.01887563518,positive,1,PEEK,Polyether Ether Ketone,adduct,break 1 bond(s) | K | ; | break 1 bond(s) | K | ; | break 2 bond(s) | K | ; | break 2 bond(s) | K,1,0,K,,"[0, 1, 2, 3, 4, 5, 6, 14, 15, 16, 17, 18, 19, 20, 21, 22, 23, 24, 30, 31, 32, 33, 34, 35, 36]",0.48
C13H9NaO2,"{'O': 2, 'C': 13, 'H': 9, 'Na': 1}",220.05002381121,positive,1,PEEK,Polyether Ether Ketone,adduct,break 1 bond(s) | Na | ; | break 2 bond(s) | Na | ; | break 2 bond(s) | Na | ; | break 2 bond(s) | H shift +1 | Na,1,0,Na,,"[0, 1, 2, 3, 4, 5, 14, 15, 16, 17, 18, 19, 20, 21, 22, 23, 24, 30, 31, 32, 33, 34, 35, 36]",0.48
C13H9NaO3,"{'O': 3, 'C': 13, 'H': 9, 'Na': 1}",236.04493843078,positive,1,PEEK,Polyether Ether Ketone,adduct,break 1 bond(s) | Na | ; | break 1 bond(s) | Na | ; | break 2 bond(s) | Na | ; | break 2 bond(s) | Na,1,0,Na,,"[0, 1, 2, 3, 4, 5, 6, 14, 15, 16, 17, 18, 19, 20, 21, 22, 23, 24, 30, 31, 32, 33, 34, 35, 36]",0.48
C13H9O4,"{'O': 4, 'C': 13, 'H': 9}",229.05008376835,negative,-1,PEEK,Polyether Ether Ketone,adduct,break 1 bond(s) | O | ; | break 1 bond(s) | H shift -1 | OH | ; | break 1 bond(s) | O,1,0,O,,"[0, 1, 2, 3, 4, 5, 6, 14, 15, 16, 17, 18, 19, 20, 21, 22, 23, 24, 30, 31, 32, 33, 34, 35, 36]",0.48
C6H5ClO,"{'C': 6, 'O': 1, 'H': 5, 'Cl': 1}",128.00289246272,negative,-1,PEEK,Polyether Ether Ketone,adduct,break 1 bond(s) | Cl | ; | break 1 bond(s) | Cl | ; | break 2 bond(s) | H shift +1 | Cl,1,0,Cl,,"[7, 8, 9, 10, 11, 12, 13, 25, 26, 27, 28, 29]",0.48
C6H5ClO2,"{'O': 2, 'C': 6, 'H': 5, 'Cl': 1}",143.99780708229,negative,-1,PEEK,Polyether Ether Ketone,adduct,break 1 bond(s) | Cl | ; | break 2 bond(s) | Cl | ; | break 2 bond(s) | Cl | ; | break 2 bond(s) | Cl,1,0,Cl,,"[6, 7, 8, 9, 10, 11, 12, 13, 25, 26, 27, 28, 29]",0.48
C6H5KO,"{'C': 6, 'O': 1, 'H': 5, 'K': 1}",131.99774626712,positive,1,PEEK,Polyether Ether Ketone,adduct,break 1 bond(s) | K | ; | break 1 bond(s) | K | ; | break 2 bond(s) | H shift +1 | K,1,0,K,,"[7, 8, 9, 10, 11, 12, 13, 25, 26, 27, 28, 29]",0.48
C6H5KO2,"{'O': 2, 'C': 6, 'H': 5, 'K': 1}",147.99266088669,positive,1,PEEK,Polyether Ether Ketone,adduct,break 1 bond(s) | K | ; | break 2 bond(s) | K | ; | break 2 bond(s) | K | ; | break 2 bond(s) | K,1,0,K,,"[6, 7, 8, 9, 10, 11, 12, 13, 25, 26, 27, 28, 29]",0.48
C6H5NaO,"{'C': 6, 'O': 1, 'H': 5, 'Na': 1}",116.02380906272,positive,1,PEEK,Polyether Ether Ketone,adduct,break 1 bond(s) | Na | ; | break 1 bond(s) | Na | ; | break 2 bond(s) | H shift +1 | Na,1,0,Na,,"[7, 8, 9, 10, 11, 12, 13, 25, 26, 27, 28, 29]",0.48
C6H5NaO2,"{'O': 2, 'C': 6, 'H': 5, 'Na': 1}",132.01872368229,positive,1,PEEK,Polyether Ether Ketone,adduct,break 1 bond(s) | Na | ; | break 2 bond(s) | Na | ; | break 2 bond(s) | Na | ; | break 2 bond(s) | Na,1,0,Na,,"[6, 7, 8, 9, 10, 11, 12, 13, 25, 26, 27, 28, 29]",0.48
C6H5O3,"{'O': 3, 'C': 6, 'H': 5}",125.02386901986,negative,-1,PEEK,Polyether Ether Ketone,adduct,break 1 bond(s) | O | ; | break 2 bond(s) | H shift -1 | OH | ; | break 2 bond(s) | O,1,0,O,,"[6, 7, 8, 9, 10, 11, 12, 13, 25, 26, 27, 28, 29]",0.48
C6H6O3,"{'O': 3, 'C': 6, 'H': 6}",126.03169405209,negative,-1,PEEK,Polyether Ether Ketone,adduct,break 1 bond(s) | OH | ; | break 1 bond(s) | H shift +1 | O | ; | break 2 bond(s) | OH,1,0,OH,,"[6, 7, 8, 9, 10, 11, 12, 13, 25, 26, 27, 28, 29]",0.48
C7H5ClO2,"{'O': 2, 'C': 7, 'H': 5, 'Cl': 1}",155.99780708229,negative,-1,PEEK,Polyether Ether Ketone,adduct,break 1 bond(s) | Cl | ; | break 2 bond(s) | Cl | ; | break 2 bond(s) | Cl | ; | break 2 bond(s) | Cl,1,0,Cl,,"[0, 1, 16, 17, 18, 19, 20, 21, 22, 32, 33, 34, 35, 36]",0.48
C7H5KO2,"{'O': 2, 'C': 7, 'H': 5, 'K': 1}",159.99266088669,positive,1,PEEK,Polyether Ether Ketone,adduct,break 1 bond(s) | K | ; | break 2 bond(s) | K | ; | break 2 bond(s) | K | ; | break 2 bond(s) | K,1,0,K,,"[0, 1, 16, 17, 18, 19, 20, 21, 22, 32, 33, 34, 35, 36]",0.48
C7H5NaO2,"{'O': 2, 'C': 7, 'H': 5, 'Na': 1}",144.01872368229,positive,1,PEEK,Polyether Ether Ketone,adduct,break 1 bond(s) | Na | ; | break 2 bond(s) | Na | ; | break 2 bond(s) | Na | ; | break 2 bond(s) | Na,1,0,Na,,"[0, 1, 16, 17, 18, 19, 20, 21, 22, 32, 33, 34, 35, 36]",0.48
C7H5O3,"{'O': 3, 'C': 7, 'H': 5}",137.02386901986,negative,-1,PEEK,Polyether Ether Ketone,adduct,break 1 bond(s) | O | ; | break 2 bond(s) | H shift -1 | OH | ; | break 2 bond(s) | O,1,0,O,,"[0, 1, 16, 17, 18, 19, 20, 21, 22, 32, 33, 34, 35, 36]",0.48
C7H6O3,"{'O': 3, 'C': 7, 'H': 6}",138.03169405209002,negative,-1,PEEK,Polyether Ether Ketone,adduct,break 1 bond(s) | OH | ; | break 1 bond(s) | H shift +1 | O | ; | break 2 bond(s) | OH,1,0,OH,,"[0, 1, 16, 17, 18, 19, 20, 21, 22, 32, 33, 34, 35, 36]",0.48
C12H7O,"{'C': 12, 'O': 1, 'H': 7}",167.04968984518,negative,-1,PEEK,Polyether Ether Ketone,adduct,break 2 bond(s) | -H,2,0,-H,,"[2, 3, 4, 5, 6, 7, 8, 9, 10, 12, 13, 14, 15, 23, 24, 25, 26, 28, 29, 30, 31]",0.45
C12H8O,"{'C': 12, 'O': 1, 'H': 8}",168.05751487741,neutral,0,PEEK,Polyether Ether Ketone,fragment,break 2 bond(s),2,0,,,"[2, 3, 4, 5, 6, 7, 8, 9, 10, 12, 13, 14, 15, 23, 24, 25, 26, 28, 29, 30, 31]",0.45
C12H9O,"{'C': 12, 'O': 1, 'H': 9}",169.06533990964,positive,1,PEEK,Polyether Ether Ketone,adduct,break 2 bond(s) | H,2,0,H,,"[2, 3, 4, 5, 6, 7, 8, 9, 10, 12, 13, 14, 15, 23, 24, 25, 26, 28, 29, 30, 31]",0.45
C13H7O,"{'O': 1, 'C': 13, 'H': 7}",179.04968984518,negative,-1,PEEK,Polyether Ether Ketone,adduct,break 2 bond(s) | -H,2,0,-H,,"[0, 1, 2, 3, 4, 5, 14, 15, 16, 17, 18, 19, 21, 22, 23, 24, 30, 31, 32, 33, 35, 36]",0.45
C13H8O,"{'O': 1, 'C': 13, 'H': 8}",180.05751487741,neutral,0,PEEK,Polyether Ether Ketone,fragment,break 2 bond(s),2,0,,,"[0, 1, 2, 3, 4, 5, 14, 15, 16, 17, 18, 19, 21, 22, 23, 24, 30, 31, 32, 33, 35, 36]",0.45
C13H8O2,"{'O': 2, 'C': 13, 'H': 8}",196.05242949698,neutral,0,PEEK,Polyether Ether Ketone,fragment,break 2 bond(s) | ; | break 2 bond(s),2,0,,,"[0, 1, 2, 3, 4, 5, 6, 14, 15, 16, 17, 18, 19, 21, 22, 23, 24, 30, 31, 32, 33, 35, 36]",0.45
C13H9O,"{'O': 1, 'C': 13, 'H': 9}",181.06533990964,positive,1,PEEK,Polyether Ether Ketone,adduct,break 2 bond(s) | H,2,0,H,,"[0, 1, 2, 3, 4, 5, 14, 15, 16, 17, 18, 19, 21, 22, 23, 24, 30, 31, 32, 33, 35, 36]",0.45
C19H11O2,"{'O': 2, 'C': 19, 'H': 11}",271.07590459367,negative,-1,PEEK,Polyether Ether Ketone,adduct,break 2 bond(s) | -H,2,0,-H,,"[0, 1, 2, 3, 4, 5, 6, 7, 8, 9, 10, 12, 13, 14, 15, 16, 17, 18, 19, 21, 22, 23, 24, 25, 26, 28, 29, 30, 31, 32, 33, 35, 36]",0.45
C19H12O2,"{'O': 2, 'C': 19, 'H': 12}",272.0837296259,neutral,0,PEEK,Polyether Ether Ketone,fragment,break 2 bond(s),2,0,,,"[0, 1, 2, 3, 4, 5, 6, 7, 8, 9, 10, 12, 13, 14, 15, 16, 17, 18, 19, 21, 22, 23, 24, 25, 26, 28, 29, 30, 31, 32, 33, 35, 36]",0.45
C19H13O2,"{'O': 2, 'C': 19, 'H': 13}",273.09155465813,positive,1,PEEK,Polyether Ether Ketone,adduct,break 2 bond(s) | H,2,0,H,,"[0, 1, 2, 3, 4, 5, 6, 7, 8, 9, 10, 12, 13, 14, 15, 16, 17, 18, 19, 21, 22, 23, 24, 25, 26, 28, 29, 30, 31, 32, 33, 35, 36]",0.45
C6H3,"{'C': 6, 'H': 3}",75.02347509669,negative,-1,PEEK,Polyether Ether Ketone,adduct,break 2 bond(s) | -H | ; | break 2 bond(s) | -H | ; | break 2 bond(s) | -H,2,0,-H,,"[2, 3, 4, 5, 14, 15, 23, 24, 30, 31]",0.45
C6H4,"{'C': 6, 'H': 4}",76.03130012892,neutral,0,PEEK,Polyether Ether Ketone,fragment,break 2 bond(s) | ; | break 2 bond(s) | ; | break 2 bond(s),2,0,,,"[2, 3, 4, 5, 14, 15, 23, 24, 30, 31]",0.45
C6H4O,"{'C': 6, 'O': 1, 'H': 4}",92.02621474849,neutral,0,PEEK,Polyether Ether Ketone,fragment,break 2 bond(s) | ; | break 2 bond(s),2,0,,,"[2, 3, 4, 5, 6, 14, 15, 23, 24, 30, 31]",0.45
C6H5,"{'C': 6, 'H': 5}",77.03912516115,positive,1,PEEK,Polyether Ether Ketone,adduct,break 2 bond(s) | H | ; | break 2 bond(s) | H | ; | break 2 bond(s) | H,2,0,H,,"[2, 3, 4, 5, 14, 15, 23, 24, 30, 31]",0.45
C7H3O,"{'O': 1, 'C': 7, 'H': 3}",103.01838971626,negative,-1,PEEK,Polyether Ether Ketone,adduct,break 2 bond(s) | -H | ; | break 2 bond(s) | -H,2,0,-H,,"[0, 1, 16, 17, 18, 19, 21, 22, 32, 33, 35, 36]",0.45
C7H4O,"{'O': 1, 'C': 7, 'H': 4}",104.02621474849,neutral,0,PEEK,Polyether Ether Ketone,fragment,break 2 bond(s) | ; | break 2 bond(s),2,0,,,"[0, 1, 16, 17, 18, 19, 21, 22, 32, 33, 35, 36]",0.45
C7H4O2,"{'O': 2, 'C': 7, 'H': 4}",120.02112936806,neutral,0,PEEK,Polyether Ether Ketone,fragment,break 2 bond(s),2,0,,,"[0, 1, 2, 3, 4, 5, 6, 14, 15, 23, 24, 30, 31]",0.45
C7H5O,"{'O': 1, 'C': 7, 'H': 5}",105.03403978072001,positive,1,PEEK,Polyether Ether Ketone,adduct,break 2 bond(s) | H | ; | break 2 bond(s) | H,2,0,H,,"[0, 1, 16, 17, 18, 19, 21, 22, 32, 33, 35, 36]",0.45
CHO,"{'O': 1, 'C': 1, 'H': 1}",29.0027396518,positive,1,PEEK,Polyether Ether Ketone,adduct,break 2 bond(s) | H,2,0,H,,"[0, 1]",0.45
CO,"{'O': 1, 'C': 1}",27.99491461957,neutral,0,PEEK,Polyether Ether Ketone,fragment,break 2 bond(s),2,0,,,"[0, 1]",0.45
C11H10,"{'C': 11, 'H': 10}",142.0782503223,neutral,0,PEEK,Polyether Ether Ketone,neutral_loss,break 1 bond(s) | H shift +1 | -CO2 | ; | break 2 bond(s) | H shift +2 | -CO | ; | break 2 bond(s) | H shift +1 | -CO2,1,1,,CO2,"[2, 3, 4, 5, 6, 7, 8, 9, 10, 11, 12, 13, 14, 15, 23, 24, 25, 26, 27, 28, 29, 30, 31]",0.44999999999999996
C11H10O,"{'C': 11, 'O': 1, 'H': 10}",158.07316494187,neutral,0,PEEK,Polyether Ether Ketone,neutral_loss,break 1 bond(s) | H shift +1 | -CO | ; | break 2 bond(s) | H shift +1 | -CO | ; | break 2 bond(s) | H shift +1 | -CO,1,1,,CO,"[2, 3, 4, 5, 6, 7, 8, 9, 10, 11, 12, 13, 14, 15, 23, 24, 25, 26, 27, 28, 29, 30, 31]",0.44999999999999996
C11H5O2,"{'C': 11, 'O': 2, 'H': 5}",169.02895440029,neutral,0,PEEK,Polyether Ether Ketone,neutral_loss,break 1 bond(s) | H shift -1 | -CH3 | ; | break 2 bond(s) | H shift -1 | -CH3 | ; | break 2 bond(s) | H shift -1 | -CH3,1,-1,,CH3,"[2, 3, 4, 5, 6, 7, 8, 9, 10, 11, 12, 13, 14, 15, 23, 24, 25, 26, 27, 28, 29, 30, 31]",0.44999999999999996
C11H7O2,"{'C': 11, 'O': 2, 'H': 7}",171.04460446475,neutral,0,PEEK,Polyether Ether Ketone,neutral_loss,break 1 bond(s) | H shift +1 | -CH3 | ; | break 2 bond(s) | H shift +1 | -CH3 | ; | break 2 bond(s) | H shift +1 | -CH3,1,1,,CH3,"[2, 3, 4, 5, 6, 7, 8, 9, 10, 11, 12, 13, 14, 15, 23, 24, 25, 26, 27, 28, 29, 30, 31]",0.44999999999999996
C11H8,"{'C': 11, 'H': 8}",140.06260025784,neutral,0,PEEK,Polyether Ether Ketone,neutral_loss,break 1 bond(s) | H shift -1 | -CO2 | ; | break 2 bond(s) | -CO | ; | break 2 bond(s) | H shift -1 | -CO2,1,-1,,CO2,"[2, 3, 4, 5, 6, 7, 8, 9, 10, 11, 12, 13, 14, 15, 23, 24, 25, 26, 27, 28, 29, 30, 31]",0.44999999999999996
C11H8O,"{'C': 11, 'O': 1, 'H': 8}",156.05751487741,neutral,0,PEEK,Polyether Ether Ketone,neutral_loss,break 1 bond(s) | H shift -1 | -CO | ; | break 2 bond(s) | H shift -1 | -CO | ; | break 2 bond(s) | H shift -1 | -CO,1,-1,,CO,"[2, 3, 4, 5, 6, 7, 8, 9, 10, 11, 12, 13, 14, 15, 23, 24, 25, 26, 27, 28, 29, 30, 31]",0.44999999999999996
C12H10,"{'C': 12, 'H': 10}",154.0782503223,neutral,0,PEEK,Polyether Ether Ketone,neutral_loss,break 1 bond(s) | H shift +1 | -CO2 | ; | break 2 bond(s) | H shift +1 | -CO2 | ; | break 2 bond(s) | H shift +1 | -CO2,1,1,,CO2,"[0, 1, 2, 3, 4, 5, 14, 15, 16, 17, 18, 19, 20, 21, 22, 23, 24, 30, 31, 32, 33, 34, 35, 36]",0.44999999999999996
C12H10O,"{'O': 1, 'C': 12, 'H': 10}",170.07316494187,neutral,0,PEEK,Polyether Ether Ketone,neutral_loss,break 1 bond(s) | H shift +1 | -CO | ; | break 1 bond(s) | H shift +1 | -CO2 | ; | break 1 bond(s) | H shift +1 | -CO2,1,1,,CO,"[0, 1, 2, 3, 4, 5, 14, 15, 16, 17, 18, 19, 20, 21, 22, 23, 24, 30, 31, 32, 33, 34, 35, 36]",0.44999999999999996
C12H10O2,"{'O': 2, 'C': 12, 'H': 10}",186.06807956144002,neutral,0,PEEK,Polyether Ether Ketone,neutral_loss,break 1 bond(s) | H shift +1 | -CO | ; | break 1 bond(s) | H shift +1 | -CO | ; | break 2 bond(s) | H shift +1 | -CO,1,1,,CO,"[0, 1, 2, 3, 4, 5, 6, 14, 15, 16, 17, 18, 19, 20, 21, 22, 23, 24, 30, 31, 32, 33, 34, 35, 36]",0.44999999999999996
C12H5O2,"{'O': 2, 'C': 12, 'H': 5}",181.02895440029,neutral,0,PEEK,Polyether Ether Ketone,neutral_loss,break 1 bond(s) | H shift -1 | -CH3 | ; | break 2 bond(s) | H shift -2 | -H2 | ; | break 2 bond(s) | H shift -2 | -H2,1,-1,,CH3,"[0, 1, 2, 3, 4, 5, 14, 15, 16, 17, 18, 19, 20, 21, 22, 23, 24, 30, 31, 32, 33, 34, 35, 36]",0.44999999999999996
C12H5O3,"{'O': 3, 'C': 12, 'H': 5}",197.02386901986,neutral,0,PEEK,Polyether Ether Ketone,neutral_loss,break 1 bond(s) | H shift -1 | -CH3 | ; | break 1 bond(s) | H shift -1 | -CH3 | ; | break 2 bond(s) | H shift -1 | -CH3,1,-1,,CH3,"[0, 1, 2, 3, 4, 5, 6, 14, 15, 16, 17, 18, 19, 20, 21, 22, 23, 24, 30, 31, 32, 33, 34, 35, 36]",0.44999999999999996
C12H6O,"{'C': 12, 'O': 1, 'H': 6}",166.04186481295,neutral,0,PEEK,Polyether Ether Ketone,neutral_loss,break 1 bond(s) | H shift -1 | -H2O | ; | break 2 bond(s) | -H2 | ; | break 2 bond(s) | H shift -2 | -OH,1,-1,,H2O,"[2, 3, 4, 5, 6, 7, 8, 9, 10, 11, 12, 13, 14, 15, 23, 24, 25, 26, 27, 28, 29, 30, 31]",0.44999999999999996
C12H7O3,"{'O': 3, 'C': 12, 'H': 7}",199.03951908432,neutral,0,PEEK,Polyether Ether Ketone,neutral_loss,break 1 bond(s) | H shift +1 | -CH3 | ; | break 1 bond(s) | H shift +1 | -CH3 | ; | break 2 bond(s) | H shift +1 | -CH3,1,1,,CH3,"[0, 1, 2, 3, 4, 5, 6, 14, 15, 16, 17, 18, 19, 20, 21, 22, 23, 24, 30, 31, 32, 33, 34, 35, 36]",0.44999999999999996
C12H8,"{'C': 12, 'H': 8}",152.06260025784,neutral,0,PEEK,Polyether Ether Ketone,neutral_loss,break 1 bond(s) | H shift -1 | -CO2 | ; | break 2 bond(s) | H shift +1 | -OH | ; | break 2 bond(s) | H shift +2 | -H2O,1,-1,,CO2,"[0, 1, 2, 3, 4, 5, 14, 15, 16, 17, 18, 19, 20, 21, 22, 23, 24, 30, 31, 32, 33, 34, 35, 36]",0.44999999999999996
C12H8O2,"{'C': 12, 'O': 2, 'H': 8}",184.05242949698,neutral,0,PEEK,Polyether Ether Ketone,neutral_loss,break 1 bond(s) | H shift +1 | -H2 | ; | break 1 bond(s) | H shift +2 | -CH3 | ; | break 1 bond(s) | H shift -1 | -CO,1,1,,H2,"[2, 3, 4, 5, 6, 7, 8, 9, 10, 11, 12, 13, 14, 15, 23, 24, 25, 26, 27, 28, 29, 30, 31]",0.44999999999999996
C13H6O,"{'O': 1, 'C': 13, 'H': 6}",178.04186481295,neutral,0,PEEK,Polyether Ether Ketone,neutral_loss,break 1 bond(s) | H shift -1 | -H2O | ; | break 2 bond(s) | H shift -2 | -OH | ; | break 2 bond(s) | H shift -1 | -H2O,1,-1,,H2O,"[0, 1, 2, 3, 4, 5, 14, 15, 16, 17, 18, 19, 20, 21, 22, 23, 24, 30, 31, 32, 33, 34, 35, 36]",0.44999999999999996
C13H6O2,"{'O': 2, 'C': 13, 'H': 6}",194.03677943252,neutral,0,PEEK,Polyether Ether Ketone,neutral_loss,break 1 bond(s) | H shift -1 | -H2 | ; | break 1 bond(s) | H shift -2 | -OH | ; | break 1 bond(s) | H shift -1 | -H2O,1,-1,,H2,"[0, 1, 2, 3, 4, 5, 14, 15, 16, 17, 18, 19, 20, 21, 22, 23, 24, 30, 31, 32, 33, 34, 35, 36]",0.44999999999999996
C13H6O3,"{'O': 3, 'C': 13, 'H': 6}",210.03169405209002,neutral,0,PEEK,Polyether Ether Ketone,neutral_loss,break 1 bond(s) | H shift -1 | -H2 | ; | break 1 bond(s) | H shift -1 | -H2 | ; | break 2 bond(s) | H shift -1 | -H2,1,-1,,H2,"[0, 1, 2, 3, 4, 5, 6, 14, 15, 16, 17, 18, 19, 20, 21, 22, 23, 24, 30, 31, 32, 33, 34, 35, 36]",0.44999999999999996
C13H8O3,"{'O': 3, 'C': 13, 'H': 8}",212.04734411655,neutral,0,PEEK,Polyether Ether Ketone,neutral_loss,break 1 bond(s) | H shift +1 | -H2 | ; | break 1 bond(s) | H shift +1 | -H2 | ; | break 2 bond(s) | H shift +1 | -H2,1,1,,H2,"[0, 1, 2, 3, 4, 5, 6, 14, 15, 16, 17, 18, 19, 20, 21, 22, 23, 24, 30, 31, 32, 33, 34, 35, 36]",0.44999999999999996
C13H9O,"{'O': 1, 'C': 13, 'H': 9}",181.06533990964,neutral,0,PEEK,Polyether Ether Ketone,neutral_loss,break 1 bond(s) | H shift +1 | -OH | ; | break 1 bond(s) | H shift +2 | -H2O | ; | break 2 bond(s) | H shift +1 | -OH,1,1,,OH,"[0, 1, 2, 3, 4, 5, 14, 15, 16, 17, 18, 19, 20, 21, 22, 23, 24, 30, 31, 32, 33, 34, 35, 36]",0.44999999999999996
C13H9O2,"{'O': 2, 'C': 13, 'H': 9}",197.06025452921,neutral,0,PEEK,Polyether Ether Ketone,neutral_loss,break 1 bond(s) | H shift +1 | -OH | ; | break 1 bond(s) | H shift +2 | -H2O | ; | break 1 bond(s) | H shift +1 | -OH,1,1,,OH,"[0, 1, 2, 3, 4, 5, 6, 14, 15, 16, 17, 18, 19, 20, 21, 22, 23, 24, 30, 31, 32, 33, 34, 35, 36]",0.44999999999999996
C5H3O,"{'C': 5, 'O': 1, 'H': 3}",79.01838971626,neutral,0,PEEK,Polyether Ether Ketone,neutral_loss,break 1 bond(s) | H shift +1 | -CH3 | ; | break 1 bond(s) | H shift +1 | -CH3 | ; | break 2 bond(s) | H shift -2 | -CO,1,1,,CH3,"[7, 8, 9, 10, 11, 12, 13, 25, 26, 27, 28, 29]",0.44999999999999996
C5H3O2,"{'O': 2, 'C': 5, 'H': 3}",95.01330433583,neutral,0,PEEK,Polyether Ether Ketone,neutral_loss,break 1 bond(s) | H shift +1 | -CH3 | ; | break 2 bond(s) | H shift +1 | -CH3 | ; | break 2 bond(s) | H shift +1 | -CH3,1,1,,CH3,"[6, 7, 8, 9, 10, 11, 12, 13, 25, 26, 27, 28, 29]",0.44999999999999996
C5H4,"{'C': 5, 'H': 4}",64.03130012892,neutral,0,PEEK,Polyether Ether Ketone,neutral_loss,break 1 bond(s) | H shift -1 | -CO2 | ; | break 1 bond(s) | H shift -1 | -CO | ; | break 1 bond(s) | H shift -1 | -CO,1,-1,,CO2,"[6, 7, 8, 9, 10, 11, 12, 13, 25, 26, 27, 28, 29]",0.44999999999999996
C5H4O,"{'O': 1, 'C': 5, 'H': 4}",80.02621474849,neutral,0,PEEK,Polyether Ether Ketone,neutral_loss,break 1 bond(s) | H shift -1 | -CO | ; | break 1 bond(s) | H shift +2 | -CH3 | ; | break 1 bond(s) | H shift +2 | -CH3,1,-1,,CO,"[6, 7, 8, 9, 10, 11, 12, 13, 25, 26, 27, 28, 29]",0.44999999999999996
C5H6,"{'C': 5, 'H': 6}",66.04695019338,neutral,0,PEEK,Polyether Ether Ketone,neutral_loss,break 1 bond(s) | H shift +1 | -CO2 | ; | break 1 bond(s) | H shift +1 | -CO | ; | break 1 bond(s) | H shift +1 | -CO,1,1,,CO2,"[6, 7, 8, 9, 10, 11, 12, 13, 25, 26, 27, 28, 29]",0.44999999999999996
C5H6O,"{'O': 1, 'C': 5, 'H': 6}",82.04186481295,neutral,0,PEEK,Polyether Ether Ketone,neutral_loss,break 1 bond(s) | H shift +1 | -CO | ; | break 2 bond(s) | H shift +1 | -CO | ; | break 2 bond(s) | H shift +1 | -CO,1,1,,CO,"[6, 7, 8, 9, 10, 11, 12, 13, 25, 26, 27, 28, 29]",0.44999999999999996
C5HO,"{'C': 5, 'O': 1, 'H': 1}",77.0027396518,neutral,0,PEEK,Polyether Ether Ketone,neutral_loss,break 1 bond(s) | H shift -1 | -CH3 | ; | break 1 bond(s) | H shift -1 | -CH3 | ; | break 2 bond(s) | -CH3,1,-1,,CH3,"[7, 8, 9, 10, 11, 12, 13, 25, 26, 27, 28, 29]",0.44999999999999996
C5HO2,"{'O': 2, 'C': 5, 'H': 1}",92.99765427137,neutral,0,PEEK,Polyether Ether Ketone,neutral_loss,break 1 bond(s) | H shift -1 | -CH3 | ; | break 2 bond(s) | H shift -1 | -CH3 | ; | break 2 bond(s) | H shift -1 | -CH3,1,-1,,CH3,"[6, 7, 8, 9, 10, 11, 12, 13, 25, 26, 27, 28, 29]",0.44999999999999996
C6H2,"{'C': 6, 'H': 2}",74.01565006446,neutral,0,PEEK,Polyether Ether Ketone,neutral_loss,break 1 bond(s) | H shift -1 | -H2O | ; | break 1 bond(s) | H shift -2 | -OH | ; | break 1 bond(s) | H shift -1 | -H2O,1,-1,,H2O,"[7, 8, 9, 10, 11, 12, 13, 25, 26, 27, 28, 29]",0.44999999999999996
C6H2O,"{'O': 1, 'C': 6, 'H': 2}",90.01056468403,neutral,0,PEEK,Polyether Ether Ketone,neutral_loss,break 1 bond(s) | H shift -1 | -H2O | ; | break 1 bond(s) | H shift -1 | -H2 | ; | break 1 bond(s) | H shift -1 | -H2,1,-1,,H2O,"[6, 7, 8, 9, 10, 11, 12, 13, 25, 26, 27, 28, 29]",0.44999999999999996
C6H4O2,"{'O': 2, 'C': 6, 'H': 4}",108.02112936806,neutral,0,PEEK,Polyether Ether Ketone,neutral_loss,break 1 bond(s) | H shift +1 | -H2 | ; | break 2 bond(s) | H shift +2 | -CH3 | ; | break 2 bond(s) | H shift +1 | -H2,1,1,,H2,"[6, 7, 8, 9, 10, 11, 12, 13, 25, 26, 27, 28, 29]",0.44999999999999996
C6H6,"{'C': 6, 'H': 6}",78.04695019338,neutral,0,PEEK,Polyether Ether Ketone,neutral_loss,break 1 bond(s) | H shift +1 | -CO2 | ; | break 1 bond(s) | H shift +2 | -OH | ; | break 1 bond(s) | H shift +2 | -OH,1,1,,CO2,"[0, 1, 16, 17, 18, 19, 20, 21, 22, 32, 33, 34, 35, 36]",0.44999999999999996
C6H6O,"{'O': 1, 'C': 6, 'H': 6}",94.04186481295,neutral,0,PEEK,Polyether Ether Ketone,neutral_loss,break 1 bond(s) | H shift +1 | -CO | ; | break 1 bond(s) | H shift +2 | -OH | ; | break 2 bond(s) | H shift +1 | -CO,1,1,,CO,"[0, 1, 16, 17, 18, 19, 20, 21, 22, 32, 33, 34, 35, 36]",0.44999999999999996
C6HO2,"{'O': 2, 'C': 6, 'H': 1}",104.99765427137,neutral,0,PEEK,Polyether Ether Ketone,neutral_loss,break 1 bond(s) | H shift -1 | -CH3 | ; | break 1 bond(s) | H shift -2 | -H2 | ; | break 2 bond(s) | H shift -1 | -CH3,1,-1,,CH3,"[0, 1, 16, 17, 18, 19, 20, 21, 22, 32, 33, 34, 35, 36]",0.44999999999999996
C7H2O,"{'O': 1, 'C': 7, 'H': 2}",102.01056468403,neutral,0,PEEK,Polyether Ether Ketone,neutral_loss,break 1 bond(s) | H shift -1 | -H2O | ; | break 2 bond(s) | H shift -2 | -OH | ; | break 2 bond(s) | H shift -1 | -H2O,1,-1,,H2O,"[0, 1, 16, 17, 18, 19, 20, 21, 22, 32, 33, 34, 35, 36]",0.44999999999999996
C7H2O2,"{'O': 2, 'C': 7, 'H': 2}",118.0054793036,neutral,0,PEEK,Polyether Ether Ketone,neutral_loss,break 1 bond(s) | H shift -1 | -H2 | ; | break 2 bond(s) | H shift -1 | -H2 | ; | break 2 bond(s) | H shift -1 | -H2,1,-1,,H2,"[0, 1, 16, 17, 18, 19, 20, 21, 22, 32, 33, 34, 35, 36]",0.44999999999999996
C7H4O2,"{'O': 2, 'C': 7, 'H': 4}",120.02112936806,neutral,0,PEEK,Polyether Ether Ketone,neutral_loss,break 1 bond(s) | H shift +1 | -H2 | ; | break 2 bond(s) | H shift +1 | -H2 | ; | break 2 bond(s) | H shift +1 | -H2,1,1,,H2,"[0, 1, 16, 17, 18, 19, 20, 21, 22, 32, 33, 34, 35, 36]",0.44999999999999996
C7H5O,"{'O': 1, 'C': 7, 'H': 5}",105.03403978072001,neutral,0,PEEK,Polyether Ether Ketone,neutral_loss,break 1 bond(s) | H shift +1 | -OH | ; | break 1 bond(s) | H shift +2 | -H2O | ; | break 2 bond(s) | H shift +1 | -OH,1,1,,OH,"[0, 1, 16, 17, 18, 19, 20, 21, 22, 32, 33, 34, 35, 36]",0.44999999999999996
C38H24ClO6,"{'C': 38, 'H': 24, 'O': 6, 'Cl': 1}",611.12614117294,negative,-1,PEEK,Polyether Ether Ketone,dimer,2M | Cl,0,0,Cl,,,0.43
C38H24NaO6,"{'C': 38, 'H': 24, 'O': 6, 'Na': 1}",599.14705777294,positive,1,PEEK,Polyether Ether Ketone,dimer,2M | Na,0,0,Na,,,0.43
C12H10ClO2,"{'C': 12, 'O': 2, 'H': 10, 'Cl': 1}",221.03693224344,negative,-1,PEEK,Polyether Ether Ketone,adduct,break 1 bond(s) | H shift +1 | Cl | ; | break 2 bond(s) | H shift +1 | Cl | ; | break 2 bond(s) | H shift +1 | Cl,1,1,Cl,,"[2, 3, 4, 5, 6, 7, 8, 9, 10, 11, 12, 13, 14, 15, 23, 24, 25, 26, 27, 28, 29, 30, 31]",0.42999999999999994
C12H10KO2,"{'C': 12, 'O': 2, 'H': 10, 'K': 1}",225.03178604784,positive,1,PEEK,Polyether Ether Ketone,adduct,break 1 bond(s) | H shift +1 | K | ; | break 2 bond(s) | H shift +1 | K | ; | break 2 bond(s) | H shift +1 | K,1,1,K,,"[2, 3, 4, 5, 6, 7, 8, 9, 10, 11, 12, 13, 14, 15, 23, 24, 25, 26, 27, 28, 29, 30, 31]",0.42999999999999994
C12H10NaO2,"{'C': 12, 'O': 2, 'H': 10, 'Na': 1}",209.05784884344,positive,1,PEEK,Polyether Ether Ketone,adduct,break 1 bond(s) | H shift +1 | Na | ; | break 2 bond(s) | H shift +1 | Na | ; | break 2 bond(s) | H shift +1 | Na,1,1,Na,,"[2, 3, 4, 5, 6, 7, 8, 9, 10, 11, 12, 13, 14, 15, 23, 24, 25, 26, 27, 28, 29, 30, 31]",0.42999999999999994
C12H11O3,"{'C': 12, 'O': 3, 'H': 11}",203.07081921324001,negative,-1,PEEK,Polyether Ether Ketone,adduct,break 1 bond(s) | H shift +1 | OH | ; | break 1 bond(s) | H shift +2 | O | ; | break 2 bond(s) | H shift +1 | OH,1,1,OH,,"[2, 3, 4, 5, 6, 7, 8, 9, 10, 11, 12, 13, 14, 15, 23, 24, 25, 26, 27, 28, 29, 30, 31]",0.42999999999999994
C12H8ClO2,"{'C': 12, 'O': 2, 'H': 8, 'Cl': 1}",219.02128217898,negative,-1,PEEK,Polyether Ether Ketone,adduct,break 1 bond(s) | H shift -1 | Cl | ; | break 2 bond(s) | H shift -1 | Cl | ; | break 2 bond(s) | H shift -1 | Cl,1,-1,Cl,,"[2, 3, 4, 5, 6, 7, 8, 9, 10, 11, 12, 13, 14, 15, 23, 24, 25, 26, 27, 28, 29, 30, 31]",0.42999999999999994
C12H8KO2,"{'C': 12, 'O': 2, 'H': 8, 'K': 1}",223.01613598338,positive,1,PEEK,Polyether Ether Ketone,adduct,break 1 bond(s) | H shift -1 | K | ; | break 2 bond(s) | H shift -1 | K | ; | break 2 bond(s) | H shift -1 | K,1,-1,K,,"[2, 3, 4, 5, 6, 7, 8, 9, 10, 11, 12, 13, 14, 15, 23, 24, 25, 26, 27, 28, 29, 30, 31]",0.42999999999999994
C12H8NaO2,"{'C': 12, 'O': 2, 'H': 8, 'Na': 1}",207.04219877898,positive,1,PEEK,Polyether Ether Ketone,adduct,break 1 bond(s) | H shift -1 | Na | ; | break 2 bond(s) | H shift -1 | Na | ; | break 2 bond(s) | H shift -1 | Na,1,-1,Na,,"[2, 3, 4, 5, 6, 7, 8, 9, 10, 11, 12, 13, 14, 15, 23, 24, 25, 26, 27, 28, 29, 30, 31]",0.42999999999999994
C12H8O3,"{'C': 12, 'O': 3, 'H': 8}",200.04734411655,negative,-1,PEEK,Polyether Ether Ketone,adduct,break 1 bond(s) | H shift -1 | O | ; | break 2 bond(s) | H shift -2 | OH | ; | break 2 bond(s) | H shift -1 | O,1,-1,O,,"[2, 3, 4, 5, 6, 7, 8, 9, 10, 11, 12, 13, 14, 15, 23, 24, 25, 26, 27, 28, 29, 30, 31]",0.42999999999999994
C13H10ClO2,"{'O': 2, 'C': 13, 'H': 10, 'Cl': 1}",233.03693224344,negative,-1,PEEK,Polyether Ether Ketone,adduct,break 1 bond(s) | H shift +1 | Cl | ; | break 2 bond(s) | H shift +1 | Cl | ; | break 2 bond(s) | H shift +1 | Cl,1,1,Cl,,"[0, 1, 2, 3, 4, 5, 14, 15, 16, 17, 18, 19, 20, 21, 22, 23, 24, 30, 31, 32, 33, 34, 35, 36]",0.42999999999999994
C13H10ClO3,"{'O': 3, 'C': 13, 'H': 10, 'Cl': 1}",249.03184686301,negative,-1,PEEK,Polyether Ether Ketone,adduct,break 1 bond(s) | H shift +1 | Cl | ; | break 1 bond(s) | H shift +1 | Cl | ; | break 2 bond(s) | H shift +1 | Cl,1,1,Cl,,"[0, 1, 2, 3, 4, 5, 6, 14, 15, 16, 17, 18, 19, 20, 21, 22, 23, 24, 30, 31, 32, 33, 34, 35, 36]",0.42999999999999994
C13H10KO2,"{'O': 2, 'C': 13, 'H': 10, 'K': 1}",237.03178604784,positive,1,PEEK,Polyether Ether Ketone,adduct,break 1 bond(s) | H shift +1 | K | ; | break 2 bond(s) | H shift +1 | K | ; | break 2 bond(s) | H shift +1 | K,1,1,K,,"[0, 1, 2, 3, 4, 5, 14, 15, 16, 17, 18, 19, 20, 21, 22, 23, 24, 30, 31, 32, 33, 34, 35, 36]",0.42999999999999994
C13H10KO3,"{'O': 3, 'C': 13, 'H': 10, 'K': 1}",253.02670066741,positive,1,PEEK,Polyether Ether Ketone,adduct,break 1 bond(s) | H shift +1 | K | ; | break 1 bond(s) | H shift +1 | K | ; | break 2 bond(s) | H shift +1 | K,1,1,K,,"[0, 1, 2, 3, 4, 5, 6, 14, 15, 16, 17, 18, 19, 20, 21, 22, 23, 24, 30, 31, 32, 33, 34, 35, 36]",0.42999999999999994
C13H10NaO2,"{'O': 2, 'C': 13, 'H': 10, 'Na': 1}",221.05784884344,positive,1,PEEK,Polyether Ether Ketone,adduct,break 1 bond(s) | H shift +1 | Na | ; | break 2 bond(s) | H shift +1 | Na | ; | break 2 bond(s) | H shift +1 | Na,1,1,Na,,"[0, 1, 2, 3, 4, 5, 14, 15, 16, 17, 18, 19, 20, 21, 22, 23, 24, 30, 31, 32, 33, 34, 35, 36]",0.42999999999999994
C13H10NaO3,"{'O': 3, 'C': 13, 'H': 10, 'Na': 1}",237.05276346301,positive,1,PEEK,Polyether Ether Ketone,adduct,break 1 bond(s) | H shift +1 | Na | ; | break 1 bond(s) | H shift +1 | Na | ; | break 2 bond(s) | H shift +1 | Na,1,1,Na,,"[0, 1, 2, 3, 4, 5, 6, 14, 15, 16, 17, 18, 19, 20, 21, 22, 23, 24, 30, 31, 32, 33, 34, 35, 36]",0.42999999999999994
C13H11O3,"{'O': 3, 'C': 13, 'H': 11}",215.07081921324001,negative,-1,PEEK,Polyether Ether Ketone,adduct,break 1 bond(s) | H shift +1 | OH | ; | break 1 bond(s) | H shift +2 | O | ; | break 2 bond(s) | H shift +1 | OH,1,1,OH,,"[0, 1, 2, 3, 4, 5, 14, 15, 16, 17, 18, 19, 20, 21, 22, 23, 24, 30, 31, 32, 33, 34, 35, 36]",0.42999999999999994
C13H11O4,"{'O': 4, 'C': 13, 'H': 11}",231.06573383281,negative,-1,PEEK,Polyether Ether Ketone,adduct,break 1 bond(s) | H shift +1 | OH | ; | break 1 bond(s) | H shift +2 | O | ; | break 1 bond(s) | H shift +1 | OH,1,1,OH,,"[0, 1, 2, 3, 4, 5, 6, 14, 15, 16, 17, 18, 19, 20, 21, 22, 23, 24, 30, 31, 32, 33, 34, 35, 36]",0.42999999999999994
C13H8ClO2,"{'O': 2, 'C': 13, 'H': 8, 'Cl': 1}",231.02128217898,negative,-1,PEEK,Polyether Ether Ketone,adduct,break 1 bond(s) | H shift -1 | Cl | ; | break 2 bond(s) | H shift -1 | Cl | ; | break 2 bond(s) | H shift -1 | Cl,1,-1,Cl,,"[0, 1, 2, 3, 4, 5, 14, 15, 16, 17, 18, 19, 20, 21, 22, 23, 24, 30, 31, 32, 33, 34, 35, 36]",0.42999999999999994
C13H8ClO3,"{'O': 3, 'C': 13, 'H': 8, 'Cl': 1}",247.01619679855,negative,-1,PEEK,Polyether Ether Ketone,adduct,break 1 bond(s) | H shift -1 | Cl | ; | break 1 bond(s) | H shift -1 | Cl | ; | break 2 bond(s) | H shift -1 | Cl,1,-1,Cl,,"[0, 1, 2, 3, 4, 5, 6, 14, 15, 16, 17, 18, 19, 20, 21, 22, 23, 24, 30, 31, 32, 33, 34, 35, 36]",0.42999999999999994
C13H8KO2,"{'O': 2, 'C': 13, 'H': 8, 'K': 1}",235.01613598338,positive,1,PEEK,Polyether Ether Ketone,adduct,break 1 bond(s) | H shift -1 | K | ; | break 2 bond(s) | H shift -1 | K | ; | break 2 bond(s) | H shift -1 | K,1,-1,K,,"[0, 1, 2, 3, 4, 5, 14, 15, 16, 17, 18, 19, 20, 21, 22, 23, 24, 30, 31, 32, 33, 34, 35, 36]",0.42999999999999994
C13H8KO3,"{'O': 3, 'C': 13, 'H': 8, 'K': 1}",251.01105060295,positive,1,PEEK,Polyether Ether Ketone,adduct,break 1 bond(s) | H shift -1 | K | ; | break 1 bond(s) | H shift -1 | K | ; | break 2 bond(s) | H shift -1 | K,1,-1,K,,"[0, 1, 2, 3, 4, 5, 6, 14, 15, 16, 17, 18, 19, 20, 21, 22, 23, 24, 30, 31, 32, 33, 34, 35, 36]",0.42999999999999994
C13H8NaO2,"{'O': 2, 'C': 13, 'H': 8, 'Na': 1}",219.04219877898,positive,1,PEEK,Polyether Ether Ketone,adduct,break 1 bond(s) | H shift -1 | Na | ; | break 2 bond(s) | H shift -1 | Na | ; | break 2 bond(s) | H shift -1 | Na,1,-1,Na,,"[0, 1, 2, 3, 4, 5, 14, 15, 16, 17, 18, 19, 20, 21, 22, 23, 24, 30, 31, 32, 33, 34, 35, 36]",0.42999999999999994
C13H8NaO3,"{'O': 3, 'C': 13, 'H': 8, 'Na': 1}",235.03711339855,positive,1,PEEK,Polyether Ether Ketone,adduct,break 1 bond(s) | H shift -1 | Na | ; | break 1 bond(s) | H shift -1 | Na | ; | break 2 bond(s) | H shift -1 | Na,1,-1,Na,,"[0, 1, 2, 3, 4, 5, 6, 14, 15, 16, 17, 18, 19, 20, 21, 22, 23, 24, 30, 31, 32, 33, 34, 35, 36]",0.42999999999999994
C13H8O4,"{'O': 4, 'C': 13, 'H': 8}",228.04225873612,negative,-1,PEEK,Polyether Ether Ketone,adduct,break 1 bond(s) | H shift -1 | O | ; | break 1 bond(s) | H shift -2 | OH | ; | break 1 bond(s) | H shift -1 | O,1,-1,O,,"[0, 1, 2, 3, 4, 5, 6, 14, 15, 16, 17, 18, 19, 20, 21, 22, 23, 24, 30, 31, 32, 33, 34, 35, 36]",0.42999999999999994
C6H4ClO,"{'C': 6, 'O': 1, 'H': 4, 'Cl': 1}",126.99506743049,negative,-1,PEEK,Polyether Ether Ketone,adduct,break 1 bond(s) | H shift -1 | Cl | ; | break 1 bond(s) | H shift -1 | Cl | ; | break 2 bond(s) | Cl,1,-1,Cl,,"[7, 8, 9, 10, 11, 12, 13, 25, 26, 27, 28, 29]",0.42999999999999994
C6H4ClO2,"{'O': 2, 'C': 6, 'H': 4, 'Cl': 1}",142.98998205006,negative,-1,PEEK,Polyether Ether Ketone,adduct,break 1 bond(s) | H shift -1 | Cl | ; | break 2 bond(s) | H shift -1 | Cl | ; | break 2 bond(s) | H shift -1 | Cl,1,-1,Cl,,"[6, 7, 8, 9, 10, 11, 12, 13, 25, 26, 27, 28, 29]",0.42999999999999994
C6H4KO,"{'C': 6, 'O': 1, 'H': 4, 'K': 1}",130.98992123489,positive,1,PEEK,Polyether Ether Ketone,adduct,break 1 bond(s) | H shift -1 | K | ; | break 1 bond(s) | H shift -1 | K | ; | break 2 bond(s) | K,1,-1,K,,"[7, 8, 9, 10, 11, 12, 13, 25, 26, 27, 28, 29]",0.42999999999999994
C6H4KO2,"{'O': 2, 'C': 6, 'H': 4, 'K': 1}",146.98483585446,positive,1,PEEK,Polyether Ether Ketone,adduct,break 1 bond(s) | H shift -1 | K | ; | break 2 bond(s) | H shift -1 | K | ; | break 2 bond(s) | H shift -1 | K,1,-1,K,,"[6, 7, 8, 9, 10, 11, 12, 13, 25, 26, 27, 28, 29]",0.42999999999999994
C6H4NaO,"{'C': 6, 'O': 1, 'H': 4, 'Na': 1}",115.01598403049,positive,1,PEEK,Polyether Ether Ketone,adduct,break 1 bond(s) | H shift -1 | Na | ; | break 1 bond(s) | H shift -1 | Na | ; | break 2 bond(s) | Na,1,-1,Na,,"[7, 8, 9, 10, 11, 12, 13, 25, 26, 27, 28, 29]",0.42999999999999994
C6H4NaO2,"{'O': 2, 'C': 6, 'H': 4, 'Na': 1}",131.01089865006,positive,1,PEEK,Polyether Ether Ketone,adduct,break 1 bond(s) | H shift -1 | Na | ; | break 2 bond(s) | H shift -1 | Na | ; | break 2 bond(s) | H shift -1 | Na,1,-1,Na,,"[6, 7, 8, 9, 10, 11, 12, 13, 25, 26, 27, 28, 29]",0.42999999999999994
C6H4O3,"{'O': 3, 'C': 6, 'H': 4}",124.01604398763,negative,-1,PEEK,Polyether Ether Ketone,adduct,break 1 bond(s) | H shift -1 | O | ; | break 2 bond(s) | H shift -2 | OH | ; | break 2 bond(s) | H shift -1 | O,1,-1,O,,"[6, 7, 8, 9, 10, 11, 12, 13, 25, 26, 27, 28, 29]",0.42999999999999994
C6H6ClO,"{'C': 6, 'O': 1, 'H': 6, 'Cl': 1}",129.01071749495,negative,-1,PEEK,Polyether Ether Ketone,adduct,break 1 bond(s) | H shift +1 | Cl | ; | break 1 bond(s) | H shift +1 | Cl | ; | break 2 bond(s) | H shift +2 | Cl,1,1,Cl,,"[7, 8, 9, 10, 11, 12, 13, 25, 26, 27, 28, 29]",0.42999999999999994
C6H6ClO2,"{'O': 2, 'C': 6, 'H': 6, 'Cl': 1}",145.00563211452,negative,-1,PEEK,Polyether Ether Ketone,adduct,break 1 bond(s) | H shift +1 | Cl | ; | break 2 bond(s) | H shift +1 | Cl | ; | break 2 bond(s) | H shift +1 | Cl,1,1,Cl,,"[6, 7, 8, 9, 10, 11, 12, 13, 25, 26, 27, 28, 29]",0.42999999999999994
C6H6KO,"{'C': 6, 'O': 1, 'H': 6, 'K': 1}",133.00557129935,positive,1,PEEK,Polyether Ether Ketone,adduct,break 1 bond(s) | H shift +1 | K | ; | break 1 bond(s) | H shift +1 | K | ; | break 2 bond(s) | H shift +2 | K,1,1,K,,"[7, 8, 9, 10, 11, 12, 13, 25, 26, 27, 28, 29]",0.42999999999999994
C6H6KO2,"{'O': 2, 'C': 6, 'H': 6, 'K': 1}",149.00048591892,positive,1,PEEK,Polyether Ether Ketone,adduct,break 1 bond(s) | H shift +1 | K | ; | break 2 bond(s) | H shift +1 | K | ; | break 2 bond(s) | H shift +1 | K,1,1,K,,"[6, 7, 8, 9, 10, 11, 12, 13, 25, 26, 27, 28, 29]",0.42999999999999994
C6H6NaO,"{'C': 6, 'O': 1, 'H': 6, 'Na': 1}",117.03163409495001,positive,1,PEEK,Polyether Ether Ketone,adduct,break 1 bond(s) | H shift +1 | Na | ; | break 1 bond(s) | H shift +1 | Na | ; | break 2 bond(s) | H shift +2 | Na,1,1,Na,,"[7, 8, 9, 10, 11, 12, 13, 25, 26, 27, 28, 29]",0.42999999999999994
C6H6NaO2,"{'O': 2, 'C': 6, 'H': 6, 'Na': 1}",133.02654871452,positive,1,PEEK,Polyether Ether Ketone,adduct,break 1 bond(s) | H shift +1 | Na | ; | break 2 bond(s) | H shift +1 | Na | ; | break 2 bond(s) | H shift +1 | Na,1,1,Na,,"[6, 7, 8, 9, 10, 11, 12, 13, 25, 26, 27, 28, 29]",0.42999999999999994
C6H7O2,"{'C': 6, 'O': 2, 'H': 7}",111.04460446475,negative,-1,PEEK,Polyether Ether Ketone,adduct,break 1 bond(s) | H shift +1 | OH | ; | break 1 bond(s) | H shift +2 | O | ; | break 1 bond(s) | H shift +1 | OH,1,1,OH,,"[7, 8, 9, 10, 11, 12, 13, 25, 26, 27, 28, 29]",0.42999999999999994
C6H7O3,"{'O': 3, 'C': 6, 'H': 7}",127.03951908432,negative,-1,PEEK,Polyether Ether Ketone,adduct,break 1 bond(s) | H shift +1 | OH | ; | break 1 bond(s) | H shift +2 | O | ; | break 2 bond(s) | H shift +1 | OH,1,1,OH,,"[6, 7, 8, 9, 10, 11, 12, 13, 25, 26, 27, 28, 29]",0.42999999999999994
C7H4ClO2,"{'O': 2, 'C': 7, 'H': 4, 'Cl': 1}",154.98998205006,negative,-1,PEEK,Polyether Ether Ketone,adduct,break 1 bond(s) | H shift -1 | Cl | ; | break 2 bond(s) | H shift -1 | Cl | ; | break 2 bond(s) | H shift -1 | Cl,1,-1,Cl,,"[0, 1, 16, 17, 18, 19, 20, 21, 22, 32, 33, 34, 35, 36]",0.42999999999999994
C7H4KO2,"{'O': 2, 'C': 7, 'H': 4, 'K': 1}",158.98483585446,positive,1,PEEK,Polyether Ether Ketone,adduct,break 1 bond(s) | H shift -1 | K | ; | break 2 bond(s) | H shift -1 | K | ; | break 2 bond(s) | H shift -1 | K,1,-1,K,,"[0, 1, 16, 17, 18, 19, 20, 21, 22, 32, 33, 34, 35, 36]",0.42999999999999994
C7H4NaO2,"{'O': 2, 'C': 7, 'H': 4, 'Na': 1}",143.01089865006,positive,1,PEEK,Polyether Ether Ketone,adduct,break 1 bond(s) | H shift -1 | Na | ; | break 2 bond(s) | H shift -1 | Na | ; | break 2 bond(s) | H shift -1 | Na,1,-1,Na,,"[0, 1, 16, 17, 18, 19, 20, 21, 22, 32, 33, 34, 35, 36]",0.42999999999999994
C7H4O3,"{'O': 3, 'C': 7, 'H': 4}",136.01604398763,negative,-1,PEEK,Polyether Ether Ketone,adduct,break 1 bond(s) | H shift -1 | O | ; | break 2 bond(s) | H shift -2 | OH | ; | break 2 bond(s) | H shift -1 | O,1,-1,O,,"[0, 1, 16, 17, 18, 19, 20, 21, 22, 32, 33, 34, 35, 36]",0.42999999999999994
C7H6ClO2,"{'O': 2, 'C': 7, 'H': 6, 'Cl': 1}",157.00563211452,negative,-1,PEEK,Polyether Ether Ketone,adduct,break 1 bond(s) | H shift +1 | Cl | ; | break 2 bond(s) | H shift +1 | Cl | ; | break 2 bond(s) | H shift +1 | Cl,1,1,Cl,,"[0, 1, 16, 17, 18, 19, 20, 21, 22, 32, 33, 34, 35, 36]",0.42999999999999994
C7H6KO2,"{'O': 2, 'C': 7, 'H': 6, 'K': 1}",161.00048591892,positive,1,PEEK,Polyether Ether Ketone,adduct,break 1 bond(s) | H shift +1 | K | ; | break 2 bond(s) | H shift +1 | K | ; | break 2 bond(s) | H shift +1 | K,1,1,K,,"[0, 1, 16, 17, 18, 19, 20, 21, 22, 32, 33, 34, 35, 36]",0.42999999999999994
C7H6NaO2,"{'O': 2, 'C': 7, 'H': 6, 'Na': 1}",145.02654871452,positive,1,PEEK,Polyether Ether Ketone,adduct,break 1 bond(s) | H shift +1 | Na | ; | break 2 bond(s) | H shift +1 | Na | ; | break 2 bond(s) | H shift +1 | Na,1,1,Na,,"[0, 1, 16, 17, 18, 19, 20, 21, 22, 32, 33, 34, 35, 36]",0.42999999999999994
C7H7O3,"{'O': 3, 'C': 7, 'H': 7}",139.03951908432,negative,-1,PEEK,Polyether Ether Ketone,adduct,break 1 bond(s) | H shift +1 | OH | ; | break 1 bond(s) | H shift +2 | O | ; | break 2 bond(s) | H shift +1 | OH,1,1,OH,,"[0, 1, 16, 17, 18, 19, 20, 21, 22, 32, 33, 34, 35, 36]",0.42999999999999994
C11H11,"{'C': 11, 'H': 11}",143.08607535453,neutral,0,PEEK,Polyether Ether Ketone,neutral_loss,break 1 bond(s) | H shift +2 | -CO2 | ; | break 2 bond(s) | H shift +2 | -CO2 | ; | break 2 bond(s) | H shift +2 | -CO2,1,2,,CO2,"[2, 3, 4, 5, 6, 7, 8, 9, 10, 11, 12, 13, 14, 15, 23, 24, 25, 26, 27, 28, 29, 30, 31]",0.4
C11H11O,"{'C': 11, 'O': 1, 'H': 11}",159.0809899741,neutral,0,PEEK,Polyether Ether Ketone,neutral_loss,break 1 bond(s) | H shift +2 | -CO | ; | break 2 bond(s) | H shift +2 | -CO | ; | break 2 bond(s) | H shift +2 | -CO,1,2,,CO,"[2, 3, 4, 5, 6, 7, 8, 9, 10, 11, 12, 13, 14, 15, 23, 24, 25, 26, 27, 28, 29, 30, 31]",0.4
C11H4O2,"{'C': 11, 'O': 2, 'H': 4}",168.02112936806,neutral,0,PEEK,Polyether Ether Ketone,neutral_loss,break 1 bond(s) | H shift -2 | -CH3 | ; | break 2 bond(s) | H shift -2 | -CH3 | ; | break 2 bond(s) | H shift -2 | -CH3,1,-2,,CH3,"[2, 3, 4, 5, 6, 7, 8, 9, 10, 11, 12, 13, 14, 15, 23, 24, 25, 26, 27, 28, 29, 30, 31]",0.4
C11H7,"{'C': 11, 'H': 7}",139.05477522561,neutral,0,PEEK,Polyether Ether Ketone,neutral_loss,break 1 bond(s) | H shift -2 | -CO2 | ; | break 2 bond(s) | H shift -1 | -CO | ; | break 2 bond(s) | H shift -2 | -CO2,1,-2,,CO2,"[2, 3, 4, 5, 6, 7, 8, 9, 10, 11, 12, 13, 14, 15, 23, 24, 25, 26, 27, 28, 29, 30, 31]",0.4
C11H7O,"{'C': 11, 'O': 1, 'H': 7}",155.04968984518,neutral,0,PEEK,Polyether Ether Ketone,neutral_loss,break 1 bond(s) | H shift -2 | -CO | ; | break 2 bond(s) | H shift +2 | -CH3 | ; | break 2 bond(s) | H shift -2 | -CO,1,-2,,CO,"[2, 3, 4, 5, 6, 7, 8, 9, 10, 11, 12, 13, 14, 15, 23, 24, 25, 26, 27, 28, 29, 30, 31]",0.4
C11H8O2,"{'C': 11, 'O': 2, 'H': 8}",172.05242949698,neutral,0,PEEK,Polyether Ether Ketone,neutral_loss,break 1 bond(s) | H shift +2 | -CH3 | ; | break 2 bond(s) | H shift +2 | -CH3 | ; | break 2 bond(s) | H shift +2 | -CH3,1,2,,CH3,"[2, 3, 4, 5, 6, 7, 8, 9, 10, 11, 12, 13, 14, 15, 23, 24, 25, 26, 27, 28, 29, 30, 31]",0.4
C12H10O,"{'C': 12, 'O': 1, 'H': 10}",170.07316494187,positive,1,PEEK,Polyether Ether Ketone,adduct,break 2 bond(s) | H shift +1 | H,2,1,H,,"[2, 3, 4, 5, 6, 7, 8, 9, 10, 12, 13, 14, 15, 23, 24, 25, 26, 28, 29, 30, 31]",0.4
C12H11,"{'C': 12, 'H': 11}",155.08607535453,neutral,0,PEEK,Polyether Ether Ketone,neutral_loss,break 1 bond(s) | H shift +2 | -CO2 | ; | break 2 bond(s) | H shift +2 | -CO2 | ; | break 2 bond(s) | H shift +2 | -CO2,1,2,,CO2,"[0, 1, 2, 3, 4, 5, 14, 15, 16, 17, 18, 19, 20, 21, 22, 23, 24, 30, 31, 32, 33, 34, 35, 36]",0.4
C12H11O,"{'O': 1, 'C': 12, 'H': 11}",171.0809899741,neutral,0,PEEK,Polyether Ether Ketone,neutral_loss,break 1 bond(s) | H shift +2 | -CO | ; | break 1 bond(s) | H shift +2 | -CO2 | ; | break 1 bond(s) | H shift +2 | -CO2,1,2,,CO,"[0, 1, 2, 3, 4, 5, 14, 15, 16, 17, 18, 19, 20, 21, 22, 23, 24, 30, 31, 32, 33, 34, 35, 36]",0.4
C12H11O2,"{'O': 2, 'C': 12, 'H': 11}",187.07590459367,neutral,0,PEEK,Polyether Ether Ketone,neutral_loss,break 1 bond(s) | H shift +2 | -CO | ; | break 1 bond(s) | H shift +2 | -CO | ; | break 2 bond(s) | H shift +2 | -CO,1,2,,CO,"[0, 1, 2, 3, 4, 5, 6, 14, 15, 16, 17, 18, 19, 20, 21, 22, 23, 24, 30, 31, 32, 33, 34, 35, 36]",0.4
C12H4O2,"{'O': 2, 'C': 12, 'H': 4}",180.02112936806,neutral,0,PEEK,Polyether Ether Ketone,neutral_loss,break 1 bond(s) | H shift -2 | -CH3 | ; | break 2 bond(s) | H shift -2 | -CH3 | ; | break 2 bond(s) | H shift -2 | -CH3,1,-2,,CH3,"[0, 1, 2, 3, 4, 5, 14, 15, 16, 17, 18, 19, 20, 21, 22, 23, 24, 30, 31, 32, 33, 34, 35, 36]",0.4
C12H4O3,"{'O': 3, 'C': 12, 'H': 4}",196.01604398763,neutral,0,PEEK,Polyether Ether Ketone,neutral_loss,break 1 bond(s) | H shift -2 | -CH3 | ; | break 1 bond(s) | H shift -2 | -CH3 | ; | break 2 bond(s) | H shift -2 | -CH3,1,-2,,CH3,"[0, 1, 2, 3, 4, 5, 6, 14, 15, 16, 17, 18, 19, 20, 21, 22, 23, 24, 30, 31, 32, 33, 34, 35, 36]",0.4
C12H5O,"{'C': 12, 'O': 1, 'H': 5}",165.03403978072,neutral,0,PEEK,Polyether Ether Ketone,neutral_loss,break 1 bond(s) | H shift -2 | -H2O | ; | break 2 bond(s) | H shift -1 | -H2 | ; | break 2 bond(s) | H shift -2 | -H2O,1,-2,,H2O,"[2, 3, 4, 5, 6, 7, 8, 9, 10, 11, 12, 13, 14, 15, 23, 24, 25, 26, 27, 28, 29, 30, 31]",0.4
C12H6O,"{'C': 12, 'O': 1, 'H': 6}",166.04186481295,negative,-1,PEEK,Polyether Ether Ketone,adduct,break 2 bond(s) | H shift -1 | -H,2,-1,-H,,"[2, 3, 4, 5, 6, 7, 8, 9, 10, 12, 13, 14, 15, 23, 24, 25, 26, 28, 29, 30, 31]",0.4
C12H7,"{'C': 12, 'H': 7}",151.05477522561,neutral,0,PEEK,Polyether Ether Ketone,neutral_loss,break 1 bond(s) | H shift -2 | -CO2 | ; | break 2 bond(s) | -OH | ; | break 2 bond(s) | H shift +1 | -H2O,1,-2,,CO2,"[0, 1, 2, 3, 4, 5, 14, 15, 16, 17, 18, 19, 20, 21, 22, 23, 24, 30, 31, 32, 33, 34, 35, 36]",0.4
C12H7O,"{'C': 12, 'O': 1, 'H': 7}",167.04968984518,neutral,0,PEEK,Polyether Ether Ketone,h_shift,break 2 bond(s) | H shift -1,2,-1,,,"[2, 3, 4, 5, 6, 7, 8, 9, 10, 12, 13, 14, 15, 23, 24, 25, 26, 28, 29, 30, 31]",0.4
C12H8O,"{'C': 12, 'O': 1, 'H': 8}",168.05751487741,positive,1,PEEK,Polyether Ether Ketone,adduct,break 2 bond(s) | H shift -1 | H,2,-1,H,,"[2, 3, 4, 5, 6, 7, 8, 9, 10, 12, 13, 14, 15, 23, 24, 25, 26, 28, 29, 30, 31]",0.4
C12H8O,"{'C': 12, 'O': 1, 'H': 8}",168.05751487741,negative,-1,PEEK,Polyether Ether Ketone,adduct,break 2 bond(s) | H shift +1 | -H,2,1,-H,,"[2, 3, 4, 5, 6, 7, 8, 9, 10, 12, 13, 14, 15, 23, 24, 25, 26, 28, 29, 30, 31]",0.4
C12H8O3,"{'O': 3, 'C': 12, 'H': 8}",200.04734411655,neutral,0,PEEK,Polyether Ether Ketone,neutral_loss,break 1 bond(s) | H shift +2 | -CH3 | ; | break 1 bond(s) | H shift +2 | -CH3 | ; | break 2 bond(s) | H shift +2 | -CH3,1,2,,CH3,"[0, 1, 2, 3, 4, 5, 6, 14, 15, 16, 17, 18, 19, 20, 21, 22, 23, 24, 30, 31, 32, 33, 34, 35, 36]",0.4
C12H9O,"{'C': 12, 'O': 1, 'H': 9}",169.06533990964,neutral,0,PEEK,Polyether Ether Ketone,h_shift,break 2 bond(s) | H shift +1,2,1,,,"[2, 3, 4, 5, 6, 7, 8, 9, 10, 12, 13, 14, 15, 23, 24, 25, 26, 28, 29, 30, 31]",0.4
C13H10O,"{'O': 1, 'C': 13, 'H': 10}",182.07316494187,neutral,0,PEEK,Polyether Ether Ketone,neutral_loss,break 1 bond(s) | H shift +2 | -OH | ; | break 2 bond(s) | H shift +2 | -OH | ; | break 2 bond(s) | H shift +2 | -OH,1,2,,OH,"[0, 1, 2, 3, 4, 5, 14, 15, 16, 17, 18, 19, 20, 21, 22, 23, 24, 30, 31, 32, 33, 34, 35, 36]",0.4
C13H10O,"{'O': 1, 'C': 13, 'H': 10}",182.07316494187,positive,1,PEEK,Polyether Ether Ketone,adduct,break 2 bond(s) | H shift +1 | H,2,1,H,,"[0, 1, 2, 3, 4, 5, 14, 15, 16, 17, 18, 19, 21, 22, 23, 24, 30, 31, 32, 33, 35, 36]",0.4
C13H10O2,"{'O': 2, 'C': 13, 'H': 10}",198.06807956144002,neutral,0,PEEK,Polyether Ether Ketone,neutral_loss,break 1 bond(s) | H shift +2 | -OH | ; | break 1 bond(s) | H shift +2 | -OH | ; | break 2 bond(s) | H shift +2 | -OH,1,2,,OH,"[0, 1, 2, 3, 4, 5, 6, 14, 15, 16, 17, 18, 19, 20, 21, 22, 23, 24, 30, 31, 32, 33, 34, 35, 36]",0.4
C13H5O,"{'O': 1, 'C': 13, 'H': 5}",177.03403978072,neutral,0,PEEK,Polyether Ether Ketone,neutral_loss,break 1 bond(s) | H shift -2 | -H2O | ; | break 2 bond(s) | H shift -2 | -H2O | ; | break 2 bond(s) | H shift -2 | -H2O,1,-2,,H2O,"[0, 1, 2, 3, 4, 5, 14, 15, 16, 17, 18, 19, 20, 21, 22, 23, 24, 30, 31, 32, 33, 34, 35, 36]",0.4
C13H5O2,"{'O': 2, 'C': 13, 'H': 5}",193.02895440029,neutral,0,PEEK,Polyether Ether Ketone,neutral_loss,break 1 bond(s) | H shift -2 | -H2 | ; | break 1 bond(s) | H shift -2 | -H2O | ; | break 1 bond(s) | H shift -2 | -H2O,1,-2,,H2,"[0, 1, 2, 3, 4, 5, 14, 15, 16, 17, 18, 19, 20, 21, 22, 23, 24, 30, 31, 32, 33, 34, 35, 36]",0.4
C13H5O3,"{'O': 3, 'C': 13, 'H': 5}",209.02386901986,neutral,0,PEEK,Polyether Ether Ketone,neutral_loss,break 1 bond(s) | H shift -2 | -H2 | ; | break 1 bond(s) | H shift -2 | -H2 | ; | break 2 bond(s) | H shift -2 | -H2,1,-2,,H2,"[0, 1, 2, 3, 4, 5, 6, 14, 15, 16, 17, 18, 19, 20, 21, 22, 23, 24, 30, 31, 32, 33, 34, 35, 36]",0.4
C13H6O,"{'O': 1, 'C': 13, 'H': 6}",178.04186481295,negative,-1,PEEK,Polyether Ether Ketone,adduct,break 2 bond(s) | H shift -1 | -H,2,-1,-H,,"[0, 1, 2, 3, 4, 5, 14, 15, 16, 17, 18, 19, 21, 22, 23, 24, 30, 31, 32, 33, 35, 36]",0.4
C13H7O,"{'O': 1, 'C': 13, 'H': 7}",179.04968984518,neutral,0,PEEK,Polyether Ether Ketone,h_shift,break 2 bond(s) | H shift -1,2,-1,,,"[0, 1, 2, 3, 4, 5, 14, 15, 16, 17, 18, 19, 21, 22, 23, 24, 30, 31, 32, 33, 35, 36]",0.4
C13H8O,"{'O': 1, 'C': 13, 'H': 8}",180.05751487741,positive,1,PEEK,Polyether Ether Ketone,adduct,break 2 bond(s) | H shift -1 | H,2,-1,H,,"[0, 1, 2, 3, 4, 5, 14, 15, 16, 17, 18, 19, 21, 22, 23, 24, 30, 31, 32, 33, 35, 36]",0.4
C13H8O,"{'O': 1, 'C': 13, 'H': 8}",180.05751487741,negative,-1,PEEK,Polyether Ether Ketone,adduct,break 2 bond(s) | H shift +1 | -H,2,1,-H,,"[0, 1, 2, 3, 4, 5, 14, 15, 16, 17, 18, 19, 21, 22, 23, 24, 30, 31, 32, 33, 35, 36]",0.4
C13H9O,"{'O': 1, 'C': 13, 'H': 9}",181.06533990964,neutral,0,PEEK,Polyether Ether Ketone,h_shift,break 2 bond(s) | H shift +1,2,1,,,"[0, 1, 2, 3, 4, 5, 14, 15, 16, 17, 18, 19, 21, 22, 23, 24, 30, 31, 32, 33, 35, 36]",0.4
C13H9O2,"{'O': 2, 'C': 13, 'H': 9}",197.06025452921,neutral,0,PEEK,Polyether Ether Ketone,h_shift,break 2 bond(s) | H shift +1 | ; | break 2 bond(s) | H shift +1,2,1,,,"[0, 1, 2, 3, 4, 5, 6, 14, 15, 16, 17, 18, 19, 21, 22, 23, 24, 30, 31, 32, 33, 35, 36]",0.4
C13H9O3,"{'O': 3, 'C': 13, 'H': 9}",213.05516914878,neutral,0,PEEK,Polyether Ether Ketone,neutral_loss,break 1 bond(s) | H shift +2 | -H2 | ; | break 1 bond(s) | H shift +2 | -H2 | ; | break 2 bond(s) | H shift +2 | -H2,1,2,,H2,"[0, 1, 2, 3, 4, 5, 6, 14, 15, 16, 17, 18, 19, 20, 21, 22, 23, 24, 30, 31, 32, 33, 34, 35, 36]",0.4
C18H12O3,"{'O': 3, 'C': 18, 'H': 12}",276.07864424547,neutral,0,PEEK,Polyether Ether Ketone,neutral_loss,break 1 bond(s) | H shift +2 | -CH3 | ; | break 1 bond(s) | H shift +2 | -CH3,1,2,,CH3,"[0, 1, 2, 3, 4, 5, 6, 7, 8, 9, 10, 12, 13, 14, 15, 16, 17, 18, 19, 20, 21, 22, 23, 24, 25, 26, 28, 29, 30, 31, 32, 33, 34, 35, 36]",0.4
C18H15O,"{'O': 1, 'C': 18, 'H': 15}",247.11229010302,neutral,0,PEEK,Polyether Ether Ketone,neutral_loss,break 1 bond(s) | H shift +2 | -CO2 | ; | break 1 bond(s) | H shift +2 | -CO2,1,2,,CO2,"[0, 1, 2, 3, 4, 5, 6, 7, 8, 9, 10, 12, 13, 14, 15, 16, 17, 18, 19, 20, 21, 22, 23, 24, 25, 26, 28, 29, 30, 31, 32, 33, 34, 35, 36]",0.4
C18H15O2,"{'O': 2, 'C': 18, 'H': 15}",263.10720472259,neutral,0,PEEK,Polyether Ether Ketone,neutral_loss,break 1 bond(s) | H shift +2 | -CO | ; | break 1 bond(s) | H shift +2 | -CO,1,2,,CO,"[0, 1, 2, 3, 4, 5, 6, 7, 8, 9, 10, 12, 13, 14, 15, 16, 17, 18, 19, 20, 21, 22, 23, 24, 25, 26, 28, 29, 30, 31, 32, 33, 34, 35, 36]",0.4
C19H10O2,"{'O': 2, 'C': 19, 'H': 10}",270.06807956144,negative,-1,PEEK,Polyether Ether Ketone,adduct,break 2 bond(s) | H shift -1 | -H,2,-1,-H,,"[0, 1, 2, 3, 4, 5, 6, 7, 8, 9, 10, 12, 13, 14, 15, 16, 17, 18, 19, 21, 22, 23, 24, 25, 26, 28, 29, 30, 31, 32, 33, 35, 36]",0.4
C19H11O2,"{'O': 2, 'C': 19, 'H': 11}",271.07590459367,neutral,0,PEEK,Polyether Ether Ketone,h_shift,break 2 bond(s) | H shift -1,2,-1,,,"[0, 1, 2, 3, 4, 5, 6, 7, 8, 9, 10, 12, 13, 14, 15, 16, 17, 18, 19, 21, 22, 23, 24, 25, 26, 28, 29, 30, 31, 32, 33, 35, 36]",0.4
C19H12O2,"{'O': 2, 'C': 19, 'H': 12}",272.0837296259,positive,1,PEEK,Polyether Ether Ketone,adduct,break 2 bond(s) | H shift -1 | H,2,-1,H,,"[0, 1, 2, 3, 4, 5, 6, 7, 8, 9, 10, 12, 13, 14, 15, 16, 17, 18, 19, 21, 22, 23, 24, 25, 26, 28, 29, 30, 31, 32, 33, 35, 36]",0.4
C19H12O2,"{'O': 2, 'C': 19, 'H': 12}",272.0837296259,negative,-1,PEEK,Polyether Ether Ketone,adduct,break 2 bond(s) | H shift +1 | -H,2,1,-H,,"[0, 1, 2, 3, 4, 5, 6, 7, 8, 9, 10, 12, 13, 14, 15, 16, 17, 18, 19, 21, 22, 23, 24, 25, 26, 28, 29, 30, 31, 32, 33, 35, 36]",0.4
C19H13O2,"{'O': 2, 'C': 19, 'H': 13}",273.09155465813,neutral,0,PEEK,Polyether Ether Ketone,h_shift,break 2 bond(s) | H shift +1,2,1,,,"[0, 1, 2, 3, 4, 5, 6, 7, 8, 9, 10, 12, 13, 14, 15, 16, 17, 18, 19, 21, 22, 23, 24, 25, 26, 28, 29, 30, 31, 32, 33, 35, 36]",0.4
C19H13O3,"{'O': 3, 'C': 19, 'H': 13}",289.0864692777,neutral,0,PEEK,Polyether Ether Ketone,neutral_loss,break 1 bond(s) | H shift +2 | -H2 | ; | break 1 bond(s) | H shift +2 | -H2,1,2,,H2,"[0, 1, 2, 3, 4, 5, 6, 7, 8, 9, 10, 12, 13, 14, 15, 16, 17, 18, 19, 20, 21, 22, 23, 24, 25, 26, 28, 29, 30, 31, 32, 33, 34, 35, 36]",0.4
C19H14O2,"{'O': 2, 'C': 19, 'H': 14}",274.09937969036,neutral,0,PEEK,Polyether Ether Ketone,neutral_loss,break 1 bond(s) | H shift +2 | -OH | ; | break 1 bond(s) | H shift +2 | -OH,1,2,,OH,"[0, 1, 2, 3, 4, 5, 6, 7, 8, 9, 10, 12, 13, 14, 15, 16, 17, 18, 19, 20, 21, 22, 23, 24, 25, 26, 28, 29, 30, 31, 32, 33, 34, 35, 36]",0.4
C19H14O2,"{'O': 2, 'C': 19, 'H': 14}",274.09937969036,positive,1,PEEK,Polyether Ether Ketone,adduct,break 2 bond(s) | H shift +1 | H,2,1,H,,"[0, 1, 2, 3, 4, 5, 6, 7, 8, 9, 10, 12, 13, 14, 15, 16, 17, 18, 19, 21, 22, 23, 24, 25, 26, 28, 29, 30, 31, 32, 33, 35, 36]",0.4
C5H3,"{'C': 5, 'H': 3}",63.02347509669,neutral,0,PEEK,Polyether Ether Ketone,neutral_loss,break 1 bond(s) | H shift -2 | -CO2 | ; | break 1 bond(s) | H shift -2 | -CO | ; | break 1 bond(s) | H shift -2 | -CO,1,-2,,CO2,"[6, 7, 8, 9, 10, 11, 12, 13, 25, 26, 27, 28, 29]",0.4
C5H4O2,"{'O': 2, 'C': 5, 'H': 4}",96.02112936806,neutral,0,PEEK,Polyether Ether Ketone,neutral_loss,break 1 bond(s) | H shift +2 | -CH3 | ; | break 2 bond(s) | H shift +2 | -CH3 | ; | break 2 bond(s) | H shift +2 | -CH3,1,2,,CH3,"[6, 7, 8, 9, 10, 11, 12, 13, 25, 26, 27, 28, 29]",0.4
C5H7,"{'C': 5, 'H': 7}",67.05477522561,neutral,0,PEEK,Polyether Ether Ketone,neutral_loss,break 1 bond(s) | H shift +2 | -CO2 | ; | break 1 bond(s) | H shift +2 | -CO | ; | break 1 bond(s) | H shift +2 | -CO,1,2,,CO2,"[6, 7, 8, 9, 10, 11, 12, 13, 25, 26, 27, 28, 29]",0.4
C5H7O,"{'O': 1, 'C': 5, 'H': 7}",83.04968984518,neutral,0,PEEK,Polyether Ether Ketone,neutral_loss,break 1 bond(s) | H shift +2 | -CO | ; | break 2 bond(s) | H shift +2 | -CO | ; | break 2 bond(s) | H shift +2 | -CO,1,2,,CO,"[6, 7, 8, 9, 10, 11, 12, 13, 25, 26, 27, 28, 29]",0.4
C5O,"{'C': 5, 'O': 1}",75.99491461957,neutral,0,PEEK,Polyether Ether Ketone,neutral_loss,break 1 bond(s) | H shift -2 | -CH3 | ; | break 1 bond(s) | H shift -2 | -CH3 | ; | break 2 bond(s) | H shift -1 | -CH3,1,-2,,CH3,"[7, 8, 9, 10, 11, 12, 13, 25, 26, 27, 28, 29]",0.4
C5O2,"{'O': 2, 'C': 5}",91.98982923914,neutral,0,PEEK,Polyether Ether Ketone,neutral_loss,break 1 bond(s) | H shift -2 | -CH3 | ; | break 2 bond(s) | H shift -2 | -CH3 | ; | break 2 bond(s) | H shift -2 | -CH3,1,-2,,CH3,"[6, 7, 8, 9, 10, 11, 12, 13, 25, 26, 27, 28, 29]",0.4
C6H,"{'C': 6, 'H': 1}",73.00782503223,neutral,0,PEEK,Polyether Ether Ketone,neutral_loss,break 1 bond(s) | H shift -2 | -H2O | ; | break 1 bond(s) | H shift -2 | -H2O | ; | break 2 bond(s) | H shift -1 | -H2,1,-2,,H2O,"[7, 8, 9, 10, 11, 12, 13, 25, 26, 27, 28, 29]",0.4
C6H2,"{'C': 6, 'H': 2}",74.01565006446,negative,-1,PEEK,Polyether Ether Ketone,adduct,break 2 bond(s) | H shift -1 | -H | ; | break 2 bond(s) | H shift -1 | -H | ; | break 2 bond(s) | H shift -1 | -H,2,-1,-H,,"[2, 3, 4, 5, 14, 15, 23, 24, 30, 31]",0.4
C6H3,"{'C': 6, 'H': 3}",75.02347509669,neutral,0,PEEK,Polyether Ether Ketone,h_shift,break 2 bond(s) | H shift -1 | ; | break 2 bond(s) | H shift -1 | ; | break 2 bond(s) | H shift -1,2,-1,,,"[2, 3, 4, 5, 14, 15, 23, 24, 30, 31]",0.4
C6H4,"{'C': 6, 'H': 4}",76.03130012892,positive,1,PEEK,Polyether Ether Ketone,adduct,break 2 bond(s) | H shift -1 | H | ; | break 2 bond(s) | H shift -1 | H | ; | break 2 bond(s) | H shift -1 | H,2,-1,H,,"[2, 3, 4, 5, 14, 15, 23, 24, 30, 31]",0.4
C6H4,"{'C': 6, 'H': 4}",76.03130012892,negative,-1,PEEK,Polyether Ether Ketone,adduct,break 2 bond(s) | H shift +1 | -H | ; | break 2 bond(s) | H shift +1 | -H | ; | break 2 bond(s) | H shift +1 | -H,2,1,-H,,"[2, 3, 4, 5, 14, 15, 23, 24, 30, 31]",0.4
C6H5,"{'C': 6, 'H': 5}",77.03912516115,neutral,0,PEEK,Polyether Ether Ketone,h_shift,break 2 bond(s) | H shift +1 | ; | break 2 bond(s) | H shift +1 | ; | break 2 bond(s) | H shift +1,2,1,,,"[2, 3, 4, 5, 14, 15, 23, 24, 30, 31]",0.4
C6H5O,"{'C': 6, 'O': 1, 'H': 5}",93.03403978072001,neutral,0,PEEK,Polyether Ether Ketone,h_shift,break 2 bond(s) | H shift +1 | ; | break 2 bond(s) | H shift +1,2,1,,,"[2, 3, 4, 5, 6, 14, 15, 23, 24, 30, 31]",0.4
C6H5O2,"{'O': 2, 'C': 6, 'H': 5}",109.02895440029,neutral,0,PEEK,Polyether Ether Ketone,neutral_loss,break 1 bond(s) | H shift +2 | -H2 | ; | break 2 bond(s) | H shift +2 | -H2 | ; | break 2 bond(s) | H shift +2 | -H2,1,2,,H2,"[6, 7, 8, 9, 10, 11, 12, 13, 25, 26, 27, 28, 29]",0.4
C6H6,"{'C': 6, 'H': 6}",78.04695019338,positive,1,PEEK,Polyether Ether Ketone,adduct,break 2 bond(s) | H shift +1 | H | ; | break 2 bond(s) | H shift +1 | H | ; | break 2 bond(s) | H shift +1 | H,2,1,H,,"[2, 3, 4, 5, 14, 15, 23, 24, 30, 31]",0.4
C6H7,"{'C': 6, 'H': 7}",79.05477522561,neutral,0,PEEK,Polyether Ether Ketone,neutral_loss,break 1 bond(s) | H shift +2 | -CO2 | ; | break 2 bond(s) | H shift +2 | -CO2 | ; | break 2 bond(s) | H shift +2 | -CO2,1,2,,CO2,"[0, 1, 16, 17, 18, 19, 20, 21, 22, 32, 33, 34, 35, 36]",0.4
C6H7O,"{'O': 1, 'C': 6, 'H': 7}",95.04968984518,neutral,0,PEEK,Polyether Ether Ketone,neutral_loss,break 1 bond(s) | H shift +2 | -CO | ; | break 2 bond(s) | H shift +2 | -CO | ; | break 2 bond(s) | H shift +2 | -CO,1,2,,CO,"[0, 1, 16, 17, 18, 19, 20, 21, 22, 32, 33, 34, 35, 36]",0.4
C6HO,"{'O': 1, 'C': 6, 'H': 1}",89.0027396518,neutral,0,PEEK,Polyether Ether Ketone,neutral_loss,break 1 bond(s) | H shift -2 | -H2O | ; | break 1 bond(s) | H shift -2 | -H2 | ; | break 1 bond(s) | H shift -2 | -H2,1,-2,,H2O,"[6, 7, 8, 9, 10, 11, 12, 13, 25, 26, 27, 28, 29]",0.4
C6O2,"{'O': 2, 'C': 6}",103.98982923914,neutral,0,PEEK,Polyether Ether Ketone,neutral_loss,break 1 bond(s) | H shift -2 | -CH3 | ; | break 2 bond(s) | H shift -2 | -CH3 | ; | break 2 bond(s) | H shift -2 | -CH3,1,-2,,CH3,"[0, 1, 16, 17, 18, 19, 20, 21, 22, 32, 33, 34, 35, 36]",0.4
C7H2O,"{'O': 1, 'C': 7, 'H': 2}",102.01056468403,negative,-1,PEEK,Polyether Ether Ketone,adduct,break 2 bond(s) | H shift -1 | -H | ; | break 2 bond(s) | H shift -1 | -H,2,-1,-H,,"[0, 1, 16, 17, 18, 19, 21, 22, 32, 33, 35, 36]",0.4
C7H3O,"{'O': 1, 'C': 7, 'H': 3}",103.01838971626,neutral,0,PEEK,Polyether Ether Ketone,h_shift,break 2 bond(s) | H shift -1 | ; | break 2 bond(s) | H shift -1,2,-1,,,"[0, 1, 16, 17, 18, 19, 21, 22, 32, 33, 35, 36]",0.4
C7H4O,"{'O': 1, 'C': 7, 'H': 4}",104.02621474849,positive,1,PEEK,Polyether Ether Ketone,adduct,break 2 bond(s) | H shift -1 | H | ; | break 2 bond(s) | H shift -1 | H,2,-1,H,,"[0, 1, 16, 17, 18, 19, 21, 22, 32, 33, 35, 36]",0.4
C7H4O,"{'O': 1, 'C': 7, 'H': 4}",104.02621474849,negative,-1,PEEK,Polyether Ether Ketone,adduct,break 2 bond(s) | H shift +1 | -H | ; | break 2 bond(s) | H shift +1 | -H,2,1,-H,,"[0, 1, 16, 17, 18, 19, 21, 22, 32, 33, 35, 36]",0.4
C7H5O,"{'O': 1, 'C': 7, 'H': 5}",105.03403978072001,neutral,0,PEEK,Polyether Ether Ketone,h_shift,break 2 bond(s) | H shift +1 | ; | break 2 bond(s) | H shift +1,2,1,,,"[0, 1, 16, 17, 18, 19, 21, 22, 32, 33, 35, 36]",0.4
C7H5O2,"{'O': 2, 'C': 7, 'H': 5}",121.02895440029,neutral,0,PEEK,Polyether Ether Ketone,neutral_loss,break 1 bond(s) | H shift +2 | -H2 | ; | break 2 bond(s) | H shift +2 | -H2 | ; | break 2 bond(s) | H shift +2 | -H2,1,2,,H2,"[0, 1, 16, 17, 18, 19, 20, 21, 22, 32, 33, 34, 35, 36]",0.4
C7H5O2,"{'O': 2, 'C': 7, 'H': 5}",121.02895440029,neutral,0,PEEK,Polyether Ether Ketone,h_shift,break 2 bond(s) | H shift +1,2,1,,,"[0, 1, 2, 3, 4, 5, 6, 14, 15, 23, 24, 30, 31]",0.4
C7H6O,"{'O': 1, 'C': 7, 'H': 6}",106.04186481295,neutral,0,PEEK,Polyether Ether Ketone,neutral_loss,break 1 bond(s) | H shift +2 | -OH | ; | break 2 bond(s) | H shift +2 | -OH | ; | break 2 bond(s) | H shift +2 | -OH,1,2,,OH,"[0, 1, 16, 17, 18, 19, 20, 21, 22, 32, 33, 34, 35, 36]",0.4
C7H6O,"{'O': 1, 'C': 7, 'H': 6}",106.04186481295,positive,1,PEEK,Polyether Ether Ketone,adduct,break 2 bond(s) | H shift +1 | H | ; | break 2 bond(s) | H shift +1 | H,2,1,H,,"[0, 1, 16, 17, 18, 19, 21, 22, 32, 33, 35, 36]",0.4
C7HO,"{'O': 1, 'C': 7, 'H': 1}",101.0027396518,neutral,0,PEEK,Polyether Ether Ketone,neutral_loss,break 1 bond(s) | H shift -2 | -H2O | ; | break 2 bond(s) | H shift -2 | -H2O | ; | break 2 bond(s) | H shift -2 | -H2O,1,-2,,H2O,"[0, 1, 16, 17, 18, 19, 20, 21, 22, 32, 33, 34, 35, 36]",0.4
C7HO2,"{'O': 2, 'C': 7, 'H': 1}",116.99765427137,neutral,0,PEEK,Polyether Ether Ketone,neutral_loss,break 1 bond(s) | H shift -2 | -H2 | ; | break 2 bond(s) | H shift -2 | -H2 | ; | break 2 bond(s) | H shift -2 | -H2,1,-2,,H2,"[0, 1, 16, 17, 18, 19, 20, 21, 22, 32, 33, 34, 35, 36]",0.4
CH2O,"{'O': 1, 'C': 1, 'H': 2}",30.01056468403,positive,1,PEEK,Polyether Ether Ketone,adduct,break 2 bond(s) | H shift +1 | H,2,1,H,,"[0, 1]",0.4
CHO,"{'O': 1, 'C': 1, 'H': 1}",29.0027396518,neutral,0,PEEK,Polyether Ether Ketone,h_shift,break 2 bond(s) | H shift +1,2,1,,,"[0, 1]",0.4
CO,"{'O': 1, 'C': 1}",27.99491461957,negative,-1,PEEK,Polyether Ether Ketone,adduct,break 2 bond(s) | H shift +1 | -H,2,1,-H,,"[0, 1]",0.4
C12H11ClO2,"{'C': 12, 'O': 2, 'H': 11, 'Cl': 1}",222.04475727567,negative,-1,PEEK,Polyether Ether Ketone,adduct,break 1 bond(s) | H shift +2 | Cl | ; | break 2 bond(s) | H shift +2 | Cl | ; | break 2 bond(s) | H shift +2 | Cl,1,2,Cl,,"[2, 3, 4, 5, 6, 7, 8, 9, 10, 11, 12, 13, 14, 15, 23, 24, 25, 26, 27, 28, 29, 30, 31]",0.38
C12H11KO2,"{'C': 12, 'O': 2, 'H': 11, 'K': 1}",226.03961108007,positive,1,PEEK,Polyether Ether Ketone,adduct,break 1 bond(s) | H shift +2 | K | ; | break 2 bond(s) | H shift +2 | K | ; | break 2 bond(s) | H shift +2 | K,1,2,K,,"[2, 3, 4, 5, 6, 7, 8, 9, 10, 11, 12, 13, 14, 15, 23, 24, 25, 26, 27, 28, 29, 30, 31]",0.38
C12H11NaO2,"{'C': 12, 'O': 2, 'H': 11, 'Na': 1}",210.06567387567,positive,1,PEEK,Polyether Ether Ketone,adduct,break 1 bond(s) | H shift +2 | Na | ; | break 2 bond(s) | H shift +2 | Na | ; | break 2 bond(s) | H shift +2 | Na,1,2,Na,,"[2, 3, 4, 5, 6, 7, 8, 9, 10, 11, 12, 13, 14, 15, 23, 24, 25, 26, 27, 28, 29, 30, 31]",0.38
C12H12O3,"{'C': 12, 'O': 3, 'H': 12}",204.07864424547,negative,-1,PEEK,Polyether Ether Ketone,adduct,break 1 bond(s) | H shift +2 | OH | ; | break 2 bond(s) | H shift +2 | OH | ; | break 2 bond(s) | H shift +2 | OH,1,2,OH,,"[2, 3, 4, 5, 6, 7, 8, 9, 10, 11, 12, 13, 14, 15, 23, 24, 25, 26, 27, 28, 29, 30, 31]",0.38
C12H7ClO2,"{'C': 12, 'O': 2, 'H': 7, 'Cl': 1}",218.01345714675,negative,-1,PEEK,Polyether Ether Ketone,adduct,break 1 bond(s) | H shift -2 | Cl | ; | break 2 bond(s) | H shift -2 | Cl | ; | break 2 bond(s) | H shift -2 | Cl,1,-2,Cl,,"[2, 3, 4, 5, 6, 7, 8, 9, 10, 11, 12, 13, 14, 15, 23, 24, 25, 26, 27, 28, 29, 30, 31]",0.38
C12H7KO2,"{'C': 12, 'O': 2, 'H': 7, 'K': 1}",222.00831095115,positive,1,PEEK,Polyether Ether Ketone,adduct,break 1 bond(s) | H shift -2 | K | ; | break 2 bond(s) | H shift -2 | K | ; | break 2 bond(s) | H shift -2 | K,1,-2,K,,"[2, 3, 4, 5, 6, 7, 8, 9, 10, 11, 12, 13, 14, 15, 23, 24, 25, 26, 27, 28, 29, 30, 31]",0.38
C12H7NaO2,"{'C': 12, 'O': 2, 'H': 7, 'Na': 1}",206.03437374675,positive,1,PEEK,Polyether Ether Ketone,adduct,break 1 bond(s) | H shift -2 | Na | ; | break 2 bond(s) | H shift -2 | Na | ; | break 2 bond(s) | H shift -2 | Na,1,-2,Na,,"[2, 3, 4, 5, 6, 7, 8, 9, 10, 11, 12, 13, 14, 15, 23, 24, 25, 26, 27, 28, 29, 30, 31]",0.38
C12H7O3,"{'C': 12, 'O': 3, 'H': 7}",199.03951908432,negative,-1,PEEK,Polyether Ether Ketone,adduct,break 1 bond(s) | H shift -2 | O | ; | break 2 bond(s) | H shift -2 | O | ; | break 2 bond(s) | H shift -2 | O,1,-2,O,,"[2, 3, 4, 5, 6, 7, 8, 9, 10, 11, 12, 13, 14, 15, 23, 24, 25, 26, 27, 28, 29, 30, 31]",0.38
C13H11ClO2,"{'O': 2, 'C': 13, 'H': 11, 'Cl': 1}",234.04475727567,negative,-1,PEEK,Polyether Ether Ketone,adduct,break 1 bond(s) | H shift +2 | Cl | ; | break 2 bond(s) | H shift +2 | Cl | ; | break 2 bond(s) | H shift +2 | Cl,1,2,Cl,,"[0, 1, 2, 3, 4, 5, 14, 15, 16, 17, 18, 19, 20, 21, 22, 23, 24, 30, 31, 32, 33, 34, 35, 36]",0.38
C13H11ClO3,"{'O': 3, 'C': 13, 'H': 11, 'Cl': 1}",250.03967189524,negative,-1,PEEK,Polyether Ether Ketone,adduct,break 1 bond(s) | H shift +2 | Cl | ; | break 1 bond(s) | H shift +2 | Cl | ; | break 2 bond(s) | H shift +2 | Cl,1,2,Cl,,"[0, 1, 2, 3, 4, 5, 6, 14, 15, 16, 17, 18, 19, 20, 21, 22, 23, 24, 30, 31, 32, 33, 34, 35, 36]",0.38
C13H11KO2,"{'O': 2, 'C': 13, 'H': 11, 'K': 1}",238.03961108007,positive,1,PEEK,Polyether Ether Ketone,adduct,break 1 bond(s) | H shift +2 | K | ; | break 2 bond(s) | H shift +2 | K | ; | break 2 bond(s) | H shift +2 | K,1,2,K,,"[0, 1, 2, 3, 4, 5, 14, 15, 16, 17, 18, 19, 20, 21, 22, 23, 24, 30, 31, 32, 33, 34, 35, 36]",0.38
C13H11KO3,"{'O': 3, 'C': 13, 'H': 11, 'K': 1}",254.03452569964,positive,1,PEEK,Polyether Ether Ketone,adduct,break 1 bond(s) | H shift +2 | K | ; | break 1 bond(s) | H shift +2 | K | ; | break 2 bond(s) | H shift +2 | K,1,2,K,,"[0, 1, 2, 3, 4, 5, 6, 14, 15, 16, 17, 18, 19, 20, 21, 22, 23, 24, 30, 31, 32, 33, 34, 35, 36]",0.38
C13H11NaO2,"{'O': 2, 'C': 13, 'H': 11, 'Na': 1}",222.06567387567,positive,1,PEEK,Polyether Ether Ketone,adduct,break 1 bond(s) | H shift +2 | Na | ; | break 2 bond(s) | H shift +2 | Na | ; | break 2 bond(s) | H shift +2 | Na,1,2,Na,,"[0, 1, 2, 3, 4, 5, 14, 15, 16, 17, 18, 19, 20, 21, 22, 23, 24, 30, 31, 32, 33, 34, 35, 36]",0.38
C13H11NaO3,"{'O': 3, 'C': 13, 'H': 11, 'Na': 1}",238.06058849524,positive,1,PEEK,Polyether Ether Ketone,adduct,break 1 bond(s) | H shift +2 | Na | ; | break 1 bond(s) | H shift +2 | Na | ; | break 2 bond(s) | H shift +2 | Na,1,2,Na,,"[0, 1, 2, 3, 4, 5, 6, 14, 15, 16, 17, 18, 19, 20, 21, 22, 23, 24, 30, 31, 32, 33, 34, 35, 36]",0.38
C13H12O3,"{'O': 3, 'C': 13, 'H': 12}",216.07864424547,negative,-1,PEEK,Polyether Ether Ketone,adduct,break 1 bond(s) | H shift +2 | OH | ; | break 2 bond(s) | H shift +2 | OH | ; | break 2 bond(s) | H shift +2 | OH,1,2,OH,,"[0, 1, 2, 3, 4, 5, 14, 15, 16, 17, 18, 19, 20, 21, 22, 23, 24, 30, 31, 32, 33, 34, 35, 36]",0.38
C13H12O4,"{'O': 4, 'C': 13, 'H': 12}",232.07355886504,negative,-1,PEEK,Polyether Ether Ketone,adduct,break 1 bond(s) | H shift +2 | OH | ; | break 1 bond(s) | H shift +2 | OH | ; | break 2 bond(s) | H shift +2 | OH,1,2,OH,,"[0, 1, 2, 3, 4, 5, 6, 14, 15, 16, 17, 18, 19, 20, 21, 22, 23, 24, 30, 31, 32, 33, 34, 35, 36]",0.38
C13H7ClO2,"{'O': 2, 'C': 13, 'H': 7, 'Cl': 1}",230.01345714675,negative,-1,PEEK,Polyether Ether Ketone,adduct,break 1 bond(s) | H shift -2 | Cl | ; | break 2 bond(s) | H shift -2 | Cl | ; | break 2 bond(s) | H shift -2 | Cl,1,-2,Cl,,"[0, 1, 2, 3, 4, 5, 14, 15, 16, 17, 18, 19, 20, 21, 22, 23, 24, 30, 31, 32, 33, 34, 35, 36]",0.38
C13H7ClO3,"{'O': 3, 'C': 13, 'H': 7, 'Cl': 1}",246.00837176632,negative,-1,PEEK,Polyether Ether Ketone,adduct,break 1 bond(s) | H shift -2 | Cl | ; | break 1 bond(s) | H shift -2 | Cl | ; | break 2 bond(s) | H shift -2 | Cl,1,-2,Cl,,"[0, 1, 2, 3, 4, 5, 6, 14, 15, 16, 17, 18, 19, 20, 21, 22, 23, 24, 30, 31, 32, 33, 34, 35, 36]",0.38
C13H7KO2,"{'O': 2, 'C': 13, 'H': 7, 'K': 1}",234.00831095115,positive,1,PEEK,Polyether Ether Ketone,adduct,break 1 bond(s) | H shift -2 | K | ; | break 2 bond(s) | H shift -2 | K | ; | break 2 bond(s) | H shift -2 | K,1,-2,K,,"[0, 1, 2, 3, 4, 5, 14, 15, 16, 17, 18, 19, 20, 21, 22, 23, 24, 30, 31, 32, 33, 34, 35, 36]",0.38
C13H7KO3,"{'O': 3, 'C': 13, 'H': 7, 'K': 1}",250.00322557072,positive,1,PEEK,Polyether Ether Ketone,adduct,break 1 bond(s) | H shift -2 | K | ; | break 1 bond(s) | H shift -2 | K | ; | break 2 bond(s) | H shift -2 | K,1,-2,K,,"[0, 1, 2, 3, 4, 5, 6, 14, 15, 16, 17, 18, 19, 20, 21, 22, 23, 24, 30, 31, 32, 33, 34, 35, 36]",0.38
C13H7NaO2,"{'O': 2, 'C': 13, 'H': 7, 'Na': 1}",218.03437374675,positive,1,PEEK,Polyether Ether Ketone,adduct,break 1 bond(s) | H shift -2 | Na | ; | break 2 bond(s) | H shift -2 | Na | ; | break 2 bond(s) | H shift -2 | Na,1,-2,Na,,"[0, 1, 2, 3, 4, 5, 14, 15, 16, 17, 18, 19, 20, 21, 22, 23, 24, 30, 31, 32, 33, 34, 35, 36]",0.38
C13H7NaO3,"{'O': 3, 'C': 13, 'H': 7, 'Na': 1}",234.02928836632,positive,1,PEEK,Polyether Ether Ketone,adduct,break 1 bond(s) | H shift -2 | Na | ; | break 1 bond(s) | H shift -2 | Na | ; | break 2 bond(s) | H shift -2 | Na,1,-2,Na,,"[0, 1, 2, 3, 4, 5, 6, 14, 15, 16, 17, 18, 19, 20, 21, 22, 23, 24, 30, 31, 32, 33, 34, 35, 36]",0.38
C13H7O4,"{'O': 4, 'C': 13, 'H': 7}",227.03443370389,negative,-1,PEEK,Polyether Ether Ketone,adduct,break 1 bond(s) | H shift -2 | O | ; | break 1 bond(s) | H shift -2 | O | ; | break 2 bond(s) | H shift -2 | O,1,-2,O,,"[0, 1, 2, 3, 4, 5, 6, 14, 15, 16, 17, 18, 19, 20, 21, 22, 23, 24, 30, 31, 32, 33, 34, 35, 36]",0.38
C19H15ClO3,"{'O': 3, 'C': 19, 'H': 15, 'Cl': 1}",326.07097202416,negative,-1,PEEK,Polyether Ether Ketone,adduct,break 1 bond(s) | H shift +2 | Cl | ; | break 1 bond(s) | H shift +2 | Cl,1,2,Cl,,"[0, 1, 2, 3, 4, 5, 6, 7, 8, 9, 10, 12, 13, 14, 15, 16, 17, 18, 19, 20, 21, 22, 23, 24, 25, 26, 28, 29, 30, 31, 32, 33, 34, 35, 36]",0.38
C19H15KO3,"{'O': 3, 'C': 19, 'H': 15, 'K': 1}",330.06582582856,positive,1,PEEK,Polyether Ether Ketone,adduct,break 1 bond(s) | H shift +2 | K | ; | break 1 bond(s) | H shift +2 | K,1,2,K,,"[0, 1, 2, 3, 4, 5, 6, 7, 8, 9, 10, 12, 13, 14, 15, 16, 17, 18, 19, 20, 21, 22, 23, 24, 25, 26, 28, 29, 30, 31, 32, 33, 34, 35, 36]",0.38
C19H15NaO3,"{'O': 3, 'C': 19, 'H': 15, 'Na': 1}",314.09188862416,positive,1,PEEK,Polyether Ether Ketone,adduct,break 1 bond(s) | H shift +2 | Na | ; | break 1 bond(s) | H shift +2 | Na,1,2,Na,,"[0, 1, 2, 3, 4, 5, 6, 7, 8, 9, 10, 12, 13, 14, 15, 16, 17, 18, 19, 20, 21, 22, 23, 24, 25, 26, 28, 29, 30, 31, 32, 33, 34, 35, 36]",0.38
C19H16O4,"{'O': 4, 'C': 19, 'H': 16}",308.10485899396,negative,-1,PEEK,Polyether Ether Ketone,adduct,break 1 bond(s) | H shift +2 | OH | ; | break 1 bond(s) | H shift +2 | OH,1,2,OH,,"[0, 1, 2, 3, 4, 5, 6, 7, 8, 9, 10, 12, 13, 14, 15, 16, 17, 18, 19, 20, 21, 22, 23, 24, 25, 26, 28, 29, 30, 31, 32, 33, 34, 35, 36]",0.38
C6H3ClO,"{'C': 6, 'O': 1, 'H': 3, 'Cl': 1}",125.98724239826,negative,-1,PEEK,Polyether Ether Ketone,adduct,break 1 bond(s) | H shift -2 | Cl | ; | break 1 bond(s) | H shift -2 | Cl | ; | break 2 bond(s) | H shift -1 | Cl,1,-2,Cl,,"[7, 8, 9, 10, 11, 12, 13, 25, 26, 27, 28, 29]",0.38
C6H3ClO2,"{'O': 2, 'C': 6, 'H': 3, 'Cl': 1}",141.98215701783,negative,-1,PEEK,Polyether Ether Ketone,adduct,break 1 bond(s) | H shift -2 | Cl | ; | break 2 bond(s) | H shift -2 | Cl | ; | break 2 bond(s) | H shift -2 | Cl,1,-2,Cl,,"[6, 7, 8, 9, 10, 11, 12, 13, 25, 26, 27, 28, 29]",0.38
C6H3KO,"{'C': 6, 'O': 1, 'H': 3, 'K': 1}",129.98209620266,positive,1,PEEK,Polyether Ether Ketone,adduct,break 1 bond(s) | H shift -2 | K | ; | break 1 bond(s) | H shift -2 | K | ; | break 2 bond(s) | H shift -1 | K,1,-2,K,,"[7, 8, 9, 10, 11, 12, 13, 25, 26, 27, 28, 29]",0.38
C6H3KO2,"{'O': 2, 'C': 6, 'H': 3, 'K': 1}",145.97701082223,positive,1,PEEK,Polyether Ether Ketone,adduct,break 1 bond(s) | H shift -2 | K | ; | break 2 bond(s) | H shift -2 | K | ; | break 2 bond(s) | H shift -2 | K,1,-2,K,,"[6, 7, 8, 9, 10, 11, 12, 13, 25, 26, 27, 28, 29]",0.38
C6H3NaO,"{'C': 6, 'O': 1, 'H': 3, 'Na': 1}",114.00815899826,positive,1,PEEK,Polyether Ether Ketone,adduct,break 1 bond(s) | H shift -2 | Na | ; | break 1 bond(s) | H shift -2 | Na | ; | break 2 bond(s) | H shift -1 | Na,1,-2,Na,,"[7, 8, 9, 10, 11, 12, 13, 25, 26, 27, 28, 29]",0.38
C6H3NaO2,"{'O': 2, 'C': 6, 'H': 3, 'Na': 1}",130.00307361783,positive,1,PEEK,Polyether Ether Ketone,adduct,break 1 bond(s) | H shift -2 | Na | ; | break 2 bond(s) | H shift -2 | Na | ; | break 2 bond(s) | H shift -2 | Na,1,-2,Na,,"[6, 7, 8, 9, 10, 11, 12, 13, 25, 26, 27, 28, 29]",0.38
C6H3O3,"{'O': 3, 'C': 6, 'H': 3}",123.00821895540001,negative,-1,PEEK,Polyether Ether Ketone,adduct,break 1 bond(s) | H shift -2 | O | ; | break 2 bond(s) | H shift -2 | O | ; | break 2 bond(s) | H shift -2 | O,1,-2,O,,"[6, 7, 8, 9, 10, 11, 12, 13, 25, 26, 27, 28, 29]",0.38
C6H7ClO,"{'C': 6, 'O': 1, 'H': 7, 'Cl': 1}",130.01854252718,negative,-1,PEEK,Polyether Ether Ketone,adduct,break 1 bond(s) | H shift +2 | Cl | ; | break 1 bond(s) | H shift +2 | Cl | ; | break 2 bond(s) | H shift +2 | Cl,1,2,Cl,,"[7, 8, 9, 10, 11, 12, 13, 25, 26, 27, 28, 29]",0.38
C6H7ClO2,"{'O': 2, 'C': 6, 'H': 7, 'Cl': 1}",146.01345714675,negative,-1,PEEK,Polyether Ether Ketone,adduct,break 1 bond(s) | H shift +2 | Cl | ; | break 2 bond(s) | H shift +2 | Cl | ; | break 2 bond(s) | H shift +2 | Cl,1,2,Cl,,"[6, 7, 8, 9, 10, 11, 12, 13, 25, 26, 27, 28, 29]",0.38
C6H7KO,"{'C': 6, 'O': 1, 'H': 7, 'K': 1}",134.01339633158,positive,1,PEEK,Polyether Ether Ketone,adduct,break 1 bond(s) | H shift +2 | K | ; | break 1 bond(s) | H shift +2 | K | ; | break 2 bond(s) | H shift +2 | K,1,2,K,,"[7, 8, 9, 10, 11, 12, 13, 25, 26, 27, 28, 29]",0.38
C6H7KO2,"{'O': 2, 'C': 6, 'H': 7, 'K': 1}",150.00831095115,positive,1,PEEK,Polyether Ether Ketone,adduct,break 1 bond(s) | H shift +2 | K | ; | break 2 bond(s) | H shift +2 | K | ; | break 2 bond(s) | H shift +2 | K,1,2,K,,"[6, 7, 8, 9, 10, 11, 12, 13, 25, 26, 27, 28, 29]",0.38
C6H7NaO,"{'C': 6, 'O': 1, 'H': 7, 'Na': 1}",118.03945912718,positive,1,PEEK,Polyether Ether Ketone,adduct,break 1 bond(s) | H shift +2 | Na | ; | break 1 bond(s) | H shift +2 | Na | ; | break 2 bond(s) | H shift +2 | Na,1,2,Na,,"[7, 8, 9, 10, 11, 12, 13, 25, 26, 27, 28, 29]",0.38
C6H7NaO2,"{'O': 2, 'C': 6, 'H': 7, 'Na': 1}",134.03437374675,positive,1,PEEK,Polyether Ether Ketone,adduct,break 1 bond(s) | H shift +2 | Na | ; | break 2 bond(s) | H shift +2 | Na | ; | break 2 bond(s) | H shift +2 | Na,1,2,Na,,"[6, 7, 8, 9, 10, 11, 12, 13, 25, 26, 27, 28, 29]",0.38
C6H8O2,"{'C': 6, 'O': 2, 'H': 8}",112.05242949698,negative,-1,PEEK,Polyether Ether Ketone,adduct,break 1 bond(s) | H shift +2 | OH | ; | break 1 bond(s) | H shift +2 | OH | ; | break 2 bond(s) | H shift +2 | OH,1,2,OH,,"[7, 8, 9, 10, 11, 12, 13, 25, 26, 27, 28, 29]",0.38
C6H8O3,"{'O': 3, 'C': 6, 'H': 8}",128.04734411655,negative,-1,PEEK,Polyether Ether Ketone,adduct,break 1 bond(s) | H shift +2 | OH | ; | break 2 bond(s) | H shift +2 | OH | ; | break 2 bond(s) | H shift +2 | OH,1,2,OH,,"[6, 7, 8, 9, 10, 11, 12, 13, 25, 26, 27, 28, 29]",0.38
C7H3ClO2,"{'O': 2, 'C': 7, 'H': 3, 'Cl': 1}",153.98215701783,negative,-1,PEEK,Polyether Ether Ketone,adduct,break 1 bond(s) | H shift -2 | Cl | ; | break 2 bond(s) | H shift -2 | Cl | ; | break 2 bond(s) | H shift -2 | Cl,1,-2,Cl,,"[0, 1, 16, 17, 18, 19, 20, 21, 22, 32, 33, 34, 35, 36]",0.38
C7H3KO2,"{'O': 2, 'C': 7, 'H': 3, 'K': 1}",157.97701082223,positive,1,PEEK,Polyether Ether Ketone,adduct,break 1 bond(s) | H shift -2 | K | ; | break 2 bond(s) | H shift -2 | K | ; | break 2 bond(s) | H shift -2 | K,1,-2,K,,"[0, 1, 16, 17, 18, 19, 20, 21, 22, 32, 33, 34, 35, 36]",0.38
C7H3NaO2,"{'O': 2, 'C': 7, 'H': 3, 'Na': 1}",142.00307361783,positive,1,PEEK,Polyether Ether Ketone,adduct,break 1 bond(s) | H shift -2 | Na | ; | break 2 bond(s) | H shift -2 | Na | ; | break 2 bond(s) | H shift -2 | Na,1,-2,Na,,"[0, 1, 16, 17, 18, 19, 20, 21, 22, 32, 33, 34, 35, 36]",0.38
C7H3O3,"{'O': 3, 'C': 7, 'H': 3}",135.0082189554,negative,-1,PEEK,Polyether Ether Ketone,adduct,break 1 bond(s) | H shift -2 | O | ; | break 2 bond(s) | H shift -2 | O | ; | break 2 bond(s) | H shift -2 | O,1,-2,O,,"[0, 1, 16, 17, 18, 19, 20, 21, 22, 32, 33, 34, 35, 36]",0.38
C7H7ClO2,"{'O': 2, 'C': 7, 'H': 7, 'Cl': 1}",158.01345714675,negative,-1,PEEK,Polyether Ether Ketone,adduct,break 1 bond(s) | H shift +2 | Cl | ; | break 2 bond(s) | H shift +2 | Cl | ; | break 2 bond(s) | H shift +2 | Cl,1,2,Cl,,"[0, 1, 16, 17, 18, 19, 20, 21, 22, 32, 33, 34, 35, 36]",0.38
C7H7KO2,"{'O': 2, 'C': 7, 'H': 7, 'K': 1}",162.00831095115,positive,1,PEEK,Polyether Ether Ketone,adduct,break 1 bond(s) | H shift +2 | K | ; | break 2 bond(s) | H shift +2 | K | ; | break 2 bond(s) | H shift +2 | K,1,2,K,,"[0, 1, 16, 17, 18, 19, 20, 21, 22, 32, 33, 34, 35, 36]",0.38
C7H7NaO2,"{'O': 2, 'C': 7, 'H': 7, 'Na': 1}",146.03437374675,positive,1,PEEK,Polyether Ether Ketone,adduct,break 1 bond(s) | H shift +2 | Na | ; | break 2 bond(s) | H shift +2 | Na | ; | break 2 bond(s) | H shift +2 | Na,1,2,Na,,"[0, 1, 16, 17, 18, 19, 20, 21, 22, 32, 33, 34, 35, 36]",0.38
C7H8O3,"{'O': 3, 'C': 7, 'H': 8}",140.04734411655,negative,-1,PEEK,Polyether Ether Ketone,adduct,break 1 bond(s) | H shift +2 | OH | ; | break 2 bond(s) | H shift +2 | OH | ; | break 2 bond(s) | H shift +2 | OH,1,2,OH,,"[0, 1, 16, 17, 18, 19, 20, 21, 22, 32, 33, 34, 35, 36]",0.38
C11H5O,"{'C': 11, 'O': 1, 'H': 5}",153.03403978072,neutral,0,PEEK,Polyether Ether Ketone,neutral_loss,break 2 bond(s) | -CH3,2,0,,CH3,"[2, 3, 4, 5, 6, 7, 8, 9, 10, 12, 13, 14, 15, 23, 24, 25, 26, 28, 29, 30, 31]",0.35
C12H10O,"{'C': 12, 'O': 1, 'H': 10}",170.07316494187,neutral,0,PEEK,Polyether Ether Ketone,h_shift,break 2 bond(s) | H shift +2,2,2,,,"[2, 3, 4, 5, 6, 7, 8, 9, 10, 12, 13, 14, 15, 23, 24, 25, 26, 28, 29, 30, 31]",0.35
C12H11O,"{'C': 12, 'O': 1, 'H': 11}",171.0809899741,positive,1,PEEK,Polyether Ether Ketone,adduct,break 2 bond(s) | H shift +2 | H,2,2,H,,"[2, 3, 4, 5, 6, 7, 8, 9, 10, 12, 13, 14, 15, 23, 24, 25, 26, 28, 29, 30, 31]",0.35
C12H5O,"{'C': 12, 'O': 1, 'H': 5}",165.03403978072,negative,-1,PEEK,Polyether Ether Ketone,adduct,break 2 bond(s) | H shift -2 | -H,2,-2,-H,,"[2, 3, 4, 5, 6, 7, 8, 9, 10, 12, 13, 14, 15, 23, 24, 25, 26, 28, 29, 30, 31]",0.35
C12H6,"{'C': 12, 'H': 6}",150.04695019338,neutral,0,PEEK,Polyether Ether Ketone,neutral_loss,break 2 bond(s) | -H2O | ; | break 2 bond(s) | H shift -2 | -CO | ; | break 2 bond(s) | H shift -2 | -CO2,2,0,,H2O,"[2, 3, 4, 5, 6, 7, 8, 9, 10, 12, 13, 14, 15, 23, 24, 25, 26, 28, 29, 30, 31]",0.35
C12H6O,"{'C': 12, 'O': 1, 'H': 6}",166.04186481295,neutral,0,PEEK,Polyether Ether Ketone,h_shift,break 2 bond(s) | H shift -2,2,-2,,,"[2, 3, 4, 5, 6, 7, 8, 9, 10, 12, 13, 14, 15, 23, 24, 25, 26, 28, 29, 30, 31]",0.35
C12H7O,"{'C': 12, 'O': 1, 'H': 7}",167.04968984518,positive,1,PEEK,Polyether Ether Ketone,adduct,break 2 bond(s) | H shift -2 | H,2,-2,H,,"[2, 3, 4, 5, 6, 7, 8, 9, 10, 12, 13, 14, 15, 23, 24, 25, 26, 28, 29, 30, 31]",0.35
C12H9O,"{'C': 12, 'O': 1, 'H': 9}",169.06533990964,negative,-1,PEEK,Polyether Ether Ketone,adduct,break 2 bond(s) | H shift +2 | -H,2,2,-H,,"[2, 3, 4, 5, 6, 7, 8, 9, 10, 12, 13, 14, 15, 23, 24, 25, 26, 28, 29, 30, 31]",0.35
C13H10O,"{'O': 1, 'C': 13, 'H': 10}",182.07316494187,neutral,0,PEEK,Polyether Ether Ketone,h_shift,break 2 bond(s) | H shift +2,2,2,,,"[0, 1, 2, 3, 4, 5, 14, 15, 16, 17, 18, 19, 21, 22, 23, 24, 30, 31, 32, 33, 35, 36]",0.35
C13H11O,"{'O': 1, 'C': 13, 'H': 11}",183.0809899741,positive,1,PEEK,Polyether Ether Ketone,adduct,break 2 bond(s) | H shift +2 | H,2,2,H,,"[0, 1, 2, 3, 4, 5, 14, 15, 16, 17, 18, 19, 21, 22, 23, 24, 30, 31, 32, 33, 35, 36]",0.35
C13H5O,"{'O': 1, 'C': 13, 'H': 5}",177.03403978072,negative,-1,PEEK,Polyether Ether Ketone,adduct,break 2 bond(s) | H shift -2 | -H,2,-2,-H,,"[0, 1, 2, 3, 4, 5, 14, 15, 16, 17, 18, 19, 21, 22, 23, 24, 30, 31, 32, 33, 35, 36]",0.35
C13H5O2,"{'O': 2, 'C': 13, 'H': 5}",193.02895440029,negative,-1,PEEK,Polyether Ether Ketone,adduct,break 2 bond(s) | H shift -2 | -H | ; | break 2 bond(s) | H shift -2 | -H,2,-2,-H,,"[0, 1, 2, 3, 4, 5, 6, 14, 15, 16, 17, 18, 19, 21, 22, 23, 24, 30, 31, 32, 33, 35, 36]",0.35
C13H6,"{'C': 13, 'H': 6}",162.04695019338,neutral,0,PEEK,Polyether Ether Ketone,neutral_loss,break 2 bond(s) | -H2O,2,0,,H2O,"[0, 1, 2, 3, 4, 5, 14, 15, 16, 17, 18, 19, 21, 22, 23, 24, 30, 31, 32, 33, 35, 36]",0.35
C13H6O,"{'O': 1, 'C': 13, 'H': 6}",178.04186481295,neutral,0,PEEK,Polyether Ether Ketone,h_shift,break 2 bond(s) | H shift -2,2,-2,,,"[0, 1, 2, 3, 4, 5, 14, 15, 16, 17, 18, 19, 21, 22, 23, 24, 30, 31, 32, 33, 35, 36]",0.35
C13H6O2,"{'O': 2, 'C': 13, 'H': 6}",194.03677943252,neutral,0,PEEK,Polyether Ether Ketone,h_shift,break 2 bond(s) | H shift -2 | ; | break 2 bond(s) | H shift -2,2,-2,,,"[0, 1, 2, 3, 4, 5, 6, 14, 15, 16, 17, 18, 19, 21, 22, 23, 24, 30, 31, 32, 33, 35, 36]",0.35
C13H7,"{'C': 13, 'H': 7}",163.05477522561,neutral,0,PEEK,Polyether Ether Ketone,neutral_loss,break 2 bond(s) | -OH | ; | break 2 bond(s) | H shift +1 | -H2O,2,0,,OH,"[0, 1, 2, 3, 4, 5, 14, 15, 16, 17, 18, 19, 21, 22, 23, 24, 30, 31, 32, 33, 35, 36]",0.35
C13H7O,"{'O': 1, 'C': 13, 'H': 7}",179.04968984518,positive,1,PEEK,Polyether Ether Ketone,adduct,break 2 bond(s) | H shift -2 | H,2,-2,H,,"[0, 1, 2, 3, 4, 5, 14, 15, 16, 17, 18, 19, 21, 22, 23, 24, 30, 31, 32, 33, 35, 36]",0.35
C13H7O2,"{'O': 2, 'C': 13, 'H': 7}",195.04460446475,positive,1,PEEK,Polyether Ether Ketone,adduct,break 2 bond(s) | H shift -2 | H | ; | break 2 bond(s) | H shift -2 | H,2,-2,H,,"[0, 1, 2, 3, 4, 5, 6, 14, 15, 16, 17, 18, 19, 21, 22, 23, 24, 30, 31, 32, 33, 35, 36]",0.35
C13H9O,"{'O': 1, 'C': 13, 'H': 9}",181.06533990964,negative,-1,PEEK,Polyether Ether Ketone,adduct,break 2 bond(s) | H shift +2 | -H,2,2,-H,,"[0, 1, 2, 3, 4, 5, 14, 15, 16, 17, 18, 19, 21, 22, 23, 24, 30, 31, 32, 33, 35, 36]",0.35
C18H12,"{'C': 18, 'H': 12}",228.09390038676,neutral,0,PEEK,Polyether Ether Ketone,neutral_loss,break 2 bond(s) | -CO2,2,0,,CO2,"[0, 1, 2, 3, 4, 5, 6, 7, 8, 9, 10, 12, 13, 14, 15, 16, 17, 18, 19, 21, 22, 23, 24, 25, 26, 28, 29, 30, 31, 32, 33, 35, 36]",0.35
C18H9O2,"{'O': 2, 'C': 18, 'H': 9}",257.06025452921,neutral,0,PEEK,Polyether Ether Ketone,neutral_loss,break 2 bond(s) | -CH3,2,0,,CH3,"[0, 1, 2, 3, 4, 5, 6, 7, 8, 9, 10, 12, 13, 14, 15, 16, 17, 18, 19, 21, 22, 23, 24, 25, 26, 28, 29, 30, 31, 32, 33, 35, 36]",0.35
C19H10O,"{'O': 1, 'C': 19, 'H': 10}",254.07316494187,neutral,0,PEEK,Polyether Ether Ketone,neutral_loss,break 2 bond(s) | -H2O,2,0,,H2O,"[0, 1, 2, 3, 4, 5, 6, 7, 8, 9, 10, 12, 13, 14, 15, 16, 17, 18, 19, 21, 22, 23, 24, 25, 26, 28, 29, 30, 31, 32, 33, 35, 36]",0.35
C19H10O2,"{'O': 2, 'C': 19, 'H': 10}",270.06807956144,neutral,0,PEEK,Polyether Ether Ketone,h_shift,break 2 bond(s) | H shift -2,2,-2,,,"[0, 1, 2, 3, 4, 5, 6, 7, 8, 9, 10, 12, 13, 14, 15, 16, 17, 18, 19, 21, 22, 23, 24, 25, 26, 28, 29, 30, 31, 32, 33, 35, 36]",0.35
C19H11O,"{'O': 1, 'C': 19, 'H': 11}",255.0809899741,neutral,0,PEEK,Polyether Ether Ketone,neutral_loss,break 2 bond(s) | -OH | ; | break 2 bond(s) | H shift +1 | -H2O,2,0,,OH,"[0, 1, 2, 3, 4, 5, 6, 7, 8, 9, 10, 12, 13, 14, 15, 16, 17, 18, 19, 21, 22, 23, 24, 25, 26, 28, 29, 30, 31, 32, 33, 35, 36]",0.35
C19H11O2,"{'O': 2, 'C': 19, 'H': 11}",271.07590459367,positive,1,PEEK,Polyether Ether Ketone,adduct,break 2 bond(s) | H shift -2 | H,2,-2,H,,"[0, 1, 2, 3, 4, 5, 6, 7, 8, 9, 10, 12, 13, 14, 15, 16, 17, 18, 19, 21, 22, 23, 24, 25, 26, 28, 29, 30, 31, 32, 33, 35, 36]",0.35
C19H13O2,"{'O': 2, 'C': 19, 'H': 13}",273.09155465813,negative,-1,PEEK,Polyether Ether Ketone,adduct,break 2 bond(s) | H shift +2 | -H,2,2,-H,,"[0, 1, 2, 3, 4, 5, 6, 7, 8, 9, 10, 12, 13, 14, 15, 16, 17, 18, 19, 21, 22, 23, 24, 25, 26, 28, 29, 30, 31, 32, 33, 35, 36]",0.35
C19H14O2,"{'O': 2, 'C': 19, 'H': 14}",274.09937969036,neutral,0,PEEK,Polyether Ether Ketone,h_shift,break 2 bond(s) | H shift +2,2,2,,,"[0, 1, 2, 3, 4, 5, 6, 7, 8, 9, 10, 12, 13, 14, 15, 16, 17, 18, 19, 21, 22, 23, 24, 25, 26, 28, 29, 30, 31, 32, 33, 35, 36]",0.35
C19H15O2,"{'O': 2, 'C': 19, 'H': 15}",275.10720472259,positive,1,PEEK,Polyether Ether Ketone,adduct,break 2 bond(s) | H shift +2 | H,2,2,H,,"[0, 1, 2, 3, 4, 5, 6, 7, 8, 9, 10, 12, 13, 14, 15, 16, 17, 18, 19, 21, 22, 23, 24, 25, 26, 28, 29, 30, 31, 32, 33, 35, 36]",0.35
C19H9O2,"{'O': 2, 'C': 19, 'H': 9}",269.06025452921,negative,-1,PEEK,Polyether Ether Ketone,adduct,break 2 bond(s) | H shift -2 | -H,2,-2,-H,,"[0, 1, 2, 3, 4, 5, 6, 7, 8, 9, 10, 12, 13, 14, 15, 16, 17, 18, 19, 21, 22, 23, 24, 25, 26, 28, 29, 30, 31, 32, 33, 35, 36]",0.35
C5H,"{'C': 5, 'H': 1}",61.00782503223,neutral,0,PEEK,Polyether Ether Ketone,neutral_loss,break 2 bond(s) | -CH3 | ; | break 2 bond(s) | -CH3 | ; | break 2 bond(s) | -CH3,2,0,,CH3,"[2, 3, 4, 5, 14, 15, 23, 24, 30, 31]",0.35
C6H,"{'C': 6, 'H': 1}",73.00782503223,negative,-1,PEEK,Polyether Ether Ketone,adduct,break 2 bond(s) | H shift -2 | -H | ; | break 2 bond(s) | H shift -2 | -H | ; | break 2 bond(s) | H shift -2 | -H,2,-2,-H,,"[2, 3, 4, 5, 14, 15, 23, 24, 30, 31]",0.35
C6H2,"{'C': 6, 'H': 2}",74.01565006446,neutral,0,PEEK,Polyether Ether Ketone,h_shift,break 2 bond(s) | H shift -2 | ; | break 2 bond(s) | H shift -2 | ; | break 2 bond(s) | H shift -2,2,-2,,,"[2, 3, 4, 5, 14, 15, 23, 24, 30, 31]",0.35
C6H2O,"{'C': 6, 'O': 1, 'H': 2}",90.01056468403,neutral,0,PEEK,Polyether Ether Ketone,h_shift,break 2 bond(s) | H shift -2 | ; | break 2 bond(s) | H shift -2,2,-2,,,"[2, 3, 4, 5, 6, 14, 15, 23, 24, 30, 31]",0.35
C6H3,"{'C': 6, 'H': 3}",75.02347509669,positive,1,PEEK,Polyether Ether Ketone,adduct,break 2 bond(s) | H shift -2 | H | ; | break 2 bond(s) | H shift -2 | H | ; | break 2 bond(s) | H shift -2 | H,2,-2,H,,"[2, 3, 4, 5, 14, 15, 23, 24, 30, 31]",0.35
C6H3O,"{'C': 6, 'O': 1, 'H': 3}",91.01838971626,positive,1,PEEK,Polyether Ether Ketone,adduct,break 2 bond(s) | H shift -2 | H | ; | break 2 bond(s) | H shift -2 | H,2,-2,H,,"[2, 3, 4, 5, 6, 14, 15, 23, 24, 30, 31]",0.35
C6H5,"{'C': 6, 'H': 5}",77.03912516115,negative,-1,PEEK,Polyether Ether Ketone,adduct,break 2 bond(s) | H shift +2 | -H | ; | break 2 bond(s) | H shift +2 | -H | ; | break 2 bond(s) | H shift +2 | -H,2,2,-H,,"[2, 3, 4, 5, 14, 15, 23, 24, 30, 31]",0.35
C6H6,"{'C': 6, 'H': 6}",78.04695019338,neutral,0,PEEK,Polyether Ether Ketone,h_shift,break 2 bond(s) | H shift +2 | ; | break 2 bond(s) | H shift +2 | ; | break 2 bond(s) | H shift +2,2,2,,,"[2, 3, 4, 5, 14, 15, 23, 24, 30, 31]",0.35
C6H7,"{'C': 6, 'H': 7}",79.05477522561,positive,1,PEEK,Polyether Ether Ketone,adduct,break 2 bond(s) | H shift +2 | H | ; | break 2 bond(s) | H shift +2 | H | ; | break 2 bond(s) | H shift +2 | H,2,2,H,,"[2, 3, 4, 5, 14, 15, 23, 24, 30, 31]",0.35
C6HO,"{'C': 6, 'O': 1, 'H': 1}",89.0027396518,negative,-1,PEEK,Polyether Ether Ketone,adduct,break 2 bond(s) | H shift -2 | -H | ; | break 2 bond(s) | H shift -2 | -H,2,-2,-H,,"[2, 3, 4, 5, 6, 14, 15, 23, 24, 30, 31]",0.35
C7H2,"{'C': 7, 'H': 2}",86.01565006446,neutral,0,PEEK,Polyether Ether Ketone,neutral_loss,break 2 bond(s) | -H2O | ; | break 2 bond(s) | H shift -1 | -OH | ; | break 2 bond(s) | -H2O,2,0,,H2O,"[0, 1, 16, 17, 18, 19, 21, 22, 32, 33, 35, 36]",0.35
C7H2O,"{'O': 1, 'C': 7, 'H': 2}",102.01056468403,neutral,0,PEEK,Polyether Ether Ketone,h_shift,break 2 bond(s) | H shift -2 | ; | break 2 bond(s) | H shift -2,2,-2,,,"[0, 1, 16, 17, 18, 19, 21, 22, 32, 33, 35, 36]",0.35
C7H2O2,"{'O': 2, 'C': 7, 'H': 2}",118.0054793036,neutral,0,PEEK,Polyether Ether Ketone,h_shift,break 2 bond(s) | H shift -2,2,-2,,,"[0, 1, 2, 3, 4, 5, 6, 14, 15, 23, 24, 30, 31]",0.35
C7H3,"{'C': 7, 'H': 3}",87.02347509669,neutral,0,PEEK,Polyether Ether Ketone,neutral_loss,break 2 bond(s) | -OH | ; | break 2 bond(s) | H shift +1 | -H2O | ; | break 2 bond(s) | -OH,2,0,,OH,"[0, 1, 16, 17, 18, 19, 21, 22, 32, 33, 35, 36]",0.35
C7H3O,"{'O': 1, 'C': 7, 'H': 3}",103.01838971626,positive,1,PEEK,Polyether Ether Ketone,adduct,break 2 bond(s) | H shift -2 | H | ; | break 2 bond(s) | H shift -2 | H,2,-2,H,,"[0, 1, 16, 17, 18, 19, 21, 22, 32, 33, 35, 36]",0.35
C7H3O2,"{'O': 2, 'C': 7, 'H': 3}",119.01330433583,positive,1,PEEK,Polyether Ether Ketone,adduct,break 2 bond(s) | H shift -2 | H,2,-2,H,,"[0, 1, 2, 3, 4, 5, 6, 14, 15, 23, 24, 30, 31]",0.35
C7H5O,"{'O': 1, 'C': 7, 'H': 5}",105.03403978072001,negative,-1,PEEK,Polyether Ether Ketone,adduct,break 2 bond(s) | H shift +2 | -H | ; | break 2 bond(s) | H shift +2 | -H,2,2,-H,,"[0, 1, 16, 17, 18, 19, 21, 22, 32, 33, 35, 36]",0.35
C7H6O,"{'O': 1, 'C': 7, 'H': 6}",106.04186481295,neutral,0,PEEK,Polyether Ether Ketone,h_shift,break 2 bond(s) | H shift +2 | ; | break 2 bond(s) | H shift +2,2,2,,,"[0, 1, 16, 17, 18, 19, 21, 22, 32, 33, 35, 36]",0.35
C7H7O,"{'O': 1, 'C': 7, 'H': 7}",107.04968984518,positive,1,PEEK,Polyether Ether Ketone,adduct,break 2 bond(s) | H shift +2 | H | ; | break 2 bond(s) | H shift +2 | H,2,2,H,,"[0, 1, 16, 17, 18, 19, 21, 22, 32, 33, 35, 36]",0.35
C7HO,"{'O': 1, 'C': 7, 'H': 1}",101.0027396518,negative,-1,PEEK,Polyether Ether Ketone,adduct,break 2 bond(s) | H shift -2 | -H | ; | break 2 bond(s) | H shift -2 | -H,2,-2,-H,,"[0, 1, 16, 17, 18, 19, 21, 22, 32, 33, 35, 36]",0.35
C7HO2,"{'O': 2, 'C': 7, 'H': 1}",116.99765427137,negative,-1,PEEK,Polyether Ether Ketone,adduct,break 2 bond(s) | H shift -2 | -H,2,-2,-H,,"[0, 1, 2, 3, 4, 5, 6, 14, 15, 23, 24, 30, 31]",0.35
CH2O,"{'O': 1, 'C': 1, 'H': 2}",30.01056468403,neutral,0,PEEK,Polyether Ether Ketone,h_shift,break 2 bond(s) | H shift +2,2,2,,,"[0, 1]",0.35
CH3O,"{'O': 1, 'C': 1, 'H': 3}",31.01838971626,positive,1,PEEK,Polyether Ether Ketone,adduct,break 2 bond(s) | H shift +2 | H,2,2,H,,"[0, 1]",0.35
CHO,"{'O': 1, 'C': 1, 'H': 1}",29.0027396518,negative,-1,PEEK,Polyether Ether Ketone,adduct,break 2 bond(s) | H shift +2 | -H,2,2,-H,,"[0, 1]",0.35
C12H8ClO,"{'C': 12, 'O': 1, 'H': 8, 'Cl': 1}",203.02636755941,negative,-1,PEEK,Polyether Ether Ketone,adduct,break 2 bond(s) | Cl,2,0,Cl,,"[2, 3, 4, 5, 6, 7, 8, 9, 10, 12, 13, 14, 15, 23, 24, 25, 26, 28, 29, 30, 31]",0.33
C12H8KO,"{'C': 12, 'O': 1, 'H': 8, 'K': 1}",207.02122136381,positive,1,PEEK,Polyether Ether Ketone,adduct,break 2 bond(s) | K,2,0,K,,"[2, 3, 4, 5, 6, 7, 8, 9, 10, 12, 13, 14, 15, 23, 24, 25, 26, 28, 29, 30, 31]",0.33
C12H8NaO,"{'C': 12, 'O': 1, 'H': 8, 'Na': 1}",191.04728415941,positive,1,PEEK,Polyether Ether Ketone,adduct,break 2 bond(s) | Na,2,0,Na,,"[2, 3, 4, 5, 6, 7, 8, 9, 10, 12, 13, 14, 15, 23, 24, 25, 26, 28, 29, 30, 31]",0.33
C13H8ClO,"{'O': 1, 'C': 13, 'H': 8, 'Cl': 1}",215.02636755941,negative,-1,PEEK,Polyether Ether Ketone,adduct,break 2 bond(s) | Cl,2,0,Cl,,"[0, 1, 2, 3, 4, 5, 14, 15, 16, 17, 18, 19, 21, 22, 23, 24, 30, 31, 32, 33, 35, 36]",0.33
C13H8KO,"{'O': 1, 'C': 13, 'H': 8, 'K': 1}",219.02122136381,positive,1,PEEK,Polyether Ether Ketone,adduct,break 2 bond(s) | K,2,0,K,,"[0, 1, 2, 3, 4, 5, 14, 15, 16, 17, 18, 19, 21, 22, 23, 24, 30, 31, 32, 33, 35, 36]",0.33
C13H8NaO,"{'O': 1, 'C': 13, 'H': 8, 'Na': 1}",203.04728415941,positive,1,PEEK,Polyether Ether Ketone,adduct,break 2 bond(s) | Na,2,0,Na,,"[0, 1, 2, 3, 4, 5, 14, 15, 16, 17, 18, 19, 21, 22, 23, 24, 30, 31, 32, 33, 35, 36]",0.33
C19H12ClO2,"{'O': 2, 'C': 19, 'H': 12, 'Cl': 1}",307.0525823079,negative,-1,PEEK,Polyether Ether Ketone,adduct,break 2 bond(s) | Cl,2,0,Cl,,"[0, 1, 2, 3, 4, 5, 6, 7, 8, 9, 10, 12, 13, 14, 15, 16, 17, 18, 19, 21, 22, 23, 24, 25, 26, 28, 29, 30, 31, 32, 33, 35, 36]",0.33
C19H12KO2,"{'O': 2, 'C': 19, 'H': 12, 'K': 1}",311.0474361123,positive,1,PEEK,Polyether Ether Ketone,adduct,break 2 bond(s) | K,2,0,K,,"[0, 1, 2, 3, 4, 5, 6, 7, 8, 9, 10, 12, 13, 14, 15, 16, 17, 18, 19, 21, 22, 23, 24, 25, 26, 28, 29, 30, 31, 32, 33, 35, 36]",0.33
C19H12NaO2,"{'O': 2, 'C': 19, 'H': 12, 'Na': 1}",295.0734989079,positive,1,PEEK,Polyether Ether Ketone,adduct,break 2 bond(s) | Na,2,0,Na,,"[0, 1, 2, 3, 4, 5, 6, 7, 8, 9, 10, 12, 13, 14, 15, 16, 17, 18, 19, 21, 22, 23, 24, 25, 26, 28, 29, 30, 31, 32, 33, 35, 36]",0.33
C6H4Cl,"{'C': 6, 'H': 4, 'Cl': 1}",111.00015281092,negative,-1,PEEK,Polyether Ether Ketone,adduct,break 2 bond(s) | Cl | ; | break 2 bond(s) | Cl | ; | break 2 bond(s) | Cl,2,0,Cl,,"[2, 3, 4, 5, 14, 15, 23, 24, 30, 31]",0.33
C6H4K,"{'C': 6, 'H': 4, 'K': 1}",114.99500661532,positive,1,PEEK,Polyether Ether Ketone,adduct,break 2 bond(s) | K | ; | break 2 bond(s) | K | ; | break 2 bond(s) | K,2,0,K,,"[2, 3, 4, 5, 14, 15, 23, 24, 30, 31]",0.33
C6H4Na,"{'C': 6, 'H': 4, 'Na': 1}",99.02106941092,positive,1,PEEK,Polyether Ether Ketone,adduct,break 2 bond(s) | Na | ; | break 2 bond(s) | Na | ; | break 2 bond(s) | Na,2,0,Na,,"[2, 3, 4, 5, 14, 15, 23, 24, 30, 31]",0.33
C7H4ClO,"{'O': 1, 'C': 7, 'H': 4, 'Cl': 1}",138.99506743049,negative,-1,PEEK,Polyether Ether Ketone,adduct,break 2 bond(s) | Cl | ; | break 2 bond(s) | Cl,2,0,Cl,,"[0, 1, 16, 17, 18, 19, 21, 22, 32, 33, 35, 36]",0.33
C7H4KO,"{'O': 1, 'C': 7, 'H': 4, 'K': 1}",142.98992123489,positive,1,PEEK,Polyether Ether Ketone,adduct,break 2 bond(s) | K | ; | break 2 bond(s) | K,2,0,K,,"[0, 1, 16, 17, 18, 19, 21, 22, 32, 33, 35, 36]",0.33
C7H4NaO,"{'O': 1, 'C': 7, 'H': 4, 'Na': 1}",127.01598403049,positive,1,PEEK,Polyether Ether Ketone,adduct,break 2 bond(s) | Na | ; | break 2 bond(s) | Na,2,0,Na,,"[0, 1, 16, 17, 18, 19, 21, 22, 32, 33, 35, 36]",0.33
CClO,"{'O': 1, 'C': 1, 'Cl': 1}",62.96376730157,negative,-1,PEEK,Polyether Ether Ketone,adduct,break 2 bond(s) | Cl,2,0,Cl,,"[0, 1]",0.33
CHO2,"{'O': 2, 'C': 1, 'H': 1}",44.99765427137,negative,-1,PEEK,Polyether Ether Ketone,adduct,break 2 bond(s) | OH | ; | break 2 bond(s) | H shift +1 | O,2,0,OH,,"[0, 1]",0.33
CKO,"{'O': 1, 'C': 1, 'K': 1}",66.95862110597,positive,1,PEEK,Polyether Ether Ketone,adduct,break 2 bond(s) | K,2,0,K,,"[0, 1]",0.33
CNaO,"{'O': 1, 'C': 1, 'Na': 1}",50.98468390157,positive,1,PEEK,Polyether Ether Ketone,adduct,break 2 bond(s) | Na,2,0,Na,,"[0, 1]",0.33
CO2,"{'O': 2, 'C': 1}",43.98982923914,negative,-1,PEEK,Polyether Ether Ketone,adduct,break 2 bond(s) | O,2,0,O,,"[0, 1]",0.33
C,{'C': 1},12.0,neutral,0,PEEK,Polyether Ether Ketone,neutral_loss,break 2 bond(s) | H shift +1 | -OH | ; | break 2 bond(s) | H shift +2 | -H2O,2,1,,OH,"[0, 1]",0.30000000000000004
C11H4O,"{'C': 11, 'O': 1, 'H': 4}",152.02621474849,neutral,0,PEEK,Polyether Ether Ketone,neutral_loss,break 2 bond(s) | H shift -1 | -CH3,2,-1,,CH3,"[2, 3, 4, 5, 6, 7, 8, 9, 10, 12, 13, 14, 15, 23, 24, 25, 26, 28, 29, 30, 31]",0.30000000000000004
C11H6O,"{'C': 11, 'O': 1, 'H': 6}",154.04186481295,neutral,0,PEEK,Polyether Ether Ketone,neutral_loss,break 2 bond(s) | H shift +1 | -CH3,2,1,,CH3,"[2, 3, 4, 5, 6, 7, 8, 9, 10, 12, 13, 14, 15, 23, 24, 25, 26, 28, 29, 30, 31]",0.30000000000000004
C12H4O,"{'O': 1, 'C': 12, 'H': 4}",164.02621474849,neutral,0,PEEK,Polyether Ether Ketone,neutral_loss,break 2 bond(s) | H shift -1 | -CH3,2,-1,,CH3,"[0, 1, 2, 3, 4, 5, 14, 15, 16, 17, 18, 19, 21, 22, 23, 24, 30, 31, 32, 33, 35, 36]",0.30000000000000004
C12H5,"{'C': 12, 'H': 5}",149.03912516115,neutral,0,PEEK,Polyether Ether Ketone,neutral_loss,break 2 bond(s) | H shift -1 | -H2O,2,-1,,H2O,"[2, 3, 4, 5, 6, 7, 8, 9, 10, 12, 13, 14, 15, 23, 24, 25, 26, 28, 29, 30, 31]",0.30000000000000004
C13H5,"{'C': 13, 'H': 5}",161.03912516115,neutral,0,PEEK,Polyether Ether Ketone,neutral_loss,break 2 bond(s) | H shift -1 | -H2O,2,-1,,H2O,"[0, 1, 2, 3, 4, 5, 14, 15, 16, 17, 18, 19, 21, 22, 23, 24, 30, 31, 32, 33, 35, 36]",0.30000000000000004
C13H8,"{'C': 13, 'H': 8}",164.06260025784,neutral,0,PEEK,Polyether Ether Ketone,neutral_loss,break 2 bond(s) | H shift +1 | -OH | ; | break 2 bond(s) | H shift +2 | -H2O,2,1,,OH,"[0, 1, 2, 3, 4, 5, 14, 15, 16, 17, 18, 19, 21, 22, 23, 24, 30, 31, 32, 33, 35, 36]",0.30000000000000004
C18H11,"{'C': 18, 'H': 11}",227.08607535453,neutral,0,PEEK,Polyether Ether Ketone,neutral_loss,break 2 bond(s) | H shift -1 | -CO2,2,-1,,CO2,"[0, 1, 2, 3, 4, 5, 6, 7, 8, 9, 10, 12, 13, 14, 15, 16, 17, 18, 19, 21, 22, 23, 24, 25, 26, 28, 29, 30, 31, 32, 33, 35, 36]",0.30000000000000004
C18H13,"{'C': 18, 'H': 13}",229.10172541899,neutral,0,PEEK,Polyether Ether Ketone,neutral_loss,break 2 bond(s) | H shift +1 | -CO2,2,1,,CO2,"[0, 1, 2, 3, 4, 5, 6, 7, 8, 9, 10, 12, 13, 14, 15, 16, 17, 18, 19, 21, 22, 23, 24, 25, 26, 28, 29, 30, 31, 32, 33, 35, 36]",0.30000000000000004
C18H8O2,"{'O': 2, 'C': 18, 'H': 8}",256.05242949698,neutral,0,PEEK,Polyether Ether Ketone,neutral_loss,break 2 bond(s) | H shift -1 | -CH3,2,-1,,CH3,"[0, 1, 2, 3, 4, 5, 6, 7, 8, 9, 10, 12, 13, 14, 15, 16, 17, 18, 19, 21, 22, 23, 24, 25, 26, 28, 29, 30, 31, 32, 33, 35, 36]",0.30000000000000004
C19H12O,"{'O': 1, 'C': 19, 'H': 12}",256.08881500633,neutral,0,PEEK,Polyether Ether Ketone,neutral_loss,break 2 bond(s) | H shift +1 | -OH | ; | break 2 bond(s) | H shift +2 | -H2O,2,1,,OH,"[0, 1, 2, 3, 4, 5, 6, 7, 8, 9, 10, 12, 13, 14, 15, 16, 17, 18, 19, 21, 22, 23, 24, 25, 26, 28, 29, 30, 31, 32, 33, 35, 36]",0.30000000000000004
C19H9O,"{'O': 1, 'C': 19, 'H': 9}",253.06533990964,neutral,0,PEEK,Polyether Ether Ketone,neutral_loss,break 2 bond(s) | H shift -1 | -H2O,2,-1,,H2O,"[0, 1, 2, 3, 4, 5, 6, 7, 8, 9, 10, 12, 13, 14, 15, 16, 17, 18, 19, 21, 22, 23, 24, 25, 26, 28, 29, 30, 31, 32, 33, 35, 36]",0.30000000000000004
C5,{'C': 5},60.0,neutral,0,PEEK,Polyether Ether Ketone,neutral_loss,break 2 bond(s) | H shift -1 | -CH3 | ; | break 2 bond(s) | H shift -1 | -CH3 | ; | break 2 bond(s) | H shift -1 | -CH3,2,-1,,CH3,"[2, 3, 4, 5, 14, 15, 23, 24, 30, 31]",0.30000000000000004
C5H2,"{'C': 5, 'H': 2}",62.01565006446,neutral,0,PEEK,Polyether Ether Ketone,neutral_loss,break 2 bond(s) | H shift +1 | -CH3 | ; | break 2 bond(s) | H shift -2 | -CO | ; | break 2 bond(s) | H shift -2 | -CO,2,1,,CH3,"[2, 3, 4, 5, 14, 15, 23, 24, 30, 31]",0.30000000000000004
C6O,"{'O': 1, 'C': 6}",87.99491461957,neutral,0,PEEK,Polyether Ether Ketone,neutral_loss,break 2 bond(s) | H shift -1 | -CH3 | ; | break 2 bond(s) | H shift -2 | -H2 | ; | break 2 bond(s) | H shift -1 | -CH3,2,-1,,CH3,"[0, 1, 16, 17, 18, 19, 21, 22, 32, 33, 35, 36]",0.30000000000000004
C7H,"{'C': 7, 'H': 1}",85.00782503223,neutral,0,PEEK,Polyether Ether Ketone,neutral_loss,break 2 bond(s) | H shift -1 | -H2O | ; | break 2 bond(s) | H shift -2 | -OH | ; | break 2 bond(s) | H shift -1 | -H2O,2,-1,,H2O,"[0, 1, 16, 17, 18, 19, 21, 22, 32, 33, 35, 36]",0.30000000000000004
C7H4,"{'C': 7, 'H': 4}",88.03130012892,neutral,0,PEEK,Polyether Ether Ketone,neutral_loss,break 2 bond(s) | H shift +1 | -OH | ; | break 2 bond(s) | H shift +2 | -H2O | ; | break 2 bond(s) | H shift +1 | -OH,2,1,,OH,"[0, 1, 16, 17, 18, 19, 21, 22, 32, 33, 35, 36]",0.30000000000000004
H,{'H': 1},1.00782503223,neutral,0,PEEK,Polyether Ether Ketone,neutral_loss,break 2 bond(s) | H shift +1 | -CO,2,1,,CO,"[0, 1]",0.30000000000000004
C12H7ClO,"{'C': 12, 'O': 1, 'H': 7, 'Cl': 1}",202.01854252718,negative,-1,PEEK,Polyether Ether Ketone,adduct,break 2 bond(s) | H shift -1 | Cl,2,-1,Cl,,"[2, 3, 4, 5, 6, 7, 8, 9, 10, 12, 13, 14, 15, 23, 24, 25, 26, 28, 29, 30, 31]",0.28
C12H7KO,"{'C': 12, 'O': 1, 'H': 7, 'K': 1}",206.01339633158,positive,1,PEEK,Polyether Ether Ketone,adduct,break 2 bond(s) | H shift -1 | K,2,-1,K,,"[2, 3, 4, 5, 6, 7, 8, 9, 10, 12, 13, 14, 15, 23, 24, 25, 26, 28, 29, 30, 31]",0.28
C12H7NaO,"{'C': 12, 'O': 1, 'H': 7, 'Na': 1}",190.03945912718,positive,1,PEEK,Polyether Ether Ketone,adduct,break 2 bond(s) | H shift -1 | Na,2,-1,Na,,"[2, 3, 4, 5, 6, 7, 8, 9, 10, 12, 13, 14, 15, 23, 24, 25, 26, 28, 29, 30, 31]",0.28
C12H9ClO,"{'C': 12, 'O': 1, 'H': 9, 'Cl': 1}",204.03419259164,negative,-1,PEEK,Polyether Ether Ketone,adduct,break 2 bond(s) | H shift +1 | Cl,2,1,Cl,,"[2, 3, 4, 5, 6, 7, 8, 9, 10, 12, 13, 14, 15, 23, 24, 25, 26, 28, 29, 30, 31]",0.28
C12H9KO,"{'C': 12, 'O': 1, 'H': 9, 'K': 1}",208.02904639604,positive,1,PEEK,Polyether Ether Ketone,adduct,break 2 bond(s) | H shift +1 | K,2,1,K,,"[2, 3, 4, 5, 6, 7, 8, 9, 10, 12, 13, 14, 15, 23, 24, 25, 26, 28, 29, 30, 31]",0.28
C12H9NaO,"{'C': 12, 'O': 1, 'H': 9, 'Na': 1}",192.05510919164,positive,1,PEEK,Polyether Ether Ketone,adduct,break 2 bond(s) | H shift +1 | Na,2,1,Na,,"[2, 3, 4, 5, 6, 7, 8, 9, 10, 12, 13, 14, 15, 23, 24, 25, 26, 28, 29, 30, 31]",0.28
C13H7ClO,"{'O': 1, 'C': 13, 'H': 7, 'Cl': 1}",214.01854252718,negative,-1,PEEK,Polyether Ether Ketone,adduct,break 2 bond(s) | H shift -1 | Cl,2,-1,Cl,,"[0, 1, 2, 3, 4, 5, 14, 15, 16, 17, 18, 19, 21, 22, 23, 24, 30, 31, 32, 33, 35, 36]",0.28
C13H7KO,"{'O': 1, 'C': 13, 'H': 7, 'K': 1}",218.01339633158,positive,1,PEEK,Polyether Ether Ketone,adduct,break 2 bond(s) | H shift -1 | K,2,-1,K,,"[0, 1, 2, 3, 4, 5, 14, 15, 16, 17, 18, 19, 21, 22, 23, 24, 30, 31, 32, 33, 35, 36]",0.28
C13H7NaO,"{'O': 1, 'C': 13, 'H': 7, 'Na': 1}",202.03945912718,positive,1,PEEK,Polyether Ether Ketone,adduct,break 2 bond(s) | H shift -1 | Na,2,-1,Na,,"[0, 1, 2, 3, 4, 5, 14, 15, 16, 17, 18, 19, 21, 22, 23, 24, 30, 31, 32, 33, 35, 36]",0.28
C13H9ClO,"{'O': 1, 'C': 13, 'H': 9, 'Cl': 1}",216.03419259164,negative,-1,PEEK,Polyether Ether Ketone,adduct,break 2 bond(s) | H shift +1 | Cl,2,1,Cl,,"[0, 1, 2, 3, 4, 5, 14, 15, 16, 17, 18, 19, 21, 22, 23, 24, 30, 31, 32, 33, 35, 36]",0.28
C13H9KO,"{'O': 1, 'C': 13, 'H': 9, 'K': 1}",220.02904639604,positive,1,PEEK,Polyether Ether Ketone,adduct,break 2 bond(s) | H shift +1 | K,2,1,K,,"[0, 1, 2, 3, 4, 5, 14, 15, 16, 17, 18, 19, 21, 22, 23, 24, 30, 31, 32, 33, 35, 36]",0.28
C13H9NaO,"{'O': 1, 'C': 13, 'H': 9, 'Na': 1}",204.05510919164,positive,1,PEEK,Polyether Ether Ketone,adduct,break 2 bond(s) | H shift +1 | Na,2,1,Na,,"[0, 1, 2, 3, 4, 5, 14, 15, 16, 17, 18, 19, 21, 22, 23, 24, 30, 31, 32, 33, 35, 36]",0.28
C19H11ClO2,"{'O': 2, 'C': 19, 'H': 11, 'Cl': 1}",306.04475727567,negative,-1,PEEK,Polyether Ether Ketone,adduct,break 2 bond(s) | H shift -1 | Cl,2,-1,Cl,,"[0, 1, 2, 3, 4, 5, 6, 7, 8, 9, 10, 12, 13, 14, 15, 16, 17, 18, 19, 21, 22, 23, 24, 25, 26, 28, 29, 30, 31, 32, 33, 35, 36]",0.28
C19H11KO2,"{'O': 2, 'C': 19, 'H': 11, 'K': 1}",310.03961108007,positive,1,PEEK,Polyether Ether Ketone,adduct,break 2 bond(s) | H shift -1 | K,2,-1,K,,"[0, 1, 2, 3, 4, 5, 6, 7, 8, 9, 10, 12, 13, 14, 15, 16, 17, 18, 19, 21, 22, 23, 24, 25, 26, 28, 29, 30, 31, 32, 33, 35, 36]",0.28
C19H11NaO2,"{'O': 2, 'C': 19, 'H': 11, 'Na': 1}",294.06567387567,positive,1,PEEK,Polyether Ether Ketone,adduct,break 2 bond(s) | H shift -1 | Na,2,-1,Na,,"[0, 1, 2, 3, 4, 5, 6, 7, 8, 9, 10, 12, 13, 14, 15, 16, 17, 18, 19, 21, 22, 23, 24, 25, 26, 28, 29, 30, 31, 32, 33, 35, 36]",0.28
C19H13ClO2,"{'O': 2, 'C': 19, 'H': 13, 'Cl': 1}",308.06040734013,negative,-1,PEEK,Polyether Ether Ketone,adduct,break 2 bond(s) | H shift +1 | Cl,2,1,Cl,,"[0, 1, 2, 3, 4, 5, 6, 7, 8, 9, 10, 12, 13, 14, 15, 16, 17, 18, 19, 21, 22, 23, 24, 25, 26, 28, 29, 30, 31, 32, 33, 35, 36]",0.28
C19H13KO2,"{'O': 2, 'C': 19, 'H': 13, 'K': 1}",312.05526114453,positive,1,PEEK,Polyether Ether Ketone,adduct,break 2 bond(s) | H shift +1 | K,2,1,K,,"[0, 1, 2, 3, 4, 5, 6, 7, 8, 9, 10, 12, 13, 14, 15, 16, 17, 18, 19, 21, 22, 23, 24, 25, 26, 28, 29, 30, 31, 32, 33, 35, 36]",0.28
C19H13NaO2,"{'O': 2, 'C': 19, 'H': 13, 'Na': 1}",296.08132394013,positive,1,PEEK,Polyether Ether Ketone,adduct,break 2 bond(s) | H shift +1 | Na,2,1,Na,,"[0, 1, 2, 3, 4, 5, 6, 7, 8, 9, 10, 12, 13, 14, 15, 16, 17, 18, 19, 21, 22, 23, 24, 25, 26, 28, 29, 30, 31, 32, 33, 35, 36]",0.28
C6H3Cl,"{'C': 6, 'H': 3, 'Cl': 1}",109.99232777869,negative,-1,PEEK,Polyether Ether Ketone,adduct,break 2 bond(s) | H shift -1 | Cl | ; | break 2 bond(s) | H shift -1 | Cl | ; | break 2 bond(s) | H shift -1 | Cl,2,-1,Cl,,"[2, 3, 4, 5, 14, 15, 23, 24, 30, 31]",0.28
C6H3K,"{'C': 6, 'H': 3, 'K': 1}",113.98718158309,positive,1,PEEK,Polyether Ether Ketone,adduct,break 2 bond(s) | H shift -1 | K | ; | break 2 bond(s) | H shift -1 | K | ; | break 2 bond(s) | H shift -1 | K,2,-1,K,,"[2, 3, 4, 5, 14, 15, 23, 24, 30, 31]",0.28
C6H3Na,"{'C': 6, 'H': 3, 'Na': 1}",98.01324437869,positive,1,PEEK,Polyether Ether Ketone,adduct,break 2 bond(s) | H shift -1 | Na | ; | break 2 bond(s) | H shift -1 | Na | ; | break 2 bond(s) | H shift -1 | Na,2,-1,Na,,"[2, 3, 4, 5, 14, 15, 23, 24, 30, 31]",0.28
C6H5Cl,"{'C': 6, 'H': 5, 'Cl': 1}",112.00797784315,negative,-1,PEEK,Polyether Ether Ketone,adduct,break 2 bond(s) | H shift +1 | Cl | ; | break 2 bond(s) | H shift +1 | Cl | ; | break 2 bond(s) | H shift +1 | Cl,2,1,Cl,,"[2, 3, 4, 5, 14, 15, 23, 24, 30, 31]",0.28
C6H5K,"{'C': 6, 'H': 5, 'K': 1}",116.00283164755,positive,1,PEEK,Polyether Ether Ketone,adduct,break 2 bond(s) | H shift +1 | K | ; | break 2 bond(s) | H shift +1 | K | ; | break 2 bond(s) | H shift +1 | K,2,1,K,,"[2, 3, 4, 5, 14, 15, 23, 24, 30, 31]",0.28
C6H5Na,"{'C': 6, 'H': 5, 'Na': 1}",100.02889444315,positive,1,PEEK,Polyether Ether Ketone,adduct,break 2 bond(s) | H shift +1 | Na | ; | break 2 bond(s) | H shift +1 | Na | ; | break 2 bond(s) | H shift +1 | Na,2,1,Na,,"[2, 3, 4, 5, 14, 15, 23, 24, 30, 31]",0.28
C7H3ClO,"{'O': 1, 'C': 7, 'H': 3, 'Cl': 1}",137.98724239826,negative,-1,PEEK,Polyether Ether Ketone,adduct,break 2 bond(s) | H shift -1 | Cl | ; | break 2 bond(s) | H shift -1 | Cl,2,-1,Cl,,"[0, 1, 16, 17, 18, 19, 21, 22, 32, 33, 35, 36]",0.28
C7H3KO,"{'O': 1, 'C': 7, 'H': 3, 'K': 1}",141.98209620266,positive,1,PEEK,Polyether Ether Ketone,adduct,break 2 bond(s) | H shift -1 | K | ; | break 2 bond(s) | H shift -1 | K,2,-1,K,,"[0, 1, 16, 17, 18, 19, 21, 22, 32, 33, 35, 36]",0.28
C7H3NaO,"{'O': 1, 'C': 7, 'H': 3, 'Na': 1}",126.00815899826,positive,1,PEEK,Polyether Ether Ketone,adduct,break 2 bond(s) | H shift -1 | Na | ; | break 2 bond(s) | H shift -1 | Na,2,-1,Na,,"[0, 1, 16, 17, 18, 19, 21, 22, 32, 33, 35, 36]",0.28
C7H5ClO,"{'O': 1, 'C': 7, 'H': 5, 'Cl': 1}",140.00289246272,negative,-1,PEEK,Polyether Ether Ketone,adduct,break 2 bond(s) | H shift +1 | Cl | ; | break 2 bond(s) | H shift +1 | Cl,2,1,Cl,,"[0, 1, 16, 17, 18, 19, 21, 22, 32, 33, 35, 36]",0.28
C7H5KO,"{'O': 1, 'C': 7, 'H': 5, 'K': 1}",143.99774626712,positive,1,PEEK,Polyether Ether Ketone,adduct,break 2 bond(s) | H shift +1 | K | ; | break 2 bond(s) | H shift +1 | K,2,1,K,,"[0, 1, 16, 17, 18, 19, 21, 22, 32, 33, 35, 36]",0.28
C7H5NaO,"{'O': 1, 'C': 7, 'H': 5, 'Na': 1}",128.02380906272,positive,1,PEEK,Polyether Ether Ketone,adduct,break 2 bond(s) | H shift +1 | Na | ; | break 2 bond(s) | H shift +1 | Na,2,1,Na,,"[0, 1, 16, 17, 18, 19, 21, 22, 32, 33, 35, 36]",0.28
CH2O2,"{'O': 2, 'C': 1, 'H': 2}",46.0054793036,negative,-1,PEEK,Polyether Ether Ketone,adduct,break 2 bond(s) | H shift +1 | OH | ; | break 2 bond(s) | H shift +2 | O,2,1,OH,,"[0, 1]",0.28
CHClO,"{'O': 1, 'C': 1, 'H': 1, 'Cl': 1}",63.9715923338,negative,-1,PEEK,Polyether Ether Ketone,adduct,break 2 bond(s) | H shift +1 | Cl,2,1,Cl,,"[0, 1]",0.28
CHKO,"{'O': 1, 'C': 1, 'H': 1, 'K': 1}",67.9664461382,positive,1,PEEK,Polyether Ether Ketone,adduct,break 2 bond(s) | H shift +1 | K,2,1,K,,"[0, 1]",0.28
CHNaO,"{'O': 1, 'C': 1, 'H': 1, 'Na': 1}",51.9925089338,positive,1,PEEK,Polyether Ether Ketone,adduct,break 2 bond(s) | H shift +1 | Na,2,1,Na,,"[0, 1]",0.28
C11H3O,"{'C': 11, 'O': 1, 'H': 3}",151.01838971626,neutral,0,PEEK,Polyether Ether Ketone,neutral_loss,break 2 bond(s) | H shift -2 | -CH3,2,-2,,CH3,"[2, 3, 4, 5, 6, 7, 8, 9, 10, 12, 13, 14, 15, 23, 24, 25, 26, 28, 29, 30, 31]",0.24999999999999997
C11H6,"{'C': 11, 'H': 6}",138.04695019338,neutral,0,PEEK,Polyether Ether Ketone,neutral_loss,break 2 bond(s) | H shift -2 | -CO,2,-2,,CO,"[2, 3, 4, 5, 6, 7, 8, 9, 10, 12, 13, 14, 15, 23, 24, 25, 26, 28, 29, 30, 31]",0.24999999999999997
C12H3O,"{'O': 1, 'C': 12, 'H': 3}",163.01838971626,neutral,0,PEEK,Polyether Ether Ketone,neutral_loss,break 2 bond(s) | H shift -2 | -CH3,2,-2,,CH3,"[0, 1, 2, 3, 4, 5, 14, 15, 16, 17, 18, 19, 21, 22, 23, 24, 30, 31, 32, 33, 35, 36]",0.24999999999999997
C12H3O2,"{'O': 2, 'C': 12, 'H': 3}",179.01330433583001,neutral,0,PEEK,Polyether Ether Ketone,neutral_loss,break 2 bond(s) | H shift -2 | -CH3 | ; | break 2 bond(s) | H shift -2 | -CH3,2,-2,,CH3,"[0, 1, 2, 3, 4, 5, 6, 14, 15, 16, 17, 18, 19, 21, 22, 23, 24, 30, 31, 32, 33, 35, 36]",0.24999999999999997
C12H4,"{'C': 12, 'H': 4}",148.03130012892,neutral,0,PEEK,Polyether Ether Ketone,neutral_loss,break 2 bond(s) | H shift -2 | -H2O,2,-2,,H2O,"[2, 3, 4, 5, 6, 7, 8, 9, 10, 12, 13, 14, 15, 23, 24, 25, 26, 28, 29, 30, 31]",0.24999999999999997
C13H4,"{'C': 13, 'H': 4}",160.03130012892,neutral,0,PEEK,Polyether Ether Ketone,neutral_loss,break 2 bond(s) | H shift -2 | -H2O,2,-2,,H2O,"[0, 1, 2, 3, 4, 5, 14, 15, 16, 17, 18, 19, 21, 22, 23, 24, 30, 31, 32, 33, 35, 36]",0.24999999999999997
C13H4O,"{'O': 1, 'C': 13, 'H': 4}",176.02621474849,neutral,0,PEEK,Polyether Ether Ketone,neutral_loss,break 2 bond(s) | H shift -2 | -H2 | ; | break 2 bond(s) | H shift -2 | -H2O | ; | break 2 bond(s) | H shift -2 | -H2O,2,-2,,H2,"[0, 1, 2, 3, 4, 5, 14, 15, 16, 17, 18, 19, 21, 22, 23, 24, 30, 31, 32, 33, 35, 36]",0.24999999999999997
C13H4O2,"{'O': 2, 'C': 13, 'H': 4}",192.02112936806,neutral,0,PEEK,Polyether Ether Ketone,neutral_loss,break 2 bond(s) | H shift -2 | -H2 | ; | break 2 bond(s) | H shift -2 | -H2,2,-2,,H2,"[0, 1, 2, 3, 4, 5, 6, 14, 15, 16, 17, 18, 19, 21, 22, 23, 24, 30, 31, 32, 33, 35, 36]",0.24999999999999997
C13H9,"{'C': 13, 'H': 9}",165.07042529007,neutral,0,PEEK,Polyether Ether Ketone,neutral_loss,break 2 bond(s) | H shift +2 | -OH,2,2,,OH,"[0, 1, 2, 3, 4, 5, 14, 15, 16, 17, 18, 19, 21, 22, 23, 24, 30, 31, 32, 33, 35, 36]",0.24999999999999997
C18H10,"{'C': 18, 'H': 10}",226.0782503223,neutral,0,PEEK,Polyether Ether Ketone,neutral_loss,break 2 bond(s) | H shift -2 | -CO2,2,-2,,CO2,"[0, 1, 2, 3, 4, 5, 6, 7, 8, 9, 10, 12, 13, 14, 15, 16, 17, 18, 19, 21, 22, 23, 24, 25, 26, 28, 29, 30, 31, 32, 33, 35, 36]",0.24999999999999997
C18H14,"{'C': 18, 'H': 14}",230.10955045122,neutral,0,PEEK,Polyether Ether Ketone,neutral_loss,break 2 bond(s) | H shift +2 | -CO2,2,2,,CO2,"[0, 1, 2, 3, 4, 5, 6, 7, 8, 9, 10, 12, 13, 14, 15, 16, 17, 18, 19, 21, 22, 23, 24, 25, 26, 28, 29, 30, 31, 32, 33, 35, 36]",0.24999999999999997
C18H7O2,"{'O': 2, 'C': 18, 'H': 7}",255.04460446475,neutral,0,PEEK,Polyether Ether Ketone,neutral_loss,break 2 bond(s) | H shift -2 | -CH3,2,-2,,CH3,"[0, 1, 2, 3, 4, 5, 6, 7, 8, 9, 10, 12, 13, 14, 15, 16, 17, 18, 19, 21, 22, 23, 24, 25, 26, 28, 29, 30, 31, 32, 33, 35, 36]",0.24999999999999997
C19H13O,"{'O': 1, 'C': 19, 'H': 13}",257.09664003856,neutral,0,PEEK,Polyether Ether Ketone,neutral_loss,break 2 bond(s) | H shift +2 | -OH,2,2,,OH,"[0, 1, 2, 3, 4, 5, 6, 7, 8, 9, 10, 12, 13, 14, 15, 16, 17, 18, 19, 21, 22, 23, 24, 25, 26, 28, 29, 30, 31, 32, 33, 35, 36]",0.24999999999999997
C19H8O,"{'O': 1, 'C': 19, 'H': 8}",252.05751487741,neutral,0,PEEK,Polyether Ether Ketone,neutral_loss,break 2 bond(s) | H shift -2 | -H2O,2,-2,,H2O,"[0, 1, 2, 3, 4, 5, 6, 7, 8, 9, 10, 12, 13, 14, 15, 16, 17, 18, 19, 21, 22, 23, 24, 25, 26, 28, 29, 30, 31, 32, 33, 35, 36]",0.24999999999999997
C6,{'C': 6},72.0,neutral,0,PEEK,Polyether Ether Ketone,neutral_loss,break 2 bond(s) | H shift -2 | -H2 | ; | break 2 bond(s) | H shift -2 | -H2O | ; | break 2 bond(s) | H shift -2 | -H2O,2,-2,,H2,"[2, 3, 4, 5, 14, 15, 23, 24, 30, 31]",0.24999999999999997
C7,{'C': 7},84.0,neutral,0,PEEK,Polyether Ether Ketone,neutral_loss,break 2 bond(s) | H shift -2 | -H2O | ; | break 2 bond(s) | H shift -2 | -H2O,2,-2,,H2O,"[0, 1, 16, 17, 18, 19, 21, 22, 32, 33, 35, 36]",0.24999999999999997
C7H5,"{'C': 7, 'H': 5}",89.03912516115,neutral,0,PEEK,Polyether Ether Ketone,neutral_loss,break 2 bond(s) | H shift +2 | -OH | ; | break 2 bond(s) | H shift +2 | -OH,2,2,,OH,"[0, 1, 16, 17, 18, 19, 21, 22, 32, 33, 35, 36]",0.24999999999999997
C7O,"{'O': 1, 'C': 7}",99.99491461957,neutral,0,PEEK,Polyether Ether Ketone,neutral_loss,break 2 bond(s) | H shift -2 | -H2 | ; | break 2 bond(s) | H shift -2 | -H2 | ; | break 2 bond(s) | H shift -2 | -H2O,2,-2,,H2,"[0, 1, 16, 17, 18, 19, 21, 22, 32, 33, 35, 36]",0.24999999999999997
C7O2,"{'O': 2, 'C': 7}",115.98982923914,neutral,0,PEEK,Polyether Ether Ketone,neutral_loss,break 2 bond(s) | H shift -2 | -H2,2,-2,,H2,"[0, 1, 2, 3, 4, 5, 6, 14, 15, 23, 24, 30, 31]",0.24999999999999997
CH,"{'C': 1, 'H': 1}",13.00782503223,neutral,0,PEEK,Polyether Ether Ketone,neutral_loss,break 2 bond(s) | H shift +2 | -OH,2,2,,OH,"[0, 1]",0.24999999999999997
CO,"{'O': 1, 'C': 1}",27.99491461957,neutral,0,PEEK,Polyether Ether Ketone,neutral_loss,break 2 bond(s) | H shift +2 | -H2,2,2,,H2,"[0, 1]",0.24999999999999997
H2,{'H': 2},2.01565006446,neutral,0,PEEK,Polyether Ether Ketone,neutral_loss,break 2 bond(s) | H shift +2 | -CO,2,2,,CO,"[0, 1]",0.24999999999999997
C12H10ClO,"{'C': 12, 'O': 1, 'H': 10, 'Cl': 1}",205.04201762387,negative,-1,PEEK,Polyether Ether Ketone,adduct,break 2 bond(s) | H shift +2 | Cl,2,2,Cl,,"[2, 3, 4, 5, 6, 7, 8, 9, 10, 12, 13, 14, 15, 23, 24, 25, 26, 28, 29, 30, 31]",0.22999999999999998
C12H10KO,"{'C': 12, 'O': 1, 'H': 10, 'K': 1}",209.03687142827,positive,1,PEEK,Polyether Ether Ketone,adduct,break 2 bond(s) | H shift +2 | K,2,2,K,,"[2, 3, 4, 5, 6, 7, 8, 9, 10, 12, 13, 14, 15, 23, 24, 25, 26, 28, 29, 30, 31]",0.22999999999999998
C12H10NaO,"{'C': 12, 'O': 1, 'H': 10, 'Na': 1}",193.06293422387,positive,1,PEEK,Polyether Ether Ketone,adduct,break 2 bond(s) | H shift +2 | Na,2,2,Na,,"[2, 3, 4, 5, 6, 7, 8, 9, 10, 12, 13, 14, 15, 23, 24, 25, 26, 28, 29, 30, 31]",0.22999999999999998
C12H11O2,"{'C': 12, 'O': 2, 'H': 11}",187.07590459367,negative,-1,PEEK,Polyether Ether Ketone,adduct,break 2 bond(s) | H shift +2 | OH,2,2,OH,,"[2, 3, 4, 5, 6, 7, 8, 9, 10, 12, 13, 14, 15, 23, 24, 25, 26, 28, 29, 30, 31]",0.22999999999999998
C12H6ClO,"{'C': 12, 'O': 1, 'H': 6, 'Cl': 1}",201.01071749495,negative,-1,PEEK,Polyether Ether Ketone,adduct,break 2 bond(s) | H shift -2 | Cl,2,-2,Cl,,"[2, 3, 4, 5, 6, 7, 8, 9, 10, 12, 13, 14, 15, 23, 24, 25, 26, 28, 29, 30, 31]",0.22999999999999998
C12H6KO,"{'C': 12, 'O': 1, 'H': 6, 'K': 1}",205.00557129935,positive,1,PEEK,Polyether Ether Ketone,adduct,break 2 bond(s) | H shift -2 | K,2,-2,K,,"[2, 3, 4, 5, 6, 7, 8, 9, 10, 12, 13, 14, 15, 23, 24, 25, 26, 28, 29, 30, 31]",0.22999999999999998
C12H6NaO,"{'C': 12, 'O': 1, 'H': 6, 'Na': 1}",189.03163409495,positive,1,PEEK,Polyether Ether Ketone,adduct,break 2 bond(s) | H shift -2 | Na,2,-2,Na,,"[2, 3, 4, 5, 6, 7, 8, 9, 10, 12, 13, 14, 15, 23, 24, 25, 26, 28, 29, 30, 31]",0.22999999999999998
C13H10ClO,"{'O': 1, 'C': 13, 'H': 10, 'Cl': 1}",217.04201762387,negative,-1,PEEK,Polyether Ether Ketone,adduct,break 2 bond(s) | H shift +2 | Cl,2,2,Cl,,"[0, 1, 2, 3, 4, 5, 14, 15, 16, 17, 18, 19, 21, 22, 23, 24, 30, 31, 32, 33, 35, 36]",0.22999999999999998
C13H10KO,"{'O': 1, 'C': 13, 'H': 10, 'K': 1}",221.03687142827,positive,1,PEEK,Polyether Ether Ketone,adduct,break 2 bond(s) | H shift +2 | K,2,2,K,,"[0, 1, 2, 3, 4, 5, 14, 15, 16, 17, 18, 19, 21, 22, 23, 24, 30, 31, 32, 33, 35, 36]",0.22999999999999998
C13H10NaO,"{'O': 1, 'C': 13, 'H': 10, 'Na': 1}",205.06293422387,positive,1,PEEK,Polyether Ether Ketone,adduct,break 2 bond(s) | H shift +2 | Na,2,2,Na,,"[0, 1, 2, 3, 4, 5, 14, 15, 16, 17, 18, 19, 21, 22, 23, 24, 30, 31, 32, 33, 35, 36]",0.22999999999999998
C13H11O2,"{'O': 2, 'C': 13, 'H': 11}",199.07590459367,negative,-1,PEEK,Polyether Ether Ketone,adduct,break 2 bond(s) | H shift +2 | OH,2,2,OH,,"[0, 1, 2, 3, 4, 5, 14, 15, 16, 17, 18, 19, 21, 22, 23, 24, 30, 31, 32, 33, 35, 36]",0.22999999999999998
C13H6ClO,"{'O': 1, 'C': 13, 'H': 6, 'Cl': 1}",213.01071749495,negative,-1,PEEK,Polyether Ether Ketone,adduct,break 2 bond(s) | H shift -2 | Cl,2,-2,Cl,,"[0, 1, 2, 3, 4, 5, 14, 15, 16, 17, 18, 19, 21, 22, 23, 24, 30, 31, 32, 33, 35, 36]",0.22999999999999998
C13H6ClO2,"{'O': 2, 'C': 13, 'H': 6, 'Cl': 1}",229.00563211452,negative,-1,PEEK,Polyether Ether Ketone,adduct,break 2 bond(s) | H shift -2 | Cl | ; | break 2 bond(s) | H shift -2 | Cl,2,-2,Cl,,"[0, 1, 2, 3, 4, 5, 6, 14, 15, 16, 17, 18, 19, 21, 22, 23, 24, 30, 31, 32, 33, 35, 36]",0.22999999999999998
C13H6KO,"{'O': 1, 'C': 13, 'H': 6, 'K': 1}",217.00557129935,positive,1,PEEK,Polyether Ether Ketone,adduct,break 2 bond(s) | H shift -2 | K,2,-2,K,,"[0, 1, 2, 3, 4, 5, 14, 15, 16, 17, 18, 19, 21, 22, 23, 24, 30, 31, 32, 33, 35, 36]",0.22999999999999998
C13H6KO2,"{'O': 2, 'C': 13, 'H': 6, 'K': 1}",233.00048591892,positive,1,PEEK,Polyether Ether Ketone,adduct,break 2 bond(s) | H shift -2 | K | ; | break 2 bond(s) | H shift -2 | K,2,-2,K,,"[0, 1, 2, 3, 4, 5, 6, 14, 15, 16, 17, 18, 19, 21, 22, 23, 24, 30, 31, 32, 33, 35, 36]",0.22999999999999998
C13H6NaO,"{'O': 1, 'C': 13, 'H': 6, 'Na': 1}",201.03163409495,positive,1,PEEK,Polyether Ether Ketone,adduct,break 2 bond(s) | H shift -2 | Na,2,-2,Na,,"[0, 1, 2, 3, 4, 5, 14, 15, 16, 17, 18, 19, 21, 22, 23, 24, 30, 31, 32, 33, 35, 36]",0.22999999999999998
C13H6NaO2,"{'O': 2, 'C': 13, 'H': 6, 'Na': 1}",217.02654871452,positive,1,PEEK,Polyether Ether Ketone,adduct,break 2 bond(s) | H shift -2 | Na | ; | break 2 bond(s) | H shift -2 | Na,2,-2,Na,,"[0, 1, 2, 3, 4, 5, 6, 14, 15, 16, 17, 18, 19, 21, 22, 23, 24, 30, 31, 32, 33, 35, 36]",0.22999999999999998
C19H10ClO2,"{'O': 2, 'C': 19, 'H': 10, 'Cl': 1}",305.03693224344,negative,-1,PEEK,Polyether Ether Ketone,adduct,break 2 bond(s) | H shift -2 | Cl,2,-2,Cl,,"[0, 1, 2, 3, 4, 5, 6, 7, 8, 9, 10, 12, 13, 14, 15, 16, 17, 18, 19, 21, 22, 23, 24, 25, 26, 28, 29, 30, 31, 32, 33, 35, 36]",0.22999999999999998
C19H10KO2,"{'O': 2, 'C': 19, 'H': 10, 'K': 1}",309.03178604784,positive,1,PEEK,Polyether Ether Ketone,adduct,break 2 bond(s) | H shift -2 | K,2,-2,K,,"[0, 1, 2, 3, 4, 5, 6, 7, 8, 9, 10, 12, 13, 14, 15, 16, 17, 18, 19, 21, 22, 23, 24, 25, 26, 28, 29, 30, 31, 32, 33, 35, 36]",0.22999999999999998
C19H10NaO2,"{'O': 2, 'C': 19, 'H': 10, 'Na': 1}",293.05784884344,positive,1,PEEK,Polyether Ether Ketone,adduct,break 2 bond(s) | H shift -2 | Na,2,-2,Na,,"[0, 1, 2, 3, 4, 5, 6, 7, 8, 9, 10, 12, 13, 14, 15, 16, 17, 18, 19, 21, 22, 23, 24, 25, 26, 28, 29, 30, 31, 32, 33, 35, 36]",0.22999999999999998
C19H14ClO2,"{'O': 2, 'C': 19, 'H': 14, 'Cl': 1}",309.06823237236,negative,-1,PEEK,Polyether Ether Ketone,adduct,break 2 bond(s) | H shift +2 | Cl,2,2,Cl,,"[0, 1, 2, 3, 4, 5, 6, 7, 8, 9, 10, 12, 13, 14, 15, 16, 17, 18, 19, 21, 22, 23, 24, 25, 26, 28, 29, 30, 31, 32, 33, 35, 36]",0.22999999999999998
C19H14KO2,"{'O': 2, 'C': 19, 'H': 14, 'K': 1}",313.06308617676,positive,1,PEEK,Polyether Ether Ketone,adduct,break 2 bond(s) | H shift +2 | K,2,2,K,,"[0, 1, 2, 3, 4, 5, 6, 7, 8, 9, 10, 12, 13, 14, 15, 16, 17, 18, 19, 21, 22, 23, 24, 25, 26, 28, 29, 30, 31, 32, 33, 35, 36]",0.22999999999999998
C19H14NaO2,"{'O': 2, 'C': 19, 'H': 14, 'Na': 1}",297.08914897236,positive,1,PEEK,Polyether Ether Ketone,adduct,break 2 bond(s) | H shift +2 | Na,2,2,Na,,"[0, 1, 2, 3, 4, 5, 6, 7, 8, 9, 10, 12, 13, 14, 15, 16, 17, 18, 19, 21, 22, 23, 24, 25, 26, 28, 29, 30, 31, 32, 33, 35, 36]",0.22999999999999998
C19H15O3,"{'O': 3, 'C': 19, 'H': 15}",291.10211934216,negative,-1,PEEK,Polyether Ether Ketone,adduct,break 2 bond(s) | H shift +2 | OH,2,2,OH,,"[0, 1, 2, 3, 4, 5, 6, 7, 8, 9, 10, 12, 13, 14, 15, 16, 17, 18, 19, 21, 22, 23, 24, 25, 26, 28, 29, 30, 31, 32, 33, 35, 36]",0.22999999999999998
C6H2Cl,"{'C': 6, 'H': 2, 'Cl': 1}",108.98450274646,negative,-1,PEEK,Polyether Ether Ketone,adduct,break 2 bond(s) | H shift -2 | Cl | ; | break 2 bond(s) | H shift -2 | Cl | ; | break 2 bond(s) | H shift -2 | Cl,2,-2,Cl,,"[2, 3, 4, 5, 14, 15, 23, 24, 30, 31]",0.22999999999999998
C6H2ClO,"{'C': 6, 'O': 1, 'H': 2, 'Cl': 1}",124.97941736602999,negative,-1,PEEK,Polyether Ether Ketone,adduct,break 2 bond(s) | H shift -2 | Cl | ; | break 2 bond(s) | H shift -2 | Cl,2,-2,Cl,,"[2, 3, 4, 5, 6, 14, 15, 23, 24, 30, 31]",0.22999999999999998
C6H2K,"{'C': 6, 'H': 2, 'K': 1}",112.97935655086,positive,1,PEEK,Polyether Ether Ketone,adduct,break 2 bond(s) | H shift -2 | K | ; | break 2 bond(s) | H shift -2 | K | ; | break 2 bond(s) | H shift -2 | K,2,-2,K,,"[2, 3, 4, 5, 14, 15, 23, 24, 30, 31]",0.22999999999999998
C6H2KO,"{'C': 6, 'O': 1, 'H': 2, 'K': 1}",128.97427117043,positive,1,PEEK,Polyether Ether Ketone,adduct,break 2 bond(s) | H shift -2 | K | ; | break 2 bond(s) | H shift -2 | K,2,-2,K,,"[2, 3, 4, 5, 6, 14, 15, 23, 24, 30, 31]",0.22999999999999998
C6H2Na,"{'C': 6, 'H': 2, 'Na': 1}",97.00541934646,positive,1,PEEK,Polyether Ether Ketone,adduct,break 2 bond(s) | H shift -2 | Na | ; | break 2 bond(s) | H shift -2 | Na | ; | break 2 bond(s) | H shift -2 | Na,2,-2,Na,,"[2, 3, 4, 5, 14, 15, 23, 24, 30, 31]",0.22999999999999998
C6H2NaO,"{'C': 6, 'O': 1, 'H': 2, 'Na': 1}",113.00033396603,positive,1,PEEK,Polyether Ether Ketone,adduct,break 2 bond(s) | H shift -2 | Na | ; | break 2 bond(s) | H shift -2 | Na,2,-2,Na,,"[2, 3, 4, 5, 6, 14, 15, 23, 24, 30, 31]",0.22999999999999998
C6H6Cl,"{'C': 6, 'H': 6, 'Cl': 1}",113.01580287538,negative,-1,PEEK,Polyether Ether Ketone,adduct,break 2 bond(s) | H shift +2 | Cl | ; | break 2 bond(s) | H shift +2 | Cl | ; | break 2 bond(s) | H shift +2 | Cl,2,2,Cl,,"[2, 3, 4, 5, 14, 15, 23, 24, 30, 31]",0.22999999999999998
C6H6K,"{'C': 6, 'H': 6, 'K': 1}",117.01065667978,positive,1,PEEK,Polyether Ether Ketone,adduct,break 2 bond(s) | H shift +2 | K | ; | break 2 bond(s) | H shift +2 | K | ; | break 2 bond(s) | H shift +2 | K,2,2,K,,"[2, 3, 4, 5, 14, 15, 23, 24, 30, 31]",0.22999999999999998
C6H6Na,"{'C': 6, 'H': 6, 'Na': 1}",101.03671947538,positive,1,PEEK,Polyether Ether Ketone,adduct,break 2 bond(s) | H shift +2 | Na | ; | break 2 bond(s) | H shift +2 | Na | ; | break 2 bond(s) | H shift +2 | Na,2,2,Na,,"[2, 3, 4, 5, 14, 15, 23, 24, 30, 31]",0.22999999999999998
C6H7O,"{'C': 6, 'H': 7, 'O': 1}",95.04968984518,negative,-1,PEEK,Polyether Ether Ketone,adduct,break 2 bond(s) | H shift +2 | OH | ; | break 2 bond(s) | H shift +2 | OH | ; | break 2 bond(s) | H shift +2 | OH,2,2,OH,,"[2, 3, 4, 5, 14, 15, 23, 24, 30, 31]",0.22999999999999998
C7H2ClO,"{'O': 1, 'C': 7, 'H': 2, 'Cl': 1}",136.97941736603,negative,-1,PEEK,Polyether Ether Ketone,adduct,break 2 bond(s) | H shift -2 | Cl | ; | break 2 bond(s) | H shift -2 | Cl,2,-2,Cl,,"[0, 1, 16, 17, 18, 19, 21, 22, 32, 33, 35, 36]",0.22999999999999998
C7H2ClO2,"{'O': 2, 'C': 7, 'H': 2, 'Cl': 1}",152.9743319856,negative,-1,PEEK,Polyether Ether Ketone,adduct,break 2 bond(s) | H shift -2 | Cl,2,-2,Cl,,"[0, 1, 2, 3, 4, 5, 6, 14, 15, 23, 24, 30, 31]",0.22999999999999998
C7H2KO,"{'O': 1, 'C': 7, 'H': 2, 'K': 1}",140.97427117043,positive,1,PEEK,Polyether Ether Ketone,adduct,break 2 bond(s) | H shift -2 | K | ; | break 2 bond(s) | H shift -2 | K,2,-2,K,,"[0, 1, 16, 17, 18, 19, 21, 22, 32, 33, 35, 36]",0.22999999999999998
C7H2KO2,"{'O': 2, 'C': 7, 'H': 2, 'K': 1}",156.96918579,positive,1,PEEK,Polyether Ether Ketone,adduct,break 2 bond(s) | H shift -2 | K,2,-2,K,,"[0, 1, 2, 3, 4, 5, 6, 14, 15, 23, 24, 30, 31]",0.22999999999999998
C7H2NaO,"{'O': 1, 'C': 7, 'H': 2, 'Na': 1}",125.00033396603,positive,1,PEEK,Polyether Ether Ketone,adduct,break 2 bond(s) | H shift -2 | Na | ; | break 2 bond(s) | H shift -2 | Na,2,-2,Na,,"[0, 1, 16, 17, 18, 19, 21, 22, 32, 33, 35, 36]",0.22999999999999998
C7H2NaO2,"{'O': 2, 'C': 7, 'H': 2, 'Na': 1}",140.9952485856,positive,1,PEEK,Polyether Ether Ketone,adduct,break 2 bond(s) | H shift -2 | Na,2,-2,Na,,"[0, 1, 2, 3, 4, 5, 6, 14, 15, 23, 24, 30, 31]",0.22999999999999998
C7H2O3,"{'O': 3, 'C': 7, 'H': 2}",134.00039392317,negative,-1,PEEK,Polyether Ether Ketone,adduct,break 2 bond(s) | H shift -2 | O,2,-2,O,,"[0, 1, 2, 3, 4, 5, 6, 14, 15, 23, 24, 30, 31]",0.22999999999999998
C7H6ClO,"{'O': 1, 'C': 7, 'H': 6, 'Cl': 1}",141.01071749495,negative,-1,PEEK,Polyether Ether Ketone,adduct,break 2 bond(s) | H shift +2 | Cl | ; | break 2 bond(s) | H shift +2 | Cl,2,2,Cl,,"[0, 1, 16, 17, 18, 19, 21, 22, 32, 33, 35, 36]",0.22999999999999998
C7H6KO,"{'O': 1, 'C': 7, 'H': 6, 'K': 1}",145.00557129935,positive,1,PEEK,Polyether Ether Ketone,adduct,break 2 bond(s) | H shift +2 | K | ; | break 2 bond(s) | H shift +2 | K,2,2,K,,"[0, 1, 16, 17, 18, 19, 21, 22, 32, 33, 35, 36]",0.22999999999999998
C7H6NaO,"{'O': 1, 'C': 7, 'H': 6, 'Na': 1}",129.03163409495,positive,1,PEEK,Polyether Ether Ketone,adduct,break 2 bond(s) | H shift +2 | Na | ; | break 2 bond(s) | H shift +2 | Na,2,2,Na,,"[0, 1, 16, 17, 18, 19, 21, 22, 32, 33, 35, 36]",0.22999999999999998
C7H7O2,"{'O': 2, 'C': 7, 'H': 7}",123.04460446475,negative,-1,PEEK,Polyether Ether Ketone,adduct,break 2 bond(s) | H shift +2 | OH | ; | break 2 bond(s) | H shift +2 | OH,2,2,OH,,"[0, 1, 16, 17, 18, 19, 21, 22, 32, 33, 35, 36]",0.22999999999999998
CH2ClO,"{'O': 1, 'C': 1, 'H': 2, 'Cl': 1}",64.97941736602999,negative,-1,PEEK,Polyether Ether Ketone,adduct,break 2 bond(s) | H shift +2 | Cl,2,2,Cl,,"[0, 1]",0.22999999999999998
CH2KO,"{'O': 1, 'C': 1, 'H': 2, 'K': 1}",68.97427117043,positive,1,PEEK,Polyether Ether Ketone,adduct,break 2 bond(s) | H shift +2 | K,2,2,K,,"[0, 1]",0.22999999999999998
CH2NaO,"{'O': 1, 'C': 1, 'H': 2, 'Na': 1}",53.00033396603,positive,1,PEEK,Polyether Ether Ketone,adduct,break 2 bond(s) | H shift +2 | Na,2,2,Na,,"[0, 1]",0.22999999999999998
CH3O2,"{'O': 2, 'C': 1, 'H': 3}",47.01330433583,negative,-1,PEEK,Polyether Ether Ketone,adduct,break 2 bond(s) | H shift +2 | OH,2,2,OH,,"[0, 1]",0.22999999999999998
