formula,counts,exact_mass,ion_mode,charge,source_compound_id,source_name,generation_type,path,broken_bonds,h_shift,adduct,neutral_losses,fragment_atom_indices,score
C31H20O8,"{'C': 31, 'H': 20, 'O': 8}",520.11581760116,neutral,0,PEI,Polyetherimide (Ultem),parent,M,0,0,,,,1.0
C31H19O8,"{'C': 31, 'H': 19, 'O': 8}",519.1079925689301,negative,-1,PEI,Polyetherimide (Ultem),adduct,M | -H,0,0,-H,,,0.75
C31H21O8,"{'C': 31, 'H': 21, 'O': 8}",521.12364263339,positive,1,PEI,Polyetherimide (Ultem),adduct,M | H,0,0,H,,,0.75
C31H18O8,"{'C': 31, 'H': 18, 'O': 8}",518.1001675367,negative,-1,PEI,Polyetherimide (Ultem),adduct,M | H shift -1 | -H,0,-1,-H,,,0.7
C31H19O8,"{'C': 31, 'H': 19, 'O': 8}",519.1079925689301,neutral,0,PEI,Polyetherimide (Ultem),h_shift,M | H shift -1,0,-1,,,,0.7
C31H20O8,"{'C': 31, 'H': 20, 'O': 8}",520.11581760116,positive,1,PEI,Polyetherimide (Ultem),adduct,M | H shift -1 | H,0,-1,H,,,0.7
C31H20O8,"{'C': 31, 'H': 20, 'O': 8}",520.11581760116,negative,-1,PEI,Polyetherimide (Ultem),adduct,M | H shift +1 | -H,0,1,-H,,,0.7
C31H21O8,"{'C': 31, 'H': 21, 'O': 8}",521.12364263339,neutral,0,PEI,Polyetherimide (Ultem),h_shift,M | H shift +1,0,1,,,,0.7
C31H22O8,"{'C': 31, 'H': 22, 'O': 8}",522.13146766562,positive,1,PEI,Polyetherimide (Ultem),adduct,M | H shift +1 | H,0,1,H,,,0.7
C30H17O8,"{'C': 30, 'H': 17, 'O': 8}",505.09234250447,neutral,0,PEI,Polyetherimide (Ultem),neutral_loss,M | -CH3 | ; | break 1 bond(s) | H shift +2 | -H2 | ; | break 1 bond(s) | H shift +2 | -H2,0,0,,CH3,,0.65
C30H20O6,"{'C': 30, 'H': 20, 'O': 6}",476.12598836202,neutral,0,PEI,Polyetherimide (Ultem),neutral_loss,M | -CO2,0,0,,CO2,,0.65
C30H20O7,"{'C': 30, 'H': 20, 'O': 7}",492.12090298159,neutral,0,PEI,Polyetherimide (Ultem),neutral_loss,M | -CO,0,0,,CO,,0.65
C31H17O8,"{'C': 31, 'H': 17, 'O': 8}",517.09234250447,negative,-1,PEI,Polyetherimide (Ultem),adduct,M | H shift -2 | -H,0,-2,-H,,,0.65
C31H18O7,"{'C': 31, 'H': 18, 'O': 7}",502.10525291713003,neutral,0,PEI,Polyetherimide (Ultem),neutral_loss,M | -H2O,0,0,,H2O,,0.65
C31H18O8,"{'C': 31, 'H': 18, 'O': 8}",518.1001675367,neutral,0,PEI,Polyetherimide (Ultem),h_shift,M | H shift -2,0,-2,,,,0.65
C31H18O8,"{'C': 31, 'H': 18, 'O': 8}",518.1001675367,neutral,0,PEI,Polyetherimide (Ultem),neutral_loss,M | -H2,0,0,,H2,,0.65
C31H19O7,"{'C': 31, 'H': 19, 'O': 7}",503.11307794936,neutral,0,PEI,Polyetherimide (Ultem),neutral_loss,M | -OH | ; | M | H shift +1 | -H2O,0,0,,OH,,0.65
C31H19O8,"{'C': 31, 'H': 19, 'O': 8}",519.1079925689301,positive,1,PEI,Polyetherimide (Ultem),adduct,M | H shift -2 | H,0,-2,H,,,0.65
C31H21O8,"{'C': 31, 'H': 21, 'O': 8}",521.12364263339,negative,-1,PEI,Polyetherimide (Ultem),adduct,M | H shift +2 | -H,0,2,-H,,,0.65
C31H22O8,"{'C': 31, 'H': 22, 'O': 8}",522.13146766562,neutral,0,PEI,Polyetherimide (Ultem),h_shift,M | H shift +2,0,2,,,,0.65
C31H23O8,"{'C': 31, 'H': 23, 'O': 8}",523.13929269785,positive,1,PEI,Polyetherimide (Ultem),adduct,M | H shift +2 | H,0,2,H,,,0.65
C31H20ClO8,"{'C': 31, 'H': 20, 'O': 8, 'Cl': 1}",555.08467028316,negative,-1,PEI,Polyetherimide (Ultem),adduct,M | Cl,0,0,Cl,,,0.63
C31H20KO8,"{'C': 31, 'H': 20, 'O': 8, 'K': 1}",559.07952408756,positive,1,PEI,Polyetherimide (Ultem),adduct,M | K,0,0,K,,,0.63
C31H20NaO8,"{'C': 31, 'H': 20, 'O': 8, 'Na': 1}",543.10558688316,positive,1,PEI,Polyetherimide (Ultem),adduct,M | Na,0,0,Na,,,0.63
C31H20O9,"{'C': 31, 'H': 20, 'O': 9}",536.11073222073,negative,-1,PEI,Polyetherimide (Ultem),adduct,M | O,0,0,O,,,0.63
C31H21O9,"{'C': 31, 'H': 21, 'O': 9}",537.11855725296,negative,-1,PEI,Polyetherimide (Ultem),adduct,M | OH | ; | M | H shift +1 | O,0,0,OH,,,0.63
C14H6O4,"{'C': 14, 'O': 4, 'H': 6}",238.02660867166,negative,-1,PEI,Polyetherimide (Ultem),adduct,break 1 bond(s) | -H | ; | break 1 bond(s) | -H | ; | break 2 bond(s) | -H | ; | break 2 bond(s) | -H,1,0,-H,,"[3, 4, 5, 6, 7, 8, 9, 10, 11, 12, 13, 14, 15, 16, 17, 18, 19, 20, 45, 46, 47, 48, 49, 50, 51]",0.6
C14H7O4,"{'C': 14, 'O': 4, 'H': 7}",239.03443370389,neutral,0,PEI,Polyetherimide (Ultem),fragment,break 1 bond(s) | ; | break 1 bond(s) | ; | break 2 bond(s) | ; | break 2 bond(s) | ; | break 2 bond(s),1,0,,,"[3, 4, 5, 6, 7, 8, 9, 10, 11, 12, 13, 14, 15, 16, 17, 18, 19, 20, 45, 46, 47, 48, 49, 50, 51]",0.6
C14H8O4,"{'C': 14, 'O': 4, 'H': 8}",240.04225873612,positive,1,PEI,Polyetherimide (Ultem),adduct,break 1 bond(s) | H | ; | break 1 bond(s) | H | ; | break 2 bond(s) | H | ; | break 2 bond(s) | H,1,0,H,,"[3, 4, 5, 6, 7, 8, 9, 10, 11, 12, 13, 14, 15, 16, 17, 18, 19, 20, 45, 46, 47, 48, 49, 50, 51]",0.6
C17H12O4,"{'C': 17, 'O': 4, 'H': 12}",280.07355886504,negative,-1,PEI,Polyetherimide (Ultem),adduct,break 1 bond(s) | -H | ; | break 1 bond(s) | -H | ; | break 2 bond(s) | -H | ; | break 2 bond(s) | -H,1,0,-H,,"[0, 1, 2, 21, 22, 23, 24, 25, 26, 27, 28, 29, 30, 31, 32, 33, 34, 35, 36, 37, 38, 39, 40, 41, 42, 43, 44, 52, 53, 54, 55, 56, 57, 58]",0.6
C17H13O4,"{'C': 17, 'O': 4, 'H': 13}",281.08138389727003,neutral,0,PEI,Polyetherimide (Ultem),fragment,break 1 bond(s) | ; | break 1 bond(s) | ; | break 2 bond(s) | ; | break 2 bond(s) | ; | break 2 bond(s),1,0,,,"[0, 1, 2, 21, 22, 23, 24, 25, 26, 27, 28, 29, 30, 31, 32, 33, 34, 35, 36, 37, 38, 39, 40, 41, 42, 43, 44, 52, 53, 54, 55, 56, 57, 58]",0.6
C17H14O4,"{'C': 17, 'O': 4, 'H': 14}",282.0892089295,positive,1,PEI,Polyetherimide (Ultem),adduct,break 1 bond(s) | H | ; | break 1 bond(s) | H | ; | break 2 bond(s) | H | ; | break 2 bond(s) | H,1,0,H,,"[0, 1, 2, 21, 22, 23, 24, 25, 26, 27, 28, 29, 30, 31, 32, 33, 34, 35, 36, 37, 38, 39, 40, 41, 42, 43, 44, 52, 53, 54, 55, 56, 57, 58]",0.6
C23H16O4,"{'C': 23, 'O': 4, 'H': 16}",356.10485899396,negative,-1,PEI,Polyetherimide (Ultem),adduct,break 1 bond(s) | -H | ; | break 1 bond(s) | -H | ; | break 2 bond(s) | -H | ; | break 2 bond(s) | -H,1,0,-H,,"[0, 1, 2, 3, 4, 5, 6, 19, 20, 21, 22, 23, 24, 25, 26, 27, 28, 29, 30, 31, 32, 33, 34, 35, 36, 37, 38, 39, 40, 41, 42, 43, 44, 45, 46, 50, 51, 52, 53, 54, 55, 56, 57, 58]",0.6
C23H16O5,"{'C': 23, 'O': 5, 'H': 16}",372.09977361353,negative,-1,PEI,Polyetherimide (Ultem),adduct,break 1 bond(s) | -H | ; | break 1 bond(s) | H shift -2 | OH | ; | break 1 bond(s) | H shift -1 | O,1,0,-H,,"[0, 1, 2, 3, 4, 5, 6, 7, 19, 20, 21, 22, 23, 24, 25, 26, 27, 28, 29, 30, 31, 32, 33, 34, 35, 36, 37, 38, 39, 40, 41, 42, 43, 44, 45, 46, 50, 51, 52, 53, 54, 55, 56, 57, 58]",0.6
C23H17O4,"{'C': 23, 'O': 4, 'H': 17}",357.11268402619,neutral,0,PEI,Polyetherimide (Ultem),fragment,break 1 bond(s) | ; | break 1 bond(s) | ; | break 2 bond(s) | ; | break 2 bond(s),1,0,,,"[0, 1, 2, 3, 4, 5, 6, 19, 20, 21, 22, 23, 24, 25, 26, 27, 28, 29, 30, 31, 32, 33, 34, 35, 36, 37, 38, 39, 40, 41, 42, 43, 44, 45, 46, 50, 51, 52, 53, 54, 55, 56, 57, 58]",0.6
C23H17O5,"{'C': 23, 'O': 5, 'H': 17}",373.10759864576,neutral,0,PEI,Polyetherimide (Ultem),fragment,break 1 bond(s) | ; | break 1 bond(s),1,0,,,"[0, 1, 2, 3, 4, 5, 6, 7, 19, 20, 21, 22, 23, 24, 25, 26, 27, 28, 29, 30, 31, 32, 33, 34, 35, 36, 37, 38, 39, 40, 41, 42, 43, 44, 45, 46, 50, 51, 52, 53, 54, 55, 56, 57, 58]",0.6
C23H18O4,"{'C': 23, 'O': 4, 'H': 18}",358.12050905842,positive,1,PEI,Polyetherimide (Ultem),adduct,break 1 bond(s) | H | ; | break 1 bond(s) | H | ; | break 2 bond(s) | H | ; | break 2 bond(s) | H,1,0,H,,"[0, 1, 2, 3, 4, 5, 6, 19, 20, 21, 22, 23, 24, 25, 26, 27, 28, 29, 30, 31, 32, 33, 34, 35, 36, 37, 38, 39, 40, 41, 42, 43, 44, 45, 46, 50, 51, 52, 53, 54, 55, 56, 57, 58]",0.6
C23H18O5,"{'C': 23, 'O': 5, 'H': 18}",374.11542367799,positive,1,PEI,Polyetherimide (Ultem),adduct,break 1 bond(s) | H | ; | break 1 bond(s) | H,1,0,H,,"[0, 1, 2, 3, 4, 5, 6, 7, 19, 20, 21, 22, 23, 24, 25, 26, 27, 28, 29, 30, 31, 32, 33, 34, 35, 36, 37, 38, 39, 40, 41, 42, 43, 44, 45, 46, 50, 51, 52, 53, 54, 55, 56, 57, 58]",0.6
C30H16O8,"{'C': 30, 'H': 16, 'O': 8}",504.08451747224,neutral,0,PEI,Polyetherimide (Ultem),neutral_loss,M | H shift -1 | -CH3 | ; | break 1 bond(s) | H shift +1 | -H2 | ; | break 1 bond(s) | H shift +1 | -H2,0,-1,,CH3,,0.6
C30H16O8,"{'C': 30, 'O': 8, 'H': 16}",504.08451747224,negative,-1,PEI,Polyetherimide (Ultem),adduct,break 1 bond(s) | -H | ; | break 1 bond(s) | -H,1,0,-H,,"[1, 2, 3, 4, 5, 6, 7, 8, 9, 10, 11, 12, 13, 14, 15, 16, 17, 18, 19, 20, 21, 22, 23, 24, 25, 26, 27, 28, 29, 30, 31, 32, 33, 34, 35, 36, 37, 38, 42, 43, 44, 45, 46, 47, 48, 49, 50, 51, 52, 53, 54, 55, 56, 57, 58]",0.6
C30H17O8,"{'C': 30, 'O': 8, 'H': 17}",505.09234250447,neutral,0,PEI,Polyetherimide (Ultem),fragment,break 1 bond(s) | ; | break 1 bond(s),1,0,,,"[1, 2, 3, 4, 5, 6, 7, 8, 9, 10, 11, 12, 13, 14, 15, 16, 17, 18, 19, 20, 21, 22, 23, 24, 25, 26, 27, 28, 29, 30, 31, 32, 33, 34, 35, 36, 37, 38, 42, 43, 44, 45, 46, 47, 48, 49, 50, 51, 52, 53, 54, 55, 56, 57, 58]",0.6
C30H18O8,"{'C': 30, 'H': 18, 'O': 8}",506.1001675367,neutral,0,PEI,Polyetherimide (Ultem),neutral_loss,M | H shift +1 | -CH3,0,1,,CH3,,0.6
C30H18O8,"{'C': 30, 'O': 8, 'H': 18}",506.1001675367,positive,1,PEI,Polyetherimide (Ultem),adduct,break 1 bond(s) | H | ; | break 1 bond(s) | H,1,0,H,,"[1, 2, 3, 4, 5, 6, 7, 8, 9, 10, 11, 12, 13, 14, 15, 16, 17, 18, 19, 20, 21, 22, 23, 24, 25, 26, 27, 28, 29, 30, 31, 32, 33, 34, 35, 36, 37, 38, 42, 43, 44, 45, 46, 47, 48, 49, 50, 51, 52, 53, 54, 55, 56, 57, 58]",0.6
C30H19O6,"{'C': 30, 'H': 19, 'O': 6}",475.11816332979004,neutral,0,PEI,Polyetherimide (Ultem),neutral_loss,M | H shift -1 | -CO2,0,-1,,CO2,,0.6
C30H19O7,"{'C': 30, 'H': 19, 'O': 7}",491.11307794936,neutral,0,PEI,Polyetherimide (Ultem),neutral_loss,M | H shift -1 | -CO,0,-1,,CO,,0.6
C30H21O6,"{'C': 30, 'H': 21, 'O': 6}",477.13381339425,neutral,0,PEI,Polyetherimide (Ultem),neutral_loss,M | H shift +1 | -CO2,0,1,,CO2,,0.6
C30H21O7,"{'C': 30, 'H': 21, 'O': 7}",493.12872801382,neutral,0,PEI,Polyetherimide (Ultem),neutral_loss,M | H shift +1 | -CO,0,1,,CO,,0.6
C31H17O7,"{'C': 31, 'H': 17, 'O': 7}",501.0974278849,neutral,0,PEI,Polyetherimide (Ultem),neutral_loss,M | H shift -1 | -H2O,0,-1,,H2O,,0.6
C31H17O8,"{'C': 31, 'H': 17, 'O': 8}",517.09234250447,neutral,0,PEI,Polyetherimide (Ultem),neutral_loss,M | H shift -1 | -H2,0,-1,,H2,,0.6
C31H19O8,"{'C': 31, 'H': 19, 'O': 8}",519.1079925689301,neutral,0,PEI,Polyetherimide (Ultem),neutral_loss,M | H shift +1 | -H2,0,1,,H2,,0.6
C31H20O7,"{'C': 31, 'H': 20, 'O': 7}",504.12090298159,neutral,0,PEI,Polyetherimide (Ultem),neutral_loss,M | H shift +1 | -OH | ; | M | H shift +2 | -H2O,0,1,,OH,,0.6
C8H2O3,"{'C': 8, 'O': 3, 'H': 2}",146.00039392317,negative,-1,PEI,Polyetherimide (Ultem),adduct,break 1 bond(s) | -H | ; | break 1 bond(s) | -H | ; | break 2 bond(s) | -H | ; | break 2 bond(s) | -H,1,0,-H,,"[8, 9, 10, 11, 12, 13, 14, 15, 16, 17, 18, 47, 48, 49]",0.6
C8H2O4,"{'O': 4, 'C': 8, 'H': 2}",161.99530854274,negative,-1,PEI,Polyetherimide (Ultem),adduct,break 1 bond(s) | -H | ; | break 1 bond(s) | H shift -2 | OH | ; | break 1 bond(s) | H shift -1 | O,1,0,-H,,"[7, 8, 9, 10, 11, 12, 13, 14, 15, 16, 17, 18, 47, 48, 49]",0.6
C8H3O3,"{'C': 8, 'O': 3, 'H': 3}",147.0082189554,neutral,0,PEI,Polyetherimide (Ultem),fragment,break 1 bond(s) | ; | break 1 bond(s) | ; | break 2 bond(s) | ; | break 2 bond(s) | ; | break 2 bond(s),1,0,,,"[8, 9, 10, 11, 12, 13, 14, 15, 16, 17, 18, 47, 48, 49]",0.6
C8H3O4,"{'O': 4, 'C': 8, 'H': 3}",163.00313357497,neutral,0,PEI,Polyetherimide (Ultem),fragment,break 1 bond(s) | ; | break 1 bond(s) | ; | break 2 bond(s) | ; | break 2 bond(s) | ; | break 2 bond(s),1,0,,,"[7, 8, 9, 10, 11, 12, 13, 14, 15, 16, 17, 18, 47, 48, 49]",0.6
C8H4O3,"{'C': 8, 'O': 3, 'H': 4}",148.01604398763,positive,1,PEI,Polyetherimide (Ultem),adduct,break 1 bond(s) | H | ; | break 1 bond(s) | H | ; | break 2 bond(s) | H | ; | break 2 bond(s) | H,1,0,H,,"[8, 9, 10, 11, 12, 13, 14, 15, 16, 17, 18, 47, 48, 49]",0.6
C8H4O4,"{'O': 4, 'C': 8, 'H': 4}",164.0109586072,positive,1,PEI,Polyetherimide (Ultem),adduct,break 1 bond(s) | H | ; | break 1 bond(s) | H | ; | break 2 bond(s) | H | ; | break 2 bond(s) | H,1,0,H,,"[7, 8, 9, 10, 11, 12, 13, 14, 15, 16, 17, 18, 47, 48, 49]",0.6
C31H19ClO8,"{'C': 31, 'H': 19, 'O': 8, 'Cl': 1}",554.07684525093,negative,-1,PEI,Polyetherimide (Ultem),adduct,M | H shift -1 | Cl,0,-1,Cl,,,0.58
C31H19KO8,"{'C': 31, 'H': 19, 'O': 8, 'K': 1}",558.07169905533,positive,1,PEI,Polyetherimide (Ultem),adduct,M | H shift -1 | K,0,-1,K,,,0.58
C31H19NaO8,"{'C': 31, 'H': 19, 'O': 8, 'Na': 1}",542.09776185093,positive,1,PEI,Polyetherimide (Ultem),adduct,M | H shift -1 | Na,0,-1,Na,,,0.58
C31H19O9,"{'C': 31, 'H': 19, 'O': 9}",535.1029071885,negative,-1,PEI,Polyetherimide (Ultem),adduct,M | H shift -1 | O,0,-1,O,,,0.58
C31H21ClO8,"{'C': 31, 'H': 21, 'O': 8, 'Cl': 1}",556.09249531539,negative,-1,PEI,Polyetherimide (Ultem),adduct,M | H shift +1 | Cl,0,1,Cl,,,0.58
C31H21KO8,"{'C': 31, 'H': 21, 'O': 8, 'K': 1}",560.08734911979,positive,1,PEI,Polyetherimide (Ultem),adduct,M | H shift +1 | K,0,1,K,,,0.58
C31H21NaO8,"{'C': 31, 'H': 21, 'O': 8, 'Na': 1}",544.11341191539,positive,1,PEI,Polyetherimide (Ultem),adduct,M | H shift +1 | Na,0,1,Na,,,0.58
C31H22O9,"{'C': 31, 'H': 22, 'O': 9}",538.1263822851901,negative,-1,PEI,Polyetherimide (Ultem),adduct,M | H shift +1 | OH | ; | M | H shift +2 | O,0,1,OH,,,0.58
C30H15O8,"{'C': 30, 'H': 15, 'O': 8}",503.07669244001,neutral,0,PEI,Polyetherimide (Ultem),neutral_loss,M | H shift -2 | -CH3 | ; | break 1 bond(s) | -H2 | ; | break 1 bond(s) | -H2,0,-2,,CH3,,0.55
C30H18O6,"{'C': 30, 'H': 18, 'O': 6}",474.11033829756,neutral,0,PEI,Polyetherimide (Ultem),neutral_loss,M | H shift -2 | -CO2,0,-2,,CO2,,0.55
C30H18O7,"{'C': 30, 'H': 18, 'O': 7}",490.10525291713003,neutral,0,PEI,Polyetherimide (Ultem),neutral_loss,M | H shift -2 | -CO | ; | break 1 bond(s) | H shift +2 | -OH | ; | break 1 bond(s) | H shift +2 | -OH,0,-2,,CO,,0.55
C30H19O8,"{'C': 30, 'H': 19, 'O': 8}",507.10799256893,neutral,0,PEI,Polyetherimide (Ultem),neutral_loss,M | H shift +2 | -CH3,0,2,,CH3,,0.55
C30H22O6,"{'C': 30, 'H': 22, 'O': 6}",478.14163842648003,neutral,0,PEI,Polyetherimide (Ultem),neutral_loss,M | H shift +2 | -CO2,0,2,,CO2,,0.55
C30H22O7,"{'C': 30, 'H': 22, 'O': 7}",494.13655304605,neutral,0,PEI,Polyetherimide (Ultem),neutral_loss,M | H shift +2 | -CO,0,2,,CO,,0.55
C31H16O7,"{'C': 31, 'H': 16, 'O': 7}",500.08960285267,neutral,0,PEI,Polyetherimide (Ultem),neutral_loss,M | H shift -2 | -H2O,0,-2,,H2O,,0.55
C31H16O8,"{'C': 31, 'H': 16, 'O': 8}",516.08451747224,neutral,0,PEI,Polyetherimide (Ultem),neutral_loss,M | H shift -2 | -H2,0,-2,,H2,,0.55
C31H20O8,"{'C': 31, 'H': 20, 'O': 8}",520.11581760116,neutral,0,PEI,Polyetherimide (Ultem),neutral_loss,M | H shift +2 | -H2,0,2,,H2,,0.55
C31H21O7,"{'C': 31, 'H': 21, 'O': 7}",505.12872801382,neutral,0,PEI,Polyetherimide (Ultem),neutral_loss,M | H shift +2 | -OH,0,2,,OH,,0.55
C62H39O16,"{'C': 62, 'H': 39, 'O': 16}",1039.22381017009,negative,-1,PEI,Polyetherimide (Ultem),dimer,2M | -H,0,0,-H,,,0.55
C62H41O16,"{'C': 62, 'H': 41, 'O': 16}",1041.23946023455,positive,1,PEI,Polyetherimide (Ultem),dimer,2M | H,0,0,H,,,0.55
C14H5O4,"{'C': 14, 'O': 4, 'H': 5}",237.01878363943,negative,-1,PEI,Polyetherimide (Ultem),adduct,break 1 bond(s) | H shift -1 | -H | ; | break 1 bond(s) | H shift -1 | -H | ; | break 2 bond(s) | H shift -1 | -H,1,-1,-H,,"[3, 4, 5, 6, 7, 8, 9, 10, 11, 12, 13, 14, 15, 16, 17, 18, 19, 20, 45, 46, 47, 48, 49, 50, 51]",0.5499999999999999
C14H6O4,"{'C': 14, 'O': 4, 'H': 6}",238.02660867166,neutral,0,PEI,Polyetherimide (Ultem),h_shift,break 1 bond(s) | H shift -1 | ; | break 1 bond(s) | H shift -1 | ; | break 2 bond(s) | H shift -1 | ; | break 2 bond(s) | H shift -1,1,-1,,,"[3, 4, 5, 6, 7, 8, 9, 10, 11, 12, 13, 14, 15, 16, 17, 18, 19, 20, 45, 46, 47, 48, 49, 50, 51]",0.5499999999999999
C14H7O4,"{'C': 14, 'O': 4, 'H': 7}",239.03443370389,positive,1,PEI,Polyetherimide (Ultem),adduct,break 1 bond(s) | H shift -1 | H | ; | break 1 bond(s) | H shift -1 | H | ; | break 2 bond(s) | H shift -1 | H,1,-1,H,,"[3, 4, 5, 6, 7, 8, 9, 10, 11, 12, 13, 14, 15, 16, 17, 18, 19, 20, 45, 46, 47, 48, 49, 50, 51]",0.5499999999999999
C14H7O4,"{'C': 14, 'O': 4, 'H': 7}",239.03443370389,negative,-1,PEI,Polyetherimide (Ultem),adduct,break 1 bond(s) | H shift +1 | -H | ; | break 1 bond(s) | H shift +1 | -H | ; | break 2 bond(s) | H shift +1 | -H,1,1,-H,,"[3, 4, 5, 6, 7, 8, 9, 10, 11, 12, 13, 14, 15, 16, 17, 18, 19, 20, 45, 46, 47, 48, 49, 50, 51]",0.5499999999999999
C14H8O4,"{'C': 14, 'O': 4, 'H': 8}",240.04225873612,neutral,0,PEI,Polyetherimide (Ultem),h_shift,break 1 bond(s) | H shift +1 | ; | break 1 bond(s) | H shift +1 | ; | break 2 bond(s) | H shift +1 | ; | break 2 bond(s) | H shift +1,1,1,,,"[3, 4, 5, 6, 7, 8, 9, 10, 11, 12, 13, 14, 15, 16, 17, 18, 19, 20, 45, 46, 47, 48, 49, 50, 51]",0.5499999999999999
C14H9O4,"{'C': 14, 'O': 4, 'H': 9}",241.05008376835,positive,1,PEI,Polyetherimide (Ultem),adduct,break 1 bond(s) | H shift +1 | H | ; | break 1 bond(s) | H shift +1 | H | ; | break 2 bond(s) | H shift +1 | H,1,1,H,,"[3, 4, 5, 6, 7, 8, 9, 10, 11, 12, 13, 14, 15, 16, 17, 18, 19, 20, 45, 46, 47, 48, 49, 50, 51]",0.5499999999999999
C17H11O4,"{'C': 17, 'O': 4, 'H': 11}",279.06573383281,negative,-1,PEI,Polyetherimide (Ultem),adduct,break 1 bond(s) | H shift -1 | -H | ; | break 1 bond(s) | H shift -1 | -H | ; | break 2 bond(s) | H shift -1 | -H,1,-1,-H,,"[0, 1, 2, 21, 22, 23, 24, 25, 26, 27, 28, 29, 30, 31, 32, 33, 34, 35, 36, 37, 38, 39, 40, 41, 42, 43, 44, 52, 53, 54, 55, 56, 57, 58]",0.5499999999999999
C17H12O4,"{'C': 17, 'O': 4, 'H': 12}",280.07355886504,neutral,0,PEI,Polyetherimide (Ultem),h_shift,break 1 bond(s) | H shift -1 | ; | break 1 bond(s) | H shift -1 | ; | break 2 bond(s) | H shift -1 | ; | break 2 bond(s) | H shift -1,1,-1,,,"[0, 1, 2, 21, 22, 23, 24, 25, 26, 27, 28, 29, 30, 31, 32, 33, 34, 35, 36, 37, 38, 39, 40, 41, 42, 43, 44, 52, 53, 54, 55, 56, 57, 58]",0.5499999999999999
C17H13O4,"{'C': 17, 'O': 4, 'H': 13}",281.08138389727003,positive,1,PEI,Polyetherimide (Ultem),adduct,break 1 bond(s) | H shift -1 | H | ; | break 1 bond(s) | H shift -1 | H | ; | break 2 bond(s) | H shift -1 | H,1,-1,H,,"[0, 1, 2, 21, 22, 23, 24, 25, 26, 27, 28, 29, 30, 31, 32, 33, 34, 35, 36, 37, 38, 39, 40, 41, 42, 43, 44, 52, 53, 54, 55, 56, 57, 58]",0.5499999999999999
C17H13O4,"{'C': 17, 'O': 4, 'H': 13}",281.08138389727003,negative,-1,PEI,Polyetherimide (Ultem),adduct,break 1 bond(s) | H shift +1 | -H | ; | break 1 bond(s) | H shift +1 | -H | ; | break 2 bond(s) | H shift +1 | -H,1,1,-H,,"[0, 1, 2, 21, 22, 23, 24, 25, 26, 27, 28, 29, 30, 31, 32, 33, 34, 35, 36, 37, 38, 39, 40, 41, 42, 43, 44, 52, 53, 54, 55, 56, 57, 58]",0.5499999999999999
C17H14O4,"{'C': 17, 'O': 4, 'H': 14}",282.0892089295,neutral,0,PEI,Polyetherimide (Ultem),h_shift,break 1 bond(s) | H shift +1 | ; | break 1 bond(s) | H shift +1 | ; | break 2 bond(s) | H shift +1 | ; | break 2 bond(s) | H shift +1,1,1,,,"[0, 1, 2, 21, 22, 23, 24, 25, 26, 27, 28, 29, 30, 31, 32, 33, 34, 35, 36, 37, 38, 39, 40, 41, 42, 43, 44, 52, 53, 54, 55, 56, 57, 58]",0.5499999999999999
C17H15O4,"{'C': 17, 'O': 4, 'H': 15}",283.09703396173,positive,1,PEI,Polyetherimide (Ultem),adduct,break 1 bond(s) | H shift +1 | H | ; | break 1 bond(s) | H shift +1 | H | ; | break 2 bond(s) | H shift +1 | H,1,1,H,,"[0, 1, 2, 21, 22, 23, 24, 25, 26, 27, 28, 29, 30, 31, 32, 33, 34, 35, 36, 37, 38, 39, 40, 41, 42, 43, 44, 52, 53, 54, 55, 56, 57, 58]",0.5499999999999999
C23H15O4,"{'C': 23, 'O': 4, 'H': 15}",355.09703396173,negative,-1,PEI,Polyetherimide (Ultem),adduct,break 1 bond(s) | H shift -1 | -H | ; | break 1 bond(s) | H shift -1 | -H | ; | break 2 bond(s) | H shift -1 | -H,1,-1,-H,,"[0, 1, 2, 3, 4, 5, 6, 19, 20, 21, 22, 23, 24, 25, 26, 27, 28, 29, 30, 31, 32, 33, 34, 35, 36, 37, 38, 39, 40, 41, 42, 43, 44, 45, 46, 50, 51, 52, 53, 54, 55, 56, 57, 58]",0.5499999999999999
C23H15O5,"{'C': 23, 'O': 5, 'H': 15}",371.0919485813,negative,-1,PEI,Polyetherimide (Ultem),adduct,break 1 bond(s) | H shift -1 | -H | ; | break 1 bond(s) | H shift -2 | O | ; | break 1 bond(s) | H shift -1 | -H,1,-1,-H,,"[0, 1, 2, 3, 4, 5, 6, 7, 19, 20, 21, 22, 23, 24, 25, 26, 27, 28, 29, 30, 31, 32, 33, 34, 35, 36, 37, 38, 39, 40, 41, 42, 43, 44, 45, 46, 50, 51, 52, 53, 54, 55, 56, 57, 58]",0.5499999999999999
C23H16O4,"{'C': 23, 'O': 4, 'H': 16}",356.10485899396,neutral,0,PEI,Polyetherimide (Ultem),h_shift,break 1 bond(s) | H shift -1 | ; | break 1 bond(s) | H shift -1 | ; | break 2 bond(s) | H shift -1 | ; | break 2 bond(s) | H shift -1,1,-1,,,"[0, 1, 2, 3, 4, 5, 6, 19, 20, 21, 22, 23, 24, 25, 26, 27, 28, 29, 30, 31, 32, 33, 34, 35, 36, 37, 38, 39, 40, 41, 42, 43, 44, 45, 46, 50, 51, 52, 53, 54, 55, 56, 57, 58]",0.5499999999999999
C23H16O5,"{'C': 23, 'O': 5, 'H': 16}",372.09977361353,neutral,0,PEI,Polyetherimide (Ultem),h_shift,break 1 bond(s) | H shift -1 | ; | break 1 bond(s) | H shift -1,1,-1,,,"[0, 1, 2, 3, 4, 5, 6, 7, 19, 20, 21, 22, 23, 24, 25, 26, 27, 28, 29, 30, 31, 32, 33, 34, 35, 36, 37, 38, 39, 40, 41, 42, 43, 44, 45, 46, 50, 51, 52, 53, 54, 55, 56, 57, 58]",0.5499999999999999
C23H17O4,"{'C': 23, 'O': 4, 'H': 17}",357.11268402619,positive,1,PEI,Polyetherimide (Ultem),adduct,break 1 bond(s) | H shift -1 | H | ; | break 1 bond(s) | H shift -1 | H | ; | break 2 bond(s) | H shift -1 | H,1,-1,H,,"[0, 1, 2, 3, 4, 5, 6, 19, 20, 21, 22, 23, 24, 25, 26, 27, 28, 29, 30, 31, 32, 33, 34, 35, 36, 37, 38, 39, 40, 41, 42, 43, 44, 45, 46, 50, 51, 52, 53, 54, 55, 56, 57, 58]",0.5499999999999999
C23H17O4,"{'C': 23, 'O': 4, 'H': 17}",357.11268402619,negative,-1,PEI,Polyetherimide (Ultem),adduct,break 1 bond(s) | H shift +1 | -H | ; | break 1 bond(s) | H shift +1 | -H | ; | break 2 bond(s) | H shift +1 | -H,1,1,-H,,"[0, 1, 2, 3, 4, 5, 6, 19, 20, 21, 22, 23, 24, 25, 26, 27, 28, 29, 30, 31, 32, 33, 34, 35, 36, 37, 38, 39, 40, 41, 42, 43, 44, 45, 46, 50, 51, 52, 53, 54, 55, 56, 57, 58]",0.5499999999999999
C23H17O5,"{'C': 23, 'O': 5, 'H': 17}",373.10759864576,negative,-1,PEI,Polyetherimide (Ultem),adduct,break 1 bond(s) | H shift +1 | -H | ; | break 1 bond(s) | H shift -1 | OH | ; | break 1 bond(s) | O,1,1,-H,,"[0, 1, 2, 3, 4, 5, 6, 7, 19, 20, 21, 22, 23, 24, 25, 26, 27, 28, 29, 30, 31, 32, 33, 34, 35, 36, 37, 38, 39, 40, 41, 42, 43, 44, 45, 46, 50, 51, 52, 53, 54, 55, 56, 57, 58]",0.5499999999999999
C23H17O5,"{'C': 23, 'O': 5, 'H': 17}",373.10759864576,positive,1,PEI,Polyetherimide (Ultem),adduct,break 1 bond(s) | H shift -1 | H | ; | break 1 bond(s) | H shift -1 | H,1,-1,H,,"[0, 1, 2, 3, 4, 5, 6, 7, 19, 20, 21, 22, 23, 24, 25, 26, 27, 28, 29, 30, 31, 32, 33, 34, 35, 36, 37, 38, 39, 40, 41, 42, 43, 44, 45, 46, 50, 51, 52, 53, 54, 55, 56, 57, 58]",0.5499999999999999
C23H18O4,"{'C': 23, 'O': 4, 'H': 18}",358.12050905842,neutral,0,PEI,Polyetherimide (Ultem),h_shift,break 1 bond(s) | H shift +1 | ; | break 1 bond(s) | H shift +1 | ; | break 2 bond(s) | H shift +1 | ; | break 2 bond(s) | H shift +1,1,1,,,"[0, 1, 2, 3, 4, 5, 6, 19, 20, 21, 22, 23, 24, 25, 26, 27, 28, 29, 30, 31, 32, 33, 34, 35, 36, 37, 38, 39, 40, 41, 42, 43, 44, 45, 46, 50, 51, 52, 53, 54, 55, 56, 57, 58]",0.5499999999999999
C23H18O5,"{'C': 23, 'O': 5, 'H': 18}",374.11542367799,neutral,0,PEI,Polyetherimide (Ultem),h_shift,break 1 bond(s) | H shift +1 | ; | break 1 bond(s) | H shift +1,1,1,,,"[0, 1, 2, 3, 4, 5, 6, 7, 19, 20, 21, 22, 23, 24, 25, 26, 27, 28, 29, 30, 31, 32, 33, 34, 35, 36, 37, 38, 39, 40, 41, 42, 43, 44, 45, 46, 50, 51, 52, 53, 54, 55, 56, 57, 58]",0.5499999999999999
C23H19O4,"{'C': 23, 'O': 4, 'H': 19}",359.12833409065,positive,1,PEI,Polyetherimide (Ultem),adduct,break 1 bond(s) | H shift +1 | H | ; | break 1 bond(s) | H shift +1 | H | ; | break 2 bond(s) | H shift +1 | H,1,1,H,,"[0, 1, 2, 3, 4, 5, 6, 19, 20, 21, 22, 23, 24, 25, 26, 27, 28, 29, 30, 31, 32, 33, 34, 35, 36, 37, 38, 39, 40, 41, 42, 43, 44, 45, 46, 50, 51, 52, 53, 54, 55, 56, 57, 58]",0.5499999999999999
C23H19O5,"{'C': 23, 'O': 5, 'H': 19}",375.12324871021997,positive,1,PEI,Polyetherimide (Ultem),adduct,break 1 bond(s) | H shift +1 | H | ; | break 1 bond(s) | H shift +1 | H,1,1,H,,"[0, 1, 2, 3, 4, 5, 6, 7, 19, 20, 21, 22, 23, 24, 25, 26, 27, 28, 29, 30, 31, 32, 33, 34, 35, 36, 37, 38, 39, 40, 41, 42, 43, 44, 45, 46, 50, 51, 52, 53, 54, 55, 56, 57, 58]",0.5499999999999999
C30H15O8,"{'C': 30, 'O': 8, 'H': 15}",503.07669244001,negative,-1,PEI,Polyetherimide (Ultem),adduct,break 1 bond(s) | H shift -1 | -H | ; | break 1 bond(s) | H shift -1 | -H,1,-1,-H,,"[1, 2, 3, 4, 5, 6, 7, 8, 9, 10, 11, 12, 13, 14, 15, 16, 17, 18, 19, 20, 21, 22, 23, 24, 25, 26, 27, 28, 29, 30, 31, 32, 33, 34, 35, 36, 37, 38, 42, 43, 44, 45, 46, 47, 48, 49, 50, 51, 52, 53, 54, 55, 56, 57, 58]",0.5499999999999999
C30H16O8,"{'C': 30, 'O': 8, 'H': 16}",504.08451747224,neutral,0,PEI,Polyetherimide (Ultem),h_shift,break 1 bond(s) | H shift -1 | ; | break 1 bond(s) | H shift -1,1,-1,,,"[1, 2, 3, 4, 5, 6, 7, 8, 9, 10, 11, 12, 13, 14, 15, 16, 17, 18, 19, 20, 21, 22, 23, 24, 25, 26, 27, 28, 29, 30, 31, 32, 33, 34, 35, 36, 37, 38, 42, 43, 44, 45, 46, 47, 48, 49, 50, 51, 52, 53, 54, 55, 56, 57, 58]",0.5499999999999999
C30H17O8,"{'C': 30, 'O': 8, 'H': 17}",505.09234250447,positive,1,PEI,Polyetherimide (Ultem),adduct,break 1 bond(s) | H shift -1 | H | ; | break 1 bond(s) | H shift -1 | H,1,-1,H,,"[1, 2, 3, 4, 5, 6, 7, 8, 9, 10, 11, 12, 13, 14, 15, 16, 17, 18, 19, 20, 21, 22, 23, 24, 25, 26, 27, 28, 29, 30, 31, 32, 33, 34, 35, 36, 37, 38, 42, 43, 44, 45, 46, 47, 48, 49, 50, 51, 52, 53, 54, 55, 56, 57, 58]",0.5499999999999999
C30H17O8,"{'C': 30, 'O': 8, 'H': 17}",505.09234250447,negative,-1,PEI,Polyetherimide (Ultem),adduct,break 1 bond(s) | H shift +1 | -H | ; | break 1 bond(s) | H shift +1 | -H,1,1,-H,,"[1, 2, 3, 4, 5, 6, 7, 8, 9, 10, 11, 12, 13, 14, 15, 16, 17, 18, 19, 20, 21, 22, 23, 24, 25, 26, 27, 28, 29, 30, 31, 32, 33, 34, 35, 36, 37, 38, 42, 43, 44, 45, 46, 47, 48, 49, 50, 51, 52, 53, 54, 55, 56, 57, 58]",0.5499999999999999
C30H18O8,"{'C': 30, 'O': 8, 'H': 18}",506.1001675367,neutral,0,PEI,Polyetherimide (Ultem),h_shift,break 1 bond(s) | H shift +1 | ; | break 1 bond(s) | H shift +1,1,1,,,"[1, 2, 3, 4, 5, 6, 7, 8, 9, 10, 11, 12, 13, 14, 15, 16, 17, 18, 19, 20, 21, 22, 23, 24, 25, 26, 27, 28, 29, 30, 31, 32, 33, 34, 35, 36, 37, 38, 42, 43, 44, 45, 46, 47, 48, 49, 50, 51, 52, 53, 54, 55, 56, 57, 58]",0.5499999999999999
C30H19O8,"{'C': 30, 'O': 8, 'H': 19}",507.10799256893,positive,1,PEI,Polyetherimide (Ultem),adduct,break 1 bond(s) | H shift +1 | H | ; | break 1 bond(s) | H shift +1 | H,1,1,H,,"[1, 2, 3, 4, 5, 6, 7, 8, 9, 10, 11, 12, 13, 14, 15, 16, 17, 18, 19, 20, 21, 22, 23, 24, 25, 26, 27, 28, 29, 30, 31, 32, 33, 34, 35, 36, 37, 38, 42, 43, 44, 45, 46, 47, 48, 49, 50, 51, 52, 53, 54, 55, 56, 57, 58]",0.5499999999999999
C8H2O3,"{'C': 8, 'O': 3, 'H': 2}",146.00039392317,neutral,0,PEI,Polyetherimide (Ultem),h_shift,break 1 bond(s) | H shift -1 | ; | break 1 bond(s) | H shift -1 | ; | break 2 bond(s) | H shift -1 | ; | break 2 bond(s) | H shift -1,1,-1,,,"[8, 9, 10, 11, 12, 13, 14, 15, 16, 17, 18, 47, 48, 49]",0.5499999999999999
C8H2O4,"{'O': 4, 'C': 8, 'H': 2}",161.99530854274,neutral,0,PEI,Polyetherimide (Ultem),h_shift,break 1 bond(s) | H shift -1 | ; | break 1 bond(s) | H shift -1 | ; | break 2 bond(s) | H shift -1 | ; | break 2 bond(s) | H shift -1,1,-1,,,"[7, 8, 9, 10, 11, 12, 13, 14, 15, 16, 17, 18, 47, 48, 49]",0.5499999999999999
C8H3O3,"{'C': 8, 'O': 3, 'H': 3}",147.0082189554,positive,1,PEI,Polyetherimide (Ultem),adduct,break 1 bond(s) | H shift -1 | H | ; | break 1 bond(s) | H shift -1 | H | ; | break 2 bond(s) | H shift -1 | H,1,-1,H,,"[8, 9, 10, 11, 12, 13, 14, 15, 16, 17, 18, 47, 48, 49]",0.5499999999999999
C8H3O3,"{'C': 8, 'O': 3, 'H': 3}",147.0082189554,negative,-1,PEI,Polyetherimide (Ultem),adduct,break 1 bond(s) | H shift +1 | -H | ; | break 1 bond(s) | H shift +1 | -H | ; | break 2 bond(s) | H shift +1 | -H,1,1,-H,,"[8, 9, 10, 11, 12, 13, 14, 15, 16, 17, 18, 47, 48, 49]",0.5499999999999999
C8H3O4,"{'O': 4, 'C': 8, 'H': 3}",163.00313357497,positive,1,PEI,Polyetherimide (Ultem),adduct,break 1 bond(s) | H shift -1 | H | ; | break 1 bond(s) | H shift -1 | H | ; | break 2 bond(s) | H shift -1 | H,1,-1,H,,"[7, 8, 9, 10, 11, 12, 13, 14, 15, 16, 17, 18, 47, 48, 49]",0.5499999999999999
C8H3O4,"{'O': 4, 'C': 8, 'H': 3}",163.00313357497,negative,-1,PEI,Polyetherimide (Ultem),adduct,break 1 bond(s) | H shift +1 | -H | ; | break 1 bond(s) | H shift -1 | OH | ; | break 1 bond(s) | O,1,1,-H,,"[7, 8, 9, 10, 11, 12, 13, 14, 15, 16, 17, 18, 47, 48, 49]",0.5499999999999999
C8H4O3,"{'C': 8, 'O': 3, 'H': 4}",148.01604398763,neutral,0,PEI,Polyetherimide (Ultem),h_shift,break 1 bond(s) | H shift +1 | ; | break 1 bond(s) | H shift +1 | ; | break 2 bond(s) | H shift +1 | ; | break 2 bond(s) | H shift +1,1,1,,,"[8, 9, 10, 11, 12, 13, 14, 15, 16, 17, 18, 47, 48, 49]",0.5499999999999999
C8H4O4,"{'O': 4, 'C': 8, 'H': 4}",164.0109586072,neutral,0,PEI,Polyetherimide (Ultem),h_shift,break 1 bond(s) | H shift +1 | ; | break 1 bond(s) | H shift +1 | ; | break 2 bond(s) | H shift +1 | ; | break 2 bond(s) | H shift +1,1,1,,,"[7, 8, 9, 10, 11, 12, 13, 14, 15, 16, 17, 18, 47, 48, 49]",0.5499999999999999
C8H5O3,"{'C': 8, 'O': 3, 'H': 5}",149.02386901986,positive,1,PEI,Polyetherimide (Ultem),adduct,break 1 bond(s) | H shift +1 | H | ; | break 1 bond(s) | H shift +1 | H | ; | break 2 bond(s) | H shift +1 | H,1,1,H,,"[8, 9, 10, 11, 12, 13, 14, 15, 16, 17, 18, 47, 48, 49]",0.5499999999999999
C8H5O4,"{'O': 4, 'C': 8, 'H': 5}",165.01878363943,positive,1,PEI,Polyetherimide (Ultem),adduct,break 1 bond(s) | H shift +1 | H | ; | break 1 bond(s) | H shift +1 | H | ; | break 2 bond(s) | H shift +1 | H,1,1,H,,"[7, 8, 9, 10, 11, 12, 13, 14, 15, 16, 17, 18, 47, 48, 49]",0.5499999999999999
C8HO3,"{'C': 8, 'O': 3, 'H': 1}",144.99256889094,negative,-1,PEI,Polyetherimide (Ultem),adduct,break 1 bond(s) | H shift -1 | -H | ; | break 1 bond(s) | H shift -1 | -H | ; | break 2 bond(s) | H shift -1 | -H,1,-1,-H,,"[8, 9, 10, 11, 12, 13, 14, 15, 16, 17, 18, 47, 48, 49]",0.5499999999999999
C8HO4,"{'O': 4, 'C': 8, 'H': 1}",160.98748351051,negative,-1,PEI,Polyetherimide (Ultem),adduct,break 1 bond(s) | H shift -1 | -H | ; | break 1 bond(s) | H shift -2 | O | ; | break 1 bond(s) | H shift -1 | -H,1,-1,-H,,"[7, 8, 9, 10, 11, 12, 13, 14, 15, 16, 17, 18, 47, 48, 49]",0.5499999999999999
C31H18ClO8,"{'C': 31, 'H': 18, 'O': 8, 'Cl': 1}",553.0690202187,negative,-1,PEI,Polyetherimide (Ultem),adduct,M | H shift -2 | Cl,0,-2,Cl,,,0.53
C31H18KO8,"{'C': 31, 'H': 18, 'O': 8, 'K': 1}",557.0638740231,positive,1,PEI,Polyetherimide (Ultem),adduct,M | H shift -2 | K,0,-2,K,,,0.53
C31H18NaO8,"{'C': 31, 'H': 18, 'O': 8, 'Na': 1}",541.0899368187,positive,1,PEI,Polyetherimide (Ultem),adduct,M | H shift -2 | Na,0,-2,Na,,,0.53
C31H18O9,"{'C': 31, 'H': 18, 'O': 9}",534.09508215627,negative,-1,PEI,Polyetherimide (Ultem),adduct,M | H shift -2 | O,0,-2,O,,,0.53
C31H22ClO8,"{'C': 31, 'H': 22, 'O': 8, 'Cl': 1}",557.10032034762,negative,-1,PEI,Polyetherimide (Ultem),adduct,M | H shift +2 | Cl,0,2,Cl,,,0.53
C31H22KO8,"{'C': 31, 'H': 22, 'O': 8, 'K': 1}",561.09517415202,positive,1,PEI,Polyetherimide (Ultem),adduct,M | H shift +2 | K,0,2,K,,,0.53
C31H22NaO8,"{'C': 31, 'H': 22, 'O': 8, 'Na': 1}",545.12123694762,positive,1,PEI,Polyetherimide (Ultem),adduct,M | H shift +2 | Na,0,2,Na,,,0.53
C31H23O9,"{'C': 31, 'H': 23, 'O': 9}",539.13420731742,negative,-1,PEI,Polyetherimide (Ultem),adduct,M | H shift +2 | OH,0,2,OH,,,0.53
C13H4O4,"{'C': 13, 'O': 4, 'H': 4}",224.0109586072,neutral,0,PEI,Polyetherimide (Ultem),neutral_loss,break 1 bond(s) | -CH3 | ; | break 1 bond(s) | -CH3 | ; | break 2 bond(s) | -CH3 | ; | break 2 bond(s) | -CH3,1,0,,CH3,"[3, 4, 5, 6, 7, 8, 9, 10, 11, 12, 13, 14, 15, 16, 17, 18, 19, 20, 45, 46, 47, 48, 49, 50, 51]",0.5
C13H7O2,"{'C': 13, 'O': 2, 'H': 7}",195.04460446475,neutral,0,PEI,Polyetherimide (Ultem),neutral_loss,break 1 bond(s) | -CO2 | ; | break 1 bond(s) | -CO2 | ; | break 2 bond(s) | -CO2 | ; | break 2 bond(s) | -CO2,1,0,,CO2,"[3, 4, 5, 6, 7, 8, 9, 10, 11, 12, 13, 14, 15, 16, 17, 18, 19, 20, 45, 46, 47, 48, 49, 50, 51]",0.5
C13H7O3,"{'C': 13, 'O': 3, 'H': 7}",211.03951908432,neutral,0,PEI,Polyetherimide (Ultem),neutral_loss,break 1 bond(s) | -CO | ; | break 1 bond(s) | -CO | ; | break 2 bond(s) | -CO | ; | break 2 bond(s) | -CO,1,0,,CO,"[3, 4, 5, 6, 7, 8, 9, 10, 11, 12, 13, 14, 15, 16, 17, 18, 19, 20, 45, 46, 47, 48, 49, 50, 51]",0.5
C14H10O4,"{'C': 14, 'O': 4, 'H': 10}",242.05790880058,positive,1,PEI,Polyetherimide (Ultem),adduct,break 1 bond(s) | H shift +2 | H | ; | break 1 bond(s) | H shift +2 | H | ; | break 2 bond(s) | H shift +2 | H,1,2,H,,"[3, 4, 5, 6, 7, 8, 9, 10, 11, 12, 13, 14, 15, 16, 17, 18, 19, 20, 45, 46, 47, 48, 49, 50, 51]",0.5
C14H4O4,"{'C': 14, 'O': 4, 'H': 4}",236.0109586072,negative,-1,PEI,Polyetherimide (Ultem),adduct,break 1 bond(s) | H shift -2 | -H | ; | break 1 bond(s) | H shift -2 | -H | ; | break 2 bond(s) | H shift -2 | -H,1,-2,-H,,"[3, 4, 5, 6, 7, 8, 9, 10, 11, 12, 13, 14, 15, 16, 17, 18, 19, 20, 45, 46, 47, 48, 49, 50, 51]",0.5
C14H5O3,"{'C': 14, 'O': 3, 'H': 5}",221.02386901986,neutral,0,PEI,Polyetherimide (Ultem),neutral_loss,break 1 bond(s) | -H2O | ; | break 1 bond(s) | H shift -1 | -OH | ; | break 1 bond(s) | -H2O,1,0,,H2O,"[3, 4, 5, 6, 7, 8, 9, 10, 11, 12, 13, 14, 15, 16, 17, 18, 19, 20, 45, 46, 47, 48, 49, 50, 51]",0.5
C14H5O4,"{'C': 14, 'O': 4, 'H': 5}",237.01878363943,neutral,0,PEI,Polyetherimide (Ultem),h_shift,break 1 bond(s) | H shift -2 | ; | break 1 bond(s) | H shift -2 | ; | break 2 bond(s) | H shift -2 | ; | break 2 bond(s) | H shift -2,1,-2,,,"[3, 4, 5, 6, 7, 8, 9, 10, 11, 12, 13, 14, 15, 16, 17, 18, 19, 20, 45, 46, 47, 48, 49, 50, 51]",0.5
C14H5O4,"{'C': 14, 'O': 4, 'H': 5}",237.01878363943,neutral,0,PEI,Polyetherimide (Ultem),neutral_loss,break 1 bond(s) | -H2 | ; | break 1 bond(s) | -H2 | ; | break 2 bond(s) | -H2 | ; | break 2 bond(s) | -H2,1,0,,H2,"[3, 4, 5, 6, 7, 8, 9, 10, 11, 12, 13, 14, 15, 16, 17, 18, 19, 20, 45, 46, 47, 48, 49, 50, 51]",0.5
C14H6O3,"{'C': 14, 'O': 3, 'H': 6}",222.03169405209002,neutral,0,PEI,Polyetherimide (Ultem),neutral_loss,break 1 bond(s) | -OH | ; | break 1 bond(s) | H shift +1 | -H2O | ; | break 1 bond(s) | -OH,1,0,,OH,"[3, 4, 5, 6, 7, 8, 9, 10, 11, 12, 13, 14, 15, 16, 17, 18, 19, 20, 45, 46, 47, 48, 49, 50, 51]",0.5
C14H6O4,"{'C': 14, 'O': 4, 'H': 6}",238.02660867166,positive,1,PEI,Polyetherimide (Ultem),adduct,break 1 bond(s) | H shift -2 | H | ; | break 1 bond(s) | H shift -2 | H | ; | break 2 bond(s) | H shift -2 | H,1,-2,H,,"[3, 4, 5, 6, 7, 8, 9, 10, 11, 12, 13, 14, 15, 16, 17, 18, 19, 20, 45, 46, 47, 48, 49, 50, 51]",0.5
C14H8O4,"{'C': 14, 'O': 4, 'H': 8}",240.04225873612,negative,-1,PEI,Polyetherimide (Ultem),adduct,break 1 bond(s) | H shift +2 | -H | ; | break 1 bond(s) | H shift +2 | -H | ; | break 2 bond(s) | H shift +2 | -H,1,2,-H,,"[3, 4, 5, 6, 7, 8, 9, 10, 11, 12, 13, 14, 15, 16, 17, 18, 19, 20, 45, 46, 47, 48, 49, 50, 51]",0.5
C14H9O4,"{'C': 14, 'O': 4, 'H': 9}",241.05008376835,neutral,0,PEI,Polyetherimide (Ultem),h_shift,break 1 bond(s) | H shift +2 | ; | break 1 bond(s) | H shift +2 | ; | break 2 bond(s) | H shift +2 | ; | break 2 bond(s) | H shift +2,1,2,,,"[3, 4, 5, 6, 7, 8, 9, 10, 11, 12, 13, 14, 15, 16, 17, 18, 19, 20, 45, 46, 47, 48, 49, 50, 51]",0.5
C16H10O4,"{'C': 16, 'O': 4, 'H': 10}",266.05790880058,neutral,0,PEI,Polyetherimide (Ultem),neutral_loss,break 1 bond(s) | -CH3 | ; | break 1 bond(s) | -CH3 | ; | break 2 bond(s) | H shift +2 | -H2,1,0,,CH3,"[0, 1, 2, 21, 22, 23, 24, 25, 26, 27, 28, 29, 30, 31, 32, 33, 34, 35, 36, 37, 38, 39, 40, 41, 42, 43, 44, 52, 53, 54, 55, 56, 57, 58]",0.5
C16H13O2,"{'C': 16, 'O': 2, 'H': 13}",237.09155465813,neutral,0,PEI,Polyetherimide (Ultem),neutral_loss,break 1 bond(s) | -CO2 | ; | break 1 bond(s) | -CO2 | ; | break 2 bond(s) | -CO2 | ; | break 2 bond(s) | -CO2,1,0,,CO2,"[0, 1, 2, 21, 22, 23, 24, 25, 26, 27, 28, 29, 30, 31, 32, 33, 34, 35, 36, 37, 38, 39, 40, 41, 42, 43, 44, 52, 53, 54, 55, 56, 57, 58]",0.5
C16H13O3,"{'C': 16, 'O': 3, 'H': 13}",253.08646927770002,neutral,0,PEI,Polyetherimide (Ultem),neutral_loss,break 1 bond(s) | -CO | ; | break 1 bond(s) | -CO | ; | break 2 bond(s) | -CO | ; | break 2 bond(s) | -CO,1,0,,CO,"[0, 1, 2, 21, 22, 23, 24, 25, 26, 27, 28, 29, 30, 31, 32, 33, 34, 35, 36, 37, 38, 39, 40, 41, 42, 43, 44, 52, 53, 54, 55, 56, 57, 58]",0.5
C17H10O4,"{'C': 17, 'O': 4, 'H': 10}",278.05790880058,negative,-1,PEI,Polyetherimide (Ultem),adduct,break 1 bond(s) | H shift -2 | -H | ; | break 1 bond(s) | H shift -2 | -H | ; | break 2 bond(s) | H shift -2 | -H,1,-2,-H,,"[0, 1, 2, 21, 22, 23, 24, 25, 26, 27, 28, 29, 30, 31, 32, 33, 34, 35, 36, 37, 38, 39, 40, 41, 42, 43, 44, 52, 53, 54, 55, 56, 57, 58]",0.5
C17H11O3,"{'C': 17, 'O': 3, 'H': 11}",263.07081921324,neutral,0,PEI,Polyetherimide (Ultem),neutral_loss,break 1 bond(s) | -H2O | ; | break 1 bond(s) | H shift -1 | -OH | ; | break 1 bond(s) | -H2O,1,0,,H2O,"[0, 1, 2, 21, 22, 23, 24, 25, 26, 27, 28, 29, 30, 31, 32, 33, 34, 35, 36, 37, 38, 39, 40, 41, 42, 43, 44, 52, 53, 54, 55, 56, 57, 58]",0.5
C17H11O4,"{'C': 17, 'O': 4, 'H': 11}",279.06573383281,neutral,0,PEI,Polyetherimide (Ultem),h_shift,break 1 bond(s) | H shift -2 | ; | break 1 bond(s) | H shift -2 | ; | break 2 bond(s) | H shift -2 | ; | break 2 bond(s) | H shift -2,1,-2,,,"[0, 1, 2, 21, 22, 23, 24, 25, 26, 27, 28, 29, 30, 31, 32, 33, 34, 35, 36, 37, 38, 39, 40, 41, 42, 43, 44, 52, 53, 54, 55, 56, 57, 58]",0.5
C17H11O4,"{'C': 17, 'O': 4, 'H': 11}",279.06573383281,neutral,0,PEI,Polyetherimide (Ultem),neutral_loss,break 1 bond(s) | -H2 | ; | break 1 bond(s) | -H2 | ; | break 2 bond(s) | -H2 | ; | break 2 bond(s) | -H2,1,0,,H2,"[0, 1, 2, 21, 22, 23, 24, 25, 26, 27, 28, 29, 30, 31, 32, 33, 34, 35, 36, 37, 38, 39, 40, 41, 42, 43, 44, 52, 53, 54, 55, 56, 57, 58]",0.5
C17H12O3,"{'C': 17, 'O': 3, 'H': 12}",264.07864424547,neutral,0,PEI,Polyetherimide (Ultem),neutral_loss,break 1 bond(s) | -OH | ; | break 1 bond(s) | H shift +1 | -H2O | ; | break 1 bond(s) | -OH,1,0,,OH,"[0, 1, 2, 21, 22, 23, 24, 25, 26, 27, 28, 29, 30, 31, 32, 33, 34, 35, 36, 37, 38, 39, 40, 41, 42, 43, 44, 52, 53, 54, 55, 56, 57, 58]",0.5
C17H12O4,"{'C': 17, 'O': 4, 'H': 12}",280.07355886504,positive,1,PEI,Polyetherimide (Ultem),adduct,break 1 bond(s) | H shift -2 | H | ; | break 1 bond(s) | H shift -2 | H | ; | break 2 bond(s) | H shift -2 | H,1,-2,H,,"[0, 1, 2, 21, 22, 23, 24, 25, 26, 27, 28, 29, 30, 31, 32, 33, 34, 35, 36, 37, 38, 39, 40, 41, 42, 43, 44, 52, 53, 54, 55, 56, 57, 58]",0.5
C17H14O4,"{'C': 17, 'O': 4, 'H': 14}",282.0892089295,negative,-1,PEI,Polyetherimide (Ultem),adduct,break 1 bond(s) | H shift +2 | -H | ; | break 1 bond(s) | H shift +2 | -H | ; | break 2 bond(s) | H shift +2 | -H,1,2,-H,,"[0, 1, 2, 21, 22, 23, 24, 25, 26, 27, 28, 29, 30, 31, 32, 33, 34, 35, 36, 37, 38, 39, 40, 41, 42, 43, 44, 52, 53, 54, 55, 56, 57, 58]",0.5
C17H15O4,"{'C': 17, 'O': 4, 'H': 15}",283.09703396173,neutral,0,PEI,Polyetherimide (Ultem),h_shift,break 1 bond(s) | H shift +2 | ; | break 1 bond(s) | H shift +2 | ; | break 2 bond(s) | H shift +2 | ; | break 2 bond(s) | H shift +2,1,2,,,"[0, 1, 2, 21, 22, 23, 24, 25, 26, 27, 28, 29, 30, 31, 32, 33, 34, 35, 36, 37, 38, 39, 40, 41, 42, 43, 44, 52, 53, 54, 55, 56, 57, 58]",0.5
C17H16O4,"{'C': 17, 'O': 4, 'H': 16}",284.10485899396,positive,1,PEI,Polyetherimide (Ultem),adduct,break 1 bond(s) | H shift +2 | H | ; | break 1 bond(s) | H shift +2 | H | ; | break 2 bond(s) | H shift +2 | H,1,2,H,,"[0, 1, 2, 21, 22, 23, 24, 25, 26, 27, 28, 29, 30, 31, 32, 33, 34, 35, 36, 37, 38, 39, 40, 41, 42, 43, 44, 52, 53, 54, 55, 56, 57, 58]",0.5
C22H14O4,"{'C': 22, 'O': 4, 'H': 14}",342.0892089295,neutral,0,PEI,Polyetherimide (Ultem),neutral_loss,break 1 bond(s) | -CH3 | ; | break 1 bond(s) | -CH3 | ; | break 2 bond(s) | H shift +2 | -H2,1,0,,CH3,"[0, 1, 2, 3, 4, 5, 6, 19, 20, 21, 22, 23, 24, 25, 26, 27, 28, 29, 30, 31, 32, 33, 34, 35, 36, 37, 38, 39, 40, 41, 42, 43, 44, 45, 46, 50, 51, 52, 53, 54, 55, 56, 57, 58]",0.5
C22H14O5,"{'C': 22, 'O': 5, 'H': 14}",358.08412354907,neutral,0,PEI,Polyetherimide (Ultem),neutral_loss,break 1 bond(s) | -CH3 | ; | break 1 bond(s) | -CH3 | ; | break 2 bond(s) | H shift +2 | -H2,1,0,,CH3,"[0, 1, 2, 3, 4, 5, 6, 7, 19, 20, 21, 22, 23, 24, 25, 26, 27, 28, 29, 30, 31, 32, 33, 34, 35, 36, 37, 38, 39, 40, 41, 42, 43, 44, 45, 46, 50, 51, 52, 53, 54, 55, 56, 57, 58]",0.5
C22H17O2,"{'C': 22, 'O': 2, 'H': 17}",313.12285478705,neutral,0,PEI,Polyetherimide (Ultem),neutral_loss,break 1 bond(s) | -CO2 | ; | break 1 bond(s) | -CO2 | ; | break 2 bond(s) | -CO2 | ; | break 2 bond(s) | -CO2,1,0,,CO2,"[0, 1, 2, 3, 4, 5, 6, 19, 20, 21, 22, 23, 24, 25, 26, 27, 28, 29, 30, 31, 32, 33, 34, 35, 36, 37, 38, 39, 40, 41, 42, 43, 44, 45, 46, 50, 51, 52, 53, 54, 55, 56, 57, 58]",0.5
C22H17O3,"{'C': 22, 'O': 3, 'H': 17}",329.11776940662,neutral,0,PEI,Polyetherimide (Ultem),neutral_loss,break 1 bond(s) | -CO | ; | break 1 bond(s) | -CO2 | ; | break 1 bond(s) | -CO | ; | break 1 bond(s) | -CO2,1,0,,CO,"[0, 1, 2, 3, 4, 5, 6, 19, 20, 21, 22, 23, 24, 25, 26, 27, 28, 29, 30, 31, 32, 33, 34, 35, 36, 37, 38, 39, 40, 41, 42, 43, 44, 45, 46, 50, 51, 52, 53, 54, 55, 56, 57, 58]",0.5
C22H17O4,"{'C': 22, 'O': 4, 'H': 17}",345.11268402619,neutral,0,PEI,Polyetherimide (Ultem),neutral_loss,break 1 bond(s) | -CO | ; | break 1 bond(s) | -CO,1,0,,CO,"[0, 1, 2, 3, 4, 5, 6, 7, 19, 20, 21, 22, 23, 24, 25, 26, 27, 28, 29, 30, 31, 32, 33, 34, 35, 36, 37, 38, 39, 40, 41, 42, 43, 44, 45, 46, 50, 51, 52, 53, 54, 55, 56, 57, 58]",0.5
C23H14O4,"{'C': 23, 'O': 4, 'H': 14}",354.0892089295,negative,-1,PEI,Polyetherimide (Ultem),adduct,break 1 bond(s) | H shift -2 | -H | ; | break 1 bond(s) | H shift -2 | -H | ; | break 2 bond(s) | H shift -2 | -H,1,-2,-H,,"[0, 1, 2, 3, 4, 5, 6, 19, 20, 21, 22, 23, 24, 25, 26, 27, 28, 29, 30, 31, 32, 33, 34, 35, 36, 37, 38, 39, 40, 41, 42, 43, 44, 45, 46, 50, 51, 52, 53, 54, 55, 56, 57, 58]",0.5
C23H14O5,"{'C': 23, 'O': 5, 'H': 14}",370.08412354907,negative,-1,PEI,Polyetherimide (Ultem),adduct,break 1 bond(s) | H shift -2 | -H | ; | break 1 bond(s) | H shift -2 | -H,1,-2,-H,,"[0, 1, 2, 3, 4, 5, 6, 7, 19, 20, 21, 22, 23, 24, 25, 26, 27, 28, 29, 30, 31, 32, 33, 34, 35, 36, 37, 38, 39, 40, 41, 42, 43, 44, 45, 46, 50, 51, 52, 53, 54, 55, 56, 57, 58]",0.5
C23H15O3,"{'C': 23, 'O': 3, 'H': 15}",339.10211934216,neutral,0,PEI,Polyetherimide (Ultem),neutral_loss,break 1 bond(s) | -H2O | ; | break 1 bond(s) | H shift -1 | -OH | ; | break 1 bond(s) | -H2O,1,0,,H2O,"[0, 1, 2, 3, 4, 5, 6, 19, 20, 21, 22, 23, 24, 25, 26, 27, 28, 29, 30, 31, 32, 33, 34, 35, 36, 37, 38, 39, 40, 41, 42, 43, 44, 45, 46, 50, 51, 52, 53, 54, 55, 56, 57, 58]",0.5
C23H15O4,"{'C': 23, 'O': 4, 'H': 15}",355.09703396173,neutral,0,PEI,Polyetherimide (Ultem),h_shift,break 1 bond(s) | H shift -2 | ; | break 1 bond(s) | H shift -2 | ; | break 2 bond(s) | H shift -2 | ; | break 2 bond(s) | H shift -2,1,-2,,,"[0, 1, 2, 3, 4, 5, 6, 19, 20, 21, 22, 23, 24, 25, 26, 27, 28, 29, 30, 31, 32, 33, 34, 35, 36, 37, 38, 39, 40, 41, 42, 43, 44, 45, 46, 50, 51, 52, 53, 54, 55, 56, 57, 58]",0.5
C23H15O4,"{'C': 23, 'O': 4, 'H': 15}",355.09703396173,neutral,0,PEI,Polyetherimide (Ultem),neutral_loss,break 1 bond(s) | -H2 | ; | break 1 bond(s) | H shift -1 | -OH | ; | break 1 bond(s) | -H2O,1,0,,H2,"[0, 1, 2, 3, 4, 5, 6, 19, 20, 21, 22, 23, 24, 25, 26, 27, 28, 29, 30, 31, 32, 33, 34, 35, 36, 37, 38, 39, 40, 41, 42, 43, 44, 45, 46, 50, 51, 52, 53, 54, 55, 56, 57, 58]",0.5
C23H15O5,"{'C': 23, 'O': 5, 'H': 15}",371.0919485813,neutral,0,PEI,Polyetherimide (Ultem),h_shift,break 1 bond(s) | H shift -2 | ; | break 1 bond(s) | H shift -2,1,-2,,,"[0, 1, 2, 3, 4, 5, 6, 7, 19, 20, 21, 22, 23, 24, 25, 26, 27, 28, 29, 30, 31, 32, 33, 34, 35, 36, 37, 38, 39, 40, 41, 42, 43, 44, 45, 46, 50, 51, 52, 53, 54, 55, 56, 57, 58]",0.5
C23H15O5,"{'C': 23, 'O': 5, 'H': 15}",371.0919485813,neutral,0,PEI,Polyetherimide (Ultem),neutral_loss,break 1 bond(s) | -H2 | ; | break 1 bond(s) | -H2,1,0,,H2,"[0, 1, 2, 3, 4, 5, 6, 7, 19, 20, 21, 22, 23, 24, 25, 26, 27, 28, 29, 30, 31, 32, 33, 34, 35, 36, 37, 38, 39, 40, 41, 42, 43, 44, 45, 46, 50, 51, 52, 53, 54, 55, 56, 57, 58]",0.5
C23H16O3,"{'C': 23, 'O': 3, 'H': 16}",340.10994437439,neutral,0,PEI,Polyetherimide (Ultem),neutral_loss,break 1 bond(s) | -OH | ; | break 1 bond(s) | H shift +1 | -H2O | ; | break 1 bond(s) | -OH,1,0,,OH,"[0, 1, 2, 3, 4, 5, 6, 19, 20, 21, 22, 23, 24, 25, 26, 27, 28, 29, 30, 31, 32, 33, 34, 35, 36, 37, 38, 39, 40, 41, 42, 43, 44, 45, 46, 50, 51, 52, 53, 54, 55, 56, 57, 58]",0.5
C23H16O4,"{'C': 23, 'O': 4, 'H': 16}",356.10485899396,positive,1,PEI,Polyetherimide (Ultem),adduct,break 1 bond(s) | H shift -2 | H | ; | break 1 bond(s) | H shift -2 | H | ; | break 2 bond(s) | H shift -2 | H,1,-2,H,,"[0, 1, 2, 3, 4, 5, 6, 19, 20, 21, 22, 23, 24, 25, 26, 27, 28, 29, 30, 31, 32, 33, 34, 35, 36, 37, 38, 39, 40, 41, 42, 43, 44, 45, 46, 50, 51, 52, 53, 54, 55, 56, 57, 58]",0.5
C23H16O4,"{'C': 23, 'O': 4, 'H': 16}",356.10485899396,neutral,0,PEI,Polyetherimide (Ultem),neutral_loss,break 1 bond(s) | -OH | ; | break 1 bond(s) | H shift +1 | -H2O | ; | break 1 bond(s) | H shift +1 | -H2,1,0,,OH,"[0, 1, 2, 3, 4, 5, 6, 7, 19, 20, 21, 22, 23, 24, 25, 26, 27, 28, 29, 30, 31, 32, 33, 34, 35, 36, 37, 38, 39, 40, 41, 42, 43, 44, 45, 46, 50, 51, 52, 53, 54, 55, 56, 57, 58]",0.5
C23H16O5,"{'C': 23, 'O': 5, 'H': 16}",372.09977361353,positive,1,PEI,Polyetherimide (Ultem),adduct,break 1 bond(s) | H shift -2 | H | ; | break 1 bond(s) | H shift -2 | H,1,-2,H,,"[0, 1, 2, 3, 4, 5, 6, 7, 19, 20, 21, 22, 23, 24, 25, 26, 27, 28, 29, 30, 31, 32, 33, 34, 35, 36, 37, 38, 39, 40, 41, 42, 43, 44, 45, 46, 50, 51, 52, 53, 54, 55, 56, 57, 58]",0.5
C23H18O4,"{'C': 23, 'O': 4, 'H': 18}",358.12050905842,negative,-1,PEI,Polyetherimide (Ultem),adduct,break 1 bond(s) | H shift +2 | -H | ; | break 1 bond(s) | H shift +2 | -H | ; | break 2 bond(s) | H shift +2 | -H,1,2,-H,,"[0, 1, 2, 3, 4, 5, 6, 19, 20, 21, 22, 23, 24, 25, 26, 27, 28, 29, 30, 31, 32, 33, 34, 35, 36, 37, 38, 39, 40, 41, 42, 43, 44, 45, 46, 50, 51, 52, 53, 54, 55, 56, 57, 58]",0.5
C23H18O5,"{'C': 23, 'O': 5, 'H': 18}",374.11542367799,negative,-1,PEI,Polyetherimide (Ultem),adduct,break 1 bond(s) | H shift +2 | -H | ; | break 1 bond(s) | OH | ; | break 1 bond(s) | H shift +1 | O,1,2,-H,,"[0, 1, 2, 3, 4, 5, 6, 7, 19, 20, 21, 22, 23, 24, 25, 26, 27, 28, 29, 30, 31, 32, 33, 34, 35, 36, 37, 38, 39, 40, 41, 42, 43, 44, 45, 46, 50, 51, 52, 53, 54, 55, 56, 57, 58]",0.5
C23H19O4,"{'C': 23, 'O': 4, 'H': 19}",359.12833409065,neutral,0,PEI,Polyetherimide (Ultem),h_shift,break 1 bond(s) | H shift +2 | ; | break 1 bond(s) | H shift +2 | ; | break 2 bond(s) | H shift +2 | ; | break 2 bond(s) | H shift +2,1,2,,,"[0, 1, 2, 3, 4, 5, 6, 19, 20, 21, 22, 23, 24, 25, 26, 27, 28, 29, 30, 31, 32, 33, 34, 35, 36, 37, 38, 39, 40, 41, 42, 43, 44, 45, 46, 50, 51, 52, 53, 54, 55, 56, 57, 58]",0.5
C23H19O5,"{'C': 23, 'O': 5, 'H': 19}",375.12324871021997,neutral,0,PEI,Polyetherimide (Ultem),h_shift,break 1 bond(s) | H shift +2 | ; | break 1 bond(s) | H shift +2,1,2,,,"[0, 1, 2, 3, 4, 5, 6, 7, 19, 20, 21, 22, 23, 24, 25, 26, 27, 28, 29, 30, 31, 32, 33, 34, 35, 36, 37, 38, 39, 40, 41, 42, 43, 44, 45, 46, 50, 51, 52, 53, 54, 55, 56, 57, 58]",0.5
C23H20O4,"{'C': 23, 'O': 4, 'H': 20}",360.13615912288003,positive,1,PEI,Polyetherimide (Ultem),adduct,break 1 bond(s) | H shift +2 | H | ; | break 1 bond(s) | H shift +2 | H | ; | break 2 bond(s) | H shift +2 | H,1,2,H,,"[0, 1, 2, 3, 4, 5, 6, 19, 20, 21, 22, 23, 24, 25, 26, 27, 28, 29, 30, 31, 32, 33, 34, 35, 36, 37, 38, 39, 40, 41, 42, 43, 44, 45, 46, 50, 51, 52, 53, 54, 55, 56, 57, 58]",0.5
C23H20O5,"{'C': 23, 'O': 5, 'H': 20}",376.13107374245,positive,1,PEI,Polyetherimide (Ultem),adduct,break 1 bond(s) | H shift +2 | H | ; | break 1 bond(s) | H shift +2 | H,1,2,H,,"[0, 1, 2, 3, 4, 5, 6, 7, 19, 20, 21, 22, 23, 24, 25, 26, 27, 28, 29, 30, 31, 32, 33, 34, 35, 36, 37, 38, 39, 40, 41, 42, 43, 44, 45, 46, 50, 51, 52, 53, 54, 55, 56, 57, 58]",0.5
C29H14O8,"{'C': 29, 'O': 8, 'H': 14}",490.06886740778,neutral,0,PEI,Polyetherimide (Ultem),neutral_loss,break 1 bond(s) | -CH3 | ; | break 1 bond(s) | -CH3 | ; | break 2 bond(s) | H shift +2 | -H2,1,0,,CH3,"[1, 2, 3, 4, 5, 6, 7, 8, 9, 10, 11, 12, 13, 14, 15, 16, 17, 18, 19, 20, 21, 22, 23, 24, 25, 26, 27, 28, 29, 30, 31, 32, 33, 34, 35, 36, 37, 38, 42, 43, 44, 45, 46, 47, 48, 49, 50, 51, 52, 53, 54, 55, 56, 57, 58]",0.5
C29H17O6,"{'C': 29, 'O': 6, 'H': 17}",461.10251326533,neutral,0,PEI,Polyetherimide (Ultem),neutral_loss,break 1 bond(s) | -CO2 | ; | break 1 bond(s) | -CO2,1,0,,CO2,"[1, 2, 3, 4, 5, 6, 7, 8, 9, 10, 11, 12, 13, 14, 15, 16, 17, 18, 19, 20, 21, 22, 23, 24, 25, 26, 27, 28, 29, 30, 31, 32, 33, 34, 35, 36, 37, 38, 42, 43, 44, 45, 46, 47, 48, 49, 50, 51, 52, 53, 54, 55, 56, 57, 58]",0.5
C29H17O7,"{'C': 29, 'O': 7, 'H': 17}",477.0974278849,neutral,0,PEI,Polyetherimide (Ultem),neutral_loss,break 1 bond(s) | -CO | ; | break 1 bond(s) | -CO,1,0,,CO,"[1, 2, 3, 4, 5, 6, 7, 8, 9, 10, 11, 12, 13, 14, 15, 16, 17, 18, 19, 20, 21, 22, 23, 24, 25, 26, 27, 28, 29, 30, 31, 32, 33, 34, 35, 36, 37, 38, 42, 43, 44, 45, 46, 47, 48, 49, 50, 51, 52, 53, 54, 55, 56, 57, 58]",0.5
C30H14O8,"{'C': 30, 'O': 8, 'H': 14}",502.06886740778,negative,-1,PEI,Polyetherimide (Ultem),adduct,break 1 bond(s) | H shift -2 | -H | ; | break 1 bond(s) | H shift -2 | -H,1,-2,-H,,"[1, 2, 3, 4, 5, 6, 7, 8, 9, 10, 11, 12, 13, 14, 15, 16, 17, 18, 19, 20, 21, 22, 23, 24, 25, 26, 27, 28, 29, 30, 31, 32, 33, 34, 35, 36, 37, 38, 42, 43, 44, 45, 46, 47, 48, 49, 50, 51, 52, 53, 54, 55, 56, 57, 58]",0.5
C30H15O7,"{'C': 30, 'O': 7, 'H': 15}",487.08177782044,neutral,0,PEI,Polyetherimide (Ultem),neutral_loss,break 1 bond(s) | -H2O | ; | break 1 bond(s) | H shift -1 | -OH | ; | break 1 bond(s) | -H2O,1,0,,H2O,"[1, 2, 3, 4, 5, 6, 7, 8, 9, 10, 11, 12, 13, 14, 15, 16, 17, 18, 19, 20, 21, 22, 23, 24, 25, 26, 27, 28, 29, 30, 31, 32, 33, 34, 35, 36, 37, 38, 42, 43, 44, 45, 46, 47, 48, 49, 50, 51, 52, 53, 54, 55, 56, 57, 58]",0.5
C30H15O8,"{'C': 30, 'O': 8, 'H': 15}",503.07669244001,neutral,0,PEI,Polyetherimide (Ultem),h_shift,break 1 bond(s) | H shift -2 | ; | break 1 bond(s) | H shift -2,1,-2,,,"[1, 2, 3, 4, 5, 6, 7, 8, 9, 10, 11, 12, 13, 14, 15, 16, 17, 18, 19, 20, 21, 22, 23, 24, 25, 26, 27, 28, 29, 30, 31, 32, 33, 34, 35, 36, 37, 38, 42, 43, 44, 45, 46, 47, 48, 49, 50, 51, 52, 53, 54, 55, 56, 57, 58]",0.5
C30H16O7,"{'C': 30, 'O': 7, 'H': 16}",488.08960285267,neutral,0,PEI,Polyetherimide (Ultem),neutral_loss,break 1 bond(s) | -OH | ; | break 1 bond(s) | H shift +1 | -H2O | ; | break 1 bond(s) | -OH,1,0,,OH,"[1, 2, 3, 4, 5, 6, 7, 8, 9, 10, 11, 12, 13, 14, 15, 16, 17, 18, 19, 20, 21, 22, 23, 24, 25, 26, 27, 28, 29, 30, 31, 32, 33, 34, 35, 36, 37, 38, 42, 43, 44, 45, 46, 47, 48, 49, 50, 51, 52, 53, 54, 55, 56, 57, 58]",0.5
C30H16O8,"{'C': 30, 'O': 8, 'H': 16}",504.08451747224,positive,1,PEI,Polyetherimide (Ultem),adduct,break 1 bond(s) | H shift -2 | H | ; | break 1 bond(s) | H shift -2 | H,1,-2,H,,"[1, 2, 3, 4, 5, 6, 7, 8, 9, 10, 11, 12, 13, 14, 15, 16, 17, 18, 19, 20, 21, 22, 23, 24, 25, 26, 27, 28, 29, 30, 31, 32, 33, 34, 35, 36, 37, 38, 42, 43, 44, 45, 46, 47, 48, 49, 50, 51, 52, 53, 54, 55, 56, 57, 58]",0.5
C30H18O8,"{'C': 30, 'O': 8, 'H': 18}",506.1001675367,negative,-1,PEI,Polyetherimide (Ultem),adduct,break 1 bond(s) | H shift +2 | -H | ; | break 1 bond(s) | H shift +2 | -H,1,2,-H,,"[1, 2, 3, 4, 5, 6, 7, 8, 9, 10, 11, 12, 13, 14, 15, 16, 17, 18, 19, 20, 21, 22, 23, 24, 25, 26, 27, 28, 29, 30, 31, 32, 33, 34, 35, 36, 37, 38, 42, 43, 44, 45, 46, 47, 48, 49, 50, 51, 52, 53, 54, 55, 56, 57, 58]",0.5
C30H19O8,"{'C': 30, 'O': 8, 'H': 19}",507.10799256893,neutral,0,PEI,Polyetherimide (Ultem),h_shift,break 1 bond(s) | H shift +2 | ; | break 1 bond(s) | H shift +2,1,2,,,"[1, 2, 3, 4, 5, 6, 7, 8, 9, 10, 11, 12, 13, 14, 15, 16, 17, 18, 19, 20, 21, 22, 23, 24, 25, 26, 27, 28, 29, 30, 31, 32, 33, 34, 35, 36, 37, 38, 42, 43, 44, 45, 46, 47, 48, 49, 50, 51, 52, 53, 54, 55, 56, 57, 58]",0.5
C30H20O8,"{'C': 30, 'O': 8, 'H': 20}",508.11581760116,positive,1,PEI,Polyetherimide (Ultem),adduct,break 1 bond(s) | H shift +2 | H | ; | break 1 bond(s) | H shift +2 | H,1,2,H,,"[1, 2, 3, 4, 5, 6, 7, 8, 9, 10, 11, 12, 13, 14, 15, 16, 17, 18, 19, 20, 21, 22, 23, 24, 25, 26, 27, 28, 29, 30, 31, 32, 33, 34, 35, 36, 37, 38, 42, 43, 44, 45, 46, 47, 48, 49, 50, 51, 52, 53, 54, 55, 56, 57, 58]",0.5
C7H3O,"{'C': 7, 'O': 1, 'H': 3}",103.01838971626,neutral,0,PEI,Polyetherimide (Ultem),neutral_loss,break 1 bond(s) | -CO2 | ; | break 1 bond(s) | -CO2 | ; | break 2 bond(s) | -CO2 | ; | break 2 bond(s) | -CO2,1,0,,CO2,"[8, 9, 10, 11, 12, 13, 14, 15, 16, 17, 18, 47, 48, 49]",0.5
C7H3O2,"{'O': 2, 'C': 7, 'H': 3}",119.01330433583,neutral,0,PEI,Polyetherimide (Ultem),neutral_loss,break 1 bond(s) | -CO2 | ; | break 1 bond(s) | -CO | ; | break 1 bond(s) | -CO2 | ; | break 1 bond(s) | -CO,1,0,,CO2,"[7, 8, 9, 10, 11, 12, 13, 14, 15, 16, 17, 18, 47, 48, 49]",0.5
C7H3O3,"{'O': 3, 'C': 7, 'H': 3}",135.0082189554,neutral,0,PEI,Polyetherimide (Ultem),neutral_loss,break 1 bond(s) | -CO | ; | break 1 bond(s) | -CO | ; | break 2 bond(s) | -CO | ; | break 2 bond(s) | -CO,1,0,,CO,"[7, 8, 9, 10, 11, 12, 13, 14, 15, 16, 17, 18, 47, 48, 49]",0.5
C7O3,"{'C': 7, 'O': 3}",131.98474385871,neutral,0,PEI,Polyetherimide (Ultem),neutral_loss,break 1 bond(s) | -CH3 | ; | break 1 bond(s) | -CH3 | ; | break 2 bond(s) | -CH3 | ; | break 2 bond(s) | -CH3,1,0,,CH3,"[8, 9, 10, 11, 12, 13, 14, 15, 16, 17, 18, 47, 48, 49]",0.5
C7O4,"{'O': 4, 'C': 7}",147.97965847828,neutral,0,PEI,Polyetherimide (Ultem),neutral_loss,break 1 bond(s) | -CH3 | ; | break 1 bond(s) | -CH3 | ; | break 2 bond(s) | -CH3 | ; | break 2 bond(s) | -CH3,1,0,,CH3,"[7, 8, 9, 10, 11, 12, 13, 14, 15, 16, 17, 18, 47, 48, 49]",0.5
C8H2O2,"{'C': 8, 'O': 2, 'H': 2}",130.0054793036,neutral,0,PEI,Polyetherimide (Ultem),neutral_loss,break 1 bond(s) | -OH | ; | break 1 bond(s) | H shift +1 | -H2O | ; | break 1 bond(s) | -OH,1,0,,OH,"[8, 9, 10, 11, 12, 13, 14, 15, 16, 17, 18, 47, 48, 49]",0.5
C8H2O3,"{'O': 3, 'C': 8, 'H': 2}",146.00039392317,neutral,0,PEI,Polyetherimide (Ultem),neutral_loss,break 1 bond(s) | -OH | ; | break 1 bond(s) | H shift +1 | -H2O | ; | break 1 bond(s) | H shift +1 | -H2,1,0,,OH,"[7, 8, 9, 10, 11, 12, 13, 14, 15, 16, 17, 18, 47, 48, 49]",0.5
C8H2O3,"{'C': 8, 'O': 3, 'H': 2}",146.00039392317,positive,1,PEI,Polyetherimide (Ultem),adduct,break 1 bond(s) | H shift -2 | H | ; | break 1 bond(s) | H shift -2 | H | ; | break 2 bond(s) | H shift -2 | H,1,-2,H,,"[8, 9, 10, 11, 12, 13, 14, 15, 16, 17, 18, 47, 48, 49]",0.5
C8H2O4,"{'O': 4, 'C': 8, 'H': 2}",161.99530854274,positive,1,PEI,Polyetherimide (Ultem),adduct,break 1 bond(s) | H shift -2 | H | ; | break 1 bond(s) | H shift -2 | H | ; | break 2 bond(s) | H shift -2 | H,1,-2,H,,"[7, 8, 9, 10, 11, 12, 13, 14, 15, 16, 17, 18, 47, 48, 49]",0.5
C8H4O3,"{'C': 8, 'O': 3, 'H': 4}",148.01604398763,negative,-1,PEI,Polyetherimide (Ultem),adduct,break 1 bond(s) | H shift +2 | -H | ; | break 1 bond(s) | H shift +2 | -H | ; | break 2 bond(s) | H shift +2 | -H,1,2,-H,,"[8, 9, 10, 11, 12, 13, 14, 15, 16, 17, 18, 47, 48, 49]",0.5
C8H4O4,"{'O': 4, 'C': 8, 'H': 4}",164.0109586072,negative,-1,PEI,Polyetherimide (Ultem),adduct,break 1 bond(s) | H shift +2 | -H | ; | break 1 bond(s) | OH | ; | break 1 bond(s) | H shift +1 | O,1,2,-H,,"[7, 8, 9, 10, 11, 12, 13, 14, 15, 16, 17, 18, 47, 48, 49]",0.5
C8H5O3,"{'C': 8, 'O': 3, 'H': 5}",149.02386901986,neutral,0,PEI,Polyetherimide (Ultem),h_shift,break 1 bond(s) | H shift +2 | ; | break 1 bond(s) | H shift +2 | ; | break 2 bond(s) | H shift +2 | ; | break 2 bond(s) | H shift +2,1,2,,,"[8, 9, 10, 11, 12, 13, 14, 15, 16, 17, 18, 47, 48, 49]",0.5
C8H5O4,"{'O': 4, 'C': 8, 'H': 5}",165.01878363943,neutral,0,PEI,Polyetherimide (Ultem),h_shift,break 1 bond(s) | H shift +2 | ; | break 1 bond(s) | H shift +2 | ; | break 2 bond(s) | H shift +2 | ; | break 2 bond(s) | H shift +2,1,2,,,"[7, 8, 9, 10, 11, 12, 13, 14, 15, 16, 17, 18, 47, 48, 49]",0.5
C8H6O3,"{'C': 8, 'O': 3, 'H': 6}",150.03169405209002,positive,1,PEI,Polyetherimide (Ultem),adduct,break 1 bond(s) | H shift +2 | H | ; | break 1 bond(s) | H shift +2 | H | ; | break 2 bond(s) | H shift +2 | H,1,2,H,,"[8, 9, 10, 11, 12, 13, 14, 15, 16, 17, 18, 47, 48, 49]",0.5
C8H6O4,"{'O': 4, 'C': 8, 'H': 6}",166.02660867166,positive,1,PEI,Polyetherimide (Ultem),adduct,break 1 bond(s) | H shift +2 | H | ; | break 1 bond(s) | H shift +2 | H | ; | break 2 bond(s) | H shift +2 | H,1,2,H,,"[7, 8, 9, 10, 11, 12, 13, 14, 15, 16, 17, 18, 47, 48, 49]",0.5
C8HO2,"{'C': 8, 'O': 2, 'H': 1}",128.99765427137,neutral,0,PEI,Polyetherimide (Ultem),neutral_loss,break 1 bond(s) | -H2O | ; | break 1 bond(s) | H shift -1 | -OH | ; | break 1 bond(s) | -H2O,1,0,,H2O,"[8, 9, 10, 11, 12, 13, 14, 15, 16, 17, 18, 47, 48, 49]",0.5
C8HO3,"{'O': 3, 'C': 8, 'H': 1}",144.99256889094,neutral,0,PEI,Polyetherimide (Ultem),neutral_loss,break 1 bond(s) | -H2O | ; | break 1 bond(s) | -H2 | ; | break 1 bond(s) | H shift -1 | -OH,1,0,,H2O,"[7, 8, 9, 10, 11, 12, 13, 14, 15, 16, 17, 18, 47, 48, 49]",0.5
C8HO3,"{'C': 8, 'O': 3, 'H': 1}",144.99256889094,neutral,0,PEI,Polyetherimide (Ultem),h_shift,break 1 bond(s) | H shift -2 | ; | break 1 bond(s) | H shift -2 | ; | break 2 bond(s) | H shift -2 | ; | break 2 bond(s) | H shift -2,1,-2,,,"[8, 9, 10, 11, 12, 13, 14, 15, 16, 17, 18, 47, 48, 49]",0.5
C8HO4,"{'O': 4, 'C': 8, 'H': 1}",160.98748351051,neutral,0,PEI,Polyetherimide (Ultem),h_shift,break 1 bond(s) | H shift -2 | ; | break 1 bond(s) | H shift -2 | ; | break 2 bond(s) | H shift -2 | ; | break 2 bond(s) | H shift -2,1,-2,,,"[7, 8, 9, 10, 11, 12, 13, 14, 15, 16, 17, 18, 47, 48, 49]",0.5
C8HO4,"{'O': 4, 'C': 8, 'H': 1}",160.98748351051,neutral,0,PEI,Polyetherimide (Ultem),neutral_loss,break 1 bond(s) | -H2 | ; | break 1 bond(s) | -H2 | ; | break 2 bond(s) | -H2 | ; | break 2 bond(s) | -H2,1,0,,H2,"[7, 8, 9, 10, 11, 12, 13, 14, 15, 16, 17, 18, 47, 48, 49]",0.5
C8O3,"{'C': 8, 'O': 3}",143.98474385871,negative,-1,PEI,Polyetherimide (Ultem),adduct,break 1 bond(s) | H shift -2 | -H | ; | break 1 bond(s) | H shift -2 | -H | ; | break 2 bond(s) | H shift -2 | -H,1,-2,-H,,"[8, 9, 10, 11, 12, 13, 14, 15, 16, 17, 18, 47, 48, 49]",0.5
C8O4,"{'O': 4, 'C': 8}",159.97965847828,negative,-1,PEI,Polyetherimide (Ultem),adduct,break 1 bond(s) | H shift -2 | -H | ; | break 1 bond(s) | H shift -2 | -H | ; | break 2 bond(s) | H shift -2 | -H,1,-2,-H,,"[7, 8, 9, 10, 11, 12, 13, 14, 15, 16, 17, 18, 47, 48, 49]",0.5
C14H7ClO4,"{'C': 14, 'O': 4, 'H': 7, 'Cl': 1}",274.00328638589,negative,-1,PEI,Polyetherimide (Ultem),adduct,break 1 bond(s) | Cl | ; | break 1 bond(s) | Cl | ; | break 2 bond(s) | Cl | ; | break 2 bond(s) | Cl,1,0,Cl,,"[3, 4, 5, 6, 7, 8, 9, 10, 11, 12, 13, 14, 15, 16, 17, 18, 19, 20, 45, 46, 47, 48, 49, 50, 51]",0.48
C14H7KO4,"{'C': 14, 'O': 4, 'H': 7, 'K': 1}",277.99814019029,positive,1,PEI,Polyetherimide (Ultem),adduct,break 1 bond(s) | K | ; | break 1 bond(s) | K | ; | break 2 bond(s) | K | ; | break 2 bond(s) | K,1,0,K,,"[3, 4, 5, 6, 7, 8, 9, 10, 11, 12, 13, 14, 15, 16, 17, 18, 19, 20, 45, 46, 47, 48, 49, 50, 51]",0.48
C14H7NaO4,"{'C': 14, 'O': 4, 'H': 7, 'Na': 1}",262.02420298589,positive,1,PEI,Polyetherimide (Ultem),adduct,break 1 bond(s) | Na | ; | break 1 bond(s) | Na | ; | break 2 bond(s) | Na | ; | break 2 bond(s) | Na,1,0,Na,,"[3, 4, 5, 6, 7, 8, 9, 10, 11, 12, 13, 14, 15, 16, 17, 18, 19, 20, 45, 46, 47, 48, 49, 50, 51]",0.48
C14H7O5,"{'C': 14, 'O': 5, 'H': 7}",255.02934832346,negative,-1,PEI,Polyetherimide (Ultem),adduct,break 1 bond(s) | O | ; | break 1 bond(s) | H shift -1 | OH | ; | break 1 bond(s) | O,1,0,O,,"[3, 4, 5, 6, 7, 8, 9, 10, 11, 12, 13, 14, 15, 16, 17, 18, 19, 20, 45, 46, 47, 48, 49, 50, 51]",0.48
C14H8O5,"{'C': 14, 'O': 5, 'H': 8}",256.03717335569,negative,-1,PEI,Polyetherimide (Ultem),adduct,break 1 bond(s) | OH | ; | break 1 bond(s) | H shift +1 | O | ; | break 1 bond(s) | OH,1,0,OH,,"[3, 4, 5, 6, 7, 8, 9, 10, 11, 12, 13, 14, 15, 16, 17, 18, 19, 20, 45, 46, 47, 48, 49, 50, 51]",0.48
C17H13ClO4,"{'C': 17, 'O': 4, 'H': 13, 'Cl': 1}",316.05023657927,negative,-1,PEI,Polyetherimide (Ultem),adduct,break 1 bond(s) | Cl | ; | break 1 bond(s) | Cl | ; | break 2 bond(s) | Cl | ; | break 2 bond(s) | Cl,1,0,Cl,,"[0, 1, 2, 21, 22, 23, 24, 25, 26, 27, 28, 29, 30, 31, 32, 33, 34, 35, 36, 37, 38, 39, 40, 41, 42, 43, 44, 52, 53, 54, 55, 56, 57, 58]",0.48
C17H13KO4,"{'C': 17, 'O': 4, 'H': 13, 'K': 1}",320.04509038367,positive,1,PEI,Polyetherimide (Ultem),adduct,break 1 bond(s) | K | ; | break 1 bond(s) | K | ; | break 2 bond(s) | K | ; | break 2 bond(s) | K,1,0,K,,"[0, 1, 2, 21, 22, 23, 24, 25, 26, 27, 28, 29, 30, 31, 32, 33, 34, 35, 36, 37, 38, 39, 40, 41, 42, 43, 44, 52, 53, 54, 55, 56, 57, 58]",0.48
C17H13NaO4,"{'C': 17, 'O': 4, 'H': 13, 'Na': 1}",304.07115317927,positive,1,PEI,Polyetherimide (Ultem),adduct,break 1 bond(s) | Na | ; | break 1 bond(s) | Na | ; | break 2 bond(s) | Na | ; | break 2 bond(s) | Na,1,0,Na,,"[0, 1, 2, 21, 22, 23, 24, 25, 26, 27, 28, 29, 30, 31, 32, 33, 34, 35, 36, 37, 38, 39, 40, 41, 42, 43, 44, 52, 53, 54, 55, 56, 57, 58]",0.48
C17H13O5,"{'C': 17, 'O': 5, 'H': 13}",297.07629851684,negative,-1,PEI,Polyetherimide (Ultem),adduct,break 1 bond(s) | O | ; | break 1 bond(s) | H shift -1 | OH | ; | break 1 bond(s) | O,1,0,O,,"[0, 1, 2, 21, 22, 23, 24, 25, 26, 27, 28, 29, 30, 31, 32, 33, 34, 35, 36, 37, 38, 39, 40, 41, 42, 43, 44, 52, 53, 54, 55, 56, 57, 58]",0.48
C17H14O5,"{'C': 17, 'O': 5, 'H': 14}",298.08412354907,negative,-1,PEI,Polyetherimide (Ultem),adduct,break 1 bond(s) | OH | ; | break 1 bond(s) | H shift +1 | O | ; | break 1 bond(s) | OH,1,0,OH,,"[0, 1, 2, 21, 22, 23, 24, 25, 26, 27, 28, 29, 30, 31, 32, 33, 34, 35, 36, 37, 38, 39, 40, 41, 42, 43, 44, 52, 53, 54, 55, 56, 57, 58]",0.48
C23H17ClO4,"{'C': 23, 'O': 4, 'H': 17, 'Cl': 1}",392.08153670819,negative,-1,PEI,Polyetherimide (Ultem),adduct,break 1 bond(s) | Cl | ; | break 1 bond(s) | Cl | ; | break 2 bond(s) | Cl | ; | break 2 bond(s) | Cl,1,0,Cl,,"[0, 1, 2, 3, 4, 5, 6, 19, 20, 21, 22, 23, 24, 25, 26, 27, 28, 29, 30, 31, 32, 33, 34, 35, 36, 37, 38, 39, 40, 41, 42, 43, 44, 45, 46, 50, 51, 52, 53, 54, 55, 56, 57, 58]",0.48
C23H17ClO5,"{'C': 23, 'O': 5, 'H': 17, 'Cl': 1}",408.07645132775997,negative,-1,PEI,Polyetherimide (Ultem),adduct,break 1 bond(s) | Cl | ; | break 1 bond(s) | Cl,1,0,Cl,,"[0, 1, 2, 3, 4, 5, 6, 7, 19, 20, 21, 22, 23, 24, 25, 26, 27, 28, 29, 30, 31, 32, 33, 34, 35, 36, 37, 38, 39, 40, 41, 42, 43, 44, 45, 46, 50, 51, 52, 53, 54, 55, 56, 57, 58]",0.48
C23H17KO4,"{'C': 23, 'O': 4, 'H': 17, 'K': 1}",396.07639051259,positive,1,PEI,Polyetherimide (Ultem),adduct,break 1 bond(s) | K | ; | break 1 bond(s) | K | ; | break 2 bond(s) | K | ; | break 2 bond(s) | K,1,0,K,,"[0, 1, 2, 3, 4, 5, 6, 19, 20, 21, 22, 23, 24, 25, 26, 27, 28, 29, 30, 31, 32, 33, 34, 35, 36, 37, 38, 39, 40, 41, 42, 43, 44, 45, 46, 50, 51, 52, 53, 54, 55, 56, 57, 58]",0.48
C23H17KO5,"{'C': 23, 'O': 5, 'H': 17, 'K': 1}",412.07130513216,positive,1,PEI,Polyetherimide (Ultem),adduct,break 1 bond(s) | K | ; | break 1 bond(s) | K,1,0,K,,"[0, 1, 2, 3, 4, 5, 6, 7, 19, 20, 21, 22, 23, 24, 25, 26, 27, 28, 29, 30, 31, 32, 33, 34, 35, 36, 37, 38, 39, 40, 41, 42, 43, 44, 45, 46, 50, 51, 52, 53, 54, 55, 56, 57, 58]",0.48
C23H17NaO4,"{'C': 23, 'O': 4, 'H': 17, 'Na': 1}",380.10245330819,positive,1,PEI,Polyetherimide (Ultem),adduct,break 1 bond(s) | Na | ; | break 1 bond(s) | Na | ; | break 2 bond(s) | Na | ; | break 2 bond(s) | Na,1,0,Na,,"[0, 1, 2, 3, 4, 5, 6, 19, 20, 21, 22, 23, 24, 25, 26, 27, 28, 29, 30, 31, 32, 33, 34, 35, 36, 37, 38, 39, 40, 41, 42, 43, 44, 45, 46, 50, 51, 52, 53, 54, 55, 56, 57, 58]",0.48
C23H17NaO5,"{'C': 23, 'O': 5, 'H': 17, 'Na': 1}",396.09736792776,positive,1,PEI,Polyetherimide (Ultem),adduct,break 1 bond(s) | Na | ; | break 1 bond(s) | Na,1,0,Na,,"[0, 1, 2, 3, 4, 5, 6, 7, 19, 20, 21, 22, 23, 24, 25, 26, 27, 28, 29, 30, 31, 32, 33, 34, 35, 36, 37, 38, 39, 40, 41, 42, 43, 44, 45, 46, 50, 51, 52, 53, 54, 55, 56, 57, 58]",0.48
C23H17O6,"{'C': 23, 'O': 6, 'H': 17}",389.10251326533,negative,-1,PEI,Polyetherimide (Ultem),adduct,break 1 bond(s) | O | ; | break 1 bond(s) | H shift -1 | OH | ; | break 1 bond(s) | O,1,0,O,,"[0, 1, 2, 3, 4, 5, 6, 7, 19, 20, 21, 22, 23, 24, 25, 26, 27, 28, 29, 30, 31, 32, 33, 34, 35, 36, 37, 38, 39, 40, 41, 42, 43, 44, 45, 46, 50, 51, 52, 53, 54, 55, 56, 57, 58]",0.48
C23H18O6,"{'C': 23, 'O': 6, 'H': 18}",390.11033829756,negative,-1,PEI,Polyetherimide (Ultem),adduct,break 1 bond(s) | OH | ; | break 1 bond(s) | H shift +1 | O | ; | break 1 bond(s) | OH,1,0,OH,,"[0, 1, 2, 3, 4, 5, 6, 7, 19, 20, 21, 22, 23, 24, 25, 26, 27, 28, 29, 30, 31, 32, 33, 34, 35, 36, 37, 38, 39, 40, 41, 42, 43, 44, 45, 46, 50, 51, 52, 53, 54, 55, 56, 57, 58]",0.48
C30H17ClO8,"{'C': 30, 'O': 8, 'H': 17, 'Cl': 1}",540.06119518647,negative,-1,PEI,Polyetherimide (Ultem),adduct,break 1 bond(s) | Cl | ; | break 1 bond(s) | Cl,1,0,Cl,,"[1, 2, 3, 4, 5, 6, 7, 8, 9, 10, 11, 12, 13, 14, 15, 16, 17, 18, 19, 20, 21, 22, 23, 24, 25, 26, 27, 28, 29, 30, 31, 32, 33, 34, 35, 36, 37, 38, 42, 43, 44, 45, 46, 47, 48, 49, 50, 51, 52, 53, 54, 55, 56, 57, 58]",0.48
C30H17KO8,"{'C': 30, 'O': 8, 'H': 17, 'K': 1}",544.05604899087,positive,1,PEI,Polyetherimide (Ultem),adduct,break 1 bond(s) | K | ; | break 1 bond(s) | K,1,0,K,,"[1, 2, 3, 4, 5, 6, 7, 8, 9, 10, 11, 12, 13, 14, 15, 16, 17, 18, 19, 20, 21, 22, 23, 24, 25, 26, 27, 28, 29, 30, 31, 32, 33, 34, 35, 36, 37, 38, 42, 43, 44, 45, 46, 47, 48, 49, 50, 51, 52, 53, 54, 55, 56, 57, 58]",0.48
C30H17NaO8,"{'C': 30, 'O': 8, 'H': 17, 'Na': 1}",528.08211178647,positive,1,PEI,Polyetherimide (Ultem),adduct,break 1 bond(s) | Na | ; | break 1 bond(s) | Na,1,0,Na,,"[1, 2, 3, 4, 5, 6, 7, 8, 9, 10, 11, 12, 13, 14, 15, 16, 17, 18, 19, 20, 21, 22, 23, 24, 25, 26, 27, 28, 29, 30, 31, 32, 33, 34, 35, 36, 37, 38, 42, 43, 44, 45, 46, 47, 48, 49, 50, 51, 52, 53, 54, 55, 56, 57, 58]",0.48
C30H17O9,"{'C': 30, 'O': 9, 'H': 17}",521.08725712404,negative,-1,PEI,Polyetherimide (Ultem),adduct,break 1 bond(s) | O | ; | break 1 bond(s) | H shift -1 | OH | ; | break 1 bond(s) | O,1,0,O,,"[1, 2, 3, 4, 5, 6, 7, 8, 9, 10, 11, 12, 13, 14, 15, 16, 17, 18, 19, 20, 21, 22, 23, 24, 25, 26, 27, 28, 29, 30, 31, 32, 33, 34, 35, 36, 37, 38, 42, 43, 44, 45, 46, 47, 48, 49, 50, 51, 52, 53, 54, 55, 56, 57, 58]",0.48
C30H18O9,"{'C': 30, 'O': 9, 'H': 18}",522.09508215627,negative,-1,PEI,Polyetherimide (Ultem),adduct,break 1 bond(s) | OH | ; | break 1 bond(s) | H shift +1 | O | ; | break 1 bond(s) | OH,1,0,OH,,"[1, 2, 3, 4, 5, 6, 7, 8, 9, 10, 11, 12, 13, 14, 15, 16, 17, 18, 19, 20, 21, 22, 23, 24, 25, 26, 27, 28, 29, 30, 31, 32, 33, 34, 35, 36, 37, 38, 42, 43, 44, 45, 46, 47, 48, 49, 50, 51, 52, 53, 54, 55, 56, 57, 58]",0.48
C8H3ClO3,"{'C': 8, 'O': 3, 'H': 3, 'Cl': 1}",181.9770716374,negative,-1,PEI,Polyetherimide (Ultem),adduct,break 1 bond(s) | Cl | ; | break 1 bond(s) | Cl | ; | break 2 bond(s) | Cl | ; | break 2 bond(s) | Cl,1,0,Cl,,"[8, 9, 10, 11, 12, 13, 14, 15, 16, 17, 18, 47, 48, 49]",0.48
C8H3ClO4,"{'O': 4, 'C': 8, 'H': 3, 'Cl': 1}",197.97198625697,negative,-1,PEI,Polyetherimide (Ultem),adduct,break 1 bond(s) | Cl | ; | break 1 bond(s) | Cl | ; | break 2 bond(s) | Cl | ; | break 2 bond(s) | Cl,1,0,Cl,,"[7, 8, 9, 10, 11, 12, 13, 14, 15, 16, 17, 18, 47, 48, 49]",0.48
C8H3KO3,"{'C': 8, 'O': 3, 'H': 3, 'K': 1}",185.9719254418,positive,1,PEI,Polyetherimide (Ultem),adduct,break 1 bond(s) | K | ; | break 1 bond(s) | K | ; | break 2 bond(s) | K | ; | break 2 bond(s) | K,1,0,K,,"[8, 9, 10, 11, 12, 13, 14, 15, 16, 17, 18, 47, 48, 49]",0.48
C8H3KO4,"{'O': 4, 'C': 8, 'H': 3, 'K': 1}",201.96684006137,positive,1,PEI,Polyetherimide (Ultem),adduct,break 1 bond(s) | K | ; | break 1 bond(s) | K | ; | break 2 bond(s) | K | ; | break 2 bond(s) | K,1,0,K,,"[7, 8, 9, 10, 11, 12, 13, 14, 15, 16, 17, 18, 47, 48, 49]",0.48
C8H3NaO3,"{'C': 8, 'O': 3, 'H': 3, 'Na': 1}",169.9979882374,positive,1,PEI,Polyetherimide (Ultem),adduct,break 1 bond(s) | Na | ; | break 1 bond(s) | Na | ; | break 2 bond(s) | Na | ; | break 2 bond(s) | Na,1,0,Na,,"[8, 9, 10, 11, 12, 13, 14, 15, 16, 17, 18, 47, 48, 49]",0.48
C8H3NaO4,"{'O': 4, 'C': 8, 'H': 3, 'Na': 1}",185.99290285697,positive,1,PEI,Polyetherimide (Ultem),adduct,break 1 bond(s) | Na | ; | break 1 bond(s) | Na | ; | break 2 bond(s) | Na | ; | break 2 bond(s) | Na,1,0,Na,,"[7, 8, 9, 10, 11, 12, 13, 14, 15, 16, 17, 18, 47, 48, 49]",0.48
C8H3O5,"{'O': 5, 'C': 8, 'H': 3}",178.99804819454,negative,-1,PEI,Polyetherimide (Ultem),adduct,break 1 bond(s) | O | ; | break 1 bond(s) | H shift -1 | OH | ; | break 1 bond(s) | O,1,0,O,,"[7, 8, 9, 10, 11, 12, 13, 14, 15, 16, 17, 18, 47, 48, 49]",0.48
C8H4O5,"{'O': 5, 'C': 8, 'H': 4}",180.00587322677,negative,-1,PEI,Polyetherimide (Ultem),adduct,break 1 bond(s) | OH | ; | break 1 bond(s) | H shift +1 | O | ; | break 1 bond(s) | OH,1,0,OH,,"[7, 8, 9, 10, 11, 12, 13, 14, 15, 16, 17, 18, 47, 48, 49]",0.48
C15H13,"{'C': 15, 'H': 13}",193.10172541899,negative,-1,PEI,Polyetherimide (Ultem),adduct,break 2 bond(s) | -H,2,0,-H,,"[0, 1, 2, 3, 4, 5, 6, 19, 20, 21, 22, 23, 24, 37, 38, 39, 40, 41, 42, 43, 44, 45, 46, 50, 51, 52, 53, 57, 58]",0.45
C15H13O,"{'C': 15, 'O': 1, 'H': 13}",209.09664003856,negative,-1,PEI,Polyetherimide (Ultem),adduct,break 2 bond(s) | -H | ; | break 2 bond(s) | -H,2,0,-H,,"[0, 1, 2, 3, 4, 5, 6, 19, 20, 21, 22, 23, 24, 25, 37, 38, 39, 40, 41, 42, 43, 44, 45, 46, 50, 51, 52, 53, 57, 58]",0.45
C15H13O2,"{'C': 15, 'O': 2, 'H': 13}",225.09155465813,negative,-1,PEI,Polyetherimide (Ultem),adduct,break 2 bond(s) | -H,2,0,-H,,"[0, 1, 2, 3, 4, 5, 6, 7, 19, 20, 21, 22, 23, 24, 25, 37, 38, 39, 40, 41, 42, 43, 44, 45, 46, 50, 51, 52, 53, 57, 58]",0.45
C15H14,"{'C': 15, 'H': 14}",194.10955045122,neutral,0,PEI,Polyetherimide (Ultem),fragment,break 2 bond(s),2,0,,,"[0, 1, 2, 3, 4, 5, 6, 19, 20, 21, 22, 23, 24, 37, 38, 39, 40, 41, 42, 43, 44, 45, 46, 50, 51, 52, 53, 57, 58]",0.45
C15H14O,"{'C': 15, 'O': 1, 'H': 14}",210.10446507079,neutral,0,PEI,Polyetherimide (Ultem),fragment,break 2 bond(s) | ; | break 2 bond(s),2,0,,,"[0, 1, 2, 3, 4, 5, 6, 19, 20, 21, 22, 23, 24, 25, 37, 38, 39, 40, 41, 42, 43, 44, 45, 46, 50, 51, 52, 53, 57, 58]",0.45
C15H14O2,"{'C': 15, 'O': 2, 'H': 14}",226.09937969036,neutral,0,PEI,Polyetherimide (Ultem),fragment,break 2 bond(s),2,0,,,"[0, 1, 2, 3, 4, 5, 6, 7, 19, 20, 21, 22, 23, 24, 25, 37, 38, 39, 40, 41, 42, 43, 44, 45, 46, 50, 51, 52, 53, 57, 58]",0.45
C15H15,"{'C': 15, 'H': 15}",195.11737548345,positive,1,PEI,Polyetherimide (Ultem),adduct,break 2 bond(s) | H,2,0,H,,"[0, 1, 2, 3, 4, 5, 6, 19, 20, 21, 22, 23, 24, 37, 38, 39, 40, 41, 42, 43, 44, 45, 46, 50, 51, 52, 53, 57, 58]",0.45
C15H15O,"{'C': 15, 'O': 1, 'H': 15}",211.11229010302,positive,1,PEI,Polyetherimide (Ultem),adduct,break 2 bond(s) | H | ; | break 2 bond(s) | H,2,0,H,,"[0, 1, 2, 3, 4, 5, 6, 19, 20, 21, 22, 23, 24, 25, 37, 38, 39, 40, 41, 42, 43, 44, 45, 46, 50, 51, 52, 53, 57, 58]",0.45
C15H15O2,"{'C': 15, 'O': 2, 'H': 15}",227.10720472259,positive,1,PEI,Polyetherimide (Ultem),adduct,break 2 bond(s) | H,2,0,H,,"[0, 1, 2, 3, 4, 5, 6, 7, 19, 20, 21, 22, 23, 24, 25, 37, 38, 39, 40, 41, 42, 43, 44, 45, 46, 50, 51, 52, 53, 57, 58]",0.45
C16H10O4,"{'C': 16, 'O': 4, 'H': 10}",266.05790880058,neutral,0,PEI,Polyetherimide (Ultem),fragment,break 2 bond(s) | ; | break 2 bond(s) | ; | break 2 bond(s) | ; | break 2 bond(s),2,0,,,"[1, 2, 21, 22, 23, 24, 25, 26, 27, 28, 29, 30, 31, 32, 33, 34, 35, 36, 37, 38, 42, 43, 44, 52, 53, 54, 55, 56, 57, 58]",0.45
C16H11O4,"{'C': 16, 'O': 4, 'H': 11}",267.06573383281,positive,1,PEI,Polyetherimide (Ultem),adduct,break 2 bond(s) | H | ; | break 2 bond(s) | H | ; | break 2 bond(s) | H | ; | break 2 bond(s) | H,2,0,H,,"[1, 2, 21, 22, 23, 24, 25, 26, 27, 28, 29, 30, 31, 32, 33, 34, 35, 36, 37, 38, 42, 43, 44, 52, 53, 54, 55, 56, 57, 58]",0.45
C16H9O4,"{'C': 16, 'O': 4, 'H': 9}",265.05008376835,negative,-1,PEI,Polyetherimide (Ultem),adduct,break 2 bond(s) | -H | ; | break 2 bond(s) | -H | ; | break 2 bond(s) | -H | ; | break 2 bond(s) | -H,2,0,-H,,"[1, 2, 21, 22, 23, 24, 25, 26, 27, 28, 29, 30, 31, 32, 33, 34, 35, 36, 37, 38, 42, 43, 44, 52, 53, 54, 55, 56, 57, 58]",0.45
C22H13O4,"{'C': 22, 'O': 4, 'H': 13}",341.08138389727003,negative,-1,PEI,Polyetherimide (Ultem),adduct,break 2 bond(s) | -H | ; | break 2 bond(s) | -H | ; | break 2 bond(s) | -H | ; | break 2 bond(s) | -H,2,0,-H,,"[1, 2, 3, 4, 5, 6, 19, 20, 21, 22, 23, 24, 25, 26, 27, 28, 29, 30, 31, 32, 33, 34, 35, 36, 37, 38, 42, 43, 44, 45, 46, 50, 51, 52, 53, 54, 55, 56, 57, 58]",0.45
C22H13O5,"{'C': 22, 'O': 5, 'H': 13}",357.07629851684,negative,-1,PEI,Polyetherimide (Ultem),adduct,break 2 bond(s) | -H | ; | break 2 bond(s) | H shift -2 | OH | ; | break 2 bond(s) | H shift -1 | O,2,0,-H,,"[1, 2, 3, 4, 5, 6, 7, 19, 20, 21, 22, 23, 24, 25, 26, 27, 28, 29, 30, 31, 32, 33, 34, 35, 36, 37, 38, 42, 43, 44, 45, 46, 50, 51, 52, 53, 54, 55, 56, 57, 58]",0.45
C22H14O4,"{'C': 22, 'O': 4, 'H': 14}",342.0892089295,neutral,0,PEI,Polyetherimide (Ultem),fragment,break 2 bond(s) | ; | break 2 bond(s) | ; | break 2 bond(s) | ; | break 2 bond(s),2,0,,,"[1, 2, 3, 4, 5, 6, 19, 20, 21, 22, 23, 24, 25, 26, 27, 28, 29, 30, 31, 32, 33, 34, 35, 36, 37, 38, 42, 43, 44, 45, 46, 50, 51, 52, 53, 54, 55, 56, 57, 58]",0.45
C22H14O5,"{'C': 22, 'O': 5, 'H': 14}",358.08412354907,neutral,0,PEI,Polyetherimide (Ultem),fragment,break 2 bond(s) | ; | break 2 bond(s) | ; | break 2 bond(s) | ; | break 2 bond(s),2,0,,,"[1, 2, 3, 4, 5, 6, 7, 19, 20, 21, 22, 23, 24, 25, 26, 27, 28, 29, 30, 31, 32, 33, 34, 35, 36, 37, 38, 42, 43, 44, 45, 46, 50, 51, 52, 53, 54, 55, 56, 57, 58]",0.45
C22H15O4,"{'C': 22, 'O': 4, 'H': 15}",343.09703396173,positive,1,PEI,Polyetherimide (Ultem),adduct,break 2 bond(s) | H | ; | break 2 bond(s) | H | ; | break 2 bond(s) | H | ; | break 2 bond(s) | H,2,0,H,,"[1, 2, 3, 4, 5, 6, 19, 20, 21, 22, 23, 24, 25, 26, 27, 28, 29, 30, 31, 32, 33, 34, 35, 36, 37, 38, 42, 43, 44, 45, 46, 50, 51, 52, 53, 54, 55, 56, 57, 58]",0.45
C22H15O5,"{'C': 22, 'O': 5, 'H': 15}",359.0919485813,positive,1,PEI,Polyetherimide (Ultem),adduct,break 2 bond(s) | H | ; | break 2 bond(s) | H | ; | break 2 bond(s) | H | ; | break 2 bond(s) | H,2,0,H,,"[1, 2, 3, 4, 5, 6, 7, 19, 20, 21, 22, 23, 24, 25, 26, 27, 28, 29, 30, 31, 32, 33, 34, 35, 36, 37, 38, 42, 43, 44, 45, 46, 50, 51, 52, 53, 54, 55, 56, 57, 58]",0.45
C29H13O8,"{'C': 29, 'O': 8, 'H': 13}",489.06104237555,negative,-1,PEI,Polyetherimide (Ultem),adduct,break 2 bond(s) | -H,2,0,-H,,"[1, 3, 4, 5, 6, 7, 8, 9, 10, 11, 12, 13, 14, 15, 16, 17, 18, 19, 20, 21, 22, 23, 24, 25, 26, 27, 28, 29, 30, 31, 32, 33, 34, 35, 36, 37, 38, 45, 46, 47, 48, 49, 50, 51, 52, 53, 54, 55, 56, 57, 58]",0.45
C29H14O8,"{'C': 29, 'O': 8, 'H': 14}",490.06886740778,neutral,0,PEI,Polyetherimide (Ultem),fragment,break 2 bond(s),2,0,,,"[1, 3, 4, 5, 6, 7, 8, 9, 10, 11, 12, 13, 14, 15, 16, 17, 18, 19, 20, 21, 22, 23, 24, 25, 26, 27, 28, 29, 30, 31, 32, 33, 34, 35, 36, 37, 38, 45, 46, 47, 48, 49, 50, 51, 52, 53, 54, 55, 56, 57, 58]",0.45
C29H15O8,"{'C': 29, 'O': 8, 'H': 15}",491.07669244001,positive,1,PEI,Polyetherimide (Ultem),adduct,break 2 bond(s) | H,2,0,H,,"[1, 3, 4, 5, 6, 7, 8, 9, 10, 11, 12, 13, 14, 15, 16, 17, 18, 19, 20, 21, 22, 23, 24, 25, 26, 27, 28, 29, 30, 31, 32, 33, 34, 35, 36, 37, 38, 45, 46, 47, 48, 49, 50, 51, 52, 53, 54, 55, 56, 57, 58]",0.45
C3H5,"{'C': 3, 'H': 5}",41.03912516115,negative,-1,PEI,Polyetherimide (Ultem),adduct,break 2 bond(s) | -H,2,0,-H,,"[0, 1, 2, 39, 40, 41, 42, 43, 44]",0.45
C3H6,"{'C': 3, 'H': 6}",42.04695019338,neutral,0,PEI,Polyetherimide (Ultem),fragment,break 2 bond(s),2,0,,,"[0, 1, 2, 39, 40, 41, 42, 43, 44]",0.45
C3H7,"{'C': 3, 'H': 7}",43.05477522561,positive,1,PEI,Polyetherimide (Ultem),adduct,break 2 bond(s) | H,2,0,H,,"[0, 1, 2, 39, 40, 41, 42, 43, 44]",0.45
C6H3,"{'C': 6, 'H': 3}",75.02347509669,negative,-1,PEI,Polyetherimide (Ultem),adduct,break 2 bond(s) | -H | ; | break 2 bond(s) | -H,2,0,-H,,"[3, 4, 5, 6, 19, 20, 45, 46, 50, 51]",0.45
C6H3O,"{'C': 6, 'O': 1, 'H': 3}",91.01838971626,negative,-1,PEI,Polyetherimide (Ultem),adduct,break 2 bond(s) | -H | ; | break 2 bond(s) | H shift -2 | OH | ; | break 2 bond(s) | H shift -1 | O,2,0,-H,,"[3, 4, 5, 6, 7, 19, 20, 45, 46, 50, 51]",0.45
C6H4,"{'C': 6, 'H': 4}",76.03130012892,neutral,0,PEI,Polyetherimide (Ultem),fragment,break 2 bond(s) | ; | break 2 bond(s),2,0,,,"[3, 4, 5, 6, 19, 20, 45, 46, 50, 51]",0.45
C6H4O,"{'C': 6, 'O': 1, 'H': 4}",92.02621474849,neutral,0,PEI,Polyetherimide (Ultem),fragment,break 2 bond(s) | ; | break 2 bond(s),2,0,,,"[3, 4, 5, 6, 7, 19, 20, 45, 46, 50, 51]",0.45
C6H5,"{'C': 6, 'H': 5}",77.03912516115,positive,1,PEI,Polyetherimide (Ultem),adduct,break 2 bond(s) | H | ; | break 2 bond(s) | H,2,0,H,,"[3, 4, 5, 6, 19, 20, 45, 46, 50, 51]",0.45
C6H5O,"{'C': 6, 'O': 1, 'H': 5}",93.03403978072001,positive,1,PEI,Polyetherimide (Ultem),adduct,break 2 bond(s) | H | ; | break 2 bond(s) | H,2,0,H,,"[3, 4, 5, 6, 7, 19, 20, 45, 46, 50, 51]",0.45
C9H10,"{'C': 9, 'H': 10}",118.0782503223,neutral,0,PEI,Polyetherimide (Ultem),fragment,break 2 bond(s) | ; | break 2 bond(s),2,0,,,"[0, 1, 2, 21, 22, 23, 24, 37, 38, 39, 40, 41, 42, 43, 44, 52, 53, 57, 58]",0.45
C9H10O,"{'C': 9, 'O': 1, 'H': 10}",134.07316494187,neutral,0,PEI,Polyetherimide (Ultem),fragment,break 2 bond(s) | ; | break 2 bond(s),2,0,,,"[0, 1, 2, 21, 22, 23, 24, 25, 37, 38, 39, 40, 41, 42, 43, 44, 52, 53, 57, 58]",0.45
C9H11,"{'C': 9, 'H': 11}",119.08607535453,positive,1,PEI,Polyetherimide (Ultem),adduct,break 2 bond(s) | H | ; | break 2 bond(s) | H,2,0,H,,"[0, 1, 2, 21, 22, 23, 24, 37, 38, 39, 40, 41, 42, 43, 44, 52, 53, 57, 58]",0.45
C9H11O,"{'C': 9, 'O': 1, 'H': 11}",135.0809899741,positive,1,PEI,Polyetherimide (Ultem),adduct,break 2 bond(s) | H | ; | break 2 bond(s) | H,2,0,H,,"[0, 1, 2, 21, 22, 23, 24, 25, 37, 38, 39, 40, 41, 42, 43, 44, 52, 53, 57, 58]",0.45
C9H9,"{'C': 9, 'H': 9}",117.07042529007,negative,-1,PEI,Polyetherimide (Ultem),adduct,break 2 bond(s) | -H | ; | break 2 bond(s) | -H,2,0,-H,,"[0, 1, 2, 21, 22, 23, 24, 37, 38, 39, 40, 41, 42, 43, 44, 52, 53, 57, 58]",0.45
C9H9O,"{'C': 9, 'O': 1, 'H': 9}",133.06533990964,negative,-1,PEI,Polyetherimide (Ultem),adduct,break 2 bond(s) | -H | ; | break 2 bond(s) | H shift -2 | OH | ; | break 2 bond(s) | H shift -1 | O,2,0,-H,,"[0, 1, 2, 21, 22, 23, 24, 25, 37, 38, 39, 40, 41, 42, 43, 44, 52, 53, 57, 58]",0.45
C13H3O4,"{'C': 13, 'O': 4, 'H': 3}",223.00313357497,neutral,0,PEI,Polyetherimide (Ultem),neutral_loss,break 1 bond(s) | H shift -1 | -CH3 | ; | break 1 bond(s) | H shift -1 | -CH3 | ; | break 2 bond(s) | H shift -1 | -CH3,1,-1,,CH3,"[3, 4, 5, 6, 7, 8, 9, 10, 11, 12, 13, 14, 15, 16, 17, 18, 19, 20, 45, 46, 47, 48, 49, 50, 51]",0.44999999999999996
C13H5O4,"{'C': 13, 'O': 4, 'H': 5}",225.01878363943,neutral,0,PEI,Polyetherimide (Ultem),neutral_loss,break 1 bond(s) | H shift +1 | -CH3 | ; | break 1 bond(s) | H shift +1 | -CH3 | ; | break 2 bond(s) | H shift +1 | -CH3,1,1,,CH3,"[3, 4, 5, 6, 7, 8, 9, 10, 11, 12, 13, 14, 15, 16, 17, 18, 19, 20, 45, 46, 47, 48, 49, 50, 51]",0.44999999999999996
C13H6O2,"{'C': 13, 'O': 2, 'H': 6}",194.03677943252,neutral,0,PEI,Polyetherimide (Ultem),neutral_loss,break 1 bond(s) | H shift -1 | -CO2 | ; | break 1 bond(s) | H shift -1 | -CO2 | ; | break 2 bond(s) | H shift -1 | -CO2,1,-1,,CO2,"[3, 4, 5, 6, 7, 8, 9, 10, 11, 12, 13, 14, 15, 16, 17, 18, 19, 20, 45, 46, 47, 48, 49, 50, 51]",0.44999999999999996
C13H6O3,"{'C': 13, 'O': 3, 'H': 6}",210.03169405209002,neutral,0,PEI,Polyetherimide (Ultem),neutral_loss,break 1 bond(s) | H shift -1 | -CO | ; | break 1 bond(s) | H shift -1 | -CO | ; | break 2 bond(s) | H shift -1 | -CO,1,-1,,CO,"[3, 4, 5, 6, 7, 8, 9, 10, 11, 12, 13, 14, 15, 16, 17, 18, 19, 20, 45, 46, 47, 48, 49, 50, 51]",0.44999999999999996
C13H8O2,"{'C': 13, 'O': 2, 'H': 8}",196.05242949698,neutral,0,PEI,Polyetherimide (Ultem),neutral_loss,break 1 bond(s) | H shift +1 | -CO2 | ; | break 1 bond(s) | H shift +1 | -CO2 | ; | break 2 bond(s) | H shift +1 | -CO2,1,1,,CO2,"[3, 4, 5, 6, 7, 8, 9, 10, 11, 12, 13, 14, 15, 16, 17, 18, 19, 20, 45, 46, 47, 48, 49, 50, 51]",0.44999999999999996
C13H8O3,"{'C': 13, 'O': 3, 'H': 8}",212.04734411655,neutral,0,PEI,Polyetherimide (Ultem),neutral_loss,break 1 bond(s) | H shift +1 | -CO | ; | break 1 bond(s) | H shift +1 | -CO | ; | break 2 bond(s) | H shift +1 | -CO,1,1,,CO,"[3, 4, 5, 6, 7, 8, 9, 10, 11, 12, 13, 14, 15, 16, 17, 18, 19, 20, 45, 46, 47, 48, 49, 50, 51]",0.44999999999999996
C14H4O3,"{'C': 14, 'O': 3, 'H': 4}",220.01604398763,neutral,0,PEI,Polyetherimide (Ultem),neutral_loss,break 1 bond(s) | H shift -1 | -H2O | ; | break 1 bond(s) | H shift -2 | -OH | ; | break 1 bond(s) | H shift -1 | -H2O,1,-1,,H2O,"[3, 4, 5, 6, 7, 8, 9, 10, 11, 12, 13, 14, 15, 16, 17, 18, 19, 20, 45, 46, 47, 48, 49, 50, 51]",0.44999999999999996
C14H4O4,"{'C': 14, 'O': 4, 'H': 4}",236.0109586072,neutral,0,PEI,Polyetherimide (Ultem),neutral_loss,break 1 bond(s) | H shift -1 | -H2 | ; | break 1 bond(s) | H shift -1 | -H2 | ; | break 2 bond(s) | H shift -1 | -H2,1,-1,,H2,"[3, 4, 5, 6, 7, 8, 9, 10, 11, 12, 13, 14, 15, 16, 17, 18, 19, 20, 45, 46, 47, 48, 49, 50, 51]",0.44999999999999996
C14H6O4,"{'C': 14, 'O': 4, 'H': 6}",238.02660867166,neutral,0,PEI,Polyetherimide (Ultem),neutral_loss,break 1 bond(s) | H shift +1 | -H2 | ; | break 1 bond(s) | H shift +1 | -H2 | ; | break 2 bond(s) | H shift +1 | -H2,1,1,,H2,"[3, 4, 5, 6, 7, 8, 9, 10, 11, 12, 13, 14, 15, 16, 17, 18, 19, 20, 45, 46, 47, 48, 49, 50, 51]",0.44999999999999996
C14H7O3,"{'C': 14, 'O': 3, 'H': 7}",223.03951908432,neutral,0,PEI,Polyetherimide (Ultem),neutral_loss,break 1 bond(s) | H shift +1 | -OH | ; | break 1 bond(s) | H shift +2 | -H2O | ; | break 1 bond(s) | H shift +1 | -OH,1,1,,OH,"[3, 4, 5, 6, 7, 8, 9, 10, 11, 12, 13, 14, 15, 16, 17, 18, 19, 20, 45, 46, 47, 48, 49, 50, 51]",0.44999999999999996
C16H11O4,"{'C': 16, 'O': 4, 'H': 11}",267.06573383281,neutral,0,PEI,Polyetherimide (Ultem),neutral_loss,break 1 bond(s) | H shift +1 | -CH3 | ; | break 1 bond(s) | H shift +1 | -CH3 | ; | break 2 bond(s) | H shift +1 | -CH3,1,1,,CH3,"[0, 1, 2, 21, 22, 23, 24, 25, 26, 27, 28, 29, 30, 31, 32, 33, 34, 35, 36, 37, 38, 39, 40, 41, 42, 43, 44, 52, 53, 54, 55, 56, 57, 58]",0.44999999999999996
C16H12O2,"{'C': 16, 'O': 2, 'H': 12}",236.0837296259,neutral,0,PEI,Polyetherimide (Ultem),neutral_loss,break 1 bond(s) | H shift -1 | -CO2 | ; | break 1 bond(s) | H shift -1 | -CO2 | ; | break 2 bond(s) | H shift -1 | -CO2,1,-1,,CO2,"[0, 1, 2, 21, 22, 23, 24, 25, 26, 27, 28, 29, 30, 31, 32, 33, 34, 35, 36, 37, 38, 39, 40, 41, 42, 43, 44, 52, 53, 54, 55, 56, 57, 58]",0.44999999999999996
C16H12O3,"{'C': 16, 'O': 3, 'H': 12}",252.07864424547,neutral,0,PEI,Polyetherimide (Ultem),neutral_loss,break 1 bond(s) | H shift -1 | -CO | ; | break 1 bond(s) | H shift -1 | -CO | ; | break 2 bond(s) | H shift -1 | -CO,1,-1,,CO,"[0, 1, 2, 21, 22, 23, 24, 25, 26, 27, 28, 29, 30, 31, 32, 33, 34, 35, 36, 37, 38, 39, 40, 41, 42, 43, 44, 52, 53, 54, 55, 56, 57, 58]",0.44999999999999996
C16H14O2,"{'C': 16, 'O': 2, 'H': 14}",238.09937969036,neutral,0,PEI,Polyetherimide (Ultem),neutral_loss,break 1 bond(s) | H shift +1 | -CO2 | ; | break 1 bond(s) | H shift +1 | -CO2 | ; | break 2 bond(s) | H shift +1 | -CO2,1,1,,CO2,"[0, 1, 2, 21, 22, 23, 24, 25, 26, 27, 28, 29, 30, 31, 32, 33, 34, 35, 36, 37, 38, 39, 40, 41, 42, 43, 44, 52, 53, 54, 55, 56, 57, 58]",0.44999999999999996
C16H14O3,"{'C': 16, 'O': 3, 'H': 14}",254.09429430993,neutral,0,PEI,Polyetherimide (Ultem),neutral_loss,break 1 bond(s) | H shift +1 | -CO | ; | break 1 bond(s) | H shift +1 | -CO | ; | break 2 bond(s) | H shift +1 | -CO,1,1,,CO,"[0, 1, 2, 21, 22, 23, 24, 25, 26, 27, 28, 29, 30, 31, 32, 33, 34, 35, 36, 37, 38, 39, 40, 41, 42, 43, 44, 52, 53, 54, 55, 56, 57, 58]",0.44999999999999996
C16H9O4,"{'C': 16, 'O': 4, 'H': 9}",265.05008376835,neutral,0,PEI,Polyetherimide (Ultem),neutral_loss,break 1 bond(s) | H shift -1 | -CH3 | ; | break 1 bond(s) | H shift -1 | -CH3 | ; | break 2 bond(s) | H shift +1 | -H2,1,-1,,CH3,"[0, 1, 2, 21, 22, 23, 24, 25, 26, 27, 28, 29, 30, 31, 32, 33, 34, 35, 36, 37, 38, 39, 40, 41, 42, 43, 44, 52, 53, 54, 55, 56, 57, 58]",0.44999999999999996
C17H10O3,"{'C': 17, 'O': 3, 'H': 10}",262.06299418101,neutral,0,PEI,Polyetherimide (Ultem),neutral_loss,break 1 bond(s) | H shift -1 | -H2O | ; | break 1 bond(s) | H shift -2 | -OH | ; | break 1 bond(s) | H shift -1 | -H2O,1,-1,,H2O,"[0, 1, 2, 21, 22, 23, 24, 25, 26, 27, 28, 29, 30, 31, 32, 33, 34, 35, 36, 37, 38, 39, 40, 41, 42, 43, 44, 52, 53, 54, 55, 56, 57, 58]",0.44999999999999996
C17H10O4,"{'C': 17, 'O': 4, 'H': 10}",278.05790880058,neutral,0,PEI,Polyetherimide (Ultem),neutral_loss,break 1 bond(s) | H shift -1 | -H2 | ; | break 1 bond(s) | H shift -1 | -H2 | ; | break 2 bond(s) | H shift -1 | -H2,1,-1,,H2,"[0, 1, 2, 21, 22, 23, 24, 25, 26, 27, 28, 29, 30, 31, 32, 33, 34, 35, 36, 37, 38, 39, 40, 41, 42, 43, 44, 52, 53, 54, 55, 56, 57, 58]",0.44999999999999996
C17H12O4,"{'C': 17, 'O': 4, 'H': 12}",280.07355886504,neutral,0,PEI,Polyetherimide (Ultem),neutral_loss,break 1 bond(s) | H shift +1 | -H2 | ; | break 1 bond(s) | H shift +1 | -H2 | ; | break 2 bond(s) | H shift +1 | -H2,1,1,,H2,"[0, 1, 2, 21, 22, 23, 24, 25, 26, 27, 28, 29, 30, 31, 32, 33, 34, 35, 36, 37, 38, 39, 40, 41, 42, 43, 44, 52, 53, 54, 55, 56, 57, 58]",0.44999999999999996
C17H13O3,"{'C': 17, 'O': 3, 'H': 13}",265.0864692777,neutral,0,PEI,Polyetherimide (Ultem),neutral_loss,break 1 bond(s) | H shift +1 | -OH | ; | break 1 bond(s) | H shift +2 | -H2O | ; | break 1 bond(s) | H shift +1 | -OH,1,1,,OH,"[0, 1, 2, 21, 22, 23, 24, 25, 26, 27, 28, 29, 30, 31, 32, 33, 34, 35, 36, 37, 38, 39, 40, 41, 42, 43, 44, 52, 53, 54, 55, 56, 57, 58]",0.44999999999999996
C22H13O4,"{'C': 22, 'O': 4, 'H': 13}",341.08138389727003,neutral,0,PEI,Polyetherimide (Ultem),neutral_loss,break 1 bond(s) | H shift -1 | -CH3 | ; | break 1 bond(s) | H shift -1 | -CH3 | ; | break 2 bond(s) | H shift +1 | -H2,1,-1,,CH3,"[0, 1, 2, 3, 4, 5, 6, 19, 20, 21, 22, 23, 24, 25, 26, 27, 28, 29, 30, 31, 32, 33, 34, 35, 36, 37, 38, 39, 40, 41, 42, 43, 44, 45, 46, 50, 51, 52, 53, 54, 55, 56, 57, 58]",0.44999999999999996
C22H13O5,"{'C': 22, 'O': 5, 'H': 13}",357.07629851684,neutral,0,PEI,Polyetherimide (Ultem),neutral_loss,break 1 bond(s) | H shift -1 | -CH3 | ; | break 1 bond(s) | H shift -1 | -CH3 | ; | break 2 bond(s) | H shift +1 | -H2,1,-1,,CH3,"[0, 1, 2, 3, 4, 5, 6, 7, 19, 20, 21, 22, 23, 24, 25, 26, 27, 28, 29, 30, 31, 32, 33, 34, 35, 36, 37, 38, 39, 40, 41, 42, 43, 44, 45, 46, 50, 51, 52, 53, 54, 55, 56, 57, 58]",0.44999999999999996
C22H15O4,"{'C': 22, 'O': 4, 'H': 15}",343.09703396173,neutral,0,PEI,Polyetherimide (Ultem),neutral_loss,break 1 bond(s) | H shift +1 | -CH3 | ; | break 1 bond(s) | H shift -2 | -CO | ; | break 1 bond(s) | H shift +1 | -CH3,1,1,,CH3,"[0, 1, 2, 3, 4, 5, 6, 19, 20, 21, 22, 23, 24, 25, 26, 27, 28, 29, 30, 31, 32, 33, 34, 35, 36, 37, 38, 39, 40, 41, 42, 43, 44, 45, 46, 50, 51, 52, 53, 54, 55, 56, 57, 58]",0.44999999999999996
C22H15O5,"{'C': 22, 'O': 5, 'H': 15}",359.0919485813,neutral,0,PEI,Polyetherimide (Ultem),neutral_loss,break 1 bond(s) | H shift +1 | -CH3 | ; | break 1 bond(s) | H shift +1 | -CH3,1,1,,CH3,"[0, 1, 2, 3, 4, 5, 6, 7, 19, 20, 21, 22, 23, 24, 25, 26, 27, 28, 29, 30, 31, 32, 33, 34, 35, 36, 37, 38, 39, 40, 41, 42, 43, 44, 45, 46, 50, 51, 52, 53, 54, 55, 56, 57, 58]",0.44999999999999996
C22H16O2,"{'C': 22, 'O': 2, 'H': 16}",312.11502975482,neutral,0,PEI,Polyetherimide (Ultem),neutral_loss,break 1 bond(s) | H shift -1 | -CO2 | ; | break 1 bond(s) | H shift -1 | -CO2 | ; | break 2 bond(s) | H shift -1 | -CO2,1,-1,,CO2,"[0, 1, 2, 3, 4, 5, 6, 19, 20, 21, 22, 23, 24, 25, 26, 27, 28, 29, 30, 31, 32, 33, 34, 35, 36, 37, 38, 39, 40, 41, 42, 43, 44, 45, 46, 50, 51, 52, 53, 54, 55, 56, 57, 58]",0.44999999999999996
C22H16O3,"{'C': 22, 'O': 3, 'H': 16}",328.10994437439,neutral,0,PEI,Polyetherimide (Ultem),neutral_loss,break 1 bond(s) | H shift -1 | -CO | ; | break 1 bond(s) | H shift -1 | -CO2 | ; | break 1 bond(s) | H shift -1 | -CO,1,-1,,CO,"[0, 1, 2, 3, 4, 5, 6, 19, 20, 21, 22, 23, 24, 25, 26, 27, 28, 29, 30, 31, 32, 33, 34, 35, 36, 37, 38, 39, 40, 41, 42, 43, 44, 45, 46, 50, 51, 52, 53, 54, 55, 56, 57, 58]",0.44999999999999996
C22H16O4,"{'C': 22, 'O': 4, 'H': 16}",344.10485899396,neutral,0,PEI,Polyetherimide (Ultem),neutral_loss,break 1 bond(s) | H shift -1 | -CO | ; | break 1 bond(s) | H shift +2 | -CH3 | ; | break 1 bond(s) | H shift -1 | -CO,1,-1,,CO,"[0, 1, 2, 3, 4, 5, 6, 7, 19, 20, 21, 22, 23, 24, 25, 26, 27, 28, 29, 30, 31, 32, 33, 34, 35, 36, 37, 38, 39, 40, 41, 42, 43, 44, 45, 46, 50, 51, 52, 53, 54, 55, 56, 57, 58]",0.44999999999999996
C22H18O2,"{'C': 22, 'O': 2, 'H': 18}",314.13067981928,neutral,0,PEI,Polyetherimide (Ultem),neutral_loss,break 1 bond(s) | H shift +1 | -CO2 | ; | break 1 bond(s) | H shift +1 | -CO2 | ; | break 2 bond(s) | H shift +1 | -CO2,1,1,,CO2,"[0, 1, 2, 3, 4, 5, 6, 19, 20, 21, 22, 23, 24, 25, 26, 27, 28, 29, 30, 31, 32, 33, 34, 35, 36, 37, 38, 39, 40, 41, 42, 43, 44, 45, 46, 50, 51, 52, 53, 54, 55, 56, 57, 58]",0.44999999999999996
C22H18O3,"{'C': 22, 'O': 3, 'H': 18}",330.12559443885,neutral,0,PEI,Polyetherimide (Ultem),neutral_loss,break 1 bond(s) | H shift +1 | -CO | ; | break 1 bond(s) | H shift +1 | -CO2 | ; | break 1 bond(s) | H shift +1 | -CO,1,1,,CO,"[0, 1, 2, 3, 4, 5, 6, 19, 20, 21, 22, 23, 24, 25, 26, 27, 28, 29, 30, 31, 32, 33, 34, 35, 36, 37, 38, 39, 40, 41, 42, 43, 44, 45, 46, 50, 51, 52, 53, 54, 55, 56, 57, 58]",0.44999999999999996
C22H18O4,"{'C': 22, 'O': 4, 'H': 18}",346.12050905842,neutral,0,PEI,Polyetherimide (Ultem),neutral_loss,break 1 bond(s) | H shift +1 | -CO | ; | break 1 bond(s) | H shift +1 | -CO,1,1,,CO,"[0, 1, 2, 3, 4, 5, 6, 7, 19, 20, 21, 22, 23, 24, 25, 26, 27, 28, 29, 30, 31, 32, 33, 34, 35, 36, 37, 38, 39, 40, 41, 42, 43, 44, 45, 46, 50, 51, 52, 53, 54, 55, 56, 57, 58]",0.44999999999999996
C23H14O3,"{'C': 23, 'O': 3, 'H': 14}",338.09429430993,neutral,0,PEI,Polyetherimide (Ultem),neutral_loss,break 1 bond(s) | H shift -1 | -H2O | ; | break 1 bond(s) | H shift -2 | -OH | ; | break 1 bond(s) | H shift -1 | -H2O,1,-1,,H2O,"[0, 1, 2, 3, 4, 5, 6, 19, 20, 21, 22, 23, 24, 25, 26, 27, 28, 29, 30, 31, 32, 33, 34, 35, 36, 37, 38, 39, 40, 41, 42, 43, 44, 45, 46, 50, 51, 52, 53, 54, 55, 56, 57, 58]",0.44999999999999996
C23H14O4,"{'C': 23, 'O': 4, 'H': 14}",354.0892089295,neutral,0,PEI,Polyetherimide (Ultem),neutral_loss,break 1 bond(s) | H shift -1 | -H2 | ; | break 1 bond(s) | H shift -2 | -OH | ; | break 1 bond(s) | H shift -1 | -H2O,1,-1,,H2,"[0, 1, 2, 3, 4, 5, 6, 19, 20, 21, 22, 23, 24, 25, 26, 27, 28, 29, 30, 31, 32, 33, 34, 35, 36, 37, 38, 39, 40, 41, 42, 43, 44, 45, 46, 50, 51, 52, 53, 54, 55, 56, 57, 58]",0.44999999999999996
C23H14O5,"{'C': 23, 'O': 5, 'H': 14}",370.08412354907,neutral,0,PEI,Polyetherimide (Ultem),neutral_loss,break 1 bond(s) | H shift -1 | -H2 | ; | break 1 bond(s) | H shift -1 | -H2,1,-1,,H2,"[0, 1, 2, 3, 4, 5, 6, 7, 19, 20, 21, 22, 23, 24, 25, 26, 27, 28, 29, 30, 31, 32, 33, 34, 35, 36, 37, 38, 39, 40, 41, 42, 43, 44, 45, 46, 50, 51, 52, 53, 54, 55, 56, 57, 58]",0.44999999999999996
C23H16O5,"{'C': 23, 'O': 5, 'H': 16}",372.09977361353,neutral,0,PEI,Polyetherimide (Ultem),neutral_loss,break 1 bond(s) | H shift +1 | -H2 | ; | break 1 bond(s) | H shift +1 | -H2,1,1,,H2,"[0, 1, 2, 3, 4, 5, 6, 7, 19, 20, 21, 22, 23, 24, 25, 26, 27, 28, 29, 30, 31, 32, 33, 34, 35, 36, 37, 38, 39, 40, 41, 42, 43, 44, 45, 46, 50, 51, 52, 53, 54, 55, 56, 57, 58]",0.44999999999999996
C23H17O3,"{'C': 23, 'O': 3, 'H': 17}",341.11776940662,neutral,0,PEI,Polyetherimide (Ultem),neutral_loss,break 1 bond(s) | H shift +1 | -OH | ; | break 1 bond(s) | H shift +2 | -H2O | ; | break 1 bond(s) | H shift +1 | -OH,1,1,,OH,"[0, 1, 2, 3, 4, 5, 6, 19, 20, 21, 22, 23, 24, 25, 26, 27, 28, 29, 30, 31, 32, 33, 34, 35, 36, 37, 38, 39, 40, 41, 42, 43, 44, 45, 46, 50, 51, 52, 53, 54, 55, 56, 57, 58]",0.44999999999999996
C23H17O4,"{'C': 23, 'O': 4, 'H': 17}",357.11268402619,neutral,0,PEI,Polyetherimide (Ultem),neutral_loss,break 1 bond(s) | H shift +1 | -OH | ; | break 1 bond(s) | H shift +2 | -H2O | ; | break 1 bond(s) | H shift +2 | -H2,1,1,,OH,"[0, 1, 2, 3, 4, 5, 6, 7, 19, 20, 21, 22, 23, 24, 25, 26, 27, 28, 29, 30, 31, 32, 33, 34, 35, 36, 37, 38, 39, 40, 41, 42, 43, 44, 45, 46, 50, 51, 52, 53, 54, 55, 56, 57, 58]",0.44999999999999996
C29H13O8,"{'C': 29, 'O': 8, 'H': 13}",489.06104237555,neutral,0,PEI,Polyetherimide (Ultem),neutral_loss,break 1 bond(s) | H shift -1 | -CH3 | ; | break 1 bond(s) | H shift -1 | -CH3 | ; | break 2 bond(s) | H shift +1 | -H2,1,-1,,CH3,"[1, 2, 3, 4, 5, 6, 7, 8, 9, 10, 11, 12, 13, 14, 15, 16, 17, 18, 19, 20, 21, 22, 23, 24, 25, 26, 27, 28, 29, 30, 31, 32, 33, 34, 35, 36, 37, 38, 42, 43, 44, 45, 46, 47, 48, 49, 50, 51, 52, 53, 54, 55, 56, 57, 58]",0.44999999999999996
C29H15O8,"{'C': 29, 'O': 8, 'H': 15}",491.07669244001,neutral,0,PEI,Polyetherimide (Ultem),neutral_loss,break 1 bond(s) | H shift +1 | -CH3 | ; | break 1 bond(s) | H shift +1 | -CH3,1,1,,CH3,"[1, 2, 3, 4, 5, 6, 7, 8, 9, 10, 11, 12, 13, 14, 15, 16, 17, 18, 19, 20, 21, 22, 23, 24, 25, 26, 27, 28, 29, 30, 31, 32, 33, 34, 35, 36, 37, 38, 42, 43, 44, 45, 46, 47, 48, 49, 50, 51, 52, 53, 54, 55, 56, 57, 58]",0.44999999999999996
C29H16O6,"{'C': 29, 'O': 6, 'H': 16}",460.0946882331,neutral,0,PEI,Polyetherimide (Ultem),neutral_loss,break 1 bond(s) | H shift -1 | -CO2 | ; | break 1 bond(s) | H shift -1 | -CO2,1,-1,,CO2,"[1, 2, 3, 4, 5, 6, 7, 8, 9, 10, 11, 12, 13, 14, 15, 16, 17, 18, 19, 20, 21, 22, 23, 24, 25, 26, 27, 28, 29, 30, 31, 32, 33, 34, 35, 36, 37, 38, 42, 43, 44, 45, 46, 47, 48, 49, 50, 51, 52, 53, 54, 55, 56, 57, 58]",0.44999999999999996
C29H16O7,"{'C': 29, 'O': 7, 'H': 16}",476.08960285267,neutral,0,PEI,Polyetherimide (Ultem),neutral_loss,break 1 bond(s) | H shift -1 | -CO | ; | break 1 bond(s) | H shift -1 | -CO,1,-1,,CO,"[1, 2, 3, 4, 5, 6, 7, 8, 9, 10, 11, 12, 13, 14, 15, 16, 17, 18, 19, 20, 21, 22, 23, 24, 25, 26, 27, 28, 29, 30, 31, 32, 33, 34, 35, 36, 37, 38, 42, 43, 44, 45, 46, 47, 48, 49, 50, 51, 52, 53, 54, 55, 56, 57, 58]",0.44999999999999996
C29H18O6,"{'C': 29, 'O': 6, 'H': 18}",462.11033829756,neutral,0,PEI,Polyetherimide (Ultem),neutral_loss,break 1 bond(s) | H shift +1 | -CO2 | ; | break 1 bond(s) | H shift +1 | -CO2,1,1,,CO2,"[1, 2, 3, 4, 5, 6, 7, 8, 9, 10, 11, 12, 13, 14, 15, 16, 17, 18, 19, 20, 21, 22, 23, 24, 25, 26, 27, 28, 29, 30, 31, 32, 33, 34, 35, 36, 37, 38, 42, 43, 44, 45, 46, 47, 48, 49, 50, 51, 52, 53, 54, 55, 56, 57, 58]",0.44999999999999996
C29H18O7,"{'C': 29, 'O': 7, 'H': 18}",478.10525291713003,neutral,0,PEI,Polyetherimide (Ultem),neutral_loss,break 1 bond(s) | H shift +1 | -CO | ; | break 1 bond(s) | H shift +1 | -CO,1,1,,CO,"[1, 2, 3, 4, 5, 6, 7, 8, 9, 10, 11, 12, 13, 14, 15, 16, 17, 18, 19, 20, 21, 22, 23, 24, 25, 26, 27, 28, 29, 30, 31, 32, 33, 34, 35, 36, 37, 38, 42, 43, 44, 45, 46, 47, 48, 49, 50, 51, 52, 53, 54, 55, 56, 57, 58]",0.44999999999999996
C30H14O7,"{'C': 30, 'O': 7, 'H': 14}",486.07395278821,neutral,0,PEI,Polyetherimide (Ultem),neutral_loss,break 1 bond(s) | H shift -1 | -H2O | ; | break 1 bond(s) | H shift -2 | -OH | ; | break 1 bond(s) | H shift -1 | -H2O,1,-1,,H2O,"[1, 2, 3, 4, 5, 6, 7, 8, 9, 10, 11, 12, 13, 14, 15, 16, 17, 18, 19, 20, 21, 22, 23, 24, 25, 26, 27, 28, 29, 30, 31, 32, 33, 34, 35, 36, 37, 38, 42, 43, 44, 45, 46, 47, 48, 49, 50, 51, 52, 53, 54, 55, 56, 57, 58]",0.44999999999999996
C30H14O8,"{'C': 30, 'O': 8, 'H': 14}",502.06886740778,neutral,0,PEI,Polyetherimide (Ultem),neutral_loss,break 1 bond(s) | H shift -1 | -H2 | ; | break 1 bond(s) | H shift -1 | -H2,1,-1,,H2,"[1, 2, 3, 4, 5, 6, 7, 8, 9, 10, 11, 12, 13, 14, 15, 16, 17, 18, 19, 20, 21, 22, 23, 24, 25, 26, 27, 28, 29, 30, 31, 32, 33, 34, 35, 36, 37, 38, 42, 43, 44, 45, 46, 47, 48, 49, 50, 51, 52, 53, 54, 55, 56, 57, 58]",0.44999999999999996
C30H17O7,"{'C': 30, 'O': 7, 'H': 17}",489.0974278849,neutral,0,PEI,Polyetherimide (Ultem),neutral_loss,break 1 bond(s) | H shift +1 | -OH | ; | break 1 bond(s) | H shift +2 | -H2O | ; | break 1 bond(s) | H shift +1 | -OH,1,1,,OH,"[1, 2, 3, 4, 5, 6, 7, 8, 9, 10, 11, 12, 13, 14, 15, 16, 17, 18, 19, 20, 21, 22, 23, 24, 25, 26, 27, 28, 29, 30, 31, 32, 33, 34, 35, 36, 37, 38, 42, 43, 44, 45, 46, 47, 48, 49, 50, 51, 52, 53, 54, 55, 56, 57, 58]",0.44999999999999996
C7H2O,"{'C': 7, 'O': 1, 'H': 2}",102.01056468403,neutral,0,PEI,Polyetherimide (Ultem),neutral_loss,break 1 bond(s) | H shift -1 | -CO2 | ; | break 1 bond(s) | H shift -1 | -CO2 | ; | break 2 bond(s) | H shift -1 | -CO2,1,-1,,CO2,"[8, 9, 10, 11, 12, 13, 14, 15, 16, 17, 18, 47, 48, 49]",0.44999999999999996
C7H2O2,"{'O': 2, 'C': 7, 'H': 2}",118.0054793036,neutral,0,PEI,Polyetherimide (Ultem),neutral_loss,break 1 bond(s) | H shift -1 | -CO2 | ; | break 1 bond(s) | H shift -1 | -CO | ; | break 1 bond(s) | H shift -1 | -CO2,1,-1,,CO2,"[7, 8, 9, 10, 11, 12, 13, 14, 15, 16, 17, 18, 47, 48, 49]",0.44999999999999996
C7H2O3,"{'O': 3, 'C': 7, 'H': 2}",134.00039392317,neutral,0,PEI,Polyetherimide (Ultem),neutral_loss,break 1 bond(s) | H shift -1 | -CO | ; | break 1 bond(s) | H shift +2 | -CH3 | ; | break 1 bond(s) | H shift -1 | -CO,1,-1,,CO,"[7, 8, 9, 10, 11, 12, 13, 14, 15, 16, 17, 18, 47, 48, 49]",0.44999999999999996
C7H4O,"{'C': 7, 'O': 1, 'H': 4}",104.02621474849,neutral,0,PEI,Polyetherimide (Ultem),neutral_loss,break 1 bond(s) | H shift +1 | -CO2 | ; | break 1 bond(s) | H shift +1 | -CO2 | ; | break 2 bond(s) | H shift +1 | -CO2,1,1,,CO2,"[8, 9, 10, 11, 12, 13, 14, 15, 16, 17, 18, 47, 48, 49]",0.44999999999999996
C7H4O2,"{'O': 2, 'C': 7, 'H': 4}",120.02112936806,neutral,0,PEI,Polyetherimide (Ultem),neutral_loss,break 1 bond(s) | H shift +1 | -CO2 | ; | break 1 bond(s) | H shift +1 | -CO | ; | break 1 bond(s) | H shift +1 | -CO2,1,1,,CO2,"[7, 8, 9, 10, 11, 12, 13, 14, 15, 16, 17, 18, 47, 48, 49]",0.44999999999999996
C7H4O3,"{'O': 3, 'C': 7, 'H': 4}",136.01604398763,neutral,0,PEI,Polyetherimide (Ultem),neutral_loss,break 1 bond(s) | H shift +1 | -CO | ; | break 1 bond(s) | H shift +1 | -CO | ; | break 2 bond(s) | H shift +1 | -CO,1,1,,CO,"[7, 8, 9, 10, 11, 12, 13, 14, 15, 16, 17, 18, 47, 48, 49]",0.44999999999999996
C7HO3,"{'C': 7, 'O': 3, 'H': 1}",132.99256889094,neutral,0,PEI,Polyetherimide (Ultem),neutral_loss,break 1 bond(s) | H shift +1 | -CH3 | ; | break 1 bond(s) | H shift -2 | -CO | ; | break 1 bond(s) | H shift +1 | -CH3,1,1,,CH3,"[8, 9, 10, 11, 12, 13, 14, 15, 16, 17, 18, 47, 48, 49]",0.44999999999999996
C7HO4,"{'O': 4, 'C': 7, 'H': 1}",148.98748351051,neutral,0,PEI,Polyetherimide (Ultem),neutral_loss,break 1 bond(s) | H shift +1 | -CH3 | ; | break 1 bond(s) | H shift +1 | -CH3 | ; | break 2 bond(s) | H shift +1 | -CH3,1,1,,CH3,"[7, 8, 9, 10, 11, 12, 13, 14, 15, 16, 17, 18, 47, 48, 49]",0.44999999999999996
C8H2O4,"{'O': 4, 'C': 8, 'H': 2}",161.99530854274,neutral,0,PEI,Polyetherimide (Ultem),neutral_loss,break 1 bond(s) | H shift +1 | -H2 | ; | break 1 bond(s) | H shift +1 | -H2 | ; | break 2 bond(s) | H shift +1 | -H2,1,1,,H2,"[7, 8, 9, 10, 11, 12, 13, 14, 15, 16, 17, 18, 47, 48, 49]",0.44999999999999996
C8H3O2,"{'C': 8, 'O': 2, 'H': 3}",131.01330433583001,neutral,0,PEI,Polyetherimide (Ultem),neutral_loss,break 1 bond(s) | H shift +1 | -OH | ; | break 1 bond(s) | H shift +2 | -H2O | ; | break 1 bond(s) | H shift +1 | -OH,1,1,,OH,"[8, 9, 10, 11, 12, 13, 14, 15, 16, 17, 18, 47, 48, 49]",0.44999999999999996
C8H3O3,"{'O': 3, 'C': 8, 'H': 3}",147.0082189554,neutral,0,PEI,Polyetherimide (Ultem),neutral_loss,break 1 bond(s) | H shift +1 | -OH | ; | break 1 bond(s) | H shift +2 | -H2O | ; | break 1 bond(s) | H shift +2 | -H2,1,1,,OH,"[7, 8, 9, 10, 11, 12, 13, 14, 15, 16, 17, 18, 47, 48, 49]",0.44999999999999996
C8O2,"{'C': 8, 'O': 2}",127.98982923914,neutral,0,PEI,Polyetherimide (Ultem),neutral_loss,break 1 bond(s) | H shift -1 | -H2O | ; | break 1 bond(s) | H shift -2 | -OH | ; | break 1 bond(s) | H shift -1 | -H2O,1,-1,,H2O,"[8, 9, 10, 11, 12, 13, 14, 15, 16, 17, 18, 47, 48, 49]",0.44999999999999996
C8O3,"{'O': 3, 'C': 8}",143.98474385871,neutral,0,PEI,Polyetherimide (Ultem),neutral_loss,break 1 bond(s) | H shift -1 | -H2O | ; | break 1 bond(s) | H shift -1 | -H2 | ; | break 1 bond(s) | H shift -2 | -OH,1,-1,,H2O,"[7, 8, 9, 10, 11, 12, 13, 14, 15, 16, 17, 18, 47, 48, 49]",0.44999999999999996
C8O4,"{'O': 4, 'C': 8}",159.97965847828,neutral,0,PEI,Polyetherimide (Ultem),neutral_loss,break 1 bond(s) | H shift -1 | -H2 | ; | break 1 bond(s) | H shift -1 | -H2 | ; | break 2 bond(s) | H shift -1 | -H2,1,-1,,H2,"[7, 8, 9, 10, 11, 12, 13, 14, 15, 16, 17, 18, 47, 48, 49]",0.44999999999999996
C62H40ClO16,"{'C': 62, 'H': 40, 'O': 16, 'Cl': 1}",1075.20048788432,negative,-1,PEI,Polyetherimide (Ultem),dimer,2M | Cl,0,0,Cl,,,0.43
C62H40NaO16,"{'C': 62, 'H': 40, 'O': 16, 'Na': 1}",1063.22140448432,positive,1,PEI,Polyetherimide (Ultem),dimer,2M | Na,0,0,Na,,,0.43
C14H6ClO4,"{'C': 14, 'O': 4, 'H': 6, 'Cl': 1}",272.99546135366,negative,-1,PEI,Polyetherimide (Ultem),adduct,break 1 bond(s) | H shift -1 | Cl | ; | break 1 bond(s) | H shift -1 | Cl | ; | break 2 bond(s) | H shift -1 | Cl,1,-1,Cl,,"[3, 4, 5, 6, 7, 8, 9, 10, 11, 12, 13, 14, 15, 16, 17, 18, 19, 20, 45, 46, 47, 48, 49, 50, 51]",0.42999999999999994
C14H6KO4,"{'C': 14, 'O': 4, 'H': 6, 'K': 1}",276.99031515806,positive,1,PEI,Polyetherimide (Ultem),adduct,break 1 bond(s) | H shift -1 | K | ; | break 1 bond(s) | H shift -1 | K | ; | break 2 bond(s) | H shift -1 | K,1,-1,K,,"[3, 4, 5, 6, 7, 8, 9, 10, 11, 12, 13, 14, 15, 16, 17, 18, 19, 20, 45, 46, 47, 48, 49, 50, 51]",0.42999999999999994
C14H6NaO4,"{'C': 14, 'O': 4, 'H': 6, 'Na': 1}",261.01637795366,positive,1,PEI,Polyetherimide (Ultem),adduct,break 1 bond(s) | H shift -1 | Na | ; | break 1 bond(s) | H shift -1 | Na | ; | break 2 bond(s) | H shift -1 | Na,1,-1,Na,,"[3, 4, 5, 6, 7, 8, 9, 10, 11, 12, 13, 14, 15, 16, 17, 18, 19, 20, 45, 46, 47, 48, 49, 50, 51]",0.42999999999999994
C14H6O5,"{'C': 14, 'O': 5, 'H': 6}",254.02152329123,negative,-1,PEI,Polyetherimide (Ultem),adduct,break 1 bond(s) | H shift -1 | O | ; | break 1 bond(s) | H shift -2 | OH | ; | break 1 bond(s) | H shift -1 | O,1,-1,O,,"[3, 4, 5, 6, 7, 8, 9, 10, 11, 12, 13, 14, 15, 16, 17, 18, 19, 20, 45, 46, 47, 48, 49, 50, 51]",0.42999999999999994
C14H8ClO4,"{'C': 14, 'O': 4, 'H': 8, 'Cl': 1}",275.01111141812,negative,-1,PEI,Polyetherimide (Ultem),adduct,break 1 bond(s) | H shift +1 | Cl | ; | break 1 bond(s) | H shift +1 | Cl | ; | break 2 bond(s) | H shift +1 | Cl,1,1,Cl,,"[3, 4, 5, 6, 7, 8, 9, 10, 11, 12, 13, 14, 15, 16, 17, 18, 19, 20, 45, 46, 47, 48, 49, 50, 51]",0.42999999999999994
C14H8KO4,"{'C': 14, 'O': 4, 'H': 8, 'K': 1}",279.00596522252,positive,1,PEI,Polyetherimide (Ultem),adduct,break 1 bond(s) | H shift +1 | K | ; | break 1 bond(s) | H shift +1 | K | ; | break 2 bond(s) | H shift +1 | K,1,1,K,,"[3, 4, 5, 6, 7, 8, 9, 10, 11, 12, 13, 14, 15, 16, 17, 18, 19, 20, 45, 46, 47, 48, 49, 50, 51]",0.42999999999999994
C14H8NaO4,"{'C': 14, 'O': 4, 'H': 8, 'Na': 1}",263.03202801812,positive,1,PEI,Polyetherimide (Ultem),adduct,break 1 bond(s) | H shift +1 | Na | ; | break 1 bond(s) | H shift +1 | Na | ; | break 2 bond(s) | H shift +1 | Na,1,1,Na,,"[3, 4, 5, 6, 7, 8, 9, 10, 11, 12, 13, 14, 15, 16, 17, 18, 19, 20, 45, 46, 47, 48, 49, 50, 51]",0.42999999999999994
C14H9O5,"{'C': 14, 'O': 5, 'H': 9}",257.04499838792,negative,-1,PEI,Polyetherimide (Ultem),adduct,break 1 bond(s) | H shift +1 | OH | ; | break 1 bond(s) | H shift +2 | O | ; | break 1 bond(s) | H shift +1 | OH,1,1,OH,,"[3, 4, 5, 6, 7, 8, 9, 10, 11, 12, 13, 14, 15, 16, 17, 18, 19, 20, 45, 46, 47, 48, 49, 50, 51]",0.42999999999999994
C17H12ClO4,"{'C': 17, 'O': 4, 'H': 12, 'Cl': 1}",315.04241154704,negative,-1,PEI,Polyetherimide (Ultem),adduct,break 1 bond(s) | H shift -1 | Cl | ; | break 1 bond(s) | H shift -1 | Cl | ; | break 2 bond(s) | H shift -1 | Cl,1,-1,Cl,,"[0, 1, 2, 21, 22, 23, 24, 25, 26, 27, 28, 29, 30, 31, 32, 33, 34, 35, 36, 37, 38, 39, 40, 41, 42, 43, 44, 52, 53, 54, 55, 56, 57, 58]",0.42999999999999994
C17H12KO4,"{'C': 17, 'O': 4, 'H': 12, 'K': 1}",319.03726535144,positive,1,PEI,Polyetherimide (Ultem),adduct,break 1 bond(s) | H shift -1 | K | ; | break 1 bond(s) | H shift -1 | K | ; | break 2 bond(s) | H shift -1 | K,1,-1,K,,"[0, 1, 2, 21, 22, 23, 24, 25, 26, 27, 28, 29, 30, 31, 32, 33, 34, 35, 36, 37, 38, 39, 40, 41, 42, 43, 44, 52, 53, 54, 55, 56, 57, 58]",0.42999999999999994
C17H12NaO4,"{'C': 17, 'O': 4, 'H': 12, 'Na': 1}",303.06332814704,positive,1,PEI,Polyetherimide (Ultem),adduct,break 1 bond(s) | H shift -1 | Na | ; | break 1 bond(s) | H shift -1 | Na | ; | break 2 bond(s) | H shift -1 | Na,1,-1,Na,,"[0, 1, 2, 21, 22, 23, 24, 25, 26, 27, 28, 29, 30, 31, 32, 33, 34, 35, 36, 37, 38, 39, 40, 41, 42, 43, 44, 52, 53, 54, 55, 56, 57, 58]",0.42999999999999994
C17H12O5,"{'C': 17, 'O': 5, 'H': 12}",296.06847348461,negative,-1,PEI,Polyetherimide (Ultem),adduct,break 1 bond(s) | H shift -1 | O | ; | break 1 bond(s) | H shift -2 | OH | ; | break 1 bond(s) | H shift -1 | O,1,-1,O,,"[0, 1, 2, 21, 22, 23, 24, 25, 26, 27, 28, 29, 30, 31, 32, 33, 34, 35, 36, 37, 38, 39, 40, 41, 42, 43, 44, 52, 53, 54, 55, 56, 57, 58]",0.42999999999999994
C17H14ClO4,"{'C': 17, 'O': 4, 'H': 14, 'Cl': 1}",317.0580616115,negative,-1,PEI,Polyetherimide (Ultem),adduct,break 1 bond(s) | H shift +1 | Cl | ; | break 1 bond(s) | H shift +1 | Cl | ; | break 2 bond(s) | H shift +1 | Cl,1,1,Cl,,"[0, 1, 2, 21, 22, 23, 24, 25, 26, 27, 28, 29, 30, 31, 32, 33, 34, 35, 36, 37, 38, 39, 40, 41, 42, 43, 44, 52, 53, 54, 55, 56, 57, 58]",0.42999999999999994
C17H14KO4,"{'C': 17, 'O': 4, 'H': 14, 'K': 1}",321.0529154159,positive,1,PEI,Polyetherimide (Ultem),adduct,break 1 bond(s) | H shift +1 | K | ; | break 1 bond(s) | H shift +1 | K | ; | break 2 bond(s) | H shift +1 | K,1,1,K,,"[0, 1, 2, 21, 22, 23, 24, 25, 26, 27, 28, 29, 30, 31, 32, 33, 34, 35, 36, 37, 38, 39, 40, 41, 42, 43, 44, 52, 53, 54, 55, 56, 57, 58]",0.42999999999999994
C17H14NaO4,"{'C': 17, 'O': 4, 'H': 14, 'Na': 1}",305.0789782115,positive,1,PEI,Polyetherimide (Ultem),adduct,break 1 bond(s) | H shift +1 | Na | ; | break 1 bond(s) | H shift +1 | Na | ; | break 2 bond(s) | H shift +1 | Na,1,1,Na,,"[0, 1, 2, 21, 22, 23, 24, 25, 26, 27, 28, 29, 30, 31, 32, 33, 34, 35, 36, 37, 38, 39, 40, 41, 42, 43, 44, 52, 53, 54, 55, 56, 57, 58]",0.42999999999999994
C17H15O5,"{'C': 17, 'O': 5, 'H': 15}",299.0919485813,negative,-1,PEI,Polyetherimide (Ultem),adduct,break 1 bond(s) | H shift +1 | OH | ; | break 1 bond(s) | H shift +2 | O | ; | break 1 bond(s) | H shift +1 | OH,1,1,OH,,"[0, 1, 2, 21, 22, 23, 24, 25, 26, 27, 28, 29, 30, 31, 32, 33, 34, 35, 36, 37, 38, 39, 40, 41, 42, 43, 44, 52, 53, 54, 55, 56, 57, 58]",0.42999999999999994
C23H16ClO4,"{'C': 23, 'O': 4, 'H': 16, 'Cl': 1}",391.07371167596,negative,-1,PEI,Polyetherimide (Ultem),adduct,break 1 bond(s) | H shift -1 | Cl | ; | break 1 bond(s) | H shift -1 | Cl | ; | break 2 bond(s) | H shift -1 | Cl,1,-1,Cl,,"[0, 1, 2, 3, 4, 5, 6, 19, 20, 21, 22, 23, 24, 25, 26, 27, 28, 29, 30, 31, 32, 33, 34, 35, 36, 37, 38, 39, 40, 41, 42, 43, 44, 45, 46, 50, 51, 52, 53, 54, 55, 56, 57, 58]",0.42999999999999994
C23H16ClO5,"{'C': 23, 'O': 5, 'H': 16, 'Cl': 1}",407.06862629553,negative,-1,PEI,Polyetherimide (Ultem),adduct,break 1 bond(s) | H shift -1 | Cl | ; | break 1 bond(s) | H shift -1 | Cl,1,-1,Cl,,"[0, 1, 2, 3, 4, 5, 6, 7, 19, 20, 21, 22, 23, 24, 25, 26, 27, 28, 29, 30, 31, 32, 33, 34, 35, 36, 37, 38, 39, 40, 41, 42, 43, 44, 45, 46, 50, 51, 52, 53, 54, 55, 56, 57, 58]",0.42999999999999994
C23H16KO4,"{'C': 23, 'O': 4, 'H': 16, 'K': 1}",395.06856548036,positive,1,PEI,Polyetherimide (Ultem),adduct,break 1 bond(s) | H shift -1 | K | ; | break 1 bond(s) | H shift -1 | K | ; | break 2 bond(s) | H shift -1 | K,1,-1,K,,"[0, 1, 2, 3, 4, 5, 6, 19, 20, 21, 22, 23, 24, 25, 26, 27, 28, 29, 30, 31, 32, 33, 34, 35, 36, 37, 38, 39, 40, 41, 42, 43, 44, 45, 46, 50, 51, 52, 53, 54, 55, 56, 57, 58]",0.42999999999999994
C23H16KO5,"{'C': 23, 'O': 5, 'H': 16, 'K': 1}",411.06348009993,positive,1,PEI,Polyetherimide (Ultem),adduct,break 1 bond(s) | H shift -1 | K | ; | break 1 bond(s) | H shift -1 | K,1,-1,K,,"[0, 1, 2, 3, 4, 5, 6, 7, 19, 20, 21, 22, 23, 24, 25, 26, 27, 28, 29, 30, 31, 32, 33, 34, 35, 36, 37, 38, 39, 40, 41, 42, 43, 44, 45, 46, 50, 51, 52, 53, 54, 55, 56, 57, 58]",0.42999999999999994
C23H16NaO4,"{'C': 23, 'O': 4, 'H': 16, 'Na': 1}",379.09462827596,positive,1,PEI,Polyetherimide (Ultem),adduct,break 1 bond(s) | H shift -1 | Na | ; | break 1 bond(s) | H shift -1 | Na | ; | break 2 bond(s) | H shift -1 | Na,1,-1,Na,,"[0, 1, 2, 3, 4, 5, 6, 19, 20, 21, 22, 23, 24, 25, 26, 27, 28, 29, 30, 31, 32, 33, 34, 35, 36, 37, 38, 39, 40, 41, 42, 43, 44, 45, 46, 50, 51, 52, 53, 54, 55, 56, 57, 58]",0.42999999999999994
C23H16NaO5,"{'C': 23, 'O': 5, 'H': 16, 'Na': 1}",395.08954289553,positive,1,PEI,Polyetherimide (Ultem),adduct,break 1 bond(s) | H shift -1 | Na | ; | break 1 bond(s) | H shift -1 | Na,1,-1,Na,,"[0, 1, 2, 3, 4, 5, 6, 7, 19, 20, 21, 22, 23, 24, 25, 26, 27, 28, 29, 30, 31, 32, 33, 34, 35, 36, 37, 38, 39, 40, 41, 42, 43, 44, 45, 46, 50, 51, 52, 53, 54, 55, 56, 57, 58]",0.42999999999999994
C23H16O6,"{'C': 23, 'O': 6, 'H': 16}",388.0946882331,negative,-1,PEI,Polyetherimide (Ultem),adduct,break 1 bond(s) | H shift -1 | O | ; | break 1 bond(s) | H shift -2 | OH | ; | break 1 bond(s) | H shift -1 | O,1,-1,O,,"[0, 1, 2, 3, 4, 5, 6, 7, 19, 20, 21, 22, 23, 24, 25, 26, 27, 28, 29, 30, 31, 32, 33, 34, 35, 36, 37, 38, 39, 40, 41, 42, 43, 44, 45, 46, 50, 51, 52, 53, 54, 55, 56, 57, 58]",0.42999999999999994
C23H18ClO4,"{'C': 23, 'O': 4, 'H': 18, 'Cl': 1}",393.08936174042,negative,-1,PEI,Polyetherimide (Ultem),adduct,break 1 bond(s) | H shift +1 | Cl | ; | break 1 bond(s) | H shift +1 | Cl | ; | break 2 bond(s) | H shift +1 | Cl,1,1,Cl,,"[0, 1, 2, 3, 4, 5, 6, 19, 20, 21, 22, 23, 24, 25, 26, 27, 28, 29, 30, 31, 32, 33, 34, 35, 36, 37, 38, 39, 40, 41, 42, 43, 44, 45, 46, 50, 51, 52, 53, 54, 55, 56, 57, 58]",0.42999999999999994
C23H18ClO5,"{'C': 23, 'O': 5, 'H': 18, 'Cl': 1}",409.08427635999,negative,-1,PEI,Polyetherimide (Ultem),adduct,break 1 bond(s) | H shift +1 | Cl | ; | break 1 bond(s) | H shift +1 | Cl,1,1,Cl,,"[0, 1, 2, 3, 4, 5, 6, 7, 19, 20, 21, 22, 23, 24, 25, 26, 27, 28, 29, 30, 31, 32, 33, 34, 35, 36, 37, 38, 39, 40, 41, 42, 43, 44, 45, 46, 50, 51, 52, 53, 54, 55, 56, 57, 58]",0.42999999999999994
C23H18KO4,"{'C': 23, 'O': 4, 'H': 18, 'K': 1}",397.08421554482,positive,1,PEI,Polyetherimide (Ultem),adduct,break 1 bond(s) | H shift +1 | K | ; | break 1 bond(s) | H shift +1 | K | ; | break 2 bond(s) | H shift +1 | K,1,1,K,,"[0, 1, 2, 3, 4, 5, 6, 19, 20, 21, 22, 23, 24, 25, 26, 27, 28, 29, 30, 31, 32, 33, 34, 35, 36, 37, 38, 39, 40, 41, 42, 43, 44, 45, 46, 50, 51, 52, 53, 54, 55, 56, 57, 58]",0.42999999999999994
C23H18KO5,"{'C': 23, 'O': 5, 'H': 18, 'K': 1}",413.07913016439,positive,1,PEI,Polyetherimide (Ultem),adduct,break 1 bond(s) | H shift +1 | K | ; | break 1 bond(s) | H shift +1 | K,1,1,K,,"[0, 1, 2, 3, 4, 5, 6, 7, 19, 20, 21, 22, 23, 24, 25, 26, 27, 28, 29, 30, 31, 32, 33, 34, 35, 36, 37, 38, 39, 40, 41, 42, 43, 44, 45, 46, 50, 51, 52, 53, 54, 55, 56, 57, 58]",0.42999999999999994
C23H18NaO4,"{'C': 23, 'O': 4, 'H': 18, 'Na': 1}",381.11027834042,positive,1,PEI,Polyetherimide (Ultem),adduct,break 1 bond(s) | H shift +1 | Na | ; | break 1 bond(s) | H shift +1 | Na | ; | break 2 bond(s) | H shift +1 | Na,1,1,Na,,"[0, 1, 2, 3, 4, 5, 6, 19, 20, 21, 22, 23, 24, 25, 26, 27, 28, 29, 30, 31, 32, 33, 34, 35, 36, 37, 38, 39, 40, 41, 42, 43, 44, 45, 46, 50, 51, 52, 53, 54, 55, 56, 57, 58]",0.42999999999999994
C23H18NaO5,"{'C': 23, 'O': 5, 'H': 18, 'Na': 1}",397.10519295999,positive,1,PEI,Polyetherimide (Ultem),adduct,break 1 bond(s) | H shift +1 | Na | ; | break 1 bond(s) | H shift +1 | Na,1,1,Na,,"[0, 1, 2, 3, 4, 5, 6, 7, 19, 20, 21, 22, 23, 24, 25, 26, 27, 28, 29, 30, 31, 32, 33, 34, 35, 36, 37, 38, 39, 40, 41, 42, 43, 44, 45, 46, 50, 51, 52, 53, 54, 55, 56, 57, 58]",0.42999999999999994
C23H19O5,"{'C': 23, 'O': 5, 'H': 19}",375.12324871021997,negative,-1,PEI,Polyetherimide (Ultem),adduct,break 1 bond(s) | H shift +1 | OH | ; | break 1 bond(s) | H shift +2 | O | ; | break 1 bond(s) | H shift +1 | OH,1,1,OH,,"[0, 1, 2, 3, 4, 5, 6, 19, 20, 21, 22, 23, 24, 25, 26, 27, 28, 29, 30, 31, 32, 33, 34, 35, 36, 37, 38, 39, 40, 41, 42, 43, 44, 45, 46, 50, 51, 52, 53, 54, 55, 56, 57, 58]",0.42999999999999994
C23H19O6,"{'C': 23, 'O': 6, 'H': 19}",391.11816332979004,negative,-1,PEI,Polyetherimide (Ultem),adduct,break 1 bond(s) | H shift +1 | OH | ; | break 1 bond(s) | H shift +2 | O | ; | break 1 bond(s) | H shift +1 | OH,1,1,OH,,"[0, 1, 2, 3, 4, 5, 6, 7, 19, 20, 21, 22, 23, 24, 25, 26, 27, 28, 29, 30, 31, 32, 33, 34, 35, 36, 37, 38, 39, 40, 41, 42, 43, 44, 45, 46, 50, 51, 52, 53, 54, 55, 56, 57, 58]",0.42999999999999994
C30H16ClO8,"{'C': 30, 'O': 8, 'H': 16, 'Cl': 1}",539.05337015424,negative,-1,PEI,Polyetherimide (Ultem),adduct,break 1 bond(s) | H shift -1 | Cl | ; | break 1 bond(s) | H shift -1 | Cl,1,-1,Cl,,"[1, 2, 3, 4, 5, 6, 7, 8, 9, 10, 11, 12, 13, 14, 15, 16, 17, 18, 19, 20, 21, 22, 23, 24, 25, 26, 27, 28, 29, 30, 31, 32, 33, 34, 35, 36, 37, 38, 42, 43, 44, 45, 46, 47, 48, 49, 50, 51, 52, 53, 54, 55, 56, 57, 58]",0.42999999999999994
C30H16KO8,"{'C': 30, 'O': 8, 'H': 16, 'K': 1}",543.04822395864,positive,1,PEI,Polyetherimide (Ultem),adduct,break 1 bond(s) | H shift -1 | K | ; | break 1 bond(s) | H shift -1 | K,1,-1,K,,"[1, 2, 3, 4, 5, 6, 7, 8, 9, 10, 11, 12, 13, 14, 15, 16, 17, 18, 19, 20, 21, 22, 23, 24, 25, 26, 27, 28, 29, 30, 31, 32, 33, 34, 35, 36, 37, 38, 42, 43, 44, 45, 46, 47, 48, 49, 50, 51, 52, 53, 54, 55, 56, 57, 58]",0.42999999999999994
C30H16NaO8,"{'C': 30, 'O': 8, 'H': 16, 'Na': 1}",527.07428675424,positive,1,PEI,Polyetherimide (Ultem),adduct,break 1 bond(s) | H shift -1 | Na | ; | break 1 bond(s) | H shift -1 | Na,1,-1,Na,,"[1, 2, 3, 4, 5, 6, 7, 8, 9, 10, 11, 12, 13, 14, 15, 16, 17, 18, 19, 20, 21, 22, 23, 24, 25, 26, 27, 28, 29, 30, 31, 32, 33, 34, 35, 36, 37, 38, 42, 43, 44, 45, 46, 47, 48, 49, 50, 51, 52, 53, 54, 55, 56, 57, 58]",0.42999999999999994
C30H16O9,"{'C': 30, 'O': 9, 'H': 16}",520.07943209181,negative,-1,PEI,Polyetherimide (Ultem),adduct,break 1 bond(s) | H shift -1 | O | ; | break 1 bond(s) | H shift -2 | OH | ; | break 1 bond(s) | H shift -1 | O,1,-1,O,,"[1, 2, 3, 4, 5, 6, 7, 8, 9, 10, 11, 12, 13, 14, 15, 16, 17, 18, 19, 20, 21, 22, 23, 24, 25, 26, 27, 28, 29, 30, 31, 32, 33, 34, 35, 36, 37, 38, 42, 43, 44, 45, 46, 47, 48, 49, 50, 51, 52, 53, 54, 55, 56, 57, 58]",0.42999999999999994
C30H18ClO8,"{'C': 30, 'O': 8, 'H': 18, 'Cl': 1}",541.0690202187,negative,-1,PEI,Polyetherimide (Ultem),adduct,break 1 bond(s) | H shift +1 | Cl | ; | break 1 bond(s) | H shift +1 | Cl,1,1,Cl,,"[1, 2, 3, 4, 5, 6, 7, 8, 9, 10, 11, 12, 13, 14, 15, 16, 17, 18, 19, 20, 21, 22, 23, 24, 25, 26, 27, 28, 29, 30, 31, 32, 33, 34, 35, 36, 37, 38, 42, 43, 44, 45, 46, 47, 48, 49, 50, 51, 52, 53, 54, 55, 56, 57, 58]",0.42999999999999994
C30H18KO8,"{'C': 30, 'O': 8, 'H': 18, 'K': 1}",545.0638740231,positive,1,PEI,Polyetherimide (Ultem),adduct,break 1 bond(s) | H shift +1 | K | ; | break 1 bond(s) | H shift +1 | K,1,1,K,,"[1, 2, 3, 4, 5, 6, 7, 8, 9, 10, 11, 12, 13, 14, 15, 16, 17, 18, 19, 20, 21, 22, 23, 24, 25, 26, 27, 28, 29, 30, 31, 32, 33, 34, 35, 36, 37, 38, 42, 43, 44, 45, 46, 47, 48, 49, 50, 51, 52, 53, 54, 55, 56, 57, 58]",0.42999999999999994
C30H18NaO8,"{'C': 30, 'O': 8, 'H': 18, 'Na': 1}",529.0899368187,positive,1,PEI,Polyetherimide (Ultem),adduct,break 1 bond(s) | H shift +1 | Na | ; | break 1 bond(s) | H shift +1 | Na,1,1,Na,,"[1, 2, 3, 4, 5, 6, 7, 8, 9, 10, 11, 12, 13, 14, 15, 16, 17, 18, 19, 20, 21, 22, 23, 24, 25, 26, 27, 28, 29, 30, 31, 32, 33, 34, 35, 36, 37, 38, 42, 43, 44, 45, 46, 47, 48, 49, 50, 51, 52, 53, 54, 55, 56, 57, 58]",0.42999999999999994
C30H19O9,"{'C': 30, 'O': 9, 'H': 19}",523.1029071885,negative,-1,PEI,Polyetherimide (Ultem),adduct,break 1 bond(s) | H shift +1 | OH | ; | break 1 bond(s) | H shift +2 | O | ; | break 1 bond(s) | H shift +1 | OH,1,1,OH,,"[1, 2, 3, 4, 5, 6, 7, 8, 9, 10, 11, 12, 13, 14, 15, 16, 17, 18, 19, 20, 21, 22, 23, 24, 25, 26, 27, 28, 29, 30, 31, 32, 33, 34, 35, 36, 37, 38, 42, 43, 44, 45, 46, 47, 48, 49, 50, 51, 52, 53, 54, 55, 56, 57, 58]",0.42999999999999994
C8H2ClO3,"{'C': 8, 'O': 3, 'H': 2, 'Cl': 1}",180.96924660517,negative,-1,PEI,Polyetherimide (Ultem),adduct,break 1 bond(s) | H shift -1 | Cl | ; | break 1 bond(s) | H shift -1 | Cl | ; | break 2 bond(s) | H shift -1 | Cl,1,-1,Cl,,"[8, 9, 10, 11, 12, 13, 14, 15, 16, 17, 18, 47, 48, 49]",0.42999999999999994
C8H2ClO4,"{'O': 4, 'C': 8, 'H': 2, 'Cl': 1}",196.96416122474,negative,-1,PEI,Polyetherimide (Ultem),adduct,break 1 bond(s) | H shift -1 | Cl | ; | break 1 bond(s) | H shift -1 | Cl | ; | break 2 bond(s) | H shift -1 | Cl,1,-1,Cl,,"[7, 8, 9, 10, 11, 12, 13, 14, 15, 16, 17, 18, 47, 48, 49]",0.42999999999999994
C8H2KO3,"{'C': 8, 'O': 3, 'H': 2, 'K': 1}",184.96410040957,positive,1,PEI,Polyetherimide (Ultem),adduct,break 1 bond(s) | H shift -1 | K | ; | break 1 bond(s) | H shift -1 | K | ; | break 2 bond(s) | H shift -1 | K,1,-1,K,,"[8, 9, 10, 11, 12, 13, 14, 15, 16, 17, 18, 47, 48, 49]",0.42999999999999994
C8H2KO4,"{'O': 4, 'C': 8, 'H': 2, 'K': 1}",200.95901502914,positive,1,PEI,Polyetherimide (Ultem),adduct,break 1 bond(s) | H shift -1 | K | ; | break 1 bond(s) | H shift -1 | K | ; | break 2 bond(s) | H shift -1 | K,1,-1,K,,"[7, 8, 9, 10, 11, 12, 13, 14, 15, 16, 17, 18, 47, 48, 49]",0.42999999999999994
C8H2NaO3,"{'C': 8, 'O': 3, 'H': 2, 'Na': 1}",168.99016320517,positive,1,PEI,Polyetherimide (Ultem),adduct,break 1 bond(s) | H shift -1 | Na | ; | break 1 bond(s) | H shift -1 | Na | ; | break 2 bond(s) | H shift -1 | Na,1,-1,Na,,"[8, 9, 10, 11, 12, 13, 14, 15, 16, 17, 18, 47, 48, 49]",0.42999999999999994
C8H2NaO4,"{'O': 4, 'C': 8, 'H': 2, 'Na': 1}",184.98507782474,positive,1,PEI,Polyetherimide (Ultem),adduct,break 1 bond(s) | H shift -1 | Na | ; | break 1 bond(s) | H shift -1 | Na | ; | break 2 bond(s) | H shift -1 | Na,1,-1,Na,,"[7, 8, 9, 10, 11, 12, 13, 14, 15, 16, 17, 18, 47, 48, 49]",0.42999999999999994
C8H2O5,"{'O': 5, 'C': 8, 'H': 2}",177.99022316231,negative,-1,PEI,Polyetherimide (Ultem),adduct,break 1 bond(s) | H shift -1 | O | ; | break 1 bond(s) | H shift -2 | OH | ; | break 1 bond(s) | H shift -1 | O,1,-1,O,,"[7, 8, 9, 10, 11, 12, 13, 14, 15, 16, 17, 18, 47, 48, 49]",0.42999999999999994
C8H4ClO3,"{'C': 8, 'O': 3, 'H': 4, 'Cl': 1}",182.98489666963,negative,-1,PEI,Polyetherimide (Ultem),adduct,break 1 bond(s) | H shift +1 | Cl | ; | break 1 bond(s) | H shift +1 | Cl | ; | break 2 bond(s) | H shift +1 | Cl,1,1,Cl,,"[8, 9, 10, 11, 12, 13, 14, 15, 16, 17, 18, 47, 48, 49]",0.42999999999999994
C8H4ClO4,"{'O': 4, 'C': 8, 'H': 4, 'Cl': 1}",198.9798112892,negative,-1,PEI,Polyetherimide (Ultem),adduct,break 1 bond(s) | H shift +1 | Cl | ; | break 1 bond(s) | H shift +1 | Cl | ; | break 2 bond(s) | H shift +1 | Cl,1,1,Cl,,"[7, 8, 9, 10, 11, 12, 13, 14, 15, 16, 17, 18, 47, 48, 49]",0.42999999999999994
C8H4KO3,"{'C': 8, 'O': 3, 'H': 4, 'K': 1}",186.97975047403,positive,1,PEI,Polyetherimide (Ultem),adduct,break 1 bond(s) | H shift +1 | K | ; | break 1 bond(s) | H shift +1 | K | ; | break 2 bond(s) | H shift +1 | K,1,1,K,,"[8, 9, 10, 11, 12, 13, 14, 15, 16, 17, 18, 47, 48, 49]",0.42999999999999994
C8H4KO4,"{'O': 4, 'C': 8, 'H': 4, 'K': 1}",202.9746650936,positive,1,PEI,Polyetherimide (Ultem),adduct,break 1 bond(s) | H shift +1 | K | ; | break 1 bond(s) | H shift +1 | K | ; | break 2 bond(s) | H shift +1 | K,1,1,K,,"[7, 8, 9, 10, 11, 12, 13, 14, 15, 16, 17, 18, 47, 48, 49]",0.42999999999999994
C8H4NaO3,"{'C': 8, 'O': 3, 'H': 4, 'Na': 1}",171.00581326963,positive,1,PEI,Polyetherimide (Ultem),adduct,break 1 bond(s) | H shift +1 | Na | ; | break 1 bond(s) | H shift +1 | Na | ; | break 2 bond(s) | H shift +1 | Na,1,1,Na,,"[8, 9, 10, 11, 12, 13, 14, 15, 16, 17, 18, 47, 48, 49]",0.42999999999999994
C8H4NaO4,"{'O': 4, 'C': 8, 'H': 4, 'Na': 1}",187.0007278892,positive,1,PEI,Polyetherimide (Ultem),adduct,break 1 bond(s) | H shift +1 | Na | ; | break 1 bond(s) | H shift +1 | Na | ; | break 2 bond(s) | H shift +1 | Na,1,1,Na,,"[7, 8, 9, 10, 11, 12, 13, 14, 15, 16, 17, 18, 47, 48, 49]",0.42999999999999994
C8H5O4,"{'C': 8, 'O': 4, 'H': 5}",165.01878363943,negative,-1,PEI,Polyetherimide (Ultem),adduct,break 1 bond(s) | H shift +1 | OH | ; | break 1 bond(s) | H shift +2 | O | ; | break 1 bond(s) | H shift +1 | OH,1,1,OH,,"[8, 9, 10, 11, 12, 13, 14, 15, 16, 17, 18, 47, 48, 49]",0.42999999999999994
C8H5O5,"{'O': 5, 'C': 8, 'H': 5}",181.013698259,negative,-1,PEI,Polyetherimide (Ultem),adduct,break 1 bond(s) | H shift +1 | OH | ; | break 1 bond(s) | H shift +2 | O | ; | break 1 bond(s) | H shift +1 | OH,1,1,OH,,"[7, 8, 9, 10, 11, 12, 13, 14, 15, 16, 17, 18, 47, 48, 49]",0.42999999999999994
C13H2O4,"{'C': 13, 'O': 4, 'H': 2}",221.99530854274,neutral,0,PEI,Polyetherimide (Ultem),neutral_loss,break 1 bond(s) | H shift -2 | -CH3 | ; | break 1 bond(s) | H shift -2 | -CH3 | ; | break 2 bond(s) | H shift -2 | -CH3,1,-2,,CH3,"[3, 4, 5, 6, 7, 8, 9, 10, 11, 12, 13, 14, 15, 16, 17, 18, 19, 20, 45, 46, 47, 48, 49, 50, 51]",0.4
C13H5O2,"{'C': 13, 'O': 2, 'H': 5}",193.02895440029,neutral,0,PEI,Polyetherimide (Ultem),neutral_loss,break 1 bond(s) | H shift -2 | -CO2 | ; | break 1 bond(s) | H shift -2 | -CO2 | ; | break 2 bond(s) | H shift -2 | -CO2,1,-2,,CO2,"[3, 4, 5, 6, 7, 8, 9, 10, 11, 12, 13, 14, 15, 16, 17, 18, 19, 20, 45, 46, 47, 48, 49, 50, 51]",0.4
C13H5O3,"{'C': 13, 'O': 3, 'H': 5}",209.02386901986,neutral,0,PEI,Polyetherimide (Ultem),neutral_loss,break 1 bond(s) | H shift -2 | -CO | ; | break 1 bond(s) | H shift -2 | -CO | ; | break 2 bond(s) | H shift -2 | -CO,1,-2,,CO,"[3, 4, 5, 6, 7, 8, 9, 10, 11, 12, 13, 14, 15, 16, 17, 18, 19, 20, 45, 46, 47, 48, 49, 50, 51]",0.4
C13H6O4,"{'C': 13, 'O': 4, 'H': 6}",226.02660867166,neutral,0,PEI,Polyetherimide (Ultem),neutral_loss,break 1 bond(s) | H shift +2 | -CH3 | ; | break 1 bond(s) | H shift +2 | -CH3 | ; | break 2 bond(s) | H shift +2 | -CH3,1,2,,CH3,"[3, 4, 5, 6, 7, 8, 9, 10, 11, 12, 13, 14, 15, 16, 17, 18, 19, 20, 45, 46, 47, 48, 49, 50, 51]",0.4
C13H9O2,"{'C': 13, 'O': 2, 'H': 9}",197.06025452921,neutral,0,PEI,Polyetherimide (Ultem),neutral_loss,break 1 bond(s) | H shift +2 | -CO2 | ; | break 1 bond(s) | H shift +2 | -CO2 | ; | break 2 bond(s) | H shift +2 | -CO2,1,2,,CO2,"[3, 4, 5, 6, 7, 8, 9, 10, 11, 12, 13, 14, 15, 16, 17, 18, 19, 20, 45, 46, 47, 48, 49, 50, 51]",0.4
C13H9O3,"{'C': 13, 'O': 3, 'H': 9}",213.05516914878,neutral,0,PEI,Polyetherimide (Ultem),neutral_loss,break 1 bond(s) | H shift +2 | -CO | ; | break 1 bond(s) | H shift +2 | -CO | ; | break 2 bond(s) | H shift +2 | -CO,1,2,,CO,"[3, 4, 5, 6, 7, 8, 9, 10, 11, 12, 13, 14, 15, 16, 17, 18, 19, 20, 45, 46, 47, 48, 49, 50, 51]",0.4
C14H3O3,"{'C': 14, 'O': 3, 'H': 3}",219.0082189554,neutral,0,PEI,Polyetherimide (Ultem),neutral_loss,break 1 bond(s) | H shift -2 | -H2O | ; | break 1 bond(s) | H shift -2 | -H2O | ; | break 2 bond(s) | H shift -2 | -H2O,1,-2,,H2O,"[3, 4, 5, 6, 7, 8, 9, 10, 11, 12, 13, 14, 15, 16, 17, 18, 19, 20, 45, 46, 47, 48, 49, 50, 51]",0.4
C14H3O4,"{'C': 14, 'O': 4, 'H': 3}",235.00313357497,neutral,0,PEI,Polyetherimide (Ultem),neutral_loss,break 1 bond(s) | H shift -2 | -H2 | ; | break 1 bond(s) | H shift -2 | -H2 | ; | break 2 bond(s) | H shift -2 | -H2,1,-2,,H2,"[3, 4, 5, 6, 7, 8, 9, 10, 11, 12, 13, 14, 15, 16, 17, 18, 19, 20, 45, 46, 47, 48, 49, 50, 51]",0.4
C14H7O4,"{'C': 14, 'O': 4, 'H': 7}",239.03443370389,neutral,0,PEI,Polyetherimide (Ultem),neutral_loss,break 1 bond(s) | H shift +2 | -H2 | ; | break 1 bond(s) | H shift +2 | -H2 | ; | break 2 bond(s) | H shift +2 | -H2,1,2,,H2,"[3, 4, 5, 6, 7, 8, 9, 10, 11, 12, 13, 14, 15, 16, 17, 18, 19, 20, 45, 46, 47, 48, 49, 50, 51]",0.4
C14H8O3,"{'C': 14, 'O': 3, 'H': 8}",224.04734411655,neutral,0,PEI,Polyetherimide (Ultem),neutral_loss,break 1 bond(s) | H shift +2 | -OH | ; | break 1 bond(s) | H shift +2 | -OH | ; | break 2 bond(s) | H shift +2 | -OH,1,2,,OH,"[3, 4, 5, 6, 7, 8, 9, 10, 11, 12, 13, 14, 15, 16, 17, 18, 19, 20, 45, 46, 47, 48, 49, 50, 51]",0.4
C15H12,"{'C': 15, 'H': 12}",192.09390038676,negative,-1,PEI,Polyetherimide (Ultem),adduct,break 2 bond(s) | H shift -1 | -H,2,-1,-H,,"[0, 1, 2, 3, 4, 5, 6, 19, 20, 21, 22, 23, 24, 37, 38, 39, 40, 41, 42, 43, 44, 45, 46, 50, 51, 52, 53, 57, 58]",0.4
C15H12O,"{'C': 15, 'O': 1, 'H': 12}",208.08881500633,negative,-1,PEI,Polyetherimide (Ultem),adduct,break 2 bond(s) | H shift -1 | -H | ; | break 2 bond(s) | H shift -1 | -H,2,-1,-H,,"[0, 1, 2, 3, 4, 5, 6, 19, 20, 21, 22, 23, 24, 25, 37, 38, 39, 40, 41, 42, 43, 44, 45, 46, 50, 51, 52, 53, 57, 58]",0.4
C15H12O2,"{'C': 15, 'O': 2, 'H': 12}",224.0837296259,negative,-1,PEI,Polyetherimide (Ultem),adduct,break 2 bond(s) | H shift -1 | -H,2,-1,-H,,"[0, 1, 2, 3, 4, 5, 6, 7, 19, 20, 21, 22, 23, 24, 25, 37, 38, 39, 40, 41, 42, 43, 44, 45, 46, 50, 51, 52, 53, 57, 58]",0.4
C15H13,"{'C': 15, 'H': 13}",193.10172541899,neutral,0,PEI,Polyetherimide (Ultem),h_shift,break 2 bond(s) | H shift -1,2,-1,,,"[0, 1, 2, 3, 4, 5, 6, 19, 20, 21, 22, 23, 24, 37, 38, 39, 40, 41, 42, 43, 44, 45, 46, 50, 51, 52, 53, 57, 58]",0.4
C15H13O,"{'C': 15, 'O': 1, 'H': 13}",209.09664003856,neutral,0,PEI,Polyetherimide (Ultem),h_shift,break 2 bond(s) | H shift -1 | ; | break 2 bond(s) | H shift -1,2,-1,,,"[0, 1, 2, 3, 4, 5, 6, 19, 20, 21, 22, 23, 24, 25, 37, 38, 39, 40, 41, 42, 43, 44, 45, 46, 50, 51, 52, 53, 57, 58]",0.4
C15H13O2,"{'C': 15, 'O': 2, 'H': 13}",225.09155465813,neutral,0,PEI,Polyetherimide (Ultem),h_shift,break 2 bond(s) | H shift -1,2,-1,,,"[0, 1, 2, 3, 4, 5, 6, 7, 19, 20, 21, 22, 23, 24, 25, 37, 38, 39, 40, 41, 42, 43, 44, 45, 46, 50, 51, 52, 53, 57, 58]",0.4
C15H14,"{'C': 15, 'H': 14}",194.10955045122,positive,1,PEI,Polyetherimide (Ultem),adduct,break 2 bond(s) | H shift -1 | H,2,-1,H,,"[0, 1, 2, 3, 4, 5, 6, 19, 20, 21, 22, 23, 24, 37, 38, 39, 40, 41, 42, 43, 44, 45, 46, 50, 51, 52, 53, 57, 58]",0.4
C15H14,"{'C': 15, 'H': 14}",194.10955045122,negative,-1,PEI,Polyetherimide (Ultem),adduct,break 2 bond(s) | H shift +1 | -H,2,1,-H,,"[0, 1, 2, 3, 4, 5, 6, 19, 20, 21, 22, 23, 24, 37, 38, 39, 40, 41, 42, 43, 44, 45, 46, 50, 51, 52, 53, 57, 58]",0.4
C15H14O,"{'C': 15, 'O': 1, 'H': 14}",210.10446507079,negative,-1,PEI,Polyetherimide (Ultem),adduct,break 2 bond(s) | H shift +1 | -H | ; | break 2 bond(s) | H shift +1 | -H,2,1,-H,,"[0, 1, 2, 3, 4, 5, 6, 19, 20, 21, 22, 23, 24, 25, 37, 38, 39, 40, 41, 42, 43, 44, 45, 46, 50, 51, 52, 53, 57, 58]",0.4
C15H14O,"{'C': 15, 'O': 1, 'H': 14}",210.10446507079,positive,1,PEI,Polyetherimide (Ultem),adduct,break 2 bond(s) | H shift -1 | H | ; | break 2 bond(s) | H shift -1 | H,2,-1,H,,"[0, 1, 2, 3, 4, 5, 6, 19, 20, 21, 22, 23, 24, 25, 37, 38, 39, 40, 41, 42, 43, 44, 45, 46, 50, 51, 52, 53, 57, 58]",0.4
C15H14O2,"{'C': 15, 'O': 2, 'H': 14}",226.09937969036,negative,-1,PEI,Polyetherimide (Ultem),adduct,break 2 bond(s) | H shift +1 | -H,2,1,-H,,"[0, 1, 2, 3, 4, 5, 6, 7, 19, 20, 21, 22, 23, 24, 25, 37, 38, 39, 40, 41, 42, 43, 44, 45, 46, 50, 51, 52, 53, 57, 58]",0.4
C15H14O2,"{'C': 15, 'O': 2, 'H': 14}",226.09937969036,positive,1,PEI,Polyetherimide (Ultem),adduct,break 2 bond(s) | H shift -1 | H,2,-1,H,,"[0, 1, 2, 3, 4, 5, 6, 7, 19, 20, 21, 22, 23, 24, 25, 37, 38, 39, 40, 41, 42, 43, 44, 45, 46, 50, 51, 52, 53, 57, 58]",0.4
C15H15,"{'C': 15, 'H': 15}",195.11737548345,neutral,0,PEI,Polyetherimide (Ultem),h_shift,break 2 bond(s) | H shift +1,2,1,,,"[0, 1, 2, 3, 4, 5, 6, 19, 20, 21, 22, 23, 24, 37, 38, 39, 40, 41, 42, 43, 44, 45, 46, 50, 51, 52, 53, 57, 58]",0.4
C15H15O,"{'C': 15, 'O': 1, 'H': 15}",211.11229010302,neutral,0,PEI,Polyetherimide (Ultem),h_shift,break 2 bond(s) | H shift +1 | ; | break 2 bond(s) | H shift +1,2,1,,,"[0, 1, 2, 3, 4, 5, 6, 19, 20, 21, 22, 23, 24, 25, 37, 38, 39, 40, 41, 42, 43, 44, 45, 46, 50, 51, 52, 53, 57, 58]",0.4
C15H15O2,"{'C': 15, 'O': 2, 'H': 15}",227.10720472259,neutral,0,PEI,Polyetherimide (Ultem),h_shift,break 2 bond(s) | H shift +1,2,1,,,"[0, 1, 2, 3, 4, 5, 6, 7, 19, 20, 21, 22, 23, 24, 25, 37, 38, 39, 40, 41, 42, 43, 44, 45, 46, 50, 51, 52, 53, 57, 58]",0.4
C15H16,"{'C': 15, 'H': 16}",196.12520051568,positive,1,PEI,Polyetherimide (Ultem),adduct,break 2 bond(s) | H shift +1 | H,2,1,H,,"[0, 1, 2, 3, 4, 5, 6, 19, 20, 21, 22, 23, 24, 37, 38, 39, 40, 41, 42, 43, 44, 45, 46, 50, 51, 52, 53, 57, 58]",0.4
C15H16O,"{'C': 15, 'O': 1, 'H': 16}",212.12011513525,positive,1,PEI,Polyetherimide (Ultem),adduct,break 2 bond(s) | H shift +1 | H | ; | break 2 bond(s) | H shift +1 | H,2,1,H,,"[0, 1, 2, 3, 4, 5, 6, 19, 20, 21, 22, 23, 24, 25, 37, 38, 39, 40, 41, 42, 43, 44, 45, 46, 50, 51, 52, 53, 57, 58]",0.4
C15H16O2,"{'C': 15, 'O': 2, 'H': 16}",228.11502975482,positive,1,PEI,Polyetherimide (Ultem),adduct,break 2 bond(s) | H shift +1 | H,2,1,H,,"[0, 1, 2, 3, 4, 5, 6, 7, 19, 20, 21, 22, 23, 24, 25, 37, 38, 39, 40, 41, 42, 43, 44, 45, 46, 50, 51, 52, 53, 57, 58]",0.4
C16H10O4,"{'C': 16, 'O': 4, 'H': 10}",266.05790880058,positive,1,PEI,Polyetherimide (Ultem),adduct,break 2 bond(s) | H shift -1 | H | ; | break 2 bond(s) | H shift -1 | H | ; | break 2 bond(s) | H shift -1 | H,2,-1,H,,"[1, 2, 21, 22, 23, 24, 25, 26, 27, 28, 29, 30, 31, 32, 33, 34, 35, 36, 37, 38, 42, 43, 44, 52, 53, 54, 55, 56, 57, 58]",0.4
C16H10O4,"{'C': 16, 'O': 4, 'H': 10}",266.05790880058,negative,-1,PEI,Polyetherimide (Ultem),adduct,break 2 bond(s) | H shift +1 | -H | ; | break 2 bond(s) | H shift +1 | -H | ; | break 2 bond(s) | H shift +1 | -H,2,1,-H,,"[1, 2, 21, 22, 23, 24, 25, 26, 27, 28, 29, 30, 31, 32, 33, 34, 35, 36, 37, 38, 42, 43, 44, 52, 53, 54, 55, 56, 57, 58]",0.4
C16H11O2,"{'C': 16, 'O': 2, 'H': 11}",235.07590459367,neutral,0,PEI,Polyetherimide (Ultem),neutral_loss,break 1 bond(s) | H shift -2 | -CO2 | ; | break 1 bond(s) | H shift -2 | -CO2 | ; | break 2 bond(s) | H shift -2 | -CO2,1,-2,,CO2,"[0, 1, 2, 21, 22, 23, 24, 25, 26, 27, 28, 29, 30, 31, 32, 33, 34, 35, 36, 37, 38, 39, 40, 41, 42, 43, 44, 52, 53, 54, 55, 56, 57, 58]",0.4
C16H11O3,"{'C': 16, 'O': 3, 'H': 11}",251.07081921324001,neutral,0,PEI,Polyetherimide (Ultem),neutral_loss,break 1 bond(s) | H shift -2 | -CO | ; | break 1 bond(s) | H shift -2 | -CO | ; | break 2 bond(s) | H shift +2 | -OH,1,-2,,CO,"[0, 1, 2, 21, 22, 23, 24, 25, 26, 27, 28, 29, 30, 31, 32, 33, 34, 35, 36, 37, 38, 39, 40, 41, 42, 43, 44, 52, 53, 54, 55, 56, 57, 58]",0.4
C16H11O4,"{'C': 16, 'O': 4, 'H': 11}",267.06573383281,neutral,0,PEI,Polyetherimide (Ultem),h_shift,break 2 bond(s) | H shift +1 | ; | break 2 bond(s) | H shift +1 | ; | break 2 bond(s) | H shift +1 | ; | break 2 bond(s) | H shift +1,2,1,,,"[1, 2, 21, 22, 23, 24, 25, 26, 27, 28, 29, 30, 31, 32, 33, 34, 35, 36, 37, 38, 42, 43, 44, 52, 53, 54, 55, 56, 57, 58]",0.4
C16H12O4,"{'C': 16, 'O': 4, 'H': 12}",268.07355886504,neutral,0,PEI,Polyetherimide (Ultem),neutral_loss,break 1 bond(s) | H shift +2 | -CH3 | ; | break 1 bond(s) | H shift +2 | -CH3 | ; | break 2 bond(s) | H shift +2 | -CH3,1,2,,CH3,"[0, 1, 2, 21, 22, 23, 24, 25, 26, 27, 28, 29, 30, 31, 32, 33, 34, 35, 36, 37, 38, 39, 40, 41, 42, 43, 44, 52, 53, 54, 55, 56, 57, 58]",0.4
C16H12O4,"{'C': 16, 'O': 4, 'H': 12}",268.07355886504,positive,1,PEI,Polyetherimide (Ultem),adduct,break 2 bond(s) | H shift +1 | H | ; | break 2 bond(s) | H shift +1 | H | ; | break 2 bond(s) | H shift +1 | H,2,1,H,,"[1, 2, 21, 22, 23, 24, 25, 26, 27, 28, 29, 30, 31, 32, 33, 34, 35, 36, 37, 38, 42, 43, 44, 52, 53, 54, 55, 56, 57, 58]",0.4
C16H15O2,"{'C': 16, 'O': 2, 'H': 15}",239.10720472259,neutral,0,PEI,Polyetherimide (Ultem),neutral_loss,break 1 bond(s) | H shift +2 | -CO2 | ; | break 1 bond(s) | H shift +2 | -CO2 | ; | break 2 bond(s) | H shift +2 | -CO2,1,2,,CO2,"[0, 1, 2, 21, 22, 23, 24, 25, 26, 27, 28, 29, 30, 31, 32, 33, 34, 35, 36, 37, 38, 39, 40, 41, 42, 43, 44, 52, 53, 54, 55, 56, 57, 58]",0.4
C16H15O3,"{'C': 16, 'O': 3, 'H': 15}",255.10211934216,neutral,0,PEI,Polyetherimide (Ultem),neutral_loss,break 1 bond(s) | H shift +2 | -CO | ; | break 1 bond(s) | H shift +2 | -CO | ; | break 2 bond(s) | H shift +2 | -CO,1,2,,CO,"[0, 1, 2, 21, 22, 23, 24, 25, 26, 27, 28, 29, 30, 31, 32, 33, 34, 35, 36, 37, 38, 39, 40, 41, 42, 43, 44, 52, 53, 54, 55, 56, 57, 58]",0.4
C16H8O4,"{'C': 16, 'O': 4, 'H': 8}",264.04225873612,neutral,0,PEI,Polyetherimide (Ultem),neutral_loss,break 1 bond(s) | H shift -2 | -CH3 | ; | break 1 bond(s) | H shift -2 | -CH3 | ; | break 2 bond(s) | -H2,1,-2,,CH3,"[0, 1, 2, 21, 22, 23, 24, 25, 26, 27, 28, 29, 30, 31, 32, 33, 34, 35, 36, 37, 38, 39, 40, 41, 42, 43, 44, 52, 53, 54, 55, 56, 57, 58]",0.4
C16H8O4,"{'C': 16, 'O': 4, 'H': 8}",264.04225873612,negative,-1,PEI,Polyetherimide (Ultem),adduct,break 2 bond(s) | H shift -1 | -H | ; | break 2 bond(s) | H shift -1 | -H | ; | break 2 bond(s) | H shift -1 | -H,2,-1,-H,,"[1, 2, 21, 22, 23, 24, 25, 26, 27, 28, 29, 30, 31, 32, 33, 34, 35, 36, 37, 38, 42, 43, 44, 52, 53, 54, 55, 56, 57, 58]",0.4
C16H9O4,"{'C': 16, 'O': 4, 'H': 9}",265.05008376835,neutral,0,PEI,Polyetherimide (Ultem),h_shift,break 2 bond(s) | H shift -1 | ; | break 2 bond(s) | H shift -1 | ; | break 2 bond(s) | H shift -1 | ; | break 2 bond(s) | H shift -1,2,-1,,,"[1, 2, 21, 22, 23, 24, 25, 26, 27, 28, 29, 30, 31, 32, 33, 34, 35, 36, 37, 38, 42, 43, 44, 52, 53, 54, 55, 56, 57, 58]",0.4
C17H13O4,"{'C': 17, 'O': 4, 'H': 13}",281.08138389727003,neutral,0,PEI,Polyetherimide (Ultem),neutral_loss,break 1 bond(s) | H shift +2 | -H2 | ; | break 1 bond(s) | H shift +2 | -H2 | ; | break 2 bond(s) | H shift +2 | -H2,1,2,,H2,"[0, 1, 2, 21, 22, 23, 24, 25, 26, 27, 28, 29, 30, 31, 32, 33, 34, 35, 36, 37, 38, 39, 40, 41, 42, 43, 44, 52, 53, 54, 55, 56, 57, 58]",0.4
C17H14O3,"{'C': 17, 'O': 3, 'H': 14}",266.09429430993,neutral,0,PEI,Polyetherimide (Ultem),neutral_loss,break 1 bond(s) | H shift +2 | -OH | ; | break 1 bond(s) | H shift +2 | -OH | ; | break 2 bond(s) | H shift +2 | -OH,1,2,,OH,"[0, 1, 2, 21, 22, 23, 24, 25, 26, 27, 28, 29, 30, 31, 32, 33, 34, 35, 36, 37, 38, 39, 40, 41, 42, 43, 44, 52, 53, 54, 55, 56, 57, 58]",0.4
C17H9O3,"{'C': 17, 'O': 3, 'H': 9}",261.05516914878,neutral,0,PEI,Polyetherimide (Ultem),neutral_loss,break 1 bond(s) | H shift -2 | -H2O | ; | break 1 bond(s) | H shift -2 | -H2O | ; | break 2 bond(s) | H shift -2 | -H2O,1,-2,,H2O,"[0, 1, 2, 21, 22, 23, 24, 25, 26, 27, 28, 29, 30, 31, 32, 33, 34, 35, 36, 37, 38, 39, 40, 41, 42, 43, 44, 52, 53, 54, 55, 56, 57, 58]",0.4
C17H9O4,"{'C': 17, 'O': 4, 'H': 9}",277.05008376835,neutral,0,PEI,Polyetherimide (Ultem),neutral_loss,break 1 bond(s) | H shift -2 | -H2 | ; | break 1 bond(s) | H shift -2 | -H2 | ; | break 2 bond(s) | H shift -2 | -H2,1,-2,,H2,"[0, 1, 2, 21, 22, 23, 24, 25, 26, 27, 28, 29, 30, 31, 32, 33, 34, 35, 36, 37, 38, 39, 40, 41, 42, 43, 44, 52, 53, 54, 55, 56, 57, 58]",0.4
C22H12O4,"{'C': 22, 'O': 4, 'H': 12}",340.07355886504,neutral,0,PEI,Polyetherimide (Ultem),neutral_loss,break 1 bond(s) | H shift -2 | -CH3 | ; | break 1 bond(s) | H shift -2 | -CH3 | ; | break 2 bond(s) | -H2,1,-2,,CH3,"[0, 1, 2, 3, 4, 5, 6, 19, 20, 21, 22, 23, 24, 25, 26, 27, 28, 29, 30, 31, 32, 33, 34, 35, 36, 37, 38, 39, 40, 41, 42, 43, 44, 45, 46, 50, 51, 52, 53, 54, 55, 56, 57, 58]",0.4
C22H12O4,"{'C': 22, 'O': 4, 'H': 12}",340.07355886504,negative,-1,PEI,Polyetherimide (Ultem),adduct,break 2 bond(s) | H shift -1 | -H | ; | break 2 bond(s) | H shift -1 | -H | ; | break 2 bond(s) | H shift -1 | -H,2,-1,-H,,"[1, 2, 3, 4, 5, 6, 19, 20, 21, 22, 23, 24, 25, 26, 27, 28, 29, 30, 31, 32, 33, 34, 35, 36, 37, 38, 42, 43, 44, 45, 46, 50, 51, 52, 53, 54, 55, 56, 57, 58]",0.4
C22H12O5,"{'C': 22, 'O': 5, 'H': 12}",356.06847348461,neutral,0,PEI,Polyetherimide (Ultem),neutral_loss,break 1 bond(s) | H shift -2 | -CH3 | ; | break 1 bond(s) | H shift -2 | -CH3 | ; | break 2 bond(s) | -H2,1,-2,,CH3,"[0, 1, 2, 3, 4, 5, 6, 7, 19, 20, 21, 22, 23, 24, 25, 26, 27, 28, 29, 30, 31, 32, 33, 34, 35, 36, 37, 38, 39, 40, 41, 42, 43, 44, 45, 46, 50, 51, 52, 53, 54, 55, 56, 57, 58]",0.4
C22H12O5,"{'C': 22, 'O': 5, 'H': 12}",356.06847348461,negative,-1,PEI,Polyetherimide (Ultem),adduct,break 2 bond(s) | H shift -1 | -H | ; | break 2 bond(s) | H shift -2 | O | ; | break 2 bond(s) | H shift -1 | -H,2,-1,-H,,"[1, 2, 3, 4, 5, 6, 7, 19, 20, 21, 22, 23, 24, 25, 26, 27, 28, 29, 30, 31, 32, 33, 34, 35, 36, 37, 38, 42, 43, 44, 45, 46, 50, 51, 52, 53, 54, 55, 56, 57, 58]",0.4
C22H13O4,"{'C': 22, 'O': 4, 'H': 13}",341.08138389727003,neutral,0,PEI,Polyetherimide (Ultem),h_shift,break 2 bond(s) | H shift -1 | ; | break 2 bond(s) | H shift -1 | ; | break 2 bond(s) | H shift -1 | ; | break 2 bond(s) | H shift -1,2,-1,,,"[1, 2, 3, 4, 5, 6, 19, 20, 21, 22, 23, 24, 25, 26, 27, 28, 29, 30, 31, 32, 33, 34, 35, 36, 37, 38, 42, 43, 44, 45, 46, 50, 51, 52, 53, 54, 55, 56, 57, 58]",0.4
C22H13O5,"{'C': 22, 'O': 5, 'H': 13}",357.07629851684,neutral,0,PEI,Polyetherimide (Ultem),h_shift,break 2 bond(s) | H shift -1 | ; | break 2 bond(s) | H shift -1 | ; | break 2 bond(s) | H shift -1 | ; | break 2 bond(s) | H shift -1,2,-1,,,"[1, 2, 3, 4, 5, 6, 7, 19, 20, 21, 22, 23, 24, 25, 26, 27, 28, 29, 30, 31, 32, 33, 34, 35, 36, 37, 38, 42, 43, 44, 45, 46, 50, 51, 52, 53, 54, 55, 56, 57, 58]",0.4
C22H14O4,"{'C': 22, 'O': 4, 'H': 14}",342.0892089295,positive,1,PEI,Polyetherimide (Ultem),adduct,break 2 bond(s) | H shift -1 | H | ; | break 2 bond(s) | H shift -1 | H | ; | break 2 bond(s) | H shift -1 | H,2,-1,H,,"[1, 2, 3, 4, 5, 6, 19, 20, 21, 22, 23, 24, 25, 26, 27, 28, 29, 30, 31, 32, 33, 34, 35, 36, 37, 38, 42, 43, 44, 45, 46, 50, 51, 52, 53, 54, 55, 56, 57, 58]",0.4
C22H14O4,"{'C': 22, 'O': 4, 'H': 14}",342.0892089295,negative,-1,PEI,Polyetherimide (Ultem),adduct,break 2 bond(s) | H shift +1 | -H | ; | break 2 bond(s) | H shift +1 | -H | ; | break 2 bond(s) | H shift +1 | -H,2,1,-H,,"[1, 2, 3, 4, 5, 6, 19, 20, 21, 22, 23, 24, 25, 26, 27, 28, 29, 30, 31, 32, 33, 34, 35, 36, 37, 38, 42, 43, 44, 45, 46, 50, 51, 52, 53, 54, 55, 56, 57, 58]",0.4
C22H14O5,"{'C': 22, 'O': 5, 'H': 14}",358.08412354907,negative,-1,PEI,Polyetherimide (Ultem),adduct,break 2 bond(s) | H shift +1 | -H | ; | break 2 bond(s) | H shift -1 | OH | ; | break 2 bond(s) | O,2,1,-H,,"[1, 2, 3, 4, 5, 6, 7, 19, 20, 21, 22, 23, 24, 25, 26, 27, 28, 29, 30, 31, 32, 33, 34, 35, 36, 37, 38, 42, 43, 44, 45, 46, 50, 51, 52, 53, 54, 55, 56, 57, 58]",0.4
C22H14O5,"{'C': 22, 'O': 5, 'H': 14}",358.08412354907,positive,1,PEI,Polyetherimide (Ultem),adduct,break 2 bond(s) | H shift -1 | H | ; | break 2 bond(s) | H shift -1 | H | ; | break 2 bond(s) | H shift -1 | H,2,-1,H,,"[1, 2, 3, 4, 5, 6, 7, 19, 20, 21, 22, 23, 24, 25, 26, 27, 28, 29, 30, 31, 32, 33, 34, 35, 36, 37, 38, 42, 43, 44, 45, 46, 50, 51, 52, 53, 54, 55, 56, 57, 58]",0.4
C22H15O2,"{'C': 22, 'O': 2, 'H': 15}",311.10720472259,neutral,0,PEI,Polyetherimide (Ultem),neutral_loss,break 1 bond(s) | H shift -2 | -CO2 | ; | break 1 bond(s) | H shift -2 | -CO2 | ; | break 2 bond(s) | H shift -2 | -CO2,1,-2,,CO2,"[0, 1, 2, 3, 4, 5, 6, 19, 20, 21, 22, 23, 24, 25, 26, 27, 28, 29, 30, 31, 32, 33, 34, 35, 36, 37, 38, 39, 40, 41, 42, 43, 44, 45, 46, 50, 51, 52, 53, 54, 55, 56, 57, 58]",0.4
C22H15O3,"{'C': 22, 'O': 3, 'H': 15}",327.10211934216,neutral,0,PEI,Polyetherimide (Ultem),neutral_loss,break 1 bond(s) | H shift -2 | -CO | ; | break 1 bond(s) | H shift -2 | -CO2 | ; | break 1 bond(s) | H shift -2 | -CO,1,-2,,CO,"[0, 1, 2, 3, 4, 5, 6, 19, 20, 21, 22, 23, 24, 25, 26, 27, 28, 29, 30, 31, 32, 33, 34, 35, 36, 37, 38, 39, 40, 41, 42, 43, 44, 45, 46, 50, 51, 52, 53, 54, 55, 56, 57, 58]",0.4
C22H15O4,"{'C': 22, 'O': 4, 'H': 15}",343.09703396173,neutral,0,PEI,Polyetherimide (Ultem),h_shift,break 2 bond(s) | H shift +1 | ; | break 2 bond(s) | H shift +1 | ; | break 2 bond(s) | H shift +1 | ; | break 2 bond(s) | H shift +1,2,1,,,"[1, 2, 3, 4, 5, 6, 19, 20, 21, 22, 23, 24, 25, 26, 27, 28, 29, 30, 31, 32, 33, 34, 35, 36, 37, 38, 42, 43, 44, 45, 46, 50, 51, 52, 53, 54, 55, 56, 57, 58]",0.4
C22H15O5,"{'C': 22, 'O': 5, 'H': 15}",359.0919485813,neutral,0,PEI,Polyetherimide (Ultem),h_shift,break 2 bond(s) | H shift +1 | ; | break 2 bond(s) | H shift +1 | ; | break 2 bond(s) | H shift +1 | ; | break 2 bond(s) | H shift +1,2,1,,,"[1, 2, 3, 4, 5, 6, 7, 19, 20, 21, 22, 23, 24, 25, 26, 27, 28, 29, 30, 31, 32, 33, 34, 35, 36, 37, 38, 42, 43, 44, 45, 46, 50, 51, 52, 53, 54, 55, 56, 57, 58]",0.4
C22H16O4,"{'C': 22, 'O': 4, 'H': 16}",344.10485899396,positive,1,PEI,Polyetherimide (Ultem),adduct,break 2 bond(s) | H shift +1 | H | ; | break 2 bond(s) | H shift +1 | H | ; | break 2 bond(s) | H shift +1 | H,2,1,H,,"[1, 2, 3, 4, 5, 6, 19, 20, 21, 22, 23, 24, 25, 26, 27, 28, 29, 30, 31, 32, 33, 34, 35, 36, 37, 38, 42, 43, 44, 45, 46, 50, 51, 52, 53, 54, 55, 56, 57, 58]",0.4
C22H16O5,"{'C': 22, 'O': 5, 'H': 16}",360.09977361353,neutral,0,PEI,Polyetherimide (Ultem),neutral_loss,break 1 bond(s) | H shift +2 | -CH3 | ; | break 1 bond(s) | H shift +2 | -CH3,1,2,,CH3,"[0, 1, 2, 3, 4, 5, 6, 7, 19, 20, 21, 22, 23, 24, 25, 26, 27, 28, 29, 30, 31, 32, 33, 34, 35, 36, 37, 38, 39, 40, 41, 42, 43, 44, 45, 46, 50, 51, 52, 53, 54, 55, 56, 57, 58]",0.4
C22H16O5,"{'C': 22, 'O': 5, 'H': 16}",360.09977361353,positive,1,PEI,Polyetherimide (Ultem),adduct,break 2 bond(s) | H shift +1 | H | ; | break 2 bond(s) | H shift +1 | H | ; | break 2 bond(s) | H shift +1 | H,2,1,H,,"[1, 2, 3, 4, 5, 6, 7, 19, 20, 21, 22, 23, 24, 25, 26, 27, 28, 29, 30, 31, 32, 33, 34, 35, 36, 37, 38, 42, 43, 44, 45, 46, 50, 51, 52, 53, 54, 55, 56, 57, 58]",0.4
C22H19O2,"{'C': 22, 'O': 2, 'H': 19}",315.13850485151,neutral,0,PEI,Polyetherimide (Ultem),neutral_loss,break 1 bond(s) | H shift +2 | -CO2 | ; | break 1 bond(s) | H shift +2 | -CO2 | ; | break 2 bond(s) | H shift +2 | -CO2,1,2,,CO2,"[0, 1, 2, 3, 4, 5, 6, 19, 20, 21, 22, 23, 24, 25, 26, 27, 28, 29, 30, 31, 32, 33, 34, 35, 36, 37, 38, 39, 40, 41, 42, 43, 44, 45, 46, 50, 51, 52, 53, 54, 55, 56, 57, 58]",0.4
C22H19O3,"{'C': 22, 'O': 3, 'H': 19}",331.13341947108,neutral,0,PEI,Polyetherimide (Ultem),neutral_loss,break 1 bond(s) | H shift +2 | -CO | ; | break 1 bond(s) | H shift +2 | -CO2 | ; | break 1 bond(s) | H shift +2 | -CO,1,2,,CO,"[0, 1, 2, 3, 4, 5, 6, 19, 20, 21, 22, 23, 24, 25, 26, 27, 28, 29, 30, 31, 32, 33, 34, 35, 36, 37, 38, 39, 40, 41, 42, 43, 44, 45, 46, 50, 51, 52, 53, 54, 55, 56, 57, 58]",0.4
C22H19O4,"{'C': 22, 'O': 4, 'H': 19}",347.12833409065,neutral,0,PEI,Polyetherimide (Ultem),neutral_loss,break 1 bond(s) | H shift +2 | -CO | ; | break 1 bond(s) | H shift +2 | -CO,1,2,,CO,"[0, 1, 2, 3, 4, 5, 6, 7, 19, 20, 21, 22, 23, 24, 25, 26, 27, 28, 29, 30, 31, 32, 33, 34, 35, 36, 37, 38, 39, 40, 41, 42, 43, 44, 45, 46, 50, 51, 52, 53, 54, 55, 56, 57, 58]",0.4
C23H13O3,"{'C': 23, 'O': 3, 'H': 13}",337.0864692777,neutral,0,PEI,Polyetherimide (Ultem),neutral_loss,break 1 bond(s) | H shift -2 | -H2O | ; | break 1 bond(s) | H shift -2 | -H2O | ; | break 2 bond(s) | H shift -2 | -H2O,1,-2,,H2O,"[0, 1, 2, 3, 4, 5, 6, 19, 20, 21, 22, 23, 24, 25, 26, 27, 28, 29, 30, 31, 32, 33, 34, 35, 36, 37, 38, 39, 40, 41, 42, 43, 44, 45, 46, 50, 51, 52, 53, 54, 55, 56, 57, 58]",0.4
C23H13O4,"{'C': 23, 'O': 4, 'H': 13}",353.08138389727003,neutral,0,PEI,Polyetherimide (Ultem),neutral_loss,break 1 bond(s) | H shift -2 | -H2 | ; | break 1 bond(s) | H shift -2 | -H2O | ; | break 1 bond(s) | H shift -2 | -H2,1,-2,,H2,"[0, 1, 2, 3, 4, 5, 6, 19, 20, 21, 22, 23, 24, 25, 26, 27, 28, 29, 30, 31, 32, 33, 34, 35, 36, 37, 38, 39, 40, 41, 42, 43, 44, 45, 46, 50, 51, 52, 53, 54, 55, 56, 57, 58]",0.4
C23H13O5,"{'C': 23, 'O': 5, 'H': 13}",369.07629851684,neutral,0,PEI,Polyetherimide (Ultem),neutral_loss,break 1 bond(s) | H shift -2 | -H2 | ; | break 1 bond(s) | H shift -2 | -H2,1,-2,,H2,"[0, 1, 2, 3, 4, 5, 6, 7, 19, 20, 21, 22, 23, 24, 25, 26, 27, 28, 29, 30, 31, 32, 33, 34, 35, 36, 37, 38, 39, 40, 41, 42, 43, 44, 45, 46, 50, 51, 52, 53, 54, 55, 56, 57, 58]",0.4
C23H17O5,"{'C': 23, 'O': 5, 'H': 17}",373.10759864576,neutral,0,PEI,Polyetherimide (Ultem),neutral_loss,break 1 bond(s) | H shift +2 | -H2 | ; | break 1 bond(s) | H shift +2 | -H2,1,2,,H2,"[0, 1, 2, 3, 4, 5, 6, 7, 19, 20, 21, 22, 23, 24, 25, 26, 27, 28, 29, 30, 31, 32, 33, 34, 35, 36, 37, 38, 39, 40, 41, 42, 43, 44, 45, 46, 50, 51, 52, 53, 54, 55, 56, 57, 58]",0.4
C23H18O3,"{'C': 23, 'O': 3, 'H': 18}",342.12559443885,neutral,0,PEI,Polyetherimide (Ultem),neutral_loss,break 1 bond(s) | H shift +2 | -OH | ; | break 1 bond(s) | H shift +2 | -OH | ; | break 2 bond(s) | H shift +2 | -OH,1,2,,OH,"[0, 1, 2, 3, 4, 5, 6, 19, 20, 21, 22, 23, 24, 25, 26, 27, 28, 29, 30, 31, 32, 33, 34, 35, 36, 37, 38, 39, 40, 41, 42, 43, 44, 45, 46, 50, 51, 52, 53, 54, 55, 56, 57, 58]",0.4
C23H18O4,"{'C': 23, 'O': 4, 'H': 18}",358.12050905842,neutral,0,PEI,Polyetherimide (Ultem),neutral_loss,break 1 bond(s) | H shift +2 | -OH | ; | break 1 bond(s) | H shift +2 | -OH,1,2,,OH,"[0, 1, 2, 3, 4, 5, 6, 7, 19, 20, 21, 22, 23, 24, 25, 26, 27, 28, 29, 30, 31, 32, 33, 34, 35, 36, 37, 38, 39, 40, 41, 42, 43, 44, 45, 46, 50, 51, 52, 53, 54, 55, 56, 57, 58]",0.4
C29H12O8,"{'C': 29, 'O': 8, 'H': 12}",488.05321734332,neutral,0,PEI,Polyetherimide (Ultem),neutral_loss,break 1 bond(s) | H shift -2 | -CH3 | ; | break 1 bond(s) | H shift -2 | -CH3 | ; | break 2 bond(s) | -H2,1,-2,,CH3,"[1, 2, 3, 4, 5, 6, 7, 8, 9, 10, 11, 12, 13, 14, 15, 16, 17, 18, 19, 20, 21, 22, 23, 24, 25, 26, 27, 28, 29, 30, 31, 32, 33, 34, 35, 36, 37, 38, 42, 43, 44, 45, 46, 47, 48, 49, 50, 51, 52, 53, 54, 55, 56, 57, 58]",0.4
C29H12O8,"{'C': 29, 'O': 8, 'H': 12}",488.05321734332,negative,-1,PEI,Polyetherimide (Ultem),adduct,break 2 bond(s) | H shift -1 | -H,2,-1,-H,,"[1, 3, 4, 5, 6, 7, 8, 9, 10, 11, 12, 13, 14, 15, 16, 17, 18, 19, 20, 21, 22, 23, 24, 25, 26, 27, 28, 29, 30, 31, 32, 33, 34, 35, 36, 37, 38, 45, 46, 47, 48, 49, 50, 51, 52, 53, 54, 55, 56, 57, 58]",0.4
C29H13O8,"{'C': 29, 'O': 8, 'H': 13}",489.06104237555,neutral,0,PEI,Polyetherimide (Ultem),h_shift,break 2 bond(s) | H shift -1,2,-1,,,"[1, 3, 4, 5, 6, 7, 8, 9, 10, 11, 12, 13, 14, 15, 16, 17, 18, 19, 20, 21, 22, 23, 24, 25, 26, 27, 28, 29, 30, 31, 32, 33, 34, 35, 36, 37, 38, 45, 46, 47, 48, 49, 50, 51, 52, 53, 54, 55, 56, 57, 58]",0.4
C29H14O8,"{'C': 29, 'O': 8, 'H': 14}",490.06886740778,positive,1,PEI,Polyetherimide (Ultem),adduct,break 2 bond(s) | H shift -1 | H,2,-1,H,,"[1, 3, 4, 5, 6, 7, 8, 9, 10, 11, 12, 13, 14, 15, 16, 17, 18, 19, 20, 21, 22, 23, 24, 25, 26, 27, 28, 29, 30, 31, 32, 33, 34, 35, 36, 37, 38, 45, 46, 47, 48, 49, 50, 51, 52, 53, 54, 55, 56, 57, 58]",0.4
C29H14O8,"{'C': 29, 'O': 8, 'H': 14}",490.06886740778,negative,-1,PEI,Polyetherimide (Ultem),adduct,break 2 bond(s) | H shift +1 | -H,2,1,-H,,"[1, 3, 4, 5, 6, 7, 8, 9, 10, 11, 12, 13, 14, 15, 16, 17, 18, 19, 20, 21, 22, 23, 24, 25, 26, 27, 28, 29, 30, 31, 32, 33, 34, 35, 36, 37, 38, 45, 46, 47, 48, 49, 50, 51, 52, 53, 54, 55, 56, 57, 58]",0.4
C29H15O6,"{'C': 29, 'O': 6, 'H': 15}",459.08686320087,neutral,0,PEI,Polyetherimide (Ultem),neutral_loss,break 1 bond(s) | H shift -2 | -CO2 | ; | break 1 bond(s) | H shift -2 | -CO2,1,-2,,CO2,"[1, 2, 3, 4, 5, 6, 7, 8, 9, 10, 11, 12, 13, 14, 15, 16, 17, 18, 19, 20, 21, 22, 23, 24, 25, 26, 27, 28, 29, 30, 31, 32, 33, 34, 35, 36, 37, 38, 42, 43, 44, 45, 46, 47, 48, 49, 50, 51, 52, 53, 54, 55, 56, 57, 58]",0.4
C29H15O7,"{'C': 29, 'O': 7, 'H': 15}",475.08177782044,neutral,0,PEI,Polyetherimide (Ultem),neutral_loss,break 1 bond(s) | H shift -2 | -CO | ; | break 1 bond(s) | H shift -2 | -CO | ; | break 2 bond(s) | H shift +2 | -OH,1,-2,,CO,"[1, 2, 3, 4, 5, 6, 7, 8, 9, 10, 11, 12, 13, 14, 15, 16, 17, 18, 19, 20, 21, 22, 23, 24, 25, 26, 27, 28, 29, 30, 31, 32, 33, 34, 35, 36, 37, 38, 42, 43, 44, 45, 46, 47, 48, 49, 50, 51, 52, 53, 54, 55, 56, 57, 58]",0.4
C29H15O8,"{'C': 29, 'O': 8, 'H': 15}",491.07669244001,neutral,0,PEI,Polyetherimide (Ultem),h_shift,break 2 bond(s) | H shift +1,2,1,,,"[1, 3, 4, 5, 6, 7, 8, 9, 10, 11, 12, 13, 14, 15, 16, 17, 18, 19, 20, 21, 22, 23, 24, 25, 26, 27, 28, 29, 30, 31, 32, 33, 34, 35, 36, 37, 38, 45, 46, 47, 48, 49, 50, 51, 52, 53, 54, 55, 56, 57, 58]",0.4
C29H16O8,"{'C': 29, 'O': 8, 'H': 16}",492.08451747224,neutral,0,PEI,Polyetherimide (Ultem),neutral_loss,break 1 bond(s) | H shift +2 | -CH3 | ; | break 1 bond(s) | H shift +2 | -CH3,1,2,,CH3,"[1, 2, 3, 4, 5, 6, 7, 8, 9, 10, 11, 12, 13, 14, 15, 16, 17, 18, 19, 20, 21, 22, 23, 24, 25, 26, 27, 28, 29, 30, 31, 32, 33, 34, 35, 36, 37, 38, 42, 43, 44, 45, 46, 47, 48, 49, 50, 51, 52, 53, 54, 55, 56, 57, 58]",0.4
C29H16O8,"{'C': 29, 'O': 8, 'H': 16}",492.08451747224,positive,1,PEI,Polyetherimide (Ultem),adduct,break 2 bond(s) | H shift +1 | H,2,1,H,,"[1, 3, 4, 5, 6, 7, 8, 9, 10, 11, 12, 13, 14, 15, 16, 17, 18, 19, 20, 21, 22, 23, 24, 25, 26, 27, 28, 29, 30, 31, 32, 33, 34, 35, 36, 37, 38, 45, 46, 47, 48, 49, 50, 51, 52, 53, 54, 55, 56, 57, 58]",0.4
C29H19O6,"{'C': 29, 'O': 6, 'H': 19}",463.11816332979004,neutral,0,PEI,Polyetherimide (Ultem),neutral_loss,break 1 bond(s) | H shift +2 | -CO2 | ; | break 1 bond(s) | H shift +2 | -CO2,1,2,,CO2,"[1, 2, 3, 4, 5, 6, 7, 8, 9, 10, 11, 12, 13, 14, 15, 16, 17, 18, 19, 20, 21, 22, 23, 24, 25, 26, 27, 28, 29, 30, 31, 32, 33, 34, 35, 36, 37, 38, 42, 43, 44, 45, 46, 47, 48, 49, 50, 51, 52, 53, 54, 55, 56, 57, 58]",0.4
C29H19O7,"{'C': 29, 'O': 7, 'H': 19}",479.11307794936,neutral,0,PEI,Polyetherimide (Ultem),neutral_loss,break 1 bond(s) | H shift +2 | -CO | ; | break 1 bond(s) | H shift +2 | -CO,1,2,,CO,"[1, 2, 3, 4, 5, 6, 7, 8, 9, 10, 11, 12, 13, 14, 15, 16, 17, 18, 19, 20, 21, 22, 23, 24, 25, 26, 27, 28, 29, 30, 31, 32, 33, 34, 35, 36, 37, 38, 42, 43, 44, 45, 46, 47, 48, 49, 50, 51, 52, 53, 54, 55, 56, 57, 58]",0.4
C30H13O7,"{'C': 30, 'O': 7, 'H': 13}",485.06612775598,neutral,0,PEI,Polyetherimide (Ultem),neutral_loss,break 1 bond(s) | H shift -2 | -H2O | ; | break 1 bond(s) | H shift -2 | -H2O,1,-2,,H2O,"[1, 2, 3, 4, 5, 6, 7, 8, 9, 10, 11, 12, 13, 14, 15, 16, 17, 18, 19, 20, 21, 22, 23, 24, 25, 26, 27, 28, 29, 30, 31, 32, 33, 34, 35, 36, 37, 38, 42, 43, 44, 45, 46, 47, 48, 49, 50, 51, 52, 53, 54, 55, 56, 57, 58]",0.4
C30H13O8,"{'C': 30, 'O': 8, 'H': 13}",501.06104237555,neutral,0,PEI,Polyetherimide (Ultem),neutral_loss,break 1 bond(s) | H shift -2 | -H2 | ; | break 1 bond(s) | H shift -2 | -H2,1,-2,,H2,"[1, 2, 3, 4, 5, 6, 7, 8, 9, 10, 11, 12, 13, 14, 15, 16, 17, 18, 19, 20, 21, 22, 23, 24, 25, 26, 27, 28, 29, 30, 31, 32, 33, 34, 35, 36, 37, 38, 42, 43, 44, 45, 46, 47, 48, 49, 50, 51, 52, 53, 54, 55, 56, 57, 58]",0.4
C3H4,"{'C': 3, 'H': 4}",40.03130012892,negative,-1,PEI,Polyetherimide (Ultem),adduct,break 2 bond(s) | H shift -1 | -H,2,-1,-H,,"[0, 1, 2, 39, 40, 41, 42, 43, 44]",0.4
C3H5,"{'C': 3, 'H': 5}",41.03912516115,neutral,0,PEI,Polyetherimide (Ultem),h_shift,break 2 bond(s) | H shift -1,2,-1,,,"[0, 1, 2, 39, 40, 41, 42, 43, 44]",0.4
C3H6,"{'C': 3, 'H': 6}",42.04695019338,positive,1,PEI,Polyetherimide (Ultem),adduct,break 2 bond(s) | H shift -1 | H,2,-1,H,,"[0, 1, 2, 39, 40, 41, 42, 43, 44]",0.4
C3H6,"{'C': 3, 'H': 6}",42.04695019338,negative,-1,PEI,Polyetherimide (Ultem),adduct,break 2 bond(s) | H shift +1 | -H,2,1,-H,,"[0, 1, 2, 39, 40, 41, 42, 43, 44]",0.4
C3H7,"{'C': 3, 'H': 7}",43.05477522561,neutral,0,PEI,Polyetherimide (Ultem),h_shift,break 2 bond(s) | H shift +1,2,1,,,"[0, 1, 2, 39, 40, 41, 42, 43, 44]",0.4
C3H8,"{'C': 3, 'H': 8}",44.06260025784,positive,1,PEI,Polyetherimide (Ultem),adduct,break 2 bond(s) | H shift +1 | H,2,1,H,,"[0, 1, 2, 39, 40, 41, 42, 43, 44]",0.4
C6H2,"{'C': 6, 'H': 2}",74.01565006446,negative,-1,PEI,Polyetherimide (Ultem),adduct,break 2 bond(s) | H shift -1 | -H | ; | break 2 bond(s) | H shift -1 | -H,2,-1,-H,,"[3, 4, 5, 6, 19, 20, 45, 46, 50, 51]",0.4
C6H2O,"{'C': 6, 'O': 1, 'H': 2}",90.01056468403,negative,-1,PEI,Polyetherimide (Ultem),adduct,break 2 bond(s) | H shift -1 | -H | ; | break 2 bond(s) | H shift -2 | O | ; | break 2 bond(s) | H shift -1 | -H,2,-1,-H,,"[3, 4, 5, 6, 7, 19, 20, 45, 46, 50, 51]",0.4
C6H3,"{'C': 6, 'H': 3}",75.02347509669,neutral,0,PEI,Polyetherimide (Ultem),h_shift,break 2 bond(s) | H shift -1 | ; | break 2 bond(s) | H shift -1,2,-1,,,"[3, 4, 5, 6, 19, 20, 45, 46, 50, 51]",0.4
C6H3O,"{'C': 6, 'O': 1, 'H': 3}",91.01838971626,neutral,0,PEI,Polyetherimide (Ultem),h_shift,break 2 bond(s) | H shift -1 | ; | break 2 bond(s) | H shift -1,2,-1,,,"[3, 4, 5, 6, 7, 19, 20, 45, 46, 50, 51]",0.4
C6H4,"{'C': 6, 'H': 4}",76.03130012892,positive,1,PEI,Polyetherimide (Ultem),adduct,break 2 bond(s) | H shift -1 | H | ; | break 2 bond(s) | H shift -1 | H,2,-1,H,,"[3, 4, 5, 6, 19, 20, 45, 46, 50, 51]",0.4
C6H4,"{'C': 6, 'H': 4}",76.03130012892,negative,-1,PEI,Polyetherimide (Ultem),adduct,break 2 bond(s) | H shift +1 | -H | ; | break 2 bond(s) | H shift +1 | -H,2,1,-H,,"[3, 4, 5, 6, 19, 20, 45, 46, 50, 51]",0.4
C6H4O,"{'C': 6, 'O': 1, 'H': 4}",92.02621474849,negative,-1,PEI,Polyetherimide (Ultem),adduct,break 2 bond(s) | H shift +1 | -H | ; | break 2 bond(s) | H shift -1 | OH | ; | break 2 bond(s) | O,2,1,-H,,"[3, 4, 5, 6, 7, 19, 20, 45, 46, 50, 51]",0.4
C6H4O,"{'C': 6, 'O': 1, 'H': 4}",92.02621474849,positive,1,PEI,Polyetherimide (Ultem),adduct,break 2 bond(s) | H shift -1 | H | ; | break 2 bond(s) | H shift -1 | H,2,-1,H,,"[3, 4, 5, 6, 7, 19, 20, 45, 46, 50, 51]",0.4
C6H5,"{'C': 6, 'H': 5}",77.03912516115,neutral,0,PEI,Polyetherimide (Ultem),h_shift,break 2 bond(s) | H shift +1 | ; | break 2 bond(s) | H shift +1,2,1,,,"[3, 4, 5, 6, 19, 20, 45, 46, 50, 51]",0.4
C6H5O,"{'C': 6, 'O': 1, 'H': 5}",93.03403978072001,neutral,0,PEI,Polyetherimide (Ultem),h_shift,break 2 bond(s) | H shift +1 | ; | break 2 bond(s) | H shift +1,2,1,,,"[3, 4, 5, 6, 7, 19, 20, 45, 46, 50, 51]",0.4
C6H6,"{'C': 6, 'H': 6}",78.04695019338,positive,1,PEI,Polyetherimide (Ultem),adduct,break 2 bond(s) | H shift +1 | H | ; | break 2 bond(s) | H shift +1 | H,2,1,H,,"[3, 4, 5, 6, 19, 20, 45, 46, 50, 51]",0.4
C6H6O,"{'C': 6, 'O': 1, 'H': 6}",94.04186481295,positive,1,PEI,Polyetherimide (Ultem),adduct,break 2 bond(s) | H shift +1 | H | ; | break 2 bond(s) | H shift +1 | H,2,1,H,,"[3, 4, 5, 6, 7, 19, 20, 45, 46, 50, 51]",0.4
C7H2O4,"{'O': 4, 'C': 7, 'H': 2}",149.99530854274,neutral,0,PEI,Polyetherimide (Ultem),neutral_loss,break 1 bond(s) | H shift +2 | -CH3 | ; | break 1 bond(s) | H shift +2 | -CH3 | ; | break 2 bond(s) | H shift +2 | -CH3,1,2,,CH3,"[7, 8, 9, 10, 11, 12, 13, 14, 15, 16, 17, 18, 47, 48, 49]",0.4
C7H5O,"{'C': 7, 'O': 1, 'H': 5}",105.03403978072001,neutral,0,PEI,Polyetherimide (Ultem),neutral_loss,break 1 bond(s) | H shift +2 | -CO2 | ; | break 1 bond(s) | H shift +2 | -CO2 | ; | break 2 bond(s) | H shift +2 | -CO2,1,2,,CO2,"[8, 9, 10, 11, 12, 13, 14, 15, 16, 17, 18, 47, 48, 49]",0.4
C7H5O2,"{'O': 2, 'C': 7, 'H': 5}",121.02895440029,neutral,0,PEI,Polyetherimide (Ultem),neutral_loss,break 1 bond(s) | H shift +2 | -CO2 | ; | break 1 bond(s) | H shift +2 | -CO | ; | break 1 bond(s) | H shift +2 | -CO2,1,2,,CO2,"[7, 8, 9, 10, 11, 12, 13, 14, 15, 16, 17, 18, 47, 48, 49]",0.4
C7H5O3,"{'O': 3, 'C': 7, 'H': 5}",137.02386901986,neutral,0,PEI,Polyetherimide (Ultem),neutral_loss,break 1 bond(s) | H shift +2 | -CO | ; | break 1 bond(s) | H shift +2 | -CO | ; | break 2 bond(s) | H shift +2 | -CO,1,2,,CO,"[7, 8, 9, 10, 11, 12, 13, 14, 15, 16, 17, 18, 47, 48, 49]",0.4
C7HO,"{'C': 7, 'O': 1, 'H': 1}",101.0027396518,neutral,0,PEI,Polyetherimide (Ultem),neutral_loss,break 1 bond(s) | H shift -2 | -CO2 | ; | break 1 bond(s) | H shift -2 | -CO2 | ; | break 2 bond(s) | H shift -2 | -CO2,1,-2,,CO2,"[8, 9, 10, 11, 12, 13, 14, 15, 16, 17, 18, 47, 48, 49]",0.4
C7HO2,"{'O': 2, 'C': 7, 'H': 1}",116.99765427137,neutral,0,PEI,Polyetherimide (Ultem),neutral_loss,break 1 bond(s) | H shift -2 | -CO2 | ; | break 1 bond(s) | H shift -2 | -CO | ; | break 1 bond(s) | H shift -2 | -CO2,1,-2,,CO2,"[7, 8, 9, 10, 11, 12, 13, 14, 15, 16, 17, 18, 47, 48, 49]",0.4
C8H3O4,"{'O': 4, 'C': 8, 'H': 3}",163.00313357497,neutral,0,PEI,Polyetherimide (Ultem),neutral_loss,break 1 bond(s) | H shift +2 | -H2 | ; | break 1 bond(s) | H shift +2 | -H2 | ; | break 2 bond(s) | H shift +2 | -H2,1,2,,H2,"[7, 8, 9, 10, 11, 12, 13, 14, 15, 16, 17, 18, 47, 48, 49]",0.4
C8H4O2,"{'C': 8, 'O': 2, 'H': 4}",132.02112936806,neutral,0,PEI,Polyetherimide (Ultem),neutral_loss,break 1 bond(s) | H shift +2 | -OH | ; | break 1 bond(s) | H shift +2 | -OH | ; | break 2 bond(s) | H shift +2 | -OH,1,2,,OH,"[8, 9, 10, 11, 12, 13, 14, 15, 16, 17, 18, 47, 48, 49]",0.4
C8H4O3,"{'O': 3, 'C': 8, 'H': 4}",148.01604398763,neutral,0,PEI,Polyetherimide (Ultem),neutral_loss,break 1 bond(s) | H shift +2 | -OH | ; | break 1 bond(s) | H shift +2 | -OH | ; | break 2 bond(s) | H shift +2 | -OH,1,2,,OH,"[7, 8, 9, 10, 11, 12, 13, 14, 15, 16, 17, 18, 47, 48, 49]",0.4
C9H10,"{'C': 9, 'H': 10}",118.0782503223,positive,1,PEI,Polyetherimide (Ultem),adduct,break 2 bond(s) | H shift -1 | H | ; | break 2 bond(s) | H shift -1 | H,2,-1,H,,"[0, 1, 2, 21, 22, 23, 24, 37, 38, 39, 40, 41, 42, 43, 44, 52, 53, 57, 58]",0.4
C9H10,"{'C': 9, 'H': 10}",118.0782503223,negative,-1,PEI,Polyetherimide (Ultem),adduct,break 2 bond(s) | H shift +1 | -H | ; | break 2 bond(s) | H shift +1 | -H,2,1,-H,,"[0, 1, 2, 21, 22, 23, 24, 37, 38, 39, 40, 41, 42, 43, 44, 52, 53, 57, 58]",0.4
C9H10O,"{'C': 9, 'O': 1, 'H': 10}",134.07316494187,negative,-1,PEI,Polyetherimide (Ultem),adduct,break 2 bond(s) | H shift +1 | -H | ; | break 2 bond(s) | H shift -1 | OH | ; | break 2 bond(s) | O,2,1,-H,,"[0, 1, 2, 21, 22, 23, 24, 25, 37, 38, 39, 40, 41, 42, 43, 44, 52, 53, 57, 58]",0.4
C9H10O,"{'C': 9, 'O': 1, 'H': 10}",134.07316494187,positive,1,PEI,Polyetherimide (Ultem),adduct,break 2 bond(s) | H shift -1 | H | ; | break 2 bond(s) | H shift -1 | H,2,-1,H,,"[0, 1, 2, 21, 22, 23, 24, 25, 37, 38, 39, 40, 41, 42, 43, 44, 52, 53, 57, 58]",0.4
C9H11,"{'C': 9, 'H': 11}",119.08607535453,neutral,0,PEI,Polyetherimide (Ultem),h_shift,break 2 bond(s) | H shift +1 | ; | break 2 bond(s) | H shift +1,2,1,,,"[0, 1, 2, 21, 22, 23, 24, 37, 38, 39, 40, 41, 42, 43, 44, 52, 53, 57, 58]",0.4
C9H11O,"{'C': 9, 'O': 1, 'H': 11}",135.0809899741,neutral,0,PEI,Polyetherimide (Ultem),h_shift,break 2 bond(s) | H shift +1 | ; | break 2 bond(s) | H shift +1,2,1,,,"[0, 1, 2, 21, 22, 23, 24, 25, 37, 38, 39, 40, 41, 42, 43, 44, 52, 53, 57, 58]",0.4
C9H12,"{'C': 9, 'H': 12}",120.09390038676,positive,1,PEI,Polyetherimide (Ultem),adduct,break 2 bond(s) | H shift +1 | H | ; | break 2 bond(s) | H shift +1 | H,2,1,H,,"[0, 1, 2, 21, 22, 23, 24, 37, 38, 39, 40, 41, 42, 43, 44, 52, 53, 57, 58]",0.4
C9H12O,"{'C': 9, 'O': 1, 'H': 12}",136.08881500633,positive,1,PEI,Polyetherimide (Ultem),adduct,break 2 bond(s) | H shift +1 | H | ; | break 2 bond(s) | H shift +1 | H,2,1,H,,"[0, 1, 2, 21, 22, 23, 24, 25, 37, 38, 39, 40, 41, 42, 43, 44, 52, 53, 57, 58]",0.4
C9H8,"{'C': 9, 'H': 8}",116.06260025784,negative,-1,PEI,Polyetherimide (Ultem),adduct,break 2 bond(s) | H shift -1 | -H | ; | break 2 bond(s) | H shift -1 | -H,2,-1,-H,,"[0, 1, 2, 21, 22, 23, 24, 37, 38, 39, 40, 41, 42, 43, 44, 52, 53, 57, 58]",0.4
C9H8O,"{'C': 9, 'O': 1, 'H': 8}",132.05751487741,negative,-1,PEI,Polyetherimide (Ultem),adduct,break 2 bond(s) | H shift -1 | -H | ; | break 2 bond(s) | H shift -2 | O | ; | break 2 bond(s) | H shift -1 | -H,2,-1,-H,,"[0, 1, 2, 21, 22, 23, 24, 25, 37, 38, 39, 40, 41, 42, 43, 44, 52, 53, 57, 58]",0.4
C9H9,"{'C': 9, 'H': 9}",117.07042529007,neutral,0,PEI,Polyetherimide (Ultem),h_shift,break 2 bond(s) | H shift -1 | ; | break 2 bond(s) | H shift -1,2,-1,,,"[0, 1, 2, 21, 22, 23, 24, 37, 38, 39, 40, 41, 42, 43, 44, 52, 53, 57, 58]",0.4
C9H9O,"{'C': 9, 'O': 1, 'H': 9}",133.06533990964,neutral,0,PEI,Polyetherimide (Ultem),h_shift,break 2 bond(s) | H shift -1 | ; | break 2 bond(s) | H shift -1,2,-1,,,"[0, 1, 2, 21, 22, 23, 24, 25, 37, 38, 39, 40, 41, 42, 43, 44, 52, 53, 57, 58]",0.4
C14H10O5,"{'C': 14, 'O': 5, 'H': 10}",258.05282342015,negative,-1,PEI,Polyetherimide (Ultem),adduct,break 1 bond(s) | H shift +2 | OH | ; | break 1 bond(s) | H shift +2 | OH | ; | break 2 bond(s) | H shift +2 | OH,1,2,OH,,"[3, 4, 5, 6, 7, 8, 9, 10, 11, 12, 13, 14, 15, 16, 17, 18, 19, 20, 45, 46, 47, 48, 49, 50, 51]",0.38
C14H5ClO4,"{'C': 14, 'O': 4, 'H': 5, 'Cl': 1}",271.98763632143,negative,-1,PEI,Polyetherimide (Ultem),adduct,break 1 bond(s) | H shift -2 | Cl | ; | break 1 bond(s) | H shift -2 | Cl | ; | break 2 bond(s) | H shift -2 | Cl,1,-2,Cl,,"[3, 4, 5, 6, 7, 8, 9, 10, 11, 12, 13, 14, 15, 16, 17, 18, 19, 20, 45, 46, 47, 48, 49, 50, 51]",0.38
C14H5KO4,"{'C': 14, 'O': 4, 'H': 5, 'K': 1}",275.98249012583,positive,1,PEI,Polyetherimide (Ultem),adduct,break 1 bond(s) | H shift -2 | K | ; | break 1 bond(s) | H shift -2 | K | ; | break 2 bond(s) | H shift -2 | K,1,-2,K,,"[3, 4, 5, 6, 7, 8, 9, 10, 11, 12, 13, 14, 15, 16, 17, 18, 19, 20, 45, 46, 47, 48, 49, 50, 51]",0.38
C14H5NaO4,"{'C': 14, 'O': 4, 'H': 5, 'Na': 1}",260.00855292143,positive,1,PEI,Polyetherimide (Ultem),adduct,break 1 bond(s) | H shift -2 | Na | ; | break 1 bond(s) | H shift -2 | Na | ; | break 2 bond(s) | H shift -2 | Na,1,-2,Na,,"[3, 4, 5, 6, 7, 8, 9, 10, 11, 12, 13, 14, 15, 16, 17, 18, 19, 20, 45, 46, 47, 48, 49, 50, 51]",0.38
C14H5O5,"{'C': 14, 'O': 5, 'H': 5}",253.013698259,negative,-1,PEI,Polyetherimide (Ultem),adduct,break 1 bond(s) | H shift -2 | O | ; | break 1 bond(s) | H shift -2 | O | ; | break 2 bond(s) | H shift -2 | O,1,-2,O,,"[3, 4, 5, 6, 7, 8, 9, 10, 11, 12, 13, 14, 15, 16, 17, 18, 19, 20, 45, 46, 47, 48, 49, 50, 51]",0.38
C14H9ClO4,"{'C': 14, 'O': 4, 'H': 9, 'Cl': 1}",276.01893645035,negative,-1,PEI,Polyetherimide (Ultem),adduct,break 1 bond(s) | H shift +2 | Cl | ; | break 1 bond(s) | H shift +2 | Cl | ; | break 2 bond(s) | H shift +2 | Cl,1,2,Cl,,"[3, 4, 5, 6, 7, 8, 9, 10, 11, 12, 13, 14, 15, 16, 17, 18, 19, 20, 45, 46, 47, 48, 49, 50, 51]",0.38
C14H9KO4,"{'C': 14, 'O': 4, 'H': 9, 'K': 1}",280.01379025475,positive,1,PEI,Polyetherimide (Ultem),adduct,break 1 bond(s) | H shift +2 | K | ; | break 1 bond(s) | H shift +2 | K | ; | break 2 bond(s) | H shift +2 | K,1,2,K,,"[3, 4, 5, 6, 7, 8, 9, 10, 11, 12, 13, 14, 15, 16, 17, 18, 19, 20, 45, 46, 47, 48, 49, 50, 51]",0.38
C14H9NaO4,"{'C': 14, 'O': 4, 'H': 9, 'Na': 1}",264.03985305035,positive,1,PEI,Polyetherimide (Ultem),adduct,break 1 bond(s) | H shift +2 | Na | ; | break 1 bond(s) | H shift +2 | Na | ; | break 2 bond(s) | H shift +2 | Na,1,2,Na,,"[3, 4, 5, 6, 7, 8, 9, 10, 11, 12, 13, 14, 15, 16, 17, 18, 19, 20, 45, 46, 47, 48, 49, 50, 51]",0.38
C17H11ClO4,"{'C': 17, 'O': 4, 'H': 11, 'Cl': 1}",314.03458651481,negative,-1,PEI,Polyetherimide (Ultem),adduct,break 1 bond(s) | H shift -2 | Cl | ; | break 1 bond(s) | H shift -2 | Cl | ; | break 2 bond(s) | H shift -2 | Cl,1,-2,Cl,,"[0, 1, 2, 21, 22, 23, 24, 25, 26, 27, 28, 29, 30, 31, 32, 33, 34, 35, 36, 37, 38, 39, 40, 41, 42, 43, 44, 52, 53, 54, 55, 56, 57, 58]",0.38
C17H11KO4,"{'C': 17, 'O': 4, 'H': 11, 'K': 1}",318.02944031921,positive,1,PEI,Polyetherimide (Ultem),adduct,break 1 bond(s) | H shift -2 | K | ; | break 1 bond(s) | H shift -2 | K | ; | break 2 bond(s) | H shift -2 | K,1,-2,K,,"[0, 1, 2, 21, 22, 23, 24, 25, 26, 27, 28, 29, 30, 31, 32, 33, 34, 35, 36, 37, 38, 39, 40, 41, 42, 43, 44, 52, 53, 54, 55, 56, 57, 58]",0.38
C17H11NaO4,"{'C': 17, 'O': 4, 'H': 11, 'Na': 1}",302.05550311481,positive,1,PEI,Polyetherimide (Ultem),adduct,break 1 bond(s) | H shift -2 | Na | ; | break 1 bond(s) | H shift -2 | Na | ; | break 2 bond(s) | H shift -2 | Na,1,-2,Na,,"[0, 1, 2, 21, 22, 23, 24, 25, 26, 27, 28, 29, 30, 31, 32, 33, 34, 35, 36, 37, 38, 39, 40, 41, 42, 43, 44, 52, 53, 54, 55, 56, 57, 58]",0.38
C17H11O5,"{'C': 17, 'O': 5, 'H': 11}",295.06064845238,negative,-1,PEI,Polyetherimide (Ultem),adduct,break 1 bond(s) | H shift -2 | O | ; | break 1 bond(s) | H shift -2 | O | ; | break 2 bond(s) | H shift -2 | O,1,-2,O,,"[0, 1, 2, 21, 22, 23, 24, 25, 26, 27, 28, 29, 30, 31, 32, 33, 34, 35, 36, 37, 38, 39, 40, 41, 42, 43, 44, 52, 53, 54, 55, 56, 57, 58]",0.38
C17H15ClO4,"{'C': 17, 'O': 4, 'H': 15, 'Cl': 1}",318.06588664373,negative,-1,PEI,Polyetherimide (Ultem),adduct,break 1 bond(s) | H shift +2 | Cl | ; | break 1 bond(s) | H shift +2 | Cl | ; | break 2 bond(s) | H shift +2 | Cl,1,2,Cl,,"[0, 1, 2, 21, 22, 23, 24, 25, 26, 27, 28, 29, 30, 31, 32, 33, 34, 35, 36, 37, 38, 39, 40, 41, 42, 43, 44, 52, 53, 54, 55, 56, 57, 58]",0.38
C17H15KO4,"{'C': 17, 'O': 4, 'H': 15, 'K': 1}",322.06074044813,positive,1,PEI,Polyetherimide (Ultem),adduct,break 1 bond(s) | H shift +2 | K | ; | break 1 bond(s) | H shift +2 | K | ; | break 2 bond(s) | H shift +2 | K,1,2,K,,"[0, 1, 2, 21, 22, 23, 24, 25, 26, 27, 28, 29, 30, 31, 32, 33, 34, 35, 36, 37, 38, 39, 40, 41, 42, 43, 44, 52, 53, 54, 55, 56, 57, 58]",0.38
C17H15NaO4,"{'C': 17, 'O': 4, 'H': 15, 'Na': 1}",306.08680324373,positive,1,PEI,Polyetherimide (Ultem),adduct,break 1 bond(s) | H shift +2 | Na | ; | break 1 bond(s) | H shift +2 | Na | ; | break 2 bond(s) | H shift +2 | Na,1,2,Na,,"[0, 1, 2, 21, 22, 23, 24, 25, 26, 27, 28, 29, 30, 31, 32, 33, 34, 35, 36, 37, 38, 39, 40, 41, 42, 43, 44, 52, 53, 54, 55, 56, 57, 58]",0.38
C17H16O5,"{'C': 17, 'O': 5, 'H': 16}",300.09977361353,negative,-1,PEI,Polyetherimide (Ultem),adduct,break 1 bond(s) | H shift +2 | OH | ; | break 1 bond(s) | H shift +2 | OH | ; | break 2 bond(s) | H shift +2 | OH,1,2,OH,,"[0, 1, 2, 21, 22, 23, 24, 25, 26, 27, 28, 29, 30, 31, 32, 33, 34, 35, 36, 37, 38, 39, 40, 41, 42, 43, 44, 52, 53, 54, 55, 56, 57, 58]",0.38
C23H15ClO4,"{'C': 23, 'O': 4, 'H': 15, 'Cl': 1}",390.06588664373,negative,-1,PEI,Polyetherimide (Ultem),adduct,break 1 bond(s) | H shift -2 | Cl | ; | break 1 bond(s) | H shift -2 | Cl | ; | break 2 bond(s) | H shift -2 | Cl,1,-2,Cl,,"[0, 1, 2, 3, 4, 5, 6, 19, 20, 21, 22, 23, 24, 25, 26, 27, 28, 29, 30, 31, 32, 33, 34, 35, 36, 37, 38, 39, 40, 41, 42, 43, 44, 45, 46, 50, 51, 52, 53, 54, 55, 56, 57, 58]",0.38
C23H15ClO5,"{'C': 23, 'O': 5, 'H': 15, 'Cl': 1}",406.0608012633,negative,-1,PEI,Polyetherimide (Ultem),adduct,break 1 bond(s) | H shift -2 | Cl | ; | break 1 bond(s) | H shift -2 | Cl,1,-2,Cl,,"[0, 1, 2, 3, 4, 5, 6, 7, 19, 20, 21, 22, 23, 24, 25, 26, 27, 28, 29, 30, 31, 32, 33, 34, 35, 36, 37, 38, 39, 40, 41, 42, 43, 44, 45, 46, 50, 51, 52, 53, 54, 55, 56, 57, 58]",0.38
C23H15KO4,"{'C': 23, 'O': 4, 'H': 15, 'K': 1}",394.06074044813,positive,1,PEI,Polyetherimide (Ultem),adduct,break 1 bond(s) | H shift -2 | K | ; | break 1 bond(s) | H shift -2 | K | ; | break 2 bond(s) | H shift -2 | K,1,-2,K,,"[0, 1, 2, 3, 4, 5, 6, 19, 20, 21, 22, 23, 24, 25, 26, 27, 28, 29, 30, 31, 32, 33, 34, 35, 36, 37, 38, 39, 40, 41, 42, 43, 44, 45, 46, 50, 51, 52, 53, 54, 55, 56, 57, 58]",0.38
C23H15KO5,"{'C': 23, 'O': 5, 'H': 15, 'K': 1}",410.0556550677,positive,1,PEI,Polyetherimide (Ultem),adduct,break 1 bond(s) | H shift -2 | K | ; | break 1 bond(s) | H shift -2 | K,1,-2,K,,"[0, 1, 2, 3, 4, 5, 6, 7, 19, 20, 21, 22, 23, 24, 25, 26, 27, 28, 29, 30, 31, 32, 33, 34, 35, 36, 37, 38, 39, 40, 41, 42, 43, 44, 45, 46, 50, 51, 52, 53, 54, 55, 56, 57, 58]",0.38
C23H15NaO4,"{'C': 23, 'O': 4, 'H': 15, 'Na': 1}",378.08680324373,positive,1,PEI,Polyetherimide (Ultem),adduct,break 1 bond(s) | H shift -2 | Na | ; | break 1 bond(s) | H shift -2 | Na | ; | break 2 bond(s) | H shift -2 | Na,1,-2,Na,,"[0, 1, 2, 3, 4, 5, 6, 19, 20, 21, 22, 23, 24, 25, 26, 27, 28, 29, 30, 31, 32, 33, 34, 35, 36, 37, 38, 39, 40, 41, 42, 43, 44, 45, 46, 50, 51, 52, 53, 54, 55, 56, 57, 58]",0.38
C23H15NaO5,"{'C': 23, 'O': 5, 'H': 15, 'Na': 1}",394.0817178633,positive,1,PEI,Polyetherimide (Ultem),adduct,break 1 bond(s) | H shift -2 | Na | ; | break 1 bond(s) | H shift -2 | Na,1,-2,Na,,"[0, 1, 2, 3, 4, 5, 6, 7, 19, 20, 21, 22, 23, 24, 25, 26, 27, 28, 29, 30, 31, 32, 33, 34, 35, 36, 37, 38, 39, 40, 41, 42, 43, 44, 45, 46, 50, 51, 52, 53, 54, 55, 56, 57, 58]",0.38
C23H15O6,"{'C': 23, 'O': 6, 'H': 15}",387.08686320087,negative,-1,PEI,Polyetherimide (Ultem),adduct,break 1 bond(s) | H shift -2 | O | ; | break 1 bond(s) | H shift -2 | O,1,-2,O,,"[0, 1, 2, 3, 4, 5, 6, 7, 19, 20, 21, 22, 23, 24, 25, 26, 27, 28, 29, 30, 31, 32, 33, 34, 35, 36, 37, 38, 39, 40, 41, 42, 43, 44, 45, 46, 50, 51, 52, 53, 54, 55, 56, 57, 58]",0.38
C23H19ClO4,"{'C': 23, 'O': 4, 'H': 19, 'Cl': 1}",394.09718677265,negative,-1,PEI,Polyetherimide (Ultem),adduct,break 1 bond(s) | H shift +2 | Cl | ; | break 1 bond(s) | H shift +2 | Cl | ; | break 2 bond(s) | H shift +2 | Cl,1,2,Cl,,"[0, 1, 2, 3, 4, 5, 6, 19, 20, 21, 22, 23, 24, 25, 26, 27, 28, 29, 30, 31, 32, 33, 34, 35, 36, 37, 38, 39, 40, 41, 42, 43, 44, 45, 46, 50, 51, 52, 53, 54, 55, 56, 57, 58]",0.38
C23H19ClO5,"{'C': 23, 'O': 5, 'H': 19, 'Cl': 1}",410.09210139222,negative,-1,PEI,Polyetherimide (Ultem),adduct,break 1 bond(s) | H shift +2 | Cl | ; | break 1 bond(s) | H shift +2 | Cl,1,2,Cl,,"[0, 1, 2, 3, 4, 5, 6, 7, 19, 20, 21, 22, 23, 24, 25, 26, 27, 28, 29, 30, 31, 32, 33, 34, 35, 36, 37, 38, 39, 40, 41, 42, 43, 44, 45, 46, 50, 51, 52, 53, 54, 55, 56, 57, 58]",0.38
C23H19KO4,"{'C': 23, 'O': 4, 'H': 19, 'K': 1}",398.09204057705,positive,1,PEI,Polyetherimide (Ultem),adduct,break 1 bond(s) | H shift +2 | K | ; | break 1 bond(s) | H shift +2 | K | ; | break 2 bond(s) | H shift +2 | K,1,2,K,,"[0, 1, 2, 3, 4, 5, 6, 19, 20, 21, 22, 23, 24, 25, 26, 27, 28, 29, 30, 31, 32, 33, 34, 35, 36, 37, 38, 39, 40, 41, 42, 43, 44, 45, 46, 50, 51, 52, 53, 54, 55, 56, 57, 58]",0.38
C23H19KO5,"{'C': 23, 'O': 5, 'H': 19, 'K': 1}",414.08695519662,positive,1,PEI,Polyetherimide (Ultem),adduct,break 1 bond(s) | H shift +2 | K | ; | break 1 bond(s) | H shift +2 | K,1,2,K,,"[0, 1, 2, 3, 4, 5, 6, 7, 19, 20, 21, 22, 23, 24, 25, 26, 27, 28, 29, 30, 31, 32, 33, 34, 35, 36, 37, 38, 39, 40, 41, 42, 43, 44, 45, 46, 50, 51, 52, 53, 54, 55, 56, 57, 58]",0.38
C23H19NaO4,"{'C': 23, 'O': 4, 'H': 19, 'Na': 1}",382.11810337265,positive,1,PEI,Polyetherimide (Ultem),adduct,break 1 bond(s) | H shift +2 | Na | ; | break 1 bond(s) | H shift +2 | Na | ; | break 2 bond(s) | H shift +2 | Na,1,2,Na,,"[0, 1, 2, 3, 4, 5, 6, 19, 20, 21, 22, 23, 24, 25, 26, 27, 28, 29, 30, 31, 32, 33, 34, 35, 36, 37, 38, 39, 40, 41, 42, 43, 44, 45, 46, 50, 51, 52, 53, 54, 55, 56, 57, 58]",0.38
C23H19NaO5,"{'C': 23, 'O': 5, 'H': 19, 'Na': 1}",398.11301799222,positive,1,PEI,Polyetherimide (Ultem),adduct,break 1 bond(s) | H shift +2 | Na | ; | break 1 bond(s) | H shift +2 | Na,1,2,Na,,"[0, 1, 2, 3, 4, 5, 6, 7, 19, 20, 21, 22, 23, 24, 25, 26, 27, 28, 29, 30, 31, 32, 33, 34, 35, 36, 37, 38, 39, 40, 41, 42, 43, 44, 45, 46, 50, 51, 52, 53, 54, 55, 56, 57, 58]",0.38
C23H20O5,"{'C': 23, 'O': 5, 'H': 20}",376.13107374245,negative,-1,PEI,Polyetherimide (Ultem),adduct,break 1 bond(s) | H shift +2 | OH | ; | break 1 bond(s) | H shift +2 | OH | ; | break 2 bond(s) | H shift +2 | OH,1,2,OH,,"[0, 1, 2, 3, 4, 5, 6, 19, 20, 21, 22, 23, 24, 25, 26, 27, 28, 29, 30, 31, 32, 33, 34, 35, 36, 37, 38, 39, 40, 41, 42, 43, 44, 45, 46, 50, 51, 52, 53, 54, 55, 56, 57, 58]",0.38
C23H20O6,"{'C': 23, 'O': 6, 'H': 20}",392.12598836202,negative,-1,PEI,Polyetherimide (Ultem),adduct,break 1 bond(s) | H shift +2 | OH | ; | break 1 bond(s) | H shift +2 | OH,1,2,OH,,"[0, 1, 2, 3, 4, 5, 6, 7, 19, 20, 21, 22, 23, 24, 25, 26, 27, 28, 29, 30, 31, 32, 33, 34, 35, 36, 37, 38, 39, 40, 41, 42, 43, 44, 45, 46, 50, 51, 52, 53, 54, 55, 56, 57, 58]",0.38
C30H15ClO8,"{'C': 30, 'O': 8, 'H': 15, 'Cl': 1}",538.04554512201,negative,-1,PEI,Polyetherimide (Ultem),adduct,break 1 bond(s) | H shift -2 | Cl | ; | break 1 bond(s) | H shift -2 | Cl,1,-2,Cl,,"[1, 2, 3, 4, 5, 6, 7, 8, 9, 10, 11, 12, 13, 14, 15, 16, 17, 18, 19, 20, 21, 22, 23, 24, 25, 26, 27, 28, 29, 30, 31, 32, 33, 34, 35, 36, 37, 38, 42, 43, 44, 45, 46, 47, 48, 49, 50, 51, 52, 53, 54, 55, 56, 57, 58]",0.38
C30H15KO8,"{'C': 30, 'O': 8, 'H': 15, 'K': 1}",542.04039892641,positive,1,PEI,Polyetherimide (Ultem),adduct,break 1 bond(s) | H shift -2 | K | ; | break 1 bond(s) | H shift -2 | K,1,-2,K,,"[1, 2, 3, 4, 5, 6, 7, 8, 9, 10, 11, 12, 13, 14, 15, 16, 17, 18, 19, 20, 21, 22, 23, 24, 25, 26, 27, 28, 29, 30, 31, 32, 33, 34, 35, 36, 37, 38, 42, 43, 44, 45, 46, 47, 48, 49, 50, 51, 52, 53, 54, 55, 56, 57, 58]",0.38
C30H15NaO8,"{'C': 30, 'O': 8, 'H': 15, 'Na': 1}",526.06646172201,positive,1,PEI,Polyetherimide (Ultem),adduct,break 1 bond(s) | H shift -2 | Na | ; | break 1 bond(s) | H shift -2 | Na,1,-2,Na,,"[1, 2, 3, 4, 5, 6, 7, 8, 9, 10, 11, 12, 13, 14, 15, 16, 17, 18, 19, 20, 21, 22, 23, 24, 25, 26, 27, 28, 29, 30, 31, 32, 33, 34, 35, 36, 37, 38, 42, 43, 44, 45, 46, 47, 48, 49, 50, 51, 52, 53, 54, 55, 56, 57, 58]",0.38
C30H15O9,"{'C': 30, 'O': 9, 'H': 15}",519.0716070595801,negative,-1,PEI,Polyetherimide (Ultem),adduct,break 1 bond(s) | H shift -2 | O | ; | break 1 bond(s) | H shift -2 | O,1,-2,O,,"[1, 2, 3, 4, 5, 6, 7, 8, 9, 10, 11, 12, 13, 14, 15, 16, 17, 18, 19, 20, 21, 22, 23, 24, 25, 26, 27, 28, 29, 30, 31, 32, 33, 34, 35, 36, 37, 38, 42, 43, 44, 45, 46, 47, 48, 49, 50, 51, 52, 53, 54, 55, 56, 57, 58]",0.38
C30H19ClO8,"{'C': 30, 'O': 8, 'H': 19, 'Cl': 1}",542.07684525093,negative,-1,PEI,Polyetherimide (Ultem),adduct,break 1 bond(s) | H shift +2 | Cl | ; | break 1 bond(s) | H shift +2 | Cl,1,2,Cl,,"[1, 2, 3, 4, 5, 6, 7, 8, 9, 10, 11, 12, 13, 14, 15, 16, 17, 18, 19, 20, 21, 22, 23, 24, 25, 26, 27, 28, 29, 30, 31, 32, 33, 34, 35, 36, 37, 38, 42, 43, 44, 45, 46, 47, 48, 49, 50, 51, 52, 53, 54, 55, 56, 57, 58]",0.38
C30H19KO8,"{'C': 30, 'O': 8, 'H': 19, 'K': 1}",546.07169905533,positive,1,PEI,Polyetherimide (Ultem),adduct,break 1 bond(s) | H shift +2 | K | ; | break 1 bond(s) | H shift +2 | K,1,2,K,,"[1, 2, 3, 4, 5, 6, 7, 8, 9, 10, 11, 12, 13, 14, 15, 16, 17, 18, 19, 20, 21, 22, 23, 24, 25, 26, 27, 28, 29, 30, 31, 32, 33, 34, 35, 36, 37, 38, 42, 43, 44, 45, 46, 47, 48, 49, 50, 51, 52, 53, 54, 55, 56, 57, 58]",0.38
C30H19NaO8,"{'C': 30, 'O': 8, 'H': 19, 'Na': 1}",530.09776185093,positive,1,PEI,Polyetherimide (Ultem),adduct,break 1 bond(s) | H shift +2 | Na | ; | break 1 bond(s) | H shift +2 | Na,1,2,Na,,"[1, 2, 3, 4, 5, 6, 7, 8, 9, 10, 11, 12, 13, 14, 15, 16, 17, 18, 19, 20, 21, 22, 23, 24, 25, 26, 27, 28, 29, 30, 31, 32, 33, 34, 35, 36, 37, 38, 42, 43, 44, 45, 46, 47, 48, 49, 50, 51, 52, 53, 54, 55, 56, 57, 58]",0.38
C30H20O9,"{'C': 30, 'O': 9, 'H': 20}",524.11073222073,negative,-1,PEI,Polyetherimide (Ultem),adduct,break 1 bond(s) | H shift +2 | OH | ; | break 1 bond(s) | H shift +2 | OH,1,2,OH,,"[1, 2, 3, 4, 5, 6, 7, 8, 9, 10, 11, 12, 13, 14, 15, 16, 17, 18, 19, 20, 21, 22, 23, 24, 25, 26, 27, 28, 29, 30, 31, 32, 33, 34, 35, 36, 37, 38, 42, 43, 44, 45, 46, 47, 48, 49, 50, 51, 52, 53, 54, 55, 56, 57, 58]",0.38
C8H5ClO3,"{'C': 8, 'O': 3, 'H': 5, 'Cl': 1}",183.99272170186,negative,-1,PEI,Polyetherimide (Ultem),adduct,break 1 bond(s) | H shift +2 | Cl | ; | break 1 bond(s) | H shift +2 | Cl | ; | break 2 bond(s) | H shift +2 | Cl,1,2,Cl,,"[8, 9, 10, 11, 12, 13, 14, 15, 16, 17, 18, 47, 48, 49]",0.38
C8H5ClO4,"{'O': 4, 'C': 8, 'H': 5, 'Cl': 1}",199.98763632143,negative,-1,PEI,Polyetherimide (Ultem),adduct,break 1 bond(s) | H shift +2 | Cl | ; | break 1 bond(s) | H shift +2 | Cl | ; | break 2 bond(s) | H shift +2 | Cl,1,2,Cl,,"[7, 8, 9, 10, 11, 12, 13, 14, 15, 16, 17, 18, 47, 48, 49]",0.38
C8H5KO3,"{'C': 8, 'O': 3, 'H': 5, 'K': 1}",187.98757550626001,positive,1,PEI,Polyetherimide (Ultem),adduct,break 1 bond(s) | H shift +2 | K | ; | break 1 bond(s) | H shift +2 | K | ; | break 2 bond(s) | H shift +2 | K,1,2,K,,"[8, 9, 10, 11, 12, 13, 14, 15, 16, 17, 18, 47, 48, 49]",0.38
C8H5KO4,"{'O': 4, 'C': 8, 'H': 5, 'K': 1}",203.98249012583,positive,1,PEI,Polyetherimide (Ultem),adduct,break 1 bond(s) | H shift +2 | K | ; | break 1 bond(s) | H shift +2 | K | ; | break 2 bond(s) | H shift +2 | K,1,2,K,,"[7, 8, 9, 10, 11, 12, 13, 14, 15, 16, 17, 18, 47, 48, 49]",0.38
C8H5NaO3,"{'C': 8, 'O': 3, 'H': 5, 'Na': 1}",172.01363830186,positive,1,PEI,Polyetherimide (Ultem),adduct,break 1 bond(s) | H shift +2 | Na | ; | break 1 bond(s) | H shift +2 | Na | ; | break 2 bond(s) | H shift +2 | Na,1,2,Na,,"[8, 9, 10, 11, 12, 13, 14, 15, 16, 17, 18, 47, 48, 49]",0.38
C8H5NaO4,"{'O': 4, 'C': 8, 'H': 5, 'Na': 1}",188.00855292143,positive,1,PEI,Polyetherimide (Ultem),adduct,break 1 bond(s) | H shift +2 | Na | ; | break 1 bond(s) | H shift +2 | Na | ; | break 2 bond(s) | H shift +2 | Na,1,2,Na,,"[7, 8, 9, 10, 11, 12, 13, 14, 15, 16, 17, 18, 47, 48, 49]",0.38
C8H6O4,"{'C': 8, 'O': 4, 'H': 6}",166.02660867166,negative,-1,PEI,Polyetherimide (Ultem),adduct,break 1 bond(s) | H shift +2 | OH | ; | break 1 bond(s) | H shift +2 | OH | ; | break 2 bond(s) | H shift +2 | OH,1,2,OH,,"[8, 9, 10, 11, 12, 13, 14, 15, 16, 17, 18, 47, 48, 49]",0.38
C8H6O5,"{'O': 5, 'C': 8, 'H': 6}",182.02152329123,negative,-1,PEI,Polyetherimide (Ultem),adduct,break 1 bond(s) | H shift +2 | OH | ; | break 1 bond(s) | H shift +2 | OH | ; | break 2 bond(s) | H shift +2 | OH,1,2,OH,,"[7, 8, 9, 10, 11, 12, 13, 14, 15, 16, 17, 18, 47, 48, 49]",0.38
C8HClO3,"{'C': 8, 'O': 3, 'H': 1, 'Cl': 1}",179.96142157294,negative,-1,PEI,Polyetherimide (Ultem),adduct,break 1 bond(s) | H shift -2 | Cl | ; | break 1 bond(s) | H shift -2 | Cl | ; | break 2 bond(s) | H shift -2 | Cl,1,-2,Cl,,"[8, 9, 10, 11, 12, 13, 14, 15, 16, 17, 18, 47, 48, 49]",0.38
C8HClO4,"{'O': 4, 'C': 8, 'H': 1, 'Cl': 1}",195.95633619251,negative,-1,PEI,Polyetherimide (Ultem),adduct,break 1 bond(s) | H shift -2 | Cl | ; | break 1 bond(s) | H shift -2 | Cl | ; | break 2 bond(s) | H shift -2 | Cl,1,-2,Cl,,"[7, 8, 9, 10, 11, 12, 13, 14, 15, 16, 17, 18, 47, 48, 49]",0.38
C8HKO3,"{'C': 8, 'O': 3, 'H': 1, 'K': 1}",183.95627537734,positive,1,PEI,Polyetherimide (Ultem),adduct,break 1 bond(s) | H shift -2 | K | ; | break 1 bond(s) | H shift -2 | K | ; | break 2 bond(s) | H shift -2 | K,1,-2,K,,"[8, 9, 10, 11, 12, 13, 14, 15, 16, 17, 18, 47, 48, 49]",0.38
C8HKO4,"{'O': 4, 'C': 8, 'H': 1, 'K': 1}",199.95118999691,positive,1,PEI,Polyetherimide (Ultem),adduct,break 1 bond(s) | H shift -2 | K | ; | break 1 bond(s) | H shift -2 | K | ; | break 2 bond(s) | H shift -2 | K,1,-2,K,,"[7, 8, 9, 10, 11, 12, 13, 14, 15, 16, 17, 18, 47, 48, 49]",0.38
C8HNaO3,"{'C': 8, 'O': 3, 'H': 1, 'Na': 1}",167.98233817294002,positive,1,PEI,Polyetherimide (Ultem),adduct,break 1 bond(s) | H shift -2 | Na | ; | break 1 bond(s) | H shift -2 | Na | ; | break 2 bond(s) | H shift -2 | Na,1,-2,Na,,"[8, 9, 10, 11, 12, 13, 14, 15, 16, 17, 18, 47, 48, 49]",0.38
C8HNaO4,"{'O': 4, 'C': 8, 'H': 1, 'Na': 1}",183.97725279251,positive,1,PEI,Polyetherimide (Ultem),adduct,break 1 bond(s) | H shift -2 | Na | ; | break 1 bond(s) | H shift -2 | Na | ; | break 2 bond(s) | H shift -2 | Na,1,-2,Na,,"[7, 8, 9, 10, 11, 12, 13, 14, 15, 16, 17, 18, 47, 48, 49]",0.38
C8HO5,"{'O': 5, 'C': 8, 'H': 1}",176.98239813007999,negative,-1,PEI,Polyetherimide (Ultem),adduct,break 1 bond(s) | H shift -2 | O | ; | break 1 bond(s) | H shift -2 | O | ; | break 2 bond(s) | H shift -2 | O,1,-2,O,,"[7, 8, 9, 10, 11, 12, 13, 14, 15, 16, 17, 18, 47, 48, 49]",0.38
C14H11,"{'C': 14, 'H': 11}",179.08607535453,neutral,0,PEI,Polyetherimide (Ultem),neutral_loss,break 2 bond(s) | -CH3,2,0,,CH3,"[0, 1, 2, 3, 4, 5, 6, 19, 20, 21, 22, 23, 24, 37, 38, 39, 40, 41, 42, 43, 44, 45, 46, 50, 51, 52, 53, 57, 58]",0.35
C14H11O,"{'C': 14, 'O': 1, 'H': 11}",195.0809899741,neutral,0,PEI,Polyetherimide (Ultem),neutral_loss,break 2 bond(s) | -CH3 | ; | break 2 bond(s) | -CH3,2,0,,CH3,"[0, 1, 2, 3, 4, 5, 6, 19, 20, 21, 22, 23, 24, 25, 37, 38, 39, 40, 41, 42, 43, 44, 45, 46, 50, 51, 52, 53, 57, 58]",0.35
C14H11O2,"{'C': 14, 'O': 2, 'H': 11}",211.07590459367,neutral,0,PEI,Polyetherimide (Ultem),neutral_loss,break 2 bond(s) | -CH3,2,0,,CH3,"[0, 1, 2, 3, 4, 5, 6, 7, 19, 20, 21, 22, 23, 24, 25, 37, 38, 39, 40, 41, 42, 43, 44, 45, 46, 50, 51, 52, 53, 57, 58]",0.35
C14H14,"{'C': 14, 'H': 14}",182.10955045122,neutral,0,PEI,Polyetherimide (Ultem),neutral_loss,break 2 bond(s) | -CO | ; | break 2 bond(s) | -CO | ; | break 2 bond(s) | -CO2,2,0,,CO,"[0, 1, 2, 3, 4, 5, 6, 19, 20, 21, 22, 23, 24, 25, 37, 38, 39, 40, 41, 42, 43, 44, 45, 46, 50, 51, 52, 53, 57, 58]",0.35
C14H14O,"{'C': 14, 'O': 1, 'H': 14}",198.10446507079,neutral,0,PEI,Polyetherimide (Ultem),neutral_loss,break 2 bond(s) | -CO,2,0,,CO,"[0, 1, 2, 3, 4, 5, 6, 7, 19, 20, 21, 22, 23, 24, 25, 37, 38, 39, 40, 41, 42, 43, 44, 45, 46, 50, 51, 52, 53, 57, 58]",0.35
C15H10O2,"{'C': 15, 'O': 2, 'H': 10}",222.06807956144002,neutral,0,PEI,Polyetherimide (Ultem),neutral_loss,break 2 bond(s) | -CO2 | ; | break 2 bond(s) | -CO2 | ; | break 2 bond(s) | -CO2 | ; | break 2 bond(s) | -CO2,2,0,,CO2,"[1, 2, 21, 22, 23, 24, 25, 26, 27, 28, 29, 30, 31, 32, 33, 34, 35, 36, 37, 38, 42, 43, 44, 52, 53, 54, 55, 56, 57, 58]",0.35
C15H10O3,"{'C': 15, 'O': 3, 'H': 10}",238.06299418101,neutral,0,PEI,Polyetherimide (Ultem),neutral_loss,break 2 bond(s) | -CO | ; | break 2 bond(s) | -CO | ; | break 2 bond(s) | -CO | ; | break 2 bond(s) | -CO,2,0,,CO,"[1, 2, 21, 22, 23, 24, 25, 26, 27, 28, 29, 30, 31, 32, 33, 34, 35, 36, 37, 38, 42, 43, 44, 52, 53, 54, 55, 56, 57, 58]",0.35
C15H11,"{'C': 15, 'H': 11}",191.08607535453,negative,-1,PEI,Polyetherimide (Ultem),adduct,break 2 bond(s) | H shift -2 | -H,2,-2,-H,,"[0, 1, 2, 3, 4, 5, 6, 19, 20, 21, 22, 23, 24, 37, 38, 39, 40, 41, 42, 43, 44, 45, 46, 50, 51, 52, 53, 57, 58]",0.35
C15H11O,"{'C': 15, 'O': 1, 'H': 11}",207.0809899741,negative,-1,PEI,Polyetherimide (Ultem),adduct,break 2 bond(s) | H shift -2 | -H | ; | break 2 bond(s) | H shift -2 | -H,2,-2,-H,,"[0, 1, 2, 3, 4, 5, 6, 19, 20, 21, 22, 23, 24, 25, 37, 38, 39, 40, 41, 42, 43, 44, 45, 46, 50, 51, 52, 53, 57, 58]",0.35
C15H11O2,"{'C': 15, 'O': 2, 'H': 11}",223.07590459367,negative,-1,PEI,Polyetherimide (Ultem),adduct,break 2 bond(s) | H shift -2 | -H,2,-2,-H,,"[0, 1, 2, 3, 4, 5, 6, 7, 19, 20, 21, 22, 23, 24, 25, 37, 38, 39, 40, 41, 42, 43, 44, 45, 46, 50, 51, 52, 53, 57, 58]",0.35
C15H12,"{'C': 15, 'H': 12}",192.09390038676,neutral,0,PEI,Polyetherimide (Ultem),h_shift,break 2 bond(s) | H shift -2,2,-2,,,"[0, 1, 2, 3, 4, 5, 6, 19, 20, 21, 22, 23, 24, 37, 38, 39, 40, 41, 42, 43, 44, 45, 46, 50, 51, 52, 53, 57, 58]",0.35
C15H12,"{'C': 15, 'H': 12}",192.09390038676,neutral,0,PEI,Polyetherimide (Ultem),neutral_loss,break 2 bond(s) | -H2 | ; | break 2 bond(s) | H shift -1 | -OH | ; | break 2 bond(s) | -H2O,2,0,,H2,"[0, 1, 2, 3, 4, 5, 6, 19, 20, 21, 22, 23, 24, 37, 38, 39, 40, 41, 42, 43, 44, 45, 46, 50, 51, 52, 53, 57, 58]",0.35
C15H12O,"{'C': 15, 'O': 1, 'H': 12}",208.08881500633,neutral,0,PEI,Polyetherimide (Ultem),h_shift,break 2 bond(s) | H shift -2 | ; | break 2 bond(s) | H shift -2,2,-2,,,"[0, 1, 2, 3, 4, 5, 6, 19, 20, 21, 22, 23, 24, 25, 37, 38, 39, 40, 41, 42, 43, 44, 45, 46, 50, 51, 52, 53, 57, 58]",0.35
C15H12O,"{'C': 15, 'O': 1, 'H': 12}",208.08881500633,neutral,0,PEI,Polyetherimide (Ultem),neutral_loss,break 2 bond(s) | -H2 | ; | break 2 bond(s) | -H2 | ; | break 2 bond(s) | H shift -1 | -OH,2,0,,H2,"[0, 1, 2, 3, 4, 5, 6, 19, 20, 21, 22, 23, 24, 25, 37, 38, 39, 40, 41, 42, 43, 44, 45, 46, 50, 51, 52, 53, 57, 58]",0.35
C15H12O2,"{'C': 15, 'O': 2, 'H': 12}",224.0837296259,neutral,0,PEI,Polyetherimide (Ultem),neutral_loss,break 2 bond(s) | -H2,2,0,,H2,"[0, 1, 2, 3, 4, 5, 6, 7, 19, 20, 21, 22, 23, 24, 25, 37, 38, 39, 40, 41, 42, 43, 44, 45, 46, 50, 51, 52, 53, 57, 58]",0.35
C15H12O2,"{'C': 15, 'O': 2, 'H': 12}",224.0837296259,neutral,0,PEI,Polyetherimide (Ultem),h_shift,break 2 bond(s) | H shift -2,2,-2,,,"[0, 1, 2, 3, 4, 5, 6, 7, 19, 20, 21, 22, 23, 24, 25, 37, 38, 39, 40, 41, 42, 43, 44, 45, 46, 50, 51, 52, 53, 57, 58]",0.35
C15H13,"{'C': 15, 'H': 13}",193.10172541899,positive,1,PEI,Polyetherimide (Ultem),adduct,break 2 bond(s) | H shift -2 | H,2,-2,H,,"[0, 1, 2, 3, 4, 5, 6, 19, 20, 21, 22, 23, 24, 37, 38, 39, 40, 41, 42, 43, 44, 45, 46, 50, 51, 52, 53, 57, 58]",0.35
C15H13,"{'C': 15, 'H': 13}",193.10172541899,neutral,0,PEI,Polyetherimide (Ultem),neutral_loss,break 2 bond(s) | -OH | ; | break 2 bond(s) | H shift +1 | -H2O | ; | break 2 bond(s) | -OH,2,0,,OH,"[0, 1, 2, 3, 4, 5, 6, 19, 20, 21, 22, 23, 24, 25, 37, 38, 39, 40, 41, 42, 43, 44, 45, 46, 50, 51, 52, 53, 57, 58]",0.35
C15H13O,"{'C': 15, 'O': 1, 'H': 13}",209.09664003856,positive,1,PEI,Polyetherimide (Ultem),adduct,break 2 bond(s) | H shift -2 | H | ; | break 2 bond(s) | H shift -2 | H,2,-2,H,,"[0, 1, 2, 3, 4, 5, 6, 19, 20, 21, 22, 23, 24, 25, 37, 38, 39, 40, 41, 42, 43, 44, 45, 46, 50, 51, 52, 53, 57, 58]",0.35
C15H13O,"{'C': 15, 'O': 1, 'H': 13}",209.09664003856,neutral,0,PEI,Polyetherimide (Ultem),neutral_loss,break 2 bond(s) | -OH | ; | break 2 bond(s) | H shift +1 | -H2O,2,0,,OH,"[0, 1, 2, 3, 4, 5, 6, 7, 19, 20, 21, 22, 23, 24, 25, 37, 38, 39, 40, 41, 42, 43, 44, 45, 46, 50, 51, 52, 53, 57, 58]",0.35
C15H13O2,"{'C': 15, 'O': 2, 'H': 13}",225.09155465813,positive,1,PEI,Polyetherimide (Ultem),adduct,break 2 bond(s) | H shift -2 | H,2,-2,H,,"[0, 1, 2, 3, 4, 5, 6, 7, 19, 20, 21, 22, 23, 24, 25, 37, 38, 39, 40, 41, 42, 43, 44, 45, 46, 50, 51, 52, 53, 57, 58]",0.35
C15H15,"{'C': 15, 'H': 15}",195.11737548345,negative,-1,PEI,Polyetherimide (Ultem),adduct,break 2 bond(s) | H shift +2 | -H,2,2,-H,,"[0, 1, 2, 3, 4, 5, 6, 19, 20, 21, 22, 23, 24, 37, 38, 39, 40, 41, 42, 43, 44, 45, 46, 50, 51, 52, 53, 57, 58]",0.35
C15H15O,"{'C': 15, 'O': 1, 'H': 15}",211.11229010302,negative,-1,PEI,Polyetherimide (Ultem),adduct,break 2 bond(s) | H shift +2 | -H | ; | break 2 bond(s) | H shift +2 | -H,2,2,-H,,"[0, 1, 2, 3, 4, 5, 6, 19, 20, 21, 22, 23, 24, 25, 37, 38, 39, 40, 41, 42, 43, 44, 45, 46, 50, 51, 52, 53, 57, 58]",0.35
C15H15O2,"{'C': 15, 'O': 2, 'H': 15}",227.10720472259,negative,-1,PEI,Polyetherimide (Ultem),adduct,break 2 bond(s) | H shift +2 | -H,2,2,-H,,"[0, 1, 2, 3, 4, 5, 6, 7, 19, 20, 21, 22, 23, 24, 25, 37, 38, 39, 40, 41, 42, 43, 44, 45, 46, 50, 51, 52, 53, 57, 58]",0.35
C15H16,"{'C': 15, 'H': 16}",196.12520051568,neutral,0,PEI,Polyetherimide (Ultem),h_shift,break 2 bond(s) | H shift +2,2,2,,,"[0, 1, 2, 3, 4, 5, 6, 19, 20, 21, 22, 23, 24, 37, 38, 39, 40, 41, 42, 43, 44, 45, 46, 50, 51, 52, 53, 57, 58]",0.35
C15H16O,"{'C': 15, 'O': 1, 'H': 16}",212.12011513525,neutral,0,PEI,Polyetherimide (Ultem),h_shift,break 2 bond(s) | H shift +2 | ; | break 2 bond(s) | H shift +2,2,2,,,"[0, 1, 2, 3, 4, 5, 6, 19, 20, 21, 22, 23, 24, 25, 37, 38, 39, 40, 41, 42, 43, 44, 45, 46, 50, 51, 52, 53, 57, 58]",0.35
C15H16O2,"{'C': 15, 'O': 2, 'H': 16}",228.11502975482,neutral,0,PEI,Polyetherimide (Ultem),h_shift,break 2 bond(s) | H shift +2,2,2,,,"[0, 1, 2, 3, 4, 5, 6, 7, 19, 20, 21, 22, 23, 24, 25, 37, 38, 39, 40, 41, 42, 43, 44, 45, 46, 50, 51, 52, 53, 57, 58]",0.35
C15H17,"{'C': 15, 'H': 17}",197.13302554791,positive,1,PEI,Polyetherimide (Ultem),adduct,break 2 bond(s) | H shift +2 | H,2,2,H,,"[0, 1, 2, 3, 4, 5, 6, 19, 20, 21, 22, 23, 24, 37, 38, 39, 40, 41, 42, 43, 44, 45, 46, 50, 51, 52, 53, 57, 58]",0.35
C15H17O,"{'C': 15, 'O': 1, 'H': 17}",213.12794016748,positive,1,PEI,Polyetherimide (Ultem),adduct,break 2 bond(s) | H shift +2 | H | ; | break 2 bond(s) | H shift +2 | H,2,2,H,,"[0, 1, 2, 3, 4, 5, 6, 19, 20, 21, 22, 23, 24, 25, 37, 38, 39, 40, 41, 42, 43, 44, 45, 46, 50, 51, 52, 53, 57, 58]",0.35
C15H17O2,"{'C': 15, 'O': 2, 'H': 17}",229.12285478705,positive,1,PEI,Polyetherimide (Ultem),adduct,break 2 bond(s) | H shift +2 | H,2,2,H,,"[0, 1, 2, 3, 4, 5, 6, 7, 19, 20, 21, 22, 23, 24, 25, 37, 38, 39, 40, 41, 42, 43, 44, 45, 46, 50, 51, 52, 53, 57, 58]",0.35
C15H7O4,"{'C': 15, 'O': 4, 'H': 7}",251.03443370389,neutral,0,PEI,Polyetherimide (Ultem),neutral_loss,break 2 bond(s) | -CH3 | ; | break 2 bond(s) | -CH3 | ; | break 2 bond(s) | -CH3 | ; | break 2 bond(s) | -CH3,2,0,,CH3,"[1, 2, 21, 22, 23, 24, 25, 26, 27, 28, 29, 30, 31, 32, 33, 34, 35, 36, 37, 38, 42, 43, 44, 52, 53, 54, 55, 56, 57, 58]",0.35
C16H11O4,"{'C': 16, 'O': 4, 'H': 11}",267.06573383281,negative,-1,PEI,Polyetherimide (Ultem),adduct,break 2 bond(s) | H shift +2 | -H | ; | break 2 bond(s) | H shift +2 | -H | ; | break 2 bond(s) | H shift +2 | -H,2,2,-H,,"[1, 2, 21, 22, 23, 24, 25, 26, 27, 28, 29, 30, 31, 32, 33, 34, 35, 36, 37, 38, 42, 43, 44, 52, 53, 54, 55, 56, 57, 58]",0.35
C16H12O4,"{'C': 16, 'O': 4, 'H': 12}",268.07355886504,neutral,0,PEI,Polyetherimide (Ultem),h_shift,break 2 bond(s) | H shift +2 | ; | break 2 bond(s) | H shift +2 | ; | break 2 bond(s) | H shift +2 | ; | break 2 bond(s) | H shift +2,2,2,,,"[1, 2, 21, 22, 23, 24, 25, 26, 27, 28, 29, 30, 31, 32, 33, 34, 35, 36, 37, 38, 42, 43, 44, 52, 53, 54, 55, 56, 57, 58]",0.35
C16H13O4,"{'C': 16, 'O': 4, 'H': 13}",269.08138389727003,positive,1,PEI,Polyetherimide (Ultem),adduct,break 2 bond(s) | H shift +2 | H | ; | break 2 bond(s) | H shift +2 | H | ; | break 2 bond(s) | H shift +2 | H,2,2,H,,"[1, 2, 21, 22, 23, 24, 25, 26, 27, 28, 29, 30, 31, 32, 33, 34, 35, 36, 37, 38, 42, 43, 44, 52, 53, 54, 55, 56, 57, 58]",0.35
C16H7O4,"{'C': 16, 'O': 4, 'H': 7}",263.03443370389,negative,-1,PEI,Polyetherimide (Ultem),adduct,break 2 bond(s) | H shift -2 | -H | ; | break 2 bond(s) | H shift -2 | -H | ; | break 2 bond(s) | H shift -2 | -H,2,-2,-H,,"[1, 2, 21, 22, 23, 24, 25, 26, 27, 28, 29, 30, 31, 32, 33, 34, 35, 36, 37, 38, 42, 43, 44, 52, 53, 54, 55, 56, 57, 58]",0.35
C16H8O3,"{'C': 16, 'O': 3, 'H': 8}",248.04734411655,neutral,0,PEI,Polyetherimide (Ultem),neutral_loss,break 2 bond(s) | -H2O | ; | break 2 bond(s) | H shift -1 | -OH | ; | break 2 bond(s) | -H2O,2,0,,H2O,"[1, 2, 21, 22, 23, 24, 25, 26, 27, 28, 29, 30, 31, 32, 33, 34, 35, 36, 37, 38, 42, 43, 44, 52, 53, 54, 55, 56, 57, 58]",0.35
C16H8O4,"{'C': 16, 'O': 4, 'H': 8}",264.04225873612,neutral,0,PEI,Polyetherimide (Ultem),h_shift,break 2 bond(s) | H shift -2 | ; | break 2 bond(s) | H shift -2 | ; | break 2 bond(s) | H shift -2 | ; | break 2 bond(s) | H shift -2,2,-2,,,"[1, 2, 21, 22, 23, 24, 25, 26, 27, 28, 29, 30, 31, 32, 33, 34, 35, 36, 37, 38, 42, 43, 44, 52, 53, 54, 55, 56, 57, 58]",0.35
C16H9O3,"{'C': 16, 'O': 3, 'H': 9}",249.05516914878,neutral,0,PEI,Polyetherimide (Ultem),neutral_loss,break 2 bond(s) | -OH | ; | break 2 bond(s) | H shift +1 | -H2O | ; | break 2 bond(s) | -OH,2,0,,OH,"[1, 2, 21, 22, 23, 24, 25, 26, 27, 28, 29, 30, 31, 32, 33, 34, 35, 36, 37, 38, 42, 43, 44, 52, 53, 54, 55, 56, 57, 58]",0.35
C16H9O4,"{'C': 16, 'O': 4, 'H': 9}",265.05008376835,positive,1,PEI,Polyetherimide (Ultem),adduct,break 2 bond(s) | H shift -2 | H | ; | break 2 bond(s) | H shift -2 | H | ; | break 2 bond(s) | H shift -2 | H,2,-2,H,,"[1, 2, 21, 22, 23, 24, 25, 26, 27, 28, 29, 30, 31, 32, 33, 34, 35, 36, 37, 38, 42, 43, 44, 52, 53, 54, 55, 56, 57, 58]",0.35
C21H11O4,"{'C': 21, 'O': 4, 'H': 11}",327.06573383281,neutral,0,PEI,Polyetherimide (Ultem),neutral_loss,break 2 bond(s) | -CH3 | ; | break 2 bond(s) | -CH3 | ; | break 2 bond(s) | -CH3 | ; | break 2 bond(s) | -CH3,2,0,,CH3,"[1, 2, 3, 4, 5, 6, 19, 20, 21, 22, 23, 24, 25, 26, 27, 28, 29, 30, 31, 32, 33, 34, 35, 36, 37, 38, 42, 43, 44, 45, 46, 50, 51, 52, 53, 54, 55, 56, 57, 58]",0.35
C21H11O5,"{'C': 21, 'O': 5, 'H': 11}",343.06064845238,neutral,0,PEI,Polyetherimide (Ultem),neutral_loss,break 2 bond(s) | -CH3 | ; | break 2 bond(s) | -CH3 | ; | break 2 bond(s) | -CH3 | ; | break 2 bond(s) | -CH3,2,0,,CH3,"[1, 2, 3, 4, 5, 6, 7, 19, 20, 21, 22, 23, 24, 25, 26, 27, 28, 29, 30, 31, 32, 33, 34, 35, 36, 37, 38, 42, 43, 44, 45, 46, 50, 51, 52, 53, 54, 55, 56, 57, 58]",0.35
C21H14O2,"{'C': 21, 'O': 2, 'H': 14}",298.09937969036,neutral,0,PEI,Polyetherimide (Ultem),neutral_loss,break 2 bond(s) | -CO2 | ; | break 2 bond(s) | -CO2 | ; | break 2 bond(s) | -CO2 | ; | break 2 bond(s) | -CO2,2,0,,CO2,"[1, 2, 3, 4, 5, 6, 19, 20, 21, 22, 23, 24, 25, 26, 27, 28, 29, 30, 31, 32, 33, 34, 35, 36, 37, 38, 42, 43, 44, 45, 46, 50, 51, 52, 53, 54, 55, 56, 57, 58]",0.35
C21H14O3,"{'C': 21, 'O': 3, 'H': 14}",314.09429430993,neutral,0,PEI,Polyetherimide (Ultem),neutral_loss,break 2 bond(s) | -CO | ; | break 2 bond(s) | -CO2 | ; | break 2 bond(s) | -CO | ; | break 2 bond(s) | -CO2,2,0,,CO,"[1, 2, 3, 4, 5, 6, 19, 20, 21, 22, 23, 24, 25, 26, 27, 28, 29, 30, 31, 32, 33, 34, 35, 36, 37, 38, 42, 43, 44, 45, 46, 50, 51, 52, 53, 54, 55, 56, 57, 58]",0.35
C21H14O4,"{'C': 21, 'O': 4, 'H': 14}",330.0892089295,neutral,0,PEI,Polyetherimide (Ultem),neutral_loss,break 2 bond(s) | -CO | ; | break 2 bond(s) | -CO | ; | break 2 bond(s) | -CO | ; | break 2 bond(s) | -CO,2,0,,CO,"[1, 2, 3, 4, 5, 6, 7, 19, 20, 21, 22, 23, 24, 25, 26, 27, 28, 29, 30, 31, 32, 33, 34, 35, 36, 37, 38, 42, 43, 44, 45, 46, 50, 51, 52, 53, 54, 55, 56, 57, 58]",0.35
C22H11O4,"{'C': 22, 'O': 4, 'H': 11}",339.06573383281,negative,-1,PEI,Polyetherimide (Ultem),adduct,break 2 bond(s) | H shift -2 | -H | ; | break 2 bond(s) | H shift -2 | -H | ; | break 2 bond(s) | H shift -2 | -H,2,-2,-H,,"[1, 2, 3, 4, 5, 6, 19, 20, 21, 22, 23, 24, 25, 26, 27, 28, 29, 30, 31, 32, 33, 34, 35, 36, 37, 38, 42, 43, 44, 45, 46, 50, 51, 52, 53, 54, 55, 56, 57, 58]",0.35
C22H11O5,"{'C': 22, 'O': 5, 'H': 11}",355.06064845238,negative,-1,PEI,Polyetherimide (Ultem),adduct,break 2 bond(s) | H shift -2 | -H | ; | break 2 bond(s) | H shift -2 | -H | ; | break 2 bond(s) | H shift -2 | -H,2,-2,-H,,"[1, 2, 3, 4, 5, 6, 7, 19, 20, 21, 22, 23, 24, 25, 26, 27, 28, 29, 30, 31, 32, 33, 34, 35, 36, 37, 38, 42, 43, 44, 45, 46, 50, 51, 52, 53, 54, 55, 56, 57, 58]",0.35
C22H12O3,"{'C': 22, 'O': 3, 'H': 12}",324.07864424547,neutral,0,PEI,Polyetherimide (Ultem),neutral_loss,break 2 bond(s) | -H2O | ; | break 2 bond(s) | H shift -1 | -OH | ; | break 2 bond(s) | -H2O,2,0,,H2O,"[1, 2, 3, 4, 5, 6, 19, 20, 21, 22, 23, 24, 25, 26, 27, 28, 29, 30, 31, 32, 33, 34, 35, 36, 37, 38, 42, 43, 44, 45, 46, 50, 51, 52, 53, 54, 55, 56, 57, 58]",0.35
C22H12O4,"{'C': 22, 'O': 4, 'H': 12}",340.07355886504,neutral,0,PEI,Polyetherimide (Ultem),h_shift,break 2 bond(s) | H shift -2 | ; | break 2 bond(s) | H shift -2 | ; | break 2 bond(s) | H shift -2 | ; | break 2 bond(s) | H shift -2,2,-2,,,"[1, 2, 3, 4, 5, 6, 19, 20, 21, 22, 23, 24, 25, 26, 27, 28, 29, 30, 31, 32, 33, 34, 35, 36, 37, 38, 42, 43, 44, 45, 46, 50, 51, 52, 53, 54, 55, 56, 57, 58]",0.35
C22H12O5,"{'C': 22, 'O': 5, 'H': 12}",356.06847348461,neutral,0,PEI,Polyetherimide (Ultem),h_shift,break 2 bond(s) | H shift -2 | ; | break 2 bond(s) | H shift -2 | ; | break 2 bond(s) | H shift -2 | ; | break 2 bond(s) | H shift -2,2,-2,,,"[1, 2, 3, 4, 5, 6, 7, 19, 20, 21, 22, 23, 24, 25, 26, 27, 28, 29, 30, 31, 32, 33, 34, 35, 36, 37, 38, 42, 43, 44, 45, 46, 50, 51, 52, 53, 54, 55, 56, 57, 58]",0.35
C22H13O3,"{'C': 22, 'O': 3, 'H': 13}",325.0864692777,neutral,0,PEI,Polyetherimide (Ultem),neutral_loss,break 2 bond(s) | -OH | ; | break 2 bond(s) | H shift +1 | -H2O | ; | break 2 bond(s) | -OH,2,0,,OH,"[1, 2, 3, 4, 5, 6, 19, 20, 21, 22, 23, 24, 25, 26, 27, 28, 29, 30, 31, 32, 33, 34, 35, 36, 37, 38, 42, 43, 44, 45, 46, 50, 51, 52, 53, 54, 55, 56, 57, 58]",0.35
C22H13O4,"{'C': 22, 'O': 4, 'H': 13}",341.08138389727003,positive,1,PEI,Polyetherimide (Ultem),adduct,break 2 bond(s) | H shift -2 | H | ; | break 2 bond(s) | H shift -2 | H | ; | break 2 bond(s) | H shift -2 | H,2,-2,H,,"[1, 2, 3, 4, 5, 6, 19, 20, 21, 22, 23, 24, 25, 26, 27, 28, 29, 30, 31, 32, 33, 34, 35, 36, 37, 38, 42, 43, 44, 45, 46, 50, 51, 52, 53, 54, 55, 56, 57, 58]",0.35
C22H13O5,"{'C': 22, 'O': 5, 'H': 13}",357.07629851684,positive,1,PEI,Polyetherimide (Ultem),adduct,break 2 bond(s) | H shift -2 | H | ; | break 2 bond(s) | H shift -2 | H | ; | break 2 bond(s) | H shift -2 | H,2,-2,H,,"[1, 2, 3, 4, 5, 6, 7, 19, 20, 21, 22, 23, 24, 25, 26, 27, 28, 29, 30, 31, 32, 33, 34, 35, 36, 37, 38, 42, 43, 44, 45, 46, 50, 51, 52, 53, 54, 55, 56, 57, 58]",0.35
C22H15O4,"{'C': 22, 'O': 4, 'H': 15}",343.09703396173,negative,-1,PEI,Polyetherimide (Ultem),adduct,break 2 bond(s) | H shift +2 | -H | ; | break 2 bond(s) | H shift +2 | -H | ; | break 2 bond(s) | H shift +2 | -H,2,2,-H,,"[1, 2, 3, 4, 5, 6, 19, 20, 21, 22, 23, 24, 25, 26, 27, 28, 29, 30, 31, 32, 33, 34, 35, 36, 37, 38, 42, 43, 44, 45, 46, 50, 51, 52, 53, 54, 55, 56, 57, 58]",0.35
C22H15O5,"{'C': 22, 'O': 5, 'H': 15}",359.0919485813,negative,-1,PEI,Polyetherimide (Ultem),adduct,break 2 bond(s) | H shift +2 | -H | ; | break 2 bond(s) | OH | ; | break 2 bond(s) | H shift +1 | O,2,2,-H,,"[1, 2, 3, 4, 5, 6, 7, 19, 20, 21, 22, 23, 24, 25, 26, 27, 28, 29, 30, 31, 32, 33, 34, 35, 36, 37, 38, 42, 43, 44, 45, 46, 50, 51, 52, 53, 54, 55, 56, 57, 58]",0.35
C22H16O4,"{'C': 22, 'O': 4, 'H': 16}",344.10485899396,neutral,0,PEI,Polyetherimide (Ultem),h_shift,break 2 bond(s) | H shift +2 | ; | break 2 bond(s) | H shift +2 | ; | break 2 bond(s) | H shift +2 | ; | break 2 bond(s) | H shift +2,2,2,,,"[1, 2, 3, 4, 5, 6, 19, 20, 21, 22, 23, 24, 25, 26, 27, 28, 29, 30, 31, 32, 33, 34, 35, 36, 37, 38, 42, 43, 44, 45, 46, 50, 51, 52, 53, 54, 55, 56, 57, 58]",0.35
C22H16O5,"{'C': 22, 'O': 5, 'H': 16}",360.09977361353,neutral,0,PEI,Polyetherimide (Ultem),h_shift,break 2 bond(s) | H shift +2 | ; | break 2 bond(s) | H shift +2 | ; | break 2 bond(s) | H shift +2 | ; | break 2 bond(s) | H shift +2,2,2,,,"[1, 2, 3, 4, 5, 6, 7, 19, 20, 21, 22, 23, 24, 25, 26, 27, 28, 29, 30, 31, 32, 33, 34, 35, 36, 37, 38, 42, 43, 44, 45, 46, 50, 51, 52, 53, 54, 55, 56, 57, 58]",0.35
C22H17O4,"{'C': 22, 'O': 4, 'H': 17}",345.11268402619,positive,1,PEI,Polyetherimide (Ultem),adduct,break 2 bond(s) | H shift +2 | H | ; | break 2 bond(s) | H shift +2 | H | ; | break 2 bond(s) | H shift +2 | H,2,2,H,,"[1, 2, 3, 4, 5, 6, 19, 20, 21, 22, 23, 24, 25, 26, 27, 28, 29, 30, 31, 32, 33, 34, 35, 36, 37, 38, 42, 43, 44, 45, 46, 50, 51, 52, 53, 54, 55, 56, 57, 58]",0.35
C22H17O5,"{'C': 22, 'O': 5, 'H': 17}",361.10759864576,positive,1,PEI,Polyetherimide (Ultem),adduct,break 2 bond(s) | H shift +2 | H | ; | break 2 bond(s) | H shift +2 | H | ; | break 2 bond(s) | H shift +2 | H,2,2,H,,"[1, 2, 3, 4, 5, 6, 7, 19, 20, 21, 22, 23, 24, 25, 26, 27, 28, 29, 30, 31, 32, 33, 34, 35, 36, 37, 38, 42, 43, 44, 45, 46, 50, 51, 52, 53, 54, 55, 56, 57, 58]",0.35
C28H11O8,"{'C': 28, 'O': 8, 'H': 11}",475.04539231109,neutral,0,PEI,Polyetherimide (Ultem),neutral_loss,break 2 bond(s) | -CH3,2,0,,CH3,"[1, 3, 4, 5, 6, 7, 8, 9, 10, 11, 12, 13, 14, 15, 16, 17, 18, 19, 20, 21, 22, 23, 24, 25, 26, 27, 28, 29, 30, 31, 32, 33, 34, 35, 36, 37, 38, 45, 46, 47, 48, 49, 50, 51, 52, 53, 54, 55, 56, 57, 58]",0.35
C28H14O6,"{'C': 28, 'O': 6, 'H': 14}",446.07903816864,neutral,0,PEI,Polyetherimide (Ultem),neutral_loss,break 2 bond(s) | -CO2,2,0,,CO2,"[1, 3, 4, 5, 6, 7, 8, 9, 10, 11, 12, 13, 14, 15, 16, 17, 18, 19, 20, 21, 22, 23, 24, 25, 26, 27, 28, 29, 30, 31, 32, 33, 34, 35, 36, 37, 38, 45, 46, 47, 48, 49, 50, 51, 52, 53, 54, 55, 56, 57, 58]",0.35
C28H14O7,"{'C': 28, 'O': 7, 'H': 14}",462.07395278821,neutral,0,PEI,Polyetherimide (Ultem),neutral_loss,break 2 bond(s) | -CO,2,0,,CO,"[1, 3, 4, 5, 6, 7, 8, 9, 10, 11, 12, 13, 14, 15, 16, 17, 18, 19, 20, 21, 22, 23, 24, 25, 26, 27, 28, 29, 30, 31, 32, 33, 34, 35, 36, 37, 38, 45, 46, 47, 48, 49, 50, 51, 52, 53, 54, 55, 56, 57, 58]",0.35
C29H11O8,"{'C': 29, 'O': 8, 'H': 11}",487.04539231109,negative,-1,PEI,Polyetherimide (Ultem),adduct,break 2 bond(s) | H shift -2 | -H,2,-2,-H,,"[1, 3, 4, 5, 6, 7, 8, 9, 10, 11, 12, 13, 14, 15, 16, 17, 18, 19, 20, 21, 22, 23, 24, 25, 26, 27, 28, 29, 30, 31, 32, 33, 34, 35, 36, 37, 38, 45, 46, 47, 48, 49, 50, 51, 52, 53, 54, 55, 56, 57, 58]",0.35
C29H12O7,"{'C': 29, 'O': 7, 'H': 12}",472.05830272375,neutral,0,PEI,Polyetherimide (Ultem),neutral_loss,break 2 bond(s) | -H2O,2,0,,H2O,"[1, 3, 4, 5, 6, 7, 8, 9, 10, 11, 12, 13, 14, 15, 16, 17, 18, 19, 20, 21, 22, 23, 24, 25, 26, 27, 28, 29, 30, 31, 32, 33, 34, 35, 36, 37, 38, 45, 46, 47, 48, 49, 50, 51, 52, 53, 54, 55, 56, 57, 58]",0.35
C29H12O8,"{'C': 29, 'O': 8, 'H': 12}",488.05321734332,neutral,0,PEI,Polyetherimide (Ultem),h_shift,break 2 bond(s) | H shift -2,2,-2,,,"[1, 3, 4, 5, 6, 7, 8, 9, 10, 11, 12, 13, 14, 15, 16, 17, 18, 19, 20, 21, 22, 23, 24, 25, 26, 27, 28, 29, 30, 31, 32, 33, 34, 35, 36, 37, 38, 45, 46, 47, 48, 49, 50, 51, 52, 53, 54, 55, 56, 57, 58]",0.35
C29H13O7,"{'C': 29, 'O': 7, 'H': 13}",473.06612775598,neutral,0,PEI,Polyetherimide (Ultem),neutral_loss,break 2 bond(s) | -OH | ; | break 2 bond(s) | H shift +1 | -H2O,2,0,,OH,"[1, 3, 4, 5, 6, 7, 8, 9, 10, 11, 12, 13, 14, 15, 16, 17, 18, 19, 20, 21, 22, 23, 24, 25, 26, 27, 28, 29, 30, 31, 32, 33, 34, 35, 36, 37, 38, 45, 46, 47, 48, 49, 50, 51, 52, 53, 54, 55, 56, 57, 58]",0.35
C29H13O8,"{'C': 29, 'O': 8, 'H': 13}",489.06104237555,positive,1,PEI,Polyetherimide (Ultem),adduct,break 2 bond(s) | H shift -2 | H,2,-2,H,,"[1, 3, 4, 5, 6, 7, 8, 9, 10, 11, 12, 13, 14, 15, 16, 17, 18, 19, 20, 21, 22, 23, 24, 25, 26, 27, 28, 29, 30, 31, 32, 33, 34, 35, 36, 37, 38, 45, 46, 47, 48, 49, 50, 51, 52, 53, 54, 55, 56, 57, 58]",0.35
C29H15O8,"{'C': 29, 'O': 8, 'H': 15}",491.07669244001,negative,-1,PEI,Polyetherimide (Ultem),adduct,break 2 bond(s) | H shift +2 | -H,2,2,-H,,"[1, 3, 4, 5, 6, 7, 8, 9, 10, 11, 12, 13, 14, 15, 16, 17, 18, 19, 20, 21, 22, 23, 24, 25, 26, 27, 28, 29, 30, 31, 32, 33, 34, 35, 36, 37, 38, 45, 46, 47, 48, 49, 50, 51, 52, 53, 54, 55, 56, 57, 58]",0.35
C29H16O8,"{'C': 29, 'O': 8, 'H': 16}",492.08451747224,neutral,0,PEI,Polyetherimide (Ultem),h_shift,break 2 bond(s) | H shift +2,2,2,,,"[1, 3, 4, 5, 6, 7, 8, 9, 10, 11, 12, 13, 14, 15, 16, 17, 18, 19, 20, 21, 22, 23, 24, 25, 26, 27, 28, 29, 30, 31, 32, 33, 34, 35, 36, 37, 38, 45, 46, 47, 48, 49, 50, 51, 52, 53, 54, 55, 56, 57, 58]",0.35
C29H17O8,"{'C': 29, 'O': 8, 'H': 17}",493.09234250447,positive,1,PEI,Polyetherimide (Ultem),adduct,break 2 bond(s) | H shift +2 | H,2,2,H,,"[1, 3, 4, 5, 6, 7, 8, 9, 10, 11, 12, 13, 14, 15, 16, 17, 18, 19, 20, 21, 22, 23, 24, 25, 26, 27, 28, 29, 30, 31, 32, 33, 34, 35, 36, 37, 38, 45, 46, 47, 48, 49, 50, 51, 52, 53, 54, 55, 56, 57, 58]",0.35
C2H3,"{'C': 2, 'H': 3}",27.02347509669,neutral,0,PEI,Polyetherimide (Ultem),neutral_loss,break 2 bond(s) | -CH3,2,0,,CH3,"[0, 1, 2, 39, 40, 41, 42, 43, 44]",0.35
C3H3,"{'C': 3, 'H': 3}",39.02347509669,negative,-1,PEI,Polyetherimide (Ultem),adduct,break 2 bond(s) | H shift -2 | -H,2,-2,-H,,"[0, 1, 2, 39, 40, 41, 42, 43, 44]",0.35
C3H4,"{'C': 3, 'H': 4}",40.03130012892,neutral,0,PEI,Polyetherimide (Ultem),h_shift,break 2 bond(s) | H shift -2,2,-2,,,"[0, 1, 2, 39, 40, 41, 42, 43, 44]",0.35
C3H4,"{'C': 3, 'H': 4}",40.03130012892,neutral,0,PEI,Polyetherimide (Ultem),neutral_loss,break 2 bond(s) | -H2,2,0,,H2,"[0, 1, 2, 39, 40, 41, 42, 43, 44]",0.35
C3H5,"{'C': 3, 'H': 5}",41.03912516115,positive,1,PEI,Polyetherimide (Ultem),adduct,break 2 bond(s) | H shift -2 | H,2,-2,H,,"[0, 1, 2, 39, 40, 41, 42, 43, 44]",0.35
C3H7,"{'C': 3, 'H': 7}",43.05477522561,negative,-1,PEI,Polyetherimide (Ultem),adduct,break 2 bond(s) | H shift +2 | -H,2,2,-H,,"[0, 1, 2, 39, 40, 41, 42, 43, 44]",0.35
C3H8,"{'C': 3, 'H': 8}",44.06260025784,neutral,0,PEI,Polyetherimide (Ultem),h_shift,break 2 bond(s) | H shift +2,2,2,,,"[0, 1, 2, 39, 40, 41, 42, 43, 44]",0.35
C3H9,"{'C': 3, 'H': 9}",45.07042529007,positive,1,PEI,Polyetherimide (Ultem),adduct,break 2 bond(s) | H shift +2 | H,2,2,H,,"[0, 1, 2, 39, 40, 41, 42, 43, 44]",0.35
C5H,"{'C': 5, 'H': 1}",61.00782503223,neutral,0,PEI,Polyetherimide (Ultem),neutral_loss,break 2 bond(s) | -CH3 | ; | break 2 bond(s) | -CH3,2,0,,CH3,"[3, 4, 5, 6, 19, 20, 45, 46, 50, 51]",0.35
C5H4,"{'C': 5, 'H': 4}",64.03130012892,neutral,0,PEI,Polyetherimide (Ultem),neutral_loss,break 2 bond(s) | -CO | ; | break 2 bond(s) | -CO,2,0,,CO,"[3, 4, 5, 6, 7, 19, 20, 45, 46, 50, 51]",0.35
C5HO,"{'C': 5, 'O': 1, 'H': 1}",77.0027396518,neutral,0,PEI,Polyetherimide (Ultem),neutral_loss,break 2 bond(s) | -CH3 | ; | break 2 bond(s) | -CH3,2,0,,CH3,"[3, 4, 5, 6, 7, 19, 20, 45, 46, 50, 51]",0.35
C6H,"{'C': 6, 'H': 1}",73.00782503223,negative,-1,PEI,Polyetherimide (Ultem),adduct,break 2 bond(s) | H shift -2 | -H | ; | break 2 bond(s) | H shift -2 | -H,2,-2,-H,,"[3, 4, 5, 6, 19, 20, 45, 46, 50, 51]",0.35
C6H2,"{'C': 6, 'H': 2}",74.01565006446,neutral,0,PEI,Polyetherimide (Ultem),h_shift,break 2 bond(s) | H shift -2 | ; | break 2 bond(s) | H shift -2,2,-2,,,"[3, 4, 5, 6, 19, 20, 45, 46, 50, 51]",0.35
C6H2,"{'C': 6, 'H': 2}",74.01565006446,neutral,0,PEI,Polyetherimide (Ultem),neutral_loss,break 2 bond(s) | -H2 | ; | break 2 bond(s) | H shift -1 | -OH | ; | break 2 bond(s) | -H2O,2,0,,H2,"[3, 4, 5, 6, 19, 20, 45, 46, 50, 51]",0.35
C6H2O,"{'C': 6, 'O': 1, 'H': 2}",90.01056468403,neutral,0,PEI,Polyetherimide (Ultem),h_shift,break 2 bond(s) | H shift -2 | ; | break 2 bond(s) | H shift -2,2,-2,,,"[3, 4, 5, 6, 7, 19, 20, 45, 46, 50, 51]",0.35
C6H2O,"{'C': 6, 'O': 1, 'H': 2}",90.01056468403,neutral,0,PEI,Polyetherimide (Ultem),neutral_loss,break 2 bond(s) | -H2 | ; | break 2 bond(s) | -H2,2,0,,H2,"[3, 4, 5, 6, 7, 19, 20, 45, 46, 50, 51]",0.35
C6H3,"{'C': 6, 'H': 3}",75.02347509669,positive,1,PEI,Polyetherimide (Ultem),adduct,break 2 bond(s) | H shift -2 | H | ; | break 2 bond(s) | H shift -2 | H,2,-2,H,,"[3, 4, 5, 6, 19, 20, 45, 46, 50, 51]",0.35
C6H3,"{'C': 6, 'H': 3}",75.02347509669,neutral,0,PEI,Polyetherimide (Ultem),neutral_loss,break 2 bond(s) | -OH | ; | break 2 bond(s) | H shift +1 | -H2O | ; | break 2 bond(s) | H shift +1 | -H2,2,0,,OH,"[3, 4, 5, 6, 7, 19, 20, 45, 46, 50, 51]",0.35
C6H3O,"{'C': 6, 'O': 1, 'H': 3}",91.01838971626,positive,1,PEI,Polyetherimide (Ultem),adduct,break 2 bond(s) | H shift -2 | H | ; | break 2 bond(s) | H shift -2 | H,2,-2,H,,"[3, 4, 5, 6, 7, 19, 20, 45, 46, 50, 51]",0.35
C6H5,"{'C': 6, 'H': 5}",77.03912516115,negative,-1,PEI,Polyetherimide (Ultem),adduct,break 2 bond(s) | H shift +2 | -H | ; | break 2 bond(s) | H shift +2 | -H,2,2,-H,,"[3, 4, 5, 6, 19, 20, 45, 46, 50, 51]",0.35
C6H5O,"{'C': 6, 'O': 1, 'H': 5}",93.03403978072001,negative,-1,PEI,Polyetherimide (Ultem),adduct,break 2 bond(s) | H shift +2 | -H | ; | break 2 bond(s) | OH | ; | break 2 bond(s) | H shift +1 | O,2,2,-H,,"[3, 4, 5, 6, 7, 19, 20, 45, 46, 50, 51]",0.35
C6H6,"{'C': 6, 'H': 6}",78.04695019338,neutral,0,PEI,Polyetherimide (Ultem),h_shift,break 2 bond(s) | H shift +2 | ; | break 2 bond(s) | H shift +2,2,2,,,"[3, 4, 5, 6, 19, 20, 45, 46, 50, 51]",0.35
C6H6O,"{'C': 6, 'O': 1, 'H': 6}",94.04186481295,neutral,0,PEI,Polyetherimide (Ultem),h_shift,break 2 bond(s) | H shift +2 | ; | break 2 bond(s) | H shift +2,2,2,,,"[3, 4, 5, 6, 7, 19, 20, 45, 46, 50, 51]",0.35
C6H7,"{'C': 6, 'H': 7}",79.05477522561,positive,1,PEI,Polyetherimide (Ultem),adduct,break 2 bond(s) | H shift +2 | H | ; | break 2 bond(s) | H shift +2 | H,2,2,H,,"[3, 4, 5, 6, 19, 20, 45, 46, 50, 51]",0.35
C6H7O,"{'C': 6, 'O': 1, 'H': 7}",95.04968984518,positive,1,PEI,Polyetherimide (Ultem),adduct,break 2 bond(s) | H shift +2 | H | ; | break 2 bond(s) | H shift +2 | H,2,2,H,,"[3, 4, 5, 6, 7, 19, 20, 45, 46, 50, 51]",0.35
C6HO,"{'C': 6, 'O': 1, 'H': 1}",89.0027396518,negative,-1,PEI,Polyetherimide (Ultem),adduct,break 2 bond(s) | H shift -2 | -H | ; | break 2 bond(s) | H shift -2 | -H,2,-2,-H,,"[3, 4, 5, 6, 7, 19, 20, 45, 46, 50, 51]",0.35
C8H10,"{'C': 8, 'H': 10}",106.0782503223,neutral,0,PEI,Polyetherimide (Ultem),neutral_loss,break 2 bond(s) | -CO | ; | break 2 bond(s) | -CO,2,0,,CO,"[0, 1, 2, 21, 22, 23, 24, 25, 37, 38, 39, 40, 41, 42, 43, 44, 52, 53, 57, 58]",0.35
C8H7,"{'C': 8, 'H': 7}",103.05477522561,neutral,0,PEI,Polyetherimide (Ultem),neutral_loss,break 2 bond(s) | -CH3 | ; | break 2 bond(s) | -CH3,2,0,,CH3,"[0, 1, 2, 21, 22, 23, 24, 37, 38, 39, 40, 41, 42, 43, 44, 52, 53, 57, 58]",0.35
C8H7O,"{'C': 8, 'O': 1, 'H': 7}",119.04968984518,neutral,0,PEI,Polyetherimide (Ultem),neutral_loss,break 2 bond(s) | -CH3 | ; | break 2 bond(s) | -CH3,2,0,,CH3,"[0, 1, 2, 21, 22, 23, 24, 25, 37, 38, 39, 40, 41, 42, 43, 44, 52, 53, 57, 58]",0.35
C9H11,"{'C': 9, 'H': 11}",119.08607535453,negative,-1,PEI,Polyetherimide (Ultem),adduct,break 2 bond(s) | H shift +2 | -H | ; | break 2 bond(s) | H shift +2 | -H,2,2,-H,,"[0, 1, 2, 21, 22, 23, 24, 37, 38, 39, 40, 41, 42, 43, 44, 52, 53, 57, 58]",0.35
C9H11O,"{'C': 9, 'O': 1, 'H': 11}",135.0809899741,negative,-1,PEI,Polyetherimide (Ultem),adduct,break 2 bond(s) | H shift +2 | -H | ; | break 2 bond(s) | OH | ; | break 2 bond(s) | H shift +1 | O,2,2,-H,,"[0, 1, 2, 21, 22, 23, 24, 25, 37, 38, 39, 40, 41, 42, 43, 44, 52, 53, 57, 58]",0.35
C9H12,"{'C': 9, 'H': 12}",120.09390038676,neutral,0,PEI,Polyetherimide (Ultem),h_shift,break 2 bond(s) | H shift +2 | ; | break 2 bond(s) | H shift +2,2,2,,,"[0, 1, 2, 21, 22, 23, 24, 37, 38, 39, 40, 41, 42, 43, 44, 52, 53, 57, 58]",0.35
C9H12O,"{'C': 9, 'O': 1, 'H': 12}",136.08881500633,neutral,0,PEI,Polyetherimide (Ultem),h_shift,break 2 bond(s) | H shift +2 | ; | break 2 bond(s) | H shift +2,2,2,,,"[0, 1, 2, 21, 22, 23, 24, 25, 37, 38, 39, 40, 41, 42, 43, 44, 52, 53, 57, 58]",0.35
C9H13,"{'C': 9, 'H': 13}",121.10172541899,positive,1,PEI,Polyetherimide (Ultem),adduct,break 2 bond(s) | H shift +2 | H | ; | break 2 bond(s) | H shift +2 | H,2,2,H,,"[0, 1, 2, 21, 22, 23, 24, 37, 38, 39, 40, 41, 42, 43, 44, 52, 53, 57, 58]",0.35
C9H13O,"{'C': 9, 'O': 1, 'H': 13}",137.09664003856,positive,1,PEI,Polyetherimide (Ultem),adduct,break 2 bond(s) | H shift +2 | H | ; | break 2 bond(s) | H shift +2 | H,2,2,H,,"[0, 1, 2, 21, 22, 23, 24, 25, 37, 38, 39, 40, 41, 42, 43, 44, 52, 53, 57, 58]",0.35
C9H7,"{'C': 9, 'H': 7}",115.05477522561,negative,-1,PEI,Polyetherimide (Ultem),adduct,break 2 bond(s) | H shift -2 | -H | ; | break 2 bond(s) | H shift -2 | -H,2,-2,-H,,"[0, 1, 2, 21, 22, 23, 24, 37, 38, 39, 40, 41, 42, 43, 44, 52, 53, 57, 58]",0.35
C9H7O,"{'C': 9, 'O': 1, 'H': 7}",131.04968984518,negative,-1,PEI,Polyetherimide (Ultem),adduct,break 2 bond(s) | H shift -2 | -H | ; | break 2 bond(s) | H shift -2 | -H,2,-2,-H,,"[0, 1, 2, 21, 22, 23, 24, 25, 37, 38, 39, 40, 41, 42, 43, 44, 52, 53, 57, 58]",0.35
C9H8,"{'C': 9, 'H': 8}",116.06260025784,neutral,0,PEI,Polyetherimide (Ultem),h_shift,break 2 bond(s) | H shift -2 | ; | break 2 bond(s) | H shift -2,2,-2,,,"[0, 1, 2, 21, 22, 23, 24, 37, 38, 39, 40, 41, 42, 43, 44, 52, 53, 57, 58]",0.35
C9H8,"{'C': 9, 'H': 8}",116.06260025784,neutral,0,PEI,Polyetherimide (Ultem),neutral_loss,break 2 bond(s) | -H2 | ; | break 2 bond(s) | H shift -1 | -OH | ; | break 2 bond(s) | -H2O,2,0,,H2,"[0, 1, 2, 21, 22, 23, 24, 37, 38, 39, 40, 41, 42, 43, 44, 52, 53, 57, 58]",0.35
C9H8O,"{'C': 9, 'O': 1, 'H': 8}",132.05751487741,neutral,0,PEI,Polyetherimide (Ultem),h_shift,break 2 bond(s) | H shift -2 | ; | break 2 bond(s) | H shift -2,2,-2,,,"[0, 1, 2, 21, 22, 23, 24, 25, 37, 38, 39, 40, 41, 42, 43, 44, 52, 53, 57, 58]",0.35
C9H8O,"{'C': 9, 'O': 1, 'H': 8}",132.05751487741,neutral,0,PEI,Polyetherimide (Ultem),neutral_loss,break 2 bond(s) | -H2 | ; | break 2 bond(s) | -H2,2,0,,H2,"[0, 1, 2, 21, 22, 23, 24, 25, 37, 38, 39, 40, 41, 42, 43, 44, 52, 53, 57, 58]",0.35
C9H9,"{'C': 9, 'H': 9}",117.07042529007,positive,1,PEI,Polyetherimide (Ultem),adduct,break 2 bond(s) | H shift -2 | H | ; | break 2 bond(s) | H shift -2 | H,2,-2,H,,"[0, 1, 2, 21, 22, 23, 24, 37, 38, 39, 40, 41, 42, 43, 44, 52, 53, 57, 58]",0.35
C9H9,"{'C': 9, 'H': 9}",117.07042529007,neutral,0,PEI,Polyetherimide (Ultem),neutral_loss,break 2 bond(s) | -OH | ; | break 2 bond(s) | H shift +1 | -H2O | ; | break 2 bond(s) | H shift +1 | -H2,2,0,,OH,"[0, 1, 2, 21, 22, 23, 24, 25, 37, 38, 39, 40, 41, 42, 43, 44, 52, 53, 57, 58]",0.35
C9H9O,"{'C': 9, 'O': 1, 'H': 9}",133.06533990964,positive,1,PEI,Polyetherimide (Ultem),adduct,break 2 bond(s) | H shift -2 | H | ; | break 2 bond(s) | H shift -2 | H,2,-2,H,,"[0, 1, 2, 21, 22, 23, 24, 25, 37, 38, 39, 40, 41, 42, 43, 44, 52, 53, 57, 58]",0.35
C15H14Cl,"{'C': 15, 'H': 14, 'Cl': 1}",229.07840313322,negative,-1,PEI,Polyetherimide (Ultem),adduct,break 2 bond(s) | Cl,2,0,Cl,,"[0, 1, 2, 3, 4, 5, 6, 19, 20, 21, 22, 23, 24, 37, 38, 39, 40, 41, 42, 43, 44, 45, 46, 50, 51, 52, 53, 57, 58]",0.33
C15H14ClO,"{'C': 15, 'O': 1, 'H': 14, 'Cl': 1}",245.07331775279,negative,-1,PEI,Polyetherimide (Ultem),adduct,break 2 bond(s) | Cl | ; | break 2 bond(s) | Cl,2,0,Cl,,"[0, 1, 2, 3, 4, 5, 6, 19, 20, 21, 22, 23, 24, 25, 37, 38, 39, 40, 41, 42, 43, 44, 45, 46, 50, 51, 52, 53, 57, 58]",0.33
C15H14ClO2,"{'C': 15, 'O': 2, 'H': 14, 'Cl': 1}",261.06823237236,negative,-1,PEI,Polyetherimide (Ultem),adduct,break 2 bond(s) | Cl,2,0,Cl,,"[0, 1, 2, 3, 4, 5, 6, 7, 19, 20, 21, 22, 23, 24, 25, 37, 38, 39, 40, 41, 42, 43, 44, 45, 46, 50, 51, 52, 53, 57, 58]",0.33
C15H14K,"{'C': 15, 'H': 14, 'K': 1}",233.07325693762,positive,1,PEI,Polyetherimide (Ultem),adduct,break 2 bond(s) | K,2,0,K,,"[0, 1, 2, 3, 4, 5, 6, 19, 20, 21, 22, 23, 24, 37, 38, 39, 40, 41, 42, 43, 44, 45, 46, 50, 51, 52, 53, 57, 58]",0.33
C15H14KO,"{'C': 15, 'O': 1, 'H': 14, 'K': 1}",249.06817155719,positive,1,PEI,Polyetherimide (Ultem),adduct,break 2 bond(s) | K | ; | break 2 bond(s) | K,2,0,K,,"[0, 1, 2, 3, 4, 5, 6, 19, 20, 21, 22, 23, 24, 25, 37, 38, 39, 40, 41, 42, 43, 44, 45, 46, 50, 51, 52, 53, 57, 58]",0.33
C15H14KO2,"{'C': 15, 'O': 2, 'H': 14, 'K': 1}",265.06308617676,positive,1,PEI,Polyetherimide (Ultem),adduct,break 2 bond(s) | K,2,0,K,,"[0, 1, 2, 3, 4, 5, 6, 7, 19, 20, 21, 22, 23, 24, 25, 37, 38, 39, 40, 41, 42, 43, 44, 45, 46, 50, 51, 52, 53, 57, 58]",0.33
C15H14Na,"{'C': 15, 'H': 14, 'Na': 1}",217.09931973322,positive,1,PEI,Polyetherimide (Ultem),adduct,break 2 bond(s) | Na,2,0,Na,,"[0, 1, 2, 3, 4, 5, 6, 19, 20, 21, 22, 23, 24, 37, 38, 39, 40, 41, 42, 43, 44, 45, 46, 50, 51, 52, 53, 57, 58]",0.33
C15H14NaO,"{'C': 15, 'O': 1, 'H': 14, 'Na': 1}",233.09423435279,positive,1,PEI,Polyetherimide (Ultem),adduct,break 2 bond(s) | Na | ; | break 2 bond(s) | Na,2,0,Na,,"[0, 1, 2, 3, 4, 5, 6, 19, 20, 21, 22, 23, 24, 25, 37, 38, 39, 40, 41, 42, 43, 44, 45, 46, 50, 51, 52, 53, 57, 58]",0.33
C15H14NaO2,"{'C': 15, 'O': 2, 'H': 14, 'Na': 1}",249.08914897236,positive,1,PEI,Polyetherimide (Ultem),adduct,break 2 bond(s) | Na,2,0,Na,,"[0, 1, 2, 3, 4, 5, 6, 7, 19, 20, 21, 22, 23, 24, 25, 37, 38, 39, 40, 41, 42, 43, 44, 45, 46, 50, 51, 52, 53, 57, 58]",0.33
C15H14O3,"{'C': 15, 'O': 3, 'H': 14}",242.09429430993,negative,-1,PEI,Polyetherimide (Ultem),adduct,break 2 bond(s) | O,2,0,O,,"[0, 1, 2, 3, 4, 5, 6, 7, 19, 20, 21, 22, 23, 24, 25, 37, 38, 39, 40, 41, 42, 43, 44, 45, 46, 50, 51, 52, 53, 57, 58]",0.33
C15H15O3,"{'C': 15, 'O': 3, 'H': 15}",243.10211934216,negative,-1,PEI,Polyetherimide (Ultem),adduct,break 2 bond(s) | OH | ; | break 2 bond(s) | H shift +1 | O,2,0,OH,,"[0, 1, 2, 3, 4, 5, 6, 7, 19, 20, 21, 22, 23, 24, 25, 37, 38, 39, 40, 41, 42, 43, 44, 45, 46, 50, 51, 52, 53, 57, 58]",0.33
C16H10ClO4,"{'C': 16, 'O': 4, 'H': 10, 'Cl': 1}",301.02676148258,negative,-1,PEI,Polyetherimide (Ultem),adduct,break 2 bond(s) | Cl | ; | break 2 bond(s) | Cl | ; | break 2 bond(s) | Cl | ; | break 2 bond(s) | Cl,2,0,Cl,,"[1, 2, 21, 22, 23, 24, 25, 26, 27, 28, 29, 30, 31, 32, 33, 34, 35, 36, 37, 38, 42, 43, 44, 52, 53, 54, 55, 56, 57, 58]",0.33
C16H10KO4,"{'C': 16, 'O': 4, 'H': 10, 'K': 1}",305.02161528698,positive,1,PEI,Polyetherimide (Ultem),adduct,break 2 bond(s) | K | ; | break 2 bond(s) | K | ; | break 2 bond(s) | K | ; | break 2 bond(s) | K,2,0,K,,"[1, 2, 21, 22, 23, 24, 25, 26, 27, 28, 29, 30, 31, 32, 33, 34, 35, 36, 37, 38, 42, 43, 44, 52, 53, 54, 55, 56, 57, 58]",0.33
C16H10NaO4,"{'C': 16, 'O': 4, 'H': 10, 'Na': 1}",289.04767808258,positive,1,PEI,Polyetherimide (Ultem),adduct,break 2 bond(s) | Na | ; | break 2 bond(s) | Na | ; | break 2 bond(s) | Na | ; | break 2 bond(s) | Na,2,0,Na,,"[1, 2, 21, 22, 23, 24, 25, 26, 27, 28, 29, 30, 31, 32, 33, 34, 35, 36, 37, 38, 42, 43, 44, 52, 53, 54, 55, 56, 57, 58]",0.33
C16H10O5,"{'C': 16, 'O': 5, 'H': 10}",282.05282342015,negative,-1,PEI,Polyetherimide (Ultem),adduct,break 2 bond(s) | O | ; | break 2 bond(s) | H shift -1 | OH | ; | break 2 bond(s) | O,2,0,O,,"[1, 2, 21, 22, 23, 24, 25, 26, 27, 28, 29, 30, 31, 32, 33, 34, 35, 36, 37, 38, 42, 43, 44, 52, 53, 54, 55, 56, 57, 58]",0.33
C16H11O5,"{'C': 16, 'O': 5, 'H': 11}",283.06064845238,negative,-1,PEI,Polyetherimide (Ultem),adduct,break 2 bond(s) | OH | ; | break 2 bond(s) | H shift +1 | O | ; | break 2 bond(s) | OH,2,0,OH,,"[1, 2, 21, 22, 23, 24, 25, 26, 27, 28, 29, 30, 31, 32, 33, 34, 35, 36, 37, 38, 42, 43, 44, 52, 53, 54, 55, 56, 57, 58]",0.33
C22H14ClO4,"{'C': 22, 'O': 4, 'H': 14, 'Cl': 1}",377.0580616115,negative,-1,PEI,Polyetherimide (Ultem),adduct,break 2 bond(s) | Cl | ; | break 2 bond(s) | Cl | ; | break 2 bond(s) | Cl | ; | break 2 bond(s) | Cl,2,0,Cl,,"[1, 2, 3, 4, 5, 6, 19, 20, 21, 22, 23, 24, 25, 26, 27, 28, 29, 30, 31, 32, 33, 34, 35, 36, 37, 38, 42, 43, 44, 45, 46, 50, 51, 52, 53, 54, 55, 56, 57, 58]",0.33
C22H14ClO5,"{'C': 22, 'O': 5, 'H': 14, 'Cl': 1}",393.05297623107,negative,-1,PEI,Polyetherimide (Ultem),adduct,break 2 bond(s) | Cl | ; | break 2 bond(s) | Cl | ; | break 2 bond(s) | Cl | ; | break 2 bond(s) | Cl,2,0,Cl,,"[1, 2, 3, 4, 5, 6, 7, 19, 20, 21, 22, 23, 24, 25, 26, 27, 28, 29, 30, 31, 32, 33, 34, 35, 36, 37, 38, 42, 43, 44, 45, 46, 50, 51, 52, 53, 54, 55, 56, 57, 58]",0.33
C22H14KO4,"{'C': 22, 'O': 4, 'H': 14, 'K': 1}",381.0529154159,positive,1,PEI,Polyetherimide (Ultem),adduct,break 2 bond(s) | K | ; | break 2 bond(s) | K | ; | break 2 bond(s) | K | ; | break 2 bond(s) | K,2,0,K,,"[1, 2, 3, 4, 5, 6, 19, 20, 21, 22, 23, 24, 25, 26, 27, 28, 29, 30, 31, 32, 33, 34, 35, 36, 37, 38, 42, 43, 44, 45, 46, 50, 51, 52, 53, 54, 55, 56, 57, 58]",0.33
C22H14KO5,"{'C': 22, 'O': 5, 'H': 14, 'K': 1}",397.04783003547,positive,1,PEI,Polyetherimide (Ultem),adduct,break 2 bond(s) | K | ; | break 2 bond(s) | K | ; | break 2 bond(s) | K | ; | break 2 bond(s) | K,2,0,K,,"[1, 2, 3, 4, 5, 6, 7, 19, 20, 21, 22, 23, 24, 25, 26, 27, 28, 29, 30, 31, 32, 33, 34, 35, 36, 37, 38, 42, 43, 44, 45, 46, 50, 51, 52, 53, 54, 55, 56, 57, 58]",0.33
C22H14NaO4,"{'C': 22, 'O': 4, 'H': 14, 'Na': 1}",365.0789782115,positive,1,PEI,Polyetherimide (Ultem),adduct,break 2 bond(s) | Na | ; | break 2 bond(s) | Na | ; | break 2 bond(s) | Na | ; | break 2 bond(s) | Na,2,0,Na,,"[1, 2, 3, 4, 5, 6, 19, 20, 21, 22, 23, 24, 25, 26, 27, 28, 29, 30, 31, 32, 33, 34, 35, 36, 37, 38, 42, 43, 44, 45, 46, 50, 51, 52, 53, 54, 55, 56, 57, 58]",0.33
C22H14NaO5,"{'C': 22, 'O': 5, 'H': 14, 'Na': 1}",381.07389283107,positive,1,PEI,Polyetherimide (Ultem),adduct,break 2 bond(s) | Na | ; | break 2 bond(s) | Na | ; | break 2 bond(s) | Na | ; | break 2 bond(s) | Na,2,0,Na,,"[1, 2, 3, 4, 5, 6, 7, 19, 20, 21, 22, 23, 24, 25, 26, 27, 28, 29, 30, 31, 32, 33, 34, 35, 36, 37, 38, 42, 43, 44, 45, 46, 50, 51, 52, 53, 54, 55, 56, 57, 58]",0.33
C22H14O6,"{'C': 22, 'O': 6, 'H': 14}",374.07903816864,negative,-1,PEI,Polyetherimide (Ultem),adduct,break 2 bond(s) | O | ; | break 2 bond(s) | H shift -1 | OH | ; | break 2 bond(s) | O,2,0,O,,"[1, 2, 3, 4, 5, 6, 7, 19, 20, 21, 22, 23, 24, 25, 26, 27, 28, 29, 30, 31, 32, 33, 34, 35, 36, 37, 38, 42, 43, 44, 45, 46, 50, 51, 52, 53, 54, 55, 56, 57, 58]",0.33
C22H15O6,"{'C': 22, 'O': 6, 'H': 15}",375.08686320087,negative,-1,PEI,Polyetherimide (Ultem),adduct,break 2 bond(s) | OH | ; | break 2 bond(s) | H shift +1 | O | ; | break 2 bond(s) | OH,2,0,OH,,"[1, 2, 3, 4, 5, 6, 7, 19, 20, 21, 22, 23, 24, 25, 26, 27, 28, 29, 30, 31, 32, 33, 34, 35, 36, 37, 38, 42, 43, 44, 45, 46, 50, 51, 52, 53, 54, 55, 56, 57, 58]",0.33
C29H14ClO8,"{'C': 29, 'O': 8, 'H': 14, 'Cl': 1}",525.03772008978,negative,-1,PEI,Polyetherimide (Ultem),adduct,break 2 bond(s) | Cl,2,0,Cl,,"[1, 3, 4, 5, 6, 7, 8, 9, 10, 11, 12, 13, 14, 15, 16, 17, 18, 19, 20, 21, 22, 23, 24, 25, 26, 27, 28, 29, 30, 31, 32, 33, 34, 35, 36, 37, 38, 45, 46, 47, 48, 49, 50, 51, 52, 53, 54, 55, 56, 57, 58]",0.33
C29H14KO8,"{'C': 29, 'O': 8, 'H': 14, 'K': 1}",529.03257389418,positive,1,PEI,Polyetherimide (Ultem),adduct,break 2 bond(s) | K,2,0,K,,"[1, 3, 4, 5, 6, 7, 8, 9, 10, 11, 12, 13, 14, 15, 16, 17, 18, 19, 20, 21, 22, 23, 24, 25, 26, 27, 28, 29, 30, 31, 32, 33, 34, 35, 36, 37, 38, 45, 46, 47, 48, 49, 50, 51, 52, 53, 54, 55, 56, 57, 58]",0.33
C29H14NaO8,"{'C': 29, 'O': 8, 'H': 14, 'Na': 1}",513.05863668978,positive,1,PEI,Polyetherimide (Ultem),adduct,break 2 bond(s) | Na,2,0,Na,,"[1, 3, 4, 5, 6, 7, 8, 9, 10, 11, 12, 13, 14, 15, 16, 17, 18, 19, 20, 21, 22, 23, 24, 25, 26, 27, 28, 29, 30, 31, 32, 33, 34, 35, 36, 37, 38, 45, 46, 47, 48, 49, 50, 51, 52, 53, 54, 55, 56, 57, 58]",0.33
C29H14O9,"{'C': 29, 'O': 9, 'H': 14}",506.06378202735,negative,-1,PEI,Polyetherimide (Ultem),adduct,break 2 bond(s) | O,2,0,O,,"[1, 3, 4, 5, 6, 7, 8, 9, 10, 11, 12, 13, 14, 15, 16, 17, 18, 19, 20, 21, 22, 23, 24, 25, 26, 27, 28, 29, 30, 31, 32, 33, 34, 35, 36, 37, 38, 45, 46, 47, 48, 49, 50, 51, 52, 53, 54, 55, 56, 57, 58]",0.33
C29H15O9,"{'C': 29, 'O': 9, 'H': 15}",507.07160705958,negative,-1,PEI,Polyetherimide (Ultem),adduct,break 2 bond(s) | OH | ; | break 2 bond(s) | H shift +1 | O,2,0,OH,,"[1, 3, 4, 5, 6, 7, 8, 9, 10, 11, 12, 13, 14, 15, 16, 17, 18, 19, 20, 21, 22, 23, 24, 25, 26, 27, 28, 29, 30, 31, 32, 33, 34, 35, 36, 37, 38, 45, 46, 47, 48, 49, 50, 51, 52, 53, 54, 55, 56, 57, 58]",0.33
C3H6Cl,"{'C': 3, 'H': 6, 'Cl': 1}",77.01580287538,negative,-1,PEI,Polyetherimide (Ultem),adduct,break 2 bond(s) | Cl,2,0,Cl,,"[0, 1, 2, 39, 40, 41, 42, 43, 44]",0.33
C3H6K,"{'C': 3, 'H': 6, 'K': 1}",81.01065667978,positive,1,PEI,Polyetherimide (Ultem),adduct,break 2 bond(s) | K,2,0,K,,"[0, 1, 2, 39, 40, 41, 42, 43, 44]",0.33
C3H6Na,"{'C': 3, 'H': 6, 'Na': 1}",65.03671947538,positive,1,PEI,Polyetherimide (Ultem),adduct,break 2 bond(s) | Na,2,0,Na,,"[0, 1, 2, 39, 40, 41, 42, 43, 44]",0.33
C3H6O,"{'C': 3, 'H': 6, 'O': 1}",58.04186481295,negative,-1,PEI,Polyetherimide (Ultem),adduct,break 2 bond(s) | O,2,0,O,,"[0, 1, 2, 39, 40, 41, 42, 43, 44]",0.33
C3H7O,"{'C': 3, 'H': 7, 'O': 1}",59.04968984518,negative,-1,PEI,Polyetherimide (Ultem),adduct,break 2 bond(s) | OH | ; | break 2 bond(s) | H shift +1 | O,2,0,OH,,"[0, 1, 2, 39, 40, 41, 42, 43, 44]",0.33
C6H4Cl,"{'C': 6, 'H': 4, 'Cl': 1}",111.00015281092,negative,-1,PEI,Polyetherimide (Ultem),adduct,break 2 bond(s) | Cl | ; | break 2 bond(s) | Cl,2,0,Cl,,"[3, 4, 5, 6, 19, 20, 45, 46, 50, 51]",0.33
C6H4ClO,"{'C': 6, 'O': 1, 'H': 4, 'Cl': 1}",126.99506743049,negative,-1,PEI,Polyetherimide (Ultem),adduct,break 2 bond(s) | Cl | ; | break 2 bond(s) | Cl,2,0,Cl,,"[3, 4, 5, 6, 7, 19, 20, 45, 46, 50, 51]",0.33
C6H4K,"{'C': 6, 'H': 4, 'K': 1}",114.99500661532,positive,1,PEI,Polyetherimide (Ultem),adduct,break 2 bond(s) | K | ; | break 2 bond(s) | K,2,0,K,,"[3, 4, 5, 6, 19, 20, 45, 46, 50, 51]",0.33
C6H4KO,"{'C': 6, 'O': 1, 'H': 4, 'K': 1}",130.98992123489,positive,1,PEI,Polyetherimide (Ultem),adduct,break 2 bond(s) | K | ; | break 2 bond(s) | K,2,0,K,,"[3, 4, 5, 6, 7, 19, 20, 45, 46, 50, 51]",0.33
C6H4Na,"{'C': 6, 'H': 4, 'Na': 1}",99.02106941092,positive,1,PEI,Polyetherimide (Ultem),adduct,break 2 bond(s) | Na | ; | break 2 bond(s) | Na,2,0,Na,,"[3, 4, 5, 6, 19, 20, 45, 46, 50, 51]",0.33
C6H4NaO,"{'C': 6, 'O': 1, 'H': 4, 'Na': 1}",115.01598403049,positive,1,PEI,Polyetherimide (Ultem),adduct,break 2 bond(s) | Na | ; | break 2 bond(s) | Na,2,0,Na,,"[3, 4, 5, 6, 7, 19, 20, 45, 46, 50, 51]",0.33
C6H4O2,"{'C': 6, 'O': 2, 'H': 4}",108.02112936806,negative,-1,PEI,Polyetherimide (Ultem),adduct,break 2 bond(s) | O | ; | break 2 bond(s) | H shift -1 | OH | ; | break 2 bond(s) | O,2,0,O,,"[3, 4, 5, 6, 7, 19, 20, 45, 46, 50, 51]",0.33
C6H5O2,"{'C': 6, 'O': 2, 'H': 5}",109.02895440029,negative,-1,PEI,Polyetherimide (Ultem),adduct,break 2 bond(s) | OH | ; | break 2 bond(s) | H shift +1 | O | ; | break 2 bond(s) | OH,2,0,OH,,"[3, 4, 5, 6, 7, 19, 20, 45, 46, 50, 51]",0.33
C9H10Cl,"{'C': 9, 'H': 10, 'Cl': 1}",153.0471030043,negative,-1,PEI,Polyetherimide (Ultem),adduct,break 2 bond(s) | Cl | ; | break 2 bond(s) | Cl,2,0,Cl,,"[0, 1, 2, 21, 22, 23, 24, 37, 38, 39, 40, 41, 42, 43, 44, 52, 53, 57, 58]",0.33
C9H10ClO,"{'C': 9, 'O': 1, 'H': 10, 'Cl': 1}",169.04201762387,negative,-1,PEI,Polyetherimide (Ultem),adduct,break 2 bond(s) | Cl | ; | break 2 bond(s) | Cl,2,0,Cl,,"[0, 1, 2, 21, 22, 23, 24, 25, 37, 38, 39, 40, 41, 42, 43, 44, 52, 53, 57, 58]",0.33
C9H10K,"{'C': 9, 'H': 10, 'K': 1}",157.0419568087,positive,1,PEI,Polyetherimide (Ultem),adduct,break 2 bond(s) | K | ; | break 2 bond(s) | K,2,0,K,,"[0, 1, 2, 21, 22, 23, 24, 37, 38, 39, 40, 41, 42, 43, 44, 52, 53, 57, 58]",0.33
C9H10KO,"{'C': 9, 'O': 1, 'H': 10, 'K': 1}",173.03687142827,positive,1,PEI,Polyetherimide (Ultem),adduct,break 2 bond(s) | K | ; | break 2 bond(s) | K,2,0,K,,"[0, 1, 2, 21, 22, 23, 24, 25, 37, 38, 39, 40, 41, 42, 43, 44, 52, 53, 57, 58]",0.33
C9H10Na,"{'C': 9, 'H': 10, 'Na': 1}",141.0680196043,positive,1,PEI,Polyetherimide (Ultem),adduct,break 2 bond(s) | Na | ; | break 2 bond(s) | Na,2,0,Na,,"[0, 1, 2, 21, 22, 23, 24, 37, 38, 39, 40, 41, 42, 43, 44, 52, 53, 57, 58]",0.33
C9H10NaO,"{'C': 9, 'O': 1, 'H': 10, 'Na': 1}",157.06293422387,positive,1,PEI,Polyetherimide (Ultem),adduct,break 2 bond(s) | Na | ; | break 2 bond(s) | Na,2,0,Na,,"[0, 1, 2, 21, 22, 23, 24, 25, 37, 38, 39, 40, 41, 42, 43, 44, 52, 53, 57, 58]",0.33
C9H10O2,"{'C': 9, 'O': 2, 'H': 10}",150.06807956144002,negative,-1,PEI,Polyetherimide (Ultem),adduct,break 2 bond(s) | O | ; | break 2 bond(s) | H shift -1 | OH | ; | break 2 bond(s) | O,2,0,O,,"[0, 1, 2, 21, 22, 23, 24, 25, 37, 38, 39, 40, 41, 42, 43, 44, 52, 53, 57, 58]",0.33
C9H11O2,"{'C': 9, 'O': 2, 'H': 11}",151.07590459367,negative,-1,PEI,Polyetherimide (Ultem),adduct,break 2 bond(s) | OH | ; | break 2 bond(s) | H shift +1 | O | ; | break 2 bond(s) | OH,2,0,OH,,"[0, 1, 2, 21, 22, 23, 24, 25, 37, 38, 39, 40, 41, 42, 43, 44, 52, 53, 57, 58]",0.33
C14H10,"{'C': 14, 'H': 10}",178.0782503223,neutral,0,PEI,Polyetherimide (Ultem),neutral_loss,break 2 bond(s) | H shift -1 | -CH3,2,-1,,CH3,"[0, 1, 2, 3, 4, 5, 6, 19, 20, 21, 22, 23, 24, 37, 38, 39, 40, 41, 42, 43, 44, 45, 46, 50, 51, 52, 53, 57, 58]",0.30000000000000004
C14H10O,"{'C': 14, 'O': 1, 'H': 10}",194.07316494187,neutral,0,PEI,Polyetherimide (Ultem),neutral_loss,break 2 bond(s) | H shift -1 | -CH3 | ; | break 2 bond(s) | H shift -1 | -CH3,2,-1,,CH3,"[0, 1, 2, 3, 4, 5, 6, 19, 20, 21, 22, 23, 24, 25, 37, 38, 39, 40, 41, 42, 43, 44, 45, 46, 50, 51, 52, 53, 57, 58]",0.30000000000000004
C14H10O2,"{'C': 14, 'O': 2, 'H': 10}",210.06807956144002,neutral,0,PEI,Polyetherimide (Ultem),neutral_loss,break 2 bond(s) | H shift -1 | -CH3,2,-1,,CH3,"[0, 1, 2, 3, 4, 5, 6, 7, 19, 20, 21, 22, 23, 24, 25, 37, 38, 39, 40, 41, 42, 43, 44, 45, 46, 50, 51, 52, 53, 57, 58]",0.30000000000000004
C14H12,"{'C': 14, 'H': 12}",180.09390038676,neutral,0,PEI,Polyetherimide (Ultem),neutral_loss,break 2 bond(s) | H shift +1 | -CH3 | ; | break 2 bond(s) | H shift -2 | -CO | ; | break 2 bond(s) | H shift -2 | -CO,2,1,,CH3,"[0, 1, 2, 3, 4, 5, 6, 19, 20, 21, 22, 23, 24, 37, 38, 39, 40, 41, 42, 43, 44, 45, 46, 50, 51, 52, 53, 57, 58]",0.30000000000000004
C14H12O,"{'C': 14, 'O': 1, 'H': 12}",196.08881500633,neutral,0,PEI,Polyetherimide (Ultem),neutral_loss,break 2 bond(s) | H shift +1 | -CH3 | ; | break 2 bond(s) | H shift +1 | -CH3 | ; | break 2 bond(s) | H shift -2 | -CO,2,1,,CH3,"[0, 1, 2, 3, 4, 5, 6, 19, 20, 21, 22, 23, 24, 25, 37, 38, 39, 40, 41, 42, 43, 44, 45, 46, 50, 51, 52, 53, 57, 58]",0.30000000000000004
C14H12O2,"{'C': 14, 'O': 2, 'H': 12}",212.0837296259,neutral,0,PEI,Polyetherimide (Ultem),neutral_loss,break 2 bond(s) | H shift +1 | -CH3,2,1,,CH3,"[0, 1, 2, 3, 4, 5, 6, 7, 19, 20, 21, 22, 23, 24, 25, 37, 38, 39, 40, 41, 42, 43, 44, 45, 46, 50, 51, 52, 53, 57, 58]",0.30000000000000004
C14H13,"{'C': 14, 'H': 13}",181.10172541899,neutral,0,PEI,Polyetherimide (Ultem),neutral_loss,break 2 bond(s) | H shift -1 | -CO | ; | break 2 bond(s) | H shift -1 | -CO | ; | break 2 bond(s) | H shift -1 | -CO2,2,-1,,CO,"[0, 1, 2, 3, 4, 5, 6, 19, 20, 21, 22, 23, 24, 25, 37, 38, 39, 40, 41, 42, 43, 44, 45, 46, 50, 51, 52, 53, 57, 58]",0.30000000000000004
C14H13O,"{'C': 14, 'O': 1, 'H': 13}",197.09664003856,neutral,0,PEI,Polyetherimide (Ultem),neutral_loss,break 2 bond(s) | H shift -1 | -CO,2,-1,,CO,"[0, 1, 2, 3, 4, 5, 6, 7, 19, 20, 21, 22, 23, 24, 25, 37, 38, 39, 40, 41, 42, 43, 44, 45, 46, 50, 51, 52, 53, 57, 58]",0.30000000000000004
C14H15,"{'C': 14, 'H': 15}",183.11737548345,neutral,0,PEI,Polyetherimide (Ultem),neutral_loss,break 2 bond(s) | H shift +1 | -CO | ; | break 2 bond(s) | H shift +1 | -CO | ; | break 2 bond(s) | H shift +1 | -CO2,2,1,,CO,"[0, 1, 2, 3, 4, 5, 6, 19, 20, 21, 22, 23, 24, 25, 37, 38, 39, 40, 41, 42, 43, 44, 45, 46, 50, 51, 52, 53, 57, 58]",0.30000000000000004
C14H15O,"{'C': 14, 'O': 1, 'H': 15}",199.11229010302,neutral,0,PEI,Polyetherimide (Ultem),neutral_loss,break 2 bond(s) | H shift +1 | -CO,2,1,,CO,"[0, 1, 2, 3, 4, 5, 6, 7, 19, 20, 21, 22, 23, 24, 25, 37, 38, 39, 40, 41, 42, 43, 44, 45, 46, 50, 51, 52, 53, 57, 58]",0.30000000000000004
C15H11,"{'C': 15, 'H': 11}",191.08607535453,neutral,0,PEI,Polyetherimide (Ultem),neutral_loss,break 2 bond(s) | H shift -1 | -H2 | ; | break 2 bond(s) | H shift -2 | -OH | ; | break 2 bond(s) | H shift -1 | -H2O,2,-1,,H2,"[0, 1, 2, 3, 4, 5, 6, 19, 20, 21, 22, 23, 24, 37, 38, 39, 40, 41, 42, 43, 44, 45, 46, 50, 51, 52, 53, 57, 58]",0.30000000000000004
C15H11O,"{'C': 15, 'O': 1, 'H': 11}",207.0809899741,neutral,0,PEI,Polyetherimide (Ultem),neutral_loss,break 2 bond(s) | H shift -1 | -H2 | ; | break 2 bond(s) | H shift -1 | -H2 | ; | break 2 bond(s) | H shift -2 | -OH,2,-1,,H2,"[0, 1, 2, 3, 4, 5, 6, 19, 20, 21, 22, 23, 24, 25, 37, 38, 39, 40, 41, 42, 43, 44, 45, 46, 50, 51, 52, 53, 57, 58]",0.30000000000000004
C15H11O2,"{'C': 15, 'O': 2, 'H': 11}",223.07590459367,neutral,0,PEI,Polyetherimide (Ultem),neutral_loss,break 2 bond(s) | H shift +1 | -CO2 | ; | break 2 bond(s) | H shift +1 | -CO2 | ; | break 2 bond(s) | H shift +1 | -CO2,2,1,,CO2,"[1, 2, 21, 22, 23, 24, 25, 26, 27, 28, 29, 30, 31, 32, 33, 34, 35, 36, 37, 38, 42, 43, 44, 52, 53, 54, 55, 56, 57, 58]",0.30000000000000004
C15H11O3,"{'C': 15, 'O': 3, 'H': 11}",239.07081921324001,neutral,0,PEI,Polyetherimide (Ultem),neutral_loss,break 2 bond(s) | H shift +1 | -CO | ; | break 2 bond(s) | H shift +1 | -CO | ; | break 2 bond(s) | H shift +1 | -CO,2,1,,CO,"[1, 2, 21, 22, 23, 24, 25, 26, 27, 28, 29, 30, 31, 32, 33, 34, 35, 36, 37, 38, 42, 43, 44, 52, 53, 54, 55, 56, 57, 58]",0.30000000000000004
C15H13O2,"{'C': 15, 'O': 2, 'H': 13}",225.09155465813,neutral,0,PEI,Polyetherimide (Ultem),neutral_loss,break 2 bond(s) | H shift +1 | -H2,2,1,,H2,"[0, 1, 2, 3, 4, 5, 6, 7, 19, 20, 21, 22, 23, 24, 25, 37, 38, 39, 40, 41, 42, 43, 44, 45, 46, 50, 51, 52, 53, 57, 58]",0.30000000000000004
C15H14,"{'C': 15, 'H': 14}",194.10955045122,neutral,0,PEI,Polyetherimide (Ultem),neutral_loss,break 2 bond(s) | H shift +1 | -OH | ; | break 2 bond(s) | H shift +2 | -H2O | ; | break 2 bond(s) | H shift +1 | -OH,2,1,,OH,"[0, 1, 2, 3, 4, 5, 6, 19, 20, 21, 22, 23, 24, 25, 37, 38, 39, 40, 41, 42, 43, 44, 45, 46, 50, 51, 52, 53, 57, 58]",0.30000000000000004
C15H14O,"{'C': 15, 'O': 1, 'H': 14}",210.10446507079,neutral,0,PEI,Polyetherimide (Ultem),neutral_loss,break 2 bond(s) | H shift +1 | -OH | ; | break 2 bond(s) | H shift +2 | -H2O,2,1,,OH,"[0, 1, 2, 3, 4, 5, 6, 7, 19, 20, 21, 22, 23, 24, 25, 37, 38, 39, 40, 41, 42, 43, 44, 45, 46, 50, 51, 52, 53, 57, 58]",0.30000000000000004
C15H6O4,"{'C': 15, 'O': 4, 'H': 6}",250.02660867166,neutral,0,PEI,Polyetherimide (Ultem),neutral_loss,break 2 bond(s) | H shift -1 | -CH3 | ; | break 2 bond(s) | H shift -1 | -CH3 | ; | break 2 bond(s) | H shift -1 | -CH3,2,-1,,CH3,"[1, 2, 21, 22, 23, 24, 25, 26, 27, 28, 29, 30, 31, 32, 33, 34, 35, 36, 37, 38, 42, 43, 44, 52, 53, 54, 55, 56, 57, 58]",0.30000000000000004
C15H8O4,"{'C': 15, 'O': 4, 'H': 8}",252.04225873612,neutral,0,PEI,Polyetherimide (Ultem),neutral_loss,break 2 bond(s) | H shift +1 | -CH3 | ; | break 2 bond(s) | H shift +1 | -CH3 | ; | break 2 bond(s) | H shift +1 | -CH3,2,1,,CH3,"[1, 2, 21, 22, 23, 24, 25, 26, 27, 28, 29, 30, 31, 32, 33, 34, 35, 36, 37, 38, 42, 43, 44, 52, 53, 54, 55, 56, 57, 58]",0.30000000000000004
C15H9O2,"{'C': 15, 'O': 2, 'H': 9}",221.06025452921,neutral,0,PEI,Polyetherimide (Ultem),neutral_loss,break 2 bond(s) | H shift -1 | -CO2 | ; | break 2 bond(s) | H shift -1 | -CO2 | ; | break 2 bond(s) | H shift -1 | -CO2,2,-1,,CO2,"[1, 2, 21, 22, 23, 24, 25, 26, 27, 28, 29, 30, 31, 32, 33, 34, 35, 36, 37, 38, 42, 43, 44, 52, 53, 54, 55, 56, 57, 58]",0.30000000000000004
C15H9O3,"{'C': 15, 'O': 3, 'H': 9}",237.05516914878,neutral,0,PEI,Polyetherimide (Ultem),neutral_loss,break 2 bond(s) | H shift -1 | -CO | ; | break 2 bond(s) | H shift -1 | -CO | ; | break 2 bond(s) | H shift -1 | -CO,2,-1,,CO,"[1, 2, 21, 22, 23, 24, 25, 26, 27, 28, 29, 30, 31, 32, 33, 34, 35, 36, 37, 38, 42, 43, 44, 52, 53, 54, 55, 56, 57, 58]",0.30000000000000004
C16H10O3,"{'C': 16, 'O': 3, 'H': 10}",250.06299418101,neutral,0,PEI,Polyetherimide (Ultem),neutral_loss,break 2 bond(s) | H shift +1 | -OH | ; | break 2 bond(s) | H shift +2 | -H2O | ; | break 2 bond(s) | H shift +1 | -OH,2,1,,OH,"[1, 2, 21, 22, 23, 24, 25, 26, 27, 28, 29, 30, 31, 32, 33, 34, 35, 36, 37, 38, 42, 43, 44, 52, 53, 54, 55, 56, 57, 58]",0.30000000000000004
C16H7O3,"{'C': 16, 'O': 3, 'H': 7}",247.03951908432,neutral,0,PEI,Polyetherimide (Ultem),neutral_loss,break 2 bond(s) | H shift -1 | -H2O | ; | break 2 bond(s) | H shift -2 | -OH | ; | break 2 bond(s) | H shift -1 | -H2O,2,-1,,H2O,"[1, 2, 21, 22, 23, 24, 25, 26, 27, 28, 29, 30, 31, 32, 33, 34, 35, 36, 37, 38, 42, 43, 44, 52, 53, 54, 55, 56, 57, 58]",0.30000000000000004
C16H7O4,"{'C': 16, 'O': 4, 'H': 7}",263.03443370389,neutral,0,PEI,Polyetherimide (Ultem),neutral_loss,break 2 bond(s) | H shift -1 | -H2 | ; | break 2 bond(s) | H shift -1 | -H2 | ; | break 2 bond(s) | H shift -1 | -H2,2,-1,,H2,"[1, 2, 21, 22, 23, 24, 25, 26, 27, 28, 29, 30, 31, 32, 33, 34, 35, 36, 37, 38, 42, 43, 44, 52, 53, 54, 55, 56, 57, 58]",0.30000000000000004
C21H10O4,"{'C': 21, 'O': 4, 'H': 10}",326.05790880058,neutral,0,PEI,Polyetherimide (Ultem),neutral_loss,break 2 bond(s) | H shift -1 | -CH3 | ; | break 2 bond(s) | H shift -1 | -CH3 | ; | break 2 bond(s) | H shift -1 | -CH3,2,-1,,CH3,"[1, 2, 3, 4, 5, 6, 19, 20, 21, 22, 23, 24, 25, 26, 27, 28, 29, 30, 31, 32, 33, 34, 35, 36, 37, 38, 42, 43, 44, 45, 46, 50, 51, 52, 53, 54, 55, 56, 57, 58]",0.30000000000000004
C21H10O5,"{'C': 21, 'O': 5, 'H': 10}",342.05282342015,neutral,0,PEI,Polyetherimide (Ultem),neutral_loss,break 2 bond(s) | H shift -1 | -CH3 | ; | break 2 bond(s) | H shift -1 | -CH3 | ; | break 2 bond(s) | H shift -1 | -CH3,2,-1,,CH3,"[1, 2, 3, 4, 5, 6, 7, 19, 20, 21, 22, 23, 24, 25, 26, 27, 28, 29, 30, 31, 32, 33, 34, 35, 36, 37, 38, 42, 43, 44, 45, 46, 50, 51, 52, 53, 54, 55, 56, 57, 58]",0.30000000000000004
C21H12O4,"{'C': 21, 'O': 4, 'H': 12}",328.07355886504,neutral,0,PEI,Polyetherimide (Ultem),neutral_loss,break 2 bond(s) | H shift +1 | -CH3 | ; | break 2 bond(s) | H shift -2 | -CO | ; | break 2 bond(s) | H shift +1 | -CH3,2,1,,CH3,"[1, 2, 3, 4, 5, 6, 19, 20, 21, 22, 23, 24, 25, 26, 27, 28, 29, 30, 31, 32, 33, 34, 35, 36, 37, 38, 42, 43, 44, 45, 46, 50, 51, 52, 53, 54, 55, 56, 57, 58]",0.30000000000000004
C21H12O5,"{'C': 21, 'O': 5, 'H': 12}",344.06847348461,neutral,0,PEI,Polyetherimide (Ultem),neutral_loss,break 2 bond(s) | H shift +1 | -CH3 | ; | break 2 bond(s) | H shift +1 | -CH3 | ; | break 2 bond(s) | H shift +1 | -CH3,2,1,,CH3,"[1, 2, 3, 4, 5, 6, 7, 19, 20, 21, 22, 23, 24, 25, 26, 27, 28, 29, 30, 31, 32, 33, 34, 35, 36, 37, 38, 42, 43, 44, 45, 46, 50, 51, 52, 53, 54, 55, 56, 57, 58]",0.30000000000000004
C21H13O2,"{'C': 21, 'O': 2, 'H': 13}",297.09155465813,neutral,0,PEI,Polyetherimide (Ultem),neutral_loss,break 2 bond(s) | H shift -1 | -CO2 | ; | break 2 bond(s) | H shift -1 | -CO2 | ; | break 2 bond(s) | H shift -1 | -CO2,2,-1,,CO2,"[1, 2, 3, 4, 5, 6, 19, 20, 21, 22, 23, 24, 25, 26, 27, 28, 29, 30, 31, 32, 33, 34, 35, 36, 37, 38, 42, 43, 44, 45, 46, 50, 51, 52, 53, 54, 55, 56, 57, 58]",0.30000000000000004
C21H13O3,"{'C': 21, 'O': 3, 'H': 13}",313.0864692777,neutral,0,PEI,Polyetherimide (Ultem),neutral_loss,break 2 bond(s) | H shift -1 | -CO | ; | break 2 bond(s) | H shift -1 | -CO2 | ; | break 2 bond(s) | H shift -1 | -CO,2,-1,,CO,"[1, 2, 3, 4, 5, 6, 19, 20, 21, 22, 23, 24, 25, 26, 27, 28, 29, 30, 31, 32, 33, 34, 35, 36, 37, 38, 42, 43, 44, 45, 46, 50, 51, 52, 53, 54, 55, 56, 57, 58]",0.30000000000000004
C21H13O4,"{'C': 21, 'O': 4, 'H': 13}",329.08138389727003,neutral,0,PEI,Polyetherimide (Ultem),neutral_loss,break 2 bond(s) | H shift -1 | -CO | ; | break 2 bond(s) | H shift +2 | -CH3 | ; | break 2 bond(s) | H shift -1 | -CO,2,-1,,CO,"[1, 2, 3, 4, 5, 6, 7, 19, 20, 21, 22, 23, 24, 25, 26, 27, 28, 29, 30, 31, 32, 33, 34, 35, 36, 37, 38, 42, 43, 44, 45, 46, 50, 51, 52, 53, 54, 55, 56, 57, 58]",0.30000000000000004
C21H15O2,"{'C': 21, 'O': 2, 'H': 15}",299.10720472259,neutral,0,PEI,Polyetherimide (Ultem),neutral_loss,break 2 bond(s) | H shift +1 | -CO2 | ; | break 2 bond(s) | H shift +1 | -CO2 | ; | break 2 bond(s) | H shift +1 | -CO2,2,1,,CO2,"[1, 2, 3, 4, 5, 6, 19, 20, 21, 22, 23, 24, 25, 26, 27, 28, 29, 30, 31, 32, 33, 34, 35, 36, 37, 38, 42, 43, 44, 45, 46, 50, 51, 52, 53, 54, 55, 56, 57, 58]",0.30000000000000004
C21H15O3,"{'C': 21, 'O': 3, 'H': 15}",315.10211934216,neutral,0,PEI,Polyetherimide (Ultem),neutral_loss,break 2 bond(s) | H shift +1 | -CO | ; | break 2 bond(s) | H shift +1 | -CO2 | ; | break 2 bond(s) | H shift +1 | -CO,2,1,,CO,"[1, 2, 3, 4, 5, 6, 19, 20, 21, 22, 23, 24, 25, 26, 27, 28, 29, 30, 31, 32, 33, 34, 35, 36, 37, 38, 42, 43, 44, 45, 46, 50, 51, 52, 53, 54, 55, 56, 57, 58]",0.30000000000000004
C21H15O4,"{'C': 21, 'O': 4, 'H': 15}",331.09703396173,neutral,0,PEI,Polyetherimide (Ultem),neutral_loss,break 2 bond(s) | H shift +1 | -CO | ; | break 2 bond(s) | H shift +1 | -CO | ; | break 2 bond(s) | H shift +1 | -CO,2,1,,CO,"[1, 2, 3, 4, 5, 6, 7, 19, 20, 21, 22, 23, 24, 25, 26, 27, 28, 29, 30, 31, 32, 33, 34, 35, 36, 37, 38, 42, 43, 44, 45, 46, 50, 51, 52, 53, 54, 55, 56, 57, 58]",0.30000000000000004
C22H11O3,"{'C': 22, 'O': 3, 'H': 11}",323.07081921324,neutral,0,PEI,Polyetherimide (Ultem),neutral_loss,break 2 bond(s) | H shift -1 | -H2O | ; | break 2 bond(s) | H shift -2 | -OH | ; | break 2 bond(s) | H shift -1 | -H2O,2,-1,,H2O,"[1, 2, 3, 4, 5, 6, 19, 20, 21, 22, 23, 24, 25, 26, 27, 28, 29, 30, 31, 32, 33, 34, 35, 36, 37, 38, 42, 43, 44, 45, 46, 50, 51, 52, 53, 54, 55, 56, 57, 58]",0.30000000000000004
C22H11O4,"{'C': 22, 'O': 4, 'H': 11}",339.06573383281,neutral,0,PEI,Polyetherimide (Ultem),neutral_loss,break 2 bond(s) | H shift -1 | -H2 | ; | break 2 bond(s) | H shift -2 | -OH | ; | break 2 bond(s) | H shift -1 | -H2O,2,-1,,H2,"[1, 2, 3, 4, 5, 6, 19, 20, 21, 22, 23, 24, 25, 26, 27, 28, 29, 30, 31, 32, 33, 34, 35, 36, 37, 38, 42, 43, 44, 45, 46, 50, 51, 52, 53, 54, 55, 56, 57, 58]",0.30000000000000004
C22H11O5,"{'C': 22, 'O': 5, 'H': 11}",355.06064845238,neutral,0,PEI,Polyetherimide (Ultem),neutral_loss,break 2 bond(s) | H shift -1 | -H2 | ; | break 2 bond(s) | H shift -1 | -H2 | ; | break 2 bond(s) | H shift -1 | -H2,2,-1,,H2,"[1, 2, 3, 4, 5, 6, 7, 19, 20, 21, 22, 23, 24, 25, 26, 27, 28, 29, 30, 31, 32, 33, 34, 35, 36, 37, 38, 42, 43, 44, 45, 46, 50, 51, 52, 53, 54, 55, 56, 57, 58]",0.30000000000000004
C22H14O3,"{'C': 22, 'O': 3, 'H': 14}",326.09429430993,neutral,0,PEI,Polyetherimide (Ultem),neutral_loss,break 2 bond(s) | H shift +1 | -OH | ; | break 2 bond(s) | H shift +2 | -H2O | ; | break 2 bond(s) | H shift +1 | -OH,2,1,,OH,"[1, 2, 3, 4, 5, 6, 19, 20, 21, 22, 23, 24, 25, 26, 27, 28, 29, 30, 31, 32, 33, 34, 35, 36, 37, 38, 42, 43, 44, 45, 46, 50, 51, 52, 53, 54, 55, 56, 57, 58]",0.30000000000000004
C28H10O8,"{'C': 28, 'O': 8, 'H': 10}",474.03756727886,neutral,0,PEI,Polyetherimide (Ultem),neutral_loss,break 2 bond(s) | H shift -1 | -CH3,2,-1,,CH3,"[1, 3, 4, 5, 6, 7, 8, 9, 10, 11, 12, 13, 14, 15, 16, 17, 18, 19, 20, 21, 22, 23, 24, 25, 26, 27, 28, 29, 30, 31, 32, 33, 34, 35, 36, 37, 38, 45, 46, 47, 48, 49, 50, 51, 52, 53, 54, 55, 56, 57, 58]",0.30000000000000004
C28H12O8,"{'C': 28, 'O': 8, 'H': 12}",476.05321734332,neutral,0,PEI,Polyetherimide (Ultem),neutral_loss,break 2 bond(s) | H shift +1 | -CH3,2,1,,CH3,"[1, 3, 4, 5, 6, 7, 8, 9, 10, 11, 12, 13, 14, 15, 16, 17, 18, 19, 20, 21, 22, 23, 24, 25, 26, 27, 28, 29, 30, 31, 32, 33, 34, 35, 36, 37, 38, 45, 46, 47, 48, 49, 50, 51, 52, 53, 54, 55, 56, 57, 58]",0.30000000000000004
C28H13O6,"{'C': 28, 'O': 6, 'H': 13}",445.07121313641,neutral,0,PEI,Polyetherimide (Ultem),neutral_loss,break 2 bond(s) | H shift -1 | -CO2,2,-1,,CO2,"[1, 3, 4, 5, 6, 7, 8, 9, 10, 11, 12, 13, 14, 15, 16, 17, 18, 19, 20, 21, 22, 23, 24, 25, 26, 27, 28, 29, 30, 31, 32, 33, 34, 35, 36, 37, 38, 45, 46, 47, 48, 49, 50, 51, 52, 53, 54, 55, 56, 57, 58]",0.30000000000000004
C28H13O7,"{'C': 28, 'O': 7, 'H': 13}",461.06612775598,neutral,0,PEI,Polyetherimide (Ultem),neutral_loss,break 2 bond(s) | H shift -1 | -CO,2,-1,,CO,"[1, 3, 4, 5, 6, 7, 8, 9, 10, 11, 12, 13, 14, 15, 16, 17, 18, 19, 20, 21, 22, 23, 24, 25, 26, 27, 28, 29, 30, 31, 32, 33, 34, 35, 36, 37, 38, 45, 46, 47, 48, 49, 50, 51, 52, 53, 54, 55, 56, 57, 58]",0.30000000000000004
C28H15O6,"{'C': 28, 'O': 6, 'H': 15}",447.08686320087,neutral,0,PEI,Polyetherimide (Ultem),neutral_loss,break 2 bond(s) | H shift +1 | -CO2,2,1,,CO2,"[1, 3, 4, 5, 6, 7, 8, 9, 10, 11, 12, 13, 14, 15, 16, 17, 18, 19, 20, 21, 22, 23, 24, 25, 26, 27, 28, 29, 30, 31, 32, 33, 34, 35, 36, 37, 38, 45, 46, 47, 48, 49, 50, 51, 52, 53, 54, 55, 56, 57, 58]",0.30000000000000004
C28H15O7,"{'C': 28, 'O': 7, 'H': 15}",463.08177782044,neutral,0,PEI,Polyetherimide (Ultem),neutral_loss,break 2 bond(s) | H shift +1 | -CO,2,1,,CO,"[1, 3, 4, 5, 6, 7, 8, 9, 10, 11, 12, 13, 14, 15, 16, 17, 18, 19, 20, 21, 22, 23, 24, 25, 26, 27, 28, 29, 30, 31, 32, 33, 34, 35, 36, 37, 38, 45, 46, 47, 48, 49, 50, 51, 52, 53, 54, 55, 56, 57, 58]",0.30000000000000004
C29H11O7,"{'C': 29, 'O': 7, 'H': 11}",471.05047769152003,neutral,0,PEI,Polyetherimide (Ultem),neutral_loss,break 2 bond(s) | H shift -1 | -H2O,2,-1,,H2O,"[1, 3, 4, 5, 6, 7, 8, 9, 10, 11, 12, 13, 14, 15, 16, 17, 18, 19, 20, 21, 22, 23, 24, 25, 26, 27, 28, 29, 30, 31, 32, 33, 34, 35, 36, 37, 38, 45, 46, 47, 48, 49, 50, 51, 52, 53, 54, 55, 56, 57, 58]",0.30000000000000004
C29H11O8,"{'C': 29, 'O': 8, 'H': 11}",487.04539231109,neutral,0,PEI,Polyetherimide (Ultem),neutral_loss,break 2 bond(s) | H shift -1 | -H2,2,-1,,H2,"[1, 3, 4, 5, 6, 7, 8, 9, 10, 11, 12, 13, 14, 15, 16, 17, 18, 19, 20, 21, 22, 23, 24, 25, 26, 27, 28, 29, 30, 31, 32, 33, 34, 35, 36, 37, 38, 45, 46, 47, 48, 49, 50, 51, 52, 53, 54, 55, 56, 57, 58]",0.30000000000000004
C29H14O7,"{'C': 29, 'O': 7, 'H': 14}",474.07395278821,neutral,0,PEI,Polyetherimide (Ultem),neutral_loss,break 2 bond(s) | H shift +1 | -OH | ; | break 2 bond(s) | H shift +2 | -H2O,2,1,,OH,"[1, 3, 4, 5, 6, 7, 8, 9, 10, 11, 12, 13, 14, 15, 16, 17, 18, 19, 20, 21, 22, 23, 24, 25, 26, 27, 28, 29, 30, 31, 32, 33, 34, 35, 36, 37, 38, 45, 46, 47, 48, 49, 50, 51, 52, 53, 54, 55, 56, 57, 58]",0.30000000000000004
C2H2,"{'C': 2, 'H': 2}",26.01565006446,neutral,0,PEI,Polyetherimide (Ultem),neutral_loss,break 2 bond(s) | H shift -1 | -CH3,2,-1,,CH3,"[0, 1, 2, 39, 40, 41, 42, 43, 44]",0.30000000000000004
C2H4,"{'C': 2, 'H': 4}",28.03130012892,neutral,0,PEI,Polyetherimide (Ultem),neutral_loss,break 2 bond(s) | H shift +1 | -CH3,2,1,,CH3,"[0, 1, 2, 39, 40, 41, 42, 43, 44]",0.30000000000000004
C3H3,"{'C': 3, 'H': 3}",39.02347509669,neutral,0,PEI,Polyetherimide (Ultem),neutral_loss,break 2 bond(s) | H shift -1 | -H2,2,-1,,H2,"[0, 1, 2, 39, 40, 41, 42, 43, 44]",0.30000000000000004
C3H5,"{'C': 3, 'H': 5}",41.03912516115,neutral,0,PEI,Polyetherimide (Ultem),neutral_loss,break 2 bond(s) | H shift +1 | -H2,2,1,,H2,"[0, 1, 2, 39, 40, 41, 42, 43, 44]",0.30000000000000004
C5,{'C': 5},60.0,neutral,0,PEI,Polyetherimide (Ultem),neutral_loss,break 2 bond(s) | H shift -1 | -CH3 | ; | break 2 bond(s) | H shift -1 | -CH3,2,-1,,CH3,"[3, 4, 5, 6, 19, 20, 45, 46, 50, 51]",0.30000000000000004
C5H2,"{'C': 5, 'H': 2}",62.01565006446,neutral,0,PEI,Polyetherimide (Ultem),neutral_loss,break 2 bond(s) | H shift +1 | -CH3 | ; | break 2 bond(s) | H shift -2 | -CO | ; | break 2 bond(s) | H shift +1 | -CH3,2,1,,CH3,"[3, 4, 5, 6, 19, 20, 45, 46, 50, 51]",0.30000000000000004
C5H2O,"{'C': 5, 'O': 1, 'H': 2}",78.01056468403,neutral,0,PEI,Polyetherimide (Ultem),neutral_loss,break 2 bond(s) | H shift +1 | -CH3 | ; | break 2 bond(s) | H shift +1 | -CH3,2,1,,CH3,"[3, 4, 5, 6, 7, 19, 20, 45, 46, 50, 51]",0.30000000000000004
C5H3,"{'C': 5, 'H': 3}",63.02347509669,neutral,0,PEI,Polyetherimide (Ultem),neutral_loss,break 2 bond(s) | H shift -1 | -CO | ; | break 2 bond(s) | H shift +2 | -CH3 | ; | break 2 bond(s) | H shift -1 | -CO,2,-1,,CO,"[3, 4, 5, 6, 7, 19, 20, 45, 46, 50, 51]",0.30000000000000004
C5H5,"{'C': 5, 'H': 5}",65.03912516115,neutral,0,PEI,Polyetherimide (Ultem),neutral_loss,break 2 bond(s) | H shift +1 | -CO | ; | break 2 bond(s) | H shift +1 | -CO,2,1,,CO,"[3, 4, 5, 6, 7, 19, 20, 45, 46, 50, 51]",0.30000000000000004
C5O,"{'C': 5, 'O': 1}",75.99491461957,neutral,0,PEI,Polyetherimide (Ultem),neutral_loss,break 2 bond(s) | H shift -1 | -CH3 | ; | break 2 bond(s) | H shift -1 | -CH3,2,-1,,CH3,"[3, 4, 5, 6, 7, 19, 20, 45, 46, 50, 51]",0.30000000000000004
C6H,"{'C': 6, 'H': 1}",73.00782503223,neutral,0,PEI,Polyetherimide (Ultem),neutral_loss,break 2 bond(s) | H shift -1 | -H2 | ; | break 2 bond(s) | H shift -2 | -OH | ; | break 2 bond(s) | H shift -1 | -H2O,2,-1,,H2,"[3, 4, 5, 6, 19, 20, 45, 46, 50, 51]",0.30000000000000004
C6H3O,"{'C': 6, 'O': 1, 'H': 3}",91.01838971626,neutral,0,PEI,Polyetherimide (Ultem),neutral_loss,break 2 bond(s) | H shift +1 | -H2 | ; | break 2 bond(s) | H shift +1 | -H2,2,1,,H2,"[3, 4, 5, 6, 7, 19, 20, 45, 46, 50, 51]",0.30000000000000004
C6H4,"{'C': 6, 'H': 4}",76.03130012892,neutral,0,PEI,Polyetherimide (Ultem),neutral_loss,break 2 bond(s) | H shift +1 | -OH | ; | break 2 bond(s) | H shift +2 | -H2O | ; | break 2 bond(s) | H shift +2 | -H2,2,1,,OH,"[3, 4, 5, 6, 7, 19, 20, 45, 46, 50, 51]",0.30000000000000004
C6HO,"{'C': 6, 'O': 1, 'H': 1}",89.0027396518,neutral,0,PEI,Polyetherimide (Ultem),neutral_loss,break 2 bond(s) | H shift -1 | -H2 | ; | break 2 bond(s) | H shift -1 | -H2,2,-1,,H2,"[3, 4, 5, 6, 7, 19, 20, 45, 46, 50, 51]",0.30000000000000004
C8H11,"{'C': 8, 'H': 11}",107.08607535453,neutral,0,PEI,Polyetherimide (Ultem),neutral_loss,break 2 bond(s) | H shift +1 | -CO | ; | break 2 bond(s) | H shift +1 | -CO,2,1,,CO,"[0, 1, 2, 21, 22, 23, 24, 25, 37, 38, 39, 40, 41, 42, 43, 44, 52, 53, 57, 58]",0.30000000000000004
C8H6,"{'C': 8, 'H': 6}",102.04695019338,neutral,0,PEI,Polyetherimide (Ultem),neutral_loss,break 2 bond(s) | H shift -1 | -CH3 | ; | break 2 bond(s) | H shift -1 | -CH3,2,-1,,CH3,"[0, 1, 2, 21, 22, 23, 24, 37, 38, 39, 40, 41, 42, 43, 44, 52, 53, 57, 58]",0.30000000000000004
C8H6O,"{'C': 8, 'O': 1, 'H': 6}",118.04186481295,neutral,0,PEI,Polyetherimide (Ultem),neutral_loss,break 2 bond(s) | H shift -1 | -CH3 | ; | break 2 bond(s) | H shift -1 | -CH3,2,-1,,CH3,"[0, 1, 2, 21, 22, 23, 24, 25, 37, 38, 39, 40, 41, 42, 43, 44, 52, 53, 57, 58]",0.30000000000000004
C8H8,"{'C': 8, 'H': 8}",104.06260025784,neutral,0,PEI,Polyetherimide (Ultem),neutral_loss,break 2 bond(s) | H shift +1 | -CH3 | ; | break 2 bond(s) | H shift -2 | -CO | ; | break 2 bond(s) | H shift +1 | -CH3,2,1,,CH3,"[0, 1, 2, 21, 22, 23, 24, 37, 38, 39, 40, 41, 42, 43, 44, 52, 53, 57, 58]",0.30000000000000004
C8H8O,"{'C': 8, 'O': 1, 'H': 8}",120.05751487741,neutral,0,PEI,Polyetherimide (Ultem),neutral_loss,break 2 bond(s) | H shift +1 | -CH3 | ; | break 2 bond(s) | H shift +1 | -CH3,2,1,,CH3,"[0, 1, 2, 21, 22, 23, 24, 25, 37, 38, 39, 40, 41, 42, 43, 44, 52, 53, 57, 58]",0.30000000000000004
C8H9,"{'C': 8, 'H': 9}",105.07042529007,neutral,0,PEI,Polyetherimide (Ultem),neutral_loss,break 2 bond(s) | H shift -1 | -CO | ; | break 2 bond(s) | H shift +2 | -CH3 | ; | break 2 bond(s) | H shift -1 | -CO,2,-1,,CO,"[0, 1, 2, 21, 22, 23, 24, 25, 37, 38, 39, 40, 41, 42, 43, 44, 52, 53, 57, 58]",0.30000000000000004
C9H10,"{'C': 9, 'H': 10}",118.0782503223,neutral,0,PEI,Polyetherimide (Ultem),neutral_loss,break 2 bond(s) | H shift +1 | -OH | ; | break 2 bond(s) | H shift +2 | -H2O | ; | break 2 bond(s) | H shift +2 | -H2,2,1,,OH,"[0, 1, 2, 21, 22, 23, 24, 25, 37, 38, 39, 40, 41, 42, 43, 44, 52, 53, 57, 58]",0.30000000000000004
C9H7,"{'C': 9, 'H': 7}",115.05477522561,neutral,0,PEI,Polyetherimide (Ultem),neutral_loss,break 2 bond(s) | H shift -1 | -H2 | ; | break 2 bond(s) | H shift -2 | -OH | ; | break 2 bond(s) | H shift -1 | -H2O,2,-1,,H2,"[0, 1, 2, 21, 22, 23, 24, 37, 38, 39, 40, 41, 42, 43, 44, 52, 53, 57, 58]",0.30000000000000004
C9H7O,"{'C': 9, 'O': 1, 'H': 7}",131.04968984518,neutral,0,PEI,Polyetherimide (Ultem),neutral_loss,break 2 bond(s) | H shift -1 | -H2 | ; | break 2 bond(s) | H shift -1 | -H2,2,-1,,H2,"[0, 1, 2, 21, 22, 23, 24, 25, 37, 38, 39, 40, 41, 42, 43, 44, 52, 53, 57, 58]",0.30000000000000004
C9H9O,"{'C': 9, 'O': 1, 'H': 9}",133.06533990964,neutral,0,PEI,Polyetherimide (Ultem),neutral_loss,break 2 bond(s) | H shift +1 | -H2 | ; | break 2 bond(s) | H shift +1 | -H2,2,1,,H2,"[0, 1, 2, 21, 22, 23, 24, 25, 37, 38, 39, 40, 41, 42, 43, 44, 52, 53, 57, 58]",0.30000000000000004
C15H13Cl,"{'C': 15, 'H': 13, 'Cl': 1}",228.07057810099,negative,-1,PEI,Polyetherimide (Ultem),adduct,break 2 bond(s) | H shift -1 | Cl,2,-1,Cl,,"[0, 1, 2, 3, 4, 5, 6, 19, 20, 21, 22, 23, 24, 37, 38, 39, 40, 41, 42, 43, 44, 45, 46, 50, 51, 52, 53, 57, 58]",0.28
C15H13ClO,"{'C': 15, 'O': 1, 'H': 13, 'Cl': 1}",244.06549272056,negative,-1,PEI,Polyetherimide (Ultem),adduct,break 2 bond(s) | H shift -1 | Cl | ; | break 2 bond(s) | H shift -1 | Cl,2,-1,Cl,,"[0, 1, 2, 3, 4, 5, 6, 19, 20, 21, 22, 23, 24, 25, 37, 38, 39, 40, 41, 42, 43, 44, 45, 46, 50, 51, 52, 53, 57, 58]",0.28
C15H13ClO2,"{'C': 15, 'O': 2, 'H': 13, 'Cl': 1}",260.06040734013,negative,-1,PEI,Polyetherimide (Ultem),adduct,break 2 bond(s) | H shift -1 | Cl,2,-1,Cl,,"[0, 1, 2, 3, 4, 5, 6, 7, 19, 20, 21, 22, 23, 24, 25, 37, 38, 39, 40, 41, 42, 43, 44, 45, 46, 50, 51, 52, 53, 57, 58]",0.28
C15H13K,"{'C': 15, 'H': 13, 'K': 1}",232.06543190539,positive,1,PEI,Polyetherimide (Ultem),adduct,break 2 bond(s) | H shift -1 | K,2,-1,K,,"[0, 1, 2, 3, 4, 5, 6, 19, 20, 21, 22, 23, 24, 37, 38, 39, 40, 41, 42, 43, 44, 45, 46, 50, 51, 52, 53, 57, 58]",0.28
C15H13KO,"{'C': 15, 'O': 1, 'H': 13, 'K': 1}",248.06034652496,positive,1,PEI,Polyetherimide (Ultem),adduct,break 2 bond(s) | H shift -1 | K | ; | break 2 bond(s) | H shift -1 | K,2,-1,K,,"[0, 1, 2, 3, 4, 5, 6, 19, 20, 21, 22, 23, 24, 25, 37, 38, 39, 40, 41, 42, 43, 44, 45, 46, 50, 51, 52, 53, 57, 58]",0.28
C15H13KO2,"{'C': 15, 'O': 2, 'H': 13, 'K': 1}",264.05526114453,positive,1,PEI,Polyetherimide (Ultem),adduct,break 2 bond(s) | H shift -1 | K,2,-1,K,,"[0, 1, 2, 3, 4, 5, 6, 7, 19, 20, 21, 22, 23, 24, 25, 37, 38, 39, 40, 41, 42, 43, 44, 45, 46, 50, 51, 52, 53, 57, 58]",0.28
C15H13Na,"{'C': 15, 'H': 13, 'Na': 1}",216.09149470099,positive,1,PEI,Polyetherimide (Ultem),adduct,break 2 bond(s) | H shift -1 | Na,2,-1,Na,,"[0, 1, 2, 3, 4, 5, 6, 19, 20, 21, 22, 23, 24, 37, 38, 39, 40, 41, 42, 43, 44, 45, 46, 50, 51, 52, 53, 57, 58]",0.28
C15H13NaO,"{'C': 15, 'O': 1, 'H': 13, 'Na': 1}",232.08640932056,positive,1,PEI,Polyetherimide (Ultem),adduct,break 2 bond(s) | H shift -1 | Na | ; | break 2 bond(s) | H shift -1 | Na,2,-1,Na,,"[0, 1, 2, 3, 4, 5, 6, 19, 20, 21, 22, 23, 24, 25, 37, 38, 39, 40, 41, 42, 43, 44, 45, 46, 50, 51, 52, 53, 57, 58]",0.28
C15H13NaO2,"{'C': 15, 'O': 2, 'H': 13, 'Na': 1}",248.08132394013,positive,1,PEI,Polyetherimide (Ultem),adduct,break 2 bond(s) | H shift -1 | Na,2,-1,Na,,"[0, 1, 2, 3, 4, 5, 6, 7, 19, 20, 21, 22, 23, 24, 25, 37, 38, 39, 40, 41, 42, 43, 44, 45, 46, 50, 51, 52, 53, 57, 58]",0.28
C15H13O3,"{'C': 15, 'O': 3, 'H': 13}",241.08646927770002,negative,-1,PEI,Polyetherimide (Ultem),adduct,break 2 bond(s) | H shift -1 | O,2,-1,O,,"[0, 1, 2, 3, 4, 5, 6, 7, 19, 20, 21, 22, 23, 24, 25, 37, 38, 39, 40, 41, 42, 43, 44, 45, 46, 50, 51, 52, 53, 57, 58]",0.28
C15H15Cl,"{'C': 15, 'H': 15, 'Cl': 1}",230.08622816545,negative,-1,PEI,Polyetherimide (Ultem),adduct,break 2 bond(s) | H shift +1 | Cl,2,1,Cl,,"[0, 1, 2, 3, 4, 5, 6, 19, 20, 21, 22, 23, 24, 37, 38, 39, 40, 41, 42, 43, 44, 45, 46, 50, 51, 52, 53, 57, 58]",0.28
C15H15ClO,"{'C': 15, 'O': 1, 'H': 15, 'Cl': 1}",246.08114278502,negative,-1,PEI,Polyetherimide (Ultem),adduct,break 2 bond(s) | H shift +1 | Cl | ; | break 2 bond(s) | H shift +1 | Cl,2,1,Cl,,"[0, 1, 2, 3, 4, 5, 6, 19, 20, 21, 22, 23, 24, 25, 37, 38, 39, 40, 41, 42, 43, 44, 45, 46, 50, 51, 52, 53, 57, 58]",0.28
C15H15ClO2,"{'C': 15, 'O': 2, 'H': 15, 'Cl': 1}",262.07605740459,negative,-1,PEI,Polyetherimide (Ultem),adduct,break 2 bond(s) | H shift +1 | Cl,2,1,Cl,,"[0, 1, 2, 3, 4, 5, 6, 7, 19, 20, 21, 22, 23, 24, 25, 37, 38, 39, 40, 41, 42, 43, 44, 45, 46, 50, 51, 52, 53, 57, 58]",0.28
C15H15K,"{'C': 15, 'H': 15, 'K': 1}",234.08108196985,positive,1,PEI,Polyetherimide (Ultem),adduct,break 2 bond(s) | H shift +1 | K,2,1,K,,"[0, 1, 2, 3, 4, 5, 6, 19, 20, 21, 22, 23, 24, 37, 38, 39, 40, 41, 42, 43, 44, 45, 46, 50, 51, 52, 53, 57, 58]",0.28
C15H15KO,"{'C': 15, 'O': 1, 'H': 15, 'K': 1}",250.07599658942,positive,1,PEI,Polyetherimide (Ultem),adduct,break 2 bond(s) | H shift +1 | K | ; | break 2 bond(s) | H shift +1 | K,2,1,K,,"[0, 1, 2, 3, 4, 5, 6, 19, 20, 21, 22, 23, 24, 25, 37, 38, 39, 40, 41, 42, 43, 44, 45, 46, 50, 51, 52, 53, 57, 58]",0.28
C15H15KO2,"{'C': 15, 'O': 2, 'H': 15, 'K': 1}",266.07091120899,positive,1,PEI,Polyetherimide (Ultem),adduct,break 2 bond(s) | H shift +1 | K,2,1,K,,"[0, 1, 2, 3, 4, 5, 6, 7, 19, 20, 21, 22, 23, 24, 25, 37, 38, 39, 40, 41, 42, 43, 44, 45, 46, 50, 51, 52, 53, 57, 58]",0.28
C15H15Na,"{'C': 15, 'H': 15, 'Na': 1}",218.10714476545,positive,1,PEI,Polyetherimide (Ultem),adduct,break 2 bond(s) | H shift +1 | Na,2,1,Na,,"[0, 1, 2, 3, 4, 5, 6, 19, 20, 21, 22, 23, 24, 37, 38, 39, 40, 41, 42, 43, 44, 45, 46, 50, 51, 52, 53, 57, 58]",0.28
C15H15NaO,"{'C': 15, 'O': 1, 'H': 15, 'Na': 1}",234.10205938502,positive,1,PEI,Polyetherimide (Ultem),adduct,break 2 bond(s) | H shift +1 | Na | ; | break 2 bond(s) | H shift +1 | Na,2,1,Na,,"[0, 1, 2, 3, 4, 5, 6, 19, 20, 21, 22, 23, 24, 25, 37, 38, 39, 40, 41, 42, 43, 44, 45, 46, 50, 51, 52, 53, 57, 58]",0.28
C15H15NaO2,"{'C': 15, 'O': 2, 'H': 15, 'Na': 1}",250.09697400459,positive,1,PEI,Polyetherimide (Ultem),adduct,break 2 bond(s) | H shift +1 | Na,2,1,Na,,"[0, 1, 2, 3, 4, 5, 6, 7, 19, 20, 21, 22, 23, 24, 25, 37, 38, 39, 40, 41, 42, 43, 44, 45, 46, 50, 51, 52, 53, 57, 58]",0.28
C15H16O,"{'C': 15, 'H': 16, 'O': 1}",212.12011513525,negative,-1,PEI,Polyetherimide (Ultem),adduct,break 2 bond(s) | H shift +1 | OH | ; | break 2 bond(s) | H shift +2 | O,2,1,OH,,"[0, 1, 2, 3, 4, 5, 6, 19, 20, 21, 22, 23, 24, 37, 38, 39, 40, 41, 42, 43, 44, 45, 46, 50, 51, 52, 53, 57, 58]",0.28
C15H16O2,"{'C': 15, 'O': 2, 'H': 16}",228.11502975482,negative,-1,PEI,Polyetherimide (Ultem),adduct,break 2 bond(s) | H shift +1 | OH | ; | break 2 bond(s) | H shift +2 | O | ; | break 2 bond(s) | H shift +1 | OH,2,1,OH,,"[0, 1, 2, 3, 4, 5, 6, 19, 20, 21, 22, 23, 24, 25, 37, 38, 39, 40, 41, 42, 43, 44, 45, 46, 50, 51, 52, 53, 57, 58]",0.28
C15H16O3,"{'C': 15, 'O': 3, 'H': 16}",244.10994437439,negative,-1,PEI,Polyetherimide (Ultem),adduct,break 2 bond(s) | H shift +1 | OH | ; | break 2 bond(s) | H shift +2 | O,2,1,OH,,"[0, 1, 2, 3, 4, 5, 6, 7, 19, 20, 21, 22, 23, 24, 25, 37, 38, 39, 40, 41, 42, 43, 44, 45, 46, 50, 51, 52, 53, 57, 58]",0.28
C16H11ClO4,"{'C': 16, 'O': 4, 'H': 11, 'Cl': 1}",302.03458651481,negative,-1,PEI,Polyetherimide (Ultem),adduct,break 2 bond(s) | H shift +1 | Cl | ; | break 2 bond(s) | H shift +1 | Cl | ; | break 2 bond(s) | H shift +1 | Cl,2,1,Cl,,"[1, 2, 21, 22, 23, 24, 25, 26, 27, 28, 29, 30, 31, 32, 33, 34, 35, 36, 37, 38, 42, 43, 44, 52, 53, 54, 55, 56, 57, 58]",0.28
C16H11KO4,"{'C': 16, 'O': 4, 'H': 11, 'K': 1}",306.02944031921,positive,1,PEI,Polyetherimide (Ultem),adduct,break 2 bond(s) | H shift +1 | K | ; | break 2 bond(s) | H shift +1 | K | ; | break 2 bond(s) | H shift +1 | K,2,1,K,,"[1, 2, 21, 22, 23, 24, 25, 26, 27, 28, 29, 30, 31, 32, 33, 34, 35, 36, 37, 38, 42, 43, 44, 52, 53, 54, 55, 56, 57, 58]",0.28
C16H11NaO4,"{'C': 16, 'O': 4, 'H': 11, 'Na': 1}",290.05550311481,positive,1,PEI,Polyetherimide (Ultem),adduct,break 2 bond(s) | H shift +1 | Na | ; | break 2 bond(s) | H shift +1 | Na | ; | break 2 bond(s) | H shift +1 | Na,2,1,Na,,"[1, 2, 21, 22, 23, 24, 25, 26, 27, 28, 29, 30, 31, 32, 33, 34, 35, 36, 37, 38, 42, 43, 44, 52, 53, 54, 55, 56, 57, 58]",0.28
C16H12O5,"{'C': 16, 'O': 5, 'H': 12}",284.06847348461,negative,-1,PEI,Polyetherimide (Ultem),adduct,break 2 bond(s) | H shift +1 | OH | ; | break 2 bond(s) | H shift +2 | O | ; | break 2 bond(s) | H shift +1 | OH,2,1,OH,,"[1, 2, 21, 22, 23, 24, 25, 26, 27, 28, 29, 30, 31, 32, 33, 34, 35, 36, 37, 38, 42, 43, 44, 52, 53, 54, 55, 56, 57, 58]",0.28
C16H9ClO4,"{'C': 16, 'O': 4, 'H': 9, 'Cl': 1}",300.01893645035,negative,-1,PEI,Polyetherimide (Ultem),adduct,break 2 bond(s) | H shift -1 | Cl | ; | break 2 bond(s) | H shift -1 | Cl | ; | break 2 bond(s) | H shift -1 | Cl,2,-1,Cl,,"[1, 2, 21, 22, 23, 24, 25, 26, 27, 28, 29, 30, 31, 32, 33, 34, 35, 36, 37, 38, 42, 43, 44, 52, 53, 54, 55, 56, 57, 58]",0.28
C16H9KO4,"{'C': 16, 'O': 4, 'H': 9, 'K': 1}",304.01379025475,positive,1,PEI,Polyetherimide (Ultem),adduct,break 2 bond(s) | H shift -1 | K | ; | break 2 bond(s) | H shift -1 | K | ; | break 2 bond(s) | H shift -1 | K,2,-1,K,,"[1, 2, 21, 22, 23, 24, 25, 26, 27, 28, 29, 30, 31, 32, 33, 34, 35, 36, 37, 38, 42, 43, 44, 52, 53, 54, 55, 56, 57, 58]",0.28
C16H9NaO4,"{'C': 16, 'O': 4, 'H': 9, 'Na': 1}",288.03985305035,positive,1,PEI,Polyetherimide (Ultem),adduct,break 2 bond(s) | H shift -1 | Na | ; | break 2 bond(s) | H shift -1 | Na | ; | break 2 bond(s) | H shift -1 | Na,2,-1,Na,,"[1, 2, 21, 22, 23, 24, 25, 26, 27, 28, 29, 30, 31, 32, 33, 34, 35, 36, 37, 38, 42, 43, 44, 52, 53, 54, 55, 56, 57, 58]",0.28
C16H9O5,"{'C': 16, 'O': 5, 'H': 9}",281.04499838792,negative,-1,PEI,Polyetherimide (Ultem),adduct,break 2 bond(s) | H shift -1 | O | ; | break 2 bond(s) | H shift -2 | OH | ; | break 2 bond(s) | H shift -1 | O,2,-1,O,,"[1, 2, 21, 22, 23, 24, 25, 26, 27, 28, 29, 30, 31, 32, 33, 34, 35, 36, 37, 38, 42, 43, 44, 52, 53, 54, 55, 56, 57, 58]",0.28
C22H13ClO4,"{'C': 22, 'O': 4, 'H': 13, 'Cl': 1}",376.05023657927,negative,-1,PEI,Polyetherimide (Ultem),adduct,break 2 bond(s) | H shift -1 | Cl | ; | break 2 bond(s) | H shift -1 | Cl | ; | break 2 bond(s) | H shift -1 | Cl,2,-1,Cl,,"[1, 2, 3, 4, 5, 6, 19, 20, 21, 22, 23, 24, 25, 26, 27, 28, 29, 30, 31, 32, 33, 34, 35, 36, 37, 38, 42, 43, 44, 45, 46, 50, 51, 52, 53, 54, 55, 56, 57, 58]",0.28
C22H13ClO5,"{'C': 22, 'O': 5, 'H': 13, 'Cl': 1}",392.04515119884,negative,-1,PEI,Polyetherimide (Ultem),adduct,break 2 bond(s) | H shift -1 | Cl | ; | break 2 bond(s) | H shift -1 | Cl | ; | break 2 bond(s) | H shift -1 | Cl,2,-1,Cl,,"[1, 2, 3, 4, 5, 6, 7, 19, 20, 21, 22, 23, 24, 25, 26, 27, 28, 29, 30, 31, 32, 33, 34, 35, 36, 37, 38, 42, 43, 44, 45, 46, 50, 51, 52, 53, 54, 55, 56, 57, 58]",0.28
C22H13KO4,"{'C': 22, 'O': 4, 'H': 13, 'K': 1}",380.04509038367,positive,1,PEI,Polyetherimide (Ultem),adduct,break 2 bond(s) | H shift -1 | K | ; | break 2 bond(s) | H shift -1 | K | ; | break 2 bond(s) | H shift -1 | K,2,-1,K,,"[1, 2, 3, 4, 5, 6, 19, 20, 21, 22, 23, 24, 25, 26, 27, 28, 29, 30, 31, 32, 33, 34, 35, 36, 37, 38, 42, 43, 44, 45, 46, 50, 51, 52, 53, 54, 55, 56, 57, 58]",0.28
C22H13KO5,"{'C': 22, 'O': 5, 'H': 13, 'K': 1}",396.04000500324,positive,1,PEI,Polyetherimide (Ultem),adduct,break 2 bond(s) | H shift -1 | K | ; | break 2 bond(s) | H shift -1 | K | ; | break 2 bond(s) | H shift -1 | K,2,-1,K,,"[1, 2, 3, 4, 5, 6, 7, 19, 20, 21, 22, 23, 24, 25, 26, 27, 28, 29, 30, 31, 32, 33, 34, 35, 36, 37, 38, 42, 43, 44, 45, 46, 50, 51, 52, 53, 54, 55, 56, 57, 58]",0.28
C22H13NaO4,"{'C': 22, 'O': 4, 'H': 13, 'Na': 1}",364.07115317927,positive,1,PEI,Polyetherimide (Ultem),adduct,break 2 bond(s) | H shift -1 | Na | ; | break 2 bond(s) | H shift -1 | Na | ; | break 2 bond(s) | H shift -1 | Na,2,-1,Na,,"[1, 2, 3, 4, 5, 6, 19, 20, 21, 22, 23, 24, 25, 26, 27, 28, 29, 30, 31, 32, 33, 34, 35, 36, 37, 38, 42, 43, 44, 45, 46, 50, 51, 52, 53, 54, 55, 56, 57, 58]",0.28
C22H13NaO5,"{'C': 22, 'O': 5, 'H': 13, 'Na': 1}",380.06606779884,positive,1,PEI,Polyetherimide (Ultem),adduct,break 2 bond(s) | H shift -1 | Na | ; | break 2 bond(s) | H shift -1 | Na | ; | break 2 bond(s) | H shift -1 | Na,2,-1,Na,,"[1, 2, 3, 4, 5, 6, 7, 19, 20, 21, 22, 23, 24, 25, 26, 27, 28, 29, 30, 31, 32, 33, 34, 35, 36, 37, 38, 42, 43, 44, 45, 46, 50, 51, 52, 53, 54, 55, 56, 57, 58]",0.28
C22H13O6,"{'C': 22, 'O': 6, 'H': 13}",373.07121313641,negative,-1,PEI,Polyetherimide (Ultem),adduct,break 2 bond(s) | H shift -1 | O | ; | break 2 bond(s) | H shift -2 | OH | ; | break 2 bond(s) | H shift -1 | O,2,-1,O,,"[1, 2, 3, 4, 5, 6, 7, 19, 20, 21, 22, 23, 24, 25, 26, 27, 28, 29, 30, 31, 32, 33, 34, 35, 36, 37, 38, 42, 43, 44, 45, 46, 50, 51, 52, 53, 54, 55, 56, 57, 58]",0.28
C22H15ClO4,"{'C': 22, 'O': 4, 'H': 15, 'Cl': 1}",378.06588664373,negative,-1,PEI,Polyetherimide (Ultem),adduct,break 2 bond(s) | H shift +1 | Cl | ; | break 2 bond(s) | H shift +1 | Cl | ; | break 2 bond(s) | H shift +1 | Cl,2,1,Cl,,"[1, 2, 3, 4, 5, 6, 19, 20, 21, 22, 23, 24, 25, 26, 27, 28, 29, 30, 31, 32, 33, 34, 35, 36, 37, 38, 42, 43, 44, 45, 46, 50, 51, 52, 53, 54, 55, 56, 57, 58]",0.28
C22H15ClO5,"{'C': 22, 'O': 5, 'H': 15, 'Cl': 1}",394.0608012633,negative,-1,PEI,Polyetherimide (Ultem),adduct,break 2 bond(s) | H shift +1 | Cl | ; | break 2 bond(s) | H shift +1 | Cl | ; | break 2 bond(s) | H shift +1 | Cl,2,1,Cl,,"[1, 2, 3, 4, 5, 6, 7, 19, 20, 21, 22, 23, 24, 25, 26, 27, 28, 29, 30, 31, 32, 33, 34, 35, 36, 37, 38, 42, 43, 44, 45, 46, 50, 51, 52, 53, 54, 55, 56, 57, 58]",0.28
C22H15KO4,"{'C': 22, 'O': 4, 'H': 15, 'K': 1}",382.06074044813,positive,1,PEI,Polyetherimide (Ultem),adduct,break 2 bond(s) | H shift +1 | K | ; | break 2 bond(s) | H shift +1 | K | ; | break 2 bond(s) | H shift +1 | K,2,1,K,,"[1, 2, 3, 4, 5, 6, 19, 20, 21, 22, 23, 24, 25, 26, 27, 28, 29, 30, 31, 32, 33, 34, 35, 36, 37, 38, 42, 43, 44, 45, 46, 50, 51, 52, 53, 54, 55, 56, 57, 58]",0.28
C22H15KO5,"{'C': 22, 'O': 5, 'H': 15, 'K': 1}",398.0556550677,positive,1,PEI,Polyetherimide (Ultem),adduct,break 2 bond(s) | H shift +1 | K | ; | break 2 bond(s) | H shift +1 | K | ; | break 2 bond(s) | H shift +1 | K,2,1,K,,"[1, 2, 3, 4, 5, 6, 7, 19, 20, 21, 22, 23, 24, 25, 26, 27, 28, 29, 30, 31, 32, 33, 34, 35, 36, 37, 38, 42, 43, 44, 45, 46, 50, 51, 52, 53, 54, 55, 56, 57, 58]",0.28
C22H15NaO4,"{'C': 22, 'O': 4, 'H': 15, 'Na': 1}",366.08680324373,positive,1,PEI,Polyetherimide (Ultem),adduct,break 2 bond(s) | H shift +1 | Na | ; | break 2 bond(s) | H shift +1 | Na | ; | break 2 bond(s) | H shift +1 | Na,2,1,Na,,"[1, 2, 3, 4, 5, 6, 19, 20, 21, 22, 23, 24, 25, 26, 27, 28, 29, 30, 31, 32, 33, 34, 35, 36, 37, 38, 42, 43, 44, 45, 46, 50, 51, 52, 53, 54, 55, 56, 57, 58]",0.28
C22H15NaO5,"{'C': 22, 'O': 5, 'H': 15, 'Na': 1}",382.0817178633,positive,1,PEI,Polyetherimide (Ultem),adduct,break 2 bond(s) | H shift +1 | Na | ; | break 2 bond(s) | H shift +1 | Na | ; | break 2 bond(s) | H shift +1 | Na,2,1,Na,,"[1, 2, 3, 4, 5, 6, 7, 19, 20, 21, 22, 23, 24, 25, 26, 27, 28, 29, 30, 31, 32, 33, 34, 35, 36, 37, 38, 42, 43, 44, 45, 46, 50, 51, 52, 53, 54, 55, 56, 57, 58]",0.28
C22H16O5,"{'C': 22, 'O': 5, 'H': 16}",360.09977361353,negative,-1,PEI,Polyetherimide (Ultem),adduct,break 2 bond(s) | H shift +1 | OH | ; | break 2 bond(s) | H shift +2 | O | ; | break 2 bond(s) | H shift +1 | OH,2,1,OH,,"[1, 2, 3, 4, 5, 6, 19, 20, 21, 22, 23, 24, 25, 26, 27, 28, 29, 30, 31, 32, 33, 34, 35, 36, 37, 38, 42, 43, 44, 45, 46, 50, 51, 52, 53, 54, 55, 56, 57, 58]",0.28
C22H16O6,"{'C': 22, 'O': 6, 'H': 16}",376.0946882331,negative,-1,PEI,Polyetherimide (Ultem),adduct,break 2 bond(s) | H shift +1 | OH | ; | break 2 bond(s) | H shift +2 | O | ; | break 2 bond(s) | H shift +1 | OH,2,1,OH,,"[1, 2, 3, 4, 5, 6, 7, 19, 20, 21, 22, 23, 24, 25, 26, 27, 28, 29, 30, 31, 32, 33, 34, 35, 36, 37, 38, 42, 43, 44, 45, 46, 50, 51, 52, 53, 54, 55, 56, 57, 58]",0.28
C29H13ClO8,"{'C': 29, 'O': 8, 'H': 13, 'Cl': 1}",524.02989505755,negative,-1,PEI,Polyetherimide (Ultem),adduct,break 2 bond(s) | H shift -1 | Cl,2,-1,Cl,,"[1, 3, 4, 5, 6, 7, 8, 9, 10, 11, 12, 13, 14, 15, 16, 17, 18, 19, 20, 21, 22, 23, 24, 25, 26, 27, 28, 29, 30, 31, 32, 33, 34, 35, 36, 37, 38, 45, 46, 47, 48, 49, 50, 51, 52, 53, 54, 55, 56, 57, 58]",0.28
C29H13KO8,"{'C': 29, 'O': 8, 'H': 13, 'K': 1}",528.02474886195,positive,1,PEI,Polyetherimide (Ultem),adduct,break 2 bond(s) | H shift -1 | K,2,-1,K,,"[1, 3, 4, 5, 6, 7, 8, 9, 10, 11, 12, 13, 14, 15, 16, 17, 18, 19, 20, 21, 22, 23, 24, 25, 26, 27, 28, 29, 30, 31, 32, 33, 34, 35, 36, 37, 38, 45, 46, 47, 48, 49, 50, 51, 52, 53, 54, 55, 56, 57, 58]",0.28
C29H13NaO8,"{'C': 29, 'O': 8, 'H': 13, 'Na': 1}",512.05081165755,positive,1,PEI,Polyetherimide (Ultem),adduct,break 2 bond(s) | H shift -1 | Na,2,-1,Na,,"[1, 3, 4, 5, 6, 7, 8, 9, 10, 11, 12, 13, 14, 15, 16, 17, 18, 19, 20, 21, 22, 23, 24, 25, 26, 27, 28, 29, 30, 31, 32, 33, 34, 35, 36, 37, 38, 45, 46, 47, 48, 49, 50, 51, 52, 53, 54, 55, 56, 57, 58]",0.28
C29H13O9,"{'C': 29, 'O': 9, 'H': 13}",505.05595699512,negative,-1,PEI,Polyetherimide (Ultem),adduct,break 2 bond(s) | H shift -1 | O,2,-1,O,,"[1, 3, 4, 5, 6, 7, 8, 9, 10, 11, 12, 13, 14, 15, 16, 17, 18, 19, 20, 21, 22, 23, 24, 25, 26, 27, 28, 29, 30, 31, 32, 33, 34, 35, 36, 37, 38, 45, 46, 47, 48, 49, 50, 51, 52, 53, 54, 55, 56, 57, 58]",0.28
C29H15ClO8,"{'C': 29, 'O': 8, 'H': 15, 'Cl': 1}",526.04554512201,negative,-1,PEI,Polyetherimide (Ultem),adduct,break 2 bond(s) | H shift +1 | Cl,2,1,Cl,,"[1, 3, 4, 5, 6, 7, 8, 9, 10, 11, 12, 13, 14, 15, 16, 17, 18, 19, 20, 21, 22, 23, 24, 25, 26, 27, 28, 29, 30, 31, 32, 33, 34, 35, 36, 37, 38, 45, 46, 47, 48, 49, 50, 51, 52, 53, 54, 55, 56, 57, 58]",0.28
C29H15KO8,"{'C': 29, 'O': 8, 'H': 15, 'K': 1}",530.04039892641,positive,1,PEI,Polyetherimide (Ultem),adduct,break 2 bond(s) | H shift +1 | K,2,1,K,,"[1, 3, 4, 5, 6, 7, 8, 9, 10, 11, 12, 13, 14, 15, 16, 17, 18, 19, 20, 21, 22, 23, 24, 25, 26, 27, 28, 29, 30, 31, 32, 33, 34, 35, 36, 37, 38, 45, 46, 47, 48, 49, 50, 51, 52, 53, 54, 55, 56, 57, 58]",0.28
C29H15NaO8,"{'C': 29, 'O': 8, 'H': 15, 'Na': 1}",514.06646172201,positive,1,PEI,Polyetherimide (Ultem),adduct,break 2 bond(s) | H shift +1 | Na,2,1,Na,,"[1, 3, 4, 5, 6, 7, 8, 9, 10, 11, 12, 13, 14, 15, 16, 17, 18, 19, 20, 21, 22, 23, 24, 25, 26, 27, 28, 29, 30, 31, 32, 33, 34, 35, 36, 37, 38, 45, 46, 47, 48, 49, 50, 51, 52, 53, 54, 55, 56, 57, 58]",0.28
C29H16O9,"{'C': 29, 'O': 9, 'H': 16}",508.07943209181,negative,-1,PEI,Polyetherimide (Ultem),adduct,break 2 bond(s) | H shift +1 | OH | ; | break 2 bond(s) | H shift +2 | O,2,1,OH,,"[1, 3, 4, 5, 6, 7, 8, 9, 10, 11, 12, 13, 14, 15, 16, 17, 18, 19, 20, 21, 22, 23, 24, 25, 26, 27, 28, 29, 30, 31, 32, 33, 34, 35, 36, 37, 38, 45, 46, 47, 48, 49, 50, 51, 52, 53, 54, 55, 56, 57, 58]",0.28
C3H5Cl,"{'C': 3, 'H': 5, 'Cl': 1}",76.00797784315,negative,-1,PEI,Polyetherimide (Ultem),adduct,break 2 bond(s) | H shift -1 | Cl,2,-1,Cl,,"[0, 1, 2, 39, 40, 41, 42, 43, 44]",0.28
C3H5K,"{'C': 3, 'H': 5, 'K': 1}",80.00283164755,positive,1,PEI,Polyetherimide (Ultem),adduct,break 2 bond(s) | H shift -1 | K,2,-1,K,,"[0, 1, 2, 39, 40, 41, 42, 43, 44]",0.28
C3H5Na,"{'C': 3, 'H': 5, 'Na': 1}",64.02889444315,positive,1,PEI,Polyetherimide (Ultem),adduct,break 2 bond(s) | H shift -1 | Na,2,-1,Na,,"[0, 1, 2, 39, 40, 41, 42, 43, 44]",0.28
C3H5O,"{'C': 3, 'H': 5, 'O': 1}",57.03403978072,negative,-1,PEI,Polyetherimide (Ultem),adduct,break 2 bond(s) | H shift -1 | O,2,-1,O,,"[0, 1, 2, 39, 40, 41, 42, 43, 44]",0.28
C3H7Cl,"{'C': 3, 'H': 7, 'Cl': 1}",78.02362790760999,negative,-1,PEI,Polyetherimide (Ultem),adduct,break 2 bond(s) | H shift +1 | Cl,2,1,Cl,,"[0, 1, 2, 39, 40, 41, 42, 43, 44]",0.28
C3H7K,"{'C': 3, 'H': 7, 'K': 1}",82.01848171201,positive,1,PEI,Polyetherimide (Ultem),adduct,break 2 bond(s) | H shift +1 | K,2,1,K,,"[0, 1, 2, 39, 40, 41, 42, 43, 44]",0.28
C3H7Na,"{'C': 3, 'H': 7, 'Na': 1}",66.04454450761,positive,1,PEI,Polyetherimide (Ultem),adduct,break 2 bond(s) | H shift +1 | Na,2,1,Na,,"[0, 1, 2, 39, 40, 41, 42, 43, 44]",0.28
C3H8O,"{'C': 3, 'H': 8, 'O': 1}",60.05751487741,negative,-1,PEI,Polyetherimide (Ultem),adduct,break 2 bond(s) | H shift +1 | OH | ; | break 2 bond(s) | H shift +2 | O,2,1,OH,,"[0, 1, 2, 39, 40, 41, 42, 43, 44]",0.28
C6H3Cl,"{'C': 6, 'H': 3, 'Cl': 1}",109.99232777869,negative,-1,PEI,Polyetherimide (Ultem),adduct,break 2 bond(s) | H shift -1 | Cl | ; | break 2 bond(s) | H shift -1 | Cl,2,-1,Cl,,"[3, 4, 5, 6, 19, 20, 45, 46, 50, 51]",0.28
C6H3ClO,"{'C': 6, 'O': 1, 'H': 3, 'Cl': 1}",125.98724239826,negative,-1,PEI,Polyetherimide (Ultem),adduct,break 2 bond(s) | H shift -1 | Cl | ; | break 2 bond(s) | H shift -1 | Cl,2,-1,Cl,,"[3, 4, 5, 6, 7, 19, 20, 45, 46, 50, 51]",0.28
C6H3K,"{'C': 6, 'H': 3, 'K': 1}",113.98718158309,positive,1,PEI,Polyetherimide (Ultem),adduct,break 2 bond(s) | H shift -1 | K | ; | break 2 bond(s) | H shift -1 | K,2,-1,K,,"[3, 4, 5, 6, 19, 20, 45, 46, 50, 51]",0.28
C6H3KO,"{'C': 6, 'O': 1, 'H': 3, 'K': 1}",129.98209620266,positive,1,PEI,Polyetherimide (Ultem),adduct,break 2 bond(s) | H shift -1 | K | ; | break 2 bond(s) | H shift -1 | K,2,-1,K,,"[3, 4, 5, 6, 7, 19, 20, 45, 46, 50, 51]",0.28
C6H3Na,"{'C': 6, 'H': 3, 'Na': 1}",98.01324437869,positive,1,PEI,Polyetherimide (Ultem),adduct,break 2 bond(s) | H shift -1 | Na | ; | break 2 bond(s) | H shift -1 | Na,2,-1,Na,,"[3, 4, 5, 6, 19, 20, 45, 46, 50, 51]",0.28
C6H3NaO,"{'C': 6, 'O': 1, 'H': 3, 'Na': 1}",114.00815899826,positive,1,PEI,Polyetherimide (Ultem),adduct,break 2 bond(s) | H shift -1 | Na | ; | break 2 bond(s) | H shift -1 | Na,2,-1,Na,,"[3, 4, 5, 6, 7, 19, 20, 45, 46, 50, 51]",0.28
C6H3O2,"{'C': 6, 'O': 2, 'H': 3}",107.01330433583,negative,-1,PEI,Polyetherimide (Ultem),adduct,break 2 bond(s) | H shift -1 | O | ; | break 2 bond(s) | H shift -2 | OH | ; | break 2 bond(s) | H shift -1 | O,2,-1,O,,"[3, 4, 5, 6, 7, 19, 20, 45, 46, 50, 51]",0.28
C6H5Cl,"{'C': 6, 'H': 5, 'Cl': 1}",112.00797784315,negative,-1,PEI,Polyetherimide (Ultem),adduct,break 2 bond(s) | H shift +1 | Cl | ; | break 2 bond(s) | H shift +1 | Cl,2,1,Cl,,"[3, 4, 5, 6, 19, 20, 45, 46, 50, 51]",0.28
C6H5ClO,"{'C': 6, 'O': 1, 'H': 5, 'Cl': 1}",128.00289246272,negative,-1,PEI,Polyetherimide (Ultem),adduct,break 2 bond(s) | H shift +1 | Cl | ; | break 2 bond(s) | H shift +1 | Cl,2,1,Cl,,"[3, 4, 5, 6, 7, 19, 20, 45, 46, 50, 51]",0.28
C6H5K,"{'C': 6, 'H': 5, 'K': 1}",116.00283164755,positive,1,PEI,Polyetherimide (Ultem),adduct,break 2 bond(s) | H shift +1 | K | ; | break 2 bond(s) | H shift +1 | K,2,1,K,,"[3, 4, 5, 6, 19, 20, 45, 46, 50, 51]",0.28
C6H5KO,"{'C': 6, 'O': 1, 'H': 5, 'K': 1}",131.99774626712,positive,1,PEI,Polyetherimide (Ultem),adduct,break 2 bond(s) | H shift +1 | K | ; | break 2 bond(s) | H shift +1 | K,2,1,K,,"[3, 4, 5, 6, 7, 19, 20, 45, 46, 50, 51]",0.28
C6H5Na,"{'C': 6, 'H': 5, 'Na': 1}",100.02889444315,positive,1,PEI,Polyetherimide (Ultem),adduct,break 2 bond(s) | H shift +1 | Na | ; | break 2 bond(s) | H shift +1 | Na,2,1,Na,,"[3, 4, 5, 6, 19, 20, 45, 46, 50, 51]",0.28
C6H5NaO,"{'C': 6, 'O': 1, 'H': 5, 'Na': 1}",116.02380906272,positive,1,PEI,Polyetherimide (Ultem),adduct,break 2 bond(s) | H shift +1 | Na | ; | break 2 bond(s) | H shift +1 | Na,2,1,Na,,"[3, 4, 5, 6, 7, 19, 20, 45, 46, 50, 51]",0.28
C6H6O,"{'C': 6, 'H': 6, 'O': 1}",94.04186481295,negative,-1,PEI,Polyetherimide (Ultem),adduct,break 2 bond(s) | H shift +1 | OH | ; | break 2 bond(s) | H shift +2 | O | ; | break 2 bond(s) | H shift +1 | OH,2,1,OH,,"[3, 4, 5, 6, 19, 20, 45, 46, 50, 51]",0.28
C6H6O2,"{'C': 6, 'O': 2, 'H': 6}",110.03677943252,negative,-1,PEI,Polyetherimide (Ultem),adduct,break 2 bond(s) | H shift +1 | OH | ; | break 2 bond(s) | H shift +2 | O | ; | break 2 bond(s) | H shift +1 | OH,2,1,OH,,"[3, 4, 5, 6, 7, 19, 20, 45, 46, 50, 51]",0.28
C9H11Cl,"{'C': 9, 'H': 11, 'Cl': 1}",154.05492803653,negative,-1,PEI,Polyetherimide (Ultem),adduct,break 2 bond(s) | H shift +1 | Cl | ; | break 2 bond(s) | H shift +1 | Cl,2,1,Cl,,"[0, 1, 2, 21, 22, 23, 24, 37, 38, 39, 40, 41, 42, 43, 44, 52, 53, 57, 58]",0.28
C9H11ClO,"{'C': 9, 'O': 1, 'H': 11, 'Cl': 1}",170.0498426561,negative,-1,PEI,Polyetherimide (Ultem),adduct,break 2 bond(s) | H shift +1 | Cl | ; | break 2 bond(s) | H shift +1 | Cl,2,1,Cl,,"[0, 1, 2, 21, 22, 23, 24, 25, 37, 38, 39, 40, 41, 42, 43, 44, 52, 53, 57, 58]",0.28
C9H11K,"{'C': 9, 'H': 11, 'K': 1}",158.04978184093,positive,1,PEI,Polyetherimide (Ultem),adduct,break 2 bond(s) | H shift +1 | K | ; | break 2 bond(s) | H shift +1 | K,2,1,K,,"[0, 1, 2, 21, 22, 23, 24, 37, 38, 39, 40, 41, 42, 43, 44, 52, 53, 57, 58]",0.28
C9H11KO,"{'C': 9, 'O': 1, 'H': 11, 'K': 1}",174.0446964605,positive,1,PEI,Polyetherimide (Ultem),adduct,break 2 bond(s) | H shift +1 | K | ; | break 2 bond(s) | H shift +1 | K,2,1,K,,"[0, 1, 2, 21, 22, 23, 24, 25, 37, 38, 39, 40, 41, 42, 43, 44, 52, 53, 57, 58]",0.28
C9H11Na,"{'C': 9, 'H': 11, 'Na': 1}",142.07584463653,positive,1,PEI,Polyetherimide (Ultem),adduct,break 2 bond(s) | H shift +1 | Na | ; | break 2 bond(s) | H shift +1 | Na,2,1,Na,,"[0, 1, 2, 21, 22, 23, 24, 37, 38, 39, 40, 41, 42, 43, 44, 52, 53, 57, 58]",0.28
C9H11NaO,"{'C': 9, 'O': 1, 'H': 11, 'Na': 1}",158.0707592561,positive,1,PEI,Polyetherimide (Ultem),adduct,break 2 bond(s) | H shift +1 | Na | ; | break 2 bond(s) | H shift +1 | Na,2,1,Na,,"[0, 1, 2, 21, 22, 23, 24, 25, 37, 38, 39, 40, 41, 42, 43, 44, 52, 53, 57, 58]",0.28
C9H12O,"{'C': 9, 'H': 12, 'O': 1}",136.08881500633,negative,-1,PEI,Polyetherimide (Ultem),adduct,break 2 bond(s) | H shift +1 | OH | ; | break 2 bond(s) | H shift +2 | O | ; | break 2 bond(s) | H shift +1 | OH,2,1,OH,,"[0, 1, 2, 21, 22, 23, 24, 37, 38, 39, 40, 41, 42, 43, 44, 52, 53, 57, 58]",0.28
C9H12O2,"{'C': 9, 'O': 2, 'H': 12}",152.0837296259,negative,-1,PEI,Polyetherimide (Ultem),adduct,break 2 bond(s) | H shift +1 | OH | ; | break 2 bond(s) | H shift +2 | O | ; | break 2 bond(s) | H shift +1 | OH,2,1,OH,,"[0, 1, 2, 21, 22, 23, 24, 25, 37, 38, 39, 40, 41, 42, 43, 44, 52, 53, 57, 58]",0.28
C9H9Cl,"{'C': 9, 'H': 9, 'Cl': 1}",152.03927797207,negative,-1,PEI,Polyetherimide (Ultem),adduct,break 2 bond(s) | H shift -1 | Cl | ; | break 2 bond(s) | H shift -1 | Cl,2,-1,Cl,,"[0, 1, 2, 21, 22, 23, 24, 37, 38, 39, 40, 41, 42, 43, 44, 52, 53, 57, 58]",0.28
C9H9ClO,"{'C': 9, 'O': 1, 'H': 9, 'Cl': 1}",168.03419259164,negative,-1,PEI,Polyetherimide (Ultem),adduct,break 2 bond(s) | H shift -1 | Cl | ; | break 2 bond(s) | H shift -1 | Cl,2,-1,Cl,,"[0, 1, 2, 21, 22, 23, 24, 25, 37, 38, 39, 40, 41, 42, 43, 44, 52, 53, 57, 58]",0.28
C9H9K,"{'C': 9, 'H': 9, 'K': 1}",156.03413177647,positive,1,PEI,Polyetherimide (Ultem),adduct,break 2 bond(s) | H shift -1 | K | ; | break 2 bond(s) | H shift -1 | K,2,-1,K,,"[0, 1, 2, 21, 22, 23, 24, 37, 38, 39, 40, 41, 42, 43, 44, 52, 53, 57, 58]",0.28
C9H9KO,"{'C': 9, 'O': 1, 'H': 9, 'K': 1}",172.02904639604,positive,1,PEI,Polyetherimide (Ultem),adduct,break 2 bond(s) | H shift -1 | K | ; | break 2 bond(s) | H shift -1 | K,2,-1,K,,"[0, 1, 2, 21, 22, 23, 24, 25, 37, 38, 39, 40, 41, 42, 43, 44, 52, 53, 57, 58]",0.28
C9H9Na,"{'C': 9, 'H': 9, 'Na': 1}",140.06019457207,positive,1,PEI,Polyetherimide (Ultem),adduct,break 2 bond(s) | H shift -1 | Na | ; | break 2 bond(s) | H shift -1 | Na,2,-1,Na,,"[0, 1, 2, 21, 22, 23, 24, 37, 38, 39, 40, 41, 42, 43, 44, 52, 53, 57, 58]",0.28
C9H9NaO,"{'C': 9, 'O': 1, 'H': 9, 'Na': 1}",156.05510919164,positive,1,PEI,Polyetherimide (Ultem),adduct,break 2 bond(s) | H shift -1 | Na | ; | break 2 bond(s) | H shift -1 | Na,2,-1,Na,,"[0, 1, 2, 21, 22, 23, 24, 25, 37, 38, 39, 40, 41, 42, 43, 44, 52, 53, 57, 58]",0.28
C9H9O2,"{'C': 9, 'O': 2, 'H': 9}",149.06025452921,negative,-1,PEI,Polyetherimide (Ultem),adduct,break 2 bond(s) | H shift -1 | O | ; | break 2 bond(s) | H shift -2 | OH | ; | break 2 bond(s) | H shift -1 | O,2,-1,O,,"[0, 1, 2, 21, 22, 23, 24, 25, 37, 38, 39, 40, 41, 42, 43, 44, 52, 53, 57, 58]",0.28
C14H13O2,"{'C': 14, 'O': 2, 'H': 13}",213.09155465813,neutral,0,PEI,Polyetherimide (Ultem),neutral_loss,break 2 bond(s) | H shift +2 | -CH3,2,2,,CH3,"[0, 1, 2, 3, 4, 5, 6, 7, 19, 20, 21, 22, 23, 24, 25, 37, 38, 39, 40, 41, 42, 43, 44, 45, 46, 50, 51, 52, 53, 57, 58]",0.24999999999999997
C14H16,"{'C': 14, 'H': 16}",184.12520051568,neutral,0,PEI,Polyetherimide (Ultem),neutral_loss,break 2 bond(s) | H shift +2 | -CO | ; | break 2 bond(s) | H shift +2 | -CO | ; | break 2 bond(s) | H shift +2 | -CO2,2,2,,CO,"[0, 1, 2, 3, 4, 5, 6, 19, 20, 21, 22, 23, 24, 25, 37, 38, 39, 40, 41, 42, 43, 44, 45, 46, 50, 51, 52, 53, 57, 58]",0.24999999999999997
C14H16O,"{'C': 14, 'O': 1, 'H': 16}",200.12011513525,neutral,0,PEI,Polyetherimide (Ultem),neutral_loss,break 2 bond(s) | H shift +2 | -CO,2,2,,CO,"[0, 1, 2, 3, 4, 5, 6, 7, 19, 20, 21, 22, 23, 24, 25, 37, 38, 39, 40, 41, 42, 43, 44, 45, 46, 50, 51, 52, 53, 57, 58]",0.24999999999999997
C14H9,"{'C': 14, 'H': 9}",177.07042529007,neutral,0,PEI,Polyetherimide (Ultem),neutral_loss,break 2 bond(s) | H shift -2 | -CH3,2,-2,,CH3,"[0, 1, 2, 3, 4, 5, 6, 19, 20, 21, 22, 23, 24, 37, 38, 39, 40, 41, 42, 43, 44, 45, 46, 50, 51, 52, 53, 57, 58]",0.24999999999999997
C14H9O,"{'C': 14, 'O': 1, 'H': 9}",193.06533990964,neutral,0,PEI,Polyetherimide (Ultem),neutral_loss,break 2 bond(s) | H shift -2 | -CH3 | ; | break 2 bond(s) | H shift -2 | -CH3,2,-2,,CH3,"[0, 1, 2, 3, 4, 5, 6, 19, 20, 21, 22, 23, 24, 25, 37, 38, 39, 40, 41, 42, 43, 44, 45, 46, 50, 51, 52, 53, 57, 58]",0.24999999999999997
C14H9O2,"{'C': 14, 'O': 2, 'H': 9}",209.06025452921,neutral,0,PEI,Polyetherimide (Ultem),neutral_loss,break 2 bond(s) | H shift -2 | -CH3,2,-2,,CH3,"[0, 1, 2, 3, 4, 5, 6, 7, 19, 20, 21, 22, 23, 24, 25, 37, 38, 39, 40, 41, 42, 43, 44, 45, 46, 50, 51, 52, 53, 57, 58]",0.24999999999999997
C15H10,"{'C': 15, 'H': 10}",190.0782503223,neutral,0,PEI,Polyetherimide (Ultem),neutral_loss,break 2 bond(s) | H shift -2 | -H2 | ; | break 2 bond(s) | H shift -2 | -H2O | ; | break 2 bond(s) | H shift -2 | -H2O,2,-2,,H2,"[0, 1, 2, 3, 4, 5, 6, 19, 20, 21, 22, 23, 24, 37, 38, 39, 40, 41, 42, 43, 44, 45, 46, 50, 51, 52, 53, 57, 58]",0.24999999999999997
C15H10O,"{'C': 15, 'O': 1, 'H': 10}",206.07316494187,neutral,0,PEI,Polyetherimide (Ultem),neutral_loss,break 2 bond(s) | H shift -2 | -H2 | ; | break 2 bond(s) | H shift -2 | -H2 | ; | break 2 bond(s) | H shift -2 | -H2O,2,-2,,H2,"[0, 1, 2, 3, 4, 5, 6, 19, 20, 21, 22, 23, 24, 25, 37, 38, 39, 40, 41, 42, 43, 44, 45, 46, 50, 51, 52, 53, 57, 58]",0.24999999999999997
C15H12O3,"{'C': 15, 'O': 3, 'H': 12}",240.07864424547,neutral,0,PEI,Polyetherimide (Ultem),neutral_loss,break 2 bond(s) | H shift +2 | -CO | ; | break 2 bond(s) | H shift +2 | -CO | ; | break 2 bond(s) | H shift +2 | -CO,2,2,,CO,"[1, 2, 21, 22, 23, 24, 25, 26, 27, 28, 29, 30, 31, 32, 33, 34, 35, 36, 37, 38, 42, 43, 44, 52, 53, 54, 55, 56, 57, 58]",0.24999999999999997
C15H14O2,"{'C': 15, 'O': 2, 'H': 14}",226.09937969036,neutral,0,PEI,Polyetherimide (Ultem),neutral_loss,break 2 bond(s) | H shift +2 | -H2,2,2,,H2,"[0, 1, 2, 3, 4, 5, 6, 7, 19, 20, 21, 22, 23, 24, 25, 37, 38, 39, 40, 41, 42, 43, 44, 45, 46, 50, 51, 52, 53, 57, 58]",0.24999999999999997
C15H15,"{'C': 15, 'H': 15}",195.11737548345,neutral,0,PEI,Polyetherimide (Ultem),neutral_loss,break 2 bond(s) | H shift +2 | -OH | ; | break 2 bond(s) | H shift +2 | -OH,2,2,,OH,"[0, 1, 2, 3, 4, 5, 6, 19, 20, 21, 22, 23, 24, 25, 37, 38, 39, 40, 41, 42, 43, 44, 45, 46, 50, 51, 52, 53, 57, 58]",0.24999999999999997
C15H15O,"{'C': 15, 'O': 1, 'H': 15}",211.11229010302,neutral,0,PEI,Polyetherimide (Ultem),neutral_loss,break 2 bond(s) | H shift +2 | -OH,2,2,,OH,"[0, 1, 2, 3, 4, 5, 6, 7, 19, 20, 21, 22, 23, 24, 25, 37, 38, 39, 40, 41, 42, 43, 44, 45, 46, 50, 51, 52, 53, 57, 58]",0.24999999999999997
C15H5O4,"{'C': 15, 'O': 4, 'H': 5}",249.01878363943,neutral,0,PEI,Polyetherimide (Ultem),neutral_loss,break 2 bond(s) | H shift -2 | -CH3 | ; | break 2 bond(s) | H shift -2 | -CH3 | ; | break 2 bond(s) | H shift -2 | -CH3,2,-2,,CH3,"[1, 2, 21, 22, 23, 24, 25, 26, 27, 28, 29, 30, 31, 32, 33, 34, 35, 36, 37, 38, 42, 43, 44, 52, 53, 54, 55, 56, 57, 58]",0.24999999999999997
C15H8O2,"{'C': 15, 'O': 2, 'H': 8}",220.05242949698,neutral,0,PEI,Polyetherimide (Ultem),neutral_loss,break 2 bond(s) | H shift -2 | -CO2 | ; | break 2 bond(s) | H shift -2 | -CO2 | ; | break 2 bond(s) | H shift -2 | -CO2,2,-2,,CO2,"[1, 2, 21, 22, 23, 24, 25, 26, 27, 28, 29, 30, 31, 32, 33, 34, 35, 36, 37, 38, 42, 43, 44, 52, 53, 54, 55, 56, 57, 58]",0.24999999999999997
C15H8O3,"{'C': 15, 'O': 3, 'H': 8}",236.04734411655,neutral,0,PEI,Polyetherimide (Ultem),neutral_loss,break 2 bond(s) | H shift -2 | -CO | ; | break 2 bond(s) | H shift -2 | -CO | ; | break 2 bond(s) | H shift -2 | -CO,2,-2,,CO,"[1, 2, 21, 22, 23, 24, 25, 26, 27, 28, 29, 30, 31, 32, 33, 34, 35, 36, 37, 38, 42, 43, 44, 52, 53, 54, 55, 56, 57, 58]",0.24999999999999997
C15H9O4,"{'C': 15, 'O': 4, 'H': 9}",253.05008376835,neutral,0,PEI,Polyetherimide (Ultem),neutral_loss,break 2 bond(s) | H shift +2 | -CH3 | ; | break 2 bond(s) | H shift +2 | -CH3 | ; | break 2 bond(s) | H shift +2 | -CH3,2,2,,CH3,"[1, 2, 21, 22, 23, 24, 25, 26, 27, 28, 29, 30, 31, 32, 33, 34, 35, 36, 37, 38, 42, 43, 44, 52, 53, 54, 55, 56, 57, 58]",0.24999999999999997
C16H6O3,"{'C': 16, 'O': 3, 'H': 6}",246.03169405209002,neutral,0,PEI,Polyetherimide (Ultem),neutral_loss,break 2 bond(s) | H shift -2 | -H2O | ; | break 2 bond(s) | H shift -2 | -H2O | ; | break 2 bond(s) | H shift -2 | -H2O,2,-2,,H2O,"[1, 2, 21, 22, 23, 24, 25, 26, 27, 28, 29, 30, 31, 32, 33, 34, 35, 36, 37, 38, 42, 43, 44, 52, 53, 54, 55, 56, 57, 58]",0.24999999999999997
C16H6O4,"{'C': 16, 'O': 4, 'H': 6}",262.02660867166003,neutral,0,PEI,Polyetherimide (Ultem),neutral_loss,break 2 bond(s) | H shift -2 | -H2 | ; | break 2 bond(s) | H shift -2 | -H2 | ; | break 2 bond(s) | H shift -2 | -H2,2,-2,,H2,"[1, 2, 21, 22, 23, 24, 25, 26, 27, 28, 29, 30, 31, 32, 33, 34, 35, 36, 37, 38, 42, 43, 44, 52, 53, 54, 55, 56, 57, 58]",0.24999999999999997
C21H12O2,"{'C': 21, 'O': 2, 'H': 12}",296.0837296259,neutral,0,PEI,Polyetherimide (Ultem),neutral_loss,break 2 bond(s) | H shift -2 | -CO2 | ; | break 2 bond(s) | H shift -2 | -CO2 | ; | break 2 bond(s) | H shift -2 | -CO2,2,-2,,CO2,"[1, 2, 3, 4, 5, 6, 19, 20, 21, 22, 23, 24, 25, 26, 27, 28, 29, 30, 31, 32, 33, 34, 35, 36, 37, 38, 42, 43, 44, 45, 46, 50, 51, 52, 53, 54, 55, 56, 57, 58]",0.24999999999999997
C21H12O3,"{'C': 21, 'O': 3, 'H': 12}",312.07864424547,neutral,0,PEI,Polyetherimide (Ultem),neutral_loss,break 2 bond(s) | H shift -2 | -CO | ; | break 2 bond(s) | H shift -2 | -CO2 | ; | break 2 bond(s) | H shift -2 | -CO,2,-2,,CO,"[1, 2, 3, 4, 5, 6, 19, 20, 21, 22, 23, 24, 25, 26, 27, 28, 29, 30, 31, 32, 33, 34, 35, 36, 37, 38, 42, 43, 44, 45, 46, 50, 51, 52, 53, 54, 55, 56, 57, 58]",0.24999999999999997
C21H13O5,"{'C': 21, 'O': 5, 'H': 13}",345.07629851684,neutral,0,PEI,Polyetherimide (Ultem),neutral_loss,break 2 bond(s) | H shift +2 | -CH3 | ; | break 2 bond(s) | H shift +2 | -CH3 | ; | break 2 bond(s) | H shift +2 | -CH3,2,2,,CH3,"[1, 2, 3, 4, 5, 6, 7, 19, 20, 21, 22, 23, 24, 25, 26, 27, 28, 29, 30, 31, 32, 33, 34, 35, 36, 37, 38, 42, 43, 44, 45, 46, 50, 51, 52, 53, 54, 55, 56, 57, 58]",0.24999999999999997
C21H16O2,"{'C': 21, 'O': 2, 'H': 16}",300.11502975482,neutral,0,PEI,Polyetherimide (Ultem),neutral_loss,break 2 bond(s) | H shift +2 | -CO2 | ; | break 2 bond(s) | H shift +2 | -CO2 | ; | break 2 bond(s) | H shift +2 | -CO2,2,2,,CO2,"[1, 2, 3, 4, 5, 6, 19, 20, 21, 22, 23, 24, 25, 26, 27, 28, 29, 30, 31, 32, 33, 34, 35, 36, 37, 38, 42, 43, 44, 45, 46, 50, 51, 52, 53, 54, 55, 56, 57, 58]",0.24999999999999997
C21H16O3,"{'C': 21, 'O': 3, 'H': 16}",316.10994437439,neutral,0,PEI,Polyetherimide (Ultem),neutral_loss,break 2 bond(s) | H shift +2 | -CO | ; | break 2 bond(s) | H shift +2 | -CO2 | ; | break 2 bond(s) | H shift +2 | -CO,2,2,,CO,"[1, 2, 3, 4, 5, 6, 19, 20, 21, 22, 23, 24, 25, 26, 27, 28, 29, 30, 31, 32, 33, 34, 35, 36, 37, 38, 42, 43, 44, 45, 46, 50, 51, 52, 53, 54, 55, 56, 57, 58]",0.24999999999999997
C21H16O4,"{'C': 21, 'O': 4, 'H': 16}",332.10485899396,neutral,0,PEI,Polyetherimide (Ultem),neutral_loss,break 2 bond(s) | H shift +2 | -CO | ; | break 2 bond(s) | H shift +2 | -CO | ; | break 2 bond(s) | H shift +2 | -CO,2,2,,CO,"[1, 2, 3, 4, 5, 6, 7, 19, 20, 21, 22, 23, 24, 25, 26, 27, 28, 29, 30, 31, 32, 33, 34, 35, 36, 37, 38, 42, 43, 44, 45, 46, 50, 51, 52, 53, 54, 55, 56, 57, 58]",0.24999999999999997
C21H9O4,"{'C': 21, 'O': 4, 'H': 9}",325.05008376835,neutral,0,PEI,Polyetherimide (Ultem),neutral_loss,break 2 bond(s) | H shift -2 | -CH3 | ; | break 2 bond(s) | H shift -2 | -CH3 | ; | break 2 bond(s) | H shift -2 | -CH3,2,-2,,CH3,"[1, 2, 3, 4, 5, 6, 19, 20, 21, 22, 23, 24, 25, 26, 27, 28, 29, 30, 31, 32, 33, 34, 35, 36, 37, 38, 42, 43, 44, 45, 46, 50, 51, 52, 53, 54, 55, 56, 57, 58]",0.24999999999999997
C21H9O5,"{'C': 21, 'O': 5, 'H': 9}",341.04499838792,neutral,0,PEI,Polyetherimide (Ultem),neutral_loss,break 2 bond(s) | H shift -2 | -CH3 | ; | break 2 bond(s) | H shift -2 | -CH3 | ; | break 2 bond(s) | H shift -2 | -CH3,2,-2,,CH3,"[1, 2, 3, 4, 5, 6, 7, 19, 20, 21, 22, 23, 24, 25, 26, 27, 28, 29, 30, 31, 32, 33, 34, 35, 36, 37, 38, 42, 43, 44, 45, 46, 50, 51, 52, 53, 54, 55, 56, 57, 58]",0.24999999999999997
C22H10O3,"{'C': 22, 'O': 3, 'H': 10}",322.06299418101,neutral,0,PEI,Polyetherimide (Ultem),neutral_loss,break 2 bond(s) | H shift -2 | -H2O | ; | break 2 bond(s) | H shift -2 | -H2O | ; | break 2 bond(s) | H shift -2 | -H2O,2,-2,,H2O,"[1, 2, 3, 4, 5, 6, 19, 20, 21, 22, 23, 24, 25, 26, 27, 28, 29, 30, 31, 32, 33, 34, 35, 36, 37, 38, 42, 43, 44, 45, 46, 50, 51, 52, 53, 54, 55, 56, 57, 58]",0.24999999999999997
C22H10O4,"{'C': 22, 'O': 4, 'H': 10}",338.05790880058,neutral,0,PEI,Polyetherimide (Ultem),neutral_loss,break 2 bond(s) | H shift -2 | -H2 | ; | break 2 bond(s) | H shift -2 | -H2O | ; | break 2 bond(s) | H shift -2 | -H2,2,-2,,H2,"[1, 2, 3, 4, 5, 6, 19, 20, 21, 22, 23, 24, 25, 26, 27, 28, 29, 30, 31, 32, 33, 34, 35, 36, 37, 38, 42, 43, 44, 45, 46, 50, 51, 52, 53, 54, 55, 56, 57, 58]",0.24999999999999997
C22H10O5,"{'C': 22, 'O': 5, 'H': 10}",354.05282342015,neutral,0,PEI,Polyetherimide (Ultem),neutral_loss,break 2 bond(s) | H shift -2 | -H2 | ; | break 2 bond(s) | H shift -2 | -H2 | ; | break 2 bond(s) | H shift -2 | -H2,2,-2,,H2,"[1, 2, 3, 4, 5, 6, 7, 19, 20, 21, 22, 23, 24, 25, 26, 27, 28, 29, 30, 31, 32, 33, 34, 35, 36, 37, 38, 42, 43, 44, 45, 46, 50, 51, 52, 53, 54, 55, 56, 57, 58]",0.24999999999999997
C28H12O6,"{'C': 28, 'O': 6, 'H': 12}",444.06338810418004,neutral,0,PEI,Polyetherimide (Ultem),neutral_loss,break 2 bond(s) | H shift -2 | -CO2,2,-2,,CO2,"[1, 3, 4, 5, 6, 7, 8, 9, 10, 11, 12, 13, 14, 15, 16, 17, 18, 19, 20, 21, 22, 23, 24, 25, 26, 27, 28, 29, 30, 31, 32, 33, 34, 35, 36, 37, 38, 45, 46, 47, 48, 49, 50, 51, 52, 53, 54, 55, 56, 57, 58]",0.24999999999999997
C28H12O7,"{'C': 28, 'O': 7, 'H': 12}",460.05830272375,neutral,0,PEI,Polyetherimide (Ultem),neutral_loss,break 2 bond(s) | H shift -2 | -CO,2,-2,,CO,"[1, 3, 4, 5, 6, 7, 8, 9, 10, 11, 12, 13, 14, 15, 16, 17, 18, 19, 20, 21, 22, 23, 24, 25, 26, 27, 28, 29, 30, 31, 32, 33, 34, 35, 36, 37, 38, 45, 46, 47, 48, 49, 50, 51, 52, 53, 54, 55, 56, 57, 58]",0.24999999999999997
C28H13O8,"{'C': 28, 'O': 8, 'H': 13}",477.06104237555,neutral,0,PEI,Polyetherimide (Ultem),neutral_loss,break 2 bond(s) | H shift +2 | -CH3,2,2,,CH3,"[1, 3, 4, 5, 6, 7, 8, 9, 10, 11, 12, 13, 14, 15, 16, 17, 18, 19, 20, 21, 22, 23, 24, 25, 26, 27, 28, 29, 30, 31, 32, 33, 34, 35, 36, 37, 38, 45, 46, 47, 48, 49, 50, 51, 52, 53, 54, 55, 56, 57, 58]",0.24999999999999997
C28H16O6,"{'C': 28, 'O': 6, 'H': 16}",448.0946882331,neutral,0,PEI,Polyetherimide (Ultem),neutral_loss,break 2 bond(s) | H shift +2 | -CO2,2,2,,CO2,"[1, 3, 4, 5, 6, 7, 8, 9, 10, 11, 12, 13, 14, 15, 16, 17, 18, 19, 20, 21, 22, 23, 24, 25, 26, 27, 28, 29, 30, 31, 32, 33, 34, 35, 36, 37, 38, 45, 46, 47, 48, 49, 50, 51, 52, 53, 54, 55, 56, 57, 58]",0.24999999999999997
C28H16O7,"{'C': 28, 'O': 7, 'H': 16}",464.08960285267,neutral,0,PEI,Polyetherimide (Ultem),neutral_loss,break 2 bond(s) | H shift +2 | -CO,2,2,,CO,"[1, 3, 4, 5, 6, 7, 8, 9, 10, 11, 12, 13, 14, 15, 16, 17, 18, 19, 20, 21, 22, 23, 24, 25, 26, 27, 28, 29, 30, 31, 32, 33, 34, 35, 36, 37, 38, 45, 46, 47, 48, 49, 50, 51, 52, 53, 54, 55, 56, 57, 58]",0.24999999999999997
C28H9O8,"{'C': 28, 'O': 8, 'H': 9}",473.02974224663,neutral,0,PEI,Polyetherimide (Ultem),neutral_loss,break 2 bond(s) | H shift -2 | -CH3,2,-2,,CH3,"[1, 3, 4, 5, 6, 7, 8, 9, 10, 11, 12, 13, 14, 15, 16, 17, 18, 19, 20, 21, 22, 23, 24, 25, 26, 27, 28, 29, 30, 31, 32, 33, 34, 35, 36, 37, 38, 45, 46, 47, 48, 49, 50, 51, 52, 53, 54, 55, 56, 57, 58]",0.24999999999999997
C29H10O7,"{'C': 29, 'O': 7, 'H': 10}",470.04265265929,neutral,0,PEI,Polyetherimide (Ultem),neutral_loss,break 2 bond(s) | H shift -2 | -H2O,2,-2,,H2O,"[1, 3, 4, 5, 6, 7, 8, 9, 10, 11, 12, 13, 14, 15, 16, 17, 18, 19, 20, 21, 22, 23, 24, 25, 26, 27, 28, 29, 30, 31, 32, 33, 34, 35, 36, 37, 38, 45, 46, 47, 48, 49, 50, 51, 52, 53, 54, 55, 56, 57, 58]",0.24999999999999997
C29H10O8,"{'C': 29, 'O': 8, 'H': 10}",486.03756727886,neutral,0,PEI,Polyetherimide (Ultem),neutral_loss,break 2 bond(s) | H shift -2 | -H2,2,-2,,H2,"[1, 3, 4, 5, 6, 7, 8, 9, 10, 11, 12, 13, 14, 15, 16, 17, 18, 19, 20, 21, 22, 23, 24, 25, 26, 27, 28, 29, 30, 31, 32, 33, 34, 35, 36, 37, 38, 45, 46, 47, 48, 49, 50, 51, 52, 53, 54, 55, 56, 57, 58]",0.24999999999999997
C2H,"{'C': 2, 'H': 1}",25.00782503223,neutral,0,PEI,Polyetherimide (Ultem),neutral_loss,break 2 bond(s) | H shift -2 | -CH3,2,-2,,CH3,"[0, 1, 2, 39, 40, 41, 42, 43, 44]",0.24999999999999997
C2H5,"{'C': 2, 'H': 5}",29.03912516115,neutral,0,PEI,Polyetherimide (Ultem),neutral_loss,break 2 bond(s) | H shift +2 | -CH3,2,2,,CH3,"[0, 1, 2, 39, 40, 41, 42, 43, 44]",0.24999999999999997
C3H2,"{'C': 3, 'H': 2}",38.01565006446,neutral,0,PEI,Polyetherimide (Ultem),neutral_loss,break 2 bond(s) | H shift -2 | -H2,2,-2,,H2,"[0, 1, 2, 39, 40, 41, 42, 43, 44]",0.24999999999999997
C3H6,"{'C': 3, 'H': 6}",42.04695019338,neutral,0,PEI,Polyetherimide (Ultem),neutral_loss,break 2 bond(s) | H shift +2 | -H2,2,2,,H2,"[0, 1, 2, 39, 40, 41, 42, 43, 44]",0.24999999999999997
C5H3O,"{'C': 5, 'O': 1, 'H': 3}",79.01838971626,neutral,0,PEI,Polyetherimide (Ultem),neutral_loss,break 2 bond(s) | H shift +2 | -CH3 | ; | break 2 bond(s) | H shift +2 | -CH3,2,2,,CH3,"[3, 4, 5, 6, 7, 19, 20, 45, 46, 50, 51]",0.24999999999999997
C5H6,"{'C': 5, 'H': 6}",66.04695019338,neutral,0,PEI,Polyetherimide (Ultem),neutral_loss,break 2 bond(s) | H shift +2 | -CO | ; | break 2 bond(s) | H shift +2 | -CO,2,2,,CO,"[3, 4, 5, 6, 7, 19, 20, 45, 46, 50, 51]",0.24999999999999997
C6,{'C': 6},72.0,neutral,0,PEI,Polyetherimide (Ultem),neutral_loss,break 2 bond(s) | H shift -2 | -H2 | ; | break 2 bond(s) | H shift -2 | -H2O | ; | break 2 bond(s) | H shift -2 | -H2,2,-2,,H2,"[3, 4, 5, 6, 19, 20, 45, 46, 50, 51]",0.24999999999999997
C6H4O,"{'C': 6, 'O': 1, 'H': 4}",92.02621474849,neutral,0,PEI,Polyetherimide (Ultem),neutral_loss,break 2 bond(s) | H shift +2 | -H2 | ; | break 2 bond(s) | H shift +2 | -H2,2,2,,H2,"[3, 4, 5, 6, 7, 19, 20, 45, 46, 50, 51]",0.24999999999999997
C6H5,"{'C': 6, 'H': 5}",77.03912516115,neutral,0,PEI,Polyetherimide (Ultem),neutral_loss,break 2 bond(s) | H shift +2 | -OH | ; | break 2 bond(s) | H shift +2 | -OH,2,2,,OH,"[3, 4, 5, 6, 7, 19, 20, 45, 46, 50, 51]",0.24999999999999997
C6O,"{'C': 6, 'O': 1}",87.99491461957,neutral,0,PEI,Polyetherimide (Ultem),neutral_loss,break 2 bond(s) | H shift -2 | -H2 | ; | break 2 bond(s) | H shift -2 | -H2,2,-2,,H2,"[3, 4, 5, 6, 7, 19, 20, 45, 46, 50, 51]",0.24999999999999997
C8H12,"{'C': 8, 'H': 12}",108.09390038676,neutral,0,PEI,Polyetherimide (Ultem),neutral_loss,break 2 bond(s) | H shift +2 | -CO | ; | break 2 bond(s) | H shift +2 | -CO,2,2,,CO,"[0, 1, 2, 21, 22, 23, 24, 25, 37, 38, 39, 40, 41, 42, 43, 44, 52, 53, 57, 58]",0.24999999999999997
C8H5,"{'C': 8, 'H': 5}",101.03912516115,neutral,0,PEI,Polyetherimide (Ultem),neutral_loss,break 2 bond(s) | H shift -2 | -CH3 | ; | break 2 bond(s) | H shift -2 | -CH3,2,-2,,CH3,"[0, 1, 2, 21, 22, 23, 24, 37, 38, 39, 40, 41, 42, 43, 44, 52, 53, 57, 58]",0.24999999999999997
C8H5O,"{'C': 8, 'O': 1, 'H': 5}",117.03403978072001,neutral,0,PEI,Polyetherimide (Ultem),neutral_loss,break 2 bond(s) | H shift -2 | -CH3 | ; | break 2 bond(s) | H shift -2 | -CH3,2,-2,,CH3,"[0, 1, 2, 21, 22, 23, 24, 25, 37, 38, 39, 40, 41, 42, 43, 44, 52, 53, 57, 58]",0.24999999999999997
C8H9O,"{'C': 8, 'O': 1, 'H': 9}",121.06533990964,neutral,0,PEI,Polyetherimide (Ultem),neutral_loss,break 2 bond(s) | H shift +2 | -CH3 | ; | break 2 bond(s) | H shift +2 | -CH3,2,2,,CH3,"[0, 1, 2, 21, 22, 23, 24, 25, 37, 38, 39, 40, 41, 42, 43, 44, 52, 53, 57, 58]",0.24999999999999997
C9H10O,"{'C': 9, 'O': 1, 'H': 10}",134.07316494187,neutral,0,PEI,Polyetherimide (Ultem),neutral_loss,break 2 bond(s) | H shift +2 | -H2 | ; | break 2 bond(s) | H shift +2 | -H2,2,2,,H2,"[0, 1, 2, 21, 22, 23, 24, 25, 37, 38, 39, 40, 41, 42, 43, 44, 52, 53, 57, 58]",0.24999999999999997
C9H11,"{'C': 9, 'H': 11}",119.08607535453,neutral,0,PEI,Polyetherimide (Ultem),neutral_loss,break 2 bond(s) | H shift +2 | -OH | ; | break 2 bond(s) | H shift +2 | -OH,2,2,,OH,"[0, 1, 2, 21, 22, 23, 24, 25, 37, 38, 39, 40, 41, 42, 43, 44, 52, 53, 57, 58]",0.24999999999999997
C9H6,"{'C': 9, 'H': 6}",114.04695019338,neutral,0,PEI,Polyetherimide (Ultem),neutral_loss,break 2 bond(s) | H shift -2 | -H2 | ; | break 2 bond(s) | H shift -2 | -H2O | ; | break 2 bond(s) | H shift -2 | -H2,2,-2,,H2,"[0, 1, 2, 21, 22, 23, 24, 37, 38, 39, 40, 41, 42, 43, 44, 52, 53, 57, 58]",0.24999999999999997
C9H6O,"{'C': 9, 'O': 1, 'H': 6}",130.04186481295,neutral,0,PEI,Polyetherimide (Ultem),neutral_loss,break 2 bond(s) | H shift -2 | -H2 | ; | break 2 bond(s) | H shift -2 | -H2,2,-2,,H2,"[0, 1, 2, 21, 22, 23, 24, 25, 37, 38, 39, 40, 41, 42, 43, 44, 52, 53, 57, 58]",0.24999999999999997
C15H12Cl,"{'C': 15, 'H': 12, 'Cl': 1}",227.06275306876,negative,-1,PEI,Polyetherimide (Ultem),adduct,break 2 bond(s) | H shift -2 | Cl,2,-2,Cl,,"[0, 1, 2, 3, 4, 5, 6, 19, 20, 21, 22, 23, 24, 37, 38, 39, 40, 41, 42, 43, 44, 45, 46, 50, 51, 52, 53, 57, 58]",0.22999999999999998
C15H12ClO,"{'C': 15, 'O': 1, 'H': 12, 'Cl': 1}",243.05766768832999,negative,-1,PEI,Polyetherimide (Ultem),adduct,break 2 bond(s) | H shift -2 | Cl | ; | break 2 bond(s) | H shift -2 | Cl,2,-2,Cl,,"[0, 1, 2, 3, 4, 5, 6, 19, 20, 21, 22, 23, 24, 25, 37, 38, 39, 40, 41, 42, 43, 44, 45, 46, 50, 51, 52, 53, 57, 58]",0.22999999999999998
C15H12ClO2,"{'C': 15, 'O': 2, 'H': 12, 'Cl': 1}",259.0525823079,negative,-1,PEI,Polyetherimide (Ultem),adduct,break 2 bond(s) | H shift -2 | Cl,2,-2,Cl,,"[0, 1, 2, 3, 4, 5, 6, 7, 19, 20, 21, 22, 23, 24, 25, 37, 38, 39, 40, 41, 42, 43, 44, 45, 46, 50, 51, 52, 53, 57, 58]",0.22999999999999998
C15H12K,"{'C': 15, 'H': 12, 'K': 1}",231.05760687316,positive,1,PEI,Polyetherimide (Ultem),adduct,break 2 bond(s) | H shift -2 | K,2,-2,K,,"[0, 1, 2, 3, 4, 5, 6, 19, 20, 21, 22, 23, 24, 37, 38, 39, 40, 41, 42, 43, 44, 45, 46, 50, 51, 52, 53, 57, 58]",0.22999999999999998
C15H12KO,"{'C': 15, 'O': 1, 'H': 12, 'K': 1}",247.05252149273,positive,1,PEI,Polyetherimide (Ultem),adduct,break 2 bond(s) | H shift -2 | K | ; | break 2 bond(s) | H shift -2 | K,2,-2,K,,"[0, 1, 2, 3, 4, 5, 6, 19, 20, 21, 22, 23, 24, 25, 37, 38, 39, 40, 41, 42, 43, 44, 45, 46, 50, 51, 52, 53, 57, 58]",0.22999999999999998
C15H12KO2,"{'C': 15, 'O': 2, 'H': 12, 'K': 1}",263.0474361123,positive,1,PEI,Polyetherimide (Ultem),adduct,break 2 bond(s) | H shift -2 | K,2,-2,K,,"[0, 1, 2, 3, 4, 5, 6, 7, 19, 20, 21, 22, 23, 24, 25, 37, 38, 39, 40, 41, 42, 43, 44, 45, 46, 50, 51, 52, 53, 57, 58]",0.22999999999999998
C15H12Na,"{'C': 15, 'H': 12, 'Na': 1}",215.08366966876,positive,1,PEI,Polyetherimide (Ultem),adduct,break 2 bond(s) | H shift -2 | Na,2,-2,Na,,"[0, 1, 2, 3, 4, 5, 6, 19, 20, 21, 22, 23, 24, 37, 38, 39, 40, 41, 42, 43, 44, 45, 46, 50, 51, 52, 53, 57, 58]",0.22999999999999998
C15H12NaO,"{'C': 15, 'O': 1, 'H': 12, 'Na': 1}",231.07858428833,positive,1,PEI,Polyetherimide (Ultem),adduct,break 2 bond(s) | H shift -2 | Na | ; | break 2 bond(s) | H shift -2 | Na,2,-2,Na,,"[0, 1, 2, 3, 4, 5, 6, 19, 20, 21, 22, 23, 24, 25, 37, 38, 39, 40, 41, 42, 43, 44, 45, 46, 50, 51, 52, 53, 57, 58]",0.22999999999999998
C15H12NaO2,"{'C': 15, 'O': 2, 'H': 12, 'Na': 1}",247.0734989079,positive,1,PEI,Polyetherimide (Ultem),adduct,break 2 bond(s) | H shift -2 | Na,2,-2,Na,,"[0, 1, 2, 3, 4, 5, 6, 7, 19, 20, 21, 22, 23, 24, 25, 37, 38, 39, 40, 41, 42, 43, 44, 45, 46, 50, 51, 52, 53, 57, 58]",0.22999999999999998
C15H12O3,"{'C': 15, 'O': 3, 'H': 12}",240.07864424547,negative,-1,PEI,Polyetherimide (Ultem),adduct,break 2 bond(s) | H shift -2 | O,2,-2,O,,"[0, 1, 2, 3, 4, 5, 6, 7, 19, 20, 21, 22, 23, 24, 25, 37, 38, 39, 40, 41, 42, 43, 44, 45, 46, 50, 51, 52, 53, 57, 58]",0.22999999999999998
C15H16Cl,"{'C': 15, 'H': 16, 'Cl': 1}",231.09405319768,negative,-1,PEI,Polyetherimide (Ultem),adduct,break 2 bond(s) | H shift +2 | Cl,2,2,Cl,,"[0, 1, 2, 3, 4, 5, 6, 19, 20, 21, 22, 23, 24, 37, 38, 39, 40, 41, 42, 43, 44, 45, 46, 50, 51, 52, 53, 57, 58]",0.22999999999999998
C15H16ClO,"{'C': 15, 'O': 1, 'H': 16, 'Cl': 1}",247.08896781725,negative,-1,PEI,Polyetherimide (Ultem),adduct,break 2 bond(s) | H shift +2 | Cl | ; | break 2 bond(s) | H shift +2 | Cl,2,2,Cl,,"[0, 1, 2, 3, 4, 5, 6, 19, 20, 21, 22, 23, 24, 25, 37, 38, 39, 40, 41, 42, 43, 44, 45, 46, 50, 51, 52, 53, 57, 58]",0.22999999999999998
C15H16ClO2,"{'C': 15, 'O': 2, 'H': 16, 'Cl': 1}",263.08388243682,negative,-1,PEI,Polyetherimide (Ultem),adduct,break 2 bond(s) | H shift +2 | Cl,2,2,Cl,,"[0, 1, 2, 3, 4, 5, 6, 7, 19, 20, 21, 22, 23, 24, 25, 37, 38, 39, 40, 41, 42, 43, 44, 45, 46, 50, 51, 52, 53, 57, 58]",0.22999999999999998
C15H16K,"{'C': 15, 'H': 16, 'K': 1}",235.08890700208,positive,1,PEI,Polyetherimide (Ultem),adduct,break 2 bond(s) | H shift +2 | K,2,2,K,,"[0, 1, 2, 3, 4, 5, 6, 19, 20, 21, 22, 23, 24, 37, 38, 39, 40, 41, 42, 43, 44, 45, 46, 50, 51, 52, 53, 57, 58]",0.22999999999999998
C15H16KO,"{'C': 15, 'O': 1, 'H': 16, 'K': 1}",251.08382162165,positive,1,PEI,Polyetherimide (Ultem),adduct,break 2 bond(s) | H shift +2 | K | ; | break 2 bond(s) | H shift +2 | K,2,2,K,,"[0, 1, 2, 3, 4, 5, 6, 19, 20, 21, 22, 23, 24, 25, 37, 38, 39, 40, 41, 42, 43, 44, 45, 46, 50, 51, 52, 53, 57, 58]",0.22999999999999998
C15H16KO2,"{'C': 15, 'O': 2, 'H': 16, 'K': 1}",267.07873624122,positive,1,PEI,Polyetherimide (Ultem),adduct,break 2 bond(s) | H shift +2 | K,2,2,K,,"[0, 1, 2, 3, 4, 5, 6, 7, 19, 20, 21, 22, 23, 24, 25, 37, 38, 39, 40, 41, 42, 43, 44, 45, 46, 50, 51, 52, 53, 57, 58]",0.22999999999999998
C15H16Na,"{'C': 15, 'H': 16, 'Na': 1}",219.11496979768,positive,1,PEI,Polyetherimide (Ultem),adduct,break 2 bond(s) | H shift +2 | Na,2,2,Na,,"[0, 1, 2, 3, 4, 5, 6, 19, 20, 21, 22, 23, 24, 37, 38, 39, 40, 41, 42, 43, 44, 45, 46, 50, 51, 52, 53, 57, 58]",0.22999999999999998
C15H16NaO,"{'C': 15, 'O': 1, 'H': 16, 'Na': 1}",235.10988441725,positive,1,PEI,Polyetherimide (Ultem),adduct,break 2 bond(s) | H shift +2 | Na | ; | break 2 bond(s) | H shift +2 | Na,2,2,Na,,"[0, 1, 2, 3, 4, 5, 6, 19, 20, 21, 22, 23, 24, 25, 37, 38, 39, 40, 41, 42, 43, 44, 45, 46, 50, 51, 52, 53, 57, 58]",0.22999999999999998
C15H16NaO2,"{'C': 15, 'O': 2, 'H': 16, 'Na': 1}",251.10479903682,positive,1,PEI,Polyetherimide (Ultem),adduct,break 2 bond(s) | H shift +2 | Na,2,2,Na,,"[0, 1, 2, 3, 4, 5, 6, 7, 19, 20, 21, 22, 23, 24, 25, 37, 38, 39, 40, 41, 42, 43, 44, 45, 46, 50, 51, 52, 53, 57, 58]",0.22999999999999998
C15H17O,"{'C': 15, 'H': 17, 'O': 1}",213.12794016748,negative,-1,PEI,Polyetherimide (Ultem),adduct,break 2 bond(s) | H shift +2 | OH,2,2,OH,,"[0, 1, 2, 3, 4, 5, 6, 19, 20, 21, 22, 23, 24, 37, 38, 39, 40, 41, 42, 43, 44, 45, 46, 50, 51, 52, 53, 57, 58]",0.22999999999999998
C15H17O2,"{'C': 15, 'O': 2, 'H': 17}",229.12285478705,negative,-1,PEI,Polyetherimide (Ultem),adduct,break 2 bond(s) | H shift +2 | OH | ; | break 2 bond(s) | H shift +2 | OH,2,2,OH,,"[0, 1, 2, 3, 4, 5, 6, 19, 20, 21, 22, 23, 24, 25, 37, 38, 39, 40, 41, 42, 43, 44, 45, 46, 50, 51, 52, 53, 57, 58]",0.22999999999999998
C15H17O3,"{'C': 15, 'O': 3, 'H': 17}",245.11776940662,negative,-1,PEI,Polyetherimide (Ultem),adduct,break 2 bond(s) | H shift +2 | OH,2,2,OH,,"[0, 1, 2, 3, 4, 5, 6, 7, 19, 20, 21, 22, 23, 24, 25, 37, 38, 39, 40, 41, 42, 43, 44, 45, 46, 50, 51, 52, 53, 57, 58]",0.22999999999999998
C16H12ClO4,"{'C': 16, 'O': 4, 'H': 12, 'Cl': 1}",303.04241154704,negative,-1,PEI,Polyetherimide (Ultem),adduct,break 2 bond(s) | H shift +2 | Cl | ; | break 2 bond(s) | H shift +2 | Cl | ; | break 2 bond(s) | H shift +2 | Cl,2,2,Cl,,"[1, 2, 21, 22, 23, 24, 25, 26, 27, 28, 29, 30, 31, 32, 33, 34, 35, 36, 37, 38, 42, 43, 44, 52, 53, 54, 55, 56, 57, 58]",0.22999999999999998
C16H12KO4,"{'C': 16, 'O': 4, 'H': 12, 'K': 1}",307.03726535144,positive,1,PEI,Polyetherimide (Ultem),adduct,break 2 bond(s) | H shift +2 | K | ; | break 2 bond(s) | H shift +2 | K | ; | break 2 bond(s) | H shift +2 | K,2,2,K,,"[1, 2, 21, 22, 23, 24, 25, 26, 27, 28, 29, 30, 31, 32, 33, 34, 35, 36, 37, 38, 42, 43, 44, 52, 53, 54, 55, 56, 57, 58]",0.22999999999999998
C16H12NaO4,"{'C': 16, 'O': 4, 'H': 12, 'Na': 1}",291.06332814704,positive,1,PEI,Polyetherimide (Ultem),adduct,break 2 bond(s) | H shift +2 | Na | ; | break 2 bond(s) | H shift +2 | Na | ; | break 2 bond(s) | H shift +2 | Na,2,2,Na,,"[1, 2, 21, 22, 23, 24, 25, 26, 27, 28, 29, 30, 31, 32, 33, 34, 35, 36, 37, 38, 42, 43, 44, 52, 53, 54, 55, 56, 57, 58]",0.22999999999999998
C16H13O5,"{'C': 16, 'O': 5, 'H': 13}",285.07629851684,negative,-1,PEI,Polyetherimide (Ultem),adduct,break 2 bond(s) | H shift +2 | OH | ; | break 2 bond(s) | H shift +2 | OH | ; | break 2 bond(s) | H shift +2 | OH,2,2,OH,,"[1, 2, 21, 22, 23, 24, 25, 26, 27, 28, 29, 30, 31, 32, 33, 34, 35, 36, 37, 38, 42, 43, 44, 52, 53, 54, 55, 56, 57, 58]",0.22999999999999998
C16H8ClO4,"{'C': 16, 'O': 4, 'H': 8, 'Cl': 1}",299.01111141812,negative,-1,PEI,Polyetherimide (Ultem),adduct,break 2 bond(s) | H shift -2 | Cl | ; | break 2 bond(s) | H shift -2 | Cl | ; | break 2 bond(s) | H shift -2 | Cl,2,-2,Cl,,"[1, 2, 21, 22, 23, 24, 25, 26, 27, 28, 29, 30, 31, 32, 33, 34, 35, 36, 37, 38, 42, 43, 44, 52, 53, 54, 55, 56, 57, 58]",0.22999999999999998
C16H8KO4,"{'C': 16, 'O': 4, 'H': 8, 'K': 1}",303.00596522252,positive,1,PEI,Polyetherimide (Ultem),adduct,break 2 bond(s) | H shift -2 | K | ; | break 2 bond(s) | H shift -2 | K | ; | break 2 bond(s) | H shift -2 | K,2,-2,K,,"[1, 2, 21, 22, 23, 24, 25, 26, 27, 28, 29, 30, 31, 32, 33, 34, 35, 36, 37, 38, 42, 43, 44, 52, 53, 54, 55, 56, 57, 58]",0.22999999999999998
C16H8NaO4,"{'C': 16, 'O': 4, 'H': 8, 'Na': 1}",287.03202801812,positive,1,PEI,Polyetherimide (Ultem),adduct,break 2 bond(s) | H shift -2 | Na | ; | break 2 bond(s) | H shift -2 | Na | ; | break 2 bond(s) | H shift -2 | Na,2,-2,Na,,"[1, 2, 21, 22, 23, 24, 25, 26, 27, 28, 29, 30, 31, 32, 33, 34, 35, 36, 37, 38, 42, 43, 44, 52, 53, 54, 55, 56, 57, 58]",0.22999999999999998
C16H8O5,"{'C': 16, 'O': 5, 'H': 8}",280.03717335569,negative,-1,PEI,Polyetherimide (Ultem),adduct,break 2 bond(s) | H shift -2 | O | ; | break 2 bond(s) | H shift -2 | O | ; | break 2 bond(s) | H shift -2 | O,2,-2,O,,"[1, 2, 21, 22, 23, 24, 25, 26, 27, 28, 29, 30, 31, 32, 33, 34, 35, 36, 37, 38, 42, 43, 44, 52, 53, 54, 55, 56, 57, 58]",0.22999999999999998
C22H12ClO4,"{'C': 22, 'O': 4, 'H': 12, 'Cl': 1}",375.04241154704,negative,-1,PEI,Polyetherimide (Ultem),adduct,break 2 bond(s) | H shift -2 | Cl | ; | break 2 bond(s) | H shift -2 | Cl | ; | break 2 bond(s) | H shift -2 | Cl,2,-2,Cl,,"[1, 2, 3, 4, 5, 6, 19, 20, 21, 22, 23, 24, 25, 26, 27, 28, 29, 30, 31, 32, 33, 34, 35, 36, 37, 38, 42, 43, 44, 45, 46, 50, 51, 52, 53, 54, 55, 56, 57, 58]",0.22999999999999998
C22H12ClO5,"{'C': 22, 'O': 5, 'H': 12, 'Cl': 1}",391.03732616661,negative,-1,PEI,Polyetherimide (Ultem),adduct,break 2 bond(s) | H shift -2 | Cl | ; | break 2 bond(s) | H shift -2 | Cl | ; | break 2 bond(s) | H shift -2 | Cl,2,-2,Cl,,"[1, 2, 3, 4, 5, 6, 7, 19, 20, 21, 22, 23, 24, 25, 26, 27, 28, 29, 30, 31, 32, 33, 34, 35, 36, 37, 38, 42, 43, 44, 45, 46, 50, 51, 52, 53, 54, 55, 56, 57, 58]",0.22999999999999998
C22H12KO4,"{'C': 22, 'O': 4, 'H': 12, 'K': 1}",379.03726535144,positive,1,PEI,Polyetherimide (Ultem),adduct,break 2 bond(s) | H shift -2 | K | ; | break 2 bond(s) | H shift -2 | K | ; | break 2 bond(s) | H shift -2 | K,2,-2,K,,"[1, 2, 3, 4, 5, 6, 19, 20, 21, 22, 23, 24, 25, 26, 27, 28, 29, 30, 31, 32, 33, 34, 35, 36, 37, 38, 42, 43, 44, 45, 46, 50, 51, 52, 53, 54, 55, 56, 57, 58]",0.22999999999999998
C22H12KO5,"{'C': 22, 'O': 5, 'H': 12, 'K': 1}",395.03217997101,positive,1,PEI,Polyetherimide (Ultem),adduct,break 2 bond(s) | H shift -2 | K | ; | break 2 bond(s) | H shift -2 | K | ; | break 2 bond(s) | H shift -2 | K,2,-2,K,,"[1, 2, 3, 4, 5, 6, 7, 19, 20, 21, 22, 23, 24, 25, 26, 27, 28, 29, 30, 31, 32, 33, 34, 35, 36, 37, 38, 42, 43, 44, 45, 46, 50, 51, 52, 53, 54, 55, 56, 57, 58]",0.22999999999999998
C22H12NaO4,"{'C': 22, 'O': 4, 'H': 12, 'Na': 1}",363.06332814704,positive,1,PEI,Polyetherimide (Ultem),adduct,break 2 bond(s) | H shift -2 | Na | ; | break 2 bond(s) | H shift -2 | Na | ; | break 2 bond(s) | H shift -2 | Na,2,-2,Na,,"[1, 2, 3, 4, 5, 6, 19, 20, 21, 22, 23, 24, 25, 26, 27, 28, 29, 30, 31, 32, 33, 34, 35, 36, 37, 38, 42, 43, 44, 45, 46, 50, 51, 52, 53, 54, 55, 56, 57, 58]",0.22999999999999998
C22H12NaO5,"{'C': 22, 'O': 5, 'H': 12, 'Na': 1}",379.05824276661,positive,1,PEI,Polyetherimide (Ultem),adduct,break 2 bond(s) | H shift -2 | Na | ; | break 2 bond(s) | H shift -2 | Na | ; | break 2 bond(s) | H shift -2 | Na,2,-2,Na,,"[1, 2, 3, 4, 5, 6, 7, 19, 20, 21, 22, 23, 24, 25, 26, 27, 28, 29, 30, 31, 32, 33, 34, 35, 36, 37, 38, 42, 43, 44, 45, 46, 50, 51, 52, 53, 54, 55, 56, 57, 58]",0.22999999999999998
C22H12O6,"{'C': 22, 'O': 6, 'H': 12}",372.06338810418004,negative,-1,PEI,Polyetherimide (Ultem),adduct,break 2 bond(s) | H shift -2 | O | ; | break 2 bond(s) | H shift -2 | O | ; | break 2 bond(s) | H shift -2 | O,2,-2,O,,"[1, 2, 3, 4, 5, 6, 7, 19, 20, 21, 22, 23, 24, 25, 26, 27, 28, 29, 30, 31, 32, 33, 34, 35, 36, 37, 38, 42, 43, 44, 45, 46, 50, 51, 52, 53, 54, 55, 56, 57, 58]",0.22999999999999998
C22H16ClO4,"{'C': 22, 'O': 4, 'H': 16, 'Cl': 1}",379.07371167596,negative,-1,PEI,Polyetherimide (Ultem),adduct,break 2 bond(s) | H shift +2 | Cl | ; | break 2 bond(s) | H shift +2 | Cl | ; | break 2 bond(s) | H shift +2 | Cl,2,2,Cl,,"[1, 2, 3, 4, 5, 6, 19, 20, 21, 22, 23, 24, 25, 26, 27, 28, 29, 30, 31, 32, 33, 34, 35, 36, 37, 38, 42, 43, 44, 45, 46, 50, 51, 52, 53, 54, 55, 56, 57, 58]",0.22999999999999998
C22H16ClO5,"{'C': 22, 'O': 5, 'H': 16, 'Cl': 1}",395.06862629553,negative,-1,PEI,Polyetherimide (Ultem),adduct,break 2 bond(s) | H shift +2 | Cl | ; | break 2 bond(s) | H shift +2 | Cl | ; | break 2 bond(s) | H shift +2 | Cl,2,2,Cl,,"[1, 2, 3, 4, 5, 6, 7, 19, 20, 21, 22, 23, 24, 25, 26, 27, 28, 29, 30, 31, 32, 33, 34, 35, 36, 37, 38, 42, 43, 44, 45, 46, 50, 51, 52, 53, 54, 55, 56, 57, 58]",0.22999999999999998
C22H16KO4,"{'C': 22, 'O': 4, 'H': 16, 'K': 1}",383.06856548036,positive,1,PEI,Polyetherimide (Ultem),adduct,break 2 bond(s) | H shift +2 | K | ; | break 2 bond(s) | H shift +2 | K | ; | break 2 bond(s) | H shift +2 | K,2,2,K,,"[1, 2, 3, 4, 5, 6, 19, 20, 21, 22, 23, 24, 25, 26, 27, 28, 29, 30, 31, 32, 33, 34, 35, 36, 37, 38, 42, 43, 44, 45, 46, 50, 51, 52, 53, 54, 55, 56, 57, 58]",0.22999999999999998
C22H16KO5,"{'C': 22, 'O': 5, 'H': 16, 'K': 1}",399.06348009993,positive,1,PEI,Polyetherimide (Ultem),adduct,break 2 bond(s) | H shift +2 | K | ; | break 2 bond(s) | H shift +2 | K | ; | break 2 bond(s) | H shift +2 | K,2,2,K,,"[1, 2, 3, 4, 5, 6, 7, 19, 20, 21, 22, 23, 24, 25, 26, 27, 28, 29, 30, 31, 32, 33, 34, 35, 36, 37, 38, 42, 43, 44, 45, 46, 50, 51, 52, 53, 54, 55, 56, 57, 58]",0.22999999999999998
C22H16NaO4,"{'C': 22, 'O': 4, 'H': 16, 'Na': 1}",367.09462827596,positive,1,PEI,Polyetherimide (Ultem),adduct,break 2 bond(s) | H shift +2 | Na | ; | break 2 bond(s) | H shift +2 | Na | ; | break 2 bond(s) | H shift +2 | Na,2,2,Na,,"[1, 2, 3, 4, 5, 6, 19, 20, 21, 22, 23, 24, 25, 26, 27, 28, 29, 30, 31, 32, 33, 34, 35, 36, 37, 38, 42, 43, 44, 45, 46, 50, 51, 52, 53, 54, 55, 56, 57, 58]",0.22999999999999998
C22H16NaO5,"{'C': 22, 'O': 5, 'H': 16, 'Na': 1}",383.08954289553,positive,1,PEI,Polyetherimide (Ultem),adduct,break 2 bond(s) | H shift +2 | Na | ; | break 2 bond(s) | H shift +2 | Na | ; | break 2 bond(s) | H shift +2 | Na,2,2,Na,,"[1, 2, 3, 4, 5, 6, 7, 19, 20, 21, 22, 23, 24, 25, 26, 27, 28, 29, 30, 31, 32, 33, 34, 35, 36, 37, 38, 42, 43, 44, 45, 46, 50, 51, 52, 53, 54, 55, 56, 57, 58]",0.22999999999999998
C22H17O5,"{'C': 22, 'O': 5, 'H': 17}",361.10759864576,negative,-1,PEI,Polyetherimide (Ultem),adduct,break 2 bond(s) | H shift +2 | OH | ; | break 2 bond(s) | H shift +2 | OH | ; | break 2 bond(s) | H shift +2 | OH,2,2,OH,,"[1, 2, 3, 4, 5, 6, 19, 20, 21, 22, 23, 24, 25, 26, 27, 28, 29, 30, 31, 32, 33, 34, 35, 36, 37, 38, 42, 43, 44, 45, 46, 50, 51, 52, 53, 54, 55, 56, 57, 58]",0.22999999999999998
C22H17O6,"{'C': 22, 'O': 6, 'H': 17}",377.10251326533,negative,-1,PEI,Polyetherimide (Ultem),adduct,break 2 bond(s) | H shift +2 | OH | ; | break 2 bond(s) | H shift +2 | OH | ; | break 2 bond(s) | H shift +2 | OH,2,2,OH,,"[1, 2, 3, 4, 5, 6, 7, 19, 20, 21, 22, 23, 24, 25, 26, 27, 28, 29, 30, 31, 32, 33, 34, 35, 36, 37, 38, 42, 43, 44, 45, 46, 50, 51, 52, 53, 54, 55, 56, 57, 58]",0.22999999999999998
C29H12ClO8,"{'C': 29, 'O': 8, 'H': 12, 'Cl': 1}",523.02207002532,negative,-1,PEI,Polyetherimide (Ultem),adduct,break 2 bond(s) | H shift -2 | Cl,2,-2,Cl,,"[1, 3, 4, 5, 6, 7, 8, 9, 10, 11, 12, 13, 14, 15, 16, 17, 18, 19, 20, 21, 22, 23, 24, 25, 26, 27, 28, 29, 30, 31, 32, 33, 34, 35, 36, 37, 38, 45, 46, 47, 48, 49, 50, 51, 52, 53, 54, 55, 56, 57, 58]",0.22999999999999998
C29H12KO8,"{'C': 29, 'O': 8, 'H': 12, 'K': 1}",527.01692382972,positive,1,PEI,Polyetherimide (Ultem),adduct,break 2 bond(s) | H shift -2 | K,2,-2,K,,"[1, 3, 4, 5, 6, 7, 8, 9, 10, 11, 12, 13, 14, 15, 16, 17, 18, 19, 20, 21, 22, 23, 24, 25, 26, 27, 28, 29, 30, 31, 32, 33, 34, 35, 36, 37, 38, 45, 46, 47, 48, 49, 50, 51, 52, 53, 54, 55, 56, 57, 58]",0.22999999999999998
C29H12NaO8,"{'C': 29, 'O': 8, 'H': 12, 'Na': 1}",511.04298662532,positive,1,PEI,Polyetherimide (Ultem),adduct,break 2 bond(s) | H shift -2 | Na,2,-2,Na,,"[1, 3, 4, 5, 6, 7, 8, 9, 10, 11, 12, 13, 14, 15, 16, 17, 18, 19, 20, 21, 22, 23, 24, 25, 26, 27, 28, 29, 30, 31, 32, 33, 34, 35, 36, 37, 38, 45, 46, 47, 48, 49, 50, 51, 52, 53, 54, 55, 56, 57, 58]",0.22999999999999998
C29H12O9,"{'C': 29, 'O': 9, 'H': 12}",504.04813196289,negative,-1,PEI,Polyetherimide (Ultem),adduct,break 2 bond(s) | H shift -2 | O,2,-2,O,,"[1, 3, 4, 5, 6, 7, 8, 9, 10, 11, 12, 13, 14, 15, 16, 17, 18, 19, 20, 21, 22, 23, 24, 25, 26, 27, 28, 29, 30, 31, 32, 33, 34, 35, 36, 37, 38, 45, 46, 47, 48, 49, 50, 51, 52, 53, 54, 55, 56, 57, 58]",0.22999999999999998
C29H16ClO8,"{'C': 29, 'O': 8, 'H': 16, 'Cl': 1}",527.05337015424,negative,-1,PEI,Polyetherimide (Ultem),adduct,break 2 bond(s) | H shift +2 | Cl,2,2,Cl,,"[1, 3, 4, 5, 6, 7, 8, 9, 10, 11, 12, 13, 14, 15, 16, 17, 18, 19, 20, 21, 22, 23, 24, 25, 26, 27, 28, 29, 30, 31, 32, 33, 34, 35, 36, 37, 38, 45, 46, 47, 48, 49, 50, 51, 52, 53, 54, 55, 56, 57, 58]",0.22999999999999998
C29H16KO8,"{'C': 29, 'O': 8, 'H': 16, 'K': 1}",531.04822395864,positive,1,PEI,Polyetherimide (Ultem),adduct,break 2 bond(s) | H shift +2 | K,2,2,K,,"[1, 3, 4, 5, 6, 7, 8, 9, 10, 11, 12, 13, 14, 15, 16, 17, 18, 19, 20, 21, 22, 23, 24, 25, 26, 27, 28, 29, 30, 31, 32, 33, 34, 35, 36, 37, 38, 45, 46, 47, 48, 49, 50, 51, 52, 53, 54, 55, 56, 57, 58]",0.22999999999999998
C29H16NaO8,"{'C': 29, 'O': 8, 'H': 16, 'Na': 1}",515.07428675424,positive,1,PEI,Polyetherimide (Ultem),adduct,break 2 bond(s) | H shift +2 | Na,2,2,Na,,"[1, 3, 4, 5, 6, 7, 8, 9, 10, 11, 12, 13, 14, 15, 16, 17, 18, 19, 20, 21, 22, 23, 24, 25, 26, 27, 28, 29, 30, 31, 32, 33, 34, 35, 36, 37, 38, 45, 46, 47, 48, 49, 50, 51, 52, 53, 54, 55, 56, 57, 58]",0.22999999999999998
C29H17O9,"{'C': 29, 'O': 9, 'H': 17}",509.08725712404004,negative,-1,PEI,Polyetherimide (Ultem),adduct,break 2 bond(s) | H shift +2 | OH,2,2,OH,,"[1, 3, 4, 5, 6, 7, 8, 9, 10, 11, 12, 13, 14, 15, 16, 17, 18, 19, 20, 21, 22, 23, 24, 25, 26, 27, 28, 29, 30, 31, 32, 33, 34, 35, 36, 37, 38, 45, 46, 47, 48, 49, 50, 51, 52, 53, 54, 55, 56, 57, 58]",0.22999999999999998
C3H4Cl,"{'C': 3, 'H': 4, 'Cl': 1}",75.00015281092,negative,-1,PEI,Polyetherimide (Ultem),adduct,break 2 bond(s) | H shift -2 | Cl,2,-2,Cl,,"[0, 1, 2, 39, 40, 41, 42, 43, 44]",0.22999999999999998
C3H4K,"{'C': 3, 'H': 4, 'K': 1}",78.99500661532,positive,1,PEI,Polyetherimide (Ultem),adduct,break 2 bond(s) | H shift -2 | K,2,-2,K,,"[0, 1, 2, 39, 40, 41, 42, 43, 44]",0.22999999999999998
C3H4Na,"{'C': 3, 'H': 4, 'Na': 1}",63.02106941092,positive,1,PEI,Polyetherimide (Ultem),adduct,break 2 bond(s) | H shift -2 | Na,2,-2,Na,,"[0, 1, 2, 39, 40, 41, 42, 43, 44]",0.22999999999999998
C3H4O,"{'C': 3, 'H': 4, 'O': 1}",56.02621474849,negative,-1,PEI,Polyetherimide (Ultem),adduct,break 2 bond(s) | H shift -2 | O,2,-2,O,,"[0, 1, 2, 39, 40, 41, 42, 43, 44]",0.22999999999999998
C3H8Cl,"{'C': 3, 'H': 8, 'Cl': 1}",79.03145293984,negative,-1,PEI,Polyetherimide (Ultem),adduct,break 2 bond(s) | H shift +2 | Cl,2,2,Cl,,"[0, 1, 2, 39, 40, 41, 42, 43, 44]",0.22999999999999998
C3H8K,"{'C': 3, 'H': 8, 'K': 1}",83.02630674424,positive,1,PEI,Polyetherimide (Ultem),adduct,break 2 bond(s) | H shift +2 | K,2,2,K,,"[0, 1, 2, 39, 40, 41, 42, 43, 44]",0.22999999999999998
C3H8Na,"{'C': 3, 'H': 8, 'Na': 1}",67.05236953984,positive,1,PEI,Polyetherimide (Ultem),adduct,break 2 bond(s) | H shift +2 | Na,2,2,Na,,"[0, 1, 2, 39, 40, 41, 42, 43, 44]",0.22999999999999998
C3H9O,"{'C': 3, 'H': 9, 'O': 1}",61.06533990964,negative,-1,PEI,Polyetherimide (Ultem),adduct,break 2 bond(s) | H shift +2 | OH,2,2,OH,,"[0, 1, 2, 39, 40, 41, 42, 43, 44]",0.22999999999999998
C6H2Cl,"{'C': 6, 'H': 2, 'Cl': 1}",108.98450274646,negative,-1,PEI,Polyetherimide (Ultem),adduct,break 2 bond(s) | H shift -2 | Cl | ; | break 2 bond(s) | H shift -2 | Cl,2,-2,Cl,,"[3, 4, 5, 6, 19, 20, 45, 46, 50, 51]",0.22999999999999998
C6H2ClO,"{'C': 6, 'O': 1, 'H': 2, 'Cl': 1}",124.97941736602999,negative,-1,PEI,Polyetherimide (Ultem),adduct,break 2 bond(s) | H shift -2 | Cl | ; | break 2 bond(s) | H shift -2 | Cl,2,-2,Cl,,"[3, 4, 5, 6, 7, 19, 20, 45, 46, 50, 51]",0.22999999999999998
C6H2K,"{'C': 6, 'H': 2, 'K': 1}",112.97935655086,positive,1,PEI,Polyetherimide (Ultem),adduct,break 2 bond(s) | H shift -2 | K | ; | break 2 bond(s) | H shift -2 | K,2,-2,K,,"[3, 4, 5, 6, 19, 20, 45, 46, 50, 51]",0.22999999999999998
C6H2KO,"{'C': 6, 'O': 1, 'H': 2, 'K': 1}",128.97427117043,positive,1,PEI,Polyetherimide (Ultem),adduct,break 2 bond(s) | H shift -2 | K | ; | break 2 bond(s) | H shift -2 | K,2,-2,K,,"[3, 4, 5, 6, 7, 19, 20, 45, 46, 50, 51]",0.22999999999999998
C6H2Na,"{'C': 6, 'H': 2, 'Na': 1}",97.00541934646,positive,1,PEI,Polyetherimide (Ultem),adduct,break 2 bond(s) | H shift -2 | Na | ; | break 2 bond(s) | H shift -2 | Na,2,-2,Na,,"[3, 4, 5, 6, 19, 20, 45, 46, 50, 51]",0.22999999999999998
C6H2NaO,"{'C': 6, 'O': 1, 'H': 2, 'Na': 1}",113.00033396603,positive,1,PEI,Polyetherimide (Ultem),adduct,break 2 bond(s) | H shift -2 | Na | ; | break 2 bond(s) | H shift -2 | Na,2,-2,Na,,"[3, 4, 5, 6, 7, 19, 20, 45, 46, 50, 51]",0.22999999999999998
C6H2O2,"{'C': 6, 'O': 2, 'H': 2}",106.0054793036,negative,-1,PEI,Polyetherimide (Ultem),adduct,break 2 bond(s) | H shift -2 | O | ; | break 2 bond(s) | H shift -2 | O,2,-2,O,,"[3, 4, 5, 6, 7, 19, 20, 45, 46, 50, 51]",0.22999999999999998
C6H6Cl,"{'C': 6, 'H': 6, 'Cl': 1}",113.01580287538,negative,-1,PEI,Polyetherimide (Ultem),adduct,break 2 bond(s) | H shift +2 | Cl | ; | break 2 bond(s) | H shift +2 | Cl,2,2,Cl,,"[3, 4, 5, 6, 19, 20, 45, 46, 50, 51]",0.22999999999999998
C6H6ClO,"{'C': 6, 'O': 1, 'H': 6, 'Cl': 1}",129.01071749495,negative,-1,PEI,Polyetherimide (Ultem),adduct,break 2 bond(s) | H shift +2 | Cl | ; | break 2 bond(s) | H shift +2 | Cl,2,2,Cl,,"[3, 4, 5, 6, 7, 19, 20, 45, 46, 50, 51]",0.22999999999999998
C6H6K,"{'C': 6, 'H': 6, 'K': 1}",117.01065667978,positive,1,PEI,Polyetherimide (Ultem),adduct,break 2 bond(s) | H shift +2 | K | ; | break 2 bond(s) | H shift +2 | K,2,2,K,,"[3, 4, 5, 6, 19, 20, 45, 46, 50, 51]",0.22999999999999998
C6H6KO,"{'C': 6, 'O': 1, 'H': 6, 'K': 1}",133.00557129935,positive,1,PEI,Polyetherimide (Ultem),adduct,break 2 bond(s) | H shift +2 | K | ; | break 2 bond(s) | H shift +2 | K,2,2,K,,"[3, 4, 5, 6, 7, 19, 20, 45, 46, 50, 51]",0.22999999999999998
C6H6Na,"{'C': 6, 'H': 6, 'Na': 1}",101.03671947538,positive,1,PEI,Polyetherimide (Ultem),adduct,break 2 bond(s) | H shift +2 | Na | ; | break 2 bond(s) | H shift +2 | Na,2,2,Na,,"[3, 4, 5, 6, 19, 20, 45, 46, 50, 51]",0.22999999999999998
C6H6NaO,"{'C': 6, 'O': 1, 'H': 6, 'Na': 1}",117.03163409495001,positive,1,PEI,Polyetherimide (Ultem),adduct,break 2 bond(s) | H shift +2 | Na | ; | break 2 bond(s) | H shift +2 | Na,2,2,Na,,"[3, 4, 5, 6, 7, 19, 20, 45, 46, 50, 51]",0.22999999999999998
C6H7O,"{'C': 6, 'H': 7, 'O': 1}",95.04968984518,negative,-1,PEI,Polyetherimide (Ultem),adduct,break 2 bond(s) | H shift +2 | OH | ; | break 2 bond(s) | H shift +2 | OH,2,2,OH,,"[3, 4, 5, 6, 19, 20, 45, 46, 50, 51]",0.22999999999999998
C6H7O2,"{'C': 6, 'O': 2, 'H': 7}",111.04460446475,negative,-1,PEI,Polyetherimide (Ultem),adduct,break 2 bond(s) | H shift +2 | OH | ; | break 2 bond(s) | H shift +2 | OH,2,2,OH,,"[3, 4, 5, 6, 7, 19, 20, 45, 46, 50, 51]",0.22999999999999998
C9H12Cl,"{'C': 9, 'H': 12, 'Cl': 1}",155.06275306876,negative,-1,PEI,Polyetherimide (Ultem),adduct,break 2 bond(s) | H shift +2 | Cl | ; | break 2 bond(s) | H shift +2 | Cl,2,2,Cl,,"[0, 1, 2, 21, 22, 23, 24, 37, 38, 39, 40, 41, 42, 43, 44, 52, 53, 57, 58]",0.22999999999999998
C9H12ClO,"{'C': 9, 'O': 1, 'H': 12, 'Cl': 1}",171.05766768832999,negative,-1,PEI,Polyetherimide (Ultem),adduct,break 2 bond(s) | H shift +2 | Cl | ; | break 2 bond(s) | H shift +2 | Cl,2,2,Cl,,"[0, 1, 2, 21, 22, 23, 24, 25, 37, 38, 39, 40, 41, 42, 43, 44, 52, 53, 57, 58]",0.22999999999999998
C9H12K,"{'C': 9, 'H': 12, 'K': 1}",159.05760687316,positive,1,PEI,Polyetherimide (Ultem),adduct,break 2 bond(s) | H shift +2 | K | ; | break 2 bond(s) | H shift +2 | K,2,2,K,,"[0, 1, 2, 21, 22, 23, 24, 37, 38, 39, 40, 41, 42, 43, 44, 52, 53, 57, 58]",0.22999999999999998
C9H12KO,"{'C': 9, 'O': 1, 'H': 12, 'K': 1}",175.05252149273,positive,1,PEI,Polyetherimide (Ultem),adduct,break 2 bond(s) | H shift +2 | K | ; | break 2 bond(s) | H shift +2 | K,2,2,K,,"[0, 1, 2, 21, 22, 23, 24, 25, 37, 38, 39, 40, 41, 42, 43, 44, 52, 53, 57, 58]",0.22999999999999998
C9H12Na,"{'C': 9, 'H': 12, 'Na': 1}",143.08366966876,positive,1,PEI,Polyetherimide (Ultem),adduct,break 2 bond(s) | H shift +2 | Na | ; | break 2 bond(s) | H shift +2 | Na,2,2,Na,,"[0, 1, 2, 21, 22, 23, 24, 37, 38, 39, 40, 41, 42, 43, 44, 52, 53, 57, 58]",0.22999999999999998
C9H12NaO,"{'C': 9, 'O': 1, 'H': 12, 'Na': 1}",159.07858428833,positive,1,PEI,Polyetherimide (Ultem),adduct,break 2 bond(s) | H shift +2 | Na | ; | break 2 bond(s) | H shift +2 | Na,2,2,Na,,"[0, 1, 2, 21, 22, 23, 24, 25, 37, 38, 39, 40, 41, 42, 43, 44, 52, 53, 57, 58]",0.22999999999999998
C9H13O,"{'C': 9, 'H': 13, 'O': 1}",137.09664003856,negative,-1,PEI,Polyetherimide (Ultem),adduct,break 2 bond(s) | H shift +2 | OH | ; | break 2 bond(s) | H shift +2 | OH,2,2,OH,,"[0, 1, 2, 21, 22, 23, 24, 37, 38, 39, 40, 41, 42, 43, 44, 52, 53, 57, 58]",0.22999999999999998
C9H13O2,"{'C': 9, 'O': 2, 'H': 13}",153.09155465813,negative,-1,PEI,Polyetherimide (Ultem),adduct,break 2 bond(s) | H shift +2 | OH | ; | break 2 bond(s) | H shift +2 | OH,2,2,OH,,"[0, 1, 2, 21, 22, 23, 24, 25, 37, 38, 39, 40, 41, 42, 43, 44, 52, 53, 57, 58]",0.22999999999999998
C9H8Cl,"{'C': 9, 'H': 8, 'Cl': 1}",151.03145293984,negative,-1,PEI,Polyetherimide (Ultem),adduct,break 2 bond(s) | H shift -2 | Cl | ; | break 2 bond(s) | H shift -2 | Cl,2,-2,Cl,,"[0, 1, 2, 21, 22, 23, 24, 37, 38, 39, 40, 41, 42, 43, 44, 52, 53, 57, 58]",0.22999999999999998
C9H8ClO,"{'C': 9, 'O': 1, 'H': 8, 'Cl': 1}",167.02636755941,negative,-1,PEI,Polyetherimide (Ultem),adduct,break 2 bond(s) | H shift -2 | Cl | ; | break 2 bond(s) | H shift -2 | Cl,2,-2,Cl,,"[0, 1, 2, 21, 22, 23, 24, 25, 37, 38, 39, 40, 41, 42, 43, 44, 52, 53, 57, 58]",0.22999999999999998
C9H8K,"{'C': 9, 'H': 8, 'K': 1}",155.02630674424,positive,1,PEI,Polyetherimide (Ultem),adduct,break 2 bond(s) | H shift -2 | K | ; | break 2 bond(s) | H shift -2 | K,2,-2,K,,"[0, 1, 2, 21, 22, 23, 24, 37, 38, 39, 40, 41, 42, 43, 44, 52, 53, 57, 58]",0.22999999999999998
C9H8KO,"{'C': 9, 'O': 1, 'H': 8, 'K': 1}",171.02122136381,positive,1,PEI,Polyetherimide (Ultem),adduct,break 2 bond(s) | H shift -2 | K | ; | break 2 bond(s) | H shift -2 | K,2,-2,K,,"[0, 1, 2, 21, 22, 23, 24, 25, 37, 38, 39, 40, 41, 42, 43, 44, 52, 53, 57, 58]",0.22999999999999998
C9H8Na,"{'C': 9, 'H': 8, 'Na': 1}",139.05236953984002,positive,1,PEI,Polyetherimide (Ultem),adduct,break 2 bond(s) | H shift -2 | Na | ; | break 2 bond(s) | H shift -2 | Na,2,-2,Na,,"[0, 1, 2, 21, 22, 23, 24, 37, 38, 39, 40, 41, 42, 43, 44, 52, 53, 57, 58]",0.22999999999999998
C9H8NaO,"{'C': 9, 'O': 1, 'H': 8, 'Na': 1}",155.04728415941,positive,1,PEI,Polyetherimide (Ultem),adduct,break 2 bond(s) | H shift -2 | Na | ; | break 2 bond(s) | H shift -2 | Na,2,-2,Na,,"[0, 1, 2, 21, 22, 23, 24, 25, 37, 38, 39, 40, 41, 42, 43, 44, 52, 53, 57, 58]",0.22999999999999998
C9H8O2,"{'C': 9, 'O': 2, 'H': 8}",148.05242949698,negative,-1,PEI,Polyetherimide (Ultem),adduct,break 2 bond(s) | H shift -2 | O | ; | break 2 bond(s) | H shift -2 | O,2,-2,O,,"[0, 1, 2, 21, 22, 23, 24, 25, 37, 38, 39, 40, 41, 42, 43, 44, 52, 53, 57, 58]",0.22999999999999998
