formula,counts,exact_mass,ion_mode,charge,source_compound_id,source_name,generation_type,path,broken_bonds,h_shift,adduct,neutral_losses,fragment_atom_indices,score
C6H6S2,"{'C': 6, 'H': 6, 'S': 2}",141.99109254218,neutral,0,PPS,Polyphenylene Sulfide,parent,M,0,0,,,,1.0
C6H5S2,"{'C': 6, 'H': 5, 'S': 2}",140.98326750995,negative,-1,PPS,Polyphenylene Sulfide,adduct,M | -H,0,0,-H,,,0.75
C6H7S2,"{'C': 6, 'H': 7, 'S': 2}",142.99891757441,positive,1,PPS,Polyphenylene Sulfide,adduct,M | H,0,0,H,,,0.75
C6H4S2,"{'C': 6, 'H': 4, 'S': 2}",139.97544247772,negative,-1,PPS,Polyphenylene Sulfide,adduct,M | H shift -1 | -H,0,-1,-H,,,0.7
C6H5S2,"{'C': 6, 'H': 5, 'S': 2}",140.98326750995,neutral,0,PPS,Polyphenylene Sulfide,h_shift,M | H shift -1,0,-1,,,,0.7
C6H6S2,"{'C': 6, 'H': 6, 'S': 2}",141.99109254218,positive,1,PPS,Polyphenylene Sulfide,adduct,M | H shift -1 | H,0,-1,H,,,0.7
C6H6S2,"{'C': 6, 'H': 6, 'S': 2}",141.99109254218,negative,-1,PPS,Polyphenylene Sulfide,adduct,M | H shift +1 | -H,0,1,-H,,,0.7
C6H7S2,"{'C': 6, 'H': 7, 'S': 2}",142.99891757441,neutral,0,PPS,Polyphenylene Sulfide,h_shift,M | H shift +1,0,1,,,,0.7
C6H8S2,"{'C': 6, 'H': 8, 'S': 2}",144.00674260664,positive,1,PPS,Polyphenylene Sulfide,adduct,M | H shift +1 | H,0,1,H,,,0.7
C12H10S3,"{'C': 12, 'H': 10, 'S': 3}",249.9944638455,neutral,0,PPS,Polyphenylene Sulfide,oligomer,M + 1×repeat,0,0,,,,0.67
C12H11S3,"{'C': 12, 'H': 11, 'S': 3}",251.00228887773,positive,1,PPS,Polyphenylene Sulfide,adduct,M + 1×repeat | H,0,0,H,,,0.67
C12H9S3,"{'C': 12, 'H': 9, 'S': 3}",248.98663881327,negative,-1,PPS,Polyphenylene Sulfide,adduct,M + 1×repeat | -H,0,0,-H,,,0.67
C5H3S2,"{'C': 5, 'H': 3, 'S': 2}",126.96761744549,neutral,0,PPS,Polyphenylene Sulfide,neutral_loss,M | -CH3,0,0,,CH3,,0.65
C6H3S2,"{'C': 6, 'H': 3, 'S': 2}",138.96761744549,negative,-1,PPS,Polyphenylene Sulfide,adduct,M | H shift -2 | -H,0,-2,-H,,,0.65
C6H4S2,"{'C': 6, 'H': 4, 'S': 2}",139.97544247772,neutral,0,PPS,Polyphenylene Sulfide,h_shift,M | H shift -2,0,-2,,,,0.65
C6H4S2,"{'C': 6, 'H': 4, 'S': 2}",139.97544247772,neutral,0,PPS,Polyphenylene Sulfide,neutral_loss,M | -H2,0,0,,H2,,0.65
C6H5S2,"{'C': 6, 'H': 5, 'S': 2}",140.98326750995,positive,1,PPS,Polyphenylene Sulfide,adduct,M | H shift -2 | H,0,-2,H,,,0.65
C6H7S2,"{'C': 6, 'H': 7, 'S': 2}",142.99891757441,negative,-1,PPS,Polyphenylene Sulfide,adduct,M | H shift +2 | -H,0,2,-H,,,0.65
C6H8S2,"{'C': 6, 'H': 8, 'S': 2}",144.00674260664,neutral,0,PPS,Polyphenylene Sulfide,h_shift,M | H shift +2,0,2,,,,0.65
C6H9S2,"{'C': 6, 'H': 9, 'S': 2}",145.01456763887,positive,1,PPS,Polyphenylene Sulfide,adduct,M | H shift +2 | H,0,2,H,,,0.65
C6H6ClS2,"{'C': 6, 'H': 6, 'S': 2, 'Cl': 1}",176.95994522418,negative,-1,PPS,Polyphenylene Sulfide,adduct,M | Cl,0,0,Cl,,,0.63
C6H6KS2,"{'C': 6, 'H': 6, 'S': 2, 'K': 1}",180.95479902858,positive,1,PPS,Polyphenylene Sulfide,adduct,M | K,0,0,K,,,0.63
C6H6NaS2,"{'C': 6, 'H': 6, 'S': 2, 'Na': 1}",164.98086182418,positive,1,PPS,Polyphenylene Sulfide,adduct,M | Na,0,0,Na,,,0.63
C6H6OS2,"{'C': 6, 'H': 6, 'S': 2, 'O': 1}",157.98600716175,negative,-1,PPS,Polyphenylene Sulfide,adduct,M | O,0,0,O,,,0.63
C6H7OS2,"{'C': 6, 'H': 7, 'S': 2, 'O': 1}",158.99383219398,negative,-1,PPS,Polyphenylene Sulfide,adduct,M | OH | ; | M | H shift +1 | O,0,0,OH,,,0.63
C12H10S3,"{'C': 12, 'H': 10, 'S': 3}",249.9944638455,positive,1,PPS,Polyphenylene Sulfide,adduct,M + 1×repeat | H shift -1 | H,0,-1,H,,,0.62
C12H10S3,"{'C': 12, 'H': 10, 'S': 3}",249.9944638455,negative,-1,PPS,Polyphenylene Sulfide,adduct,M + 1×repeat | H shift +1 | -H,0,1,-H,,,0.62
C12H11S3,"{'C': 12, 'H': 11, 'S': 3}",251.00228887773,neutral,0,PPS,Polyphenylene Sulfide,h_shift,M + 1×repeat | H shift +1,0,1,,,,0.62
C12H12S3,"{'C': 12, 'H': 12, 'S': 3}",252.01011390996,positive,1,PPS,Polyphenylene Sulfide,adduct,M + 1×repeat | H shift +1 | H,0,1,H,,,0.62
C12H8S3,"{'C': 12, 'H': 8, 'S': 3}",247.97881378104,negative,-1,PPS,Polyphenylene Sulfide,adduct,M + 1×repeat | H shift -1 | -H,0,-1,-H,,,0.62
C12H9S3,"{'C': 12, 'H': 9, 'S': 3}",248.98663881327,neutral,0,PPS,Polyphenylene Sulfide,h_shift,M + 1×repeat | H shift -1,0,-1,,,,0.62
C5H2S2,"{'C': 5, 'H': 2, 'S': 2}",125.95979241326,neutral,0,PPS,Polyphenylene Sulfide,neutral_loss,M | H shift -1 | -CH3,0,-1,,CH3,,0.6
C5H4S2,"{'C': 5, 'H': 4, 'S': 2}",127.97544247772,neutral,0,PPS,Polyphenylene Sulfide,neutral_loss,M | H shift +1 | -CH3,0,1,,CH3,,0.6
C6H3S2,"{'C': 6, 'H': 3, 'S': 2}",138.96761744549,neutral,0,PPS,Polyphenylene Sulfide,neutral_loss,M | H shift -1 | -H2,0,-1,,H2,,0.6
C6H4S,"{'C': 6, 'S': 1, 'H': 4}",108.00337130332,negative,-1,PPS,Polyphenylene Sulfide,adduct,break 1 bond(s) | -H | ; | break 1 bond(s) | -H,1,0,-H,,"[1, 2, 3, 4, 5, 6, 7, 9, 10, 11, 12, 13]",0.6
C6H5S,"{'C': 6, 'S': 1, 'H': 5}",109.01119633555,neutral,0,PPS,Polyphenylene Sulfide,fragment,break 1 bond(s) | ; | break 1 bond(s),1,0,,,"[1, 2, 3, 4, 5, 6, 7, 9, 10, 11, 12, 13]",0.6
C6H5S2,"{'C': 6, 'H': 5, 'S': 2}",140.98326750995,neutral,0,PPS,Polyphenylene Sulfide,neutral_loss,M | H shift +1 | -H2,0,1,,H2,,0.6
C6H6S,"{'C': 6, 'S': 1, 'H': 6}",110.01902136778,positive,1,PPS,Polyphenylene Sulfide,adduct,break 1 bond(s) | H | ; | break 1 bond(s) | H,1,0,H,,"[1, 2, 3, 4, 5, 6, 7, 9, 10, 11, 12, 13]",0.6
C18H13S4,"{'C': 18, 'H': 13, 'S': 4}",356.99001011659,negative,-1,PPS,Polyphenylene Sulfide,adduct,M + 2×repeat | -H,0,0,-H,,,0.59
C18H14S4,"{'C': 18, 'H': 14, 'S': 4}",357.99783514882,neutral,0,PPS,Polyphenylene Sulfide,oligomer,M + 2×repeat,0,0,,,,0.59
C18H15S4,"{'C': 18, 'H': 15, 'S': 4}",359.00566018105,positive,1,PPS,Polyphenylene Sulfide,adduct,M + 2×repeat | H,0,0,H,,,0.59
C6H5ClS2,"{'C': 6, 'H': 5, 'S': 2, 'Cl': 1}",175.95212019195,negative,-1,PPS,Polyphenylene Sulfide,adduct,M | H shift -1 | Cl,0,-1,Cl,,,0.58
C6H5KS2,"{'C': 6, 'H': 5, 'S': 2, 'K': 1}",179.94697399635,positive,1,PPS,Polyphenylene Sulfide,adduct,M | H shift -1 | K,0,-1,K,,,0.58
C6H5NaS2,"{'C': 6, 'H': 5, 'S': 2, 'Na': 1}",163.97303679195,positive,1,PPS,Polyphenylene Sulfide,adduct,M | H shift -1 | Na,0,-1,Na,,,0.58
C6H5OS2,"{'C': 6, 'H': 5, 'S': 2, 'O': 1}",156.97818212952,negative,-1,PPS,Polyphenylene Sulfide,adduct,M | H shift -1 | O,0,-1,O,,,0.58
C6H7ClS2,"{'C': 6, 'H': 7, 'S': 2, 'Cl': 1}",177.96777025641,negative,-1,PPS,Polyphenylene Sulfide,adduct,M | H shift +1 | Cl,0,1,Cl,,,0.58
C6H7KS2,"{'C': 6, 'H': 7, 'S': 2, 'K': 1}",181.96262406081,positive,1,PPS,Polyphenylene Sulfide,adduct,M | H shift +1 | K,0,1,K,,,0.58
C6H7NaS2,"{'C': 6, 'H': 7, 'S': 2, 'Na': 1}",165.98868685641,positive,1,PPS,Polyphenylene Sulfide,adduct,M | H shift +1 | Na,0,1,Na,,,0.58
C6H8OS2,"{'C': 6, 'H': 8, 'S': 2, 'O': 1}",160.00165722621,negative,-1,PPS,Polyphenylene Sulfide,adduct,M | H shift +1 | OH | ; | M | H shift +2 | O,0,1,OH,,,0.58
C11H7S3,"{'C': 11, 'H': 7, 'S': 3}",234.97098874881,neutral,0,PPS,Polyphenylene Sulfide,neutral_loss,M + 1×repeat | -CH3,0,0,,CH3,,0.5700000000000001
C12H11S3,"{'C': 12, 'H': 11, 'S': 3}",251.00228887773,negative,-1,PPS,Polyphenylene Sulfide,adduct,M + 1×repeat | H shift +2 | -H,0,2,-H,,,0.5700000000000001
C12H12S3,"{'C': 12, 'H': 12, 'S': 3}",252.01011390996,neutral,0,PPS,Polyphenylene Sulfide,h_shift,M + 1×repeat | H shift +2,0,2,,,,0.5700000000000001
C12H13S3,"{'C': 12, 'H': 13, 'S': 3}",253.01793894219,positive,1,PPS,Polyphenylene Sulfide,adduct,M + 1×repeat | H shift +2 | H,0,2,H,,,0.5700000000000001
C12H7S3,"{'C': 12, 'H': 7, 'S': 3}",246.97098874881,negative,-1,PPS,Polyphenylene Sulfide,adduct,M + 1×repeat | H shift -2 | -H,0,-2,-H,,,0.5700000000000001
C12H8S3,"{'C': 12, 'H': 8, 'S': 3}",247.97881378104,neutral,0,PPS,Polyphenylene Sulfide,h_shift,M + 1×repeat | H shift -2,0,-2,,,,0.5700000000000001
C12H8S3,"{'C': 12, 'H': 8, 'S': 3}",247.97881378104,neutral,0,PPS,Polyphenylene Sulfide,neutral_loss,M + 1×repeat | -H2,0,0,,H2,,0.5700000000000001
C12H9S3,"{'C': 12, 'H': 9, 'S': 3}",248.98663881327,positive,1,PPS,Polyphenylene Sulfide,adduct,M + 1×repeat | H shift -2 | H,0,-2,H,,,0.5700000000000001
C12H10ClS3,"{'C': 12, 'H': 10, 'S': 3, 'Cl': 1}",284.9633165275,negative,-1,PPS,Polyphenylene Sulfide,adduct,M + 1×repeat | Cl,0,0,Cl,,,0.55
C12H10KS3,"{'C': 12, 'H': 10, 'S': 3, 'K': 1}",288.9581703319,positive,1,PPS,Polyphenylene Sulfide,adduct,M + 1×repeat | K,0,0,K,,,0.55
C12H10NaS3,"{'C': 12, 'H': 10, 'S': 3, 'Na': 1}",272.9842331275,positive,1,PPS,Polyphenylene Sulfide,adduct,M + 1×repeat | Na,0,0,Na,,,0.55
C12H10OS3,"{'C': 12, 'H': 10, 'S': 3, 'O': 1}",265.98937846507,negative,-1,PPS,Polyphenylene Sulfide,adduct,M + 1×repeat | O,0,0,O,,,0.55
C12H11OS3,"{'C': 12, 'H': 11, 'S': 3, 'O': 1}",266.9972034973,negative,-1,PPS,Polyphenylene Sulfide,adduct,M + 1×repeat | OH | ; | M + 1×repeat | H shift +1 | O,0,0,OH,,,0.55
C12H11S4,"{'C': 12, 'H': 11, 'S': 4}",282.97436005213,negative,-1,PPS,Polyphenylene Sulfide,dimer,2M | -H,0,0,-H,,,0.55
C12H13S4,"{'C': 12, 'H': 13, 'S': 4}",284.99001011659,positive,1,PPS,Polyphenylene Sulfide,dimer,2M | H,0,0,H,,,0.55
C5H5S2,"{'C': 5, 'H': 5, 'S': 2}",128.98326750995,neutral,0,PPS,Polyphenylene Sulfide,neutral_loss,M | H shift +2 | -CH3,0,2,,CH3,,0.55
C5HS2,"{'C': 5, 'H': 1, 'S': 2}",124.95196738103,neutral,0,PPS,Polyphenylene Sulfide,neutral_loss,M | H shift -2 | -CH3,0,-2,,CH3,,0.55
C6H2S2,"{'C': 6, 'H': 2, 'S': 2}",137.95979241326,neutral,0,PPS,Polyphenylene Sulfide,neutral_loss,M | H shift -2 | -H2,0,-2,,H2,,0.55
C6H6S2,"{'C': 6, 'H': 6, 'S': 2}",141.99109254218,neutral,0,PPS,Polyphenylene Sulfide,neutral_loss,M | H shift +2 | -H2,0,2,,H2,,0.55
C6H3S,"{'C': 6, 'S': 1, 'H': 3}",106.99554627109,negative,-1,PPS,Polyphenylene Sulfide,adduct,break 1 bond(s) | H shift -1 | -H | ; | break 1 bond(s) | H shift -1 | -H,1,-1,-H,,"[1, 2, 3, 4, 5, 6, 7, 9, 10, 11, 12, 13]",0.5499999999999999
C6H4S,"{'C': 6, 'S': 1, 'H': 4}",108.00337130332,neutral,0,PPS,Polyphenylene Sulfide,h_shift,break 1 bond(s) | H shift -1 | ; | break 1 bond(s) | H shift -1,1,-1,,,"[1, 2, 3, 4, 5, 6, 7, 9, 10, 11, 12, 13]",0.5499999999999999
C6H5S,"{'C': 6, 'S': 1, 'H': 5}",109.01119633555,positive,1,PPS,Polyphenylene Sulfide,adduct,break 1 bond(s) | H shift -1 | H | ; | break 1 bond(s) | H shift -1 | H,1,-1,H,,"[1, 2, 3, 4, 5, 6, 7, 9, 10, 11, 12, 13]",0.5499999999999999
C6H5S,"{'C': 6, 'S': 1, 'H': 5}",109.01119633555,negative,-1,PPS,Polyphenylene Sulfide,adduct,break 1 bond(s) | H shift +1 | -H | ; | break 1 bond(s) | H shift +1 | -H,1,1,-H,,"[1, 2, 3, 4, 5, 6, 7, 9, 10, 11, 12, 13]",0.5499999999999999
C6H6S,"{'C': 6, 'S': 1, 'H': 6}",110.01902136778,neutral,0,PPS,Polyphenylene Sulfide,h_shift,break 1 bond(s) | H shift +1 | ; | break 1 bond(s) | H shift +1,1,1,,,"[1, 2, 3, 4, 5, 6, 7, 9, 10, 11, 12, 13]",0.5499999999999999
C6H7S,"{'C': 6, 'S': 1, 'H': 7}",111.02684640001,positive,1,PPS,Polyphenylene Sulfide,adduct,break 1 bond(s) | H shift +1 | H | ; | break 1 bond(s) | H shift +1 | H,1,1,H,,"[1, 2, 3, 4, 5, 6, 7, 9, 10, 11, 12, 13]",0.5499999999999999
C18H12S4,"{'C': 18, 'H': 12, 'S': 4}",355.98218508436,negative,-1,PPS,Polyphenylene Sulfide,adduct,M + 2×repeat | H shift -1 | -H,0,-1,-H,,,0.5399999999999999
C18H13S4,"{'C': 18, 'H': 13, 'S': 4}",356.99001011659,neutral,0,PPS,Polyphenylene Sulfide,h_shift,M + 2×repeat | H shift -1,0,-1,,,,0.5399999999999999
C18H14S4,"{'C': 18, 'H': 14, 'S': 4}",357.99783514882,positive,1,PPS,Polyphenylene Sulfide,adduct,M + 2×repeat | H shift -1 | H,0,-1,H,,,0.5399999999999999
C18H14S4,"{'C': 18, 'H': 14, 'S': 4}",357.99783514882,negative,-1,PPS,Polyphenylene Sulfide,adduct,M + 2×repeat | H shift +1 | -H,0,1,-H,,,0.5399999999999999
C18H15S4,"{'C': 18, 'H': 15, 'S': 4}",359.00566018105,neutral,0,PPS,Polyphenylene Sulfide,h_shift,M + 2×repeat | H shift +1,0,1,,,,0.5399999999999999
C18H16S4,"{'C': 18, 'H': 16, 'S': 4}",360.01348521328,positive,1,PPS,Polyphenylene Sulfide,adduct,M + 2×repeat | H shift +1 | H,0,1,H,,,0.5399999999999999
C6H4ClS2,"{'C': 6, 'H': 4, 'S': 2, 'Cl': 1}",174.94429515971999,negative,-1,PPS,Polyphenylene Sulfide,adduct,M | H shift -2 | Cl,0,-2,Cl,,,0.53
C6H4KS2,"{'C': 6, 'H': 4, 'S': 2, 'K': 1}",178.93914896412,positive,1,PPS,Polyphenylene Sulfide,adduct,M | H shift -2 | K,0,-2,K,,,0.53
C6H4NaS2,"{'C': 6, 'H': 4, 'S': 2, 'Na': 1}",162.96521175972,positive,1,PPS,Polyphenylene Sulfide,adduct,M | H shift -2 | Na,0,-2,Na,,,0.53
C6H4OS2,"{'C': 6, 'H': 4, 'S': 2, 'O': 1}",155.97035709729,negative,-1,PPS,Polyphenylene Sulfide,adduct,M | H shift -2 | O,0,-2,O,,,0.53
C6H8ClS2,"{'C': 6, 'H': 8, 'S': 2, 'Cl': 1}",178.97559528864,negative,-1,PPS,Polyphenylene Sulfide,adduct,M | H shift +2 | Cl,0,2,Cl,,,0.53
C6H8KS2,"{'C': 6, 'H': 8, 'S': 2, 'K': 1}",182.97044909304,positive,1,PPS,Polyphenylene Sulfide,adduct,M | H shift +2 | K,0,2,K,,,0.53
C6H8NaS2,"{'C': 6, 'H': 8, 'S': 2, 'Na': 1}",166.99651188864,positive,1,PPS,Polyphenylene Sulfide,adduct,M | H shift +2 | Na,0,2,Na,,,0.53
C6H9OS2,"{'C': 6, 'H': 9, 'S': 2, 'O': 1}",161.00948225844,negative,-1,PPS,Polyphenylene Sulfide,adduct,M | H shift +2 | OH,0,2,OH,,,0.53
C11H6S3,"{'C': 11, 'H': 6, 'S': 3}",233.96316371658,neutral,0,PPS,Polyphenylene Sulfide,neutral_loss,M + 1×repeat | H shift -1 | -CH3,0,-1,,CH3,,0.52
C11H8S3,"{'C': 11, 'H': 8, 'S': 3}",235.97881378104,neutral,0,PPS,Polyphenylene Sulfide,neutral_loss,M + 1×repeat | H shift +1 | -CH3,0,1,,CH3,,0.52
C12H10S2,"{'C': 12, 'S': 2, 'H': 10}",218.0223926711,positive,1,PPS,Polyphenylene Sulfide,adduct,break 1 bond(s) + 1×repeat | H | ; | break 1 bond(s) + 1×repeat | H,1,0,H,,"[1, 2, 3, 4, 5, 6, 7, 9, 10, 11, 12, 13]",0.52
C12H7S3,"{'C': 12, 'H': 7, 'S': 3}",246.97098874881,neutral,0,PPS,Polyphenylene Sulfide,neutral_loss,M + 1×repeat | H shift -1 | -H2,0,-1,,H2,,0.52
C12H8S2,"{'C': 12, 'S': 2, 'H': 8}",216.00674260664,negative,-1,PPS,Polyphenylene Sulfide,adduct,break 1 bond(s) + 1×repeat | -H | ; | break 1 bond(s) + 1×repeat | -H,1,0,-H,,"[1, 2, 3, 4, 5, 6, 7, 9, 10, 11, 12, 13]",0.52
C12H9S2,"{'C': 12, 'S': 2, 'H': 9}",217.01456763887,neutral,0,PPS,Polyphenylene Sulfide,fragment,break 1 bond(s) + 1×repeat | ; | break 1 bond(s) + 1×repeat,1,0,,,"[1, 2, 3, 4, 5, 6, 7, 9, 10, 11, 12, 13]",0.52
C12H9S3,"{'C': 12, 'H': 9, 'S': 3}",248.98663881327,neutral,0,PPS,Polyphenylene Sulfide,neutral_loss,M + 1×repeat | H shift +1 | -H2,0,1,,H2,,0.52
C24H17S5,"{'C': 24, 'H': 17, 'S': 5}",464.99338141991,negative,-1,PPS,Polyphenylene Sulfide,adduct,M + 3×repeat | -H,0,0,-H,,,0.51
C24H18S5,"{'C': 24, 'H': 18, 'S': 5}",466.00120645214,neutral,0,PPS,Polyphenylene Sulfide,oligomer,M + 3×repeat,0,0,,,,0.51
C24H19S5,"{'C': 24, 'H': 19, 'S': 5}",467.00903148437,positive,1,PPS,Polyphenylene Sulfide,adduct,M + 3×repeat | H,0,0,H,,,0.51
C5H2S,"{'C': 5, 'S': 1, 'H': 2}",93.98772123886,neutral,0,PPS,Polyphenylene Sulfide,neutral_loss,break 1 bond(s) | -CH3 | ; | break 1 bond(s) | -CH3,1,0,,CH3,"[1, 2, 3, 4, 5, 6, 7, 9, 10, 11, 12, 13]",0.5
C6H2S,"{'C': 6, 'S': 1, 'H': 2}",105.98772123886,negative,-1,PPS,Polyphenylene Sulfide,adduct,break 1 bond(s) | H shift -2 | -H | ; | break 1 bond(s) | H shift -2 | -H,1,-2,-H,,"[1, 2, 3, 4, 5, 6, 7, 9, 10, 11, 12, 13]",0.5
C6H3S,"{'C': 6, 'S': 1, 'H': 3}",106.99554627109,neutral,0,PPS,Polyphenylene Sulfide,h_shift,break 1 bond(s) | H shift -2 | ; | break 1 bond(s) | H shift -2,1,-2,,,"[1, 2, 3, 4, 5, 6, 7, 9, 10, 11, 12, 13]",0.5
C6H3S,"{'C': 6, 'S': 1, 'H': 3}",106.99554627109,neutral,0,PPS,Polyphenylene Sulfide,neutral_loss,break 1 bond(s) | -H2 | ; | break 1 bond(s) | -H2,1,0,,H2,"[1, 2, 3, 4, 5, 6, 7, 9, 10, 11, 12, 13]",0.5
C6H4S,"{'C': 6, 'S': 1, 'H': 4}",108.00337130332,positive,1,PPS,Polyphenylene Sulfide,adduct,break 1 bond(s) | H shift -2 | H | ; | break 1 bond(s) | H shift -2 | H,1,-2,H,,"[1, 2, 3, 4, 5, 6, 7, 9, 10, 11, 12, 13]",0.5
C6H6S,"{'C': 6, 'S': 1, 'H': 6}",110.01902136778,negative,-1,PPS,Polyphenylene Sulfide,adduct,break 1 bond(s) | H shift +2 | -H | ; | break 1 bond(s) | H shift +2 | -H,1,2,-H,,"[1, 2, 3, 4, 5, 6, 7, 9, 10, 11, 12, 13]",0.5
C6H7S,"{'C': 6, 'S': 1, 'H': 7}",111.02684640001,neutral,0,PPS,Polyphenylene Sulfide,h_shift,break 1 bond(s) | H shift +2 | ; | break 1 bond(s) | H shift +2,1,2,,,"[1, 2, 3, 4, 5, 6, 7, 9, 10, 11, 12, 13]",0.5
C6H8S,"{'C': 6, 'S': 1, 'H': 8}",112.03467143224,positive,1,PPS,Polyphenylene Sulfide,adduct,break 1 bond(s) | H shift +2 | H | ; | break 1 bond(s) | H shift +2 | H,1,2,H,,"[1, 2, 3, 4, 5, 6, 7, 9, 10, 11, 12, 13]",0.5
C12H11ClS3,"{'C': 12, 'H': 11, 'S': 3, 'Cl': 1}",285.97114155973,negative,-1,PPS,Polyphenylene Sulfide,adduct,M + 1×repeat | H shift +1 | Cl,0,1,Cl,,,0.49999999999999994
C12H11KS3,"{'C': 12, 'H': 11, 'S': 3, 'K': 1}",289.96599536413,positive,1,PPS,Polyphenylene Sulfide,adduct,M + 1×repeat | H shift +1 | K,0,1,K,,,0.49999999999999994
C12H11NaS3,"{'C': 12, 'H': 11, 'S': 3, 'Na': 1}",273.99205815973,positive,1,PPS,Polyphenylene Sulfide,adduct,M + 1×repeat | H shift +1 | Na,0,1,Na,,,0.49999999999999994
C12H12OS3,"{'C': 12, 'H': 12, 'S': 3, 'O': 1}",268.00502852953,negative,-1,PPS,Polyphenylene Sulfide,adduct,M + 1×repeat | H shift +1 | OH | ; | M + 1×repeat | H shift +2 | O,0,1,OH,,,0.49999999999999994
C12H9ClS3,"{'C': 12, 'H': 9, 'S': 3, 'Cl': 1}",283.95549149527,negative,-1,PPS,Polyphenylene Sulfide,adduct,M + 1×repeat | H shift -1 | Cl,0,-1,Cl,,,0.49999999999999994
C12H9KS3,"{'C': 12, 'H': 9, 'S': 3, 'K': 1}",287.95034529967,positive,1,PPS,Polyphenylene Sulfide,adduct,M + 1×repeat | H shift -1 | K,0,-1,K,,,0.49999999999999994
C12H9NaS3,"{'C': 12, 'H': 9, 'S': 3, 'Na': 1}",271.97640809527,positive,1,PPS,Polyphenylene Sulfide,adduct,M + 1×repeat | H shift -1 | Na,0,-1,Na,,,0.49999999999999994
C12H9OS3,"{'C': 12, 'H': 9, 'S': 3, 'O': 1}",264.98155343284,negative,-1,PPS,Polyphenylene Sulfide,adduct,M + 1×repeat | H shift -1 | O,0,-1,O,,,0.49999999999999994
C17H11S4,"{'C': 17, 'H': 11, 'S': 4}",342.97436005213,neutral,0,PPS,Polyphenylene Sulfide,neutral_loss,M + 2×repeat | -CH3,0,0,,CH3,,0.49
C18H11S4,"{'C': 18, 'H': 11, 'S': 4}",354.97436005213,negative,-1,PPS,Polyphenylene Sulfide,adduct,M + 2×repeat | H shift -2 | -H,0,-2,-H,,,0.49
C18H12S4,"{'C': 18, 'H': 12, 'S': 4}",355.98218508436,neutral,0,PPS,Polyphenylene Sulfide,h_shift,M + 2×repeat | H shift -2,0,-2,,,,0.49
C18H12S4,"{'C': 18, 'H': 12, 'S': 4}",355.98218508436,neutral,0,PPS,Polyphenylene Sulfide,neutral_loss,M + 2×repeat | -H2,0,0,,H2,,0.49
C18H13S4,"{'C': 18, 'H': 13, 'S': 4}",356.99001011659,positive,1,PPS,Polyphenylene Sulfide,adduct,M + 2×repeat | H shift -2 | H,0,-2,H,,,0.49
C18H15S4,"{'C': 18, 'H': 15, 'S': 4}",359.00566018105,negative,-1,PPS,Polyphenylene Sulfide,adduct,M + 2×repeat | H shift +2 | -H,0,2,-H,,,0.49
C18H16S4,"{'C': 18, 'H': 16, 'S': 4}",360.01348521328,neutral,0,PPS,Polyphenylene Sulfide,h_shift,M + 2×repeat | H shift +2,0,2,,,,0.49
C18H17S4,"{'C': 18, 'H': 17, 'S': 4}",361.02131024551,positive,1,PPS,Polyphenylene Sulfide,adduct,M + 2×repeat | H shift +2 | H,0,2,H,,,0.49
C6H5ClS,"{'C': 6, 'S': 1, 'H': 5, 'Cl': 1}",143.98004901755,negative,-1,PPS,Polyphenylene Sulfide,adduct,break 1 bond(s) | Cl | ; | break 1 bond(s) | Cl,1,0,Cl,,"[1, 2, 3, 4, 5, 6, 7, 9, 10, 11, 12, 13]",0.48
C6H5KS,"{'C': 6, 'S': 1, 'H': 5, 'K': 1}",147.97490282195,positive,1,PPS,Polyphenylene Sulfide,adduct,break 1 bond(s) | K | ; | break 1 bond(s) | K,1,0,K,,"[1, 2, 3, 4, 5, 6, 7, 9, 10, 11, 12, 13]",0.48
C6H5NaS,"{'C': 6, 'S': 1, 'H': 5, 'Na': 1}",132.00096561755,positive,1,PPS,Polyphenylene Sulfide,adduct,break 1 bond(s) | Na | ; | break 1 bond(s) | Na,1,0,Na,,"[1, 2, 3, 4, 5, 6, 7, 9, 10, 11, 12, 13]",0.48
C6H5OS,"{'C': 6, 'S': 1, 'H': 5, 'O': 1}",125.00611095512,negative,-1,PPS,Polyphenylene Sulfide,adduct,break 1 bond(s) | O | ; | break 1 bond(s) | H shift -1 | OH | ; | break 1 bond(s) | O,1,0,O,,"[1, 2, 3, 4, 5, 6, 7, 9, 10, 11, 12, 13]",0.48
C6H6OS,"{'C': 6, 'S': 1, 'H': 6, 'O': 1}",126.01393598735,negative,-1,PPS,Polyphenylene Sulfide,adduct,break 1 bond(s) | OH | ; | break 1 bond(s) | H shift +1 | O | ; | break 1 bond(s) | OH,1,0,OH,,"[1, 2, 3, 4, 5, 6, 7, 9, 10, 11, 12, 13]",0.48
C11H5S3,"{'C': 11, 'H': 5, 'S': 3}",232.95533868435,neutral,0,PPS,Polyphenylene Sulfide,neutral_loss,M + 1×repeat | H shift -2 | -CH3,0,-2,,CH3,,0.47000000000000003
C11H9S3,"{'C': 11, 'H': 9, 'S': 3}",236.98663881327,neutral,0,PPS,Polyphenylene Sulfide,neutral_loss,M + 1×repeat | H shift +2 | -CH3,0,2,,CH3,,0.47000000000000003
C12H10S3,"{'C': 12, 'H': 10, 'S': 3}",249.9944638455,neutral,0,PPS,Polyphenylene Sulfide,neutral_loss,M + 1×repeat | H shift +2 | -H2,0,2,,H2,,0.47000000000000003
C12H6S3,"{'C': 12, 'H': 6, 'S': 3}",245.96316371658,neutral,0,PPS,Polyphenylene Sulfide,neutral_loss,M + 1×repeat | H shift -2 | -H2,0,-2,,H2,,0.47000000000000003
C18H14ClS4,"{'C': 18, 'H': 14, 'S': 4, 'Cl': 1}",392.96668783082,negative,-1,PPS,Polyphenylene Sulfide,adduct,M + 2×repeat | Cl,0,0,Cl,,,0.47
C18H14KS4,"{'C': 18, 'H': 14, 'S': 4, 'K': 1}",396.96154163522,positive,1,PPS,Polyphenylene Sulfide,adduct,M + 2×repeat | K,0,0,K,,,0.47
C18H14NaS4,"{'C': 18, 'H': 14, 'S': 4, 'Na': 1}",380.98760443082,positive,1,PPS,Polyphenylene Sulfide,adduct,M + 2×repeat | Na,0,0,Na,,,0.47
C18H14OS4,"{'C': 18, 'H': 14, 'S': 4, 'O': 1}",373.99274976839,negative,-1,PPS,Polyphenylene Sulfide,adduct,M + 2×repeat | O,0,0,O,,,0.47
C18H15OS4,"{'C': 18, 'H': 15, 'S': 4, 'O': 1}",375.00057480062,negative,-1,PPS,Polyphenylene Sulfide,adduct,M + 2×repeat | OH | ; | M + 2×repeat | H shift +1 | O,0,0,OH,,,0.47
C12H10S2,"{'C': 12, 'S': 2, 'H': 10}",218.0223926711,neutral,0,PPS,Polyphenylene Sulfide,h_shift,break 1 bond(s) + 1×repeat | H shift +1 | ; | break 1 bond(s) + 1×repeat | H shift +1,1,1,,,"[1, 2, 3, 4, 5, 6, 7, 9, 10, 11, 12, 13]",0.4699999999999999
C12H11S2,"{'C': 12, 'S': 2, 'H': 11}",219.03021770333,positive,1,PPS,Polyphenylene Sulfide,adduct,break 1 bond(s) + 1×repeat | H shift +1 | H | ; | break 1 bond(s) + 1×repeat | H shift +1 | H,1,1,H,,"[1, 2, 3, 4, 5, 6, 7, 9, 10, 11, 12, 13]",0.4699999999999999
C12H7S2,"{'C': 12, 'S': 2, 'H': 7}",214.99891757441,negative,-1,PPS,Polyphenylene Sulfide,adduct,break 1 bond(s) + 1×repeat | H shift -1 | -H | ; | break 1 bond(s) + 1×repeat | H shift -1 | -H,1,-1,-H,,"[1, 2, 3, 4, 5, 6, 7, 9, 10, 11, 12, 13]",0.4699999999999999
C12H8S2,"{'C': 12, 'S': 2, 'H': 8}",216.00674260664,neutral,0,PPS,Polyphenylene Sulfide,h_shift,break 1 bond(s) + 1×repeat | H shift -1 | ; | break 1 bond(s) + 1×repeat | H shift -1,1,-1,,,"[1, 2, 3, 4, 5, 6, 7, 9, 10, 11, 12, 13]",0.4699999999999999
C12H9S2,"{'C': 12, 'S': 2, 'H': 9}",217.01456763887,positive,1,PPS,Polyphenylene Sulfide,adduct,break 1 bond(s) + 1×repeat | H shift -1 | H | ; | break 1 bond(s) + 1×repeat | H shift -1 | H,1,-1,H,,"[1, 2, 3, 4, 5, 6, 7, 9, 10, 11, 12, 13]",0.4699999999999999
C12H9S2,"{'C': 12, 'S': 2, 'H': 9}",217.01456763887,negative,-1,PPS,Polyphenylene Sulfide,adduct,break 1 bond(s) + 1×repeat | H shift +1 | -H | ; | break 1 bond(s) + 1×repeat | H shift +1 | -H,1,1,-H,,"[1, 2, 3, 4, 5, 6, 7, 9, 10, 11, 12, 13]",0.4699999999999999
C24H16S5,"{'C': 24, 'H': 16, 'S': 5}",463.98555638768,negative,-1,PPS,Polyphenylene Sulfide,adduct,M + 3×repeat | H shift -1 | -H,0,-1,-H,,,0.45999999999999996
C24H17S5,"{'C': 24, 'H': 17, 'S': 5}",464.99338141991,neutral,0,PPS,Polyphenylene Sulfide,h_shift,M + 3×repeat | H shift -1,0,-1,,,,0.45999999999999996
C24H18S5,"{'C': 24, 'H': 18, 'S': 5}",466.00120645214,positive,1,PPS,Polyphenylene Sulfide,adduct,M + 3×repeat | H shift -1 | H,0,-1,H,,,0.45999999999999996
C24H18S5,"{'C': 24, 'H': 18, 'S': 5}",466.00120645214,negative,-1,PPS,Polyphenylene Sulfide,adduct,M + 3×repeat | H shift +1 | -H,0,1,-H,,,0.45999999999999996
C24H19S5,"{'C': 24, 'H': 19, 'S': 5}",467.00903148437,neutral,0,PPS,Polyphenylene Sulfide,h_shift,M + 3×repeat | H shift +1,0,1,,,,0.45999999999999996
C24H20S5,"{'C': 24, 'H': 20, 'S': 5}",468.0168565166,positive,1,PPS,Polyphenylene Sulfide,adduct,M + 3×repeat | H shift +1 | H,0,1,H,,,0.45999999999999996
C12H12ClS3,"{'C': 12, 'H': 12, 'S': 3, 'Cl': 1}",286.97896659196,negative,-1,PPS,Polyphenylene Sulfide,adduct,M + 1×repeat | H shift +2 | Cl,0,2,Cl,,,0.45
C12H12KS3,"{'C': 12, 'H': 12, 'S': 3, 'K': 1}",290.97382039636,positive,1,PPS,Polyphenylene Sulfide,adduct,M + 1×repeat | H shift +2 | K,0,2,K,,,0.45
C12H12NaS3,"{'C': 12, 'H': 12, 'S': 3, 'Na': 1}",274.99988319196,positive,1,PPS,Polyphenylene Sulfide,adduct,M + 1×repeat | H shift +2 | Na,0,2,Na,,,0.45
C12H13OS3,"{'C': 12, 'H': 13, 'S': 3, 'O': 1}",269.01285356176,negative,-1,PPS,Polyphenylene Sulfide,adduct,M + 1×repeat | H shift +2 | OH,0,2,OH,,,0.45
C12H8ClS3,"{'C': 12, 'H': 8, 'S': 3, 'Cl': 1}",282.94766646304,negative,-1,PPS,Polyphenylene Sulfide,adduct,M + 1×repeat | H shift -2 | Cl,0,-2,Cl,,,0.45
C12H8KS3,"{'C': 12, 'H': 8, 'S': 3, 'K': 1}",286.94252026744,positive,1,PPS,Polyphenylene Sulfide,adduct,M + 1×repeat | H shift -2 | K,0,-2,K,,,0.45
C12H8NaS3,"{'C': 12, 'H': 8, 'S': 3, 'Na': 1}",270.96858306304,positive,1,PPS,Polyphenylene Sulfide,adduct,M + 1×repeat | H shift -2 | Na,0,-2,Na,,,0.45
C12H8OS3,"{'C': 12, 'H': 8, 'S': 3, 'O': 1}",263.97372840061,negative,-1,PPS,Polyphenylene Sulfide,adduct,M + 1×repeat | H shift -2 | O,0,-2,O,,,0.45
C6H3,"{'C': 6, 'H': 3}",75.02347509669,negative,-1,PPS,Polyphenylene Sulfide,adduct,break 2 bond(s) | -H,2,0,-H,,"[1, 2, 3, 4, 6, 7, 9, 10, 12, 13]",0.45
C6H4,"{'C': 6, 'H': 4}",76.03130012892,neutral,0,PPS,Polyphenylene Sulfide,fragment,break 2 bond(s),2,0,,,"[1, 2, 3, 4, 6, 7, 9, 10, 12, 13]",0.45
C6H5,"{'C': 6, 'H': 5}",77.03912516115,positive,1,PPS,Polyphenylene Sulfide,adduct,break 2 bond(s) | H,2,0,H,,"[1, 2, 3, 4, 6, 7, 9, 10, 12, 13]",0.45
C5H3S,"{'C': 5, 'S': 1, 'H': 3}",94.99554627109,neutral,0,PPS,Polyphenylene Sulfide,neutral_loss,break 1 bond(s) | H shift +1 | -CH3 | ; | break 1 bond(s) | H shift +1 | -CH3,1,1,,CH3,"[1, 2, 3, 4, 5, 6, 7, 9, 10, 11, 12, 13]",0.44999999999999996
C5HS,"{'C': 5, 'S': 1, 'H': 1}",92.97989620663,neutral,0,PPS,Polyphenylene Sulfide,neutral_loss,break 1 bond(s) | H shift -1 | -CH3 | ; | break 1 bond(s) | H shift -1 | -CH3,1,-1,,CH3,"[1, 2, 3, 4, 5, 6, 7, 9, 10, 11, 12, 13]",0.44999999999999996
C6H2S,"{'C': 6, 'S': 1, 'H': 2}",105.98772123886,neutral,0,PPS,Polyphenylene Sulfide,neutral_loss,break 1 bond(s) | H shift -1 | -H2 | ; | break 1 bond(s) | H shift -1 | -H2,1,-1,,H2,"[1, 2, 3, 4, 5, 6, 7, 9, 10, 11, 12, 13]",0.44999999999999996
C6H4S,"{'C': 6, 'S': 1, 'H': 4}",108.00337130332,neutral,0,PPS,Polyphenylene Sulfide,neutral_loss,break 1 bond(s) | H shift +1 | -H2 | ; | break 1 bond(s) | H shift +1 | -H2,1,1,,H2,"[1, 2, 3, 4, 5, 6, 7, 9, 10, 11, 12, 13]",0.44999999999999996
C17H10S4,"{'C': 17, 'H': 10, 'S': 4}",341.9665350199,neutral,0,PPS,Polyphenylene Sulfide,neutral_loss,M + 2×repeat | H shift -1 | -CH3,0,-1,,CH3,,0.43999999999999995
C17H12S4,"{'C': 17, 'H': 12, 'S': 4}",343.98218508436,neutral,0,PPS,Polyphenylene Sulfide,neutral_loss,M + 2×repeat | H shift +1 | -CH3,0,1,,CH3,,0.43999999999999995
C18H11S4,"{'C': 18, 'H': 11, 'S': 4}",354.97436005213,neutral,0,PPS,Polyphenylene Sulfide,neutral_loss,M + 2×repeat | H shift -1 | -H2,0,-1,,H2,,0.43999999999999995
C18H12S3,"{'C': 18, 'S': 3, 'H': 12}",324.01011390996,negative,-1,PPS,Polyphenylene Sulfide,adduct,break 1 bond(s) + 2×repeat | -H | ; | break 1 bond(s) + 2×repeat | -H,1,0,-H,,"[1, 2, 3, 4, 5, 6, 7, 9, 10, 11, 12, 13]",0.43999999999999995
C18H13S3,"{'C': 18, 'S': 3, 'H': 13}",325.01793894218997,neutral,0,PPS,Polyphenylene Sulfide,fragment,break 1 bond(s) + 2×repeat | ; | break 1 bond(s) + 2×repeat,1,0,,,"[1, 2, 3, 4, 5, 6, 7, 9, 10, 11, 12, 13]",0.43999999999999995
C18H13S4,"{'C': 18, 'H': 13, 'S': 4}",356.99001011659,neutral,0,PPS,Polyphenylene Sulfide,neutral_loss,M + 2×repeat | H shift +1 | -H2,0,1,,H2,,0.43999999999999995
C18H14S3,"{'C': 18, 'S': 3, 'H': 14}",326.02576397442,positive,1,PPS,Polyphenylene Sulfide,adduct,break 1 bond(s) + 2×repeat | H | ; | break 1 bond(s) + 2×repeat | H,1,0,H,,"[1, 2, 3, 4, 5, 6, 7, 9, 10, 11, 12, 13]",0.43999999999999995
C12H12ClS4,"{'C': 12, 'H': 12, 'S': 4, 'Cl': 1}",318.95103776636,negative,-1,PPS,Polyphenylene Sulfide,dimer,2M | Cl,0,0,Cl,,,0.43
C12H12NaS4,"{'C': 12, 'H': 12, 'S': 4, 'Na': 1}",306.97195436636,positive,1,PPS,Polyphenylene Sulfide,dimer,2M | Na,0,0,Na,,,0.43
C30H21S6,"{'C': 30, 'H': 21, 'S': 6}",572.99675272323,negative,-1,PPS,Polyphenylene Sulfide,adduct,M + 4×repeat | -H,0,0,-H,,,0.43
C30H22S6,"{'C': 30, 'H': 22, 'S': 6}",574.00457775546,neutral,0,PPS,Polyphenylene Sulfide,oligomer,M + 4×repeat,0,0,,,,0.43
C30H23S6,"{'C': 30, 'H': 23, 'S': 6}",575.01240278769,positive,1,PPS,Polyphenylene Sulfide,adduct,M + 4×repeat | H,0,0,H,,,0.43
C6H4ClS,"{'C': 6, 'S': 1, 'H': 4, 'Cl': 1}",142.97222398532,negative,-1,PPS,Polyphenylene Sulfide,adduct,break 1 bond(s) | H shift -1 | Cl | ; | break 1 bond(s) | H shift -1 | Cl,1,-1,Cl,,"[1, 2, 3, 4, 5, 6, 7, 9, 10, 11, 12, 13]",0.42999999999999994
C6H4KS,"{'C': 6, 'S': 1, 'H': 4, 'K': 1}",146.96707778972,positive,1,PPS,Polyphenylene Sulfide,adduct,break 1 bond(s) | H shift -1 | K | ; | break 1 bond(s) | H shift -1 | K,1,-1,K,,"[1, 2, 3, 4, 5, 6, 7, 9, 10, 11, 12, 13]",0.42999999999999994
C6H4NaS,"{'C': 6, 'S': 1, 'H': 4, 'Na': 1}",130.99314058532,positive,1,PPS,Polyphenylene Sulfide,adduct,break 1 bond(s) | H shift -1 | Na | ; | break 1 bond(s) | H shift -1 | Na,1,-1,Na,,"[1, 2, 3, 4, 5, 6, 7, 9, 10, 11, 12, 13]",0.42999999999999994
C6H4OS,"{'C': 6, 'S': 1, 'H': 4, 'O': 1}",123.99828592289,negative,-1,PPS,Polyphenylene Sulfide,adduct,break 1 bond(s) | H shift -1 | O | ; | break 1 bond(s) | H shift -2 | OH | ; | break 1 bond(s) | H shift -1 | O,1,-1,O,,"[1, 2, 3, 4, 5, 6, 7, 9, 10, 11, 12, 13]",0.42999999999999994
C6H6ClS,"{'C': 6, 'S': 1, 'H': 6, 'Cl': 1}",144.98787404978,negative,-1,PPS,Polyphenylene Sulfide,adduct,break 1 bond(s) | H shift +1 | Cl | ; | break 1 bond(s) | H shift +1 | Cl,1,1,Cl,,"[1, 2, 3, 4, 5, 6, 7, 9, 10, 11, 12, 13]",0.42999999999999994
C6H6KS,"{'C': 6, 'S': 1, 'H': 6, 'K': 1}",148.98272785418,positive,1,PPS,Polyphenylene Sulfide,adduct,break 1 bond(s) | H shift +1 | K | ; | break 1 bond(s) | H shift +1 | K,1,1,K,,"[1, 2, 3, 4, 5, 6, 7, 9, 10, 11, 12, 13]",0.42999999999999994
C6H6NaS,"{'C': 6, 'S': 1, 'H': 6, 'Na': 1}",133.00879064978,positive,1,PPS,Polyphenylene Sulfide,adduct,break 1 bond(s) | H shift +1 | Na | ; | break 1 bond(s) | H shift +1 | Na,1,1,Na,,"[1, 2, 3, 4, 5, 6, 7, 9, 10, 11, 12, 13]",0.42999999999999994
C6H7OS,"{'C': 6, 'S': 1, 'H': 7, 'O': 1}",127.02176101958,negative,-1,PPS,Polyphenylene Sulfide,adduct,break 1 bond(s) | H shift +1 | OH | ; | break 1 bond(s) | H shift +2 | O | ; | break 1 bond(s) | H shift +1 | OH,1,1,OH,,"[1, 2, 3, 4, 5, 6, 7, 9, 10, 11, 12, 13]",0.42999999999999994
C11H6S2,"{'C': 11, 'S': 2, 'H': 6}",201.99109254218,neutral,0,PPS,Polyphenylene Sulfide,neutral_loss,break 1 bond(s) + 1×repeat | -CH3 | ; | break 1 bond(s) + 1×repeat | -CH3,1,0,,CH3,"[1, 2, 3, 4, 5, 6, 7, 9, 10, 11, 12, 13]",0.42
C12H10S2,"{'C': 12, 'S': 2, 'H': 10}",218.0223926711,negative,-1,PPS,Polyphenylene Sulfide,adduct,break 1 bond(s) + 1×repeat | H shift +2 | -H | ; | break 1 bond(s) + 1×repeat | H shift +2 | -H,1,2,-H,,"[1, 2, 3, 4, 5, 6, 7, 9, 10, 11, 12, 13]",0.42
C12H11S2,"{'C': 12, 'S': 2, 'H': 11}",219.03021770333,neutral,0,PPS,Polyphenylene Sulfide,h_shift,break 1 bond(s) + 1×repeat | H shift +2 | ; | break 1 bond(s) + 1×repeat | H shift +2,1,2,,,"[1, 2, 3, 4, 5, 6, 7, 9, 10, 11, 12, 13]",0.42
C12H12S2,"{'C': 12, 'S': 2, 'H': 12}",220.03804273556,positive,1,PPS,Polyphenylene Sulfide,adduct,break 1 bond(s) + 1×repeat | H shift +2 | H | ; | break 1 bond(s) + 1×repeat | H shift +2 | H,1,2,H,,"[1, 2, 3, 4, 5, 6, 7, 9, 10, 11, 12, 13]",0.42
C12H6S2,"{'C': 12, 'S': 2, 'H': 6}",213.99109254218,negative,-1,PPS,Polyphenylene Sulfide,adduct,break 1 bond(s) + 1×repeat | H shift -2 | -H | ; | break 1 bond(s) + 1×repeat | H shift -2 | -H,1,-2,-H,,"[1, 2, 3, 4, 5, 6, 7, 9, 10, 11, 12, 13]",0.42
C12H7S2,"{'C': 12, 'S': 2, 'H': 7}",214.99891757441,neutral,0,PPS,Polyphenylene Sulfide,h_shift,break 1 bond(s) + 1×repeat | H shift -2 | ; | break 1 bond(s) + 1×repeat | H shift -2,1,-2,,,"[1, 2, 3, 4, 5, 6, 7, 9, 10, 11, 12, 13]",0.42
C12H7S2,"{'C': 12, 'S': 2, 'H': 7}",214.99891757441,neutral,0,PPS,Polyphenylene Sulfide,neutral_loss,break 1 bond(s) + 1×repeat | -H2 | ; | break 1 bond(s) + 1×repeat | -H2,1,0,,H2,"[1, 2, 3, 4, 5, 6, 7, 9, 10, 11, 12, 13]",0.42
C12H8S2,"{'C': 12, 'S': 2, 'H': 8}",216.00674260664,positive,1,PPS,Polyphenylene Sulfide,adduct,break 1 bond(s) + 1×repeat | H shift -2 | H | ; | break 1 bond(s) + 1×repeat | H shift -2 | H,1,-2,H,,"[1, 2, 3, 4, 5, 6, 7, 9, 10, 11, 12, 13]",0.42
C18H13ClS4,"{'C': 18, 'H': 13, 'S': 4, 'Cl': 1}",391.95886279859,negative,-1,PPS,Polyphenylene Sulfide,adduct,M + 2×repeat | H shift -1 | Cl,0,-1,Cl,,,0.41999999999999993
C18H13KS4,"{'C': 18, 'H': 13, 'S': 4, 'K': 1}",395.95371660298997,positive,1,PPS,Polyphenylene Sulfide,adduct,M + 2×repeat | H shift -1 | K,0,-1,K,,,0.41999999999999993
C18H13NaS4,"{'C': 18, 'H': 13, 'S': 4, 'Na': 1}",379.97977939859,positive,1,PPS,Polyphenylene Sulfide,adduct,M + 2×repeat | H shift -1 | Na,0,-1,Na,,,0.41999999999999993
C18H13OS4,"{'C': 18, 'H': 13, 'S': 4, 'O': 1}",372.98492473616,negative,-1,PPS,Polyphenylene Sulfide,adduct,M + 2×repeat | H shift -1 | O,0,-1,O,,,0.41999999999999993
C18H15ClS4,"{'C': 18, 'H': 15, 'S': 4, 'Cl': 1}",393.97451286305,negative,-1,PPS,Polyphenylene Sulfide,adduct,M + 2×repeat | H shift +1 | Cl,0,1,Cl,,,0.41999999999999993
C18H15KS4,"{'C': 18, 'H': 15, 'S': 4, 'K': 1}",397.96936666745,positive,1,PPS,Polyphenylene Sulfide,adduct,M + 2×repeat | H shift +1 | K,0,1,K,,,0.41999999999999993
C18H15NaS4,"{'C': 18, 'H': 15, 'S': 4, 'Na': 1}",381.99542946305,positive,1,PPS,Polyphenylene Sulfide,adduct,M + 2×repeat | H shift +1 | Na,0,1,Na,,,0.41999999999999993
C18H16OS4,"{'C': 18, 'H': 16, 'S': 4, 'O': 1}",376.00839983285,negative,-1,PPS,Polyphenylene Sulfide,adduct,M + 2×repeat | H shift +1 | OH | ; | M + 2×repeat | H shift +2 | O,0,1,OH,,,0.41999999999999993
C23H15S5,"{'C': 23, 'H': 15, 'S': 5}",450.97773135545003,neutral,0,PPS,Polyphenylene Sulfide,neutral_loss,M + 3×repeat | -CH3,0,0,,CH3,,0.41000000000000003
C24H15S5,"{'C': 24, 'H': 15, 'S': 5}",462.97773135545003,negative,-1,PPS,Polyphenylene Sulfide,adduct,M + 3×repeat | H shift -2 | -H,0,-2,-H,,,0.41000000000000003
C24H16S5,"{'C': 24, 'H': 16, 'S': 5}",463.98555638768,neutral,0,PPS,Polyphenylene Sulfide,h_shift,M + 3×repeat | H shift -2,0,-2,,,,0.41000000000000003
C24H16S5,"{'C': 24, 'H': 16, 'S': 5}",463.98555638768,neutral,0,PPS,Polyphenylene Sulfide,neutral_loss,M + 3×repeat | -H2,0,0,,H2,,0.41000000000000003
C24H17S5,"{'C': 24, 'H': 17, 'S': 5}",464.99338141991,positive,1,PPS,Polyphenylene Sulfide,adduct,M + 3×repeat | H shift -2 | H,0,-2,H,,,0.41000000000000003
C24H19S5,"{'C': 24, 'H': 19, 'S': 5}",467.00903148437,negative,-1,PPS,Polyphenylene Sulfide,adduct,M + 3×repeat | H shift +2 | -H,0,2,-H,,,0.41000000000000003
C24H20S5,"{'C': 24, 'H': 20, 'S': 5}",468.0168565166,neutral,0,PPS,Polyphenylene Sulfide,h_shift,M + 3×repeat | H shift +2,0,2,,,,0.41000000000000003
C24H21S5,"{'C': 24, 'H': 21, 'S': 5}",469.02468154883,positive,1,PPS,Polyphenylene Sulfide,adduct,M + 3×repeat | H shift +2 | H,0,2,H,,,0.41000000000000003
C5H4S,"{'C': 5, 'S': 1, 'H': 4}",96.00337130332,neutral,0,PPS,Polyphenylene Sulfide,neutral_loss,break 1 bond(s) | H shift +2 | -CH3 | ; | break 1 bond(s) | H shift +2 | -CH3,1,2,,CH3,"[1, 2, 3, 4, 5, 6, 7, 9, 10, 11, 12, 13]",0.4
C5S,"{'C': 5, 'S': 1}",91.9720711744,neutral,0,PPS,Polyphenylene Sulfide,neutral_loss,break 1 bond(s) | H shift -2 | -CH3 | ; | break 1 bond(s) | H shift -2 | -CH3,1,-2,,CH3,"[1, 2, 3, 4, 5, 6, 7, 9, 10, 11, 12, 13]",0.4
C6H2,"{'C': 6, 'H': 2}",74.01565006446,negative,-1,PPS,Polyphenylene Sulfide,adduct,break 2 bond(s) | H shift -1 | -H,2,-1,-H,,"[1, 2, 3, 4, 6, 7, 9, 10, 12, 13]",0.4
C6H3,"{'C': 6, 'H': 3}",75.02347509669,neutral,0,PPS,Polyphenylene Sulfide,h_shift,break 2 bond(s) | H shift -1,2,-1,,,"[1, 2, 3, 4, 6, 7, 9, 10, 12, 13]",0.4
C6H4,"{'C': 6, 'H': 4}",76.03130012892,positive,1,PPS,Polyphenylene Sulfide,adduct,break 2 bond(s) | H shift -1 | H,2,-1,H,,"[1, 2, 3, 4, 6, 7, 9, 10, 12, 13]",0.4
C6H4,"{'C': 6, 'H': 4}",76.03130012892,negative,-1,PPS,Polyphenylene Sulfide,adduct,break 2 bond(s) | H shift +1 | -H,2,1,-H,,"[1, 2, 3, 4, 6, 7, 9, 10, 12, 13]",0.4
C6H5,"{'C': 6, 'H': 5}",77.03912516115,neutral,0,PPS,Polyphenylene Sulfide,h_shift,break 2 bond(s) | H shift +1,2,1,,,"[1, 2, 3, 4, 6, 7, 9, 10, 12, 13]",0.4
C6H5S,"{'C': 6, 'S': 1, 'H': 5}",109.01119633555,neutral,0,PPS,Polyphenylene Sulfide,neutral_loss,break 1 bond(s) | H shift +2 | -H2 | ; | break 1 bond(s) | H shift +2 | -H2,1,2,,H2,"[1, 2, 3, 4, 5, 6, 7, 9, 10, 11, 12, 13]",0.4
C6H6,"{'C': 6, 'H': 6}",78.04695019338,positive,1,PPS,Polyphenylene Sulfide,adduct,break 2 bond(s) | H shift +1 | H,2,1,H,,"[1, 2, 3, 4, 6, 7, 9, 10, 12, 13]",0.4
C6HS,"{'C': 6, 'S': 1, 'H': 1}",104.97989620663,neutral,0,PPS,Polyphenylene Sulfide,neutral_loss,break 1 bond(s) | H shift -2 | -H2 | ; | break 1 bond(s) | H shift -2 | -H2,1,-2,,H2,"[1, 2, 3, 4, 5, 6, 7, 9, 10, 11, 12, 13]",0.4
C12H10OS2,"{'C': 12, 'S': 2, 'H': 10, 'O': 1}",234.01730729067,negative,-1,PPS,Polyphenylene Sulfide,adduct,break 1 bond(s) + 1×repeat | OH | ; | break 1 bond(s) + 1×repeat | H shift +1 | O | ; | break 1 bond(s) + 1×repeat | OH,1,0,OH,,"[1, 2, 3, 4, 5, 6, 7, 9, 10, 11, 12, 13]",0.39999999999999997
C12H9ClS2,"{'C': 12, 'S': 2, 'H': 9, 'Cl': 1}",251.98342032087,negative,-1,PPS,Polyphenylene Sulfide,adduct,break 1 bond(s) + 1×repeat | Cl | ; | break 1 bond(s) + 1×repeat | Cl,1,0,Cl,,"[1, 2, 3, 4, 5, 6, 7, 9, 10, 11, 12, 13]",0.39999999999999997
C12H9KS2,"{'C': 12, 'S': 2, 'H': 9, 'K': 1}",255.97827412527,positive,1,PPS,Polyphenylene Sulfide,adduct,break 1 bond(s) + 1×repeat | K | ; | break 1 bond(s) + 1×repeat | K,1,0,K,,"[1, 2, 3, 4, 5, 6, 7, 9, 10, 11, 12, 13]",0.39999999999999997
C12H9NaS2,"{'C': 12, 'S': 2, 'H': 9, 'Na': 1}",240.00433692087,positive,1,PPS,Polyphenylene Sulfide,adduct,break 1 bond(s) + 1×repeat | Na | ; | break 1 bond(s) + 1×repeat | Na,1,0,Na,,"[1, 2, 3, 4, 5, 6, 7, 9, 10, 11, 12, 13]",0.39999999999999997
C12H9OS2,"{'C': 12, 'S': 2, 'H': 9, 'O': 1}",233.00948225844,negative,-1,PPS,Polyphenylene Sulfide,adduct,break 1 bond(s) + 1×repeat | O | ; | break 1 bond(s) + 1×repeat | H shift -1 | OH | ; | break 1 bond(s) + 1×repeat | O,1,0,O,,"[1, 2, 3, 4, 5, 6, 7, 9, 10, 11, 12, 13]",0.39999999999999997
C17H13S4,"{'C': 17, 'H': 13, 'S': 4}",344.99001011659,neutral,0,PPS,Polyphenylene Sulfide,neutral_loss,M + 2×repeat | H shift +2 | -CH3,0,2,,CH3,,0.39
C17H9S4,"{'C': 17, 'H': 9, 'S': 4}",340.95870998767,neutral,0,PPS,Polyphenylene Sulfide,neutral_loss,M + 2×repeat | H shift -2 | -CH3,0,-2,,CH3,,0.39
C18H10S4,"{'C': 18, 'H': 10, 'S': 4}",353.9665350199,neutral,0,PPS,Polyphenylene Sulfide,neutral_loss,M + 2×repeat | H shift -2 | -H2,0,-2,,H2,,0.39
C18H14S4,"{'C': 18, 'H': 14, 'S': 4}",357.99783514882,neutral,0,PPS,Polyphenylene Sulfide,neutral_loss,M + 2×repeat | H shift +2 | -H2,0,2,,H2,,0.39
C24H18ClS5,"{'C': 24, 'H': 18, 'S': 5, 'Cl': 1}",500.97005913414,negative,-1,PPS,Polyphenylene Sulfide,adduct,M + 3×repeat | Cl,0,0,Cl,,,0.39
C24H18KS5,"{'C': 24, 'H': 18, 'S': 5, 'K': 1}",504.96491293854,positive,1,PPS,Polyphenylene Sulfide,adduct,M + 3×repeat | K,0,0,K,,,0.39
C24H18NaS5,"{'C': 24, 'H': 18, 'S': 5, 'Na': 1}",488.99097573414,positive,1,PPS,Polyphenylene Sulfide,adduct,M + 3×repeat | Na,0,0,Na,,,0.39
C24H18OS5,"{'C': 24, 'H': 18, 'S': 5, 'O': 1}",481.99612107171004,negative,-1,PPS,Polyphenylene Sulfide,adduct,M + 3×repeat | O,0,0,O,,,0.39
C24H19OS5,"{'C': 24, 'H': 19, 'S': 5, 'O': 1}",483.00394610394,negative,-1,PPS,Polyphenylene Sulfide,adduct,M + 3×repeat | OH | ; | M + 3×repeat | H shift +1 | O,0,0,OH,,,0.39
C18H11S3,"{'C': 18, 'S': 3, 'H': 11}",323.00228887773,negative,-1,PPS,Polyphenylene Sulfide,adduct,break 1 bond(s) + 2×repeat | H shift -1 | -H | ; | break 1 bond(s) + 2×repeat | H shift -1 | -H,1,-1,-H,,"[1, 2, 3, 4, 5, 6, 7, 9, 10, 11, 12, 13]",0.3899999999999999
C18H12S3,"{'C': 18, 'S': 3, 'H': 12}",324.01011390996,neutral,0,PPS,Polyphenylene Sulfide,h_shift,break 1 bond(s) + 2×repeat | H shift -1 | ; | break 1 bond(s) + 2×repeat | H shift -1,1,-1,,,"[1, 2, 3, 4, 5, 6, 7, 9, 10, 11, 12, 13]",0.3899999999999999
C18H13S3,"{'C': 18, 'S': 3, 'H': 13}",325.01793894218997,positive,1,PPS,Polyphenylene Sulfide,adduct,break 1 bond(s) + 2×repeat | H shift -1 | H | ; | break 1 bond(s) + 2×repeat | H shift -1 | H,1,-1,H,,"[1, 2, 3, 4, 5, 6, 7, 9, 10, 11, 12, 13]",0.3899999999999999
C18H13S3,"{'C': 18, 'S': 3, 'H': 13}",325.01793894218997,negative,-1,PPS,Polyphenylene Sulfide,adduct,break 1 bond(s) + 2×repeat | H shift +1 | -H | ; | break 1 bond(s) + 2×repeat | H shift +1 | -H,1,1,-H,,"[1, 2, 3, 4, 5, 6, 7, 9, 10, 11, 12, 13]",0.3899999999999999
C18H14S3,"{'C': 18, 'S': 3, 'H': 14}",326.02576397442,neutral,0,PPS,Polyphenylene Sulfide,h_shift,break 1 bond(s) + 2×repeat | H shift +1 | ; | break 1 bond(s) + 2×repeat | H shift +1,1,1,,,"[1, 2, 3, 4, 5, 6, 7, 9, 10, 11, 12, 13]",0.3899999999999999
C18H15S3,"{'C': 18, 'S': 3, 'H': 15}",327.03358900665,positive,1,PPS,Polyphenylene Sulfide,adduct,break 1 bond(s) + 2×repeat | H shift +1 | H | ; | break 1 bond(s) + 2×repeat | H shift +1 | H,1,1,H,,"[1, 2, 3, 4, 5, 6, 7, 9, 10, 11, 12, 13]",0.3899999999999999
C6H3ClS,"{'C': 6, 'S': 1, 'H': 3, 'Cl': 1}",141.96439895309,negative,-1,PPS,Polyphenylene Sulfide,adduct,break 1 bond(s) | H shift -2 | Cl | ; | break 1 bond(s) | H shift -2 | Cl,1,-2,Cl,,"[1, 2, 3, 4, 5, 6, 7, 9, 10, 11, 12, 13]",0.38
C6H3KS,"{'C': 6, 'S': 1, 'H': 3, 'K': 1}",145.95925275749,positive,1,PPS,Polyphenylene Sulfide,adduct,break 1 bond(s) | H shift -2 | K | ; | break 1 bond(s) | H shift -2 | K,1,-2,K,,"[1, 2, 3, 4, 5, 6, 7, 9, 10, 11, 12, 13]",0.38
C6H3NaS,"{'C': 6, 'S': 1, 'H': 3, 'Na': 1}",129.98531555309,positive,1,PPS,Polyphenylene Sulfide,adduct,break 1 bond(s) | H shift -2 | Na | ; | break 1 bond(s) | H shift -2 | Na,1,-2,Na,,"[1, 2, 3, 4, 5, 6, 7, 9, 10, 11, 12, 13]",0.38
C6H3OS,"{'C': 6, 'S': 1, 'H': 3, 'O': 1}",122.99046089066,negative,-1,PPS,Polyphenylene Sulfide,adduct,break 1 bond(s) | H shift -2 | O | ; | break 1 bond(s) | H shift -2 | O,1,-2,O,,"[1, 2, 3, 4, 5, 6, 7, 9, 10, 11, 12, 13]",0.38
C6H7ClS,"{'C': 6, 'S': 1, 'H': 7, 'Cl': 1}",145.99569908201,negative,-1,PPS,Polyphenylene Sulfide,adduct,break 1 bond(s) | H shift +2 | Cl | ; | break 1 bond(s) | H shift +2 | Cl,1,2,Cl,,"[1, 2, 3, 4, 5, 6, 7, 9, 10, 11, 12, 13]",0.38
C6H7KS,"{'C': 6, 'S': 1, 'H': 7, 'K': 1}",149.99055288641,positive,1,PPS,Polyphenylene Sulfide,adduct,break 1 bond(s) | H shift +2 | K | ; | break 1 bond(s) | H shift +2 | K,1,2,K,,"[1, 2, 3, 4, 5, 6, 7, 9, 10, 11, 12, 13]",0.38
C6H7NaS,"{'C': 6, 'S': 1, 'H': 7, 'Na': 1}",134.01661568201,positive,1,PPS,Polyphenylene Sulfide,adduct,break 1 bond(s) | H shift +2 | Na | ; | break 1 bond(s) | H shift +2 | Na,1,2,Na,,"[1, 2, 3, 4, 5, 6, 7, 9, 10, 11, 12, 13]",0.38
C6H8OS,"{'C': 6, 'S': 1, 'H': 8, 'O': 1}",128.02958605180999,negative,-1,PPS,Polyphenylene Sulfide,adduct,break 1 bond(s) | H shift +2 | OH | ; | break 1 bond(s) | H shift +2 | OH,1,2,OH,,"[1, 2, 3, 4, 5, 6, 7, 9, 10, 11, 12, 13]",0.38
C30H20S6,"{'C': 30, 'H': 20, 'S': 6}",571.988927691,negative,-1,PPS,Polyphenylene Sulfide,adduct,M + 4×repeat | H shift -1 | -H,0,-1,-H,,,0.37999999999999995
C30H21S6,"{'C': 30, 'H': 21, 'S': 6}",572.99675272323,neutral,0,PPS,Polyphenylene Sulfide,h_shift,M + 4×repeat | H shift -1,0,-1,,,,0.37999999999999995
C30H22S6,"{'C': 30, 'H': 22, 'S': 6}",574.00457775546,positive,1,PPS,Polyphenylene Sulfide,adduct,M + 4×repeat | H shift -1 | H,0,-1,H,,,0.37999999999999995
C30H22S6,"{'C': 30, 'H': 22, 'S': 6}",574.00457775546,negative,-1,PPS,Polyphenylene Sulfide,adduct,M + 4×repeat | H shift +1 | -H,0,1,-H,,,0.37999999999999995
C30H23S6,"{'C': 30, 'H': 23, 'S': 6}",575.01240278769,neutral,0,PPS,Polyphenylene Sulfide,h_shift,M + 4×repeat | H shift +1,0,1,,,,0.37999999999999995
C30H24S6,"{'C': 30, 'H': 24, 'S': 6}",576.02022781992,positive,1,PPS,Polyphenylene Sulfide,adduct,M + 4×repeat | H shift +1 | H,0,1,H,,,0.37999999999999995
C12H7S,"{'C': 12, 'H': 7, 'S': 1}",183.02684640001,negative,-1,PPS,Polyphenylene Sulfide,adduct,break 2 bond(s) + 1×repeat | -H,2,0,-H,,"[1, 2, 3, 4, 6, 7, 9, 10, 12, 13]",0.37
C12H8S,"{'C': 12, 'H': 8, 'S': 1}",184.03467143224,neutral,0,PPS,Polyphenylene Sulfide,fragment,break 2 bond(s) + 1×repeat,2,0,,,"[1, 2, 3, 4, 6, 7, 9, 10, 12, 13]",0.37
C12H9S,"{'C': 12, 'H': 9, 'S': 1}",185.04249646447,positive,1,PPS,Polyphenylene Sulfide,adduct,break 2 bond(s) + 1×repeat | H,2,0,H,,"[1, 2, 3, 4, 6, 7, 9, 10, 12, 13]",0.37
C18H12ClS4,"{'C': 18, 'H': 12, 'S': 4, 'Cl': 1}",390.95103776636,negative,-1,PPS,Polyphenylene Sulfide,adduct,M + 2×repeat | H shift -2 | Cl,0,-2,Cl,,,0.37
C18H12KS4,"{'C': 18, 'H': 12, 'S': 4, 'K': 1}",394.94589157076,positive,1,PPS,Polyphenylene Sulfide,adduct,M + 2×repeat | H shift -2 | K,0,-2,K,,,0.37
C18H12NaS4,"{'C': 18, 'H': 12, 'S': 4, 'Na': 1}",378.97195436636,positive,1,PPS,Polyphenylene Sulfide,adduct,M + 2×repeat | H shift -2 | Na,0,-2,Na,,,0.37
C18H12OS4,"{'C': 18, 'H': 12, 'S': 4, 'O': 1}",371.97709970393,negative,-1,PPS,Polyphenylene Sulfide,adduct,M + 2×repeat | H shift -2 | O,0,-2,O,,,0.37
C18H16ClS4,"{'C': 18, 'H': 16, 'S': 4, 'Cl': 1}",394.98233789528,negative,-1,PPS,Polyphenylene Sulfide,adduct,M + 2×repeat | H shift +2 | Cl,0,2,Cl,,,0.37
C18H16KS4,"{'C': 18, 'H': 16, 'S': 4, 'K': 1}",398.97719169968,positive,1,PPS,Polyphenylene Sulfide,adduct,M + 2×repeat | H shift +2 | K,0,2,K,,,0.37
C18H16NaS4,"{'C': 18, 'H': 16, 'S': 4, 'Na': 1}",383.00325449528,positive,1,PPS,Polyphenylene Sulfide,adduct,M + 2×repeat | H shift +2 | Na,0,2,Na,,,0.37
C18H17OS4,"{'C': 18, 'H': 17, 'S': 4, 'O': 1}",377.01622486508,negative,-1,PPS,Polyphenylene Sulfide,adduct,M + 2×repeat | H shift +2 | OH,0,2,OH,,,0.37
C11H5S2,"{'C': 11, 'S': 2, 'H': 5}",200.98326750995,neutral,0,PPS,Polyphenylene Sulfide,neutral_loss,break 1 bond(s) + 1×repeat | H shift -1 | -CH3 | ; | break 1 bond(s) + 1×repeat | H shift -1 | -CH3,1,-1,,CH3,"[1, 2, 3, 4, 5, 6, 7, 9, 10, 11, 12, 13]",0.36999999999999994
C11H7S2,"{'C': 11, 'S': 2, 'H': 7}",202.99891757441,neutral,0,PPS,Polyphenylene Sulfide,neutral_loss,break 1 bond(s) + 1×repeat | H shift +1 | -CH3 | ; | break 1 bond(s) + 1×repeat | H shift +1 | -CH3,1,1,,CH3,"[1, 2, 3, 4, 5, 6, 7, 9, 10, 11, 12, 13]",0.36999999999999994
C12H6S2,"{'C': 12, 'S': 2, 'H': 6}",213.99109254218,neutral,0,PPS,Polyphenylene Sulfide,neutral_loss,break 1 bond(s) + 1×repeat | H shift -1 | -H2 | ; | break 1 bond(s) + 1×repeat | H shift -1 | -H2,1,-1,,H2,"[1, 2, 3, 4, 5, 6, 7, 9, 10, 11, 12, 13]",0.36999999999999994
C12H8S2,"{'C': 12, 'S': 2, 'H': 8}",216.00674260664,neutral,0,PPS,Polyphenylene Sulfide,neutral_loss,break 1 bond(s) + 1×repeat | H shift +1 | -H2 | ; | break 1 bond(s) + 1×repeat | H shift +1 | -H2,1,1,,H2,"[1, 2, 3, 4, 5, 6, 7, 9, 10, 11, 12, 13]",0.36999999999999994
C23H14S5,"{'C': 23, 'H': 14, 'S': 5}",449.96990632322,neutral,0,PPS,Polyphenylene Sulfide,neutral_loss,M + 3×repeat | H shift -1 | -CH3,0,-1,,CH3,,0.36
C23H16S5,"{'C': 23, 'H': 16, 'S': 5}",451.98555638768,neutral,0,PPS,Polyphenylene Sulfide,neutral_loss,M + 3×repeat | H shift +1 | -CH3,0,1,,CH3,,0.36
C24H15S5,"{'C': 24, 'H': 15, 'S': 5}",462.97773135545003,neutral,0,PPS,Polyphenylene Sulfide,neutral_loss,M + 3×repeat | H shift -1 | -H2,0,-1,,H2,,0.36
C24H16S4,"{'C': 24, 'S': 4, 'H': 16}",432.01348521328,negative,-1,PPS,Polyphenylene Sulfide,adduct,break 1 bond(s) + 3×repeat | -H | ; | break 1 bond(s) + 3×repeat | -H,1,0,-H,,"[1, 2, 3, 4, 5, 6, 7, 9, 10, 11, 12, 13]",0.36
C24H17S4,"{'C': 24, 'S': 4, 'H': 17}",433.02131024551,neutral,0,PPS,Polyphenylene Sulfide,fragment,break 1 bond(s) + 3×repeat | ; | break 1 bond(s) + 3×repeat,1,0,,,"[1, 2, 3, 4, 5, 6, 7, 9, 10, 11, 12, 13]",0.36
C24H17S5,"{'C': 24, 'H': 17, 'S': 5}",464.99338141991,neutral,0,PPS,Polyphenylene Sulfide,neutral_loss,M + 3×repeat | H shift +1 | -H2,0,1,,H2,,0.36
C24H18S4,"{'C': 24, 'S': 4, 'H': 18}",434.02913527774,positive,1,PPS,Polyphenylene Sulfide,adduct,break 1 bond(s) + 3×repeat | H | ; | break 1 bond(s) + 3×repeat | H,1,0,H,,"[1, 2, 3, 4, 5, 6, 7, 9, 10, 11, 12, 13]",0.36
C36H25S7,"{'C': 36, 'H': 25, 'S': 7}",681.00012402655,negative,-1,PPS,Polyphenylene Sulfide,adduct,M + 5×repeat | -H,0,0,-H,,,0.35
C36H26S7,"{'C': 36, 'H': 26, 'S': 7}",682.00794905878,neutral,0,PPS,Polyphenylene Sulfide,oligomer,M + 5×repeat,0,0,,,,0.35
C36H27S7,"{'C': 36, 'H': 27, 'S': 7}",683.01577409101,positive,1,PPS,Polyphenylene Sulfide,adduct,M + 5×repeat | H,0,0,H,,,0.35
C5H,"{'C': 5, 'H': 1}",61.00782503223,neutral,0,PPS,Polyphenylene Sulfide,neutral_loss,break 2 bond(s) | -CH3,2,0,,CH3,"[1, 2, 3, 4, 6, 7, 9, 10, 12, 13]",0.35
C6H,"{'C': 6, 'H': 1}",73.00782503223,negative,-1,PPS,Polyphenylene Sulfide,adduct,break 2 bond(s) | H shift -2 | -H,2,-2,-H,,"[1, 2, 3, 4, 6, 7, 9, 10, 12, 13]",0.35
C6H2,"{'C': 6, 'H': 2}",74.01565006446,neutral,0,PPS,Polyphenylene Sulfide,h_shift,break 2 bond(s) | H shift -2,2,-2,,,"[1, 2, 3, 4, 6, 7, 9, 10, 12, 13]",0.35
C6H2,"{'C': 6, 'H': 2}",74.01565006446,neutral,0,PPS,Polyphenylene Sulfide,neutral_loss,break 2 bond(s) | -H2,2,0,,H2,"[1, 2, 3, 4, 6, 7, 9, 10, 12, 13]",0.35
C6H3,"{'C': 6, 'H': 3}",75.02347509669,positive,1,PPS,Polyphenylene Sulfide,adduct,break 2 bond(s) | H shift -2 | H,2,-2,H,,"[1, 2, 3, 4, 6, 7, 9, 10, 12, 13]",0.35
C6H5,"{'C': 6, 'H': 5}",77.03912516115,negative,-1,PPS,Polyphenylene Sulfide,adduct,break 2 bond(s) | H shift +2 | -H,2,2,-H,,"[1, 2, 3, 4, 6, 7, 9, 10, 12, 13]",0.35
C6H6,"{'C': 6, 'H': 6}",78.04695019338,neutral,0,PPS,Polyphenylene Sulfide,h_shift,break 2 bond(s) | H shift +2,2,2,,,"[1, 2, 3, 4, 6, 7, 9, 10, 12, 13]",0.35
C6H7,"{'C': 6, 'H': 7}",79.05477522561,positive,1,PPS,Polyphenylene Sulfide,adduct,break 2 bond(s) | H shift +2 | H,2,2,H,,"[1, 2, 3, 4, 6, 7, 9, 10, 12, 13]",0.35
C12H10ClS2,"{'C': 12, 'S': 2, 'H': 10, 'Cl': 1}",252.9912453531,negative,-1,PPS,Polyphenylene Sulfide,adduct,break 1 bond(s) + 1×repeat | H shift +1 | Cl | ; | break 1 bond(s) + 1×repeat | H shift +1 | Cl,1,1,Cl,,"[1, 2, 3, 4, 5, 6, 7, 9, 10, 11, 12, 13]",0.3499999999999999
C12H10KS2,"{'C': 12, 'S': 2, 'H': 10, 'K': 1}",256.9860991575,positive,1,PPS,Polyphenylene Sulfide,adduct,break 1 bond(s) + 1×repeat | H shift +1 | K | ; | break 1 bond(s) + 1×repeat | H shift +1 | K,1,1,K,,"[1, 2, 3, 4, 5, 6, 7, 9, 10, 11, 12, 13]",0.3499999999999999
C12H10NaS2,"{'C': 12, 'S': 2, 'H': 10, 'Na': 1}",241.0121619531,positive,1,PPS,Polyphenylene Sulfide,adduct,break 1 bond(s) + 1×repeat | H shift +1 | Na | ; | break 1 bond(s) + 1×repeat | H shift +1 | Na,1,1,Na,,"[1, 2, 3, 4, 5, 6, 7, 9, 10, 11, 12, 13]",0.3499999999999999
C12H11OS2,"{'C': 12, 'S': 2, 'H': 11, 'O': 1}",235.0251323229,negative,-1,PPS,Polyphenylene Sulfide,adduct,break 1 bond(s) + 1×repeat | H shift +1 | OH | ; | break 1 bond(s) + 1×repeat | H shift +2 | O | ; | break 1 bond(s) + 1×repeat | H shift +1 | OH,1,1,OH,,"[1, 2, 3, 4, 5, 6, 7, 9, 10, 11, 12, 13]",0.3499999999999999
C12H8ClS2,"{'C': 12, 'S': 2, 'H': 8, 'Cl': 1}",250.97559528864,negative,-1,PPS,Polyphenylene Sulfide,adduct,break 1 bond(s) + 1×repeat | H shift -1 | Cl | ; | break 1 bond(s) + 1×repeat | H shift -1 | Cl,1,-1,Cl,,"[1, 2, 3, 4, 5, 6, 7, 9, 10, 11, 12, 13]",0.3499999999999999
C12H8KS2,"{'C': 12, 'S': 2, 'H': 8, 'K': 1}",254.97044909304,positive,1,PPS,Polyphenylene Sulfide,adduct,break 1 bond(s) + 1×repeat | H shift -1 | K | ; | break 1 bond(s) + 1×repeat | H shift -1 | K,1,-1,K,,"[1, 2, 3, 4, 5, 6, 7, 9, 10, 11, 12, 13]",0.3499999999999999
C12H8NaS2,"{'C': 12, 'S': 2, 'H': 8, 'Na': 1}",238.99651188864,positive,1,PPS,Polyphenylene Sulfide,adduct,break 1 bond(s) + 1×repeat | H shift -1 | Na | ; | break 1 bond(s) + 1×repeat | H shift -1 | Na,1,-1,Na,,"[1, 2, 3, 4, 5, 6, 7, 9, 10, 11, 12, 13]",0.3499999999999999
C12H8OS2,"{'C': 12, 'S': 2, 'H': 8, 'O': 1}",232.00165722621,negative,-1,PPS,Polyphenylene Sulfide,adduct,break 1 bond(s) + 1×repeat | H shift -1 | O | ; | break 1 bond(s) + 1×repeat | H shift -2 | OH | ; | break 1 bond(s) + 1×repeat | H shift -1 | O,1,-1,O,,"[1, 2, 3, 4, 5, 6, 7, 9, 10, 11, 12, 13]",0.3499999999999999
C17H10S3,"{'C': 17, 'S': 3, 'H': 10}",309.9944638455,neutral,0,PPS,Polyphenylene Sulfide,neutral_loss,break 1 bond(s) + 2×repeat | -CH3 | ; | break 1 bond(s) + 2×repeat | -CH3,1,0,,CH3,"[1, 2, 3, 4, 5, 6, 7, 9, 10, 11, 12, 13]",0.33999999999999997
C18H10S3,"{'C': 18, 'S': 3, 'H': 10}",321.9944638455,negative,-1,PPS,Polyphenylene Sulfide,adduct,break 1 bond(s) + 2×repeat | H shift -2 | -H | ; | break 1 bond(s) + 2×repeat | H shift -2 | -H,1,-2,-H,,"[1, 2, 3, 4, 5, 6, 7, 9, 10, 11, 12, 13]",0.33999999999999997
C18H11S3,"{'C': 18, 'S': 3, 'H': 11}",323.00228887773,neutral,0,PPS,Polyphenylene Sulfide,h_shift,break 1 bond(s) + 2×repeat | H shift -2 | ; | break 1 bond(s) + 2×repeat | H shift -2,1,-2,,,"[1, 2, 3, 4, 5, 6, 7, 9, 10, 11, 12, 13]",0.33999999999999997
C18H11S3,"{'C': 18, 'S': 3, 'H': 11}",323.00228887773,neutral,0,PPS,Polyphenylene Sulfide,neutral_loss,break 1 bond(s) + 2×repeat | -H2 | ; | break 1 bond(s) + 2×repeat | -H2,1,0,,H2,"[1, 2, 3, 4, 5, 6, 7, 9, 10, 11, 12, 13]",0.33999999999999997
C18H12S3,"{'C': 18, 'S': 3, 'H': 12}",324.01011390996,positive,1,PPS,Polyphenylene Sulfide,adduct,break 1 bond(s) + 2×repeat | H shift -2 | H | ; | break 1 bond(s) + 2×repeat | H shift -2 | H,1,-2,H,,"[1, 2, 3, 4, 5, 6, 7, 9, 10, 11, 12, 13]",0.33999999999999997
C18H14S3,"{'C': 18, 'S': 3, 'H': 14}",326.02576397442,negative,-1,PPS,Polyphenylene Sulfide,adduct,break 1 bond(s) + 2×repeat | H shift +2 | -H | ; | break 1 bond(s) + 2×repeat | H shift +2 | -H,1,2,-H,,"[1, 2, 3, 4, 5, 6, 7, 9, 10, 11, 12, 13]",0.33999999999999997
C18H15S3,"{'C': 18, 'S': 3, 'H': 15}",327.03358900665,neutral,0,PPS,Polyphenylene Sulfide,h_shift,break 1 bond(s) + 2×repeat | H shift +2 | ; | break 1 bond(s) + 2×repeat | H shift +2,1,2,,,"[1, 2, 3, 4, 5, 6, 7, 9, 10, 11, 12, 13]",0.33999999999999997
C18H16S3,"{'C': 18, 'S': 3, 'H': 16}",328.04141403888,positive,1,PPS,Polyphenylene Sulfide,adduct,break 1 bond(s) + 2×repeat | H shift +2 | H | ; | break 1 bond(s) + 2×repeat | H shift +2 | H,1,2,H,,"[1, 2, 3, 4, 5, 6, 7, 9, 10, 11, 12, 13]",0.33999999999999997
C24H17ClS5,"{'C': 24, 'H': 17, 'S': 5, 'Cl': 1}",499.96223410191,negative,-1,PPS,Polyphenylene Sulfide,adduct,M + 3×repeat | H shift -1 | Cl,0,-1,Cl,,,0.33999999999999997
C24H17KS5,"{'C': 24, 'H': 17, 'S': 5, 'K': 1}",503.95708790631,positive,1,PPS,Polyphenylene Sulfide,adduct,M + 3×repeat | H shift -1 | K,0,-1,K,,,0.33999999999999997
C24H17NaS5,"{'C': 24, 'H': 17, 'S': 5, 'Na': 1}",487.98315070191,positive,1,PPS,Polyphenylene Sulfide,adduct,M + 3×repeat | H shift -1 | Na,0,-1,Na,,,0.33999999999999997
C24H17OS5,"{'C': 24, 'H': 17, 'S': 5, 'O': 1}",480.98829603948,negative,-1,PPS,Polyphenylene Sulfide,adduct,M + 3×repeat | H shift -1 | O,0,-1,O,,,0.33999999999999997
C24H19ClS5,"{'C': 24, 'H': 19, 'S': 5, 'Cl': 1}",501.97788416637,negative,-1,PPS,Polyphenylene Sulfide,adduct,M + 3×repeat | H shift +1 | Cl,0,1,Cl,,,0.33999999999999997
C24H19KS5,"{'C': 24, 'H': 19, 'S': 5, 'K': 1}",505.97273797077,positive,1,PPS,Polyphenylene Sulfide,adduct,M + 3×repeat | H shift +1 | K,0,1,K,,,0.33999999999999997
C24H19NaS5,"{'C': 24, 'H': 19, 'S': 5, 'Na': 1}",489.99880076637004,positive,1,PPS,Polyphenylene Sulfide,adduct,M + 3×repeat | H shift +1 | Na,0,1,Na,,,0.33999999999999997
C24H20OS5,"{'C': 24, 'H': 20, 'S': 5, 'O': 1}",484.01177113617,negative,-1,PPS,Polyphenylene Sulfide,adduct,M + 3×repeat | H shift +1 | OH | ; | M + 3×repeat | H shift +2 | O,0,1,OH,,,0.33999999999999997
C29H19S6,"{'C': 29, 'H': 19, 'S': 6}",558.9811026587699,neutral,0,PPS,Polyphenylene Sulfide,neutral_loss,M + 4×repeat | -CH3,0,0,,CH3,,0.33
C30H19S6,"{'C': 30, 'H': 19, 'S': 6}",570.9811026587699,negative,-1,PPS,Polyphenylene Sulfide,adduct,M + 4×repeat | H shift -2 | -H,0,-2,-H,,,0.33
C30H20S6,"{'C': 30, 'H': 20, 'S': 6}",571.988927691,neutral,0,PPS,Polyphenylene Sulfide,h_shift,M + 4×repeat | H shift -2,0,-2,,,,0.33
C30H20S6,"{'C': 30, 'H': 20, 'S': 6}",571.988927691,neutral,0,PPS,Polyphenylene Sulfide,neutral_loss,M + 4×repeat | -H2,0,0,,H2,,0.33
C30H21S6,"{'C': 30, 'H': 21, 'S': 6}",572.99675272323,positive,1,PPS,Polyphenylene Sulfide,adduct,M + 4×repeat | H shift -2 | H,0,-2,H,,,0.33
C30H23S6,"{'C': 30, 'H': 23, 'S': 6}",575.01240278769,negative,-1,PPS,Polyphenylene Sulfide,adduct,M + 4×repeat | H shift +2 | -H,0,2,-H,,,0.33
C30H24S6,"{'C': 30, 'H': 24, 'S': 6}",576.02022781992,neutral,0,PPS,Polyphenylene Sulfide,h_shift,M + 4×repeat | H shift +2,0,2,,,,0.33
C30H25S6,"{'C': 30, 'H': 25, 'S': 6}",577.02805285215,positive,1,PPS,Polyphenylene Sulfide,adduct,M + 4×repeat | H shift +2 | H,0,2,H,,,0.33
C6H4Cl,"{'C': 6, 'H': 4, 'Cl': 1}",111.00015281092,negative,-1,PPS,Polyphenylene Sulfide,adduct,break 2 bond(s) | Cl,2,0,Cl,,"[1, 2, 3, 4, 6, 7, 9, 10, 12, 13]",0.33
C6H4K,"{'C': 6, 'H': 4, 'K': 1}",114.99500661532,positive,1,PPS,Polyphenylene Sulfide,adduct,break 2 bond(s) | K,2,0,K,,"[1, 2, 3, 4, 6, 7, 9, 10, 12, 13]",0.33
C6H4Na,"{'C': 6, 'H': 4, 'Na': 1}",99.02106941092,positive,1,PPS,Polyphenylene Sulfide,adduct,break 2 bond(s) | Na,2,0,Na,,"[1, 2, 3, 4, 6, 7, 9, 10, 12, 13]",0.33
C6H4O,"{'C': 6, 'H': 4, 'O': 1}",92.02621474849,negative,-1,PPS,Polyphenylene Sulfide,adduct,break 2 bond(s) | O,2,0,O,,"[1, 2, 3, 4, 6, 7, 9, 10, 12, 13]",0.33
C6H5O,"{'C': 6, 'H': 5, 'O': 1}",93.03403978072001,negative,-1,PPS,Polyphenylene Sulfide,adduct,break 2 bond(s) | OH | ; | break 2 bond(s) | H shift +1 | O,2,0,OH,,"[1, 2, 3, 4, 6, 7, 9, 10, 12, 13]",0.33
C11H4S2,"{'C': 11, 'S': 2, 'H': 4}",199.97544247772,neutral,0,PPS,Polyphenylene Sulfide,neutral_loss,break 1 bond(s) + 1×repeat | H shift -2 | -CH3 | ; | break 1 bond(s) + 1×repeat | H shift -2 | -CH3,1,-2,,CH3,"[1, 2, 3, 4, 5, 6, 7, 9, 10, 11, 12, 13]",0.32
C11H8S2,"{'C': 11, 'S': 2, 'H': 8}",204.00674260664,neutral,0,PPS,Polyphenylene Sulfide,neutral_loss,break 1 bond(s) + 1×repeat | H shift +2 | -CH3 | ; | break 1 bond(s) + 1×repeat | H shift +2 | -CH3,1,2,,CH3,"[1, 2, 3, 4, 5, 6, 7, 9, 10, 11, 12, 13]",0.32
C12H10S,"{'C': 12, 'H': 10, 'S': 1}",186.0503214967,positive,1,PPS,Polyphenylene Sulfide,adduct,break 2 bond(s) + 1×repeat | H shift +1 | H,2,1,H,,"[1, 2, 3, 4, 6, 7, 9, 10, 12, 13]",0.32
C12H5S2,"{'C': 12, 'S': 2, 'H': 5}",212.98326750995,neutral,0,PPS,Polyphenylene Sulfide,neutral_loss,break 1 bond(s) + 1×repeat | H shift -2 | -H2 | ; | break 1 bond(s) + 1×repeat | H shift -2 | -H2,1,-2,,H2,"[1, 2, 3, 4, 5, 6, 7, 9, 10, 11, 12, 13]",0.32
C12H6S,"{'C': 12, 'H': 6, 'S': 1}",182.01902136778,negative,-1,PPS,Polyphenylene Sulfide,adduct,break 2 bond(s) + 1×repeat | H shift -1 | -H,2,-1,-H,,"[1, 2, 3, 4, 6, 7, 9, 10, 12, 13]",0.32
C12H7S,"{'C': 12, 'H': 7, 'S': 1}",183.02684640001,neutral,0,PPS,Polyphenylene Sulfide,h_shift,break 2 bond(s) + 1×repeat | H shift -1,2,-1,,,"[1, 2, 3, 4, 6, 7, 9, 10, 12, 13]",0.32
C12H8S,"{'C': 12, 'H': 8, 'S': 1}",184.03467143224,positive,1,PPS,Polyphenylene Sulfide,adduct,break 2 bond(s) + 1×repeat | H shift -1 | H,2,-1,H,,"[1, 2, 3, 4, 6, 7, 9, 10, 12, 13]",0.32
C12H8S,"{'C': 12, 'H': 8, 'S': 1}",184.03467143224,negative,-1,PPS,Polyphenylene Sulfide,adduct,break 2 bond(s) + 1×repeat | H shift +1 | -H,2,1,-H,,"[1, 2, 3, 4, 6, 7, 9, 10, 12, 13]",0.32
C12H9S,"{'C': 12, 'H': 9, 'S': 1}",185.04249646447,neutral,0,PPS,Polyphenylene Sulfide,h_shift,break 2 bond(s) + 1×repeat | H shift +1,2,1,,,"[1, 2, 3, 4, 6, 7, 9, 10, 12, 13]",0.32
C12H9S2,"{'C': 12, 'S': 2, 'H': 9}",217.01456763887,neutral,0,PPS,Polyphenylene Sulfide,neutral_loss,break 1 bond(s) + 1×repeat | H shift +2 | -H2 | ; | break 1 bond(s) + 1×repeat | H shift +2 | -H2,1,2,,H2,"[1, 2, 3, 4, 5, 6, 7, 9, 10, 11, 12, 13]",0.32
C18H13ClS3,"{'C': 18, 'S': 3, 'H': 13, 'Cl': 1}",359.98679162419,negative,-1,PPS,Polyphenylene Sulfide,adduct,break 1 bond(s) + 2×repeat | Cl | ; | break 1 bond(s) + 2×repeat | Cl,1,0,Cl,,"[1, 2, 3, 4, 5, 6, 7, 9, 10, 11, 12, 13]",0.31999999999999995
C18H13KS3,"{'C': 18, 'S': 3, 'H': 13, 'K': 1}",363.98164542859,positive,1,PPS,Polyphenylene Sulfide,adduct,break 1 bond(s) + 2×repeat | K | ; | break 1 bond(s) + 2×repeat | K,1,0,K,,"[1, 2, 3, 4, 5, 6, 7, 9, 10, 11, 12, 13]",0.31999999999999995
C18H13NaS3,"{'C': 18, 'S': 3, 'H': 13, 'Na': 1}",348.00770822419,positive,1,PPS,Polyphenylene Sulfide,adduct,break 1 bond(s) + 2×repeat | Na | ; | break 1 bond(s) + 2×repeat | Na,1,0,Na,,"[1, 2, 3, 4, 5, 6, 7, 9, 10, 11, 12, 13]",0.31999999999999995
C18H13OS3,"{'C': 18, 'S': 3, 'H': 13, 'O': 1}",341.01285356176,negative,-1,PPS,Polyphenylene Sulfide,adduct,break 1 bond(s) + 2×repeat | O | ; | break 1 bond(s) + 2×repeat | H shift -1 | OH | ; | break 1 bond(s) + 2×repeat | O,1,0,O,,"[1, 2, 3, 4, 5, 6, 7, 9, 10, 11, 12, 13]",0.31999999999999995
C18H14OS3,"{'C': 18, 'S': 3, 'H': 14, 'O': 1}",342.02067859399,negative,-1,PPS,Polyphenylene Sulfide,adduct,break 1 bond(s) + 2×repeat | OH | ; | break 1 bond(s) + 2×repeat | H shift +1 | O | ; | break 1 bond(s) + 2×repeat | OH,1,0,OH,,"[1, 2, 3, 4, 5, 6, 7, 9, 10, 11, 12, 13]",0.31999999999999995
C23H13S5,"{'C': 23, 'H': 13, 'S': 5}",448.96208129099,neutral,0,PPS,Polyphenylene Sulfide,neutral_loss,M + 3×repeat | H shift -2 | -CH3,0,-2,,CH3,,0.31000000000000005
C23H17S5,"{'C': 23, 'H': 17, 'S': 5}",452.99338141991,neutral,0,PPS,Polyphenylene Sulfide,neutral_loss,M + 3×repeat | H shift +2 | -CH3,0,2,,CH3,,0.31000000000000005
C24H14S5,"{'C': 24, 'H': 14, 'S': 5}",461.96990632322,neutral,0,PPS,Polyphenylene Sulfide,neutral_loss,M + 3×repeat | H shift -2 | -H2,0,-2,,H2,,0.31000000000000005
C24H18S5,"{'C': 24, 'H': 18, 'S': 5}",466.00120645214,neutral,0,PPS,Polyphenylene Sulfide,neutral_loss,M + 3×repeat | H shift +2 | -H2,0,2,,H2,,0.31000000000000005
C30H22ClS6,"{'C': 30, 'H': 22, 'S': 6, 'Cl': 1}",608.97343043746,negative,-1,PPS,Polyphenylene Sulfide,adduct,M + 4×repeat | Cl,0,0,Cl,,,0.31
C30H22KS6,"{'C': 30, 'H': 22, 'S': 6, 'K': 1}",612.96828424186,positive,1,PPS,Polyphenylene Sulfide,adduct,M + 4×repeat | K,0,0,K,,,0.31
C30H22NaS6,"{'C': 30, 'H': 22, 'S': 6, 'Na': 1}",596.99434703746,positive,1,PPS,Polyphenylene Sulfide,adduct,M + 4×repeat | Na,0,0,Na,,,0.31
C30H22OS6,"{'C': 30, 'H': 22, 'S': 6, 'O': 1}",589.99949237503,negative,-1,PPS,Polyphenylene Sulfide,adduct,M + 4×repeat | O,0,0,O,,,0.31
C30H23OS6,"{'C': 30, 'H': 23, 'S': 6, 'O': 1}",591.00731740726,negative,-1,PPS,Polyphenylene Sulfide,adduct,M + 4×repeat | OH | ; | M + 4×repeat | H shift +1 | O,0,0,OH,,,0.31
C24H15S4,"{'C': 24, 'S': 4, 'H': 15}",431.00566018105,negative,-1,PPS,Polyphenylene Sulfide,adduct,break 1 bond(s) + 3×repeat | H shift -1 | -H | ; | break 1 bond(s) + 3×repeat | H shift -1 | -H,1,-1,-H,,"[1, 2, 3, 4, 5, 6, 7, 9, 10, 11, 12, 13]",0.30999999999999994
C24H16S4,"{'C': 24, 'S': 4, 'H': 16}",432.01348521328,neutral,0,PPS,Polyphenylene Sulfide,h_shift,break 1 bond(s) + 3×repeat | H shift -1 | ; | break 1 bond(s) + 3×repeat | H shift -1,1,-1,,,"[1, 2, 3, 4, 5, 6, 7, 9, 10, 11, 12, 13]",0.30999999999999994
C24H17S4,"{'C': 24, 'S': 4, 'H': 17}",433.02131024551,positive,1,PPS,Polyphenylene Sulfide,adduct,break 1 bond(s) + 3×repeat | H shift -1 | H | ; | break 1 bond(s) + 3×repeat | H shift -1 | H,1,-1,H,,"[1, 2, 3, 4, 5, 6, 7, 9, 10, 11, 12, 13]",0.30999999999999994
C24H17S4,"{'C': 24, 'S': 4, 'H': 17}",433.02131024551,negative,-1,PPS,Polyphenylene Sulfide,adduct,break 1 bond(s) + 3×repeat | H shift +1 | -H | ; | break 1 bond(s) + 3×repeat | H shift +1 | -H,1,1,-H,,"[1, 2, 3, 4, 5, 6, 7, 9, 10, 11, 12, 13]",0.30999999999999994
C24H18S4,"{'C': 24, 'S': 4, 'H': 18}",434.02913527774,neutral,0,PPS,Polyphenylene Sulfide,h_shift,break 1 bond(s) + 3×repeat | H shift +1 | ; | break 1 bond(s) + 3×repeat | H shift +1,1,1,,,"[1, 2, 3, 4, 5, 6, 7, 9, 10, 11, 12, 13]",0.30999999999999994
C24H19S4,"{'C': 24, 'S': 4, 'H': 19}",435.03696030997,positive,1,PPS,Polyphenylene Sulfide,adduct,break 1 bond(s) + 3×repeat | H shift +1 | H | ; | break 1 bond(s) + 3×repeat | H shift +1 | H,1,1,H,,"[1, 2, 3, 4, 5, 6, 7, 9, 10, 11, 12, 13]",0.30999999999999994
C5,{'C': 5},60.0,neutral,0,PPS,Polyphenylene Sulfide,neutral_loss,break 2 bond(s) | H shift -1 | -CH3,2,-1,,CH3,"[1, 2, 3, 4, 6, 7, 9, 10, 12, 13]",0.30000000000000004
C5H2,"{'C': 5, 'H': 2}",62.01565006446,neutral,0,PPS,Polyphenylene Sulfide,neutral_loss,break 2 bond(s) | H shift +1 | -CH3,2,1,,CH3,"[1, 2, 3, 4, 6, 7, 9, 10, 12, 13]",0.30000000000000004
C6H,"{'C': 6, 'H': 1}",73.00782503223,neutral,0,PPS,Polyphenylene Sulfide,neutral_loss,break 2 bond(s) | H shift -1 | -H2,2,-1,,H2,"[1, 2, 3, 4, 6, 7, 9, 10, 12, 13]",0.30000000000000004
C6H3,"{'C': 6, 'H': 3}",75.02347509669,neutral,0,PPS,Polyphenylene Sulfide,neutral_loss,break 2 bond(s) | H shift +1 | -H2,2,1,,H2,"[1, 2, 3, 4, 6, 7, 9, 10, 12, 13]",0.30000000000000004
C12H11ClS2,"{'C': 12, 'S': 2, 'H': 11, 'Cl': 1}",253.99907038533,negative,-1,PPS,Polyphenylene Sulfide,adduct,break 1 bond(s) + 1×repeat | H shift +2 | Cl | ; | break 1 bond(s) + 1×repeat | H shift +2 | Cl,1,2,Cl,,"[1, 2, 3, 4, 5, 6, 7, 9, 10, 11, 12, 13]",0.3
C12H11KS2,"{'C': 12, 'S': 2, 'H': 11, 'K': 1}",257.99392418973,positive,1,PPS,Polyphenylene Sulfide,adduct,break 1 bond(s) + 1×repeat | H shift +2 | K | ; | break 1 bond(s) + 1×repeat | H shift +2 | K,1,2,K,,"[1, 2, 3, 4, 5, 6, 7, 9, 10, 11, 12, 13]",0.3
C12H11NaS2,"{'C': 12, 'S': 2, 'H': 11, 'Na': 1}",242.01998698533,positive,1,PPS,Polyphenylene Sulfide,adduct,break 1 bond(s) + 1×repeat | H shift +2 | Na | ; | break 1 bond(s) + 1×repeat | H shift +2 | Na,1,2,Na,,"[1, 2, 3, 4, 5, 6, 7, 9, 10, 11, 12, 13]",0.3
C12H12OS2,"{'C': 12, 'S': 2, 'H': 12, 'O': 1}",236.03295735513,negative,-1,PPS,Polyphenylene Sulfide,adduct,break 1 bond(s) + 1×repeat | H shift +2 | OH | ; | break 1 bond(s) + 1×repeat | H shift +2 | OH,1,2,OH,,"[1, 2, 3, 4, 5, 6, 7, 9, 10, 11, 12, 13]",0.3
C12H7ClS2,"{'C': 12, 'S': 2, 'H': 7, 'Cl': 1}",249.96777025641,negative,-1,PPS,Polyphenylene Sulfide,adduct,break 1 bond(s) + 1×repeat | H shift -2 | Cl | ; | break 1 bond(s) + 1×repeat | H shift -2 | Cl,1,-2,Cl,,"[1, 2, 3, 4, 5, 6, 7, 9, 10, 11, 12, 13]",0.3
C12H7KS2,"{'C': 12, 'S': 2, 'H': 7, 'K': 1}",253.96262406081,positive,1,PPS,Polyphenylene Sulfide,adduct,break 1 bond(s) + 1×repeat | H shift -2 | K | ; | break 1 bond(s) + 1×repeat | H shift -2 | K,1,-2,K,,"[1, 2, 3, 4, 5, 6, 7, 9, 10, 11, 12, 13]",0.3
C12H7NaS2,"{'C': 12, 'S': 2, 'H': 7, 'Na': 1}",237.98868685641,positive,1,PPS,Polyphenylene Sulfide,adduct,break 1 bond(s) + 1×repeat | H shift -2 | Na | ; | break 1 bond(s) + 1×repeat | H shift -2 | Na,1,-2,Na,,"[1, 2, 3, 4, 5, 6, 7, 9, 10, 11, 12, 13]",0.3
C12H7OS2,"{'C': 12, 'S': 2, 'H': 7, 'O': 1}",230.99383219398,negative,-1,PPS,Polyphenylene Sulfide,adduct,break 1 bond(s) + 1×repeat | H shift -2 | O | ; | break 1 bond(s) + 1×repeat | H shift -2 | O,1,-2,O,,"[1, 2, 3, 4, 5, 6, 7, 9, 10, 11, 12, 13]",0.3
C36H24S7,"{'C': 36, 'H': 24, 'S': 7}",679.99229899432,negative,-1,PPS,Polyphenylene Sulfide,adduct,M + 5×repeat | H shift -1 | -H,0,-1,-H,,,0.29999999999999993
C36H25S7,"{'C': 36, 'H': 25, 'S': 7}",681.00012402655,neutral,0,PPS,Polyphenylene Sulfide,h_shift,M + 5×repeat | H shift -1,0,-1,,,,0.29999999999999993
C36H26S7,"{'C': 36, 'H': 26, 'S': 7}",682.00794905878,positive,1,PPS,Polyphenylene Sulfide,adduct,M + 5×repeat | H shift -1 | H,0,-1,H,,,0.29999999999999993
C36H26S7,"{'C': 36, 'H': 26, 'S': 7}",682.00794905878,negative,-1,PPS,Polyphenylene Sulfide,adduct,M + 5×repeat | H shift +1 | -H,0,1,-H,,,0.29999999999999993
C36H27S7,"{'C': 36, 'H': 27, 'S': 7}",683.01577409101,neutral,0,PPS,Polyphenylene Sulfide,h_shift,M + 5×repeat | H shift +1,0,1,,,,0.29999999999999993
C36H28S7,"{'C': 36, 'H': 28, 'S': 7}",684.0235991232399,positive,1,PPS,Polyphenylene Sulfide,adduct,M + 5×repeat | H shift +1 | H,0,1,H,,,0.29999999999999993
C18H11S2,"{'C': 18, 'H': 11, 'S': 2}",291.03021770333,negative,-1,PPS,Polyphenylene Sulfide,adduct,break 2 bond(s) + 2×repeat | -H,2,0,-H,,"[1, 2, 3, 4, 6, 7, 9, 10, 12, 13]",0.29000000000000004
C18H12S2,"{'C': 18, 'H': 12, 'S': 2}",292.03804273556,neutral,0,PPS,Polyphenylene Sulfide,fragment,break 2 bond(s) + 2×repeat,2,0,,,"[1, 2, 3, 4, 6, 7, 9, 10, 12, 13]",0.29000000000000004
C18H13S2,"{'C': 18, 'H': 13, 'S': 2}",293.04586776779,positive,1,PPS,Polyphenylene Sulfide,adduct,break 2 bond(s) + 2×repeat | H,2,0,H,,"[1, 2, 3, 4, 6, 7, 9, 10, 12, 13]",0.29000000000000004
C24H16ClS5,"{'C': 24, 'H': 16, 'S': 5, 'Cl': 1}",498.95440906968,negative,-1,PPS,Polyphenylene Sulfide,adduct,M + 3×repeat | H shift -2 | Cl,0,-2,Cl,,,0.29000000000000004
C24H16KS5,"{'C': 24, 'H': 16, 'S': 5, 'K': 1}",502.94926287408003,positive,1,PPS,Polyphenylene Sulfide,adduct,M + 3×repeat | H shift -2 | K,0,-2,K,,,0.29000000000000004
C24H16NaS5,"{'C': 24, 'H': 16, 'S': 5, 'Na': 1}",486.97532566968,positive,1,PPS,Polyphenylene Sulfide,adduct,M + 3×repeat | H shift -2 | Na,0,-2,Na,,,0.29000000000000004
C24H16OS5,"{'C': 24, 'H': 16, 'S': 5, 'O': 1}",479.98047100725,negative,-1,PPS,Polyphenylene Sulfide,adduct,M + 3×repeat | H shift -2 | O,0,-2,O,,,0.29000000000000004
C24H20ClS5,"{'C': 24, 'H': 20, 'S': 5, 'Cl': 1}",502.98570919860003,negative,-1,PPS,Polyphenylene Sulfide,adduct,M + 3×repeat | H shift +2 | Cl,0,2,Cl,,,0.29000000000000004
C24H20KS5,"{'C': 24, 'H': 20, 'S': 5, 'K': 1}",506.98056300300004,positive,1,PPS,Polyphenylene Sulfide,adduct,M + 3×repeat | H shift +2 | K,0,2,K,,,0.29000000000000004
C24H20NaS5,"{'C': 24, 'H': 20, 'S': 5, 'Na': 1}",491.0066257986,positive,1,PPS,Polyphenylene Sulfide,adduct,M + 3×repeat | H shift +2 | Na,0,2,Na,,,0.29000000000000004
C24H21OS5,"{'C': 24, 'H': 21, 'S': 5, 'O': 1}",485.0195961684,negative,-1,PPS,Polyphenylene Sulfide,adduct,M + 3×repeat | H shift +2 | OH,0,2,OH,,,0.29000000000000004
C17H11S3,"{'C': 17, 'S': 3, 'H': 11}",311.00228887773,neutral,0,PPS,Polyphenylene Sulfide,neutral_loss,break 1 bond(s) + 2×repeat | H shift +1 | -CH3 | ; | break 1 bond(s) + 2×repeat | H shift +1 | -CH3,1,1,,CH3,"[1, 2, 3, 4, 5, 6, 7, 9, 10, 11, 12, 13]",0.2899999999999999
C17H9S3,"{'C': 17, 'S': 3, 'H': 9}",308.98663881327,neutral,0,PPS,Polyphenylene Sulfide,neutral_loss,break 1 bond(s) + 2×repeat | H shift -1 | -CH3 | ; | break 1 bond(s) + 2×repeat | H shift -1 | -CH3,1,-1,,CH3,"[1, 2, 3, 4, 5, 6, 7, 9, 10, 11, 12, 13]",0.2899999999999999
C18H10S3,"{'C': 18, 'S': 3, 'H': 10}",321.9944638455,neutral,0,PPS,Polyphenylene Sulfide,neutral_loss,break 1 bond(s) + 2×repeat | H shift -1 | -H2 | ; | break 1 bond(s) + 2×repeat | H shift -1 | -H2,1,-1,,H2,"[1, 2, 3, 4, 5, 6, 7, 9, 10, 11, 12, 13]",0.2899999999999999
C18H12S3,"{'C': 18, 'S': 3, 'H': 12}",324.01011390996,neutral,0,PPS,Polyphenylene Sulfide,neutral_loss,break 1 bond(s) + 2×repeat | H shift +1 | -H2 | ; | break 1 bond(s) + 2×repeat | H shift +1 | -H2,1,1,,H2,"[1, 2, 3, 4, 5, 6, 7, 9, 10, 11, 12, 13]",0.2899999999999999
C6H3Cl,"{'C': 6, 'H': 3, 'Cl': 1}",109.99232777869,negative,-1,PPS,Polyphenylene Sulfide,adduct,break 2 bond(s) | H shift -1 | Cl,2,-1,Cl,,"[1, 2, 3, 4, 6, 7, 9, 10, 12, 13]",0.28
C6H3K,"{'C': 6, 'H': 3, 'K': 1}",113.98718158309,positive,1,PPS,Polyphenylene Sulfide,adduct,break 2 bond(s) | H shift -1 | K,2,-1,K,,"[1, 2, 3, 4, 6, 7, 9, 10, 12, 13]",0.28
C6H3Na,"{'C': 6, 'H': 3, 'Na': 1}",98.01324437869,positive,1,PPS,Polyphenylene Sulfide,adduct,break 2 bond(s) | H shift -1 | Na,2,-1,Na,,"[1, 2, 3, 4, 6, 7, 9, 10, 12, 13]",0.28
C6H3O,"{'C': 6, 'H': 3, 'O': 1}",91.01838971626,negative,-1,PPS,Polyphenylene Sulfide,adduct,break 2 bond(s) | H shift -1 | O,2,-1,O,,"[1, 2, 3, 4, 6, 7, 9, 10, 12, 13]",0.28
C6H5Cl,"{'C': 6, 'H': 5, 'Cl': 1}",112.00797784315,negative,-1,PPS,Polyphenylene Sulfide,adduct,break 2 bond(s) | H shift +1 | Cl,2,1,Cl,,"[1, 2, 3, 4, 6, 7, 9, 10, 12, 13]",0.28
C6H5K,"{'C': 6, 'H': 5, 'K': 1}",116.00283164755,positive,1,PPS,Polyphenylene Sulfide,adduct,break 2 bond(s) | H shift +1 | K,2,1,K,,"[1, 2, 3, 4, 6, 7, 9, 10, 12, 13]",0.28
C6H5Na,"{'C': 6, 'H': 5, 'Na': 1}",100.02889444315,positive,1,PPS,Polyphenylene Sulfide,adduct,break 2 bond(s) | H shift +1 | Na,2,1,Na,,"[1, 2, 3, 4, 6, 7, 9, 10, 12, 13]",0.28
C6H6O,"{'C': 6, 'H': 6, 'O': 1}",94.04186481295,negative,-1,PPS,Polyphenylene Sulfide,adduct,break 2 bond(s) | H shift +1 | OH | ; | break 2 bond(s) | H shift +2 | O,2,1,OH,,"[1, 2, 3, 4, 6, 7, 9, 10, 12, 13]",0.28
C29H18S6,"{'C': 29, 'H': 18, 'S': 6}",557.97327762654,neutral,0,PPS,Polyphenylene Sulfide,neutral_loss,M + 4×repeat | H shift -1 | -CH3,0,-1,,CH3,,0.27999999999999997
C29H20S6,"{'C': 29, 'H': 20, 'S': 6}",559.988927691,neutral,0,PPS,Polyphenylene Sulfide,neutral_loss,M + 4×repeat | H shift +1 | -CH3,0,1,,CH3,,0.27999999999999997
C30H19S6,"{'C': 30, 'H': 19, 'S': 6}",570.9811026587699,neutral,0,PPS,Polyphenylene Sulfide,neutral_loss,M + 4×repeat | H shift -1 | -H2,0,-1,,H2,,0.27999999999999997
C30H20S5,"{'C': 30, 'S': 5, 'H': 20}",540.0168565166,negative,-1,PPS,Polyphenylene Sulfide,adduct,break 1 bond(s) + 4×repeat | -H | ; | break 1 bond(s) + 4×repeat | -H,1,0,-H,,"[1, 2, 3, 4, 5, 6, 7, 9, 10, 11, 12, 13]",0.27999999999999997
C30H21S5,"{'C': 30, 'S': 5, 'H': 21}",541.02468154883,neutral,0,PPS,Polyphenylene Sulfide,fragment,break 1 bond(s) + 4×repeat | ; | break 1 bond(s) + 4×repeat,1,0,,,"[1, 2, 3, 4, 5, 6, 7, 9, 10, 11, 12, 13]",0.27999999999999997
C30H21S6,"{'C': 30, 'H': 21, 'S': 6}",572.99675272323,neutral,0,PPS,Polyphenylene Sulfide,neutral_loss,M + 4×repeat | H shift +1 | -H2,0,1,,H2,,0.27999999999999997
C30H22S5,"{'C': 30, 'S': 5, 'H': 22}",542.03250658106,positive,1,PPS,Polyphenylene Sulfide,adduct,break 1 bond(s) + 4×repeat | H | ; | break 1 bond(s) + 4×repeat | H,1,0,H,,"[1, 2, 3, 4, 5, 6, 7, 9, 10, 11, 12, 13]",0.27999999999999997
C42H29S8,"{'C': 42, 'H': 29, 'S': 8}",789.00349532987,negative,-1,PPS,Polyphenylene Sulfide,adduct,M + 6×repeat | -H,0,0,-H,,,0.27
C42H30S8,"{'C': 42, 'H': 30, 'S': 8}",790.0113203621,neutral,0,PPS,Polyphenylene Sulfide,oligomer,M + 6×repeat,0,0,,,,0.27
C42H31S8,"{'C': 42, 'H': 31, 'S': 8}",791.01914539433,positive,1,PPS,Polyphenylene Sulfide,adduct,M + 6×repeat | H,0,0,H,,,0.27
C11H5S,"{'C': 11, 'H': 5, 'S': 1}",169.01119633555,neutral,0,PPS,Polyphenylene Sulfide,neutral_loss,break 2 bond(s) + 1×repeat | -CH3,2,0,,CH3,"[1, 2, 3, 4, 6, 7, 9, 10, 12, 13]",0.26999999999999996
C12H10S,"{'C': 12, 'H': 10, 'S': 1}",186.0503214967,neutral,0,PPS,Polyphenylene Sulfide,h_shift,break 2 bond(s) + 1×repeat | H shift +2,2,2,,,"[1, 2, 3, 4, 6, 7, 9, 10, 12, 13]",0.26999999999999996
C12H11S,"{'C': 12, 'H': 11, 'S': 1}",187.05814652893,positive,1,PPS,Polyphenylene Sulfide,adduct,break 2 bond(s) + 1×repeat | H shift +2 | H,2,2,H,,"[1, 2, 3, 4, 6, 7, 9, 10, 12, 13]",0.26999999999999996
C12H5S,"{'C': 12, 'H': 5, 'S': 1}",181.01119633555,negative,-1,PPS,Polyphenylene Sulfide,adduct,break 2 bond(s) + 1×repeat | H shift -2 | -H,2,-2,-H,,"[1, 2, 3, 4, 6, 7, 9, 10, 12, 13]",0.26999999999999996
C12H6S,"{'C': 12, 'H': 6, 'S': 1}",182.01902136778,neutral,0,PPS,Polyphenylene Sulfide,h_shift,break 2 bond(s) + 1×repeat | H shift -2,2,-2,,,"[1, 2, 3, 4, 6, 7, 9, 10, 12, 13]",0.26999999999999996
C12H6S,"{'C': 12, 'H': 6, 'S': 1}",182.01902136778,neutral,0,PPS,Polyphenylene Sulfide,neutral_loss,break 2 bond(s) + 1×repeat | -H2,2,0,,H2,"[1, 2, 3, 4, 6, 7, 9, 10, 12, 13]",0.26999999999999996
C12H7S,"{'C': 12, 'H': 7, 'S': 1}",183.02684640001,positive,1,PPS,Polyphenylene Sulfide,adduct,break 2 bond(s) + 1×repeat | H shift -2 | H,2,-2,H,,"[1, 2, 3, 4, 6, 7, 9, 10, 12, 13]",0.26999999999999996
C12H9S,"{'C': 12, 'H': 9, 'S': 1}",185.04249646447,negative,-1,PPS,Polyphenylene Sulfide,adduct,break 2 bond(s) + 1×repeat | H shift +2 | -H,2,2,-H,,"[1, 2, 3, 4, 6, 7, 9, 10, 12, 13]",0.26999999999999996
C18H12ClS3,"{'C': 18, 'S': 3, 'H': 12, 'Cl': 1}",358.97896659196,negative,-1,PPS,Polyphenylene Sulfide,adduct,break 1 bond(s) + 2×repeat | H shift -1 | Cl | ; | break 1 bond(s) + 2×repeat | H shift -1 | Cl,1,-1,Cl,,"[1, 2, 3, 4, 5, 6, 7, 9, 10, 11, 12, 13]",0.2699999999999999
C18H12KS3,"{'C': 18, 'S': 3, 'H': 12, 'K': 1}",362.97382039636,positive,1,PPS,Polyphenylene Sulfide,adduct,break 1 bond(s) + 2×repeat | H shift -1 | K | ; | break 1 bond(s) + 2×repeat | H shift -1 | K,1,-1,K,,"[1, 2, 3, 4, 5, 6, 7, 9, 10, 11, 12, 13]",0.2699999999999999
C18H12NaS3,"{'C': 18, 'S': 3, 'H': 12, 'Na': 1}",346.99988319196,positive,1,PPS,Polyphenylene Sulfide,adduct,break 1 bond(s) + 2×repeat | H shift -1 | Na | ; | break 1 bond(s) + 2×repeat | H shift -1 | Na,1,-1,Na,,"[1, 2, 3, 4, 5, 6, 7, 9, 10, 11, 12, 13]",0.2699999999999999
C18H12OS3,"{'C': 18, 'S': 3, 'H': 12, 'O': 1}",340.00502852953,negative,-1,PPS,Polyphenylene Sulfide,adduct,break 1 bond(s) + 2×repeat | H shift -1 | O | ; | break 1 bond(s) + 2×repeat | H shift -2 | OH | ; | break 1 bond(s) + 2×repeat | H shift -1 | O,1,-1,O,,"[1, 2, 3, 4, 5, 6, 7, 9, 10, 11, 12, 13]",0.2699999999999999
C18H14ClS3,"{'C': 18, 'S': 3, 'H': 14, 'Cl': 1}",360.99461665642,negative,-1,PPS,Polyphenylene Sulfide,adduct,break 1 bond(s) + 2×repeat | H shift +1 | Cl | ; | break 1 bond(s) + 2×repeat | H shift +1 | Cl,1,1,Cl,,"[1, 2, 3, 4, 5, 6, 7, 9, 10, 11, 12, 13]",0.2699999999999999
C18H14KS3,"{'C': 18, 'S': 3, 'H': 14, 'K': 1}",364.98947046082,positive,1,PPS,Polyphenylene Sulfide,adduct,break 1 bond(s) + 2×repeat | H shift +1 | K | ; | break 1 bond(s) + 2×repeat | H shift +1 | K,1,1,K,,"[1, 2, 3, 4, 5, 6, 7, 9, 10, 11, 12, 13]",0.2699999999999999
C18H14NaS3,"{'C': 18, 'S': 3, 'H': 14, 'Na': 1}",349.01553325642,positive,1,PPS,Polyphenylene Sulfide,adduct,break 1 bond(s) + 2×repeat | H shift +1 | Na | ; | break 1 bond(s) + 2×repeat | H shift +1 | Na,1,1,Na,,"[1, 2, 3, 4, 5, 6, 7, 9, 10, 11, 12, 13]",0.2699999999999999
C18H15OS3,"{'C': 18, 'S': 3, 'H': 15, 'O': 1}",343.02850362622,negative,-1,PPS,Polyphenylene Sulfide,adduct,break 1 bond(s) + 2×repeat | H shift +1 | OH | ; | break 1 bond(s) + 2×repeat | H shift +2 | O | ; | break 1 bond(s) + 2×repeat | H shift +1 | OH,1,1,OH,,"[1, 2, 3, 4, 5, 6, 7, 9, 10, 11, 12, 13]",0.2699999999999999
C23H14S4,"{'C': 23, 'S': 4, 'H': 14}",417.99783514882,neutral,0,PPS,Polyphenylene Sulfide,neutral_loss,break 1 bond(s) + 3×repeat | -CH3 | ; | break 1 bond(s) + 3×repeat | -CH3,1,0,,CH3,"[1, 2, 3, 4, 5, 6, 7, 9, 10, 11, 12, 13]",0.26
C24H14S4,"{'C': 24, 'S': 4, 'H': 14}",429.99783514882,negative,-1,PPS,Polyphenylene Sulfide,adduct,break 1 bond(s) + 3×repeat | H shift -2 | -H | ; | break 1 bond(s) + 3×repeat | H shift -2 | -H,1,-2,-H,,"[1, 2, 3, 4, 5, 6, 7, 9, 10, 11, 12, 13]",0.26
C24H15S4,"{'C': 24, 'S': 4, 'H': 15}",431.00566018105,neutral,0,PPS,Polyphenylene Sulfide,h_shift,break 1 bond(s) + 3×repeat | H shift -2 | ; | break 1 bond(s) + 3×repeat | H shift -2,1,-2,,,"[1, 2, 3, 4, 5, 6, 7, 9, 10, 11, 12, 13]",0.26
C24H15S4,"{'C': 24, 'S': 4, 'H': 15}",431.00566018105,neutral,0,PPS,Polyphenylene Sulfide,neutral_loss,break 1 bond(s) + 3×repeat | -H2 | ; | break 1 bond(s) + 3×repeat | -H2,1,0,,H2,"[1, 2, 3, 4, 5, 6, 7, 9, 10, 11, 12, 13]",0.26
C24H16S4,"{'C': 24, 'S': 4, 'H': 16}",432.01348521328,positive,1,PPS,Polyphenylene Sulfide,adduct,break 1 bond(s) + 3×repeat | H shift -2 | H | ; | break 1 bond(s) + 3×repeat | H shift -2 | H,1,-2,H,,"[1, 2, 3, 4, 5, 6, 7, 9, 10, 11, 12, 13]",0.26
C24H18S4,"{'C': 24, 'S': 4, 'H': 18}",434.02913527774,negative,-1,PPS,Polyphenylene Sulfide,adduct,break 1 bond(s) + 3×repeat | H shift +2 | -H | ; | break 1 bond(s) + 3×repeat | H shift +2 | -H,1,2,-H,,"[1, 2, 3, 4, 5, 6, 7, 9, 10, 11, 12, 13]",0.26
C24H19S4,"{'C': 24, 'S': 4, 'H': 19}",435.03696030997,neutral,0,PPS,Polyphenylene Sulfide,h_shift,break 1 bond(s) + 3×repeat | H shift +2 | ; | break 1 bond(s) + 3×repeat | H shift +2,1,2,,,"[1, 2, 3, 4, 5, 6, 7, 9, 10, 11, 12, 13]",0.26
C24H20S4,"{'C': 24, 'S': 4, 'H': 20}",436.0447853422,positive,1,PPS,Polyphenylene Sulfide,adduct,break 1 bond(s) + 3×repeat | H shift +2 | H | ; | break 1 bond(s) + 3×repeat | H shift +2 | H,1,2,H,,"[1, 2, 3, 4, 5, 6, 7, 9, 10, 11, 12, 13]",0.26
C30H21ClS6,"{'C': 30, 'H': 21, 'S': 6, 'Cl': 1}",607.96560540523,negative,-1,PPS,Polyphenylene Sulfide,adduct,M + 4×repeat | H shift -1 | Cl,0,-1,Cl,,,0.25999999999999995
C30H21KS6,"{'C': 30, 'H': 21, 'S': 6, 'K': 1}",611.96045920963,positive,1,PPS,Polyphenylene Sulfide,adduct,M + 4×repeat | H shift -1 | K,0,-1,K,,,0.25999999999999995
C30H21NaS6,"{'C': 30, 'H': 21, 'S': 6, 'Na': 1}",595.98652200523,positive,1,PPS,Polyphenylene Sulfide,adduct,M + 4×repeat | H shift -1 | Na,0,-1,Na,,,0.25999999999999995
C30H21OS6,"{'C': 30, 'H': 21, 'S': 6, 'O': 1}",588.9916673428,negative,-1,PPS,Polyphenylene Sulfide,adduct,M + 4×repeat | H shift -1 | O,0,-1,O,,,0.25999999999999995
C30H23ClS6,"{'C': 30, 'H': 23, 'S': 6, 'Cl': 1}",609.98125546969,negative,-1,PPS,Polyphenylene Sulfide,adduct,M + 4×repeat | H shift +1 | Cl,0,1,Cl,,,0.25999999999999995
C30H23KS6,"{'C': 30, 'H': 23, 'S': 6, 'K': 1}",613.97610927409,positive,1,PPS,Polyphenylene Sulfide,adduct,M + 4×repeat | H shift +1 | K,0,1,K,,,0.25999999999999995
C30H23NaS6,"{'C': 30, 'H': 23, 'S': 6, 'Na': 1}",598.00217206969,positive,1,PPS,Polyphenylene Sulfide,adduct,M + 4×repeat | H shift +1 | Na,0,1,Na,,,0.25999999999999995
C30H24OS6,"{'C': 30, 'H': 24, 'S': 6, 'O': 1}",592.01514243949,negative,-1,PPS,Polyphenylene Sulfide,adduct,M + 4×repeat | H shift +1 | OH | ; | M + 4×repeat | H shift +2 | O,0,1,OH,,,0.25999999999999995
C12H8ClS,"{'C': 12, 'H': 8, 'S': 1, 'Cl': 1}",219.00352411424,negative,-1,PPS,Polyphenylene Sulfide,adduct,break 2 bond(s) + 1×repeat | Cl,2,0,Cl,,"[1, 2, 3, 4, 6, 7, 9, 10, 12, 13]",0.25
C12H8KS,"{'C': 12, 'H': 8, 'S': 1, 'K': 1}",222.99837791864,positive,1,PPS,Polyphenylene Sulfide,adduct,break 2 bond(s) + 1×repeat | K,2,0,K,,"[1, 2, 3, 4, 6, 7, 9, 10, 12, 13]",0.25
C12H8NaS,"{'C': 12, 'H': 8, 'S': 1, 'Na': 1}",207.02444071424,positive,1,PPS,Polyphenylene Sulfide,adduct,break 2 bond(s) + 1×repeat | Na,2,0,Na,,"[1, 2, 3, 4, 6, 7, 9, 10, 12, 13]",0.25
C12H8OS,"{'C': 12, 'H': 8, 'S': 1, 'O': 1}",200.02958605180999,negative,-1,PPS,Polyphenylene Sulfide,adduct,break 2 bond(s) + 1×repeat | O,2,0,O,,"[1, 2, 3, 4, 6, 7, 9, 10, 12, 13]",0.25
C12H9OS,"{'C': 12, 'H': 9, 'S': 1, 'O': 1}",201.03741108404,negative,-1,PPS,Polyphenylene Sulfide,adduct,break 2 bond(s) + 1×repeat | OH | ; | break 2 bond(s) + 1×repeat | H shift +1 | O,2,0,OH,,"[1, 2, 3, 4, 6, 7, 9, 10, 12, 13]",0.25
C35H23S7,"{'C': 35, 'H': 23, 'S': 7}",666.98447396209,neutral,0,PPS,Polyphenylene Sulfide,neutral_loss,M + 5×repeat | -CH3,0,0,,CH3,,0.25
C36H23S7,"{'C': 36, 'H': 23, 'S': 7}",678.98447396209,negative,-1,PPS,Polyphenylene Sulfide,adduct,M + 5×repeat | H shift -2 | -H,0,-2,-H,,,0.25
C36H24S7,"{'C': 36, 'H': 24, 'S': 7}",679.99229899432,neutral,0,PPS,Polyphenylene Sulfide,h_shift,M + 5×repeat | H shift -2,0,-2,,,,0.25
C36H24S7,"{'C': 36, 'H': 24, 'S': 7}",679.99229899432,neutral,0,PPS,Polyphenylene Sulfide,neutral_loss,M + 5×repeat | -H2,0,0,,H2,,0.25
C36H25S7,"{'C': 36, 'H': 25, 'S': 7}",681.00012402655,positive,1,PPS,Polyphenylene Sulfide,adduct,M + 5×repeat | H shift -2 | H,0,-2,H,,,0.25
C36H27S7,"{'C': 36, 'H': 27, 'S': 7}",683.01577409101,negative,-1,PPS,Polyphenylene Sulfide,adduct,M + 5×repeat | H shift +2 | -H,0,2,-H,,,0.25
C36H28S7,"{'C': 36, 'H': 28, 'S': 7}",684.0235991232399,neutral,0,PPS,Polyphenylene Sulfide,h_shift,M + 5×repeat | H shift +2,0,2,,,,0.25
C36H29S7,"{'C': 36, 'H': 29, 'S': 7}",685.03142415547,positive,1,PPS,Polyphenylene Sulfide,adduct,M + 5×repeat | H shift +2 | H,0,2,H,,,0.25
C5H3,"{'C': 5, 'H': 3}",63.02347509669,neutral,0,PPS,Polyphenylene Sulfide,neutral_loss,break 2 bond(s) | H shift +2 | -CH3,2,2,,CH3,"[1, 2, 3, 4, 6, 7, 9, 10, 12, 13]",0.24999999999999997
C6,{'C': 6},72.0,neutral,0,PPS,Polyphenylene Sulfide,neutral_loss,break 2 bond(s) | H shift -2 | -H2,2,-2,,H2,"[1, 2, 3, 4, 6, 7, 9, 10, 12, 13]",0.24999999999999997
C6H4,"{'C': 6, 'H': 4}",76.03130012892,neutral,0,PPS,Polyphenylene Sulfide,neutral_loss,break 2 bond(s) | H shift +2 | -H2,2,2,,H2,"[1, 2, 3, 4, 6, 7, 9, 10, 12, 13]",0.24999999999999997
C17H12S3,"{'C': 17, 'S': 3, 'H': 12}",312.01011390996,neutral,0,PPS,Polyphenylene Sulfide,neutral_loss,break 1 bond(s) + 2×repeat | H shift +2 | -CH3 | ; | break 1 bond(s) + 2×repeat | H shift +2 | -CH3,1,2,,CH3,"[1, 2, 3, 4, 5, 6, 7, 9, 10, 11, 12, 13]",0.24000000000000002
C17H8S3,"{'C': 17, 'S': 3, 'H': 8}",307.97881378104,neutral,0,PPS,Polyphenylene Sulfide,neutral_loss,break 1 bond(s) + 2×repeat | H shift -2 | -CH3 | ; | break 1 bond(s) + 2×repeat | H shift -2 | -CH3,1,-2,,CH3,"[1, 2, 3, 4, 5, 6, 7, 9, 10, 11, 12, 13]",0.24000000000000002
C18H10S2,"{'C': 18, 'H': 10, 'S': 2}",290.0223926711,negative,-1,PPS,Polyphenylene Sulfide,adduct,break 2 bond(s) + 2×repeat | H shift -1 | -H,2,-1,-H,,"[1, 2, 3, 4, 6, 7, 9, 10, 12, 13]",0.24000000000000002
C18H11S2,"{'C': 18, 'H': 11, 'S': 2}",291.03021770333,neutral,0,PPS,Polyphenylene Sulfide,h_shift,break 2 bond(s) + 2×repeat | H shift -1,2,-1,,,"[1, 2, 3, 4, 6, 7, 9, 10, 12, 13]",0.24000000000000002
C18H12S2,"{'C': 18, 'H': 12, 'S': 2}",292.03804273556,positive,1,PPS,Polyphenylene Sulfide,adduct,break 2 bond(s) + 2×repeat | H shift -1 | H,2,-1,H,,"[1, 2, 3, 4, 6, 7, 9, 10, 12, 13]",0.24000000000000002
C18H12S2,"{'C': 18, 'H': 12, 'S': 2}",292.03804273556,negative,-1,PPS,Polyphenylene Sulfide,adduct,break 2 bond(s) + 2×repeat | H shift +1 | -H,2,1,-H,,"[1, 2, 3, 4, 6, 7, 9, 10, 12, 13]",0.24000000000000002
C18H13S2,"{'C': 18, 'H': 13, 'S': 2}",293.04586776779,neutral,0,PPS,Polyphenylene Sulfide,h_shift,break 2 bond(s) + 2×repeat | H shift +1,2,1,,,"[1, 2, 3, 4, 6, 7, 9, 10, 12, 13]",0.24000000000000002
C18H13S3,"{'C': 18, 'S': 3, 'H': 13}",325.01793894218997,neutral,0,PPS,Polyphenylene Sulfide,neutral_loss,break 1 bond(s) + 2×repeat | H shift +2 | -H2 | ; | break 1 bond(s) + 2×repeat | H shift +2 | -H2,1,2,,H2,"[1, 2, 3, 4, 5, 6, 7, 9, 10, 11, 12, 13]",0.24000000000000002
C18H14S2,"{'C': 18, 'H': 14, 'S': 2}",294.05369280002,positive,1,PPS,Polyphenylene Sulfide,adduct,break 2 bond(s) + 2×repeat | H shift +1 | H,2,1,H,,"[1, 2, 3, 4, 6, 7, 9, 10, 12, 13]",0.24000000000000002
C18H9S3,"{'C': 18, 'S': 3, 'H': 9}",320.98663881327,neutral,0,PPS,Polyphenylene Sulfide,neutral_loss,break 1 bond(s) + 2×repeat | H shift -2 | -H2 | ; | break 1 bond(s) + 2×repeat | H shift -2 | -H2,1,-2,,H2,"[1, 2, 3, 4, 5, 6, 7, 9, 10, 11, 12, 13]",0.24000000000000002
C24H17ClS4,"{'C': 24, 'S': 4, 'H': 17, 'Cl': 1}",467.99016292750997,negative,-1,PPS,Polyphenylene Sulfide,adduct,break 1 bond(s) + 3×repeat | Cl | ; | break 1 bond(s) + 3×repeat | Cl,1,0,Cl,,"[1, 2, 3, 4, 5, 6, 7, 9, 10, 11, 12, 13]",0.24
C24H17KS4,"{'C': 24, 'S': 4, 'H': 17, 'K': 1}",471.98501673191,positive,1,PPS,Polyphenylene Sulfide,adduct,break 1 bond(s) + 3×repeat | K | ; | break 1 bond(s) + 3×repeat | K,1,0,K,,"[1, 2, 3, 4, 5, 6, 7, 9, 10, 11, 12, 13]",0.24
C24H17NaS4,"{'C': 24, 'S': 4, 'H': 17, 'Na': 1}",456.01107952751,positive,1,PPS,Polyphenylene Sulfide,adduct,break 1 bond(s) + 3×repeat | Na | ; | break 1 bond(s) + 3×repeat | Na,1,0,Na,,"[1, 2, 3, 4, 5, 6, 7, 9, 10, 11, 12, 13]",0.24
C24H17OS4,"{'C': 24, 'S': 4, 'H': 17, 'O': 1}",449.01622486508,negative,-1,PPS,Polyphenylene Sulfide,adduct,break 1 bond(s) + 3×repeat | O | ; | break 1 bond(s) + 3×repeat | H shift -1 | OH | ; | break 1 bond(s) + 3×repeat | O,1,0,O,,"[1, 2, 3, 4, 5, 6, 7, 9, 10, 11, 12, 13]",0.24
C24H18OS4,"{'C': 24, 'S': 4, 'H': 18, 'O': 1}",450.02404989731,negative,-1,PPS,Polyphenylene Sulfide,adduct,break 1 bond(s) + 3×repeat | OH | ; | break 1 bond(s) + 3×repeat | H shift +1 | O | ; | break 1 bond(s) + 3×repeat | OH,1,0,OH,,"[1, 2, 3, 4, 5, 6, 7, 9, 10, 11, 12, 13]",0.24
C29H17S6,"{'C': 29, 'H': 17, 'S': 6}",556.96545259431,neutral,0,PPS,Polyphenylene Sulfide,neutral_loss,M + 4×repeat | H shift -2 | -CH3,0,-2,,CH3,,0.23000000000000004
C29H21S6,"{'C': 29, 'H': 21, 'S': 6}",560.99675272323,neutral,0,PPS,Polyphenylene Sulfide,neutral_loss,M + 4×repeat | H shift +2 | -CH3,0,2,,CH3,,0.23000000000000004
C30H18S6,"{'C': 30, 'H': 18, 'S': 6}",569.97327762654,neutral,0,PPS,Polyphenylene Sulfide,neutral_loss,M + 4×repeat | H shift -2 | -H2,0,-2,,H2,,0.23000000000000004
C30H22S6,"{'C': 30, 'H': 22, 'S': 6}",574.00457775546,neutral,0,PPS,Polyphenylene Sulfide,neutral_loss,M + 4×repeat | H shift +2 | -H2,0,2,,H2,,0.23000000000000004
C36H26ClS7,"{'C': 36, 'H': 26, 'S': 7, 'Cl': 1}",716.9768017407799,negative,-1,PPS,Polyphenylene Sulfide,adduct,M + 5×repeat | Cl,0,0,Cl,,,0.22999999999999998
C36H26KS7,"{'C': 36, 'H': 26, 'S': 7, 'K': 1}",720.9716555451799,positive,1,PPS,Polyphenylene Sulfide,adduct,M + 5×repeat | K,0,0,K,,,0.22999999999999998
C36H26NaS7,"{'C': 36, 'H': 26, 'S': 7, 'Na': 1}",704.99771834078,positive,1,PPS,Polyphenylene Sulfide,adduct,M + 5×repeat | Na,0,0,Na,,,0.22999999999999998
C36H26OS7,"{'C': 36, 'H': 26, 'S': 7, 'O': 1}",698.00286367835,negative,-1,PPS,Polyphenylene Sulfide,adduct,M + 5×repeat | O,0,0,O,,,0.22999999999999998
C36H27OS7,"{'C': 36, 'H': 27, 'S': 7, 'O': 1}",699.01068871058,negative,-1,PPS,Polyphenylene Sulfide,adduct,M + 5×repeat | OH | ; | M + 5×repeat | H shift +1 | O,0,0,OH,,,0.22999999999999998
C6H2Cl,"{'C': 6, 'H': 2, 'Cl': 1}",108.98450274646,negative,-1,PPS,Polyphenylene Sulfide,adduct,break 2 bond(s) | H shift -2 | Cl,2,-2,Cl,,"[1, 2, 3, 4, 6, 7, 9, 10, 12, 13]",0.22999999999999998
C6H2K,"{'C': 6, 'H': 2, 'K': 1}",112.97935655086,positive,1,PPS,Polyphenylene Sulfide,adduct,break 2 bond(s) | H shift -2 | K,2,-2,K,,"[1, 2, 3, 4, 6, 7, 9, 10, 12, 13]",0.22999999999999998
C6H2Na,"{'C': 6, 'H': 2, 'Na': 1}",97.00541934646,positive,1,PPS,Polyphenylene Sulfide,adduct,break 2 bond(s) | H shift -2 | Na,2,-2,Na,,"[1, 2, 3, 4, 6, 7, 9, 10, 12, 13]",0.22999999999999998
C6H2O,"{'C': 6, 'H': 2, 'O': 1}",90.01056468403,negative,-1,PPS,Polyphenylene Sulfide,adduct,break 2 bond(s) | H shift -2 | O,2,-2,O,,"[1, 2, 3, 4, 6, 7, 9, 10, 12, 13]",0.22999999999999998
C6H6Cl,"{'C': 6, 'H': 6, 'Cl': 1}",113.01580287538,negative,-1,PPS,Polyphenylene Sulfide,adduct,break 2 bond(s) | H shift +2 | Cl,2,2,Cl,,"[1, 2, 3, 4, 6, 7, 9, 10, 12, 13]",0.22999999999999998
C6H6K,"{'C': 6, 'H': 6, 'K': 1}",117.01065667978,positive,1,PPS,Polyphenylene Sulfide,adduct,break 2 bond(s) | H shift +2 | K,2,2,K,,"[1, 2, 3, 4, 6, 7, 9, 10, 12, 13]",0.22999999999999998
C6H6Na,"{'C': 6, 'H': 6, 'Na': 1}",101.03671947538,positive,1,PPS,Polyphenylene Sulfide,adduct,break 2 bond(s) | H shift +2 | Na,2,2,Na,,"[1, 2, 3, 4, 6, 7, 9, 10, 12, 13]",0.22999999999999998
C6H7O,"{'C': 6, 'H': 7, 'O': 1}",95.04968984518,negative,-1,PPS,Polyphenylene Sulfide,adduct,break 2 bond(s) | H shift +2 | OH,2,2,OH,,"[1, 2, 3, 4, 6, 7, 9, 10, 12, 13]",0.22999999999999998
C30H19S5,"{'C': 30, 'S': 5, 'H': 19}",539.00903148437,negative,-1,PPS,Polyphenylene Sulfide,adduct,break 1 bond(s) + 4×repeat | H shift -1 | -H | ; | break 1 bond(s) + 4×repeat | H shift -1 | -H,1,-1,-H,,"[1, 2, 3, 4, 5, 6, 7, 9, 10, 11, 12, 13]",0.22999999999999993
C30H20S5,"{'C': 30, 'S': 5, 'H': 20}",540.0168565166,neutral,0,PPS,Polyphenylene Sulfide,h_shift,break 1 bond(s) + 4×repeat | H shift -1 | ; | break 1 bond(s) + 4×repeat | H shift -1,1,-1,,,"[1, 2, 3, 4, 5, 6, 7, 9, 10, 11, 12, 13]",0.22999999999999993
C30H21S5,"{'C': 30, 'S': 5, 'H': 21}",541.02468154883,positive,1,PPS,Polyphenylene Sulfide,adduct,break 1 bond(s) + 4×repeat | H shift -1 | H | ; | break 1 bond(s) + 4×repeat | H shift -1 | H,1,-1,H,,"[1, 2, 3, 4, 5, 6, 7, 9, 10, 11, 12, 13]",0.22999999999999993
C30H21S5,"{'C': 30, 'S': 5, 'H': 21}",541.02468154883,negative,-1,PPS,Polyphenylene Sulfide,adduct,break 1 bond(s) + 4×repeat | H shift +1 | -H | ; | break 1 bond(s) + 4×repeat | H shift +1 | -H,1,1,-H,,"[1, 2, 3, 4, 5, 6, 7, 9, 10, 11, 12, 13]",0.22999999999999993
C30H22S5,"{'C': 30, 'S': 5, 'H': 22}",542.03250658106,neutral,0,PPS,Polyphenylene Sulfide,h_shift,break 1 bond(s) + 4×repeat | H shift +1 | ; | break 1 bond(s) + 4×repeat | H shift +1,1,1,,,"[1, 2, 3, 4, 5, 6, 7, 9, 10, 11, 12, 13]",0.22999999999999993
C30H23S5,"{'C': 30, 'S': 5, 'H': 23}",543.04033161329,positive,1,PPS,Polyphenylene Sulfide,adduct,break 1 bond(s) + 4×repeat | H shift +1 | H | ; | break 1 bond(s) + 4×repeat | H shift +1 | H,1,1,H,,"[1, 2, 3, 4, 5, 6, 7, 9, 10, 11, 12, 13]",0.22999999999999993
C11H4S,"{'C': 11, 'H': 4, 'S': 1}",168.00337130332,neutral,0,PPS,Polyphenylene Sulfide,neutral_loss,break 2 bond(s) + 1×repeat | H shift -1 | -CH3,2,-1,,CH3,"[1, 2, 3, 4, 6, 7, 9, 10, 12, 13]",0.22000000000000003
C11H6S,"{'C': 11, 'H': 6, 'S': 1}",170.01902136778,neutral,0,PPS,Polyphenylene Sulfide,neutral_loss,break 2 bond(s) + 1×repeat | H shift +1 | -CH3,2,1,,CH3,"[1, 2, 3, 4, 6, 7, 9, 10, 12, 13]",0.22000000000000003
C12H5S,"{'C': 12, 'H': 5, 'S': 1}",181.01119633555,neutral,0,PPS,Polyphenylene Sulfide,neutral_loss,break 2 bond(s) + 1×repeat | H shift -1 | -H2,2,-1,,H2,"[1, 2, 3, 4, 6, 7, 9, 10, 12, 13]",0.22000000000000003
C12H7S,"{'C': 12, 'H': 7, 'S': 1}",183.02684640001,neutral,0,PPS,Polyphenylene Sulfide,neutral_loss,break 2 bond(s) + 1×repeat | H shift +1 | -H2,2,1,,H2,"[1, 2, 3, 4, 6, 7, 9, 10, 12, 13]",0.22000000000000003
C18H11ClS3,"{'C': 18, 'S': 3, 'H': 11, 'Cl': 1}",357.97114155973,negative,-1,PPS,Polyphenylene Sulfide,adduct,break 1 bond(s) + 2×repeat | H shift -2 | Cl | ; | break 1 bond(s) + 2×repeat | H shift -2 | Cl,1,-2,Cl,,"[1, 2, 3, 4, 5, 6, 7, 9, 10, 11, 12, 13]",0.22
C18H11KS3,"{'C': 18, 'S': 3, 'H': 11, 'K': 1}",361.96599536413,positive,1,PPS,Polyphenylene Sulfide,adduct,break 1 bond(s) + 2×repeat | H shift -2 | K | ; | break 1 bond(s) + 2×repeat | H shift -2 | K,1,-2,K,,"[1, 2, 3, 4, 5, 6, 7, 9, 10, 11, 12, 13]",0.22
C18H11NaS3,"{'C': 18, 'S': 3, 'H': 11, 'Na': 1}",345.99205815973,positive,1,PPS,Polyphenylene Sulfide,adduct,break 1 bond(s) + 2×repeat | H shift -2 | Na | ; | break 1 bond(s) + 2×repeat | H shift -2 | Na,1,-2,Na,,"[1, 2, 3, 4, 5, 6, 7, 9, 10, 11, 12, 13]",0.22
C18H11OS3,"{'C': 18, 'S': 3, 'H': 11, 'O': 1}",338.9972034973,negative,-1,PPS,Polyphenylene Sulfide,adduct,break 1 bond(s) + 2×repeat | H shift -2 | O | ; | break 1 bond(s) + 2×repeat | H shift -2 | O,1,-2,O,,"[1, 2, 3, 4, 5, 6, 7, 9, 10, 11, 12, 13]",0.22
C18H15ClS3,"{'C': 18, 'S': 3, 'H': 15, 'Cl': 1}",362.00244168865,negative,-1,PPS,Polyphenylene Sulfide,adduct,break 1 bond(s) + 2×repeat | H shift +2 | Cl | ; | break 1 bond(s) + 2×repeat | H shift +2 | Cl,1,2,Cl,,"[1, 2, 3, 4, 5, 6, 7, 9, 10, 11, 12, 13]",0.22
C18H15KS3,"{'C': 18, 'S': 3, 'H': 15, 'K': 1}",365.99729549305,positive,1,PPS,Polyphenylene Sulfide,adduct,break 1 bond(s) + 2×repeat | H shift +2 | K | ; | break 1 bond(s) + 2×repeat | H shift +2 | K,1,2,K,,"[1, 2, 3, 4, 5, 6, 7, 9, 10, 11, 12, 13]",0.22
C18H15NaS3,"{'C': 18, 'S': 3, 'H': 15, 'Na': 1}",350.02335828865,positive,1,PPS,Polyphenylene Sulfide,adduct,break 1 bond(s) + 2×repeat | H shift +2 | Na | ; | break 1 bond(s) + 2×repeat | H shift +2 | Na,1,2,Na,,"[1, 2, 3, 4, 5, 6, 7, 9, 10, 11, 12, 13]",0.22
C18H16OS3,"{'C': 18, 'S': 3, 'H': 16, 'O': 1}",344.03632865845,negative,-1,PPS,Polyphenylene Sulfide,adduct,break 1 bond(s) + 2×repeat | H shift +2 | OH | ; | break 1 bond(s) + 2×repeat | H shift +2 | OH,1,2,OH,,"[1, 2, 3, 4, 5, 6, 7, 9, 10, 11, 12, 13]",0.22
C42H28S8,"{'C': 42, 'H': 28, 'S': 8}",787.99567029764,negative,-1,PPS,Polyphenylene Sulfide,adduct,M + 6×repeat | H shift -1 | -H,0,-1,-H,,,0.21999999999999997
C42H29S8,"{'C': 42, 'H': 29, 'S': 8}",789.00349532987,neutral,0,PPS,Polyphenylene Sulfide,h_shift,M + 6×repeat | H shift -1,0,-1,,,,0.21999999999999997
C42H30S8,"{'C': 42, 'H': 30, 'S': 8}",790.0113203621,positive,1,PPS,Polyphenylene Sulfide,adduct,M + 6×repeat | H shift -1 | H,0,-1,H,,,0.21999999999999997
C42H30S8,"{'C': 42, 'H': 30, 'S': 8}",790.0113203621,negative,-1,PPS,Polyphenylene Sulfide,adduct,M + 6×repeat | H shift +1 | -H,0,1,-H,,,0.21999999999999997
C42H31S8,"{'C': 42, 'H': 31, 'S': 8}",791.01914539433,neutral,0,PPS,Polyphenylene Sulfide,h_shift,M + 6×repeat | H shift +1,0,1,,,,0.21999999999999997
C42H32S8,"{'C': 42, 'H': 32, 'S': 8}",792.02697042656,positive,1,PPS,Polyphenylene Sulfide,adduct,M + 6×repeat | H shift +1 | H,0,1,H,,,0.21999999999999997
C24H15S3,"{'C': 24, 'H': 15, 'S': 3}",399.03358900665,negative,-1,PPS,Polyphenylene Sulfide,adduct,break 2 bond(s) + 3×repeat | -H,2,0,-H,,"[1, 2, 3, 4, 6, 7, 9, 10, 12, 13]",0.21000000000000002
C24H16S3,"{'C': 24, 'H': 16, 'S': 3}",400.04141403888,neutral,0,PPS,Polyphenylene Sulfide,fragment,break 2 bond(s) + 3×repeat,2,0,,,"[1, 2, 3, 4, 6, 7, 9, 10, 12, 13]",0.21000000000000002
C24H17S3,"{'C': 24, 'H': 17, 'S': 3}",401.04923907111,positive,1,PPS,Polyphenylene Sulfide,adduct,break 2 bond(s) + 3×repeat | H,2,0,H,,"[1, 2, 3, 4, 6, 7, 9, 10, 12, 13]",0.21000000000000002
C30H20ClS6,"{'C': 30, 'H': 20, 'S': 6, 'Cl': 1}",606.957780373,negative,-1,PPS,Polyphenylene Sulfide,adduct,M + 4×repeat | H shift -2 | Cl,0,-2,Cl,,,0.21000000000000002
C30H20KS6,"{'C': 30, 'H': 20, 'S': 6, 'K': 1}",610.9526341774,positive,1,PPS,Polyphenylene Sulfide,adduct,M + 4×repeat | H shift -2 | K,0,-2,K,,,0.21000000000000002
C30H20NaS6,"{'C': 30, 'H': 20, 'S': 6, 'Na': 1}",594.978696973,positive,1,PPS,Polyphenylene Sulfide,adduct,M + 4×repeat | H shift -2 | Na,0,-2,Na,,,0.21000000000000002
C30H20OS6,"{'C': 30, 'H': 20, 'S': 6, 'O': 1}",587.98384231057,negative,-1,PPS,Polyphenylene Sulfide,adduct,M + 4×repeat | H shift -2 | O,0,-2,O,,,0.21000000000000002
C30H24ClS6,"{'C': 30, 'H': 24, 'S': 6, 'Cl': 1}",610.98908050192,negative,-1,PPS,Polyphenylene Sulfide,adduct,M + 4×repeat | H shift +2 | Cl,0,2,Cl,,,0.21000000000000002
C30H24KS6,"{'C': 30, 'H': 24, 'S': 6, 'K': 1}",614.98393430632,positive,1,PPS,Polyphenylene Sulfide,adduct,M + 4×repeat | H shift +2 | K,0,2,K,,,0.21000000000000002
C30H24NaS6,"{'C': 30, 'H': 24, 'S': 6, 'Na': 1}",599.00999710192,positive,1,PPS,Polyphenylene Sulfide,adduct,M + 4×repeat | H shift +2 | Na,0,2,Na,,,0.21000000000000002
C30H25OS6,"{'C': 30, 'H': 25, 'S': 6, 'O': 1}",593.02296747172,negative,-1,PPS,Polyphenylene Sulfide,adduct,M + 4×repeat | H shift +2 | OH,0,2,OH,,,0.21000000000000002
C23H13S4,"{'C': 23, 'S': 4, 'H': 13}",416.99001011659,neutral,0,PPS,Polyphenylene Sulfide,neutral_loss,break 1 bond(s) + 3×repeat | H shift -1 | -CH3 | ; | break 1 bond(s) + 3×repeat | H shift -1 | -CH3,1,-1,,CH3,"[1, 2, 3, 4, 5, 6, 7, 9, 10, 11, 12, 13]",0.20999999999999996
C23H15S4,"{'C': 23, 'S': 4, 'H': 15}",419.00566018105,neutral,0,PPS,Polyphenylene Sulfide,neutral_loss,break 1 bond(s) + 3×repeat | H shift +1 | -CH3 | ; | break 1 bond(s) + 3×repeat | H shift +1 | -CH3,1,1,,CH3,"[1, 2, 3, 4, 5, 6, 7, 9, 10, 11, 12, 13]",0.20999999999999996
C24H14S4,"{'C': 24, 'S': 4, 'H': 14}",429.99783514882,neutral,0,PPS,Polyphenylene Sulfide,neutral_loss,break 1 bond(s) + 3×repeat | H shift -1 | -H2 | ; | break 1 bond(s) + 3×repeat | H shift -1 | -H2,1,-1,,H2,"[1, 2, 3, 4, 5, 6, 7, 9, 10, 11, 12, 13]",0.20999999999999996
C24H16S4,"{'C': 24, 'S': 4, 'H': 16}",432.01348521328,neutral,0,PPS,Polyphenylene Sulfide,neutral_loss,break 1 bond(s) + 3×repeat | H shift +1 | -H2 | ; | break 1 bond(s) + 3×repeat | H shift +1 | -H2,1,1,,H2,"[1, 2, 3, 4, 5, 6, 7, 9, 10, 11, 12, 13]",0.20999999999999996
C12H10OS,"{'C': 12, 'H': 10, 'S': 1, 'O': 1}",202.04523611627,negative,-1,PPS,Polyphenylene Sulfide,adduct,break 2 bond(s) + 1×repeat | H shift +1 | OH | ; | break 2 bond(s) + 1×repeat | H shift +2 | O,2,1,OH,,"[1, 2, 3, 4, 6, 7, 9, 10, 12, 13]",0.2
C12H7ClS,"{'C': 12, 'H': 7, 'S': 1, 'Cl': 1}",217.99569908201,negative,-1,PPS,Polyphenylene Sulfide,adduct,break 2 bond(s) + 1×repeat | H shift -1 | Cl,2,-1,Cl,,"[1, 2, 3, 4, 6, 7, 9, 10, 12, 13]",0.2
C12H7KS,"{'C': 12, 'H': 7, 'S': 1, 'K': 1}",221.99055288641,positive,1,PPS,Polyphenylene Sulfide,adduct,break 2 bond(s) + 1×repeat | H shift -1 | K,2,-1,K,,"[1, 2, 3, 4, 6, 7, 9, 10, 12, 13]",0.2
C12H7NaS,"{'C': 12, 'H': 7, 'S': 1, 'Na': 1}",206.01661568201,positive,1,PPS,Polyphenylene Sulfide,adduct,break 2 bond(s) + 1×repeat | H shift -1 | Na,2,-1,Na,,"[1, 2, 3, 4, 6, 7, 9, 10, 12, 13]",0.2
C12H7OS,"{'C': 12, 'H': 7, 'S': 1, 'O': 1}",199.02176101958,negative,-1,PPS,Polyphenylene Sulfide,adduct,break 2 bond(s) + 1×repeat | H shift -1 | O,2,-1,O,,"[1, 2, 3, 4, 6, 7, 9, 10, 12, 13]",0.2
C12H9ClS,"{'C': 12, 'H': 9, 'S': 1, 'Cl': 1}",220.01134914647,negative,-1,PPS,Polyphenylene Sulfide,adduct,break 2 bond(s) + 1×repeat | H shift +1 | Cl,2,1,Cl,,"[1, 2, 3, 4, 6, 7, 9, 10, 12, 13]",0.2
C12H9KS,"{'C': 12, 'H': 9, 'S': 1, 'K': 1}",224.00620295087,positive,1,PPS,Polyphenylene Sulfide,adduct,break 2 bond(s) + 1×repeat | H shift +1 | K,2,1,K,,"[1, 2, 3, 4, 6, 7, 9, 10, 12, 13]",0.2
C12H9NaS,"{'C': 12, 'H': 9, 'S': 1, 'Na': 1}",208.03226574647,positive,1,PPS,Polyphenylene Sulfide,adduct,break 2 bond(s) + 1×repeat | H shift +1 | Na,2,1,Na,,"[1, 2, 3, 4, 6, 7, 9, 10, 12, 13]",0.2
C35H22S7,"{'C': 35, 'H': 22, 'S': 7}",665.97664892986,neutral,0,PPS,Polyphenylene Sulfide,neutral_loss,M + 5×repeat | H shift -1 | -CH3,0,-1,,CH3,,0.19999999999999996
C35H24S7,"{'C': 35, 'H': 24, 'S': 7}",667.99229899432,neutral,0,PPS,Polyphenylene Sulfide,neutral_loss,M + 5×repeat | H shift +1 | -CH3,0,1,,CH3,,0.19999999999999996
C36H23S7,"{'C': 36, 'H': 23, 'S': 7}",678.98447396209,neutral,0,PPS,Polyphenylene Sulfide,neutral_loss,M + 5×repeat | H shift -1 | -H2,0,-1,,H2,,0.19999999999999996
C36H24S6,"{'C': 36, 'S': 6, 'H': 24}",648.02022781992,negative,-1,PPS,Polyphenylene Sulfide,adduct,break 1 bond(s) + 5×repeat | -H | ; | break 1 bond(s) + 5×repeat | -H,1,0,-H,,"[1, 2, 3, 4, 5, 6, 7, 9, 10, 11, 12, 13]",0.19999999999999996
C36H25S6,"{'C': 36, 'S': 6, 'H': 25}",649.02805285215,neutral,0,PPS,Polyphenylene Sulfide,fragment,break 1 bond(s) + 5×repeat | ; | break 1 bond(s) + 5×repeat,1,0,,,"[1, 2, 3, 4, 5, 6, 7, 9, 10, 11, 12, 13]",0.19999999999999996
C36H25S7,"{'C': 36, 'H': 25, 'S': 7}",681.00012402655,neutral,0,PPS,Polyphenylene Sulfide,neutral_loss,M + 5×repeat | H shift +1 | -H2,0,1,,H2,,0.19999999999999996
C36H26S6,"{'C': 36, 'S': 6, 'H': 26}",650.0358778843799,positive,1,PPS,Polyphenylene Sulfide,adduct,break 1 bond(s) + 5×repeat | H | ; | break 1 bond(s) + 5×repeat | H,1,0,H,,"[1, 2, 3, 4, 5, 6, 7, 9, 10, 11, 12, 13]",0.19999999999999996
C17H9S2,"{'C': 17, 'H': 9, 'S': 2}",277.01456763887,neutral,0,PPS,Polyphenylene Sulfide,neutral_loss,break 2 bond(s) + 2×repeat | -CH3,2,0,,CH3,"[1, 2, 3, 4, 6, 7, 9, 10, 12, 13]",0.18999999999999997
C18H10S2,"{'C': 18, 'H': 10, 'S': 2}",290.0223926711,neutral,0,PPS,Polyphenylene Sulfide,h_shift,break 2 bond(s) + 2×repeat | H shift -2,2,-2,,,"[1, 2, 3, 4, 6, 7, 9, 10, 12, 13]",0.18999999999999997
C18H10S2,"{'C': 18, 'H': 10, 'S': 2}",290.0223926711,neutral,0,PPS,Polyphenylene Sulfide,neutral_loss,break 2 bond(s) + 2×repeat | -H2,2,0,,H2,"[1, 2, 3, 4, 6, 7, 9, 10, 12, 13]",0.18999999999999997
C18H11S2,"{'C': 18, 'H': 11, 'S': 2}",291.03021770333,positive,1,PPS,Polyphenylene Sulfide,adduct,break 2 bond(s) + 2×repeat | H shift -2 | H,2,-2,H,,"[1, 2, 3, 4, 6, 7, 9, 10, 12, 13]",0.18999999999999997
C18H13S2,"{'C': 18, 'H': 13, 'S': 2}",293.04586776779,negative,-1,PPS,Polyphenylene Sulfide,adduct,break 2 bond(s) + 2×repeat | H shift +2 | -H,2,2,-H,,"[1, 2, 3, 4, 6, 7, 9, 10, 12, 13]",0.18999999999999997
C18H14S2,"{'C': 18, 'H': 14, 'S': 2}",294.05369280002,neutral,0,PPS,Polyphenylene Sulfide,h_shift,break 2 bond(s) + 2×repeat | H shift +2,2,2,,,"[1, 2, 3, 4, 6, 7, 9, 10, 12, 13]",0.18999999999999997
C18H15S2,"{'C': 18, 'H': 15, 'S': 2}",295.06151783225,positive,1,PPS,Polyphenylene Sulfide,adduct,break 2 bond(s) + 2×repeat | H shift +2 | H,2,2,H,,"[1, 2, 3, 4, 6, 7, 9, 10, 12, 13]",0.18999999999999997
C18H9S2,"{'C': 18, 'H': 9, 'S': 2}",289.01456763887,negative,-1,PPS,Polyphenylene Sulfide,adduct,break 2 bond(s) + 2×repeat | H shift -2 | -H,2,-2,-H,,"[1, 2, 3, 4, 6, 7, 9, 10, 12, 13]",0.18999999999999997
C24H16ClS4,"{'C': 24, 'S': 4, 'H': 16, 'Cl': 1}",466.98233789528,negative,-1,PPS,Polyphenylene Sulfide,adduct,break 1 bond(s) + 3×repeat | H shift -1 | Cl | ; | break 1 bond(s) + 3×repeat | H shift -1 | Cl,1,-1,Cl,,"[1, 2, 3, 4, 5, 6, 7, 9, 10, 11, 12, 13]",0.18999999999999995
C24H16KS4,"{'C': 24, 'S': 4, 'H': 16, 'K': 1}",470.97719169968,positive,1,PPS,Polyphenylene Sulfide,adduct,break 1 bond(s) + 3×repeat | H shift -1 | K | ; | break 1 bond(s) + 3×repeat | H shift -1 | K,1,-1,K,,"[1, 2, 3, 4, 5, 6, 7, 9, 10, 11, 12, 13]",0.18999999999999995
C24H16NaS4,"{'C': 24, 'S': 4, 'H': 16, 'Na': 1}",455.00325449528,positive,1,PPS,Polyphenylene Sulfide,adduct,break 1 bond(s) + 3×repeat | H shift -1 | Na | ; | break 1 bond(s) + 3×repeat | H shift -1 | Na,1,-1,Na,,"[1, 2, 3, 4, 5, 6, 7, 9, 10, 11, 12, 13]",0.18999999999999995
C24H16OS4,"{'C': 24, 'S': 4, 'H': 16, 'O': 1}",448.00839983285,negative,-1,PPS,Polyphenylene Sulfide,adduct,break 1 bond(s) + 3×repeat | H shift -1 | O | ; | break 1 bond(s) + 3×repeat | H shift -2 | OH | ; | break 1 bond(s) + 3×repeat | H shift -1 | O,1,-1,O,,"[1, 2, 3, 4, 5, 6, 7, 9, 10, 11, 12, 13]",0.18999999999999995
C24H18ClS4,"{'C': 24, 'S': 4, 'H': 18, 'Cl': 1}",468.99798795974,negative,-1,PPS,Polyphenylene Sulfide,adduct,break 1 bond(s) + 3×repeat | H shift +1 | Cl | ; | break 1 bond(s) + 3×repeat | H shift +1 | Cl,1,1,Cl,,"[1, 2, 3, 4, 5, 6, 7, 9, 10, 11, 12, 13]",0.18999999999999995
C24H18KS4,"{'C': 24, 'S': 4, 'H': 18, 'K': 1}",472.99284176414,positive,1,PPS,Polyphenylene Sulfide,adduct,break 1 bond(s) + 3×repeat | H shift +1 | K | ; | break 1 bond(s) + 3×repeat | H shift +1 | K,1,1,K,,"[1, 2, 3, 4, 5, 6, 7, 9, 10, 11, 12, 13]",0.18999999999999995
C24H18NaS4,"{'C': 24, 'S': 4, 'H': 18, 'Na': 1}",457.01890455974,positive,1,PPS,Polyphenylene Sulfide,adduct,break 1 bond(s) + 3×repeat | H shift +1 | Na | ; | break 1 bond(s) + 3×repeat | H shift +1 | Na,1,1,Na,,"[1, 2, 3, 4, 5, 6, 7, 9, 10, 11, 12, 13]",0.18999999999999995
C24H19OS4,"{'C': 24, 'S': 4, 'H': 19, 'O': 1}",451.03187492954,negative,-1,PPS,Polyphenylene Sulfide,adduct,break 1 bond(s) + 3×repeat | H shift +1 | OH | ; | break 1 bond(s) + 3×repeat | H shift +2 | O | ; | break 1 bond(s) + 3×repeat | H shift +1 | OH,1,1,OH,,"[1, 2, 3, 4, 5, 6, 7, 9, 10, 11, 12, 13]",0.18999999999999995
C48H33S9,"{'C': 48, 'H': 33, 'S': 9}",897.00686663319,negative,-1,PPS,Polyphenylene Sulfide,adduct,M + 7×repeat | -H,0,0,-H,,,0.18999999999999995
C48H34S9,"{'C': 48, 'H': 34, 'S': 9}",898.0146916654201,neutral,0,PPS,Polyphenylene Sulfide,oligomer,M + 7×repeat,0,0,,,,0.18999999999999995
C48H35S9,"{'C': 48, 'H': 35, 'S': 9}",899.02251669765,positive,1,PPS,Polyphenylene Sulfide,adduct,M + 7×repeat | H,0,0,H,,,0.18999999999999995
C29H18S5,"{'C': 29, 'S': 5, 'H': 18}",526.00120645214,neutral,0,PPS,Polyphenylene Sulfide,neutral_loss,break 1 bond(s) + 4×repeat | -CH3 | ; | break 1 bond(s) + 4×repeat | -CH3,1,0,,CH3,"[1, 2, 3, 4, 5, 6, 7, 9, 10, 11, 12, 13]",0.18
C30H18S5,"{'C': 30, 'S': 5, 'H': 18}",538.00120645214,negative,-1,PPS,Polyphenylene Sulfide,adduct,break 1 bond(s) + 4×repeat | H shift -2 | -H | ; | break 1 bond(s) + 4×repeat | H shift -2 | -H,1,-2,-H,,"[1, 2, 3, 4, 5, 6, 7, 9, 10, 11, 12, 13]",0.18
C30H19S5,"{'C': 30, 'S': 5, 'H': 19}",539.00903148437,neutral,0,PPS,Polyphenylene Sulfide,h_shift,break 1 bond(s) + 4×repeat | H shift -2 | ; | break 1 bond(s) + 4×repeat | H shift -2,1,-2,,,"[1, 2, 3, 4, 5, 6, 7, 9, 10, 11, 12, 13]",0.18
C30H19S5,"{'C': 30, 'S': 5, 'H': 19}",539.00903148437,neutral,0,PPS,Polyphenylene Sulfide,neutral_loss,break 1 bond(s) + 4×repeat | -H2 | ; | break 1 bond(s) + 4×repeat | -H2,1,0,,H2,"[1, 2, 3, 4, 5, 6, 7, 9, 10, 11, 12, 13]",0.18
C30H20S5,"{'C': 30, 'S': 5, 'H': 20}",540.0168565166,positive,1,PPS,Polyphenylene Sulfide,adduct,break 1 bond(s) + 4×repeat | H shift -2 | H | ; | break 1 bond(s) + 4×repeat | H shift -2 | H,1,-2,H,,"[1, 2, 3, 4, 5, 6, 7, 9, 10, 11, 12, 13]",0.18
C30H22S5,"{'C': 30, 'S': 5, 'H': 22}",542.03250658106,negative,-1,PPS,Polyphenylene Sulfide,adduct,break 1 bond(s) + 4×repeat | H shift +2 | -H | ; | break 1 bond(s) + 4×repeat | H shift +2 | -H,1,2,-H,,"[1, 2, 3, 4, 5, 6, 7, 9, 10, 11, 12, 13]",0.18
C30H23S5,"{'C': 30, 'S': 5, 'H': 23}",543.04033161329,neutral,0,PPS,Polyphenylene Sulfide,h_shift,break 1 bond(s) + 4×repeat | H shift +2 | ; | break 1 bond(s) + 4×repeat | H shift +2,1,2,,,"[1, 2, 3, 4, 5, 6, 7, 9, 10, 11, 12, 13]",0.18
C30H24S5,"{'C': 30, 'S': 5, 'H': 24}",544.0481566455201,positive,1,PPS,Polyphenylene Sulfide,adduct,break 1 bond(s) + 4×repeat | H shift +2 | H | ; | break 1 bond(s) + 4×repeat | H shift +2 | H,1,2,H,,"[1, 2, 3, 4, 5, 6, 7, 9, 10, 11, 12, 13]",0.18
C36H25ClS7,"{'C': 36, 'H': 25, 'S': 7, 'Cl': 1}",715.96897670855,negative,-1,PPS,Polyphenylene Sulfide,adduct,M + 5×repeat | H shift -1 | Cl,0,-1,Cl,,,0.17999999999999994
C36H25KS7,"{'C': 36, 'H': 25, 'S': 7, 'K': 1}",719.9638305129499,positive,1,PPS,Polyphenylene Sulfide,adduct,M + 5×repeat | H shift -1 | K,0,-1,K,,,0.17999999999999994
C36H25NaS7,"{'C': 36, 'H': 25, 'S': 7, 'Na': 1}",703.98989330855,positive,1,PPS,Polyphenylene Sulfide,adduct,M + 5×repeat | H shift -1 | Na,0,-1,Na,,,0.17999999999999994
C36H25OS7,"{'C': 36, 'H': 25, 'S': 7, 'O': 1}",696.99503864612,negative,-1,PPS,Polyphenylene Sulfide,adduct,M + 5×repeat | H shift -1 | O,0,-1,O,,,0.17999999999999994
C36H27ClS7,"{'C': 36, 'H': 27, 'S': 7, 'Cl': 1}",717.98462677301,negative,-1,PPS,Polyphenylene Sulfide,adduct,M + 5×repeat | H shift +1 | Cl,0,1,Cl,,,0.17999999999999994
C36H27KS7,"{'C': 36, 'H': 27, 'S': 7, 'K': 1}",721.97948057741,positive,1,PPS,Polyphenylene Sulfide,adduct,M + 5×repeat | H shift +1 | K,0,1,K,,,0.17999999999999994
C36H27NaS7,"{'C': 36, 'H': 27, 'S': 7, 'Na': 1}",706.00554337301,positive,1,PPS,Polyphenylene Sulfide,adduct,M + 5×repeat | H shift +1 | Na,0,1,Na,,,0.17999999999999994
C36H28OS7,"{'C': 36, 'H': 28, 'S': 7, 'O': 1}",700.01851374281,negative,-1,PPS,Polyphenylene Sulfide,adduct,M + 5×repeat | H shift +1 | OH | ; | M + 5×repeat | H shift +2 | O,0,1,OH,,,0.17999999999999994
C41H27S8,"{'C': 41, 'H': 27, 'S': 8}",774.98784526541,neutral,0,PPS,Polyphenylene Sulfide,neutral_loss,M + 6×repeat | -CH3,0,0,,CH3,,0.17000000000000004
C42H27S8,"{'C': 42, 'H': 27, 'S': 8}",786.98784526541,negative,-1,PPS,Polyphenylene Sulfide,adduct,M + 6×repeat | H shift -2 | -H,0,-2,-H,,,0.17000000000000004
C42H28S8,"{'C': 42, 'H': 28, 'S': 8}",787.99567029764,neutral,0,PPS,Polyphenylene Sulfide,h_shift,M + 6×repeat | H shift -2,0,-2,,,,0.17000000000000004
C42H28S8,"{'C': 42, 'H': 28, 'S': 8}",787.99567029764,neutral,0,PPS,Polyphenylene Sulfide,neutral_loss,M + 6×repeat | -H2,0,0,,H2,,0.17000000000000004
C42H29S8,"{'C': 42, 'H': 29, 'S': 8}",789.00349532987,positive,1,PPS,Polyphenylene Sulfide,adduct,M + 6×repeat | H shift -2 | H,0,-2,H,,,0.17000000000000004
C42H31S8,"{'C': 42, 'H': 31, 'S': 8}",791.01914539433,negative,-1,PPS,Polyphenylene Sulfide,adduct,M + 6×repeat | H shift +2 | -H,0,2,-H,,,0.17000000000000004
C42H32S8,"{'C': 42, 'H': 32, 'S': 8}",792.02697042656,neutral,0,PPS,Polyphenylene Sulfide,h_shift,M + 6×repeat | H shift +2,0,2,,,,0.17000000000000004
C42H33S8,"{'C': 42, 'H': 33, 'S': 8}",793.03479545879,positive,1,PPS,Polyphenylene Sulfide,adduct,M + 6×repeat | H shift +2 | H,0,2,H,,,0.17000000000000004
C18H12ClS2,"{'C': 18, 'H': 12, 'S': 2, 'Cl': 1}",327.00689541756,negative,-1,PPS,Polyphenylene Sulfide,adduct,break 2 bond(s) + 2×repeat | Cl,2,0,Cl,,"[1, 2, 3, 4, 6, 7, 9, 10, 12, 13]",0.17
C18H12KS2,"{'C': 18, 'H': 12, 'S': 2, 'K': 1}",331.00174922196,positive,1,PPS,Polyphenylene Sulfide,adduct,break 2 bond(s) + 2×repeat | K,2,0,K,,"[1, 2, 3, 4, 6, 7, 9, 10, 12, 13]",0.17
C18H12NaS2,"{'C': 18, 'H': 12, 'S': 2, 'Na': 1}",315.02781201756,positive,1,PPS,Polyphenylene Sulfide,adduct,break 2 bond(s) + 2×repeat | Na,2,0,Na,,"[1, 2, 3, 4, 6, 7, 9, 10, 12, 13]",0.17
C18H12OS2,"{'C': 18, 'H': 12, 'S': 2, 'O': 1}",308.03295735513,negative,-1,PPS,Polyphenylene Sulfide,adduct,break 2 bond(s) + 2×repeat | O,2,0,O,,"[1, 2, 3, 4, 6, 7, 9, 10, 12, 13]",0.17
C18H13OS2,"{'C': 18, 'H': 13, 'S': 2, 'O': 1}",309.04078238736,negative,-1,PPS,Polyphenylene Sulfide,adduct,break 2 bond(s) + 2×repeat | OH | ; | break 2 bond(s) + 2×repeat | H shift +1 | O,2,0,OH,,"[1, 2, 3, 4, 6, 7, 9, 10, 12, 13]",0.17
C11H3S,"{'C': 11, 'H': 3, 'S': 1}",166.99554627109,neutral,0,PPS,Polyphenylene Sulfide,neutral_loss,break 2 bond(s) + 1×repeat | H shift -2 | -CH3,2,-2,,CH3,"[1, 2, 3, 4, 6, 7, 9, 10, 12, 13]",0.16999999999999998
C11H7S,"{'C': 11, 'H': 7, 'S': 1}",171.02684640001,neutral,0,PPS,Polyphenylene Sulfide,neutral_loss,break 2 bond(s) + 1×repeat | H shift +2 | -CH3,2,2,,CH3,"[1, 2, 3, 4, 6, 7, 9, 10, 12, 13]",0.16999999999999998
C12H4S,"{'C': 12, 'H': 4, 'S': 1}",180.00337130332,neutral,0,PPS,Polyphenylene Sulfide,neutral_loss,break 2 bond(s) + 1×repeat | H shift -2 | -H2,2,-2,,H2,"[1, 2, 3, 4, 6, 7, 9, 10, 12, 13]",0.16999999999999998
C12H8S,"{'C': 12, 'H': 8, 'S': 1}",184.03467143224,neutral,0,PPS,Polyphenylene Sulfide,neutral_loss,break 2 bond(s) + 1×repeat | H shift +2 | -H2,2,2,,H2,"[1, 2, 3, 4, 6, 7, 9, 10, 12, 13]",0.16999999999999998
C23H12S4,"{'C': 23, 'S': 4, 'H': 12}",415.98218508436,neutral,0,PPS,Polyphenylene Sulfide,neutral_loss,break 1 bond(s) + 3×repeat | H shift -2 | -CH3 | ; | break 1 bond(s) + 3×repeat | H shift -2 | -CH3,1,-2,,CH3,"[1, 2, 3, 4, 5, 6, 7, 9, 10, 11, 12, 13]",0.16000000000000003
C23H16S4,"{'C': 23, 'S': 4, 'H': 16}",420.01348521328,neutral,0,PPS,Polyphenylene Sulfide,neutral_loss,break 1 bond(s) + 3×repeat | H shift +2 | -CH3 | ; | break 1 bond(s) + 3×repeat | H shift +2 | -CH3,1,2,,CH3,"[1, 2, 3, 4, 5, 6, 7, 9, 10, 11, 12, 13]",0.16000000000000003
C24H13S4,"{'C': 24, 'S': 4, 'H': 13}",428.99001011659,neutral,0,PPS,Polyphenylene Sulfide,neutral_loss,break 1 bond(s) + 3×repeat | H shift -2 | -H2 | ; | break 1 bond(s) + 3×repeat | H shift -2 | -H2,1,-2,,H2,"[1, 2, 3, 4, 5, 6, 7, 9, 10, 11, 12, 13]",0.16000000000000003
C24H14S3,"{'C': 24, 'H': 14, 'S': 3}",398.02576397442,negative,-1,PPS,Polyphenylene Sulfide,adduct,break 2 bond(s) + 3×repeat | H shift -1 | -H,2,-1,-H,,"[1, 2, 3, 4, 6, 7, 9, 10, 12, 13]",0.16000000000000003
C24H15S3,"{'C': 24, 'H': 15, 'S': 3}",399.03358900665,neutral,0,PPS,Polyphenylene Sulfide,h_shift,break 2 bond(s) + 3×repeat | H shift -1,2,-1,,,"[1, 2, 3, 4, 6, 7, 9, 10, 12, 13]",0.16000000000000003
C24H16S3,"{'C': 24, 'H': 16, 'S': 3}",400.04141403888,positive,1,PPS,Polyphenylene Sulfide,adduct,break 2 bond(s) + 3×repeat | H shift -1 | H,2,-1,H,,"[1, 2, 3, 4, 6, 7, 9, 10, 12, 13]",0.16000000000000003
C24H16S3,"{'C': 24, 'H': 16, 'S': 3}",400.04141403888,negative,-1,PPS,Polyphenylene Sulfide,adduct,break 2 bond(s) + 3×repeat | H shift +1 | -H,2,1,-H,,"[1, 2, 3, 4, 6, 7, 9, 10, 12, 13]",0.16000000000000003
C24H17S3,"{'C': 24, 'H': 17, 'S': 3}",401.04923907111,neutral,0,PPS,Polyphenylene Sulfide,h_shift,break 2 bond(s) + 3×repeat | H shift +1,2,1,,,"[1, 2, 3, 4, 6, 7, 9, 10, 12, 13]",0.16000000000000003
C24H17S4,"{'C': 24, 'S': 4, 'H': 17}",433.02131024551,neutral,0,PPS,Polyphenylene Sulfide,neutral_loss,break 1 bond(s) + 3×repeat | H shift +2 | -H2 | ; | break 1 bond(s) + 3×repeat | H shift +2 | -H2,1,2,,H2,"[1, 2, 3, 4, 5, 6, 7, 9, 10, 11, 12, 13]",0.16000000000000003
C24H18S3,"{'C': 24, 'H': 18, 'S': 3}",402.05706410334,positive,1,PPS,Polyphenylene Sulfide,adduct,break 2 bond(s) + 3×repeat | H shift +1 | H,2,1,H,,"[1, 2, 3, 4, 6, 7, 9, 10, 12, 13]",0.16000000000000003
C30H21ClS5,"{'C': 30, 'S': 5, 'H': 21, 'Cl': 1}",575.99353423083,negative,-1,PPS,Polyphenylene Sulfide,adduct,break 1 bond(s) + 4×repeat | Cl | ; | break 1 bond(s) + 4×repeat | Cl,1,0,Cl,,"[1, 2, 3, 4, 5, 6, 7, 9, 10, 11, 12, 13]",0.15999999999999998
C30H21KS5,"{'C': 30, 'S': 5, 'H': 21, 'K': 1}",579.9883880352301,positive,1,PPS,Polyphenylene Sulfide,adduct,break 1 bond(s) + 4×repeat | K | ; | break 1 bond(s) + 4×repeat | K,1,0,K,,"[1, 2, 3, 4, 5, 6, 7, 9, 10, 11, 12, 13]",0.15999999999999998
C30H21NaS5,"{'C': 30, 'S': 5, 'H': 21, 'Na': 1}",564.01445083083,positive,1,PPS,Polyphenylene Sulfide,adduct,break 1 bond(s) + 4×repeat | Na | ; | break 1 bond(s) + 4×repeat | Na,1,0,Na,,"[1, 2, 3, 4, 5, 6, 7, 9, 10, 11, 12, 13]",0.15999999999999998
C30H21OS5,"{'C': 30, 'S': 5, 'H': 21, 'O': 1}",557.0195961684,negative,-1,PPS,Polyphenylene Sulfide,adduct,break 1 bond(s) + 4×repeat | O | ; | break 1 bond(s) + 4×repeat | H shift -1 | OH | ; | break 1 bond(s) + 4×repeat | O,1,0,O,,"[1, 2, 3, 4, 5, 6, 7, 9, 10, 11, 12, 13]",0.15999999999999998
C30H22OS5,"{'C': 30, 'S': 5, 'H': 22, 'O': 1}",558.02742120063,negative,-1,PPS,Polyphenylene Sulfide,adduct,break 1 bond(s) + 4×repeat | OH | ; | break 1 bond(s) + 4×repeat | H shift +1 | O | ; | break 1 bond(s) + 4×repeat | OH,1,0,OH,,"[1, 2, 3, 4, 5, 6, 7, 9, 10, 11, 12, 13]",0.15999999999999998
C35H21S7,"{'C': 35, 'H': 21, 'S': 7}",664.9688238976299,neutral,0,PPS,Polyphenylene Sulfide,neutral_loss,M + 5×repeat | H shift -2 | -CH3,0,-2,,CH3,,0.15000000000000002
C35H25S7,"{'C': 35, 'H': 25, 'S': 7}",669.00012402655,neutral,0,PPS,Polyphenylene Sulfide,neutral_loss,M + 5×repeat | H shift +2 | -CH3,0,2,,CH3,,0.15000000000000002
C36H22S7,"{'C': 36, 'H': 22, 'S': 7}",677.97664892986,neutral,0,PPS,Polyphenylene Sulfide,neutral_loss,M + 5×repeat | H shift -2 | -H2,0,-2,,H2,,0.15000000000000002
C36H26S7,"{'C': 36, 'H': 26, 'S': 7}",682.00794905878,neutral,0,PPS,Polyphenylene Sulfide,neutral_loss,M + 5×repeat | H shift +2 | -H2,0,2,,H2,,0.15000000000000002
C42H30ClS8,"{'C': 42, 'H': 30, 'S': 8, 'Cl': 1}",824.9801730441,negative,-1,PPS,Polyphenylene Sulfide,adduct,M + 6×repeat | Cl,0,0,Cl,,,0.15000000000000002
C42H30KS8,"{'C': 42, 'H': 30, 'S': 8, 'K': 1}",828.9750268485,positive,1,PPS,Polyphenylene Sulfide,adduct,M + 6×repeat | K,0,0,K,,,0.15000000000000002
C42H30NaS8,"{'C': 42, 'H': 30, 'S': 8, 'Na': 1}",813.0010896441,positive,1,PPS,Polyphenylene Sulfide,adduct,M + 6×repeat | Na,0,0,Na,,,0.15000000000000002
C42H30OS8,"{'C': 42, 'H': 30, 'S': 8, 'O': 1}",806.00623498167,negative,-1,PPS,Polyphenylene Sulfide,adduct,M + 6×repeat | O,0,0,O,,,0.15000000000000002
C42H31OS8,"{'C': 42, 'H': 31, 'S': 8, 'O': 1}",807.0140600139,negative,-1,PPS,Polyphenylene Sulfide,adduct,M + 6×repeat | OH | ; | M + 6×repeat | H shift +1 | O,0,0,OH,,,0.15000000000000002
C12H10ClS,"{'C': 12, 'H': 10, 'S': 1, 'Cl': 1}",221.01917417869998,negative,-1,PPS,Polyphenylene Sulfide,adduct,break 2 bond(s) + 1×repeat | H shift +2 | Cl,2,2,Cl,,"[1, 2, 3, 4, 6, 7, 9, 10, 12, 13]",0.14999999999999997
C12H10KS,"{'C': 12, 'H': 10, 'S': 1, 'K': 1}",225.0140279831,positive,1,PPS,Polyphenylene Sulfide,adduct,break 2 bond(s) + 1×repeat | H shift +2 | K,2,2,K,,"[1, 2, 3, 4, 6, 7, 9, 10, 12, 13]",0.14999999999999997
C12H10NaS,"{'C': 12, 'H': 10, 'S': 1, 'Na': 1}",209.0400907787,positive,1,PPS,Polyphenylene Sulfide,adduct,break 2 bond(s) + 1×repeat | H shift +2 | Na,2,2,Na,,"[1, 2, 3, 4, 6, 7, 9, 10, 12, 13]",0.14999999999999997
C12H11OS,"{'C': 12, 'H': 11, 'S': 1, 'O': 1}",203.0530611485,negative,-1,PPS,Polyphenylene Sulfide,adduct,break 2 bond(s) + 1×repeat | H shift +2 | OH,2,2,OH,,"[1, 2, 3, 4, 6, 7, 9, 10, 12, 13]",0.14999999999999997
C12H6ClS,"{'C': 12, 'H': 6, 'S': 1, 'Cl': 1}",216.98787404978,negative,-1,PPS,Polyphenylene Sulfide,adduct,break 2 bond(s) + 1×repeat | H shift -2 | Cl,2,-2,Cl,,"[1, 2, 3, 4, 6, 7, 9, 10, 12, 13]",0.14999999999999997
C12H6KS,"{'C': 12, 'H': 6, 'S': 1, 'K': 1}",220.98272785418,positive,1,PPS,Polyphenylene Sulfide,adduct,break 2 bond(s) + 1×repeat | H shift -2 | K,2,-2,K,,"[1, 2, 3, 4, 6, 7, 9, 10, 12, 13]",0.14999999999999997
C12H6NaS,"{'C': 12, 'H': 6, 'S': 1, 'Na': 1}",205.00879064978,positive,1,PPS,Polyphenylene Sulfide,adduct,break 2 bond(s) + 1×repeat | H shift -2 | Na,2,-2,Na,,"[1, 2, 3, 4, 6, 7, 9, 10, 12, 13]",0.14999999999999997
C12H6OS,"{'C': 12, 'H': 6, 'S': 1, 'O': 1}",198.01393598735,negative,-1,PPS,Polyphenylene Sulfide,adduct,break 2 bond(s) + 1×repeat | H shift -2 | O,2,-2,O,,"[1, 2, 3, 4, 6, 7, 9, 10, 12, 13]",0.14999999999999997
C36H23S6,"{'C': 36, 'S': 6, 'H': 23}",647.01240278769,negative,-1,PPS,Polyphenylene Sulfide,adduct,break 1 bond(s) + 5×repeat | H shift -1 | -H | ; | break 1 bond(s) + 5×repeat | H shift -1 | -H,1,-1,-H,,"[1, 2, 3, 4, 5, 6, 7, 9, 10, 11, 12, 13]",0.1499999999999999
C36H24S6,"{'C': 36, 'S': 6, 'H': 24}",648.02022781992,neutral,0,PPS,Polyphenylene Sulfide,h_shift,break 1 bond(s) + 5×repeat | H shift -1 | ; | break 1 bond(s) + 5×repeat | H shift -1,1,-1,,,"[1, 2, 3, 4, 5, 6, 7, 9, 10, 11, 12, 13]",0.1499999999999999
C36H25S6,"{'C': 36, 'S': 6, 'H': 25}",649.02805285215,positive,1,PPS,Polyphenylene Sulfide,adduct,break 1 bond(s) + 5×repeat | H shift -1 | H | ; | break 1 bond(s) + 5×repeat | H shift -1 | H,1,-1,H,,"[1, 2, 3, 4, 5, 6, 7, 9, 10, 11, 12, 13]",0.1499999999999999
C36H25S6,"{'C': 36, 'S': 6, 'H': 25}",649.02805285215,negative,-1,PPS,Polyphenylene Sulfide,adduct,break 1 bond(s) + 5×repeat | H shift +1 | -H | ; | break 1 bond(s) + 5×repeat | H shift +1 | -H,1,1,-H,,"[1, 2, 3, 4, 5, 6, 7, 9, 10, 11, 12, 13]",0.1499999999999999
C36H26S6,"{'C': 36, 'S': 6, 'H': 26}",650.0358778843799,neutral,0,PPS,Polyphenylene Sulfide,h_shift,break 1 bond(s) + 5×repeat | H shift +1 | ; | break 1 bond(s) + 5×repeat | H shift +1,1,1,,,"[1, 2, 3, 4, 5, 6, 7, 9, 10, 11, 12, 13]",0.1499999999999999
C36H27S6,"{'C': 36, 'S': 6, 'H': 27}",651.04370291661,positive,1,PPS,Polyphenylene Sulfide,adduct,break 1 bond(s) + 5×repeat | H shift +1 | H | ; | break 1 bond(s) + 5×repeat | H shift +1 | H,1,1,H,,"[1, 2, 3, 4, 5, 6, 7, 9, 10, 11, 12, 13]",0.1499999999999999
C17H10S2,"{'C': 17, 'H': 10, 'S': 2}",278.0223926711,neutral,0,PPS,Polyphenylene Sulfide,neutral_loss,break 2 bond(s) + 2×repeat | H shift +1 | -CH3,2,1,,CH3,"[1, 2, 3, 4, 6, 7, 9, 10, 12, 13]",0.14000000000000004
C17H8S2,"{'C': 17, 'H': 8, 'S': 2}",276.00674260664,neutral,0,PPS,Polyphenylene Sulfide,neutral_loss,break 2 bond(s) + 2×repeat | H shift -1 | -CH3,2,-1,,CH3,"[1, 2, 3, 4, 6, 7, 9, 10, 12, 13]",0.14000000000000004
C18H11S2,"{'C': 18, 'H': 11, 'S': 2}",291.03021770333,neutral,0,PPS,Polyphenylene Sulfide,neutral_loss,break 2 bond(s) + 2×repeat | H shift +1 | -H2,2,1,,H2,"[1, 2, 3, 4, 6, 7, 9, 10, 12, 13]",0.14000000000000004
C18H9S2,"{'C': 18, 'H': 9, 'S': 2}",289.01456763887,neutral,0,PPS,Polyphenylene Sulfide,neutral_loss,break 2 bond(s) + 2×repeat | H shift -1 | -H2,2,-1,,H2,"[1, 2, 3, 4, 6, 7, 9, 10, 12, 13]",0.14000000000000004
C24H15ClS4,"{'C': 24, 'S': 4, 'H': 15, 'Cl': 1}",465.97451286305,negative,-1,PPS,Polyphenylene Sulfide,adduct,break 1 bond(s) + 3×repeat | H shift -2 | Cl | ; | break 1 bond(s) + 3×repeat | H shift -2 | Cl,1,-2,Cl,,"[1, 2, 3, 4, 5, 6, 7, 9, 10, 11, 12, 13]",0.14
C24H15KS4,"{'C': 24, 'S': 4, 'H': 15, 'K': 1}",469.96936666745,positive,1,PPS,Polyphenylene Sulfide,adduct,break 1 bond(s) + 3×repeat | H shift -2 | K | ; | break 1 bond(s) + 3×repeat | H shift -2 | K,1,-2,K,,"[1, 2, 3, 4, 5, 6, 7, 9, 10, 11, 12, 13]",0.14
C24H15NaS4,"{'C': 24, 'S': 4, 'H': 15, 'Na': 1}",453.99542946305,positive,1,PPS,Polyphenylene Sulfide,adduct,break 1 bond(s) + 3×repeat | H shift -2 | Na | ; | break 1 bond(s) + 3×repeat | H shift -2 | Na,1,-2,Na,,"[1, 2, 3, 4, 5, 6, 7, 9, 10, 11, 12, 13]",0.14
C24H15OS4,"{'C': 24, 'S': 4, 'H': 15, 'O': 1}",447.00057480062,negative,-1,PPS,Polyphenylene Sulfide,adduct,break 1 bond(s) + 3×repeat | H shift -2 | O | ; | break 1 bond(s) + 3×repeat | H shift -2 | O,1,-2,O,,"[1, 2, 3, 4, 5, 6, 7, 9, 10, 11, 12, 13]",0.14
C24H19ClS4,"{'C': 24, 'S': 4, 'H': 19, 'Cl': 1}",470.00581299197,negative,-1,PPS,Polyphenylene Sulfide,adduct,break 1 bond(s) + 3×repeat | H shift +2 | Cl | ; | break 1 bond(s) + 3×repeat | H shift +2 | Cl,1,2,Cl,,"[1, 2, 3, 4, 5, 6, 7, 9, 10, 11, 12, 13]",0.14
C24H19KS4,"{'C': 24, 'S': 4, 'H': 19, 'K': 1}",474.00066679637,positive,1,PPS,Polyphenylene Sulfide,adduct,break 1 bond(s) + 3×repeat | H shift +2 | K | ; | break 1 bond(s) + 3×repeat | H shift +2 | K,1,2,K,,"[1, 2, 3, 4, 5, 6, 7, 9, 10, 11, 12, 13]",0.14
C24H19NaS4,"{'C': 24, 'S': 4, 'H': 19, 'Na': 1}",458.02672959197,positive,1,PPS,Polyphenylene Sulfide,adduct,break 1 bond(s) + 3×repeat | H shift +2 | Na | ; | break 1 bond(s) + 3×repeat | H shift +2 | Na,1,2,Na,,"[1, 2, 3, 4, 5, 6, 7, 9, 10, 11, 12, 13]",0.14
C24H20OS4,"{'C': 24, 'S': 4, 'H': 20, 'O': 1}",452.03969996177,negative,-1,PPS,Polyphenylene Sulfide,adduct,break 1 bond(s) + 3×repeat | H shift +2 | OH | ; | break 1 bond(s) + 3×repeat | H shift +2 | OH,1,2,OH,,"[1, 2, 3, 4, 5, 6, 7, 9, 10, 11, 12, 13]",0.14
C48H32S9,"{'C': 48, 'H': 32, 'S': 9}",895.99904160096,negative,-1,PPS,Polyphenylene Sulfide,adduct,M + 7×repeat | H shift -1 | -H,0,-1,-H,,,0.1399999999999999
C48H33S9,"{'C': 48, 'H': 33, 'S': 9}",897.00686663319,neutral,0,PPS,Polyphenylene Sulfide,h_shift,M + 7×repeat | H shift -1,0,-1,,,,0.1399999999999999
C48H34S9,"{'C': 48, 'H': 34, 'S': 9}",898.0146916654201,positive,1,PPS,Polyphenylene Sulfide,adduct,M + 7×repeat | H shift -1 | H,0,-1,H,,,0.1399999999999999
C48H34S9,"{'C': 48, 'H': 34, 'S': 9}",898.0146916654201,negative,-1,PPS,Polyphenylene Sulfide,adduct,M + 7×repeat | H shift +1 | -H,0,1,-H,,,0.1399999999999999
C48H35S9,"{'C': 48, 'H': 35, 'S': 9}",899.02251669765,neutral,0,PPS,Polyphenylene Sulfide,h_shift,M + 7×repeat | H shift +1,0,1,,,,0.1399999999999999
C48H36S9,"{'C': 48, 'H': 36, 'S': 9}",900.03034172988,positive,1,PPS,Polyphenylene Sulfide,adduct,M + 7×repeat | H shift +1 | H,0,1,H,,,0.1399999999999999
C30H19S4,"{'C': 30, 'H': 19, 'S': 4}",507.03696030997,negative,-1,PPS,Polyphenylene Sulfide,adduct,break 2 bond(s) + 4×repeat | -H,2,0,-H,,"[1, 2, 3, 4, 6, 7, 9, 10, 12, 13]",0.13
C30H20S4,"{'C': 30, 'H': 20, 'S': 4}",508.0447853422,neutral,0,PPS,Polyphenylene Sulfide,fragment,break 2 bond(s) + 4×repeat,2,0,,,"[1, 2, 3, 4, 6, 7, 9, 10, 12, 13]",0.13
C30H21S4,"{'C': 30, 'H': 21, 'S': 4}",509.05261037443,positive,1,PPS,Polyphenylene Sulfide,adduct,break 2 bond(s) + 4×repeat | H,2,0,H,,"[1, 2, 3, 4, 6, 7, 9, 10, 12, 13]",0.13
C36H24ClS7,"{'C': 36, 'H': 24, 'S': 7, 'Cl': 1}",714.96115167632,negative,-1,PPS,Polyphenylene Sulfide,adduct,M + 5×repeat | H shift -2 | Cl,0,-2,Cl,,,0.13
C36H24KS7,"{'C': 36, 'H': 24, 'S': 7, 'K': 1}",718.95600548072,positive,1,PPS,Polyphenylene Sulfide,adduct,M + 5×repeat | H shift -2 | K,0,-2,K,,,0.13
C36H24NaS7,"{'C': 36, 'H': 24, 'S': 7, 'Na': 1}",702.98206827632,positive,1,PPS,Polyphenylene Sulfide,adduct,M + 5×repeat | H shift -2 | Na,0,-2,Na,,,0.13
C36H24OS7,"{'C': 36, 'H': 24, 'S': 7, 'O': 1}",695.9872136138899,negative,-1,PPS,Polyphenylene Sulfide,adduct,M + 5×repeat | H shift -2 | O,0,-2,O,,,0.13
C36H28ClS7,"{'C': 36, 'H': 28, 'S': 7, 'Cl': 1}",718.99245180524,negative,-1,PPS,Polyphenylene Sulfide,adduct,M + 5×repeat | H shift +2 | Cl,0,2,Cl,,,0.13
C36H28KS7,"{'C': 36, 'H': 28, 'S': 7, 'K': 1}",722.98730560964,positive,1,PPS,Polyphenylene Sulfide,adduct,M + 5×repeat | H shift +2 | K,0,2,K,,,0.13
C36H28NaS7,"{'C': 36, 'H': 28, 'S': 7, 'Na': 1}",707.0133684052399,positive,1,PPS,Polyphenylene Sulfide,adduct,M + 5×repeat | H shift +2 | Na,0,2,Na,,,0.13
C36H29OS7,"{'C': 36, 'H': 29, 'S': 7, 'O': 1}",701.02633877504,negative,-1,PPS,Polyphenylene Sulfide,adduct,M + 5×repeat | H shift +2 | OH,0,2,OH,,,0.13
C29H17S5,"{'C': 29, 'S': 5, 'H': 17}",524.9933814199101,neutral,0,PPS,Polyphenylene Sulfide,neutral_loss,break 1 bond(s) + 4×repeat | H shift -1 | -CH3 | ; | break 1 bond(s) + 4×repeat | H shift -1 | -CH3,1,-1,,CH3,"[1, 2, 3, 4, 5, 6, 7, 9, 10, 11, 12, 13]",0.12999999999999995
C29H19S5,"{'C': 29, 'S': 5, 'H': 19}",527.00903148437,neutral,0,PPS,Polyphenylene Sulfide,neutral_loss,break 1 bond(s) + 4×repeat | H shift +1 | -CH3 | ; | break 1 bond(s) + 4×repeat | H shift +1 | -CH3,1,1,,CH3,"[1, 2, 3, 4, 5, 6, 7, 9, 10, 11, 12, 13]",0.12999999999999995
C30H18S5,"{'C': 30, 'S': 5, 'H': 18}",538.00120645214,neutral,0,PPS,Polyphenylene Sulfide,neutral_loss,break 1 bond(s) + 4×repeat | H shift -1 | -H2 | ; | break 1 bond(s) + 4×repeat | H shift -1 | -H2,1,-1,,H2,"[1, 2, 3, 4, 5, 6, 7, 9, 10, 11, 12, 13]",0.12999999999999995
C30H20S5,"{'C': 30, 'S': 5, 'H': 20}",540.0168565166,neutral,0,PPS,Polyphenylene Sulfide,neutral_loss,break 1 bond(s) + 4×repeat | H shift +1 | -H2 | ; | break 1 bond(s) + 4×repeat | H shift +1 | -H2,1,1,,H2,"[1, 2, 3, 4, 5, 6, 7, 9, 10, 11, 12, 13]",0.12999999999999995
C18H11ClS2,"{'C': 18, 'H': 11, 'S': 2, 'Cl': 1}",325.99907038533,negative,-1,PPS,Polyphenylene Sulfide,adduct,break 2 bond(s) + 2×repeat | H shift -1 | Cl,2,-1,Cl,,"[1, 2, 3, 4, 6, 7, 9, 10, 12, 13]",0.12000000000000002
C18H11KS2,"{'C': 18, 'H': 11, 'S': 2, 'K': 1}",329.99392418973,positive,1,PPS,Polyphenylene Sulfide,adduct,break 2 bond(s) + 2×repeat | H shift -1 | K,2,-1,K,,"[1, 2, 3, 4, 6, 7, 9, 10, 12, 13]",0.12000000000000002
C18H11NaS2,"{'C': 18, 'H': 11, 'S': 2, 'Na': 1}",314.01998698533,positive,1,PPS,Polyphenylene Sulfide,adduct,break 2 bond(s) + 2×repeat | H shift -1 | Na,2,-1,Na,,"[1, 2, 3, 4, 6, 7, 9, 10, 12, 13]",0.12000000000000002
C18H11OS2,"{'C': 18, 'H': 11, 'S': 2, 'O': 1}",307.0251323229,negative,-1,PPS,Polyphenylene Sulfide,adduct,break 2 bond(s) + 2×repeat | H shift -1 | O,2,-1,O,,"[1, 2, 3, 4, 6, 7, 9, 10, 12, 13]",0.12000000000000002
C18H13ClS2,"{'C': 18, 'H': 13, 'S': 2, 'Cl': 1}",328.01472044979,negative,-1,PPS,Polyphenylene Sulfide,adduct,break 2 bond(s) + 2×repeat | H shift +1 | Cl,2,1,Cl,,"[1, 2, 3, 4, 6, 7, 9, 10, 12, 13]",0.12000000000000002
C18H13KS2,"{'C': 18, 'H': 13, 'S': 2, 'K': 1}",332.00957425419,positive,1,PPS,Polyphenylene Sulfide,adduct,break 2 bond(s) + 2×repeat | H shift +1 | K,2,1,K,,"[1, 2, 3, 4, 6, 7, 9, 10, 12, 13]",0.12000000000000002
C18H13NaS2,"{'C': 18, 'H': 13, 'S': 2, 'Na': 1}",316.03563704979,positive,1,PPS,Polyphenylene Sulfide,adduct,break 2 bond(s) + 2×repeat | H shift +1 | Na,2,1,Na,,"[1, 2, 3, 4, 6, 7, 9, 10, 12, 13]",0.12000000000000002
C18H14OS2,"{'C': 18, 'H': 14, 'S': 2, 'O': 1}",310.04860741959,negative,-1,PPS,Polyphenylene Sulfide,adduct,break 2 bond(s) + 2×repeat | H shift +1 | OH | ; | break 2 bond(s) + 2×repeat | H shift +2 | O,2,1,OH,,"[1, 2, 3, 4, 6, 7, 9, 10, 12, 13]",0.12000000000000002
C41H26S8,"{'C': 41, 'H': 26, 'S': 8}",773.98002023318,neutral,0,PPS,Polyphenylene Sulfide,neutral_loss,M + 6×repeat | H shift -1 | -CH3,0,-1,,CH3,,0.12
C41H28S8,"{'C': 41, 'H': 28, 'S': 8}",775.99567029764,neutral,0,PPS,Polyphenylene Sulfide,neutral_loss,M + 6×repeat | H shift +1 | -CH3,0,1,,CH3,,0.12
C42H27S8,"{'C': 42, 'H': 27, 'S': 8}",786.98784526541,neutral,0,PPS,Polyphenylene Sulfide,neutral_loss,M + 6×repeat | H shift -1 | -H2,0,-1,,H2,,0.12
C42H28S7,"{'C': 42, 'S': 7, 'H': 28}",756.0235991232399,negative,-1,PPS,Polyphenylene Sulfide,adduct,break 1 bond(s) + 6×repeat | -H | ; | break 1 bond(s) + 6×repeat | -H,1,0,-H,,"[1, 2, 3, 4, 5, 6, 7, 9, 10, 11, 12, 13]",0.12
C42H29S7,"{'C': 42, 'S': 7, 'H': 29}",757.03142415547,neutral,0,PPS,Polyphenylene Sulfide,fragment,break 1 bond(s) + 6×repeat | ; | break 1 bond(s) + 6×repeat,1,0,,,"[1, 2, 3, 4, 5, 6, 7, 9, 10, 11, 12, 13]",0.12
C42H29S8,"{'C': 42, 'H': 29, 'S': 8}",789.00349532987,neutral,0,PPS,Polyphenylene Sulfide,neutral_loss,M + 6×repeat | H shift +1 | -H2,0,1,,H2,,0.12
C42H30S7,"{'C': 42, 'S': 7, 'H': 30}",758.0392491877,positive,1,PPS,Polyphenylene Sulfide,adduct,break 1 bond(s) + 6×repeat | H | ; | break 1 bond(s) + 6×repeat | H,1,0,H,,"[1, 2, 3, 4, 5, 6, 7, 9, 10, 11, 12, 13]",0.12
C23H13S3,"{'C': 23, 'H': 13, 'S': 3}",385.01793894218997,neutral,0,PPS,Polyphenylene Sulfide,neutral_loss,break 2 bond(s) + 3×repeat | -CH3,2,0,,CH3,"[1, 2, 3, 4, 6, 7, 9, 10, 12, 13]",0.10999999999999999
C24H13S3,"{'C': 24, 'H': 13, 'S': 3}",397.01793894218997,negative,-1,PPS,Polyphenylene Sulfide,adduct,break 2 bond(s) + 3×repeat | H shift -2 | -H,2,-2,-H,,"[1, 2, 3, 4, 6, 7, 9, 10, 12, 13]",0.10999999999999999
C24H14S3,"{'C': 24, 'H': 14, 'S': 3}",398.02576397442,neutral,0,PPS,Polyphenylene Sulfide,h_shift,break 2 bond(s) + 3×repeat | H shift -2,2,-2,,,"[1, 2, 3, 4, 6, 7, 9, 10, 12, 13]",0.10999999999999999
C24H14S3,"{'C': 24, 'H': 14, 'S': 3}",398.02576397442,neutral,0,PPS,Polyphenylene Sulfide,neutral_loss,break 2 bond(s) + 3×repeat | -H2,2,0,,H2,"[1, 2, 3, 4, 6, 7, 9, 10, 12, 13]",0.10999999999999999
C24H15S3,"{'C': 24, 'H': 15, 'S': 3}",399.03358900665,positive,1,PPS,Polyphenylene Sulfide,adduct,break 2 bond(s) + 3×repeat | H shift -2 | H,2,-2,H,,"[1, 2, 3, 4, 6, 7, 9, 10, 12, 13]",0.10999999999999999
C24H17S3,"{'C': 24, 'H': 17, 'S': 3}",401.04923907111,negative,-1,PPS,Polyphenylene Sulfide,adduct,break 2 bond(s) + 3×repeat | H shift +2 | -H,2,2,-H,,"[1, 2, 3, 4, 6, 7, 9, 10, 12, 13]",0.10999999999999999
C24H18S3,"{'C': 24, 'H': 18, 'S': 3}",402.05706410334,neutral,0,PPS,Polyphenylene Sulfide,h_shift,break 2 bond(s) + 3×repeat | H shift +2,2,2,,,"[1, 2, 3, 4, 6, 7, 9, 10, 12, 13]",0.10999999999999999
C24H19S3,"{'C': 24, 'H': 19, 'S': 3}",403.06488913557,positive,1,PPS,Polyphenylene Sulfide,adduct,break 2 bond(s) + 3×repeat | H shift +2 | H,2,2,H,,"[1, 2, 3, 4, 6, 7, 9, 10, 12, 13]",0.10999999999999999
C54H37S10,"{'C': 54, 'H': 37, 'S': 10}",1005.0102379365101,negative,-1,PPS,Polyphenylene Sulfide,adduct,M + 8×repeat | -H,0,0,-H,,,0.10999999999999999
C54H38S10,"{'C': 54, 'H': 38, 'S': 10}",1006.01806296874,neutral,0,PPS,Polyphenylene Sulfide,oligomer,M + 8×repeat,0,0,,,,0.10999999999999999
C54H39S10,"{'C': 54, 'H': 39, 'S': 10}",1007.02588800097,positive,1,PPS,Polyphenylene Sulfide,adduct,M + 8×repeat | H,0,0,H,,,0.10999999999999999
C30H20ClS5,"{'C': 30, 'S': 5, 'H': 20, 'Cl': 1}",574.9857091986,negative,-1,PPS,Polyphenylene Sulfide,adduct,break 1 bond(s) + 4×repeat | H shift -1 | Cl | ; | break 1 bond(s) + 4×repeat | H shift -1 | Cl,1,-1,Cl,,"[1, 2, 3, 4, 5, 6, 7, 9, 10, 11, 12, 13]",0.10999999999999993
C30H20KS5,"{'C': 30, 'S': 5, 'H': 20, 'K': 1}",578.980563003,positive,1,PPS,Polyphenylene Sulfide,adduct,break 1 bond(s) + 4×repeat | H shift -1 | K | ; | break 1 bond(s) + 4×repeat | H shift -1 | K,1,-1,K,,"[1, 2, 3, 4, 5, 6, 7, 9, 10, 11, 12, 13]",0.10999999999999993
C30H20NaS5,"{'C': 30, 'S': 5, 'H': 20, 'Na': 1}",563.0066257986,positive,1,PPS,Polyphenylene Sulfide,adduct,break 1 bond(s) + 4×repeat | H shift -1 | Na | ; | break 1 bond(s) + 4×repeat | H shift -1 | Na,1,-1,Na,,"[1, 2, 3, 4, 5, 6, 7, 9, 10, 11, 12, 13]",0.10999999999999993
C30H20OS5,"{'C': 30, 'S': 5, 'H': 20, 'O': 1}",556.0117711361701,negative,-1,PPS,Polyphenylene Sulfide,adduct,break 1 bond(s) + 4×repeat | H shift -1 | O | ; | break 1 bond(s) + 4×repeat | H shift -2 | OH | ; | break 1 bond(s) + 4×repeat | H shift -1 | O,1,-1,O,,"[1, 2, 3, 4, 5, 6, 7, 9, 10, 11, 12, 13]",0.10999999999999993
C30H22ClS5,"{'C': 30, 'S': 5, 'H': 22, 'Cl': 1}",577.0013592630601,negative,-1,PPS,Polyphenylene Sulfide,adduct,break 1 bond(s) + 4×repeat | H shift +1 | Cl | ; | break 1 bond(s) + 4×repeat | H shift +1 | Cl,1,1,Cl,,"[1, 2, 3, 4, 5, 6, 7, 9, 10, 11, 12, 13]",0.10999999999999993
C30H22KS5,"{'C': 30, 'S': 5, 'H': 22, 'K': 1}",580.99621306746,positive,1,PPS,Polyphenylene Sulfide,adduct,break 1 bond(s) + 4×repeat | H shift +1 | K | ; | break 1 bond(s) + 4×repeat | H shift +1 | K,1,1,K,,"[1, 2, 3, 4, 5, 6, 7, 9, 10, 11, 12, 13]",0.10999999999999993
C30H22NaS5,"{'C': 30, 'S': 5, 'H': 22, 'Na': 1}",565.02227586306,positive,1,PPS,Polyphenylene Sulfide,adduct,break 1 bond(s) + 4×repeat | H shift +1 | Na | ; | break 1 bond(s) + 4×repeat | H shift +1 | Na,1,1,Na,,"[1, 2, 3, 4, 5, 6, 7, 9, 10, 11, 12, 13]",0.10999999999999993
C30H23OS5,"{'C': 30, 'S': 5, 'H': 23, 'O': 1}",559.03524623286,negative,-1,PPS,Polyphenylene Sulfide,adduct,break 1 bond(s) + 4×repeat | H shift +1 | OH | ; | break 1 bond(s) + 4×repeat | H shift +2 | O | ; | break 1 bond(s) + 4×repeat | H shift +1 | OH,1,1,OH,,"[1, 2, 3, 4, 5, 6, 7, 9, 10, 11, 12, 13]",0.10999999999999993
C35H22S6,"{'C': 35, 'S': 6, 'H': 22}",634.00457775546,neutral,0,PPS,Polyphenylene Sulfide,neutral_loss,break 1 bond(s) + 5×repeat | -CH3 | ; | break 1 bond(s) + 5×repeat | -CH3,1,0,,CH3,"[1, 2, 3, 4, 5, 6, 7, 9, 10, 11, 12, 13]",0.09999999999999998
C36H22S6,"{'C': 36, 'S': 6, 'H': 22}",646.00457775546,negative,-1,PPS,Polyphenylene Sulfide,adduct,break 1 bond(s) + 5×repeat | H shift -2 | -H | ; | break 1 bond(s) + 5×repeat | H shift -2 | -H,1,-2,-H,,"[1, 2, 3, 4, 5, 6, 7, 9, 10, 11, 12, 13]",0.09999999999999998
C36H23S6,"{'C': 36, 'S': 6, 'H': 23}",647.01240278769,neutral,0,PPS,Polyphenylene Sulfide,h_shift,break 1 bond(s) + 5×repeat | H shift -2 | ; | break 1 bond(s) + 5×repeat | H shift -2,1,-2,,,"[1, 2, 3, 4, 5, 6, 7, 9, 10, 11, 12, 13]",0.09999999999999998
C36H23S6,"{'C': 36, 'S': 6, 'H': 23}",647.01240278769,neutral,0,PPS,Polyphenylene Sulfide,neutral_loss,break 1 bond(s) + 5×repeat | -H2 | ; | break 1 bond(s) + 5×repeat | -H2,1,0,,H2,"[1, 2, 3, 4, 5, 6, 7, 9, 10, 11, 12, 13]",0.09999999999999998
C36H24S6,"{'C': 36, 'S': 6, 'H': 24}",648.02022781992,positive,1,PPS,Polyphenylene Sulfide,adduct,break 1 bond(s) + 5×repeat | H shift -2 | H | ; | break 1 bond(s) + 5×repeat | H shift -2 | H,1,-2,H,,"[1, 2, 3, 4, 5, 6, 7, 9, 10, 11, 12, 13]",0.09999999999999998
C36H26S6,"{'C': 36, 'S': 6, 'H': 26}",650.0358778843799,negative,-1,PPS,Polyphenylene Sulfide,adduct,break 1 bond(s) + 5×repeat | H shift +2 | -H | ; | break 1 bond(s) + 5×repeat | H shift +2 | -H,1,2,-H,,"[1, 2, 3, 4, 5, 6, 7, 9, 10, 11, 12, 13]",0.09999999999999998
C36H27S6,"{'C': 36, 'S': 6, 'H': 27}",651.04370291661,neutral,0,PPS,Polyphenylene Sulfide,h_shift,break 1 bond(s) + 5×repeat | H shift +2 | ; | break 1 bond(s) + 5×repeat | H shift +2,1,2,,,"[1, 2, 3, 4, 5, 6, 7, 9, 10, 11, 12, 13]",0.09999999999999998
C36H28S6,"{'C': 36, 'S': 6, 'H': 28}",652.05152794884,positive,1,PPS,Polyphenylene Sulfide,adduct,break 1 bond(s) + 5×repeat | H shift +2 | H | ; | break 1 bond(s) + 5×repeat | H shift +2 | H,1,2,H,,"[1, 2, 3, 4, 5, 6, 7, 9, 10, 11, 12, 13]",0.09999999999999998
C42H29ClS8,"{'C': 42, 'H': 29, 'S': 8, 'Cl': 1}",823.97234801187,negative,-1,PPS,Polyphenylene Sulfide,adduct,M + 6×repeat | H shift -1 | Cl,0,-1,Cl,,,0.09999999999999998
C42H29KS8,"{'C': 42, 'H': 29, 'S': 8, 'K': 1}",827.96720181627,positive,1,PPS,Polyphenylene Sulfide,adduct,M + 6×repeat | H shift -1 | K,0,-1,K,,,0.09999999999999998
C42H29NaS8,"{'C': 42, 'H': 29, 'S': 8, 'Na': 1}",811.99326461187,positive,1,PPS,Polyphenylene Sulfide,adduct,M + 6×repeat | H shift -1 | Na,0,-1,Na,,,0.09999999999999998
C42H29OS8,"{'C': 42, 'H': 29, 'S': 8, 'O': 1}",804.99840994944,negative,-1,PPS,Polyphenylene Sulfide,adduct,M + 6×repeat | H shift -1 | O,0,-1,O,,,0.09999999999999998
C42H31ClS8,"{'C': 42, 'H': 31, 'S': 8, 'Cl': 1}",825.98799807633,negative,-1,PPS,Polyphenylene Sulfide,adduct,M + 6×repeat | H shift +1 | Cl,0,1,Cl,,,0.09999999999999998
C42H31KS8,"{'C': 42, 'H': 31, 'S': 8, 'K': 1}",829.98285188073,positive,1,PPS,Polyphenylene Sulfide,adduct,M + 6×repeat | H shift +1 | K,0,1,K,,,0.09999999999999998
C42H31NaS8,"{'C': 42, 'H': 31, 'S': 8, 'Na': 1}",814.00891467633,positive,1,PPS,Polyphenylene Sulfide,adduct,M + 6×repeat | H shift +1 | Na,0,1,Na,,,0.09999999999999998
C42H32OS8,"{'C': 42, 'H': 32, 'S': 8, 'O': 1}",808.02188504613,negative,-1,PPS,Polyphenylene Sulfide,adduct,M + 6×repeat | H shift +1 | OH | ; | M + 6×repeat | H shift +2 | O,0,1,OH,,,0.09999999999999998
C24H16ClS3,"{'C': 24, 'H': 16, 'S': 3, 'Cl': 1}",435.01026672088,negative,-1,PPS,Polyphenylene Sulfide,adduct,break 2 bond(s) + 3×repeat | Cl,2,0,Cl,,"[1, 2, 3, 4, 6, 7, 9, 10, 12, 13]",0.09000000000000002
C24H16KS3,"{'C': 24, 'H': 16, 'S': 3, 'K': 1}",439.00512052528,positive,1,PPS,Polyphenylene Sulfide,adduct,break 2 bond(s) + 3×repeat | K,2,0,K,,"[1, 2, 3, 4, 6, 7, 9, 10, 12, 13]",0.09000000000000002
C24H16NaS3,"{'C': 24, 'H': 16, 'S': 3, 'Na': 1}",423.03118332088,positive,1,PPS,Polyphenylene Sulfide,adduct,break 2 bond(s) + 3×repeat | Na,2,0,Na,,"[1, 2, 3, 4, 6, 7, 9, 10, 12, 13]",0.09000000000000002
C24H16OS3,"{'C': 24, 'H': 16, 'S': 3, 'O': 1}",416.03632865845,negative,-1,PPS,Polyphenylene Sulfide,adduct,break 2 bond(s) + 3×repeat | O,2,0,O,,"[1, 2, 3, 4, 6, 7, 9, 10, 12, 13]",0.09000000000000002
C24H17OS3,"{'C': 24, 'H': 17, 'S': 3, 'O': 1}",417.04415369068,negative,-1,PPS,Polyphenylene Sulfide,adduct,break 2 bond(s) + 3×repeat | OH | ; | break 2 bond(s) + 3×repeat | H shift +1 | O,2,0,OH,,"[1, 2, 3, 4, 6, 7, 9, 10, 12, 13]",0.09000000000000002
C17H11S2,"{'C': 17, 'H': 11, 'S': 2}",279.03021770333,neutral,0,PPS,Polyphenylene Sulfide,neutral_loss,break 2 bond(s) + 2×repeat | H shift +2 | -CH3,2,2,,CH3,"[1, 2, 3, 4, 6, 7, 9, 10, 12, 13]",0.08999999999999997
C17H7S2,"{'C': 17, 'H': 7, 'S': 2}",274.99891757441,neutral,0,PPS,Polyphenylene Sulfide,neutral_loss,break 2 bond(s) + 2×repeat | H shift -2 | -CH3,2,-2,,CH3,"[1, 2, 3, 4, 6, 7, 9, 10, 12, 13]",0.08999999999999997
C18H12S2,"{'C': 18, 'H': 12, 'S': 2}",292.03804273556,neutral,0,PPS,Polyphenylene Sulfide,neutral_loss,break 2 bond(s) + 2×repeat | H shift +2 | -H2,2,2,,H2,"[1, 2, 3, 4, 6, 7, 9, 10, 12, 13]",0.08999999999999997
C18H8S2,"{'C': 18, 'H': 8, 'S': 2}",288.00674260664,neutral,0,PPS,Polyphenylene Sulfide,neutral_loss,break 2 bond(s) + 2×repeat | H shift -2 | -H2,2,-2,,H2,"[1, 2, 3, 4, 6, 7, 9, 10, 12, 13]",0.08999999999999997
C47H31S9,"{'C': 47, 'H': 31, 'S': 9}",882.99121656873,neutral,0,PPS,Polyphenylene Sulfide,neutral_loss,M + 7×repeat | -CH3,0,0,,CH3,,0.08999999999999997
C48H31S9,"{'C': 48, 'H': 31, 'S': 9}",894.99121656873,negative,-1,PPS,Polyphenylene Sulfide,adduct,M + 7×repeat | H shift -2 | -H,0,-2,-H,,,0.08999999999999997
C48H32S9,"{'C': 48, 'H': 32, 'S': 9}",895.99904160096,neutral,0,PPS,Polyphenylene Sulfide,h_shift,M + 7×repeat | H shift -2,0,-2,,,,0.08999999999999997
C48H32S9,"{'C': 48, 'H': 32, 'S': 9}",895.99904160096,neutral,0,PPS,Polyphenylene Sulfide,neutral_loss,M + 7×repeat | -H2,0,0,,H2,,0.08999999999999997
C48H33S9,"{'C': 48, 'H': 33, 'S': 9}",897.00686663319,positive,1,PPS,Polyphenylene Sulfide,adduct,M + 7×repeat | H shift -2 | H,0,-2,H,,,0.08999999999999997
C48H35S9,"{'C': 48, 'H': 35, 'S': 9}",899.02251669765,negative,-1,PPS,Polyphenylene Sulfide,adduct,M + 7×repeat | H shift +2 | -H,0,2,-H,,,0.08999999999999997
C48H36S9,"{'C': 48, 'H': 36, 'S': 9}",900.03034172988,neutral,0,PPS,Polyphenylene Sulfide,h_shift,M + 7×repeat | H shift +2,0,2,,,,0.08999999999999997
C48H37S9,"{'C': 48, 'H': 37, 'S': 9}",901.03816676211,positive,1,PPS,Polyphenylene Sulfide,adduct,M + 7×repeat | H shift +2 | H,0,2,H,,,0.08999999999999997
C29H16S5,"{'C': 29, 'S': 5, 'H': 16}",523.98555638768,neutral,0,PPS,Polyphenylene Sulfide,neutral_loss,break 1 bond(s) + 4×repeat | H shift -2 | -CH3 | ; | break 1 bond(s) + 4×repeat | H shift -2 | -CH3,1,-2,,CH3,"[1, 2, 3, 4, 5, 6, 7, 9, 10, 11, 12, 13]",0.08000000000000002
C29H20S5,"{'C': 29, 'S': 5, 'H': 20}",528.0168565166,neutral,0,PPS,Polyphenylene Sulfide,neutral_loss,break 1 bond(s) + 4×repeat | H shift +2 | -CH3 | ; | break 1 bond(s) + 4×repeat | H shift +2 | -CH3,1,2,,CH3,"[1, 2, 3, 4, 5, 6, 7, 9, 10, 11, 12, 13]",0.08000000000000002
C30H17S5,"{'C': 30, 'S': 5, 'H': 17}",536.9933814199101,neutral,0,PPS,Polyphenylene Sulfide,neutral_loss,break 1 bond(s) + 4×repeat | H shift -2 | -H2 | ; | break 1 bond(s) + 4×repeat | H shift -2 | -H2,1,-2,,H2,"[1, 2, 3, 4, 5, 6, 7, 9, 10, 11, 12, 13]",0.08000000000000002
C30H18S4,"{'C': 30, 'H': 18, 'S': 4}",506.02913527774,negative,-1,PPS,Polyphenylene Sulfide,adduct,break 2 bond(s) + 4×repeat | H shift -1 | -H,2,-1,-H,,"[1, 2, 3, 4, 6, 7, 9, 10, 12, 13]",0.08000000000000002
C30H19S4,"{'C': 30, 'H': 19, 'S': 4}",507.03696030997,neutral,0,PPS,Polyphenylene Sulfide,h_shift,break 2 bond(s) + 4×repeat | H shift -1,2,-1,,,"[1, 2, 3, 4, 6, 7, 9, 10, 12, 13]",0.08000000000000002
C30H20S4,"{'C': 30, 'H': 20, 'S': 4}",508.0447853422,positive,1,PPS,Polyphenylene Sulfide,adduct,break 2 bond(s) + 4×repeat | H shift -1 | H,2,-1,H,,"[1, 2, 3, 4, 6, 7, 9, 10, 12, 13]",0.08000000000000002
C30H20S4,"{'C': 30, 'H': 20, 'S': 4}",508.0447853422,negative,-1,PPS,Polyphenylene Sulfide,adduct,break 2 bond(s) + 4×repeat | H shift +1 | -H,2,1,-H,,"[1, 2, 3, 4, 6, 7, 9, 10, 12, 13]",0.08000000000000002
C30H21S4,"{'C': 30, 'H': 21, 'S': 4}",509.05261037443,neutral,0,PPS,Polyphenylene Sulfide,h_shift,break 2 bond(s) + 4×repeat | H shift +1,2,1,,,"[1, 2, 3, 4, 6, 7, 9, 10, 12, 13]",0.08000000000000002
C30H21S5,"{'C': 30, 'S': 5, 'H': 21}",541.02468154883,neutral,0,PPS,Polyphenylene Sulfide,neutral_loss,break 1 bond(s) + 4×repeat | H shift +2 | -H2 | ; | break 1 bond(s) + 4×repeat | H shift +2 | -H2,1,2,,H2,"[1, 2, 3, 4, 5, 6, 7, 9, 10, 11, 12, 13]",0.08000000000000002
C30H22S4,"{'C': 30, 'H': 22, 'S': 4}",510.06043540666,positive,1,PPS,Polyphenylene Sulfide,adduct,break 2 bond(s) + 4×repeat | H shift +1 | H,2,1,H,,"[1, 2, 3, 4, 6, 7, 9, 10, 12, 13]",0.08000000000000002
C36H25ClS6,"{'C': 36, 'S': 6, 'H': 25, 'Cl': 1}",683.99690553415,negative,-1,PPS,Polyphenylene Sulfide,adduct,break 1 bond(s) + 5×repeat | Cl | ; | break 1 bond(s) + 5×repeat | Cl,1,0,Cl,,"[1, 2, 3, 4, 5, 6, 7, 9, 10, 11, 12, 13]",0.07999999999999996
C36H25KS6,"{'C': 36, 'S': 6, 'H': 25, 'K': 1}",687.99175933855,positive,1,PPS,Polyphenylene Sulfide,adduct,break 1 bond(s) + 5×repeat | K | ; | break 1 bond(s) + 5×repeat | K,1,0,K,,"[1, 2, 3, 4, 5, 6, 7, 9, 10, 11, 12, 13]",0.07999999999999996
C36H25NaS6,"{'C': 36, 'S': 6, 'H': 25, 'Na': 1}",672.01782213415,positive,1,PPS,Polyphenylene Sulfide,adduct,break 1 bond(s) + 5×repeat | Na | ; | break 1 bond(s) + 5×repeat | Na,1,0,Na,,"[1, 2, 3, 4, 5, 6, 7, 9, 10, 11, 12, 13]",0.07999999999999996
C36H25OS6,"{'C': 36, 'S': 6, 'H': 25, 'O': 1}",665.02296747172,negative,-1,PPS,Polyphenylene Sulfide,adduct,break 1 bond(s) + 5×repeat | O | ; | break 1 bond(s) + 5×repeat | H shift -1 | OH | ; | break 1 bond(s) + 5×repeat | O,1,0,O,,"[1, 2, 3, 4, 5, 6, 7, 9, 10, 11, 12, 13]",0.07999999999999996
C36H26OS6,"{'C': 36, 'S': 6, 'H': 26, 'O': 1}",666.03079250395,negative,-1,PPS,Polyphenylene Sulfide,adduct,break 1 bond(s) + 5×repeat | OH | ; | break 1 bond(s) + 5×repeat | H shift +1 | O | ; | break 1 bond(s) + 5×repeat | OH,1,0,OH,,"[1, 2, 3, 4, 5, 6, 7, 9, 10, 11, 12, 13]",0.07999999999999996
C41H25S8,"{'C': 41, 'H': 25, 'S': 8}",772.97219520095,neutral,0,PPS,Polyphenylene Sulfide,neutral_loss,M + 6×repeat | H shift -2 | -CH3,0,-2,,CH3,,0.07000000000000006
C41H29S8,"{'C': 41, 'H': 29, 'S': 8}",777.00349532987,neutral,0,PPS,Polyphenylene Sulfide,neutral_loss,M + 6×repeat | H shift +2 | -CH3,0,2,,CH3,,0.07000000000000006
C42H26S8,"{'C': 42, 'H': 26, 'S': 8}",785.98002023318,neutral,0,PPS,Polyphenylene Sulfide,neutral_loss,M + 6×repeat | H shift -2 | -H2,0,-2,,H2,,0.07000000000000006
C42H30S8,"{'C': 42, 'H': 30, 'S': 8}",790.0113203621,neutral,0,PPS,Polyphenylene Sulfide,neutral_loss,M + 6×repeat | H shift +2 | -H2,0,2,,H2,,0.07000000000000006
C18H10ClS2,"{'C': 18, 'H': 10, 'S': 2, 'Cl': 1}",324.9912453531,negative,-1,PPS,Polyphenylene Sulfide,adduct,break 2 bond(s) + 2×repeat | H shift -2 | Cl,2,-2,Cl,,"[1, 2, 3, 4, 6, 7, 9, 10, 12, 13]",0.06999999999999998
C18H10KS2,"{'C': 18, 'H': 10, 'S': 2, 'K': 1}",328.9860991575,positive,1,PPS,Polyphenylene Sulfide,adduct,break 2 bond(s) + 2×repeat | H shift -2 | K,2,-2,K,,"[1, 2, 3, 4, 6, 7, 9, 10, 12, 13]",0.06999999999999998
C18H10NaS2,"{'C': 18, 'H': 10, 'S': 2, 'Na': 1}",313.0121619531,positive,1,PPS,Polyphenylene Sulfide,adduct,break 2 bond(s) + 2×repeat | H shift -2 | Na,2,-2,Na,,"[1, 2, 3, 4, 6, 7, 9, 10, 12, 13]",0.06999999999999998
C18H10OS2,"{'C': 18, 'H': 10, 'S': 2, 'O': 1}",306.01730729067,negative,-1,PPS,Polyphenylene Sulfide,adduct,break 2 bond(s) + 2×repeat | H shift -2 | O,2,-2,O,,"[1, 2, 3, 4, 6, 7, 9, 10, 12, 13]",0.06999999999999998
C18H14ClS2,"{'C': 18, 'H': 14, 'S': 2, 'Cl': 1}",329.02254548202,negative,-1,PPS,Polyphenylene Sulfide,adduct,break 2 bond(s) + 2×repeat | H shift +2 | Cl,2,2,Cl,,"[1, 2, 3, 4, 6, 7, 9, 10, 12, 13]",0.06999999999999998
C18H14KS2,"{'C': 18, 'H': 14, 'S': 2, 'K': 1}",333.01739928642,positive,1,PPS,Polyphenylene Sulfide,adduct,break 2 bond(s) + 2×repeat | H shift +2 | K,2,2,K,,"[1, 2, 3, 4, 6, 7, 9, 10, 12, 13]",0.06999999999999998
C18H14NaS2,"{'C': 18, 'H': 14, 'S': 2, 'Na': 1}",317.04346208202,positive,1,PPS,Polyphenylene Sulfide,adduct,break 2 bond(s) + 2×repeat | H shift +2 | Na,2,2,Na,,"[1, 2, 3, 4, 6, 7, 9, 10, 12, 13]",0.06999999999999998
C18H15OS2,"{'C': 18, 'H': 15, 'S': 2, 'O': 1}",311.05643245182,negative,-1,PPS,Polyphenylene Sulfide,adduct,break 2 bond(s) + 2×repeat | H shift +2 | OH,2,2,OH,,"[1, 2, 3, 4, 6, 7, 9, 10, 12, 13]",0.06999999999999998
C42H27S7,"{'C': 42, 'S': 7, 'H': 27}",755.01577409101,negative,-1,PPS,Polyphenylene Sulfide,adduct,break 1 bond(s) + 6×repeat | H shift -1 | -H | ; | break 1 bond(s) + 6×repeat | H shift -1 | -H,1,-1,-H,,"[1, 2, 3, 4, 5, 6, 7, 9, 10, 11, 12, 13]",0.06999999999999995
C42H28S7,"{'C': 42, 'S': 7, 'H': 28}",756.0235991232399,neutral,0,PPS,Polyphenylene Sulfide,h_shift,break 1 bond(s) + 6×repeat | H shift -1 | ; | break 1 bond(s) + 6×repeat | H shift -1,1,-1,,,"[1, 2, 3, 4, 5, 6, 7, 9, 10, 11, 12, 13]",0.06999999999999995
C42H29S7,"{'C': 42, 'S': 7, 'H': 29}",757.03142415547,positive,1,PPS,Polyphenylene Sulfide,adduct,break 1 bond(s) + 6×repeat | H shift -1 | H | ; | break 1 bond(s) + 6×repeat | H shift -1 | H,1,-1,H,,"[1, 2, 3, 4, 5, 6, 7, 9, 10, 11, 12, 13]",0.06999999999999995
C42H29S7,"{'C': 42, 'S': 7, 'H': 29}",757.03142415547,negative,-1,PPS,Polyphenylene Sulfide,adduct,break 1 bond(s) + 6×repeat | H shift +1 | -H | ; | break 1 bond(s) + 6×repeat | H shift +1 | -H,1,1,-H,,"[1, 2, 3, 4, 5, 6, 7, 9, 10, 11, 12, 13]",0.06999999999999995
C42H30S7,"{'C': 42, 'S': 7, 'H': 30}",758.0392491877,neutral,0,PPS,Polyphenylene Sulfide,h_shift,break 1 bond(s) + 6×repeat | H shift +1 | ; | break 1 bond(s) + 6×repeat | H shift +1,1,1,,,"[1, 2, 3, 4, 5, 6, 7, 9, 10, 11, 12, 13]",0.06999999999999995
C42H31S7,"{'C': 42, 'S': 7, 'H': 31}",759.04707421993,positive,1,PPS,Polyphenylene Sulfide,adduct,break 1 bond(s) + 6×repeat | H shift +1 | H | ; | break 1 bond(s) + 6×repeat | H shift +1 | H,1,1,H,,"[1, 2, 3, 4, 5, 6, 7, 9, 10, 11, 12, 13]",0.06999999999999995
C48H34ClS9,"{'C': 48, 'H': 34, 'S': 9, 'Cl': 1}",932.98354434742,negative,-1,PPS,Polyphenylene Sulfide,adduct,M + 7×repeat | Cl,0,0,Cl,,,0.06999999999999995
C48H34KS9,"{'C': 48, 'H': 34, 'S': 9, 'K': 1}",936.97839815182,positive,1,PPS,Polyphenylene Sulfide,adduct,M + 7×repeat | K,0,0,K,,,0.06999999999999995
C48H34NaS9,"{'C': 48, 'H': 34, 'S': 9, 'Na': 1}",921.0044609474201,positive,1,PPS,Polyphenylene Sulfide,adduct,M + 7×repeat | Na,0,0,Na,,,0.06999999999999995
C48H34OS9,"{'C': 48, 'H': 34, 'S': 9, 'O': 1}",914.00960628499,negative,-1,PPS,Polyphenylene Sulfide,adduct,M + 7×repeat | O,0,0,O,,,0.06999999999999995
C48H35OS9,"{'C': 48, 'H': 35, 'S': 9, 'O': 1}",915.01743131722,negative,-1,PPS,Polyphenylene Sulfide,adduct,M + 7×repeat | OH | ; | M + 7×repeat | H shift +1 | O,0,0,OH,,,0.06999999999999995
C23H12S3,"{'C': 23, 'H': 12, 'S': 3}",384.01011390996,neutral,0,PPS,Polyphenylene Sulfide,neutral_loss,break 2 bond(s) + 3×repeat | H shift -1 | -CH3,2,-1,,CH3,"[1, 2, 3, 4, 6, 7, 9, 10, 12, 13]",0.06000000000000005
C23H14S3,"{'C': 23, 'H': 14, 'S': 3}",386.02576397442,neutral,0,PPS,Polyphenylene Sulfide,neutral_loss,break 2 bond(s) + 3×repeat | H shift +1 | -CH3,2,1,,CH3,"[1, 2, 3, 4, 6, 7, 9, 10, 12, 13]",0.06000000000000005
C24H13S3,"{'C': 24, 'H': 13, 'S': 3}",397.01793894218997,neutral,0,PPS,Polyphenylene Sulfide,neutral_loss,break 2 bond(s) + 3×repeat | H shift -1 | -H2,2,-1,,H2,"[1, 2, 3, 4, 6, 7, 9, 10, 12, 13]",0.06000000000000005
C24H15S3,"{'C': 24, 'H': 15, 'S': 3}",399.03358900665,neutral,0,PPS,Polyphenylene Sulfide,neutral_loss,break 2 bond(s) + 3×repeat | H shift +1 | -H2,2,1,,H2,"[1, 2, 3, 4, 6, 7, 9, 10, 12, 13]",0.06000000000000005
C30H19ClS5,"{'C': 30, 'S': 5, 'H': 19, 'Cl': 1}",573.97788416637,negative,-1,PPS,Polyphenylene Sulfide,adduct,break 1 bond(s) + 4×repeat | H shift -2 | Cl | ; | break 1 bond(s) + 4×repeat | H shift -2 | Cl,1,-2,Cl,,"[1, 2, 3, 4, 5, 6, 7, 9, 10, 11, 12, 13]",0.06
C30H19KS5,"{'C': 30, 'S': 5, 'H': 19, 'K': 1}",577.97273797077,positive,1,PPS,Polyphenylene Sulfide,adduct,break 1 bond(s) + 4×repeat | H shift -2 | K | ; | break 1 bond(s) + 4×repeat | H shift -2 | K,1,-2,K,,"[1, 2, 3, 4, 5, 6, 7, 9, 10, 11, 12, 13]",0.06
C30H19NaS5,"{'C': 30, 'S': 5, 'H': 19, 'Na': 1}",561.99880076637,positive,1,PPS,Polyphenylene Sulfide,adduct,break 1 bond(s) + 4×repeat | H shift -2 | Na | ; | break 1 bond(s) + 4×repeat | H shift -2 | Na,1,-2,Na,,"[1, 2, 3, 4, 5, 6, 7, 9, 10, 11, 12, 13]",0.06
C30H19OS5,"{'C': 30, 'S': 5, 'H': 19, 'O': 1}",555.00394610394,negative,-1,PPS,Polyphenylene Sulfide,adduct,break 1 bond(s) + 4×repeat | H shift -2 | O | ; | break 1 bond(s) + 4×repeat | H shift -2 | O,1,-2,O,,"[1, 2, 3, 4, 5, 6, 7, 9, 10, 11, 12, 13]",0.06
C30H23ClS5,"{'C': 30, 'S': 5, 'H': 23, 'Cl': 1}",578.00918429529,negative,-1,PPS,Polyphenylene Sulfide,adduct,break 1 bond(s) + 4×repeat | H shift +2 | Cl | ; | break 1 bond(s) + 4×repeat | H shift +2 | Cl,1,2,Cl,,"[1, 2, 3, 4, 5, 6, 7, 9, 10, 11, 12, 13]",0.06
C30H23KS5,"{'C': 30, 'S': 5, 'H': 23, 'K': 1}",582.00403809969,positive,1,PPS,Polyphenylene Sulfide,adduct,break 1 bond(s) + 4×repeat | H shift +2 | K | ; | break 1 bond(s) + 4×repeat | H shift +2 | K,1,2,K,,"[1, 2, 3, 4, 5, 6, 7, 9, 10, 11, 12, 13]",0.06
C30H23NaS5,"{'C': 30, 'S': 5, 'H': 23, 'Na': 1}",566.03010089529,positive,1,PPS,Polyphenylene Sulfide,adduct,break 1 bond(s) + 4×repeat | H shift +2 | Na | ; | break 1 bond(s) + 4×repeat | H shift +2 | Na,1,2,Na,,"[1, 2, 3, 4, 5, 6, 7, 9, 10, 11, 12, 13]",0.06
C30H24OS5,"{'C': 30, 'S': 5, 'H': 24, 'O': 1}",560.04307126509,negative,-1,PPS,Polyphenylene Sulfide,adduct,break 1 bond(s) + 4×repeat | H shift +2 | OH | ; | break 1 bond(s) + 4×repeat | H shift +2 | OH,1,2,OH,,"[1, 2, 3, 4, 5, 6, 7, 9, 10, 11, 12, 13]",0.06
C54H36S10,"{'C': 54, 'H': 36, 'S': 10}",1004.00241290428,negative,-1,PPS,Polyphenylene Sulfide,adduct,M + 8×repeat | H shift -1 | -H,0,-1,-H,,,0.05999999999999994
C54H37S10,"{'C': 54, 'H': 37, 'S': 10}",1005.0102379365101,neutral,0,PPS,Polyphenylene Sulfide,h_shift,M + 8×repeat | H shift -1,0,-1,,,,0.05999999999999994
C54H38S10,"{'C': 54, 'H': 38, 'S': 10}",1006.01806296874,positive,1,PPS,Polyphenylene Sulfide,adduct,M + 8×repeat | H shift -1 | H,0,-1,H,,,0.05999999999999994
C54H38S10,"{'C': 54, 'H': 38, 'S': 10}",1006.01806296874,negative,-1,PPS,Polyphenylene Sulfide,adduct,M + 8×repeat | H shift +1 | -H,0,1,-H,,,0.05999999999999994
C54H39S10,"{'C': 54, 'H': 39, 'S': 10}",1007.02588800097,neutral,0,PPS,Polyphenylene Sulfide,h_shift,M + 8×repeat | H shift +1,0,1,,,,0.05999999999999994
C54H40S10,"{'C': 54, 'H': 40, 'S': 10}",1008.0337130332,positive,1,PPS,Polyphenylene Sulfide,adduct,M + 8×repeat | H shift +1 | H,0,1,H,,,0.05999999999999994
C42H28ClS8,"{'C': 42, 'H': 28, 'S': 8, 'Cl': 1}",822.96452297964,negative,-1,PPS,Polyphenylene Sulfide,adduct,M + 6×repeat | H shift -2 | Cl,0,-2,Cl,,,0.050000000000000044
C42H28KS8,"{'C': 42, 'H': 28, 'S': 8, 'K': 1}",826.95937678404,positive,1,PPS,Polyphenylene Sulfide,adduct,M + 6×repeat | H shift -2 | K,0,-2,K,,,0.050000000000000044
C42H28NaS8,"{'C': 42, 'H': 28, 'S': 8, 'Na': 1}",810.98543957964,positive,1,PPS,Polyphenylene Sulfide,adduct,M + 6×repeat | H shift -2 | Na,0,-2,Na,,,0.050000000000000044
C42H28OS8,"{'C': 42, 'H': 28, 'S': 8, 'O': 1}",803.99058491721,negative,-1,PPS,Polyphenylene Sulfide,adduct,M + 6×repeat | H shift -2 | O,0,-2,O,,,0.050000000000000044
C42H32ClS8,"{'C': 42, 'H': 32, 'S': 8, 'Cl': 1}",826.99582310856,negative,-1,PPS,Polyphenylene Sulfide,adduct,M + 6×repeat | H shift +2 | Cl,0,2,Cl,,,0.050000000000000044
C42H32KS8,"{'C': 42, 'H': 32, 'S': 8, 'K': 1}",830.99067691296,positive,1,PPS,Polyphenylene Sulfide,adduct,M + 6×repeat | H shift +2 | K,0,2,K,,,0.050000000000000044
C42H32NaS8,"{'C': 42, 'H': 32, 'S': 8, 'Na': 1}",815.01673970856,positive,1,PPS,Polyphenylene Sulfide,adduct,M + 6×repeat | H shift +2 | Na,0,2,Na,,,0.050000000000000044
C42H33OS8,"{'C': 42, 'H': 33, 'S': 8, 'O': 1}",809.02971007836,negative,-1,PPS,Polyphenylene Sulfide,adduct,M + 6×repeat | H shift +2 | OH,0,2,OH,,,0.050000000000000044
C36H23S5,"{'C': 36, 'H': 23, 'S': 5}",615.04033161329,negative,-1,PPS,Polyphenylene Sulfide,adduct,break 2 bond(s) + 5×repeat | -H,2,0,-H,,"[1, 2, 3, 4, 6, 7, 9, 10, 12, 13]",0.04999999999999999
C36H24S5,"{'C': 36, 'H': 24, 'S': 5}",616.0481566455201,neutral,0,PPS,Polyphenylene Sulfide,fragment,break 2 bond(s) + 5×repeat,2,0,,,"[1, 2, 3, 4, 6, 7, 9, 10, 12, 13]",0.04999999999999999
C36H25S5,"{'C': 36, 'H': 25, 'S': 5}",617.05598167775,positive,1,PPS,Polyphenylene Sulfide,adduct,break 2 bond(s) + 5×repeat | H,2,0,H,,"[1, 2, 3, 4, 6, 7, 9, 10, 12, 13]",0.04999999999999999
C35H21S6,"{'C': 35, 'S': 6, 'H': 21}",632.99675272323,neutral,0,PPS,Polyphenylene Sulfide,neutral_loss,break 1 bond(s) + 5×repeat | H shift -1 | -CH3 | ; | break 1 bond(s) + 5×repeat | H shift -1 | -CH3,1,-1,,CH3,"[1, 2, 3, 4, 5, 6, 7, 9, 10, 11, 12, 13]",0.04999999999999993
C35H23S6,"{'C': 35, 'S': 6, 'H': 23}",635.01240278769,neutral,0,PPS,Polyphenylene Sulfide,neutral_loss,break 1 bond(s) + 5×repeat | H shift +1 | -CH3 | ; | break 1 bond(s) + 5×repeat | H shift +1 | -CH3,1,1,,CH3,"[1, 2, 3, 4, 5, 6, 7, 9, 10, 11, 12, 13]",0.04999999999999993
C36H22S6,"{'C': 36, 'S': 6, 'H': 22}",646.00457775546,neutral,0,PPS,Polyphenylene Sulfide,neutral_loss,break 1 bond(s) + 5×repeat | H shift -1 | -H2 | ; | break 1 bond(s) + 5×repeat | H shift -1 | -H2,1,-1,,H2,"[1, 2, 3, 4, 5, 6, 7, 9, 10, 11, 12, 13]",0.04999999999999993
C36H24S6,"{'C': 36, 'S': 6, 'H': 24}",648.02022781992,neutral,0,PPS,Polyphenylene Sulfide,neutral_loss,break 1 bond(s) + 5×repeat | H shift +1 | -H2 | ; | break 1 bond(s) + 5×repeat | H shift +1 | -H2,1,1,,H2,"[1, 2, 3, 4, 5, 6, 7, 9, 10, 11, 12, 13]",0.04999999999999993
C24H15ClS3,"{'C': 24, 'H': 15, 'S': 3, 'Cl': 1}",434.00244168865,negative,-1,PPS,Polyphenylene Sulfide,adduct,break 2 bond(s) + 3×repeat | H shift -1 | Cl,2,-1,Cl,,"[1, 2, 3, 4, 6, 7, 9, 10, 12, 13]",0.040000000000000036
C24H15KS3,"{'C': 24, 'H': 15, 'S': 3, 'K': 1}",437.99729549305,positive,1,PPS,Polyphenylene Sulfide,adduct,break 2 bond(s) + 3×repeat | H shift -1 | K,2,-1,K,,"[1, 2, 3, 4, 6, 7, 9, 10, 12, 13]",0.040000000000000036
C24H15NaS3,"{'C': 24, 'H': 15, 'S': 3, 'Na': 1}",422.02335828865,positive,1,PPS,Polyphenylene Sulfide,adduct,break 2 bond(s) + 3×repeat | H shift -1 | Na,2,-1,Na,,"[1, 2, 3, 4, 6, 7, 9, 10, 12, 13]",0.040000000000000036
C24H15OS3,"{'C': 24, 'H': 15, 'S': 3, 'O': 1}",415.02850362622,negative,-1,PPS,Polyphenylene Sulfide,adduct,break 2 bond(s) + 3×repeat | H shift -1 | O,2,-1,O,,"[1, 2, 3, 4, 6, 7, 9, 10, 12, 13]",0.040000000000000036
C24H17ClS3,"{'C': 24, 'H': 17, 'S': 3, 'Cl': 1}",436.01809175311,negative,-1,PPS,Polyphenylene Sulfide,adduct,break 2 bond(s) + 3×repeat | H shift +1 | Cl,2,1,Cl,,"[1, 2, 3, 4, 6, 7, 9, 10, 12, 13]",0.040000000000000036
C24H17KS3,"{'C': 24, 'H': 17, 'S': 3, 'K': 1}",440.01294555751,positive,1,PPS,Polyphenylene Sulfide,adduct,break 2 bond(s) + 3×repeat | H shift +1 | K,2,1,K,,"[1, 2, 3, 4, 6, 7, 9, 10, 12, 13]",0.040000000000000036
C24H17NaS3,"{'C': 24, 'H': 17, 'S': 3, 'Na': 1}",424.03900835311,positive,1,PPS,Polyphenylene Sulfide,adduct,break 2 bond(s) + 3×repeat | H shift +1 | Na,2,1,Na,,"[1, 2, 3, 4, 6, 7, 9, 10, 12, 13]",0.040000000000000036
C24H18OS3,"{'C': 24, 'H': 18, 'S': 3, 'O': 1}",418.05197872291,negative,-1,PPS,Polyphenylene Sulfide,adduct,break 2 bond(s) + 3×repeat | H shift +1 | OH | ; | break 2 bond(s) + 3×repeat | H shift +2 | O,2,1,OH,,"[1, 2, 3, 4, 6, 7, 9, 10, 12, 13]",0.040000000000000036
C47H30S9,"{'C': 47, 'H': 30, 'S': 9}",881.9833915365,neutral,0,PPS,Polyphenylene Sulfide,neutral_loss,M + 7×repeat | H shift -1 | -CH3,0,-1,,CH3,,0.039999999999999925
C47H32S9,"{'C': 47, 'H': 32, 'S': 9}",883.99904160096,neutral,0,PPS,Polyphenylene Sulfide,neutral_loss,M + 7×repeat | H shift +1 | -CH3,0,1,,CH3,,0.039999999999999925
C48H31S9,"{'C': 48, 'H': 31, 'S': 9}",894.99121656873,neutral,0,PPS,Polyphenylene Sulfide,neutral_loss,M + 7×repeat | H shift -1 | -H2,0,-1,,H2,,0.039999999999999925
C48H32S8,"{'C': 48, 'S': 8, 'H': 32}",864.02697042656,negative,-1,PPS,Polyphenylene Sulfide,adduct,break 1 bond(s) + 7×repeat | -H | ; | break 1 bond(s) + 7×repeat | -H,1,0,-H,,"[1, 2, 3, 4, 5, 6, 7, 9, 10, 11, 12, 13]",0.039999999999999925
C48H33S8,"{'C': 48, 'S': 8, 'H': 33}",865.03479545879,neutral,0,PPS,Polyphenylene Sulfide,fragment,break 1 bond(s) + 7×repeat | ; | break 1 bond(s) + 7×repeat,1,0,,,"[1, 2, 3, 4, 5, 6, 7, 9, 10, 11, 12, 13]",0.039999999999999925
C48H33S9,"{'C': 48, 'H': 33, 'S': 9}",897.00686663319,neutral,0,PPS,Polyphenylene Sulfide,neutral_loss,M + 7×repeat | H shift +1 | -H2,0,1,,H2,,0.039999999999999925
C48H34S8,"{'C': 48, 'S': 8, 'H': 34}",866.04262049102,positive,1,PPS,Polyphenylene Sulfide,adduct,break 1 bond(s) + 7×repeat | H | ; | break 1 bond(s) + 7×repeat | H,1,0,H,,"[1, 2, 3, 4, 5, 6, 7, 9, 10, 11, 12, 13]",0.039999999999999925
C60H41S11,"{'C': 60, 'H': 41, 'S': 11}",1113.01360923983,negative,-1,PPS,Polyphenylene Sulfide,adduct,M + 9×repeat | -H,0,0,-H,,,0.030000000000000027
C60H42S11,"{'C': 60, 'H': 42, 'S': 11}",1114.0214342720599,neutral,0,PPS,Polyphenylene Sulfide,oligomer,M + 9×repeat,0,0,,,,0.030000000000000027
C60H43S11,"{'C': 60, 'H': 43, 'S': 11}",1115.02925930429,positive,1,PPS,Polyphenylene Sulfide,adduct,M + 9×repeat | H,0,0,H,,,0.030000000000000027
C29H17S4,"{'C': 29, 'H': 17, 'S': 4}",493.02131024551,neutral,0,PPS,Polyphenylene Sulfide,neutral_loss,break 2 bond(s) + 4×repeat | -CH3,2,0,,CH3,"[1, 2, 3, 4, 6, 7, 9, 10, 12, 13]",0.02999999999999997
C30H17S4,"{'C': 30, 'H': 17, 'S': 4}",505.02131024551,negative,-1,PPS,Polyphenylene Sulfide,adduct,break 2 bond(s) + 4×repeat | H shift -2 | -H,2,-2,-H,,"[1, 2, 3, 4, 6, 7, 9, 10, 12, 13]",0.02999999999999997
C30H18S4,"{'C': 30, 'H': 18, 'S': 4}",506.02913527774,neutral,0,PPS,Polyphenylene Sulfide,h_shift,break 2 bond(s) + 4×repeat | H shift -2,2,-2,,,"[1, 2, 3, 4, 6, 7, 9, 10, 12, 13]",0.02999999999999997
C30H18S4,"{'C': 30, 'H': 18, 'S': 4}",506.02913527774,neutral,0,PPS,Polyphenylene Sulfide,neutral_loss,break 2 bond(s) + 4×repeat | -H2,2,0,,H2,"[1, 2, 3, 4, 6, 7, 9, 10, 12, 13]",0.02999999999999997
C30H19S4,"{'C': 30, 'H': 19, 'S': 4}",507.03696030997,positive,1,PPS,Polyphenylene Sulfide,adduct,break 2 bond(s) + 4×repeat | H shift -2 | H,2,-2,H,,"[1, 2, 3, 4, 6, 7, 9, 10, 12, 13]",0.02999999999999997
C30H21S4,"{'C': 30, 'H': 21, 'S': 4}",509.05261037443,negative,-1,PPS,Polyphenylene Sulfide,adduct,break 2 bond(s) + 4×repeat | H shift +2 | -H,2,2,-H,,"[1, 2, 3, 4, 6, 7, 9, 10, 12, 13]",0.02999999999999997
C30H22S4,"{'C': 30, 'H': 22, 'S': 4}",510.06043540666,neutral,0,PPS,Polyphenylene Sulfide,h_shift,break 2 bond(s) + 4×repeat | H shift +2,2,2,,,"[1, 2, 3, 4, 6, 7, 9, 10, 12, 13]",0.02999999999999997
C30H23S4,"{'C': 30, 'H': 23, 'S': 4}",511.06826043889,positive,1,PPS,Polyphenylene Sulfide,adduct,break 2 bond(s) + 4×repeat | H shift +2 | H,2,2,H,,"[1, 2, 3, 4, 6, 7, 9, 10, 12, 13]",0.02999999999999997
C36H24ClS6,"{'C': 36, 'S': 6, 'H': 24, 'Cl': 1}",682.98908050192,negative,-1,PPS,Polyphenylene Sulfide,adduct,break 1 bond(s) + 5×repeat | H shift -1 | Cl | ; | break 1 bond(s) + 5×repeat | H shift -1 | Cl,1,-1,Cl,,"[1, 2, 3, 4, 5, 6, 7, 9, 10, 11, 12, 13]",0.029999999999999916
C36H24KS6,"{'C': 36, 'S': 6, 'H': 24, 'K': 1}",686.98393430632,positive,1,PPS,Polyphenylene Sulfide,adduct,break 1 bond(s) + 5×repeat | H shift -1 | K | ; | break 1 bond(s) + 5×repeat | H shift -1 | K,1,-1,K,,"[1, 2, 3, 4, 5, 6, 7, 9, 10, 11, 12, 13]",0.029999999999999916
C36H24NaS6,"{'C': 36, 'S': 6, 'H': 24, 'Na': 1}",671.00999710192,positive,1,PPS,Polyphenylene Sulfide,adduct,break 1 bond(s) + 5×repeat | H shift -1 | Na | ; | break 1 bond(s) + 5×repeat | H shift -1 | Na,1,-1,Na,,"[1, 2, 3, 4, 5, 6, 7, 9, 10, 11, 12, 13]",0.029999999999999916
C36H24OS6,"{'C': 36, 'S': 6, 'H': 24, 'O': 1}",664.01514243949,negative,-1,PPS,Polyphenylene Sulfide,adduct,break 1 bond(s) + 5×repeat | H shift -1 | O | ; | break 1 bond(s) + 5×repeat | H shift -2 | OH | ; | break 1 bond(s) + 5×repeat | H shift -1 | O,1,-1,O,,"[1, 2, 3, 4, 5, 6, 7, 9, 10, 11, 12, 13]",0.029999999999999916
C36H26ClS6,"{'C': 36, 'S': 6, 'H': 26, 'Cl': 1}",685.00473056638,negative,-1,PPS,Polyphenylene Sulfide,adduct,break 1 bond(s) + 5×repeat | H shift +1 | Cl | ; | break 1 bond(s) + 5×repeat | H shift +1 | Cl,1,1,Cl,,"[1, 2, 3, 4, 5, 6, 7, 9, 10, 11, 12, 13]",0.029999999999999916
C36H26KS6,"{'C': 36, 'S': 6, 'H': 26, 'K': 1}",688.99958437078,positive,1,PPS,Polyphenylene Sulfide,adduct,break 1 bond(s) + 5×repeat | H shift +1 | K | ; | break 1 bond(s) + 5×repeat | H shift +1 | K,1,1,K,,"[1, 2, 3, 4, 5, 6, 7, 9, 10, 11, 12, 13]",0.029999999999999916
C36H26NaS6,"{'C': 36, 'S': 6, 'H': 26, 'Na': 1}",673.02564716638,positive,1,PPS,Polyphenylene Sulfide,adduct,break 1 bond(s) + 5×repeat | H shift +1 | Na | ; | break 1 bond(s) + 5×repeat | H shift +1 | Na,1,1,Na,,"[1, 2, 3, 4, 5, 6, 7, 9, 10, 11, 12, 13]",0.029999999999999916
C36H27OS6,"{'C': 36, 'S': 6, 'H': 27, 'O': 1}",667.03861753618,negative,-1,PPS,Polyphenylene Sulfide,adduct,break 1 bond(s) + 5×repeat | H shift +1 | OH | ; | break 1 bond(s) + 5×repeat | H shift +2 | O | ; | break 1 bond(s) + 5×repeat | H shift +1 | OH,1,1,OH,,"[1, 2, 3, 4, 5, 6, 7, 9, 10, 11, 12, 13]",0.029999999999999916
C41H26S7,"{'C': 41, 'S': 7, 'H': 26}",742.00794905878,neutral,0,PPS,Polyphenylene Sulfide,neutral_loss,break 1 bond(s) + 6×repeat | -CH3 | ; | break 1 bond(s) + 6×repeat | -CH3,1,0,,CH3,"[1, 2, 3, 4, 5, 6, 7, 9, 10, 11, 12, 13]",0.020000000000000018
C42H26S7,"{'C': 42, 'S': 7, 'H': 26}",754.00794905878,negative,-1,PPS,Polyphenylene Sulfide,adduct,break 1 bond(s) + 6×repeat | H shift -2 | -H | ; | break 1 bond(s) + 6×repeat | H shift -2 | -H,1,-2,-H,,"[1, 2, 3, 4, 5, 6, 7, 9, 10, 11, 12, 13]",0.020000000000000018
C42H27S7,"{'C': 42, 'S': 7, 'H': 27}",755.01577409101,neutral,0,PPS,Polyphenylene Sulfide,h_shift,break 1 bond(s) + 6×repeat | H shift -2 | ; | break 1 bond(s) + 6×repeat | H shift -2,1,-2,,,"[1, 2, 3, 4, 5, 6, 7, 9, 10, 11, 12, 13]",0.020000000000000018
C42H27S7,"{'C': 42, 'S': 7, 'H': 27}",755.01577409101,neutral,0,PPS,Polyphenylene Sulfide,neutral_loss,break 1 bond(s) + 6×repeat | -H2 | ; | break 1 bond(s) + 6×repeat | -H2,1,0,,H2,"[1, 2, 3, 4, 5, 6, 7, 9, 10, 11, 12, 13]",0.020000000000000018
C42H28S7,"{'C': 42, 'S': 7, 'H': 28}",756.0235991232399,positive,1,PPS,Polyphenylene Sulfide,adduct,break 1 bond(s) + 6×repeat | H shift -2 | H | ; | break 1 bond(s) + 6×repeat | H shift -2 | H,1,-2,H,,"[1, 2, 3, 4, 5, 6, 7, 9, 10, 11, 12, 13]",0.020000000000000018
C42H30S7,"{'C': 42, 'S': 7, 'H': 30}",758.0392491877,negative,-1,PPS,Polyphenylene Sulfide,adduct,break 1 bond(s) + 6×repeat | H shift +2 | -H | ; | break 1 bond(s) + 6×repeat | H shift +2 | -H,1,2,-H,,"[1, 2, 3, 4, 5, 6, 7, 9, 10, 11, 12, 13]",0.020000000000000018
C42H31S7,"{'C': 42, 'S': 7, 'H': 31}",759.04707421993,neutral,0,PPS,Polyphenylene Sulfide,h_shift,break 1 bond(s) + 6×repeat | H shift +2 | ; | break 1 bond(s) + 6×repeat | H shift +2,1,2,,,"[1, 2, 3, 4, 5, 6, 7, 9, 10, 11, 12, 13]",0.020000000000000018
C42H32S7,"{'C': 42, 'S': 7, 'H': 32}",760.05489925216,positive,1,PPS,Polyphenylene Sulfide,adduct,break 1 bond(s) + 6×repeat | H shift +2 | H | ; | break 1 bond(s) + 6×repeat | H shift +2 | H,1,2,H,,"[1, 2, 3, 4, 5, 6, 7, 9, 10, 11, 12, 13]",0.020000000000000018
C48H33ClS9,"{'C': 48, 'H': 33, 'S': 9, 'Cl': 1}",931.97571931519,negative,-1,PPS,Polyphenylene Sulfide,adduct,M + 7×repeat | H shift -1 | Cl,0,-1,Cl,,,0.019999999999999907
C48H33KS9,"{'C': 48, 'H': 33, 'S': 9, 'K': 1}",935.97057311959,positive,1,PPS,Polyphenylene Sulfide,adduct,M + 7×repeat | H shift -1 | K,0,-1,K,,,0.019999999999999907
C48H33NaS9,"{'C': 48, 'H': 33, 'S': 9, 'Na': 1}",919.99663591519,positive,1,PPS,Polyphenylene Sulfide,adduct,M + 7×repeat | H shift -1 | Na,0,-1,Na,,,0.019999999999999907
C48H33OS9,"{'C': 48, 'H': 33, 'S': 9, 'O': 1}",913.00178125276,negative,-1,PPS,Polyphenylene Sulfide,adduct,M + 7×repeat | H shift -1 | O,0,-1,O,,,0.019999999999999907
C48H35ClS9,"{'C': 48, 'H': 35, 'S': 9, 'Cl': 1}",933.99136937965,negative,-1,PPS,Polyphenylene Sulfide,adduct,M + 7×repeat | H shift +1 | Cl,0,1,Cl,,,0.019999999999999907
C48H35KS9,"{'C': 48, 'H': 35, 'S': 9, 'K': 1}",937.98622318405,positive,1,PPS,Polyphenylene Sulfide,adduct,M + 7×repeat | H shift +1 | K,0,1,K,,,0.019999999999999907
C48H35NaS9,"{'C': 48, 'H': 35, 'S': 9, 'Na': 1}",922.01228597965,positive,1,PPS,Polyphenylene Sulfide,adduct,M + 7×repeat | H shift +1 | Na,0,1,Na,,,0.019999999999999907
C48H36OS9,"{'C': 48, 'H': 36, 'S': 9, 'O': 1}",916.02525634945,negative,-1,PPS,Polyphenylene Sulfide,adduct,M + 7×repeat | H shift +1 | OH | ; | M + 7×repeat | H shift +2 | O,0,1,OH,,,0.019999999999999907
C30H20ClS4,"{'C': 30, 'H': 20, 'S': 4, 'Cl': 1}",543.0136380242,negative,-1,PPS,Polyphenylene Sulfide,adduct,break 2 bond(s) + 4×repeat | Cl,2,0,Cl,,"[1, 2, 3, 4, 6, 7, 9, 10, 12, 13]",0.010000000000000009
C30H20KS4,"{'C': 30, 'H': 20, 'S': 4, 'K': 1}",547.0084918286,positive,1,PPS,Polyphenylene Sulfide,adduct,break 2 bond(s) + 4×repeat | K,2,0,K,,"[1, 2, 3, 4, 6, 7, 9, 10, 12, 13]",0.010000000000000009
C30H20NaS4,"{'C': 30, 'H': 20, 'S': 4, 'Na': 1}",531.0345546242,positive,1,PPS,Polyphenylene Sulfide,adduct,break 2 bond(s) + 4×repeat | Na,2,0,Na,,"[1, 2, 3, 4, 6, 7, 9, 10, 12, 13]",0.010000000000000009
C30H20OS4,"{'C': 30, 'H': 20, 'S': 4, 'O': 1}",524.03969996177,negative,-1,PPS,Polyphenylene Sulfide,adduct,break 2 bond(s) + 4×repeat | O,2,0,O,,"[1, 2, 3, 4, 6, 7, 9, 10, 12, 13]",0.010000000000000009
C30H21OS4,"{'C': 30, 'H': 21, 'S': 4, 'O': 1}",525.047524994,negative,-1,PPS,Polyphenylene Sulfide,adduct,break 2 bond(s) + 4×repeat | OH | ; | break 2 bond(s) + 4×repeat | H shift +1 | O,2,0,OH,,"[1, 2, 3, 4, 6, 7, 9, 10, 12, 13]",0.010000000000000009
C53H35S10,"{'C': 53, 'H': 35, 'S': 10}",990.99458787205,neutral,0,PPS,Polyphenylene Sulfide,neutral_loss,M + 8×repeat | -CH3,0,0,,CH3,,0.010000000000000009
C54H35S10,"{'C': 54, 'H': 35, 'S': 10}",1002.99458787205,negative,-1,PPS,Polyphenylene Sulfide,adduct,M + 8×repeat | H shift -2 | -H,0,-2,-H,,,0.010000000000000009
C54H36S10,"{'C': 54, 'H': 36, 'S': 10}",1004.00241290428,neutral,0,PPS,Polyphenylene Sulfide,h_shift,M + 8×repeat | H shift -2,0,-2,,,,0.010000000000000009
C54H36S10,"{'C': 54, 'H': 36, 'S': 10}",1004.00241290428,neutral,0,PPS,Polyphenylene Sulfide,neutral_loss,M + 8×repeat | -H2,0,0,,H2,,0.010000000000000009
C54H37S10,"{'C': 54, 'H': 37, 'S': 10}",1005.0102379365101,positive,1,PPS,Polyphenylene Sulfide,adduct,M + 8×repeat | H shift -2 | H,0,-2,H,,,0.010000000000000009
C54H39S10,"{'C': 54, 'H': 39, 'S': 10}",1007.02588800097,negative,-1,PPS,Polyphenylene Sulfide,adduct,M + 8×repeat | H shift +2 | -H,0,2,-H,,,0.010000000000000009
C54H40S10,"{'C': 54, 'H': 40, 'S': 10}",1008.0337130332,neutral,0,PPS,Polyphenylene Sulfide,h_shift,M + 8×repeat | H shift +2,0,2,,,,0.010000000000000009
C54H41S10,"{'C': 54, 'H': 41, 'S': 10}",1009.04153806543,positive,1,PPS,Polyphenylene Sulfide,adduct,M + 8×repeat | H shift +2 | H,0,2,H,,,0.010000000000000009
C23H11S3,"{'C': 23, 'H': 11, 'S': 3}",383.00228887773,neutral,0,PPS,Polyphenylene Sulfide,neutral_loss,break 2 bond(s) + 3×repeat | H shift -2 | -CH3,2,-2,,CH3,"[1, 2, 3, 4, 6, 7, 9, 10, 12, 13]",0.009999999999999981
C23H15S3,"{'C': 23, 'H': 15, 'S': 3}",387.03358900665,neutral,0,PPS,Polyphenylene Sulfide,neutral_loss,break 2 bond(s) + 3×repeat | H shift +2 | -CH3,2,2,,CH3,"[1, 2, 3, 4, 6, 7, 9, 10, 12, 13]",0.009999999999999981
C24H12S3,"{'C': 24, 'H': 12, 'S': 3}",396.01011390996,neutral,0,PPS,Polyphenylene Sulfide,neutral_loss,break 2 bond(s) + 3×repeat | H shift -2 | -H2,2,-2,,H2,"[1, 2, 3, 4, 6, 7, 9, 10, 12, 13]",0.009999999999999981
C24H16S3,"{'C': 24, 'H': 16, 'S': 3}",400.04141403888,neutral,0,PPS,Polyphenylene Sulfide,neutral_loss,break 2 bond(s) + 3×repeat | H shift +2 | -H2,2,2,,H2,"[1, 2, 3, 4, 6, 7, 9, 10, 12, 13]",0.009999999999999981
C24H14ClS3,"{'C': 24, 'H': 14, 'S': 3, 'Cl': 1}",432.99461665642,negative,-1,PPS,Polyphenylene Sulfide,adduct,break 2 bond(s) + 3×repeat | H shift -2 | Cl,2,-2,Cl,,"[1, 2, 3, 4, 6, 7, 9, 10, 12, 13]",0.0
C24H14KS3,"{'C': 24, 'H': 14, 'S': 3, 'K': 1}",436.98947046082,positive,1,PPS,Polyphenylene Sulfide,adduct,break 2 bond(s) + 3×repeat | H shift -2 | K,2,-2,K,,"[1, 2, 3, 4, 6, 7, 9, 10, 12, 13]",0.0
C24H14NaS3,"{'C': 24, 'H': 14, 'S': 3, 'Na': 1}",421.01553325642,positive,1,PPS,Polyphenylene Sulfide,adduct,break 2 bond(s) + 3×repeat | H shift -2 | Na,2,-2,Na,,"[1, 2, 3, 4, 6, 7, 9, 10, 12, 13]",0.0
C24H14OS3,"{'C': 24, 'H': 14, 'S': 3, 'O': 1}",414.02067859399,negative,-1,PPS,Polyphenylene Sulfide,adduct,break 2 bond(s) + 3×repeat | H shift -2 | O,2,-2,O,,"[1, 2, 3, 4, 6, 7, 9, 10, 12, 13]",0.0
C24H18ClS3,"{'C': 24, 'H': 18, 'S': 3, 'Cl': 1}",437.02591678534,negative,-1,PPS,Polyphenylene Sulfide,adduct,break 2 bond(s) + 3×repeat | H shift +2 | Cl,2,2,Cl,,"[1, 2, 3, 4, 6, 7, 9, 10, 12, 13]",0.0
C24H18KS3,"{'C': 24, 'H': 18, 'S': 3, 'K': 1}",441.02077058974,positive,1,PPS,Polyphenylene Sulfide,adduct,break 2 bond(s) + 3×repeat | H shift +2 | K,2,2,K,,"[1, 2, 3, 4, 6, 7, 9, 10, 12, 13]",0.0
C24H18NaS3,"{'C': 24, 'H': 18, 'S': 3, 'Na': 1}",425.04683338534,positive,1,PPS,Polyphenylene Sulfide,adduct,break 2 bond(s) + 3×repeat | H shift +2 | Na,2,2,Na,,"[1, 2, 3, 4, 6, 7, 9, 10, 12, 13]",0.0
C24H19OS3,"{'C': 24, 'H': 19, 'S': 3, 'O': 1}",419.05980375514,negative,-1,PPS,Polyphenylene Sulfide,adduct,break 2 bond(s) + 3×repeat | H shift +2 | OH,2,2,OH,,"[1, 2, 3, 4, 6, 7, 9, 10, 12, 13]",0.0
C29H15S4,"{'C': 29, 'H': 15, 'S': 4}",491.00566018105,neutral,0,PPS,Polyphenylene Sulfide,neutral_loss,break 2 bond(s) + 4×repeat | H shift -2 | -CH3,2,-2,,CH3,"[1, 2, 3, 4, 6, 7, 9, 10, 12, 13]",0.0
C29H16S4,"{'C': 29, 'H': 16, 'S': 4}",492.01348521328,neutral,0,PPS,Polyphenylene Sulfide,neutral_loss,break 2 bond(s) + 4×repeat | H shift -1 | -CH3,2,-1,,CH3,"[1, 2, 3, 4, 6, 7, 9, 10, 12, 13]",0.0
C29H18S4,"{'C': 29, 'H': 18, 'S': 4}",494.02913527774,neutral,0,PPS,Polyphenylene Sulfide,neutral_loss,break 2 bond(s) + 4×repeat | H shift +1 | -CH3,2,1,,CH3,"[1, 2, 3, 4, 6, 7, 9, 10, 12, 13]",0.0
C29H19S4,"{'C': 29, 'H': 19, 'S': 4}",495.03696030997,neutral,0,PPS,Polyphenylene Sulfide,neutral_loss,break 2 bond(s) + 4×repeat | H shift +2 | -CH3,2,2,,CH3,"[1, 2, 3, 4, 6, 7, 9, 10, 12, 13]",0.0
C30H16S4,"{'C': 30, 'H': 16, 'S': 4}",504.01348521328,neutral,0,PPS,Polyphenylene Sulfide,neutral_loss,break 2 bond(s) + 4×repeat | H shift -2 | -H2,2,-2,,H2,"[1, 2, 3, 4, 6, 7, 9, 10, 12, 13]",0.0
C30H17S4,"{'C': 30, 'H': 17, 'S': 4}",505.02131024551,neutral,0,PPS,Polyphenylene Sulfide,neutral_loss,break 2 bond(s) + 4×repeat | H shift -1 | -H2,2,-1,,H2,"[1, 2, 3, 4, 6, 7, 9, 10, 12, 13]",0.0
C30H18ClS4,"{'C': 30, 'H': 18, 'S': 4, 'Cl': 1}",540.99798795974,negative,-1,PPS,Polyphenylene Sulfide,adduct,break 2 bond(s) + 4×repeat | H shift -2 | Cl,2,-2,Cl,,"[1, 2, 3, 4, 6, 7, 9, 10, 12, 13]",0.0
C30H18KS4,"{'C': 30, 'H': 18, 'S': 4, 'K': 1}",544.99284176414,positive,1,PPS,Polyphenylene Sulfide,adduct,break 2 bond(s) + 4×repeat | H shift -2 | K,2,-2,K,,"[1, 2, 3, 4, 6, 7, 9, 10, 12, 13]",0.0
C30H18NaS4,"{'C': 30, 'H': 18, 'S': 4, 'Na': 1}",529.01890455974,positive,1,PPS,Polyphenylene Sulfide,adduct,break 2 bond(s) + 4×repeat | H shift -2 | Na,2,-2,Na,,"[1, 2, 3, 4, 6, 7, 9, 10, 12, 13]",0.0
C30H18OS4,"{'C': 30, 'H': 18, 'S': 4, 'O': 1}",522.02404989731,negative,-1,PPS,Polyphenylene Sulfide,adduct,break 2 bond(s) + 4×repeat | H shift -2 | O,2,-2,O,,"[1, 2, 3, 4, 6, 7, 9, 10, 12, 13]",0.0
C30H19ClS4,"{'C': 30, 'H': 19, 'S': 4, 'Cl': 1}",542.00581299197,negative,-1,PPS,Polyphenylene Sulfide,adduct,break 2 bond(s) + 4×repeat | H shift -1 | Cl,2,-1,Cl,,"[1, 2, 3, 4, 6, 7, 9, 10, 12, 13]",0.0
C30H19KS4,"{'C': 30, 'H': 19, 'S': 4, 'K': 1}",546.00066679637,positive,1,PPS,Polyphenylene Sulfide,adduct,break 2 bond(s) + 4×repeat | H shift -1 | K,2,-1,K,,"[1, 2, 3, 4, 6, 7, 9, 10, 12, 13]",0.0
C30H19NaS4,"{'C': 30, 'H': 19, 'S': 4, 'Na': 1}",530.02672959197,positive,1,PPS,Polyphenylene Sulfide,adduct,break 2 bond(s) + 4×repeat | H shift -1 | Na,2,-1,Na,,"[1, 2, 3, 4, 6, 7, 9, 10, 12, 13]",0.0
C30H19OS4,"{'C': 30, 'H': 19, 'S': 4, 'O': 1}",523.03187492954,negative,-1,PPS,Polyphenylene Sulfide,adduct,break 2 bond(s) + 4×repeat | H shift -2 | OH | ; | break 2 bond(s) + 4×repeat | H shift -1 | O,2,-2,OH,,"[1, 2, 3, 4, 6, 7, 9, 10, 12, 13]",0.0
C30H19S4,"{'C': 30, 'H': 19, 'S': 4}",507.03696030997,neutral,0,PPS,Polyphenylene Sulfide,neutral_loss,break 2 bond(s) + 4×repeat | H shift +1 | -H2,2,1,,H2,"[1, 2, 3, 4, 6, 7, 9, 10, 12, 13]",0.0
C30H20S4,"{'C': 30, 'H': 20, 'S': 4}",508.0447853422,neutral,0,PPS,Polyphenylene Sulfide,neutral_loss,break 2 bond(s) + 4×repeat | H shift +2 | -H2,2,2,,H2,"[1, 2, 3, 4, 6, 7, 9, 10, 12, 13]",0.0
C30H21ClS4,"{'C': 30, 'H': 21, 'S': 4, 'Cl': 1}",544.02146305643,negative,-1,PPS,Polyphenylene Sulfide,adduct,break 2 bond(s) + 4×repeat | H shift +1 | Cl,2,1,Cl,,"[1, 2, 3, 4, 6, 7, 9, 10, 12, 13]",0.0
C30H21KS4,"{'C': 30, 'H': 21, 'S': 4, 'K': 1}",548.01631686083,positive,1,PPS,Polyphenylene Sulfide,adduct,break 2 bond(s) + 4×repeat | H shift +1 | K,2,1,K,,"[1, 2, 3, 4, 6, 7, 9, 10, 12, 13]",0.0
C30H21NaS4,"{'C': 30, 'H': 21, 'S': 4, 'Na': 1}",532.0423796564301,positive,1,PPS,Polyphenylene Sulfide,adduct,break 2 bond(s) + 4×repeat | H shift +1 | Na,2,1,Na,,"[1, 2, 3, 4, 6, 7, 9, 10, 12, 13]",0.0
C30H22ClS4,"{'C': 30, 'H': 22, 'S': 4, 'Cl': 1}",545.02928808866,negative,-1,PPS,Polyphenylene Sulfide,adduct,break 2 bond(s) + 4×repeat | H shift +2 | Cl,2,2,Cl,,"[1, 2, 3, 4, 6, 7, 9, 10, 12, 13]",0.0
C30H22KS4,"{'C': 30, 'H': 22, 'S': 4, 'K': 1}",549.02414189306,positive,1,PPS,Polyphenylene Sulfide,adduct,break 2 bond(s) + 4×repeat | H shift +2 | K,2,2,K,,"[1, 2, 3, 4, 6, 7, 9, 10, 12, 13]",0.0
C30H22NaS4,"{'C': 30, 'H': 22, 'S': 4, 'Na': 1}",533.05020468866,positive,1,PPS,Polyphenylene Sulfide,adduct,break 2 bond(s) + 4×repeat | H shift +2 | Na,2,2,Na,,"[1, 2, 3, 4, 6, 7, 9, 10, 12, 13]",0.0
C30H22OS4,"{'C': 30, 'H': 22, 'S': 4, 'O': 1}",526.05535002623,negative,-1,PPS,Polyphenylene Sulfide,adduct,break 2 bond(s) + 4×repeat | H shift +1 | OH | ; | break 2 bond(s) + 4×repeat | H shift +2 | O,2,1,OH,,"[1, 2, 3, 4, 6, 7, 9, 10, 12, 13]",0.0
C30H23OS4,"{'C': 30, 'H': 23, 'S': 4, 'O': 1}",527.06317505846,negative,-1,PPS,Polyphenylene Sulfide,adduct,break 2 bond(s) + 4×repeat | H shift +2 | OH,2,2,OH,,"[1, 2, 3, 4, 6, 7, 9, 10, 12, 13]",0.0
C35H19S5,"{'C': 35, 'H': 19, 'S': 5}",599.00903148437,neutral,0,PPS,Polyphenylene Sulfide,neutral_loss,break 2 bond(s) + 5×repeat | H shift -2 | -CH3,2,-2,,CH3,"[1, 2, 3, 4, 6, 7, 9, 10, 12, 13]",0.0
C35H20S5,"{'C': 35, 'H': 20, 'S': 5}",600.0168565166,neutral,0,PPS,Polyphenylene Sulfide,neutral_loss,break 2 bond(s) + 5×repeat | H shift -1 | -CH3,2,-1,,CH3,"[1, 2, 3, 4, 6, 7, 9, 10, 12, 13]",0.0
C35H20S6,"{'C': 35, 'S': 6, 'H': 20}",631.988927691,neutral,0,PPS,Polyphenylene Sulfide,neutral_loss,break 1 bond(s) + 5×repeat | H shift -2 | -CH3 | ; | break 1 bond(s) + 5×repeat | H shift -2 | -CH3,1,-2,,CH3,"[1, 2, 3, 4, 5, 6, 7, 9, 10, 11, 12, 13]",0.0
C35H21S5,"{'C': 35, 'H': 21, 'S': 5}",601.02468154883,neutral,0,PPS,Polyphenylene Sulfide,neutral_loss,break 2 bond(s) + 5×repeat | -CH3,2,0,,CH3,"[1, 2, 3, 4, 6, 7, 9, 10, 12, 13]",0.0
C35H22S5,"{'C': 35, 'H': 22, 'S': 5}",602.03250658106,neutral,0,PPS,Polyphenylene Sulfide,neutral_loss,break 2 bond(s) + 5×repeat | H shift +1 | -CH3,2,1,,CH3,"[1, 2, 3, 4, 6, 7, 9, 10, 12, 13]",0.0
C35H23S5,"{'C': 35, 'H': 23, 'S': 5}",603.04033161329,neutral,0,PPS,Polyphenylene Sulfide,neutral_loss,break 2 bond(s) + 5×repeat | H shift +2 | -CH3,2,2,,CH3,"[1, 2, 3, 4, 6, 7, 9, 10, 12, 13]",0.0
C35H24S6,"{'C': 35, 'S': 6, 'H': 24}",636.02022781992,neutral,0,PPS,Polyphenylene Sulfide,neutral_loss,break 1 bond(s) + 5×repeat | H shift +2 | -CH3 | ; | break 1 bond(s) + 5×repeat | H shift +2 | -CH3,1,2,,CH3,"[1, 2, 3, 4, 5, 6, 7, 9, 10, 11, 12, 13]",0.0
C36H20S5,"{'C': 36, 'H': 20, 'S': 5}",612.0168565166,neutral,0,PPS,Polyphenylene Sulfide,neutral_loss,break 2 bond(s) + 5×repeat | H shift -2 | -H2,2,-2,,H2,"[1, 2, 3, 4, 6, 7, 9, 10, 12, 13]",0.0
C36H21S5,"{'C': 36, 'H': 21, 'S': 5}",613.02468154883,negative,-1,PPS,Polyphenylene Sulfide,adduct,break 2 bond(s) + 5×repeat | H shift -2 | -H,2,-2,-H,,"[1, 2, 3, 4, 6, 7, 9, 10, 12, 13]",0.0
C36H21S5,"{'C': 36, 'H': 21, 'S': 5}",613.02468154883,neutral,0,PPS,Polyphenylene Sulfide,neutral_loss,break 2 bond(s) + 5×repeat | H shift -1 | -H2,2,-1,,H2,"[1, 2, 3, 4, 6, 7, 9, 10, 12, 13]",0.0
C36H21S6,"{'C': 36, 'S': 6, 'H': 21}",644.99675272323,neutral,0,PPS,Polyphenylene Sulfide,neutral_loss,break 1 bond(s) + 5×repeat | H shift -2 | -H2 | ; | break 1 bond(s) + 5×repeat | H shift -2 | -H2,1,-2,,H2,"[1, 2, 3, 4, 5, 6, 7, 9, 10, 11, 12, 13]",0.0
C36H22ClS5,"{'C': 36, 'H': 22, 'S': 5, 'Cl': 1}",649.0013592630601,negative,-1,PPS,Polyphenylene Sulfide,adduct,break 2 bond(s) + 5×repeat | H shift -2 | Cl,2,-2,Cl,,"[1, 2, 3, 4, 6, 7, 9, 10, 12, 13]",0.0
C36H22KS5,"{'C': 36, 'H': 22, 'S': 5, 'K': 1}",652.99621306746,positive,1,PPS,Polyphenylene Sulfide,adduct,break 2 bond(s) + 5×repeat | H shift -2 | K,2,-2,K,,"[1, 2, 3, 4, 6, 7, 9, 10, 12, 13]",0.0
C36H22NaS5,"{'C': 36, 'H': 22, 'S': 5, 'Na': 1}",637.02227586306,positive,1,PPS,Polyphenylene Sulfide,adduct,break 2 bond(s) + 5×repeat | H shift -2 | Na,2,-2,Na,,"[1, 2, 3, 4, 6, 7, 9, 10, 12, 13]",0.0
C36H22OS5,"{'C': 36, 'H': 22, 'S': 5, 'O': 1}",630.02742120063,negative,-1,PPS,Polyphenylene Sulfide,adduct,break 2 bond(s) + 5×repeat | H shift -2 | O,2,-2,O,,"[1, 2, 3, 4, 6, 7, 9, 10, 12, 13]",0.0
C36H22S5,"{'C': 36, 'H': 22, 'S': 5}",614.03250658106,neutral,0,PPS,Polyphenylene Sulfide,h_shift,break 2 bond(s) + 5×repeat | H shift -2,2,-2,,,"[1, 2, 3, 4, 6, 7, 9, 10, 12, 13]",0.0
C36H22S5,"{'C': 36, 'H': 22, 'S': 5}",614.03250658106,negative,-1,PPS,Polyphenylene Sulfide,adduct,break 2 bond(s) + 5×repeat | H shift -1 | -H,2,-1,-H,,"[1, 2, 3, 4, 6, 7, 9, 10, 12, 13]",0.0
C36H22S5,"{'C': 36, 'H': 22, 'S': 5}",614.03250658106,neutral,0,PPS,Polyphenylene Sulfide,neutral_loss,break 2 bond(s) + 5×repeat | -H2,2,0,,H2,"[1, 2, 3, 4, 6, 7, 9, 10, 12, 13]",0.0
C36H23ClS5,"{'C': 36, 'H': 23, 'S': 5, 'Cl': 1}",650.00918429529,negative,-1,PPS,Polyphenylene Sulfide,adduct,break 2 bond(s) + 5×repeat | H shift -1 | Cl,2,-1,Cl,,"[1, 2, 3, 4, 6, 7, 9, 10, 12, 13]",0.0
C36H23ClS6,"{'C': 36, 'S': 6, 'H': 23, 'Cl': 1}",681.98125546969,negative,-1,PPS,Polyphenylene Sulfide,adduct,break 1 bond(s) + 5×repeat | H shift -2 | Cl | ; | break 1 bond(s) + 5×repeat | H shift -2 | Cl,1,-2,Cl,,"[1, 2, 3, 4, 5, 6, 7, 9, 10, 11, 12, 13]",0.0
C36H23KS5,"{'C': 36, 'H': 23, 'S': 5, 'K': 1}",654.00403809969,positive,1,PPS,Polyphenylene Sulfide,adduct,break 2 bond(s) + 5×repeat | H shift -1 | K,2,-1,K,,"[1, 2, 3, 4, 6, 7, 9, 10, 12, 13]",0.0
C36H23KS6,"{'C': 36, 'S': 6, 'H': 23, 'K': 1}",685.97610927409,positive,1,PPS,Polyphenylene Sulfide,adduct,break 1 bond(s) + 5×repeat | H shift -2 | K | ; | break 1 bond(s) + 5×repeat | H shift -2 | K,1,-2,K,,"[1, 2, 3, 4, 5, 6, 7, 9, 10, 11, 12, 13]",0.0
C36H23NaS5,"{'C': 36, 'H': 23, 'S': 5, 'Na': 1}",638.03010089529,positive,1,PPS,Polyphenylene Sulfide,adduct,break 2 bond(s) + 5×repeat | H shift -1 | Na,2,-1,Na,,"[1, 2, 3, 4, 6, 7, 9, 10, 12, 13]",0.0
C36H23NaS6,"{'C': 36, 'S': 6, 'H': 23, 'Na': 1}",670.00217206969,positive,1,PPS,Polyphenylene Sulfide,adduct,break 1 bond(s) + 5×repeat | H shift -2 | Na | ; | break 1 bond(s) + 5×repeat | H shift -2 | Na,1,-2,Na,,"[1, 2, 3, 4, 5, 6, 7, 9, 10, 11, 12, 13]",0.0
C36H23OS5,"{'C': 36, 'H': 23, 'S': 5, 'O': 1}",631.03524623286,negative,-1,PPS,Polyphenylene Sulfide,adduct,break 2 bond(s) + 5×repeat | H shift -2 | OH | ; | break 2 bond(s) + 5×repeat | H shift -1 | O,2,-2,OH,,"[1, 2, 3, 4, 6, 7, 9, 10, 12, 13]",0.0
C36H23OS6,"{'C': 36, 'S': 6, 'H': 23, 'O': 1}",663.00731740726,negative,-1,PPS,Polyphenylene Sulfide,adduct,break 1 bond(s) + 5×repeat | H shift -2 | O | ; | break 1 bond(s) + 5×repeat | H shift -2 | O,1,-2,O,,"[1, 2, 3, 4, 5, 6, 7, 9, 10, 11, 12, 13]",0.0
C36H23S5,"{'C': 36, 'H': 23, 'S': 5}",615.04033161329,positive,1,PPS,Polyphenylene Sulfide,adduct,break 2 bond(s) + 5×repeat | H shift -2 | H,2,-2,H,,"[1, 2, 3, 4, 6, 7, 9, 10, 12, 13]",0.0
C36H23S5,"{'C': 36, 'H': 23, 'S': 5}",615.04033161329,neutral,0,PPS,Polyphenylene Sulfide,h_shift,break 2 bond(s) + 5×repeat | H shift -1,2,-1,,,"[1, 2, 3, 4, 6, 7, 9, 10, 12, 13]",0.0
C36H23S5,"{'C': 36, 'H': 23, 'S': 5}",615.04033161329,neutral,0,PPS,Polyphenylene Sulfide,neutral_loss,break 2 bond(s) + 5×repeat | H shift +1 | -H2,2,1,,H2,"[1, 2, 3, 4, 6, 7, 9, 10, 12, 13]",0.0
C36H24ClS5,"{'C': 36, 'H': 24, 'S': 5, 'Cl': 1}",651.01700932752,negative,-1,PPS,Polyphenylene Sulfide,adduct,break 2 bond(s) + 5×repeat | Cl,2,0,Cl,,"[1, 2, 3, 4, 6, 7, 9, 10, 12, 13]",0.0
C36H24KS5,"{'C': 36, 'H': 24, 'S': 5, 'K': 1}",655.01186313192,positive,1,PPS,Polyphenylene Sulfide,adduct,break 2 bond(s) + 5×repeat | K,2,0,K,,"[1, 2, 3, 4, 6, 7, 9, 10, 12, 13]",0.0
C36H24NaS5,"{'C': 36, 'H': 24, 'S': 5, 'Na': 1}",639.0379259275201,positive,1,PPS,Polyphenylene Sulfide,adduct,break 2 bond(s) + 5×repeat | Na,2,0,Na,,"[1, 2, 3, 4, 6, 7, 9, 10, 12, 13]",0.0
C36H24OS5,"{'C': 36, 'H': 24, 'S': 5, 'O': 1}",632.04307126509,negative,-1,PPS,Polyphenylene Sulfide,adduct,break 2 bond(s) + 5×repeat | H shift -1 | OH | ; | break 2 bond(s) + 5×repeat | O,2,-1,OH,,"[1, 2, 3, 4, 6, 7, 9, 10, 12, 13]",0.0
C36H24S5,"{'C': 36, 'H': 24, 'S': 5}",616.0481566455201,positive,1,PPS,Polyphenylene Sulfide,adduct,break 2 bond(s) + 5×repeat | H shift -1 | H,2,-1,H,,"[1, 2, 3, 4, 6, 7, 9, 10, 12, 13]",0.0
C36H24S5,"{'C': 36, 'H': 24, 'S': 5}",616.0481566455201,negative,-1,PPS,Polyphenylene Sulfide,adduct,break 2 bond(s) + 5×repeat | H shift +1 | -H,2,1,-H,,"[1, 2, 3, 4, 6, 7, 9, 10, 12, 13]",0.0
C36H24S5,"{'C': 36, 'H': 24, 'S': 5}",616.0481566455201,neutral,0,PPS,Polyphenylene Sulfide,neutral_loss,break 2 bond(s) + 5×repeat | H shift +2 | -H2,2,2,,H2,"[1, 2, 3, 4, 6, 7, 9, 10, 12, 13]",0.0
C36H25ClS5,"{'C': 36, 'H': 25, 'S': 5, 'Cl': 1}",652.02483435975,negative,-1,PPS,Polyphenylene Sulfide,adduct,break 2 bond(s) + 5×repeat | H shift +1 | Cl,2,1,Cl,,"[1, 2, 3, 4, 6, 7, 9, 10, 12, 13]",0.0
C36H25KS5,"{'C': 36, 'H': 25, 'S': 5, 'K': 1}",656.01968816415,positive,1,PPS,Polyphenylene Sulfide,adduct,break 2 bond(s) + 5×repeat | H shift +1 | K,2,1,K,,"[1, 2, 3, 4, 6, 7, 9, 10, 12, 13]",0.0
C36H25NaS5,"{'C': 36, 'H': 25, 'S': 5, 'Na': 1}",640.04575095975,positive,1,PPS,Polyphenylene Sulfide,adduct,break 2 bond(s) + 5×repeat | H shift +1 | Na,2,1,Na,,"[1, 2, 3, 4, 6, 7, 9, 10, 12, 13]",0.0
C36H25OS5,"{'C': 36, 'H': 25, 'S': 5, 'O': 1}",633.05089629732,negative,-1,PPS,Polyphenylene Sulfide,adduct,break 2 bond(s) + 5×repeat | OH | ; | break 2 bond(s) + 5×repeat | H shift +1 | O,2,0,OH,,"[1, 2, 3, 4, 6, 7, 9, 10, 12, 13]",0.0
C36H25S5,"{'C': 36, 'H': 25, 'S': 5}",617.05598167775,neutral,0,PPS,Polyphenylene Sulfide,h_shift,break 2 bond(s) + 5×repeat | H shift +1,2,1,,,"[1, 2, 3, 4, 6, 7, 9, 10, 12, 13]",0.0
C36H25S5,"{'C': 36, 'H': 25, 'S': 5}",617.05598167775,negative,-1,PPS,Polyphenylene Sulfide,adduct,break 2 bond(s) + 5×repeat | H shift +2 | -H,2,2,-H,,"[1, 2, 3, 4, 6, 7, 9, 10, 12, 13]",0.0
C36H25S6,"{'C': 36, 'S': 6, 'H': 25}",649.02805285215,neutral,0,PPS,Polyphenylene Sulfide,neutral_loss,break 1 bond(s) + 5×repeat | H shift +2 | -H2 | ; | break 1 bond(s) + 5×repeat | H shift +2 | -H2,1,2,,H2,"[1, 2, 3, 4, 5, 6, 7, 9, 10, 11, 12, 13]",0.0
C36H26ClS5,"{'C': 36, 'H': 26, 'S': 5, 'Cl': 1}",653.03265939198,negative,-1,PPS,Polyphenylene Sulfide,adduct,break 2 bond(s) + 5×repeat | H shift +2 | Cl,2,2,Cl,,"[1, 2, 3, 4, 6, 7, 9, 10, 12, 13]",0.0
C36H26KS5,"{'C': 36, 'H': 26, 'S': 5, 'K': 1}",657.02751319638,positive,1,PPS,Polyphenylene Sulfide,adduct,break 2 bond(s) + 5×repeat | H shift +2 | K,2,2,K,,"[1, 2, 3, 4, 6, 7, 9, 10, 12, 13]",0.0
C36H26NaS5,"{'C': 36, 'H': 26, 'S': 5, 'Na': 1}",641.05357599198,positive,1,PPS,Polyphenylene Sulfide,adduct,break 2 bond(s) + 5×repeat | H shift +2 | Na,2,2,Na,,"[1, 2, 3, 4, 6, 7, 9, 10, 12, 13]",0.0
C36H26OS5,"{'C': 36, 'H': 26, 'S': 5, 'O': 1}",634.05872132955,negative,-1,PPS,Polyphenylene Sulfide,adduct,break 2 bond(s) + 5×repeat | H shift +1 | OH | ; | break 2 bond(s) + 5×repeat | H shift +2 | O,2,1,OH,,"[1, 2, 3, 4, 6, 7, 9, 10, 12, 13]",0.0
C36H26S5,"{'C': 36, 'H': 26, 'S': 5}",618.06380670998,positive,1,PPS,Polyphenylene Sulfide,adduct,break 2 bond(s) + 5×repeat | H shift +1 | H,2,1,H,,"[1, 2, 3, 4, 6, 7, 9, 10, 12, 13]",0.0
C36H26S5,"{'C': 36, 'H': 26, 'S': 5}",618.06380670998,neutral,0,PPS,Polyphenylene Sulfide,h_shift,break 2 bond(s) + 5×repeat | H shift +2,2,2,,,"[1, 2, 3, 4, 6, 7, 9, 10, 12, 13]",0.0
C36H27ClS6,"{'C': 36, 'S': 6, 'H': 27, 'Cl': 1}",686.01255559861,negative,-1,PPS,Polyphenylene Sulfide,adduct,break 1 bond(s) + 5×repeat | H shift +2 | Cl | ; | break 1 bond(s) + 5×repeat | H shift +2 | Cl,1,2,Cl,,"[1, 2, 3, 4, 5, 6, 7, 9, 10, 11, 12, 13]",0.0
C36H27KS6,"{'C': 36, 'S': 6, 'H': 27, 'K': 1}",690.00740940301,positive,1,PPS,Polyphenylene Sulfide,adduct,break 1 bond(s) + 5×repeat | H shift +2 | K | ; | break 1 bond(s) + 5×repeat | H shift +2 | K,1,2,K,,"[1, 2, 3, 4, 5, 6, 7, 9, 10, 11, 12, 13]",0.0
C36H27NaS6,"{'C': 36, 'S': 6, 'H': 27, 'Na': 1}",674.03347219861,positive,1,PPS,Polyphenylene Sulfide,adduct,break 1 bond(s) + 5×repeat | H shift +2 | Na | ; | break 1 bond(s) + 5×repeat | H shift +2 | Na,1,2,Na,,"[1, 2, 3, 4, 5, 6, 7, 9, 10, 11, 12, 13]",0.0
C36H27OS5,"{'C': 36, 'H': 27, 'S': 5, 'O': 1}",635.06654636178,negative,-1,PPS,Polyphenylene Sulfide,adduct,break 2 bond(s) + 5×repeat | H shift +2 | OH,2,2,OH,,"[1, 2, 3, 4, 6, 7, 9, 10, 12, 13]",0.0
C36H27S5,"{'C': 36, 'H': 27, 'S': 5}",619.07163174221,positive,1,PPS,Polyphenylene Sulfide,adduct,break 2 bond(s) + 5×repeat | H shift +2 | H,2,2,H,,"[1, 2, 3, 4, 6, 7, 9, 10, 12, 13]",0.0
C36H28OS6,"{'C': 36, 'S': 6, 'H': 28, 'O': 1}",668.04644256841,negative,-1,PPS,Polyphenylene Sulfide,adduct,break 1 bond(s) + 5×repeat | H shift +2 | OH | ; | break 1 bond(s) + 5×repeat | H shift +2 | OH,1,2,OH,,"[1, 2, 3, 4, 5, 6, 7, 9, 10, 11, 12, 13]",0.0
C41H23S6,"{'C': 41, 'H': 23, 'S': 6}",707.01240278769,neutral,0,PPS,Polyphenylene Sulfide,neutral_loss,break 2 bond(s) + 6×repeat | H shift -2 | -CH3,2,-2,,CH3,"[1, 2, 3, 4, 6, 7, 9, 10, 12, 13]",0.0
C41H24S6,"{'C': 41, 'H': 24, 'S': 6}",708.02022781992,neutral,0,PPS,Polyphenylene Sulfide,neutral_loss,break 2 bond(s) + 6×repeat | H shift -1 | -CH3,2,-1,,CH3,"[1, 2, 3, 4, 6, 7, 9, 10, 12, 13]",0.0
C41H24S7,"{'C': 41, 'S': 7, 'H': 24}",739.99229899432,neutral,0,PPS,Polyphenylene Sulfide,neutral_loss,break 1 bond(s) + 6×repeat | H shift -2 | -CH3 | ; | break 1 bond(s) + 6×repeat | H shift -2 | -CH3,1,-2,,CH3,"[1, 2, 3, 4, 5, 6, 7, 9, 10, 11, 12, 13]",0.0
C41H25S6,"{'C': 41, 'H': 25, 'S': 6}",709.02805285215,neutral,0,PPS,Polyphenylene Sulfide,neutral_loss,break 2 bond(s) + 6×repeat | -CH3,2,0,,CH3,"[1, 2, 3, 4, 6, 7, 9, 10, 12, 13]",0.0
C41H25S7,"{'C': 41, 'S': 7, 'H': 25}",741.00012402655,neutral,0,PPS,Polyphenylene Sulfide,neutral_loss,break 1 bond(s) + 6×repeat | H shift -1 | -CH3 | ; | break 1 bond(s) + 6×repeat | H shift -1 | -CH3,1,-1,,CH3,"[1, 2, 3, 4, 5, 6, 7, 9, 10, 11, 12, 13]",0.0
C41H26S6,"{'C': 41, 'H': 26, 'S': 6}",710.0358778843799,neutral,0,PPS,Polyphenylene Sulfide,neutral_loss,break 2 bond(s) + 6×repeat | H shift +1 | -CH3,2,1,,CH3,"[1, 2, 3, 4, 6, 7, 9, 10, 12, 13]",0.0
C41H27S6,"{'C': 41, 'H': 27, 'S': 6}",711.04370291661,neutral,0,PPS,Polyphenylene Sulfide,neutral_loss,break 2 bond(s) + 6×repeat | H shift +2 | -CH3,2,2,,CH3,"[1, 2, 3, 4, 6, 7, 9, 10, 12, 13]",0.0
C41H27S7,"{'C': 41, 'S': 7, 'H': 27}",743.01577409101,neutral,0,PPS,Polyphenylene Sulfide,neutral_loss,break 1 bond(s) + 6×repeat | H shift +1 | -CH3 | ; | break 1 bond(s) + 6×repeat | H shift +1 | -CH3,1,1,,CH3,"[1, 2, 3, 4, 5, 6, 7, 9, 10, 11, 12, 13]",0.0
C41H28S7,"{'C': 41, 'S': 7, 'H': 28}",744.0235991232399,neutral,0,PPS,Polyphenylene Sulfide,neutral_loss,break 1 bond(s) + 6×repeat | H shift +2 | -CH3 | ; | break 1 bond(s) + 6×repeat | H shift +2 | -CH3,1,2,,CH3,"[1, 2, 3, 4, 5, 6, 7, 9, 10, 11, 12, 13]",0.0
C42H24S6,"{'C': 42, 'H': 24, 'S': 6}",720.02022781992,neutral,0,PPS,Polyphenylene Sulfide,neutral_loss,break 2 bond(s) + 6×repeat | H shift -2 | -H2,2,-2,,H2,"[1, 2, 3, 4, 6, 7, 9, 10, 12, 13]",0.0
C42H25S6,"{'C': 42, 'H': 25, 'S': 6}",721.02805285215,negative,-1,PPS,Polyphenylene Sulfide,adduct,break 2 bond(s) + 6×repeat | H shift -2 | -H,2,-2,-H,,"[1, 2, 3, 4, 6, 7, 9, 10, 12, 13]",0.0
C42H25S6,"{'C': 42, 'H': 25, 'S': 6}",721.02805285215,neutral,0,PPS,Polyphenylene Sulfide,neutral_loss,break 2 bond(s) + 6×repeat | H shift -1 | -H2,2,-1,,H2,"[1, 2, 3, 4, 6, 7, 9, 10, 12, 13]",0.0
C42H25S7,"{'C': 42, 'S': 7, 'H': 25}",753.00012402655,neutral,0,PPS,Polyphenylene Sulfide,neutral_loss,break 1 bond(s) + 6×repeat | H shift -2 | -H2 | ; | break 1 bond(s) + 6×repeat | H shift -2 | -H2,1,-2,,H2,"[1, 2, 3, 4, 5, 6, 7, 9, 10, 11, 12, 13]",0.0
C42H26ClS6,"{'C': 42, 'H': 26, 'S': 6, 'Cl': 1}",757.00473056638,negative,-1,PPS,Polyphenylene Sulfide,adduct,break 2 bond(s) + 6×repeat | H shift -2 | Cl,2,-2,Cl,,"[1, 2, 3, 4, 6, 7, 9, 10, 12, 13]",0.0
C42H26KS6,"{'C': 42, 'H': 26, 'S': 6, 'K': 1}",760.99958437078,positive,1,PPS,Polyphenylene Sulfide,adduct,break 2 bond(s) + 6×repeat | H shift -2 | K,2,-2,K,,"[1, 2, 3, 4, 6, 7, 9, 10, 12, 13]",0.0
C42H26NaS6,"{'C': 42, 'H': 26, 'S': 6, 'Na': 1}",745.02564716638,positive,1,PPS,Polyphenylene Sulfide,adduct,break 2 bond(s) + 6×repeat | H shift -2 | Na,2,-2,Na,,"[1, 2, 3, 4, 6, 7, 9, 10, 12, 13]",0.0
C42H26OS6,"{'C': 42, 'H': 26, 'S': 6, 'O': 1}",738.03079250395,negative,-1,PPS,Polyphenylene Sulfide,adduct,break 2 bond(s) + 6×repeat | H shift -2 | O,2,-2,O,,"[1, 2, 3, 4, 6, 7, 9, 10, 12, 13]",0.0
C42H26S6,"{'C': 42, 'H': 26, 'S': 6}",722.0358778843799,neutral,0,PPS,Polyphenylene Sulfide,h_shift,break 2 bond(s) + 6×repeat | H shift -2,2,-2,,,"[1, 2, 3, 4, 6, 7, 9, 10, 12, 13]",0.0
C42H26S6,"{'C': 42, 'H': 26, 'S': 6}",722.0358778843799,negative,-1,PPS,Polyphenylene Sulfide,adduct,break 2 bond(s) + 6×repeat | H shift -1 | -H,2,-1,-H,,"[1, 2, 3, 4, 6, 7, 9, 10, 12, 13]",0.0
C42H26S6,"{'C': 42, 'H': 26, 'S': 6}",722.0358778843799,neutral,0,PPS,Polyphenylene Sulfide,neutral_loss,break 2 bond(s) + 6×repeat | -H2,2,0,,H2,"[1, 2, 3, 4, 6, 7, 9, 10, 12, 13]",0.0
C42H26S7,"{'C': 42, 'S': 7, 'H': 26}",754.00794905878,neutral,0,PPS,Polyphenylene Sulfide,neutral_loss,break 1 bond(s) + 6×repeat | H shift -1 | -H2 | ; | break 1 bond(s) + 6×repeat | H shift -1 | -H2,1,-1,,H2,"[1, 2, 3, 4, 5, 6, 7, 9, 10, 11, 12, 13]",0.0
C42H27ClS6,"{'C': 42, 'H': 27, 'S': 6, 'Cl': 1}",758.01255559861,negative,-1,PPS,Polyphenylene Sulfide,adduct,break 2 bond(s) + 6×repeat | H shift -1 | Cl,2,-1,Cl,,"[1, 2, 3, 4, 6, 7, 9, 10, 12, 13]",0.0
C42H27ClS7,"{'C': 42, 'S': 7, 'H': 27, 'Cl': 1}",789.98462677301,negative,-1,PPS,Polyphenylene Sulfide,adduct,break 1 bond(s) + 6×repeat | H shift -2 | Cl | ; | break 1 bond(s) + 6×repeat | H shift -2 | Cl,1,-2,Cl,,"[1, 2, 3, 4, 5, 6, 7, 9, 10, 11, 12, 13]",0.0
C42H27KS6,"{'C': 42, 'H': 27, 'S': 6, 'K': 1}",762.00740940301,positive,1,PPS,Polyphenylene Sulfide,adduct,break 2 bond(s) + 6×repeat | H shift -1 | K,2,-1,K,,"[1, 2, 3, 4, 6, 7, 9, 10, 12, 13]",0.0
C42H27KS7,"{'C': 42, 'S': 7, 'H': 27, 'K': 1}",793.97948057741,positive,1,PPS,Polyphenylene Sulfide,adduct,break 1 bond(s) + 6×repeat | H shift -2 | K | ; | break 1 bond(s) + 6×repeat | H shift -2 | K,1,-2,K,,"[1, 2, 3, 4, 5, 6, 7, 9, 10, 11, 12, 13]",0.0
C42H27NaS6,"{'C': 42, 'H': 27, 'S': 6, 'Na': 1}",746.03347219861,positive,1,PPS,Polyphenylene Sulfide,adduct,break 2 bond(s) + 6×repeat | H shift -1 | Na,2,-1,Na,,"[1, 2, 3, 4, 6, 7, 9, 10, 12, 13]",0.0
C42H27NaS7,"{'C': 42, 'S': 7, 'H': 27, 'Na': 1}",778.00554337301,positive,1,PPS,Polyphenylene Sulfide,adduct,break 1 bond(s) + 6×repeat | H shift -2 | Na | ; | break 1 bond(s) + 6×repeat | H shift -2 | Na,1,-2,Na,,"[1, 2, 3, 4, 5, 6, 7, 9, 10, 11, 12, 13]",0.0
C42H27OS6,"{'C': 42, 'H': 27, 'S': 6, 'O': 1}",739.03861753618,negative,-1,PPS,Polyphenylene Sulfide,adduct,break 2 bond(s) + 6×repeat | H shift -2 | OH | ; | break 2 bond(s) + 6×repeat | H shift -1 | O,2,-2,OH,,"[1, 2, 3, 4, 6, 7, 9, 10, 12, 13]",0.0
C42H27OS7,"{'C': 42, 'S': 7, 'H': 27, 'O': 1}",771.01068871058,negative,-1,PPS,Polyphenylene Sulfide,adduct,break 1 bond(s) + 6×repeat | H shift -2 | O | ; | break 1 bond(s) + 6×repeat | H shift -2 | O,1,-2,O,,"[1, 2, 3, 4, 5, 6, 7, 9, 10, 11, 12, 13]",0.0
C42H27S6,"{'C': 42, 'H': 27, 'S': 6}",723.04370291661,positive,1,PPS,Polyphenylene Sulfide,adduct,break 2 bond(s) + 6×repeat | H shift -2 | H,2,-2,H,,"[1, 2, 3, 4, 6, 7, 9, 10, 12, 13]",0.0
C42H27S6,"{'C': 42, 'H': 27, 'S': 6}",723.04370291661,neutral,0,PPS,Polyphenylene Sulfide,h_shift,break 2 bond(s) + 6×repeat | H shift -1,2,-1,,,"[1, 2, 3, 4, 6, 7, 9, 10, 12, 13]",0.0
C42H27S6,"{'C': 42, 'H': 27, 'S': 6}",723.04370291661,negative,-1,PPS,Polyphenylene Sulfide,adduct,break 2 bond(s) + 6×repeat | -H,2,0,-H,,"[1, 2, 3, 4, 6, 7, 9, 10, 12, 13]",0.0
C42H27S6,"{'C': 42, 'H': 27, 'S': 6}",723.04370291661,neutral,0,PPS,Polyphenylene Sulfide,neutral_loss,break 2 bond(s) + 6×repeat | H shift +1 | -H2,2,1,,H2,"[1, 2, 3, 4, 6, 7, 9, 10, 12, 13]",0.0
C42H28ClS6,"{'C': 42, 'H': 28, 'S': 6, 'Cl': 1}",759.02038063084,negative,-1,PPS,Polyphenylene Sulfide,adduct,break 2 bond(s) + 6×repeat | Cl,2,0,Cl,,"[1, 2, 3, 4, 6, 7, 9, 10, 12, 13]",0.0
C42H28ClS7,"{'C': 42, 'S': 7, 'H': 28, 'Cl': 1}",790.99245180524,negative,-1,PPS,Polyphenylene Sulfide,adduct,break 1 bond(s) + 6×repeat | H shift -1 | Cl | ; | break 1 bond(s) + 6×repeat | H shift -1 | Cl,1,-1,Cl,,"[1, 2, 3, 4, 5, 6, 7, 9, 10, 11, 12, 13]",0.0
C42H28KS6,"{'C': 42, 'H': 28, 'S': 6, 'K': 1}",763.01523443524,positive,1,PPS,Polyphenylene Sulfide,adduct,break 2 bond(s) + 6×repeat | K,2,0,K,,"[1, 2, 3, 4, 6, 7, 9, 10, 12, 13]",0.0
C42H28KS7,"{'C': 42, 'S': 7, 'H': 28, 'K': 1}",794.98730560964,positive,1,PPS,Polyphenylene Sulfide,adduct,break 1 bond(s) + 6×repeat | H shift -1 | K | ; | break 1 bond(s) + 6×repeat | H shift -1 | K,1,-1,K,,"[1, 2, 3, 4, 5, 6, 7, 9, 10, 11, 12, 13]",0.0
C42H28NaS6,"{'C': 42, 'H': 28, 'S': 6, 'Na': 1}",747.04129723084,positive,1,PPS,Polyphenylene Sulfide,adduct,break 2 bond(s) + 6×repeat | Na,2,0,Na,,"[1, 2, 3, 4, 6, 7, 9, 10, 12, 13]",0.0
C42H28NaS7,"{'C': 42, 'S': 7, 'H': 28, 'Na': 1}",779.0133684052399,positive,1,PPS,Polyphenylene Sulfide,adduct,break 1 bond(s) + 6×repeat | H shift -1 | Na | ; | break 1 bond(s) + 6×repeat | H shift -1 | Na,1,-1,Na,,"[1, 2, 3, 4, 5, 6, 7, 9, 10, 11, 12, 13]",0.0
C42H28OS6,"{'C': 42, 'H': 28, 'S': 6, 'O': 1}",740.04644256841,negative,-1,PPS,Polyphenylene Sulfide,adduct,break 2 bond(s) + 6×repeat | H shift -1 | OH | ; | break 2 bond(s) + 6×repeat | O,2,-1,OH,,"[1, 2, 3, 4, 6, 7, 9, 10, 12, 13]",0.0
C42H28OS7,"{'C': 42, 'S': 7, 'H': 28, 'O': 1}",772.01851374281,negative,-1,PPS,Polyphenylene Sulfide,adduct,break 1 bond(s) + 6×repeat | H shift -2 | OH | ; | break 1 bond(s) + 6×repeat | H shift -1 | O | ; | break 1 bond(s) + 6×repeat | H shift -2 | OH,1,-2,OH,,"[1, 2, 3, 4, 5, 6, 7, 9, 10, 11, 12, 13]",0.0
C42H28S6,"{'C': 42, 'H': 28, 'S': 6}",724.05152794884,positive,1,PPS,Polyphenylene Sulfide,adduct,break 2 bond(s) + 6×repeat | H shift -1 | H,2,-1,H,,"[1, 2, 3, 4, 6, 7, 9, 10, 12, 13]",0.0
C42H28S6,"{'C': 42, 'H': 28, 'S': 6}",724.05152794884,neutral,0,PPS,Polyphenylene Sulfide,fragment,break 2 bond(s) + 6×repeat,2,0,,,"[1, 2, 3, 4, 6, 7, 9, 10, 12, 13]",0.0
C42H28S6,"{'C': 42, 'H': 28, 'S': 6}",724.05152794884,negative,-1,PPS,Polyphenylene Sulfide,adduct,break 2 bond(s) + 6×repeat | H shift +1 | -H,2,1,-H,,"[1, 2, 3, 4, 6, 7, 9, 10, 12, 13]",0.0
C42H28S6,"{'C': 42, 'H': 28, 'S': 6}",724.05152794884,neutral,0,PPS,Polyphenylene Sulfide,neutral_loss,break 2 bond(s) + 6×repeat | H shift +2 | -H2,2,2,,H2,"[1, 2, 3, 4, 6, 7, 9, 10, 12, 13]",0.0
C42H28S7,"{'C': 42, 'S': 7, 'H': 28}",756.0235991232399,neutral,0,PPS,Polyphenylene Sulfide,neutral_loss,break 1 bond(s) + 6×repeat | H shift +1 | -H2 | ; | break 1 bond(s) + 6×repeat | H shift +1 | -H2,1,1,,H2,"[1, 2, 3, 4, 5, 6, 7, 9, 10, 11, 12, 13]",0.0
C42H29ClS6,"{'C': 42, 'H': 29, 'S': 6, 'Cl': 1}",760.02820566307,negative,-1,PPS,Polyphenylene Sulfide,adduct,break 2 bond(s) + 6×repeat | H shift +1 | Cl,2,1,Cl,,"[1, 2, 3, 4, 6, 7, 9, 10, 12, 13]",0.0
C42H29ClS7,"{'C': 42, 'S': 7, 'H': 29, 'Cl': 1}",792.00027683747,negative,-1,PPS,Polyphenylene Sulfide,adduct,break 1 bond(s) + 6×repeat | Cl | ; | break 1 bond(s) + 6×repeat | Cl,1,0,Cl,,"[1, 2, 3, 4, 5, 6, 7, 9, 10, 11, 12, 13]",0.0
C42H29KS6,"{'C': 42, 'H': 29, 'S': 6, 'K': 1}",764.02305946747,positive,1,PPS,Polyphenylene Sulfide,adduct,break 2 bond(s) + 6×repeat | H shift +1 | K,2,1,K,,"[1, 2, 3, 4, 6, 7, 9, 10, 12, 13]",0.0
C42H29KS7,"{'C': 42, 'S': 7, 'H': 29, 'K': 1}",795.99513064187,positive,1,PPS,Polyphenylene Sulfide,adduct,break 1 bond(s) + 6×repeat | K | ; | break 1 bond(s) + 6×repeat | K,1,0,K,,"[1, 2, 3, 4, 5, 6, 7, 9, 10, 11, 12, 13]",0.0
C42H29NaS6,"{'C': 42, 'H': 29, 'S': 6, 'Na': 1}",748.04912226307,positive,1,PPS,Polyphenylene Sulfide,adduct,break 2 bond(s) + 6×repeat | H shift +1 | Na,2,1,Na,,"[1, 2, 3, 4, 6, 7, 9, 10, 12, 13]",0.0
C42H29NaS7,"{'C': 42, 'S': 7, 'H': 29, 'Na': 1}",780.02119343747,positive,1,PPS,Polyphenylene Sulfide,adduct,break 1 bond(s) + 6×repeat | Na | ; | break 1 bond(s) + 6×repeat | Na,1,0,Na,,"[1, 2, 3, 4, 5, 6, 7, 9, 10, 11, 12, 13]",0.0
C42H29OS6,"{'C': 42, 'H': 29, 'S': 6, 'O': 1}",741.05426760064,negative,-1,PPS,Polyphenylene Sulfide,adduct,break 2 bond(s) + 6×repeat | OH | ; | break 2 bond(s) + 6×repeat | H shift +1 | O,2,0,OH,,"[1, 2, 3, 4, 6, 7, 9, 10, 12, 13]",0.0
C42H29OS7,"{'C': 42, 'S': 7, 'H': 29, 'O': 1}",773.02633877504,negative,-1,PPS,Polyphenylene Sulfide,adduct,break 1 bond(s) + 6×repeat | H shift -1 | OH | ; | break 1 bond(s) + 6×repeat | O | ; | break 1 bond(s) + 6×repeat | H shift -1 | OH,1,-1,OH,,"[1, 2, 3, 4, 5, 6, 7, 9, 10, 11, 12, 13]",0.0
C42H29S6,"{'C': 42, 'H': 29, 'S': 6}",725.05935298107,positive,1,PPS,Polyphenylene Sulfide,adduct,break 2 bond(s) + 6×repeat | H,2,0,H,,"[1, 2, 3, 4, 6, 7, 9, 10, 12, 13]",0.0
C42H29S6,"{'C': 42, 'H': 29, 'S': 6}",725.05935298107,neutral,0,PPS,Polyphenylene Sulfide,h_shift,break 2 bond(s) + 6×repeat | H shift +1,2,1,,,"[1, 2, 3, 4, 6, 7, 9, 10, 12, 13]",0.0
C42H29S6,"{'C': 42, 'H': 29, 'S': 6}",725.05935298107,negative,-1,PPS,Polyphenylene Sulfide,adduct,break 2 bond(s) + 6×repeat | H shift +2 | -H,2,2,-H,,"[1, 2, 3, 4, 6, 7, 9, 10, 12, 13]",0.0
C42H29S7,"{'C': 42, 'S': 7, 'H': 29}",757.03142415547,neutral,0,PPS,Polyphenylene Sulfide,neutral_loss,break 1 bond(s) + 6×repeat | H shift +2 | -H2 | ; | break 1 bond(s) + 6×repeat | H shift +2 | -H2,1,2,,H2,"[1, 2, 3, 4, 5, 6, 7, 9, 10, 11, 12, 13]",0.0
C42H30ClS6,"{'C': 42, 'H': 30, 'S': 6, 'Cl': 1}",761.0360306953,negative,-1,PPS,Polyphenylene Sulfide,adduct,break 2 bond(s) + 6×repeat | H shift +2 | Cl,2,2,Cl,,"[1, 2, 3, 4, 6, 7, 9, 10, 12, 13]",0.0
C42H30ClS7,"{'C': 42, 'S': 7, 'H': 30, 'Cl': 1}",793.0081018697,negative,-1,PPS,Polyphenylene Sulfide,adduct,break 1 bond(s) + 6×repeat | H shift +1 | Cl | ; | break 1 bond(s) + 6×repeat | H shift +1 | Cl,1,1,Cl,,"[1, 2, 3, 4, 5, 6, 7, 9, 10, 11, 12, 13]",0.0
C42H30KS6,"{'C': 42, 'H': 30, 'S': 6, 'K': 1}",765.0308844997,positive,1,PPS,Polyphenylene Sulfide,adduct,break 2 bond(s) + 6×repeat | H shift +2 | K,2,2,K,,"[1, 2, 3, 4, 6, 7, 9, 10, 12, 13]",0.0
C42H30KS7,"{'C': 42, 'S': 7, 'H': 30, 'K': 1}",797.0029556741,positive,1,PPS,Polyphenylene Sulfide,adduct,break 1 bond(s) + 6×repeat | H shift +1 | K | ; | break 1 bond(s) + 6×repeat | H shift +1 | K,1,1,K,,"[1, 2, 3, 4, 5, 6, 7, 9, 10, 11, 12, 13]",0.0
C42H30NaS6,"{'C': 42, 'H': 30, 'S': 6, 'Na': 1}",749.0569472953,positive,1,PPS,Polyphenylene Sulfide,adduct,break 2 bond(s) + 6×repeat | H shift +2 | Na,2,2,Na,,"[1, 2, 3, 4, 6, 7, 9, 10, 12, 13]",0.0
C42H30NaS7,"{'C': 42, 'S': 7, 'H': 30, 'Na': 1}",781.0290184697,positive,1,PPS,Polyphenylene Sulfide,adduct,break 1 bond(s) + 6×repeat | H shift +1 | Na | ; | break 1 bond(s) + 6×repeat | H shift +1 | Na,1,1,Na,,"[1, 2, 3, 4, 5, 6, 7, 9, 10, 11, 12, 13]",0.0
C42H30OS6,"{'C': 42, 'H': 30, 'S': 6, 'O': 1}",742.06209263287,negative,-1,PPS,Polyphenylene Sulfide,adduct,break 2 bond(s) + 6×repeat | H shift +1 | OH | ; | break 2 bond(s) + 6×repeat | H shift +2 | O,2,1,OH,,"[1, 2, 3, 4, 6, 7, 9, 10, 12, 13]",0.0
C42H30OS7,"{'C': 42, 'S': 7, 'H': 30, 'O': 1}",774.03416380727,negative,-1,PPS,Polyphenylene Sulfide,adduct,break 1 bond(s) + 6×repeat | OH | ; | break 1 bond(s) + 6×repeat | H shift +1 | O | ; | break 1 bond(s) + 6×repeat | OH,1,0,OH,,"[1, 2, 3, 4, 5, 6, 7, 9, 10, 11, 12, 13]",0.0
C42H30S6,"{'C': 42, 'H': 30, 'S': 6}",726.0671780133,positive,1,PPS,Polyphenylene Sulfide,adduct,break 2 bond(s) + 6×repeat | H shift +1 | H,2,1,H,,"[1, 2, 3, 4, 6, 7, 9, 10, 12, 13]",0.0
C42H30S6,"{'C': 42, 'H': 30, 'S': 6}",726.0671780133,neutral,0,PPS,Polyphenylene Sulfide,h_shift,break 2 bond(s) + 6×repeat | H shift +2,2,2,,,"[1, 2, 3, 4, 6, 7, 9, 10, 12, 13]",0.0
C42H31ClS7,"{'C': 42, 'S': 7, 'H': 31, 'Cl': 1}",794.01592690193,negative,-1,PPS,Polyphenylene Sulfide,adduct,break 1 bond(s) + 6×repeat | H shift +2 | Cl | ; | break 1 bond(s) + 6×repeat | H shift +2 | Cl,1,2,Cl,,"[1, 2, 3, 4, 5, 6, 7, 9, 10, 11, 12, 13]",0.0
C42H31KS7,"{'C': 42, 'S': 7, 'H': 31, 'K': 1}",798.01078070633,positive,1,PPS,Polyphenylene Sulfide,adduct,break 1 bond(s) + 6×repeat | H shift +2 | K | ; | break 1 bond(s) + 6×repeat | H shift +2 | K,1,2,K,,"[1, 2, 3, 4, 5, 6, 7, 9, 10, 11, 12, 13]",0.0
C42H31NaS7,"{'C': 42, 'S': 7, 'H': 31, 'Na': 1}",782.03684350193,positive,1,PPS,Polyphenylene Sulfide,adduct,break 1 bond(s) + 6×repeat | H shift +2 | Na | ; | break 1 bond(s) + 6×repeat | H shift +2 | Na,1,2,Na,,"[1, 2, 3, 4, 5, 6, 7, 9, 10, 11, 12, 13]",0.0
C42H31OS6,"{'C': 42, 'H': 31, 'S': 6, 'O': 1}",743.0699176651,negative,-1,PPS,Polyphenylene Sulfide,adduct,break 2 bond(s) + 6×repeat | H shift +2 | OH,2,2,OH,,"[1, 2, 3, 4, 6, 7, 9, 10, 12, 13]",0.0
C42H31OS7,"{'C': 42, 'S': 7, 'H': 31, 'O': 1}",775.0419888394999,negative,-1,PPS,Polyphenylene Sulfide,adduct,break 1 bond(s) + 6×repeat | H shift +1 | OH | ; | break 1 bond(s) + 6×repeat | H shift +2 | O | ; | break 1 bond(s) + 6×repeat | H shift +1 | OH,1,1,OH,,"[1, 2, 3, 4, 5, 6, 7, 9, 10, 11, 12, 13]",0.0
C42H31S6,"{'C': 42, 'H': 31, 'S': 6}",727.07500304553,positive,1,PPS,Polyphenylene Sulfide,adduct,break 2 bond(s) + 6×repeat | H shift +2 | H,2,2,H,,"[1, 2, 3, 4, 6, 7, 9, 10, 12, 13]",0.0
C42H32OS7,"{'C': 42, 'S': 7, 'H': 32, 'O': 1}",776.04981387173,negative,-1,PPS,Polyphenylene Sulfide,adduct,break 1 bond(s) + 6×repeat | H shift +2 | OH | ; | break 1 bond(s) + 6×repeat | H shift +2 | OH,1,2,OH,,"[1, 2, 3, 4, 5, 6, 7, 9, 10, 11, 12, 13]",0.0
C47H27S7,"{'C': 47, 'H': 27, 'S': 7}",815.01577409101,neutral,0,PPS,Polyphenylene Sulfide,neutral_loss,break 2 bond(s) + 7×repeat | H shift -2 | -CH3,2,-2,,CH3,"[1, 2, 3, 4, 6, 7, 9, 10, 12, 13]",0.0
C47H28S7,"{'C': 47, 'H': 28, 'S': 7}",816.0235991232399,neutral,0,PPS,Polyphenylene Sulfide,neutral_loss,break 2 bond(s) + 7×repeat | H shift -1 | -CH3,2,-1,,CH3,"[1, 2, 3, 4, 6, 7, 9, 10, 12, 13]",0.0
C47H28S8,"{'C': 47, 'S': 8, 'H': 28}",847.99567029764,neutral,0,PPS,Polyphenylene Sulfide,neutral_loss,break 1 bond(s) + 7×repeat | H shift -2 | -CH3 | ; | break 1 bond(s) + 7×repeat | H shift -2 | -CH3,1,-2,,CH3,"[1, 2, 3, 4, 5, 6, 7, 9, 10, 11, 12, 13]",0.0
C47H29S7,"{'C': 47, 'H': 29, 'S': 7}",817.03142415547,neutral,0,PPS,Polyphenylene Sulfide,neutral_loss,break 2 bond(s) + 7×repeat | -CH3,2,0,,CH3,"[1, 2, 3, 4, 6, 7, 9, 10, 12, 13]",0.0
C47H29S8,"{'C': 47, 'S': 8, 'H': 29}",849.00349532987,neutral,0,PPS,Polyphenylene Sulfide,neutral_loss,break 1 bond(s) + 7×repeat | H shift -1 | -CH3 | ; | break 1 bond(s) + 7×repeat | H shift -1 | -CH3,1,-1,,CH3,"[1, 2, 3, 4, 5, 6, 7, 9, 10, 11, 12, 13]",0.0
C47H29S9,"{'C': 47, 'H': 29, 'S': 9}",880.97556650427,neutral,0,PPS,Polyphenylene Sulfide,neutral_loss,M + 7×repeat | H shift -2 | -CH3,0,-2,,CH3,,0.0
C47H30S7,"{'C': 47, 'H': 30, 'S': 7}",818.0392491877,neutral,0,PPS,Polyphenylene Sulfide,neutral_loss,break 2 bond(s) + 7×repeat | H shift +1 | -CH3,2,1,,CH3,"[1, 2, 3, 4, 6, 7, 9, 10, 12, 13]",0.0
C47H30S8,"{'C': 47, 'S': 8, 'H': 30}",850.0113203621,neutral,0,PPS,Polyphenylene Sulfide,neutral_loss,break 1 bond(s) + 7×repeat | -CH3 | ; | break 1 bond(s) + 7×repeat | -CH3,1,0,,CH3,"[1, 2, 3, 4, 5, 6, 7, 9, 10, 11, 12, 13]",0.0
C47H31S7,"{'C': 47, 'H': 31, 'S': 7}",819.04707421993,neutral,0,PPS,Polyphenylene Sulfide,neutral_loss,break 2 bond(s) + 7×repeat | H shift +2 | -CH3,2,2,,CH3,"[1, 2, 3, 4, 6, 7, 9, 10, 12, 13]",0.0
C47H31S8,"{'C': 47, 'S': 8, 'H': 31}",851.01914539433,neutral,0,PPS,Polyphenylene Sulfide,neutral_loss,break 1 bond(s) + 7×repeat | H shift +1 | -CH3 | ; | break 1 bond(s) + 7×repeat | H shift +1 | -CH3,1,1,,CH3,"[1, 2, 3, 4, 5, 6, 7, 9, 10, 11, 12, 13]",0.0
C47H32S8,"{'C': 47, 'S': 8, 'H': 32}",852.02697042656,neutral,0,PPS,Polyphenylene Sulfide,neutral_loss,break 1 bond(s) + 7×repeat | H shift +2 | -CH3 | ; | break 1 bond(s) + 7×repeat | H shift +2 | -CH3,1,2,,CH3,"[1, 2, 3, 4, 5, 6, 7, 9, 10, 11, 12, 13]",0.0
C47H33S9,"{'C': 47, 'H': 33, 'S': 9}",885.00686663319,neutral,0,PPS,Polyphenylene Sulfide,neutral_loss,M + 7×repeat | H shift +2 | -CH3,0,2,,CH3,,0.0
C48H28S7,"{'C': 48, 'H': 28, 'S': 7}",828.0235991232399,neutral,0,PPS,Polyphenylene Sulfide,neutral_loss,break 2 bond(s) + 7×repeat | H shift -2 | -H2,2,-2,,H2,"[1, 2, 3, 4, 6, 7, 9, 10, 12, 13]",0.0
C48H29S7,"{'C': 48, 'H': 29, 'S': 7}",829.03142415547,negative,-1,PPS,Polyphenylene Sulfide,adduct,break 2 bond(s) + 7×repeat | H shift -2 | -H,2,-2,-H,,"[1, 2, 3, 4, 6, 7, 9, 10, 12, 13]",0.0
C48H29S7,"{'C': 48, 'H': 29, 'S': 7}",829.03142415547,neutral,0,PPS,Polyphenylene Sulfide,neutral_loss,break 2 bond(s) + 7×repeat | H shift -1 | -H2,2,-1,,H2,"[1, 2, 3, 4, 6, 7, 9, 10, 12, 13]",0.0
C48H29S8,"{'C': 48, 'S': 8, 'H': 29}",861.00349532987,neutral,0,PPS,Polyphenylene Sulfide,neutral_loss,break 1 bond(s) + 7×repeat | H shift -2 | -H2 | ; | break 1 bond(s) + 7×repeat | H shift -2 | -H2,1,-2,,H2,"[1, 2, 3, 4, 5, 6, 7, 9, 10, 11, 12, 13]",0.0
C48H30ClS7,"{'C': 48, 'H': 30, 'S': 7, 'Cl': 1}",865.0081018697,negative,-1,PPS,Polyphenylene Sulfide,adduct,break 2 bond(s) + 7×repeat | H shift -2 | Cl,2,-2,Cl,,"[1, 2, 3, 4, 6, 7, 9, 10, 12, 13]",0.0
C48H30KS7,"{'C': 48, 'H': 30, 'S': 7, 'K': 1}",869.0029556741,positive,1,PPS,Polyphenylene Sulfide,adduct,break 2 bond(s) + 7×repeat | H shift -2 | K,2,-2,K,,"[1, 2, 3, 4, 6, 7, 9, 10, 12, 13]",0.0
C48H30NaS7,"{'C': 48, 'H': 30, 'S': 7, 'Na': 1}",853.0290184697,positive,1,PPS,Polyphenylene Sulfide,adduct,break 2 bond(s) + 7×repeat | H shift -2 | Na,2,-2,Na,,"[1, 2, 3, 4, 6, 7, 9, 10, 12, 13]",0.0
C48H30OS7,"{'C': 48, 'H': 30, 'S': 7, 'O': 1}",846.03416380727,negative,-1,PPS,Polyphenylene Sulfide,adduct,break 2 bond(s) + 7×repeat | H shift -2 | O,2,-2,O,,"[1, 2, 3, 4, 6, 7, 9, 10, 12, 13]",0.0
C48H30S7,"{'C': 48, 'H': 30, 'S': 7}",830.0392491877,neutral,0,PPS,Polyphenylene Sulfide,h_shift,break 2 bond(s) + 7×repeat | H shift -2,2,-2,,,"[1, 2, 3, 4, 6, 7, 9, 10, 12, 13]",0.0
C48H30S7,"{'C': 48, 'H': 30, 'S': 7}",830.0392491877,negative,-1,PPS,Polyphenylene Sulfide,adduct,break 2 bond(s) + 7×repeat | H shift -1 | -H,2,-1,-H,,"[1, 2, 3, 4, 6, 7, 9, 10, 12, 13]",0.0
C48H30S7,"{'C': 48, 'H': 30, 'S': 7}",830.0392491877,neutral,0,PPS,Polyphenylene Sulfide,neutral_loss,break 2 bond(s) + 7×repeat | -H2,2,0,,H2,"[1, 2, 3, 4, 6, 7, 9, 10, 12, 13]",0.0
C48H30S8,"{'C': 48, 'S': 8, 'H': 30}",862.0113203621,negative,-1,PPS,Polyphenylene Sulfide,adduct,break 1 bond(s) + 7×repeat | H shift -2 | -H | ; | break 1 bond(s) + 7×repeat | H shift -2 | -H,1,-2,-H,,"[1, 2, 3, 4, 5, 6, 7, 9, 10, 11, 12, 13]",0.0
C48H30S8,"{'C': 48, 'S': 8, 'H': 30}",862.0113203621,neutral,0,PPS,Polyphenylene Sulfide,neutral_loss,break 1 bond(s) + 7×repeat | H shift -1 | -H2 | ; | break 1 bond(s) + 7×repeat | H shift -1 | -H2,1,-1,,H2,"[1, 2, 3, 4, 5, 6, 7, 9, 10, 11, 12, 13]",0.0
C48H30S9,"{'C': 48, 'H': 30, 'S': 9}",893.9833915365,neutral,0,PPS,Polyphenylene Sulfide,neutral_loss,M + 7×repeat | H shift -2 | -H2,0,-2,,H2,,0.0
C48H31ClS7,"{'C': 48, 'H': 31, 'S': 7, 'Cl': 1}",866.01592690193,negative,-1,PPS,Polyphenylene Sulfide,adduct,break 2 bond(s) + 7×repeat | H shift -1 | Cl,2,-1,Cl,,"[1, 2, 3, 4, 6, 7, 9, 10, 12, 13]",0.0
C48H31ClS8,"{'C': 48, 'S': 8, 'H': 31, 'Cl': 1}",897.98799807633,negative,-1,PPS,Polyphenylene Sulfide,adduct,break 1 bond(s) + 7×repeat | H shift -2 | Cl | ; | break 1 bond(s) + 7×repeat | H shift -2 | Cl,1,-2,Cl,,"[1, 2, 3, 4, 5, 6, 7, 9, 10, 11, 12, 13]",0.0
C48H31KS7,"{'C': 48, 'H': 31, 'S': 7, 'K': 1}",870.01078070633,positive,1,PPS,Polyphenylene Sulfide,adduct,break 2 bond(s) + 7×repeat | H shift -1 | K,2,-1,K,,"[1, 2, 3, 4, 6, 7, 9, 10, 12, 13]",0.0
C48H31KS8,"{'C': 48, 'S': 8, 'H': 31, 'K': 1}",901.98285188073,positive,1,PPS,Polyphenylene Sulfide,adduct,break 1 bond(s) + 7×repeat | H shift -2 | K | ; | break 1 bond(s) + 7×repeat | H shift -2 | K,1,-2,K,,"[1, 2, 3, 4, 5, 6, 7, 9, 10, 11, 12, 13]",0.0
C48H31NaS7,"{'C': 48, 'H': 31, 'S': 7, 'Na': 1}",854.03684350193,positive,1,PPS,Polyphenylene Sulfide,adduct,break 2 bond(s) + 7×repeat | H shift -1 | Na,2,-1,Na,,"[1, 2, 3, 4, 6, 7, 9, 10, 12, 13]",0.0
C48H31NaS8,"{'C': 48, 'S': 8, 'H': 31, 'Na': 1}",886.00891467633,positive,1,PPS,Polyphenylene Sulfide,adduct,break 1 bond(s) + 7×repeat | H shift -2 | Na | ; | break 1 bond(s) + 7×repeat | H shift -2 | Na,1,-2,Na,,"[1, 2, 3, 4, 5, 6, 7, 9, 10, 11, 12, 13]",0.0
C48H31OS7,"{'C': 48, 'H': 31, 'S': 7, 'O': 1}",847.0419888394999,negative,-1,PPS,Polyphenylene Sulfide,adduct,break 2 bond(s) + 7×repeat | H shift -2 | OH | ; | break 2 bond(s) + 7×repeat | H shift -1 | O,2,-2,OH,,"[1, 2, 3, 4, 6, 7, 9, 10, 12, 13]",0.0
C48H31OS8,"{'C': 48, 'S': 8, 'H': 31, 'O': 1}",879.0140600139,negative,-1,PPS,Polyphenylene Sulfide,adduct,break 1 bond(s) + 7×repeat | H shift -2 | O | ; | break 1 bond(s) + 7×repeat | H shift -2 | O,1,-2,O,,"[1, 2, 3, 4, 5, 6, 7, 9, 10, 11, 12, 13]",0.0
C48H31S7,"{'C': 48, 'H': 31, 'S': 7}",831.04707421993,positive,1,PPS,Polyphenylene Sulfide,adduct,break 2 bond(s) + 7×repeat | H shift -2 | H,2,-2,H,,"[1, 2, 3, 4, 6, 7, 9, 10, 12, 13]",0.0
C48H31S7,"{'C': 48, 'H': 31, 'S': 7}",831.04707421993,neutral,0,PPS,Polyphenylene Sulfide,h_shift,break 2 bond(s) + 7×repeat | H shift -1,2,-1,,,"[1, 2, 3, 4, 6, 7, 9, 10, 12, 13]",0.0
C48H31S7,"{'C': 48, 'H': 31, 'S': 7}",831.04707421993,negative,-1,PPS,Polyphenylene Sulfide,adduct,break 2 bond(s) + 7×repeat | -H,2,0,-H,,"[1, 2, 3, 4, 6, 7, 9, 10, 12, 13]",0.0
C48H31S7,"{'C': 48, 'H': 31, 'S': 7}",831.04707421993,neutral,0,PPS,Polyphenylene Sulfide,neutral_loss,break 2 bond(s) + 7×repeat | H shift +1 | -H2,2,1,,H2,"[1, 2, 3, 4, 6, 7, 9, 10, 12, 13]",0.0
C48H31S8,"{'C': 48, 'S': 8, 'H': 31}",863.01914539433,neutral,0,PPS,Polyphenylene Sulfide,h_shift,break 1 bond(s) + 7×repeat | H shift -2 | ; | break 1 bond(s) + 7×repeat | H shift -2,1,-2,,,"[1, 2, 3, 4, 5, 6, 7, 9, 10, 11, 12, 13]",0.0
C48H31S8,"{'C': 48, 'S': 8, 'H': 31}",863.01914539433,negative,-1,PPS,Polyphenylene Sulfide,adduct,break 1 bond(s) + 7×repeat | H shift -1 | -H | ; | break 1 bond(s) + 7×repeat | H shift -1 | -H,1,-1,-H,,"[1, 2, 3, 4, 5, 6, 7, 9, 10, 11, 12, 13]",0.0
C48H31S8,"{'C': 48, 'S': 8, 'H': 31}",863.01914539433,neutral,0,PPS,Polyphenylene Sulfide,neutral_loss,break 1 bond(s) + 7×repeat | -H2 | ; | break 1 bond(s) + 7×repeat | -H2,1,0,,H2,"[1, 2, 3, 4, 5, 6, 7, 9, 10, 11, 12, 13]",0.0
C48H32ClS7,"{'C': 48, 'H': 32, 'S': 7, 'Cl': 1}",867.02375193416,negative,-1,PPS,Polyphenylene Sulfide,adduct,break 2 bond(s) + 7×repeat | Cl,2,0,Cl,,"[1, 2, 3, 4, 6, 7, 9, 10, 12, 13]",0.0
C48H32ClS8,"{'C': 48, 'S': 8, 'H': 32, 'Cl': 1}",898.99582310856,negative,-1,PPS,Polyphenylene Sulfide,adduct,break 1 bond(s) + 7×repeat | H shift -1 | Cl | ; | break 1 bond(s) + 7×repeat | H shift -1 | Cl,1,-1,Cl,,"[1, 2, 3, 4, 5, 6, 7, 9, 10, 11, 12, 13]",0.0
C48H32ClS9,"{'C': 48, 'H': 32, 'S': 9, 'Cl': 1}",930.9678942829601,negative,-1,PPS,Polyphenylene Sulfide,adduct,M + 7×repeat | H shift -2 | Cl,0,-2,Cl,,,0.0
C48H32KS7,"{'C': 48, 'H': 32, 'S': 7, 'K': 1}",871.0186057385599,positive,1,PPS,Polyphenylene Sulfide,adduct,break 2 bond(s) + 7×repeat | K,2,0,K,,"[1, 2, 3, 4, 6, 7, 9, 10, 12, 13]",0.0
C48H32KS8,"{'C': 48, 'S': 8, 'H': 32, 'K': 1}",902.99067691296,positive,1,PPS,Polyphenylene Sulfide,adduct,break 1 bond(s) + 7×repeat | H shift -1 | K | ; | break 1 bond(s) + 7×repeat | H shift -1 | K,1,-1,K,,"[1, 2, 3, 4, 5, 6, 7, 9, 10, 11, 12, 13]",0.0
C48H32KS9,"{'C': 48, 'H': 32, 'S': 9, 'K': 1}",934.9627480873601,positive,1,PPS,Polyphenylene Sulfide,adduct,M + 7×repeat | H shift -2 | K,0,-2,K,,,0.0
C48H32NaS7,"{'C': 48, 'H': 32, 'S': 7, 'Na': 1}",855.04466853416,positive,1,PPS,Polyphenylene Sulfide,adduct,break 2 bond(s) + 7×repeat | Na,2,0,Na,,"[1, 2, 3, 4, 6, 7, 9, 10, 12, 13]",0.0
C48H32NaS8,"{'C': 48, 'S': 8, 'H': 32, 'Na': 1}",887.01673970856,positive,1,PPS,Polyphenylene Sulfide,adduct,break 1 bond(s) + 7×repeat | H shift -1 | Na | ; | break 1 bond(s) + 7×repeat | H shift -1 | Na,1,-1,Na,,"[1, 2, 3, 4, 5, 6, 7, 9, 10, 11, 12, 13]",0.0
C48H32NaS9,"{'C': 48, 'H': 32, 'S': 9, 'Na': 1}",918.98881088296,positive,1,PPS,Polyphenylene Sulfide,adduct,M + 7×repeat | H shift -2 | Na,0,-2,Na,,,0.0
C48H32OS7,"{'C': 48, 'H': 32, 'S': 7, 'O': 1}",848.04981387173,negative,-1,PPS,Polyphenylene Sulfide,adduct,break 2 bond(s) + 7×repeat | H shift -1 | OH | ; | break 2 bond(s) + 7×repeat | O,2,-1,OH,,"[1, 2, 3, 4, 6, 7, 9, 10, 12, 13]",0.0
C48H32OS8,"{'C': 48, 'S': 8, 'H': 32, 'O': 1}",880.02188504613,negative,-1,PPS,Polyphenylene Sulfide,adduct,break 1 bond(s) + 7×repeat | H shift -2 | OH | ; | break 1 bond(s) + 7×repeat | H shift -1 | O | ; | break 1 bond(s) + 7×repeat | H shift -2 | OH,1,-2,OH,,"[1, 2, 3, 4, 5, 6, 7, 9, 10, 11, 12, 13]",0.0
C48H32OS9,"{'C': 48, 'H': 32, 'S': 9, 'O': 1}",911.99395622053,negative,-1,PPS,Polyphenylene Sulfide,adduct,M + 7×repeat | H shift -2 | O,0,-2,O,,,0.0
C48H32S7,"{'C': 48, 'H': 32, 'S': 7}",832.05489925216,positive,1,PPS,Polyphenylene Sulfide,adduct,break 2 bond(s) + 7×repeat | H shift -1 | H,2,-1,H,,"[1, 2, 3, 4, 6, 7, 9, 10, 12, 13]",0.0
C48H32S7,"{'C': 48, 'H': 32, 'S': 7}",832.05489925216,neutral,0,PPS,Polyphenylene Sulfide,fragment,break 2 bond(s) + 7×repeat,2,0,,,"[1, 2, 3, 4, 6, 7, 9, 10, 12, 13]",0.0
C48H32S7,"{'C': 48, 'H': 32, 'S': 7}",832.05489925216,negative,-1,PPS,Polyphenylene Sulfide,adduct,break 2 bond(s) + 7×repeat | H shift +1 | -H,2,1,-H,,"[1, 2, 3, 4, 6, 7, 9, 10, 12, 13]",0.0
C48H32S7,"{'C': 48, 'H': 32, 'S': 7}",832.05489925216,neutral,0,PPS,Polyphenylene Sulfide,neutral_loss,break 2 bond(s) + 7×repeat | H shift +2 | -H2,2,2,,H2,"[1, 2, 3, 4, 6, 7, 9, 10, 12, 13]",0.0
C48H32S8,"{'C': 48, 'S': 8, 'H': 32}",864.02697042656,positive,1,PPS,Polyphenylene Sulfide,adduct,break 1 bond(s) + 7×repeat | H shift -2 | H | ; | break 1 bond(s) + 7×repeat | H shift -2 | H,1,-2,H,,"[1, 2, 3, 4, 5, 6, 7, 9, 10, 11, 12, 13]",0.0
C48H32S8,"{'C': 48, 'S': 8, 'H': 32}",864.02697042656,neutral,0,PPS,Polyphenylene Sulfide,h_shift,break 1 bond(s) + 7×repeat | H shift -1 | ; | break 1 bond(s) + 7×repeat | H shift -1,1,-1,,,"[1, 2, 3, 4, 5, 6, 7, 9, 10, 11, 12, 13]",0.0
C48H32S8,"{'C': 48, 'S': 8, 'H': 32}",864.02697042656,neutral,0,PPS,Polyphenylene Sulfide,neutral_loss,break 1 bond(s) + 7×repeat | H shift +1 | -H2 | ; | break 1 bond(s) + 7×repeat | H shift +1 | -H2,1,1,,H2,"[1, 2, 3, 4, 5, 6, 7, 9, 10, 11, 12, 13]",0.0
C48H33ClS7,"{'C': 48, 'H': 33, 'S': 7, 'Cl': 1}",868.0315769663899,negative,-1,PPS,Polyphenylene Sulfide,adduct,break 2 bond(s) + 7×repeat | H shift +1 | Cl,2,1,Cl,,"[1, 2, 3, 4, 6, 7, 9, 10, 12, 13]",0.0
C48H33ClS8,"{'C': 48, 'S': 8, 'H': 33, 'Cl': 1}",900.00364814079,negative,-1,PPS,Polyphenylene Sulfide,adduct,break 1 bond(s) + 7×repeat | Cl | ; | break 1 bond(s) + 7×repeat | Cl,1,0,Cl,,"[1, 2, 3, 4, 5, 6, 7, 9, 10, 11, 12, 13]",0.0
C48H33KS7,"{'C': 48, 'H': 33, 'S': 7, 'K': 1}",872.02643077079,positive,1,PPS,Polyphenylene Sulfide,adduct,break 2 bond(s) + 7×repeat | H shift +1 | K,2,1,K,,"[1, 2, 3, 4, 6, 7, 9, 10, 12, 13]",0.0
C48H33KS8,"{'C': 48, 'S': 8, 'H': 33, 'K': 1}",903.99850194519,positive,1,PPS,Polyphenylene Sulfide,adduct,break 1 bond(s) + 7×repeat | K | ; | break 1 bond(s) + 7×repeat | K,1,0,K,,"[1, 2, 3, 4, 5, 6, 7, 9, 10, 11, 12, 13]",0.0
C48H33NaS7,"{'C': 48, 'H': 33, 'S': 7, 'Na': 1}",856.05249356639,positive,1,PPS,Polyphenylene Sulfide,adduct,break 2 bond(s) + 7×repeat | H shift +1 | Na,2,1,Na,,"[1, 2, 3, 4, 6, 7, 9, 10, 12, 13]",0.0
C48H33NaS8,"{'C': 48, 'S': 8, 'H': 33, 'Na': 1}",888.02456474079,positive,1,PPS,Polyphenylene Sulfide,adduct,break 1 bond(s) + 7×repeat | Na | ; | break 1 bond(s) + 7×repeat | Na,1,0,Na,,"[1, 2, 3, 4, 5, 6, 7, 9, 10, 11, 12, 13]",0.0
C48H33OS7,"{'C': 48, 'H': 33, 'S': 7, 'O': 1}",849.05763890396,negative,-1,PPS,Polyphenylene Sulfide,adduct,break 2 bond(s) + 7×repeat | OH | ; | break 2 bond(s) + 7×repeat | H shift +1 | O,2,0,OH,,"[1, 2, 3, 4, 6, 7, 9, 10, 12, 13]",0.0
C48H33OS8,"{'C': 48, 'S': 8, 'H': 33, 'O': 1}",881.02971007836,negative,-1,PPS,Polyphenylene Sulfide,adduct,break 1 bond(s) + 7×repeat | H shift -1 | OH | ; | break 1 bond(s) + 7×repeat | O | ; | break 1 bond(s) + 7×repeat | H shift -1 | OH,1,-1,OH,,"[1, 2, 3, 4, 5, 6, 7, 9, 10, 11, 12, 13]",0.0
C48H33S7,"{'C': 48, 'H': 33, 'S': 7}",833.06272428439,positive,1,PPS,Polyphenylene Sulfide,adduct,break 2 bond(s) + 7×repeat | H,2,0,H,,"[1, 2, 3, 4, 6, 7, 9, 10, 12, 13]",0.0
C48H33S7,"{'C': 48, 'H': 33, 'S': 7}",833.06272428439,neutral,0,PPS,Polyphenylene Sulfide,h_shift,break 2 bond(s) + 7×repeat | H shift +1,2,1,,,"[1, 2, 3, 4, 6, 7, 9, 10, 12, 13]",0.0
C48H33S7,"{'C': 48, 'H': 33, 'S': 7}",833.06272428439,negative,-1,PPS,Polyphenylene Sulfide,adduct,break 2 bond(s) + 7×repeat | H shift +2 | -H,2,2,-H,,"[1, 2, 3, 4, 6, 7, 9, 10, 12, 13]",0.0
C48H33S8,"{'C': 48, 'S': 8, 'H': 33}",865.03479545879,positive,1,PPS,Polyphenylene Sulfide,adduct,break 1 bond(s) + 7×repeat | H shift -1 | H | ; | break 1 bond(s) + 7×repeat | H shift -1 | H,1,-1,H,,"[1, 2, 3, 4, 5, 6, 7, 9, 10, 11, 12, 13]",0.0
C48H33S8,"{'C': 48, 'S': 8, 'H': 33}",865.03479545879,negative,-1,PPS,Polyphenylene Sulfide,adduct,break 1 bond(s) + 7×repeat | H shift +1 | -H | ; | break 1 bond(s) + 7×repeat | H shift +1 | -H,1,1,-H,,"[1, 2, 3, 4, 5, 6, 7, 9, 10, 11, 12, 13]",0.0
C48H33S8,"{'C': 48, 'S': 8, 'H': 33}",865.03479545879,neutral,0,PPS,Polyphenylene Sulfide,neutral_loss,break 1 bond(s) + 7×repeat | H shift +2 | -H2 | ; | break 1 bond(s) + 7×repeat | H shift +2 | -H2,1,2,,H2,"[1, 2, 3, 4, 5, 6, 7, 9, 10, 11, 12, 13]",0.0
C48H34ClS7,"{'C': 48, 'H': 34, 'S': 7, 'Cl': 1}",869.03940199862,negative,-1,PPS,Polyphenylene Sulfide,adduct,break 2 bond(s) + 7×repeat | H shift +2 | Cl,2,2,Cl,,"[1, 2, 3, 4, 6, 7, 9, 10, 12, 13]",0.0
C48H34ClS8,"{'C': 48, 'S': 8, 'H': 34, 'Cl': 1}",901.01147317302,negative,-1,PPS,Polyphenylene Sulfide,adduct,break 1 bond(s) + 7×repeat | H shift +1 | Cl | ; | break 1 bond(s) + 7×repeat | H shift +1 | Cl,1,1,Cl,,"[1, 2, 3, 4, 5, 6, 7, 9, 10, 11, 12, 13]",0.0
C48H34KS7,"{'C': 48, 'H': 34, 'S': 7, 'K': 1}",873.03425580302,positive,1,PPS,Polyphenylene Sulfide,adduct,break 2 bond(s) + 7×repeat | H shift +2 | K,2,2,K,,"[1, 2, 3, 4, 6, 7, 9, 10, 12, 13]",0.0
C48H34KS8,"{'C': 48, 'S': 8, 'H': 34, 'K': 1}",905.00632697742,positive,1,PPS,Polyphenylene Sulfide,adduct,break 1 bond(s) + 7×repeat | H shift +1 | K | ; | break 1 bond(s) + 7×repeat | H shift +1 | K,1,1,K,,"[1, 2, 3, 4, 5, 6, 7, 9, 10, 11, 12, 13]",0.0
C48H34NaS7,"{'C': 48, 'H': 34, 'S': 7, 'Na': 1}",857.06031859862,positive,1,PPS,Polyphenylene Sulfide,adduct,break 2 bond(s) + 7×repeat | H shift +2 | Na,2,2,Na,,"[1, 2, 3, 4, 6, 7, 9, 10, 12, 13]",0.0
C48H34NaS8,"{'C': 48, 'S': 8, 'H': 34, 'Na': 1}",889.03238977302,positive,1,PPS,Polyphenylene Sulfide,adduct,break 1 bond(s) + 7×repeat | H shift +1 | Na | ; | break 1 bond(s) + 7×repeat | H shift +1 | Na,1,1,Na,,"[1, 2, 3, 4, 5, 6, 7, 9, 10, 11, 12, 13]",0.0
C48H34OS7,"{'C': 48, 'H': 34, 'S': 7, 'O': 1}",850.06546393619,negative,-1,PPS,Polyphenylene Sulfide,adduct,break 2 bond(s) + 7×repeat | H shift +1 | OH | ; | break 2 bond(s) + 7×repeat | H shift +2 | O,2,1,OH,,"[1, 2, 3, 4, 6, 7, 9, 10, 12, 13]",0.0
C48H34OS8,"{'C': 48, 'S': 8, 'H': 34, 'O': 1}",882.0375351105899,negative,-1,PPS,Polyphenylene Sulfide,adduct,break 1 bond(s) + 7×repeat | OH | ; | break 1 bond(s) + 7×repeat | H shift +1 | O | ; | break 1 bond(s) + 7×repeat | OH,1,0,OH,,"[1, 2, 3, 4, 5, 6, 7, 9, 10, 11, 12, 13]",0.0
C48H34S7,"{'C': 48, 'H': 34, 'S': 7}",834.07054931662,positive,1,PPS,Polyphenylene Sulfide,adduct,break 2 bond(s) + 7×repeat | H shift +1 | H,2,1,H,,"[1, 2, 3, 4, 6, 7, 9, 10, 12, 13]",0.0
C48H34S7,"{'C': 48, 'H': 34, 'S': 7}",834.07054931662,neutral,0,PPS,Polyphenylene Sulfide,h_shift,break 2 bond(s) + 7×repeat | H shift +2,2,2,,,"[1, 2, 3, 4, 6, 7, 9, 10, 12, 13]",0.0
C48H34S8,"{'C': 48, 'S': 8, 'H': 34}",866.04262049102,neutral,0,PPS,Polyphenylene Sulfide,h_shift,break 1 bond(s) + 7×repeat | H shift +1 | ; | break 1 bond(s) + 7×repeat | H shift +1,1,1,,,"[1, 2, 3, 4, 5, 6, 7, 9, 10, 11, 12, 13]",0.0
C48H34S8,"{'C': 48, 'S': 8, 'H': 34}",866.04262049102,negative,-1,PPS,Polyphenylene Sulfide,adduct,break 1 bond(s) + 7×repeat | H shift +2 | -H | ; | break 1 bond(s) + 7×repeat | H shift +2 | -H,1,2,-H,,"[1, 2, 3, 4, 5, 6, 7, 9, 10, 11, 12, 13]",0.0
C48H34S9,"{'C': 48, 'H': 34, 'S': 9}",898.0146916654201,neutral,0,PPS,Polyphenylene Sulfide,neutral_loss,M + 7×repeat | H shift +2 | -H2,0,2,,H2,,0.0
C48H35ClS8,"{'C': 48, 'S': 8, 'H': 35, 'Cl': 1}",902.01929820525,negative,-1,PPS,Polyphenylene Sulfide,adduct,break 1 bond(s) + 7×repeat | H shift +2 | Cl | ; | break 1 bond(s) + 7×repeat | H shift +2 | Cl,1,2,Cl,,"[1, 2, 3, 4, 5, 6, 7, 9, 10, 11, 12, 13]",0.0
C48H35KS8,"{'C': 48, 'S': 8, 'H': 35, 'K': 1}",906.01415200965,positive,1,PPS,Polyphenylene Sulfide,adduct,break 1 bond(s) + 7×repeat | H shift +2 | K | ; | break 1 bond(s) + 7×repeat | H shift +2 | K,1,2,K,,"[1, 2, 3, 4, 5, 6, 7, 9, 10, 11, 12, 13]",0.0
C48H35NaS8,"{'C': 48, 'S': 8, 'H': 35, 'Na': 1}",890.04021480525,positive,1,PPS,Polyphenylene Sulfide,adduct,break 1 bond(s) + 7×repeat | H shift +2 | Na | ; | break 1 bond(s) + 7×repeat | H shift +2 | Na,1,2,Na,,"[1, 2, 3, 4, 5, 6, 7, 9, 10, 11, 12, 13]",0.0
C48H35OS7,"{'C': 48, 'H': 35, 'S': 7, 'O': 1}",851.07328896842,negative,-1,PPS,Polyphenylene Sulfide,adduct,break 2 bond(s) + 7×repeat | H shift +2 | OH,2,2,OH,,"[1, 2, 3, 4, 6, 7, 9, 10, 12, 13]",0.0
C48H35OS8,"{'C': 48, 'S': 8, 'H': 35, 'O': 1}",883.04536014282,negative,-1,PPS,Polyphenylene Sulfide,adduct,break 1 bond(s) + 7×repeat | H shift +1 | OH | ; | break 1 bond(s) + 7×repeat | H shift +2 | O | ; | break 1 bond(s) + 7×repeat | H shift +1 | OH,1,1,OH,,"[1, 2, 3, 4, 5, 6, 7, 9, 10, 11, 12, 13]",0.0
C48H35S7,"{'C': 48, 'H': 35, 'S': 7}",835.0783743488499,positive,1,PPS,Polyphenylene Sulfide,adduct,break 2 bond(s) + 7×repeat | H shift +2 | H,2,2,H,,"[1, 2, 3, 4, 6, 7, 9, 10, 12, 13]",0.0
C48H35S8,"{'C': 48, 'S': 8, 'H': 35}",867.05044552325,positive,1,PPS,Polyphenylene Sulfide,adduct,break 1 bond(s) + 7×repeat | H shift +1 | H | ; | break 1 bond(s) + 7×repeat | H shift +1 | H,1,1,H,,"[1, 2, 3, 4, 5, 6, 7, 9, 10, 11, 12, 13]",0.0
C48H35S8,"{'C': 48, 'S': 8, 'H': 35}",867.05044552325,neutral,0,PPS,Polyphenylene Sulfide,h_shift,break 1 bond(s) + 7×repeat | H shift +2 | ; | break 1 bond(s) + 7×repeat | H shift +2,1,2,,,"[1, 2, 3, 4, 5, 6, 7, 9, 10, 11, 12, 13]",0.0
C48H36ClS9,"{'C': 48, 'H': 36, 'S': 9, 'Cl': 1}",934.99919441188,negative,-1,PPS,Polyphenylene Sulfide,adduct,M + 7×repeat | H shift +2 | Cl,0,2,Cl,,,0.0
C48H36KS9,"{'C': 48, 'H': 36, 'S': 9, 'K': 1}",938.99404821628,positive,1,PPS,Polyphenylene Sulfide,adduct,M + 7×repeat | H shift +2 | K,0,2,K,,,0.0
C48H36NaS9,"{'C': 48, 'H': 36, 'S': 9, 'Na': 1}",923.02011101188,positive,1,PPS,Polyphenylene Sulfide,adduct,M + 7×repeat | H shift +2 | Na,0,2,Na,,,0.0
C48H36OS8,"{'C': 48, 'S': 8, 'H': 36, 'O': 1}",884.05318517505,negative,-1,PPS,Polyphenylene Sulfide,adduct,break 1 bond(s) + 7×repeat | H shift +2 | OH | ; | break 1 bond(s) + 7×repeat | H shift +2 | OH,1,2,OH,,"[1, 2, 3, 4, 5, 6, 7, 9, 10, 11, 12, 13]",0.0
C48H36S8,"{'C': 48, 'S': 8, 'H': 36}",868.05827055548,positive,1,PPS,Polyphenylene Sulfide,adduct,break 1 bond(s) + 7×repeat | H shift +2 | H | ; | break 1 bond(s) + 7×repeat | H shift +2 | H,1,2,H,,"[1, 2, 3, 4, 5, 6, 7, 9, 10, 11, 12, 13]",0.0
C48H37OS9,"{'C': 48, 'H': 37, 'S': 9, 'O': 1}",917.0330813816801,negative,-1,PPS,Polyphenylene Sulfide,adduct,M + 7×repeat | H shift +2 | OH,0,2,OH,,,0.0
C53H31S8,"{'C': 53, 'H': 31, 'S': 8}",923.01914539433,neutral,0,PPS,Polyphenylene Sulfide,neutral_loss,break 2 bond(s) + 8×repeat | H shift -2 | -CH3,2,-2,,CH3,"[1, 2, 3, 4, 6, 7, 9, 10, 12, 13]",0.0
C53H32S8,"{'C': 53, 'H': 32, 'S': 8}",924.02697042656,neutral,0,PPS,Polyphenylene Sulfide,neutral_loss,break 2 bond(s) + 8×repeat | H shift -1 | -CH3,2,-1,,CH3,"[1, 2, 3, 4, 6, 7, 9, 10, 12, 13]",0.0
C53H32S9,"{'C': 53, 'S': 9, 'H': 32}",955.99904160096,neutral,0,PPS,Polyphenylene Sulfide,neutral_loss,break 1 bond(s) + 8×repeat | H shift -2 | -CH3 | ; | break 1 bond(s) + 8×repeat | H shift -2 | -CH3,1,-2,,CH3,"[1, 2, 3, 4, 5, 6, 7, 9, 10, 11, 12, 13]",0.0
C53H33S10,"{'C': 53, 'H': 33, 'S': 10}",988.97893780759,neutral,0,PPS,Polyphenylene Sulfide,neutral_loss,M + 8×repeat | H shift -2 | -CH3,0,-2,,CH3,,0.0
C53H33S8,"{'C': 53, 'H': 33, 'S': 8}",925.03479545879,neutral,0,PPS,Polyphenylene Sulfide,neutral_loss,break 2 bond(s) + 8×repeat | -CH3,2,0,,CH3,"[1, 2, 3, 4, 6, 7, 9, 10, 12, 13]",0.0
C53H33S9,"{'C': 53, 'S': 9, 'H': 33}",957.00686663319,neutral,0,PPS,Polyphenylene Sulfide,neutral_loss,break 1 bond(s) + 8×repeat | H shift -1 | -CH3 | ; | break 1 bond(s) + 8×repeat | H shift -1 | -CH3,1,-1,,CH3,"[1, 2, 3, 4, 5, 6, 7, 9, 10, 11, 12, 13]",0.0
C53H34S10,"{'C': 53, 'H': 34, 'S': 10}",989.98676283982,neutral,0,PPS,Polyphenylene Sulfide,neutral_loss,M + 8×repeat | H shift -1 | -CH3,0,-1,,CH3,,0.0
C53H34S8,"{'C': 53, 'H': 34, 'S': 8}",926.04262049102,neutral,0,PPS,Polyphenylene Sulfide,neutral_loss,break 2 bond(s) + 8×repeat | H shift +1 | -CH3,2,1,,CH3,"[1, 2, 3, 4, 6, 7, 9, 10, 12, 13]",0.0
C53H34S9,"{'C': 53, 'S': 9, 'H': 34}",958.0146916654201,neutral,0,PPS,Polyphenylene Sulfide,neutral_loss,break 1 bond(s) + 8×repeat | -CH3 | ; | break 1 bond(s) + 8×repeat | -CH3,1,0,,CH3,"[1, 2, 3, 4, 5, 6, 7, 9, 10, 11, 12, 13]",0.0
C53H35S8,"{'C': 53, 'H': 35, 'S': 8}",927.05044552325,neutral,0,PPS,Polyphenylene Sulfide,neutral_loss,break 2 bond(s) + 8×repeat | H shift +2 | -CH3,2,2,,CH3,"[1, 2, 3, 4, 6, 7, 9, 10, 12, 13]",0.0
C53H35S9,"{'C': 53, 'S': 9, 'H': 35}",959.02251669765,neutral,0,PPS,Polyphenylene Sulfide,neutral_loss,break 1 bond(s) + 8×repeat | H shift +1 | -CH3 | ; | break 1 bond(s) + 8×repeat | H shift +1 | -CH3,1,1,,CH3,"[1, 2, 3, 4, 5, 6, 7, 9, 10, 11, 12, 13]",0.0
C53H36S10,"{'C': 53, 'H': 36, 'S': 10}",992.00241290428,neutral,0,PPS,Polyphenylene Sulfide,neutral_loss,M + 8×repeat | H shift +1 | -CH3,0,1,,CH3,,0.0
C53H36S9,"{'C': 53, 'S': 9, 'H': 36}",960.03034172988,neutral,0,PPS,Polyphenylene Sulfide,neutral_loss,break 1 bond(s) + 8×repeat | H shift +2 | -CH3 | ; | break 1 bond(s) + 8×repeat | H shift +2 | -CH3,1,2,,CH3,"[1, 2, 3, 4, 5, 6, 7, 9, 10, 11, 12, 13]",0.0
C53H37S10,"{'C': 53, 'H': 37, 'S': 10}",993.0102379365101,neutral,0,PPS,Polyphenylene Sulfide,neutral_loss,M + 8×repeat | H shift +2 | -CH3,0,2,,CH3,,0.0
C54H32S8,"{'C': 54, 'H': 32, 'S': 8}",936.02697042656,neutral,0,PPS,Polyphenylene Sulfide,neutral_loss,break 2 bond(s) + 8×repeat | H shift -2 | -H2,2,-2,,H2,"[1, 2, 3, 4, 6, 7, 9, 10, 12, 13]",0.0
C54H33S8,"{'C': 54, 'H': 33, 'S': 8}",937.03479545879,negative,-1,PPS,Polyphenylene Sulfide,adduct,break 2 bond(s) + 8×repeat | H shift -2 | -H,2,-2,-H,,"[1, 2, 3, 4, 6, 7, 9, 10, 12, 13]",0.0
C54H33S8,"{'C': 54, 'H': 33, 'S': 8}",937.03479545879,neutral,0,PPS,Polyphenylene Sulfide,neutral_loss,break 2 bond(s) + 8×repeat | H shift -1 | -H2,2,-1,,H2,"[1, 2, 3, 4, 6, 7, 9, 10, 12, 13]",0.0
C54H33S9,"{'C': 54, 'S': 9, 'H': 33}",969.00686663319,neutral,0,PPS,Polyphenylene Sulfide,neutral_loss,break 1 bond(s) + 8×repeat | H shift -2 | -H2 | ; | break 1 bond(s) + 8×repeat | H shift -2 | -H2,1,-2,,H2,"[1, 2, 3, 4, 5, 6, 7, 9, 10, 11, 12, 13]",0.0
C54H34ClS8,"{'C': 54, 'H': 34, 'S': 8, 'Cl': 1}",973.01147317302,negative,-1,PPS,Polyphenylene Sulfide,adduct,break 2 bond(s) + 8×repeat | H shift -2 | Cl,2,-2,Cl,,"[1, 2, 3, 4, 6, 7, 9, 10, 12, 13]",0.0
C54H34KS8,"{'C': 54, 'H': 34, 'S': 8, 'K': 1}",977.00632697742,positive,1,PPS,Polyphenylene Sulfide,adduct,break 2 bond(s) + 8×repeat | H shift -2 | K,2,-2,K,,"[1, 2, 3, 4, 6, 7, 9, 10, 12, 13]",0.0
C54H34NaS8,"{'C': 54, 'H': 34, 'S': 8, 'Na': 1}",961.03238977302,positive,1,PPS,Polyphenylene Sulfide,adduct,break 2 bond(s) + 8×repeat | H shift -2 | Na,2,-2,Na,,"[1, 2, 3, 4, 6, 7, 9, 10, 12, 13]",0.0
C54H34OS8,"{'C': 54, 'H': 34, 'S': 8, 'O': 1}",954.0375351105899,negative,-1,PPS,Polyphenylene Sulfide,adduct,break 2 bond(s) + 8×repeat | H shift -2 | O,2,-2,O,,"[1, 2, 3, 4, 6, 7, 9, 10, 12, 13]",0.0
C54H34S10,"{'C': 54, 'H': 34, 'S': 10}",1001.98676283982,neutral,0,PPS,Polyphenylene Sulfide,neutral_loss,M + 8×repeat | H shift -2 | -H2,0,-2,,H2,,0.0
C54H34S8,"{'C': 54, 'H': 34, 'S': 8}",938.04262049102,neutral,0,PPS,Polyphenylene Sulfide,h_shift,break 2 bond(s) + 8×repeat | H shift -2,2,-2,,,"[1, 2, 3, 4, 6, 7, 9, 10, 12, 13]",0.0
C54H34S8,"{'C': 54, 'H': 34, 'S': 8}",938.04262049102,negative,-1,PPS,Polyphenylene Sulfide,adduct,break 2 bond(s) + 8×repeat | H shift -1 | -H,2,-1,-H,,"[1, 2, 3, 4, 6, 7, 9, 10, 12, 13]",0.0
C54H34S8,"{'C': 54, 'H': 34, 'S': 8}",938.04262049102,neutral,0,PPS,Polyphenylene Sulfide,neutral_loss,break 2 bond(s) + 8×repeat | -H2,2,0,,H2,"[1, 2, 3, 4, 6, 7, 9, 10, 12, 13]",0.0
C54H34S9,"{'C': 54, 'S': 9, 'H': 34}",970.0146916654201,negative,-1,PPS,Polyphenylene Sulfide,adduct,break 1 bond(s) + 8×repeat | H shift -2 | -H | ; | break 1 bond(s) + 8×repeat | H shift -2 | -H,1,-2,-H,,"[1, 2, 3, 4, 5, 6, 7, 9, 10, 11, 12, 13]",0.0
C54H34S9,"{'C': 54, 'S': 9, 'H': 34}",970.0146916654201,neutral,0,PPS,Polyphenylene Sulfide,neutral_loss,break 1 bond(s) + 8×repeat | H shift -1 | -H2 | ; | break 1 bond(s) + 8×repeat | H shift -1 | -H2,1,-1,,H2,"[1, 2, 3, 4, 5, 6, 7, 9, 10, 11, 12, 13]",0.0
C54H35ClS8,"{'C': 54, 'H': 35, 'S': 8, 'Cl': 1}",974.01929820525,negative,-1,PPS,Polyphenylene Sulfide,adduct,break 2 bond(s) + 8×repeat | H shift -1 | Cl,2,-1,Cl,,"[1, 2, 3, 4, 6, 7, 9, 10, 12, 13]",0.0
C54H35ClS9,"{'C': 54, 'S': 9, 'H': 35, 'Cl': 1}",1005.99136937965,negative,-1,PPS,Polyphenylene Sulfide,adduct,break 1 bond(s) + 8×repeat | H shift -2 | Cl | ; | break 1 bond(s) + 8×repeat | H shift -2 | Cl,1,-2,Cl,,"[1, 2, 3, 4, 5, 6, 7, 9, 10, 11, 12, 13]",0.0
C54H35KS8,"{'C': 54, 'H': 35, 'S': 8, 'K': 1}",978.01415200965,positive,1,PPS,Polyphenylene Sulfide,adduct,break 2 bond(s) + 8×repeat | H shift -1 | K,2,-1,K,,"[1, 2, 3, 4, 6, 7, 9, 10, 12, 13]",0.0
C54H35KS9,"{'C': 54, 'S': 9, 'H': 35, 'K': 1}",1009.98622318405,positive,1,PPS,Polyphenylene Sulfide,adduct,break 1 bond(s) + 8×repeat | H shift -2 | K | ; | break 1 bond(s) + 8×repeat | H shift -2 | K,1,-2,K,,"[1, 2, 3, 4, 5, 6, 7, 9, 10, 11, 12, 13]",0.0
C54H35NaS8,"{'C': 54, 'H': 35, 'S': 8, 'Na': 1}",962.04021480525,positive,1,PPS,Polyphenylene Sulfide,adduct,break 2 bond(s) + 8×repeat | H shift -1 | Na,2,-1,Na,,"[1, 2, 3, 4, 6, 7, 9, 10, 12, 13]",0.0
C54H35NaS9,"{'C': 54, 'S': 9, 'H': 35, 'Na': 1}",994.01228597965,positive,1,PPS,Polyphenylene Sulfide,adduct,break 1 bond(s) + 8×repeat | H shift -2 | Na | ; | break 1 bond(s) + 8×repeat | H shift -2 | Na,1,-2,Na,,"[1, 2, 3, 4, 5, 6, 7, 9, 10, 11, 12, 13]",0.0
C54H35OS8,"{'C': 54, 'H': 35, 'S': 8, 'O': 1}",955.04536014282,negative,-1,PPS,Polyphenylene Sulfide,adduct,break 2 bond(s) + 8×repeat | H shift -2 | OH | ; | break 2 bond(s) + 8×repeat | H shift -1 | O,2,-2,OH,,"[1, 2, 3, 4, 6, 7, 9, 10, 12, 13]",0.0
C54H35OS9,"{'C': 54, 'S': 9, 'H': 35, 'O': 1}",987.01743131722,negative,-1,PPS,Polyphenylene Sulfide,adduct,break 1 bond(s) + 8×repeat | H shift -2 | O | ; | break 1 bond(s) + 8×repeat | H shift -2 | O,1,-2,O,,"[1, 2, 3, 4, 5, 6, 7, 9, 10, 11, 12, 13]",0.0
C54H35S10,"{'C': 54, 'H': 35, 'S': 10}",1002.99458787205,neutral,0,PPS,Polyphenylene Sulfide,neutral_loss,M + 8×repeat | H shift -1 | -H2,0,-1,,H2,,0.0
C54H35S8,"{'C': 54, 'H': 35, 'S': 8}",939.05044552325,positive,1,PPS,Polyphenylene Sulfide,adduct,break 2 bond(s) + 8×repeat | H shift -2 | H,2,-2,H,,"[1, 2, 3, 4, 6, 7, 9, 10, 12, 13]",0.0
C54H35S8,"{'C': 54, 'H': 35, 'S': 8}",939.05044552325,neutral,0,PPS,Polyphenylene Sulfide,h_shift,break 2 bond(s) + 8×repeat | H shift -1,2,-1,,,"[1, 2, 3, 4, 6, 7, 9, 10, 12, 13]",0.0
C54H35S8,"{'C': 54, 'H': 35, 'S': 8}",939.05044552325,negative,-1,PPS,Polyphenylene Sulfide,adduct,break 2 bond(s) + 8×repeat | -H,2,0,-H,,"[1, 2, 3, 4, 6, 7, 9, 10, 12, 13]",0.0
C54H35S8,"{'C': 54, 'H': 35, 'S': 8}",939.05044552325,neutral,0,PPS,Polyphenylene Sulfide,neutral_loss,break 2 bond(s) + 8×repeat | H shift +1 | -H2,2,1,,H2,"[1, 2, 3, 4, 6, 7, 9, 10, 12, 13]",0.0
C54H35S9,"{'C': 54, 'S': 9, 'H': 35}",971.02251669765,neutral,0,PPS,Polyphenylene Sulfide,h_shift,break 1 bond(s) + 8×repeat | H shift -2 | ; | break 1 bond(s) + 8×repeat | H shift -2,1,-2,,,"[1, 2, 3, 4, 5, 6, 7, 9, 10, 11, 12, 13]",0.0
C54H35S9,"{'C': 54, 'S': 9, 'H': 35}",971.02251669765,negative,-1,PPS,Polyphenylene Sulfide,adduct,break 1 bond(s) + 8×repeat | H shift -1 | -H | ; | break 1 bond(s) + 8×repeat | H shift -1 | -H,1,-1,-H,,"[1, 2, 3, 4, 5, 6, 7, 9, 10, 11, 12, 13]",0.0
C54H35S9,"{'C': 54, 'S': 9, 'H': 35}",971.02251669765,neutral,0,PPS,Polyphenylene Sulfide,neutral_loss,break 1 bond(s) + 8×repeat | -H2 | ; | break 1 bond(s) + 8×repeat | -H2,1,0,,H2,"[1, 2, 3, 4, 5, 6, 7, 9, 10, 11, 12, 13]",0.0
C54H36ClS10,"{'C': 54, 'H': 36, 'S': 10, 'Cl': 1}",1038.97126558628,negative,-1,PPS,Polyphenylene Sulfide,adduct,M + 8×repeat | H shift -2 | Cl,0,-2,Cl,,,0.0
C54H36ClS8,"{'C': 54, 'H': 36, 'S': 8, 'Cl': 1}",975.02712323748,negative,-1,PPS,Polyphenylene Sulfide,adduct,break 2 bond(s) + 8×repeat | Cl,2,0,Cl,,"[1, 2, 3, 4, 6, 7, 9, 10, 12, 13]",0.0
C54H36ClS9,"{'C': 54, 'S': 9, 'H': 36, 'Cl': 1}",1006.99919441188,negative,-1,PPS,Polyphenylene Sulfide,adduct,break 1 bond(s) + 8×repeat | H shift -1 | Cl | ; | break 1 bond(s) + 8×repeat | H shift -1 | Cl,1,-1,Cl,,"[1, 2, 3, 4, 5, 6, 7, 9, 10, 11, 12, 13]",0.0
C54H36KS10,"{'C': 54, 'H': 36, 'S': 10, 'K': 1}",1042.96611939068,positive,1,PPS,Polyphenylene Sulfide,adduct,M + 8×repeat | H shift -2 | K,0,-2,K,,,0.0
C54H36KS8,"{'C': 54, 'H': 36, 'S': 8, 'K': 1}",979.02197704188,positive,1,PPS,Polyphenylene Sulfide,adduct,break 2 bond(s) + 8×repeat | K,2,0,K,,"[1, 2, 3, 4, 6, 7, 9, 10, 12, 13]",0.0
C54H36KS9,"{'C': 54, 'S': 9, 'H': 36, 'K': 1}",1010.99404821628,positive,1,PPS,Polyphenylene Sulfide,adduct,break 1 bond(s) + 8×repeat | H shift -1 | K | ; | break 1 bond(s) + 8×repeat | H shift -1 | K,1,-1,K,,"[1, 2, 3, 4, 5, 6, 7, 9, 10, 11, 12, 13]",0.0
C54H36NaS10,"{'C': 54, 'H': 36, 'S': 10, 'Na': 1}",1026.99218218628,positive,1,PPS,Polyphenylene Sulfide,adduct,M + 8×repeat | H shift -2 | Na,0,-2,Na,,,0.0
C54H36NaS8,"{'C': 54, 'H': 36, 'S': 8, 'Na': 1}",963.04803983748,positive,1,PPS,Polyphenylene Sulfide,adduct,break 2 bond(s) + 8×repeat | Na,2,0,Na,,"[1, 2, 3, 4, 6, 7, 9, 10, 12, 13]",0.0
C54H36NaS9,"{'C': 54, 'S': 9, 'H': 36, 'Na': 1}",995.02011101188,positive,1,PPS,Polyphenylene Sulfide,adduct,break 1 bond(s) + 8×repeat | H shift -1 | Na | ; | break 1 bond(s) + 8×repeat | H shift -1 | Na,1,-1,Na,,"[1, 2, 3, 4, 5, 6, 7, 9, 10, 11, 12, 13]",0.0
C54H36OS10,"{'C': 54, 'H': 36, 'S': 10, 'O': 1}",1019.99732752385,negative,-1,PPS,Polyphenylene Sulfide,adduct,M + 8×repeat | H shift -2 | O,0,-2,O,,,0.0
C54H36OS8,"{'C': 54, 'H': 36, 'S': 8, 'O': 1}",956.05318517505,negative,-1,PPS,Polyphenylene Sulfide,adduct,break 2 bond(s) + 8×repeat | H shift -1 | OH | ; | break 2 bond(s) + 8×repeat | O,2,-1,OH,,"[1, 2, 3, 4, 6, 7, 9, 10, 12, 13]",0.0
C54H36OS9,"{'C': 54, 'S': 9, 'H': 36, 'O': 1}",988.02525634945,negative,-1,PPS,Polyphenylene Sulfide,adduct,break 1 bond(s) + 8×repeat | H shift -2 | OH | ; | break 1 bond(s) + 8×repeat | H shift -1 | O | ; | break 1 bond(s) + 8×repeat | H shift -2 | OH,1,-2,OH,,"[1, 2, 3, 4, 5, 6, 7, 9, 10, 11, 12, 13]",0.0
C54H36S8,"{'C': 54, 'H': 36, 'S': 8}",940.05827055548,positive,1,PPS,Polyphenylene Sulfide,adduct,break 2 bond(s) + 8×repeat | H shift -1 | H,2,-1,H,,"[1, 2, 3, 4, 6, 7, 9, 10, 12, 13]",0.0
C54H36S8,"{'C': 54, 'H': 36, 'S': 8}",940.05827055548,neutral,0,PPS,Polyphenylene Sulfide,fragment,break 2 bond(s) + 8×repeat,2,0,,,"[1, 2, 3, 4, 6, 7, 9, 10, 12, 13]",0.0
C54H36S8,"{'C': 54, 'H': 36, 'S': 8}",940.05827055548,negative,-1,PPS,Polyphenylene Sulfide,adduct,break 2 bond(s) + 8×repeat | H shift +1 | -H,2,1,-H,,"[1, 2, 3, 4, 6, 7, 9, 10, 12, 13]",0.0
C54H36S8,"{'C': 54, 'H': 36, 'S': 8}",940.05827055548,neutral,0,PPS,Polyphenylene Sulfide,neutral_loss,break 2 bond(s) + 8×repeat | H shift +2 | -H2,2,2,,H2,"[1, 2, 3, 4, 6, 7, 9, 10, 12, 13]",0.0
C54H36S9,"{'C': 54, 'S': 9, 'H': 36}",972.03034172988,positive,1,PPS,Polyphenylene Sulfide,adduct,break 1 bond(s) + 8×repeat | H shift -2 | H | ; | break 1 bond(s) + 8×repeat | H shift -2 | H,1,-2,H,,"[1, 2, 3, 4, 5, 6, 7, 9, 10, 11, 12, 13]",0.0
C54H36S9,"{'C': 54, 'S': 9, 'H': 36}",972.03034172988,neutral,0,PPS,Polyphenylene Sulfide,h_shift,break 1 bond(s) + 8×repeat | H shift -1 | ; | break 1 bond(s) + 8×repeat | H shift -1,1,-1,,,"[1, 2, 3, 4, 5, 6, 7, 9, 10, 11, 12, 13]",0.0
C54H36S9,"{'C': 54, 'S': 9, 'H': 36}",972.03034172988,negative,-1,PPS,Polyphenylene Sulfide,adduct,break 1 bond(s) + 8×repeat | -H | ; | break 1 bond(s) + 8×repeat | -H,1,0,-H,,"[1, 2, 3, 4, 5, 6, 7, 9, 10, 11, 12, 13]",0.0
C54H36S9,"{'C': 54, 'S': 9, 'H': 36}",972.03034172988,neutral,0,PPS,Polyphenylene Sulfide,neutral_loss,break 1 bond(s) + 8×repeat | H shift +1 | -H2 | ; | break 1 bond(s) + 8×repeat | H shift +1 | -H2,1,1,,H2,"[1, 2, 3, 4, 5, 6, 7, 9, 10, 11, 12, 13]",0.0
C54H37ClS10,"{'C': 54, 'H': 37, 'S': 10, 'Cl': 1}",1039.97909061851,negative,-1,PPS,Polyphenylene Sulfide,adduct,M + 8×repeat | H shift -1 | Cl,0,-1,Cl,,,0.0
C54H37ClS8,"{'C': 54, 'H': 37, 'S': 8, 'Cl': 1}",976.03494826971,negative,-1,PPS,Polyphenylene Sulfide,adduct,break 2 bond(s) + 8×repeat | H shift +1 | Cl,2,1,Cl,,"[1, 2, 3, 4, 6, 7, 9, 10, 12, 13]",0.0
C54H37ClS9,"{'C': 54, 'S': 9, 'H': 37, 'Cl': 1}",1008.00701944411,negative,-1,PPS,Polyphenylene Sulfide,adduct,break 1 bond(s) + 8×repeat | Cl | ; | break 1 bond(s) + 8×repeat | Cl,1,0,Cl,,"[1, 2, 3, 4, 5, 6, 7, 9, 10, 11, 12, 13]",0.0
C54H37KS10,"{'C': 54, 'H': 37, 'S': 10, 'K': 1}",1043.97394442291,positive,1,PPS,Polyphenylene Sulfide,adduct,M + 8×repeat | H shift -1 | K,0,-1,K,,,0.0
C54H37KS8,"{'C': 54, 'H': 37, 'S': 8, 'K': 1}",980.02980207411,positive,1,PPS,Polyphenylene Sulfide,adduct,break 2 bond(s) + 8×repeat | H shift +1 | K,2,1,K,,"[1, 2, 3, 4, 6, 7, 9, 10, 12, 13]",0.0
C54H37KS9,"{'C': 54, 'S': 9, 'H': 37, 'K': 1}",1012.00187324851,positive,1,PPS,Polyphenylene Sulfide,adduct,break 1 bond(s) + 8×repeat | K | ; | break 1 bond(s) + 8×repeat | K,1,0,K,,"[1, 2, 3, 4, 5, 6, 7, 9, 10, 11, 12, 13]",0.0
C54H37NaS10,"{'C': 54, 'H': 37, 'S': 10, 'Na': 1}",1028.00000721851,positive,1,PPS,Polyphenylene Sulfide,adduct,M + 8×repeat | H shift -1 | Na,0,-1,Na,,,0.0
C54H37NaS8,"{'C': 54, 'H': 37, 'S': 8, 'Na': 1}",964.05586486971,positive,1,PPS,Polyphenylene Sulfide,adduct,break 2 bond(s) + 8×repeat | H shift +1 | Na,2,1,Na,,"[1, 2, 3, 4, 6, 7, 9, 10, 12, 13]",0.0
C54H37NaS9,"{'C': 54, 'S': 9, 'H': 37, 'Na': 1}",996.02793604411,positive,1,PPS,Polyphenylene Sulfide,adduct,break 1 bond(s) + 8×repeat | Na | ; | break 1 bond(s) + 8×repeat | Na,1,0,Na,,"[1, 2, 3, 4, 5, 6, 7, 9, 10, 11, 12, 13]",0.0
C54H37OS10,"{'C': 54, 'H': 37, 'S': 10, 'O': 1}",1021.00515255608,negative,-1,PPS,Polyphenylene Sulfide,adduct,M + 8×repeat | H shift -2 | OH | ; | M + 8×repeat | H shift -1 | O,0,-2,OH,,,0.0
C54H37OS8,"{'C': 54, 'H': 37, 'S': 8, 'O': 1}",957.06101020728,negative,-1,PPS,Polyphenylene Sulfide,adduct,break 2 bond(s) + 8×repeat | OH | ; | break 2 bond(s) + 8×repeat | H shift +1 | O,2,0,OH,,"[1, 2, 3, 4, 6, 7, 9, 10, 12, 13]",0.0
C54H37OS9,"{'C': 54, 'S': 9, 'H': 37, 'O': 1}",989.0330813816801,negative,-1,PPS,Polyphenylene Sulfide,adduct,break 1 bond(s) + 8×repeat | H shift -1 | OH | ; | break 1 bond(s) + 8×repeat | O | ; | break 1 bond(s) + 8×repeat | H shift -1 | OH,1,-1,OH,,"[1, 2, 3, 4, 5, 6, 7, 9, 10, 11, 12, 13]",0.0
C54H37S10,"{'C': 54, 'H': 37, 'S': 10}",1005.0102379365101,neutral,0,PPS,Polyphenylene Sulfide,neutral_loss,M + 8×repeat | H shift +1 | -H2,0,1,,H2,,0.0
C54H37S8,"{'C': 54, 'H': 37, 'S': 8}",941.06609558771,positive,1,PPS,Polyphenylene Sulfide,adduct,break 2 bond(s) + 8×repeat | H,2,0,H,,"[1, 2, 3, 4, 6, 7, 9, 10, 12, 13]",0.0
C54H37S8,"{'C': 54, 'H': 37, 'S': 8}",941.06609558771,neutral,0,PPS,Polyphenylene Sulfide,h_shift,break 2 bond(s) + 8×repeat | H shift +1,2,1,,,"[1, 2, 3, 4, 6, 7, 9, 10, 12, 13]",0.0
C54H37S8,"{'C': 54, 'H': 37, 'S': 8}",941.06609558771,negative,-1,PPS,Polyphenylene Sulfide,adduct,break 2 bond(s) + 8×repeat | H shift +2 | -H,2,2,-H,,"[1, 2, 3, 4, 6, 7, 9, 10, 12, 13]",0.0
C54H37S9,"{'C': 54, 'S': 9, 'H': 37}",973.03816676211,positive,1,PPS,Polyphenylene Sulfide,adduct,break 1 bond(s) + 8×repeat | H shift -1 | H | ; | break 1 bond(s) + 8×repeat | H shift -1 | H,1,-1,H,,"[1, 2, 3, 4, 5, 6, 7, 9, 10, 11, 12, 13]",0.0
C54H37S9,"{'C': 54, 'S': 9, 'H': 37}",973.03816676211,neutral,0,PPS,Polyphenylene Sulfide,fragment,break 1 bond(s) + 8×repeat | ; | break 1 bond(s) + 8×repeat,1,0,,,"[1, 2, 3, 4, 5, 6, 7, 9, 10, 11, 12, 13]",0.0
C54H37S9,"{'C': 54, 'S': 9, 'H': 37}",973.03816676211,negative,-1,PPS,Polyphenylene Sulfide,adduct,break 1 bond(s) + 8×repeat | H shift +1 | -H | ; | break 1 bond(s) + 8×repeat | H shift +1 | -H,1,1,-H,,"[1, 2, 3, 4, 5, 6, 7, 9, 10, 11, 12, 13]",0.0
C54H37S9,"{'C': 54, 'S': 9, 'H': 37}",973.03816676211,neutral,0,PPS,Polyphenylene Sulfide,neutral_loss,break 1 bond(s) + 8×repeat | H shift +2 | -H2 | ; | break 1 bond(s) + 8×repeat | H shift +2 | -H2,1,2,,H2,"[1, 2, 3, 4, 5, 6, 7, 9, 10, 11, 12, 13]",0.0
C54H38ClS10,"{'C': 54, 'H': 38, 'S': 10, 'Cl': 1}",1040.98691565074,negative,-1,PPS,Polyphenylene Sulfide,adduct,M + 8×repeat | Cl,0,0,Cl,,,0.0
C54H38ClS8,"{'C': 54, 'H': 38, 'S': 8, 'Cl': 1}",977.04277330194,negative,-1,PPS,Polyphenylene Sulfide,adduct,break 2 bond(s) + 8×repeat | H shift +2 | Cl,2,2,Cl,,"[1, 2, 3, 4, 6, 7, 9, 10, 12, 13]",0.0
C54H38ClS9,"{'C': 54, 'S': 9, 'H': 38, 'Cl': 1}",1009.01484447634,negative,-1,PPS,Polyphenylene Sulfide,adduct,break 1 bond(s) + 8×repeat | H shift +1 | Cl | ; | break 1 bond(s) + 8×repeat | H shift +1 | Cl,1,1,Cl,,"[1, 2, 3, 4, 5, 6, 7, 9, 10, 11, 12, 13]",0.0
C54H38KS10,"{'C': 54, 'H': 38, 'S': 10, 'K': 1}",1044.98176945514,positive,1,PPS,Polyphenylene Sulfide,adduct,M + 8×repeat | K,0,0,K,,,0.0
C54H38KS8,"{'C': 54, 'H': 38, 'S': 8, 'K': 1}",981.03762710634,positive,1,PPS,Polyphenylene Sulfide,adduct,break 2 bond(s) + 8×repeat | H shift +2 | K,2,2,K,,"[1, 2, 3, 4, 6, 7, 9, 10, 12, 13]",0.0
C54H38KS9,"{'C': 54, 'S': 9, 'H': 38, 'K': 1}",1013.00969828074,positive,1,PPS,Polyphenylene Sulfide,adduct,break 1 bond(s) + 8×repeat | H shift +1 | K | ; | break 1 bond(s) + 8×repeat | H shift +1 | K,1,1,K,,"[1, 2, 3, 4, 5, 6, 7, 9, 10, 11, 12, 13]",0.0
C54H38NaS10,"{'C': 54, 'H': 38, 'S': 10, 'Na': 1}",1029.00783225074,positive,1,PPS,Polyphenylene Sulfide,adduct,M + 8×repeat | Na,0,0,Na,,,0.0
C54H38NaS8,"{'C': 54, 'H': 38, 'S': 8, 'Na': 1}",965.06368990194,positive,1,PPS,Polyphenylene Sulfide,adduct,break 2 bond(s) + 8×repeat | H shift +2 | Na,2,2,Na,,"[1, 2, 3, 4, 6, 7, 9, 10, 12, 13]",0.0
C54H38NaS9,"{'C': 54, 'S': 9, 'H': 38, 'Na': 1}",997.03576107634,positive,1,PPS,Polyphenylene Sulfide,adduct,break 1 bond(s) + 8×repeat | H shift +1 | Na | ; | break 1 bond(s) + 8×repeat | H shift +1 | Na,1,1,Na,,"[1, 2, 3, 4, 5, 6, 7, 9, 10, 11, 12, 13]",0.0
C54H38OS10,"{'C': 54, 'H': 38, 'S': 10, 'O': 1}",1022.01297758831,negative,-1,PPS,Polyphenylene Sulfide,adduct,M + 8×repeat | H shift -1 | OH | ; | M + 8×repeat | O,0,-1,OH,,,0.0
C54H38OS8,"{'C': 54, 'H': 38, 'S': 8, 'O': 1}",958.06883523951,negative,-1,PPS,Polyphenylene Sulfide,adduct,break 2 bond(s) + 8×repeat | H shift +1 | OH | ; | break 2 bond(s) + 8×repeat | H shift +2 | O,2,1,OH,,"[1, 2, 3, 4, 6, 7, 9, 10, 12, 13]",0.0
C54H38OS9,"{'C': 54, 'S': 9, 'H': 38, 'O': 1}",990.04090641391,negative,-1,PPS,Polyphenylene Sulfide,adduct,break 1 bond(s) + 8×repeat | OH | ; | break 1 bond(s) + 8×repeat | H shift +1 | O | ; | break 1 bond(s) + 8×repeat | OH,1,0,OH,,"[1, 2, 3, 4, 5, 6, 7, 9, 10, 11, 12, 13]",0.0
C54H38S10,"{'C': 54, 'H': 38, 'S': 10}",1006.01806296874,neutral,0,PPS,Polyphenylene Sulfide,neutral_loss,M + 8×repeat | H shift +2 | -H2,0,2,,H2,,0.0
C54H38S8,"{'C': 54, 'H': 38, 'S': 8}",942.07392061994,positive,1,PPS,Polyphenylene Sulfide,adduct,break 2 bond(s) + 8×repeat | H shift +1 | H,2,1,H,,"[1, 2, 3, 4, 6, 7, 9, 10, 12, 13]",0.0
C54H38S8,"{'C': 54, 'H': 38, 'S': 8}",942.07392061994,neutral,0,PPS,Polyphenylene Sulfide,h_shift,break 2 bond(s) + 8×repeat | H shift +2,2,2,,,"[1, 2, 3, 4, 6, 7, 9, 10, 12, 13]",0.0
C54H38S9,"{'C': 54, 'S': 9, 'H': 38}",974.04599179434,positive,1,PPS,Polyphenylene Sulfide,adduct,break 1 bond(s) + 8×repeat | H | ; | break 1 bond(s) + 8×repeat | H,1,0,H,,"[1, 2, 3, 4, 5, 6, 7, 9, 10, 11, 12, 13]",0.0
C54H38S9,"{'C': 54, 'S': 9, 'H': 38}",974.04599179434,neutral,0,PPS,Polyphenylene Sulfide,h_shift,break 1 bond(s) + 8×repeat | H shift +1 | ; | break 1 bond(s) + 8×repeat | H shift +1,1,1,,,"[1, 2, 3, 4, 5, 6, 7, 9, 10, 11, 12, 13]",0.0
C54H38S9,"{'C': 54, 'S': 9, 'H': 38}",974.04599179434,negative,-1,PPS,Polyphenylene Sulfide,adduct,break 1 bond(s) + 8×repeat | H shift +2 | -H | ; | break 1 bond(s) + 8×repeat | H shift +2 | -H,1,2,-H,,"[1, 2, 3, 4, 5, 6, 7, 9, 10, 11, 12, 13]",0.0
C54H39ClS10,"{'C': 54, 'H': 39, 'S': 10, 'Cl': 1}",1041.9947406829701,negative,-1,PPS,Polyphenylene Sulfide,adduct,M + 8×repeat | H shift +1 | Cl,0,1,Cl,,,0.0
C54H39ClS9,"{'C': 54, 'S': 9, 'H': 39, 'Cl': 1}",1010.0226695085701,negative,-1,PPS,Polyphenylene Sulfide,adduct,break 1 bond(s) + 8×repeat | H shift +2 | Cl | ; | break 1 bond(s) + 8×repeat | H shift +2 | Cl,1,2,Cl,,"[1, 2, 3, 4, 5, 6, 7, 9, 10, 11, 12, 13]",0.0
C54H39KS10,"{'C': 54, 'H': 39, 'S': 10, 'K': 1}",1045.9895944873701,positive,1,PPS,Polyphenylene Sulfide,adduct,M + 8×repeat | H shift +1 | K,0,1,K,,,0.0
C54H39KS9,"{'C': 54, 'S': 9, 'H': 39, 'K': 1}",1014.0175233129701,positive,1,PPS,Polyphenylene Sulfide,adduct,break 1 bond(s) + 8×repeat | H shift +2 | K | ; | break 1 bond(s) + 8×repeat | H shift +2 | K,1,2,K,,"[1, 2, 3, 4, 5, 6, 7, 9, 10, 11, 12, 13]",0.0
C54H39NaS10,"{'C': 54, 'H': 39, 'S': 10, 'Na': 1}",1030.01565728297,positive,1,PPS,Polyphenylene Sulfide,adduct,M + 8×repeat | H shift +1 | Na,0,1,Na,,,0.0
C54H39NaS9,"{'C': 54, 'S': 9, 'H': 39, 'Na': 1}",998.04358610857,positive,1,PPS,Polyphenylene Sulfide,adduct,break 1 bond(s) + 8×repeat | H shift +2 | Na | ; | break 1 bond(s) + 8×repeat | H shift +2 | Na,1,2,Na,,"[1, 2, 3, 4, 5, 6, 7, 9, 10, 11, 12, 13]",0.0
C54H39OS10,"{'C': 54, 'H': 39, 'S': 10, 'O': 1}",1023.02080262054,negative,-1,PPS,Polyphenylene Sulfide,adduct,M + 8×repeat | OH | ; | M + 8×repeat | H shift +1 | O,0,0,OH,,,0.0
C54H39OS8,"{'C': 54, 'H': 39, 'S': 8, 'O': 1}",959.07666027174,negative,-1,PPS,Polyphenylene Sulfide,adduct,break 2 bond(s) + 8×repeat | H shift +2 | OH,2,2,OH,,"[1, 2, 3, 4, 6, 7, 9, 10, 12, 13]",0.0
C54H39OS9,"{'C': 54, 'S': 9, 'H': 39, 'O': 1}",991.04873144614,negative,-1,PPS,Polyphenylene Sulfide,adduct,break 1 bond(s) + 8×repeat | H shift +1 | OH | ; | break 1 bond(s) + 8×repeat | H shift +2 | O | ; | break 1 bond(s) + 8×repeat | H shift +1 | OH,1,1,OH,,"[1, 2, 3, 4, 5, 6, 7, 9, 10, 11, 12, 13]",0.0
C54H39S8,"{'C': 54, 'H': 39, 'S': 8}",943.08174565217,positive,1,PPS,Polyphenylene Sulfide,adduct,break 2 bond(s) + 8×repeat | H shift +2 | H,2,2,H,,"[1, 2, 3, 4, 6, 7, 9, 10, 12, 13]",0.0
C54H39S9,"{'C': 54, 'S': 9, 'H': 39}",975.05381682657,positive,1,PPS,Polyphenylene Sulfide,adduct,break 1 bond(s) + 8×repeat | H shift +1 | H | ; | break 1 bond(s) + 8×repeat | H shift +1 | H,1,1,H,,"[1, 2, 3, 4, 5, 6, 7, 9, 10, 11, 12, 13]",0.0
C54H39S9,"{'C': 54, 'S': 9, 'H': 39}",975.05381682657,neutral,0,PPS,Polyphenylene Sulfide,h_shift,break 1 bond(s) + 8×repeat | H shift +2 | ; | break 1 bond(s) + 8×repeat | H shift +2,1,2,,,"[1, 2, 3, 4, 5, 6, 7, 9, 10, 11, 12, 13]",0.0
C54H40ClS10,"{'C': 54, 'H': 40, 'S': 10, 'Cl': 1}",1043.0025657152,negative,-1,PPS,Polyphenylene Sulfide,adduct,M + 8×repeat | H shift +2 | Cl,0,2,Cl,,,0.0
C54H40KS10,"{'C': 54, 'H': 40, 'S': 10, 'K': 1}",1046.9974195196,positive,1,PPS,Polyphenylene Sulfide,adduct,M + 8×repeat | H shift +2 | K,0,2,K,,,0.0
C54H40NaS10,"{'C': 54, 'H': 40, 'S': 10, 'Na': 1}",1031.0234823152,positive,1,PPS,Polyphenylene Sulfide,adduct,M + 8×repeat | H shift +2 | Na,0,2,Na,,,0.0
C54H40OS10,"{'C': 54, 'H': 40, 'S': 10, 'O': 1}",1024.02862765277,negative,-1,PPS,Polyphenylene Sulfide,adduct,M + 8×repeat | H shift +1 | OH | ; | M + 8×repeat | H shift +2 | O,0,1,OH,,,0.0
C54H40OS9,"{'C': 54, 'S': 9, 'H': 40, 'O': 1}",992.05655647837,negative,-1,PPS,Polyphenylene Sulfide,adduct,break 1 bond(s) + 8×repeat | H shift +2 | OH | ; | break 1 bond(s) + 8×repeat | H shift +2 | OH,1,2,OH,,"[1, 2, 3, 4, 5, 6, 7, 9, 10, 11, 12, 13]",0.0
C54H40S9,"{'C': 54, 'S': 9, 'H': 40}",976.0616418588,positive,1,PPS,Polyphenylene Sulfide,adduct,break 1 bond(s) + 8×repeat | H shift +2 | H | ; | break 1 bond(s) + 8×repeat | H shift +2 | H,1,2,H,,"[1, 2, 3, 4, 5, 6, 7, 9, 10, 11, 12, 13]",0.0
C54H41OS10,"{'C': 54, 'H': 41, 'S': 10, 'O': 1}",1025.036452685,negative,-1,PPS,Polyphenylene Sulfide,adduct,M + 8×repeat | H shift +2 | OH,0,2,OH,,,0.0
C59H35S9,"{'C': 59, 'H': 35, 'S': 9}",1031.02251669765,neutral,0,PPS,Polyphenylene Sulfide,neutral_loss,break 2 bond(s) + 9×repeat | H shift -2 | -CH3,2,-2,,CH3,"[1, 2, 3, 4, 6, 7, 9, 10, 12, 13]",0.0
C59H36S10,"{'C': 59, 'S': 10, 'H': 36}",1064.00241290428,neutral,0,PPS,Polyphenylene Sulfide,neutral_loss,break 1 bond(s) + 9×repeat | H shift -2 | -CH3 | ; | break 1 bond(s) + 9×repeat | H shift -2 | -CH3,1,-2,,CH3,"[1, 2, 3, 4, 5, 6, 7, 9, 10, 11, 12, 13]",0.0
C59H36S9,"{'C': 59, 'H': 36, 'S': 9}",1032.03034172988,neutral,0,PPS,Polyphenylene Sulfide,neutral_loss,break 2 bond(s) + 9×repeat | H shift -1 | -CH3,2,-1,,CH3,"[1, 2, 3, 4, 6, 7, 9, 10, 12, 13]",0.0
C59H37S10,"{'C': 59, 'S': 10, 'H': 37}",1065.01023793651,neutral,0,PPS,Polyphenylene Sulfide,neutral_loss,break 1 bond(s) + 9×repeat | H shift -1 | -CH3 | ; | break 1 bond(s) + 9×repeat | H shift -1 | -CH3,1,-1,,CH3,"[1, 2, 3, 4, 5, 6, 7, 9, 10, 11, 12, 13]",0.0
C59H37S11,"{'C': 59, 'H': 37, 'S': 11}",1096.98230911091,neutral,0,PPS,Polyphenylene Sulfide,neutral_loss,M + 9×repeat | H shift -2 | -CH3,0,-2,,CH3,,0.0
C59H37S9,"{'C': 59, 'H': 37, 'S': 9}",1033.03816676211,neutral,0,PPS,Polyphenylene Sulfide,neutral_loss,break 2 bond(s) + 9×repeat | -CH3,2,0,,CH3,"[1, 2, 3, 4, 6, 7, 9, 10, 12, 13]",0.0
C59H38S10,"{'C': 59, 'S': 10, 'H': 38}",1066.01806296874,neutral,0,PPS,Polyphenylene Sulfide,neutral_loss,break 1 bond(s) + 9×repeat | -CH3 | ; | break 1 bond(s) + 9×repeat | -CH3,1,0,,CH3,"[1, 2, 3, 4, 5, 6, 7, 9, 10, 11, 12, 13]",0.0
C59H38S11,"{'C': 59, 'H': 38, 'S': 11}",1097.99013414314,neutral,0,PPS,Polyphenylene Sulfide,neutral_loss,M + 9×repeat | H shift -1 | -CH3,0,-1,,CH3,,0.0
C59H38S9,"{'C': 59, 'H': 38, 'S': 9}",1034.04599179434,neutral,0,PPS,Polyphenylene Sulfide,neutral_loss,break 2 bond(s) + 9×repeat | H shift +1 | -CH3,2,1,,CH3,"[1, 2, 3, 4, 6, 7, 9, 10, 12, 13]",0.0
C59H39S10,"{'C': 59, 'S': 10, 'H': 39}",1067.02588800097,neutral,0,PPS,Polyphenylene Sulfide,neutral_loss,break 1 bond(s) + 9×repeat | H shift +1 | -CH3 | ; | break 1 bond(s) + 9×repeat | H shift +1 | -CH3,1,1,,CH3,"[1, 2, 3, 4, 5, 6, 7, 9, 10, 11, 12, 13]",0.0
C59H39S11,"{'C': 59, 'H': 39, 'S': 11}",1098.99795917537,neutral,0,PPS,Polyphenylene Sulfide,neutral_loss,M + 9×repeat | -CH3,0,0,,CH3,,0.0
C59H39S9,"{'C': 59, 'H': 39, 'S': 9}",1035.05381682657,neutral,0,PPS,Polyphenylene Sulfide,neutral_loss,break 2 bond(s) + 9×repeat | H shift +2 | -CH3,2,2,,CH3,"[1, 2, 3, 4, 6, 7, 9, 10, 12, 13]",0.0
C59H40S10,"{'C': 59, 'S': 10, 'H': 40}",1068.0337130332,neutral,0,PPS,Polyphenylene Sulfide,neutral_loss,break 1 bond(s) + 9×repeat | H shift +2 | -CH3 | ; | break 1 bond(s) + 9×repeat | H shift +2 | -CH3,1,2,,CH3,"[1, 2, 3, 4, 5, 6, 7, 9, 10, 11, 12, 13]",0.0
C59H40S11,"{'C': 59, 'H': 40, 'S': 11}",1100.0057842076,neutral,0,PPS,Polyphenylene Sulfide,neutral_loss,M + 9×repeat | H shift +1 | -CH3,0,1,,CH3,,0.0
C59H41S11,"{'C': 59, 'H': 41, 'S': 11}",1101.01360923983,neutral,0,PPS,Polyphenylene Sulfide,neutral_loss,M + 9×repeat | H shift +2 | -CH3,0,2,,CH3,,0.0
C60H36S9,"{'C': 60, 'H': 36, 'S': 9}",1044.03034172988,neutral,0,PPS,Polyphenylene Sulfide,neutral_loss,break 2 bond(s) + 9×repeat | H shift -2 | -H2,2,-2,,H2,"[1, 2, 3, 4, 6, 7, 9, 10, 12, 13]",0.0
C60H37S10,"{'C': 60, 'S': 10, 'H': 37}",1077.01023793651,neutral,0,PPS,Polyphenylene Sulfide,neutral_loss,break 1 bond(s) + 9×repeat | H shift -2 | -H2 | ; | break 1 bond(s) + 9×repeat | H shift -2 | -H2,1,-2,,H2,"[1, 2, 3, 4, 5, 6, 7, 9, 10, 11, 12, 13]",0.0
C60H37S9,"{'C': 60, 'H': 37, 'S': 9}",1045.03816676211,negative,-1,PPS,Polyphenylene Sulfide,adduct,break 2 bond(s) + 9×repeat | H shift -2 | -H,2,-2,-H,,"[1, 2, 3, 4, 6, 7, 9, 10, 12, 13]",0.0
C60H37S9,"{'C': 60, 'H': 37, 'S': 9}",1045.03816676211,neutral,0,PPS,Polyphenylene Sulfide,neutral_loss,break 2 bond(s) + 9×repeat | H shift -1 | -H2,2,-1,,H2,"[1, 2, 3, 4, 6, 7, 9, 10, 12, 13]",0.0
C60H38ClS9,"{'C': 60, 'H': 38, 'S': 9, 'Cl': 1}",1081.01484447634,negative,-1,PPS,Polyphenylene Sulfide,adduct,break 2 bond(s) + 9×repeat | H shift -2 | Cl,2,-2,Cl,,"[1, 2, 3, 4, 6, 7, 9, 10, 12, 13]",0.0
C60H38KS9,"{'C': 60, 'H': 38, 'S': 9, 'K': 1}",1085.00969828074,positive,1,PPS,Polyphenylene Sulfide,adduct,break 2 bond(s) + 9×repeat | H shift -2 | K,2,-2,K,,"[1, 2, 3, 4, 6, 7, 9, 10, 12, 13]",0.0
C60H38NaS9,"{'C': 60, 'H': 38, 'S': 9, 'Na': 1}",1069.0357610763401,positive,1,PPS,Polyphenylene Sulfide,adduct,break 2 bond(s) + 9×repeat | H shift -2 | Na,2,-2,Na,,"[1, 2, 3, 4, 6, 7, 9, 10, 12, 13]",0.0
C60H38OS9,"{'C': 60, 'H': 38, 'S': 9, 'O': 1}",1062.04090641391,negative,-1,PPS,Polyphenylene Sulfide,adduct,break 2 bond(s) + 9×repeat | H shift -2 | O,2,-2,O,,"[1, 2, 3, 4, 6, 7, 9, 10, 12, 13]",0.0
C60H38S10,"{'C': 60, 'S': 10, 'H': 38}",1078.01806296874,negative,-1,PPS,Polyphenylene Sulfide,adduct,break 1 bond(s) + 9×repeat | H shift -2 | -H | ; | break 1 bond(s) + 9×repeat | H shift -2 | -H,1,-2,-H,,"[1, 2, 3, 4, 5, 6, 7, 9, 10, 11, 12, 13]",0.0
C60H38S10,"{'C': 60, 'S': 10, 'H': 38}",1078.01806296874,neutral,0,PPS,Polyphenylene Sulfide,neutral_loss,break 1 bond(s) + 9×repeat | H shift -1 | -H2 | ; | break 1 bond(s) + 9×repeat | H shift -1 | -H2,1,-1,,H2,"[1, 2, 3, 4, 5, 6, 7, 9, 10, 11, 12, 13]",0.0
C60H38S11,"{'C': 60, 'H': 38, 'S': 11}",1109.99013414314,neutral,0,PPS,Polyphenylene Sulfide,neutral_loss,M + 9×repeat | H shift -2 | -H2,0,-2,,H2,,0.0
C60H38S9,"{'C': 60, 'H': 38, 'S': 9}",1046.04599179434,neutral,0,PPS,Polyphenylene Sulfide,h_shift,break 2 bond(s) + 9×repeat | H shift -2,2,-2,,,"[1, 2, 3, 4, 6, 7, 9, 10, 12, 13]",0.0
C60H38S9,"{'C': 60, 'H': 38, 'S': 9}",1046.04599179434,negative,-1,PPS,Polyphenylene Sulfide,adduct,break 2 bond(s) + 9×repeat | H shift -1 | -H,2,-1,-H,,"[1, 2, 3, 4, 6, 7, 9, 10, 12, 13]",0.0
C60H38S9,"{'C': 60, 'H': 38, 'S': 9}",1046.04599179434,neutral,0,PPS,Polyphenylene Sulfide,neutral_loss,break 2 bond(s) + 9×repeat | -H2,2,0,,H2,"[1, 2, 3, 4, 6, 7, 9, 10, 12, 13]",0.0
C60H39ClS10,"{'C': 60, 'S': 10, 'H': 39, 'Cl': 1}",1113.9947406829701,negative,-1,PPS,Polyphenylene Sulfide,adduct,break 1 bond(s) + 9×repeat | H shift -2 | Cl | ; | break 1 bond(s) + 9×repeat | H shift -2 | Cl,1,-2,Cl,,"[1, 2, 3, 4, 5, 6, 7, 9, 10, 11, 12, 13]",0.0
C60H39ClS9,"{'C': 60, 'H': 39, 'S': 9, 'Cl': 1}",1082.02266950857,negative,-1,PPS,Polyphenylene Sulfide,adduct,break 2 bond(s) + 9×repeat | H shift -1 | Cl,2,-1,Cl,,"[1, 2, 3, 4, 6, 7, 9, 10, 12, 13]",0.0
C60H39KS10,"{'C': 60, 'S': 10, 'H': 39, 'K': 1}",1117.9895944873701,positive,1,PPS,Polyphenylene Sulfide,adduct,break 1 bond(s) + 9×repeat | H shift -2 | K | ; | break 1 bond(s) + 9×repeat | H shift -2 | K,1,-2,K,,"[1, 2, 3, 4, 5, 6, 7, 9, 10, 11, 12, 13]",0.0
C60H39KS9,"{'C': 60, 'H': 39, 'S': 9, 'K': 1}",1086.01752331297,positive,1,PPS,Polyphenylene Sulfide,adduct,break 2 bond(s) + 9×repeat | H shift -1 | K,2,-1,K,,"[1, 2, 3, 4, 6, 7, 9, 10, 12, 13]",0.0
C60H39NaS10,"{'C': 60, 'S': 10, 'H': 39, 'Na': 1}",1102.01565728297,positive,1,PPS,Polyphenylene Sulfide,adduct,break 1 bond(s) + 9×repeat | H shift -2 | Na | ; | break 1 bond(s) + 9×repeat | H shift -2 | Na,1,-2,Na,,"[1, 2, 3, 4, 5, 6, 7, 9, 10, 11, 12, 13]",0.0
C60H39NaS9,"{'C': 60, 'H': 39, 'S': 9, 'Na': 1}",1070.04358610857,positive,1,PPS,Polyphenylene Sulfide,adduct,break 2 bond(s) + 9×repeat | H shift -1 | Na,2,-1,Na,,"[1, 2, 3, 4, 6, 7, 9, 10, 12, 13]",0.0
C60H39OS10,"{'C': 60, 'S': 10, 'H': 39, 'O': 1}",1095.02080262054,negative,-1,PPS,Polyphenylene Sulfide,adduct,break 1 bond(s) + 9×repeat | H shift -2 | O | ; | break 1 bond(s) + 9×repeat | H shift -2 | O,1,-2,O,,"[1, 2, 3, 4, 5, 6, 7, 9, 10, 11, 12, 13]",0.0
C60H39OS9,"{'C': 60, 'H': 39, 'S': 9, 'O': 1}",1063.04873144614,negative,-1,PPS,Polyphenylene Sulfide,adduct,break 2 bond(s) + 9×repeat | H shift -2 | OH | ; | break 2 bond(s) + 9×repeat | H shift -1 | O,2,-2,OH,,"[1, 2, 3, 4, 6, 7, 9, 10, 12, 13]",0.0
C60H39S10,"{'C': 60, 'S': 10, 'H': 39}",1079.02588800097,neutral,0,PPS,Polyphenylene Sulfide,h_shift,break 1 bond(s) + 9×repeat | H shift -2 | ; | break 1 bond(s) + 9×repeat | H shift -2,1,-2,,,"[1, 2, 3, 4, 5, 6, 7, 9, 10, 11, 12, 13]",0.0
C60H39S10,"{'C': 60, 'S': 10, 'H': 39}",1079.02588800097,negative,-1,PPS,Polyphenylene Sulfide,adduct,break 1 bond(s) + 9×repeat | H shift -1 | -H | ; | break 1 bond(s) + 9×repeat | H shift -1 | -H,1,-1,-H,,"[1, 2, 3, 4, 5, 6, 7, 9, 10, 11, 12, 13]",0.0
C60H39S10,"{'C': 60, 'S': 10, 'H': 39}",1079.02588800097,neutral,0,PPS,Polyphenylene Sulfide,neutral_loss,break 1 bond(s) + 9×repeat | -H2 | ; | break 1 bond(s) + 9×repeat | -H2,1,0,,H2,"[1, 2, 3, 4, 5, 6, 7, 9, 10, 11, 12, 13]",0.0
C60H39S11,"{'C': 60, 'H': 39, 'S': 11}",1110.99795917537,negative,-1,PPS,Polyphenylene Sulfide,adduct,M + 9×repeat | H shift -2 | -H,0,-2,-H,,,0.0
C60H39S11,"{'C': 60, 'H': 39, 'S': 11}",1110.99795917537,neutral,0,PPS,Polyphenylene Sulfide,neutral_loss,M + 9×repeat | H shift -1 | -H2,0,-1,,H2,,0.0
C60H39S9,"{'C': 60, 'H': 39, 'S': 9}",1047.05381682657,positive,1,PPS,Polyphenylene Sulfide,adduct,break 2 bond(s) + 9×repeat | H shift -2 | H,2,-2,H,,"[1, 2, 3, 4, 6, 7, 9, 10, 12, 13]",0.0
C60H39S9,"{'C': 60, 'H': 39, 'S': 9}",1047.05381682657,neutral,0,PPS,Polyphenylene Sulfide,h_shift,break 2 bond(s) + 9×repeat | H shift -1,2,-1,,,"[1, 2, 3, 4, 6, 7, 9, 10, 12, 13]",0.0
C60H39S9,"{'C': 60, 'H': 39, 'S': 9}",1047.05381682657,negative,-1,PPS,Polyphenylene Sulfide,adduct,break 2 bond(s) + 9×repeat | -H,2,0,-H,,"[1, 2, 3, 4, 6, 7, 9, 10, 12, 13]",0.0
C60H39S9,"{'C': 60, 'H': 39, 'S': 9}",1047.05381682657,neutral,0,PPS,Polyphenylene Sulfide,neutral_loss,break 2 bond(s) + 9×repeat | H shift +1 | -H2,2,1,,H2,"[1, 2, 3, 4, 6, 7, 9, 10, 12, 13]",0.0
C60H40ClS10,"{'C': 60, 'S': 10, 'H': 40, 'Cl': 1}",1115.0025657152,negative,-1,PPS,Polyphenylene Sulfide,adduct,break 1 bond(s) + 9×repeat | H shift -1 | Cl | ; | break 1 bond(s) + 9×repeat | H shift -1 | Cl,1,-1,Cl,,"[1, 2, 3, 4, 5, 6, 7, 9, 10, 11, 12, 13]",0.0
C60H40ClS11,"{'C': 60, 'H': 40, 'S': 11, 'Cl': 1}",1146.9746368895999,negative,-1,PPS,Polyphenylene Sulfide,adduct,M + 9×repeat | H shift -2 | Cl,0,-2,Cl,,,0.0
C60H40ClS9,"{'C': 60, 'H': 40, 'S': 9, 'Cl': 1}",1083.0304945408,negative,-1,PPS,Polyphenylene Sulfide,adduct,break 2 bond(s) + 9×repeat | Cl,2,0,Cl,,"[1, 2, 3, 4, 6, 7, 9, 10, 12, 13]",0.0
C60H40KS10,"{'C': 60, 'S': 10, 'H': 40, 'K': 1}",1118.9974195196,positive,1,PPS,Polyphenylene Sulfide,adduct,break 1 bond(s) + 9×repeat | H shift -1 | K | ; | break 1 bond(s) + 9×repeat | H shift -1 | K,1,-1,K,,"[1, 2, 3, 4, 5, 6, 7, 9, 10, 11, 12, 13]",0.0
C60H40KS11,"{'C': 60, 'H': 40, 'S': 11, 'K': 1}",1150.969490694,positive,1,PPS,Polyphenylene Sulfide,adduct,M + 9×repeat | H shift -2 | K,0,-2,K,,,0.0
C60H40KS9,"{'C': 60, 'H': 40, 'S': 9, 'K': 1}",1087.0253483452,positive,1,PPS,Polyphenylene Sulfide,adduct,break 2 bond(s) + 9×repeat | K,2,0,K,,"[1, 2, 3, 4, 6, 7, 9, 10, 12, 13]",0.0
C60H40NaS10,"{'C': 60, 'S': 10, 'H': 40, 'Na': 1}",1103.0234823152,positive,1,PPS,Polyphenylene Sulfide,adduct,break 1 bond(s) + 9×repeat | H shift -1 | Na | ; | break 1 bond(s) + 9×repeat | H shift -1 | Na,1,-1,Na,,"[1, 2, 3, 4, 5, 6, 7, 9, 10, 11, 12, 13]",0.0
C60H40NaS11,"{'C': 60, 'H': 40, 'S': 11, 'Na': 1}",1134.9955534896,positive,1,PPS,Polyphenylene Sulfide,adduct,M + 9×repeat | H shift -2 | Na,0,-2,Na,,,0.0
C60H40NaS9,"{'C': 60, 'H': 40, 'S': 9, 'Na': 1}",1071.0514111408,positive,1,PPS,Polyphenylene Sulfide,adduct,break 2 bond(s) + 9×repeat | Na,2,0,Na,,"[1, 2, 3, 4, 6, 7, 9, 10, 12, 13]",0.0
C60H40OS10,"{'C': 60, 'S': 10, 'H': 40, 'O': 1}",1096.02862765277,negative,-1,PPS,Polyphenylene Sulfide,adduct,break 1 bond(s) + 9×repeat | H shift -2 | OH | ; | break 1 bond(s) + 9×repeat | H shift -1 | O | ; | break 1 bond(s) + 9×repeat | H shift -2 | OH,1,-2,OH,,"[1, 2, 3, 4, 5, 6, 7, 9, 10, 11, 12, 13]",0.0
C60H40OS11,"{'C': 60, 'H': 40, 'S': 11, 'O': 1}",1128.00069882717,negative,-1,PPS,Polyphenylene Sulfide,adduct,M + 9×repeat | H shift -2 | O,0,-2,O,,,0.0
C60H40OS9,"{'C': 60, 'H': 40, 'S': 9, 'O': 1}",1064.05655647837,negative,-1,PPS,Polyphenylene Sulfide,adduct,break 2 bond(s) + 9×repeat | H shift -1 | OH | ; | break 2 bond(s) + 9×repeat | O,2,-1,OH,,"[1, 2, 3, 4, 6, 7, 9, 10, 12, 13]",0.0
C60H40S10,"{'C': 60, 'S': 10, 'H': 40}",1080.0337130332,positive,1,PPS,Polyphenylene Sulfide,adduct,break 1 bond(s) + 9×repeat | H shift -2 | H | ; | break 1 bond(s) + 9×repeat | H shift -2 | H,1,-2,H,,"[1, 2, 3, 4, 5, 6, 7, 9, 10, 11, 12, 13]",0.0
C60H40S10,"{'C': 60, 'S': 10, 'H': 40}",1080.0337130332,neutral,0,PPS,Polyphenylene Sulfide,h_shift,break 1 bond(s) + 9×repeat | H shift -1 | ; | break 1 bond(s) + 9×repeat | H shift -1,1,-1,,,"[1, 2, 3, 4, 5, 6, 7, 9, 10, 11, 12, 13]",0.0
C60H40S10,"{'C': 60, 'S': 10, 'H': 40}",1080.0337130332,negative,-1,PPS,Polyphenylene Sulfide,adduct,break 1 bond(s) + 9×repeat | -H | ; | break 1 bond(s) + 9×repeat | -H,1,0,-H,,"[1, 2, 3, 4, 5, 6, 7, 9, 10, 11, 12, 13]",0.0
C60H40S10,"{'C': 60, 'S': 10, 'H': 40}",1080.0337130332,neutral,0,PPS,Polyphenylene Sulfide,neutral_loss,break 1 bond(s) + 9×repeat | H shift +1 | -H2 | ; | break 1 bond(s) + 9×repeat | H shift +1 | -H2,1,1,,H2,"[1, 2, 3, 4, 5, 6, 7, 9, 10, 11, 12, 13]",0.0
C60H40S11,"{'C': 60, 'H': 40, 'S': 11}",1112.0057842076,neutral,0,PPS,Polyphenylene Sulfide,h_shift,M + 9×repeat | H shift -2,0,-2,,,,0.0
C60H40S11,"{'C': 60, 'H': 40, 'S': 11}",1112.0057842076,negative,-1,PPS,Polyphenylene Sulfide,adduct,M + 9×repeat | H shift -1 | -H,0,-1,-H,,,0.0
C60H40S11,"{'C': 60, 'H': 40, 'S': 11}",1112.0057842076,neutral,0,PPS,Polyphenylene Sulfide,neutral_loss,M + 9×repeat | -H2,0,0,,H2,,0.0
C60H40S9,"{'C': 60, 'H': 40, 'S': 9}",1048.0616418588,positive,1,PPS,Polyphenylene Sulfide,adduct,break 2 bond(s) + 9×repeat | H shift -1 | H,2,-1,H,,"[1, 2, 3, 4, 6, 7, 9, 10, 12, 13]",0.0
C60H40S9,"{'C': 60, 'H': 40, 'S': 9}",1048.0616418588,neutral,0,PPS,Polyphenylene Sulfide,fragment,break 2 bond(s) + 9×repeat,2,0,,,"[1, 2, 3, 4, 6, 7, 9, 10, 12, 13]",0.0
C60H40S9,"{'C': 60, 'H': 40, 'S': 9}",1048.0616418588,negative,-1,PPS,Polyphenylene Sulfide,adduct,break 2 bond(s) + 9×repeat | H shift +1 | -H,2,1,-H,,"[1, 2, 3, 4, 6, 7, 9, 10, 12, 13]",0.0
C60H40S9,"{'C': 60, 'H': 40, 'S': 9}",1048.0616418588,neutral,0,PPS,Polyphenylene Sulfide,neutral_loss,break 2 bond(s) + 9×repeat | H shift +2 | -H2,2,2,,H2,"[1, 2, 3, 4, 6, 7, 9, 10, 12, 13]",0.0
C60H41ClS10,"{'C': 60, 'S': 10, 'H': 41, 'Cl': 1}",1116.01039074743,negative,-1,PPS,Polyphenylene Sulfide,adduct,break 1 bond(s) + 9×repeat | Cl | ; | break 1 bond(s) + 9×repeat | Cl,1,0,Cl,,"[1, 2, 3, 4, 5, 6, 7, 9, 10, 11, 12, 13]",0.0
C60H41ClS11,"{'C': 60, 'H': 41, 'S': 11, 'Cl': 1}",1147.98246192183,negative,-1,PPS,Polyphenylene Sulfide,adduct,M + 9×repeat | H shift -1 | Cl,0,-1,Cl,,,0.0
C60H41ClS9,"{'C': 60, 'H': 41, 'S': 9, 'Cl': 1}",1084.03831957303,negative,-1,PPS,Polyphenylene Sulfide,adduct,break 2 bond(s) + 9×repeat | H shift +1 | Cl,2,1,Cl,,"[1, 2, 3, 4, 6, 7, 9, 10, 12, 13]",0.0
C60H41KS10,"{'C': 60, 'S': 10, 'H': 41, 'K': 1}",1120.00524455183,positive,1,PPS,Polyphenylene Sulfide,adduct,break 1 bond(s) + 9×repeat | K | ; | break 1 bond(s) + 9×repeat | K,1,0,K,,"[1, 2, 3, 4, 5, 6, 7, 9, 10, 11, 12, 13]",0.0
C60H41KS11,"{'C': 60, 'H': 41, 'S': 11, 'K': 1}",1151.97731572623,positive,1,PPS,Polyphenylene Sulfide,adduct,M + 9×repeat | H shift -1 | K,0,-1,K,,,0.0
C60H41KS9,"{'C': 60, 'H': 41, 'S': 9, 'K': 1}",1088.03317337743,positive,1,PPS,Polyphenylene Sulfide,adduct,break 2 bond(s) + 9×repeat | H shift +1 | K,2,1,K,,"[1, 2, 3, 4, 6, 7, 9, 10, 12, 13]",0.0
C60H41NaS10,"{'C': 60, 'S': 10, 'H': 41, 'Na': 1}",1104.0313073474301,positive,1,PPS,Polyphenylene Sulfide,adduct,break 1 bond(s) + 9×repeat | Na | ; | break 1 bond(s) + 9×repeat | Na,1,0,Na,,"[1, 2, 3, 4, 5, 6, 7, 9, 10, 11, 12, 13]",0.0
C60H41NaS11,"{'C': 60, 'H': 41, 'S': 11, 'Na': 1}",1136.00337852183,positive,1,PPS,Polyphenylene Sulfide,adduct,M + 9×repeat | H shift -1 | Na,0,-1,Na,,,0.0
C60H41NaS9,"{'C': 60, 'H': 41, 'S': 9, 'Na': 1}",1072.05923617303,positive,1,PPS,Polyphenylene Sulfide,adduct,break 2 bond(s) + 9×repeat | H shift +1 | Na,2,1,Na,,"[1, 2, 3, 4, 6, 7, 9, 10, 12, 13]",0.0
C60H41OS10,"{'C': 60, 'S': 10, 'H': 41, 'O': 1}",1097.036452685,negative,-1,PPS,Polyphenylene Sulfide,adduct,break 1 bond(s) + 9×repeat | H shift -1 | OH | ; | break 1 bond(s) + 9×repeat | O | ; | break 1 bond(s) + 9×repeat | H shift -1 | OH,1,-1,OH,,"[1, 2, 3, 4, 5, 6, 7, 9, 10, 11, 12, 13]",0.0
C60H41OS11,"{'C': 60, 'H': 41, 'S': 11, 'O': 1}",1129.0085238594,negative,-1,PPS,Polyphenylene Sulfide,adduct,M + 9×repeat | H shift -2 | OH | ; | M + 9×repeat | H shift -1 | O,0,-2,OH,,,0.0
C60H41OS9,"{'C': 60, 'H': 41, 'S': 9, 'O': 1}",1065.0643815106,negative,-1,PPS,Polyphenylene Sulfide,adduct,break 2 bond(s) + 9×repeat | OH | ; | break 2 bond(s) + 9×repeat | H shift +1 | O,2,0,OH,,"[1, 2, 3, 4, 6, 7, 9, 10, 12, 13]",0.0
C60H41S10,"{'C': 60, 'S': 10, 'H': 41}",1081.0415380654301,positive,1,PPS,Polyphenylene Sulfide,adduct,break 1 bond(s) + 9×repeat | H shift -1 | H | ; | break 1 bond(s) + 9×repeat | H shift -1 | H,1,-1,H,,"[1, 2, 3, 4, 5, 6, 7, 9, 10, 11, 12, 13]",0.0
C60H41S10,"{'C': 60, 'S': 10, 'H': 41}",1081.0415380654301,neutral,0,PPS,Polyphenylene Sulfide,fragment,break 1 bond(s) + 9×repeat | ; | break 1 bond(s) + 9×repeat,1,0,,,"[1, 2, 3, 4, 5, 6, 7, 9, 10, 11, 12, 13]",0.0
C60H41S10,"{'C': 60, 'S': 10, 'H': 41}",1081.0415380654301,negative,-1,PPS,Polyphenylene Sulfide,adduct,break 1 bond(s) + 9×repeat | H shift +1 | -H | ; | break 1 bond(s) + 9×repeat | H shift +1 | -H,1,1,-H,,"[1, 2, 3, 4, 5, 6, 7, 9, 10, 11, 12, 13]",0.0
C60H41S10,"{'C': 60, 'S': 10, 'H': 41}",1081.0415380654301,neutral,0,PPS,Polyphenylene Sulfide,neutral_loss,break 1 bond(s) + 9×repeat | H shift +2 | -H2 | ; | break 1 bond(s) + 9×repeat | H shift +2 | -H2,1,2,,H2,"[1, 2, 3, 4, 5, 6, 7, 9, 10, 11, 12, 13]",0.0
C60H41S11,"{'C': 60, 'H': 41, 'S': 11}",1113.01360923983,positive,1,PPS,Polyphenylene Sulfide,adduct,M + 9×repeat | H shift -2 | H,0,-2,H,,,0.0
C60H41S11,"{'C': 60, 'H': 41, 'S': 11}",1113.01360923983,neutral,0,PPS,Polyphenylene Sulfide,h_shift,M + 9×repeat | H shift -1,0,-1,,,,0.0
C60H41S11,"{'C': 60, 'H': 41, 'S': 11}",1113.01360923983,neutral,0,PPS,Polyphenylene Sulfide,neutral_loss,M + 9×repeat | H shift +1 | -H2,0,1,,H2,,0.0
C60H41S9,"{'C': 60, 'H': 41, 'S': 9}",1049.06946689103,positive,1,PPS,Polyphenylene Sulfide,adduct,break 2 bond(s) + 9×repeat | H,2,0,H,,"[1, 2, 3, 4, 6, 7, 9, 10, 12, 13]",0.0
C60H41S9,"{'C': 60, 'H': 41, 'S': 9}",1049.06946689103,neutral,0,PPS,Polyphenylene Sulfide,h_shift,break 2 bond(s) + 9×repeat | H shift +1,2,1,,,"[1, 2, 3, 4, 6, 7, 9, 10, 12, 13]",0.0
C60H41S9,"{'C': 60, 'H': 41, 'S': 9}",1049.06946689103,negative,-1,PPS,Polyphenylene Sulfide,adduct,break 2 bond(s) + 9×repeat | H shift +2 | -H,2,2,-H,,"[1, 2, 3, 4, 6, 7, 9, 10, 12, 13]",0.0
C60H42ClS10,"{'C': 60, 'S': 10, 'H': 42, 'Cl': 1}",1117.01821577966,negative,-1,PPS,Polyphenylene Sulfide,adduct,break 1 bond(s) + 9×repeat | H shift +1 | Cl | ; | break 1 bond(s) + 9×repeat | H shift +1 | Cl,1,1,Cl,,"[1, 2, 3, 4, 5, 6, 7, 9, 10, 11, 12, 13]",0.0
C60H42ClS11,"{'C': 60, 'H': 42, 'S': 11, 'Cl': 1}",1148.99028695406,negative,-1,PPS,Polyphenylene Sulfide,adduct,M + 9×repeat | Cl,0,0,Cl,,,0.0
C60H42ClS9,"{'C': 60, 'H': 42, 'S': 9, 'Cl': 1}",1085.04614460526,negative,-1,PPS,Polyphenylene Sulfide,adduct,break 2 bond(s) + 9×repeat | H shift +2 | Cl,2,2,Cl,,"[1, 2, 3, 4, 6, 7, 9, 10, 12, 13]",0.0
C60H42KS10,"{'C': 60, 'S': 10, 'H': 42, 'K': 1}",1121.01306958406,positive,1,PPS,Polyphenylene Sulfide,adduct,break 1 bond(s) + 9×repeat | H shift +1 | K | ; | break 1 bond(s) + 9×repeat | H shift +1 | K,1,1,K,,"[1, 2, 3, 4, 5, 6, 7, 9, 10, 11, 12, 13]",0.0
C60H42KS11,"{'C': 60, 'H': 42, 'S': 11, 'K': 1}",1152.98514075846,positive,1,PPS,Polyphenylene Sulfide,adduct,M + 9×repeat | K,0,0,K,,,0.0
C60H42KS9,"{'C': 60, 'H': 42, 'S': 9, 'K': 1}",1089.04099840966,positive,1,PPS,Polyphenylene Sulfide,adduct,break 2 bond(s) + 9×repeat | H shift +2 | K,2,2,K,,"[1, 2, 3, 4, 6, 7, 9, 10, 12, 13]",0.0
C60H42NaS10,"{'C': 60, 'S': 10, 'H': 42, 'Na': 1}",1105.03913237966,positive,1,PPS,Polyphenylene Sulfide,adduct,break 1 bond(s) + 9×repeat | H shift +1 | Na | ; | break 1 bond(s) + 9×repeat | H shift +1 | Na,1,1,Na,,"[1, 2, 3, 4, 5, 6, 7, 9, 10, 11, 12, 13]",0.0
C60H42NaS11,"{'C': 60, 'H': 42, 'S': 11, 'Na': 1}",1137.0112035540599,positive,1,PPS,Polyphenylene Sulfide,adduct,M + 9×repeat | Na,0,0,Na,,,0.0
C60H42NaS9,"{'C': 60, 'H': 42, 'S': 9, 'Na': 1}",1073.06706120526,positive,1,PPS,Polyphenylene Sulfide,adduct,break 2 bond(s) + 9×repeat | H shift +2 | Na,2,2,Na,,"[1, 2, 3, 4, 6, 7, 9, 10, 12, 13]",0.0
C60H42OS10,"{'C': 60, 'S': 10, 'H': 42, 'O': 1}",1098.04427771723,negative,-1,PPS,Polyphenylene Sulfide,adduct,break 1 bond(s) + 9×repeat | OH | ; | break 1 bond(s) + 9×repeat | H shift +1 | O | ; | break 1 bond(s) + 9×repeat | OH,1,0,OH,,"[1, 2, 3, 4, 5, 6, 7, 9, 10, 11, 12, 13]",0.0
C60H42OS11,"{'C': 60, 'H': 42, 'S': 11, 'O': 1}",1130.01634889163,negative,-1,PPS,Polyphenylene Sulfide,adduct,M + 9×repeat | H shift -1 | OH | ; | M + 9×repeat | O,0,-1,OH,,,0.0
C60H42OS9,"{'C': 60, 'H': 42, 'S': 9, 'O': 1}",1066.07220654283,negative,-1,PPS,Polyphenylene Sulfide,adduct,break 2 bond(s) + 9×repeat | H shift +1 | OH | ; | break 2 bond(s) + 9×repeat | H shift +2 | O,2,1,OH,,"[1, 2, 3, 4, 6, 7, 9, 10, 12, 13]",0.0
C60H42S10,"{'C': 60, 'S': 10, 'H': 42}",1082.04936309766,positive,1,PPS,Polyphenylene Sulfide,adduct,break 1 bond(s) + 9×repeat | H | ; | break 1 bond(s) + 9×repeat | H,1,0,H,,"[1, 2, 3, 4, 5, 6, 7, 9, 10, 11, 12, 13]",0.0
C60H42S10,"{'C': 60, 'S': 10, 'H': 42}",1082.04936309766,neutral,0,PPS,Polyphenylene Sulfide,h_shift,break 1 bond(s) + 9×repeat | H shift +1 | ; | break 1 bond(s) + 9×repeat | H shift +1,1,1,,,"[1, 2, 3, 4, 5, 6, 7, 9, 10, 11, 12, 13]",0.0
C60H42S10,"{'C': 60, 'S': 10, 'H': 42}",1082.04936309766,negative,-1,PPS,Polyphenylene Sulfide,adduct,break 1 bond(s) + 9×repeat | H shift +2 | -H | ; | break 1 bond(s) + 9×repeat | H shift +2 | -H,1,2,-H,,"[1, 2, 3, 4, 5, 6, 7, 9, 10, 11, 12, 13]",0.0
C60H42S11,"{'C': 60, 'H': 42, 'S': 11}",1114.0214342720599,positive,1,PPS,Polyphenylene Sulfide,adduct,M + 9×repeat | H shift -1 | H,0,-1,H,,,0.0
C60H42S11,"{'C': 60, 'H': 42, 'S': 11}",1114.0214342720599,negative,-1,PPS,Polyphenylene Sulfide,adduct,M + 9×repeat | H shift +1 | -H,0,1,-H,,,0.0
C60H42S11,"{'C': 60, 'H': 42, 'S': 11}",1114.0214342720599,neutral,0,PPS,Polyphenylene Sulfide,neutral_loss,M + 9×repeat | H shift +2 | -H2,0,2,,H2,,0.0
C60H42S9,"{'C': 60, 'H': 42, 'S': 9}",1050.07729192326,positive,1,PPS,Polyphenylene Sulfide,adduct,break 2 bond(s) + 9×repeat | H shift +1 | H,2,1,H,,"[1, 2, 3, 4, 6, 7, 9, 10, 12, 13]",0.0
C60H42S9,"{'C': 60, 'H': 42, 'S': 9}",1050.07729192326,neutral,0,PPS,Polyphenylene Sulfide,h_shift,break 2 bond(s) + 9×repeat | H shift +2,2,2,,,"[1, 2, 3, 4, 6, 7, 9, 10, 12, 13]",0.0
C60H43ClS10,"{'C': 60, 'S': 10, 'H': 43, 'Cl': 1}",1118.02604081189,negative,-1,PPS,Polyphenylene Sulfide,adduct,break 1 bond(s) + 9×repeat | H shift +2 | Cl | ; | break 1 bond(s) + 9×repeat | H shift +2 | Cl,1,2,Cl,,"[1, 2, 3, 4, 5, 6, 7, 9, 10, 11, 12, 13]",0.0
C60H43ClS11,"{'C': 60, 'H': 43, 'S': 11, 'Cl': 1}",1149.99811198629,negative,-1,PPS,Polyphenylene Sulfide,adduct,M + 9×repeat | H shift +1 | Cl,0,1,Cl,,,0.0
C60H43KS10,"{'C': 60, 'S': 10, 'H': 43, 'K': 1}",1122.02089461629,positive,1,PPS,Polyphenylene Sulfide,adduct,break 1 bond(s) + 9×repeat | H shift +2 | K | ; | break 1 bond(s) + 9×repeat | H shift +2 | K,1,2,K,,"[1, 2, 3, 4, 5, 6, 7, 9, 10, 11, 12, 13]",0.0
C60H43KS11,"{'C': 60, 'H': 43, 'S': 11, 'K': 1}",1153.99296579069,positive,1,PPS,Polyphenylene Sulfide,adduct,M + 9×repeat | H shift +1 | K,0,1,K,,,0.0
C60H43NaS10,"{'C': 60, 'S': 10, 'H': 43, 'Na': 1}",1106.04695741189,positive,1,PPS,Polyphenylene Sulfide,adduct,break 1 bond(s) + 9×repeat | H shift +2 | Na | ; | break 1 bond(s) + 9×repeat | H shift +2 | Na,1,2,Na,,"[1, 2, 3, 4, 5, 6, 7, 9, 10, 11, 12, 13]",0.0
C60H43NaS11,"{'C': 60, 'H': 43, 'S': 11, 'Na': 1}",1138.01902858629,positive,1,PPS,Polyphenylene Sulfide,adduct,M + 9×repeat | H shift +1 | Na,0,1,Na,,,0.0
C60H43OS10,"{'C': 60, 'S': 10, 'H': 43, 'O': 1}",1099.0521027494601,negative,-1,PPS,Polyphenylene Sulfide,adduct,break 1 bond(s) + 9×repeat | H shift +1 | OH | ; | break 1 bond(s) + 9×repeat | H shift +2 | O | ; | break 1 bond(s) + 9×repeat | H shift +1 | OH,1,1,OH,,"[1, 2, 3, 4, 5, 6, 7, 9, 10, 11, 12, 13]",0.0
C60H43OS11,"{'C': 60, 'H': 43, 'S': 11, 'O': 1}",1131.02417392386,negative,-1,PPS,Polyphenylene Sulfide,adduct,M + 9×repeat | OH | ; | M + 9×repeat | H shift +1 | O,0,0,OH,,,0.0
C60H43OS9,"{'C': 60, 'H': 43, 'S': 9, 'O': 1}",1067.08003157506,negative,-1,PPS,Polyphenylene Sulfide,adduct,break 2 bond(s) + 9×repeat | H shift +2 | OH,2,2,OH,,"[1, 2, 3, 4, 6, 7, 9, 10, 12, 13]",0.0
C60H43S10,"{'C': 60, 'S': 10, 'H': 43}",1083.05718812989,positive,1,PPS,Polyphenylene Sulfide,adduct,break 1 bond(s) + 9×repeat | H shift +1 | H | ; | break 1 bond(s) + 9×repeat | H shift +1 | H,1,1,H,,"[1, 2, 3, 4, 5, 6, 7, 9, 10, 11, 12, 13]",0.0
C60H43S10,"{'C': 60, 'S': 10, 'H': 43}",1083.05718812989,neutral,0,PPS,Polyphenylene Sulfide,h_shift,break 1 bond(s) + 9×repeat | H shift +2 | ; | break 1 bond(s) + 9×repeat | H shift +2,1,2,,,"[1, 2, 3, 4, 5, 6, 7, 9, 10, 11, 12, 13]",0.0
C60H43S11,"{'C': 60, 'H': 43, 'S': 11}",1115.02925930429,neutral,0,PPS,Polyphenylene Sulfide,h_shift,M + 9×repeat | H shift +1,0,1,,,,0.0
C60H43S11,"{'C': 60, 'H': 43, 'S': 11}",1115.02925930429,negative,-1,PPS,Polyphenylene Sulfide,adduct,M + 9×repeat | H shift +2 | -H,0,2,-H,,,0.0
C60H43S9,"{'C': 60, 'H': 43, 'S': 9}",1051.08511695549,positive,1,PPS,Polyphenylene Sulfide,adduct,break 2 bond(s) + 9×repeat | H shift +2 | H,2,2,H,,"[1, 2, 3, 4, 6, 7, 9, 10, 12, 13]",0.0
C60H44ClS11,"{'C': 60, 'H': 44, 'S': 11, 'Cl': 1}",1151.00593701852,negative,-1,PPS,Polyphenylene Sulfide,adduct,M + 9×repeat | H shift +2 | Cl,0,2,Cl,,,0.0
C60H44KS11,"{'C': 60, 'H': 44, 'S': 11, 'K': 1}",1155.00079082292,positive,1,PPS,Polyphenylene Sulfide,adduct,M + 9×repeat | H shift +2 | K,0,2,K,,,0.0
C60H44NaS11,"{'C': 60, 'H': 44, 'S': 11, 'Na': 1}",1139.02685361852,positive,1,PPS,Polyphenylene Sulfide,adduct,M + 9×repeat | H shift +2 | Na,0,2,Na,,,0.0
C60H44OS10,"{'C': 60, 'S': 10, 'H': 44, 'O': 1}",1100.05992778169,negative,-1,PPS,Polyphenylene Sulfide,adduct,break 1 bond(s) + 9×repeat | H shift +2 | OH | ; | break 1 bond(s) + 9×repeat | H shift +2 | OH,1,2,OH,,"[1, 2, 3, 4, 5, 6, 7, 9, 10, 11, 12, 13]",0.0
C60H44OS11,"{'C': 60, 'H': 44, 'S': 11, 'O': 1}",1132.03199895609,negative,-1,PPS,Polyphenylene Sulfide,adduct,M + 9×repeat | H shift +1 | OH | ; | M + 9×repeat | H shift +2 | O,0,1,OH,,,0.0
C60H44S10,"{'C': 60, 'S': 10, 'H': 44}",1084.06501316212,positive,1,PPS,Polyphenylene Sulfide,adduct,break 1 bond(s) + 9×repeat | H shift +2 | H | ; | break 1 bond(s) + 9×repeat | H shift +2 | H,1,2,H,,"[1, 2, 3, 4, 5, 6, 7, 9, 10, 11, 12, 13]",0.0
C60H44S11,"{'C': 60, 'H': 44, 'S': 11}",1116.03708433652,positive,1,PPS,Polyphenylene Sulfide,adduct,M + 9×repeat | H shift +1 | H,0,1,H,,,0.0
C60H44S11,"{'C': 60, 'H': 44, 'S': 11}",1116.03708433652,neutral,0,PPS,Polyphenylene Sulfide,h_shift,M + 9×repeat | H shift +2,0,2,,,,0.0
C60H45OS11,"{'C': 60, 'H': 45, 'S': 11, 'O': 1}",1133.03982398832,negative,-1,PPS,Polyphenylene Sulfide,adduct,M + 9×repeat | H shift +2 | OH,0,2,OH,,,0.0
C60H45S11,"{'C': 60, 'H': 45, 'S': 11}",1117.04490936875,positive,1,PPS,Polyphenylene Sulfide,adduct,M + 9×repeat | H shift +2 | H,0,2,H,,,0.0
C65H39S10,"{'C': 65, 'H': 39, 'S': 10}",1139.02588800097,neutral,0,PPS,Polyphenylene Sulfide,neutral_loss,break 2 bond(s) + 10×repeat | H shift -2 | -CH3,2,-2,,CH3,"[1, 2, 3, 4, 6, 7, 9, 10, 12, 13]",0.0
C65H40S10,"{'C': 65, 'H': 40, 'S': 10}",1140.0337130332,neutral,0,PPS,Polyphenylene Sulfide,neutral_loss,break 2 bond(s) + 10×repeat | H shift -1 | -CH3,2,-1,,CH3,"[1, 2, 3, 4, 6, 7, 9, 10, 12, 13]",0.0
C65H40S11,"{'C': 65, 'S': 11, 'H': 40}",1172.0057842076,neutral,0,PPS,Polyphenylene Sulfide,neutral_loss,break 1 bond(s) + 10×repeat | H shift -2 | -CH3 | ; | break 1 bond(s) + 10×repeat | H shift -2 | -CH3,1,-2,,CH3,"[1, 2, 3, 4, 5, 6, 7, 9, 10, 11, 12, 13]",0.0
C65H41S10,"{'C': 65, 'H': 41, 'S': 10}",1141.0415380654301,neutral,0,PPS,Polyphenylene Sulfide,neutral_loss,break 2 bond(s) + 10×repeat | -CH3,2,0,,CH3,"[1, 2, 3, 4, 6, 7, 9, 10, 12, 13]",0.0
C65H41S11,"{'C': 65, 'S': 11, 'H': 41}",1173.01360923983,neutral,0,PPS,Polyphenylene Sulfide,neutral_loss,break 1 bond(s) + 10×repeat | H shift -1 | -CH3 | ; | break 1 bond(s) + 10×repeat | H shift -1 | -CH3,1,-1,,CH3,"[1, 2, 3, 4, 5, 6, 7, 9, 10, 11, 12, 13]",0.0
C65H41S12,"{'C': 65, 'H': 41, 'S': 12}",1204.98568041423,neutral,0,PPS,Polyphenylene Sulfide,neutral_loss,M + 10×repeat | H shift -2 | -CH3,0,-2,,CH3,,0.0
C65H42S10,"{'C': 65, 'H': 42, 'S': 10}",1142.04936309766,neutral,0,PPS,Polyphenylene Sulfide,neutral_loss,break 2 bond(s) + 10×repeat | H shift +1 | -CH3,2,1,,CH3,"[1, 2, 3, 4, 6, 7, 9, 10, 12, 13]",0.0
C65H42S11,"{'C': 65, 'S': 11, 'H': 42}",1174.0214342720599,neutral,0,PPS,Polyphenylene Sulfide,neutral_loss,break 1 bond(s) + 10×repeat | -CH3 | ; | break 1 bond(s) + 10×repeat | -CH3,1,0,,CH3,"[1, 2, 3, 4, 5, 6, 7, 9, 10, 11, 12, 13]",0.0
C65H42S12,"{'C': 65, 'H': 42, 'S': 12}",1205.99350544646,neutral,0,PPS,Polyphenylene Sulfide,neutral_loss,M + 10×repeat | H shift -1 | -CH3,0,-1,,CH3,,0.0
C65H43S10,"{'C': 65, 'H': 43, 'S': 10}",1143.05718812989,neutral,0,PPS,Polyphenylene Sulfide,neutral_loss,break 2 bond(s) + 10×repeat | H shift +2 | -CH3,2,2,,CH3,"[1, 2, 3, 4, 6, 7, 9, 10, 12, 13]",0.0
C65H43S11,"{'C': 65, 'S': 11, 'H': 43}",1175.02925930429,neutral,0,PPS,Polyphenylene Sulfide,neutral_loss,break 1 bond(s) + 10×repeat | H shift +1 | -CH3 | ; | break 1 bond(s) + 10×repeat | H shift +1 | -CH3,1,1,,CH3,"[1, 2, 3, 4, 5, 6, 7, 9, 10, 11, 12, 13]",0.0
C65H43S12,"{'C': 65, 'H': 43, 'S': 12}",1207.00133047869,neutral,0,PPS,Polyphenylene Sulfide,neutral_loss,M + 10×repeat | -CH3,0,0,,CH3,,0.0
C65H44S11,"{'C': 65, 'S': 11, 'H': 44}",1176.03708433652,neutral,0,PPS,Polyphenylene Sulfide,neutral_loss,break 1 bond(s) + 10×repeat | H shift +2 | -CH3 | ; | break 1 bond(s) + 10×repeat | H shift +2 | -CH3,1,2,,CH3,"[1, 2, 3, 4, 5, 6, 7, 9, 10, 11, 12, 13]",0.0
C65H44S12,"{'C': 65, 'H': 44, 'S': 12}",1208.00915551092,neutral,0,PPS,Polyphenylene Sulfide,neutral_loss,M + 10×repeat | H shift +1 | -CH3,0,1,,CH3,,0.0
C65H45S12,"{'C': 65, 'H': 45, 'S': 12}",1209.01698054315,neutral,0,PPS,Polyphenylene Sulfide,neutral_loss,M + 10×repeat | H shift +2 | -CH3,0,2,,CH3,,0.0
C66H40S10,"{'C': 66, 'H': 40, 'S': 10}",1152.0337130332,neutral,0,PPS,Polyphenylene Sulfide,neutral_loss,break 2 bond(s) + 10×repeat | H shift -2 | -H2,2,-2,,H2,"[1, 2, 3, 4, 6, 7, 9, 10, 12, 13]",0.0
C66H41S10,"{'C': 66, 'H': 41, 'S': 10}",1153.0415380654301,negative,-1,PPS,Polyphenylene Sulfide,adduct,break 2 bond(s) + 10×repeat | H shift -2 | -H,2,-2,-H,,"[1, 2, 3, 4, 6, 7, 9, 10, 12, 13]",0.0
C66H41S10,"{'C': 66, 'H': 41, 'S': 10}",1153.0415380654301,neutral,0,PPS,Polyphenylene Sulfide,neutral_loss,break 2 bond(s) + 10×repeat | H shift -1 | -H2,2,-1,,H2,"[1, 2, 3, 4, 6, 7, 9, 10, 12, 13]",0.0
C66H41S11,"{'C': 66, 'S': 11, 'H': 41}",1185.01360923983,neutral,0,PPS,Polyphenylene Sulfide,neutral_loss,break 1 bond(s) + 10×repeat | H shift -2 | -H2 | ; | break 1 bond(s) + 10×repeat | H shift -2 | -H2,1,-2,,H2,"[1, 2, 3, 4, 5, 6, 7, 9, 10, 11, 12, 13]",0.0
C66H42ClS10,"{'C': 66, 'H': 42, 'S': 10, 'Cl': 1}",1189.01821577966,negative,-1,PPS,Polyphenylene Sulfide,adduct,break 2 bond(s) + 10×repeat | H shift -2 | Cl,2,-2,Cl,,"[1, 2, 3, 4, 6, 7, 9, 10, 12, 13]",0.0
C66H42KS10,"{'C': 66, 'H': 42, 'S': 10, 'K': 1}",1193.01306958406,positive,1,PPS,Polyphenylene Sulfide,adduct,break 2 bond(s) + 10×repeat | H shift -2 | K,2,-2,K,,"[1, 2, 3, 4, 6, 7, 9, 10, 12, 13]",0.0
C66H42NaS10,"{'C': 66, 'H': 42, 'S': 10, 'Na': 1}",1177.03913237966,positive,1,PPS,Polyphenylene Sulfide,adduct,break 2 bond(s) + 10×repeat | H shift -2 | Na,2,-2,Na,,"[1, 2, 3, 4, 6, 7, 9, 10, 12, 13]",0.0
C66H42OS10,"{'C': 66, 'H': 42, 'S': 10, 'O': 1}",1170.04427771723,negative,-1,PPS,Polyphenylene Sulfide,adduct,break 2 bond(s) + 10×repeat | H shift -2 | O,2,-2,O,,"[1, 2, 3, 4, 6, 7, 9, 10, 12, 13]",0.0
C66H42S10,"{'C': 66, 'H': 42, 'S': 10}",1154.04936309766,neutral,0,PPS,Polyphenylene Sulfide,h_shift,break 2 bond(s) + 10×repeat | H shift -2,2,-2,,,"[1, 2, 3, 4, 6, 7, 9, 10, 12, 13]",0.0
C66H42S10,"{'C': 66, 'H': 42, 'S': 10}",1154.04936309766,negative,-1,PPS,Polyphenylene Sulfide,adduct,break 2 bond(s) + 10×repeat | H shift -1 | -H,2,-1,-H,,"[1, 2, 3, 4, 6, 7, 9, 10, 12, 13]",0.0
C66H42S10,"{'C': 66, 'H': 42, 'S': 10}",1154.04936309766,neutral,0,PPS,Polyphenylene Sulfide,neutral_loss,break 2 bond(s) + 10×repeat | -H2,2,0,,H2,"[1, 2, 3, 4, 6, 7, 9, 10, 12, 13]",0.0
C66H42S11,"{'C': 66, 'S': 11, 'H': 42}",1186.0214342720599,negative,-1,PPS,Polyphenylene Sulfide,adduct,break 1 bond(s) + 10×repeat | H shift -2 | -H | ; | break 1 bond(s) + 10×repeat | H shift -2 | -H,1,-2,-H,,"[1, 2, 3, 4, 5, 6, 7, 9, 10, 11, 12, 13]",0.0
C66H42S11,"{'C': 66, 'S': 11, 'H': 42}",1186.0214342720599,neutral,0,PPS,Polyphenylene Sulfide,neutral_loss,break 1 bond(s) + 10×repeat | H shift -1 | -H2 | ; | break 1 bond(s) + 10×repeat | H shift -1 | -H2,1,-1,,H2,"[1, 2, 3, 4, 5, 6, 7, 9, 10, 11, 12, 13]",0.0
C66H42S12,"{'C': 66, 'H': 42, 'S': 12}",1217.99350544646,neutral,0,PPS,Polyphenylene Sulfide,neutral_loss,M + 10×repeat | H shift -2 | -H2,0,-2,,H2,,0.0
C66H43ClS10,"{'C': 66, 'H': 43, 'S': 10, 'Cl': 1}",1190.02604081189,negative,-1,PPS,Polyphenylene Sulfide,adduct,break 2 bond(s) + 10×repeat | H shift -1 | Cl,2,-1,Cl,,"[1, 2, 3, 4, 6, 7, 9, 10, 12, 13]",0.0
C66H43ClS11,"{'C': 66, 'S': 11, 'H': 43, 'Cl': 1}",1221.99811198629,negative,-1,PPS,Polyphenylene Sulfide,adduct,break 1 bond(s) + 10×repeat | H shift -2 | Cl | ; | break 1 bond(s) + 10×repeat | H shift -2 | Cl,1,-2,Cl,,"[1, 2, 3, 4, 5, 6, 7, 9, 10, 11, 12, 13]",0.0
C66H43KS10,"{'C': 66, 'H': 43, 'S': 10, 'K': 1}",1194.02089461629,positive,1,PPS,Polyphenylene Sulfide,adduct,break 2 bond(s) + 10×repeat | H shift -1 | K,2,-1,K,,"[1, 2, 3, 4, 6, 7, 9, 10, 12, 13]",0.0
C66H43KS11,"{'C': 66, 'S': 11, 'H': 43, 'K': 1}",1225.99296579069,positive,1,PPS,Polyphenylene Sulfide,adduct,break 1 bond(s) + 10×repeat | H shift -2 | K | ; | break 1 bond(s) + 10×repeat | H shift -2 | K,1,-2,K,,"[1, 2, 3, 4, 5, 6, 7, 9, 10, 11, 12, 13]",0.0
C66H43NaS10,"{'C': 66, 'H': 43, 'S': 10, 'Na': 1}",1178.04695741189,positive,1,PPS,Polyphenylene Sulfide,adduct,break 2 bond(s) + 10×repeat | H shift -1 | Na,2,-1,Na,,"[1, 2, 3, 4, 6, 7, 9, 10, 12, 13]",0.0
C66H43NaS11,"{'C': 66, 'S': 11, 'H': 43, 'Na': 1}",1210.01902858629,positive,1,PPS,Polyphenylene Sulfide,adduct,break 1 bond(s) + 10×repeat | H shift -2 | Na | ; | break 1 bond(s) + 10×repeat | H shift -2 | Na,1,-2,Na,,"[1, 2, 3, 4, 5, 6, 7, 9, 10, 11, 12, 13]",0.0
C66H43OS10,"{'C': 66, 'H': 43, 'S': 10, 'O': 1}",1171.0521027494601,negative,-1,PPS,Polyphenylene Sulfide,adduct,break 2 bond(s) + 10×repeat | H shift -2 | OH | ; | break 2 bond(s) + 10×repeat | H shift -1 | O,2,-2,OH,,"[1, 2, 3, 4, 6, 7, 9, 10, 12, 13]",0.0
C66H43OS11,"{'C': 66, 'S': 11, 'H': 43, 'O': 1}",1203.02417392386,negative,-1,PPS,Polyphenylene Sulfide,adduct,break 1 bond(s) + 10×repeat | H shift -2 | O | ; | break 1 bond(s) + 10×repeat | H shift -2 | O,1,-2,O,,"[1, 2, 3, 4, 5, 6, 7, 9, 10, 11, 12, 13]",0.0
C66H43S10,"{'C': 66, 'H': 43, 'S': 10}",1155.05718812989,positive,1,PPS,Polyphenylene Sulfide,adduct,break 2 bond(s) + 10×repeat | H shift -2 | H,2,-2,H,,"[1, 2, 3, 4, 6, 7, 9, 10, 12, 13]",0.0
C66H43S10,"{'C': 66, 'H': 43, 'S': 10}",1155.05718812989,neutral,0,PPS,Polyphenylene Sulfide,h_shift,break 2 bond(s) + 10×repeat | H shift -1,2,-1,,,"[1, 2, 3, 4, 6, 7, 9, 10, 12, 13]",0.0
C66H43S10,"{'C': 66, 'H': 43, 'S': 10}",1155.05718812989,negative,-1,PPS,Polyphenylene Sulfide,adduct,break 2 bond(s) + 10×repeat | -H,2,0,-H,,"[1, 2, 3, 4, 6, 7, 9, 10, 12, 13]",0.0
C66H43S10,"{'C': 66, 'H': 43, 'S': 10}",1155.05718812989,neutral,0,PPS,Polyphenylene Sulfide,neutral_loss,break 2 bond(s) + 10×repeat | H shift +1 | -H2,2,1,,H2,"[1, 2, 3, 4, 6, 7, 9, 10, 12, 13]",0.0
C66H43S11,"{'C': 66, 'S': 11, 'H': 43}",1187.02925930429,neutral,0,PPS,Polyphenylene Sulfide,h_shift,break 1 bond(s) + 10×repeat | H shift -2 | ; | break 1 bond(s) + 10×repeat | H shift -2,1,-2,,,"[1, 2, 3, 4, 5, 6, 7, 9, 10, 11, 12, 13]",0.0
C66H43S11,"{'C': 66, 'S': 11, 'H': 43}",1187.02925930429,negative,-1,PPS,Polyphenylene Sulfide,adduct,break 1 bond(s) + 10×repeat | H shift -1 | -H | ; | break 1 bond(s) + 10×repeat | H shift -1 | -H,1,-1,-H,,"[1, 2, 3, 4, 5, 6, 7, 9, 10, 11, 12, 13]",0.0
C66H43S11,"{'C': 66, 'S': 11, 'H': 43}",1187.02925930429,neutral,0,PPS,Polyphenylene Sulfide,neutral_loss,break 1 bond(s) + 10×repeat | -H2 | ; | break 1 bond(s) + 10×repeat | -H2,1,0,,H2,"[1, 2, 3, 4, 5, 6, 7, 9, 10, 11, 12, 13]",0.0
C66H43S12,"{'C': 66, 'H': 43, 'S': 12}",1219.00133047869,negative,-1,PPS,Polyphenylene Sulfide,adduct,M + 10×repeat | H shift -2 | -H,0,-2,-H,,,0.0
C66H43S12,"{'C': 66, 'H': 43, 'S': 12}",1219.00133047869,neutral,0,PPS,Polyphenylene Sulfide,neutral_loss,M + 10×repeat | H shift -1 | -H2,0,-1,,H2,,0.0
C66H44ClS10,"{'C': 66, 'H': 44, 'S': 10, 'Cl': 1}",1191.03386584412,negative,-1,PPS,Polyphenylene Sulfide,adduct,break 2 bond(s) + 10×repeat | Cl,2,0,Cl,,"[1, 2, 3, 4, 6, 7, 9, 10, 12, 13]",0.0
C66H44ClS11,"{'C': 66, 'S': 11, 'H': 44, 'Cl': 1}",1223.00593701852,negative,-1,PPS,Polyphenylene Sulfide,adduct,break 1 bond(s) + 10×repeat | H shift -1 | Cl | ; | break 1 bond(s) + 10×repeat | H shift -1 | Cl,1,-1,Cl,,"[1, 2, 3, 4, 5, 6, 7, 9, 10, 11, 12, 13]",0.0
C66H44ClS12,"{'C': 66, 'H': 44, 'S': 12, 'Cl': 1}",1254.97800819292,negative,-1,PPS,Polyphenylene Sulfide,adduct,M + 10×repeat | H shift -2 | Cl,0,-2,Cl,,,0.0
C66H44KS10,"{'C': 66, 'H': 44, 'S': 10, 'K': 1}",1195.02871964852,positive,1,PPS,Polyphenylene Sulfide,adduct,break 2 bond(s) + 10×repeat | K,2,0,K,,"[1, 2, 3, 4, 6, 7, 9, 10, 12, 13]",0.0
C66H44KS11,"{'C': 66, 'S': 11, 'H': 44, 'K': 1}",1227.00079082292,positive,1,PPS,Polyphenylene Sulfide,adduct,break 1 bond(s) + 10×repeat | H shift -1 | K | ; | break 1 bond(s) + 10×repeat | H shift -1 | K,1,-1,K,,"[1, 2, 3, 4, 5, 6, 7, 9, 10, 11, 12, 13]",0.0
C66H44KS12,"{'C': 66, 'H': 44, 'S': 12, 'K': 1}",1258.97286199732,positive,1,PPS,Polyphenylene Sulfide,adduct,M + 10×repeat | H shift -2 | K,0,-2,K,,,0.0
C66H44NaS10,"{'C': 66, 'H': 44, 'S': 10, 'Na': 1}",1179.05478244412,positive,1,PPS,Polyphenylene Sulfide,adduct,break 2 bond(s) + 10×repeat | Na,2,0,Na,,"[1, 2, 3, 4, 6, 7, 9, 10, 12, 13]",0.0
C66H44NaS11,"{'C': 66, 'S': 11, 'H': 44, 'Na': 1}",1211.02685361852,positive,1,PPS,Polyphenylene Sulfide,adduct,break 1 bond(s) + 10×repeat | H shift -1 | Na | ; | break 1 bond(s) + 10×repeat | H shift -1 | Na,1,-1,Na,,"[1, 2, 3, 4, 5, 6, 7, 9, 10, 11, 12, 13]",0.0
C66H44NaS12,"{'C': 66, 'H': 44, 'S': 12, 'Na': 1}",1242.99892479292,positive,1,PPS,Polyphenylene Sulfide,adduct,M + 10×repeat | H shift -2 | Na,0,-2,Na,,,0.0
C66H44OS10,"{'C': 66, 'H': 44, 'S': 10, 'O': 1}",1172.05992778169,negative,-1,PPS,Polyphenylene Sulfide,adduct,break 2 bond(s) + 10×repeat | H shift -1 | OH | ; | break 2 bond(s) + 10×repeat | O,2,-1,OH,,"[1, 2, 3, 4, 6, 7, 9, 10, 12, 13]",0.0
C66H44OS11,"{'C': 66, 'S': 11, 'H': 44, 'O': 1}",1204.03199895609,negative,-1,PPS,Polyphenylene Sulfide,adduct,break 1 bond(s) + 10×repeat | H shift -2 | OH | ; | break 1 bond(s) + 10×repeat | H shift -1 | O | ; | break 1 bond(s) + 10×repeat | H shift -2 | OH,1,-2,OH,,"[1, 2, 3, 4, 5, 6, 7, 9, 10, 11, 12, 13]",0.0
C66H44OS12,"{'C': 66, 'H': 44, 'S': 12, 'O': 1}",1236.00407013049,negative,-1,PPS,Polyphenylene Sulfide,adduct,M + 10×repeat | H shift -2 | O,0,-2,O,,,0.0
C66H44S10,"{'C': 66, 'H': 44, 'S': 10}",1156.06501316212,positive,1,PPS,Polyphenylene Sulfide,adduct,break 2 bond(s) + 10×repeat | H shift -1 | H,2,-1,H,,"[1, 2, 3, 4, 6, 7, 9, 10, 12, 13]",0.0
C66H44S10,"{'C': 66, 'H': 44, 'S': 10}",1156.06501316212,neutral,0,PPS,Polyphenylene Sulfide,fragment,break 2 bond(s) + 10×repeat,2,0,,,"[1, 2, 3, 4, 6, 7, 9, 10, 12, 13]",0.0
C66H44S10,"{'C': 66, 'H': 44, 'S': 10}",1156.06501316212,negative,-1,PPS,Polyphenylene Sulfide,adduct,break 2 bond(s) + 10×repeat | H shift +1 | -H,2,1,-H,,"[1, 2, 3, 4, 6, 7, 9, 10, 12, 13]",0.0
C66H44S10,"{'C': 66, 'H': 44, 'S': 10}",1156.06501316212,neutral,0,PPS,Polyphenylene Sulfide,neutral_loss,break 2 bond(s) + 10×repeat | H shift +2 | -H2,2,2,,H2,"[1, 2, 3, 4, 6, 7, 9, 10, 12, 13]",0.0
C66H44S11,"{'C': 66, 'S': 11, 'H': 44}",1188.03708433652,positive,1,PPS,Polyphenylene Sulfide,adduct,break 1 bond(s) + 10×repeat | H shift -2 | H | ; | break 1 bond(s) + 10×repeat | H shift -2 | H,1,-2,H,,"[1, 2, 3, 4, 5, 6, 7, 9, 10, 11, 12, 13]",0.0
C66H44S11,"{'C': 66, 'S': 11, 'H': 44}",1188.03708433652,neutral,0,PPS,Polyphenylene Sulfide,h_shift,break 1 bond(s) + 10×repeat | H shift -1 | ; | break 1 bond(s) + 10×repeat | H shift -1,1,-1,,,"[1, 2, 3, 4, 5, 6, 7, 9, 10, 11, 12, 13]",0.0
C66H44S11,"{'C': 66, 'S': 11, 'H': 44}",1188.03708433652,negative,-1,PPS,Polyphenylene Sulfide,adduct,break 1 bond(s) + 10×repeat | -H | ; | break 1 bond(s) + 10×repeat | -H,1,0,-H,,"[1, 2, 3, 4, 5, 6, 7, 9, 10, 11, 12, 13]",0.0
C66H44S11,"{'C': 66, 'S': 11, 'H': 44}",1188.03708433652,neutral,0,PPS,Polyphenylene Sulfide,neutral_loss,break 1 bond(s) + 10×repeat | H shift +1 | -H2 | ; | break 1 bond(s) + 10×repeat | H shift +1 | -H2,1,1,,H2,"[1, 2, 3, 4, 5, 6, 7, 9, 10, 11, 12, 13]",0.0
C66H44S12,"{'C': 66, 'H': 44, 'S': 12}",1220.00915551092,neutral,0,PPS,Polyphenylene Sulfide,h_shift,M + 10×repeat | H shift -2,0,-2,,,,0.0
C66H44S12,"{'C': 66, 'H': 44, 'S': 12}",1220.00915551092,negative,-1,PPS,Polyphenylene Sulfide,adduct,M + 10×repeat | H shift -1 | -H,0,-1,-H,,,0.0
C66H44S12,"{'C': 66, 'H': 44, 'S': 12}",1220.00915551092,neutral,0,PPS,Polyphenylene Sulfide,neutral_loss,M + 10×repeat | -H2,0,0,,H2,,0.0
C66H45ClS10,"{'C': 66, 'H': 45, 'S': 10, 'Cl': 1}",1192.04169087635,negative,-1,PPS,Polyphenylene Sulfide,adduct,break 2 bond(s) + 10×repeat | H shift +1 | Cl,2,1,Cl,,"[1, 2, 3, 4, 6, 7, 9, 10, 12, 13]",0.0
C66H45ClS11,"{'C': 66, 'S': 11, 'H': 45, 'Cl': 1}",1224.01376205075,negative,-1,PPS,Polyphenylene Sulfide,adduct,break 1 bond(s) + 10×repeat | Cl | ; | break 1 bond(s) + 10×repeat | Cl,1,0,Cl,,"[1, 2, 3, 4, 5, 6, 7, 9, 10, 11, 12, 13]",0.0
C66H45ClS12,"{'C': 66, 'H': 45, 'S': 12, 'Cl': 1}",1255.98583322515,negative,-1,PPS,Polyphenylene Sulfide,adduct,M + 10×repeat | H shift -1 | Cl,0,-1,Cl,,,0.0
C66H45KS10,"{'C': 66, 'H': 45, 'S': 10, 'K': 1}",1196.03654468075,positive,1,PPS,Polyphenylene Sulfide,adduct,break 2 bond(s) + 10×repeat | H shift +1 | K,2,1,K,,"[1, 2, 3, 4, 6, 7, 9, 10, 12, 13]",0.0
C66H45KS11,"{'C': 66, 'S': 11, 'H': 45, 'K': 1}",1228.00861585515,positive,1,PPS,Polyphenylene Sulfide,adduct,break 1 bond(s) + 10×repeat | K | ; | break 1 bond(s) + 10×repeat | K,1,0,K,,"[1, 2, 3, 4, 5, 6, 7, 9, 10, 11, 12, 13]",0.0
C66H45KS12,"{'C': 66, 'H': 45, 'S': 12, 'K': 1}",1259.98068702955,positive,1,PPS,Polyphenylene Sulfide,adduct,M + 10×repeat | H shift -1 | K,0,-1,K,,,0.0
C66H45NaS10,"{'C': 66, 'H': 45, 'S': 10, 'Na': 1}",1180.06260747635,positive,1,PPS,Polyphenylene Sulfide,adduct,break 2 bond(s) + 10×repeat | H shift +1 | Na,2,1,Na,,"[1, 2, 3, 4, 6, 7, 9, 10, 12, 13]",0.0
C66H45NaS11,"{'C': 66, 'S': 11, 'H': 45, 'Na': 1}",1212.03467865075,positive,1,PPS,Polyphenylene Sulfide,adduct,break 1 bond(s) + 10×repeat | Na | ; | break 1 bond(s) + 10×repeat | Na,1,0,Na,,"[1, 2, 3, 4, 5, 6, 7, 9, 10, 11, 12, 13]",0.0
C66H45NaS12,"{'C': 66, 'H': 45, 'S': 12, 'Na': 1}",1244.00674982515,positive,1,PPS,Polyphenylene Sulfide,adduct,M + 10×repeat | H shift -1 | Na,0,-1,Na,,,0.0
C66H45OS10,"{'C': 66, 'H': 45, 'S': 10, 'O': 1}",1173.06775281392,negative,-1,PPS,Polyphenylene Sulfide,adduct,break 2 bond(s) + 10×repeat | OH | ; | break 2 bond(s) + 10×repeat | H shift +1 | O,2,0,OH,,"[1, 2, 3, 4, 6, 7, 9, 10, 12, 13]",0.0
C66H45OS11,"{'C': 66, 'S': 11, 'H': 45, 'O': 1}",1205.03982398832,negative,-1,PPS,Polyphenylene Sulfide,adduct,break 1 bond(s) + 10×repeat | H shift -1 | OH | ; | break 1 bond(s) + 10×repeat | O | ; | break 1 bond(s) + 10×repeat | H shift -1 | OH,1,-1,OH,,"[1, 2, 3, 4, 5, 6, 7, 9, 10, 11, 12, 13]",0.0
C66H45OS12,"{'C': 66, 'H': 45, 'S': 12, 'O': 1}",1237.01189516272,negative,-1,PPS,Polyphenylene Sulfide,adduct,M + 10×repeat | H shift -2 | OH | ; | M + 10×repeat | H shift -1 | O,0,-2,OH,,,0.0
C66H45S10,"{'C': 66, 'H': 45, 'S': 10}",1157.07283819435,positive,1,PPS,Polyphenylene Sulfide,adduct,break 2 bond(s) + 10×repeat | H,2,0,H,,"[1, 2, 3, 4, 6, 7, 9, 10, 12, 13]",0.0
C66H45S10,"{'C': 66, 'H': 45, 'S': 10}",1157.07283819435,neutral,0,PPS,Polyphenylene Sulfide,h_shift,break 2 bond(s) + 10×repeat | H shift +1,2,1,,,"[1, 2, 3, 4, 6, 7, 9, 10, 12, 13]",0.0
C66H45S10,"{'C': 66, 'H': 45, 'S': 10}",1157.07283819435,negative,-1,PPS,Polyphenylene Sulfide,adduct,break 2 bond(s) + 10×repeat | H shift +2 | -H,2,2,-H,,"[1, 2, 3, 4, 6, 7, 9, 10, 12, 13]",0.0
C66H45S11,"{'C': 66, 'S': 11, 'H': 45}",1189.04490936875,positive,1,PPS,Polyphenylene Sulfide,adduct,break 1 bond(s) + 10×repeat | H shift -1 | H | ; | break 1 bond(s) + 10×repeat | H shift -1 | H,1,-1,H,,"[1, 2, 3, 4, 5, 6, 7, 9, 10, 11, 12, 13]",0.0
C66H45S11,"{'C': 66, 'S': 11, 'H': 45}",1189.04490936875,neutral,0,PPS,Polyphenylene Sulfide,fragment,break 1 bond(s) + 10×repeat | ; | break 1 bond(s) + 10×repeat,1,0,,,"[1, 2, 3, 4, 5, 6, 7, 9, 10, 11, 12, 13]",0.0
C66H45S11,"{'C': 66, 'S': 11, 'H': 45}",1189.04490936875,negative,-1,PPS,Polyphenylene Sulfide,adduct,break 1 bond(s) + 10×repeat | H shift +1 | -H | ; | break 1 bond(s) + 10×repeat | H shift +1 | -H,1,1,-H,,"[1, 2, 3, 4, 5, 6, 7, 9, 10, 11, 12, 13]",0.0
C66H45S11,"{'C': 66, 'S': 11, 'H': 45}",1189.04490936875,neutral,0,PPS,Polyphenylene Sulfide,neutral_loss,break 1 bond(s) + 10×repeat | H shift +2 | -H2 | ; | break 1 bond(s) + 10×repeat | H shift +2 | -H2,1,2,,H2,"[1, 2, 3, 4, 5, 6, 7, 9, 10, 11, 12, 13]",0.0
C66H45S12,"{'C': 66, 'H': 45, 'S': 12}",1221.01698054315,positive,1,PPS,Polyphenylene Sulfide,adduct,M + 10×repeat | H shift -2 | H,0,-2,H,,,0.0
C66H45S12,"{'C': 66, 'H': 45, 'S': 12}",1221.01698054315,neutral,0,PPS,Polyphenylene Sulfide,h_shift,M + 10×repeat | H shift -1,0,-1,,,,0.0
C66H45S12,"{'C': 66, 'H': 45, 'S': 12}",1221.01698054315,negative,-1,PPS,Polyphenylene Sulfide,adduct,M + 10×repeat | -H,0,0,-H,,,0.0
C66H45S12,"{'C': 66, 'H': 45, 'S': 12}",1221.01698054315,neutral,0,PPS,Polyphenylene Sulfide,neutral_loss,M + 10×repeat | H shift +1 | -H2,0,1,,H2,,0.0
C66H46ClS10,"{'C': 66, 'H': 46, 'S': 10, 'Cl': 1}",1193.0495159085801,negative,-1,PPS,Polyphenylene Sulfide,adduct,break 2 bond(s) + 10×repeat | H shift +2 | Cl,2,2,Cl,,"[1, 2, 3, 4, 6, 7, 9, 10, 12, 13]",0.0
C66H46ClS11,"{'C': 66, 'S': 11, 'H': 46, 'Cl': 1}",1225.02158708298,negative,-1,PPS,Polyphenylene Sulfide,adduct,break 1 bond(s) + 10×repeat | H shift +1 | Cl | ; | break 1 bond(s) + 10×repeat | H shift +1 | Cl,1,1,Cl,,"[1, 2, 3, 4, 5, 6, 7, 9, 10, 11, 12, 13]",0.0
C66H46ClS12,"{'C': 66, 'H': 46, 'S': 12, 'Cl': 1}",1256.99365825738,negative,-1,PPS,Polyphenylene Sulfide,adduct,M + 10×repeat | Cl,0,0,Cl,,,0.0
C66H46KS10,"{'C': 66, 'H': 46, 'S': 10, 'K': 1}",1197.04436971298,positive,1,PPS,Polyphenylene Sulfide,adduct,break 2 bond(s) + 10×repeat | H shift +2 | K,2,2,K,,"[1, 2, 3, 4, 6, 7, 9, 10, 12, 13]",0.0
C66H46KS11,"{'C': 66, 'S': 11, 'H': 46, 'K': 1}",1229.01644088738,positive,1,PPS,Polyphenylene Sulfide,adduct,break 1 bond(s) + 10×repeat | H shift +1 | K | ; | break 1 bond(s) + 10×repeat | H shift +1 | K,1,1,K,,"[1, 2, 3, 4, 5, 6, 7, 9, 10, 11, 12, 13]",0.0
C66H46KS12,"{'C': 66, 'H': 46, 'S': 12, 'K': 1}",1260.98851206178,positive,1,PPS,Polyphenylene Sulfide,adduct,M + 10×repeat | K,0,0,K,,,0.0
C66H46NaS10,"{'C': 66, 'H': 46, 'S': 10, 'Na': 1}",1181.07043250858,positive,1,PPS,Polyphenylene Sulfide,adduct,break 2 bond(s) + 10×repeat | H shift +2 | Na,2,2,Na,,"[1, 2, 3, 4, 6, 7, 9, 10, 12, 13]",0.0
C66H46NaS11,"{'C': 66, 'S': 11, 'H': 46, 'Na': 1}",1213.04250368298,positive,1,PPS,Polyphenylene Sulfide,adduct,break 1 bond(s) + 10×repeat | H shift +1 | Na | ; | break 1 bond(s) + 10×repeat | H shift +1 | Na,1,1,Na,,"[1, 2, 3, 4, 5, 6, 7, 9, 10, 11, 12, 13]",0.0
C66H46NaS12,"{'C': 66, 'H': 46, 'S': 12, 'Na': 1}",1245.01457485738,positive,1,PPS,Polyphenylene Sulfide,adduct,M + 10×repeat | Na,0,0,Na,,,0.0
C66H46OS10,"{'C': 66, 'H': 46, 'S': 10, 'O': 1}",1174.07557784615,negative,-1,PPS,Polyphenylene Sulfide,adduct,break 2 bond(s) + 10×repeat | H shift +1 | OH | ; | break 2 bond(s) + 10×repeat | H shift +2 | O,2,1,OH,,"[1, 2, 3, 4, 6, 7, 9, 10, 12, 13]",0.0
C66H46OS11,"{'C': 66, 'S': 11, 'H': 46, 'O': 1}",1206.04764902055,negative,-1,PPS,Polyphenylene Sulfide,adduct,break 1 bond(s) + 10×repeat | OH | ; | break 1 bond(s) + 10×repeat | H shift +1 | O | ; | break 1 bond(s) + 10×repeat | OH,1,0,OH,,"[1, 2, 3, 4, 5, 6, 7, 9, 10, 11, 12, 13]",0.0
C66H46OS12,"{'C': 66, 'H': 46, 'S': 12, 'O': 1}",1238.01972019495,negative,-1,PPS,Polyphenylene Sulfide,adduct,M + 10×repeat | H shift -1 | OH | ; | M + 10×repeat | O,0,-1,OH,,,0.0
C66H46S10,"{'C': 66, 'H': 46, 'S': 10}",1158.08066322658,positive,1,PPS,Polyphenylene Sulfide,adduct,break 2 bond(s) + 10×repeat | H shift +1 | H,2,1,H,,"[1, 2, 3, 4, 6, 7, 9, 10, 12, 13]",0.0
C66H46S10,"{'C': 66, 'H': 46, 'S': 10}",1158.08066322658,neutral,0,PPS,Polyphenylene Sulfide,h_shift,break 2 bond(s) + 10×repeat | H shift +2,2,2,,,"[1, 2, 3, 4, 6, 7, 9, 10, 12, 13]",0.0
C66H46S11,"{'C': 66, 'S': 11, 'H': 46}",1190.05273440098,positive,1,PPS,Polyphenylene Sulfide,adduct,break 1 bond(s) + 10×repeat | H | ; | break 1 bond(s) + 10×repeat | H,1,0,H,,"[1, 2, 3, 4, 5, 6, 7, 9, 10, 11, 12, 13]",0.0
C66H46S11,"{'C': 66, 'S': 11, 'H': 46}",1190.05273440098,neutral,0,PPS,Polyphenylene Sulfide,h_shift,break 1 bond(s) + 10×repeat | H shift +1 | ; | break 1 bond(s) + 10×repeat | H shift +1,1,1,,,"[1, 2, 3, 4, 5, 6, 7, 9, 10, 11, 12, 13]",0.0
C66H46S11,"{'C': 66, 'S': 11, 'H': 46}",1190.05273440098,negative,-1,PPS,Polyphenylene Sulfide,adduct,break 1 bond(s) + 10×repeat | H shift +2 | -H | ; | break 1 bond(s) + 10×repeat | H shift +2 | -H,1,2,-H,,"[1, 2, 3, 4, 5, 6, 7, 9, 10, 11, 12, 13]",0.0
C66H46S12,"{'C': 66, 'H': 46, 'S': 12}",1222.02480557538,positive,1,PPS,Polyphenylene Sulfide,adduct,M + 10×repeat | H shift -1 | H,0,-1,H,,,0.0
C66H46S12,"{'C': 66, 'H': 46, 'S': 12}",1222.02480557538,neutral,0,PPS,Polyphenylene Sulfide,oligomer,M + 10×repeat,0,0,,,,0.0
C66H46S12,"{'C': 66, 'H': 46, 'S': 12}",1222.02480557538,negative,-1,PPS,Polyphenylene Sulfide,adduct,M + 10×repeat | H shift +1 | -H,0,1,-H,,,0.0
C66H46S12,"{'C': 66, 'H': 46, 'S': 12}",1222.02480557538,neutral,0,PPS,Polyphenylene Sulfide,neutral_loss,M + 10×repeat | H shift +2 | -H2,0,2,,H2,,0.0
C66H47ClS11,"{'C': 66, 'S': 11, 'H': 47, 'Cl': 1}",1226.0294121152099,negative,-1,PPS,Polyphenylene Sulfide,adduct,break 1 bond(s) + 10×repeat | H shift +2 | Cl | ; | break 1 bond(s) + 10×repeat | H shift +2 | Cl,1,2,Cl,,"[1, 2, 3, 4, 5, 6, 7, 9, 10, 11, 12, 13]",0.0
C66H47ClS12,"{'C': 66, 'H': 47, 'S': 12, 'Cl': 1}",1258.00148328961,negative,-1,PPS,Polyphenylene Sulfide,adduct,M + 10×repeat | H shift +1 | Cl,0,1,Cl,,,0.0
C66H47KS11,"{'C': 66, 'S': 11, 'H': 47, 'K': 1}",1230.02426591961,positive,1,PPS,Polyphenylene Sulfide,adduct,break 1 bond(s) + 10×repeat | H shift +2 | K | ; | break 1 bond(s) + 10×repeat | H shift +2 | K,1,2,K,,"[1, 2, 3, 4, 5, 6, 7, 9, 10, 11, 12, 13]",0.0
C66H47KS12,"{'C': 66, 'H': 47, 'S': 12, 'K': 1}",1261.99633709401,positive,1,PPS,Polyphenylene Sulfide,adduct,M + 10×repeat | H shift +1 | K,0,1,K,,,0.0
C66H47NaS11,"{'C': 66, 'S': 11, 'H': 47, 'Na': 1}",1214.05032871521,positive,1,PPS,Polyphenylene Sulfide,adduct,break 1 bond(s) + 10×repeat | H shift +2 | Na | ; | break 1 bond(s) + 10×repeat | H shift +2 | Na,1,2,Na,,"[1, 2, 3, 4, 5, 6, 7, 9, 10, 11, 12, 13]",0.0
C66H47NaS12,"{'C': 66, 'H': 47, 'S': 12, 'Na': 1}",1246.02239988961,positive,1,PPS,Polyphenylene Sulfide,adduct,M + 10×repeat | H shift +1 | Na,0,1,Na,,,0.0
C66H47OS10,"{'C': 66, 'H': 47, 'S': 10, 'O': 1}",1175.08340287838,negative,-1,PPS,Polyphenylene Sulfide,adduct,break 2 bond(s) + 10×repeat | H shift +2 | OH,2,2,OH,,"[1, 2, 3, 4, 6, 7, 9, 10, 12, 13]",0.0
C66H47OS11,"{'C': 66, 'S': 11, 'H': 47, 'O': 1}",1207.05547405278,negative,-1,PPS,Polyphenylene Sulfide,adduct,break 1 bond(s) + 10×repeat | H shift +1 | OH | ; | break 1 bond(s) + 10×repeat | H shift +2 | O | ; | break 1 bond(s) + 10×repeat | H shift +1 | OH,1,1,OH,,"[1, 2, 3, 4, 5, 6, 7, 9, 10, 11, 12, 13]",0.0
C66H47OS12,"{'C': 66, 'H': 47, 'S': 12, 'O': 1}",1239.02754522718,negative,-1,PPS,Polyphenylene Sulfide,adduct,M + 10×repeat | OH | ; | M + 10×repeat | H shift +1 | O,0,0,OH,,,0.0
C66H47S10,"{'C': 66, 'H': 47, 'S': 10}",1159.08848825881,positive,1,PPS,Polyphenylene Sulfide,adduct,break 2 bond(s) + 10×repeat | H shift +2 | H,2,2,H,,"[1, 2, 3, 4, 6, 7, 9, 10, 12, 13]",0.0
C66H47S11,"{'C': 66, 'S': 11, 'H': 47}",1191.06055943321,positive,1,PPS,Polyphenylene Sulfide,adduct,break 1 bond(s) + 10×repeat | H shift +1 | H | ; | break 1 bond(s) + 10×repeat | H shift +1 | H,1,1,H,,"[1, 2, 3, 4, 5, 6, 7, 9, 10, 11, 12, 13]",0.0
C66H47S11,"{'C': 66, 'S': 11, 'H': 47}",1191.06055943321,neutral,0,PPS,Polyphenylene Sulfide,h_shift,break 1 bond(s) + 10×repeat | H shift +2 | ; | break 1 bond(s) + 10×repeat | H shift +2,1,2,,,"[1, 2, 3, 4, 5, 6, 7, 9, 10, 11, 12, 13]",0.0
C66H47S12,"{'C': 66, 'H': 47, 'S': 12}",1223.03263060761,positive,1,PPS,Polyphenylene Sulfide,adduct,M + 10×repeat | H,0,0,H,,,0.0
C66H47S12,"{'C': 66, 'H': 47, 'S': 12}",1223.03263060761,neutral,0,PPS,Polyphenylene Sulfide,h_shift,M + 10×repeat | H shift +1,0,1,,,,0.0
C66H47S12,"{'C': 66, 'H': 47, 'S': 12}",1223.03263060761,negative,-1,PPS,Polyphenylene Sulfide,adduct,M + 10×repeat | H shift +2 | -H,0,2,-H,,,0.0
C66H48ClS12,"{'C': 66, 'H': 48, 'S': 12, 'Cl': 1}",1259.00930832184,negative,-1,PPS,Polyphenylene Sulfide,adduct,M + 10×repeat | H shift +2 | Cl,0,2,Cl,,,0.0
C66H48KS12,"{'C': 66, 'H': 48, 'S': 12, 'K': 1}",1263.00416212624,positive,1,PPS,Polyphenylene Sulfide,adduct,M + 10×repeat | H shift +2 | K,0,2,K,,,0.0
C66H48NaS12,"{'C': 66, 'H': 48, 'S': 12, 'Na': 1}",1247.03022492184,positive,1,PPS,Polyphenylene Sulfide,adduct,M + 10×repeat | H shift +2 | Na,0,2,Na,,,0.0
C66H48OS11,"{'C': 66, 'S': 11, 'H': 48, 'O': 1}",1208.06329908501,negative,-1,PPS,Polyphenylene Sulfide,adduct,break 1 bond(s) + 10×repeat | H shift +2 | OH | ; | break 1 bond(s) + 10×repeat | H shift +2 | OH,1,2,OH,,"[1, 2, 3, 4, 5, 6, 7, 9, 10, 11, 12, 13]",0.0
C66H48OS12,"{'C': 66, 'H': 48, 'S': 12, 'O': 1}",1240.03537025941,negative,-1,PPS,Polyphenylene Sulfide,adduct,M + 10×repeat | H shift +1 | OH | ; | M + 10×repeat | H shift +2 | O,0,1,OH,,,0.0
C66H48S11,"{'C': 66, 'S': 11, 'H': 48}",1192.06838446544,positive,1,PPS,Polyphenylene Sulfide,adduct,break 1 bond(s) + 10×repeat | H shift +2 | H | ; | break 1 bond(s) + 10×repeat | H shift +2 | H,1,2,H,,"[1, 2, 3, 4, 5, 6, 7, 9, 10, 11, 12, 13]",0.0
C66H48S12,"{'C': 66, 'H': 48, 'S': 12}",1224.04045563984,positive,1,PPS,Polyphenylene Sulfide,adduct,M + 10×repeat | H shift +1 | H,0,1,H,,,0.0
C66H48S12,"{'C': 66, 'H': 48, 'S': 12}",1224.04045563984,neutral,0,PPS,Polyphenylene Sulfide,h_shift,M + 10×repeat | H shift +2,0,2,,,,0.0
C66H49OS12,"{'C': 66, 'H': 49, 'S': 12, 'O': 1}",1241.04319529164,negative,-1,PPS,Polyphenylene Sulfide,adduct,M + 10×repeat | H shift +2 | OH,0,2,OH,,,0.0
C66H49S12,"{'C': 66, 'H': 49, 'S': 12}",1225.04828067207,positive,1,PPS,Polyphenylene Sulfide,adduct,M + 10×repeat | H shift +2 | H,0,2,H,,,0.0
C71H43S11,"{'C': 71, 'H': 43, 'S': 11}",1247.02925930429,neutral,0,PPS,Polyphenylene Sulfide,neutral_loss,break 2 bond(s) + 11×repeat | H shift -2 | -CH3,2,-2,,CH3,"[1, 2, 3, 4, 6, 7, 9, 10, 12, 13]",0.0
C71H44S11,"{'C': 71, 'H': 44, 'S': 11}",1248.03708433652,neutral,0,PPS,Polyphenylene Sulfide,neutral_loss,break 2 bond(s) + 11×repeat | H shift -1 | -CH3,2,-1,,CH3,"[1, 2, 3, 4, 6, 7, 9, 10, 12, 13]",0.0
C71H44S12,"{'C': 71, 'S': 12, 'H': 44}",1280.00915551092,neutral,0,PPS,Polyphenylene Sulfide,neutral_loss,break 1 bond(s) + 11×repeat | H shift -2 | -CH3 | ; | break 1 bond(s) + 11×repeat | H shift -2 | -CH3,1,-2,,CH3,"[1, 2, 3, 4, 5, 6, 7, 9, 10, 11, 12, 13]",0.0
C71H45S11,"{'C': 71, 'H': 45, 'S': 11}",1249.04490936875,neutral,0,PPS,Polyphenylene Sulfide,neutral_loss,break 2 bond(s) + 11×repeat | -CH3,2,0,,CH3,"[1, 2, 3, 4, 6, 7, 9, 10, 12, 13]",0.0
C71H45S12,"{'C': 71, 'S': 12, 'H': 45}",1281.01698054315,neutral,0,PPS,Polyphenylene Sulfide,neutral_loss,break 1 bond(s) + 11×repeat | H shift -1 | -CH3 | ; | break 1 bond(s) + 11×repeat | H shift -1 | -CH3,1,-1,,CH3,"[1, 2, 3, 4, 5, 6, 7, 9, 10, 11, 12, 13]",0.0
C71H45S13,"{'C': 71, 'H': 45, 'S': 13}",1312.98905171755,neutral,0,PPS,Polyphenylene Sulfide,neutral_loss,M + 11×repeat | H shift -2 | -CH3,0,-2,,CH3,,0.0
C71H46S11,"{'C': 71, 'H': 46, 'S': 11}",1250.05273440098,neutral,0,PPS,Polyphenylene Sulfide,neutral_loss,break 2 bond(s) + 11×repeat | H shift +1 | -CH3,2,1,,CH3,"[1, 2, 3, 4, 6, 7, 9, 10, 12, 13]",0.0
C71H46S12,"{'C': 71, 'S': 12, 'H': 46}",1282.02480557538,neutral,0,PPS,Polyphenylene Sulfide,neutral_loss,break 1 bond(s) + 11×repeat | -CH3 | ; | break 1 bond(s) + 11×repeat | -CH3,1,0,,CH3,"[1, 2, 3, 4, 5, 6, 7, 9, 10, 11, 12, 13]",0.0
C71H46S13,"{'C': 71, 'H': 46, 'S': 13}",1313.99687674978,neutral,0,PPS,Polyphenylene Sulfide,neutral_loss,M + 11×repeat | H shift -1 | -CH3,0,-1,,CH3,,0.0
C71H47S11,"{'C': 71, 'H': 47, 'S': 11}",1251.06055943321,neutral,0,PPS,Polyphenylene Sulfide,neutral_loss,break 2 bond(s) + 11×repeat | H shift +2 | -CH3,2,2,,CH3,"[1, 2, 3, 4, 6, 7, 9, 10, 12, 13]",0.0
C71H47S12,"{'C': 71, 'S': 12, 'H': 47}",1283.03263060761,neutral,0,PPS,Polyphenylene Sulfide,neutral_loss,break 1 bond(s) + 11×repeat | H shift +1 | -CH3 | ; | break 1 bond(s) + 11×repeat | H shift +1 | -CH3,1,1,,CH3,"[1, 2, 3, 4, 5, 6, 7, 9, 10, 11, 12, 13]",0.0
C71H47S13,"{'C': 71, 'H': 47, 'S': 13}",1315.00470178201,neutral,0,PPS,Polyphenylene Sulfide,neutral_loss,M + 11×repeat | -CH3,0,0,,CH3,,0.0
C71H48S12,"{'C': 71, 'S': 12, 'H': 48}",1284.04045563984,neutral,0,PPS,Polyphenylene Sulfide,neutral_loss,break 1 bond(s) + 11×repeat | H shift +2 | -CH3 | ; | break 1 bond(s) + 11×repeat | H shift +2 | -CH3,1,2,,CH3,"[1, 2, 3, 4, 5, 6, 7, 9, 10, 11, 12, 13]",0.0
C71H48S13,"{'C': 71, 'H': 48, 'S': 13}",1316.0125268142401,neutral,0,PPS,Polyphenylene Sulfide,neutral_loss,M + 11×repeat | H shift +1 | -CH3,0,1,,CH3,,0.0
C71H49S13,"{'C': 71, 'H': 49, 'S': 13}",1317.02035184647,neutral,0,PPS,Polyphenylene Sulfide,neutral_loss,M + 11×repeat | H shift +2 | -CH3,0,2,,CH3,,0.0
C72H44S11,"{'C': 72, 'H': 44, 'S': 11}",1260.03708433652,neutral,0,PPS,Polyphenylene Sulfide,neutral_loss,break 2 bond(s) + 11×repeat | H shift -2 | -H2,2,-2,,H2,"[1, 2, 3, 4, 6, 7, 9, 10, 12, 13]",0.0
C72H45S11,"{'C': 72, 'H': 45, 'S': 11}",1261.04490936875,negative,-1,PPS,Polyphenylene Sulfide,adduct,break 2 bond(s) + 11×repeat | H shift -2 | -H,2,-2,-H,,"[1, 2, 3, 4, 6, 7, 9, 10, 12, 13]",0.0
C72H45S11,"{'C': 72, 'H': 45, 'S': 11}",1261.04490936875,neutral,0,PPS,Polyphenylene Sulfide,neutral_loss,break 2 bond(s) + 11×repeat | H shift -1 | -H2,2,-1,,H2,"[1, 2, 3, 4, 6, 7, 9, 10, 12, 13]",0.0
C72H45S12,"{'C': 72, 'S': 12, 'H': 45}",1293.01698054315,neutral,0,PPS,Polyphenylene Sulfide,neutral_loss,break 1 bond(s) + 11×repeat | H shift -2 | -H2 | ; | break 1 bond(s) + 11×repeat | H shift -2 | -H2,1,-2,,H2,"[1, 2, 3, 4, 5, 6, 7, 9, 10, 11, 12, 13]",0.0
C72H46ClS11,"{'C': 72, 'H': 46, 'S': 11, 'Cl': 1}",1297.02158708298,negative,-1,PPS,Polyphenylene Sulfide,adduct,break 2 bond(s) + 11×repeat | H shift -2 | Cl,2,-2,Cl,,"[1, 2, 3, 4, 6, 7, 9, 10, 12, 13]",0.0
C72H46KS11,"{'C': 72, 'H': 46, 'S': 11, 'K': 1}",1301.01644088738,positive,1,PPS,Polyphenylene Sulfide,adduct,break 2 bond(s) + 11×repeat | H shift -2 | K,2,-2,K,,"[1, 2, 3, 4, 6, 7, 9, 10, 12, 13]",0.0
C72H46NaS11,"{'C': 72, 'H': 46, 'S': 11, 'Na': 1}",1285.04250368298,positive,1,PPS,Polyphenylene Sulfide,adduct,break 2 bond(s) + 11×repeat | H shift -2 | Na,2,-2,Na,,"[1, 2, 3, 4, 6, 7, 9, 10, 12, 13]",0.0
C72H46OS11,"{'C': 72, 'H': 46, 'S': 11, 'O': 1}",1278.04764902055,negative,-1,PPS,Polyphenylene Sulfide,adduct,break 2 bond(s) + 11×repeat | H shift -2 | O,2,-2,O,,"[1, 2, 3, 4, 6, 7, 9, 10, 12, 13]",0.0
C72H46S11,"{'C': 72, 'H': 46, 'S': 11}",1262.05273440098,neutral,0,PPS,Polyphenylene Sulfide,h_shift,break 2 bond(s) + 11×repeat | H shift -2,2,-2,,,"[1, 2, 3, 4, 6, 7, 9, 10, 12, 13]",0.0
C72H46S11,"{'C': 72, 'H': 46, 'S': 11}",1262.05273440098,negative,-1,PPS,Polyphenylene Sulfide,adduct,break 2 bond(s) + 11×repeat | H shift -1 | -H,2,-1,-H,,"[1, 2, 3, 4, 6, 7, 9, 10, 12, 13]",0.0
C72H46S11,"{'C': 72, 'H': 46, 'S': 11}",1262.05273440098,neutral,0,PPS,Polyphenylene Sulfide,neutral_loss,break 2 bond(s) + 11×repeat | -H2,2,0,,H2,"[1, 2, 3, 4, 6, 7, 9, 10, 12, 13]",0.0
C72H46S12,"{'C': 72, 'S': 12, 'H': 46}",1294.02480557538,negative,-1,PPS,Polyphenylene Sulfide,adduct,break 1 bond(s) + 11×repeat | H shift -2 | -H | ; | break 1 bond(s) + 11×repeat | H shift -2 | -H,1,-2,-H,,"[1, 2, 3, 4, 5, 6, 7, 9, 10, 11, 12, 13]",0.0
C72H46S12,"{'C': 72, 'S': 12, 'H': 46}",1294.02480557538,neutral,0,PPS,Polyphenylene Sulfide,neutral_loss,break 1 bond(s) + 11×repeat | H shift -1 | -H2 | ; | break 1 bond(s) + 11×repeat | H shift -1 | -H2,1,-1,,H2,"[1, 2, 3, 4, 5, 6, 7, 9, 10, 11, 12, 13]",0.0
C72H46S13,"{'C': 72, 'H': 46, 'S': 13}",1325.99687674978,neutral,0,PPS,Polyphenylene Sulfide,neutral_loss,M + 11×repeat | H shift -2 | -H2,0,-2,,H2,,0.0
C72H47ClS11,"{'C': 72, 'H': 47, 'S': 11, 'Cl': 1}",1298.0294121152099,negative,-1,PPS,Polyphenylene Sulfide,adduct,break 2 bond(s) + 11×repeat | H shift -1 | Cl,2,-1,Cl,,"[1, 2, 3, 4, 6, 7, 9, 10, 12, 13]",0.0
C72H47ClS12,"{'C': 72, 'S': 12, 'H': 47, 'Cl': 1}",1330.00148328961,negative,-1,PPS,Polyphenylene Sulfide,adduct,break 1 bond(s) + 11×repeat | H shift -2 | Cl | ; | break 1 bond(s) + 11×repeat | H shift -2 | Cl,1,-2,Cl,,"[1, 2, 3, 4, 5, 6, 7, 9, 10, 11, 12, 13]",0.0
C72H47KS11,"{'C': 72, 'H': 47, 'S': 11, 'K': 1}",1302.02426591961,positive,1,PPS,Polyphenylene Sulfide,adduct,break 2 bond(s) + 11×repeat | H shift -1 | K,2,-1,K,,"[1, 2, 3, 4, 6, 7, 9, 10, 12, 13]",0.0
C72H47KS12,"{'C': 72, 'S': 12, 'H': 47, 'K': 1}",1333.99633709401,positive,1,PPS,Polyphenylene Sulfide,adduct,break 1 bond(s) + 11×repeat | H shift -2 | K | ; | break 1 bond(s) + 11×repeat | H shift -2 | K,1,-2,K,,"[1, 2, 3, 4, 5, 6, 7, 9, 10, 11, 12, 13]",0.0
C72H47NaS11,"{'C': 72, 'H': 47, 'S': 11, 'Na': 1}",1286.05032871521,positive,1,PPS,Polyphenylene Sulfide,adduct,break 2 bond(s) + 11×repeat | H shift -1 | Na,2,-1,Na,,"[1, 2, 3, 4, 6, 7, 9, 10, 12, 13]",0.0
C72H47NaS12,"{'C': 72, 'S': 12, 'H': 47, 'Na': 1}",1318.02239988961,positive,1,PPS,Polyphenylene Sulfide,adduct,break 1 bond(s) + 11×repeat | H shift -2 | Na | ; | break 1 bond(s) + 11×repeat | H shift -2 | Na,1,-2,Na,,"[1, 2, 3, 4, 5, 6, 7, 9, 10, 11, 12, 13]",0.0
C72H47OS11,"{'C': 72, 'H': 47, 'S': 11, 'O': 1}",1279.05547405278,negative,-1,PPS,Polyphenylene Sulfide,adduct,break 2 bond(s) + 11×repeat | H shift -2 | OH | ; | break 2 bond(s) + 11×repeat | H shift -1 | O,2,-2,OH,,"[1, 2, 3, 4, 6, 7, 9, 10, 12, 13]",0.0
C72H47OS12,"{'C': 72, 'S': 12, 'H': 47, 'O': 1}",1311.02754522718,negative,-1,PPS,Polyphenylene Sulfide,adduct,break 1 bond(s) + 11×repeat | H shift -2 | O | ; | break 1 bond(s) + 11×repeat | H shift -2 | O,1,-2,O,,"[1, 2, 3, 4, 5, 6, 7, 9, 10, 11, 12, 13]",0.0
C72H47S11,"{'C': 72, 'H': 47, 'S': 11}",1263.06055943321,positive,1,PPS,Polyphenylene Sulfide,adduct,break 2 bond(s) + 11×repeat | H shift -2 | H,2,-2,H,,"[1, 2, 3, 4, 6, 7, 9, 10, 12, 13]",0.0
C72H47S11,"{'C': 72, 'H': 47, 'S': 11}",1263.06055943321,neutral,0,PPS,Polyphenylene Sulfide,h_shift,break 2 bond(s) + 11×repeat | H shift -1,2,-1,,,"[1, 2, 3, 4, 6, 7, 9, 10, 12, 13]",0.0
C72H47S11,"{'C': 72, 'H': 47, 'S': 11}",1263.06055943321,negative,-1,PPS,Polyphenylene Sulfide,adduct,break 2 bond(s) + 11×repeat | -H,2,0,-H,,"[1, 2, 3, 4, 6, 7, 9, 10, 12, 13]",0.0
C72H47S11,"{'C': 72, 'H': 47, 'S': 11}",1263.06055943321,neutral,0,PPS,Polyphenylene Sulfide,neutral_loss,break 2 bond(s) + 11×repeat | H shift +1 | -H2,2,1,,H2,"[1, 2, 3, 4, 6, 7, 9, 10, 12, 13]",0.0
C72H47S12,"{'C': 72, 'S': 12, 'H': 47}",1295.03263060761,neutral,0,PPS,Polyphenylene Sulfide,h_shift,break 1 bond(s) + 11×repeat | H shift -2 | ; | break 1 bond(s) + 11×repeat | H shift -2,1,-2,,,"[1, 2, 3, 4, 5, 6, 7, 9, 10, 11, 12, 13]",0.0
C72H47S12,"{'C': 72, 'S': 12, 'H': 47}",1295.03263060761,negative,-1,PPS,Polyphenylene Sulfide,adduct,break 1 bond(s) + 11×repeat | H shift -1 | -H | ; | break 1 bond(s) + 11×repeat | H shift -1 | -H,1,-1,-H,,"[1, 2, 3, 4, 5, 6, 7, 9, 10, 11, 12, 13]",0.0
C72H47S12,"{'C': 72, 'S': 12, 'H': 47}",1295.03263060761,neutral,0,PPS,Polyphenylene Sulfide,neutral_loss,break 1 bond(s) + 11×repeat | -H2 | ; | break 1 bond(s) + 11×repeat | -H2,1,0,,H2,"[1, 2, 3, 4, 5, 6, 7, 9, 10, 11, 12, 13]",0.0
C72H47S13,"{'C': 72, 'H': 47, 'S': 13}",1327.00470178201,negative,-1,PPS,Polyphenylene Sulfide,adduct,M + 11×repeat | H shift -2 | -H,0,-2,-H,,,0.0
C72H47S13,"{'C': 72, 'H': 47, 'S': 13}",1327.00470178201,neutral,0,PPS,Polyphenylene Sulfide,neutral_loss,M + 11×repeat | H shift -1 | -H2,0,-1,,H2,,0.0
C72H48ClS11,"{'C': 72, 'H': 48, 'S': 11, 'Cl': 1}",1299.03723714744,negative,-1,PPS,Polyphenylene Sulfide,adduct,break 2 bond(s) + 11×repeat | Cl,2,0,Cl,,"[1, 2, 3, 4, 6, 7, 9, 10, 12, 13]",0.0
C72H48ClS12,"{'C': 72, 'S': 12, 'H': 48, 'Cl': 1}",1331.00930832184,negative,-1,PPS,Polyphenylene Sulfide,adduct,break 1 bond(s) + 11×repeat | H shift -1 | Cl | ; | break 1 bond(s) + 11×repeat | H shift -1 | Cl,1,-1,Cl,,"[1, 2, 3, 4, 5, 6, 7, 9, 10, 11, 12, 13]",0.0
C72H48ClS13,"{'C': 72, 'H': 48, 'S': 13, 'Cl': 1}",1362.98137949624,negative,-1,PPS,Polyphenylene Sulfide,adduct,M + 11×repeat | H shift -2 | Cl,0,-2,Cl,,,0.0
C72H48KS11,"{'C': 72, 'H': 48, 'S': 11, 'K': 1}",1303.03209095184,positive,1,PPS,Polyphenylene Sulfide,adduct,break 2 bond(s) + 11×repeat | K,2,0,K,,"[1, 2, 3, 4, 6, 7, 9, 10, 12, 13]",0.0
C72H48KS12,"{'C': 72, 'S': 12, 'H': 48, 'K': 1}",1335.00416212624,positive,1,PPS,Polyphenylene Sulfide,adduct,break 1 bond(s) + 11×repeat | H shift -1 | K | ; | break 1 bond(s) + 11×repeat | H shift -1 | K,1,-1,K,,"[1, 2, 3, 4, 5, 6, 7, 9, 10, 11, 12, 13]",0.0
C72H48KS13,"{'C': 72, 'H': 48, 'S': 13, 'K': 1}",1366.97623330064,positive,1,PPS,Polyphenylene Sulfide,adduct,M + 11×repeat | H shift -2 | K,0,-2,K,,,0.0
C72H48NaS11,"{'C': 72, 'H': 48, 'S': 11, 'Na': 1}",1287.05815374744,positive,1,PPS,Polyphenylene Sulfide,adduct,break 2 bond(s) + 11×repeat | Na,2,0,Na,,"[1, 2, 3, 4, 6, 7, 9, 10, 12, 13]",0.0
C72H48NaS12,"{'C': 72, 'S': 12, 'H': 48, 'Na': 1}",1319.03022492184,positive,1,PPS,Polyphenylene Sulfide,adduct,break 1 bond(s) + 11×repeat | H shift -1 | Na | ; | break 1 bond(s) + 11×repeat | H shift -1 | Na,1,-1,Na,,"[1, 2, 3, 4, 5, 6, 7, 9, 10, 11, 12, 13]",0.0
C72H48NaS13,"{'C': 72, 'H': 48, 'S': 13, 'Na': 1}",1351.0022960962401,positive,1,PPS,Polyphenylene Sulfide,adduct,M + 11×repeat | H shift -2 | Na,0,-2,Na,,,0.0
C72H48OS11,"{'C': 72, 'H': 48, 'S': 11, 'O': 1}",1280.06329908501,negative,-1,PPS,Polyphenylene Sulfide,adduct,break 2 bond(s) + 11×repeat | H shift -1 | OH | ; | break 2 bond(s) + 11×repeat | O,2,-1,OH,,"[1, 2, 3, 4, 6, 7, 9, 10, 12, 13]",0.0
C72H48OS12,"{'C': 72, 'S': 12, 'H': 48, 'O': 1}",1312.03537025941,negative,-1,PPS,Polyphenylene Sulfide,adduct,break 1 bond(s) + 11×repeat | H shift -2 | OH | ; | break 1 bond(s) + 11×repeat | H shift -1 | O | ; | break 1 bond(s) + 11×repeat | H shift -2 | OH,1,-2,OH,,"[1, 2, 3, 4, 5, 6, 7, 9, 10, 11, 12, 13]",0.0
C72H48OS13,"{'C': 72, 'H': 48, 'S': 13, 'O': 1}",1344.00744143381,negative,-1,PPS,Polyphenylene Sulfide,adduct,M + 11×repeat | H shift -2 | O,0,-2,O,,,0.0
C72H48S11,"{'C': 72, 'H': 48, 'S': 11}",1264.06838446544,positive,1,PPS,Polyphenylene Sulfide,adduct,break 2 bond(s) + 11×repeat | H shift -1 | H,2,-1,H,,"[1, 2, 3, 4, 6, 7, 9, 10, 12, 13]",0.0
C72H48S11,"{'C': 72, 'H': 48, 'S': 11}",1264.06838446544,neutral,0,PPS,Polyphenylene Sulfide,fragment,break 2 bond(s) + 11×repeat,2,0,,,"[1, 2, 3, 4, 6, 7, 9, 10, 12, 13]",0.0
C72H48S11,"{'C': 72, 'H': 48, 'S': 11}",1264.06838446544,negative,-1,PPS,Polyphenylene Sulfide,adduct,break 2 bond(s) + 11×repeat | H shift +1 | -H,2,1,-H,,"[1, 2, 3, 4, 6, 7, 9, 10, 12, 13]",0.0
C72H48S11,"{'C': 72, 'H': 48, 'S': 11}",1264.06838446544,neutral,0,PPS,Polyphenylene Sulfide,neutral_loss,break 2 bond(s) + 11×repeat | H shift +2 | -H2,2,2,,H2,"[1, 2, 3, 4, 6, 7, 9, 10, 12, 13]",0.0
C72H48S12,"{'C': 72, 'S': 12, 'H': 48}",1296.04045563984,positive,1,PPS,Polyphenylene Sulfide,adduct,break 1 bond(s) + 11×repeat | H shift -2 | H | ; | break 1 bond(s) + 11×repeat | H shift -2 | H,1,-2,H,,"[1, 2, 3, 4, 5, 6, 7, 9, 10, 11, 12, 13]",0.0
C72H48S12,"{'C': 72, 'S': 12, 'H': 48}",1296.04045563984,neutral,0,PPS,Polyphenylene Sulfide,h_shift,break 1 bond(s) + 11×repeat | H shift -1 | ; | break 1 bond(s) + 11×repeat | H shift -1,1,-1,,,"[1, 2, 3, 4, 5, 6, 7, 9, 10, 11, 12, 13]",0.0
C72H48S12,"{'C': 72, 'S': 12, 'H': 48}",1296.04045563984,negative,-1,PPS,Polyphenylene Sulfide,adduct,break 1 bond(s) + 11×repeat | -H | ; | break 1 bond(s) + 11×repeat | -H,1,0,-H,,"[1, 2, 3, 4, 5, 6, 7, 9, 10, 11, 12, 13]",0.0
C72H48S12,"{'C': 72, 'S': 12, 'H': 48}",1296.04045563984,neutral,0,PPS,Polyphenylene Sulfide,neutral_loss,break 1 bond(s) + 11×repeat | H shift +1 | -H2 | ; | break 1 bond(s) + 11×repeat | H shift +1 | -H2,1,1,,H2,"[1, 2, 3, 4, 5, 6, 7, 9, 10, 11, 12, 13]",0.0
C72H48S13,"{'C': 72, 'H': 48, 'S': 13}",1328.0125268142401,neutral,0,PPS,Polyphenylene Sulfide,h_shift,M + 11×repeat | H shift -2,0,-2,,,,0.0
C72H48S13,"{'C': 72, 'H': 48, 'S': 13}",1328.0125268142401,negative,-1,PPS,Polyphenylene Sulfide,adduct,M + 11×repeat | H shift -1 | -H,0,-1,-H,,,0.0
C72H48S13,"{'C': 72, 'H': 48, 'S': 13}",1328.0125268142401,neutral,0,PPS,Polyphenylene Sulfide,neutral_loss,M + 11×repeat | -H2,0,0,,H2,,0.0
C72H49ClS11,"{'C': 72, 'H': 49, 'S': 11, 'Cl': 1}",1300.04506217967,negative,-1,PPS,Polyphenylene Sulfide,adduct,break 2 bond(s) + 11×repeat | H shift +1 | Cl,2,1,Cl,,"[1, 2, 3, 4, 6, 7, 9, 10, 12, 13]",0.0
C72H49ClS12,"{'C': 72, 'S': 12, 'H': 49, 'Cl': 1}",1332.01713335407,negative,-1,PPS,Polyphenylene Sulfide,adduct,break 1 bond(s) + 11×repeat | Cl | ; | break 1 bond(s) + 11×repeat | Cl,1,0,Cl,,"[1, 2, 3, 4, 5, 6, 7, 9, 10, 11, 12, 13]",0.0
C72H49ClS13,"{'C': 72, 'H': 49, 'S': 13, 'Cl': 1}",1363.98920452847,negative,-1,PPS,Polyphenylene Sulfide,adduct,M + 11×repeat | H shift -1 | Cl,0,-1,Cl,,,0.0
C72H49KS11,"{'C': 72, 'H': 49, 'S': 11, 'K': 1}",1304.03991598407,positive,1,PPS,Polyphenylene Sulfide,adduct,break 2 bond(s) + 11×repeat | H shift +1 | K,2,1,K,,"[1, 2, 3, 4, 6, 7, 9, 10, 12, 13]",0.0
C72H49KS12,"{'C': 72, 'S': 12, 'H': 49, 'K': 1}",1336.01198715847,positive,1,PPS,Polyphenylene Sulfide,adduct,break 1 bond(s) + 11×repeat | K | ; | break 1 bond(s) + 11×repeat | K,1,0,K,,"[1, 2, 3, 4, 5, 6, 7, 9, 10, 11, 12, 13]",0.0
C72H49KS13,"{'C': 72, 'H': 49, 'S': 13, 'K': 1}",1367.98405833287,positive,1,PPS,Polyphenylene Sulfide,adduct,M + 11×repeat | H shift -1 | K,0,-1,K,,,0.0
C72H49NaS11,"{'C': 72, 'H': 49, 'S': 11, 'Na': 1}",1288.0659787796699,positive,1,PPS,Polyphenylene Sulfide,adduct,break 2 bond(s) + 11×repeat | H shift +1 | Na,2,1,Na,,"[1, 2, 3, 4, 6, 7, 9, 10, 12, 13]",0.0
C72H49NaS12,"{'C': 72, 'S': 12, 'H': 49, 'Na': 1}",1320.03804995407,positive,1,PPS,Polyphenylene Sulfide,adduct,break 1 bond(s) + 11×repeat | Na | ; | break 1 bond(s) + 11×repeat | Na,1,0,Na,,"[1, 2, 3, 4, 5, 6, 7, 9, 10, 11, 12, 13]",0.0
C72H49NaS13,"{'C': 72, 'H': 49, 'S': 13, 'Na': 1}",1352.01012112847,positive,1,PPS,Polyphenylene Sulfide,adduct,M + 11×repeat | H shift -1 | Na,0,-1,Na,,,0.0
C72H49OS11,"{'C': 72, 'H': 49, 'S': 11, 'O': 1}",1281.07112411724,negative,-1,PPS,Polyphenylene Sulfide,adduct,break 2 bond(s) + 11×repeat | OH | ; | break 2 bond(s) + 11×repeat | H shift +1 | O,2,0,OH,,"[1, 2, 3, 4, 6, 7, 9, 10, 12, 13]",0.0
C72H49OS12,"{'C': 72, 'S': 12, 'H': 49, 'O': 1}",1313.04319529164,negative,-1,PPS,Polyphenylene Sulfide,adduct,break 1 bond(s) + 11×repeat | H shift -1 | OH | ; | break 1 bond(s) + 11×repeat | O | ; | break 1 bond(s) + 11×repeat | H shift -1 | OH,1,-1,OH,,"[1, 2, 3, 4, 5, 6, 7, 9, 10, 11, 12, 13]",0.0
C72H49OS13,"{'C': 72, 'H': 49, 'S': 13, 'O': 1}",1345.01526646604,negative,-1,PPS,Polyphenylene Sulfide,adduct,M + 11×repeat | H shift -2 | OH | ; | M + 11×repeat | H shift -1 | O,0,-2,OH,,,0.0
C72H49S11,"{'C': 72, 'H': 49, 'S': 11}",1265.0762094976699,positive,1,PPS,Polyphenylene Sulfide,adduct,break 2 bond(s) + 11×repeat | H,2,0,H,,"[1, 2, 3, 4, 6, 7, 9, 10, 12, 13]",0.0
C72H49S11,"{'C': 72, 'H': 49, 'S': 11}",1265.0762094976699,neutral,0,PPS,Polyphenylene Sulfide,h_shift,break 2 bond(s) + 11×repeat | H shift +1,2,1,,,"[1, 2, 3, 4, 6, 7, 9, 10, 12, 13]",0.0
C72H49S11,"{'C': 72, 'H': 49, 'S': 11}",1265.0762094976699,negative,-1,PPS,Polyphenylene Sulfide,adduct,break 2 bond(s) + 11×repeat | H shift +2 | -H,2,2,-H,,"[1, 2, 3, 4, 6, 7, 9, 10, 12, 13]",0.0
C72H49S12,"{'C': 72, 'S': 12, 'H': 49}",1297.04828067207,positive,1,PPS,Polyphenylene Sulfide,adduct,break 1 bond(s) + 11×repeat | H shift -1 | H | ; | break 1 bond(s) + 11×repeat | H shift -1 | H,1,-1,H,,"[1, 2, 3, 4, 5, 6, 7, 9, 10, 11, 12, 13]",0.0
C72H49S12,"{'C': 72, 'S': 12, 'H': 49}",1297.04828067207,neutral,0,PPS,Polyphenylene Sulfide,fragment,break 1 bond(s) + 11×repeat | ; | break 1 bond(s) + 11×repeat,1,0,,,"[1, 2, 3, 4, 5, 6, 7, 9, 10, 11, 12, 13]",0.0
C72H49S12,"{'C': 72, 'S': 12, 'H': 49}",1297.04828067207,negative,-1,PPS,Polyphenylene Sulfide,adduct,break 1 bond(s) + 11×repeat | H shift +1 | -H | ; | break 1 bond(s) + 11×repeat | H shift +1 | -H,1,1,-H,,"[1, 2, 3, 4, 5, 6, 7, 9, 10, 11, 12, 13]",0.0
C72H49S12,"{'C': 72, 'S': 12, 'H': 49}",1297.04828067207,neutral,0,PPS,Polyphenylene Sulfide,neutral_loss,break 1 bond(s) + 11×repeat | H shift +2 | -H2 | ; | break 1 bond(s) + 11×repeat | H shift +2 | -H2,1,2,,H2,"[1, 2, 3, 4, 5, 6, 7, 9, 10, 11, 12, 13]",0.0
C72H49S13,"{'C': 72, 'H': 49, 'S': 13}",1329.02035184647,positive,1,PPS,Polyphenylene Sulfide,adduct,M + 11×repeat | H shift -2 | H,0,-2,H,,,0.0
C72H49S13,"{'C': 72, 'H': 49, 'S': 13}",1329.02035184647,neutral,0,PPS,Polyphenylene Sulfide,h_shift,M + 11×repeat | H shift -1,0,-1,,,,0.0
C72H49S13,"{'C': 72, 'H': 49, 'S': 13}",1329.02035184647,negative,-1,PPS,Polyphenylene Sulfide,adduct,M + 11×repeat | -H,0,0,-H,,,0.0
C72H49S13,"{'C': 72, 'H': 49, 'S': 13}",1329.02035184647,neutral,0,PPS,Polyphenylene Sulfide,neutral_loss,M + 11×repeat | H shift +1 | -H2,0,1,,H2,,0.0
C72H50ClS11,"{'C': 72, 'H': 50, 'S': 11, 'Cl': 1}",1301.0528872119,negative,-1,PPS,Polyphenylene Sulfide,adduct,break 2 bond(s) + 11×repeat | H shift +2 | Cl,2,2,Cl,,"[1, 2, 3, 4, 6, 7, 9, 10, 12, 13]",0.0
C72H50ClS12,"{'C': 72, 'S': 12, 'H': 50, 'Cl': 1}",1333.0249583862999,negative,-1,PPS,Polyphenylene Sulfide,adduct,break 1 bond(s) + 11×repeat | H shift +1 | Cl | ; | break 1 bond(s) + 11×repeat | H shift +1 | Cl,1,1,Cl,,"[1, 2, 3, 4, 5, 6, 7, 9, 10, 11, 12, 13]",0.0
C72H50ClS13,"{'C': 72, 'H': 50, 'S': 13, 'Cl': 1}",1364.9970295607,negative,-1,PPS,Polyphenylene Sulfide,adduct,M + 11×repeat | Cl,0,0,Cl,,,0.0
C72H50KS11,"{'C': 72, 'H': 50, 'S': 11, 'K': 1}",1305.0477410163,positive,1,PPS,Polyphenylene Sulfide,adduct,break 2 bond(s) + 11×repeat | H shift +2 | K,2,2,K,,"[1, 2, 3, 4, 6, 7, 9, 10, 12, 13]",0.0
C72H50KS12,"{'C': 72, 'S': 12, 'H': 50, 'K': 1}",1337.0198121907,positive,1,PPS,Polyphenylene Sulfide,adduct,break 1 bond(s) + 11×repeat | H shift +1 | K | ; | break 1 bond(s) + 11×repeat | H shift +1 | K,1,1,K,,"[1, 2, 3, 4, 5, 6, 7, 9, 10, 11, 12, 13]",0.0
C72H50KS13,"{'C': 72, 'H': 50, 'S': 13, 'K': 1}",1368.9918833651,positive,1,PPS,Polyphenylene Sulfide,adduct,M + 11×repeat | K,0,0,K,,,0.0
C72H50NaS11,"{'C': 72, 'H': 50, 'S': 11, 'Na': 1}",1289.0738038119,positive,1,PPS,Polyphenylene Sulfide,adduct,break 2 bond(s) + 11×repeat | H shift +2 | Na,2,2,Na,,"[1, 2, 3, 4, 6, 7, 9, 10, 12, 13]",0.0
C72H50NaS12,"{'C': 72, 'S': 12, 'H': 50, 'Na': 1}",1321.0458749863,positive,1,PPS,Polyphenylene Sulfide,adduct,break 1 bond(s) + 11×repeat | H shift +1 | Na | ; | break 1 bond(s) + 11×repeat | H shift +1 | Na,1,1,Na,,"[1, 2, 3, 4, 5, 6, 7, 9, 10, 11, 12, 13]",0.0
C72H50NaS13,"{'C': 72, 'H': 50, 'S': 13, 'Na': 1}",1353.0179461607,positive,1,PPS,Polyphenylene Sulfide,adduct,M + 11×repeat | Na,0,0,Na,,,0.0
C72H50OS11,"{'C': 72, 'H': 50, 'S': 11, 'O': 1}",1282.07894914947,negative,-1,PPS,Polyphenylene Sulfide,adduct,break 2 bond(s) + 11×repeat | H shift +1 | OH | ; | break 2 bond(s) + 11×repeat | H shift +2 | O,2,1,OH,,"[1, 2, 3, 4, 6, 7, 9, 10, 12, 13]",0.0
C72H50OS12,"{'C': 72, 'S': 12, 'H': 50, 'O': 1}",1314.05102032387,negative,-1,PPS,Polyphenylene Sulfide,adduct,break 1 bond(s) + 11×repeat | OH | ; | break 1 bond(s) + 11×repeat | H shift +1 | O | ; | break 1 bond(s) + 11×repeat | OH,1,0,OH,,"[1, 2, 3, 4, 5, 6, 7, 9, 10, 11, 12, 13]",0.0
C72H50OS13,"{'C': 72, 'H': 50, 'S': 13, 'O': 1}",1346.02309149827,negative,-1,PPS,Polyphenylene Sulfide,adduct,M + 11×repeat | H shift -1 | OH | ; | M + 11×repeat | O,0,-1,OH,,,0.0
C72H50S11,"{'C': 72, 'H': 50, 'S': 11}",1266.0840345299,positive,1,PPS,Polyphenylene Sulfide,adduct,break 2 bond(s) + 11×repeat | H shift +1 | H,2,1,H,,"[1, 2, 3, 4, 6, 7, 9, 10, 12, 13]",0.0
C72H50S11,"{'C': 72, 'H': 50, 'S': 11}",1266.0840345299,neutral,0,PPS,Polyphenylene Sulfide,h_shift,break 2 bond(s) + 11×repeat | H shift +2,2,2,,,"[1, 2, 3, 4, 6, 7, 9, 10, 12, 13]",0.0
C72H50S12,"{'C': 72, 'S': 12, 'H': 50}",1298.0561057043,positive,1,PPS,Polyphenylene Sulfide,adduct,break 1 bond(s) + 11×repeat | H | ; | break 1 bond(s) + 11×repeat | H,1,0,H,,"[1, 2, 3, 4, 5, 6, 7, 9, 10, 11, 12, 13]",0.0
C72H50S12,"{'C': 72, 'S': 12, 'H': 50}",1298.0561057043,neutral,0,PPS,Polyphenylene Sulfide,h_shift,break 1 bond(s) + 11×repeat | H shift +1 | ; | break 1 bond(s) + 11×repeat | H shift +1,1,1,,,"[1, 2, 3, 4, 5, 6, 7, 9, 10, 11, 12, 13]",0.0
C72H50S12,"{'C': 72, 'S': 12, 'H': 50}",1298.0561057043,negative,-1,PPS,Polyphenylene Sulfide,adduct,break 1 bond(s) + 11×repeat | H shift +2 | -H | ; | break 1 bond(s) + 11×repeat | H shift +2 | -H,1,2,-H,,"[1, 2, 3, 4, 5, 6, 7, 9, 10, 11, 12, 13]",0.0
C72H50S13,"{'C': 72, 'H': 50, 'S': 13}",1330.0281768787,positive,1,PPS,Polyphenylene Sulfide,adduct,M + 11×repeat | H shift -1 | H,0,-1,H,,,0.0
C72H50S13,"{'C': 72, 'H': 50, 'S': 13}",1330.0281768787,neutral,0,PPS,Polyphenylene Sulfide,oligomer,M + 11×repeat,0,0,,,,0.0
C72H50S13,"{'C': 72, 'H': 50, 'S': 13}",1330.0281768787,negative,-1,PPS,Polyphenylene Sulfide,adduct,M + 11×repeat | H shift +1 | -H,0,1,-H,,,0.0
C72H50S13,"{'C': 72, 'H': 50, 'S': 13}",1330.0281768787,neutral,0,PPS,Polyphenylene Sulfide,neutral_loss,M + 11×repeat | H shift +2 | -H2,0,2,,H2,,0.0
C72H51ClS12,"{'C': 72, 'S': 12, 'H': 51, 'Cl': 1}",1334.03278341853,negative,-1,PPS,Polyphenylene Sulfide,adduct,break 1 bond(s) + 11×repeat | H shift +2 | Cl | ; | break 1 bond(s) + 11×repeat | H shift +2 | Cl,1,2,Cl,,"[1, 2, 3, 4, 5, 6, 7, 9, 10, 11, 12, 13]",0.0
C72H51ClS13,"{'C': 72, 'H': 51, 'S': 13, 'Cl': 1}",1366.00485459293,negative,-1,PPS,Polyphenylene Sulfide,adduct,M + 11×repeat | H shift +1 | Cl,0,1,Cl,,,0.0
C72H51KS12,"{'C': 72, 'S': 12, 'H': 51, 'K': 1}",1338.02763722293,positive,1,PPS,Polyphenylene Sulfide,adduct,break 1 bond(s) + 11×repeat | H shift +2 | K | ; | break 1 bond(s) + 11×repeat | H shift +2 | K,1,2,K,,"[1, 2, 3, 4, 5, 6, 7, 9, 10, 11, 12, 13]",0.0
C72H51KS13,"{'C': 72, 'H': 51, 'S': 13, 'K': 1}",1369.99970839733,positive,1,PPS,Polyphenylene Sulfide,adduct,M + 11×repeat | H shift +1 | K,0,1,K,,,0.0
C72H51NaS12,"{'C': 72, 'S': 12, 'H': 51, 'Na': 1}",1322.05370001853,positive,1,PPS,Polyphenylene Sulfide,adduct,break 1 bond(s) + 11×repeat | H shift +2 | Na | ; | break 1 bond(s) + 11×repeat | H shift +2 | Na,1,2,Na,,"[1, 2, 3, 4, 5, 6, 7, 9, 10, 11, 12, 13]",0.0
C72H51NaS13,"{'C': 72, 'H': 51, 'S': 13, 'Na': 1}",1354.02577119293,positive,1,PPS,Polyphenylene Sulfide,adduct,M + 11×repeat | H shift +1 | Na,0,1,Na,,,0.0
C72H51OS11,"{'C': 72, 'H': 51, 'S': 11, 'O': 1}",1283.0867741817,negative,-1,PPS,Polyphenylene Sulfide,adduct,break 2 bond(s) + 11×repeat | H shift +2 | OH,2,2,OH,,"[1, 2, 3, 4, 6, 7, 9, 10, 12, 13]",0.0
C72H51OS12,"{'C': 72, 'S': 12, 'H': 51, 'O': 1}",1315.0588453561,negative,-1,PPS,Polyphenylene Sulfide,adduct,break 1 bond(s) + 11×repeat | H shift +1 | OH | ; | break 1 bond(s) + 11×repeat | H shift +2 | O | ; | break 1 bond(s) + 11×repeat | H shift +1 | OH,1,1,OH,,"[1, 2, 3, 4, 5, 6, 7, 9, 10, 11, 12, 13]",0.0
C72H51OS13,"{'C': 72, 'H': 51, 'S': 13, 'O': 1}",1347.0309165305,negative,-1,PPS,Polyphenylene Sulfide,adduct,M + 11×repeat | OH | ; | M + 11×repeat | H shift +1 | O,0,0,OH,,,0.0
C72H51S11,"{'C': 72, 'H': 51, 'S': 11}",1267.09185956213,positive,1,PPS,Polyphenylene Sulfide,adduct,break 2 bond(s) + 11×repeat | H shift +2 | H,2,2,H,,"[1, 2, 3, 4, 6, 7, 9, 10, 12, 13]",0.0
C72H51S12,"{'C': 72, 'S': 12, 'H': 51}",1299.06393073653,positive,1,PPS,Polyphenylene Sulfide,adduct,break 1 bond(s) + 11×repeat | H shift +1 | H | ; | break 1 bond(s) + 11×repeat | H shift +1 | H,1,1,H,,"[1, 2, 3, 4, 5, 6, 7, 9, 10, 11, 12, 13]",0.0
C72H51S12,"{'C': 72, 'S': 12, 'H': 51}",1299.06393073653,neutral,0,PPS,Polyphenylene Sulfide,h_shift,break 1 bond(s) + 11×repeat | H shift +2 | ; | break 1 bond(s) + 11×repeat | H shift +2,1,2,,,"[1, 2, 3, 4, 5, 6, 7, 9, 10, 11, 12, 13]",0.0
C72H51S13,"{'C': 72, 'H': 51, 'S': 13}",1331.03600191093,positive,1,PPS,Polyphenylene Sulfide,adduct,M + 11×repeat | H,0,0,H,,,0.0
C72H51S13,"{'C': 72, 'H': 51, 'S': 13}",1331.03600191093,neutral,0,PPS,Polyphenylene Sulfide,h_shift,M + 11×repeat | H shift +1,0,1,,,,0.0
C72H51S13,"{'C': 72, 'H': 51, 'S': 13}",1331.03600191093,negative,-1,PPS,Polyphenylene Sulfide,adduct,M + 11×repeat | H shift +2 | -H,0,2,-H,,,0.0
C72H52ClS13,"{'C': 72, 'H': 52, 'S': 13, 'Cl': 1}",1367.01267962516,negative,-1,PPS,Polyphenylene Sulfide,adduct,M + 11×repeat | H shift +2 | Cl,0,2,Cl,,,0.0
C72H52KS13,"{'C': 72, 'H': 52, 'S': 13, 'K': 1}",1371.00753342956,positive,1,PPS,Polyphenylene Sulfide,adduct,M + 11×repeat | H shift +2 | K,0,2,K,,,0.0
C72H52NaS13,"{'C': 72, 'H': 52, 'S': 13, 'Na': 1}",1355.03359622516,positive,1,PPS,Polyphenylene Sulfide,adduct,M + 11×repeat | H shift +2 | Na,0,2,Na,,,0.0
C72H52OS12,"{'C': 72, 'S': 12, 'H': 52, 'O': 1}",1316.06667038833,negative,-1,PPS,Polyphenylene Sulfide,adduct,break 1 bond(s) + 11×repeat | H shift +2 | OH | ; | break 1 bond(s) + 11×repeat | H shift +2 | OH,1,2,OH,,"[1, 2, 3, 4, 5, 6, 7, 9, 10, 11, 12, 13]",0.0
C72H52OS13,"{'C': 72, 'H': 52, 'S': 13, 'O': 1}",1348.03874156273,negative,-1,PPS,Polyphenylene Sulfide,adduct,M + 11×repeat | H shift +1 | OH | ; | M + 11×repeat | H shift +2 | O,0,1,OH,,,0.0
C72H52S12,"{'C': 72, 'S': 12, 'H': 52}",1300.0717557687599,positive,1,PPS,Polyphenylene Sulfide,adduct,break 1 bond(s) + 11×repeat | H shift +2 | H | ; | break 1 bond(s) + 11×repeat | H shift +2 | H,1,2,H,,"[1, 2, 3, 4, 5, 6, 7, 9, 10, 11, 12, 13]",0.0
C72H52S13,"{'C': 72, 'H': 52, 'S': 13}",1332.04382694316,positive,1,PPS,Polyphenylene Sulfide,adduct,M + 11×repeat | H shift +1 | H,0,1,H,,,0.0
C72H52S13,"{'C': 72, 'H': 52, 'S': 13}",1332.04382694316,neutral,0,PPS,Polyphenylene Sulfide,h_shift,M + 11×repeat | H shift +2,0,2,,,,0.0
C72H53OS13,"{'C': 72, 'H': 53, 'S': 13, 'O': 1}",1349.04656659496,negative,-1,PPS,Polyphenylene Sulfide,adduct,M + 11×repeat | H shift +2 | OH,0,2,OH,,,0.0
C72H53S13,"{'C': 72, 'H': 53, 'S': 13}",1333.05165197539,positive,1,PPS,Polyphenylene Sulfide,adduct,M + 11×repeat | H shift +2 | H,0,2,H,,,0.0
C77H47S12,"{'C': 77, 'H': 47, 'S': 12}",1355.03263060761,neutral,0,PPS,Polyphenylene Sulfide,neutral_loss,break 2 bond(s) + 12×repeat | H shift -2 | -CH3,2,-2,,CH3,"[1, 2, 3, 4, 6, 7, 9, 10, 12, 13]",0.0
C77H48S12,"{'C': 77, 'H': 48, 'S': 12}",1356.04045563984,neutral,0,PPS,Polyphenylene Sulfide,neutral_loss,break 2 bond(s) + 12×repeat | H shift -1 | -CH3,2,-1,,CH3,"[1, 2, 3, 4, 6, 7, 9, 10, 12, 13]",0.0
C77H48S13,"{'C': 77, 'S': 13, 'H': 48}",1388.0125268142401,neutral,0,PPS,Polyphenylene Sulfide,neutral_loss,break 1 bond(s) + 12×repeat | H shift -2 | -CH3 | ; | break 1 bond(s) + 12×repeat | H shift -2 | -CH3,1,-2,,CH3,"[1, 2, 3, 4, 5, 6, 7, 9, 10, 11, 12, 13]",0.0
C77H49S12,"{'C': 77, 'H': 49, 'S': 12}",1357.04828067207,neutral,0,PPS,Polyphenylene Sulfide,neutral_loss,break 2 bond(s) + 12×repeat | -CH3,2,0,,CH3,"[1, 2, 3, 4, 6, 7, 9, 10, 12, 13]",0.0
C77H49S13,"{'C': 77, 'S': 13, 'H': 49}",1389.02035184647,neutral,0,PPS,Polyphenylene Sulfide,neutral_loss,break 1 bond(s) + 12×repeat | H shift -1 | -CH3 | ; | break 1 bond(s) + 12×repeat | H shift -1 | -CH3,1,-1,,CH3,"[1, 2, 3, 4, 5, 6, 7, 9, 10, 11, 12, 13]",0.0
C77H49S14,"{'C': 77, 'H': 49, 'S': 14}",1420.9924230208699,neutral,0,PPS,Polyphenylene Sulfide,neutral_loss,M + 12×repeat | H shift -2 | -CH3,0,-2,,CH3,,0.0
C77H50S12,"{'C': 77, 'H': 50, 'S': 12}",1358.0561057043,neutral,0,PPS,Polyphenylene Sulfide,neutral_loss,break 2 bond(s) + 12×repeat | H shift +1 | -CH3,2,1,,CH3,"[1, 2, 3, 4, 6, 7, 9, 10, 12, 13]",0.0
C77H50S13,"{'C': 77, 'S': 13, 'H': 50}",1390.0281768787,neutral,0,PPS,Polyphenylene Sulfide,neutral_loss,break 1 bond(s) + 12×repeat | -CH3 | ; | break 1 bond(s) + 12×repeat | -CH3,1,0,,CH3,"[1, 2, 3, 4, 5, 6, 7, 9, 10, 11, 12, 13]",0.0
C77H50S14,"{'C': 77, 'H': 50, 'S': 14}",1422.0002480531,neutral,0,PPS,Polyphenylene Sulfide,neutral_loss,M + 12×repeat | H shift -1 | -CH3,0,-1,,CH3,,0.0
C77H51S12,"{'C': 77, 'H': 51, 'S': 12}",1359.06393073653,neutral,0,PPS,Polyphenylene Sulfide,neutral_loss,break 2 bond(s) + 12×repeat | H shift +2 | -CH3,2,2,,CH3,"[1, 2, 3, 4, 6, 7, 9, 10, 12, 13]",0.0
C77H51S13,"{'C': 77, 'S': 13, 'H': 51}",1391.03600191093,neutral,0,PPS,Polyphenylene Sulfide,neutral_loss,break 1 bond(s) + 12×repeat | H shift +1 | -CH3 | ; | break 1 bond(s) + 12×repeat | H shift +1 | -CH3,1,1,,CH3,"[1, 2, 3, 4, 5, 6, 7, 9, 10, 11, 12, 13]",0.0
C77H51S14,"{'C': 77, 'H': 51, 'S': 14}",1423.00807308533,neutral,0,PPS,Polyphenylene Sulfide,neutral_loss,M + 12×repeat | -CH3,0,0,,CH3,,0.0
C77H52S13,"{'C': 77, 'S': 13, 'H': 52}",1392.04382694316,neutral,0,PPS,Polyphenylene Sulfide,neutral_loss,break 1 bond(s) + 12×repeat | H shift +2 | -CH3 | ; | break 1 bond(s) + 12×repeat | H shift +2 | -CH3,1,2,,CH3,"[1, 2, 3, 4, 5, 6, 7, 9, 10, 11, 12, 13]",0.0
C77H52S14,"{'C': 77, 'H': 52, 'S': 14}",1424.01589811756,neutral,0,PPS,Polyphenylene Sulfide,neutral_loss,M + 12×repeat | H shift +1 | -CH3,0,1,,CH3,,0.0
C77H53S14,"{'C': 77, 'H': 53, 'S': 14}",1425.02372314979,neutral,0,PPS,Polyphenylene Sulfide,neutral_loss,M + 12×repeat | H shift +2 | -CH3,0,2,,CH3,,0.0
C78H48S12,"{'C': 78, 'H': 48, 'S': 12}",1368.04045563984,neutral,0,PPS,Polyphenylene Sulfide,neutral_loss,break 2 bond(s) + 12×repeat | H shift -2 | -H2,2,-2,,H2,"[1, 2, 3, 4, 6, 7, 9, 10, 12, 13]",0.0
C78H49S12,"{'C': 78, 'H': 49, 'S': 12}",1369.04828067207,negative,-1,PPS,Polyphenylene Sulfide,adduct,break 2 bond(s) + 12×repeat | H shift -2 | -H,2,-2,-H,,"[1, 2, 3, 4, 6, 7, 9, 10, 12, 13]",0.0
C78H49S12,"{'C': 78, 'H': 49, 'S': 12}",1369.04828067207,neutral,0,PPS,Polyphenylene Sulfide,neutral_loss,break 2 bond(s) + 12×repeat | H shift -1 | -H2,2,-1,,H2,"[1, 2, 3, 4, 6, 7, 9, 10, 12, 13]",0.0
C78H49S13,"{'C': 78, 'S': 13, 'H': 49}",1401.02035184647,neutral,0,PPS,Polyphenylene Sulfide,neutral_loss,break 1 bond(s) + 12×repeat | H shift -2 | -H2 | ; | break 1 bond(s) + 12×repeat | H shift -2 | -H2,1,-2,,H2,"[1, 2, 3, 4, 5, 6, 7, 9, 10, 11, 12, 13]",0.0
C78H50ClS12,"{'C': 78, 'H': 50, 'S': 12, 'Cl': 1}",1405.0249583862999,negative,-1,PPS,Polyphenylene Sulfide,adduct,break 2 bond(s) + 12×repeat | H shift -2 | Cl,2,-2,Cl,,"[1, 2, 3, 4, 6, 7, 9, 10, 12, 13]",0.0
C78H50KS12,"{'C': 78, 'H': 50, 'S': 12, 'K': 1}",1409.0198121907,positive,1,PPS,Polyphenylene Sulfide,adduct,break 2 bond(s) + 12×repeat | H shift -2 | K,2,-2,K,,"[1, 2, 3, 4, 6, 7, 9, 10, 12, 13]",0.0
C78H50NaS12,"{'C': 78, 'H': 50, 'S': 12, 'Na': 1}",1393.0458749863,positive,1,PPS,Polyphenylene Sulfide,adduct,break 2 bond(s) + 12×repeat | H shift -2 | Na,2,-2,Na,,"[1, 2, 3, 4, 6, 7, 9, 10, 12, 13]",0.0
C78H50OS12,"{'C': 78, 'H': 50, 'S': 12, 'O': 1}",1386.05102032387,negative,-1,PPS,Polyphenylene Sulfide,adduct,break 2 bond(s) + 12×repeat | H shift -2 | O,2,-2,O,,"[1, 2, 3, 4, 6, 7, 9, 10, 12, 13]",0.0
C78H50S12,"{'C': 78, 'H': 50, 'S': 12}",1370.0561057043,neutral,0,PPS,Polyphenylene Sulfide,h_shift,break 2 bond(s) + 12×repeat | H shift -2,2,-2,,,"[1, 2, 3, 4, 6, 7, 9, 10, 12, 13]",0.0
C78H50S12,"{'C': 78, 'H': 50, 'S': 12}",1370.0561057043,negative,-1,PPS,Polyphenylene Sulfide,adduct,break 2 bond(s) + 12×repeat | H shift -1 | -H,2,-1,-H,,"[1, 2, 3, 4, 6, 7, 9, 10, 12, 13]",0.0
C78H50S12,"{'C': 78, 'H': 50, 'S': 12}",1370.0561057043,neutral,0,PPS,Polyphenylene Sulfide,neutral_loss,break 2 bond(s) + 12×repeat | -H2,2,0,,H2,"[1, 2, 3, 4, 6, 7, 9, 10, 12, 13]",0.0
C78H50S13,"{'C': 78, 'S': 13, 'H': 50}",1402.0281768787,negative,-1,PPS,Polyphenylene Sulfide,adduct,break 1 bond(s) + 12×repeat | H shift -2 | -H | ; | break 1 bond(s) + 12×repeat | H shift -2 | -H,1,-2,-H,,"[1, 2, 3, 4, 5, 6, 7, 9, 10, 11, 12, 13]",0.0
C78H50S13,"{'C': 78, 'S': 13, 'H': 50}",1402.0281768787,neutral,0,PPS,Polyphenylene Sulfide,neutral_loss,break 1 bond(s) + 12×repeat | H shift -1 | -H2 | ; | break 1 bond(s) + 12×repeat | H shift -1 | -H2,1,-1,,H2,"[1, 2, 3, 4, 5, 6, 7, 9, 10, 11, 12, 13]",0.0
C78H50S14,"{'C': 78, 'H': 50, 'S': 14}",1434.0002480531,neutral,0,PPS,Polyphenylene Sulfide,neutral_loss,M + 12×repeat | H shift -2 | -H2,0,-2,,H2,,0.0
C78H51ClS12,"{'C': 78, 'H': 51, 'S': 12, 'Cl': 1}",1406.03278341853,negative,-1,PPS,Polyphenylene Sulfide,adduct,break 2 bond(s) + 12×repeat | H shift -1 | Cl,2,-1,Cl,,"[1, 2, 3, 4, 6, 7, 9, 10, 12, 13]",0.0
C78H51ClS13,"{'C': 78, 'S': 13, 'H': 51, 'Cl': 1}",1438.00485459293,negative,-1,PPS,Polyphenylene Sulfide,adduct,break 1 bond(s) + 12×repeat | H shift -2 | Cl | ; | break 1 bond(s) + 12×repeat | H shift -2 | Cl,1,-2,Cl,,"[1, 2, 3, 4, 5, 6, 7, 9, 10, 11, 12, 13]",0.0
C78H51KS12,"{'C': 78, 'H': 51, 'S': 12, 'K': 1}",1410.02763722293,positive,1,PPS,Polyphenylene Sulfide,adduct,break 2 bond(s) + 12×repeat | H shift -1 | K,2,-1,K,,"[1, 2, 3, 4, 6, 7, 9, 10, 12, 13]",0.0
C78H51KS13,"{'C': 78, 'S': 13, 'H': 51, 'K': 1}",1441.99970839733,positive,1,PPS,Polyphenylene Sulfide,adduct,break 1 bond(s) + 12×repeat | H shift -2 | K | ; | break 1 bond(s) + 12×repeat | H shift -2 | K,1,-2,K,,"[1, 2, 3, 4, 5, 6, 7, 9, 10, 11, 12, 13]",0.0
C78H51NaS12,"{'C': 78, 'H': 51, 'S': 12, 'Na': 1}",1394.05370001853,positive,1,PPS,Polyphenylene Sulfide,adduct,break 2 bond(s) + 12×repeat | H shift -1 | Na,2,-1,Na,,"[1, 2, 3, 4, 6, 7, 9, 10, 12, 13]",0.0
C78H51NaS13,"{'C': 78, 'S': 13, 'H': 51, 'Na': 1}",1426.02577119293,positive,1,PPS,Polyphenylene Sulfide,adduct,break 1 bond(s) + 12×repeat | H shift -2 | Na | ; | break 1 bond(s) + 12×repeat | H shift -2 | Na,1,-2,Na,,"[1, 2, 3, 4, 5, 6, 7, 9, 10, 11, 12, 13]",0.0
C78H51OS12,"{'C': 78, 'H': 51, 'S': 12, 'O': 1}",1387.0588453561,negative,-1,PPS,Polyphenylene Sulfide,adduct,break 2 bond(s) + 12×repeat | H shift -2 | OH | ; | break 2 bond(s) + 12×repeat | H shift -1 | O,2,-2,OH,,"[1, 2, 3, 4, 6, 7, 9, 10, 12, 13]",0.0
C78H51OS13,"{'C': 78, 'S': 13, 'H': 51, 'O': 1}",1419.0309165305,negative,-1,PPS,Polyphenylene Sulfide,adduct,break 1 bond(s) + 12×repeat | H shift -2 | O | ; | break 1 bond(s) + 12×repeat | H shift -2 | O,1,-2,O,,"[1, 2, 3, 4, 5, 6, 7, 9, 10, 11, 12, 13]",0.0
C78H51S12,"{'C': 78, 'H': 51, 'S': 12}",1371.06393073653,positive,1,PPS,Polyphenylene Sulfide,adduct,break 2 bond(s) + 12×repeat | H shift -2 | H,2,-2,H,,"[1, 2, 3, 4, 6, 7, 9, 10, 12, 13]",0.0
C78H51S12,"{'C': 78, 'H': 51, 'S': 12}",1371.06393073653,neutral,0,PPS,Polyphenylene Sulfide,h_shift,break 2 bond(s) + 12×repeat | H shift -1,2,-1,,,"[1, 2, 3, 4, 6, 7, 9, 10, 12, 13]",0.0
C78H51S12,"{'C': 78, 'H': 51, 'S': 12}",1371.06393073653,negative,-1,PPS,Polyphenylene Sulfide,adduct,break 2 bond(s) + 12×repeat | -H,2,0,-H,,"[1, 2, 3, 4, 6, 7, 9, 10, 12, 13]",0.0
C78H51S12,"{'C': 78, 'H': 51, 'S': 12}",1371.06393073653,neutral,0,PPS,Polyphenylene Sulfide,neutral_loss,break 2 bond(s) + 12×repeat | H shift +1 | -H2,2,1,,H2,"[1, 2, 3, 4, 6, 7, 9, 10, 12, 13]",0.0
C78H51S13,"{'C': 78, 'S': 13, 'H': 51}",1403.03600191093,neutral,0,PPS,Polyphenylene Sulfide,h_shift,break 1 bond(s) + 12×repeat | H shift -2 | ; | break 1 bond(s) + 12×repeat | H shift -2,1,-2,,,"[1, 2, 3, 4, 5, 6, 7, 9, 10, 11, 12, 13]",0.0
C78H51S13,"{'C': 78, 'S': 13, 'H': 51}",1403.03600191093,negative,-1,PPS,Polyphenylene Sulfide,adduct,break 1 bond(s) + 12×repeat | H shift -1 | -H | ; | break 1 bond(s) + 12×repeat | H shift -1 | -H,1,-1,-H,,"[1, 2, 3, 4, 5, 6, 7, 9, 10, 11, 12, 13]",0.0
C78H51S13,"{'C': 78, 'S': 13, 'H': 51}",1403.03600191093,neutral,0,PPS,Polyphenylene Sulfide,neutral_loss,break 1 bond(s) + 12×repeat | -H2 | ; | break 1 bond(s) + 12×repeat | -H2,1,0,,H2,"[1, 2, 3, 4, 5, 6, 7, 9, 10, 11, 12, 13]",0.0
C78H51S14,"{'C': 78, 'H': 51, 'S': 14}",1435.00807308533,negative,-1,PPS,Polyphenylene Sulfide,adduct,M + 12×repeat | H shift -2 | -H,0,-2,-H,,,0.0
C78H51S14,"{'C': 78, 'H': 51, 'S': 14}",1435.00807308533,neutral,0,PPS,Polyphenylene Sulfide,neutral_loss,M + 12×repeat | H shift -1 | -H2,0,-1,,H2,,0.0
C78H52ClS12,"{'C': 78, 'H': 52, 'S': 12, 'Cl': 1}",1407.04060845076,negative,-1,PPS,Polyphenylene Sulfide,adduct,break 2 bond(s) + 12×repeat | Cl,2,0,Cl,,"[1, 2, 3, 4, 6, 7, 9, 10, 12, 13]",0.0
C78H52ClS13,"{'C': 78, 'S': 13, 'H': 52, 'Cl': 1}",1439.01267962516,negative,-1,PPS,Polyphenylene Sulfide,adduct,break 1 bond(s) + 12×repeat | H shift -1 | Cl | ; | break 1 bond(s) + 12×repeat | H shift -1 | Cl,1,-1,Cl,,"[1, 2, 3, 4, 5, 6, 7, 9, 10, 11, 12, 13]",0.0
C78H52ClS14,"{'C': 78, 'H': 52, 'S': 14, 'Cl': 1}",1470.98475079956,negative,-1,PPS,Polyphenylene Sulfide,adduct,M + 12×repeat | H shift -2 | Cl,0,-2,Cl,,,0.0
C78H52KS12,"{'C': 78, 'H': 52, 'S': 12, 'K': 1}",1411.03546225516,positive,1,PPS,Polyphenylene Sulfide,adduct,break 2 bond(s) + 12×repeat | K,2,0,K,,"[1, 2, 3, 4, 6, 7, 9, 10, 12, 13]",0.0
C78H52KS13,"{'C': 78, 'S': 13, 'H': 52, 'K': 1}",1443.00753342956,positive,1,PPS,Polyphenylene Sulfide,adduct,break 1 bond(s) + 12×repeat | H shift -1 | K | ; | break 1 bond(s) + 12×repeat | H shift -1 | K,1,-1,K,,"[1, 2, 3, 4, 5, 6, 7, 9, 10, 11, 12, 13]",0.0
C78H52KS14,"{'C': 78, 'H': 52, 'S': 14, 'K': 1}",1474.97960460396,positive,1,PPS,Polyphenylene Sulfide,adduct,M + 12×repeat | H shift -2 | K,0,-2,K,,,0.0
C78H52NaS12,"{'C': 78, 'H': 52, 'S': 12, 'Na': 1}",1395.06152505076,positive,1,PPS,Polyphenylene Sulfide,adduct,break 2 bond(s) + 12×repeat | Na,2,0,Na,,"[1, 2, 3, 4, 6, 7, 9, 10, 12, 13]",0.0
C78H52NaS13,"{'C': 78, 'S': 13, 'H': 52, 'Na': 1}",1427.03359622516,positive,1,PPS,Polyphenylene Sulfide,adduct,break 1 bond(s) + 12×repeat | H shift -1 | Na | ; | break 1 bond(s) + 12×repeat | H shift -1 | Na,1,-1,Na,,"[1, 2, 3, 4, 5, 6, 7, 9, 10, 11, 12, 13]",0.0
C78H52NaS14,"{'C': 78, 'H': 52, 'S': 14, 'Na': 1}",1459.00566739956,positive,1,PPS,Polyphenylene Sulfide,adduct,M + 12×repeat | H shift -2 | Na,0,-2,Na,,,0.0
C78H52OS12,"{'C': 78, 'H': 52, 'S': 12, 'O': 1}",1388.06667038833,negative,-1,PPS,Polyphenylene Sulfide,adduct,break 2 bond(s) + 12×repeat | H shift -1 | OH | ; | break 2 bond(s) + 12×repeat | O,2,-1,OH,,"[1, 2, 3, 4, 6, 7, 9, 10, 12, 13]",0.0
C78H52OS13,"{'C': 78, 'S': 13, 'H': 52, 'O': 1}",1420.03874156273,negative,-1,PPS,Polyphenylene Sulfide,adduct,break 1 bond(s) + 12×repeat | H shift -2 | OH | ; | break 1 bond(s) + 12×repeat | H shift -1 | O | ; | break 1 bond(s) + 12×repeat | H shift -2 | OH,1,-2,OH,,"[1, 2, 3, 4, 5, 6, 7, 9, 10, 11, 12, 13]",0.0
C78H52OS14,"{'C': 78, 'H': 52, 'S': 14, 'O': 1}",1452.01081273713,negative,-1,PPS,Polyphenylene Sulfide,adduct,M + 12×repeat | H shift -2 | O,0,-2,O,,,0.0
C78H52S12,"{'C': 78, 'H': 52, 'S': 12}",1372.0717557687599,positive,1,PPS,Polyphenylene Sulfide,adduct,break 2 bond(s) + 12×repeat | H shift -1 | H,2,-1,H,,"[1, 2, 3, 4, 6, 7, 9, 10, 12, 13]",0.0
C78H52S12,"{'C': 78, 'H': 52, 'S': 12}",1372.0717557687599,neutral,0,PPS,Polyphenylene Sulfide,fragment,break 2 bond(s) + 12×repeat,2,0,,,"[1, 2, 3, 4, 6, 7, 9, 10, 12, 13]",0.0
C78H52S12,"{'C': 78, 'H': 52, 'S': 12}",1372.0717557687599,negative,-1,PPS,Polyphenylene Sulfide,adduct,break 2 bond(s) + 12×repeat | H shift +1 | -H,2,1,-H,,"[1, 2, 3, 4, 6, 7, 9, 10, 12, 13]",0.0
C78H52S12,"{'C': 78, 'H': 52, 'S': 12}",1372.0717557687599,neutral,0,PPS,Polyphenylene Sulfide,neutral_loss,break 2 bond(s) + 12×repeat | H shift +2 | -H2,2,2,,H2,"[1, 2, 3, 4, 6, 7, 9, 10, 12, 13]",0.0
C78H52S13,"{'C': 78, 'S': 13, 'H': 52}",1404.04382694316,positive,1,PPS,Polyphenylene Sulfide,adduct,break 1 bond(s) + 12×repeat | H shift -2 | H | ; | break 1 bond(s) + 12×repeat | H shift -2 | H,1,-2,H,,"[1, 2, 3, 4, 5, 6, 7, 9, 10, 11, 12, 13]",0.0
C78H52S13,"{'C': 78, 'S': 13, 'H': 52}",1404.04382694316,neutral,0,PPS,Polyphenylene Sulfide,h_shift,break 1 bond(s) + 12×repeat | H shift -1 | ; | break 1 bond(s) + 12×repeat | H shift -1,1,-1,,,"[1, 2, 3, 4, 5, 6, 7, 9, 10, 11, 12, 13]",0.0
C78H52S13,"{'C': 78, 'S': 13, 'H': 52}",1404.04382694316,negative,-1,PPS,Polyphenylene Sulfide,adduct,break 1 bond(s) + 12×repeat | -H | ; | break 1 bond(s) + 12×repeat | -H,1,0,-H,,"[1, 2, 3, 4, 5, 6, 7, 9, 10, 11, 12, 13]",0.0
C78H52S13,"{'C': 78, 'S': 13, 'H': 52}",1404.04382694316,neutral,0,PPS,Polyphenylene Sulfide,neutral_loss,break 1 bond(s) + 12×repeat | H shift +1 | -H2 | ; | break 1 bond(s) + 12×repeat | H shift +1 | -H2,1,1,,H2,"[1, 2, 3, 4, 5, 6, 7, 9, 10, 11, 12, 13]",0.0
C78H52S14,"{'C': 78, 'H': 52, 'S': 14}",1436.01589811756,neutral,0,PPS,Polyphenylene Sulfide,h_shift,M + 12×repeat | H shift -2,0,-2,,,,0.0
C78H52S14,"{'C': 78, 'H': 52, 'S': 14}",1436.01589811756,negative,-1,PPS,Polyphenylene Sulfide,adduct,M + 12×repeat | H shift -1 | -H,0,-1,-H,,,0.0
C78H52S14,"{'C': 78, 'H': 52, 'S': 14}",1436.01589811756,neutral,0,PPS,Polyphenylene Sulfide,neutral_loss,M + 12×repeat | -H2,0,0,,H2,,0.0
C78H53ClS12,"{'C': 78, 'H': 53, 'S': 12, 'Cl': 1}",1408.04843348299,negative,-1,PPS,Polyphenylene Sulfide,adduct,break 2 bond(s) + 12×repeat | H shift +1 | Cl,2,1,Cl,,"[1, 2, 3, 4, 6, 7, 9, 10, 12, 13]",0.0
C78H53ClS13,"{'C': 78, 'S': 13, 'H': 53, 'Cl': 1}",1440.0205046573901,negative,-1,PPS,Polyphenylene Sulfide,adduct,break 1 bond(s) + 12×repeat | Cl | ; | break 1 bond(s) + 12×repeat | Cl,1,0,Cl,,"[1, 2, 3, 4, 5, 6, 7, 9, 10, 11, 12, 13]",0.0
C78H53ClS14,"{'C': 78, 'H': 53, 'S': 14, 'Cl': 1}",1471.99257583179,negative,-1,PPS,Polyphenylene Sulfide,adduct,M + 12×repeat | H shift -1 | Cl,0,-1,Cl,,,0.0
C78H53KS12,"{'C': 78, 'H': 53, 'S': 12, 'K': 1}",1412.04328728739,positive,1,PPS,Polyphenylene Sulfide,adduct,break 2 bond(s) + 12×repeat | H shift +1 | K,2,1,K,,"[1, 2, 3, 4, 6, 7, 9, 10, 12, 13]",0.0
C78H53KS13,"{'C': 78, 'S': 13, 'H': 53, 'K': 1}",1444.01535846179,positive,1,PPS,Polyphenylene Sulfide,adduct,break 1 bond(s) + 12×repeat | K | ; | break 1 bond(s) + 12×repeat | K,1,0,K,,"[1, 2, 3, 4, 5, 6, 7, 9, 10, 11, 12, 13]",0.0
C78H53KS14,"{'C': 78, 'H': 53, 'S': 14, 'K': 1}",1475.98742963619,positive,1,PPS,Polyphenylene Sulfide,adduct,M + 12×repeat | H shift -1 | K,0,-1,K,,,0.0
C78H53NaS12,"{'C': 78, 'H': 53, 'S': 12, 'Na': 1}",1396.06935008299,positive,1,PPS,Polyphenylene Sulfide,adduct,break 2 bond(s) + 12×repeat | H shift +1 | Na,2,1,Na,,"[1, 2, 3, 4, 6, 7, 9, 10, 12, 13]",0.0
C78H53NaS13,"{'C': 78, 'S': 13, 'H': 53, 'Na': 1}",1428.04142125739,positive,1,PPS,Polyphenylene Sulfide,adduct,break 1 bond(s) + 12×repeat | Na | ; | break 1 bond(s) + 12×repeat | Na,1,0,Na,,"[1, 2, 3, 4, 5, 6, 7, 9, 10, 11, 12, 13]",0.0
C78H53NaS14,"{'C': 78, 'H': 53, 'S': 14, 'Na': 1}",1460.01349243179,positive,1,PPS,Polyphenylene Sulfide,adduct,M + 12×repeat | H shift -1 | Na,0,-1,Na,,,0.0
C78H53OS12,"{'C': 78, 'H': 53, 'S': 12, 'O': 1}",1389.07449542056,negative,-1,PPS,Polyphenylene Sulfide,adduct,break 2 bond(s) + 12×repeat | OH | ; | break 2 bond(s) + 12×repeat | H shift +1 | O,2,0,OH,,"[1, 2, 3, 4, 6, 7, 9, 10, 12, 13]",0.0
C78H53OS13,"{'C': 78, 'S': 13, 'H': 53, 'O': 1}",1421.04656659496,negative,-1,PPS,Polyphenylene Sulfide,adduct,break 1 bond(s) + 12×repeat | H shift -1 | OH | ; | break 1 bond(s) + 12×repeat | O | ; | break 1 bond(s) + 12×repeat | H shift -1 | OH,1,-1,OH,,"[1, 2, 3, 4, 5, 6, 7, 9, 10, 11, 12, 13]",0.0
C78H53OS14,"{'C': 78, 'H': 53, 'S': 14, 'O': 1}",1453.0186377693599,negative,-1,PPS,Polyphenylene Sulfide,adduct,M + 12×repeat | H shift -2 | OH | ; | M + 12×repeat | H shift -1 | O,0,-2,OH,,,0.0
C78H53S12,"{'C': 78, 'H': 53, 'S': 12}",1373.07958080099,positive,1,PPS,Polyphenylene Sulfide,adduct,break 2 bond(s) + 12×repeat | H,2,0,H,,"[1, 2, 3, 4, 6, 7, 9, 10, 12, 13]",0.0
C78H53S12,"{'C': 78, 'H': 53, 'S': 12}",1373.07958080099,neutral,0,PPS,Polyphenylene Sulfide,h_shift,break 2 bond(s) + 12×repeat | H shift +1,2,1,,,"[1, 2, 3, 4, 6, 7, 9, 10, 12, 13]",0.0
C78H53S12,"{'C': 78, 'H': 53, 'S': 12}",1373.07958080099,negative,-1,PPS,Polyphenylene Sulfide,adduct,break 2 bond(s) + 12×repeat | H shift +2 | -H,2,2,-H,,"[1, 2, 3, 4, 6, 7, 9, 10, 12, 13]",0.0
C78H53S13,"{'C': 78, 'S': 13, 'H': 53}",1405.05165197539,positive,1,PPS,Polyphenylene Sulfide,adduct,break 1 bond(s) + 12×repeat | H shift -1 | H | ; | break 1 bond(s) + 12×repeat | H shift -1 | H,1,-1,H,,"[1, 2, 3, 4, 5, 6, 7, 9, 10, 11, 12, 13]",0.0
C78H53S13,"{'C': 78, 'S': 13, 'H': 53}",1405.05165197539,neutral,0,PPS,Polyphenylene Sulfide,fragment,break 1 bond(s) + 12×repeat | ; | break 1 bond(s) + 12×repeat,1,0,,,"[1, 2, 3, 4, 5, 6, 7, 9, 10, 11, 12, 13]",0.0
C78H53S13,"{'C': 78, 'S': 13, 'H': 53}",1405.05165197539,negative,-1,PPS,Polyphenylene Sulfide,adduct,break 1 bond(s) + 12×repeat | H shift +1 | -H | ; | break 1 bond(s) + 12×repeat | H shift +1 | -H,1,1,-H,,"[1, 2, 3, 4, 5, 6, 7, 9, 10, 11, 12, 13]",0.0
C78H53S13,"{'C': 78, 'S': 13, 'H': 53}",1405.05165197539,neutral,0,PPS,Polyphenylene Sulfide,neutral_loss,break 1 bond(s) + 12×repeat | H shift +2 | -H2 | ; | break 1 bond(s) + 12×repeat | H shift +2 | -H2,1,2,,H2,"[1, 2, 3, 4, 5, 6, 7, 9, 10, 11, 12, 13]",0.0
C78H53S14,"{'C': 78, 'H': 53, 'S': 14}",1437.02372314979,positive,1,PPS,Polyphenylene Sulfide,adduct,M + 12×repeat | H shift -2 | H,0,-2,H,,,0.0
C78H53S14,"{'C': 78, 'H': 53, 'S': 14}",1437.02372314979,neutral,0,PPS,Polyphenylene Sulfide,h_shift,M + 12×repeat | H shift -1,0,-1,,,,0.0
C78H53S14,"{'C': 78, 'H': 53, 'S': 14}",1437.02372314979,negative,-1,PPS,Polyphenylene Sulfide,adduct,M + 12×repeat | -H,0,0,-H,,,0.0
C78H53S14,"{'C': 78, 'H': 53, 'S': 14}",1437.02372314979,neutral,0,PPS,Polyphenylene Sulfide,neutral_loss,M + 12×repeat | H shift +1 | -H2,0,1,,H2,,0.0
C78H54ClS12,"{'C': 78, 'H': 54, 'S': 12, 'Cl': 1}",1409.05625851522,negative,-1,PPS,Polyphenylene Sulfide,adduct,break 2 bond(s) + 12×repeat | H shift +2 | Cl,2,2,Cl,,"[1, 2, 3, 4, 6, 7, 9, 10, 12, 13]",0.0
C78H54ClS13,"{'C': 78, 'S': 13, 'H': 54, 'Cl': 1}",1441.02832968962,negative,-1,PPS,Polyphenylene Sulfide,adduct,break 1 bond(s) + 12×repeat | H shift +1 | Cl | ; | break 1 bond(s) + 12×repeat | H shift +1 | Cl,1,1,Cl,,"[1, 2, 3, 4, 5, 6, 7, 9, 10, 11, 12, 13]",0.0
C78H54ClS14,"{'C': 78, 'H': 54, 'S': 14, 'Cl': 1}",1473.0004008640199,negative,-1,PPS,Polyphenylene Sulfide,adduct,M + 12×repeat | Cl,0,0,Cl,,,0.0
C78H54KS12,"{'C': 78, 'H': 54, 'S': 12, 'K': 1}",1413.05111231962,positive,1,PPS,Polyphenylene Sulfide,adduct,break 2 bond(s) + 12×repeat | H shift +2 | K,2,2,K,,"[1, 2, 3, 4, 6, 7, 9, 10, 12, 13]",0.0
C78H54KS13,"{'C': 78, 'S': 13, 'H': 54, 'K': 1}",1445.02318349402,positive,1,PPS,Polyphenylene Sulfide,adduct,break 1 bond(s) + 12×repeat | H shift +1 | K | ; | break 1 bond(s) + 12×repeat | H shift +1 | K,1,1,K,,"[1, 2, 3, 4, 5, 6, 7, 9, 10, 11, 12, 13]",0.0
C78H54KS14,"{'C': 78, 'H': 54, 'S': 14, 'K': 1}",1476.9952546684199,positive,1,PPS,Polyphenylene Sulfide,adduct,M + 12×repeat | K,0,0,K,,,0.0
C78H54NaS12,"{'C': 78, 'H': 54, 'S': 12, 'Na': 1}",1397.07717511522,positive,1,PPS,Polyphenylene Sulfide,adduct,break 2 bond(s) + 12×repeat | H shift +2 | Na,2,2,Na,,"[1, 2, 3, 4, 6, 7, 9, 10, 12, 13]",0.0
C78H54NaS13,"{'C': 78, 'S': 13, 'H': 54, 'Na': 1}",1429.04924628962,positive,1,PPS,Polyphenylene Sulfide,adduct,break 1 bond(s) + 12×repeat | H shift +1 | Na | ; | break 1 bond(s) + 12×repeat | H shift +1 | Na,1,1,Na,,"[1, 2, 3, 4, 5, 6, 7, 9, 10, 11, 12, 13]",0.0
C78H54NaS14,"{'C': 78, 'H': 54, 'S': 14, 'Na': 1}",1461.02131746402,positive,1,PPS,Polyphenylene Sulfide,adduct,M + 12×repeat | Na,0,0,Na,,,0.0
C78H54OS12,"{'C': 78, 'H': 54, 'S': 12, 'O': 1}",1390.08232045279,negative,-1,PPS,Polyphenylene Sulfide,adduct,break 2 bond(s) + 12×repeat | H shift +1 | OH | ; | break 2 bond(s) + 12×repeat | H shift +2 | O,2,1,OH,,"[1, 2, 3, 4, 6, 7, 9, 10, 12, 13]",0.0
C78H54OS13,"{'C': 78, 'S': 13, 'H': 54, 'O': 1}",1422.05439162719,negative,-1,PPS,Polyphenylene Sulfide,adduct,break 1 bond(s) + 12×repeat | OH | ; | break 1 bond(s) + 12×repeat | H shift +1 | O | ; | break 1 bond(s) + 12×repeat | OH,1,0,OH,,"[1, 2, 3, 4, 5, 6, 7, 9, 10, 11, 12, 13]",0.0
C78H54OS14,"{'C': 78, 'H': 54, 'S': 14, 'O': 1}",1454.02646280159,negative,-1,PPS,Polyphenylene Sulfide,adduct,M + 12×repeat | H shift -1 | OH | ; | M + 12×repeat | O,0,-1,OH,,,0.0
C78H54S12,"{'C': 78, 'H': 54, 'S': 12}",1374.08740583322,positive,1,PPS,Polyphenylene Sulfide,adduct,break 2 bond(s) + 12×repeat | H shift +1 | H,2,1,H,,"[1, 2, 3, 4, 6, 7, 9, 10, 12, 13]",0.0
C78H54S12,"{'C': 78, 'H': 54, 'S': 12}",1374.08740583322,neutral,0,PPS,Polyphenylene Sulfide,h_shift,break 2 bond(s) + 12×repeat | H shift +2,2,2,,,"[1, 2, 3, 4, 6, 7, 9, 10, 12, 13]",0.0
C78H54S13,"{'C': 78, 'S': 13, 'H': 54}",1406.05947700762,positive,1,PPS,Polyphenylene Sulfide,adduct,break 1 bond(s) + 12×repeat | H | ; | break 1 bond(s) + 12×repeat | H,1,0,H,,"[1, 2, 3, 4, 5, 6, 7, 9, 10, 11, 12, 13]",0.0
C78H54S13,"{'C': 78, 'S': 13, 'H': 54}",1406.05947700762,neutral,0,PPS,Polyphenylene Sulfide,h_shift,break 1 bond(s) + 12×repeat | H shift +1 | ; | break 1 bond(s) + 12×repeat | H shift +1,1,1,,,"[1, 2, 3, 4, 5, 6, 7, 9, 10, 11, 12, 13]",0.0
C78H54S13,"{'C': 78, 'S': 13, 'H': 54}",1406.05947700762,negative,-1,PPS,Polyphenylene Sulfide,adduct,break 1 bond(s) + 12×repeat | H shift +2 | -H | ; | break 1 bond(s) + 12×repeat | H shift +2 | -H,1,2,-H,,"[1, 2, 3, 4, 5, 6, 7, 9, 10, 11, 12, 13]",0.0
C78H54S14,"{'C': 78, 'H': 54, 'S': 14}",1438.03154818202,positive,1,PPS,Polyphenylene Sulfide,adduct,M + 12×repeat | H shift -1 | H,0,-1,H,,,0.0
C78H54S14,"{'C': 78, 'H': 54, 'S': 14}",1438.03154818202,neutral,0,PPS,Polyphenylene Sulfide,oligomer,M + 12×repeat,0,0,,,,0.0
C78H54S14,"{'C': 78, 'H': 54, 'S': 14}",1438.03154818202,negative,-1,PPS,Polyphenylene Sulfide,adduct,M + 12×repeat | H shift +1 | -H,0,1,-H,,,0.0
C78H54S14,"{'C': 78, 'H': 54, 'S': 14}",1438.03154818202,neutral,0,PPS,Polyphenylene Sulfide,neutral_loss,M + 12×repeat | H shift +2 | -H2,0,2,,H2,,0.0
C78H55ClS13,"{'C': 78, 'S': 13, 'H': 55, 'Cl': 1}",1442.03615472185,negative,-1,PPS,Polyphenylene Sulfide,adduct,break 1 bond(s) + 12×repeat | H shift +2 | Cl | ; | break 1 bond(s) + 12×repeat | H shift +2 | Cl,1,2,Cl,,"[1, 2, 3, 4, 5, 6, 7, 9, 10, 11, 12, 13]",0.0
C78H55ClS14,"{'C': 78, 'H': 55, 'S': 14, 'Cl': 1}",1474.00822589625,negative,-1,PPS,Polyphenylene Sulfide,adduct,M + 12×repeat | H shift +1 | Cl,0,1,Cl,,,0.0
C78H55KS13,"{'C': 78, 'S': 13, 'H': 55, 'K': 1}",1446.03100852625,positive,1,PPS,Polyphenylene Sulfide,adduct,break 1 bond(s) + 12×repeat | H shift +2 | K | ; | break 1 bond(s) + 12×repeat | H shift +2 | K,1,2,K,,"[1, 2, 3, 4, 5, 6, 7, 9, 10, 11, 12, 13]",0.0
C78H55KS14,"{'C': 78, 'H': 55, 'S': 14, 'K': 1}",1478.00307970065,positive,1,PPS,Polyphenylene Sulfide,adduct,M + 12×repeat | H shift +1 | K,0,1,K,,,0.0
C78H55NaS13,"{'C': 78, 'S': 13, 'H': 55, 'Na': 1}",1430.0570713218501,positive,1,PPS,Polyphenylene Sulfide,adduct,break 1 bond(s) + 12×repeat | H shift +2 | Na | ; | break 1 bond(s) + 12×repeat | H shift +2 | Na,1,2,Na,,"[1, 2, 3, 4, 5, 6, 7, 9, 10, 11, 12, 13]",0.0
C78H55NaS14,"{'C': 78, 'H': 55, 'S': 14, 'Na': 1}",1462.02914249625,positive,1,PPS,Polyphenylene Sulfide,adduct,M + 12×repeat | H shift +1 | Na,0,1,Na,,,0.0
C78H55OS12,"{'C': 78, 'H': 55, 'S': 12, 'O': 1}",1391.09014548502,negative,-1,PPS,Polyphenylene Sulfide,adduct,break 2 bond(s) + 12×repeat | H shift +2 | OH,2,2,OH,,"[1, 2, 3, 4, 6, 7, 9, 10, 12, 13]",0.0
C78H55OS13,"{'C': 78, 'S': 13, 'H': 55, 'O': 1}",1423.06221665942,negative,-1,PPS,Polyphenylene Sulfide,adduct,break 1 bond(s) + 12×repeat | H shift +1 | OH | ; | break 1 bond(s) + 12×repeat | H shift +2 | O | ; | break 1 bond(s) + 12×repeat | H shift +1 | OH,1,1,OH,,"[1, 2, 3, 4, 5, 6, 7, 9, 10, 11, 12, 13]",0.0
C78H55OS14,"{'C': 78, 'H': 55, 'S': 14, 'O': 1}",1455.03428783382,negative,-1,PPS,Polyphenylene Sulfide,adduct,M + 12×repeat | OH | ; | M + 12×repeat | H shift +1 | O,0,0,OH,,,0.0
C78H55S12,"{'C': 78, 'H': 55, 'S': 12}",1375.09523086545,positive,1,PPS,Polyphenylene Sulfide,adduct,break 2 bond(s) + 12×repeat | H shift +2 | H,2,2,H,,"[1, 2, 3, 4, 6, 7, 9, 10, 12, 13]",0.0
C78H55S13,"{'C': 78, 'S': 13, 'H': 55}",1407.0673020398501,positive,1,PPS,Polyphenylene Sulfide,adduct,break 1 bond(s) + 12×repeat | H shift +1 | H | ; | break 1 bond(s) + 12×repeat | H shift +1 | H,1,1,H,,"[1, 2, 3, 4, 5, 6, 7, 9, 10, 11, 12, 13]",0.0
C78H55S13,"{'C': 78, 'S': 13, 'H': 55}",1407.0673020398501,neutral,0,PPS,Polyphenylene Sulfide,h_shift,break 1 bond(s) + 12×repeat | H shift +2 | ; | break 1 bond(s) + 12×repeat | H shift +2,1,2,,,"[1, 2, 3, 4, 5, 6, 7, 9, 10, 11, 12, 13]",0.0
C78H55S14,"{'C': 78, 'H': 55, 'S': 14}",1439.03937321425,positive,1,PPS,Polyphenylene Sulfide,adduct,M + 12×repeat | H,0,0,H,,,0.0
C78H55S14,"{'C': 78, 'H': 55, 'S': 14}",1439.03937321425,neutral,0,PPS,Polyphenylene Sulfide,h_shift,M + 12×repeat | H shift +1,0,1,,,,0.0
C78H55S14,"{'C': 78, 'H': 55, 'S': 14}",1439.03937321425,negative,-1,PPS,Polyphenylene Sulfide,adduct,M + 12×repeat | H shift +2 | -H,0,2,-H,,,0.0
C78H56ClS14,"{'C': 78, 'H': 56, 'S': 14, 'Cl': 1}",1475.01605092848,negative,-1,PPS,Polyphenylene Sulfide,adduct,M + 12×repeat | H shift +2 | Cl,0,2,Cl,,,0.0
C78H56KS14,"{'C': 78, 'H': 56, 'S': 14, 'K': 1}",1479.01090473288,positive,1,PPS,Polyphenylene Sulfide,adduct,M + 12×repeat | H shift +2 | K,0,2,K,,,0.0
C78H56NaS14,"{'C': 78, 'H': 56, 'S': 14, 'Na': 1}",1463.0369675284799,positive,1,PPS,Polyphenylene Sulfide,adduct,M + 12×repeat | H shift +2 | Na,0,2,Na,,,0.0
C78H56OS13,"{'C': 78, 'S': 13, 'H': 56, 'O': 1}",1424.07004169165,negative,-1,PPS,Polyphenylene Sulfide,adduct,break 1 bond(s) + 12×repeat | H shift +2 | OH | ; | break 1 bond(s) + 12×repeat | H shift +2 | OH,1,2,OH,,"[1, 2, 3, 4, 5, 6, 7, 9, 10, 11, 12, 13]",0.0
C78H56OS14,"{'C': 78, 'H': 56, 'S': 14, 'O': 1}",1456.04211286605,negative,-1,PPS,Polyphenylene Sulfide,adduct,M + 12×repeat | H shift +1 | OH | ; | M + 12×repeat | H shift +2 | O,0,1,OH,,,0.0
C78H56S13,"{'C': 78, 'S': 13, 'H': 56}",1408.07512707208,positive,1,PPS,Polyphenylene Sulfide,adduct,break 1 bond(s) + 12×repeat | H shift +2 | H | ; | break 1 bond(s) + 12×repeat | H shift +2 | H,1,2,H,,"[1, 2, 3, 4, 5, 6, 7, 9, 10, 11, 12, 13]",0.0
C78H56S14,"{'C': 78, 'H': 56, 'S': 14}",1440.0471982464799,positive,1,PPS,Polyphenylene Sulfide,adduct,M + 12×repeat | H shift +1 | H,0,1,H,,,0.0
C78H56S14,"{'C': 78, 'H': 56, 'S': 14}",1440.0471982464799,neutral,0,PPS,Polyphenylene Sulfide,h_shift,M + 12×repeat | H shift +2,0,2,,,,0.0
C78H57OS14,"{'C': 78, 'H': 57, 'S': 14, 'O': 1}",1457.04993789828,negative,-1,PPS,Polyphenylene Sulfide,adduct,M + 12×repeat | H shift +2 | OH,0,2,OH,,,0.0
C78H57S14,"{'C': 78, 'H': 57, 'S': 14}",1441.05502327871,positive,1,PPS,Polyphenylene Sulfide,adduct,M + 12×repeat | H shift +2 | H,0,2,H,,,0.0
